swda_filename,ptb_basename,conversation_no,transcript_index,act_tag,caller,utterance_index,subutterance_index,text,pos,trees,ptb_treenumbers
sw05utt/sw_0509_3639.utt,3/sw3639,3639,0,qy,A,1,1,"{F Uh, } are you presently looking, {F uh, } for a used car? /","[ Uh/UH ] ,/, are/VBP  [ you/PRP ] presently/RB looking/VBG ,/,  [ uh/UH ] ,/, for/IN  [ a/DT used/JJ car/NN ] ?/.","(SQ (INTJ (UH Uh)) (, ,) (VBP are) (NP-SBJ (PRP you)) (ADVP-TMP (RB presently)) (VP (VBG looking) (, ,) (INTJ (UH uh)) (, ,) (PP (IN for) (NP (DT a) (JJ used) (NN car)))) (. ?) (-DFL- E_S))",1
sw05utt/sw_0509_3639.utt,3/sw3639,3639,1,ng,B,2,1,"{D Well, } as a matter of fact, I just bought one <laughter>. /","Well/UH ,/, as/IN  [ a/DT matter/NN ] of/IN  [ fact/NN ] ,/,  [ I/PRP ] just/RB bought/VBD  [ one/CD ] ./.","(S (INTJ (UH Well)) (, ,) (PP (IN as) (NP (NP (DT a) (NN matter)) (PP (IN of) (NP (NN fact))))) (, ,) (NP-SBJ (PRP I)) (ADVP (RB just)) (VP (VBD bought) (NP (CD one))) (. .) (-DFL- E_S))",3
sw05utt/sw_0509_3639.utt,3/sw3639,3639,2,b^m,A,3,1,Just bought one. /,Just/RB bought/VBD  [ one/CD ] ./.,(S (NP-SBJ (-NONE- *)) (ADVP (RB Just)) (VP (VBD bought) (NP (CD one))) (. .) (-DFL- E_S)),5
sw05utt/sw_0509_3639.utt,3/sw3639,3639,3,sd,B,4,1,"[ Just, + just ] within the last three weeks. /","Just/RB ,/, just/RB within/IN  [ the/DT last/JJ three/CD weeks/NNS ] ./.","(FRAG (EDITED (RM (-DFL- \[)) (ADVP (RB Just)) (, ,) (IP (-DFL- \+))) (ADVP (RB just)) (RS (-DFL- \])) (PP-TMP (IN within) (NP (DT the) (JJ last) (CD three) (NNS weeks))) (. .) (-DFL- E_S))",7
sw05utt/sw_0509_3639.utt,3/sw3639,3639,4,%,A,5,1,"S-, - /","[ S-/XX ] ,/,","(X (XX S-) (, ,) (-DFL- N_S))",9
sw05utt/sw_0509_3639.utt,3/sw3639,3639,5,qw,A,5,2,what did you get? /,[ what/WP ] did/VBD  [ you/PRP ] get/VB ?/.,(SBARQ (WHNP-1 (WP what)) (SQ (VBD did) (NP-SBJ (PRP you)) (VP (VB get) (NP (-NONE- *T*-1)))) (. ?) (-DFL- E_S)),10
sw05utt/sw_0509_3639.utt,3/sw3639,3639,6,sd,B,6,1,I got a Lexus L S four hundred.,[ I/PRP ] got/VBD  [ a/DT Lexus/NNP L/NNP S/NNP four/CD hundred/CD ] ./.,(S (NP-SBJ (PRP I)) (VP (VBD got) (NP (NP (DT a) (NNP Lexus) (NNP L) (NNP S) (CD four) (CD hundred)) (. .) (SBAR (WHNP-1 (WDT Which)) (S (NP-SBJ-2 (-NONE- *T*-1)) (VP (VBZ is) (VP (VBN made) (NP (-NONE- *-2)) (PP (IN by) (NP-LGS (NNP Toyota))))))))) (. .) (-DFL- E_S)),12
sw05utt/sw_0509_3639.utt,3/sw3639,3639,7,b^m,A,7,1,Lexus.   /,[ Lexus/NN ] ./.,(NP (NN Lexus) (. .) (-DFL- E_S)),14
sw05utt/sw_0509_3639.utt,3/sw3639,3639,8,%,A,7,2,"{F Uh, } -/","[ Uh/UH ] ,/,","(INTJ (UH Uh) (, ,) (-DFL- N_S))",15
sw05utt/sw_0509_3639.utt,3/sw3639,3639,9,+,B,8,1,Which is made by Toyota. /,[ Which/WDT ] is/VBZ made/VBN by/IN  [ Toyota/NNP ] ./.,(S (NP-SBJ (PRP I)) (VP (VBD got) (NP (NP (DT a) (NNP Lexus) (NNP L) (NNP S) (CD four) (CD hundred)) (. .) (SBAR (WHNP-1 (WDT Which)) (S (NP-SBJ-2 (-NONE- *T*-1)) (VP (VBZ is) (VP (VBN made) (NP (-NONE- *-2)) (PP (IN by) (NP-LGS (NNP Toyota))))))))) (. .) (-DFL- E_S)),12
sw05utt/sw_0509_3639.utt,3/sw3639,3639,10,bk,A,9,1,"Okay,  /","[ Okay/UH ] ,/,","(INTJ (UH Okay) (, ,) (-DFL- E_S))",18
sw05utt/sw_0509_3639.utt,3/sw3639,3639,11,bf,A,9,2,Lexus is a Toyota subbrand. /,[ Lexus/NNP ] is/VBZ  [ a/DT Toyota/NN subbrand/NN ] ./.,(S (NP-SBJ (NNP Lexus)) (VP (VBZ is) (NP-PRD (DT a) (NN Toyota) (NN subbrand))) (. .) (-DFL- E_S)),19
sw05utt/sw_0509_3639.utt,3/sw3639,3639,12,aa,B,10,1,Yeah. /,Yeah/UH ./.,(INTJ (UH Yeah) (. .) (-DFL- E_S)),21
sw05utt/sw_0509_3639.utt,3/sw3639,3639,13,bk,A,11,1,Okay. /,Okay/UH ./.,(INTJ (UH Okay) (. .) (-DFL- E_S)),23
sw05utt/sw_0509_3639.utt,3/sw3639,3639,14,%,B,12,1,"It's kind of their, -/","[ It/PRP ] [ 's/BES kind/RB ] of/RB  [ their/PRP$ ] ,/,","(S (NP-SBJ (PRP It)) (VP (BES 's) (ADVP (RB kind) (RB of)) (NP-UNF-PRD (PRP$ their))) (, ,) (-DFL- N_S))",25
sw05utt/sw_0509_3639.utt,3/sw3639,3639,15,qy^d,A,13,1,I was wondering where that came from  /,[ I/PRP ] was/VBD wondering/VBG where/WRB  [ that/DT ] came/VBD from/IN,(S (NP-SBJ (PRP I)) (VP (VBD was) (VP (VBG wondering) (SBAR (WHADVP-1 (WRB where)) (S (NP-SBJ (DT that)) (VP (VBD came) (PP (IN from) (ADVP-LOC (-NONE- *T*-1)))))))) (-DFL- E_S)),27
sw05utt/sw_0509_3639.utt,3/sw3639,3639,16,sd,A,13,2,{C because } they're talking like it was an American built car. /,because/IN  [ they/PRP ] 're/VBP talking/VBG like/IN  [ it/PRP ] was/VBD  [ an/DT American/RB ] built/VBN  [ car/NN ] ./.,(SBAR-PRP (IN because) (S (NP-SBJ (PRP they)) (VP (VBP 're) (VP (VBG talking) (SBAR (IN like) (S (NP-SBJ (PRP it)) (VP (VBD was) (NP-PRD (DT an) (ADJP (RB American) (VBN built)) (NN car)))))))) (. .) (-DFL- E_S)),28
sw05utt/sw_0509_3639.utt,3/sw3639,3639,17,b,B,14,1,"Right,  /","Right/UH ,/,","(INTJ (UH Right) (, ,) (-DFL- E_S))",30
sw05utt/sw_0509_3639.utt,3/sw3639,3639,18,sd,B,14,2,"[ it, + it ] sounds like it, but it really isn't <laughter>. /","[ it/PRP ] ,/,  [ it/PRP ] sounds/VBZ like/IN  [ it/PRP ] ,/, but/CC  [ it/PRP ] really/RB is/VBZ n't/RB ./.","(S (EDITED (RM (-DFL- \[)) (NP-SBJ (PRP it)) (, ,) (IP (-DFL- \+))) (NP-SBJ (PRP it)) (RS (-DFL- \])) (VP (VBZ sounds) (PP (IN like) (NP (PRP it)))) (, ,))|||(S (CC but) (NP-SBJ (PRP it)) (ADVP (RB really)) (VP (VBZ is) (RB n't) (NP-PRD (-NONE- *?*))) (. .) (-DFL- E_S))",31|||32
sw05utt/sw_0509_3639.utt,3/sw3639,3639,19,b,A,15,1,Yeah. /,Yeah/UH ./.,(INTJ (UH Yeah) (. .) (-DFL- E_S)),21
sw05utt/sw_0509_3639.utt,3/sw3639,3639,20,sd,B,16,1,"It's, {F uh, } marketed, of course, [ it + its ] own dealerships. /","[ It/PRP ] [ 's/BES ] ,/,  [ uh/UH ] ,/, marketed/VBN ,/, of/IN  [ course/NN ] ,/,  [ it/PRP its/PRP$ own/JJ dealerships/NNS ] ./.","(S (NP-SBJ-1 (PRP It)) (VP (BES 's) (, ,) (INTJ (UH uh)) (, ,) (VP (VBN marketed) (NP (-NONE- *-1)) (, ,) (PP (IN of) (NP (NN course))) (, ,) (RM (-DFL- \[)) (PP-LOC (TYPO (PRP it)) (IP (-DFL- \+)) (NP (PRP$ its) (RS (-DFL- \])) (JJ own) (NNS dealerships))))) (. .) (-DFL- E_S))",36
sw05utt/sw_0509_3639.utt,3/sw3639,3639,21,b,A,17,1,Yeah. /,Yeah/UH ./.,(INTJ (UH Yeah) (. .) (-DFL- E_S)),21
sw05utt/sw_0509_3639.utt,3/sw3639,3639,22,sd,B,18,1,"Usually,  {C or } somebody that's maybe got a Cadillac or Lincoln and Lexus dealership, {F uh } -- /","Usually/RB ,/, or/CC  [ somebody/NN ] [ that/WDT ] 's/HVS maybe/RB got/VBN  [ a/DT Cadillac/NNP ] or/CC  [ Lincoln/NNP ] and/CC  [ Lexus/NNP dealership/NN ] ,/,  [ uh/UH ] --/:","(ADVP-TMP (RB Usually) (, ,))|||(S-UNF (CC or) (NP-SBJ (NP (NN somebody)) (SBAR (WHNP-1 (WDT that)) (S (NP-SBJ (-NONE- *T*-1)) (VP (HVS 's) (ADVP (RB maybe)) (VP (VBN got) (NP (DT a) (NX (NX (NX (NNP Cadillac)) (CC or) (NX (NNP Lincoln))) (CC and) (NX (NNP Lexus))) (NN dealership)) (, ,) (INTJ (UH uh))))))) (-DFL- E_S))",40|||41
sw05utt/sw_0509_3639.utt,3/sw3639,3639,23,b,A,19,1,Yeah. /,Yeah/UH ./.,(INTJ (UH Yeah) (. .) (-DFL- E_S)),21
sw05utt/sw_0509_3639.utt,3/sw3639,3639,24,sd,B,20,1,"-- sometimes they do that,  /","--/: sometimes/RB  [ they/PRP ] do/VBP  [ that/DT ] ,/,","(S (RB sometimes) (NP-SBJ (PRP they)) (VP (VBP do) (NP (DT that))) (, ,) (-DFL- E_S))",45
sw05utt/sw_0509_3639.utt,3/sw3639,3639,25,sd,B,20,2,{C but } --,but/CC --/:,(S (CC but) (NP-SBJ (PRP it)) (ADVP (RB really)) (VP (VBZ is) (RB n't) (NP-PRD (-NONE- *?*))) (. .) (-DFL- E_S)),32
sw05utt/sw_0509_3639.utt,3/sw3639,3639,26,b,A,21,1,Yeah. /,Yeah/UH ./.,(INTJ (UH Yeah) (. .) (-DFL- E_S)),21
sw05utt/sw_0509_3639.utt,3/sw3639,3639,27,+,B,22,1,"-- it's, {F uh, } a brand car,  /","--/:  [ it/PRP ] 's/BES ,/,  [ uh/UH ] ,/,  [ a/DT brand/NN car/NN ] ,/,","(S (CC but) (NP-SBJ (PRP it)) (VP (BES 's) (, ,) (INTJ (UH uh)) (, ,) (NP-PRD (DT a) (NN brand) (NN car))) (, ,) (-DFL- E_S))",46
sw05utt/sw_0509_3639.utt,3/sw3639,3639,28,sd,B,22,2,{C but } I've really liked it.  /,but/CC  [ I/PRP ] 've/VBP really/RB liked/VBN  [ it/PRP ] ./.,(S (CC but) (NP-SBJ (PRP I)) (VP (VBP 've) (ADVP (RB really)) (VP (VBN liked) (NP (PRP it)))) (. .) (-DFL- E_S)),50
sw05utt/sw_0509_3639.utt,3/sw3639,3639,29,sd,B,22,3,"[ It, + it ] drives just wonderfully  /","[ It/PRP ] ,/,  [ it/PRP ] drives/VBZ just/RB wonderfully/RB","(S (EDITED (RM (-DFL- \[)) (NP-SBJ (PRP It)) (, ,) (IP (-DFL- \+))) (NP-SBJ (PRP it)) (RS (-DFL- \])) (VP (VBZ drives) (ADVP (RB just)) (ADVP-MNR (RB wonderfully))) (-DFL- E_S))",51
sw05utt/sw_0509_3639.utt,3/sw3639,3639,30,%,B,22,4,"{C and } there is, - /","and/CC  [ there/EX ] is/VBZ ,/,","(S (CC and) (NP-SBJ (EX there)) (VP-UNF (VBZ is)) (, ,) (-DFL- N_S))",52
sw05utt/sw_0509_3639.utt,3/sw3639,3639,31,sd,B,22,5,"it's so quiet, almost can't tell the engine is running. /","[ it/PRP ] 's/BES so/RB quiet/JJ ,/, almost/RB ca/MD n't/RB tell/VB  [ the/DT engine/NN ] is/VBZ running/VBG ./.","(S (NP-SBJ (PRP it)) (VP (BES 's) (ADJP-PRD (RB so) (JJ quiet))) (, ,))|||(S (NP-SBJ (-NONE- *)) (ADVP (RB almost)) (VP (MD ca) (RB n't) (VP (VB tell) (SBAR (-NONE- 0) (S (NP-SBJ (DT the) (NN engine)) (VP (VBZ is) (VP (VBG running))))))) (. .) (-DFL- E_S))",53|||54
sw05utt/sw_0509_3639.utt,3/sw3639,3639,32,sd,A,23,1,"That's their big selling point, {F uh, } other than general luxury  /","That/IN  [ 's/BES their/PRP$ big/JJ selling/NN point/NN ] ,/,  [ uh/UH ] ,/, other/IN than/IN  [ general/JJ luxury/NN ]","(S (NP-SBJ (IN That)) (VP (BES 's) (NP-PRD (NP (PRP$ their) (JJ big) (NN selling) (NN point)) (, ,) (INTJ (UH uh)) (, ,) (ADVP (IN other) (PP (IN than) (NP (JJ general) (NN luxury)))))) (-DFL- E_S))",56
sw05utt/sw_0509_3639.utt,3/sw3639,3639,33,sv,A,23,2,"[ {C and, } +  {C but } ] the particular seems to be [ the, +  {F uh, } <noise> the ] quiet ride. /","and/CC ,/, but/CC  [ the/DT particular/NN ] seems/VBZ to/TO be/VB  [ the/DT ] ,/,  [ uh/UH ] ,/,  [ the/DT quiet/JJ ride/NN ] ./.","(S (EDITED (RM (-DFL- \[)) (CC and) (, ,) (IP (-DFL- \+))) (CC but) (RS (-DFL- \])) (NP-SBJ-1 (DT the) (NN particular)) (VP (VBZ seems) (S (NP-SBJ (-NONE- *-1)) (VP (TO to) (VP (VB be) (EDITED (RM (-DFL- \[)) (NP-PRD-UNF (DT the)) (, ,) (IP (-DFL- \+))) (INTJ (UH uh)) (, ,) (NP-PRD (DT the) (RS (-DFL- \])) (JJ quiet) (NN ride)))))) (. .) (-DFL- E_S))",57
sw05utt/sw_0509_3639.utt,3/sw3639,3639,34,aa,B,24,1,It really is.  /,[ It/PRP ] really/RB is/VBZ ./.,(S (NP-SBJ (PRP It)) (ADVP (RB really)) (VP (VBZ is) (ADJP-PRD (-NONE- *?*))) (. .) (-DFL- E_S)),59
sw05utt/sw_0509_3639.utt,3/sw3639,3639,35,sv,B,24,2,"It's got pretty good acceleration, too. /","[ It/PRP ] [ 's/HVS ] got/VBN  [ pretty/RB good/JJ acceleration/NN ] ,/, too/RB ./.","(S (NP-SBJ (PRP It)) (VP (HVS 's) (VP (VBN got) (NP (ADJP (RB pretty) (JJ good)) (NN acceleration)) (, ,) (ADVP (RB too)))) (. .) (-DFL- E_S))",60
sw05utt/sw_0509_3639.utt,3/sw3639,3639,36,b,A,25,1,Yeah. /,Yeah/UH ./.,(INTJ (UH Yeah) (. .) (-DFL- E_S)),34
sw05utt/sw_0509_3639.utt,3/sw3639,3639,37,sd,B,26,1,"It's got a C D player in it,  /","[ It/PRP ] [ 's/HVS ] got/VBN  [ a/DT C/NNP D/NNP player/NN ] in/IN  [ it/PRP ] ,/,","(S (NP-SBJ (PRP It)) (VP (HVS 's) (VP (VBN got) (NP (DT a) (NNP C) (NNP D) (NN player)) (PP-LOC (IN in) (NP (PRP it))))) (, ,) (-DFL- E_S))",64
sw05utt/sw_0509_3639.utt,3/sw3639,3639,38,sd,B,26,2,"{C so } [ I can, + I can ] play those  /","so/RB  [ I/PRP ] can/MD ,/,  [ I/PRP ] can/MD play/VB  [ those/DT ]","(S (RB so) (EDITED (RM (-DFL- \[)) (S (NP-SBJ (PRP I)) (VP-UNF (MD can))) (, ,) (IP (-DFL- \+))) (NP-SBJ (PRP I)) (VP (MD can) (RS (-DFL- \])) (VP (VB play) (NP (DT those)))) (-DFL- E_S))",65
sw05utt/sw_0509_3639.utt,3/sw3639,3639,39,%,B,26,3,"{C and, } -/","and/CC ,/,","(S-UNF (CC and) (, ,) (-DFL- N_S))",66
sw05utt/sw_0509_3639.utt,3/sw3639,3639,40,%,A,27,1,"{F Uh, } was, - /","[ Uh/UH ] ,/, was/VBD ,/,","(SQ-UNF (INTJ (UH Uh)) (, ,) (VBD was) (, ,) (-DFL- N_S))",68
sw05utt/sw_0509_3639.utt,3/sw3639,3639,41,qy^g,A,27,2,"that wasn't a standard, [ p-, + feature, ] was it? /","[ that/DT ] was/VBD n't/RB  [ a/DT standard/JJ ] ,/,  [ p-/NN ] ,/,  [ feature/NN ] ,/, was/VBD  [ it/PRP ] ?/.","(SQ (S (NP-SBJ (DT that)) (VP (VBD was) (RB n't) (NP-PRD (DT a) (JJ standard) (, ,) (EDITED (RM (-DFL- \[)) (NN p-) (, ,) (IP (-DFL- \+))) (NN feature)))) (, ,) (RS (-DFL- \])) (SQ (VBD was) (NP-SBJ (PRP it)) (NP-PRD (-NONE- *?*))) (. ?) (-DFL- E_S))",69
sw05utt/sw_0509_3639.utt,3/sw3639,3639,42,ny,B,28,1,Uh-huh. /,[ Uh-huh/UH ] ./.,(INTJ (UH Uh-huh) (. .) (-DFL- E_S)),71
sw05utt/sw_0509_3639.utt,3/sw3639,3639,43,bk,A,29,1,Okay. /,Okay/UH ./.,(INTJ (UH Okay) (. .) (-DFL- E_S)),73
sw05utt/sw_0509_3639.utt,3/sw3639,3639,44,sd^e,B,30,1,{C But } there is not very many options on that car. /,But/CC  [ there/EX ] is/VBZ not/RB  [ very/RB many/JJ options/NNS ] on/IN  [ that/DT car/NN ] ./.,(S (CC But) (NP-SBJ (EX there)) (VP (VBZ is) (RB not) (NP-PRD (ADJP (RB very) (JJ many)) (NNS options)) (PP (IN on) (NP (DT that) (NN car)))) (. .) (-DFL- E_S)),75
sw05utt/sw_0509_3639.utt,3/sw3639,3639,45,b,A,31,1,"{F Uh, } /","[ Uh/UH ] ,/,","(INTJ (UH Uh) (, ,) (-DFL- E_S))",77
sw05utt/sw_0509_3639.utt,3/sw3639,3639,46,sd,B,32,1,There is only about five or six options.  /,[ There/EX ] is/VBZ only/RB about/RB  [ five/CD ] or/CC  [ six/CD options/NNS ] ./.,(S (NP-SBJ (EX There)) (VP (VBZ is) (ADVP (RB only)) (NP-PRD (QP (RB about) (CD five) (CC or) (CD six)) (NNS options))) (. .) (-DFL- E_S)),79
sw05utt/sw_0509_3639.utt,3/sw3639,3639,47,sd,B,32,2,Everything else is standard. /,[ Everything/NN ] else/RB is/VBZ standard/JJ ./.,(S (NP-SBJ (NP (NN Everything)) (ADVP (RB else))) (VP (VBZ is) (ADJP-PRD (JJ standard))) (. .) (-DFL- E_S)),80
sw05utt/sw_0509_3639.utt,3/sw3639,3639,48,b,A,33,1,"Yeah,  /","Yeah/UH ,/,","(INTJ (UH Yeah) (, ,) (-DFL- E_S))",82
sw05utt/sw_0509_3639.utt,3/sw3639,3639,49,%,A,33,2,"you get # the impression that, # -/","[ you/PRP ] get/VBP  [ the/DT impression/NN ] that/IN ,/,","(S (NP-SBJ (PRP you)) (VP (VBP get) (NP (DT the) (NN impression) (SBAR-UNF (IN that)))) (, ,) (-DFL- N_S))",83
sw05utt/sw_0509_3639.utt,3/sw3639,3639,50,sd,B,34,1,"# {F Uh, } some of the # tracking control things and skidding control things for up north.","[ Uh/UH ] ,/,  [ some/DT ] of/IN  [ the/DT tracking/NN control/NN things/NNS ] and/CC  [ skidding/NN control/NN things/NNS ] for/IN up/IN  [ north/NN ] ./.","(FRAG (INTJ (UH Uh)) (, ,) (NP (NP (DT some)) (PP (IN of) (NP (NP (DT the) (NX (NX (NN tracking) (NN control) (NNS things)) (CC and) (NX (NN skidding) (NN control) (NNS things)))) (PP-PRP (IN for) (PP-LOC (IN up) (NP (NN north))))))) (. .) (NP (NP (DT The) (NNP C) (NNP D)) (CC and) (NP (DT the) (JJ premium) (NN sound) (NN system))) (. .) (-DFL- E_S))",85
sw05utt/sw_0509_3639.utt,3/sw3639,3639,51,b,A,35,1,Uh-huh. /,[ Uh-huh/UH ] ./.,(INTJ (UH Uh-huh) (. .) (-DFL- E_S)),71
sw05utt/sw_0509_3639.utt,3/sw3639,3639,52,+,B,36,1,The C D and the premium sound system. /,[ The/DT C/NNP D/NNP ] and/CC  [ the/DT premium/JJ sound/NN system/NN ] ./.,"(FRAG (INTJ (UH Uh)) (, ,) (NP (NP (DT some)) (PP (IN of) (NP (NP (DT the) (NX (NX (NN tracking) (NN control) (NNS things)) (CC and) (NX (NN skidding) (NN control) (NNS things)))) (PP-PRP (IN for) (PP-LOC (IN up) (NP (NN north))))))) (. .) (NP (NP (DT The) (NNP C) (NNP D)) (CC and) (NP (DT the) (JJ premium) (NN sound) (NN system))) (. .) (-DFL- E_S))",85
sw05utt/sw_0509_3639.utt,3/sw3639,3639,53,b^m,A,37,1,"Skidding control,  /","Skidding/NN  [ control/NN ] ,/,","(NP (NN Skidding) (NN control) (, ,) (-DFL- E_S))",90
sw05utt/sw_0509_3639.utt,3/sw3639,3639,54,qy,A,37,2,you mean the antilock brake system? /,[ you/PRP ] mean/VBP  [ the/DT antilock/NN brake/NN system/NN ] ?/.,(S (NP-SBJ (PRP you)) (VP (VBP mean) (NP (DT the) (NN antilock) (NN brake) (NN system))) (. ?) (-DFL- E_S)),91
sw05utt/sw_0509_3639.utt,3/sw3639,3639,55,ny,B,38,1,"Yeah,  /","Yeah/UH ,/,","(INTJ (UH Yeah) (, ,) (-DFL- E_S))",82
sw05utt/sw_0509_3639.utt,3/sw3639,3639,56,sd^e,B,38,2,"it's kind of a traction control, I think they call it. /","[ it/PRP ] 's/BES  [ kind/RB ] of/RB  [ a/DT traction/NN control/NN ] ,/,  [ I/PRP ] think/VBP  [ they/PRP ] call/VBP  [ it/PRP ] ./.","(S (NP-SBJ (PRP it)) (VP (BES 's) (ADVP (RB kind) (RB of)) (NP-PRD (DT a) (NN traction) (NN control)) (PRN (, ,) (S (NP-SBJ (PRP I)) (VP (VBP think) (SBAR (-NONE- 0) (S (NP-SBJ (PRP they)) (VP (VBP call) (S (NP-SBJ (PRP it)) (NP-PRD (-NONE- *?*)))))))))) (. .) (-DFL- E_S))",94
sw05utt/sw_0509_3639.utt,3/sw3639,3639,57,b,A,39,1,Yeah. /,Yeah/UH ./.,(INTJ (UH Yeah) (. .) (-DFL- E_S)),96
sw05utt/sw_0509_3639.utt,3/sw3639,3639,58,sd,B,40,1,"[ It's, + it's ] not just antilock brake.  /","[ It/PRP ] 's/BES ,/,  [ it/PRP ] 's/BES not/RB  [ just/JJ antilock/NN brake/NN ] ./.","(S (EDITED (RM (-DFL- \[)) (S (NP-SBJ (PRP It)) (VP-UNF (BES 's))) (, ,) (IP (-DFL- \+))) (NP-SBJ (PRP it)) (VP (BES 's) (RS (-DFL- \])) (RB not) (ADVP (JJ just)) (NP-PRD (NN antilock) (NN brake))) (. .) (-DFL- E_S))",98
sw05utt/sw_0509_3639.utt,3/sw3639,3639,59,sv,B,40,2,"I think that's already on most of them,  /","[ I/PRP ] think/VB  [ that/VBP ] 's/BES already/RB on/IN most/JJS of/IN  [ them/PRP ] ,/,","(S (NP-SBJ (PRP I)) (VP (VB think) (SBAR (-NONE- 0) (S (NP-SBJ (VBP that)) (VP (BES 's) (ADVP-TMP (RB already)) (PP-PRD (IN on) (NP (NP (JJS most)) (PP (IN of) (NP (PRP them))))))))) (, ,) (-DFL- E_S))",99
sw05utt/sw_0509_3639.utt,3/sw3639,3639,60,sd,B,40,3,{C but } --,but/CC --/:,"(S (CC but) (NP-SBJ (EX there)) (VP (VBZ is) (NP-PRD (DT a) (JJ further) (NN traction) (NN control)) (, ,) (INTJ (UH uh))) (, ,) (-DFL- E_S))",100
sw05utt/sw_0509_3639.utt,3/sw3639,3639,61,b,A,41,1,"Oh,  /","Oh/UH ,/,","(INTJ (UH Oh) (, ,) (-DFL- E_S))",102
sw05utt/sw_0509_3639.utt,3/sw3639,3639,62,sv,A,41,2,"this is [ a, + ] {F uh, }","[ this/DT ] is/VBZ  [ a/DT ] ,/,  [ uh/UH ] ,/,","(S (NP-SBJ (DT this)) (VP (VBZ is) (EDITED (RM (-DFL- \[)) (NP-PRD-UNF (DT a)) (, ,) (IP (-DFL- \+)) (RS (-DFL- \]))) (INTJ (UH uh)) (, ,) (INTJ (UH Uh)) (, ,) (ADVP (RB probably)) (NP-PRD (NP (NN suspension)) (VP (VBN tied) (NP (-NONE- *)) (PP (IN into) (NP (DT the) (NNS brakes)))))) (. .) (-DFL- E_S))",103
sw05utt/sw_0509_3639.utt,3/sw3639,3639,63,+,B,42,1,"-- there is a further traction control, {F uh, } /","--/:  [ there/EX ] is/VBZ  [ a/DT further/JJ traction/NN control/NN ] ,/,  [ uh/UH ] ,/,","(S (CC but) (NP-SBJ (EX there)) (VP (VBZ is) (NP-PRD (DT a) (JJ further) (NN traction) (NN control)) (, ,) (INTJ (UH uh))) (, ,) (-DFL- E_S))",100
sw05utt/sw_0509_3639.utt,3/sw3639,3639,64,+,A,43,1,"{F Uh, } probably suspension tied into --","[ Uh/UH ] ,/, probably/RB  [ suspension/NN ] tied/VBN into/IN --/:","(S (NP-SBJ (DT this)) (VP (VBZ is) (EDITED (RM (-DFL- \[)) (NP-PRD-UNF (DT a)) (, ,) (IP (-DFL- \+)) (RS (-DFL- \]))) (INTJ (UH uh)) (, ,) (INTJ (UH Uh)) (, ,) (ADVP (RB probably)) (NP-PRD (NP (NN suspension)) (VP (VBN tied) (NP (-NONE- *)) (PP (IN into) (NP (DT the) (NNS brakes)))))) (. .) (-DFL- E_S))",103
sw05utt/sw_0509_3639.utt,3/sw3639,3639,65,aa,B,44,1,Yeah. /,Yeah/UH ./.,(INTJ (UH Yeah) (. .) (-DFL- E_S)),96
sw05utt/sw_0509_3639.utt,3/sw3639,3639,66,+,A,45,1,-- the brakes. /,--/:  [ the/DT brakes/NNS ] ./.,"(S (NP-SBJ (DT this)) (VP (VBZ is) (EDITED (RM (-DFL- \[)) (NP-PRD-UNF (DT a)) (, ,) (IP (-DFL- \+)) (RS (-DFL- \]))) (INTJ (UH uh)) (, ,) (INTJ (UH Uh)) (, ,) (ADVP (RB probably)) (NP-PRD (NP (NN suspension)) (VP (VBN tied) (NP (-NONE- *)) (PP (IN into) (NP (DT the) (NNS brakes)))))) (. .) (-DFL- E_S))",103
sw05utt/sw_0509_3639.utt,3/sw3639,3639,67,sd,B,46,1,"[ {C And, } +  {C and } ] also  the suspension can be raised for driving, like in the ice and  snow.  /","And/CC ,/, and/CC also/RB  [ the/DT suspension/NN ] can/MD be/VB raised/VBN for/IN driving/NN ,/, like/IN in/IN  [ the/DT ice/NN ] and/CC  [ snow/NN ] ./.","(S (EDITED (RM (-DFL- \[)) (CC And) (, ,) (IP (-DFL- \+))) (CONJP (CC and) (RS (-DFL- \])) (RB also)) (NP-SBJ-1 (DT the) (NN suspension)) (VP (MD can) (VP (VB be) (VP (VBN raised) (NP (-NONE- *-1)) (PP-PRP (IN for) (S-NOM (NP-SBJ (-NONE- *)) (VP (NN driving) (, ,) (INTJ (IN like)) (PP (IN in) (NP (DT the) (NN ice) (CC and) (NN snow))))))))) (. .) (-DFL- E_S))",110
sw05utt/sw_0509_3639.utt,3/sw3639,3639,68,sd,B,46,2,It can raise the car's center up a little bit.,[ It/PRP ] can/MD raise/VB  [ the/DT car/NN 's/POS center/NN ] up/RB  [ a/DT little/JJ bit/NN ] ./.,(S (NP-SBJ (PRP It)) (VP (MD can) (VP (VB raise) (NP (NP (DT the) (NN car) (POS 's)) (NN center)) (PRT (RB up)) (NP-ADV (DT a) (JJ little) (NN bit)) (. .) (PP-PRP (IN For) (S-NOM (NP-SBJ (-NONE- *)) (VP (VBG going) (PP-DIR (IN under) (NP (NP (DT a) (NN lot)) (PP (IN of) (NP (ADJP (VBN piled) (RP up)) (NN stuff)))))))) (SBAR-ADV (IN if) (S (NP-SBJ (PRP you)) (VP (VBD were) (UCP-LOC-PRD (PP (IN up) (PP (IN in) (NP (NNP Michigan)))) (CC or) (ADVP (RB somewhere)))))))) (. .) (-DFL- E_S)),111
sw05utt/sw_0509_3639.utt,3/sw3639,3639,69,b,A,47,1,{F Um. } /,Um/UH ./.,(INTJ (UH Um) (. .) (-DFL- E_S)),113
sw05utt/sw_0509_3639.utt,3/sw3639,3639,70,+,B,48,1,For going under --,For/IN going/VBG under/IN --/:,(S (NP-SBJ (PRP It)) (VP (MD can) (VP (VB raise) (NP (NP (DT the) (NN car) (POS 's)) (NN center)) (PRT (RB up)) (NP-ADV (DT a) (JJ little) (NN bit)) (. .) (PP-PRP (IN For) (S-NOM (NP-SBJ (-NONE- *)) (VP (VBG going) (PP-DIR (IN under) (NP (NP (DT a) (NN lot)) (PP (IN of) (NP (ADJP (VBN piled) (RP up)) (NN stuff)))))))) (SBAR-ADV (IN if) (S (NP-SBJ (PRP you)) (VP (VBD were) (UCP-LOC-PRD (PP (IN up) (PP (IN in) (NP (NNP Michigan)))) (CC or) (ADVP (RB somewhere)))))))) (. .) (-DFL- E_S)),111
sw05utt/sw_0509_3639.utt,3/sw3639,3639,71,b,A,49,1,Yeah. /,Yeah/UH ./.,(INTJ (UH Yeah) (. .) (-DFL- E_S)),96
sw05utt/sw_0509_3639.utt,3/sw3639,3639,72,+,B,50,1,-- a lot of piled up stuff if you were up in Michigan <laughter> or  somewhere. /,--/:  [ a/DT lot/NN ] of/IN piled/VBN up/RP  [ stuff/NN ] if/IN  [ you/PRP ] were/VBD up/IN in/IN  [ Michigan/NNP ] or/CC somewhere/RB ./.,(S (NP-SBJ (PRP It)) (VP (MD can) (VP (VB raise) (NP (NP (DT the) (NN car) (POS 's)) (NN center)) (PRT (RB up)) (NP-ADV (DT a) (JJ little) (NN bit)) (. .) (PP-PRP (IN For) (S-NOM (NP-SBJ (-NONE- *)) (VP (VBG going) (PP-DIR (IN under) (NP (NP (DT a) (NN lot)) (PP (IN of) (NP (ADJP (VBN piled) (RP up)) (NN stuff)))))))) (SBAR-ADV (IN if) (S (NP-SBJ (PRP you)) (VP (VBD were) (UCP-LOC-PRD (PP (IN up) (PP (IN in) (NP (NNP Michigan)))) (CC or) (ADVP (RB somewhere)))))))) (. .) (-DFL- E_S)),111
sw05utt/sw_0509_3639.utt,3/sw3639,3639,73,b,A,51,1,"Yeah,  /","Yeah/UH ,/,","(INTJ (UH Yeah) (, ,) (-DFL- E_S))",119
sw05utt/sw_0509_3639.utt,3/sw3639,3639,74,fe,A,51,2,"{F uh, } shoot -- /","[ uh/UH ] ,/, shoot/UH --/:","(INTJ (INTJ (UH uh)) (, ,) (INTJ (UH shoot)) (-DFL- E_S))",120
sw05utt/sw_0509_3639.utt,3/sw3639,3639,75,sv,B,52,1,"[ Mississippi probably doesn't, +","[ Mississippi/NNP ] probably/RB does/VBZ n't/RB ,/,","(S (EDITED (RM (-DFL- \[)) (S (NP-SBJ (NNP Mississippi)) (ADVP (RB probably)) (VP-UNF (VBZ does) (RB n't))) (, ,) (IP (-DFL- \+))) (NP-SBJ-1 (NNP Mississippi)) (ADVP (RB probably)) (VP (VBZ does) (RB n't) (RS (-DFL- \])) (VP (VB have) (S (NP-SBJ (-NONE- *-1)) (VP (TO to) (VP (VB worry) (ADVP (RB too) (RB much))))))) (. .) (-DFL- E_S))",122
sw05utt/sw_0509_3639.utt,3/sw3639,3639,76,sv,A,53,1,-- some of these muddy driveways could use it around here. /,--/:  [ some/DT ] of/IN  [ these/DT muddy/JJ driveways/NNS ] could/MD use/VB  [ it/PRP ] around/IN here/RB ./.,(S (NP-SBJ (NP (DT some)) (PP (IN of) (NP (DT these) (JJ muddy) (NNS driveways)))) (VP (MD could) (VP (VB use) (NP (PRP it)) (PP-LOC (IN around) (ADVP (RB here))))) (. .) (-DFL- E_S)),124
sw05utt/sw_0509_3639.utt,3/sw3639,3639,77,+,B,54,1,Mississippi probably doesn't  ] have to worry too much <laughter>. /,[ Mississippi/NNP ] probably/RB does/VBZ n't/RB have/VB to/TO worry/VB too/RB much/RB ./.,"(S (EDITED (RM (-DFL- \[)) (S (NP-SBJ (NNP Mississippi)) (ADVP (RB probably)) (VP-UNF (VBZ does) (RB n't))) (, ,) (IP (-DFL- \+))) (NP-SBJ-1 (NNP Mississippi)) (ADVP (RB probably)) (VP (VBZ does) (RB n't) (RS (-DFL- \])) (VP (VB have) (S (NP-SBJ (-NONE- *-1)) (VP (TO to) (VP (VB worry) (ADVP (RB too) (RB much))))))) (. .) (-DFL- E_S))",122
sw05utt/sw_0509_3639.utt,3/sw3639,3639,78,aa,A,55,1,"No,  /","No/UH ,/,","(INTJ (UH No) (, ,) (-DFL- E_S))",127
sw05utt/sw_0509_3639.utt,3/sw3639,3639,79,sd,A,55,2,snow doesn't happen very often. /,[ snow/NN ] does/VBZ n't/RB happen/VB very/RB often/RB ./.,(S (NP-SBJ (NN snow)) (VP (VBZ does) (RB n't) (VP (VB happen) (ADVP-TMP (RB very) (RB often)))) (. .) (-DFL- E_S)),128
sw05utt/sw_0509_3639.utt,3/sw3639,3639,80,sv(^q),B,56,1,"If it does, people go, what's this stuff. /","If/IN  [ it/PRP ] does/VBZ ,/,  [ people/NNS ] go/VBP ,/,  [ what/WP ] 's/BES  [ this/DT stuff/NN ] ./.","(S (SBAR-ADV (IN If) (S (NP-SBJ (PRP it)) (VP (VBZ does)))) (, ,) (NP-SBJ (NNS people)) (VP (VBP go) (, ,) (SBARQ-SEZ (WHNP-1 (WP what)) (SQ (BES 's) (NP-SBJ (DT this) (NN stuff)) (NP-PRD (-NONE- *T*-1))))) (. .) (-DFL- E_S))",130
sw05utt/sw_0509_3639.utt,3/sw3639,3639,81,b,A,57,1,"Yeah,  /","Yeah/UH ,/,","(INTJ (UH Yeah) (, ,) (-DFL- E_S))",119
sw05utt/sw_0509_3639.utt,3/sw3639,3639,82,sd,A,57,2,"{F uh, } originally I'm from West Virginia.  /","[ uh/UH ] ,/, originally/RB  [ I/PRP ] 'm/VBP from/IN  [ West/NNP Virginia/NNP ] ./.","(S (INTJ (UH uh)) (, ,) (ADVP (RB originally)) (NP-SBJ (PRP I)) (VP (VBP 'm) (PP-PRD (IN from) (NP (NNP West) (NNP Virginia)))) (. .) (-DFL- E_S))",133
sw05utt/sw_0509_3639.utt,3/sw3639,3639,83,sd,A,57,3,We got a --,[ We/PRP ] got/VBD  [ a/DT ] --/:,(S (NP-SBJ (PRP We)) (VP (VBD got) (NP (NP (DT a) (ADJP (RB pretty) (JJ fair)) (NN amount)) (PP (IN of) (NP (NN snow))))) (. .) (-DFL- E_S)),134
sw05utt/sw_0509_3639.utt,3/sw3639,3639,84,bk,B,58,1,"Oh,  /","Oh/UH ,/,","(INTJ (UH Oh) (, ,) (-DFL- E_S))",136
sw05utt/sw_0509_3639.utt,3/sw3639,3639,85,sd,B,58,2,"# {D well, } you had some there. # /","well/UH ,/,  [ you/PRP ] had/VBD  [ some/DT ] there/RB ./.","(S (INTJ (UH well)) (, ,) (NP-SBJ (PRP you)) (VP (VBD had) (NP (DT some)) (ADVP-LOC (RB there))) (. .) (-DFL- E_S))",137
sw05utt/sw_0509_3639.utt,3/sw3639,3639,86,+,A,59,1,-- # pretty fair amount # of snow. /,--/:  [ pretty/RB fair/JJ amount/NN ] of/IN  [ snow/NN ] ./.,(S (NP-SBJ (PRP We)) (VP (VBD got) (NP (NP (DT a) (ADJP (RB pretty) (JJ fair)) (NN amount)) (PP (IN of) (NP (NN snow))))) (. .) (-DFL- E_S)),134
sw05utt/sw_0509_3639.utt,3/sw3639,3639,87,b,B,60,1,Yeah. /,Yeah/UH ./.,(INTJ (UH Yeah) (. .) (-DFL- E_S)),116
sw05utt/sw_0509_3639.utt,3/sw3639,3639,88,sd,A,61,1,"{C But, } {F uh, } I got down here in June of eighty-four,  /","But/CC ,/,  [ uh/UH ] ,/,  [ I/PRP ] got/VBD down/IN here/RB in/IN  [ June/NNP ] of/IN  [ eighty-four/CD ] ,/,","(S (CC But) (, ,) (INTJ (UH uh)) (, ,) (NP-SBJ (PRP I)) (VP (VBD got) (PP-LOC (IN down) (ADVP (RB here))) (PP-TMP (IN in) (NP (NP (NNP June)) (PP (IN of) (NP (CD eighty-four)))))) (, ,) (-DFL- E_S))",142
sw05utt/sw_0509_3639.utt,3/sw3639,3639,89,sd,A,61,2,"{C and } the first winter down here was probably the worst winter they'd seen in twenty years,  /","and/CC  [ the/DT first/JJ winter/NN ] down/IN here/RB was/VBD probably/RB  [ the/DT worst/JJS winter/NN ] [ they/PRP ] 'd/MD seen/VBN in/IN  [ twenty/CD years/NNS ] ,/,","(S (CC and) (NP-SBJ (NP (DT the) (JJ first) (NN winter)) (PP-LOC (IN down) (ADVP (RB here)))) (VP (VBD was) (ADVP (RB probably)) (NP-PRD (NP (DT the) (JJS worst) (NN winter)) (SBAR (WHNP-1 (-NONE- 0)) (S (NP-SBJ (PRP they)) (VP (MD 'd) (VP (VBN seen) (NP (-NONE- *T*-1)) (PP-TMP (IN in) (NP (CD twenty) (NNS years))))))))) (, ,) (-DFL- E_S))",143
sw05utt/sw_0509_3639.utt,3/sw3639,3639,90,sd,A,61,3,"{C and } it was amazing how a few inches of snow would turn normally sane, manly, adult men into playful little children. /","and/CC  [ it/PRP ] was/VBD amazing/JJ how/WRB  [ a/DT few/JJ inches/NNS ] of/IN  [ snow/NN ] would/MD turn/VB normally/RB  [ sane/JJ ] ,/,  [ manly/JJ ] ,/,  [ adult/JJ men/NNS ] into/IN  [ playful/JJ little/JJ children/NNS ] ./.","(S (CC and) (NP-SBJ (NP (PRP it)) (SBAR (-NONE- *EXP*-1))) (VP (VBD was) (ADJP-PRD (JJ amazing)) (SBAR-1 (WHADVP-2 (WRB how)) (S (NP-SBJ (NP (DT a) (JJ few) (NNS inches)) (PP (IN of) (NP (NN snow)))) (VP (MD would) (VP (VB turn) (NP (ADJP (RB normally) (JJ sane)) (, ,) (JJ manly) (, ,) (JJ adult) (NNS men)) (PP (IN into) (NP (JJ playful) (JJ little) (NNS children))) (ADVP-MNR (-NONE- *T*-2))))))) (. .) (-DFL- E_S))",144
sw05utt/sw_0509_3639.utt,3/sw3639,3639,91,aa,B,62,1,"{F Oh, } I know. /","Oh/UH ,/,  [ I/PRP ] know/VBP ./.","(S (INTJ (UH Oh)) (, ,) (NP-SBJ (PRP I)) (VP (VBP know)) (. .) (-DFL- E_S))",146
sw05utt/sw_0509_3639.utt,3/sw3639,3639,92,sd,A,63,1,"We had this group of, {F uh, } surveyors come into, {F uh, } a shop I was working in, {F uh, } four or five of them, these big old flame worn suburbans and the snow all over the place.  /","[ We/PRP ] had/VBD  [ this/DT group/NN ] of/IN ,/,  [ uh/UH ] ,/,  [ surveyors/NNS ] come/VB into/IN ,/,  [ uh/UH ] ,/,  [ a/DT shop/NN ] [ I/PRP ] was/VBD working/VBG in/IN ,/,  [ uh/UH ] ,/,  [ four/CD ] or/CC  [ five/CD ] of/IN  [ them/PRP ] ,/,  [ these/DT big/JJ old/JJ flame/NN ] worn/JJ  [ suburbans/NNS ] and/CC  [ the/DT snow/NN ] [ all/RB ] over/IN  [ the/DT place/NN ] ./.","(S (NP-SBJ (PRP We)) (VP (VBD had) (S (NP-SBJ (NP (DT this) (NN group)) (PP (IN of) (, ,) (INTJ (UH uh)) (, ,) (NP (NNS surveyors)))) (VP (VB come) (PP-DIR (IN into) (, ,) (INTJ (UH uh)) (, ,) (NP (NP (DT a) (NN shop)) (SBAR (WHNP-1 (-NONE- 0)) (S (NP-SBJ (PRP I)) (VP (VBD was) (VP (VBG working) (PP-LOC (IN in) (NP (-NONE- *T*-1))))))))) (, ,) (INTJ (UH uh)) (, ,) (NP (NP (QP (CD four) (CC or) (CD five))) (PP (IN of) (NP (PRP them))))))) (, ,))|||(NP (NP (DT these) (JJ big) (JJ old) (ADJP (NN flame) (JJ worn)) (NNS suburbans)) (CC and) (NP (NP (DT the) (NN snow)) (PP-LOC (RB all) (IN over) (NP (DT the) (NN place)))) (. .) (-DFL- E_S))",148|||149
sw05utt/sw_0509_3639.utt,3/sw3639,3639,93,sd,A,63,2,They had just come in to get gas in their vehicles and get the oil checked.  /,[ They/PRP ] had/VBD just/RB come/VBN in/RB to/TO get/VB  [ gas/NN ] in/IN  [ their/PRP$ vehicles/NNS ] and/CC get/VB  [ the/DT oil/NN ] checked/VBN ./.,(S (NP-SBJ-1 (PRP They)) (VP (VBD had) (ADVP (RB just)) (VP (VBN come) (ADVP-DIR (RB in)) (S-PRP (NP-SBJ (-NONE- *-1)) (VP (TO to) (VP (VP (VB get) (NP (NN gas)) (PP-LOC (IN in) (NP (PRP$ their) (NNS vehicles)))) (CC and) (VP (VB get) (S (NP-SBJ-2 (DT the) (NN oil)) (VP (VBN checked) (NP (-NONE- *-2)))))))))) (. .) (-DFL- E_S)),150
sw05utt/sw_0509_3639.utt,3/sw3639,3639,94,sd,A,63,3,"{C But, } while they were there they set back <laughter>, drank about four or five cups of coffee apiece and made snowmen on the hoods of their vehicles --","But/CC ,/, while/IN  [ they/PRP ] were/VBD there/RB  [ they/PRP ] set/VBD back/RB ,/, drank/VBD about/RB  [ four/CD ] or/CC  [ five/CD cups/NNS ] of/IN  [ coffee/NN ] apiece/RB and/CC made/VBD  [ snowmen/NNS ] on/IN  [ the/DT hoods/NNS ] of/IN  [ their/PRP$ vehicles/NNS ] --/:","(S (CC But) (, ,) (SBAR-TMP (IN while) (S (NP-SBJ (PRP they)) (VP (VBD were) (ADVP-LOC-PRD (RB there))))) (NP-SBJ (PRP they)) (VP (VP (TYPO (VBD set)) (ADVP (RB back))) (, ,) (VP (VBD drank) (NP (NP (QP (RB about) (CD four) (CC or) (CD five)) (NNS cups)) (PP (IN of) (NP (NN coffee))) (ADVP (RB apiece)))) (CC and) (VP (VBD made) (NP (NNS snowmen)) (PP-LOC (IN on) (NP (NP (DT the) (NNS hoods)) (PP (IN of) (NP (PRP$ their) (NNS vehicles)))))) (VP (VBD threw) (NP (NNS snowballs)) (PP-DIR (RB all) (IN over) (NP (DT the) (NN place)))) (, ,) (VP (VBD had) (NP-BNF (PRP themselves)) (NP (DT a) (NN ball)) (PP-TMP (IN for) (NP (QP (RB about) (DT an)) (NN hour))))) (. .) (-DFL- E_S))",151
sw05utt/sw_0509_3639.utt,3/sw3639,3639,95,ba,B,64,1,"{F Oh, } no. /","Oh/UH ,/, no/UH ./.","(INTJ (INTJ (UH Oh)) (, ,) (INTJ (UH no)) (. .) (-DFL- E_S))",153
sw05utt/sw_0509_3639.utt,3/sw3639,3639,96,+,A,65,1,"-- threw snowballs all over the place,","--/: threw/VBD snowballs/NNS  [ all/RB ] over/IN  [ the/DT place/NN ] ,/,","(S (CC But) (, ,) (SBAR-TMP (IN while) (S (NP-SBJ (PRP they)) (VP (VBD were) (ADVP-LOC-PRD (RB there))))) (NP-SBJ (PRP they)) (VP (VP (TYPO (VBD set)) (ADVP (RB back))) (, ,) (VP (VBD drank) (NP (NP (QP (RB about) (CD four) (CC or) (CD five)) (NNS cups)) (PP (IN of) (NP (NN coffee))) (ADVP (RB apiece)))) (CC and) (VP (VBD made) (NP (NNS snowmen)) (PP-LOC (IN on) (NP (NP (DT the) (NNS hoods)) (PP (IN of) (NP (PRP$ their) (NNS vehicles)))))) (VP (VBD threw) (NP (NNS snowballs)) (PP-DIR (RB all) (IN over) (NP (DT the) (NN place)))) (, ,) (VP (VBD had) (NP-BNF (PRP themselves)) (NP (DT a) (NN ball)) (PP-TMP (IN for) (NP (QP (RB about) (DT an)) (NN hour))))) (. .) (-DFL- E_S))",151
sw05utt/sw_0509_3639.utt,3/sw3639.pos,3639,97,x,B,66,1,<Laughter>.,./.
sw05utt/sw_0509_3639.utt,3/sw3639,3639,98,+,A,67,1,had themselves a ball for about an hour <laughter>. /,had/VBD  [ themselves/PRP ] [ a/DT ball/NN ] for/IN about/RB  [ an/DT hour/NN ] ./.,"(S (CC But) (, ,) (SBAR-TMP (IN while) (S (NP-SBJ (PRP they)) (VP (VBD were) (ADVP-LOC-PRD (RB there))))) (NP-SBJ (PRP they)) (VP (VP (TYPO (VBD set)) (ADVP (RB back))) (, ,) (VP (VBD drank) (NP (NP (QP (RB about) (CD four) (CC or) (CD five)) (NNS cups)) (PP (IN of) (NP (NN coffee))) (ADVP (RB apiece)))) (CC and) (VP (VBD made) (NP (NNS snowmen)) (PP-LOC (IN on) (NP (NP (DT the) (NNS hoods)) (PP (IN of) (NP (PRP$ their) (NNS vehicles)))))) (VP (VBD threw) (NP (NNS snowballs)) (PP-DIR (RB all) (IN over) (NP (DT the) (NN place)))) (, ,) (VP (VBD had) (NP-BNF (PRP themselves)) (NP (DT a) (NN ball)) (PP-TMP (IN for) (NP (QP (RB about) (DT an)) (NN hour))))) (. .) (-DFL- E_S))",151
sw05utt/sw_0509_3639.utt,3/sw3639,3639,99,%,B,68,1,"{D Well, } [ the, + {F uh, } the ] Lexus, {F uh, } really, - /","Well/UH ,/,  [ the/DT ] ,/,  [ uh/UH ] ,/,  [ the/DT Lexus/NNP ] ,/,  [ uh/UH ] ,/, really/RB ,/,","(S-UNF (INTJ (UH Well)) (, ,) (EDITED (RM (-DFL- \[)) (NP-SBJ-UNF (DT the)) (, ,) (IP (-DFL- \+))) (INTJ (UH uh)) (, ,) (NP-SBJ (DT the) (RS (-DFL- \])) (NNP Lexus)) (, ,) (INTJ (UH uh)) (, ,) (ADVP (RB really)) (, ,) (-DFL- N_S))",158
sw05utt/sw_0509_3639.utt,3/sw3639,3639,100,sv,B,68,2,{C and } the moon roof I think is also an option. /,and/CC  [ the/DT moon/NN roof/NN ] [ I/PRP ] think/VBP is/VBZ also/RB  [ an/DT option/NN ] ./.,(S-1 (CC and) (NP-SBJ (DT the) (NN moon) (NN roof)) (PRN (S (NP-SBJ (PRP I)) (VP (VBP think) (SBAR (-NONE- 0) (S (-NONE- *T*-1)))))) (VP (VBZ is) (ADVP (RB also)) (NP-PRD (DT an) (NN option))) (. .) (-DFL- E_S)),159
sw05utt/sw_0509_3639.utt,3/sw3639,3639,101,b,A,69,1,Yeah. /,Yeah/UH ./.,(INTJ (UH Yeah) (. .) (-DFL- E_S)),140
sw05utt/sw_0509_3639.utt,3/sw3639,3639,102,sd,B,70,1,"Although most of them are ordered them with it,   /","Although/IN  [ most/JJS ] of/IN  [ them/PRP ] are/VBP ordered/VBN  [ them/PRP ] with/IN  [ it/PRP ] ,/,","(S (ADVP (IN Although)) (NP-SBJ-1 (NP (JJS most)) (PP (IN of) (NP (PRP them)))) (VP (VBP are) (VP (VBN ordered) (NP (-NONE- *-1)) (X (NP (PRP them))) (PP (IN with) (NP (PRP it))))) (, ,) (-DFL- E_S))",163
sw05utt/sw_0509_3639.utt,3/sw3639,3639,103,sd,B,70,2,"{C but }  there really is only about a half a dozen, {F uh, } things  /","but/CC  [ there/EX ] really/RB is/VBZ only/RB about/RB  [ a/DT half/NN ] [ a/DT dozen/NN ] ,/,  [ uh/UH ] ,/,  [ things/NNS ]","(S (CC but) (NP-SBJ (EX there)) (ADVP (RB really)) (VP (VBZ is) (ADVP (RB only)) (NP-PRD (QP (RB about) (DT a) (NN half) (DT a) (NN dozen)) (, ,) (INTJ (UH uh)) (, ,) (NNS things))) (-DFL- E_S))",164
sw05utt/sw_0509_3639.utt,3/sw3639,3639,104,sd,B,70,3,{C and } --,and/CC --/:,"(S (CC and) (NP-SBJ (NP (DT the) (JJ first) (NN winter)) (PP-LOC (IN down) (ADVP (RB here)))) (VP (VBD was) (ADVP (RB probably)) (NP-PRD (NP (DT the) (JJS worst) (NN winter)) (SBAR (WHNP-1 (-NONE- 0)) (S (NP-SBJ (PRP they)) (VP (MD 'd) (VP (VBN seen) (NP (-NONE- *T*-1)) (PP-TMP (IN in) (NP (CD twenty) (NNS years))))))))) (, ,) (-DFL- E_S))",143
sw05utt/sw_0509_3639.utt,3/sw3639,3639,105,b,A,71,1,Yeah. /,Yeah/UH ./.,(INTJ (UH Yeah) (. .) (-DFL- E_S)),140
sw05utt/sw_0509_3639.utt,3/sw3639,3639,106,+,B,72,1,-- everything else is pretty standard.  /,--/:  [ everything/NN ] else/RB is/VBZ pretty/RB standard/JJ ./.,(S (CC and) (NP-SBJ (NP (NN everything)) (ADVP (RB else))) (VP (VBZ is) (ADJP-PRD (RB pretty) (JJ standard))) (. .) (-DFL- E_S)),165
sw05utt/sw_0509_3639.utt,3/sw3639,3639,107,sd,B,72,2,"I did not get the traction control which also, when you take the [ c-, + traction control ] [ and the + <breathing>, and  the ] suspension thing it also puts heaters in the front seats, too. /","[ I/PRP ] did/VBD not/RB get/VB  [ the/DT traction/NN control/NN ] [ which/WDT ] also/RB ,/, when/WRB  [ you/PRP ] take/VBP  [ the/DT c-/NN ] ,/,  [ traction/NN control/NN ] and/CC  [ the/DT ] ,/, and/CC  [ the/DT suspension/NN thing/NN ] [ it/PRP ] also/RB puts/VBZ  [ heaters/NNS ] in/IN  [ the/DT front/JJ seats/NNS ] ,/, too/RB ./.","(S (NP-SBJ (PRP I)) (VP (VBD did) (RB not) (VP (VB get) (NP (NP (DT the) (NN traction) (NN control)) (SBAR (WHNP-2 (WDT which)) (S (EDITED (ADVP (RB also))) (, ,) (SBAR-TMP (WHADVP-1 (WRB when)) (S (NP-SBJ (PRP you)) (VP (VBP take) (NP (NP (DT the) (EDITED (RM (-DFL- \[)) (NN c-) (, ,) (IP (-DFL- \+))) (NN traction) (NN control)) (RS (-DFL- \])) (EDITED (RM (-DFL- \[)) (CC and) (NP-UNF (DT the)) (IP (-DFL- \+))) (, ,) (CC and) (NP (DT the) (RS (-DFL- \])) (NN suspension) (NN thing))) (ADVP-TMP (-NONE- *T*-1))))) (NP-SBJ (NP (-NONE- *T*-2)) (NP (PRP it))) (ADVP (RB also)) (VP (VBZ puts) (NP (NNS heaters)) (PP-PUT (IN in) (NP (DT the) (JJ front) (NNS seats))) (, ,) (ADVP (RB too)))))))) (. .) (-DFL- E_S))",169
sw05utt/sw_0509_3639.utt,3/sw3639,3639,108,ba,A,73,1,"Oh,  /","Oh/UH ,/,","(INTJ (UH Oh) (, ,) (-DFL- E_S))",171
sw05utt/sw_0509_3639.utt,3/sw3639,3639,109,%,A,73,2,"{C so } that's kind of, -/","so/UH that/IN  [ 's/BES kind/RB ] of/RB ,/,","(S (RB so) (NP-SBJ (IN that)) (VP-UNF (BES 's) (ADVP (RB kind) (RB of))) (, ,) (-DFL- N_S))",172
sw05utt/sw_0509_3639.utt,3/sw3639,3639,110,sv,B,74,1,You go out and get in that real cold car -- /,[ You/PRP ] go/VBP out/RP and/CC get/VBP in/IN  [ that/DT real/RB cold/JJ car/NN ] --/:,(S (NP-SBJ (PRP You)) (VP (VP (VBP go) (ADVP-DIR (RP out))) (CC and) (VP (VBP get) (PP-LOC (IN in) (NP (DT that) (ADJP (RB real) (JJ cold)) (NN car))))) (-DFL- E_S)),174
sw05utt/sw_0509_3639.utt,3/sw3639,3639,111,bf,A,75,1,# It's a package deal. # /,[ It/PRP ] 's/BES  [ a/DT package/NN deal/NN ] ./.,(S (NP-SBJ (PRP It)) (VP (BES 's) (NP-PRD (DT a) (NN package) (NN deal))) (. .) (-DFL- E_S)),176
sw05utt/sw_0509_3639.utt,3/sw3639,3639,112,sv,B,76,1,"-- # {C and } you turn that on,  /","--/: and/CC  [ you/PRP ] turn/VBP that/IN on/RP ,/,","(S (CC and) (NP-SBJ (PRP you)) (VP (VBP turn) (NP (IN that)) (PRT (RP on))) (, ,) (-DFL- E_S))",178
sw05utt/sw_0509_3639.utt,3/sw3639,3639,113,%,B,76,2,"# [ {C and }  it, + {D yeah, } {C and } it ] kind of, {F uh, } - /","and/CC  [ it/PRP ] ,/, yeah/UH ,/, and/CC  [ it/PRP ] [ kind/RB ] of/RB ,/,  [ uh/UH ] ,/,","(S-UNF (EDITED (RM (-DFL- \[)) (CC and) (NP-SBJ (PRP it)) (, ,) (IP (-DFL- \+))) (INTJ (UH yeah)) (, ,) (CC and) (NP-SBJ (PRP it)) (RS (-DFL- \])) (ADVP (RB kind) (RB of)) (, ,) (INTJ (UH uh)) (, ,) (-DFL- N_S))",179
sw05utt/sw_0509_3639.utt,3/sw3639,3639,114,sd,B,76,3,"{C but } that's only available [ if, + with ] the traction control and the other option. /","but/CC  [ that/DT ] 's/BES only/RB available/JJ if/IN ,/, with/IN  [ the/DT traction/NN control/NN ] and/CC  [ the/DT other/JJ option/NN ] ./.","(S (CC but) (NP-SBJ (DT that)) (VP (BES 's) (ADVP (RB only)) (ADJP-PRD (JJ available)) (EDITED (RM (-DFL- \[)) (SBAR-ADV-UNF (IN if)) (, ,) (IP (-DFL- \+))) (PP (IN with) (RS (-DFL- \])) (NP (NP (DT the) (NN traction) (NN control)) (CC and) (NP (DT the) (JJ other) (NN option))))) (. .) (-DFL- E_S))",180
sw05utt/sw_0509_3639.utt,3/sw3639,3639,115,b,A,77,1,Yeah. /,Yeah/UH ./.,(INTJ (UH Yeah) (. .) (-DFL- E_S)),161
sw05utt/sw_0509_3639.utt,3/sw3639,3639,116,sd,B,78,1,{C And } those two are sold together  /,And/CC  [ those/DT two/CD ] are/VBP sold/VBN together/RB,(S (CC And) (NP-SBJ-1 (DT those) (CD two)) (VP (VBP are) (VP (VBN sold) (NP (-NONE- *-1)) (ADVP (RB together)))) (-DFL- E_S)),184
sw05utt/sw_0509_3639.utt,3/sw3639,3639,117,sd,B,78,2,{C so } you have to take a two thousand dollar option there [ to -- +,so/IN  [ you/PRP ] have/VBP to/TO take/VB  [ a/DT two/CD thousand/CD dollar/NN option/NN ] there/RB to/TO --/:,"(S (RB so) (NP-SBJ-1 (PRP you)) (VP (VBP have) (S (NP-SBJ-2 (-NONE- *-1)) (VP (TO to) (VP (VB take) (NP (DT a) (ADJP (QP (CD two) (CD thousand)) (NN dollar)) (NN option)) (ADVP (RB there)) (S-PRP (NP-SBJ (-NONE- *-2)) (EDITED (RM (-DFL- \[)) (VP-UNF (TO to)) (IP (-DFL- \+))) (VP (TO to) (, ,) (RS (-DFL- \])) (INTJ (UH uh)) (, ,) (VP (VB do) (NP (PRP it))))))))) (, ,) (-DFL- E_S))",185
sw05utt/sw_0509_3639.utt,3/sw3639,3639,118,ba,A,79,1,Ouch. /,[ Ouch/UH ] ./.,(INTJ (UH Ouch) (. .) (-DFL- E_S)),187
sw05utt/sw_0509_3639.utt,3/sw3639,3639,119,+,B,80,1,"-- to, ] {F uh, } do it,  /","--/: to/TO ,/,  [ uh/UH ] ,/, do/VB  [ it/PRP ] ,/,","(S (RB so) (NP-SBJ-1 (PRP you)) (VP (VBP have) (S (NP-SBJ-2 (-NONE- *-1)) (VP (TO to) (VP (VB take) (NP (DT a) (ADJP (QP (CD two) (CD thousand)) (NN dollar)) (NN option)) (ADVP (RB there)) (S-PRP (NP-SBJ (-NONE- *-2)) (EDITED (RM (-DFL- \[)) (VP-UNF (TO to)) (IP (-DFL- \+))) (VP (TO to) (, ,) (RS (-DFL- \])) (INTJ (UH uh)) (, ,) (VP (VB do) (NP (PRP it))))))))) (, ,) (-DFL- E_S))",185
sw05utt/sw_0509_3639.utt,3/sw3639,3639,120,sd,B,80,2,"{C so } [ I, + I ] opted not for that  /","so/RB  [ I/PRP ] ,/,  [ I/PRP ] opted/VBD not/RB for/IN  [ that/DT ]","(S (RB so) (EDITED (RM (-DFL- \[)) (NP-SBJ (PRP I)) (, ,) (IP (-DFL- \+))) (NP-SBJ (PRP I)) (RS (-DFL- \])) (VP (VBD opted) (PP-UNF (RB not) (PP (IN for) (NP (DT that))) (-DFL- E_S) (RM (-DFL- \[)) (CC but))) (, ,) (IP (-DFL- \+)))",189
sw05utt/sw_0509_3639.utt,3/sw3639,3639,121,sd,B,80,3,"[ {C but, } +","but/CC ,/,","(S (RB so) (EDITED (RM (-DFL- \[)) (NP-SBJ (PRP I)) (, ,) (IP (-DFL- \+))) (NP-SBJ (PRP I)) (RS (-DFL- \])) (VP (VBD opted) (PP-UNF (RB not) (PP (IN for) (NP (DT that))) (-DFL- E_S) (RM (-DFL- \[)) (CC but))) (, ,) (IP (-DFL- \+)))",189
sw05utt/sw_0509_3639.utt,3/sw3639,3639,122,ba,A,81,1,"No,  /","No/UH ,/,","(INTJ (UH No) (, ,) (-DFL- E_S))",192
sw05utt/sw_0509_3639.utt,3/sw3639,3639,123,bf,A,81,2,it doesn't sound real necessary in Texas. /,[ it/PRP ] does/VBZ n't/RB sound/VB real/RB necessary/JJ in/IN  [ Texas/NNP ] ./.,(S (NP-SBJ (PRP it)) (VP (VBZ does) (RB n't) (VP (VB sound) (ADJP-PRD (RB real) (JJ necessary) (PP-LOC (IN in) (NP (NNP Texas)))))) (. .) (-DFL- E_S)),193
sw05utt/sw_0509_3639.utt,3/sw3639,3639,124,+,B,82,1,"{C And, } ] {F uh, } the dealership I dealt with, they order them all with the, {F uh, } moon roof and, {F uh } --","And/CC ,/,  [ uh/UH ] ,/,  [ the/DT dealership/NN ] [ I/PRP ] dealt/VBD with/IN ,/,  [ they/PRP ] order/VBP  [ them/PRP ] [ all/DT ] with/IN  [ the/DT ] ,/,  [ uh/UH ] ,/,  [ moon/NN roof/NN ] and/CC ,/,  [ uh/UH ] --/:","(S (CC And) (, ,) (RS (-DFL- \])) (INTJ (UH uh)) (, ,) (NP-TPC (NP (DT the) (NN dealership)) (SBAR (WHNP-1 (-NONE- 0)) (S (NP-SBJ (PRP I)) (VP (VBD dealt) (PP (IN with) (NP (-NONE- *T*-1))))))) (, ,) (NP-SBJ (PRP they)) (VP (VBP order) (NP (NP (PRP them)) (NP (DT all))) (PP (IN with) (NP (NP (NP (DT the) (, ,) (INTJ (UH uh)) (, ,) (NN moon) (NN roof)) (CC and) (, ,) (INTJ (UH uh)) (PRN (S (NP-SBJ (PRP you)) (VP (VBP know))) (, ,)) (NP (JJ nice) (NN floor) (NNS mats)) (CC and) (NP (NN everything))) (PP-LOC (IN in) (ADVP (RB there)))))) (. .) (-DFL- E_S))",190
sw05utt/sw_0509_3639.utt,3/sw3639,3639,125,b,A,83,1,Yeah. /,Yeah/UH ./.,(INTJ (UH Yeah) (. .) (-DFL- E_S)),167
sw05utt/sw_0509_3639.utt,3/sw3639,3639,126,+,B,84,1,"-- {D you know, } nice floor mats and everything in there. /","--/:  [ you/PRP ] know/VBP ,/,  [ nice/JJ floor/NN mats/NNS ] and/CC  [ everything/NN ] in/IN there/RB ./.","(S (CC And) (, ,) (RS (-DFL- \])) (INTJ (UH uh)) (, ,) (NP-TPC (NP (DT the) (NN dealership)) (SBAR (WHNP-1 (-NONE- 0)) (S (NP-SBJ (PRP I)) (VP (VBD dealt) (PP (IN with) (NP (-NONE- *T*-1))))))) (, ,) (NP-SBJ (PRP they)) (VP (VBP order) (NP (NP (PRP them)) (NP (DT all))) (PP (IN with) (NP (NP (NP (DT the) (, ,) (INTJ (UH uh)) (, ,) (NN moon) (NN roof)) (CC and) (, ,) (INTJ (UH uh)) (PRN (S (NP-SBJ (PRP you)) (VP (VBP know))) (, ,)) (NP (JJ nice) (NN floor) (NNS mats)) (CC and) (NP (NN everything))) (PP-LOC (IN in) (ADVP (RB there)))))) (. .) (-DFL- E_S))",190
sw05utt/sw_0509_3639.utt,3/sw3639,3639,127,b,A,85,1,"Yeah,  /","[ Yeah/UH ] ,/,","(INTJ (UH Yeah) (, ,) (-DFL- E_S))",199
sw05utt/sw_0509_3639.utt,3/sw3639,3639,128,sd,A,85,2,"I worked # for Lincoln, # /","[ I/PRP ] worked/VBD for/IN  [ Lincoln/NNP ] ,/,","(S (NP-SBJ (PRP I)) (VP (VBD worked) (PP (IN for) (NP (NNP Lincoln)))) (, ,) (-DFL- E_S))",200
sw05utt/sw_0509_3639.utt,3/sw3639,3639,129,sd,B,86,1,# {C So } the only thing # I had to decide on was whether I wanted a C D or not in the stereo system  /,So/RB  [ the/DT only/JJ thing/NN ] [ I/PRP ] had/VBD to/TO decide/VB on/IN was/VBD whether/IN  [ I/PRP ] wanted/VBD  [ a/DT C/NNP D/NNP ] or/CC not/RB in/IN  [ the/DT stereo/JJ system/NN ],(S (RB So) (NP-SBJ (NP (DT the) (JJ only) (NN thing)) (SBAR (WHNP-2 (-NONE- 0)) (S (NP-SBJ-1 (PRP I)) (VP (VBD had) (S (NP-SBJ (-NONE- *-1)) (VP (TO to) (VP (VB decide) (PP (IN on) (NP (-NONE- *T*-2)))))))))) (VP (VBD was) (SBAR-PRD (IN whether) (S (NP-SBJ (PRP I)) (VP (VP (VBD wanted) (NP (NP (DT a) (NNP C) (NNP D)) (PP-LOC (-NONE- *ICH*-3)))) (CC or) (VP (FRAG (RB not))) (PP-LOC-3 (IN in) (NP (DT the) (JJ stereo) (NN system))))))) (-DFL- E_S)),202
sw05utt/sw_0509_3639.utt,3/sw3639,3639,130,sd,B,86,2,{C and } that was pretty much it.  /,and/CC  [ that/DT ] was/VBD pretty/RB much/RB  [ it/PRP ] ./.,(S (CC and) (NP-SBJ (DT that)) (VP (VBD was) (ADVP (RB pretty) (RB much)) (NP-PRD (PRP it))) (. .) (-DFL- E_S)),203
sw05utt/sw_0509_3639.utt,3/sw3639,3639,131,sd,B,86,3,{C And } they had {D like } three or  four basic packages that [ they -- +,And/CC  [ they/PRP ] had/VBD like/IN  [ three/CD ] or/CC  [ four/CD basic/JJ packages/NNS ] that/WDT  [ they/PRP ] --/:,(S (CC And) (NP-SBJ (PRP they)) (VP (VBD had) (NP (NP (QP (UH like) (CD three) (CC or) (CD four)) (JJ basic) (NNS packages)) (SBAR (WHNP-1 (WDT that)) (S (EDITED (RM (-DFL- \[)) (NP-SBJ (PRP they)) (IP (-DFL- \+))) (NP-SBJ (PRP they)) (RS (-DFL- \])) (VP (VBP offer) (NP (-NONE- *T*-1))))))) (. .) (-DFL- E_S)),204
sw05utt/sw_0509_3639.utt,3/sw3639,3639,132,b,A,87,1,Yeah. /,Yeah/UH ./.,(INTJ (UH Yeah) (. .) (-DFL- E_S)),182
sw05utt/sw_0509_3639.utt,3/sw3639,3639,133,+,B,88,1,-- they ] offer. /,--/:  [ they/PRP ] offer/VBP ./.,(S (CC And) (NP-SBJ (PRP they)) (VP (VBD had) (NP (NP (QP (UH like) (CD three) (CC or) (CD four)) (JJ basic) (NNS packages)) (SBAR (WHNP-1 (WDT that)) (S (EDITED (RM (-DFL- \[)) (NP-SBJ (PRP they)) (IP (-DFL- \+))) (NP-SBJ (PRP they)) (RS (-DFL- \])) (VP (VBP offer) (NP (-NONE- *T*-1))))))) (. .) (-DFL- E_S)),204
sw05utt/sw_0509_3639.utt,3/sw3639,3639,134,sv,A,89,1,Sounds like the Lincoln Mercury dealer I used to work for.  /,[ Sounds/VBZ ] like/IN  [ the/DT Lincoln/NNP Mercury/NNP dealer/NN ] [ I/PRP ] used/VBD to/TO work/VB for/IN ./.,(S (NP-SBJ (-NONE- *)) (VP (VBZ Sounds) (PP (IN like) (NP (NP (DT the) (NNP Lincoln) (NNP Mercury) (NN dealer)) (SBAR (WHNP-2 (-NONE- 0)) (S (NP-SBJ-1 (PRP I)) (VP (VBD used) (S (NP-SBJ (-NONE- *-1)) (VP (TO to) (VP (VB work) (PP (IN for) (NP (-NONE- *T*-2)))))))))))) (. .) (-DFL- E_S)),209
sw05utt/sw_0509_3639.utt,3/sw3639,3639,135,sd,A,89,2,They didn't order anything but the extra luxury version of whatever they got.  /,[ They/PRP ] did/VBD n't/RB  [ order/VB ] [ anything/NN ] but/IN  [ the/DT extra/JJ luxury/NN version/NN ] of/IN  [ whatever/WP ] [ they/PRP ] got/VBD ./.,(S (NP-SBJ (PRP They)) (VP (VBD did) (RB n't) (VP (VB order) (NP (NP (NN anything)) (PP (IN but) (NP (NP (DT the) (JJ extra) (NN luxury) (NN version)) (PP (IN of) (SBAR-NOM (WHNP-1 (WP whatever)) (S (NP-SBJ (PRP they)) (VP (VBD got) (NP (-NONE- *T*-1))))))))))) (. .) (-DFL- E_S)),210
sw05utt/sw_0509_3639.utt,3/sw3639,3639,136,sd,A,89,3,Little Mercury Tracer -- /,[ Little/JJ Mercury/NNP Tracer/NNP ] --/:,(NP (JJ Little) (NNP Mercury) (NNP Tracer) (-DFL- E_S)),211
sw05utt/sw_0509_3639.utt,3/sw3639,3639,137,b,B,90,1,"Yeah,  /","[ Yeah/UH ] ,/,","(INTJ (UH Yeah) (, ,) (-DFL- E_S))",199
sw05utt/sw_0509_3639.utt,3/sw3639,3639,138,%,B,90,2,"I've been o-, - /","[ I/PRP ] 've/VBP been/VBN  [ o-/XX ] ,/,","(S (NP-SBJ (PRP I)) (VP (VBP 've) (VP-UNF (VBN been) (X (XX o-)))) (, ,) (-DFL- N_S))",214
sw05utt/sw_0509_3639.utt,3/sw3639,3639,139,%,B,90,3,"I've been, -/","[ I/PRP ] 've/VBP been/VBN ,/,","(S (NP-SBJ (PRP I)) (VP (VBP 've) (VP-UNF (VBN been))) (, ,) (-DFL- N_S))",215
sw05utt/sw_0509_3639.utt,3/sw3639,3639,140,sd,A,91,1,"-- imagine, or not, [ they make a, + they make a ] luxury Mercury Tracer. /","--/: imagine/VB ,/, or/CC not/RB ,/,  [ they/PRP ] make/VBP  [ a/DT ] ,/,  [ they/PRP ] make/VBP  [ a/DT luxury/NN Mercury/NNP Tracer/NNP ] ./.","(S-IMP (NP-SBJ (-NONE- *)) (VP (VP (VB imagine)) (, ,) (CC or) (VP (FRAG (RB not)))) (, ,))|||(S (EDITED (RM (-DFL- \[)) (S (NP-SBJ (PRP they)) (VP (VBP make) (NP-UNF (DT a)))) (, ,) (IP (-DFL- \+))) (NP-SBJ (PRP they)) (VP (VBP make) (NP (DT a) (RS (-DFL- \])) (NN luxury) (NNP Mercury) (NNP Tracer))) (. .) (-DFL- E_S))",217|||218
sw05utt/sw_0509_3639.utt,3/sw3639,3639,141,b,B,92,1,"Yeah,  /","[ Yeah/UH ] ,/,","(INTJ (UH Yeah) (, ,) (-DFL- E_S))",199
sw05utt/sw_0509_3639.utt,3/sw3639,3639,142,sd,B,92,2,I've seen that in the dealership.   /,[ I/PRP ] 've/VBP seen/VBN that/DT in/IN  [ the/DT dealership/NN ] ./.,(S (NP-SBJ (PRP I)) (VP (VBP 've) (VP (VBN seen) (NP (DT that)) (PP-LOC (IN in) (NP (DT the) (NN dealership))))) (. .) (-DFL- E_S)),221
sw05utt/sw_0509_3639.utt,3/sw3639,3639,143,sd,B,92,3,"I was driving a Lincoln, a Mark Seven --","[ I/PRP ] was/VBD driving/VBG  [ a/DT Lincoln/NNP ] ,/,  [ a/DT Mark/NNP Seven/CD ] --/:","(S (NP-SBJ (PRP I)) (VP (VBD was) (VP (VBG driving) (NP (NP (DT a) (NNP Lincoln)) (, ,) (NP (DT a) (NNP Mark) (CD Seven))) (PP-TMP (IN for) (NP (DT the) (JJ last) (CD four) (NNS years))) (SBAR-TMP (IN before) (S (NP-SBJ (PRP I)) (VP (VBD traded) (NP (PRP it)) (PP (IN for) (NP (DT this)))))))) (-DFL- E_S))",222
sw05utt/sw_0509_3639.utt,3/sw3639,3639,144,b,A,93,1,Yeah. /,Yeah/UH ./.,(INTJ (UH Yeah) (. .) (-DFL- E_S)),196
sw05utt/sw_0509_3639.utt,3/sw3639,3639,145,+,B,94,1,-- for the last four years before I traded it for this  /,--/: for/IN  [ the/DT last/JJ four/CD years/NNS ] before/IN  [ I/PRP ] traded/VBD  [ it/PRP ] for/IN  [ this/DT ],"(S (NP-SBJ (PRP I)) (VP (VBD was) (VP (VBG driving) (NP (NP (DT a) (NNP Lincoln)) (, ,) (NP (DT a) (NNP Mark) (CD Seven))) (PP-TMP (IN for) (NP (DT the) (JJ last) (CD four) (NNS years))) (SBAR-TMP (IN before) (S (NP-SBJ (PRP I)) (VP (VBD traded) (NP (PRP it)) (PP (IN for) (NP (DT this)))))))) (-DFL- E_S))",222
sw05utt/sw_0509_3639.utt,3/sw3639,3639,146,sd,B,94,2,"{C and, } {F uh, } I'm leasing the Lexus.  /","and/CC ,/,  [ uh/UH ] ,/,  [ I/PRP ] 'm/VBP leasing/VBG  [ the/DT Lexus/NNP ] ./.","(S (CC and) (, ,) (INTJ (UH uh)) (, ,) (NP-SBJ (PRP I)) (VP (VBP 'm) (VP (VBG leasing) (NP (DT the) (NNP Lexus)))) (. .) (-DFL- E_S))",226
sw05utt/sw_0509_3639.utt,3/sw3639,3639,147,sd,B,94,3,I usually lease them --,[ I/PRP ] usually/RB lease/VBP  [ them/PRP ] --/:,(S (NP-SBJ (PRP I)) (ADVP-TMP (RB usually)) (VP (VBP lease) (NP (PRP them)) (SBAR-PRP (IN since) (S (NP-SBJ (PRP I)) (VP (VBP own) (NP (DT a) (NN business)))))) (-DFL- E_S)),227
sw05utt/sw_0509_3639.utt,3/sw3639,3639,148,b,A,95,1,Yeah. /,Yeah/UH ./.,(INTJ (UH Yeah) (. .) (-DFL- E_S)),196
sw05utt/sw_0509_3639.utt,3/sw3639,3639,149,+,B,96,1,-- since I own a business  /,--/: since/IN  [ I/PRP ] own/VBP  [ a/DT business/NN ],(S (NP-SBJ (PRP I)) (ADVP-TMP (RB usually)) (VP (VBP lease) (NP (PRP them)) (SBAR-PRP (IN since) (S (NP-SBJ (PRP I)) (VP (VBP own) (NP (DT a) (NN business)))))) (-DFL- E_S)),227
sw05utt/sw_0509_3639.utt,3/sw3639,3639,150,sd,B,96,2,"I just run it through my business,  /","[ I/PRP ] just/RB run/VBP  [ it/PRP ] through/IN  [ my/PRP$ business/NN ] ,/,","(S (NP-SBJ (PRP I)) (ADVP (RB just)) (VP (VBP run) (NP (PRP it)) (PP (IN through) (NP (PRP$ my) (NN business)))) (, ,) (-DFL- E_S))",231
sw05utt/sw_0509_3639.utt,3/sw3639,3639,151,%,B,96,3,[ {C but } -- +,but/CC --/:,(S (NP-SBJ (PRP They)) (VP (VBD did) (RB n't) (VP (VB order) (NP (NP (NN anything)) (PP (IN but) (NP (NP (DT the) (JJ extra) (NN luxury) (NN version)) (PP (IN of) (SBAR-NOM (WHNP-1 (WP whatever)) (S (NP-SBJ (PRP they)) (VP (VBD got) (NP (-NONE- *T*-1))))))))))) (. .) (-DFL- E_S)),210
sw05utt/sw_0509_3639.utt,3/sw3639,3639,152,b,A,97,1,Uh-huh. /,[ Uh-huh/UH ] ./.,(INTJ (UH Uh-huh) (. .) (-DFL- E_S)),234
sw05utt/sw_0509_3639.utt,3/sw3639,3639,153,+,B,98,1,"-- {C but }  ] it, - /","--/: but/IN  [ it/PRP ] ,/,","(S-UNF (EDITED (RM (-DFL- \[)) (CC but) (IP (-DFL- \+))) (IN but) (RS (-DFL- \])) (NP-SBJ (PRP it)) (, ,) (-DFL- N_S))",232
sw05utt/sw_0509_3639.utt,3/sw3639,3639,154,sd*,B,98,2,"the Lincoln ride is certainly good, too,  but [ the, + this  ] Lexus is nothing like I have ever been in before.  / *[[one or two utt?]]","[ the/DT Lincoln/NNP ride/NN ] is/VBZ certainly/RB  [ good/JJ ] ,/, too/RB ,/, but/CC  [ the/DT ] ,/,  [ this/DT Lexus/NNP ] is/VBZ  [ nothing/NN ] like/IN  [ I/PRP ] have/VBP ever/RB been/VBN in/IN before/RB ./.","(S (NP-SBJ (DT the) (NNP Lincoln) (NN ride)) (VP (VBZ is) (ADVP (RB certainly)) (ADJP-PRD (JJ good)) (, ,) (ADVP (RB too))) (, ,))|||(S (CC but) (EDITED (RM (-DFL- \[)) (NP-SBJ-UNF (DT the)) (, ,) (IP (-DFL- \+))) (NP-SBJ (DT this) (RS (-DFL- \])) (NNP Lexus)) (VP (VBZ is) (PP-PRD (ADVP (NN nothing)) (IN like) (SBAR-NOM (WHNP-1 (-NONE- 0)) (S (NP-SBJ (PRP I)) (VP (VBP have) (ADVP-TMP (RB ever)) (VP (VBN been) (PP-LOC-PRD (IN in) (NP (-NONE- *T*-1))) (ADVP-TMP (RB before)))))))) (. .) (-DFL- E_S))",236|||237
sw05utt/sw_0509_3639.utt,3/sw3639,3639,155,%,B,98,3,"It's just, -/","[ It/PRP ] 's/BES just/RB ,/,","(S (NP-SBJ (PRP It)) (VP-UNF (BES 's) (ADVP (RB just))) (, ,) (-DFL- N_S))",238
sw05utt/sw_0509_3639.utt,3/sw3639,3639,156,b^2,A,99,1,Like sitting in your living room. /,Like/IN sitting/VBG in/IN  [ your/PRP$ living/NN room/NN ] ./.,(PP (IN Like) (S-NOM (NP-SBJ (-NONE- *)) (VP (VBG sitting) (PP-LOC (IN in) (NP (PRP$ your) (NN living) (NN room))))) (. .) (-DFL- E_S)),240
sw05utt/sw_0509_3639.utt,3/sw3639,3639,157,aa,B,100,1,"Yeah,  /","Yeah/UH ,/,","(INTJ (UH Yeah) (, ,) (-DFL- E_S))",213
sw05utt/sw_0509_3639.utt,3/sw3639,3639,158,sd,B,100,2,"it really is,  /","[ it/PRP ] really/RB is/VBZ ,/,","(S (NP-SBJ (PRP it)) (ADVP (RB really)) (VP (VBZ is) (PP-PRD (-NONE- *?*))) (, ,) (-DFL- E_S))",243
sw05utt/sw_0509_3639.utt,3/sw3639,3639,159,sd,B,100,3,{C and } it's got a lumbar support in the seats. /,and/CC  [ it/PRP ] 's/HVS got/VBN  [ a/DT lumbar/NN support/NN ] in/IN  [ the/DT seats/NNS ] ./.,(S (CC and) (NP-SBJ (PRP it)) (VP (HVS 's) (VP (VBN got) (NP (DT a) (NN lumbar) (NN support)) (PP-LOC (IN in) (NP (DT the) (NNS seats))))) (. .) (-DFL- E_S)),244
sw05utt/sw_0509_3639.utt,3/sw3639,3639,160,qy,A,101,1,Adjustable? /,[ Adjustable/JJ ] ?/.,(ADJP (JJ Adjustable) (. ?) (-DFL- E_S)),246
sw05utt/sw_0509_3639.utt,3/sw3639,3639,161,na,B,102,1,"Adjustable, {F uh } --","[ Adjustable/JJ ] ,/,  [ uh/UH ] --/:","(ADJP (JJ Adjustable) (, ,) (INTJ (UH uh)) (NN power) (-DFL- E_S))",248
sw05utt/sw_0509_3639.utt,3/sw3639,3639,162,b,A,103,1,Yeah  <<faint>>. /,Yeah/UH ./.,(INTJ (UH Yeah) (. .) (-DFL- E_S)),224
sw05utt/sw_0509_3639.utt,3/sw3639,3639,163,+,B,104,1,-- power  /,--/:  [ power/NN ],"(ADJP (JJ Adjustable) (, ,) (INTJ (UH uh)) (NN power) (-DFL- E_S))",248
sw05utt/sw_0509_3639.utt,3/sw3639,3639,164,sd,B,104,2,"{C and } just kind of brings that support up in the sma-, -/","and/CC just/RB kind/RB of/RB brings/VBZ  [ that/DT ] support/VB up/IN in/IN  [ the/DT sma-/NN ] ,/,","(S (CC and) (NP-SBJ (-NONE- *)) (ADVP (RB just)) (ADVP (RB kind) (RB of)) (VP (VBZ brings) (NP (DT that) (VB support)) (PP-LOC (IN up) (PP (IN in) (NP-UNF (DT the) (NN sma-))))) (, ,) (-DFL- N_S))",252
