swda_filename,ptb_basename,conversation_no,transcript_index,act_tag,caller,utterance_index,subutterance_index,text,pos,trees,ptb_treenumbers
sw05utt/sw_0571_3750.utt,3/sw3750,3750,0,o,B,1,1,Yeah. /,Yeah/UH ./.,(INTJ (UH Yeah) (. .) (-DFL- E_S)),1
sw05utt/sw_0571_3750.utt,3/sw3750,3750,1,o,A,2,1,"Okay,  /","[ Okay/UH ] ,/,","(INTJ (UH Okay) (, ,) (-DFL- E_S))",3
sw05utt/sw_0571_3750.utt,3/sw3750,3750,2,qy,A,2,2,{C so } you enjoy camping? /,so/UH  [ you/PRP ] enjoy/VBP camping/NN ?/.,(SQ (RB so) (NP-SBJ (PRP you)) (VP (VBP enjoy) (NP (NN camping))) (. ?) (-DFL- E_S)),4
sw05utt/sw_0571_3750.utt,3/sw3750,3750,3,ny,B,3,1,"{F Oh, } yeah. /","Oh/UH ,/, yeah/UH ./.","(INTJ (INTJ (UH Oh)) (, ,) (INTJ (UH yeah)) (. .) (-DFL- E_S))",6
sw05utt/sw_0571_3750.utt,3/sw3750,3750,4,b,A,4,1,# Yeah. # /,Yeah/UH ./.,(INTJ (UH Yeah) (. .) (-DFL- E_S)),1
sw05utt/sw_0571_3750.utt,3/sw3750,3750,5,sd,B,5,1,"# [ I, # +  {F uh } --","[ I/PRP ] ,/,  [ uh/UH ] --/:","(S (EDITED (RM (-DFL- \[)) (NP-SBJ (PRP I)) (, ,) (IP (-DFL- \+))) (INTJ (UH uh)) (PP (IN like) (NP (PRP you))) (, ,) (NP-SBJ (PRP I)) (RS (-DFL- \])) (VP (VBP have) (RB n't) (VP (VBN done) (NP (DT any)) (PP-TMP (IN in) (NP (RB quite) (DT some) (NN time))) (PP (IN except) (PP (IN for) (SBAR-NOM (SBAR-NOM (WHNP-1 (WP what)) (S (NP-SBJ (PRP I)) (VP (VBP call) (S (NP-SBJ (-NONE- *T*-1)) (NP-PRD (VBG living))) (ADVP-TMP (RB now))))) (EDITED (RM (-DFL- \[)) (SBAR (WHNP-2 (WDT which)) (S (NP-SBJ (-NONE- *T*-2)) (VP-UNF (VBZ is)))) (, ,) (IP (-DFL- \+))) (SBAR (WHNP-3 (WDT which)) (S (NP-SBJ (-NONE- *T*-3)) (VP (VBZ is) (RS (-DFL- \])) (ADVP-PRD (RB very) (RB close) (PP (IN to) (S-NOM (NP-SBJ (-NONE- *)) (VP (VBG camping))))))))))))) (. .) (-DFL- E_S))",10
sw05utt/sw_0571_3750.utt,3/sw3750,3750,6,b,A,6,1,Uh-huh. /,[ Uh-huh/UH ] ./.,(INTJ (UH Uh-huh) (. .) (-DFL- E_S)),12
sw05utt/sw_0571_3750.utt,3/sw3750,3750,7,+,B,7,1,"-- like you, I ] haven't done any in quite some time --","--/: like/IN  [ you/PRP ] ,/,  [ I/PRP ] have/VBP n't/RB done/VBN  [ any/DT ] in/IN quite/RB  [ some/DT time/NN ] --/:","(S (EDITED (RM (-DFL- \[)) (NP-SBJ (PRP I)) (, ,) (IP (-DFL- \+))) (INTJ (UH uh)) (PP (IN like) (NP (PRP you))) (, ,) (NP-SBJ (PRP I)) (RS (-DFL- \])) (VP (VBP have) (RB n't) (VP (VBN done) (NP (DT any)) (PP-TMP (IN in) (NP (RB quite) (DT some) (NN time))) (PP (IN except) (PP (IN for) (SBAR-NOM (SBAR-NOM (WHNP-1 (WP what)) (S (NP-SBJ (PRP I)) (VP (VBP call) (S (NP-SBJ (-NONE- *T*-1)) (NP-PRD (VBG living))) (ADVP-TMP (RB now))))) (EDITED (RM (-DFL- \[)) (SBAR (WHNP-2 (WDT which)) (S (NP-SBJ (-NONE- *T*-2)) (VP-UNF (VBZ is)))) (, ,) (IP (-DFL- \+))) (SBAR (WHNP-3 (WDT which)) (S (NP-SBJ (-NONE- *T*-3)) (VP (VBZ is) (RS (-DFL- \])) (ADVP-PRD (RB very) (RB close) (PP (IN to) (S-NOM (NP-SBJ (-NONE- *)) (VP (VBG camping))))))))))))) (. .) (-DFL- E_S))",10
sw05utt/sw_0571_3750.utt,3/sw3750,3750,8,b,A,8,1,# Uh-huh. # /,[ Uh-huh/UH ] ./.,(INTJ (UH Uh-huh) (. .) (-DFL- E_S)),12
sw05utt/sw_0571_3750.utt,3/sw3750,3750,9,+,B,9,1,-- # except # for what I call living now <laughter> --,--/: except/IN for/IN  [ what/WP ] [ I/PRP ] call/VBP living/VBG now/RB --/:,"(S (EDITED (RM (-DFL- \[)) (NP-SBJ (PRP I)) (, ,) (IP (-DFL- \+))) (INTJ (UH uh)) (PP (IN like) (NP (PRP you))) (, ,) (NP-SBJ (PRP I)) (RS (-DFL- \])) (VP (VBP have) (RB n't) (VP (VBN done) (NP (DT any)) (PP-TMP (IN in) (NP (RB quite) (DT some) (NN time))) (PP (IN except) (PP (IN for) (SBAR-NOM (SBAR-NOM (WHNP-1 (WP what)) (S (NP-SBJ (PRP I)) (VP (VBP call) (S (NP-SBJ (-NONE- *T*-1)) (NP-PRD (VBG living))) (ADVP-TMP (RB now))))) (EDITED (RM (-DFL- \[)) (SBAR (WHNP-2 (WDT which)) (S (NP-SBJ (-NONE- *T*-2)) (VP-UNF (VBZ is)))) (, ,) (IP (-DFL- \+))) (SBAR (WHNP-3 (WDT which)) (S (NP-SBJ (-NONE- *T*-3)) (VP (VBZ is) (RS (-DFL- \])) (ADVP-PRD (RB very) (RB close) (PP (IN to) (S-NOM (NP-SBJ (-NONE- *)) (VP (VBG camping))))))))))))) (. .) (-DFL- E_S))",10
sw05utt/sw_0571_3750.utt,3/sw3750,3750,10,b,A,10,1,Yeah <laughter>. /,Yeah/UH ./.,(INTJ (UH Yeah) (. .) (-DFL- E_S)),1
sw05utt/sw_0571_3750.utt,3/sw3750,3750,11,+,B,11,1,"-- [ which is, + which is ] very close to camping # <laughter>. # /","--/:  [ which/WDT ] is/VBZ ,/,  [ which/WDT ] is/VBZ very/RB close/RB to/IN camping/VBG ./.","(S (EDITED (RM (-DFL- \[)) (NP-SBJ (PRP I)) (, ,) (IP (-DFL- \+))) (INTJ (UH uh)) (PP (IN like) (NP (PRP you))) (, ,) (NP-SBJ (PRP I)) (RS (-DFL- \])) (VP (VBP have) (RB n't) (VP (VBN done) (NP (DT any)) (PP-TMP (IN in) (NP (RB quite) (DT some) (NN time))) (PP (IN except) (PP (IN for) (SBAR-NOM (SBAR-NOM (WHNP-1 (WP what)) (S (NP-SBJ (PRP I)) (VP (VBP call) (S (NP-SBJ (-NONE- *T*-1)) (NP-PRD (VBG living))) (ADVP-TMP (RB now))))) (EDITED (RM (-DFL- \[)) (SBAR (WHNP-2 (WDT which)) (S (NP-SBJ (-NONE- *T*-2)) (VP-UNF (VBZ is)))) (, ,) (IP (-DFL- \+))) (SBAR (WHNP-3 (WDT which)) (S (NP-SBJ (-NONE- *T*-3)) (VP (VBZ is) (RS (-DFL- \])) (ADVP-PRD (RB very) (RB close) (PP (IN to) (S-NOM (NP-SBJ (-NONE- *)) (VP (VBG camping))))))))))))) (. .) (-DFL- E_S))",10
sw05utt/sw_0571_3750.utt,3/sw3750,3750,12,qy,A,12,1,# Is it?  /,Is/VBZ  [ it/PRP ] ?/.,(SQ (VBZ Is) (NP-SBJ (PRP it)) (ADJP-PRD (-NONE- *?*)) (. ?) (-DFL- E_S)),21
sw05utt/sw_0571_3750.utt,3/sw3750,3750,13,b,A,12,2,Uh-huh. # /,[ Uh-huh/UH ] ./.,(INTJ (UH Uh-huh) (. .) (-DFL- E_S)),12
sw05utt/sw_0571_3750.utt,3/sw3750,3750,14,ny,B,13,1,Yeah.  /,Yeah/UH ./.,(INTJ (UH Yeah) (. .) (-DFL- E_S)),1
sw05utt/sw_0571_3750.utt,3/sw3750,3750,15,sd,B,13,2,"{D You know, } I, {F uh, } camped in the Boy Scouts  /","[ You/PRP ] know/VBP ,/,  [ I/PRP ] ,/,  [ uh/UH ] ,/, camped/VBD in/IN  [ the/DT Boy/NNP Scouts/NNPS ]","(S (PRN (S (NP-SBJ (PRP You)) (VP (VBP know))) (, ,)) (NP-SBJ (PRP I)) (, ,) (INTJ (UH uh)) (, ,) (VP (VBD camped) (PP (IN in) (NP (DT the) (NNP Boy) (NNPS Scouts)))) (-DFL- E_S))",25
sw05utt/sw_0571_3750.utt,3/sw3750,3750,16,sd,B,13,3,"{C and, } {D you know, } my dad and  I went out sometimes  /","and/CC ,/,  [ you/PRP ] know/VBP ,/,  [ my/PRP$ dad/NN ] and/CC  [ I/PRP ] went/VBD out/RB sometimes/RB","(S (CC and) (PRN (, ,) (S (NP-SBJ (PRP you)) (VP (VBP know))) (, ,)) (NP-SBJ (NP (PRP$ my) (NN dad)) (CC and) (NP (PRP I))) (VP (VBD went) (PRT (RB out)) (ADVP-TMP (RB sometimes))) (-DFL- E_S))",26
sw05utt/sw_0571_3750.utt,3/sw3750,3750,17,sd,B,13,4,{C but } --,but/CC --/:,"(S (CC but) (INTJ (UH uh)) (, ,) (ADVP (RB even)) (NP-TMP (NP (PRP$ my) (RB first) (, ,) (INTJ (UH uh)) (, ,) (QP (CD eight) (CC or) (CD nine)) (NNS years)) (PP (IN of) (NP (VBG working)))) (, ,) (NP-SBJ (PRP I)) (VP (VBD camped) (NP-TMP (NP (RB almost) (DT all)) (PP (IN of) (NP (DT the) (NN time)))) (SBAR-PRP (IN because) (S (NP-SBJ (PRP I)) (VP (VBD was) (PP-PRD (IN in) (NP (NN construction))))))) (. .) (-DFL- E_S))",27
sw05utt/sw_0571_3750.utt,3/sw3750,3750,18,b,A,14,1,Uh-huh. /,[ Uh-huh/UH ] ./.,(INTJ (UH Uh-huh) (. .) (-DFL- E_S)),12
sw05utt/sw_0571_3750.utt,3/sw3750,3750,19,+,B,15,1,"-- {F uh, } even my first, {F uh, } eight or nine years of working, I camped almost all of the time because I was in construction. /","--/:  [ uh/UH ] ,/, even/RB my/PRP$ first/RB ,/,  [ uh/UH ] ,/,  [ eight/CD ] or/CC  [ nine/CD years/NNS ] of/IN working/VBG ,/,  [ I/PRP ] camped/VBD almost/RB  [ all/DT ] of/IN  [ the/DT time/NN ] because/IN  [ I/PRP ] was/VBD in/IN  [ construction/NN ] ./.","(S (CC but) (INTJ (UH uh)) (, ,) (ADVP (RB even)) (NP-TMP (NP (PRP$ my) (RB first) (, ,) (INTJ (UH uh)) (, ,) (QP (CD eight) (CC or) (CD nine)) (NNS years)) (PP (IN of) (NP (VBG working)))) (, ,) (NP-SBJ (PRP I)) (VP (VBD camped) (NP-TMP (NP (RB almost) (DT all)) (PP (IN of) (NP (DT the) (NN time)))) (SBAR-PRP (IN because) (S (NP-SBJ (PRP I)) (VP (VBD was) (PP-PRD (IN in) (NP (NN construction))))))) (. .) (-DFL- E_S))",27
sw05utt/sw_0571_3750.utt,3/sw3750,3750,20,b,A,16,1,Uh-huh. /,[ Uh-huh/UH ] ./.,(INTJ (UH Uh-huh) (. .) (-DFL- E_S)),12
sw05utt/sw_0571_3750.utt,3/sw3750,3750,21,sd,B,17,1,{C And } it is cheaper to pitch a tent and cook your meals out by the fire than it is to rent an apartment --,And/CC  [ it/PRP ] is/VBZ cheaper/JJR to/TO pitch/VB  [ a/DT tent/NN ] and/CC cook/VB  [ your/PRP$ meals/NNS ] out/IN by/IN  [ the/DT fire/NN ] than/IN  [ it/PRP ] is/VBZ to/TO rent/VB  [ an/DT apartment/NN ] --/:,(S (CC And) (NP-SBJ (NP (PRP it)) (S (-NONE- *EXP*-1))) (VP (VBZ is) (ADJP-PRD (ADJP (JJR cheaper)) (SBAR (-NONE- *ICH*-2))) (S-1 (NP-SBJ (-NONE- *)) (VP (TO to) (VP (VP (VB pitch) (NP (DT a) (NN tent))) (CC and) (VP (VB cook) (NP (PRP$ your) (NNS meals)) (PP-LOC (IN out) (PP (IN by) (NP (DT the) (NN fire)))))))) (SBAR-2 (IN than) (S (NP-SBJ (NP (PRP it)) (S (-NONE- *EXP*-3))) (VP (VBZ is) (ADJP-PRD (-NONE- *?*)) (S-3 (NP-SBJ (-NONE- *)) (VP (TO to) (VP (VP (VB rent) (NP (DT an) (NN apartment))) (VP (VB add) (PP (TO to) (NP (NN stress))))))))))) (. .) (-DFL- E_S)),34
sw05utt/sw_0571_3750.utt,3/sw3750,3750,22,b,A,18,1,Yeah. /,Yeah/UH ./.,(INTJ (UH Yeah) (. .) (-DFL- E_S)),18
sw05utt/sw_0571_3750.utt,3/sw3750,3750,23,+,B,19,1,-- add to stress.  /,--/: add/VB to/TO stress/NN ./.,(S (CC And) (NP-SBJ (NP (PRP it)) (S (-NONE- *EXP*-1))) (VP (VBZ is) (ADJP-PRD (ADJP (JJR cheaper)) (SBAR (-NONE- *ICH*-2))) (S-1 (NP-SBJ (-NONE- *)) (VP (TO to) (VP (VP (VB pitch) (NP (DT a) (NN tent))) (CC and) (VP (VB cook) (NP (PRP$ your) (NNS meals)) (PP-LOC (IN out) (PP (IN by) (NP (DT the) (NN fire)))))))) (SBAR-2 (IN than) (S (NP-SBJ (NP (PRP it)) (S (-NONE- *EXP*-3))) (VP (VBZ is) (ADJP-PRD (-NONE- *?*)) (S-3 (NP-SBJ (-NONE- *)) (VP (TO to) (VP (VP (VB rent) (NP (DT an) (NN apartment))) (VP (VB add) (PP (TO to) (NP (NN stress))))))))))) (. .) (-DFL- E_S)),34
sw05utt/sw_0571_3750.utt,3/sw3750,3750,24,sv,B,19,2,"{E I mean, } when you have to have it, you have got to have it. /","[ I/PRP ] mean/VBP ,/, when/WRB  [ you/PRP ] have/VBP to/TO have/VB  [ it/PRP ] ,/,  [ you/PRP ] have/VBP got/VBN to/TO have/VB  [ it/PRP ] ./.","(S (PRN (S (NP-SBJ (PRP I)) (VP (VBP mean))) (, ,)) (SBAR-TMP (WHADVP-1 (WRB when)) (S (NP-SBJ-2 (PRP you)) (VP (VBP have) (S (NP-SBJ (-NONE- *-2)) (VP (TO to) (VP (VB have) (NP (PRP it)) (ADVP-TMP (-NONE- *T*-1)))))))) (, ,) (NP-SBJ-3 (PRP you)) (VP (VBP have) (VP (VBN got) (S (NP-SBJ (-NONE- *-3)) (VP (TO to) (VP (VB have) (NP (PRP it))))))) (. .) (-DFL- E_S))",38
sw05utt/sw_0571_3750.utt,3/sw3750,3750,25,b,A,20,1,Uh-huh. /,[ Uh-huh/UH ] ./.,(INTJ (UH Uh-huh) (. .) (-DFL- E_S)),15
sw05utt/sw_0571_3750.utt,3/sw3750,3750,26,sv,B,21,1,"{C And, } {D you know, } in those those kinds of situations, {F uh, } room rent which is outrageous. -/","And/CC ,/,  [ you/PRP ] know/VBP ,/, in/IN  [ those/DT ] [ those/DT kinds/NNS ] of/IN  [ situations/NNS ] ,/,  [ uh/UH ] ,/,  [ room/NN rent/NN ] [ which/WDT ] is/VBZ outrageous/JJ ./.","(S-UNF (CC And) (PRN (, ,) (S (NP-SBJ (PRP you)) (VP (VBP know))) (, ,)) (PP (IN in) (EDITED (NP-UNF (DT those))) (NP (NP (DT those) (NNS kinds)) (PP (IN of) (NP (NNS situations))))) (, ,) (INTJ (UH uh)) (, ,) (NP-SBJ (NP (NN room) (NN rent)) (SBAR (WHNP-1 (WDT which)) (S (NP-SBJ (-NONE- *T*-1)) (VP (VBZ is) (ADJP-PRD (JJ outrageous)))))) (. .) (-DFL- N_S))",42
sw05utt/sw_0571_3750.utt,3/sw3750,3750,27,b,A,22,1,Uh-huh.  /,[ Uh-huh/UH ] ./.,(INTJ (UH Uh-huh) (. .) (-DFL- E_S)),22
sw05utt/sw_0571_3750.utt,3/sw3750,3750,28,b,A,22,2,# Yeah. # /,Yeah/UH ./.,(INTJ (UH Yeah) (. .) (-DFL- E_S)),18
sw05utt/sw_0571_3750.utt,3/sw3750,3750,29,sd,B,23,1,"# {C So, } # my buddy and I, we just camped # <laughter>. # /","So/UH ,/,  [ my/PRP$ buddy/NN ] and/CC  [ I/PRP ] ,/,  [ we/PRP ] just/RB camped/VBD ./.","(S (RB So) (, ,) (NP-TPC (NP (PRP$ my) (NN buddy)) (CC and) (NP (PRP I))) (, ,) (NP-SBJ (PRP we)) (ADVP (RB just)) (VP (VBD camped)) (. .) (-DFL- E_S))",47
sw05utt/sw_0571_3750.utt,3/sw3750,3750,30,b,A,24,1,# Uh-huh. # /,[ Uh-huh/UH ] ./.,(INTJ (UH Uh-huh) (. .) (-DFL- E_S)),22
sw05utt/sw_0571_3750.utt,3/sw3750,3750,31,sd,B,25,1,"{C And } we figured, what the hell,  /","And/CC  [ we/PRP ] figured/VBD ,/,  [ what/WP ] [ the/DT hell/NN ] ,/,","(S (CC And) (NP-SBJ (PRP we)) (VP (VBD figured) (, ,) (FRAG-SEZ (WHNP (WHNP (WP what)) (NP (DT the) (NN hell))))) (, ,) (-DFL- E_S))",51
sw05utt/sw_0571_3750.utt,3/sw3750,3750,32,sd,B,25,2,we did it when we were kids  /,[ we/PRP ] did/VBD  [ it/PRP ] when/WRB  [ we/PRP ] were/VBD  [ kids/NNS ],(S (NP-SBJ (PRP we)) (VP (VBD did) (NP (PRP it)) (SBAR-TMP (WHADVP-1 (WRB when)) (S (NP-SBJ (PRP we)) (VP (VBD were) (NP-PRD (NNS kids)) (ADVP-TMP (-NONE- *T*-1)))))) (-DFL- E_S)),52
sw05utt/sw_0571_3750.utt,3/sw3750,3750,33,sd,B,25,3,{C and } we loved it. /,and/CC  [ we/PRP ] loved/VBD  [ it/PRP ] ./.,(S (CC and) (NP-SBJ (PRP we)) (VP (VBD loved) (NP (PRP it))) (. .) (-DFL- E_S)),53
sw05utt/sw_0571_3750.utt,3/sw3750,3750,34,b,A,26,1,Uh-huh. /,[ Uh-huh/UH ] ./.,(INTJ (UH Uh-huh) (. .) (-DFL- E_S)),29
sw05utt/sw_0571_3750.utt,3/sw3750,3750,35,sd,B,27,1,"Of course, we didn't really rough it that much.  /","Of/IN  [ course/NN ] ,/,  [ we/PRP ] did/VBD n't/RB really/RB rough/VB  [ it/PRP ] that/RB  [ much/JJ ] ./.","(S (PP (IN Of) (NP (NN course))) (, ,) (NP-SBJ (PRP we)) (VP (VBD did) (RB n't) (ADVP (RB really)) (VP (VB rough) (NP (PRP it)) (ADVP (RB that) (JJ much)))) (. .) (-DFL- E_S))",57
sw05utt/sw_0571_3750.utt,3/sw3750,3750,36,%,B,27,2,"[ When, + when  ] I was in high school, - /","When/WRB ,/, when/WRB  [ I/PRP ] was/VBD in/IN  [ high/JJ school/NN ] ,/,","(S-UNF (SBAR-TMP (EDITED (RM (-DFL- \[)) (SBAR-TMP-UNF (WHADVP (WRB When))) (, ,) (IP (-DFL- \+))) (WRB when) (RS (-DFL- \])) (S (NP-SBJ (PRP I)) (VP (VBD was) (PP-PRD (IN in) (NP (JJ high) (NN school)))))) (, ,) (-DFL- N_S))",58
sw05utt/sw_0571_3750.utt,3/sw3750,3750,37,sd,B,27,3,he is a couple years older than me  /,[ he/PRP ] is/VBZ  [ a/DT couple/NN years/NNS ] older/JJR than/IN  [ me/PRP ],(S (NP-SBJ (PRP he)) (VP (VBZ is) (ADJP-PRD (ADJP (NP-ADV (DT a) (NN couple) (NNS years)) (JJR older)) (PP (IN than) (NP (PRP me))))) (-DFL- E_S)),59
sw05utt/sw_0571_3750.utt,3/sw3750,3750,38,sd,B,27,4,"{C and, } {F uh, } he graduated and went off to college  /","and/CC ,/,  [ uh/UH ] ,/,  [ he/PRP ] graduated/VBD and/CC went/VBD off/RB to/IN  [ college/NN ]","(S (CC and) (, ,) (INTJ (UH uh)) (, ,) (NP-SBJ (PRP he)) (VP (VP (VBD graduated)) (CC and) (VP (VBD went) (PP (RB off) (PP (IN to) (NP (NN college)))))) (-DFL- E_S))",60
sw05utt/sw_0571_3750.utt,3/sw3750,3750,39,sd,B,27,5,"{C and, } {F uh, } during the summer we would camp out at the lake.  /","and/CC ,/,  [ uh/UH ] ,/, during/IN  [ the/DT summer/NN ] [ we/PRP ] would/MD camp/VB out/RB at/IN  [ the/DT lake/NN ] ./.","(S (CC and) (, ,) (INTJ (UH uh)) (, ,) (PP-TMP (IN during) (NP (DT the) (NN summer))) (NP-SBJ (PRP we)) (VP (MD would) (VP (VB camp) (PRT (RB out)) (PP-LOC (IN at) (NP (DT the) (NN lake))))) (. .) (-DFL- E_S))",61
sw05utt/sw_0571_3750.utt,3/sw3750,3750,40,b,A,28,1,Uh-huh. /,[ Uh-huh/UH ] ./.,(INTJ (UH Uh-huh) (. .) (-DFL- E_S)),32
sw05utt/sw_0571_3750.utt,3/sw3750,3750,41,sd,B,29,1,{C But } it wasn't very much like camping because we had a refrigerator and a # stove <laughter>. # /,But/CC  [ it/PRP ] was/VBD n't/RB very/RB much/RB like/IN camping/NN because/IN  [ we/PRP ] had/VBD  [ a/DT refrigerator/NN ] and/CC  [ a/DT stove/NN ] ./.,(S (CC But) (NP-SBJ (PRP it)) (VP (VBD was) (RB n't) (PP-PRD (ADVP (RB very) (RB much)) (IN like) (S-NOM (NP-SBJ (-NONE- *)) (VP (NN camping)))) (SBAR-PRP (IN because) (S (NP-SBJ (PRP we)) (VP (VBD had) (NP (NP (DT a) (NN refrigerator)) (CC and) (NP (DT a) (NN stove))))))) (. .) (-DFL- E_S)),65
sw05utt/sw_0571_3750.utt,3/sw3750,3750,42,b,A,30,1,"# {F Oh, } {D well } <laughter>. # Yeah. /","Oh/UH ,/, well/UH ./.  Yeah/UH ./.","(INTJ (INTJ (UH Oh)) (, ,) (INTJ (UH well)) (. .) (INTJ (UH Yeah)) (. .) (-DFL- E_S))",67
sw05utt/sw_0571_3750.utt,3/sw3750,3750,43,sd,B,31,1,"{D You know, } I had a little boat house and floated it out on Lake Grapevine. /","[ You/PRP ] know/VBP ,/,  [ I/PRP ] had/VBD  [ a/DT little/JJ boat/NN house/NN ] and/CC floated/VBD  [ it/PRP ] out/IN on/IN  [ Lake/NNP Grapevine/NNP ] ./.","(S (PRN (S (NP-SBJ (PRP You)) (VP (VBP know))) (, ,)) (NP-SBJ (PRP I)) (VP (VP (VBD had) (NP (DT a) (JJ little) (NN boat) (NN house))) (CC and) (VP (VBD floated) (NP (PRP it)) (PP (IN out) (PP (IN on) (NP (NNP Lake) (NNP Grapevine)))))) (. .) (-DFL- E_S))",69
sw05utt/sw_0571_3750.utt,3/sw3750,3750,44,b,A,32,1,Uh-huh. /,[ Uh-huh/UH ] ./.,(INTJ (UH Uh-huh) (. .) (-DFL- E_S)),40
sw05utt/sw_0571_3750.utt,3/sw3750,3750,45,sd,B,33,1,"{C And, } {F uh, } {D well, } it was fantastic.  /","And/CC ,/,  [ uh/UH ] ,/, well/UH ,/,  [ it/PRP ] was/VBD fantastic/JJ ./.","(S (CC And) (, ,) (INTJ (UH uh)) (, ,) (INTJ (UH well)) (, ,) (NP-SBJ (PRP it)) (VP (VBD was) (ADJP-PRD (JJ fantastic))) (. .) (-DFL- E_S))",73
sw05utt/sw_0571_3750.utt,3/sw3750,3750,46,sd,B,33,2,"We would get up in the morning, go skiing, {F uh, }  /","[ We/PRP ] would/MD get/VB up/RP in/IN  [ the/DT morning/NN ] ,/, go/VB  [ skiing/NN ] ,/,  [ uh/UH ] ,/,","(S (NP-SBJ (PRP We)) (VP (MD would) (VP (VP (VB get) (PRT (RP up)) (PP-TMP (IN in) (NP (DT the) (NN morning)))) (, ,) (VP (VB go) (S (NP-SBJ (-NONE- *)) (VP (NN skiing))) (, ,) (INTJ (UH uh))))) (, ,) (-DFL- E_S))",74
sw05utt/sw_0571_3750.utt,3/sw3750,3750,47,sd,B,33,3,that substituted for a shower # <laughter> # -- /,[ that/WDT ] substituted/VBD for/IN  [ a/DT shower/NN ] --/:,(S (NP-SBJ (WDT that)) (VP (VBD substituted) (PP (IN for) (NP (DT a) (NN shower)))) (-DFL- E_S)),75
sw05utt/sw_0571_3750.utt,3/sw3750,3750,48,b,A,34,1,# Uh-huh  /,[ Uh-huh/UH ],(INTJ (UH Uh-huh) (-DFL- E_S)),77
sw05utt/sw_0571_3750.utt,3/sw3750.pos,3750,49,x,A,34,2,<laughter>. #,./.
sw05utt/sw_0571_3750.utt,3/sw3750,3750,50,sd,B,35,1,"-- {C and then } we would go to work and {F uh, } come back to the, {F uh, } {D you know, } boat house at night  /","--/: and/CC then/RB  [ we/PRP ] would/MD go/VB to/IN work/NN and/CC uh/UH ,/, come/VB back/RB to/IN  [ the/DT ] ,/,  [ uh/UH ] ,/,  [ you/PRP ] know/VBP ,/,  [ boat/NN house/NN ] at/IN  [ night/NN ]","(S (CONJP (CC and) (RB then)) (NP-SBJ (PRP we)) (VP (MD would) (VP (VP (VB go) (PP-DIR (IN to) (NP (NN work)))) (CC and) (INTJ (UH uh)) (, ,) (VP (VB come) (ADVP-DIR (RB back)) (PP-DIR (IN to) (NP (DT the) (, ,) (INTJ (UH uh)) (PRN (, ,) (S (NP-SBJ (PRP you)) (VP (VBP know))) (, ,)) (NN boat) (NN house))) (PP-TMP (IN at) (NP (NN night)))))) (-DFL- E_S))",79
sw05utt/sw_0571_3750.utt,3/sw3750,3750,51,sd,B,35,2,"{C and, } {F uh, }  in the afternoon, {D you know, } it is still four o'clock.  /","and/CC ,/,  [ uh/UH ] ,/, in/IN  [ the/DT afternoon/NN ] ,/,  [ you/PRP ] know/VBP ,/,  [ it/PRP ] is/VBZ still/RB  [ four/CD ] o'clock/RB ./.","(S (CC and) (, ,) (INTJ (UH uh)) (, ,) (PP-TMP (IN in) (NP (DT the) (NN afternoon))) (PRN (, ,) (S (NP-SBJ (PRP you)) (VP (VBP know))) (, ,)) (NP-SBJ (PRP it)) (VP (VBZ is) (ADVP-TMP (RB still)) (NP-PRD (CD four) (RB o'clock))) (. .) (-DFL- E_S))",80
sw05utt/sw_0571_3750.utt,3/sw3750,3750,52,sd,B,35,3,"You have got four hours of day light, good skiing left. /","[ You/PRP ] have/VBP got/VBN  [ four/CD hours/NNS ] of/IN  [ day/NN light/NN ] ,/,  [ good/JJ skiing/NN ] left/VBD ./.","(S (NP-SBJ (PRP You)) (VP (VBP have) (VP (VBN got) (NP (NP (CD four) (NNS hours)) (PP (IN of) (NP (NP (NN day) (NN light)) (, ,) (NP (JJ good) (NN skiing)))) (VP (VBD left) (NP (-NONE- *)))))) (. .) (-DFL- E_S))",81
sw05utt/sw_0571_3750.utt,3/sw3750,3750,53,b,A,36,1,Uh-huh. /,[ Uh-huh/UH ] ./.,(INTJ (UH Uh-huh) (. .) (-DFL- E_S)),49
sw05utt/sw_0571_3750.utt,3/sw3750,3750,54,sd,B,37,1,"{C And, } {F uh, } it was great. /","And/CC ,/,  [ uh/UH ] ,/,  [ it/PRP ] was/VBD great/JJ ./.","(S (CC And) (, ,) (INTJ (UH uh)) (, ,) (NP-SBJ (PRP it)) (VP (VBD was) (ADJP-PRD (JJ great))) (. .) (-DFL- E_S))",85
sw05utt/sw_0571_3750.utt,3/sw3750,3750,55,b,A,38,1,Yeah. /,Yeah/UH ./.,(INTJ (UH Yeah) (. .) (-DFL- E_S)),87
sw05utt/sw_0571_3750.utt,3/sw3750,3750,56,sd,B,39,1,"{C But, } {F uh, } {D you know, } now all my life is more like camping than not camping really. /","But/CC ,/,  [ uh/UH ] ,/,  [ you/PRP ] know/VBP ,/, now/RB  [ all/RB my/PRP$ life/NN ] is/VBZ more/RBR like/IN camping/NN than/IN not/RB camping/NN really/RB ./.","(S (CC But) (, ,) (INTJ (UH uh)) (PRN (, ,) (S (NP-SBJ (PRP you)) (VP (VBP know))) (, ,)) (ADVP-TMP (RB now)) (NP-SBJ (RB all) (PRP$ my) (NN life)) (VP (VBZ is) (PP-PRD (ADVP (RBR more)) (PP (IN like) (S-NOM (NP-SBJ (-NONE- *)) (VP (NN camping)))) (PP (IN than) (S-NOM (NP-SBJ (-NONE- *)) (RB not) (VP (NN camping))))) (ADVP (RB really))) (. .) (-DFL- E_S))",89
sw05utt/sw_0571_3750.utt,3/sw3750,3750,57,b,A,40,1,Uh-huh.  /,[ Uh-huh/UH ] ./.,(INTJ (UH Uh-huh) (. .) (-DFL- E_S)),63
sw05utt/sw_0571_3750.utt,3/sw3750,3750,58,qy,A,40,2,Do you have electricity out there. /,Do/VBP  [ you/PRP ] have/VB  [ electricity/NN ] out/IN there/RB ./.,(SQ (VBP Do) (NP-SBJ (PRP you)) (VP (VB have) (NP (NN electricity)) (PP-LOC (IN out) (ADVP (RB there)))) (. .) (-DFL- E_S)),92
sw05utt/sw_0571_3750.utt,3/sw3750,3750,59,ny,B,41,1,"{F Oh, } # yeah. # /","Oh/UH ,/, yeah/UH ./.","(INTJ (INTJ (UH Oh)) (, ,) (INTJ (UH yeah)) (. .) (-DFL- E_S))",94
sw05utt/sw_0571_3750.utt,3/sw3750,3750,60,b,A,42,1,# Yeah.  /,Yeah/UH ./.,(INTJ (UH Yeah) (. .) (-DFL- E_S)),87
sw05utt/sw_0571_3750.utt,3/sw3750,3750,61,sv,A,42,2,# You've got a phone # obviously <laughter>. # /,[ You/PRP ] 've/VBP got/VBN  [ a/DT phone/NN ] obviously/RB ./.,(S (NP-SBJ (PRP You)) (VP (VBP 've) (VP (VBN got) (NP (DT a) (NN phone)) (ADVP (RB obviously)))) (. .) (-DFL- E_S)),97
sw05utt/sw_0571_3750.utt,3/sw3750,3750,62,aap,B,43,1,"# {D Well, } # actually as a matter of fact, they just ran the phone three years ago. /","Well/UH ,/, actually/RB as/IN  [ a/DT matter/NN ] of/IN  [ fact/NN ] ,/,  [ they/PRP ] just/RB ran/VBD  [ the/DT phone/NN three/CD years/NNS ] ago/RB ./.","(S (INTJ (UH Well)) (, ,) (ADVP (RB actually)) (PP (IN as) (NP (NP (DT a) (NN matter)) (PP (IN of) (NP (NN fact))))) (, ,) (NP-SBJ (PRP they)) (ADVP (RB just)) (VP (VBD ran) (NP (DT the) (NN phone)) (ADVP-TMP (NP (CD three) (NNS years)) (RB ago))) (. .) (-DFL- E_S))",99
sw05utt/sw_0571_3750.utt,3/sw3750,3750,63,b,A,44,1,Uh-huh. /,[ Uh-huh/UH ] ./.,(INTJ (UH Uh-huh) (. .) (-DFL- E_S)),71
sw05utt/sw_0571_3750.utt,3/sw3750,3750,64,sd,B,45,1,We didn't have a phone. /,[ We/PRP ] did/VBD n't/RB have/VB  [ a/DT phone/NN ] ./.,(S (NP-SBJ (PRP We)) (VP (VBD did) (RB n't) (VP (VB have) (NP (DT a) (NN phone)))) (. .) (-DFL- E_S)),103
sw05utt/sw_0571_3750.utt,3/sw3750,3750,65,b,A,46,1,Uh-huh. /,[ Uh-huh/UH ] ./.,(INTJ (UH Uh-huh) (. .) (-DFL- E_S)),83
sw05utt/sw_0571_3750.utt,3/sw3750,3750,66,sd,B,47,1,They didn't have phone lines.  /,[ They/PRP ] did/VBD n't/RB have/VB  [ phone/NN lines/NNS ] ./.,(S (NP-SBJ (PRP They)) (VP (VBD did) (RB n't) (VP (VB have) (NP (NN phone) (NNS lines)))) (. .) (-DFL- E_S)),107
sw05utt/sw_0571_3750.utt,3/sw3750,3750,67,sd,B,47,2,You just couldn't get phones. /,[ You/PRP ] just/RB could/MD n't/RB get/VB  [ phones/NNS ] ./.,(S (NP-SBJ (PRP You)) (ADVP (RB just)) (VP (MD could) (RB n't) (VP (VB get) (NP (NNS phones)))) (. .) (-DFL- E_S)),108
sw05utt/sw_0571_3750.utt,3/sw3750,3750,68,b,A,48,1,Yeah. /,Yeah/UH ./.,(INTJ (UH Yeah) (. .) (-DFL- E_S)),87
sw05utt/sw_0571_3750.utt,3/sw3750,3750,69,sd,B,49,1,"{C And, } {F uh, } [ we are on the, + we are   third from the end on the ] electric string. /","And/CC ,/,  [ uh/UH ] ,/,  [ we/PRP ] are/VBP on/IN  [ the/DT ] ,/,  [ we/PRP ] are/VBP  [ third/JJ ] from/IN  [ the/DT end/NN ] on/IN  [ the/DT electric/JJ string/NN ] ./.","(S (CC And) (, ,) (INTJ (UH uh)) (, ,) (EDITED (RM (-DFL- \[)) (S (NP-SBJ (PRP we)) (VP (VBP are) (PP-PRD (IN on) (NP-UNF (DT the))))) (, ,) (IP (-DFL- \+))) (NP-SBJ (PRP we)) (VP (VBP are) (ADJP-PRD (JJ third) (PP (IN from) (NP (DT the) (NN end)))) (PP (IN on) (NP (DT the) (RS (-DFL- \])) (JJ electric) (NN string)))) (. .) (-DFL- E_S))",112
sw05utt/sw_0571_3750.utt,3/sw3750,3750,70,b,A,50,1,Uh-huh. /,[ Uh-huh/UH ] ./.,(INTJ (UH Uh-huh) (. .) (-DFL- E_S)),91
sw05utt/sw_0571_3750.utt,3/sw3750,3750,71,sd,B,51,1,"{C So, } we are at the end of the mail route # <laughter>. # /","So/RB ,/,  [ we/PRP ] are/VBP at/IN  [ the/DT end/NN ] of/IN  [ the/DT mail/NN route/NN ] ./.","(S (RB So) (, ,) (NP-SBJ (PRP we)) (VP (VBP are) (PP-LOC-PRD (IN at) (NP (NP (DT the) (NN end)) (PP (IN of) (NP (DT the) (NN mail) (NN route)))))) (. .) (-DFL- E_S))",116
sw05utt/sw_0571_3750.utt,3/sw3750,3750,72,b,A,52,1,# Yeah. # /,Yeah/UH ./.,(INTJ (UH Yeah) (. .) (-DFL- E_S)),96
sw05utt/sw_0571_3750.utt,3/sw3750,3750,73,sv,B,53,1,"Like I said, we are probably as far as you can get from the Seven Eleven and still be in Texas. /","Like/IN  [ I/PRP ] said/VBD ,/,  [ we/PRP ] are/VBP probably/RB as/RB far/RB as/IN  [ you/PRP ] can/MD get/VB from/IN  [ the/DT Seven/NNP Eleven/NNP ] and/CC still/RB be/VB in/IN  [ Texas/NNP ] ./.","(S (SBAR-ADV (IN Like) (S (NP-SBJ (PRP I)) (VP (VBD said)))) (, ,) (NP-SBJ (PRP we)) (VP (VBP are) (ADVP (RB probably)) (ADVP-PRD (ADVP (RB as) (RB far)) (SBAR (IN as) (S (NP-SBJ (PRP you)) (VP (MD can) (VP (VP (VB get) (PP (IN from) (NP (DT the) (NNP Seven) (NNP Eleven)))) (CC and) (VP (ADVP-TMP (RB still)) (VB be) (PP-LOC-PRD (IN in) (NP (NNP Texas)))))))))) (. .) (-DFL- E_S))",120
sw05utt/sw_0571_3750.utt,3/sw3750,3750,74,aa,A,54,1,"Yeah,  /","[ Yeah/UH ] ,/,","(INTJ (UH Yeah) (, ,) (-DFL- E_S))",122
sw05utt/sw_0571_3750.utt,3/sw3750,3750,75,am,A,54,2,"I guess so, # {F huh. } # /","[ I/PRP ] guess/VBP so/RB ,/, huh/UH ./.","(S (NP-SBJ (PRP I)) (VP (VBP guess) (ADVP (RB so)) (, ,) (INTJ (UH huh))) (. .) (-DFL- E_S))",123
sw05utt/sw_0571_3750.utt,3/sw3750,3750,76,sd,B,55,1,"# {C But, } # {F uh, } {D you know, } right now, {F uh, } what we did, my wife and I, is we got a mobile home.","But/CC ,/,  [ uh/UH ] ,/,  [ you/PRP ] know/VBP ,/, right/RB now/RB ,/,  [ uh/UH ] ,/,  [ what/WP ] [ we/PRP ] did/VBD ,/,  [ my/PRP$ wife/NN ] and/CC  [ I/PRP ] ,/, is/VBZ  [ we/PRP ] got/VBD  [ a/DT mobile/JJ home/NN ] ./.","(S (CC But) (, ,) (INTJ (UH uh)) (PRN (, ,) (S (NP-SBJ (PRP you)) (VP (VBP know))) (, ,)) (ADVP-TMP (RB right) (RB now)) (, ,) (INTJ (UH uh)) (, ,) (SBAR-NOM-SBJ (WHNP-1 (WP what)) (S (NP-SBJ (PRP we)) (VP (VBD did) (NP (-NONE- *T*-1)) (, ,) (NP-TPC (NP (PRP$ my) (NN wife)) (CC and) (NP (PRP I)))))) (, ,) (VP (VBZ is) (SBAR-PRD (-NONE- 0) (S (NP-SBJ (PRP we)) (VP (VP (VBD got) (NP (NP (DT a) (JJ mobile) (NN home)) (. .) (NP (NP (NP (CD One)) (PP (IN of) (NP (DT these) (NX (NX (CD twelve)) (PP (IN by) (NP (CD forty-eight) (NNS 's))))))) (SBAR (WHNP-2 (WDT that)) (S (NP-SBJ-3 (-NONE- *T*-2)) (VP (VBD got) (VP (VBN repoed) (NP (-NONE- *-3))))))))) (, ,) (CC And) (, ,) (INTJ (UH uh)) (, ,) (VP (VBD swapped) (NP (PRP them)) (NP (DT a) (NNP Cadillac)) (PP (IN for) (NP (PRP it)))) (CC and) (VP (VBD put) (NP (PRP it)) (PP-PUT (PP (IN out) (ADVP (RB here))) (PP (IN on) (NP (DT the) (NN land))))) (VP (VBG figuring) (SBAR (-NONE- 0) (S (NP-SBJ (PRP I)) (VP (MD would) (VP (VB build) (NP (DT a) (NN house)) (NP-TMP (DT some) (NN day)) (PRN (, ,) (S (NP-SBJ (PRP you)) (VP (VBP know))))))))))))) (. .) (-DFL- E_S))",125
sw05utt/sw_0571_3750.utt,3/sw3750,3750,77,b,A,56,1,Uh-huh. /,[ Uh-huh/UH ] ./.,(INTJ (UH Uh-huh) (. .) (-DFL- E_S)),101
sw05utt/sw_0571_3750.utt,3/sw3750,3750,78,+,B,57,1,"One of these twelve by forty-eight's that got repoed,","[ One/CD ] of/IN  [ these/DT twelve/CD ] by/IN  [ forty-eight/CD 's/NNS ]  [ that/WDT ] got/VBD repoed/VBN ,/,","(S (CC But) (, ,) (INTJ (UH uh)) (PRN (, ,) (S (NP-SBJ (PRP you)) (VP (VBP know))) (, ,)) (ADVP-TMP (RB right) (RB now)) (, ,) (INTJ (UH uh)) (, ,) (SBAR-NOM-SBJ (WHNP-1 (WP what)) (S (NP-SBJ (PRP we)) (VP (VBD did) (NP (-NONE- *T*-1)) (, ,) (NP-TPC (NP (PRP$ my) (NN wife)) (CC and) (NP (PRP I)))))) (, ,) (VP (VBZ is) (SBAR-PRD (-NONE- 0) (S (NP-SBJ (PRP we)) (VP (VP (VBD got) (NP (NP (DT a) (JJ mobile) (NN home)) (. .) (NP (NP (NP (CD One)) (PP (IN of) (NP (DT these) (NX (NX (CD twelve)) (PP (IN by) (NP (CD forty-eight) (NNS 's))))))) (SBAR (WHNP-2 (WDT that)) (S (NP-SBJ-3 (-NONE- *T*-2)) (VP (VBD got) (VP (VBN repoed) (NP (-NONE- *-3))))))))) (, ,) (CC And) (, ,) (INTJ (UH uh)) (, ,) (VP (VBD swapped) (NP (PRP them)) (NP (DT a) (NNP Cadillac)) (PP (IN for) (NP (PRP it)))) (CC and) (VP (VBD put) (NP (PRP it)) (PP-PUT (PP (IN out) (ADVP (RB here))) (PP (IN on) (NP (DT the) (NN land))))) (VP (VBG figuring) (SBAR (-NONE- 0) (S (NP-SBJ (PRP I)) (VP (MD would) (VP (VB build) (NP (DT a) (NN house)) (NP-TMP (DT some) (NN day)) (PRN (, ,) (S (NP-SBJ (PRP you)) (VP (VBP know))))))))))))) (. .) (-DFL- E_S))",125
sw05utt/sw_0571_3750.utt,3/sw3750,3750,79,b,A,58,1,Uh-huh. /,[ Uh-huh/UH ] ./.,(INTJ (UH Uh-huh) (. .) (-DFL- E_S)),105
sw05utt/sw_0571_3750.utt,3/sw3750,3750,80,+,B,59,1,"And, {F uh, } swapped them a Cadillac for it and put it out here on the land figuring I would build a house some day, # {D you know. } # /","And/CC ,/,  [ uh/UH ] ,/,  [ swapped/VBD ] [ them/PRP ] [ a/DT Cadillac/NNP ] for/IN  [ it/PRP ] and/CC put/VBD  [ it/PRP ] out/IN here/RB on/IN  [ the/DT land/NN ] figuring/VBG  [ I/PRP ] would/MD build/VB  [ a/DT house/NN ] [ some/DT day/NN ] ,/,  [ you/PRP ] know/VBP ./.","(S (CC But) (, ,) (INTJ (UH uh)) (PRN (, ,) (S (NP-SBJ (PRP you)) (VP (VBP know))) (, ,)) (ADVP-TMP (RB right) (RB now)) (, ,) (INTJ (UH uh)) (, ,) (SBAR-NOM-SBJ (WHNP-1 (WP what)) (S (NP-SBJ (PRP we)) (VP (VBD did) (NP (-NONE- *T*-1)) (, ,) (NP-TPC (NP (PRP$ my) (NN wife)) (CC and) (NP (PRP I)))))) (, ,) (VP (VBZ is) (SBAR-PRD (-NONE- 0) (S (NP-SBJ (PRP we)) (VP (VP (VBD got) (NP (NP (DT a) (JJ mobile) (NN home)) (. .) (NP (NP (NP (CD One)) (PP (IN of) (NP (DT these) (NX (NX (CD twelve)) (PP (IN by) (NP (CD forty-eight) (NNS 's))))))) (SBAR (WHNP-2 (WDT that)) (S (NP-SBJ-3 (-NONE- *T*-2)) (VP (VBD got) (VP (VBN repoed) (NP (-NONE- *-3))))))))) (, ,) (CC And) (, ,) (INTJ (UH uh)) (, ,) (VP (VBD swapped) (NP (PRP them)) (NP (DT a) (NNP Cadillac)) (PP (IN for) (NP (PRP it)))) (CC and) (VP (VBD put) (NP (PRP it)) (PP-PUT (PP (IN out) (ADVP (RB here))) (PP (IN on) (NP (DT the) (NN land))))) (VP (VBG figuring) (SBAR (-NONE- 0) (S (NP-SBJ (PRP I)) (VP (MD would) (VP (VB build) (NP (DT a) (NN house)) (NP-TMP (DT some) (NN day)) (PRN (, ,) (S (NP-SBJ (PRP you)) (VP (VBP know))))))))))))) (. .) (-DFL- E_S))",125
sw05utt/sw_0571_3750.utt,3/sw3750,3750,81,b,A,60,1,# Uh-huh. # /,[ Uh-huh/UH ] ./.,(INTJ (UH Uh-huh) (. .) (-DFL- E_S)),114
sw05utt/sw_0571_3750.utt,3/sw3750,3750,82,sd,B,61,1,I'm in construction  /,[ I/PRP ] 'm/VBP in/IN  [ construction/NN ],(S (NP-SBJ (PRP I)) (VP (VBP 'm) (PP-PRD (IN in) (NP (NN construction)))) (-DFL- E_S)),135
sw05utt/sw_0571_3750.utt,3/sw3750,3750,83,sd,B,61,2,"{C and, } {F uh, } {D you know } I just had this place {D you know } to shower up while I was you know out here, {D you know, } putting up fence and  building a driveway and drilling a well and all that stuff you have to do before you can even put a house in {D you know. } /","and/CC ,/,  [ uh/UH ] ,/,  [ you/PRP ] know/VBP  [ I/PRP ] just/RB had/VBD  [ this/DT place/NN ] [ you/PRP ] know/VBP to/TO shower/VB up/RP while/IN  [ I/PRP ] was/VBD  [ you/PRP ] know/VBP out/IN here/RB ,/,  [ you/PRP ] know/VBP ,/, putting/VBG up/RP  [ fence/NN ] and/CC building/VBG  [ a/DT driveway/NN ] and/CC drilling/VBG  [ a/DT ] well/NN and/CC  [ all/PDT that/DT stuff/NN ] [ you/PRP ] have/VBP to/TO do/VB before/IN  [ you/PRP ] can/MD even/RB put/VB  [ a/DT house/NN ] in/RB  [ you/PRP ] know/VBP ./.","(S (CC and) (, ,) (INTJ (UH uh)) (PRN (, ,) (S (NP-SBJ (PRP you)) (VP (VBP know)))) (NP-SBJ (PRP I)) (ADVP (RB just)) (VP (VBD had) (NP (DT this) (NN place)) (PRN (S (NP-SBJ (PRP you)) (VP (VBP know)))) (S (NP-SBJ (-NONE- *)) (VP (TO to) (VP (VB shower) (PRT (RP up)) (SBAR-TMP (IN while) (S (NP-SBJ-3 (PRP I)) (VP (VBD was) (PRN (S (NP-SBJ (PRP you)) (VP (VBP know)))) (PP-LOC-PRD (IN out) (ADVP (RB here))) (PRN (, ,) (S (NP-SBJ (PRP you)) (VP (VBP know))) (, ,)) (S-ADV (NP-SBJ (-NONE- *-3)) (VP (VP (VBG putting) (PRT (RP up)) (NP (NN fence))) (CC and) (VP (VBG building) (NP (DT a) (NN driveway))) (CC and) (VP (VBG drilling) (NP (DT a) (NN well))) (CC and) (NP-ETC (NP (PDT all) (DT that) (NN stuff)) (SBAR (WHNP-2 (-NONE- 0)) (S (NP-SBJ-1 (PRP you)) (VP (VBP have) (S (NP-SBJ (-NONE- *-1)) (VP (TO to) (VP (VB do) (NP (-NONE- *T*-2)) (SBAR-TMP (IN before) (S (NP-SBJ (PRP you)) (VP (MD can) (ADVP (RB even)) (VP (VB put) (NP (DT a) (NN house)) (ADVP-PUT (RB in)))))) (PRN (S (NP-SBJ (PRP you)) (VP (VBP know)))))))))))))))))))) (. .) (-DFL- E_S))",136
sw05utt/sw_0571_3750.utt,3/sw3750,3750,84,b,A,62,1,Uh-huh. /,[ Uh-huh/UH ] ./.,(INTJ (UH Uh-huh) (. .) (-DFL- E_S)),114
sw05utt/sw_0571_3750.utt,3/sw3750,3750,85,sd,B,63,1,"{C And, } {F uh, } I came home from work one Friday afternoon  /","And/CC ,/,  [ uh/UH ] ,/,  [ I/PRP ] came/VBD  [ home/RB ] from/IN  [ work/NN one/CD Friday/NNP afternoon/NN ]","(S (CC And) (, ,) (INTJ (UH uh)) (, ,) (NP-SBJ (PRP I)) (VP (VBD came) (ADVP-DIR (RB home) (PP (IN from) (NP (NN work)))) (NP-TMP (CD one) (NNP Friday) (NN afternoon))) (-DFL- E_S))",140
sw05utt/sw_0571_3750.utt,3/sw3750,3750,86,sd,B,63,2,{C and } our truck was back.  /,and/CC  [ our/PRP$ truck/NN ] was/VBD back/RB ./.,(S (CC and) (NP-SBJ (PRP$ our) (NN truck)) (VP (VBD was) (ADVP-PRD (RB back))) (. .) (-DFL- E_S)),141
sw05utt/sw_0571_3750.utt,3/sw3750,3750,87,sd,B,63,3,Everything we had was in boxes  /,[ Everything/NN ] [ we/PRP ] had/VBD was/VBD in/IN  [ boxes/NNS ],(S (NP-SBJ (NP (NN Everything)) (SBAR (WHNP-1 (-NONE- 0)) (S (NP-SBJ (PRP we)) (VP (VBD had) (NP (-NONE- *T*-1)))))) (VP (VBD was) (PP-PRD (IN in) (NP (NNS boxes)))) (-DFL- E_S)),142
sw05utt/sw_0571_3750.utt,3/sw3750,3750,88,sd(^q),B,63,4,"{C and } my wife said, {F uh, } we're moving. /","and/CC  [ my/PRP$ wife/NN ] said/VBD ,/,  [ uh/UH ] ,/,  [ we/PRP ] 're/VBP moving/VBG ./.","(S (CC and) (NP-SBJ (PRP$ my) (NN wife)) (VP (VBD said) (, ,) (INTJ (UH uh)) (, ,) (S-SEZ (NP-SBJ (PRP we)) (VP (VBP 're) (VP (VBG moving))))) (. .) (-DFL- E_S))",143
sw05utt/sw_0571_3750.utt,3/sw3750,3750,89,b,A,64,1,{F Uh. } /,[ Uh/UH ] ./.,(INTJ (UH Uh) (. .) (-DFL- E_S)),145
sw05utt/sw_0571_3750.utt,3/sw3750,3750,90,sd(^q),B,65,1,{C And } I said where.  /,And/CC  [ I/PRP ] said/VBD where/WRB ./.,(S (CC And) (NP-SBJ (PRP I)) (VP (VBD said) (FRAG-SEZ (WHADVP (WRB where)))) (. .) (-DFL- E_S)),147
sw05utt/sw_0571_3750.utt,3/sw3750,3750,91,sd(^q),B,65,2,{C And } she said out to the trailer.  /,And/CC  [ she/PRP ] said/VBD out/IN to/IN  [ the/DT trailer/NN ] ./.,(S (CC And) (NP-SBJ (PRP she)) (VP (VBD said) (PP-SEZ (IN out) (PP (IN to) (NP (DT the) (NN trailer))))) (. .) (-DFL- E_S)),148
sw05utt/sw_0571_3750.utt,3/sw3750,3750,92,sd(^q),B,65,3,"{C And } I said, oh.  /","And/CC  [ I/PRP ] said/VBD ,/, oh/UH ./.","(S (CC And) (NP-SBJ (PRP I)) (VP (VBD said) (, ,) (INTJ-SEZ (UH oh))) (. .) (-DFL- E_S))",149
sw05utt/sw_0571_3750.utt,3/sw3750,3750,93,sd(^q),B,65,4,She said yep  /,[ She/PRP ] said/VBD  [ yep/UH ],(S (NP-SBJ (PRP She)) (VP (VBD said) (INTJ-SEZ (UH yep))) (-DFL- E_S)),150
sw05utt/sw_0571_3750.utt,3/sw3750,3750,94,sd(^q),B,65,5,{C and } I said okay <laughter>. /,and/CC  [ I/PRP ] said/VBD okay/UH ./.,(S (CC and) (NP-SBJ (PRP I)) (VP (VBD said) (INTJ-SEZ (UH okay))) (. .) (-DFL- E_S)),151
sw05utt/sw_0571_3750.utt,3/sw3750,3750,95,b,A,66,1,{F Uh. } /,[ Uh/UH ] ./.,(INTJ (UH Uh) (. .) (-DFL- E_S)),145
sw05utt/sw_0571_3750.utt,3/sw3750,3750,96,sd,B,67,1,"{C So, } we have been roughing it out here for about three years,  /","So/RB ,/,  [ we/PRP ] have/VBP been/VBN roughing/VBG  [ it/PRP ] out/IN here/RB for/IN about/RB  [ three/CD years/NNS ] ,/,","(S (RB So) (, ,) (NP-SBJ (PRP we)) (VP (VBP have) (VP (VBN been) (VP (VBG roughing) (NP (PRP it)) (PP-LOC (IN out) (ADVP (RB here))) (PP-TMP (IN for) (NP (QP (RB about) (CD three)) (NNS years)))))) (, ,) (-DFL- E_S))",155
sw05utt/sw_0571_3750.utt,3/sw3750,3750,97,sd,B,67,2,{C but } it is not bad.  /,but/CC  [ it/PRP ] is/VBZ not/RB bad/JJ ./.,(S (CC but) (NP-SBJ (PRP it)) (VP (VBZ is) (RB not) (ADJP-PRD (JJ bad))) (. .) (-DFL- E_S)),156
sw05utt/sw_0571_3750.utt,3/sw3750,3750,98,sd,B,67,3,"[ I, + we  ] have color T V, microwave # {D you know } # -- /","[ I/PRP ] ,/,  [ we/PRP ] have/VBP  [ color/NN T/NN V/NN ] ,/,  [ microwave/NN ] [ you/PRP ] know/VBP --/:","(S (EDITED (RM (-DFL- \[)) (NP-SBJ (PRP I)) (, ,) (IP (-DFL- \+))) (NP-SBJ (PRP we)) (RS (-DFL- \])) (VP (VBP have) (NP (NP (NN color) (NN T) (NN V)) (, ,) (NP (NN microwave))) (PRN (S (NP-SBJ (PRP you)) (VP (VBP know))))) (-DFL- E_S))",157
sw05utt/sw_0571_3750.utt,3/sw3750,3750,99,b,A,68,1,# Yeah. # /,Yeah/UH ./.,(INTJ (UH Yeah) (. .) (-DFL- E_S)),159
sw05utt/sw_0571_3750.utt,3/sw3750,3750,100,sd,B,69,1,"-- it is not horrible,  /","--/:  [ it/PRP ] is/VBZ not/RB  [ horrible/NN ] ,/,","(S (NP-SBJ (PRP it)) (VP (VBZ is) (RB not) (ADJP-PRD (NN horrible))) (, ,) (-DFL- E_S))",161
sw05utt/sw_0571_3750.utt,3/sw3750,3750,101,sv,B,69,2,"{C but } [ it's, + it's  ] a lot like camping. /","but/CC  [ it/PRP ] 's/BES ,/,  [ it/PRP ] 's/BES  [ a/DT lot/NN ] like/IN camping/VBG ./.","(S (CC but) (EDITED (RM (-DFL- \[)) (S (NP-SBJ (PRP it)) (VP-UNF (BES 's))) (, ,) (IP (-DFL- \+))) (NP-SBJ (PRP it)) (VP (BES 's) (RS (-DFL- \])) (NP-PRD (NP (DT a) (NN lot)) (PP (IN like) (S-NOM (NP-SBJ (-NONE- *)) (VP (VBG camping)))))) (. .) (-DFL- E_S))",162
sw05utt/sw_0571_3750.utt,3/sw3750,3750,102,b,A,70,1,Uh-huh.  /,[ Uh-huh/UH ] ./.,(INTJ (UH Uh-huh) (. .) (-DFL- E_S)),130
sw05utt/sw_0571_3750.utt,3/sw3750,3750,103,b,A,70,2,"Yeah,  /","Yeah/UH ,/,","(INTJ (UH Yeah) (, ,) (-DFL- E_S))",165
sw05utt/sw_0571_3750.utt,3/sw3750,3750,104,sd,A,70,3,"{D well } I grew up in California, # [ in southe-, # -- +","well/UH  [ I/PRP ] grew/VBD up/RP in/IN  [ California/NNP ] ,/, in/IN  [ southe/JJ ] ,/, --/:","(S (INTJ (UH well)) (NP-SBJ (PRP I)) (VP (VBD grew) (PRT (RP up)) (PP-LOC (IN in) (NP (NNP California))) (, ,) (EDITED (RM (-DFL- \[)) (PP-LOC (IN in) (NP-UNF (JJ southe-))) (, ,) (IP (-DFL- \+))) (PP-LOC (IN in) (NP (JJ central) (RS (-DFL- \])) (NNP California))) (PP-LOC (ADVP (RB right)) (IN in) (NP (DT the) (NN valley)))) (. .) (-DFL- E_S))",166
sw05utt/sw_0571_3750.utt,3/sw3750,3750,105,b,B,71,1,# Uh-huh. # /,[ Uh-huh/UH ] ./.,(INTJ (UH Uh-huh) (. .) (-DFL- E_S)),133
sw05utt/sw_0571_3750.utt,3/sw3750,3750,106,+,A,72,1,-- in central  ] California --,--/: in/IN  [ central/JJ California/NNP ] --/:,"(S (INTJ (UH well)) (NP-SBJ (PRP I)) (VP (VBD grew) (PRT (RP up)) (PP-LOC (IN in) (NP (NNP California))) (, ,) (EDITED (RM (-DFL- \[)) (PP-LOC (IN in) (NP-UNF (JJ southe-))) (, ,) (IP (-DFL- \+))) (PP-LOC (IN in) (NP (JJ central) (RS (-DFL- \])) (NNP California))) (PP-LOC (ADVP (RB right)) (IN in) (NP (DT the) (NN valley)))) (. .) (-DFL- E_S))",166
sw05utt/sw_0571_3750.utt,3/sw3750,3750,107,b,B,73,1,Uh-huh. /,[ Uh-huh/UH ] ./.,(INTJ (UH Uh-huh) (. .) (-DFL- E_S)),138
sw05utt/sw_0571_3750.utt,3/sw3750,3750,108,+,A,74,1,-- right in the valley.  /,--/: right/RB in/IN  [ the/DT valley/NN ] ./.,"(S (INTJ (UH well)) (NP-SBJ (PRP I)) (VP (VBD grew) (PRT (RP up)) (PP-LOC (IN in) (NP (NNP California))) (, ,) (EDITED (RM (-DFL- \[)) (PP-LOC (IN in) (NP-UNF (JJ southe-))) (, ,) (IP (-DFL- \+))) (PP-LOC (IN in) (NP (JJ central) (RS (-DFL- \])) (NNP California))) (PP-LOC (ADVP (RB right)) (IN in) (NP (DT the) (NN valley)))) (. .) (-DFL- E_S))",166
sw05utt/sw_0571_3750.utt,3/sw3750,3750,109,sd,A,74,2,{C So } it is a forty-five minute drive to the mountains  /,So/RB  [ it/PRP ] is/VBZ  [ a/DT forty-five/CD minute/NN drive/NN ] to/IN  [ the/DT mountains/NNS ],(S (RB So) (NP-SBJ (PRP it)) (VP (VBZ is) (NP-PRD (NP (DT a) (ADJP (CD forty-five) (NN minute)) (NN drive)) (PP (IN to) (NP (DT the) (NNS mountains))))) (-DFL- E_S)),173
sw05utt/sw_0571_3750.utt,3/sw3750,3750,110,sd,A,74,3,"[ {C and, } +  {F uh, } {C so } ] my dad loved fishing and camping.  /","and/CC ,/,  [ uh/UH ] ,/,  [ so/RB my/PRP$ dad/NN ] loved/VBD fishing/NN and/CC camping/NN ./.","(S (EDITED (RM (-DFL- \[)) (CC and) (, ,) (IP (-DFL- \+))) (INTJ (UH uh)) (, ,) (RB so) (RS (-DFL- \])) (NP-SBJ-1 (PRP$ my) (NN dad)) (VP (VBD loved) (S (NP-SBJ (-NONE- *-1)) (VP (NN fishing) (CC and) (NN camping)))) (. .) (-DFL- E_S))",174
sw05utt/sw_0571_3750.utt,3/sw3750,3750,111,sd,A,74,4,{C So } we would go up.  /,So/RB  [ we/PRP ] would/MD go/VB up/RB ./.,(S (RB So) (NP-SBJ (PRP we)) (VP (MD would) (VP (VB go) (ADVP-DIR (RB up)))) (. .) (-DFL- E_S)),175
sw05utt/sw_0571_3750.utt,3/sw3750,3750,112,sd,A,74,5,"First, we went up [ just to, + ] {F uh, } with a Toyota pick up truck and laid out our sleeping bags under the stars and {D you know } cooked our, {F uh, } hot dogs by the fire or whatever. /","First/RB ,/,  [ we/PRP ] went/VBD up/RB just/RB to/TO ,/,  [ uh/UH ] ,/, with/IN  [ a/DT Toyota/NNP pick/GW ] up/^NN  [ truck/NN ] and/CC laid/VBD out/RB  [ our/PRP$ sleeping/NN bags/NNS ] under/IN  [ the/DT stars/NNS ] and/CC  [ you/PRP ] know/VBP cooked/VBD  [ our/PRP$ ] ,/,  [ uh/UH ] ,/,  [ hot/JJ dogs/NNS ] by/IN  [ the/DT fire/NN ] or/CC  [ whatever/WDT ] ./.","(S (ADVP-TMP (RB First)) (, ,) (NP-SBJ (PRP we)) (VP (VP (VBD went) (ADVP-DIR (RB up)) (EDITED (RM (-DFL- \[)) (S-PRP (NP-SBJ (-NONE- *)) (ADVP (RB just)) (VP-UNF (TO to))) (, ,) (IP (-DFL- \+))) (RS (-DFL- \])) (INTJ (UH uh)) (, ,) (PP (IN with) (NP (DT a) (NNP Toyota) (GW pick) (^NN up) (NN truck)))) (CC and) (VP (VBD laid) (PRT (RB out)) (NP (PRP$ our) (NN sleeping) (NNS bags)) (PP-LOC (IN under) (NP (DT the) (NNS stars)))) (CC and) (VP (PRN (S (NP-SBJ (PRP you)) (VP (VBP know)))) (VBD cooked) (NP (PRP$ our) (, ,) (INTJ (UH uh)) (, ,) (JJ hot) (NNS dogs)) (PP-LOC (IN by) (NP (DT the) (NN fire)))) (CC or) (NP-ETC (WDT whatever))) (. .) (-DFL- E_S))",176
sw05utt/sw_0571_3750.utt,3/sw3750,3750,113,ba,B,75,1,Sure. /,[ Sure/UH ] ./.,(INTJ (UH Sure) (. .) (-DFL- E_S)),178
sw05utt/sw_0571_3750.utt,3/sw3750,3750,114,sd,A,76,1,{C But } then later my mom and dad got a camper  /,But/CC then/RB later/RB  [ my/PRP$ mom/NN ] and/CC  [ dad/NN ] got/VBD  [ a/DT camper/NN ],(S (CONJP (CC But) (RB then)) (ADVP-TMP (RB later)) (NP-SBJ (PRP$ my) (NN mom) (CC and) (NN dad)) (VP (VBD got) (NP (DT a) (NN camper))) (-DFL- E_S)),180
sw05utt/sw_0571_3750.utt,3/sw3750,3750,115,sv,A,76,2,"{C so, } # {F uh } # --","so/UH ,/,  [ uh/UH ] --/:","(S (RB so) (, ,) (INTJ (UH uh)) (NP-SBJ (PRP we)) (VP (VBP have) (ADVP (RB kind) (RB of)) (VP (VBN moved) (PRT (RP up)))) (. .) (-DFL- E_S))",181
sw05utt/sw_0571_3750.utt,3/sw3750,3750,116,^2,B,77,1,# Became # civilized. /,Became/VBD civilized/JJ ./.,(S (NP-SBJ (-NONE- *)) (VP (VBD Became) (ADJP-PRD (JJ civilized))) (. .) (-DFL- E_S)),183
sw05utt/sw_0571_3750.utt,3/sw3750,3750,117,+,A,78,1,-- we have kind of moved up.  /,--/:  [ we/PRP ] have/VBP  [ kind/RB ] of/RB moved/VBN up/RP ./.,"(S (RB so) (, ,) (INTJ (UH uh)) (NP-SBJ (PRP we)) (VP (VBP have) (ADVP (RB kind) (RB of)) (VP (VBN moved) (PRT (RP up)))) (. .) (-DFL- E_S))",181
sw05utt/sw_0571_3750.utt,3/sw3750,3750,118,aa,A,78,2,Yeah.  /,Yeah/UH ./.,(INTJ (UH Yeah) (. .) (-DFL- E_S)),159
sw05utt/sw_0571_3750.utt,3/sw3750,3750,119,sv,A,78,3,A little bit in the world. /,[ A/DT little/JJ bit/NN ] in/IN  [ the/DT world/NN ] ./.,(NP (NP (DT A) (JJ little) (NN bit)) (PP-LOC (IN in) (NP (DT the) (NN world))) (. .) (-DFL- E_S)),186
sw05utt/sw_0571_3750.utt,3/sw3750,3750,120,b,B,79,1,"Yeah,  /","Yeah/UH ,/,","(INTJ (UH Yeah) (, ,) (-DFL- E_S))",165
sw05utt/sw_0571_3750.utt,3/sw3750,3750,121,sd,B,79,2,my mom goes camping {D you know. }  /,[ my/PRP$ mom/NN ] goes/VBZ camping/VBG  [ you/PRP ] know/VBP ./.,(S (NP-SBJ-1 (PRP$ my) (NN mom)) (VP (VBZ goes) (S (NP-SBJ (-NONE- *-1)) (VP (VBG camping))) (PRN (S (NP-SBJ (PRP you)) (VP (VBP know))))) (. .) (-DFL- E_S)),189
sw05utt/sw_0571_3750.utt,3/sw3750,3750,122,sd,B,79,3,"She takes her, {F uh, } motor home.  /","[ She/PRP ] takes/VBZ  [ her/PRP ] ,/,  [ uh/UH ] ,/,  [ motor/NN home/NN ] ./.","(S (NP-SBJ (PRP She)) (VP (VBZ takes) (NP (PRP her) (, ,) (INTJ (UH uh)) (, ,) (NN motor) (NN home))) (. .) (-DFL- E_S))",190
sw05utt/sw_0571_3750.utt,3/sw3750,3750,123,sd,B,79,4,"{D You know, } she's got one of these huge Winnebago's with a refrigerator and  air-conditioning, color T V, microwave # oven <laughter> # --","[ You/PRP ] know/VBP ,/,  [ she/PRP ] 's/HVS got/VBN  [ one/CD ] of/IN  [ these/DT huge/JJ Winnebago/NNP ] 's/NNS with/IN  [ a/DT refrigerator/NN ] and/CC  [ air-conditioning/NN ] ,/,  [ color/NN T/NN V/NN ] ,/,  [ microwave/NN oven/NN ] --/:","(S (PRN (S (NP-SBJ (PRP You)) (VP (VBP know))) (, ,)) (NP-SBJ (PRP she)) (VP (HVS 's) (VP (VBN got) (NP (NP (CD one)) (PP (IN of) (NP (NP (DT these) (JJ huge) (NNP Winnebago) (NNS 's)) (PP (IN with) (NP (NP (DT a) (NN refrigerator) (CC and) (NN air-conditioning)) (, ,) (NP (NN color) (NN T) (NN V)) (, ,) (NP (NN microwave) (NN oven))))))) (PRN (S (NP-SBJ (PRP you)) (VP (VBP know)))))) (. .) (-DFL- E_S))",191
sw05utt/sw_0571_3750.utt,3/sw3750,3750,124,b,A,80,1,# Yeah. # /,Yeah/UH ./.,(INTJ (UH Yeah) (. .) (-DFL- E_S)),159
sw05utt/sw_0571_3750.utt,3/sw3750,3750,125,+,B,81,1,-- {D you know } <laughter>.  /,--/:  [ you/PRP ] know/VBP ./.,(S (NP-SBJ-1 (PRP$ my) (NN mom)) (VP (VBZ goes) (S (NP-SBJ (-NONE- *-1)) (VP (VBG camping))) (PRN (S (NP-SBJ (PRP you)) (VP (VBP know))))) (. .) (-DFL- E_S)),189
sw05utt/sw_0571_3750.utt,3/sw3750,3750,126,%,B,81,2,"She just, - /","[ She/PRP ] just/RB ,/,","(S-UNF (NP-SBJ (PRP She)) (ADVP (RB just)) (, ,) (-DFL- N_S))",195
sw05utt/sw_0571_3750.utt,3/sw3750,3750,127,sd,B,81,3,roughing it for me is going to the Holiday Inn and getting a shower.,roughing/VBG  [ it/PRP ] for/IN  [ me/PRP ] is/VBZ going/VBG to/IN  [ the/DT Holiday/NNP Inn/NNP ] and/CC getting/VBG  [ a/DT shower/NN ] ./.,(S (S-NOM-SBJ (NP-SBJ (-NONE- *)) (VP (VBG roughing) (NP (PRP it)))) (PP (IN for) (NP (PRP me))) (VP (VBZ is) (S-PRD (NP-SBJ (-NONE- *)) (VP (VP (VBG going) (PP-DIR (IN to) (NP (DT the) (NNP Holiday) (NNP Inn)))) (CC and) (VP (VBG getting) (NP (DT a) (NN shower))))) (PRN (. .) (S (NP-SBJ (PRP You)) (VP (VBP know))))) (. .) (-DFL- E_S)),196
sw05utt/sw_0571_3750.utt,3/sw3750,3750,128,b,A,82,1,Yeah. /,Yeah/UH ./.,(INTJ (UH Yeah) (. .) (-DFL- E_S)),185
sw05utt/sw_0571_3750.utt,3/sw3750,3750,129,+,B,83,1,{D You know. } /,[ You/PRP ] know/VBP ./.,(S (S-NOM-SBJ (NP-SBJ (-NONE- *)) (VP (VBG roughing) (NP (PRP it)))) (PP (IN for) (NP (PRP me))) (VP (VBZ is) (S-PRD (NP-SBJ (-NONE- *)) (VP (VP (VBG going) (PP-DIR (IN to) (NP (DT the) (NNP Holiday) (NNP Inn)))) (CC and) (VP (VBG getting) (NP (DT a) (NN shower))))) (PRN (. .) (S (NP-SBJ (PRP You)) (VP (VBP know))))) (. .) (-DFL- E_S)),196
sw05utt/sw_0571_3750.utt,3/sw3750.pos,3750,130,x,A,84,1,<Laughter>.,./.
sw05utt/sw_0571_3750.utt,3/sw3750,3750,131,sd,B,85,1,"{C But, } {D you know, } she has a lot of fun. /","But/CC ,/,  [ you/PRP ] know/VBP ,/,  [ she/PRP ] has/VBZ  [ a/DT lot/NN ] of/IN  [ fun/NN ] ./.","(S (CC But) (PRN (, ,) (S (NP-SBJ (PRP you)) (VP (VBP know))) (, ,)) (NP-SBJ (PRP she)) (VP (VBZ has) (NP (NP (DT a) (NN lot)) (PP (IN of) (NP (NN fun))))) (. .) (-DFL- E_S))",202
sw05utt/sw_0571_3750.utt,3/sw3750,3750,132,b,A,86,1,Uh-huh. /,[ Uh-huh/UH ] ./.,(INTJ (UH Uh-huh) (. .) (-DFL- E_S)),204
sw05utt/sw_0571_3750.utt,3/sw3750,3750,133,%,B,87,1,"{C And } mostly, it is just a way to, - /","And/CC mostly/RB ,/,  [ it/PRP ] is/VBZ just/RB  [ a/DT way/NN ] to/TO ,/,","(S (CC And) (ADVP (RB mostly)) (, ,) (NP-SBJ (PRP it)) (VP (VBZ is) (ADVP (RB just)) (NP-PRD (NP (DT a) (NN way)) (SBAR (WHADVP (-NONE- 0)) (S (NP-SBJ (-NONE- *)) (VP-UNF (TO to)))))) (, ,) (-DFL- N_S))",206
sw05utt/sw_0571_3750.utt,3/sw3750,3750,134,sd,B,87,2,"[ she, + she  ] goes to dog shows. /","[ she/PRP ] ,/,  [ she/PRP ] goes/VBZ to/IN  [ dog/NN shows/NNS ] ./.","(S (EDITED (RM (-DFL- \[)) (NP-SBJ (PRP she)) (, ,) (IP (-DFL- \+))) (NP-SBJ (PRP she)) (RS (-DFL- \])) (VP (VBZ goes) (PP-DIR (IN to) (NP (NN dog) (NNS shows)))) (. .) (-DFL- E_S))",207
sw05utt/sw_0571_3750.utt,3/sw3750,3750,135,b,A,88,1,Uh-huh. /,[ Uh-huh/UH ] ./.,(INTJ (UH Uh-huh) (. .) (-DFL- E_S)),204
sw05utt/sw_0571_3750.utt,3/sw3750,3750,136,sd,B,89,1,"{D See, } she shows dogs  /","See/VB ,/,  [ she/PRP ] shows/VBZ  [ dogs/NNS ]","(S (INTJ (VB See)) (, ,) (NP-SBJ (PRP she)) (VP (VBZ shows) (NP (NNS dogs))) (-DFL- E_S))",211
sw05utt/sw_0571_3750.utt,3/sw3750,3750,137,sd,B,89,2,"{C and, } {F uh, } you can sneak a dog into a motel -- /","and/CC ,/,  [ uh/UH ] ,/,  [ you/PRP ] can/MD sneak/VB  [ a/DT dog/NN ] into/IN  [ a/DT motel/NN ] --/:","(S (CC and) (, ,) (INTJ (UH uh)) (, ,) (NP-SBJ (PRP you)) (VP (MD can) (VP (VB sneak) (NP (DT a) (NN dog)) (PP-DIR (IN into) (NP (DT a) (NN motel))))) (-DFL- E_S))",212
sw05utt/sw_0571_3750.utt,3/sw3750,3750,138,b,A,90,1,Uh-huh. /,[ Uh-huh/UH ] ./.,(INTJ (UH Uh-huh) (. .) (-DFL- E_S)),204
sw05utt/sw_0571_3750.utt,3/sw3750,3750,139,sd,B,91,1,-- {C but } you can't sneak ten dogs into a motel. /,--/: but/CC  [ you/PRP ] ca/MD n't/RB sneak/VB  [ ten/CD dogs/NNS ] into/IN  [ a/DT motel/NN ] ./.,(S (CC but) (NP-SBJ (PRP you)) (VP (MD ca) (RB n't) (VP (VB sneak) (NP (CD ten) (NNS dogs)) (PP-DIR (IN into) (NP (DT a) (NN motel))))) (. .) (-DFL- E_S)),216
sw05utt/sw_0571_3750.utt,3/sw3750,3750,140,aa,A,92,1,No <laughter>. /,[ No/UH ] ./.,(INTJ (UH No) (. .) (-DFL- E_S)),218
sw05utt/sw_0571_3750.utt,3/sw3750,3750,141,sd,B,93,1,"{C So, } she, {F uh, } {D you know, } takes the motor home <sniffing>.  /","So/UH ,/,  [ she/PRP ] ,/,  [ uh/UH ] ,/,  [ you/PRP ] know/VBP ,/, takes/VBZ  [ the/DT motor/NN home/NN ] ./.","(S (RB So) (, ,) (NP-SBJ (PRP she)) (, ,) (INTJ (UH uh)) (PRN (, ,) (S (NP-SBJ (PRP you)) (VP (VBP know))) (, ,)) (VP (VBZ takes) (NP (DT the) (NN motor) (NN home))) (. .) (-DFL- E_S))",220
sw05utt/sw_0571_3750.utt,3/sw3750,3750,142,sd,B,93,2,{C And } she made a deal with my dad that she would take all the dogs with her when she went dog showing. /,And/CC  [ she/PRP ] made/VBD  [ a/DT deal/NN ] with/IN  [ my/PRP$ dad/NN ] that/IN  [ she/PRP ] would/MD take/VB  [ all/PDT the/DT dogs/NNS ] with/IN  [ her/PRP ] when/WRB  [ she/PRP ] went/VBD  [ dog/NN ] showing/NN ./.,(S (CC And) (NP-SBJ (PRP she)) (VP (VBD made) (NP (NP (DT a) (NN deal) (SBAR (-NONE- *ICH*-3))) (PP (IN with) (NP (PRP$ my) (NN dad))) (SBAR-3 (IN that) (S (NP-SBJ (PRP she)) (VP (MD would) (VP (VB take) (NP (PDT all) (DT the) (NNS dogs)) (PP (IN with) (NP (PRP her))) (SBAR-TMP (WHADVP-1 (WRB when)) (S (NP-SBJ-2 (PRP she)) (VP (VBD went) (S (NP-SBJ (-NONE- *-2)) (VP (NN dog) (NN showing))) (ADVP-TMP (-NONE- *T*-1))))))))))) (. .) (-DFL- E_S)),221
sw05utt/sw_0571_3750.utt,3/sw3750,3750,143,b,A,94,1,Uh-huh. /,[ Uh-huh/UH ] ./.,(INTJ (UH Uh-huh) (. .) (-DFL- E_S)),204
sw05utt/sw_0571_3750.utt,3/sw3750,3750,144,%,B,95,1,"{C And } she, - /","And/CC  [ she/PRP ] ,/,","(S-UNF (CC And) (NP-SBJ (PRP she)) (, ,) (-DFL- N_S))",225
sw05utt/sw_0571_3750.utt,3/sw3750,3750,145,sd,B,95,2,if he would buy her a motor home # <laughter>. # /,if/IN  [ he/PRP ] would/MD buy/VB  [ her/PRP ] [ a/DT motor/NN home/NN ] ./.,(SBAR-ADV (IN if) (S (NP-SBJ (PRP he)) (VP (MD would) (VP (VB buy) (NP-BNF (PRP her)) (NP (DT a) (NN motor) (NN home))))) (. .) (-DFL- E_S)),226
sw05utt/sw_0571_3750.utt,3/sw3750.pos,3750,146,o@,A,96,1,# <Laughter>. #   *[[slash error]],./.
sw05utt/sw_0571_3750.utt,3/sw3750,3750,147,sd,B,97,1,{C So } he did <laughter>. /,So/UH  [ he/PRP ] did/VBD ./.,(S (RB So) (NP-SBJ (PRP he)) (VP (VBD did)) (. .) (-DFL- E_S)),229
sw05utt/sw_0571_3750.utt,3/sw3750,3750,148,+@,A,98,1,Yeah. /   *[[slash error should be 'b']],Yeah/UH ./.,(INTJ (UH Yeah) (. .) (-DFL- E_S)),231
sw05utt/sw_0571_3750.utt,3/sw3750,3750,149,sd,B,99,1,"{C But } as far as camping, my wife and I have plans to, {F uh, } not really camp per se, but to drive up the, {F uh, } {D you know, } Highway One there in California --","But/CC as/RB far/RB as/IN camping/NN ,/,  [ my/PRP$ wife/NN ] and/CC  [ I/PRP ] have/VBP  [ plans/NNS ] to/TO ,/,  [ uh/UH ] ,/, not/RB really/RB camp/VB per/FW  [ se/FW ] ,/, but/CC to/TO drive/VB up/IN  [ the/DT ] ,/,  [ uh/UH ] ,/,  [ you/PRP ] know/VBP ,/,  [ Highway/NN One/CD ] there/RB in/IN  [ California/NNP ] --/:","(S (CC But) (ADVP (ADVP (RB as) (RB far)) (PP (IN as) (NP (NN camping)))) (, ,) (NP-SBJ (NP (PRP$ my) (NN wife)) (CC and) (NP (PRP I))) (VP (VBP have) (NP (NNS plans) (S (NP-SBJ (-NONE- *)) (VP (VP (TO to) (, ,) (INTJ (UH uh)) (, ,) (RB not) (ADVP (RB really)) (VP (VB camp) (ADVP (FW per) (FW se)))) (, ,) (CC but) (VP (TO to) (VP (VB drive) (PP-DIR (IN up) (NP (NP (DT the) (, ,) (INTJ (UH uh)) (PRN (, ,) (S (NP-SBJ (PRP you)) (VP (VBP know))) (, ,)) (NN Highway) (CD One)) (ADVP-LOC (RB there)) (PP-LOC (IN in) (NP (NNP California))))) (INTJ (UH uh)) (, ,) (ADVP-TMP (ADVP (RB as) (RB soon)) (SBAR (IN as) (S (NP-SBJ (PRP we)) (VP (VBP get) (S (NP-SBJ-1 (DT this) (NN house)) (VP (VBN finished) (NP (-NONE- *-1)))))))))))))) (. .) (-DFL- E_S))",233
sw05utt/sw_0571_3750.utt,3/sw3750,3750,150,b,A,100,1,Uh-huh. /,[ Uh-huh/UH ] ./.,(INTJ (UH Uh-huh) (. .) (-DFL- E_S)),209
sw05utt/sw_0571_3750.utt,3/sw3750,3750,151,+,B,101,1,"-- {F uh, } as soon as we get this house finished. /","--/:  [ uh/UH ] ,/, as/RB soon/RB as/IN  [ we/PRP ] get/VBP  [ this/DT house/NN ] finished/VBN ./.","(S (CC But) (ADVP (ADVP (RB as) (RB far)) (PP (IN as) (NP (NN camping)))) (, ,) (NP-SBJ (NP (PRP$ my) (NN wife)) (CC and) (NP (PRP I))) (VP (VBP have) (NP (NNS plans) (S (NP-SBJ (-NONE- *)) (VP (VP (TO to) (, ,) (INTJ (UH uh)) (, ,) (RB not) (ADVP (RB really)) (VP (VB camp) (ADVP (FW per) (FW se)))) (, ,) (CC but) (VP (TO to) (VP (VB drive) (PP-DIR (IN up) (NP (NP (DT the) (, ,) (INTJ (UH uh)) (PRN (, ,) (S (NP-SBJ (PRP you)) (VP (VBP know))) (, ,)) (NN Highway) (CD One)) (ADVP-LOC (RB there)) (PP-LOC (IN in) (NP (NNP California))))) (INTJ (UH uh)) (, ,) (ADVP-TMP (ADVP (RB as) (RB soon)) (SBAR (IN as) (S (NP-SBJ (PRP we)) (VP (VBP get) (S (NP-SBJ-1 (DT this) (NN house)) (VP (VBN finished) (NP (-NONE- *-1)))))))))))))) (. .) (-DFL- E_S))",233
sw05utt/sw_0571_3750.utt,3/sw3750,3750,152,b,A,102,1,Yeah.  /,Yeah/UH ./.,(INTJ (UH Yeah) (. .) (-DFL- E_S)),231
sw05utt/sw_0571_3750.utt,3/sw3750,3750,153,ba,A,102,2,"# {F Oh } [ that's, +  {F uh, } #","Oh/UH  [ that/DT ] 's/BES ,/,  [ uh/UH ] ,/,","(S (INTJ (UH Oh)) (EDITED (RM (-DFL- \[)) (S (NP-SBJ (DT that)) (VP-UNF (BES 's))) (, ,) (IP (-DFL- \+))) (INTJ (UH uh)) (, ,) (NP-SBJ (DT That)) (VP (MD will) (VP (VB be) (RS (-DFL- \])) (ADJP-PRD (JJ pretty)))) (. .) (-DFL- E_S))",239
sw05utt/sw_0571_3750.utt,3/sw3750,3750,154,sd,B,103,1,# I am going to # need a vacation <laughter>. /,[ I/PRP ] am/VBP going/VBG to/TO need/VB  [ a/DT vacation/NN ] ./.,(S (NP-SBJ-1 (PRP I)) (VP (VBP am) (VP (VBG going) (S (NP-SBJ (-NONE- *-1)) (VP (TO to) (VP (VB need) (NP (DT a) (NN vacation))))))) (. .) (-DFL- E_S)),241
sw05utt/sw_0571_3750.utt,3/sw3750,3750,155,+,A,104,1,That will be ] pretty.  /,[ That/DT ] will/MD be/VB pretty/JJ ./.,"(S (INTJ (UH Oh)) (EDITED (RM (-DFL- \[)) (S (NP-SBJ (DT that)) (VP-UNF (BES 's))) (, ,) (IP (-DFL- \+))) (INTJ (UH uh)) (, ,) (NP-SBJ (DT That)) (VP (MD will) (VP (VB be) (RS (-DFL- \])) (ADJP-PRD (JJ pretty)))) (. .) (-DFL- E_S))",239
sw05utt/sw_0571_3750.utt,3/sw3750,3750,156,sv,A,104,2,That's really pretty out there.  /,[ That/DT ] 's/BES really/RB pretty/JJ out/IN there/RB ./.,(S (NP-SBJ (DT That)) (VP (BES 's) (ADJP-PRD (RB really) (JJ pretty)) (PP-LOC (IN out) (ADVP (RB there)))) (. .) (-DFL- E_S)),243
sw05utt/sw_0571_3750.utt,3/sw3750,3750,157,sv,A,104,3,"There are a lot of nice places, /","[ There/EX ] are/VBP  [ a/DT lot/NN ] of/IN  [ nice/JJ places/NNS ] ,/,","(S (NP-SBJ (EX There)) (VP (VBP are) (NP-PRD (NP (DT a) (NN lot)) (PP (IN of) (NP (JJ nice) (NNS places))))) (, ,) (-DFL- E_S))",244
