swda_filename,ptb_basename,conversation_no,transcript_index,act_tag,caller,utterance_index,subutterance_index,text,pos,trees,ptb_treenumbers
sw05utt/sw_0541_2719.utt,2/sw2719,2719,0,qy,A,1,1,Do you exercise a lot? /,Do/VBP  [ you/PRP ] exercise/VB  [ a/DT lot/NN ] ?/.,(SQ (VBP Do) (NP-SBJ (PRP you)) (VP (VB exercise) (NP-ADV (DT a) (NN lot))) (. ?) (-DFL- E_S)),1
sw05utt/sw_0541_2719.utt,2/sw2719,2719,1,no,B,2,1,"{F Oh, } it's {F uh, } scaled back considerably.   /","Oh/UH ,/,  [ it/PRP ] 's/BES uh/UH ,/, scaled/VBN back/RP considerably/RB ./.","(S (INTJ (UH Oh)) (, ,) (NP-SBJ (PRP it)) (VP (BES 's) (INTJ (UH uh)) (, ,) (VP (VBN scaled) (ADVP (RP back)) (ADVP (RB considerably)))) (. .) (-DFL- E_S))",3
sw05utt/sw_0541_2719.utt,2/sw2719,2719,2,sd^e,B,2,2,"{F Uh, }  right now my exercise is pretty much limited to, {F uh, }  softball league and  occasional ride on the bike,  /","[ Uh/UH ] ,/, right/RB now/RB  [ my/PRP$ exercise/NN ] is/VBZ pretty/RB much/RB limited/JJ to/IN ,/,  [ uh/UH ] ,/,  [ softball/NN league/NN ] and/CC  [ occasional/JJ ride/NN ] on/IN  [ the/DT bike/NN ] ,/,","(S (INTJ (UH Uh)) (, ,) (ADVP-TMP (RB right) (RB now)) (NP-SBJ (PRP$ my) (NN exercise)) (VP (VBZ is) (ADVP (RB pretty) (RB much)) (ADJP-PRD (JJ limited) (PP (IN to) (, ,) (INTJ (UH uh)) (, ,) (NP (NP (NN softball) (NN league)) (CC and) (NP (NP (JJ occasional) (NN ride)) (PP (IN on) (NP (DT the) (NN bike)))))))) (, ,) (-DFL- E_S))",4
sw05utt/sw_0541_2719.utt,2/sw2719,2719,3,sd,B,2,3,"{C but } {F uh, } [ I + {F uh, } I ]  [ was + ] just  [ [ recently, + {D well, } recently ] +   nine months ago, ] got married and bought a house  /","but/CC  [ uh/UH ] ,/,  [ I/PRP ] uh/UH ,/,  [ I/PRP ] was/VBD just/RB recently/RB ,/, well/UH ,/, recently/RB  [ nine/CD months/NNS ] ago/RB ,/, got/VBD married/JJ and/CC bought/VBN  [ a/DT house/NN ]","(S (CC but) (INTJ (UH uh)) (, ,) (EDITED (RM (-DFL- \[)) (NP-SBJ (PRP I)) (IP (-DFL- \+))) (INTJ (UH uh)) (, ,) (NP-SBJ-1 (PRP I)) (RS (-DFL- \])) (EDITED (RM (-DFL- \[)) (VP-UNF (VBD was)) (IP (-DFL- \+)) (RS (-DFL- \]))) (ADVP (RB just)) (EDITED (RM (-DFL- \[)) (EDITED (RM (-DFL- \[)) (ADVP-TMP (RB recently)) (, ,) (IP (-DFL- \+))) (INTJ (UH well)) (, ,) (ADVP-TMP (RB recently)) (RS (-DFL- \])) (IP (-DFL- \+))) (ADVP-TMP (NP (CD nine) (NNS months)) (RB ago)) (, ,) (RS (-DFL- \])) (VP (VP (VBD got) (VP (JJ married) (NP (-NONE- *-1)))) (CC and) (VP (VBN bought) (NP (DT a) (NN house)))) (-DFL- E_S))",5
sw05utt/sw_0541_2719.utt,2/sw2719,2719,4,sd,B,2,4,{C so } my outside activities have been curtailed a lot. /,[ so/RB my/PRP$ outside/JJ activities/NNS ] have/VBP been/VBN curtailed/VBN  [ a/DT lot/NN ] ./.,(S (RB so) (NP-SBJ-1 (PRP$ my) (JJ outside) (NNS activities)) (VP (VBP have) (VP (VBN been) (VP (VBN curtailed) (NP (-NONE- *-1)) (NP-ADV (DT a) (NN lot))))) (. .) (-DFL- E_S)),6
sw05utt/sw_0541_2719.utt,2/sw2719,2719,5,qy,A,3,1,Is mowing the lawn a new exercise <laughter>? /,Is/VBZ mowing/VBG  [ the/DT lawn/NN ] [ a/DT new/JJ exercise/NN ] ?/.,(SQ (VBZ Is) (S-NOM-SBJ (NP-SBJ (-NONE- *)) (VP (VBG mowing) (NP (DT the) (NN lawn)))) (NP-PRD (DT a) (JJ new) (NN exercise)) (. ?) (-DFL- E_S)),8
sw05utt/sw_0541_2719.utt,2/sw2719,2719,6,ny,B,4,1,"Yeah,  /","Yeah/UH ,/,","(INTJ (UH Yeah) (, ,) (-DFL- E_S))",10
sw05utt/sw_0541_2719.utt,2/sw2719,2719,7,b^m,B,4,2,"lawn,  /","[ lawn/NN ] ,/,","(NP (NN lawn) (, ,) (-DFL- E_S))",11
sw05utt/sw_0541_2719.utt,2/sw2719,2719,8,sd,B,4,3,"it's a  forty year old house,  /","[ it/PRP ] 's/BES  [ a/DT forty/CD year/NN old/JJ house/NN ] ,/,","(S (NP-SBJ (PRP it)) (VP (BES 's) (NP-PRD (DT a) (ADJP (NP (CD forty) (NN year)) (JJ old)) (NN house))) (, ,) (-DFL- E_S))",12
sw05utt/sw_0541_2719.utt,2/sw2719,2719,9,sd,B,4,4,"{C so, }","so/UH ,/,","(S (RB so) (, ,) (NP-SBJ (PRP we)) (VP (VBP are) (VP (VBG doing) (NP (NP (DT a) (NN lot)) (PP (IN of) (NP (VB refurbish) (NN work)))))) (, ,) (-DFL- E_S))",13
sw05utt/sw_0541_2719.utt,2/sw2719,2719,10,ba,A,5,1,"{F Oh, } my. /","Oh/UH ,/,  [ my/PRP$ ] ./.","(INTJ (INTJ (UH Oh)) (, ,) (INTJ (PRP$ my)) (. .) (-DFL- E_S))",15
sw05utt/sw_0541_2719.utt,2/sw2719,2719,11,+,B,6,1,"we are doing a lot of refurbish work,  /","[ we/PRP ] are/VBP doing/VBG  [ a/DT lot/NN ] of/IN refurbish/VB  [ work/NN ] ,/,","(S (RB so) (, ,) (NP-SBJ (PRP we)) (VP (VBP are) (VP (VBG doing) (NP (NP (DT a) (NN lot)) (PP (IN of) (NP (VB refurbish) (NN work)))))) (, ,) (-DFL- E_S))",13
sw05utt/sw_0541_2719.utt,2/sw2719,2719,12,%,B,6,2,"{C and } yeah,  /","and/CC yeah/UH ,/,","(FRAG (CC and) (INTJ (UH yeah)) (, ,) (-DFL- E_S))",17
sw05utt/sw_0541_2719.utt,2/sw2719,2719,13,sd,B,6,3,"painting, lawn, gutters.    /","painting/VBG ,/,  [ lawn/NN ] ,/,  [ gutters/NNS ] ./.","(NP (NP (VBG painting)) (, ,) (NP (NN lawn)) (, ,) (NP (NNS gutters)) (. .) (-DFL- E_S))",18
sw05utt/sw_0541_2719.utt,2/sw2719,2719,14,sd,B,6,4,"You name it, all kinds of stuff, flower beds. /","[ You/PRP ] name/VBP  [ it/PRP ] ,/,  [ all/DT kinds/NNS ] of/IN  [ stuff/NN ] ,/,  [ flower/NN beds/NNS ] ./.","(S (NP-SBJ (PRP You)) (VP (VBP name) (NP (PRP it))) (, ,))|||(NP (NP (NP (DT all) (NNS kinds)) (PP (IN of) (NP (NN stuff)))) (, ,) (NP (NN flower) (NNS beds)) (. .) (-DFL- E_S))",19|||20
sw05utt/sw_0541_2719.utt,2/sw2719,2719,15,sv,A,7,1,I think that's considered exercise whether you want it or  not. /,[ I/PRP ] think/VBP that/DT  [ 's/BES considered/VBN exercise/NN ] whether/IN  [ you/PRP ] want/VBP  [ it/PRP ] or/CC not/RB ./.,(S (NP-SBJ (PRP I)) (VP (VBP think) (SBAR (-NONE- 0) (S (NP-SBJ-1 (DT that)) (VP (BES 's) (VP (VBN considered) (S (NP-SBJ (-NONE- *-1)) (NP-PRD (NN exercise))) (SBAR-ADV (IN whether) (S (NP-SBJ (PRP you)) (VP (VP (VBP want) (NP (PRP it))) (CC or) (VP (FRAG (RB not))))))))))) (. .) (-DFL- E_S)),22
sw05utt/sw_0541_2719.utt,2/sw2719,2719,16,aa,B,8,1,"Yeah,  /","Yeah/UH ,/,","(INTJ (UH Yeah) (, ,) (-DFL- E_S))",10
sw05utt/sw_0541_2719.utt,2/sw2719,2719,17,aa,B,8,2,"[ that, + that's ] true,  /","that/IN ,/,  [ that/DT ] 's/BES true/JJ ,/,","(S (EDITED (RM (-DFL- \[)) (NP-SBJ (IN that)) (, ,) (IP (-DFL- \+))) (NP-SBJ (DT that)) (VP (BES 's) (RS (-DFL- \])) (ADJP-PRD (JJ true))) (, ,) (-DFL- E_S))",25
sw05utt/sw_0541_2719.utt,2/sw2719,2719,18,aa^r,B,8,3,that's true.  /,[ that/DT ] 's/BES true/JJ ./.,(S (NP-SBJ (DT that)) (VP (BES 's) (ADJP-PRD (JJ true))) (. .) (-DFL- E_S)),26
sw05utt/sw_0541_2719.utt,2/sw2719,2719,19,sd,B,8,4,"[ It's, +   there's ] always something to do  /","[ It/PRP ] 's/BES ,/,  [ there/EX ] 's/BES always/RB  [ something/NN ] to/TO do/VB","(S (EDITED (RM (-DFL- \[)) (S (NP-SBJ (PRP It)) (VP-UNF (BES 's))) (, ,) (IP (-DFL- \+))) (NP-SBJ (EX there)) (VP (BES 's) (RS (-DFL- \])) (ADVP-TMP (RB always)) (NP-PRD (NP (NN something)) (SBAR (WHNP-1 (-NONE- 0)) (S (NP-SBJ (-NONE- *)) (VP (TO to) (VP (VB do) (NP (-NONE- *T*-1)))))))) (-DFL- E_S))",27
sw05utt/sw_0541_2719.utt,2/sw2719,2719,20,sd,B,8,5,"[ [ {C and } + {F uh, } {C and, }  ] + {C and }  ] {F uh, } it keeps me going.  /","and/CC  [ uh/UH ] ,/, and/CC ,/, and/CC  [ uh/UH ] ,/,  [ it/PRP ] keeps/VBZ  [ me/PRP ] going/VBG ./.","(S (EDITED (RM (-DFL- \[)) (EDITED (RM (-DFL- \[)) (CC and) (IP (-DFL- \+))) (S-UNF (INTJ (UH uh)) (, ,) (CC and)) (, ,) (RS (-DFL- \])) (IP (-DFL- \+))) (CC and) (RS (-DFL- \])) (INTJ (UH uh)) (, ,) (NP-SBJ (PRP it)) (VP (VBZ keeps) (S (NP-SBJ (PRP me)) (VP (VBG going)))) (. .) (-DFL- E_S))",28
sw05utt/sw_0541_2719.utt,2/sw2719,2719,21,%,B,8,6,{C But... } -/,But/CC .../:,(S-UNF (CC But) (: ...) (-DFL- N_S)),29
sw05utt/sw_0541_2719.utt,2/sw2719,2719,22,sv,A,9,1,"{D Well, } [ you're, + you are ] so far ahead of me. /","Well/UH ,/,  [ you/PRP ] 're/VBP ,/,  [ you/PRP ] are/VBP so/RB far/RB ahead/RB of/IN  [ me/PRP ] ./.","(S (INTJ (UH Well)) (, ,) (EDITED (RM (-DFL- \[)) (S (NP-SBJ (PRP you)) (VP-UNF (VBP 're)) (, ,) (IP (-DFL- \+)))) (NP-SBJ (PRP you)) (VP (VBP are) (RS (-DFL- \])) (ADVP-PRD (ADVP (RB so) (RB far)) (RB ahead) (PP (IN of) (NP (PRP me))))) (. .) (-DFL- E_S))",31
sw05utt/sw_0541_2719.utt,2/sw2719.pos,2719,23,x,B,10,1,<laughter>.,./.
sw05utt/sw_0541_2719.utt,2/sw2719,2719,24,sd,A,11,1,"[ I used to + {F uh, } I used to ] walk two miles a day, /","[ I/PRP ] used/VBD to/TO uh/UH ,/,  [ I/PRP ] used/VBD to/TO walk/VB  [ two/CD miles/NNS ] [ a/DT day/NN ] ,/,","(S (EDITED (RM (-DFL- \[)) (S (NP-SBJ-1 (PRP I)) (VP (VBD used) (S (NP-SBJ (-NONE- *-1)) (VP-UNF (TO to))))) (IP (-DFL- \+))) (INTJ (UH uh)) (, ,) (NP-SBJ-2 (PRP I)) (VP (VBD used) (S (NP-SBJ (-NONE- *-2)) (VP (TO to) (RS (-DFL- \])) (VP (VB walk) (NP-EXT (NP (CD two) (NNS miles)) (NP-ADV (DT a) (NN day))))))) (, ,) (-DFL- E_S))",34
sw05utt/sw_0541_2719.utt,2/sw2719,2719,25,b,B,12,1,Uh-huh. /,[ Uh-huh/UH ] ./.,(INTJ (UH Uh-huh) (. .) (-DFL- E_S)),36
sw05utt/sw_0541_2719.utt,2/sw2719,2719,26,sd,A,13,1,{C and } I really enjoyed it. /,and/CC  [ I/PRP ] really/RB enjoyed/VBD  [ it/PRP ] ./.,(S (CC and) (NP-SBJ (PRP I)) (ADVP (RB really)) (VP (VBD enjoyed) (NP (PRP it))) (. .) (-DFL- E_S)),38
sw05utt/sw_0541_2719.utt,2/sw2719,2719,27,b,B,14,1,Yeah. /,Yeah/UH ./.,(INTJ (UH Yeah) (. .) (-DFL- E_S)),40
sw05utt/sw_0541_2719.utt,2/sw2719,2719,28,sd,A,15,1,"{C Because } the two miles, went fairly quickly.  /","Because/RB  [ the/DT two/CD miles/NNS ] ,/, went/VBD fairly/RB quickly/RB ./.","(SBAR-PRP (RB Because) (S (NP-SBJ (DT the) (CD two) (NNS miles)) (, ,) (VP (VBD went) (ADVP (RB fairly) (RB quickly)))) (. .) (-DFL- E_S))",42
sw05utt/sw_0541_2719.utt,2/sw2719,2719,29,sd,A,15,2,I could do it in twenty-eight minutes. /,[ I/PRP ] could/MD do/VB  [ it/PRP ] in/IN  [ twenty-eight/CD minutes/NNS ] ./.,(S (NP-SBJ (PRP I)) (VP (MD could) (VP (VB do) (NP (PRP it)) (PP-TMP (IN in) (NP (CD twenty-eight) (NNS minutes))))) (. .) (-DFL- E_S)),43
sw05utt/sw_0541_2719.utt,2/sw2719,2719,30,b,B,16,1,Yeah. /,Yeah/UH ./.,(INTJ (UH Yeah) (. .) (-DFL- E_S)),40
sw05utt/sw_0541_2719.utt,2/sw2719,2719,31,sd,A,17,1,"{C And } that's not stopping and talking to everyone along the way, /","And/CC  [ that/DT ] 's/BES not/RB stopping/VBG and/CC talking/VBG to/IN  [ everyone/NN ] along/IN  [ the/DT way/NN ] ,/,","(S (CC And) (NP-SBJ (DT that)) (VP (BES 's) (RB not) (VP (VP (VBG stopping)) (CC and) (VP (VBG talking) (PP (IN to) (NP (NN everyone)))) (PP (IN along) (NP (DT the) (NN way))))) (, ,) (-DFL- E_S))",47
sw05utt/sw_0541_2719.utt,2/sw2719,2719,32,b,B,18,1,Right. /,[ Right/UH ] ./.,(INTJ (UH Right) (. .) (-DFL- E_S)),49
sw05utt/sw_0541_2719.utt,2/sw2719,2719,33,sd,A,19,1,{C but } it's a lot.  {D You know. }  /,but/CC  [ it/PRP ] 's/BES  [ a/DT lot/NN ] ./.  [ You/PRP ] know/VBP ./.,(S (CC but) (NP-SBJ (PRP it)) (VP (BES 's) (NP-PRD (DT a) (NN lot)) (PRN (. .) (S (NP-SBJ (PRP You)) (VP (VBP know))))) (. .) (-DFL- E_S)),51
sw05utt/sw_0541_2719.utt,2/sw2719,2719,34,sd,A,19,2,"It's not too strenuous,  /","[ It/PRP ] 's/BES not/RB too/RB strenuous/JJ ,/,","(S (NP-SBJ (PRP It)) (VP (BES 's) (RB not) (ADJP-PRD (RB too) (JJ strenuous))) (, ,) (-DFL- E_S))",52
sw05utt/sw_0541_2719.utt,2/sw2719,2719,35,sd,A,19,3,"{C and } I could sort all kinds of things out and make plans and everything,  /","and/CC  [ I/PRP ] could/MD sort/VB  [ all/DT kinds/NNS ] of/IN  [ things/NNS ] out/RP and/CC make/VB  [ plans/NNS ] and/CC  [ everything/NN ] ,/,","(S (CC and) (NP-SBJ (PRP I)) (VP (MD could) (VP (VP (VB sort) (NP (NP (DT all) (NNS kinds)) (PP (IN of) (NP (NNS things)))) (PRT (RP out))) (CC and) (VP (VB make) (NP (NNS plans) (CC and) (NN everything))))) (, ,) (-DFL- E_S))",53
sw05utt/sw_0541_2719.utt,2/sw2719,2719,36,sd,A,19,4,{C but } I don't know what I did to my knee.  /,but/CC  [ I/PRP ] do/VBP n't/RB know/VB  [ what/WP ] [ I/PRP ] did/VBD to/IN  [ my/PRP$ knee/NN ] ./.,(S (CC but) (NP-SBJ (PRP I)) (VP (VBP do) (RB n't) (VP (VB know) (SBAR-NOM (WHNP-1 (WP what)) (S (NP-SBJ (PRP I)) (VP (VBD did) (NP (-NONE- *T*-1)) (PP (IN to) (NP (PRP$ my) (NN knee)))))))) (. .) (-DFL- E_S)),54
sw05utt/sw_0541_2719.utt,2/sw2719,2719,37,sd,A,19,5,"I was crawling under a desk, hooking up a computer. /","[ I/PRP ] was/VBD crawling/VBG under/IN  [ a/DT desk/NN ] ,/, hooking/VBG up/RP  [ a/DT computer/NN ] ./.","(S (NP-SBJ (PRP I)) (VP (VBD was) (VP (VP (VBG crawling) (PP (IN under) (NP (DT a) (NN desk)))) (, ,) (VP (VBG hooking) (PRT (RP up)) (NP (DT a) (NN computer))))) (. .) (-DFL- E_S))",55
sw05utt/sw_0541_2719.utt,2/sw2719,2719,38,b,B,20,1,Uh-huh. /,[ Uh-huh/UH ] ./.,(INTJ (UH Uh-huh) (. .) (-DFL- E_S)),36
sw05utt/sw_0541_2719.utt,2/sw2719,2719,39,sd,A,21,1,"{C And } I mashed it wrong,  or I did something. /","And/CC  [ I/PRP ] mashed/VBD  [ it/PRP ] wrong/RB ,/, or/CC  [ I/PRP ] did/VBD  [ something/NN ] ./.","(S (CC And) (NP-SBJ (PRP I)) (VP (VBD mashed) (NP (PRP it)) (ADVP (RB wrong))) (, ,))|||(S (CC or) (NP-SBJ (PRP I)) (VP (VBD did) (NP (NN something))) (. .) (-DFL- E_S))",59|||60
sw05utt/sw_0541_2719.utt,2/sw2719,2719,40,ba,B,22,1,"{F Oh, } gosh. /","Oh/UH ,/, gosh/UH ./.","(INTJ (INTJ (UH Oh)) (, ,) (INTJ (UH gosh)) (. .) (-DFL- E_S))",62
sw05utt/sw_0541_2719.utt,2/sw2719,2719,41,sd,A,23,1,"{C And } the doctor has had me on medication,  /","And/CC  [ the/DT doctor/NN ] has/VBZ had/VBN  [ me/PRP ] on/IN  [ medication/NN ] ,/,","(S (CC And) (NP-SBJ (DT the) (NN doctor)) (VP (VBZ has) (VP (VBN had) (NP (PRP me)) (PP (IN on) (NP (NN medication))))) (, ,) (-DFL- E_S))",64
sw05utt/sw_0541_2719.utt,2/sw2719,2719,42,sd,A,23,2,"{C and } she doesn't want me to walk,  /","and/CC  [ she/PRP ] does/VBZ n't/RB want/VB  [ me/PRP ] to/TO walk/VB ,/,","(S (CC and) (NP-SBJ (PRP she)) (VP (VBZ does) (RB n't) (VP (VB want) (S (NP-SBJ (PRP me)) (VP (TO to) (VP (VB walk)))))) (, ,) (-DFL- E_S))",65
sw05utt/sw_0541_2719.utt,2/sw2719,2719,43,sd,A,23,3,"she said, that's  {D you know, } while it's healing,  you're going to mess it up,  /","[ she/PRP ] said/VBD ,/,  [ that/DT ] 's/BES  [ you/PRP ] know/VBP ,/, while/IN  [ it/PRP ] 's/BES healing/VBG ,/,  [ you/PRP ] 're/VBP going/VBG to/TO mess/VB  [ it/PRP ] up/RP ,/,","(S (NP-SBJ (PRP she)) (VP (VBD said) (, ,) (SBAR (DT that) (X (BES 's)) (PRN (S (NP-SBJ (PRP you)) (VP (VBP know))) (, ,)) (S (SBAR-TMP (IN while) (S (NP-SBJ (PRP it)) (VP (BES 's) (VP (VBG healing))))) (, ,) (NP-SBJ-1 (PRP you)) (VP (VBP 're) (VP (VBG going) (S (NP-SBJ (-NONE- *-1)) (VP (TO to) (VP (VB mess) (NP (PRP it)) (PRT (RP up)))))))))) (, ,) (-DFL- E_S))",66
sw05utt/sw_0541_2719.utt,2/sw2719,2719,44,sd,A,23,4,{C so } I can't walk. /,so/RB  [ I/PRP ] ca/MD n't/RB walk/VB ./.,(S (RB so) (NP-SBJ (PRP I)) (VP (MD ca) (RB n't) (VP (VB walk))) (. .) (-DFL- E_S)),67
sw05utt/sw_0541_2719.utt,2/sw2719,2719,45,ba,B,24,1,Wow. /,[ Wow/UH ] ./.,(INTJ (UH Wow) (. .) (-DFL- E_S)),69
sw05utt/sw_0541_2719.utt,2/sw2719,2719,46,sd(^q),A,25,1,"{C And } {F uh, } she said, {D you know, } the most conservative approach, [ you do the medicine, + you do the medicine ] again and again, before you think of surgery. /","And/CC  [ uh/UH ] ,/,  [ she/PRP ] said/VBD ,/,  [ you/PRP ] know/VBP ,/,  [ the/DT most/RBS conservative/JJ approach/NN ] ,/,  [ you/PRP ] do/VBP  [ the/DT medicine/NN ] ,/,  [ you/PRP ] do/VBP  [ the/DT medicine/NN ] again/RB and/CC again/RB ,/, before/IN  [ you/PRP ] think/VBP of/IN  [ surgery/NN ] ./.","(S (CC And) (INTJ (UH uh)) (, ,) (NP-SBJ (PRP she)) (VP (VBD said) (PRN (, ,) (S (NP-SBJ (PRP you)) (VP (VBP know))) (, ,)) (SBAR (-NONE- 0) (S (NP-ADV (DT the) (ADJP (RBS most) (JJ conservative)) (NN approach)) (, ,) (EDITED (RM (-DFL- \[)) (S (NP-SBJ (PRP you)) (VP (VBP do) (NP (DT the) (NN medicine)))) (, ,) (IP (-DFL- \+))) (NP-SBJ (PRP you)) (VP (VBP do) (NP (DT the) (NN medicine)) (RS (-DFL- \])) (ADVP (RB again) (CC and) (RB again)) (, ,) (SBAR-TMP (IN before) (S (NP-SBJ (PRP you)) (VP (VBP think) (PP (IN of) (NP (NN surgery)))))))))) (. .) (-DFL- E_S))",71
sw05utt/sw_0541_2719.utt,2/sw2719,2719,47,b,B,26,1,Uh-huh. /,[ Uh-huh/UH ] ./.,(INTJ (UH Uh-huh) (. .) (-DFL- E_S)),57
sw05utt/sw_0541_2719.utt,2/sw2719,2719,48,sd,A,27,1,{C And } I don't want her to think of surgery on my knee.  /,And/CC  [ I/PRP ] do/VBP n't/RB want/VB  [ her/PRP ] to/TO think/VB of/IN  [ surgery/NN ] on/IN  [ my/PRP$ knee/NN ] ./.,(S (CC And) (NP-SBJ (PRP I)) (VP (VBP do) (RB n't) (VP (VB want) (S (NP-SBJ (PRP her)) (VP (TO to) (VP (VB think) (PP (IN of) (NP (NP (NN surgery)) (PP (IN on) (NP (PRP$ my) (NN knee)))))))))) (. .) (-DFL- E_S)),75
sw05utt/sw_0541_2719.utt,2/sw2719,2719,49,sd,A,27,2,"I don't want anyone to think about that <laughter>, ever. /","[ I/PRP ] do/VBP n't/RB want/VB  [ anyone/NN ] to/TO think/VB about/IN  [ that/DT ] ,/, ever/RB ./.","(S (NP-SBJ (PRP I)) (VP (VBP do) (RB n't) (VP (VB want) (S (NP-SBJ (NN anyone)) (VP (TO to) (VP (VB think) (PP (IN about) (NP (DT that)))))) (, ,) (ADVP-TMP (RB ever)))) (. .) (-DFL- E_S))",76
sw05utt/sw_0541_2719.utt,2/sw2719,2719,50,aa,B,28,1,"No,  /","No/UH ,/,","(INTJ (UH No) (, ,) (-DFL- E_S))",78
sw05utt/sw_0541_2719.utt,2/sw2719,2719,51,ba,B,28,2,"[ that, + that's ] a tough situation. /","that/DT ,/,  [ that/DT ] 's/BES  [ a/DT tough/JJ situation/NN ] ./.","(S (EDITED (RM (-DFL- \[)) (NP-SBJ (DT that)) (, ,) (IP (-DFL- \+))) (NP-SBJ (DT that)) (VP (BES 's) (RS (-DFL- \])) (NP-PRD (DT a) (JJ tough) (NN situation))) (. .) (-DFL- E_S))",79
sw05utt/sw_0541_2719.utt,2/sw2719,2719,52,sd,A,29,1,"That's that microscopic stuff, {D you know. } /","[ That/DT ] 's/BES  [ that/DT microscopic/JJ stuff/NN ] ,/,  [ you/PRP ] know/VBP ./.","(S (NP-SBJ (DT That)) (VP (BES 's) (NP-PRD (DT that) (JJ microscopic) (NN stuff)) (PRN (, ,) (S (NP-SBJ (PRP you)) (VP (VBP know))))) (. .) (-DFL- E_S))",81
sw05utt/sw_0541_2719.utt,2/sw2719,2719,53,b,B,30,1,Uh-huh. /,[ Uh-huh/UH ] ./.,(INTJ (UH Uh-huh) (. .) (-DFL- E_S)),57
sw05utt/sw_0541_2719.utt,2/sw2719,2719,54,%,A,31,1,"uh-huh,  /","[ uh-huh/UH ] ,/,","(INTJ (UH uh-huh) (, ,) (-DFL- E_S))",85
sw05utt/sw_0541_2719.utt,2/sw2719,2719,55,sd,A,31,2,not my kneecap. /,not/RB  [ my/PRP$ kneecap/NN ] ./.,(NP (RB not) (PRP$ my) (NN kneecap) (. .) (-DFL- E_S)),86
sw05utt/sw_0541_2719.utt,2/sw2719.pos,2719,56,x,B,32,1,<laughter>.,./.
sw05utt/sw_0541_2719.utt,2/sw2719,2719,57,sd,A,33,1,"{C So, } [ I'm, + I'm ] being very good. /","So/UH ,/,  [ I/PRP ] 'm/VBP ,/,  [ I/PRP ] 'm/VBP being/VBG very/RB good/JJ ./.","(S (RB So) (, ,) (EDITED (RM (-DFL- \[)) (S (NP-SBJ (PRP I)) (VP-UNF (VBP 'm))) (, ,) (IP (-DFL- \+))) (NP-SBJ (PRP I)) (VP (VBP 'm) (RS (-DFL- \])) (VP (VBG being) (ADJP-PRD (RB very) (JJ good)))) (. .) (-DFL- E_S))",89
sw05utt/sw_0541_2719.utt,2/sw2719,2719,58,b,B,34,1,Yeah. /,Yeah/UH ./.,(INTJ (UH Yeah) (. .) (-DFL- E_S)),91
sw05utt/sw_0541_2719.utt,2/sw2719,2719,59,sd,A,35,1,"{C But, } I miss it.  /","But/CC ,/,  [ I/PRP ] miss/VBP  [ it/PRP ] ./.","(S (CC But) (, ,) (NP-SBJ (PRP I)) (VP (VBP miss) (NP (PRP it))) (. .) (-DFL- E_S))",93
sw05utt/sw_0541_2719.utt,2/sw2719,2719,60,sd,A,35,2,"I really do,  /","[ I/PRP ] really/RB do/VBP ,/,","(S (NP-SBJ (PRP I)) (ADVP (RB really)) (VP (VBP do)) (, ,) (-DFL- E_S))",94
sw05utt/sw_0541_2719.utt,2/sw2719,2719,61,%,A,35,3,{C and } I. -/,and/CC  [ I/PRP ] ./.,(S-UNF (CC and) (NP-SBJ (PRP I)) (. .) (-DFL- N_S)),95
sw05utt/sw_0541_2719.utt,2/sw2719,2719,62,%,B,36,1,"{F Oh, } that, - /","Oh/UH ,/,  [ that/DT ] ,/,","(S-UNF (INTJ (UH Oh)) (, ,) (NP-SBJ (DT that)) (, ,) (-DFL- N_S))",97
sw05utt/sw_0541_2719.utt,2/sw2719,2719,63,sv,B,36,2,"it's so aggravating [ to + {F uh, } to ] have an injury like that.  /","[ it/PRP ] 's/BES so/RB aggravating/JJ to/TO uh/UH ,/, to/TO have/VB  [ an/DT injury/NN ] like/IN  [ that/DT ] ./.","(S (NP-SBJ (NP (PRP it)) (S (-NONE- *EXP*-1))) (VP (BES 's) (ADJP-PRD (RB so) (JJ aggravating)) (S-1 (NP-SBJ (-NONE- *)) (EDITED (RM (-DFL- \[)) (VP-UNF (TO to)) (IP (-DFL- \+))) (INTJ (UH uh)) (, ,) (VP (TO to) (RS (-DFL- \])) (VP (VB have) (NP (NP (DT an) (NN injury)) (PP (IN like) (NP (DT that)))))))) (. .) (-DFL- E_S))",98
sw05utt/sw_0541_2719.utt,2/sw2719,2719,64,sd,B,36,3,"My wife, {F uh, } [ runs + {E or } likes to run,  ]  /","[ My/PRP$ wife/NN ] ,/,  [ uh/UH ] ,/, runs/VBZ or/CC likes/VBZ to/TO run/VB ,/,","(S (NP-SBJ-1 (PRP$ My) (NN wife)) (, ,) (INTJ (UH uh)) (, ,) (EDITED (RM (-DFL- \[)) (VP-UNF (VBZ runs)) (IP (-DFL- \+)) (CC or)) (VP (VBZ likes) (S (NP-SBJ (-NONE- *-1)) (VP (TO to) (VP (VB run))))) (, ,) (RS (-DFL- \])) (-DFL- E_S))",99
sw05utt/sw_0541_2719.utt,2/sw2719,2719,65,%,B,36,4,"{C but } {F uh, } she's, - /","but/CC  [ uh/UH ] ,/,  [ she/PRP ] 's/BES ,/,","(S (CC but) (INTJ (UH uh)) (, ,) (NP-SBJ (PRP she)) (VP-UNF (BES 's)) (, ,) (-DFL- N_S))",100
sw05utt/sw_0541_2719.utt,2/sw2719,2719,66,sd,B,36,5,"{D well, } [ we moved, + we moved  ] down to the north end of Oak Cliff in the Castle Park area. /","well/UH ,/,  [ we/PRP ] moved/VBD ,/,  [ we/PRP ] moved/VBD down/IN to/IN  [ the/DT north/JJ end/NN ] of/IN  [ Oak/NNP Cliff/NNP ] in/IN  [ the/DT Castle/NNP Park/NNP area/NN ] ./.","(S (INTJ (UH well)) (, ,) (EDITED (RM (-DFL- \[)) (S (NP-SBJ (PRP we)) (VP-UNF (VBD moved)) (, ,) (IP (-DFL- \+)))) (NP-SBJ (PRP we)) (VP (VBD moved) (RS (-DFL- \])) (PP-DIR (IN down) (PP (IN to) (NP (NP (DT the) (JJ north) (NN end)) (PP (IN of) (NP (NP (NNP Oak) (NNP Cliff)) (PP-LOC (IN in) (NP (DT the) (NNP Castle) (NNP Park) (NN area))))))))) (. .) (-DFL- E_S))",101
sw05utt/sw_0541_2719.utt,2/sw2719,2719,67,bh,A,37,1,"{F Oh, } really. /","Oh/UH ,/, really/UH ./.","(INTJ (INTJ (UH Oh)) (, ,) (INTJ (UH really)) (. .) (-DFL- E_S))",103
sw05utt/sw_0541_2719.utt,2/sw2719,2719,68,ny,B,38,1,"Yeah,  /","Yeah/UH ,/,","(INTJ (UH Yeah) (, ,) (-DFL- E_S))",105
sw05utt/sw_0541_2719.utt,2/sw2719,2719,69,sd,B,38,2,{C and } she started running down there and all the hills. /,and/CC  [ she/PRP ] started/VBD running/VBG down/IN there/RB and/CC  [ all/PDT the/DT hills/NNS ] ./.,(S (CC and) (NP-SBJ-1 (PRP she)) (VP (VBD started) (S (NP-SBJ (-NONE- *-1)) (VP (VBG running) (PP-LOC (IN down) (ADVP (RB there))) (PP-LOC (TYPO (CC and)) (NP (PDT all) (DT the) (NNS hills)))))) (. .) (-DFL- E_S)),106
sw05utt/sw_0541_2719.utt,2/sw2719,2719,70,b,A,39,1,Uh-huh. /,[ Uh-huh/UH ] ./.,(INTJ (UH Uh-huh) (. .) (-DFL- E_S)),83
sw05utt/sw_0541_2719.utt,2/sw2719,2719,71,sd,B,40,1,"{C And } she lasted about two weeks,  /","And/CC  [ she/PRP ] lasted/VBD about/RB  [ two/CD weeks/NNS ] ,/,","(S (CC And) (NP-SBJ (PRP she)) (VP (VBD lasted) (NP (QP (RB about) (CD two)) (NNS weeks))) (, ,) (-DFL- E_S))",110
sw05utt/sw_0541_2719.utt,2/sw2719,2719,72,sd,B,40,2,{C and } her ankles couldn't take it anymore.  /,and/CC  [ her/PRP$ ankles/NNS ] could/MD n't/RB take/VB  [ it/PRP ] anymore/RB ./.,(S (CC and) (NP-SBJ (PRP$ her) (NNS ankles)) (VP (MD could) (RB n't) (VP (VB take) (NP (PRP it)) (ADVP-TMP (RB anymore)))) (. .) (-DFL- E_S)),111
sw05utt/sw_0541_2719.utt,2/sw2719,2719,73,sd,B,40,3,"She was used to running, {D you know } flat tracks and  whatnot,  /","[ She/PRP ] was/VBD used/VBN to/IN running/NN ,/,  [ you/PRP ] know/VBP  [ flat/JJ tracks/NNS ] and/CC  [ whatnot/NN ] ,/,","(S (NP-SBJ-1 (PRP She)) (VP (VBD was) (ADJP-PRD (VBN used) (PP (IN to) (S-NOM (NP-SBJ (-NONE- *-1)) (VP (NN running) (PRN (, ,) (S (NP-SBJ (PRP you)) (VP (VBP know)))) (NP (JJ flat) (NNS tracks) (CC and) (NN whatnot))))))) (, ,) (-DFL- E_S))",112
sw05utt/sw_0541_2719.utt,2/sw2719,2719,74,sd,B,40,4,"{C and } {F uh, } ever since that, it's just been real difficult.  /","and/CC  [ uh/UH ] ,/, ever/RB since/IN  [ that/DT ] ,/,  [ it/PRP ] 's/HVS just/RB been/VBN real/RB difficult/JJ ./.","(S (CC and) (INTJ (UH uh)) (, ,) (PP-TMP (ADVP (RB ever)) (IN since) (NP (DT that))) (, ,) (NP-SBJ (PRP it)) (VP (HVS 's) (ADVP (RB just)) (VP (VBN been) (ADJP-PRD (RB real) (JJ difficult)))) (. .) (-DFL- E_S))",113
sw05utt/sw_0541_2719.utt,2/sw2719,2719,75,sd,B,40,5,"It's real aggravating, because she starts in  /","[ It/PRP ] [ 's/BES real/RB ] aggravating/JJ ,/, because/IN  [ she/PRP ] starts/VBZ in/RP","(S (NP-SBJ (PRP It)) (VP (BES 's) (ADJP-PRD (RB real) (JJ aggravating)) (, ,) (SBAR-PRP (IN because) (S (NP-SBJ (PRP she)) (VP (VBZ starts) (PRT (RP in)))))) (-DFL- E_S))",114
sw05utt/sw_0541_2719.utt,2/sw2719,2719,76,sd,B,40,6,"{C and } her ankles will start hurting again and stuff.  Even if she does get on flat ground,  /","and/CC  [ her/PRP$ ankles/NNS ] will/MD start/VB hurting/VBG again/RB and/CC stuff/NN ./.  Even/RB if/IN  [ she/PRP ] does/VBZ get/VB on/IN  [ flat/JJ ground/NN ] ,/,","(S (CC and) (NP-SBJ-1 (PRP$ her) (NNS ankles)) (VP (MD will) (VP (VP (VB start) (S (NP-SBJ (-NONE- *-1)) (VP (VBG hurting) (ADVP (RB again))))) (CC and) (NP-ETC (NN stuff)) (. .) (SBAR (RB Even) (IN if) (S (NP-SBJ (PRP she)) (VP (VBZ does) (VP (VB get) (PP-LOC (IN on) (NP (JJ flat) (NN ground))))))))) (, ,) (-DFL- E_S))",115
sw05utt/sw_0541_2719.utt,2/sw2719,2719,77,sd,B,40,7,{C so } she's kind of in the same mode.  /,so/RB  [ she/PRP ] 's/BES kind/RB of/RB in/IN  [ the/DT same/JJ mode/NN ] ./.,(S (RB so) (NP-SBJ (PRP she)) (VP (BES 's) (ADVP (RB kind) (RB of)) (PP-PRD (IN in) (NP (DT the) (JJ same) (NN mode)))) (. .) (-DFL- E_S)),116
sw05utt/sw_0541_2719.utt,2/sw2719,2719,78,sd,B,40,8,"She was all ready to get back into it and start running, {F uh } five K's, and ten K's and stuff this spring,  /","[ She/PRP ] was/VBD all/RB ready/JJ to/TO get/VB back/RB into/IN  [ it/PRP ] and/CC start/VB running/VBG ,/,  [ uh/UH five/CD K/NN 's/NNS ] ,/, and/CC  [ ten/CD K/NN 's/NNS ] and/CC stuff/NN  [ this/DT spring/NN ] ,/,","(S (NP-SBJ-1 (PRP She)) (VP (VBD was) (ADJP-PRD (RB all) (JJ ready) (S (NP-SBJ (-NONE- *-1)) (VP (TO to) (VP (VP (VB get) (ADVP (RB back)) (PP (IN into) (NP (PRP it)))) (CC and) (VP (VB start) (S (NP-SBJ (-NONE- *-1)) (VP (VBG running) (, ,) (INTJ (UH uh)) (NP (NP (CD five) (NN K) (NNS 's)) (, ,) (CC and) (NP (CD ten) (NN K) (NNS 's) (CC and) (NN stuff))) (NP-TMP (DT this) (NN spring)))))))))) (, ,) (-DFL- E_S))",117
sw05utt/sw_0541_2719.utt,2/sw2719,2719,79,sd,B,40,9,{C and } she just hasn't been able to stick with the training schedule long enough to really get back in shape.  /,and/CC  [ she/PRP ] just/RB has/VBZ n't/RB been/VBN able/JJ to/TO stick/VB with/IN  [ the/DT training/NN schedule/NN ] long/RB enough/RB to/TO really/RB get/VB back/RB in/IN  [ shape/NN ] ./.,(S (CC and) (NP-SBJ-1 (PRP she)) (ADVP (RB just)) (VP (VBZ has) (RB n't) (VP (VBN been) (ADJP-PRD (JJ able) (S (NP-SBJ-2 (-NONE- *-1)) (VP (TO to) (VP (VB stick) (PP (IN with) (NP (DT the) (NN training) (NN schedule))) (ADVP (RB long) (RB enough)) (S-PRP (NP-SBJ (-NONE- *-2)) (VP (TO to) (ADVP (RB really)) (VP (VB get) (ADVP (RB back)) (PP (IN in) (NP (NN shape)))))))))))) (. .) (-DFL- E_S)),118
sw05utt/sw_0541_2719.utt,2/sw2719,2719,80,sv,B,40,10,"{C And, } when you want to do it, it's really, really aggravating.   /","And/CC ,/, when/WRB  [ you/PRP ] want/VBP to/TO do/VB  [ it/PRP ] ,/,  [ it/PRP ] 's/BES really/RB ,/, really/RB aggravating/JJ ./.","(S (CC And) (, ,) (SBAR-TMP (WHADVP-2 (WRB when)) (S (NP-SBJ-1 (PRP you)) (VP (VBP want) (S (NP-SBJ (-NONE- *-1)) (VP (TO to) (VP (VB do) (NP (PRP it))))) (ADVP-TMP (-NONE- *T*-2))))) (, ,) (NP-SBJ (PRP it)) (VP (BES 's) (ADJP-PRD (RB really) (, ,) (RB really) (JJ aggravating))) (. .) (-DFL- E_S))",119
sw05utt/sw_0541_2719.utt,2/sw2719,2719,81,sv,B,40,11,"{D You know, }  [ it, + it's ] one thing to get motivated to start doing the exercise,  /","[ You/PRP ] know/VBP ,/,  [ it/PRP ] ,/,  [ it/PRP ] 's/BES  [ one/CD thing/NN ] to/TO get/VB motivated/JJ to/TO start/VB doing/VBG  [ the/DT exercise/NN ] ,/,","(S (PRN (S (NP-SBJ (PRP You)) (VP (VBP know))) (, ,)) (EDITED (RM (-DFL- \[)) (NP-SBJ (PRP it)) (, ,) (IP (-DFL- \+))) (NP-SBJ (NP (PRP it)) (S (-NONE- *EXP*-1))) (VP (BES 's) (RS (-DFL- \])) (NP-PRD (CD one) (NN thing)) (S-1 (NP-SBJ (-NONE- *)) (VP (TO to) (VP (VB get) (ADJP-PRD (JJ motivated) (S (NP-SBJ-2 (-NONE- *)) (VP (TO to) (VP (VB start) (S (NP-SBJ (-NONE- *-2)) (VP (VBG doing) (NP (DT the) (NN exercise)))))))))))) (, ,) (-DFL- E_S))",120
sw05utt/sw_0541_2719.utt,2/sw2719,2719,82,sv,B,40,12,"{C and } it's another thing [ to, + to  ] already be past that and then not be able to because of your health. /","and/CC  [ it/PRP ] 's/BES  [ another/DT thing/NN ] to/TO ,/, to/TO already/RB be/VB past/IN that/DT and/CC then/RB not/RB be/VB able/JJ to/TO because/IN of/IN  [ your/PRP$ health/NN ] ./.","(S (CC and) (NP-SBJ (NP (PRP it)) (S (-NONE- *EXP*-1))) (VP (BES 's) (NP-PRD (DT another) (NN thing)) (S-1 (NP-SBJ (-NONE- *)) (EDITED (RM (-DFL- \[)) (VP (TO to)) (, ,) (IP (-DFL- \+))) (VP (TO to) (RS (-DFL- \])) (ADVP-TMP (RB already)) (VP (VP (VB be) (PP-PRD (IN past) (NP (DT that)))) (CONJP (CC and) (RB then)) (RB not) (VP (VB be) (ADJP-PRD (JJ able) (S (NP-SBJ (-NONE- *)) (VP (TO to) (VP (-NONE- *?*))))) (PP-PRP (IN because) (IN of) (NP (PRP$ your) (NN health)))))))) (. .) (-DFL- E_S))",121
sw05utt/sw_0541_2719.utt,2/sw2719,2719,83,aa,A,41,1,I can you understand that. /,[ I/PRP ] can/MD  [ you/PRP ] understand/VBP  [ that/DT ] ./.,(SQ (EDITED (NP-SBJ (PRP I))) (MD can) (NP-SBJ (PRP you)) (VP (VBP understand) (NP (DT that))) (. .) (-DFL- E_S)),123
sw05utt/sw_0541_2719.utt,2/sw2719,2719,84,b,B,42,1,Yeah. /,Yeah/UH ./.,(INTJ (UH Yeah) (. .) (-DFL- E_S)),91
sw05utt/sw_0541_2719.utt,2/sw2719,2719,85,sd,A,43,1,"{F Uh, } I don't really want to,  /","[ Uh/UH ] ,/,  [ I/PRP ] do/VBP n't/RB really/RB want/VB to/TO ,/,","(S (INTJ (UH Uh)) (, ,) (NP-SBJ-1 (PRP I)) (VP (VBP do) (RB n't) (RB really) (VP (VB want) (S (NP-SBJ (-NONE- *-1)) (VP (TO to))))) (, ,) (-DFL- E_S))",127
sw05utt/sw_0541_2719.utt,2/sw2719,2719,86,sd,A,43,2,"I just, know I need to. /","[ I/PRP ] just/RB ,/, know/VB  [ I/PRP ] need/VBP to/TO ./.","(S (NP-SBJ (PRP I)) (ADVP (RB just)) (, ,) (VP (VB know) (SBAR (-NONE- 0) (S (NP-SBJ-1 (PRP I)) (VP (VBP need) (S (NP-SBJ (-NONE- *-1)) (VP (TO to) (VP (-NONE- *?*)))))))) (. .) (-DFL- E_S))",128
sw05utt/sw_0541_2719.utt,2/sw2719,2719,87,%,B,44,1,"{D Well, } it's... -/","Well/UH ,/,  [ it/PRP ] 's/BES .../:","(S (INTJ (UH Well)) (, ,) (NP-SBJ (PRP it)) (VP-UNF (BES 's)) (: ...) (-DFL- N_S))",130
sw05utt/sw_0541_2719.utt,2/sw2719,2719,88,sd,A,45,1,I make myself do it  /,[ I/PRP ] make/VBP  [ myself/PRP ] do/VB  [ it/PRP ],(S (NP-SBJ (PRP I)) (VP (VBP make) (S (NP-SBJ (PRP myself)) (VP (VB do) (NP (PRP it))))) (-DFL- E_S)),132
sw05utt/sw_0541_2719.utt,2/sw2719,2719,89,sd,A,45,2,"{C and } if I do it, okay,  /","and/CC if/IN  [ I/PRP ] do/VBP  [ it/PRP ] ,/, okay/UH ,/,","(FRAG (CC and) (SBAR-ADV (IN if) (S (NP-SBJ (PRP I)) (VP (VBP do) (NP (PRP it))))) (, ,) (INTJ (UH okay)) (, ,) (-DFL- E_S))",133
sw05utt/sw_0541_2719.utt,2/sw2719,2719,90,sd,A,45,3,"I don't love it, <laughter>,  /","[ I/PRP ] do/VBP n't/RB love/VB  [ it/PRP ] ,/, ,/,","(S (NP-SBJ (PRP I)) (VP (VBP do) (RB n't) (VP (VB love) (NP (PRP it)))) (, ,) (, ,) (-DFL- E_S))",134
sw05utt/sw_0541_2719.utt,2/sw2719,2719,91,sd,A,45,4,{C but } I will do it. /,but/CC  [ I/PRP ] will/MD do/VB  [ it/PRP ] ./.,(S (CC but) (NP-SBJ (PRP I)) (VP (MD will) (VP (VB do) (NP (PRP it)))) (. .) (-DFL- E_S)),135
sw05utt/sw_0541_2719.utt,2/sw2719,2719,92,ba,B,46,1,Sure. /,[ Sure/UH ] ./.,(INTJ (UH Sure) (. .) (-DFL- E_S)),137
sw05utt/sw_0541_2719.utt,2/sw2719,2719,93,sd,A,47,1,"{F Uh, } it's not anything I would want to, - /","[ Uh/UH ] ,/,  [ it/PRP ] 's/BES not/RB  [ anything/NN ] [ I/PRP ] would/MD want/VB to/TO ,/,","(S (INTJ (UH Uh)) (, ,) (NP-SBJ (PRP it)) (VP (BES 's) (RB not) (NP-PRD (NP (NN anything)) (SBAR (WHNP (-NONE- 0)) (S (NP-SBJ-1 (PRP I)) (VP (MD would) (VP (VB want) (S (NP-SBJ (-NONE- *-1)) (VP-UNF (TO to))))))))) (, ,) (-DFL- N_S))",139
sw05utt/sw_0541_2719.utt,2/sw2719,2719,94,sd,A,47,2,"{C but } I can really tell the difference, since I have not been able to walk.  /","but/CC  [ I/PRP ] can/MD really/RB tell/VB  [ the/DT difference/NN ] ,/, since/IN  [ I/PRP ] have/VBP not/RB been/VBN able/JJ to/TO walk/VB ./.","(S (CC but) (NP-SBJ (PRP I)) (VP (MD can) (ADVP (RB really)) (VP (VB tell) (NP (DT the) (NN difference)) (, ,) (SBAR-TMP (IN since) (S (NP-SBJ-1 (PRP I)) (VP (VBP have) (RB not) (VP (VBN been) (ADJP-PRD (JJ able) (S (NP-SBJ (-NONE- *-1)) (VP (TO to) (VP (VB walk))))))))))) (. .) (-DFL- E_S))",140
sw05utt/sw_0541_2719.utt,2/sw2719,2719,95,sd,A,47,3,I have got to be so much more careful with what I do. /,[ I/PRP ] have/VBP got/VBN to/TO be/VB so/RB much/RB more/RBR careful/JJ with/IN  [ what/WP ] [ I/PRP ] do/VBP ./.,(S (NP-SBJ-1 (PRP I)) (VP (VBP have) (VP (VBN got) (S (NP-SBJ (-NONE- *-1)) (VP (TO to) (VP (VB be) (ADJP-PRD (ADVP (RB so) (RB much)) (RBR more) (JJ careful) (PP (IN with) (SBAR (WHNP-2 (WP what)) (S (NP-SBJ (PRP I)) (VP (VBP do) (NP (-NONE- *T*-2)))))))))))) (. .) (-DFL- E_S)),141
sw05utt/sw_0541_2719.utt,2/sw2719,2719,96,b,B,48,1,"Yeah,  /","Yeah/UH ,/,","(INTJ (UH Yeah) (, ,) (-DFL- E_S))",105
sw05utt/sw_0541_2719.utt,2/sw2719,2719,97,b^r,B,48,2,yeah. /,yeah/UH ./.,(INTJ (UH yeah) (. .) (-DFL- E_S)),144
sw05utt/sw_0541_2719.utt,2/sw2719,2719,98,sv,A,49,1,It's depressing. /,[ It/PRP ] 's/BES depressing/JJ ./.,(S (NP-SBJ (PRP It)) (VP (BES 's) (ADJP-PRD (JJ depressing))) (. .) (-DFL- E_S)),146
sw05utt/sw_0541_2719.utt,2/sw2719,2719,99,b,B,50,1,"Uh-huh,  /","Uh-huh/UH ,/,","(INTJ (UH Uh-huh) (, ,) (-DFL- E_S))",148
sw05utt/sw_0541_2719.utt,2/sw2719,2719,100,aa,B,50,2,"it is,  /","[ it/PRP ] is/VBZ ,/,","(S (NP-SBJ (PRP it)) (VP (VBZ is) (ADJP-PRD (-NONE- *?*))) (, ,) (-DFL- E_S))",149
sw05utt/sw_0541_2719.utt,2/sw2719,2719,101,%,B,50,3,"{C and } {D you know, } [ you, + you ] don't spi-, {D well. } - /","and/CC  [ you/PRP ] know/VBP ,/,  [ you/PRP ] ,/,  [ you/PRP ] do/VBP n't/RB  [ spi-/XX ] ,/, well/UH ./.","(S (CC and) (PRN (S (NP-SBJ (PRP you)) (VP (VBP know))) (, ,)) (EDITED (RM (-DFL- \[)) (NP-SBJ (PRP you)) (, ,) (IP (-DFL- \+))) (NP-SBJ (PRP you)) (RS (-DFL- \])) (VP (VBP do) (RB n't) (VP-UNF (XX spi-) (, ,) (ADVP (UH well)))) (. .) (-DFL- N_S))",150
sw05utt/sw_0541_2719.utt,2/sw2719,2719,102,sd,B,50,4,"Speaking for myself I don't sleep as well, when I am not exercising,  /","Speaking/VBG for/IN  [ myself/PRP ] [ I/PRP ] do/VBP n't/RB sleep/VB as/IN well/RB ,/, when/WRB  [ I/PRP ] am/VBP not/RB exercising/VBG ,/,","(S (S-ADV (NP-SBJ (-NONE- *)) (VP (VBG Speaking) (PP (IN for) (NP (PRP myself))))) (NP-SBJ (PRP I)) (VP (VBP do) (RB n't) (VP (VB sleep) (ADVP (IN as) (RB well)) (, ,) (SBAR-TMP (WHADVP-1 (WRB when)) (S (NP-SBJ (PRP I)) (VP (VBP am) (RB not) (VP (VBG exercising) (ADVP-TMP (-NONE- *T*-1)))))))) (, ,) (-DFL- E_S))",151
sw05utt/sw_0541_2719.utt,2/sw2719,2719,103,sd,B,50,5,"{C and } {F uh, } [ it's really, + it's ] harder to get out of bed in the morning and all kinds of stuff,  /","and/CC  [ uh/UH ] ,/,  [ it/PRP ] 's/BES really/RB ,/,  [ it/PRP ] 's/BES harder/JJR to/TO get/VB out/IN of/IN  [ bed/NN ] in/IN  [ the/DT morning/NN ] and/CC  [ all/DT kinds/NNS ] of/IN  [ stuff/NN ] ,/,","(S (CC and) (INTJ (UH uh)) (, ,) (EDITED (RM (-DFL- \[)) (S (NP-SBJ (PRP it)) (VP-UNF (BES 's) (ADVP (RB really)))) (, ,) (IP (-DFL- \+))) (NP-SBJ (NP (PRP it)) (S (-NONE- *EXP*-1))) (VP (VP (BES 's) (RS (-DFL- \])) (ADJP-PRD (JJR harder)) (S-1 (NP-SBJ (-NONE- *)) (VP (TO to) (VP (VB get) (PP (IN out) (PP (IN of) (NP (NN bed)))) (PP-TMP (IN in) (NP (DT the) (NN morning))))))) (CC and) (NP-ETC (NP (DT all) (NNS kinds)) (PP (IN of) (NP (NN stuff))))) (, ,) (-DFL- E_S))",152
sw05utt/sw_0541_2719.utt,2/sw2719,2719,104,sv,B,50,6,"[ it, + your body ] just gets used to it.  /","[ it/PRP ] ,/,  [ your/PRP$ body/NN ] just/RB gets/VBZ used/JJ to/IN  [ it/PRP ] ./.","(S (EDITED (RM (-DFL- \[)) (NP-SBJ (PRP it)) (, ,) (IP (-DFL- \+))) (NP-SBJ (PRP$ your) (NN body)) (RS (-DFL- \])) (ADVP (RB just)) (VP (VBZ gets) (ADJP-PRD (JJ used) (PP (IN to) (NP (PRP it))))) (. .) (-DFL- E_S))",153
sw05utt/sw_0541_2719.utt,2/sw2719,2719,105,%,B,50,7,"Yeah,  /","[ Yeah/UH ] ,/,","(INTJ (UH Yeah) (, ,) (-DFL- E_S))",105
sw05utt/sw_0541_2719.utt,2/sw2719,2719,106,sd,B,50,8,"[ I, + I  ] don't particularly enjoy it.  /","[ I/PRP ] ,/,  [ I/PRP ] do/VBP n't/RB particularly/RB enjoy/VB  [ it/PRP ] ./.","(S (EDITED (RM (-DFL- \[)) (NP-SBJ (PRP I)) (, ,) (IP (-DFL- \+))) (NP-SBJ (PRP I)) (RS (-DFL- \])) (VP (VBP do) (RB n't) (ADVP (RB particularly)) (VP (VB enjoy) (NP (PRP it)))) (. .) (-DFL- E_S))",155
sw05utt/sw_0541_2719.utt,2/sw2719,2719,107,sd,B,50,9,"{D Well } [ I, + I ] used to lift weights an awful lot, and stuff like that.  /","Well/UH  [ I/PRP ] ,/,  [ I/PRP ] used/VBD to/TO lift/VB weights/VBZ  [ an/DT awful/JJ lot/NN ] ,/, and/CC stuff/NN like/IN  [ that/DT ] ./.","(S (INTJ (UH Well)) (EDITED (RM (-DFL- \[)) (NP-SBJ (PRP I)) (, ,) (IP (-DFL- \+))) (NP-SBJ-1 (PRP I)) (RS (-DFL- \])) (VP (VBD used) (S (NP-SBJ (-NONE- *-1)) (VP (TO to) (VP (VP (VB lift) (NP (VBZ weights)) (NP-ADV (DT an) (JJ awful) (NN lot))) (, ,) (CC and) (NP-ETC (NP (NN stuff)) (PP (IN like) (NP (DT that)))))))) (. .) (-DFL- E_S))",156
sw05utt/sw_0541_2719.utt,2/sw2719,2719,108,sd,B,50,10,"I do enjoy riding  bike,  /","[ I/PRP ] do/VBP enjoy/VB  [ riding/VBG bike/NN ] ,/,","(S (NP-SBJ-1 (PRP I)) (VP (VBP do) (VP (VB enjoy) (S (NP-SBJ (-NONE- *-1)) (VP (VBG riding) (NP (NN bike)))))) (, ,) (-DFL- E_S))",157
sw05utt/sw_0541_2719.utt,2/sw2719,2719,109,sd,B,50,11,"{C but } as far as the working out and lifting and  things like that.  {F Uh, } [ I, + I ] can't say I really enjoyed it all that much,  /","but/CC as/RB far/RB as/IN  [ the/DT ] working/NN out/RP and/CC lifting/NN and/CC  [ things/NNS ] like/IN  [ that/DT ] ./.  [ Uh/UH ] ,/,  [ I/PRP ] ,/,  [ I/PRP ] ca/MD n't/RB say/VB  [ I/PRP ] really/RB enjoyed/VBD  [ it/PRP ] [ all/RB ] that/RB  [ much/JJ ] ,/,","(S (CC but) (ADVP (ADVP (RB as) (RB far)) (PP (IN as) (NP (NP (DT the) (NN working) (RP out)) (CC and) (S-NOM (NP-SBJ (-NONE- *)) (VP (NN lifting))) (CC and) (NP (NP (NNS things)) (PP (IN like) (NP (DT that))))))) (. .) (INTJ (UH Uh)) (, ,) (EDITED (RM (-DFL- \[)) (NP-SBJ (PRP I)) (, ,) (IP (-DFL- \+))) (NP-SBJ (PRP I)) (RS (-DFL- \])) (VP (MD ca) (RB n't) (VP (VB say) (SBAR (-NONE- 0) (S (NP-SBJ (PRP I)) (ADVP (RB really)) (VP (VBD enjoyed) (NP (PRP it)) (NP-ADV (RB all) (RB that) (JJ much))))))) (, ,) (-DFL- E_S))",158
sw05utt/sw_0541_2719.utt,2/sw2719,2719,110,sd,B,50,12,"{C but } once I got used to it, it was habit forming.  /","but/CC once/IN  [ I/PRP ] got/VBD used/JJ to/IN  [ it/PRP ] ,/,  [ it/PRP ] was/VBD  [ habit/NN ] forming/VBG ./.","(S (CC but) (SBAR-TMP (IN once) (S (NP-SBJ (PRP I)) (VP (VBD got) (ADJP-PRD (JJ used) (PP (IN to) (NP (PRP it))))))) (, ,) (NP-SBJ (PRP it)) (VP (VBD was) (ADJP-PRD (NN habit) (VBG forming))) (. .) (-DFL- E_S))",159
sw05utt/sw_0541_2719.utt,2/sw2719,2719,111,%,B,50,13,"It was, - /","[ It/PRP ] was/VBD ,/,","(S (NP-SBJ (PRP It)) (VP (VBD was) (ADJP-PRD (-NONE- *?*))) (, ,) (-DFL- N_S))",160
sw05utt/sw_0541_2719.utt,2/sw2719,2719,112,sd,B,50,14,"I felt so bad if I didn't,  /","[ I/PRP ] felt/VBD so/RB bad/JJ if/IN  [ I/PRP ] did/VBD n't/RB ,/,","(S (NP-SBJ (PRP I)) (VP (VBD felt) (ADJP-PRD (RB so) (JJ bad)) (SBAR-ADV (IN if) (S (NP-SBJ (PRP I)) (VP (VBD did) (RB n't))))) (, ,) (-DFL- E_S))",161
sw05utt/sw_0541_2719.utt,2/sw2719,2719,113,sd,B,50,15,"physically, I mean  /","physically/RB ,/,  [ I/PRP ] mean/VBP","(S (ADVP-TPC-1 (RB physically)) (, ,) (NP-SBJ (PRP I)) (VP (VBP mean) (ADVP (-NONE- *T*-1))) (-DFL- E_S))",162
sw05utt/sw_0541_2719.utt,2/sw2719,2719,114,%,B,50,16,"I just, - /","[ I/PRP ] just/RB ,/,","(S-UNF (NP-SBJ (PRP I)) (ADVP (RB just)) (, ,) (-DFL- N_S))",163
sw05utt/sw_0541_2719.utt,2/sw2719,2719,115,sd,B,50,17,"my body [ [ was, + was,  ] + was  ]  {F uh, } tuned into [ that, + that ] mode,  /","[ my/PRP$ body/NN ] was/VBD ,/, was/VBD ,/, was/VBD  [ uh/UH ] ,/, tuned/VBN into/IN  [ that/DT ] ,/,  [ that/DT mode/NN ] ,/,","(S (NP-SBJ-1 (PRP$ my) (NN body)) (EDITED (RM (-DFL- \[)) (EDITED (RM (-DFL- \[)) (VP-UNF (VBD was)) (, ,) (IP (-DFL- \+))) (VP-UNF (VBD was)) (, ,) (RS (-DFL- \])) (IP (-DFL- \+))) (VP (VBD was) (RS (-DFL- \])) (INTJ (UH uh)) (, ,) (VP (VBN tuned) (NP (-NONE- *-1)) (PP (IN into) (EDITED (RM (-DFL- \[)) (NP-UNF (DT that)) (, ,) (IP (-DFL- \+))) (NP (DT that) (RS (-DFL- \])) (NN mode))))) (, ,) (-DFL- E_S))",164
sw05utt/sw_0541_2719.utt,2/sw2719,2719,116,sd,B,50,18,"{C and } [ if I, + if I ] skipped  it then it kind of threw [ [ the, + the  ] whole, + the whole ] system out of whack. /","and/CC if/IN  [ I/PRP ] ,/, if/IN  [ I/PRP ] skipped/VBD  [ it/PRP ] then/RB  [ it/PRP ] [ kind/RB ] of/RB threw/VBD  [ the/DT ] ,/,  [ the/DT whole/JJ ] ,/,  [ the/DT whole/JJ system/NN ] out/IN of/IN  [ whack/NN ] ./.","(S (CC and) (SBAR-ADV (EDITED (RM (-DFL- \[)) (SBAR-ADV (IN if) (S-UNF (NP-SBJ (PRP I)))) (, ,) (IP (-DFL- \+))) (IN if) (S (NP-SBJ (PRP I)) (RS (-DFL- \])) (VP (VBD skipped) (NP (PRP it))))) (ADVP (RB then)) (NP-SBJ (PRP it)) (ADVP (RB kind) (RB of)) (VP (VBD threw) (EDITED (RM (-DFL- \[)) (EDITED (RM (-DFL- \[)) (NP-UNF (DT the)) (, ,) (IP (-DFL- \+))) (NP-UNF (DT the) (RS (-DFL- \])) (JJ whole)) (, ,) (IP (-DFL- \+))) (NP (DT the) (JJ whole) (RS (-DFL- \])) (NN system)) (PP (IN out) (PP (IN of) (NP (NN whack))))) (. .) (-DFL- E_S))",165
sw05utt/sw_0541_2719.utt,2/sw2719,2719,117,b,A,51,1,Right. /,[ Right/UH ] ./.,(INTJ (UH Right) (. .) (-DFL- E_S)),167
sw05utt/sw_0541_2719.utt,2/sw2719,2719,118,b,B,52,1,Yeah. /,Yeah/UH ./.,(INTJ (UH Yeah) (. .) (-DFL- E_S)),125
sw05utt/sw_0541_2719.utt,2/sw2719,2719,119,b,A,53,1,Right  /,[ Right/UH,(INTJ (UH Right) (-DFL- E_S)),171
sw05utt/sw_0541_2719.utt,2/sw2719,2719,120,fe,A,53,2,"boy,  /","boy/UH ] ,/,","(INTJ (UH boy) (, ,) (-DFL- E_S))",172
sw05utt/sw_0541_2719.utt,2/sw2719,2719,121,sd,A,53,3,"hopefully [ my, + my  ] knee is a hundred percent better.  /","hopefully/RB  [ my/PRP$ ] ,/,  [ my/PRP$ knee/NN ] is/VBZ  [ a/DT hundred/CD percent/NN ] better/RB ./.","(S (ADVP (RB hopefully)) (EDITED (RM (-DFL- \[)) (NP-SBJ-UNF (PRP$ my)) (, ,) (IP (-DFL- \+))) (NP-SBJ (PRP$ my) (RS (-DFL- \])) (NN knee)) (VP (VBZ is) (ADJP-PRD (NP (QP (DT a) (CD hundred)) (NN percent)) (RB better))) (. .) (-DFL- E_S))",173
sw05utt/sw_0541_2719.utt,2/sw2719,2719,122,sd,A,53,4,Maybe I can get back into it. /,Maybe/RB  [ I/PRP ] can/MD get/VB back/RB into/IN  [ it/PRP ] ./.,(S (ADVP (RB Maybe)) (NP-SBJ (PRP I)) (VP (MD can) (VP (VB get) (ADVP (RB back)) (PP (IN into) (NP (PRP it))))) (. .) (-DFL- E_S)),174
sw05utt/sw_0541_2719.utt,2/sw2719,2719,123,aa,B,54,1,Yeah.  /,Yeah/UH ./.,(INTJ (UH Yeah) (. .) (-DFL- E_S)),125
sw05utt/sw_0541_2719.utt,2/sw2719,2719,124,aa,B,54,2,That's for sure. /,[ That/DT ] 's/BES for/IN sure/RB ./.,(S (NP-SBJ (DT That)) (VP (BES 's) (PP-PRD (IN for) (ADJP (RB sure)))) (. .) (-DFL- E_S)),177
sw05utt/sw_0541_2719.utt,2/sw2719,2719,125,co^t,A,55,1,Let me ask you a question off the subject though. /,Let/VB  [ me/PRP ] ask/VB  [ you/PRP ] [ a/DT question/NN ] off/IN  [ the/DT subject/NN ] though/RB ./.,(S-IMP (NP-SBJ (-NONE- *)) (VP (VB Let) (S (NP-SBJ (PRP me)) (VP (VB ask) (NP (PRP you)) (NP (NP (DT a) (NN question)) (PP (IN off) (NP (DT the) (NN subject)))) (ADVP (RB though))))) (. .) (-DFL- E_S)),179
sw05utt/sw_0541_2719.utt,2/sw2719,2719,126,bk,B,56,1,Okay. /,Okay/UH ./.,(INTJ (UH Okay) (. .) (-DFL- E_S)),181
sw05utt/sw_0541_2719.utt,2/sw2719,2719,127,qy,A,57,1,"[ You're in, + you're living in  ] the Castle Park area? /","[ You/PRP ] 're/VBP in/IN ,/,  [ you/PRP ] 're/VBP living/VBG in/IN  [ the/DT Castle/NNP Park/NNP area/NN ] ?/.","(S (EDITED (RM (-DFL- \[)) (S (NP-SBJ (PRP You)) (VP (VBP 're) (PP-LOC-PRD-UNF (IN in)))) (, ,) (IP (-DFL- \+))) (NP-SBJ (PRP you)) (VP (VBP 're) (VP (VBG living) (PP-LOC (IN in) (RS (-DFL- \])) (NP (DT the) (NNP Castle) (NNP Park) (NN area))))) (. ?) (-DFL- E_S))",183
sw05utt/sw_0541_2719.utt,2/sw2719,2719,128,na,B,58,1,That's right. /,[ That/DT ] 's/BES right/JJ ./.,(S (NP-SBJ (DT That)) (VP (BES 's) (ADJP-PRD (JJ right))) (. .) (-DFL- E_S)),185
sw05utt/sw_0541_2719.utt,2/sw2719,2719,129,sd,A,59,1,I grew up in Oak Cliff. /,[ I/PRP ] grew/VBD up/RP in/IN  [ Oak/NNP Cliff/NNP ] ./.,(S (NP-SBJ (PRP I)) (VP (VBD grew) (PRT (RP up)) (PP-LOC (IN in) (NP (NNP Oak) (NNP Cliff)))) (. .) (-DFL- E_S)),187
sw05utt/sw_0541_2719.utt,2/sw2719,2719,130,qy,B,60,1,Did you really? /,Did/VBD  [ you/PRP ] really/RB ?/.,(SQ (VBD Did) (NP-SBJ (PRP you)) (ADVP (RB really)) (. ?) (-DFL- E_S)),189
sw05utt/sw_0541_2719.utt,2/sw2719,2719,131,ny,A,61,1,"Yes,  /","Yes/UH ,/,","(INTJ (UH Yes) (, ,) (-DFL- E_S))",191
sw05utt/sw_0541_2719.utt,2/sw2719,2719,132,sd^e,A,61,2,I did.   /,[ I/PRP ] did/VBD ./.,(S (NP-SBJ (PRP I)) (VP (VBD did)) (. .) (-DFL- E_S)),192
sw05utt/sw_0541_2719.utt,2/sw2719,2719,133,sd,A,61,3,"{F Uh, }  just close to Methodist Hospital. /","[ Uh/UH ] ,/, just/RB close/RB to/IN  [ Methodist/NNP Hospital/NNP ] ./.","(FRAG (INTJ (UH Uh)) (, ,) (ADVP-LOC (RB just) (RB close) (PP (IN to) (NP (NNP Methodist) (NNP Hospital)))) (. .) (-DFL- E_S))",193
sw05utt/sw_0541_2719.utt,2/sw2719,2719,134,bk,B,62,1,"Okay,  /","Okay/UH ,/,","(INTJ (UH Okay) (, ,) (-DFL- E_S))",195
sw05utt/sw_0541_2719.utt,2/sw2719,2719,135,b,B,62,2,yeah. /,yeah/UH ./.,(INTJ (UH yeah) (. .) (-DFL- E_S)),196
sw05utt/sw_0541_2719.utt,2/sw2719,2719,136,sd,A,63,1,"On Candy,  /","On/IN  [ Candy/NNP ] ,/,","(PP-LOC (IN On) (NP (NNP Candy)) (, ,) (-DFL- E_S))",198
sw05utt/sw_0541_2719.utt,2/sw2719,2719,137,sd,A,63,2,C a n d y. /,[ C/SYM [ a/SYM n/SYM d/SYM y/SYM ] ./.,(NP (SYM C) (SYM a) (SYM n) (SYM d) (SYM y) (. .) (-DFL- E_S)),199
sw05utt/sw_0541_2719.utt,2/sw2719,2719,138,b,B,64,1,Right. /,[ Right/UH ] ./.,(INTJ (UH Right) (. .) (-DFL- E_S)),201
sw05utt/sw_0541_2719.utt,2/sw2719,2719,139,sd,A,65,1,"{F Oh, } in fact, I lived there {F oh, } until [ nineteen, + late nineteen ] fifties. /","Oh/UH ,/, in/IN  [ fact/NN ] ,/,  [ I/PRP ] lived/VBD  [ there/RB ] oh/UH ,/, until/IN  [ nineteen/CD ] ,/, late/RB  [ nineteen/CD fifties/NNS ] ./.","(S (INTJ (UH Oh)) (, ,) (PP (IN in) (NP (NN fact))) (, ,) (NP-SBJ (PRP I)) (VP (VBD lived) (ADVP-LOC (RB there)) (INTJ (UH oh)) (, ,) (PP-TMP (IN until) (EDITED (RM (-DFL- \[)) (NP-UNF (CD nineteen)) (, ,) (IP (-DFL- \+))) (NP (RB late) (CD nineteen) (RS (-DFL- \])) (NNS fifties)))) (. .) (-DFL- E_S))",203
sw05utt/sw_0541_2719.utt,2/sw2719,2719,140,b,B,66,1,"Okay,  /","Okay/UH ,/,","(INTJ (UH Okay) (, ,) (-DFL- E_S))",195
sw05utt/sw_0541_2719.utt,2/sw2719,2719,141,b^r,B,66,2,okay. /,okay/UH ./.,(INTJ (UH okay) (. .) (-DFL- E_S)),206
sw05utt/sw_0541_2719.utt,2/sw2719,2719,142,qy,A,67,1,"{C And } that area, is it changing back again?  /","And/CC  [ that/DT area/NN ] ,/, is/VBZ it/PRP changing/VBG back/RB again/RB ?/.","(SQ (CC And) (NP-TPC (DT that) (NN area)) (, ,) (VBZ is) (NP-SBJ (PRP it)) (VP (VBG changing) (ADVP (RB back)) (ADVP (RB again))) (. ?) (-DFL- E_S))",208
sw05utt/sw_0541_2719.utt,2/sw2719,2719,143,sd,A,67,2,So many people are moving back into those old houses and are restoring them. /,[ So/RB many/JJ people/NNS ] are/VBP moving/VBG back/RB into/IN  [ those/DT old/JJ houses/NNS ] and/CC are/VBP restoring/VBG  [ them/PRP ] ./.,(S (NP-SBJ (ADJP (RB So) (JJ many)) (NNS people)) (VP (VP (VBP are) (VP (VBG moving) (ADVP-DIR (RB back)) (PP-DIR (IN into) (NP (DT those) (JJ old) (NNS houses))))) (CC and) (VP (VBP are) (VP (VBG restoring) (NP (PRP them))))) (. .) (-DFL- E_S)),209
sw05utt/sw_0541_2719.utt,2/sw2719,2719,144,ny,B,68,1,"Yeah,  /","Yeah/UH ,/,","(INTJ (UH Yeah) (, ,) (-DFL- E_S))",211
sw05utt/sw_0541_2719.utt,2/sw2719,2719,145,sd^e,B,68,2,it is.  /,[ it/PRP ] is/VBZ ./.,(S (NP-SBJ (PRP it)) (VP (VBZ is) (VP (-NONE- *?*))) (. .) (-DFL- E_S)),212
sw05utt/sw_0541_2719.utt,2/sw2719,2719,146,sd,B,68,3,"{F Uh, } [ we're on, + we're on ] a little street called Bison Trail.  /","[ Uh/UH ] ,/,  [ we/PRP ] 're/VBP on/IN ,/,  [ we/PRP ] 're/VBP on/IN  [ a/DT little/JJ street/NN ] called/VBN  [ Bison/NNP Trail/NNP ] ./.","(S (INTJ (UH Uh)) (, ,) (EDITED (RM (-DFL- \[)) (S (NP-SBJ (PRP we)) (VP (VBP 're) (PP-LOC-PRD-UNF (IN on))) (, ,) (IP (-DFL- \+)))) (NP-SBJ (PRP we)) (VP (VBP 're) (PP-PRD-LOC (IN on) (RS (-DFL- \])) (NP (NP (DT a) (JJ little) (NN street)) (VP (VBN called) (S (NP-SBJ (-NONE- *)) (NP-PRD (NNP Bison) (NNP Trail))))))) (. .) (-DFL- E_S))",213
sw05utt/sw_0541_2719.utt,2/sw2719,2719,147,sd,B,68,4,"It's only about a block and a half long,  /","[ It/PRP ] 's/BES only/RB about/RB  [ a/DT block/NN ] and/CC  [ a/DT half/JJ long/JJ ] ,/,","(S (NP-SBJ (PRP It)) (VP (BES 's) (ADVP (RB only)) (ADJP-PRD (NP (RB about) (DT a) (NN block) (QP (CC and) (DT a) (JJ half))) (JJ long))) (, ,) (-DFL- E_S))",214
sw05utt/sw_0541_2719.utt,2/sw2719,2719,148,sd,B,68,5,"{C but }  [ it's, + it's  ] over on the other end.  /","but/CC  [ it/PRP ] 's/BES ,/,  [ it/PRP ] 's/BES over/IN on/IN  [ the/DT other/JJ end/NN ] ./.","(S (CC but) (EDITED (RM (-DFL- \[)) (S (NP-SBJ (PRP it)) (VP-UNF (BES 's))) (, ,) (IP (-DFL- \+))) (NP-SBJ (PRP it)) (VP (BES 's) (RS (-DFL- \])) (PP-PRD-LOC (IN over) (PP (IN on) (NP (DT the) (JJ other) (NN end))))) (. .) (-DFL- E_S))",215
sw05utt/sw_0541_2719.utt,2/sw2719,2719,149,sd,B,68,6,"[ It, + it's  ] over by the far edge of, {F uh, } Stephen's Park Golf Course. /","[ It/PRP ] ,/,  [ it/PRP ] 's/BES over/IN by/IN  [ the/DT far/JJ edge/NN ] of/IN ,/,  [ uh/UH ] ,/,  [ Stephen/NNP 's/POS Park/NNP Golf/NNP Course/NNP ] ./.","(S (EDITED (RM (-DFL- \[)) (NP-SBJ (PRP It)) (, ,) (IP (-DFL- \+))) (NP-SBJ (PRP it)) (VP (BES 's) (RS (-DFL- \])) (PP-PRD-LOC (IN over) (PP (IN by) (NP (NP (DT the) (JJ far) (NN edge)) (PP (IN of) (, ,) (INTJ (UH uh)) (, ,) (NP (NP (NNP Stephen) (POS 's)) (NNP Park) (NNP Golf) (NNP Course))))))) (. .) (-DFL- E_S))",216
sw05utt/sw_0541_2719.utt,2/sw2719,2719,150,bk,A,69,1,"{F Oh, } I know exactly where that is. /","Oh/UH ,/,  [ I/PRP ] know/VBP exactly/RB where/WRB  [ that/DT ] is/VBZ ./.","(S (INTJ (UH Oh)) (, ,) (NP-SBJ (PRP I)) (VP (VBP know) (SBAR (ADVP (RB exactly)) (WHADVP-1 (WRB where)) (S (NP-SBJ (DT that)) (VP (VBZ is) (ADVP-PRD-LOC (-NONE- *T*-1)))))) (. .) (-DFL- E_S))",218
sw05utt/sw_0541_2719.utt,2/sw2719,2719,151,b,B,70,1,"Yeah,  /","Yeah/UH ,/,","(INTJ (UH Yeah) (, ,) (-DFL- E_S))",211
sw05utt/sw_0541_2719.utt,2/sw2719,2719,152,%,B,70,2,"[ it's, + it's ] {F uh, } - /","[ it/PRP ] 's/BES ,/,  [ it/PRP ] 's/BES uh/UH ,/,","(S (EDITED (RM (-DFL- \[)) (S (NP-SBJ (PRP it)) (VP-UNF (BES 's))) (, ,) (IP (-DFL- \+))) (NP-SBJ (PRP it)) (VP-UNF (BES 's) (RS (-DFL- \])) (INTJ (UH uh))) (, ,) (-DFL- N_S))",221
sw05utt/sw_0541_2719.utt,2/sw2719,2719,153,qy,B,70,3,you know where the little bridge is on North Oak Cliff Boulevard? /,[ you/PRP ] know/VBP where/WRB  [ the/DT little/JJ bridge/NN ] is/VBZ on/IN  [ North/NNP Oak/NNP Cliff/NNP Boulevard/NNP ] ?/.,(S (NP-SBJ (PRP you)) (VP (VBP know) (SBAR (WHADVP-1 (WRB where)) (S (NP-SBJ (DT the) (JJ little) (NN bridge)) (VP (VBZ is) (PP-LOC-PRD (IN on) (NP (NNP North) (NNP Oak) (NNP Cliff) (NNP Boulevard))) (ADVP-LOC (-NONE- *T*-1)))))) (. ?) (-DFL- E_S)),222
sw05utt/sw_0541_2719.utt,2/sw2719,2719,154,ny,A,71,1,"Yeah,  /","Yeah/UH ,/,","(INTJ (UH Yeah) (, ,) (-DFL- E_S))",211
sw05utt/sw_0541_2719.utt,2/sw2719,2719,155,na,A,71,2,sure. /,sure/UH ./.,(INTJ (UH sure) (. .) (-DFL- E_S)),225
sw05utt/sw_0541_2719.utt,2/sw2719,2719,156,b,B,72,1,"Yeah,  /","Yeah/UH ,/,","(INTJ (UH Yeah) (, ,) (-DFL- E_S))",211
sw05utt/sw_0541_2719.utt,2/sw2719,2719,157,sd,B,72,2,"we are just south of that little bridge, back-up on the hill in the trees there,  /","[ we/PRP ] are/VBP just/RB south/JJ of/IN  [ that/DT little/JJ bridge/NN ] ,/,  [ back-up/^IN^IN ]  on/IN  [ the/DT hill/NN ] in/IN  [ the/DT trees/NNS ] there/RB ,/,","(S (NP-SBJ (PRP we)) (VP (VBP are) (UCP-LOC-PRD (ADVP (RB just) (JJ south) (PP (IN of) (NP (DT that) (JJ little) (NN bridge)))) (, ,) (ADVP-LOC (TYPO (^IN^IN back-up))) (PP-LOC (IN on) (NP (DT the) (NN hill))) (PP-LOC (IN in) (NP (DT the) (NNS trees))) (ADVP-LOC (RB there)))) (, ,) (-DFL- E_S))",228
sw05utt/sw_0541_2719.utt,2/sw2719,2719,158,%,B,72,3,"{C and } yeah,  /","and/CC yeah/UH ,/,","(FRAG (CC and) (INTJ (UH yeah)) (, ,) (-DFL- E_S))",229
sw05utt/sw_0541_2719.utt,2/sw2719,2719,159,sd,B,72,4,"{F uh, } our street is {F uh, } an awful lot of retired people,  /","[ uh/UH ] ,/,  [ our/PRP$ street/NN ] is/VBZ uh/UH ,/,  [ an/DT awful/JJ lot/NN ] of/IN  [ retired/JJ people/NNS ] ,/,","(S (INTJ (UH uh)) (, ,) (NP-SBJ (PRP$ our) (NN street)) (VP (VBZ is) (INTJ (UH uh)) (, ,) (NP-PRD (NP (DT an) (JJ awful) (NN lot)) (PP (IN of) (NP (JJ retired) (NNS people))))) (, ,) (-DFL- E_S))",230
sw05utt/sw_0541_2719.utt,2/sw2719,2719,160,%,B,72,5,"{C but } the other half, - /","but/CC  [ the/DT other/JJ half/NN ] ,/,","(S-UNF (CC but) (NP-SBJ (DT the) (JJ other) (NN half)) (, ,) (-DFL- N_S))",231
sw05utt/sw_0541_2719.utt,2/sw2719,2719,161,sd,B,72,6,"in fact, our one little block and a half there, four houses sold last summer  /","in/IN  [ fact/NN ] ,/,  [ our/PRP$ one/CD little/JJ block/NN ] and/CC  [ a/DT half/JJ ] there/RB ,/,  [ four/CD houses/NNS ] sold/VBD  [ last/JJ summer/NN ]","(S (PP (IN in) (NP (NN fact))) (, ,) (NP-TPC (NP (PRP$ our) (CD one) (JJ little) (NN block) (QP (CC and) (DT a) (JJ half))) (ADVP-LOC (RB there))) (, ,) (NP-SBJ (CD four) (NNS houses)) (VP (VBD sold) (NP-TMP (JJ last) (NN summer))) (-DFL- E_S))",232
sw05utt/sw_0541_2719.utt,2/sw2719,2719,162,sd,B,72,7,"{C and } three sold the summer before,  /","and/CC  [ three/CD ] sold/VBD  [ the/DT summer/NN ] before/RB ,/,","(S (CC and) (NP-SBJ (CD three)) (VP (VBD sold) (ADVP-TMP (NP (DT the) (NN summer)) (RB before))) (, ,) (-DFL- E_S))",233
sw05utt/sw_0541_2719.utt,2/sw2719,2719,163,sd,B,72,8,"{C and } everybody in their late twenties to mid-thirties are buying,   [ and, + and ] starting to rebuild and fix things up again  /","and/CC  [ everybody/NN ] in/IN  [ their/PRP$ late/JJ twenties/NNS ] to/IN  [ mid-thirties/NNS ] are/VBP buying/VBG ,/, and/CC ,/, and/CC starting/VBG to/TO rebuild/VB and/CC fix/VB  [ things/NNS ] up/RP again/RB","(S (CC and) (NP-SBJ-1 (NP (NN everybody)) (PP (IN in) (NP (PRP$ their) (JJ late) (NNS twenties))) (PP (IN to) (NP (NNS mid-thirties)))) (VP (VBP are) (VP (VP (VBG buying) (, ,) (EDITED (RM (-DFL- \[)) (CC and) (, ,) (IP (-DFL- \+)))) (CC and) (RS (-DFL- \])) (VP (VBG starting) (S (NP-SBJ (-NONE- *-1)) (VP (TO to) (VP (VB rebuild) (CC and) (VB fix) (NP (NNS things)) (PRT (RP up)) (ADVP (RB again)))))))) (-DFL- E_S))",234
sw05utt/sw_0541_2719.utt,2/sw2719,2719,164,sd,B,72,9,{C and } everybody is real excited. /,and/CC  [ everybody/NN ] is/VBZ real/RB excited/JJ ./.,(S (CC and) (NP-SBJ (NN everybody)) (VP (VBZ is) (ADJP-PRD (RB real) (JJ excited))) (. .) (-DFL- E_S)),235
sw05utt/sw_0541_2719.utt,2/sw2719,2719,165,ba,A,73,1,"{F Oh, } [ that's, + that's ] wonderful. /","Oh/UH ,/,  [ that/DT ] 's/BES ,/,  [ that/DT ] 's/BES wonderful/JJ ./.","(S (INTJ (UH Oh)) (, ,) (EDITED (RM (-DFL- \[)) (S (NP-SBJ (DT that)) (VP-UNF (BES 's))) (, ,) (IP (-DFL- \+))) (NP-SBJ (DT that)) (VP (BES 's) (RS (-DFL- \])) (ADJP-PRD (JJ wonderful))) (. .) (-DFL- E_S))",237
sw05utt/sw_0541_2719.utt,2/sw2719,2719,166,aa,B,74,1,Yeah. /,Yeah/UH ./.,(INTJ (UH Yeah) (. .) (-DFL- E_S)),239
sw05utt/sw_0541_2719.utt,2/sw2719,2719,167,ba,A,75,1,"That is a gorgeous, gorgeous place. /","[ That/DT ] is/VBZ  [ a/DT gorgeous/JJ ] ,/,  [ gorgeous/JJ place/NN ] ./.","(S (NP-SBJ (DT That)) (VP (VBZ is) (NP-PRD (DT a) (JJ gorgeous) (, ,) (JJ gorgeous) (NN place))) (. .) (-DFL- E_S))",241
sw05utt/sw_0541_2719.utt,2/sw2719,2719,168,sd,B,76,1,"{F Oh, } [ it's, + it's ] a lot of fun,  /","Oh/UH ,/,  [ it/PRP ] 's/BES ,/,  [ it/PRP ] 's/BES  [ a/DT lot/NN ] of/IN  [ fun/NN ] ,/,","(S (INTJ (UH Oh)) (, ,) (EDITED (RM (-DFL- \[)) (S (NP-SBJ (PRP it)) (VP-UNF (BES 's))) (, ,) (IP (-DFL- \+))) (NP-SBJ (PRP it)) (VP (BES 's) (RS (-DFL- \])) (NP-PRD (NP (DT a) (NN lot)) (PP (IN of) (NP (NN fun))))) (, ,) (-DFL- E_S))",243
sw05utt/sw_0541_2719.utt,2/sw2719,2719,169,sd,B,76,2,the people are great.  /,[ the/DT people/NNS ] are/VBP great/JJ ./.,(S (NP-SBJ (DT the) (NNS people)) (VP (VBP are) (ADJP-PRD (JJ great))) (. .) (-DFL- E_S)),244
sw05utt/sw_0541_2719.utt,2/sw2719,2719,170,sd,B,76,3,"There too, we've got a real active neighborhood association.  /","There/RB too/RB ,/,  [ we/PRP ] 've/VBP got/VBN  [ a/DT real/JJ active/JJ neighborhood/NN association/NN ] ./.","(S (ADVP-LOC (RB There)) (ADVP (RB too)) (, ,) (NP-SBJ (PRP we)) (VP (VBP 've) (VP (VBN got) (NP (DT a) (ADJP (JJ real) (JJ active)) (NN neighborhood) (NN association)))) (. .) (-DFL- E_S))",245
sw05utt/sw_0541_2719.utt,2/sw2719,2719,171,sd,B,76,4,"{C And } {F uh, }  [ we  have, +   {D well, } we've got ]  four regular parties every year  /","And/CC  [ uh/UH ] ,/,  [ we/PRP ] have/VBP ,/, well/UH ,/,  [ we/PRP ] 've/VBP got/VBN  [ four/CD regular/JJ parties/NNS ] [ every/DT year/NN ]","(S (CC And) (INTJ (UH uh)) (, ,) (EDITED (RM (-DFL- \[)) (S (NP-SBJ (PRP we)) (VP-UNF (VBP have))) (, ,) (IP (-DFL- \+))) (INTJ (UH well)) (, ,) (NP-SBJ (PRP we)) (VP (VBP 've) (VP (VBN got) (RS (-DFL- \])) (NP (NP (CD four) (JJ regular) (NNS parties)) (NP-ADV (DT every) (NN year))))) (-DFL- E_S))",246
sw05utt/sw_0541_2719.utt,2/sw2719,2719,172,sd,B,76,5,"{C and } we do a neighborhood recycling program  and, all that kind of stuff.  /","and/CC  [ we/PRP ] do/VBP  [ a/DT neighborhood/NN recycling/NN program/NN ] and/CC ,/,  [ all/PDT that/DT kind/NN ] of/IN  [ stuff/NN ] ./.","(S (CC and) (NP-SBJ (PRP we)) (VP (VBP do) (NP (NP (DT a) (NN neighborhood) (NN recycling) (NN program)) (CC and) (, ,) (NP (NP (PDT all) (DT that) (NN kind)) (PP (IN of) (NP (NN stuff)))))) (. .) (-DFL- E_S))",247
sw05utt/sw_0541_2719.utt,2/sw2719,2719,173,sd,B,76,6,"{C So, } it's a lot of fun  /","So/UH ,/,  [ it/PRP ] 's/BES  [ a/DT lot/NN ] of/IN  [ fun/NN ]","(S (RB So) (, ,) (NP-SBJ (PRP it)) (VP (BES 's) (NP-PRD (NP (DT a) (NN lot)) (PP (IN of) (NP (NN fun))))) (-DFL- E_S))",248
sw05utt/sw_0541_2719.utt,2/sw2719,2719,174,sd,B,76,7,"{C and } [ it is, + it's  ] a really beautiful area.  /","and/CC  [ it/PRP ] is/VBZ ,/,  [ it/PRP ] 's/BES  [ a/DT ] really/RB  [ beautiful/JJ area/NN ] ./.","(S (CC and) (EDITED (RM (-DFL- \[)) (S (NP-SBJ (PRP it)) (VP-UNF (VBZ is))) (, ,) (IP (-DFL- \+))) (NP-SBJ (PRP it)) (VP (BES 's) (RS (-DFL- \])) (NP-PRD (DT a) (ADJP (RB really) (JJ beautiful)) (NN area))) (. .) (-DFL- E_S))",249
sw05utt/sw_0541_2719.utt,2/sw2719,2719,175,sd,B,76,8,"{C And } [ [ some, + some  ] of the people, + {F uh, } some of ] the higher dollars lawyers and stuff downtown too, are picking up some of those great big houses,  /","And/CC  [ some/DT ] ,/,  [ some/DT ] of/IN  [ the/DT people/NNS ] ,/,  [ uh/UH ] ,/,  [ some/DT ] of/IN  [ the/DT higher/JJR dollars/NNS lawyers/NNS ] and/CC  [ stuff/NN downtown/RB ] too/RB ,/, are/VBP picking/VBG up/RP  [ some/DT ] of/IN  [ those/DT great/JJ big/JJ houses/NNS ] ,/,","(S (CC And) (EDITED (RM (-DFL- \[)) (EDITED (RM (-DFL- \[)) (NP-SBJ-UNF (DT some)) (, ,) (IP (-DFL- \+))) (NP-SBJ (NP (DT some)) (RS (-DFL- \])) (PP (IN of) (NP (DT the) (NNS people)))) (, ,) (IP (-DFL- \+))) (INTJ (UH uh)) (, ,) (NP-SBJ (NP (DT some)) (PP (IN of) (RS (-DFL- \])) (NP (NP (DT the) (JJR higher) (NNS dollars) (NNS lawyers)) (CC and) (NP (NN stuff)) (ADVP-LOC (RB downtown))))) (ADVP (RB too)) (, ,) (VP (VBP are) (VP (VBG picking) (PRT (RP up)) (NP (NP (DT some)) (PP (IN of) (NP (DT those) (JJ great) (JJ big) (NNS houses)))))) (, ,) (-DFL- E_S))",250
sw05utt/sw_0541_2719.utt,2/sw2719,2719,176,sd,B,76,9,"{C and } [ they're, + they're  ] getting them at a real bargain. /","and/CC  [ they/PRP ] 're/VBP ,/,  [ they/PRP ] 're/VBP getting/VBG  [ them/PRP ] at/IN  [ a/DT real/JJ bargain/NN ] ./.","(S (CC and) (EDITED (RM (-DFL- \[)) (S (NP-SBJ (PRP they)) (VP-UNF (VBP 're))) (, ,) (IP (-DFL- \+))) (NP-SBJ (PRP they)) (VP (VBP 're) (RS (-DFL- \])) (VP (VBG getting) (NP (PRP them)) (PP (IN at) (NP (DT a) (JJ real) (NN bargain))))) (. .) (-DFL- E_S))",251
sw05utt/sw_0541_2719.utt,2/sw2719,2719,177,ba@,A,77,1,"{D Well, } sure  /  *[[no slash?  listen]]","Well/UH ,/, sure/UH","(INTJ (INTJ (UH Well)) (, ,) (INTJ (UH sure)) (-DFL- E_S))",253
sw05utt/sw_0541_2719.utt,2/sw2719,2719,178,ba,A,77,2,they are. /,[ they/PRP ] are/VBP ./.,(S (NP-SBJ (PRP they)) (VP (VBP are) (VP (-NONE- *?*))) (. .) (-DFL- E_S)),254
sw05utt/sw_0541_2719.utt,2/sw2719,2719,179,^h,B,78,1,You know.  /,[ You/PRP ] know/VBP ./.,(S (NP-SBJ (PRP You)) (VP (VBP know)) (. .) (-DFL- E_S)),256
sw05utt/sw_0541_2719.utt,2/sw2719,2719,180,sd,B,78,2,"[ They're, + they're ] getting four thousand square feet for a hundred fifty, a hundred and seventy-five thousand dollars. /","[ They/PRP ] 're/VBP ,/,  [ they/PRP ] 're/VBP getting/VBG  [ four/CD thousand/CD square/JJ feet/NNS ] for/IN  [ a/DT hundred/CD fifty/CD ] ,/,  [ a/DT hundred/CD ] and/CC  [ seventy-five/CD thousand/CD dollars/NNS ] ./.","(S (EDITED (RM (-DFL- \[)) (S (NP-SBJ (PRP They)) (VP-UNF (VBP 're))) (, ,) (IP (-DFL- \+))) (NP-SBJ (PRP they)) (VP (VBP 're) (RS (-DFL- \])) (VP (VBG getting) (NP (QP (CD four) (CD thousand)) (JJ square) (NNS feet)) (PP (IN for) (NP (QP (DT a) (CD hundred) (CD fifty) (, ,) (DT a) (CD hundred) (CC and) (CD seventy-five) (CD thousand)) (NNS dollars))))) (. .) (-DFL- E_S))",257
sw05utt/sw_0541_2719.utt,2/sw2719,2719,181,b,A,79,1,{F Hm. } /,[ Hm/UH ] ./.,(INTJ (UH Hm) (. .) (-DFL- E_S)),259
sw05utt/sw_0541_2719.utt,2/sw2719,2719,182,sd,B,80,1,"[ {C And, } + {F uh, } {C and }  ] they're just going to town with them.  /","And/CC ,/,  [ uh/UH ] ,/, and/CC  [ they/PRP ] 're/VBP just/RB going/VBG to/IN  [ town/NN ] with/IN  [ them/PRP ] ./.","(S (EDITED (RM (-DFL- \[)) (CC And) (, ,) (IP (-DFL- \+))) (INTJ (UH uh)) (, ,) (CC and) (RS (-DFL- \])) (NP-SBJ (PRP they)) (VP (VBP 're) (ADVP (RB just)) (VP (VBG going) (PP (IN to) (NP (NN town))) (PP (IN with) (NP (PRP them))))) (. .) (-DFL- E_S))",261
sw05utt/sw_0541_2719.utt,2/sw2719,2719,183,sd,B,80,2,"[ They're, +  people are ] putting in pools [ and, + and  ] completely redoing the outside restoring to the original, {D you know, } nineteen thirty, nineteen forties look. /","[ They/PRP ] 're/VBP ,/,  [ people/NNS ] are/VBP putting/VBG in/RP  [ pools/NNS ] and/CC ,/, and/CC completely/RB redoing/VBG  [ the/DT outside/NN restoring/VBG ] to/IN  [ the/DT original/JJ ] ,/,  [ you/PRP ] know/VBP ,/,  [ nineteen/CD thirty/CD ] ,/,  [ nineteen/CD forties/NNS ] look/NN ./.","(S (EDITED (RM (-DFL- \[)) (S (NP-SBJ (PRP They)) (VP-UNF (VBP 're))) (, ,) (IP (-DFL- \+))) (NP-SBJ (NNS people)) (VP (VBP are) (RS (-DFL- \])) (VP (VP (VBG putting) (PRT (RP in)) (NP (NNS pools))) (EDITED (RM (-DFL- \[)) (CC and) (, ,) (IP (-DFL- \+))) (CC and) (RS (-DFL- \])) (VP (ADVP (RB completely)) (VBG redoing) (NP (DT the) (NN outside))) (VP (VBG restoring) (PP (IN to) (NP (DT the) (JJ original) (PRN (, ,) (S (NP-SBJ (PRP you)) (VP (VBP know))) (, ,)) (ADJP (CD nineteen) (CD thirty) (, ,) (CD nineteen) (NNS forties)) (NN look)))))) (. .) (-DFL- E_S))",262
sw05utt/sw_0541_2719.utt,2/sw2719,2719,184,ba,A,81,1,"{F Oh, } wow. /","Oh/UH ,/, wow/UH ./.","(INTJ (INTJ (UH Oh)) (, ,) (INTJ (UH wow)) (. .) (-DFL- E_S))",264
sw05utt/sw_0541_2719.utt,2/sw2719,2719,185,sd,B,82,1,"{C And }  [ [ it, +  it's ] +  it's ] really coming around.  /","And/CC  [ it/PRP ] ,/,  [ it/PRP ] 's/BES  [ it/PRP ] 's/BES really/RB coming/VBG around/RP ./.","(S (CC And) (EDITED (RM (-DFL- \[)) (EDITED (RM (-DFL- \[)) (NP-SBJ (PRP it)) (, ,) (IP (-DFL- \+))) (S (NP-SBJ (PRP it)) (VP-UNF (BES 's))) (RS (-DFL- \])) (IP (-DFL- \+))) (NP-SBJ (PRP it)) (VP (BES 's) (RS (-DFL- \])) (ADVP (RB really)) (VP (VBG coming) (ADVP (RP around)))) (. .) (-DFL- E_S))",266
sw05utt/sw_0541_2719.utt,2/sw2719,2719,186,%,B,82,2,I guess... -/,[ I/PRP ] guess/VBP .../:,(S (NP-SBJ (PRP I)) (VP (VBP guess)) (: ...) (-DFL- N_S)),267
sw05utt/sw_0541_2719.utt,2/sw2719,2719,187,sd,A,83,1,I need to go over there and just drive around and look. /,[ I/PRP ] need/VBP to/TO go/VB over/IN there/RB and/CC just/RB drive/VB around/RB and/CC look/VB ./.,(S (NP-SBJ-1 (PRP I)) (VP (VBP need) (S (NP-SBJ (-NONE- *-1)) (VP (TO to) (VP (VP (VB go) (PP-DIR (IN over) (ADVP (RB there)))) (CC and) (ADVP (RB just)) (VP (VB drive) (ADVP (RB around))) (CC and) (VP (VB look)))))) (. .) (-DFL- E_S)),269
sw05utt/sw_0541_2719.utt,2/sw2719,2719,188,sv,B,84,1,"[ It's, + it's ] worth the trip. /","[ It/PRP ] 's/BES ,/,  [ it/PRP ] 's/BES worth/JJ  [ the/DT trip/NN ] ./.","(S (EDITED (RM (-DFL- \[)) (S (NP-SBJ (PRP It)) (VP-UNF (BES 's))) (, ,) (IP (-DFL- \+))) (NP-SBJ (PRP it)) (VP (BES 's) (RS (-DFL- \])) (ADJP-PRD (JJ worth) (NP (DT the) (NN trip)))) (. .) (-DFL- E_S))",271
sw05utt/sw_0541_2719.utt,2/sw2719,2719,189,ba,A,85,1,"{F Oh, } I'm sure it must be.  /","Oh/UH ,/,  [ I/PRP ] 'm/VBP sure/JJ  [ it/PRP ] must/MD be/VB ./.","(S (INTJ (UH Oh)) (, ,) (NP-SBJ (PRP I)) (VP (VBP 'm) (ADJP-PRD (JJ sure) (SBAR (-NONE- 0) (S (NP-SBJ (PRP it)) (VP (MD must) (VP (VB be) (ADJP-PRD (-NONE- *?*)))))))) (. .) (-DFL- E_S))",273
sw05utt/sw_0541_2719.utt,2/sw2719,2719,190,%,A,85,2,"I'm just, - /","[ I/PRP ] 'm/VBP just/RB ,/,","(S (NP-SBJ (PRP I)) (VP-UNF (VBP 'm) (ADVP (RB just))) (, ,) (-DFL- N_S))",274
sw05utt/sw_0541_2719.utt,2/sw2719,2719,191,sd,A,85,3,"we had a lovely little house over there,  /","[ we/PRP ] had/VBD  [ a/DT lovely/JJ little/JJ house/NN ] over/IN there/RB ,/,","(S (NP-SBJ (PRP we)) (VP (VBD had) (NP (DT a) (JJ lovely) (JJ little) (NN house)) (PP-LOC (IN over) (ADVP (RB there)))) (, ,) (-DFL- E_S))",275
sw05utt/sw_0541_2719.utt,2/sw2719,2719,192,sd,A,85,4,it was {D like } a two story. /,[ it/PRP ] was/VBD like/IN  [ a/DT two/CD story/NN ] ./.,(S (NP-SBJ (PRP it)) (VP (VBD was) (INTJ (UH like)) (NP-PRD (DT a) (CD two) (NN story))) (. .) (-DFL- E_S)),276
sw05utt/sw_0541_2719.utt,2/sw2719,2719,193,b,B,86,1,Uh-huh. /,[ Uh-huh/UH ] ./.,(INTJ (UH Uh-huh) (. .) (-DFL- E_S)),278
sw05utt/sw_0541_2719.utt,2/sw2719,2719,194,sd,A,87,1,"{D Well, } story and a half, really, because we had a basement. /","Well/UH ,/,  [ story/NN ] and/CC  [ a/DT half/DT ] ,/, really/RB ,/, because/IN  [ we/PRP ] had/VBD  [ a/DT basement/NN ] ./.","(FRAG (INTJ (UH Well)) (, ,) (NP (NN story) (QP (CC and) (DT a) (DT half))) (, ,) (ADVP (RB really)) (, ,) (SBAR-PRP (IN because) (S (NP-SBJ (PRP we)) (VP (VBD had) (NP (DT a) (NN basement))))) (. .) (-DFL- E_S))",280
sw05utt/sw_0541_2719.utt,2/sw2719,2719,195,b,B,88,1,Okay. /,Okay/UH ./.,(INTJ (UH Okay) (. .) (-DFL- E_S)),282
sw05utt/sw_0541_2719.utt,2/sw2719,2719,196,sd,A,89,1,"{C And } the guy that built it was weird,  /","And/CC  [ the/DT guy/NN ] [ that/WDT ] built/VBD  [ it/PRP ] was/VBD weird/JJ ,/,","(S (CC And) (NP-SBJ (NP (DT the) (NN guy)) (SBAR (WHNP-1 (WDT that)) (S (NP-SBJ (-NONE- *T*-1)) (VP (VBD built) (NP (PRP it)))))) (VP (VBD was) (ADJP-PRD (JJ weird))) (, ,) (-DFL- E_S))",284
sw05utt/sw_0541_2719.utt,2/sw2719,2719,197,sd,A,89,2,I mean weird <laughter>. /,[ I/PRP ] mean/VBP  [ weird/JJ ] ./.,(S (NP-SBJ (PRP I)) (VP (VBP mean) (FRAG (ADJP (JJ weird)))) (. .) (-DFL- E_S)),285
sw05utt/sw_0541_2719.utt,2/sw2719,2719,198,b,B,90,1,Yeah. /,Yeah/UH ./.,(INTJ (UH Yeah) (. .) (-DFL- E_S)),287
sw05utt/sw_0541_2719.utt,2/sw2719,2719,199,sd,A,91,1,"It's one of these really creative houses,","[ It/PRP ] [ 's/BES ] [ one/NN ] of/IN  [ these/DT ] really/RB  [ creative/JJ houses/NNS ] ,/,","(S (NP-SBJ (PRP It)) (VP (BES 's) (NP-PRD (NP (NN one)) (PP (IN of) (NP (DT these) (ADJP (RB really) (JJ creative)) (NNS houses))) (, ,) (SBAR (WHNP-1 (WDT that)) (S (NP-SBJ (PRP I)) (VP (VBD grew) (PRT (RP up)) (PP-LOC (IN in) (NP (-NONE- *T*-1)))))) (SBAR (WHADVP-2 (WDT that)) (S (NP-SBJ (NN nothing)) (VP (VBD was) (PP-LOC-PRD (IN on) (NP (DT the) (JJ same) (NN level))) (PP (IN with) (NP (NP (NN anything)) (ADVP (RB else)))) (ADVP (-NONE- *T*-2))))))) (. .) (-DFL- E_S))",289
sw05utt/sw_0541_2719.utt,2/sw2719,2719,200,b,B,92,1,Okay. /,Okay/UH ./.,(INTJ (UH Okay) (. .) (-DFL- E_S)),282
sw05utt/sw_0541_2719.utt,2/sw2719,2719,201,+,A,93,1,that I grew up in that nothing was on the same level with anything else. /,that/WDT  [ I/PRP ] grew/VBD up/RP in/IN  [ that/WDT ] [ nothing/NN ] was/VBD on/IN  [ the/DT same/JJ level/NN ] with/IN  [ anything/NN ] else/RB ./.,"(S (NP-SBJ (PRP It)) (VP (BES 's) (NP-PRD (NP (NN one)) (PP (IN of) (NP (DT these) (ADJP (RB really) (JJ creative)) (NNS houses))) (, ,) (SBAR (WHNP-1 (WDT that)) (S (NP-SBJ (PRP I)) (VP (VBD grew) (PRT (RP up)) (PP-LOC (IN in) (NP (-NONE- *T*-1)))))) (SBAR (WHADVP-2 (WDT that)) (S (NP-SBJ (NN nothing)) (VP (VBD was) (PP-LOC-PRD (IN on) (NP (DT the) (JJ same) (NN level))) (PP (IN with) (NP (NP (NN anything)) (ADVP (RB else)))) (ADVP (-NONE- *T*-2))))))) (. .) (-DFL- E_S))",289
sw05utt/sw_0541_2719.utt,2/sw2719,2719,202,ba,B,94,1,"{F Oh, } wow. /","Oh/UH ,/, wow/UH ./.","(INTJ (INTJ (UH Oh)) (, ,) (INTJ (UH wow)) (. .) (-DFL- E_S))",294
sw05utt/sw_0541_2719.utt,2/sw2719,2719,203,sd,A,95,1,{C And } I just loved the neighborhood. /,And/CC  [ I/PRP ] just/RB loved/VBD  [ the/DT neighborhood/NN ] ./.,(S (CC And) (NP-SBJ (PRP I)) (ADVP (RB just)) (VP (VBD loved) (NP (DT the) (NN neighborhood))) (. .) (-DFL- E_S)),296
sw05utt/sw_0541_2719.utt,2/sw2719,2719,204,b,B,96,1,Yeah. /,Yeah/UH ./.,(INTJ (UH Yeah) (. .) (-DFL- E_S)),287
sw05utt/sw_0541_2719.utt,2/sw2719,2719,205,sd,A,97,1,"{C And } {E I mean, } [ everyone, + everyone  ] had houses like that.  /","And/CC  [ I/PRP ] mean/VBP ,/,  [ everyone/NN ] ,/,  [ everyone/NN ] had/VBD  [ houses/NNS ] like/IN  [ that/DT ] ./.","(S (CC And) (PRN (S (NP-SBJ (PRP I)) (VP (VBP mean))) (, ,)) (EDITED (RM (-DFL- \[)) (NP-SBJ (NN everyone)) (, ,) (IP (-DFL- \+))) (NP-SBJ (NN everyone)) (RS (-DFL- \])) (VP (VBD had) (NP (NP (NNS houses)) (PP (IN like) (NP (DT that))))) (. .) (-DFL- E_S))",300
sw05utt/sw_0541_2719.utt,2/sw2719,2719,206,sd,A,97,2,They were all completely different. /,[ They/PRP ] were/VBD all/RB completely/RB different/JJ ./.,(S (NP-SBJ (PRP They)) (VP (VBD were) (RB all) (ADJP-PRD (RB completely) (JJ different))) (. .) (-DFL- E_S)),301
sw05utt/sw_0541_2719.utt,2/sw2719,2719,207,b,B,98,1,"Uh-huh,  /","[ Uh-huh/UH ] ,/,","(INTJ (UH Uh-huh) (, ,) (-DFL- E_S))",303
sw05utt/sw_0541_2719.utt,2/sw2719,2719,208,aa,B,98,2,that's right. /,[ that/WDT ] 's/BES right/JJ ./.,(S (NP-SBJ (WDT that)) (VP (BES 's) (ADJP-PRD (JJ right))) (. .) (-DFL- E_S)),304
sw05utt/sw_0541_2719.utt,2/sw2719,2719,209,sd,A,99,1,{C and } so neat. /,and/CC so/RB neat/JJ ./.,(FRAG (CC and) (ADJP (RB so) (JJ neat)) (. .) (-DFL- E_S)),306
sw05utt/sw_0541_2719.utt,2/sw2719,2719,210,b,B,100,1,"Yeah,  /","Yeah/UH ,/,","(INTJ (UH Yeah) (, ,) (-DFL- E_S))",308
sw05utt/sw_0541_2719.utt,2/sw2719,2719,211,sd,B,100,2,"ours is kind of a little ranch style with a great big, {F oh, } I guess, it's  twenty-eight by fifteen front porch. /","[ ours/PRP ] is/VBZ  [ kind/RB ] of/RB  [ a/DT little/JJ ranch/NN style/NN ] with/IN  [ a/DT great/JJ big/JJ ] ,/, oh/UH ,/,  [ I/PRP ] guess/VBP ,/,  [ it/PRP ] 's/BES twenty-eight/CD by/IN  [ fifteen/CD front/NN porch/NN ] ./.","(S (NP-SBJ (PRP ours)) (VP (VBZ is) (ADVP (RB kind) (RB of)) (NP-PRD (DT a) (JJ little) (NN ranch) (NN style)) (PP (IN with) (NP-UNF (DT a) (JJ great) (JJ big)))) (, ,))|||(S-1 (INTJ (UH oh)) (PRN (, ,) (S (NP-SBJ (PRP I)) (VP (VBP guess) (SBAR (-NONE- 0) (S (-NONE- *T*-1))))) (, ,)) (NP-SBJ (PRP it)) (VP (BES 's) (NP-PRD (NP (CD twenty-eight)) (PP (IN by) (NP (CD fifteen))) (NN front) (NN porch))) (. .) (-DFL- E_S))",309|||310
sw05utt/sw_0541_2719.utt,2/sw2719,2719,212,b,A,101,1,Oh.  /,Oh/UH ./.,(INTJ (UH Oh) (. .) (-DFL- E_S)),312
sw05utt/sw_0541_2719.utt,2/sw2719,2719,213,sd,B,102,1,"Next door, we've got an Austin stone.  /","[ Next/JJ door/NN ] ,/,  [ we/PRP ] 've/VBP got/VBN  [ an/DT Austin/NNP stone/NN ] ./.","(S (NP-LOC (JJ Next) (NN door)) (, ,) (NP-SBJ (PRP we)) (VP (VBP 've) (VP (VBN got) (NP (DT an) (NNP Austin) (NN stone)))) (. .) (-DFL- E_S))",314
sw05utt/sw_0541_2719.utt,2/sw2719,2719,214,%,B,102,2,"Across the street, the guy, - /","Across/IN  [ the/DT street/NN ] ,/,  [ the/DT guy/NN ] ,/,","(S-UNF (PP-LOC (IN Across) (NP (DT the) (NN street))) (, ,) (NP-SBJ (DT the) (NN guy)) (, ,) (-DFL- N_S))",315
sw05utt/sw_0541_2719.utt,2/sw2719,2719,215,sd,B,102,3,it was burnt out about two years ago   /,[ it/PRP ] was/VBD burnt/VBN out/RP about/RB  [ two/CD years/NNS ] ago/RB,(S (NP-SBJ-1 (PRP it)) (VP (VBD was) (VP (VBN burnt) (NP (-NONE- *-1)) (PRT (RP out)) (ADVP-TMP (NP (QP (RB about) (CD two)) (NNS years)) (RB ago)))) (-DFL- E_S)),316
sw05utt/sw_0541_2719.utt,2/sw2719,2719,216,sd,B,102,4,"[ {C and, } +  {C and } ] the guy moved in and completely redid - /","and/CC ,/, and/CC  [ the/DT guy/NN ] moved/VBD in/RB and/CC completely/RB  [ redid/VBD ]","(S (EDITED (RM (-DFL- \[)) (CC and) (, ,) (IP (-DFL- \+))) (CC and) (RS (-DFL- \])) (NP-SBJ (DT the) (NN guy)) (VP (VP (VBD moved) (ADVP (RB in))) (CC and) (VP-UNF (ADVP (RB completely)) (VBD redid))) (-DFL- N_S))",317
sw05utt/sw_0541_2719.utt,2/sw2719,2719,217,sd,B,102,5,"[ it's got, + {F oh, } it's got  ] a rounded front on it.  /","[ it/PRP ] [ 's/HVS ] got/VBN ,/, oh/UH ,/,  [ it/PRP ] 's/HVS got/VBD  [ a/DT rounded/JJ front/NN ] on/IN  [ it/PRP ] ./.","(S (EDITED (RM (-DFL- \[)) (S (NP-SBJ (PRP it)) (VP (HVS 's) (VP-UNF (VBN got)))) (, ,) (IP (-DFL- \+))) (INTJ (UH oh)) (, ,) (NP-SBJ (PRP it)) (VP (HVS 's) (VP (VBD got) (RS (-DFL- \])) (NP (DT a) (JJ rounded) (NN front)) (PP (IN on) (NP (PRP it))))) (. .) (-DFL- E_S))",318
sw05utt/sw_0541_2719.utt,2/sw2719,2719,218,sd,B,102,6,"It's all brick,  /","[ It/PRP ] [ 's/BES all/RB brick/NN ] ,/,","(S (NP-SBJ (PRP It)) (VP (BES 's) (RB all) (NP-PRD (NN brick))) (, ,) (-DFL- E_S))",319
sw05utt/sw_0541_2719.utt,2/sw2719,2719,219,sd,B,102,7,"{C and } [ he's, + he's  ] landscaped his yard  /","and/CC  [ he/PRP ] 's/HVS ,/,  [ he/PRP ] 's/HVS landscaped/VBN  [ his/PRP$ yard/NN ]","(S (CC and) (EDITED (RM (-DFL- \[)) (S (NP-SBJ (PRP he)) (VP-UNF (HVS 's))) (, ,) (IP (-DFL- \+))) (NP-SBJ (PRP he)) (VP (HVS 's) (RS (-DFL- \])) (VP (VBN landscaped) (NP (PRP$ his) (NN yard)))) (-DFL- E_S))",320
sw05utt/sw_0541_2719.utt,2/sw2719,2719,220,sd,B,102,8,{C and } he's about ready to put in a pool and things like that.  /,and/CC  [ he/PRP ] 's/BES about/RB  [ ready/JJ ] to/TO put/VB in/RP  [ a/DT pool/NN ] and/CC  [ things/NNS ] like/IN  [ that/DT ] ./.,(S (CC and) (NP-SBJ-1 (PRP he)) (VP (BES 's) (ADVP (RB about)) (ADJP-PRD (JJ ready) (S (NP-SBJ (-NONE- *-1)) (VP (TO to) (VP (VB put) (PRT (RP in)) (NP (NP (DT a) (NN pool)) (CC and) (NP (NP (NNS things)) (PP (IN like) (NP (DT that)))))))))) (. .) (-DFL- E_S)),321
sw05utt/sw_0541_2719.utt,2/sw2719,2719,221,%,B,102,9,"{C So, } yeah,  /","So/UH ,/, yeah/UH ,/,","(FRAG (RB So) (, ,) (INTJ (UH yeah)) (, ,) (-DFL- E_S))",322
sw05utt/sw_0541_2719.utt,2/sw2719,2719,222,sd,B,102,10,"there's a variety,  /","[ there/EX ] 's/BES  [ a/DT variety/NN ] ,/,","(S (NP-SBJ (EX there)) (VP (BES 's) (NP-PRD (DT a) (NN variety))) (, ,) (-DFL- E_S))",323
sw05utt/sw_0541_2719.utt,2/sw2719,2719,223,sd,B,102,11,"you just don't see it anywhere else, as far as the different styles in the houses and whatnot. /","[ you/PRP ] just/RB do/VBP n't/RB see/VB  [ it/PRP ] anywhere/RB else/RB ,/, as/RB far/RB as/IN  [ the/DT different/JJ styles/NNS ] in/IN  [ the/DT houses/NNS ] and/CC  [ whatnot/NN ] ./.","(S (NP-SBJ (PRP you)) (ADVP (RB just)) (VP (VBP do) (RB n't) (VP (VB see) (NP (PRP it)) (ADVP-LOC (RB anywhere) (RB else)) (, ,) (ADVP (ADVP (RB as) (RB far)) (PP (IN as) (NP (NP (DT the) (JJ different) (NNS styles)) (PP-LOC (IN in) (NP (NP (DT the) (NNS houses)) (CC and) (NP (NN whatnot))))))))) (. .) (-DFL- E_S))",324
sw05utt/sw_0541_2719.utt,2/sw2719,2719,224,qw,A,103,1,"{D Now, }  why couldn't your wife run around the golf course?  /","Now/UH ,/, why/WRB could/MD n't/RB  [ your/PRP$ wife/NN ] run/VB around/IN  [ the/DT golf/NN course/NN ] ?/.","(SBARQ (INTJ (UH Now)) (, ,) (WHADVP-1 (WRB why)) (SQ (MD could) (RB n't) (NP-SBJ (PRP$ your) (NN wife)) (VP (VB run) (PP (IN around) (NP (DT the) (NN golf) (NN course))) (ADVP-PRP (-NONE- *T*-1)))) (. ?) (-DFL- E_S))",326
sw05utt/sw_0541_2719.utt,2/sw2719,2719,225,qy,A,103,2,Is that not good? /,Is/VBZ  [ that/DT ] not/RB good/JJ ?/.,(SQ (VBZ Is) (NP-SBJ (DT that)) (ADJP-PRD (RB not) (JJ good)) (. ?) (-DFL- E_S)),327
sw05utt/sw_0541_2719.utt,2/sw2719,2719,226,sd,B,104,1,"{F Oh, } she could, a little bit.  /","Oh/UH ,/,  [ she/PRP ] could/MD ,/,  [ a/DT little/JJ bit/NN ] ./.","(S (INTJ (UH Oh)) (, ,) (NP-SBJ (PRP she)) (VP (MD could) (VP (-NONE- *?*) (, ,) (NP-ADV (DT a) (JJ little) (NN bit)))) (. .) (-DFL- E_S))",329
sw05utt/sw_0541_2719.utt,2/sw2719,2719,227,%,B,104,2,"We, - /","[ We/PRP ] ,/,","(S-UNF (NP-SBJ (PRP We)) (, ,) (-DFL- N_S))",330
sw05utt/sw_0541_2719.utt,2/sw2719,2719,228,o,B,104,3,"I tell you what,  /","[ I/PRP ] tell/VBP  [ you/PRP ] [ what/WP ] ,/,","(S (NP-SBJ (PRP I)) (VP (VBP tell) (NP (PRP you)) (NP (WP what))) (, ,) (-DFL- E_S))",331
sw05utt/sw_0541_2719.utt,2/sw2719,2719,229,sd,B,104,4,we   got into the fitness center at Methodist  /,[ we/PRP ] got/VBD into/IN  [ the/DT fitness/NN center/NN ] at/IN  [ Methodist/NNP ],(S (NP-SBJ (PRP we)) (VP (VBD got) (PP (IN into) (NP (NP (DT the) (NN fitness) (NN center)) (PP-LOC (IN at) (NP (NNP Methodist)))))) (-DFL- E_S)),332
sw05utt/sw_0541_2719.utt,2/sw2719,2719,230,sd,B,104,5,{C and } they have a quarter mile track there.  /,and/CC  [ they/PRP ] have/VBP  [ a/DT quarter/JJ mile/NN track/NN ] there/RB ./.,(S (CC and) (NP-SBJ (PRP they)) (VP (VBP have) (NP (DT a) (JJ quarter) (NN mile) (NN track)) (ADVP-LOC (RB there))) (. .) (-DFL- E_S)),333
sw05utt/sw_0541_2719.utt,2/sw2719,2719,231,sd,B,104,6,"{C So } she has started doing that  [ rather than + {F uh, } rather than  ] take off.  /","So/UH  [ she/PRP ] has/VBZ started/VBD doing/VBG that/DT rather/IN than/IN  [ uh/UH ] ,/, rather/IN than/IN take/VB off/RP ./.","(S (RB So) (NP-SBJ-1 (PRP she)) (VP (VBZ has) (VP (VP (VBD started) (S (NP-SBJ (-NONE- *-1)) (VP (VBG doing) (NP (DT that))))) (EDITED (RM (-DFL- \[)) (CONJP (IN rather) (IN than)) (IP (-DFL- \+))) (INTJ (UH uh)) (, ,) (CONJP (IN rather) (IN than)) (RS (-DFL- \])) (VP (VB take) (PRT (RP off))))) (. .) (-DFL- E_S))",334
sw05utt/sw_0541_2719.utt,2/sw2719,2719,232,sd,B,104,7,The problem is she's a school teacher  /,[ The/DT problem/NN ] is/VBZ  [ she/PRP ] 's/BES  [ a/DT school/NN teacher/NN ],(S (NP-SBJ (DT The) (NN problem)) (VP (VBZ is) (SBAR-PRD (-NONE- 0) (S (NP-SBJ (PRP she)) (VP (BES 's) (NP-PRD (DT a) (NN school) (NN teacher)))))) (-DFL- E_S)),335
sw05utt/sw_0541_2719.utt,2/sw2719,2719,233,sd,B,104,8,"{C and } for her, she can't run in the morning.  /","and/CC for/IN  [ her/PRP ] ,/,  [ she/PRP ] ca/MD n't/RB run/VB in/IN  [ the/DT morning/NN ] ./.","(S (CC and) (PP (IN for) (NP (PRP her))) (, ,) (NP-SBJ (PRP she)) (VP (MD ca) (RB n't) (VP (VB run) (PP-TMP (IN in) (NP (DT the) (NN morning))))) (. .) (-DFL- E_S))",336
sw05utt/sw_0541_2719.utt,2/sw2719,2719,234,sd,B,104,9,"For her to get home and  try to run at six o'clock in the night, in the winter time, it's starting to get dark  /","For/IN  [ her/PRP ] to/TO get/VB  [ home/NN ] and/CC try/VB to/TO run/VB at/IN  [ six/CD ] o'clock/RB in/IN  [ the/DT night/NN ] ,/, in/IN  [ the/DT winter/NN time/NN ] ,/,  [ it/PRP ] 's/BES starting/VBG to/TO get/VB  [ dark/JJ ]","(SBAR (IN For) (S (NP-SBJ-1 (PRP her)) (VP (TO to) (VP (VP (VB get) (ADVP-LOC (NN home))) (CC and) (VP (VB try) (S (NP-SBJ (-NONE- *-1)) (VP (TO to) (VP (VB run) (PP-TMP (IN at) (NP (NP (CD six) (RB o'clock)) (PP-TMP (IN in) (NP (DT the) (NN night))))) (, ,) (PP-TMP (IN in) (NP (NP (DT the) (NN winter) (NN time)) (, ,) (SBAR (WHADVP-3 (-NONE- 0)) (S (NP-SBJ-2 (PRP it)) (VP (BES 's) (VP (VBG starting) (S (NP-SBJ (-NONE- *-2)) (VP (TO to) (VP (VB get) (ADJP-PRD (JJ dark))))) (ADVP-TMP (-NONE- *T*-3))))))))))))))) (-DFL- E_S))",337
sw05utt/sw_0541_2719.utt,2/sw2719,2719,235,%,B,104,10,"{C and, } {D you know, } you don't want to, - /","and/CC ,/,  [ you/PRP ] know/VBP ,/,  [ you/PRP ] do/VBP n't/RB want/VB to/TO ,/,","(S (CC and) (PRN (, ,) (S (NP-SBJ (PRP you)) (VP (VBP know))) (, ,)) (NP-SBJ-1 (PRP you)) (VP (VBP do) (RB n't) (VP (VB want) (S (NP-SBJ (-NONE- *-1)) (VP-UNF (TO to))))) (, ,) (-DFL- N_S))",338
sw05utt/sw_0541_2719.utt,2/sw2719,2719,236,sd,B,104,11,she doesn't want to be out by herself anywhere in Dallas.  /,[ she/PRP ] does/VBZ n't/RB want/VB to/TO be/VB out/RB by/IN  [ herself/PRP ] anywhere/RB in/IN  [ Dallas/NNP ] ./.,(S (NP-SBJ-1 (PRP she)) (VP (VBZ does) (RB n't) (VP (VB want) (S (NP-SBJ (-NONE- *-1)) (VP (TO to) (VP (VB be) (ADVP-LOC-PRD (RB out)) (PP (IN by) (NP (PRP herself))) (ADVP-LOC (RB anywhere) (PP (IN in) (NP (NNP Dallas))))))))) (. .) (-DFL- E_S)),339
sw05utt/sw_0541_2719.utt,2/sw2719,2719,237,sd,B,104,12,"Regardless whether it's north Dallas or whatnot, when she goes over to this fitness center, it's fenced in,  /","Regardless/RB whether/IN  [ it/PRP ] 's/BES north/JJ  [ Dallas/NNP ] or/CC  [ whatnot/NN ] ,/, when/WRB  [ she/PRP ] goes/VBZ over/IN to/IN  [ this/DT fitness/NN center/NN ] ,/,  [ it/PRP ] 's/BES fenced/VBN in/RP ,/,","(S (ADVP (RB Regardless)) (SBAR-ADV (IN whether) (S (NP-SBJ (PRP it)) (VP (BES 's) (NP-PRD (NP (JJ north) (NNP Dallas)) (CC or) (NP (NN whatnot)))))) (, ,) (SBAR-TMP (WHADVP-1 (WRB when)) (S (NP-SBJ (PRP she)) (VP (VBZ goes) (PP-DIR (IN over) (PP (IN to) (NP (DT this) (NN fitness) (NN center)))) (ADVP-TMP (-NONE- *T*-1))))) (, ,) (NP-SBJ-2 (PRP it)) (VP (BES 's) (VP (VBN fenced) (NP (-NONE- *-2)) (PRT (RP in)))) (, ,) (-DFL- E_S))",340
sw05utt/sw_0541_2719.utt,2/sw2719,2719,238,sd,B,104,13,"{C and } there's somebody in the building, watching her and all that,  /","and/CC  [ there/EX ] 's/BES  [ somebody/NN ] in/IN  [ the/DT building/NN ] ,/, watching/VBG  [ her/PRP ] and/CC  [ all/PDT that/DT ] ,/,","(S (CC and) (NP-SBJ (EX there)) (VP (BES 's) (NP-PRD (NP (NN somebody)) (PP-LOC (IN in) (NP (DT the) (NN building))) (, ,) (VP (VP (VBG watching) (NP (PRP her))) (CC and) (NP-ETC (PDT all) (DT that))))) (, ,) (-DFL- E_S))",341
sw05utt/sw_0541_2719.utt,2/sw2719,2719,239,sd,B,104,14,{C so } there's a lot of consideration. /,so/UH  [ there/EX ] 's/BES  [ a/DT lot/NN ] of/IN  [ consideration/NN ] ./.,(S (RB so) (NP-SBJ (EX there)) (VP (BES 's) (NP-PRD (NP (DT a) (NN lot)) (PP (IN of) (NP (NN consideration))))) (. .) (-DFL- E_S)),342
sw05utt/sw_0541_2719.utt,2/sw2719,2719,240,aa,A,105,1,"Yes,  /","Yes/UH ,/,","(INTJ (UH Yes) (, ,) (-DFL- E_S))",344
sw05utt/sw_0541_2719.utt,2/sw2719,2719,241,sd,A,105,2,"[ I, + I  ] really hear that, {D you know, }  /","[ I/PRP ] ,/,  [ I/PRP ] really/RB hear/VBP  [ that/DT ] ,/,  [ you/PRP ] know/VBP ,/,","(S (EDITED (RM (-DFL- \[)) (NP-SBJ (PRP I)) (, ,) (IP (-DFL- \+))) (NP-SBJ (PRP I)) (RS (-DFL- \])) (ADVP (RB really)) (VP (VBP hear) (NP (DT that)) (PRN (, ,) (S (NP-SBJ (PRP you)) (VP (VBP know))))) (, ,) (-DFL- E_S))",345
sw05utt/sw_0541_2719.utt,2/sw2719,2719,242,sd(^q),A,105,3,"I think, {D you know, } you're in Oak Cliff. /","[ I/PRP ] think/VBP ,/,  [ you/PRP ] know/VBP ,/,  [ you/PRP ] 're/VBP in/IN  [ Oak/NNP Cliff/NNP ] ./.","(S (NP-SBJ (PRP I)) (VP (VBP think) (PRN (, ,) (S (NP-SBJ (PRP you)) (VP (VBP know))) (, ,)) (SBAR (-NONE- 0) (S (NP-SBJ (PRP you)) (VP (VBP 're) (PP-LOC-PRD (IN in) (NP (NNP Oak) (NNP Cliff))))))) (. .) (-DFL- E_S))",346
sw05utt/sw_0541_2719.utt,2/sw2719,2719,243,b,B,106,1,Uh-huh. /,[ Uh-huh/UH ] ./.,(INTJ (UH Uh-huh) (. .) (-DFL- E_S)),348
sw05utt/sw_0541_2719.utt,2/sw2719,2719,244,^q,A,107,1,"{C But, } I'm in Plano.  /","But/CC ,/,  [ I/PRP ] 'm/VBP in/IN  [ Plano/NNP ] ./.","(S (CC But) (, ,) (NP-SBJ (PRP I)) (VP (VBP 'm) (PP-PRD-LOC (IN in) (NP (NNP Plano)))) (. .) (-DFL- E_S))",350
sw05utt/sw_0541_2719.utt,2/sw2719,2719,245,sd,A,107,2,In west Plano. /,In/IN  [ west/JJ Plano/NNP ] ./.,(PP-LOC (IN In) (NP (JJ west) (NNP Plano)) (. .) (-DFL- E_S)),351
sw05utt/sw_0541_2719.utt,2/sw2719,2719,246,b,B,108,1,Yeah. /,Yeah/UH ./.,(INTJ (UH Yeah) (. .) (-DFL- E_S)),298
sw05utt/sw_0541_2719.utt,2/sw2719,2719,247,sd,A,109,1,{C And } we live on one of those blocks that it's a neighborhood watch block. /,And/CC  [ we/PRP ] live/VBP on/IN  [ one/CD ] of/IN  [ those/DT blocks/NNS ] that/IN  [ it/PRP ] 's/BES  [ a/DT neighborhood/NN watch/NN block/NN ] ./.,(S (CC And) (NP-SBJ (PRP we)) (VP (VBP live) (PP (IN on) (NP (NP (CD one)) (PP (IN of) (NP (DT those) (NNS blocks))) (SBAR (WHNP-1 (IN that)) (S (NP-SBJ (NP (-NONE- *T*-1)) (NP (PRP it))) (VP (BES 's) (NP-PRD (DT a) (NN neighborhood) (NN watch) (NN block)))))))) (. .) (-DFL- E_S)),355
sw05utt/sw_0541_2719.utt,2/sw2719,2719,248,b,B,110,1,Uh-huh. /,[ Uh-huh/UH ] ./.,(INTJ (UH Uh-huh) (. .) (-DFL- E_S)),348
sw05utt/sw_0541_2719.utt,2/sw2719,2719,249,sd,A,111,1,"We all know each other,  /","[ We/PRP ] [ all/DT ] know/VBP  [ each/DT other/JJ ] ,/,","(S (NP-SBJ (NP (PRP We)) (NP (DT all))) (VP (VBP know) (NP (DT each) (JJ other))) (, ,) (-DFL- E_S))",359
sw05utt/sw_0541_2719.utt,2/sw2719,2719,250,sd,A,111,2,{C and } the street doesn't go anywhere. /,and/CC  [ the/DT street/NN ] does/VBZ n't/RB go/VB anywhere/RB ./.,(S (CC and) (NP-SBJ (DT the) (NN street)) (VP (VBZ does) (RB n't) (VP (VB go) (ADVP-DIR (RB anywhere)))) (. .) (-DFL- E_S)),360
sw05utt/sw_0541_2719.utt,2/sw2719,2719,251,b,B,112,1,Right. /,[ Right/UH ] ./.,(INTJ (UH Right) (. .) (-DFL- E_S)),362
sw05utt/sw_0541_2719.utt,2/sw2719,2719,252,sv,A,113,1,"If you are on the street, you better belong there.","If/IN  [ you/PRP ] are/VBP on/IN  [ the/DT street/NN ] ,/,  [ you/PRP ] better/RB belong/VB there/RB ./.","(S (SBAR-ADV (IN If) (S (NP-SBJ (PRP you)) (VP (VBP are) (PP-PRD-LOC (IN on) (NP (DT the) (NN street)))))) (, ,) (NP-SBJ (PRP you)) (ADVP (RB better)) (VP (VB belong) (ADVP-LOC (RB there)) (. .) (SBAR-PRP (IN Because) (S (NP-SBJ (PRP it)) (VP (BES 's) (RB not) (NP-PRD (DT a) (JJ through) (NN street)))))) (. .) (-DFL- E_S))",364
sw05utt/sw_0541_2719.utt,2/sw2719,2719,253,aa,B,114,1,That's right. /,[ That/DT ] 's/BES right/JJ ./.,(S (NP-SBJ (DT That)) (VP (BES 's) (ADJP-PRD (JJ right))) (. .) (-DFL- E_S)),366
sw05utt/sw_0541_2719.utt,2/sw2719,2719,254,+,A,115,1,Because it's not a through street. /,Because/IN  [ it/PRP ] 's/BES not/RB  [ a/DT ] through/JJ  [ street/NN ] ./.,"(S (SBAR-ADV (IN If) (S (NP-SBJ (PRP you)) (VP (VBP are) (PP-PRD-LOC (IN on) (NP (DT the) (NN street)))))) (, ,) (NP-SBJ (PRP you)) (ADVP (RB better)) (VP (VB belong) (ADVP-LOC (RB there)) (. .) (SBAR-PRP (IN Because) (S (NP-SBJ (PRP it)) (VP (BES 's) (RB not) (NP-PRD (DT a) (JJ through) (NN street)))))) (. .) (-DFL- E_S))",364
sw05utt/sw_0541_2719.utt,2/sw2719,2719,255,aa,B,116,1,That's right. /,[ That/DT ] 's/BES right/JJ ./.,(S (NP-SBJ (DT That)) (VP (BES 's) (ADJP-PRD (JJ right))) (. .) (-DFL- E_S)),366
sw05utt/sw_0541_2719.utt,2/sw2719,2719,256,sd,A,117,1,"{C And, } still, I want to get up early in the morning and walk.","And/CC ,/, still/RB ,/,  [ I/PRP ] want/VBP to/TO get/VB up/RP early/RB in/IN  [ the/DT morning/NN ] and/CC  [ walk/VB ] ./.","(S (CC And) (, ,) (ADVP (RB still)) (, ,) (NP-SBJ-1 (PRP I)) (VP (VBP want) (S (NP-SBJ (-NONE- *-1)) (VP (TO to) (VP (VP (VB get) (PRT (RP up)) (ADVP (RB early) (PP-TMP (IN in) (NP (DT the) (NN morning))))) (CC and) (VP (VB walk) (. .) (PP-TMP (IN Before) (NP (DT this) (NN knee) (NN business)))))))) (. .) (-DFL- E_S))",371
sw05utt/sw_0541_2719.utt,2/sw2719,2719,257,b,B,118,1,Uh-huh. /,[ Uh-huh/UH ] ./.,(INTJ (UH Uh-huh) (. .) (-DFL- E_S)),348
sw05utt/sw_0541_2719.utt,2/sw2719,2719,258,+,A,119,1,Before this knee business.  /,Before/IN  [ this/DT knee/NN business/NN ] ./.,"(S (CC And) (, ,) (ADVP (RB still)) (, ,) (NP-SBJ-1 (PRP I)) (VP (VBP want) (S (NP-SBJ (-NONE- *-1)) (VP (TO to) (VP (VP (VB get) (PRT (RP up)) (ADVP (RB early) (PP-TMP (IN in) (NP (DT the) (NN morning))))) (CC and) (VP (VB walk) (. .) (PP-TMP (IN Before) (NP (DT this) (NN knee) (NN business)))))))) (. .) (-DFL- E_S))",371
sw05utt/sw_0541_2719.utt,2/sw2719,2719,259,sd,A,119,2,{C And } my husband had a lot of heartburn with that. /,And/CC  [ my/PRP$ husband/NN ] had/VBD  [ a/DT lot/NN ] of/IN  [ heartburn/NN ] with/IN  [ that/DT ] ./.,(S (CC And) (NP-SBJ (PRP$ my) (NN husband)) (VP (VBD had) (NP (NP (DT a) (NN lot)) (PP (IN of) (NP (NN heartburn))) (PP (IN with) (NP (DT that))))) (. .) (-DFL- E_S)),375
sw05utt/sw_0541_2719.utt,2/sw2719,2719,260,b,B,120,1,Yeah. /,Yeah/UH ./.,(INTJ (UH Yeah) (. .) (-DFL- E_S)),353
sw05utt/sw_0541_2719.utt,2/sw2719,2719,261,sd,A,121,1,"{E I mean, } it looked darker to him,  because [ he, + he  ] was in the house with the lights on. /","[ I/PRP ] mean/VBP ,/,  [ it/PRP ] looked/VBD darker/JJR to/IN  [ him/PRP ] ,/, because/IN  [ he/PRP ] ,/,  [ he/PRP ] was/VBD in/IN  [ the/DT house/NN ] with/IN  [ the/DT lights/NNS ] on/RB ./.","(S (PRN (S (NP-SBJ (PRP I)) (VP (VBP mean))) (, ,)) (NP-SBJ (PRP it)) (VP (VBD looked) (ADJP-PRD (JJR darker) (PP (IN to) (NP (PRP him)))) (, ,) (SBAR-PRP (IN because) (S (EDITED (RM (-DFL- \[)) (NP-SBJ (PRP he)) (, ,) (IP (-DFL- \+))) (NP-SBJ (PRP he)) (RS (-DFL- \])) (VP (VBD was) (PP-PRD-LOC (IN in) (NP (DT the) (NN house))) (PP (IN with) (NP (DT the) (NNS lights))) (ADVP (RB on)))))) (. .) (-DFL- E_S))",379
sw05utt/sw_0541_2719.utt,2/sw2719,2719,262,b,B,122,1,Right. /,[ Right/JJ ] ./.,(INTJ (UH Right) (. .) (-DFL- E_S)),362
sw05utt/sw_0541_2719.utt,2/sw2719,2719,263,sd,A,123,1,"When I was out walking, it, was more of a predawn type,  /","When/WRB  [ I/PRP ] was/VBD out/IN walking/VBG ,/,  [ it/PRP ] ,/, was/VBD more/RBR of/IN  [ a/DT predawn/NN type/NN ] ,/,","(S (SBAR-TMP (WHADVP-2 (WRB When)) (S (NP-SBJ-1 (PRP I)) (VP (VBD was) (ADVP-PRD-LOC (IN out)) (S-ADV (NP-SBJ (-NONE- *-1)) (VP (VBG walking))) (ADVP-TMP (-NONE- *T*-2))))) (, ,) (NP-SBJ (PRP it)) (, ,) (VP (VBD was) (NP-PRD (NP (RBR more)) (PP (IN of) (NP (DT a) (NN predawn) (NN type))))) (, ,) (-DFL- E_S))",383
sw05utt/sw_0541_2719.utt,2/sw2719,2719,264,sd,A,123,2,"pretty, but, - /","[ pretty/JJ ] ,/, but/CC ,/,","(S-UNF (NP-SBJ (-NONE- *)) (ADJP-PRD (JJ pretty)) (, ,) (CC but) (, ,) (-DFL- N_S))",384
sw05utt/sw_0541_2719.utt,2/sw2719,2719,265,ar,A,123,3,"huh-huh,  /","huh-huh/UH ,/,","(INTJ (UH huh-huh) (, ,) (-DFL- E_S))",385
sw05utt/sw_0541_2719.utt,2/sw2719,2719,266,sd,A,123,4,he didn't think it looked predawn to him. /,[ he/PRP ] did/VBD n't/RB think/VB  [ it/PRP ] looked/VBD  [ predawn/NN ] to/IN  [ him/PRP ] ./.,(S (NP-SBJ (PRP he)) (VP (VBD did) (RB n't) (VP (VB think) (SBAR (-NONE- 0) (S (NP-SBJ (PRP it)) (VP (VBD looked) (NP-PRD (NN predawn)) (PP (IN to) (NP (PRP him)))))))) (. .) (-DFL- E_S)),386
sw05utt/sw_0541_2719.utt,2/sw2719,2719,267,b,B,124,1,Yeah. /,Yeah/UH ./.,(INTJ (UH Yeah) (. .) (-DFL- E_S)),377
sw05utt/sw_0541_2719.utt,2/sw2719,2719,268,sd,A,125,1,It looked dark. /,[ It/PRP ] looked/VBD  [ dark/JJ ] ./.,(S (NP-SBJ (PRP It)) (VP (VBD looked) (ADJP-PRD (JJ dark))) (. .) (-DFL- E_S)),390
sw05utt/sw_0541_2719.utt,2/sw2719,2719,269,b,B,126,1,Yeah. /,Yeah/UH ./.,(INTJ (UH Yeah) (. .) (-DFL- E_S)),377
sw05utt/sw_0541_2719.utt,2/sw2719,2719,270,sd,A,127,1,{C And } even he was real concerned about that.  /,And/CC even/RB  [ he/PRP ] was/VBD real/RB concerned/VBN about/IN  [ that/DT ] ./.,(S (CC And) (ADVP (RB even)) (NP-SBJ (PRP he)) (VP (VBD was) (ADJP-PRD (RB real) (VBN concerned) (PP (IN about) (NP (DT that))))) (. .) (-DFL- E_S)),394
sw05utt/sw_0541_2719.utt,2/sw2719,2719,271,sv,A,127,2,"{C So, } it's not just because you are in Oak Cliff,  /","So/UH ,/,  [ it/PRP ] 's/BES not/RB just/RB because/IN  [ you/PRP ] are/VBP in/IN  [ Oak/NNP Cliff/NNP ] ,/,","(S (RB So) (, ,) (NP-SBJ (PRP it)) (VP (BES 's) (RB not) (SBAR-PRP-PRD (RB just) (IN because) (S (NP-SBJ (PRP you)) (VP (VBP are) (PP-PRD-LOC (IN in) (NP (NNP Oak) (NNP Cliff))))))) (, ,) (-DFL- E_S))",395
sw05utt/sw_0541_2719.utt,2/sw2719,2719,272,sv,A,127,3,it's just because you're smart. /,[ it/PRP ] 's/BES just/RB because/IN  [ you/PRP ] 're/VBP smart/JJ ./.,(S (NP-SBJ (PRP it)) (VP (BES 's) (SBAR-PRP-PRD (RB just) (IN because) (S (NP-SBJ (PRP you)) (VP (VBP 're) (ADJP-PRD (JJ smart)))))) (. .) (-DFL- E_S)),396
sw05utt/sw_0541_2719.utt,2/sw2719,2719,273,aa,B,128,1,That's true. /,[ That/DT ] 's/BES true/JJ ./.,(S (NP-SBJ (DT That)) (VP (BES 's) (ADJP-PRD (JJ true))) (. .) (-DFL- E_S)),398
sw05utt/sw_0541_2719.utt,2/sw2719,2719,274,sv,A,129,1,That you don't do things like that. /,That/IN  [ you/PRP ] do/VBP n't/RB do/VB  [ things/NNS ] like/IN  [ that/DT ] ./.,(SBAR (IN That) (S (NP-SBJ (PRP you)) (VP (VBP do) (RB n't) (VP (VB do) (NP (NP (NNS things)) (PP (IN like) (NP (DT that))))))) (. .) (-DFL- E_S)),400
sw05utt/sw_0541_2719.utt,2/sw2719,2719,275,sv,B,130,1,It only takes one time. /,[ It/PRP ] only/RB takes/VBZ  [ one/CD time/NN ] ./.,(S (NP-SBJ (PRP It)) (ADVP (RB only)) (VP (VBZ takes) (NP (CD one) (NN time))) (. .) (-DFL- E_S)),402
sw05utt/sw_0541_2719.utt,2/sw2719,2719,276,aa,A,131,1,That's right. /,[ That/DT ] 's/BES right/JJ ./.,(S (NP-SBJ (DT That)) (VP (BES 's) (ADJP-PRD (JJ right))) (. .) (-DFL- E_S)),404
sw05utt/sw_0541_2719.utt,2/sw2719,2719,277,sv,B,132,1,It's a hard lesson to learn. /,[ It/PRP ] 's/BES  [ a/DT hard/JJ lesson/NN ] to/TO learn/VB ./.,(S (NP-SBJ (NP (PRP It)) (S (-NONE- *EXP*-1))) (VP (BES 's) (NP-PRD (DT a) (JJ hard) (NN lesson)) (S-1 (NP-SBJ (-NONE- *)) (VP (TO to) (VP (VB learn))))) (. .) (-DFL- E_S)),406
sw05utt/sw_0541_2719.utt,2/sw2719,2719,278,sv,A,133,1,"There's only one crazy out there, {D you know, } to make any difference. /","[ There/EX ] 's/BES only/RB  [ one/NN ] crazy/JJ out/IN there/RB ,/,  [ you/PRP ] know/VBP ,/, to/TO make/VB  [ any/DT difference/NN ] ./.","(S (NP-SBJ (EX There)) (VP (BES 's) (ADVP (RB only)) (NP-PRD (NN one) (JJ crazy)) (PP-LOC (IN out) (ADVP (RB there))) (PRN (, ,) (S (NP-SBJ (PRP you)) (VP (VBP know))) (, ,)) (S-PRP (NP-SBJ (-NONE- *)) (VP (TO to) (VP (VB make) (NP (DT any) (NN difference)))))) (. .) (-DFL- E_S))",408
sw05utt/sw_0541_2719.utt,2/sw2719,2719,279,aa,B,134,1,"Yeah,  /","Yeah/UH ,/,","(INTJ (UH Yeah) (, ,) (-DFL- E_S))",410
sw05utt/sw_0541_2719.utt,2/sw2719,2719,280,aa^r,B,134,2,"yeah,  /","yeah/UH ,/,","(INTJ (UH yeah) (, ,) (-DFL- E_S))",411
sw05utt/sw_0541_2719.utt,2/sw2719,2719,281,sv,B,134,3,"{D you know, } it goes all over  /","[ you/PRP ] know/VBP ,/,  [ it/PRP ] goes/VBZ  [ all/RB ] over/RB","(S (PRN (S (NP-SBJ (PRP you)) (VP (VBP know))) (, ,)) (NP-SBJ (PRP it)) (VP (VBZ goes) (ADVP (RB all) (RB over))) (-DFL- E_S))",412
sw05utt/sw_0541_2719.utt,2/sw2719,2719,282,%,B,134,4,"{D well, } you got the. -/","well/UH ,/,  [ you/PRP ] got/VBD  [ the/DT ] ./.","(S (INTJ (UH well)) (, ,) (NP-SBJ (PRP you)) (VP (VBD got) (NP-UNF (DT the))) (. .) (-DFL- N_S))",413
