swda_filename,ptb_basename,conversation_no,transcript_index,act_tag,caller,utterance_index,subutterance_index,text,pos,trees,ptb_treenumbers
sw05utt/sw_0515_4184.utt,4/sw4184,4184,0,qy,A,1,1,# You have any pets? # /,[ You/PRP ] have/VBP  [ any/DT pets/NNS ] ?/.,(SQ (NP-SBJ (PRP You)) (VP (VBP have) (NP (DT any) (NNS pets))) (. ?) (-DFL- E_S)),1
sw05utt/sw_0515_4184.utt,4/sw4184,4184,1,br^m,B,2,1,# Do I have pets? # /,Do/VBP  [ I/PRP ] have/VB  [ pets/NNS ] ?/.,(SQ (VBP Do) (NP-SBJ (PRP I)) (VP (VB have) (NP (NNS pets))) (. ?) (-DFL- E_S)),3
sw05utt/sw_0515_4184.utt,4/sw4184,4184,2,ny,A,3,1,Yeah. /,Yeah/UH ./.,(INTJ (UH Yeah) (. .) (-DFL- E_S)),5
sw05utt/sw_0515_4184.utt,4/sw4184,4184,3,ny,B,4,1,"Yes,  /","Yes/UH ,/,","(INTJ (UH Yes) (, ,) (-DFL- E_S))",7
sw05utt/sw_0515_4184.utt,4/sw4184,4184,4,sd^e,B,4,2,I have a cat  /,[ I/PRP ] have/VBP  [ a/DT cat/NN ],(S (NP-SBJ (PRP I)) (VP (VBP have) (NP (DT a) (NN cat))) (-DFL- E_S)),8
sw05utt/sw_0515_4184.utt,4/sw4184,4184,5,sd,B,4,3,{C and } I have two dogs. /,and/CC  [ I/PRP ] have/VBP  [ two/CD dogs/NNS ] ./.,(S (CC and) (NP-SBJ (PRP I)) (VP (VBP have) (NP (CD two) (NNS dogs))) (. .) (-DFL- E_S)),9
sw05utt/sw_0515_4184.utt,4/sw4184,4184,6,b^m,A,5,1,"Two dogs,  /","[ Two/CD dogs/NNS ] ,/,","(NP (CD Two) (NNS dogs) (, ,) (-DFL- E_S))",11
sw05utt/sw_0515_4184.utt,4/sw4184,4184,7,qw,A,5,2,what kind? /,[ what/WP kind/NN ] ?/.,(WHNP (WP what) (NN kind) (. ?) (-DFL- E_S)),12
sw05utt/sw_0515_4184.utt,4/sw4184,4184,8,sd,B,6,1,I have a Schnauzer  /,[ I/PRP ] have/VBP  [ a/DT Schnauzer/NNP ],(S (NP-SBJ (PRP I)) (VP (VBP have) (NP (DT a) (NNP Schnauzer))) (-DFL- E_S)),14
sw05utt/sw_0515_4184.utt,4/sw4184,4184,9,sd,B,6,2,{C and } I have a Sheltie. /,and/CC  [ I/PRP ] have/VBP  [ a/DT Sheltie/NNP ] ./.,(S (CC and) (NP-SBJ (PRP I)) (VP (VBP have) (NP (DT a) (NNP Sheltie))) (. .) (-DFL- E_S)),15
sw05utt/sw_0515_4184.utt,4/sw4184,4184,10,b^m,A,7,1,Schnauzers.  /,[ Schnauzers/NNPS ] ./.,(NP (NNPS Schnauzers) (. .) (-DFL- E_S)),17
sw05utt/sw_0515_4184.utt,4/sw4184,4184,11,qr,A,7,2,Is it a miniature or a standard Schnauzer? /,Is/VBZ  [ it/PRP ] [ a/DT miniature/JJ ] or/CC  [ a/DT standard/JJ Schnauzer/NNP ] ?/.,(SQ (VBZ Is) (NP-SBJ (PRP it)) (NP-PRD (NP (DT a) (JJ miniature) (NX (-NONE- *RNR*-1))) (CC or) (NP (DT a) (JJ standard) (NX (-NONE- *RNR*-1))) (NX-1 (NNP Schnauzer))) (. ?) (-DFL- E_S)),18
sw05utt/sw_0515_4184.utt,4/sw4184,4184,12,sd,B,8,1,"[ It, + it's ] a miniature. /","[ It/PRP ] ,/,  [ it/PRP ] 's/BES  [ a/DT miniature/JJ ] ./.","(S (EDITED (RM (-DFL- \[)) (NP-SBJ (PRP It)) (, ,) (IP (-DFL- \+))) (NP-SBJ (PRP it)) (VP (BES 's) (RS (-DFL- \])) (NP-PRD (DT a) (JJ miniature))) (. .) (-DFL- E_S))",20
sw05utt/sw_0515_4184.utt,4/sw4184,4184,13,%,A,9,1,{F Uh. },[ Uh/UH ] ./.,(INTJ (UH Uh) (. .) (-DFL- E_S)),34
sw05utt/sw_0515_4184.utt,4/sw4184,4184,14,b,B,10,1,Uh-huh. /,[ Uh-huh/UH ] ./.,(INTJ (UH Uh-huh) (. .) (-DFL- E_S)),24
sw05utt/sw_0515_4184.utt,4/sw4184,4184,15,+,A,11,1,"I'm going into all this because [ I used to w-, +   I just got done <laughter> working ] at a pet shop actually. /","[ I/PRP ] 'm/VBP going/VBG into/IN  [ all/DT this/DT ] because/IN  [ I/PRP ] used/VBD to/TO  [ w-/XX ] ,/,  [ I/PRP ] just/RB got/VBD done/VBN working/VBG at/IN  [ a/DT pet/NN shop/NN ] actually/UH ./.","(S (INTJ (UH Uh)) (. .) (NP-SBJ (PRP I)) (VP (VBP 'm) (VP (VBG going) (PP (IN into) (NP (DT all) (DT this))) (SBAR-PRP (IN because) (S (EDITED (RM (-DFL- \[)) (S (NP-SBJ-1 (PRP I)) (VP (VBD used) (S (NP-SBJ (-NONE- *-1)) (VP (TO to) (VP-UNF (XX w-)))))) (, ,) (IP (-DFL- \+))) (NP-SBJ-2 (PRP I)) (ADVP (RB just)) (VP (VBD got) (VP (VBN done) (S (NP-SBJ (-NONE- *-2)) (VP (VBG working) (RS (-DFL- \])) (PP-LOC (IN at) (NP (DT a) (NN pet) (NN shop))))))))) (INTJ (UH actually)))) (. .) (-DFL- E_S))",22
sw05utt/sw_0515_4184.utt,4/sw4184,4184,16,b,B,12,1,"{F Oh, } okay. /","Oh/UH ,/, okay/UH ./.","(INTJ (INTJ (UH Oh)) (, ,) (INTJ (UH okay)) (. .) (-DFL- E_S))",27
sw05utt/sw_0515_4184.utt,4/sw4184,4184,17,b,A,13,1,Yeah. /,Yeah/UH ./.,(INTJ (UH Yeah) (. .) (-DFL- E_S)),5
sw05utt/sw_0515_4184.utt,4/sw4184,4184,18,sd,B,14,1,"{D Well, } the Schnauzer [ I'm, + I'm   ] watching for one of, {F uh, } the managers where I work  /","Well/UH ,/,  [ the/DT Schnauzer/NNP I/PRP ] 'm/VBP ,/,  [ I/PRP ] 'm/VBP watching/VBG for/IN  [ one/NN ] of/IN ,/,  [ uh/UH ] ,/,  [ the/DT managers/NNS ] where/WRB  [ I/PRP ] work/VBP","(S (INTJ (UH Well)) (, ,) (NP-ADV (DT the) (NNP Schnauzer)) (EDITED (RM (-DFL- \[)) (S (NP-SBJ (PRP I)) (VP-UNF (VBP 'm))) (, ,) (IP (-DFL- \+))) (NP-SBJ (PRP I)) (VP (VBP 'm) (RS (-DFL- \])) (VP (VBG watching) (PP (IN for) (NP (NP (NN one)) (PP (IN of) (, ,) (INTJ (UH uh)) (, ,) (NP (NP (DT the) (NNS managers)) (SBAR-LOC (WHADVP-1 (WRB where)) (S (NP-SBJ (PRP I)) (VP (VBP work) (ADVP-LOC (-NONE- *T*-1))))))))))) (-DFL- E_S))",31
sw05utt/sw_0515_4184.utt,4/sw4184,4184,19,sd,B,14,2,{C and } he's been transferred to Germany for a while -- /,and/CC  [ he/PRP ] 's/HVS been/VBN transferred/VBN to/IN  [ Germany/NNP ] for/IN  [ a/DT while/NN ] --/:,(S (CC and) (NP-SBJ-1 (PRP he)) (VP (HVS 's) (VP (VBN been) (VP (VBN transferred) (NP (-NONE- *-1)) (PP (IN to) (NP (NNP Germany))) (PP-TMP (IN for) (NP (DT a) (NN while)))))) (-DFL- E_S)),32
sw05utt/sw_0515_4184.utt,4/sw4184,4184,20,b,A,15,1,{F Uh. } /,[ Uh/UH ] ./.,(INTJ (UH Uh) (. .) (-DFL- E_S)),34
sw05utt/sw_0515_4184.utt,4/sw4184,4184,21,sd,B,16,1,-- {C and } I'm taking care of his dog  /,--/: and/CC  [ I/PRP ] 'm/VBP taking/VBG  [ care/NN ] of/IN  [ his/PRP$ dog/NN ],(S (CC and) (NP-SBJ (PRP I)) (VP (VBP 'm) (VP (VBG taking) (NP (NN care)) (PP (IN of) (NP (PRP$ his) (NN dog))))) (-DFL- E_S)),36
sw05utt/sw_0515_4184.utt,4/sw4184,4184,22,sd,B,16,2,"[ {C and, } +  {F uh, } {C and } ] I had just got the kitten when he asked me that  /","and/CC ,/,  [ uh/UH ] ,/, and/CC  [ I/PRP ] had/VBD just/RB got/VBN  [ the/DT kitten/NN ] when/WRB  [ he/PRP ] asked/VBD  [ me/PRP ] that/DT","(S (EDITED (RM (-DFL- \[)) (CC and) (, ,) (IP (-DFL- \+))) (INTJ (UH uh)) (, ,) (CC and) (RS (-DFL- \])) (NP-SBJ (PRP I)) (VP (VBD had) (ADVP (RB just)) (VP (VBN got) (NP (DT the) (NN kitten)) (SBAR-TMP (WHADVP-1 (WRB when)) (S (NP-SBJ (PRP he)) (VP (VBD asked) (NP (PRP me)) (NP (DT that)) (ADVP-TMP (-NONE- *T*-1))))))) (-DFL- E_S))",37
sw05utt/sw_0515_4184.utt,4/sw4184,4184,23,sd(^q),B,16,3,"{C and } he says, {D well, } my dog doesn't like cats, /","and/CC  [ he/PRP ] says/VBZ ,/, well/UH ,/,  [ my/PRP$ dog/NN ] does/VBZ n't/RB like/VB  [ cats/NNS ] ,/,","(S (CC and) (NP-SBJ (PRP he)) (VP (VBZ says) (, ,) (S-SEZ (INTJ (UH well)) (, ,) (NP-SBJ (PRP$ my) (NN dog)) (VP (VBZ does) (RB n't) (VP (VB like) (NP (NNS cats)))))) (, ,) (-DFL- E_S))",38
sw05utt/sw_0515_4184.utt,4/sw4184.pos,4184,24,x,A,17,1,<Laughter>.,./.
sw05utt/sw_0515_4184.utt,4/sw4184,4184,25,sd(^q),B,18,1,"{C and } I said, {D well, } [ we won't tell him it's a c-, + we won't tell her it's a cat,  ]","and/CC  [ I/PRP ] said/VBD ,/, well/UH ,/,  [ we/PRP ] wo/MD n't/RB tell/VB  [ him/PRP ] [ it/PRP ] 's/BES  [ a/DT c-/NN ] ,/,  [ we/PRP ] wo/MD n't/RB tell/VB  [ her/PRP ] [ it/PRP ] 's/BES  [ a/DT cat/NN ] ,/,","(S (CC and) (NP-SBJ (PRP I)) (VP (VBD said) (, ,) (S-SEZ (INTJ (UH well)) (, ,) (EDITED (RM (-DFL- \[)) (S (NP-SBJ (PRP we)) (VP (MD wo) (RB n't) (VP (VB tell) (NP (PRP him)) (SBAR (-NONE- 0) (S (NP-SBJ (PRP it)) (VP (BES 's) (NP-PRD-UNF (DT a) (NN c-)))))))) (, ,) (IP (-DFL- \+))) (NP-SBJ (PRP we)) (VP (MD wo) (RB n't) (VP (VB tell) (NP (PRP her)) (SBAR (-NONE- 0) (S (NP-SBJ (PRP it)) (VP (BES 's) (NP-PRD (DT a) (NN cat)))))))) (, ,) (RS (-DFL- \])) (SBAR-PRP (RB because) (S (NP-SBJ (PRP it)) (VP (VBD was) (NP-PRD (DT a) (NN kitten)))))) (, ,) (-DFL- E_S))",41
sw05utt/sw_0515_4184.utt,4/sw4184.pos,4184,26,x,A,19,1,<Laughter>.,./.
sw05utt/sw_0515_4184.utt,4/sw4184,4184,27,+,B,20,1,"because it was a kitten,  /","because/RB  [ it/PRP ] was/VBD  [ a/DT kitten/NN ] ,/,","(S (CC and) (NP-SBJ (PRP I)) (VP (VBD said) (, ,) (S-SEZ (INTJ (UH well)) (, ,) (EDITED (RM (-DFL- \[)) (S (NP-SBJ (PRP we)) (VP (MD wo) (RB n't) (VP (VB tell) (NP (PRP him)) (SBAR (-NONE- 0) (S (NP-SBJ (PRP it)) (VP (BES 's) (NP-PRD-UNF (DT a) (NN c-)))))))) (, ,) (IP (-DFL- \+))) (NP-SBJ (PRP we)) (VP (MD wo) (RB n't) (VP (VB tell) (NP (PRP her)) (SBAR (-NONE- 0) (S (NP-SBJ (PRP it)) (VP (BES 's) (NP-PRD (DT a) (NN cat)))))))) (, ,) (RS (-DFL- \])) (SBAR-PRP (RB because) (S (NP-SBJ (PRP it)) (VP (VBD was) (NP-PRD (DT a) (NN kitten)))))) (, ,) (-DFL- E_S))",41
sw05utt/sw_0515_4184.utt,4/sw4184,4184,28,sv,B,20,2,"{C and, } {D you know, } [ they just, + they just ] love kittens. /","and/CC ,/,  [ you/PRP ] know/VBP ,/,  [ they/PRP ] just/RB ,/,  [ they/PRP ] just/RB love/VBP  [ kittens/NNS ] ./.","(S (CC and) (PRN (, ,) (S (NP-SBJ (PRP you)) (VP (VBP know))) (, ,)) (EDITED (RM (-DFL- \[)) (NP-SBJ (PRP they)) (ADVP (RB just)) (, ,) (IP (-DFL- \+))) (NP-SBJ (PRP they)) (ADVP (RB just)) (RS (-DFL- \])) (VP (VBP love) (NP (NNS kittens))) (. .) (-DFL- E_S))",44
sw05utt/sw_0515_4184.utt,4/sw4184,4184,29,b,A,21,1,Yeah. /,Yeah/UH ./.,(INTJ (UH Yeah) (. .) (-DFL- E_S)),29
sw05utt/sw_0515_4184.utt,4/sw4184,4184,30,sv,B,22,1,They just are fascinated. /,[ They/PRP ] just/RB are/VBP fascinated/JJ ./.,(S (NP-SBJ (PRP They)) (ADVP (RB just)) (VP (VBP are) (ADJP-PRD (JJ fascinated))) (. .) (-DFL- E_S)),48
sw05utt/sw_0515_4184.utt,4/sw4184,4184,31,b,A,23,1,"{F Oh, } yeah. /","Oh/UH ,/, yeah/UH ./.","(INTJ (INTJ (UH Oh)) (, ,) (INTJ (UH yeah)) (. .) (-DFL- E_S))",50
sw05utt/sw_0515_4184.utt,4/sw4184,4184,32,sd,B,24,1,{C So } she doesn't know that this is a cat yet. /,So/UH  [ she/PRP ] does/VBZ n't/RB know/VB that/IN  [ this/DT ] is/VBZ  [ a/DT cat/NN ] yet/RB ./.,(S (RB So) (NP-SBJ (PRP she)) (VP (VBZ does) (RB n't) (VP (VB know) (SBAR (IN that) (S (NP-SBJ (DT this)) (VP (VBZ is) (NP-PRD (DT a) (NN cat))))) (ADVP-TMP (RB yet)))) (. .) (-DFL- E_S)),52
sw05utt/sw_0515_4184.utt,4/sw4184,4184,33,ba,A,25,1,That's good. /,[ That/DT ] 's/BES good/JJ ./.,(S (NP-SBJ (DT That)) (VP (BES 's) (ADJP-PRD (JJ good))) (. .) (-DFL- E_S)),54
sw05utt/sw_0515_4184.utt,4/sw4184.pos,4184,34,x,B,26,1,<Laughter>.,./.
sw05utt/sw_0515_4184.utt,4/sw4184,4184,35,sv,A,27,1,"They  (( say )) , -/","[ They/PRP ] say/VBP ,/,","(S (NP-SBJ (PRP They)) (VP-UNF (VBP say)) (, ,) (-DFL- N_S))",57
sw05utt/sw_0515_4184.utt,4/sw4184,4184,36,sd,B,28,1,{C And } they get along real good.  /,And/CC  [ they/PRP ] get/VBP along/RP real/RB good/RB ./.,(S (CC And) (NP-SBJ (PRP they)) (VP (VBP get) (ADVP (RP along)) (ADVP-MNR (RB real) (RB good))) (. .) (-DFL- E_S)),59
sw05utt/sw_0515_4184.utt,4/sw4184,4184,37,sd(^q)*,B,28,2,"I said if Tom could see dog lick this kitty, he'd flip. /  *[[listen]]","[ I/PRP ] said/VBD if/IN  [ Tom/NNP ] could/MD see/VB  [ dog/NN ] lick/VB  [ this/DT kitty/NN ] ,/,  [ he/PRP ] 'd/MD flip/VB ./.","(S (NP-SBJ (PRP I)) (VP (VBD said) (SBAR (-NONE- 0) (S (SBAR-ADV (IN if) (S (NP-SBJ (NNP Tom)) (VP (MD could) (VP (VB see) (S (NP-SBJ (NN dog)) (VP (VB lick) (NP (DT this) (NN kitty)))))))) (, ,) (NP-SBJ (PRP he)) (VP (MD 'd) (VP (VB flip)))))) (. .) (-DFL- E_S))",60
sw05utt/sw_0515_4184.utt,4/sw4184.pos,4184,38,x,A,29,1,<Laughter>.,./.
sw05utt/sw_0515_4184.utt,4/sw4184,4184,39,sd,B,30,1,<Laughter> # {C So } that was interesting. # /,So/RB  [ that/DT ] was/VBD interesting/JJ ./.,(S (RB So) (NP-SBJ (DT that)) (VP (VBD was) (ADJP-PRD (JJ interesting))) (. .) (-DFL- E_S)),63
sw05utt/sw_0515_4184.utt,4/sw4184,4184,40,bf,A,31,1,# Didn't expect that would happen. #  /,Did/VBD n't/RB expect/VB  [ that/DT ] would/MD happen/VB ./.,(S (NP-SBJ (-NONE- *)) (VP (VBD Did) (RB n't) (VP (VB expect) (SBAR (-NONE- 0) (S (NP-SBJ (DT that)) (VP (MD would) (VP (VB happen))))))) (. .) (-DFL- E_S)),65
sw05utt/sw_0515_4184.utt,4/sw4184,4184,41,b,A,31,2,"Yeah,  /","Yeah/UH ,/,","(INTJ (UH Yeah) (, ,) (-DFL- E_S))",66
sw05utt/sw_0515_4184.utt,4/sw4184,4184,42,ba,A,31,3,"that's cool,  /","[ that/DT ] 's/BES cool/JJ ,/,","(S (NP-SBJ (DT that)) (VP (BES 's) (ADJP-PRD (JJ cool))) (, ,) (-DFL- E_S))",67
sw05utt/sw_0515_4184.utt,4/sw4184,4184,43,ba,A,31,4,that's nice.  /,[ that/DT ] 's/BES nice/JJ ./.,(S (NP-SBJ (DT that)) (VP (BES 's) (ADJP-PRD (JJ nice))) (. .) (-DFL- E_S)),68
sw05utt/sw_0515_4184.utt,4/sw4184,4184,44,^h,A,31,5,"{F Uh, }  let's see,  /","[ Uh/UH ] ,/, let/VB  [ 's/PRP ] see/VB ,/,","(S-IMP (INTJ (UH Uh)) (, ,) (NP-SBJ (-NONE- *)) (VP (VB let) (S (NP-SBJ (PRP 's)) (VP (VB see)))) (, ,) (-DFL- E_S))",69
sw05utt/sw_0515_4184.utt,4/sw4184,4184,45,qw,A,31,6,what was the other dog you had? /,[ what/WP ] was/VBD  [ the/DT other/JJ dog/NN ] [ you/PRP ] had/VBD ?/.,(SBARQ (WHNP-2 (WP what)) (SQ (VBD was) (NP-SBJ (NP (DT the) (JJ other) (NN dog)) (SBAR (WHNP-1 (-NONE- 0)) (S (NP-SBJ (PRP you)) (VP (VBD had) (NP (-NONE- *T*-1)))))) (NP-PRD (-NONE- *T*-2))) (. ?) (-DFL- E_S)),70
sw05utt/sw_0515_4184.utt,4/sw4184,4184,46,sd,B,32,1,It's a sheltie. /,[ It/PRP ] 's/BES  [ a/DT sheltie/NNP ] ./.,(S (NP-SBJ (PRP It)) (VP (BES 's) (NP-PRD (DT a) (NNP sheltie))) (. .) (-DFL- E_S)),72
sw05utt/sw_0515_4184.utt,4/sw4184,4184,47,b^m,A,33,1,"{F Oh, } a sheltie. /","Oh/UH ,/,  [ a/DT sheltie/NNP ] ./.","(FRAG (INTJ (UH Oh)) (, ,) (NP (DT a) (NNP sheltie)) (. .) (-DFL- E_S))",74
sw05utt/sw_0515_4184.utt,4/sw4184,4184,48,sd,B,34,1,"She's real [ s-, + sweet ] little dog.  /","[ She/PRP ] 's/BES real/RB s/JJ ,/,  [ sweet/JJ little/JJ dog/NN ] ./.","(S (NP-SBJ (PRP She)) (VP (BES 's) (NP-PRD (ADJP (RB real) (EDITED (RM (-DFL- \[)) (JJ s-) (, ,) (IP (-DFL- \+))) (JJ sweet)) (RS (-DFL- \])) (JJ little) (NN dog))) (. .) (-DFL- E_S))",76
sw05utt/sw_0515_4184.utt,4/sw4184,4184,49,sd,B,34,2,She's got a very nice temperament.   /,[ She/PRP ] [ 's/HVS ] got/VBN  [ a/DT very/RB nice/JJ temperament/NN ] ./.,(S (NP-SBJ (PRP She)) (VP (HVS 's) (VP (VBN got) (NP (DT a) (ADJP (RB very) (JJ nice)) (NN temperament)))) (. .) (-DFL- E_S)),77
sw05utt/sw_0515_4184.utt,4/sw4184,4184,50,sv,B,34,3,"{F Uh, }  they're not as aggressive as a Schnauzer. /","[ Uh/UH ] ,/,  [ they/PRP ] 're/VBP not/RB as/RB aggressive/JJ as/IN  [ a/DT Schnauzer/NNP ] ./.","(S (INTJ (UH Uh)) (, ,) (NP-SBJ (PRP they)) (VP (VBP 're) (RB not) (ADJP-PRD (ADJP (RB as) (JJ aggressive)) (PP (IN as) (NP (DT a) (NNP Schnauzer))))) (. .) (-DFL- E_S))",78
sw05utt/sw_0515_4184.utt,4/sw4184,4184,51,b,A,35,1,Yeah. /,Yeah/UH ./.,(INTJ (UH Yeah) (. .) (-DFL- E_S)),80
sw05utt/sw_0515_4184.utt,4/sw4184,4184,52,sv,B,36,1,"{D You know, } the Schnauzers are a little aggressive. /","[ You/PRP ] know/VBP ,/,  [ the/DT Schnauzers/NNPS ] are/VBP  [ a/DT little/RB aggressive/JJ ] ./.","(S (PRN (S (NP-SBJ (PRP You)) (VP (VBP know))) (, ,)) (NP-SBJ (DT the) (NNPS Schnauzers)) (VP (VBP are) (ADJP-PRD (NP-ADV (DT a) (RB little)) (JJ aggressive))) (. .) (-DFL- E_S))",82
sw05utt/sw_0515_4184.utt,4/sw4184,4184,53,sv,A,37,1,<Laughter> They can be nippy. /,[ They/PRP ] can/MD be/VB nippy/JJ ./.,(S (NP-SBJ (PRP They)) (VP (MD can) (VP (VB be) (ADJP-PRD (JJ nippy)))) (. .) (-DFL- E_S)),84
sw05utt/sw_0515_4184.utt,4/sw4184,4184,54,b,B,38,1,Uh-huh. /,[ Uh-huh/UH ] ./.,(INTJ (UH Uh-huh) (. .) (-DFL- E_S)),86
sw05utt/sw_0515_4184.utt,4/sw4184,4184,55,b,A,39,1,"Yeah,  /","Yeah/UH ,/,","(INTJ (UH Yeah) (, ,) (-DFL- E_S))",66
sw05utt/sw_0515_4184.utt,4/sw4184,4184,56,sv,A,39,2,shelties are nice.  /,[ shelties/NNPS ] are/VBP nice/JJ ./.,(S (NP-SBJ (NNPS shelties)) (VP (VBP are) (ADJP-PRD (JJ nice))) (. .) (-DFL- E_S)),89
sw05utt/sw_0515_4184.utt,4/sw4184,4184,57,sv,A,39,3,Everybody seems to be really happy with them.  /,[ Everybody/NN ] seems/VBZ to/TO be/VB really/RB happy/JJ with/IN  [ them/PRP ] ./.,(S (NP-SBJ-1 (NN Everybody)) (VP (VBZ seems) (S (NP-SBJ (-NONE- *-1)) (VP (TO to) (VP (VB be) (ADJP-PRD (RB really) (JJ happy) (PP (IN with) (NP (PRP them)))))))) (. .) (-DFL- E_S)),90
sw05utt/sw_0515_4184.utt,4/sw4184,4184,58,sv,A,39,4,They're good  temperament. /,[ They/PRP ] 're/VBP  [ good/JJ temperament/NN ] ./.,(S (NP-SBJ (PRP They)) (VP (VBP 're) (NP-PRD (JJ good) (NN temperament))) (. .) (-DFL- E_S)),91
sw05utt/sw_0515_4184.utt,4/sw4184,4184,59,sv^r,B,40,1,They're a good temperament -- /,[ They/PRP ] 're/VBP  [ a/DT good/JJ temperament/NN ] --/:,(S (NP-SBJ (PRP They)) (VP (VBP 're) (NP-PRD (DT a) (JJ good) (NN temperament))) (-DFL- E_S)),93
sw05utt/sw_0515_4184.utt,4/sw4184,4184,60,sv,A,41,1,# They put up with a lot. # /,[ They/PRP ] put/VBP up/RP with/IN  [ a/DT lot/NN ] ./.,(S (NP-SBJ (PRP They)) (VP (VBP put) (PRT (RP up)) (PP (IN with) (NP (DT a) (NN lot)))) (. .) (-DFL- E_S)),95
sw05utt/sw_0515_4184.utt,4/sw4184,4184,61,sv,B,42,1,"-- # [ {C and } they, # + {C and } they ] just, {F uh, } - /","--/: and/CC  [ they/PRP ] ,/, and/CC  [ they/PRP ] just/RB ,/,  [ uh/UH ] ,/,","(S-UNF (EDITED (RM (-DFL- \[)) (CC and) (NP-SBJ (PRP they)) (, ,) (IP (-DFL- \+))) (CC and) (NP-SBJ (PRP they)) (RS (-DFL- \])) (ADVP (RB just)) (, ,) (INTJ (UH uh)) (, ,) (-DFL- N_S))",97
sw05utt/sw_0515_4184.utt,4/sw4184,4184,62,%,B,42,2,"they, - /","[ they/PRP ] ,/,","(S-UNF (EDITED (RM (-DFL- \[)) (CC and) (NP-SBJ (PRP they)) (, ,) (IP (-DFL- \+))) (CC and) (NP-SBJ (PRP they)) (RS (-DFL- \])) (ADVP (RB just)) (, ,) (INTJ (UH uh)) (, ,) (-DFL- N_S))",97
sw05utt/sw_0515_4184.utt,4/sw4184,4184,63,sv,B,42,3,I think they have a good head on their shoulders.  /,[ I/PRP ] think/VBP  [ they/PRP ] have/VBP  [ a/DT good/JJ head/NN ] on/IN  [ their/PRP$ shoulders/NNS ] ./.,"(S (EDITED (NP-SBJ (PRP they)) (, ,)) (-DFL- N_S) (NP-SBJ (PRP I)) (VP (VBP think) (SBAR (-NONE- 0) (S (NP-SBJ (PRP they)) (VP (VBP have) (NP (DT a) (JJ good) (NN head)) (PP-LOC (IN on) (NP (PRP$ their) (NNS shoulders))))))) (. .) (-DFL- E_S))",98
sw05utt/sw_0515_4184.utt,4/sw4184,4184,64,sv,B,42,4,"I think they have [ a, + a ] higher level of intelligence than other, {F uh, } dogs that I have encountered. /","[ I/PRP ] think/VBP  [ they/PRP ] have/VBP  [ a/DT ] ,/,  [ a/DT higher/JJR level/NN ] of/IN  [ intelligence/NN ] than/IN  [ other/JJ ] ,/,  [ uh/UH ] ,/,  [ dogs/NNS ] that/WDT  [ I/PRP ] have/VBP encountered/VBN ./.","(S (NP-SBJ (PRP I)) (VP (VBP think) (SBAR (-NONE- 0) (S (NP-SBJ (PRP they)) (VP (VBP have) (EDITED (RM (-DFL- \[)) (NP-UNF (DT a)) (, ,) (IP (-DFL- \+))) (NP (NP (NP (DT a) (RS (-DFL- \])) (JJR higher) (NN level)) (PP (IN of) (NP (NN intelligence)))) (PP (IN than) (NP (NP (JJ other) (, ,) (INTJ (UH uh)) (, ,) (NNS dogs)) (SBAR (WHNP-1 (WDT that)) (S (NP-SBJ (PRP I)) (VP (VBP have) (VP (VBN encountered) (NP (-NONE- *T*-1))))))))))))) (. .) (-DFL- E_S))",99
sw05utt/sw_0515_4184.utt,4/sw4184,4184,65,sv,A,43,1,"<Laughter> Schnauzers, in particular probably. /","[ Schnauzers/NNPS ] ,/, in/IN  [ particular/JJ ] probably/RB ./.","(FRAG (NP (NNPS Schnauzers)) (, ,) (PP (IN in) (ADJP (JJ particular))) (ADVP (RB probably)) (. .) (-DFL- E_S))",101
sw05utt/sw_0515_4184.utt,4/sw4184,4184,66,aa,B,44,1,"{D Well, }","Well/UH ,/,","(INTJ (INTJ (UH Well)) (, ,) (INTJ (UH yeah)) (, ,) (-DFL- E_S))",103
sw05utt/sw_0515_4184.utt,4/sw4184.pos,4184,67,x,A,45,1,<Laughter>.,./.
sw05utt/sw_0515_4184.utt,4/sw4184,4184,68,+,B,46,1,"yeah,  /","yeah/UH ,/,","(INTJ (INTJ (UH Well)) (, ,) (INTJ (UH yeah)) (, ,) (-DFL- E_S))",103
sw05utt/sw_0515_4184.utt,4/sw4184,4184,69,sv,B,46,2,"{C but } also some poodles, {F uh } -- /","but/CC also/RB  [ some/DT poodles/NNS ] ,/,  [ uh/UH ] --/:","(FRAG (CC but) (ADVP (RB also)) (NP (DT some) (NNS poodles)) (, ,) (INTJ (UH uh)) (-DFL- E_S))",106
sw05utt/sw_0515_4184.utt,4/sw4184,4184,70,b,A,47,1,"{F Oh, } yeah. /","Oh/UH ,/, yeah/UH ./.","(INTJ (INTJ (UH Oh)) (, ,) (INTJ (UH yeah)) (. .) (-DFL- E_S))",108
sw05utt/sw_0515_4184.utt,4/sw4184,4184,71,sv,B,48,1,"-- they're kind of, - /","--/:  [ they/PRP ] 're/VBP kind/RB of/RB ,/,","(S (NP-SBJ (PRP they)) (VP-UNF (VBP 're) (ADVP (RB kind) (RB of))) (, ,) (-DFL- N_S))",110
sw05utt/sw_0515_4184.utt,4/sw4184,4184,72,sv,B,48,2,"there are some smart ones out there,  /","[ there/EX ] are/VBP  [ some/DT smart/JJ ones/NNS ] out/IN there/RB ,/,","(S (NP-SBJ (EX there)) (VP (VBP are) (NP-PRD (DT some) (JJ smart) (NNS ones)) (PP-LOC (IN out) (ADVP (RB there)))) (, ,) (-DFL- E_S))",111
sw05utt/sw_0515_4184.utt,4/sw4184,4184,73,sv,B,48,3,"{C but } there's [ some + also  some, ] {F uh, } not so smart ones <laughter>. /","but/CC  [ there/EX ] 's/BES  [ some/DT ] also/RB  [ some/DT ] ,/,  [ uh/UH ] ,/, not/RB so/RB  [ smart/JJ ones/NNS ] ./.","(S (CC but) (NP-SBJ (EX there)) (VP (BES 's) (EDITED (RM (-DFL- \[)) (NP-PRD-UNF (DT some)) (IP (-DFL- \+))) (ADVP (RB also)) (NP-PRD (DT some) (, ,) (RS (-DFL- \])) (INTJ (UH uh)) (, ,) (ADJP (RB not) (RB so) (JJ smart)) (NNS ones))) (. .) (-DFL- E_S))",112
sw05utt/sw_0515_4184.utt,4/sw4184,4184,74,b,A,49,1,"<Laughter> Yeah,  /","[ Yeah/UH ] ,/,","(INTJ (UH Yeah) (, ,) (-DFL- E_S))",88
sw05utt/sw_0515_4184.utt,4/sw4184,4184,75,%,A,49,2,"I g-, - /","[ I/PRP g-/XX ] ,/,","(S-UNF (NP-SBJ (PRP I)) (X (XX g-)) (, ,) (-DFL- N_S))",115
sw05utt/sw_0515_4184.utt,4/sw4184,4184,76,sv,A,49,3,"it seems the smaller the are, [ the, + the ] worse off they are <laughter>. /","[ it/PRP ] seems/VBZ  [ the/DT smaller/JJR the/DT ] are/VBP ,/,  [ the/DT ] ,/,  [ the/DT worse/JJR off/RP ] [ they/PRP ] are/VBP ./.","(S (NP-SBJ (PRP it)) (VP (VBZ seems) (SBAR (-NONE- 0) (S (S-ADV (NP-SBJ (-NONE- *)) (ADJP-PRD (ADJP (DT the) (JJR smaller)) (SBAR (WHADJP-1 (-NONE- 0)) (S (NP-SBJ (TYPO (DT the))) (VP (VBP are) (ADJP-PRD (-NONE- *T*-1))))))) (, ,) (EDITED (RM (-DFL- \[)) (ADJP-PRD-TPC-UNF (DT the)) (, ,) (IP (-DFL- \+))) (ADJP-PRD-TPC-2 (DT the) (RS (-DFL- \])) (JJR worse) (RP off)) (NP-SBJ (PRP they)) (VP (VBP are) (ADJP-PRD (-NONE- *T*-2)))))) (. .) (-DFL- E_S))",116
sw05utt/sw_0515_4184.utt,4/sw4184,4184,77,aa,B,50,1,"Yeah,  /","Yeah/UH ,/,","(INTJ (UH Yeah) (, ,) (-DFL- E_S))",88
sw05utt/sw_0515_4184.utt,4/sw4184,4184,78,sv,B,50,2,"[ [ that's, + that's, ] +  maybe [ that's, + there's, ] ] {F uh, } some credence in that statement. /","[ that/DT ] 's/BES ,/,  [ that/DT ] 's/BES ,/, maybe/RB that/DT 's/BES ,/,  [ there/EX ] 's/BES ,/,  [ uh/UH ] ,/,  [ some/DT credence/NN ] in/IN  [ that/DT statement/NN ] ./.","(S (EDITED (RM (-DFL- \[)) (EDITED (RM (-DFL- \[)) (S (NP-SBJ (DT that)) (VP-UNF (BES 's))) (, ,) (IP (-DFL- \+))) (S (NP-SBJ (DT that)) (VP-UNF (BES 's))) (, ,) (RS (-DFL- \])) (IP (-DFL- \+))) (ADVP (RB maybe)) (EDITED (RM (-DFL- \[)) (S (NP-SBJ (DT that)) (VP-UNF (BES 's))) (, ,) (IP (-DFL- \+))) (NP-SBJ (EX there)) (VP (BES 's) (, ,) (RS (-DFL- \])) (RS (-DFL- \])) (INTJ (UH uh)) (, ,) (NP-PRD (NP (DT some) (NN credence)) (PP (IN in) (NP (DT that) (NN statement))))) (. .) (-DFL- E_S))",119
sw05utt/sw_0515_4184.utt,4/sw4184,4184,79,b,A,51,1,"Yeah,  /","[ Yeah/UH ] ,/,","(INTJ (UH Yeah) (, ,) (-DFL- E_S))",88
sw05utt/sw_0515_4184.utt,4/sw4184,4184,80,sv,A,51,2,"[ the-, + they're ] bred down so much.  /","[ the-/XX ] ,/,  [ they/PRP ] 're/VBP bred/VBN down/RP so/RB much/JJ ./.","(S (EDITED (RM (-DFL- \[)) (NP-SBJ-UNF (XX the-)) (, ,) (IP (-DFL- \+))) (NP-SBJ-1 (PRP they)) (VP (VBP 're) (RS (-DFL- \])) (VP (VBN bred) (NP (-NONE- *-1)) (PRT (RP down)) (ADVP (RB so) (JJ much)))) (. .) (-DFL- E_S))",122
sw05utt/sw_0515_4184.utt,4/sw4184,4184,81,%,A,51,3,"It's, -/","[ It/PRP ] 's/BES ,/,","(S (NP-SBJ (PRP It)) (VP-UNF (BES 's)) (, ,) (-DFL- N_S))",123
sw05utt/sw_0515_4184.utt,4/sw4184,4184,82,b,B,52,1,Uh-huh. /,[ Uh-huh/UH ] ./.,(INTJ (UH Uh-huh) (. .) (-DFL- E_S)),125
sw05utt/sw_0515_4184.utt,4/sw4184,4184,83,sv,A,53,1,They aren't the best pets. /,[ They/PRP ] are/VBP n't/RB  [ the/DT best/JJS pets/NNS ] ./.,(S (NP-SBJ (PRP They)) (VP (VBP are) (RB n't) (NP-PRD (DT the) (JJS best) (NNS pets))) (. .) (-DFL- E_S)),127
sw05utt/sw_0515_4184.utt,4/sw4184,4184,84,sd,B,54,1,"[ [ I, + I'd, ] + I ] really don't know --","[ I/PRP ] ,/,  [ I/PRP ] 'd/MD ,/,  [ I/PRP ] really/RB do/VBP n't/RB know/VB --/:","(S (EDITED (RM (-DFL- \[)) (EDITED (RM (-DFL- \[)) (NP-SBJ (PRP I)) (, ,) (IP (-DFL- \+))) (S (NP-SBJ (PRP I)) (VP-UNF (MD 'd))) (, ,) (RS (-DFL- \])) (IP (-DFL- \+))) (NP-SBJ (PRP I)) (RS (-DFL- \])) (ADVP (RB really)) (VP (VBP do) (RB n't) (VP (VB know) (SBAR (WHNP-1 (WP what)) (S (NP-SBJ (DT the) (JJS best) (NN pet)) (VP (VBZ is) (NP-PRD (-NONE- *T*-1))))))) (. .) (-DFL- E_S))",129
sw05utt/sw_0515_4184.utt,4/sw4184,4184,85,b,A,55,1,Yeah. /,Yeah/UH ./.,(INTJ (UH Yeah) (. .) (-DFL- E_S)),131
sw05utt/sw_0515_4184.utt,4/sw4184,4184,86,+,B,56,1,-- what the best pet is.  /,--/:  [ what/WP ] [ the/DT best/JJS pet/NN ] is/VBZ ./.,"(S (EDITED (RM (-DFL- \[)) (EDITED (RM (-DFL- \[)) (NP-SBJ (PRP I)) (, ,) (IP (-DFL- \+))) (S (NP-SBJ (PRP I)) (VP-UNF (MD 'd))) (, ,) (RS (-DFL- \])) (IP (-DFL- \+))) (NP-SBJ (PRP I)) (RS (-DFL- \])) (ADVP (RB really)) (VP (VBP do) (RB n't) (VP (VB know) (SBAR (WHNP-1 (WP what)) (S (NP-SBJ (DT the) (JJS best) (NN pet)) (VP (VBZ is) (NP-PRD (-NONE- *T*-1))))))) (. .) (-DFL- E_S))",129
sw05utt/sw_0515_4184.utt,4/sw4184,4184,87,sv,B,56,2,I guess it's up to the individual and how they relate to their animal. /,[ I/PRP ] guess/VBP  [ it/PRP ] 's/BES up/RP to/IN  [ the/DT individual/NN ] and/CC how/WRB  [ they/PRP ] relate/VBP to/IN  [ their/PRP$ animal/NN ] ./.,(S (NP-SBJ (PRP I)) (VP (VBP guess) (SBAR (-NONE- 0) (S (NP-SBJ (PRP it)) (VP (BES 's) (PP-PRD (RP up) (PP (IN to) (NP (NP (DT the) (NN individual)) (CC and) (SBAR-NOM (WHADVP-1 (WRB how)) (S (NP-SBJ (PRP they)) (VP (VBP relate) (PP (IN to) (NP (PRP$ their) (NN animal))) (ADVP-MNR (-NONE- *T*-1)))))))))))) (. .) (-DFL- E_S)),133
sw05utt/sw_0515_4184.utt,4/sw4184,4184,88,b,A,57,1,"Yeah,  /","[ Yeah/UH ] ,/,","(INTJ (UH Yeah) (, ,) (-DFL- E_S))",114
sw05utt/sw_0515_4184.utt,4/sw4184,4184,89,sv,A,57,2,"{E I mean, } some people seem fairly well suited [ for -- +","[ I/PRP ] mean/VBP ,/,  [ some/DT people/NNS ] seem/VBP fairly/RB well/RB suited/JJ for/IN --/:","(S (PRN (S (NP-SBJ (PRP I)) (VP (VBP mean))) (, ,)) (NP-SBJ (DT some) (NNS people)) (VP (VBP seem) (ADJP-PRD (ADVP (RB fairly) (RB well)) (JJ suited) (EDITED (RM (-DFL- \[)) (PP-UNF (IN for)) (IP (-DFL- \+))) (PP (IN for) (, ,) (RS (-DFL- \])) (INTJ (UH uh)) (, ,) (NP (NP (JJ miniature) (NNS poodles)) (CC and) (NP (JJ such)))))) (. .) (-DFL- E_S))",136
sw05utt/sw_0515_4184.utt,4/sw4184,4184,90,b@,B,58,1,"{F Um, }    *[[slash error]]","Um/UH ,/,","(FRAG (INTJ (UH Um)) (, ,) (CC And) (NP (NN bull) (NNS dogs)) (. .) (-DFL- E_S))",138
sw05utt/sw_0515_4184.utt,4/sw4184,4184,91,+,A,59,1,"-- for, ] {F uh, } miniature poodles and such. /","--/: for/IN ,/,  [ uh/UH ] ,/,  [ miniature/JJ poodles/NNS ] and/CC  [ such/JJ ] ./.","(S (PRN (S (NP-SBJ (PRP I)) (VP (VBP mean))) (, ,)) (NP-SBJ (DT some) (NNS people)) (VP (VBP seem) (ADJP-PRD (ADVP (RB fairly) (RB well)) (JJ suited) (EDITED (RM (-DFL- \[)) (PP-UNF (IN for)) (IP (-DFL- \+))) (PP (IN for) (, ,) (RS (-DFL- \])) (INTJ (UH uh)) (, ,) (NP (NP (JJ miniature) (NNS poodles)) (CC and) (NP (JJ such)))))) (. .) (-DFL- E_S))",136
sw05utt/sw_0515_4184.utt,4/sw4184,4184,92,+,B,60,1,And bull dogs <laughter>. /,And/CC  [ bull/NN dogs/NNS ] ./.,"(FRAG (INTJ (UH Um)) (, ,) (CC And) (NP (NN bull) (NNS dogs)) (. .) (-DFL- E_S))",138
sw05utt/sw_0515_4184.utt,4/sw4184.pos,4184,93,x,A,61,1,<Laughter>.,./.
sw05utt/sw_0515_4184.utt,4/sw4184,4184,94,sd,B,62,1,"{C But } I don't know about [ [ [ these, + {F uh, } these, ] + {F uh, } {F uh, } these  ] pincers, +  these,  now,  what are they called. [ Pit bulls, + pit bulls ] ] --","But/CC  [ I/PRP ] do/VBP n't/RB know/VB about/IN  [ these/DT ] ,/,  [ uh/UH ] ,/,  [ these/DT ] ,/,  [ uh/UH ] ,/,  [ uh/UH ] ,/,  [ these/DT pincers/NNS ] ,/,  [ these/DT ] ,/, now/RB ,/,  [ what/WP ] are/VBP  [ they/PRP ] called/VBN ./.  [ Pit/NN bulls/NNS ] ,/,  [ pit/NN bulls/NNS ] --/:","(S (CC But) (NP-SBJ (PRP I)) (VP (VBP do) (RB n't) (VP (VB know) (PP (IN about) (EDITED (RM (-DFL- \[)) (EDITED (RM (-DFL- \[)) (EDITED (RM (-DFL- \[)) (NP-UNF (DT these)) (, ,) (IP (-DFL- \+))) (INTJ (UH uh)) (, ,) (NP-UNF (DT these)) (, ,) (RS (-DFL- \])) (IP (-DFL- \+))) (INTJ (UH uh)) (, ,) (INTJ (UH uh)) (, ,) (NP (DT these) (RS (-DFL- \])) (TYPO (NNS pincers))) (, ,) (IP (-DFL- \+))) (NP (NP (DT these) (PRN (, ,) (SBARQ (INTJ (RB now)) (, ,) (WHNP-2 (WP what)) (SQ (VBP are) (NP-SBJ-1 (PRP they)) (VP (VBN called) (S (NP-SBJ (-NONE- *-1)) (NP-PRD (-NONE- *T*-2)))))) (. .)) (EDITED (RM (-DFL- \[)) (NN Pit) (NNS bulls) (, ,) (IP (-DFL- \+))) (NN pit) (NNS bulls)) (RS (-DFL- \])) (RS (-DFL- \])) (SBAR (WHNP-3 (WDT that)) (S (NP-SBJ (-NONE- *T*-3)) (VP (VBP are) (ADJP-PRD (RB so) (JJ vicious))))))))) (. .) (-DFL- E_S))",143
sw05utt/sw_0515_4184.utt,4/sw4184,4184,95,^2,A,63,1,Pit bull. /,[ Pit/NN bull/NN ] ./.,(NP (NN Pit) (NN bull) (. .) (-DFL- E_S)),145
sw05utt/sw_0515_4184.utt,4/sw4184,4184,96,+,B,64,1,-- that are so vicious. /,--/:  [ that/WDT ] are/VBP so/RB vicious/JJ ./.,"(S (CC But) (NP-SBJ (PRP I)) (VP (VBP do) (RB n't) (VP (VB know) (PP (IN about) (EDITED (RM (-DFL- \[)) (EDITED (RM (-DFL- \[)) (EDITED (RM (-DFL- \[)) (NP-UNF (DT these)) (, ,) (IP (-DFL- \+))) (INTJ (UH uh)) (, ,) (NP-UNF (DT these)) (, ,) (RS (-DFL- \])) (IP (-DFL- \+))) (INTJ (UH uh)) (, ,) (INTJ (UH uh)) (, ,) (NP (DT these) (RS (-DFL- \])) (TYPO (NNS pincers))) (, ,) (IP (-DFL- \+))) (NP (NP (DT these) (PRN (, ,) (SBARQ (INTJ (RB now)) (, ,) (WHNP-2 (WP what)) (SQ (VBP are) (NP-SBJ-1 (PRP they)) (VP (VBN called) (S (NP-SBJ (-NONE- *-1)) (NP-PRD (-NONE- *T*-2)))))) (. .)) (EDITED (RM (-DFL- \[)) (NN Pit) (NNS bulls) (, ,) (IP (-DFL- \+))) (NN pit) (NNS bulls)) (RS (-DFL- \])) (RS (-DFL- \])) (SBAR (WHNP-3 (WDT that)) (S (NP-SBJ (-NONE- *T*-3)) (VP (VBP are) (ADJP-PRD (RB so) (JJ vicious))))))))) (. .) (-DFL- E_S))",143
sw05utt/sw_0515_4184.utt,4/sw4184,4184,97,%,A,65,1,"They might, - /","[ They/PRP ] might/MD ,/,","(S (NP-SBJ (PRP They)) (VP-UNF (MD might)) (, ,) (-DFL- N_S))",148
sw05utt/sw_0515_4184.utt,4/sw4184,4184,98,sv,A,65,2,they're actually very friendly dogs. /,[ they/PRP ] 're/VBP actually/RB  [ very/RB friendly/JJ dogs/NNS ] ./.,(S (NP-SBJ (PRP they)) (VP (VBP 're) (ADVP (RB actually)) (NP-PRD (ADJP (RB very) (JJ friendly)) (NNS dogs))) (. .) (-DFL- E_S)),149
sw05utt/sw_0515_4184.utt,4/sw4184,4184,99,bh,B,66,1,Are they really?  /,[ Are/VBP they/PRP ] really/RB ?/.,(SQ (VBP Are) (NP-SBJ (PRP they)) (ADVP (RB really)) (NP-PRD (-NONE- *?*)) (. ?) (-DFL- E_S)),151
sw05utt/sw_0515_4184.utt,4/sw4184,4184,100,sd,B,66,2,# I don't think I've ever # --,[ I/PRP ] do/VBP n't/RB think/VB  [ I/PRP ] 've/VBP ever/RB --/:,(S (NP-SBJ (PRP I)) (VP (VBP do) (RB n't) (VP (VB think) (SBAR (-NONE- 0) (S (NP-SBJ (PRP I)) (VP (VBP 've) (ADVP-TMP (RB ever)) (VP (VBN seen) (NP (CD one)))))))) (. .) (-DFL- E_S)),152
sw05utt/sw_0515_4184.utt,4/sw4184,4184,101,sv,A,67,1,"# {F Uh, } they're # # really nice. # /","[ Uh/UH ] ,/,  [ they/PRP ] 're/VBP really/RB nice/JJ ./.","(S (INTJ (UH Uh)) (, ,) (NP-SBJ (PRP they)) (VP (VBP 're) (ADJP-PRD (RB really) (JJ nice))) (. .) (-DFL- E_S))",154
sw05utt/sw_0515_4184.utt,4/sw4184,4184,102,+,B,68,1,-- # seen one. # /,--/: seen/VBN  [ one/CD ] ./.,(S (NP-SBJ (PRP I)) (VP (VBP do) (RB n't) (VP (VB think) (SBAR (-NONE- 0) (S (NP-SBJ (PRP I)) (VP (VBP 've) (ADVP-TMP (RB ever)) (VP (VBN seen) (NP (CD one)))))))) (. .) (-DFL- E_S)),152
sw05utt/sw_0515_4184.utt,4/sw4184,4184,103,sd,A,69,1,"[ I, + I've  ] dealt with quite a few of them.  /","[ I/PRP ] ,/,  [ I/PRP ] 've/VBP dealt/VBN with/IN quite/RB  [ a/DT few/JJ ] of/IN  [ them/PRP ] ./.","(S (EDITED (RM (-DFL- \[)) (NP-SBJ (PRP I)) (, ,) (IP (-DFL- \+))) (NP-SBJ (PRP I)) (VP (VBP 've) (RS (-DFL- \])) (VP (VBN dealt) (PP (IN with) (NP (NP (RB quite) (DT a) (JJ few)) (PP (IN of) (NP (PRP them))))))) (. .) (-DFL- E_S))",157
sw05utt/sw_0515_4184.utt,4/sw4184,4184,104,sd,A,69,2,"[ People, {F uh, } +  customers ] that bring them into the shop and ask me {D like, } they, {F uh, } fit collars and stuff on them  /","[ People/NNS ] ,/,  [ uh/UH ] ,/,  [ customers/NNS ] [ that/WDT ] bring/VBP  [ them/PRP ] into/IN  [ the/DT shop/NN ] and/CC ask/VBP  [ me/PRP ] like/UH ,/,  [ they/PRP ] ,/,  [ uh/UH ] ,/,  [ fit/VBP collars/NNS ] and/CC stuff/NN on/IN  [ them/PRP ]","(S (EDITED (RM (-DFL- \[)) (NP-UNF-TPC (NNS People)) (, ,) (INTJ (UH uh)) (, ,) (IP (-DFL- \+))) (NP-TPC (NP (NNS customers)) (RS (-DFL- \])) (SBAR (WHNP-1 (WDT that)) (S (NP-SBJ (-NONE- *T*-1)) (VP (VP (VBP bring) (NP (PRP them)) (PP-DIR (IN into) (NP (DT the) (NN shop)))) (CC and) (VP (VBP ask) (NP (PRP me))))))) (INTJ (UH like)) (, ,) (NP-SBJ (PRP they)) (, ,) (INTJ (UH uh)) (, ,) (VP (VBP fit) (NP (NNS collars) (CC and) (NN stuff)) (PP-LOC (IN on) (NP (PRP them)))) (-DFL- E_S))",158
sw05utt/sw_0515_4184.utt,4/sw4184,4184,105,sd,A,69,3,"{C and } [ they are, + they are ] just really nice, really friendly, {F uh, } kind of like  medium intelligence.  {F Uh, } /","and/CC  [ they/PRP ] are/VBP ,/,  [ they/PRP ] are/VBP just/RB really/RB  [ nice/JJ ] ,/, really/RB  [ friendly/JJ ] ,/,  [ uh/UH ] ,/,  [ kind/RB ] of/RB  [ like/IN medium/JJ intelligence/NN ] ./.  [ Uh/UH ] ,/,","(S (CC and) (EDITED (RM (-DFL- \[)) (S (NP-SBJ (PRP they)) (VP-UNF (VBP are))) (, ,) (IP (-DFL- \+))) (NP-SBJ (PRP they)) (VP (VBP are) (RS (-DFL- \])) (ADVP (RB just)) (UCP-PRD (ADJP (RB really) (JJ nice)) (, ,) (ADJP (RB really) (JJ friendly)) (, ,) (INTJ (UH uh)) (, ,) (ADVP (RB kind) (RB of)) (INTJ (IN like)) (NP (JJ medium) (NN intelligence))) (. .) (INTJ (UH Uh))) (, ,) (-DFL- E_S))",159
sw05utt/sw_0515_4184.utt,4/sw4184,4184,106,qw,B,70,1,"{D Well, } how do they become s-, - /","Well/UH ,/, how/WRB do/VBP  [ they/PRP ] become/VB  [ s-/XX ] ,/,","(SBARQ (INTJ (UH Well)) (, ,) (WHADVP (WRB how)) (SQ (VBP do) (NP-SBJ (PRP they)) (VP (VB become) (ADJP-PRD-UNF (XX s-)))) (, ,) (-DFL- N_S))",161
sw05utt/sw_0515_4184.utt,4/sw4184,4184,107,%,B,70,2,"w-, - /","[ w-/XX ] ,/,","(X (XX w-) (, ,) (-DFL- N_S))",162
sw05utt/sw_0515_4184.utt,4/sw4184,4184,108,qw,B,70,3,"how did they get their reputation, then? /","how/WRB did/VBD  [ they/PRP ] get/VB [ their/PRP$ reputation/NN ] ,/, then/RB ?/.","(SBARQ (WHADVP-1 (WRB how)) (SQ (VBD did) (NP-SBJ (PRP they)) (VP (VB get) (NP (PRP$ their) (NN reputation)) (ADVP-MNR (-NONE- *T*-1)) (, ,) (ADVP (RB then)))) (. ?) (-DFL- E_S))",163
sw05utt/sw_0515_4184.utt,4/sw4184,4184,109,sd,A,71,1,"{D Well, } because some people, {F uh, } want to train them as, -/","Well/UH ,/, because/RB  [ some/DT people/NNS ] ,/,  [ uh/UH ] ,/, want/VBP to/TO train/VB  [ them/PRP ] as/IN ,/,","(FRAG (INTJ (UH Well)) (, ,) (SBAR-PRP (RB because) (S (NP-SBJ-1 (DT some) (NNS people)) (, ,) (INTJ (UH uh)) (, ,) (VP (VBP want) (S (NP-SBJ (-NONE- *-1)) (VP (TO to) (VP (VB train) (NP (PRP them)) (PP-UNF (IN as)))))))) (, ,) (-DFL- N_S))",165
sw05utt/sw_0515_4184.utt,4/sw4184,4184,110,bf,B,72,1,"{F Oh, } they train them to be that way, then. /","Oh/UH ,/,  [ they/PRP ] train/VBP  [ them/PRP ] to/TO be/VB  [ that/DT way/NN ] ,/, then/RB ./.","(S (INTJ (UH Oh)) (, ,) (NP-SBJ (PRP they)) (VP (VBP train) (NP-1 (PRP them)) (S-PRP (NP-SBJ (-NONE- *-1)) (VP (TO to) (VP (VB be) (NP-MNR-PRD (DT that) (NN way))))) (, ,) (ADVP (RB then))) (. .) (-DFL- E_S))",167
sw05utt/sw_0515_4184.utt,4/sw4184,4184,111,aa,A,73,1,Yeah. /,Yeah/UH ./.,(INTJ (UH Yeah) (. .) (-DFL- E_S)),169
sw05utt/sw_0515_4184.utt,4/sw4184,4184,112,bk,B,74,1,"{F Oh, } okay. /","Oh/UH ,/, okay/UH ./.","(INTJ (INTJ (UH Oh)) (, ,) (INTJ (UH okay)) (. .) (-DFL- E_S))",171
sw05utt/sw_0515_4184.utt,4/sw4184,4184,113,sd,A,75,1,You really can't get a pit bull from birth that's that way. /,[ You/PRP ] really/RB ca/MD n't/RB get/VB  [ a/DT pit/NN bull/NN ] from/IN  [ birth/NN ] [ that/WDT ] 's/BES  [ that/DT way/NN ] ./.,(S (NP-SBJ (PRP You)) (ADVP (RB really)) (VP (MD ca) (RB n't) (VP (VB get) (NP (NP (DT a) (NN pit) (NN bull)) (PP-TPC-1 (IN from) (NP (NN birth))) (SBAR (WHNP-2 (WDT that)) (S (NP-SBJ (-NONE- *T*-2)) (VP (BES 's) (NP-MNR-PRD (DT that) (NN way)) (PP (-NONE- *T*-1)))))))) (. .) (-DFL- E_S)),173
sw05utt/sw_0515_4184.utt,4/sw4184,4184,114,bk,B,76,1,"{F Oh, } okay. /","Oh/UH ,/, okay/UH ./.","(INTJ (INTJ (UH Oh)) (, ,) (INTJ (UH okay)) (. .) (-DFL- E_S))",171
sw05utt/sw_0515_4184.utt,4/sw4184,4184,115,b,A,77,1,"Yeah,  /","Yeah/UH ,/,","(INTJ (UH Yeah) (, ,) (-DFL- E_S))",177
sw05utt/sw_0515_4184.utt,4/sw4184,4184,116,sd,A,77,2,it takes a lot of training and a lot of abuse to get a dog to really --,[ it/PRP ] takes/VBZ  [ a/DT lot/NN ] of/IN  [ training/NN ] and/CC  [ a/DT lot/NN ] of/IN  [ abuse/NN ] to/TO get/VB  [ a/DT dog/NN ] to/TO really/RB --/:,(S (NP-SBJ (PRP it)) (VP (VBZ takes) (NP (NP (NP (DT a) (NN lot)) (PP (IN of) (NP (NN training)))) (CC and) (NP (NP (DT a) (NN lot)) (PP (IN of) (NP (NN abuse))))) (S-PRP (NP-SBJ (-NONE- *)) (VP (TO to) (VP (VB get) (S (NP-SBJ (DT a) (NN dog)) (VP (TO to) (ADVP (RB really)) (VP (VB respond)))))))) (. .) (-DFL- E_S)),178
sw05utt/sw_0515_4184.utt,4/sw4184,4184,117,ba,B,78,1,"# {F Oh, } dear,  /","Oh/UH ,/, dear/UH ,/,","(INTJ (INTJ (UH Oh)) (, ,) (INTJ (UH dear)) (, ,) (-DFL- E_S))",180
sw05utt/sw_0515_4184.utt,4/sw4184,4184,118,bf,B,78,2,{C so } [ the # -- +,so/UH  [ the/DT ] --/:,(S (RB so) (EDITED (RM (-DFL- \[)) (NP-SBJ-UNF (DT the)) (IP (-DFL- \+))) (NP-SBJ (DT the) (RS (-DFL- \])) (JJ poor) (NN animal)) (VP (VBZ is) (VP (VBG doing) (NP (PRP it)) (PP (IN in) (NP (GW self) (^NN protection))))) (. .) (-DFL- E_S)),181
sw05utt/sw_0515_4184.utt,4/sw4184,4184,119,+,A,79,1,-- # respond. # /,--/: respond/VB ./.,(S (NP-SBJ (PRP it)) (VP (VBZ takes) (NP (NP (NP (DT a) (NN lot)) (PP (IN of) (NP (NN training)))) (CC and) (NP (NP (DT a) (NN lot)) (PP (IN of) (NP (NN abuse))))) (S-PRP (NP-SBJ (-NONE- *)) (VP (TO to) (VP (VB get) (S (NP-SBJ (DT a) (NN dog)) (VP (TO to) (ADVP (RB really)) (VP (VB respond)))))))) (. .) (-DFL- E_S)),178
sw05utt/sw_0515_4184.utt,4/sw4184,4184,120,+,B,80,1,-- the ] poor animal is doing it in self protection. /,--/:  [ the/DT poor/JJ animal/NN ] is/VBZ doing/VBG  [ it/PRP ] in/IN  [ self/GW protection/^NN ] ./.,(S (RB so) (EDITED (RM (-DFL- \[)) (NP-SBJ-UNF (DT the)) (IP (-DFL- \+))) (NP-SBJ (DT the) (RS (-DFL- \])) (JJ poor) (NN animal)) (VP (VBZ is) (VP (VBG doing) (NP (PRP it)) (PP (IN in) (NP (GW self) (^NN protection))))) (. .) (-DFL- E_S)),181
sw05utt/sw_0515_4184.utt,4/sw4184,4184,121,aa,A,81,1,Right. /,[ Right/UH ] ./.,(INTJ (UH Right) (. .) (-DFL- E_S)),185
sw05utt/sw_0515_4184.utt,4/sw4184,4184,122,ba,B,82,1,"{F Oh, } dear. /","Oh/UH ,/, dear/UH ./.","(INTJ (INTJ (UH Oh)) (, ,) (INTJ (UH dear)) (. .) (-DFL- E_S))",187
sw05utt/sw_0515_4184.utt,4/sw4184,4184,123,aa,A,83,1,"Yeah,  /","Yeah/UH ,/,","(INTJ (UH Yeah) (, ,) (-DFL- E_S))",177
sw05utt/sw_0515_4184.utt,4/sw4184,4184,124,sd,A,83,2,"[ they aren't, + they aren't ] by nature really nasty critters.  /","[ they/PRP ] are/VBP n't/RB ,/,  [ they/PRP ] are/VBP n't/RB by/IN  [ nature/NN ] really/RB  [ nasty/JJ critters/NNS ] ./.","(S (EDITED (RM (-DFL- \[)) (S (NP-SBJ (PRP they)) (VP-UNF (VBP are) (RB n't))) (, ,) (IP (-DFL- \+))) (NP-SBJ (PRP they)) (VP (VBP are) (RB n't) (RS (-DFL- \])) (PP (IN by) (NP (NN nature))) (NP-PRD (ADJP (RB really) (JJ nasty)) (NNS critters))) (. .) (-DFL- E_S))",190
sw05utt/sw_0515_4184.utt,4/sw4184,4184,125,sd,A,83,3,They are very determined critters -- /,[ They/PRP ] are/VBP very/RB determined/JJ  [ critters/NNS ] --/:,(S (NP-SBJ (PRP They)) (VP (VBP are) (NP-PRD (ADJP (RB very) (JJ determined)) (NNS critters))) (-DFL- E_S)),191
sw05utt/sw_0515_4184.utt,4/sw4184,4184,126,b,B,84,1,Uh-huh. /,[ Uh-huh/UH ] ./.,(INTJ (UH Uh-huh) (. .) (-DFL- E_S)),193
sw05utt/sw_0515_4184.utt,4/sw4184,4184,127,sv*,A,85,1,"-- {C and so } once you get them going, it's not good [ to + <laughter>, to ] deal with, but, [ they, + ] [ I, + I ] really like them.  /  *[[two utts?]]","--/: and/CC so/RB once/RB  [ you/PRP ] get/VBP  [ them/PRP ] going/VBG ,/,  [ it/PRP ] 's/BES not/RB good/JJ to/TO ,/, to/TO deal/VB with/IN ,/, but/CC ,/,  [ they/PRP ] ,/,  [ I/PRP ] ,/,  [ I/PRP ] really/RB like/VBP  [ them/PRP ] ./.","(S (CONJP (CC and) (RB so)) (SBAR-TMP (RB once) (S (NP-SBJ (PRP you)) (VP (VBP get) (S (NP-SBJ (PRP them)) (VP (VBG going)))))) (, ,) (NP-SBJ (PRP it)) (VP (BES 's) (RB not) (ADJP-PRD (JJ good) (SBAR (WHNP-1 (-NONE- 0)) (S (NP-SBJ (-NONE- *)) (EDITED (RM (-DFL- \[)) (VP-UNF (TO to)) (IP (-DFL- \+))) (, ,) (VP (TO to) (RS (-DFL- \])) (VP (VB deal) (PP (IN with) (NP (-NONE- *T*-1))))))))) (, ,))|||(S (CC but) (, ,) (EDITED (RM (-DFL- \[)) (NP-SBJ (PRP they)) (, ,) (IP (-DFL- \+)) (RS (-DFL- \]))) (EDITED (RM (-DFL- \[)) (NP-SBJ (PRP I)) (, ,) (IP (-DFL- \+))) (NP-SBJ (PRP I)) (RS (-DFL- \])) (ADVP (RB really)) (VP (VBP like) (NP (PRP them))) (. .) (-DFL- E_S))",195|||196
sw05utt/sw_0515_4184.utt,4/sw4184,4184,128,sd,A,85,2,"[ I was, + I was ] impressed by them.  /","[ I/PRP ] was/VBD ,/,  [ I/PRP ] was/VBD impressed/JJ by/IN  [ them/PRP ] ./.","(S (EDITED (RM (-DFL- \[)) (S (NP-SBJ (PRP I)) (VP-UNF (VBD was))) (, ,) (IP (-DFL- \+))) (NP-SBJ-1 (PRP I)) (VP (VBD was) (RS (-DFL- \])) (VP (JJ impressed) (NP (-NONE- *-1)) (PP (IN by) (NP-LGS (PRP them))))) (. .) (-DFL- E_S))",197
sw05utt/sw_0515_4184.utt,4/sw4184,4184,129,sd,A,85,3,"[ They're, + they're ] real sturdy little critters  /","[ They/PRP ] 're/VBP ,/,  [ they/PRP ] 're/VBP  [ real/RB sturdy/JJ little/JJ critters/NNS ]","(S (EDITED (RM (-DFL- \[)) (S (NP-SBJ (PRP They)) (VP-UNF (VBP 're))) (, ,) (IP (-DFL- \+))) (NP-SBJ (PRP they)) (VP (VBP 're) (RS (-DFL- \])) (NP-PRD (ADJP (RB real) (JJ sturdy)) (JJ little) (NNS critters))) (-DFL- E_S))",198
sw05utt/sw_0515_4184.utt,4/sw4184,4184,130,sd,A,85,4,{C and } they aren't that big.,and/CC  [ they/PRP ] are/VBP n't/RB that/RB big/JJ ./.,(S (CC and) (NP-SBJ (PRP they)) (VP (VBP are) (RB n't) (ADJP-PRD (RB that) (JJ big)) (. .))),199
sw05utt/sw_0515_4184.utt,4/sw4184,4184,131,b,B,86,1,Uh-huh. /,[ Uh-huh/UH ] ./.,(INTJ (UH Uh-huh) (. .) (-DFL- E_S)),193
sw05utt/sw_0515_4184.utt,4/sw4184,4184,132,+,A,87,1,"And, {F uh, } just really friendly. /","And/CC ,/,  [ uh/UH ] ,/, just/RB really/RB friendly/JJ ./.","(FRAG (CC And) (, ,) (INTJ (UH uh)) (, ,) (ADVP (RB just)) (ADJP (RB really) (JJ friendly)) (. .) (-DFL- E_S))",200
sw05utt/sw_0515_4184.utt,4/sw4184,4184,133,ba,B,88,1,"# {D Well, } that's unusual. # /","Well/UH ,/,  [ that/DT ] 's/BES unusual/JJ ./.","(S (INTJ (UH Well)) (, ,) (NP-SBJ (DT that)) (VP (BES 's) (ADJP-PRD (JJ unusual))) (. .) (-DFL- E_S))",205
sw05utt/sw_0515_4184.utt,4/sw4184,4184,134,sd,A,89,1,"# [ I was, + I was  ] # --","[ I/PRP ] was/VBD ,/,  [ I/PRP ] was/VBD --/:","(S (EDITED (RM (-DFL- \[)) (S (NP-SBJ (PRP I)) (VP-UNF (VBD was))) (, ,) (IP (-DFL- \+))) (NP-SBJ-1 (PRP I)) (VP (VBD was) (RS (-DFL- \])) (VP (JJ impressed) (NP (-NONE- *-1)) (PP (IN by) (NP-LGS (PRP them))))) (. .) (-DFL- E_S))",197
sw05utt/sw_0515_4184.utt,4/sw4184,4184,135,%,B,90,1,"I, -/","[ I/PRP ] ,/,","(S-UNF (NP-SBJ (PRP I)) (, ,) (-DFL- N_S))",209
sw05utt/sw_0515_4184.utt,4/sw4184,4184,136,+,A,91,1,-- overwhelmed. /,--/: overwhelmed/JJ ./.,"(S (EDITED (RM (-DFL- \[)) (S (NP-SBJ (PRP I)) (VP-UNF (VBD was))) (, ,) (IP (-DFL- \+))) (NP-SBJ-1 (PRP I)) (VP (VBD was) (RS (-DFL- \])) (VP (JJ overwhelmed) (NP (-NONE- *-1)))) (. .) (-DFL- E_S))",207
sw05utt/sw_0515_4184.utt,4/sw4184,4184,137,bf,B,92,1,"{F Huh, } {D well, } I suppose you were surprised. /","Huh/UH ,/, well/UH ,/,  [ I/PRP ] suppose/VBP  [ you/PRP ] were/VBD surprised/VBN ./.","(S (INTJ (UH Huh)) (, ,) (INTJ (UH well)) (, ,) (NP-SBJ (PRP I)) (VP (VBP suppose) (SBAR (-NONE- 0) (S (NP-SBJ-1 (PRP you)) (VP (VBD were) (VP (VBN surprised) (NP (-NONE- *-1))))))) (. .) (-DFL- E_S))",212
sw05utt/sw_0515_4184.utt,4/sw4184.pos,4184,138,x,A,93,1,<Laughter>.,./.
sw05utt/sw_0515_4184.utt,4/sw4184.pos,4184,139,x,B,94,1,<Laughter>.,./.
sw05utt/sw_0515_4184.utt,4/sw4184,4184,140,b,A,95,1,Yeah. /,Yeah/UH ./.,(INTJ (UH Yeah) (. .) (-DFL- E_S)),216
sw05utt/sw_0515_4184.utt,4/sw4184,4184,141,sd,B,96,1,After --,After/IN --/:,"(PP (IN After) (NP (NP (DT the) (NN reputation)) (SBAR-UNF (WHNP (IN that)) (PRN (, ,) (S (NP-SBJ (PRP you)) (VP (VBP know)))))) (-DFL- N_S))",218
sw05utt/sw_0515_4184.utt,4/sw4184,4184,142,b,A,97,1,"Yeah,  /","Yeah/UH ,/,","(INTJ (UH Yeah) (, ,) (-DFL- E_S))",220
sw05utt/sw_0515_4184.utt,4/sw4184,4184,143,%,A,97,2,"right now, -/","right/RB now/RB ,/,","(ADVP-TMP (RB right) (RB now) (, ,) (-DFL- N_S))",221
sw05utt/sw_0515_4184.utt,4/sw4184,4184,144,+,B,98,1,"-- the reputation that,  {D you know } - /","--/:  [ the/DT reputation/NN ] that/IN ,/,  [ you/PRP ] know/VBP","(PP (IN After) (NP (NP (DT the) (NN reputation)) (SBAR-UNF (WHNP (IN that)) (PRN (, ,) (S (NP-SBJ (PRP you)) (VP (VBP know)))))) (-DFL- N_S))",218
sw05utt/sw_0515_4184.utt,4/sw4184,4184,145,sd,B,98,2,"they have quite an, {F uh, } {F uh, } notable reputation as far as, {D you know, } -/","[ they/PRP ] have/VBP quite/RB  [ an/DT ] ,/,  [ uh/UH ] ,/,  [ uh/UH ] ,/,  [ notable/JJ reputation/NN ] as/RB far/RB as/IN ,/,  [ you/PRP ] know/VBP ,/,","(S (NP-SBJ (PRP they)) (VP (VBP have) (NP (RB quite) (DT an) (, ,) (INTJ (UH uh)) (, ,) (INTJ (UH uh)) (, ,) (JJ notable) (NN reputation)) (ADVP (ADVP (RB as) (RB far)) (PP-UNF (IN as))) (PRN (, ,) (S (NP-SBJ (PRP you)) (VP (VBP know))))) (, ,) (-DFL- N_S))",223
sw05utt/sw_0515_4184.utt,4/sw4184,4184,146,sd,A,99,1,They picked up a lot of bad press lately. /,[ They/PRP ] picked/VBD up/RP  [ a/DT lot/NN ] of/IN  [ bad/JJ press/NN ] lately/RB ./.,(S (NP-SBJ (PRP They)) (VP (VBD picked) (PRT (RP up)) (NP (NP (DT a) (NN lot)) (PP (IN of) (NP (JJ bad) (NN press)))) (ADVP-TMP (RB lately))) (. .) (-DFL- E_S)),225
sw05utt/sw_0515_4184.utt,4/sw4184,4184,147,aa,B,100,1,"Yeah,  /","Yeah/UH ,/,","(INTJ (UH Yeah) (, ,) (-DFL- E_S))",220
sw05utt/sw_0515_4184.utt,4/sw4184,4184,148,sd,B,100,2,"they're banned [ from, + in ] some areas I understand. /","[ they/PRP ] 're/VBP banned/VBN from/IN ,/, in/IN  [ some/DT areas/NNS I/PRP ] understand/VBP ./.","(S (S-TPC-2 (NP-SBJ-1 (PRP they)) (VP (VBP 're) (VP (VBN banned) (NP (-NONE- *-1)) (EDITED (RM (-DFL- \[)) (PP-UNF (IN from)) (, ,) (IP (-DFL- \+))) (PP-LOC (IN in) (RS (-DFL- \])) (NP (DT some) (NNS areas)))))) (NP-SBJ (PRP I)) (VP (VBP understand) (SBAR (-NONE- 0) (S (-NONE- *T*-2)))) (. .) (-DFL- E_S))",228
sw05utt/sw_0515_4184.utt,4/sw4184,4184,149,b,A,101,1,"{D Well, } yeah. /","Well/UH ,/, yeah/UH ./.","(INTJ (INTJ (UH Well)) (, ,) (INTJ (UH yeah)) (. .) (-DFL- E_S))",230
sw05utt/sw_0515_4184.utt,4/sw4184,4184,150,b,B,102,1,Uh-huh. /,[ Uh-huh/UH ] ./.,(INTJ (UH Uh-huh) (. .) (-DFL- E_S)),232
sw05utt/sw_0515_4184.utt,4/sw4184,4184,151,sv,A,103,1,"{C But, } [ [ any, + any, ] + any ] pet's  [ going to, + [ can, + can ] ] be bad if you train it to be that way. /","But/CC ,/,  [ any/DT ] ,/,  [ any/DT ] ,/,  [ any/DT pet/NN ] 's/BES going/VBG to/TO ,/, can/MD ,/, can/MD be/VB bad/JJ if/IN  [ you/PRP ] train/VBP  [ it/PRP ] to/TO be/VB  [ that/DT way/NN ] ./.","(S (CC But) (, ,) (EDITED (RM (-DFL- \[)) (EDITED (RM (-DFL- \[)) (NP-SBJ-UNF (DT any)) (, ,) (IP (-DFL- \+))) (NP-SBJ-UNF (DT any)) (, ,) (RS (-DFL- \])) (IP (-DFL- \+))) (NP-SBJ (DT any) (RS (-DFL- \])) (NN pet)) (EDITED (VP (BES 's) (RM (-DFL- \[)) (VP (VBG going) (S (NP-SBJ (-NONE- *)) (VP-UNF (TO to)))) (, ,) (IP (-DFL- \+)))) (EDITED (RM (-DFL- \[)) (VP-UNF (MD can)) (, ,) (IP (-DFL- \+))) (VP (MD can) (RS (-DFL- \])) (RS (-DFL- \])) (VP (VB be) (ADJP-PRD (JJ bad)) (SBAR-ADV (IN if) (S (NP-SBJ (PRP you)) (VP (VBP train) (NP-1 (PRP it)) (S-PRP (NP-SBJ (-NONE- *-1)) (VP (TO to) (VP (VB be) (NP-MNR-PRD (DT that) (NN way)))))))))) (. .) (-DFL- E_S))",234
sw05utt/sw_0515_4184.utt,4/sw4184,4184,152,%,B,104,1,"{D You know, } that, - /","[ You/PRP ] know/VBP ,/, that/IN ,/,","(S-UNF (PRN (S (NP-SBJ (PRP You)) (VP (VBP know))) (, ,)) (NP-SBJ (IN that)) (, ,) (-DFL- N_S))",236
sw05utt/sw_0515_4184.utt,4/sw4184,4184,153,sv(^q),B,104,2,"they must have just targeted that breed and said, boy, we're going <laughter>, /","[ they/PRP ] must/MD have/VB just/RB targeted/VBN that/DT  [ breed/NN ] and/CC said/VBN ,/,  [ boy/UH ] ,/,  [ we/PRP ] 're/VBP going/VBG ,/,","(S (NP-SBJ (PRP they)) (VP (MD must) (VP (VB have) (ADVP (RB just)) (VP (VP (VBN targeted) (NP (DT that) (NN breed))) (CC and) (VP (VBN said) (, ,) (S-SEZ (INTJ (UH boy)) (, ,) (NP-SBJ (PRP we)) (VP (VBP 're) (VP-UNF (VBG going)))))))) (, ,) (-DFL- E_S))",237
sw05utt/sw_0515_4184.utt,4/sw4184,4184,154,b,A,105,1,"{D Well, } yeah,  /","Well/UH ,/, yeah/UH ,/,","(INTJ (INTJ (UH Well)) (, ,) (INTJ (UH yeah)) (, ,) (-DFL- E_S))",239
sw05utt/sw_0515_4184.utt,4/sw4184,4184,155,%,A,105,2,"it's,  when, - /","[ it/PRP ] 's/BES ,/, when/WRB ,/,","(S (NP-SBJ (PRP it)) (VP (BES 's) (, ,) (SBAR-TMP-PRD-UNF (WHADVP (WRB when)))) (, ,) (-DFL- N_S))",240
sw05utt/sw_0515_4184.utt,4/sw4184,4184,156,sd,A,105,3,"in my hometown, they just outlawed ferrets --","in/IN  [ my/PRP$ hometown/NN ] ,/,  [ they/PRP ] just/RB outlawed/VBD  [ ferrets/NNS ] --/:","(S (PP-LOC (IN in) (NP (PRP$ my) (NN hometown))) (, ,) (NP-SBJ (PRP they)) (ADVP (RB just)) (VP (VBD outlawed) (NP (NNS ferrets)) (SBAR-PRP (IN because) (S (NP-SBJ (PRP they)) (VP (VBD had) (NP (NP (CD one) (NN incident)) (PP (IN of) (S-NOM (NP-SBJ (DT a) (NN ferret)) (, ,) (INTJ (UH uh)) (, ,) (VP (VBG attacking) (EDITED (RM (-DFL- \[)) (NP-UNF (DT a) (NN k-)) (, ,) (IP (-DFL- \+))) (NP (DT a) (NN child)) (RS (-DFL- \])) (PP-LOC (IN in) (NP (DT a) (NN house))))))))))) (. .) (-DFL- E_S))",241
sw05utt/sw_0515_4184.utt,4/sw4184,4184,157,b,B,106,1,"{F Oh, } okay. /","Oh/UH ,/, okay/UH ./.","(INTJ (INTJ (UH Oh)) (, ,) (INTJ (UH okay)) (. .) (-DFL- E_S))",243
sw05utt/sw_0515_4184.utt,4/sw4184,4184,158,+,A,107,1,"-- because they had one incident of a ferret, {F uh, } attacking [ a k-, + a child ] --","--/: because/IN  [ they/PRP ] had/VBD  [ one/CD incident/NN ] of/IN  [ a/DT ferret/NN ] ,/,  [ uh/UH ] ,/, attacking/VBG  [ a/DT k-/NN ] ,/,  [ a/DT child/NN ] --/:","(S (PP-LOC (IN in) (NP (PRP$ my) (NN hometown))) (, ,) (NP-SBJ (PRP they)) (ADVP (RB just)) (VP (VBD outlawed) (NP (NNS ferrets)) (SBAR-PRP (IN because) (S (NP-SBJ (PRP they)) (VP (VBD had) (NP (NP (CD one) (NN incident)) (PP (IN of) (S-NOM (NP-SBJ (DT a) (NN ferret)) (, ,) (INTJ (UH uh)) (, ,) (VP (VBG attacking) (EDITED (RM (-DFL- \[)) (NP-UNF (DT a) (NN k-)) (, ,) (IP (-DFL- \+))) (NP (DT a) (NN child)) (RS (-DFL- \])) (PP-LOC (IN in) (NP (DT a) (NN house))))))))))) (. .) (-DFL- E_S))",241
sw05utt/sw_0515_4184.utt,4/sw4184,4184,159,b,B,108,1,"{F Oh, } okay. /","Oh/UH ,/, okay/UH ./.","(INTJ (INTJ (UH Oh)) (, ,) (INTJ (UH okay)) (. .) (-DFL- E_S))",243
sw05utt/sw_0515_4184.utt,4/sw4184,4184,160,+,A,109,1,-- in a house. /,--/: in/IN  [ a/DT house/NN ] ./.,"(S (PP-LOC (IN in) (NP (PRP$ my) (NN hometown))) (, ,) (NP-SBJ (PRP they)) (ADVP (RB just)) (VP (VBD outlawed) (NP (NNS ferrets)) (SBAR-PRP (IN because) (S (NP-SBJ (PRP they)) (VP (VBD had) (NP (NP (CD one) (NN incident)) (PP (IN of) (S-NOM (NP-SBJ (DT a) (NN ferret)) (, ,) (INTJ (UH uh)) (, ,) (VP (VBG attacking) (EDITED (RM (-DFL- \[)) (NP-UNF (DT a) (NN k-)) (, ,) (IP (-DFL- \+))) (NP (DT a) (NN child)) (RS (-DFL- \])) (PP-LOC (IN in) (NP (DT a) (NN house))))))))))) (. .) (-DFL- E_S))",241
sw05utt/sw_0515_4184.utt,4/sw4184,4184,161,b,B,110,1,Uh-huh. /,[ Uh-huh/UH ] ./.,(INTJ (UH Uh-huh) (. .) (-DFL- E_S)),232
sw05utt/sw_0515_4184.utt,4/sw4184,4184,162,sd,A,111,1,"{E I mean, } these people had left this infant in the same room with this loose ferret.  /","[ I/PRP ] mean/VBP ,/,  [ these/DT people/NNS ] had/VBD left/VBN  [ this/DT infant/NN ] in/IN  [ the/DT same/JJ room/NN ] with/IN  [ this/DT loose/JJ ferret/NN ] ./.","(S (PRN (S (NP-SBJ (PRP I)) (VP (VBP mean))) (, ,)) (NP-SBJ (DT these) (NNS people)) (VP (VBD had) (VP (VBN left) (NP (DT this) (NN infant)) (PP-LOC (IN in) (NP (DT the) (JJ same) (NN room))) (PP (IN with) (NP (DT this) (JJ loose) (NN ferret))))) (. .) (-DFL- E_S))",251
sw05utt/sw_0515_4184.utt,4/sw4184,4184,163,sd,A,111,2,"[ The, + the ] ferret is used to running the house and was kind of wild -- /","[ The/DT ] ,/,  [ the/DT ferret/NN ] is/VBZ used/JJ to/IN running/VBG  [ the/DT house/NN ] and/CC was/VBD  [ kind/RB ] of/RB  [ wild/NN ] --/:","(S (EDITED (RM (-DFL- \[)) (NP-SBJ-UNF (DT The)) (, ,) (IP (-DFL- \+))) (NP-SBJ-1 (DT the) (RS (-DFL- \])) (NN ferret)) (VP (VP (VBZ is) (ADJP-PRD (JJ used) (PP (IN to) (S-NOM (NP-SBJ (-NONE- *-1)) (VP (VBG running) (NP (DT the) (NN house))))))) (CC and) (VP (VBD was) (ADVP (RB kind) (RB of)) (ADJP-PRD (NN wild)))) (-DFL- E_S))",252
sw05utt/sw_0515_4184.utt,4/sw4184,4184,164,b,B,112,1,Uh-huh. /,[ Uh-huh/UH ] ./.,(INTJ (UH Uh-huh) (. .) (-DFL- E_S)),232
sw05utt/sw_0515_4184.utt,4/sw4184,4184,165,sv,A,113,1,"-- {C and, } {D you know, } they should expect something like that to happen.  /","--/: and/CC ,/,  [ you/PRP ] know/VBP ,/,  [ they/PRP ] should/MD expect/VB  [ something/NN ] like/IN  [ that/DT ] to/TO happen/VB ./.","(S (CC and) (PRN (, ,) (S (NP-SBJ (PRP you)) (VP (VBP know))) (, ,)) (NP-SBJ (PRP they)) (VP (MD should) (VP (VB expect) (S (NP-SBJ (NP (NN something)) (PP (IN like) (NP (DT that)))) (VP (TO to) (VP (VB happen)))))) (. .) (-DFL- E_S))",256
sw05utt/sw_0515_4184.utt,4/sw4184,4184,166,%,A,113,2,"{C And so }  bas-, - /","And/CC so/RB bas-/XX ,/,","(S-UNF (CONJP (CC And) (RB so)) (ADVP-UNF (XX bas-)) (, ,) (-DFL- N_S))",257
sw05utt/sw_0515_4184.utt,4/sw4184,4184,167,sd,A,113,3,now it's like ferrets are outlawed in the town. /,now/RB  [ it/PRP ] [ 's/BES ] like/IN  [ ferrets/NNS ] are/VBP outlawed/VBN in/IN  [ the/DT town/NN ] ./.,(S (ADVP-TMP (RB now)) (NP-SBJ (PRP it)) (VP (BES 's) (SBAR-PRD (IN like) (S (NP-SBJ-1 (NNS ferrets)) (VP (VBP are) (VP (VBN outlawed) (NP (-NONE- *-1)) (PP-LOC (IN in) (NP (DT the) (NN town)))))))) (. .) (-DFL- E_S)),258
sw05utt/sw_0515_4184.utt,4/sw4184,4184,168,qy,B,114,1,"{F Oh, } did it attack the child, then? /","Oh/UH ,/, did/VBD  [ it/PRP ] attack/VB  [ the/DT child/NN ] ,/, then/RB ?/.","(SQ (INTJ (UH Oh)) (, ,) (VBD did) (NP-SBJ (PRP it)) (VP (VB attack) (NP (DT the) (NN child)) (, ,) (ADVP (RB then))) (. ?) (-DFL- E_S))",260
sw05utt/sw_0515_4184.utt,4/sw4184,4184,169,ny,A,115,1,"Yeah,  /","Yeah/UH ,/,","(INTJ (UH Yeah) (, ,) (-DFL- E_S))",262
sw05utt/sw_0515_4184.utt,4/sw4184,4184,170,sd^e,A,115,2,"[ it, + it ] bit him. /","[ it/PRP ] ,/,  [ it/PRP ] bit/VBD  [ him/PRP ] ./.","(S (EDITED (RM (-DFL- \[)) (NP-SBJ (PRP it)) (, ,) (IP (-DFL- \+))) (NP-SBJ (PRP it)) (RS (-DFL- \])) (VP (VBD bit) (NP (PRP him))) (. .) (-DFL- E_S))",263
sw05utt/sw_0515_4184.utt,4/sw4184,4184,171,b,B,116,1,Uh-huh. /,[ Uh-huh/UH ] ./.,(INTJ (UH Uh-huh) (. .) (-DFL- E_S)),249
sw05utt/sw_0515_4184.utt,4/sw4184,4184,172,sv,A,117,1,"{C And } [ that was, + that was ] not a good thing,  /","And/CC  [ that/DT ] was/VBD ,/,  [ that/DT ] was/VBD not/RB  [ a/DT good/JJ thing/NN ] ,/,","(S (CC And) (EDITED (RM (-DFL- \[)) (S (NP-SBJ (DT that)) (VP-UNF (VBD was))) (, ,) (IP (-DFL- \+))) (NP-SBJ (DT that)) (VP (VBD was) (RS (-DFL- \])) (RB not) (NP-PRD (DT a) (JJ good) (NN thing))) (, ,) (-DFL- E_S))",267
sw05utt/sw_0515_4184.utt,4/sw4184,4184,173,sv,A,117,2,"{C but } I think it was probably [ a, + an ] individual ferret thing,  because  [ it was f-, + it was a fairly ] wild ferret. /","but/CC  [ I/PRP ] think/VBP  [ it/PRP ] was/VBD probably/RB  [ a/DT ] ,/,  [ an/DT individual/JJ ferret/NN thing/NN ] ,/, because/IN  [ it/PRP ] was/VBD  [ f-/XX ] ,/,  [ it/PRP ] was/VBD  [ a/DT ] fairly/RB  [ wild/JJ ferret/NN ] ./.","(S (CC but) (NP-SBJ (PRP I)) (VP (VBP think) (SBAR (-NONE- 0) (S (NP-SBJ (PRP it)) (VP (VBD was) (ADVP (RB probably)) (EDITED (RM (-DFL- \[)) (NP-PRD-UNF (DT a)) (, ,) (IP (-DFL- \+))) (NP-PRD (DT an) (RS (-DFL- \])) (JJ individual) (NN ferret) (NN thing))))) (, ,) (SBAR-PRP (IN because) (S (EDITED (RM (-DFL- \[)) (S (NP-SBJ (PRP it)) (VP (VBD was) (ADJP-PRD-UNF (XX f-)))) (, ,) (IP (-DFL- \+))) (NP-SBJ (PRP it)) (VP (VBD was) (NP-PRD (DT a) (ADJP (RB fairly) (RS (-DFL- \])) (JJ wild)) (NN ferret)))))) (. .) (-DFL- E_S))",268
sw05utt/sw_0515_4184.utt,4/sw4184,4184,174,sv,B,118,1,"{D Well, } [ the -- +","Well/UH ,/,  [ the/DT ] --/:","(S (INTJ (UH Well)) (, ,) (EDITED (RM (-DFL- \[)) (NP-SBJ-UNF (DT the)) (IP (-DFL- \+))) (NP-SBJ (NP (DT the) (RS (-DFL- \])) (NNS people)) (SBAR (WHNP-1 (WDT that)) (S (NP-SBJ (-NONE- *T*-1)) (VP (VBD owned) (NP (PRP him)))))) (VP (MD should) (VP (VB have) (VP (VBN been) (PP-PRD (IN on) (NP (DT the) (NN lookout))) (PP (IN for) (NP (DT that)))))) (. .) (-DFL- E_S))",270
sw05utt/sw_0515_4184.utt,4/sw4184,4184,175,%,A,119,1,"[ Hadn't, + they hadn't, ] -/","Had/VBD n't/RB ,/,  [ they/PRP ] had/VBD n't/RB ,/,","(S (EDITED (RM (-DFL- \[)) (SQ (VBD Had) (RB n't)) (, ,) (IP (-DFL- \+))) (NP-SBJ (PRP they)) (VP-UNF (VBD had) (RB n't)) (, ,) (RS (-DFL- \])) (-DFL- N_S))",272
sw05utt/sw_0515_4184.utt,4/sw4184,4184,176,+,B,120,1,-- the ] people that owned him should have been on the --,--/:  [ the/DT people/NNS ] [ that/WDT ] owned/VBD  [ him/PRP ] should/MD have/VB been/VBN on/IN  [ the/DT ] --/:,"(S (INTJ (UH Well)) (, ,) (EDITED (RM (-DFL- \[)) (NP-SBJ-UNF (DT the)) (IP (-DFL- \+))) (NP-SBJ (NP (DT the) (RS (-DFL- \])) (NNS people)) (SBAR (WHNP-1 (WDT that)) (S (NP-SBJ (-NONE- *T*-1)) (VP (VBD owned) (NP (PRP him)))))) (VP (MD should) (VP (VB have) (VP (VBN been) (PP-PRD (IN on) (NP (DT the) (NN lookout))) (PP (IN for) (NP (DT that)))))) (. .) (-DFL- E_S))",270
sw05utt/sw_0515_4184.utt,4/sw4184,4184,177,b,A,121,1,"Yeah,  /","[ Yeah/UH ] ,/,","(INTJ (UH Yeah) (, ,) (-DFL- E_S))",262
sw05utt/sw_0515_4184.utt,4/sw4184,4184,178,%,A,121,2,# {E I mean } # --,[ I/PRP ] mean/VBP --/:,"(S (PRN (S (NP-SBJ (PRP I)) (VP (VBP mean))) (, ,)) (NP-SBJ (DT these) (NNS people)) (VP (VBD had) (VP (VBN left) (NP (DT this) (NN infant)) (PP-LOC (IN in) (NP (DT the) (JJ same) (NN room))) (PP (IN with) (NP (DT this) (JJ loose) (NN ferret))))) (. .) (-DFL- E_S))",251
sw05utt/sw_0515_4184.utt,4/sw4184,4184,179,+,B,122,1,-- # lookout for that. # /,--/:  [ lookout/NN ] for/IN  [ that/DT ] ./.,"(S (INTJ (UH Well)) (, ,) (EDITED (RM (-DFL- \[)) (NP-SBJ-UNF (DT the)) (IP (-DFL- \+))) (NP-SBJ (NP (DT the) (RS (-DFL- \])) (NNS people)) (SBAR (WHNP-1 (WDT that)) (S (NP-SBJ (-NONE- *T*-1)) (VP (VBD owned) (NP (PRP him)))))) (VP (MD should) (VP (VB have) (VP (VBN been) (PP-PRD (IN on) (NP (DT the) (NN lookout))) (PP (IN for) (NP (DT that)))))) (. .) (-DFL- E_S))",270
sw05utt/sw_0515_4184.utt,4/sw4184,4184,180,+,A,123,1,"-- they really [ should have, + should have  ] expected it.","--/:  [ they/PRP ] really/RB should/MD have/VB ,/, should/MD have/VB expected/VBN  [ it/PRP ] ./.","(S (PRN (S (NP-SBJ (PRP I)) (VP (VBP mean)))) (NP-SBJ (PRP they)) (ADVP (RB really)) (EDITED (RM (-DFL- \[)) (VP (MD should) (VP-UNF (VB have))) (, ,) (IP (-DFL- \+))) (VP (MD should) (VP (VB have) (RS (-DFL- \])) (VP (VP (VBN expected) (NP (PRP it))) (. .) (CC And) (VP (VBN taken) (NP (DT the) (NNS precautions)))))) (. .) (-DFL- E_S))",276
sw05utt/sw_0515_4184.utt,4/sw4184,4184,181,b@,B,124,1,{F Um. }   *[[slash error]],Um/UH ./.,"(INTJ (INTJ (UH Um)) (. .) (INTJ (UH Sure)) (, ,) (-DFL- E_S))",280
sw05utt/sw_0515_4184.utt,4/sw4184,4184,182,+,A,125,1,{C And } taken the precautions.  /,And/CC taken/VBN  [ the/DT precautions/NNS ] ./.,"(S (PRN (S (NP-SBJ (PRP I)) (VP (VBP mean)))) (NP-SBJ (PRP they)) (ADVP (RB really)) (EDITED (RM (-DFL- \[)) (VP (MD should) (VP-UNF (VB have))) (, ,) (IP (-DFL- \+))) (VP (MD should) (VP (VB have) (RS (-DFL- \])) (VP (VP (VBN expected) (NP (PRP it))) (. .) (CC And) (VP (VBN taken) (NP (DT the) (NNS precautions)))))) (. .) (-DFL- E_S))",276
sw05utt/sw_0515_4184.utt,4/sw4184,4184,183,sd,A,125,2,They didn't. /,[ They/PRP ] did/VBD n't/RB ./.,(S (NP-SBJ (PRP They)) (VP (VBD did) (RB n't)) (. .) (-DFL- E_S)),282
sw05utt/sw_0515_4184.utt,4/sw4184,4184,184,+,B,126,1,"Sure,  /","Sure/UH ,/,","(INTJ (INTJ (UH Um)) (. .) (INTJ (UH Sure)) (, ,) (-DFL- E_S))",280
sw05utt/sw_0515_4184.utt,4/sw4184,4184,185,aa,B,126,2,yeah. /,yeah/UH ./.,(INTJ (UH yeah) (. .) (-DFL- E_S)),284
sw05utt/sw_0515_4184.utt,4/sw4184,4184,186,sv,A,127,1,"It's too bad it happened, though. /","[ It/PRP ] 's/BES too/RB bad/JJ  [ it/PRP ] happened/VBD ,/, though/RB ./.","(S (NP-SBJ (NP (PRP It)) (SBAR (-NONE- *EXP*-1))) (VP (BES 's) (ADJP-PRD (RB too) (JJ bad)) (SBAR-1 (-NONE- 0) (S (NP-SBJ (PRP it)) (VP (VBD happened)))) (, ,) (ADVP (RB though))) (. .) (-DFL- E_S))",286
sw05utt/sw_0515_4184.utt,4/sw4184,4184,187,aa,B,128,1,"Yeah,  /","Yeah/UH ,/,","(INTJ (UH Yeah) (, ,) (-DFL- E_S))",275
sw05utt/sw_0515_4184.utt,4/sw4184,4184,188,sd,B,128,2,"{C because } then [ the, + the  ] animal's in trouble, and not the person. /","because/RB then/RB  [ the/DT ] ,/,  [ the/DT animal/NN ] 's/BES in/IN  [ trouble/NN ] ,/, and/CC not/RB  [ the/DT person/NN ] ./.","(SBAR-PRP (RB because) (S (ADVP (RB then)) (EDITED (RM (-DFL- \[)) (NP-SBJ-UNF (DT the)) (, ,) (IP (-DFL- \+))) (NP-SBJ (NP (DT the) (RS (-DFL- \])) (NN animal)) (NAC (-NONE- *ICH*-1))) (VP (BES 's) (PP-PRD (IN in) (NP (NN trouble))) (, ,) (NAC-1 (CC and) (RB not) (NP (DT the) (NN person))))) (. .) (-DFL- E_S))",289
sw05utt/sw_0515_4184.utt,4/sw4184,4184,189,aa,A,129,1,Right. /,[ Right/UH ] ./.,(INTJ (UH Right) (. .) (-DFL- E_S)),291
