swda_filename,ptb_basename,conversation_no,transcript_index,act_tag,caller,utterance_index,subutterance_index,text,pos,trees,ptb_treenumbers
sw05utt/sw_0551_3155.utt,3/sw3155,3155,0,sd,A,1,1,"I really haven't seen any movies lately,  /","[ I/PRP ] really/RB have/VBP n't/RB seen/VBN  [ any/DT movies/NNS ] lately/RB ,/,","(S (NP-SBJ (PRP I)) (ADVP (RB really)) (VP (VBP have) (RB n't) (VP (VBN seen) (NP (DT any) (NNS movies)) (ADVP-TMP (RB lately)))) (, ,) (-DFL- E_S))",1
sw05utt/sw_0551_3155.utt,3/sw3155,3155,1,sd^t,A,1,2,"{C so } when the computer picked this one, I was a little bit surprised,  /","so/RB when/WRB  [ the/DT computer/NN ] picked/VBD  [ this/DT ] [ one/NN ] ,/,  [ I/PRP ] was/VBD  [ a/DT little/JJ bit/NN ] surprised/JJ ,/,","(S (RB so) (SBAR-TMP (WHADVP-1 (WRB when)) (S (NP-SBJ (DT the) (NN computer)) (VP (VBD picked) (NP (DT this) (NN one)) (ADVP-TMP (-NONE- *T*-1))))) (, ,) (NP-SBJ (PRP I)) (VP (VBD was) (ADJP-PRD (NP-ADV (DT a) (JJ little) (NN bit)) (JJ surprised))) (, ,) (-DFL- E_S))",2
sw05utt/sw_0551_3155.utt,3/sw3155,3155,2,sd,A,1,3,"{C but, } I think I haven't been to the movie theater here in about, {F oh, } six months,  /","but/CC ,/,  [ I/PRP ] think/VBP  [ I/PRP ] have/VBP n't/RB been/VBN to/IN  [ the/DT movie/NN theater/NN ] here/RB in/IN about/RB ,/, oh/UH ,/,  [ six/CD months/NNS ] ,/,","(S (CC but) (, ,) (NP-SBJ (PRP I)) (VP (VBP think) (SBAR (-NONE- 0) (S (NP-SBJ (PRP I)) (VP (VBP have) (RB n't) (VP (VBN been) (PP-DIR-PRD (IN to) (NP (NP (DT the) (NN movie) (NN theater)) (ADVP-LOC (RB here)))) (PP-TMP (IN in) (NP (QP (RB about) (, ,) (INTJ (UH oh)) (, ,) (CD six)) (NNS months)))))))) (, ,) (-DFL- E_S))",3
sw05utt/sw_0551_3155.utt,3/sw3155,3155,3,sd,A,1,4,"{C but, } {F uh, } {D you know, } the last movies that  I've seen <baby_crying> were probably on video.  /","but/CC ,/,  [ uh/UH ] ,/,  [ you/PRP ] know/VBP ,/,  [ the/DT last/JJ movies/NNS ] that/WDT  [ I/PRP ] 've/VBP seen/VBN were/VBD probably/RB on/IN  [ video/NN ] ./.","(S (CC but) (, ,) (INTJ (UH uh)) (PRN (, ,) (S (NP-SBJ (PRP you)) (VP (VBP know))) (, ,)) (NP-SBJ (NP (DT the) (JJ last) (NNS movies)) (SBAR (WHNP-1 (WDT that)) (S (NP-SBJ (PRP I)) (VP (VBP 've) (VP (VBN seen) (NP (-NONE- *T*-1))))))) (VP (VBD were) (ADVP (RB probably)) (PP-PRD (IN on) (NP (NN video)))) (. .) (-DFL- E_S))",4
sw05utt/sw_0551_3155.utt,3/sw3155,3155,4,%,B,2,1,"{F Oh, } {D well } that's, - /","Oh/UH ,/, well/UH  [ that/DT ] 's/BES ,/,","(S (INTJ (UH Oh)) (, ,) (INTJ (UH well)) (NP-SBJ (DT that)) (VP-UNF (BES 's)) (, ,) (-DFL- N_S))",6
sw05utt/sw_0551_3155.utt,3/sw3155,3155,5,sd,B,2,2,we rent a lot of videos --,[ we/PRP ] rent/VBP  [ a/DT lot/NN ] of/IN  [ videos/NNS ] --/:,(S (NP-SBJ (PRP we)) (VP (VBP rent) (NP (NP (DT a) (NN lot)) (PP (IN of) (NP (NNS videos)))) (ADVP (RB too))) (. .) (-DFL- E_S)),7
sw05utt/sw_0551_3155.utt,3/sw3155,3155,6,b,A,3,1,Yeah <baby_crying>. /,Yeah/UH ./.,(INTJ (UH Yeah) (. .) (-DFL- E_S)),9
sw05utt/sw_0551_3155.utt,3/sw3155,3155,7,+,B,4,1,-- too.  /,--/: too/RB ./.,(S (NP-SBJ (PRP we)) (VP (VBP rent) (NP (NP (DT a) (NN lot)) (PP (IN of) (NP (NNS videos)))) (ADVP (RB too))) (. .) (-DFL- E_S)),7
sw05utt/sw_0551_3155.utt,3/sw3155,3155,8,sd,B,4,2,"{F Uh, }  we saw, - /","[ Uh/UH ] ,/,  [ we/PRP ] saw/VBD ,/,","(S (INTJ (UH Uh)) (, ,) (NP-SBJ (PRP we)) (VP-UNF (VBD saw)) (, ,) (-DFL- N_S))",11
sw05utt/sw_0551_3155.utt,3/sw3155,3155,9,sd,B,4,3,I have two little babies  /,[ I/PRP ] have/VBP  [ two/CD little/JJ babies/NNS ],(S (NP-SBJ (PRP I)) (VP (VBP have) (NP (CD two) (JJ little) (NNS babies))) (-DFL- E_S)),12
sw05utt/sw_0551_3155.utt,3/sw3155,3155,10,sd,B,4,4,{C and } we saw  one movie recently  /,and/CC  [ we/PRP ] saw/VBD  [ one/NN ] [ movie/NN ] recently/RB,(S (CC and) (NP-SBJ (PRP we)) (VP (VBD saw) (NP (NN one) (NN movie)) (ADVP-TMP (RB recently))) (-DFL- E_S)),13
sw05utt/sw_0551_3155.utt,3/sw3155,3155,11,sd,B,4,5,{C and } that was THE TERMINATOR --,and/CC  [ that/DT ] was/VBD  [ THE/DT TERMINATOR/NN ] --/:,"(S (CC and) (NP-SBJ (DT that)) (VP (VBD was) (NP-PRD (NP (NX-TTL (DT THE) (NN TERMINATOR)) (NN movie)) (, ,) (INTJ (UH uh)) (, ,) (SBAR (WHNP-1 (WDT which)) (S (NP-SBJ (PRP I)) (VP (VBD did) (RB n't) (VP (VB like) (NP (-NONE- *T*-1)) (PP (IN after) (NP (DT all))))))))) (. .) (-DFL- E_S))",14
sw05utt/sw_0551_3155.utt,3/sw3155,3155,12,b,A,5,1,Uh-huh. /,[ Uh-huh/UH ] ./.,(INTJ (UH Uh-huh) (. .) (-DFL- E_S)),16
sw05utt/sw_0551_3155.utt,3/sw3155,3155,13,+,B,6,1,"-- movie, {F uh, } which I didn't like (( after all )) . /","--/:  [ movie/NN ] ,/,  [ uh/UH ] ,/,  [ which/WDT ] [ I/PRP ] did/VBD n't/RB like/VB after/IN  [ all/DT ] ./.","(S (CC and) (NP-SBJ (DT that)) (VP (VBD was) (NP-PRD (NP (NX-TTL (DT THE) (NN TERMINATOR)) (NN movie)) (, ,) (INTJ (UH uh)) (, ,) (SBAR (WHNP-1 (WDT which)) (S (NP-SBJ (PRP I)) (VP (VBD did) (RB n't) (VP (VB like) (NP (-NONE- *T*-1)) (PP (IN after) (NP (DT all))))))))) (. .) (-DFL- E_S))",14
sw05utt/sw_0551_3155.utt,3/sw3155,3155,14,b,A,7,1,"Yeah,  /","Yeah/UH ,/,","(INTJ (UH Yeah) (, ,) (-DFL- E_S))",19
sw05utt/sw_0551_3155.utt,3/sw3155,3155,15,sd,A,7,2,"now [ I ha-, + I haven't ] seen THE TERMINATOR movie,  /","now/RB  [ I/PRP ha/VBP ] ,/,  [ I/PRP ] have/VBP n't/RB seen/VBN  [ THE/DT TERMINATOR/NN movie/NN ] ,/,","(S (EDITED (INTJ (RB now)) (RM (-DFL- \[)) (S (NP-SBJ (PRP I)) (VP-UNF (VBP ha-))) (, ,) (IP (-DFL- \+))) (NP-SBJ (PRP I)) (VP (VBP have) (RB n't) (RS (-DFL- \])) (VP (VBN seen) (NP (NX-TTL (DT THE) (NN TERMINATOR)) (NN movie)))) (, ,) (-DFL- E_S))",20
sw05utt/sw_0551_3155.utt,3/sw3155,3155,16,qy^g,A,7,3,"[ {C but, } +  {C and } ] that's kind of blood and guts, isn't it.  /","but/CC ,/, and/CC  [ that/DT ] 's/BES  [ kind/RB ] of/RB  [ blood/NN ] and/CC  [ guts/NNS ] ,/, is/VBZ n't/RB  [ it/PRP ] ./.","(SQ (S (EDITED (RM (-DFL- \[)) (CC but) (, ,) (IP (-DFL- \+))) (CC and) (RS (-DFL- \])) (NP-SBJ (DT that)) (VP (BES 's) (ADVP (RB kind) (RB of)) (NP-PRD (NN blood) (CC and) (NNS guts)))) (, ,) (SQ (VBZ is) (RB n't) (NP-SBJ (PRP it))) (. .) (-DFL- E_S))",21
sw05utt/sw_0551_3155.utt,3/sw3155,3155,17,sd,A,7,4,I don't particularly care for that sort of stuff. /,[ I/PRP ] do/VBP n't/RB particularly/RB care/VB for/IN  [ that/DT sort/NN ] of/IN  [ stuff/NN ] ./.,(S (NP-SBJ (PRP I)) (VP (VBP do) (RB n't) (ADVP (RB particularly)) (VP (VB care) (PP (IN for) (NP (NP (DT that) (NN sort)) (PP (IN of) (NP (NN stuff))))))) (. .) (-DFL- E_S)),22
sw05utt/sw_0551_3155.utt,3/sw3155,3155,18,aa,B,8,1,"{D Well, } I don't either.  /","Well/UH ,/,  [ I/PRP ] do/VBP n't/RB either/RB ./.","(S (INTJ (UH Well)) (, ,) (NP-SBJ (PRP I)) (VP (VBP do) (RB n't) (ADVP (RB either))) (. .) (-DFL- E_S))",24
sw05utt/sw_0551_3155.utt,3/sw3155,3155,19,%,B,8,2,"It, - /","[ It/PRP ] ,/,","(S-UNF (NP-SBJ (PRP It)) (, ,) (-DFL- N_S))",25
sw05utt/sw_0551_3155.utt,3/sw3155,3155,20,sd,B,8,3,"on all [ the, + the  ] advertisements Arnold Schwarzenegger says he doesn't kill anybody in the movie.  /","on/IN  [ all/PDT the/DT ] ,/,  [ the/DT advertisements/NNS Arnold/NNP Schwarzenegger/NNP ] says/VBZ  [ he/PRP ] does/VBZ n't/RB kill/VB  [ anybody/NN ] in/IN  [ the/DT movie/NN ] ./.","(S (PP (IN on) (NP (PDT all) (EDITED (RM (-DFL- \[)) (DT the) (, ,) (IP (-DFL- \+))) (DT the) (RS (-DFL- \])) (NNS advertisements))) (NP-SBJ (NNP Arnold) (NNP Schwarzenegger)) (VP (VBZ says) (SBAR (-NONE- 0) (S (NP-SBJ (PRP he)) (VP (VBZ does) (RB n't) (VP (VB kill) (NP (NN anybody)) (PP (IN in) (NP (DT the) (NN movie)))))))) (. .) (-DFL- E_S))",26
sw05utt/sw_0551_3155.utt,3/sw3155,3155,21,sd,B,8,4,He doesn't.  /,[ He/PRP ] does/VBZ n't/RB ./.,(S (NP-SBJ (PRP He)) (VP (VBZ does) (RB n't)) (. .) (-DFL- E_S)),27
sw05utt/sw_0551_3155.utt,3/sw3155,3155,22,sd,B,8,5,He maims them <laughter>. /,[ He/PRP ] maims/VBZ  [ them/PRP ] ./.,(S (NP-SBJ (PRP He)) (VP (VBZ maims) (NP (PRP them))) (. .) (-DFL- E_S)),28
sw05utt/sw_0551_3155.utt,3/sw3155,3155,23,aa,A,9,1,"<Laughter> Yeah,  /","Yeah/UH ,/,","(INTJ (UH Yeah) (, ,) (-DFL- E_S))",19
sw05utt/sw_0551_3155.utt,3/sw3155,3155,24,aa,A,9,2,right. /,right/UH ./.,(INTJ (UH right) (. .) (-DFL- E_S)),31
sw05utt/sw_0551_3155.utt,3/sw3155,3155,25,%,B,10,1,"{D So, } /","So/UH ,/,","(INTJ (UH So) (, ,) (-DFL- E_S))",33
sw05utt/sw_0551_3155.utt,3/sw3155,3155,26,b,A,11,1,"Yeah,  /","Yeah/UH ,/,","(INTJ (UH Yeah) (, ,) (-DFL- E_S))",19
sw05utt/sw_0551_3155.utt,3/sw3155,3155,27,qy^g,A,11,2,"he maims them pretty good, doesn't he? /","[ he/PRP ] maims/VBZ  [ them/PRP ] pretty/RB good/JJ ,/, does/VBZ n't/RB  [ he/PRP ] ?/.","(SQ (S (NP-SBJ (PRP he)) (VP (VBZ maims) (NP (PRP them)) (ADVP-MNR (RB pretty) (JJ good)))) (, ,) (SQ (VBZ does) (RB n't) (NP-SBJ (PRP he))) (. ?) (-DFL- E_S))",36
sw05utt/sw_0551_3155.utt,3/sw3155,3155,28,ny,B,12,1,Uh-huh.  /,[ Uh-huh/UH ] ./.,(INTJ (UH Uh-huh) (. .) (-DFL- E_S)),16
sw05utt/sw_0551_3155.utt,3/sw3155,3155,29,sd,B,12,2,"[ [ He, + he,  ] + {F uh, } I think he  ] shoots off their knee caps for the most part.","[ He/PRP ] ,/,  [ he/PRP ] ,/,  [ uh/UH ] ,/,  [ I/PRP ] think/VBP  [ he/PRP ] shoots/VBZ off/IN  [ their/PRP$ knee/NN caps/NNS ] for/IN  [ the/DT most/JJS part/NN ] ./.","(S (EDITED (RM (-DFL- \[)) (EDITED (RM (-DFL- \[)) (NP-SBJ (PRP He)) (, ,) (IP (-DFL- \+))) (NP-SBJ (PRP he)) (, ,) (RS (-DFL- \])) (IP (-DFL- \+))) (INTJ (UH uh)) (, ,) (NP-SBJ (PRP I)) (VP (VBP think) (SBAR (-NONE- 0) (S (NP-SBJ (PRP he)) (RS (-DFL- \])) (VP (VBZ shoots) (PRT (IN off)) (NP (PRP$ their) (NN knee) (NNS caps)) (PP (IN for) (NP (DT the) (JJS most) (NN part))) (. .) (PP (IN In) (NP (DT the) (NN movie))))))) (. .) (-DFL- E_S))",39
sw05utt/sw_0551_3155.utt,3/sw3155,3155,30,aa,A,13,1,Yeah. /,Yeah/UH ./.,(INTJ (UH Yeah) (. .) (-DFL- E_S)),9
sw05utt/sw_0551_3155.utt,3/sw3155,3155,31,+,B,14,1,In the movie. /,In/IN  [ the/DT movie/NN ] ./.,"(S (EDITED (RM (-DFL- \[)) (EDITED (RM (-DFL- \[)) (NP-SBJ (PRP He)) (, ,) (IP (-DFL- \+))) (NP-SBJ (PRP he)) (, ,) (RS (-DFL- \])) (IP (-DFL- \+))) (INTJ (UH uh)) (, ,) (NP-SBJ (PRP I)) (VP (VBP think) (SBAR (-NONE- 0) (S (NP-SBJ (PRP he)) (RS (-DFL- \])) (VP (VBZ shoots) (PRT (IN off)) (NP (PRP$ their) (NN knee) (NNS caps)) (PP (IN for) (NP (DT the) (JJS most) (NN part))) (. .) (PP (IN In) (NP (DT the) (NN movie))))))) (. .) (-DFL- E_S))",39
sw05utt/sw_0551_3155.utt,3/sw3155,3155,32,b,A,15,1,Uh-huh. /,[ Uh-huh/UH ] ./.,(INTJ (UH Uh-huh) (. .) (-DFL- E_S)),16
sw05utt/sw_0551_3155.utt,3/sw3155,3155,33,%,B,16,1,{D So. } /,So/UH ./.,(INTJ (UH So) (. .) (-DFL- E_S)),46
sw05utt/sw_0551_3155.utt,3/sw3155,3155,34,sd,A,17,1,"[ I, + I ] saw, {F uh, } SLEEPING WITH THE ENEMY.  /","[ I/PRP ] ,/,  [ I/PRP ] saw/VBD ,/,  [ uh/UH ] ,/,  [ SLEEPING/VBG ] WITH/IN  [ THE/DT ENEMY/NN ] ./.","(S (EDITED (RM (-DFL- \[)) (NP-SBJ (PRP I)) (, ,) (IP (-DFL- \+))) (NP-SBJ (PRP I)) (RS (-DFL- \])) (VP (VBD saw) (, ,) (INTJ (UH uh)) (, ,) (VP-TTL (VBG SLEEPING) (PP (IN WITH) (NP (DT THE) (NN ENEMY))))) (. .) (-DFL- E_S))",48
sw05utt/sw_0551_3155.utt,3/sw3155,3155,35,sd,A,17,2,"{F Uh, }","[ Uh/UH ] ,/,","(S (INTJ (UH Uh)) (, ,) (INTJ (UH Uh)) (, ,) (NP-SBJ (PRP I)) (VP (VBD saw) (NP (PRP it)) (, ,) (INTJ (UH uh))) (, ,) (-DFL- E_S))",49
sw05utt/sw_0551_3155.utt,3/sw3155,3155,36,sd,B,18,1,"{F Oh, } I haven't seen that one yet. /","Oh/UH ,/,  [ I/PRP ] have/VBP n't/RB seen/VBN that/DT  [ one/NN ] yet/RB ./.","(S (INTJ (UH Oh)) (, ,) (NP-SBJ (PRP I)) (VP (VBP have) (RB n't) (VP (VBN seen) (NP (DT that) (NN one)) (ADVP-TMP (RB yet)))) (. .) (-DFL- E_S))",51
sw05utt/sw_0551_3155.utt,3/sw3155,3155,37,+,A,19,1,"{F Uh, } I saw it, {F uh, }  /","[ Uh/UH ] ,/,  [ I/PRP ] saw/VBD  [ it/PRP ] ,/,  [ uh/UH ] ,/,","(S (INTJ (UH Uh)) (, ,) (INTJ (UH Uh)) (, ,) (NP-SBJ (PRP I)) (VP (VBD saw) (NP (PRP it)) (, ,) (INTJ (UH uh))) (, ,) (-DFL- E_S))",49
sw05utt/sw_0551_3155.utt,3/sw3155,3155,38,sd,A,19,2,"{F oh, } couple weeks ago I rented it and, {F uh, } <lipsmack> watched it  /","oh/UH ,/,  [ couple/NN weeks/NNS ] ago/RB  [ I/PRP ] rented/VBD  [ it/PRP ] and/CC ,/,  [ uh/UH ] ,/, watched/VBD  [ it/PRP ]","(S (INTJ (UH oh)) (, ,) (ADVP-TMP (NP (NN couple) (NNS weeks)) (RB ago)) (NP-SBJ (PRP I)) (VP (VP (VBD rented) (NP (PRP it))) (CC and) (, ,) (INTJ (UH uh)) (, ,) (VP (VBD watched) (NP (PRP it)))) (-DFL- E_S))",53
sw05utt/sw_0551_3155.utt,3/sw3155,3155,39,sd,A,19,3,"{C and } [ I was, + I was  ] pretty disappointed in it  /","and/CC  [ I/PRP ] was/VBD ,/,  [ I/PRP ] was/VBD pretty/RB disappointed/JJ in/IN  [ it/PRP ]","(S (CC and) (EDITED (RM (-DFL- \[)) (S (NP-SBJ (PRP I)) (VP-UNF (VBD was))) (, ,) (IP (-DFL- \+))) (NP-SBJ (PRP I)) (VP (VBD was) (RS (-DFL- \])) (ADJP-PRD (RB pretty) (JJ disappointed) (PP (IN in) (NP (PRP it)))) (-DFL- E_S) (SBAR-PRP (IN because) (S (EDITED (RM (-DFL- \[)) (NP-SBJ (PRP I)) (, ,) (IP (-DFL- \+))) (NP-SBJ-1 (PRP I)) (RS (-DFL- \])) (VP (VBD was) (VP (VBN told) (NP (-NONE- *-1)) (PP (IN by) (NP-LGS (JJ several) (NNS people))) (SBAR (IN that) (S (NP-SBJ (PRP it)) (VP (BES 's) (ADJP-PRD (RB pretty) (JJ scary) (CC and) (JJ intense)))))))))) (-DFL- E_S))",54
sw05utt/sw_0551_3155.utt,3/sw3155,3155,40,sd,A,19,4,"{C because } [ I, + I  ] was told by several people that it's pretty scary and intense -- /","because/IN  [ I/PRP ] ,/,  [ I/PRP ] was/VBD told/VBN by/IN  [ several/JJ people/NNS ] that/IN  [ it/PRP ] 's/BES pretty/RB scary/JJ and/CC  [ intense/JJ ] --/:","(S (CC and) (EDITED (RM (-DFL- \[)) (S (NP-SBJ (PRP I)) (VP-UNF (VBD was))) (, ,) (IP (-DFL- \+))) (NP-SBJ (PRP I)) (VP (VBD was) (RS (-DFL- \])) (ADJP-PRD (RB pretty) (JJ disappointed) (PP (IN in) (NP (PRP it)))) (-DFL- E_S) (SBAR-PRP (IN because) (S (EDITED (RM (-DFL- \[)) (NP-SBJ (PRP I)) (, ,) (IP (-DFL- \+))) (NP-SBJ-1 (PRP I)) (RS (-DFL- \])) (VP (VBD was) (VP (VBN told) (NP (-NONE- *-1)) (PP (IN by) (NP-LGS (JJ several) (NNS people))) (SBAR (IN that) (S (NP-SBJ (PRP it)) (VP (BES 's) (ADJP-PRD (RB pretty) (JJ scary) (CC and) (JJ intense)))))))))) (-DFL- E_S))",54
sw05utt/sw_0551_3155.utt,3/sw3155,3155,41,b,B,20,1,Uh-huh. /,[ Uh-huh/UH ] ./.,(INTJ (UH Uh-huh) (. .) (-DFL- E_S)),38
sw05utt/sw_0551_3155.utt,3/sw3155,3155,42,sd,A,21,1,-- {C and } I was pretty disappointed in it. /,--/: and/CC  [ I/PRP ] was/VBD pretty/RB disappointed/JJ in/IN  [ it/PRP ] ./.,(S (CC and) (NP-SBJ (PRP I)) (VP (VBD was) (ADJP-PRD (RB pretty) (JJ disappointed) (PP (IN in) (NP (PRP it))))) (. .) (-DFL- E_S)),58
sw05utt/sw_0551_3155.utt,3/sw3155,3155,43,b,B,22,1,Oh. /,Oh/UH ./.,(INTJ (UH Oh) (. .) (-DFL- E_S)),60
sw05utt/sw_0551_3155.utt,3/sw3155,3155,44,sd,A,23,1,"{D Now } it's a good movie,  /","Now/UH  [ it/PRP ] 's/BES  [ a/DT good/JJ movie/NN ] ,/,","(S (INTJ (UH Now)) (NP-SBJ (PRP it)) (VP (BES 's) (NP-PRD (DT a) (JJ good) (NN movie))) (, ,) (-DFL- E_S))",62
sw05utt/sw_0551_3155.utt,3/sw3155,3155,45,sd,A,23,2,"{C but, } I guess that they built me up too much.","but/CC ,/,  [ I/PRP ] guess/VBP that/IN  [ they/PRP ] built/VBD  [ me/PRP ] up/RP too/RB much/JJ ./.","(S (CC but) (, ,) (NP-SBJ (PRP I)) (VP (VBP guess) (SBAR (IN that) (S (NP-SBJ (PRP they)) (VP (VBD built) (NP (PRP me)) (PRT (RP up)) (ADVP (RB too) (JJ much)) (. .) (PP (IN For) (NP (NP (PRP$ my) (NNS expectations)) (PP (IN in) (NP (PRP it))))) (ADVP (RB there)))))) (. .) (-DFL- E_S))",63
sw05utt/sw_0551_3155.utt,3/sw3155,3155,46,b,B,24,1,"Yeah,  /","Yeah/UH ,/,","(INTJ (UH Yeah) (, ,) (-DFL- E_S))",65
sw05utt/sw_0551_3155.utt,3/sw3155,3155,47,%,B,24,2,"{D well, }","well/UH ,/,","(FRAG (INTJ (UH well)) (, ,) (PP (IN With) (NP (NP (PDT all) (DT the) (NNS commercials)) (CC and) (NP (NN everything)))) (. .) (-DFL- E_S))",66
sw05utt/sw_0551_3155.utt,3/sw3155,3155,48,+,A,25,1,For my expectations in it there. /,For/IN  [ my/PRP$ expectations/NNS ] in/IN  [ it/PRP ] there/RB ./.,"(S (CC but) (, ,) (NP-SBJ (PRP I)) (VP (VBP guess) (SBAR (IN that) (S (NP-SBJ (PRP they)) (VP (VBD built) (NP (PRP me)) (PRT (RP up)) (ADVP (RB too) (JJ much)) (. .) (PP (IN For) (NP (NP (PRP$ my) (NNS expectations)) (PP (IN in) (NP (PRP it))))) (ADVP (RB there)))))) (. .) (-DFL- E_S))",63
sw05utt/sw_0551_3155.utt,3/sw3155,3155,49,+,B,26,1,With all the commercials --,With/IN  [ all/PDT the/DT commercials/NNS ] --/:,"(FRAG (INTJ (UH well)) (, ,) (PP (IN With) (NP (NP (PDT all) (DT the) (NNS commercials)) (CC and) (NP (NN everything)))) (. .) (-DFL- E_S))",66
sw05utt/sw_0551_3155.utt,3/sw3155,3155,50,b,A,27,1,Uh-huh. /,[ Uh-huh/UH ] ./.,(INTJ (UH Uh-huh) (. .) (-DFL- E_S)),44
sw05utt/sw_0551_3155.utt,3/sw3155,3155,51,+,B,28,1,-- and everything.  /,--/: and/CC  [ everything/NN ] ./.,"(FRAG (INTJ (UH well)) (, ,) (PP (IN With) (NP (NP (PDT all) (DT the) (NNS commercials)) (CC and) (NP (NN everything)))) (. .) (-DFL- E_S))",66
sw05utt/sw_0551_3155.utt,3/sw3155,3155,52,sd,B,28,2,"I haven't, - /","[ I/PRP ] have/VBP n't/RB ,/,","(S (NP-SBJ (PRP I)) (VP-UNF (VBP have) (RB n't)) (, ,) (-DFL- N_S))",72
sw05utt/sw_0551_3155.utt,3/sw3155,3155,53,sd,B,28,3,that's one we want to see.  /,[ that/DT ] 's/BES  [ one/NN ] [ we/PRP ] want/VBP to/TO see/VB ./.,(S (NP-SBJ (DT that)) (VP (BES 's) (NP-PRD (NP (NN one)) (SBAR (WHNP-2 (-NONE- 0)) (S (NP-SBJ-1 (PRP we)) (VP (VBP want) (S (NP-SBJ (-NONE- *-1)) (VP (TO to) (VP (VB see) (NP (-NONE- *T*-2)))))))))) (. .) (-DFL- E_S)),73
sw05utt/sw_0551_3155.utt,3/sw3155,3155,54,sd,B,28,4,"[ I, + I  ] want to see, {F uh, } DANCES WITH WOLVES. /","[ I/PRP ] ,/,  [ I/PRP ] want/VBP to/TO see/VB ,/,  [ uh/UH ] ,/,  [ DANCES/VBZ ] WITH/IN  [ WOLVES/NNS ] ./.","(S (EDITED (RM (-DFL- \[)) (NP-SBJ (PRP I)) (, ,) (IP (-DFL- \+))) (NP-SBJ-1 (PRP I)) (RS (-DFL- \])) (VP (VBP want) (S (NP-SBJ (-NONE- *-1)) (VP (TO to) (VP (VB see) (, ,) (INTJ (UH uh)) (, ,) (VP-TTL (VBZ DANCES) (PP (IN WITH) (NP (NNS WOLVES)))))))) (. .) (-DFL- E_S))",74
sw05utt/sw_0551_3155.utt,3/sw3155,3155,55,b,A,29,1,Uh-huh. /,[ Uh-huh/UH ] ./.,(INTJ (UH Uh-huh) (. .) (-DFL- E_S)),56
sw05utt/sw_0551_3155.utt,3/sw3155,3155,56,sd,B,30,1,"{C But, } we haven't seen that one yet, either. /","But/CC ,/,  [ we/PRP ] have/VBP n't/RB seen/VBN that/IN  [ one/NN ] yet/RB ,/, either/RB ./.","(S (CC But) (, ,) (NP-SBJ (PRP we)) (VP (VBP have) (RB n't) (VP (VBN seen) (NP (IN that) (NN one)) (ADVP-TMP (RB yet)) (, ,) (ADVP (RB either)))) (. .) (-DFL- E_S))",78
sw05utt/sw_0551_3155.utt,3/sw3155,3155,57,b,A,31,1,Yeah.  /,Yeah/UH ./.,(INTJ (UH Yeah) (. .) (-DFL- E_S)),80
sw05utt/sw_0551_3155.utt,3/sw3155,3155,58,sd,A,31,2,"{D Now } I haven't seen it either,  /","Now/UH  [ I/PRP ] have/VBP n't/RB seen/VBN  [ it/PRP ] either/RB ,/,","(S (INTJ (UH Now)) (NP-SBJ (PRP I)) (VP (VBP have) (RB n't) (VP (VBN seen) (NP (PRP it)) (ADVP (RB either)))) (, ,) (-DFL- E_S))",81
sw05utt/sw_0551_3155.utt,3/sw3155,3155,59,sd,A,31,3,"{C but, } {F uh, } I've heard that it's real long.  That it's a good movie, but it's long, like three hours. /","but/CC ,/,  [ uh/UH ] ,/,  [ I/PRP ] 've/VBP heard/VBN that/IN  [ it/PRP ] 's/BES real/RB long/JJ ./.  That/IN  [ it/PRP ] 's/BES  [ a/DT good/JJ movie/NN ] ,/, but/CC  [ it/PRP ] 's/BES long/JJ ,/, like/UH  [ three/CD hours/NNS ] ./.","(S (CC but) (, ,) (INTJ (UH uh)) (, ,) (NP-SBJ (PRP I)) (VP (VBP 've) (VP (VBN heard) (SBAR (SBAR (IN that) (S (NP-SBJ (PRP it)) (VP (BES 's) (ADJP-PRD (RB real) (JJ long))))) (. .) (SBAR (IN That) (S (S (NP-SBJ (PRP it)) (VP (BES 's) (NP-PRD (DT a) (JJ good) (NN movie)))) (, ,) (CC but) (S (NP-SBJ (PRP it)) (VP (BES 's) (ADJP-PRD (JJ long))))))))) (, ,))|||(FRAG (INTJ (UH like)) (NP (CD three) (NNS hours)) (. .) (-DFL- E_S))",82|||83
sw05utt/sw_0551_3155.utt,3/sw3155,3155,60,aa,B,32,1,"Yeah,  /","[ Yeah/UH ] ,/,","(INTJ (UH Yeah) (, ,) (-DFL- E_S))",65
sw05utt/sw_0551_3155.utt,3/sw3155,3155,61,sd,B,32,2,"[ th-, + that's  ] what I heard, too.  /","[ th-/DT ] ,/,  [ that/DT ] 's/BES  [ what/WP ] [ I/PRP ] heard/VBD ,/, too/RB ./.","(S (EDITED (RM (-DFL- \[)) (NP-SBJ-UNF (DT th-)) (, ,) (IP (-DFL- \+))) (NP-SBJ (DT that)) (VP (BES 's) (RS (-DFL- \])) (SBAR-NOM-PRD (WHNP-1 (WP what)) (S (NP-SBJ (PRP I)) (VP (VBD heard) (NP (-NONE- *T*-1))))) (, ,) (ADVP (RB too))) (. .) (-DFL- E_S))",86
sw05utt/sw_0551_3155.utt,3/sw3155,3155,62,%,B,32,3,"Yeah,  /","[ Yeah/UH ] ,/,","(INTJ (UH Yeah) (, ,) (-DFL- E_S))",65
sw05utt/sw_0551_3155.utt,3/sw3155,3155,63,sd,B,32,4,we've got to get it at a time when we can put our kids to bed and stay up late <laughter> --,[ we/PRP ] 've/VBP got/VBN to/TO get/VB  [ it/PRP ] at/IN  [ a/DT time/NN ] when/WRB  [ we/PRP ] can/MD put/VB  [ our/PRP$ kids/NNS ] to/IN bed/NN and/CC stay/VB up/RP late/RB --/:,(S (NP-SBJ-1 (PRP we)) (VP (VBP 've) (VP (VBN got) (S (NP-SBJ (-NONE- *-1)) (VP (TO to) (VP (VB get) (NP (PRP it)) (PP-TMP (IN at) (NP (NP (DT a) (NN time)) (SBAR (WHADVP-2 (WRB when)) (S (NP-SBJ (PRP we)) (VP (MD can) (VP (VP (VB put) (NP (PRP$ our) (NNS kids)) (PP-PUT (IN to) (NP (NN bed)))) (CC and) (VP (VB stay) (PRT (RP up)) (ADVP (RB late)) (S-PRP (NP-SBJ (-NONE- *)) (VP (TO to) (VP (VB watch) (NP (PRP it)))))) (ADVP-TMP (-NONE- *T*-2))))))))))))) (. .) (-DFL- E_S)),88
sw05utt/sw_0551_3155.utt,3/sw3155,3155,64,aa,A,33,1,That's right. /,[ That/DT ] 's/BES right/JJ ./.,(S (NP-SBJ (DT That)) (VP (BES 's) (ADJP-PRD (JJ right))) (. .) (-DFL- E_S)),90
sw05utt/sw_0551_3155.utt,3/sw3155,3155,65,+,B,34,1,-- to watch it <baby_crying>.  /,--/: to/TO watch/VB  [ it/PRP ] ./.,(S (NP-SBJ-1 (PRP we)) (VP (VBP 've) (VP (VBN got) (S (NP-SBJ (-NONE- *-1)) (VP (TO to) (VP (VB get) (NP (PRP it)) (PP-TMP (IN at) (NP (NP (DT a) (NN time)) (SBAR (WHADVP-2 (WRB when)) (S (NP-SBJ (PRP we)) (VP (MD can) (VP (VP (VB put) (NP (PRP$ our) (NNS kids)) (PP-PUT (IN to) (NP (NN bed)))) (CC and) (VP (VB stay) (PRT (RP up)) (ADVP (RB late)) (S-PRP (NP-SBJ (-NONE- *)) (VP (TO to) (VP (VB watch) (NP (PRP it)))))) (ADVP-TMP (-NONE- *T*-2))))))))))))) (. .) (-DFL- E_S)),88
sw05utt/sw_0551_3155.utt,3/sw3155,3155,66,%@,B,34,2,"{C So, }   *[[slash error]]","So/UH ,/,","(S (RB So) (, ,) (NP-SBJ (PRP We)) (VP (VBD saw) (, ,) (INTJ (UH uh)) (, ,) (EDITED (RM (-DFL- \[)) (NP-UNF (DT the)) (, ,) (IP (-DFL- \+))) (NP (NP (NP (DT the) (, ,) (RS (-DFL- \])) (INTJ (UH uh)) (, ,) (NN movie)) (PP (IN with) (, ,) (INTJ (UH uh)) (, ,) (NP (NNP Sylvester) (NNP Stallone)))) (, ,) (NP-TTL (NNP OSCAR)))) (. .) (-DFL- E_S))",92
sw05utt/sw_0551_3155.utt,3/sw3155,3155,67,aa,A,35,1,That's right. /,[ That/DT ] 's/BES right/JJ ./.,(S (NP-SBJ (DT That)) (VP (BES 's) (ADJP-PRD (JJ right))) (. .) (-DFL- E_S)),90
sw05utt/sw_0551_3155.utt,3/sw3155,3155,68,+,B,36,1,"We saw, {F uh, } [ the, + the, ] {F uh, } movie with, {F uh, } Sylvester Stallone, OSCAR. /","[ We/PRP ] saw/VBD ,/,  [ uh/UH ] ,/,  [ the/DT ] ,/,  [ the/DT ] ,/,  [ uh/UH ] ,/,  [ movie/NN ] with/IN ,/,  [ uh/UH ] ,/,  [ Sylvester/NNP Stallone/NNP ] ,/,  [ OSCAR/NNP ] ./.","(S (RB So) (, ,) (NP-SBJ (PRP We)) (VP (VBD saw) (, ,) (INTJ (UH uh)) (, ,) (EDITED (RM (-DFL- \[)) (NP-UNF (DT the)) (, ,) (IP (-DFL- \+))) (NP (NP (NP (DT the) (, ,) (RS (-DFL- \])) (INTJ (UH uh)) (, ,) (NN movie)) (PP (IN with) (, ,) (INTJ (UH uh)) (, ,) (NP (NNP Sylvester) (NNP Stallone)))) (, ,) (NP-TTL (NNP OSCAR)))) (. .) (-DFL- E_S))",92
sw05utt/sw_0551_3155.utt,3/sw3155,3155,69,b^m,A,37,1,OSCAR. /,[ OSCAR/NNP ] ./.,(NP-TTL (NNP OSCAR) (. .) (-DFL- E_S)),97
sw05utt/sw_0551_3155.utt,3/sw3155,3155,70,sd,B,38,1,"Supposed to be [ his, + {F uh, } his ] debut in comedy. /","Supposed/VBN to/TO be/VB his/PRP$ ,/,  [ uh/UH ] ,/,  [ his/PRP$ debut/NN ] in/IN  [ comedy/NN ] ./.","(VP (VBN Supposed) (S (NP-SBJ (-NONE- *)) (VP (TO to) (VP (VB be) (EDITED (RM (-DFL- \[)) (NP-PRD-UNF (PRP$ his)) (, ,) (IP (-DFL- \+))) (INTJ (UH uh)) (, ,) (NP-PRD (NP (PRP$ his) (RS (-DFL- \])) (NN debut)) (PP (IN in) (NP (NN comedy))))))) (. .) (-DFL- E_S))",99
sw05utt/sw_0551_3155.utt,3/sw3155,3155,71,b,A,39,1,Uh-huh. /,[ Uh-huh/UH ] ./.,(INTJ (UH Uh-huh) (. .) (-DFL- E_S)),70
sw05utt/sw_0551_3155.utt,3/sw3155,3155,72,sd,B,40,1,"Which was an interesting movie, but not very funny. /","[ Which/WDT ] was/VBD  [ an/DT interesting/JJ movie/NN ] ,/, but/CC not/RB very/RB funny/JJ ./.","(SBAR (WHNP-1 (WDT Which)) (S (NP-SBJ (-NONE- *T*-1)) (VP (VBD was) (NP-PRD (NP (DT an) (JJ interesting) (NN movie)) (, ,) (NAC (CC but) (RB not) (ADJP (RB very) (JJ funny)))))) (. .) (-DFL- E_S))",103
sw05utt/sw_0551_3155.utt,3/sw3155,3155,73,b,A,41,1,Yeah.  /,Yeah/UH ./.,(INTJ (UH Yeah) (. .) (-DFL- E_S)),80
sw05utt/sw_0551_3155.utt,3/sw3155,3155,74,sd,A,41,2,I know my daughter saw that  /,[ I/PRP ] know/VBP  [ my/PRP$ daughter/NN ] saw/VBD that/DT,(S (NP-SBJ (PRP I)) (VP (VBP know) (SBAR (-NONE- 0) (S (NP-SBJ (PRP$ my) (NN daughter)) (VP (VBD saw) (NP (DT that)))))) (-DFL- E_S)),106
sw05utt/sw_0551_3155.utt,3/sw3155,3155,75,sd,A,41,3,{C and } she liked it  /,and/CC  [ she/PRP ] liked/VBD  [ it/PRP ],(S (CC and) (NP-SBJ (PRP she)) (VP (VBD liked) (NP (PRP it))) (-DFL- E_S)),107
sw05utt/sw_0551_3155.utt,3/sw3155,3155,76,%,A,41,4,"{C so, } -/","so/RB ,/,","(S-UNF (RB so) (, ,) (-DFL- N_S))",108
sw05utt/sw_0551_3155.utt,3/sw3155,3155,77,qy,B,42,1,Did she? /,Did/VBD  [ she/PRP ] ?/.,(SQ (VBD Did) (NP-SBJ (PRP she)) (. ?) (-DFL- E_S)),110
sw05utt/sw_0551_3155.utt,3/sw3155,3155,78,ny,A,43,1,Yeah <laughter>. /,Yeah/UH ./.,(INTJ (UH Yeah) (. .) (-DFL- E_S)),80
sw05utt/sw_0551_3155.utt,3/sw3155,3155,79,sv,B,44,1,"{D Well, } [ it was, + it was  ] an amusing movie. /","Well/UH ,/,  [ it/PRP ] was/VBD ,/,  [ it/PRP ] was/VBD  [ an/DT amusing/JJ movie/NN ] ./.","(S (INTJ (UH Well)) (, ,) (EDITED (RM (-DFL- \[)) (S (NP-SBJ (PRP it)) (VP-UNF (VBD was))) (, ,) (IP (-DFL- \+))) (NP-SBJ (PRP it)) (VP (VBD was) (RS (-DFL- \])) (NP-PRD (DT an) (JJ amusing) (NN movie))) (. .) (-DFL- E_S))",114
sw05utt/sw_0551_3155.utt,3/sw3155,3155,80,b,A,45,1,Uh-huh. /,[ Uh-huh/UH ] ./.,(INTJ (UH Uh-huh) (. .) (-DFL- E_S)),101
sw05utt/sw_0551_3155.utt,3/sw3155,3155,81,%,B,46,1,"It j-, <baby_crying>, - /","[ It/PRP ] [ j-/XX ] ,/, ,/,","(S (NP-SBJ (PRP It)) (ADVP-UNF (XX j-)) (, ,) (, ,) (-DFL- N_S))",118
sw05utt/sw_0551_3155.utt,3/sw3155,3155,82,sv,B,46,2,I guess maybe it would have been better if we'd have been at the theater --,[ I/PRP ] guess/VBP maybe/RB  [ it/PRP ] would/MD have/VB been/VBN better/JJR if/IN  [ we/PRP ] 'd/MD have/VB been/VBN at/IN  [ the/DT theater/NN ] --/:,"(S (NP-SBJ (PRP I)) (VP (VBP guess) (SBAR (-NONE- 0) (S (ADVP (RB maybe)) (NP-SBJ (PRP it)) (VP (MD would) (VP (VB have) (VP (VBN been) (ADJP-PRD (JJR better)) (SBAR-ADV (IN if) (S (NP-SBJ (PRP we)) (VP (MD 'd) (VP (VB have) (VP (VBN been) (PP-LOC-PRD (IN at) (NP (DT the) (NN theater))) (PP (IN as) (PP (VBN opposed) (PP (IN to) (, ,) (INTJ (UH uh)) (, ,) (S-NOM (NP-SBJ (-NONE- *)) (ADVP (RB just)) (PP-LOC (IN at) (NP (DT the) (NN house))) (VP (VBG watching) (NP (PRP it)) (EDITED (RM (-DFL- \[)) (PP-UNF (IN with)) (, ,) (IP (-DFL- \+))) (PP (IN with) (RS (-DFL- \])) (NP (NP (DT no) (CD one)) (ADVP (RB else)) (ADVP-LOC (RB around)))))))))))))))))))) (. .) (-DFL- E_S))",119
sw05utt/sw_0551_3155.utt,3/sw3155,3155,83,b,A,47,1,Uh-huh. /,[ Uh-huh/UH ] ./.,(INTJ (UH Uh-huh) (. .) (-DFL- E_S)),101
sw05utt/sw_0551_3155.utt,3/sw3155,3155,84,+,B,48,1,"-- as opposed to, {F uh, } just at the house watching it [ with, +  with ] no one else around. /","--/: as/IN opposed/VBN to/IN ,/,  [ uh/UH ] ,/, just/RB at/IN  [ the/DT house/NN ] watching/VBG  [ it/PRP ] with/IN ,/, with/IN  [ no/DT one/CD ] else/RB around/RB ./.","(S (NP-SBJ (PRP I)) (VP (VBP guess) (SBAR (-NONE- 0) (S (ADVP (RB maybe)) (NP-SBJ (PRP it)) (VP (MD would) (VP (VB have) (VP (VBN been) (ADJP-PRD (JJR better)) (SBAR-ADV (IN if) (S (NP-SBJ (PRP we)) (VP (MD 'd) (VP (VB have) (VP (VBN been) (PP-LOC-PRD (IN at) (NP (DT the) (NN theater))) (PP (IN as) (PP (VBN opposed) (PP (IN to) (, ,) (INTJ (UH uh)) (, ,) (S-NOM (NP-SBJ (-NONE- *)) (ADVP (RB just)) (PP-LOC (IN at) (NP (DT the) (NN house))) (VP (VBG watching) (NP (PRP it)) (EDITED (RM (-DFL- \[)) (PP-UNF (IN with)) (, ,) (IP (-DFL- \+))) (PP (IN with) (RS (-DFL- \])) (NP (NP (DT no) (CD one)) (ADVP (RB else)) (ADVP-LOC (RB around)))))))))))))))))))) (. .) (-DFL- E_S))",119
sw05utt/sw_0551_3155.utt,3/sw3155,3155,85,b,A,49,1,Uh-huh. /,[ Uh-huh/UH ] ./.,(INTJ (UH Uh-huh) (. .) (-DFL- E_S)),101
sw05utt/sw_0551_3155.utt,3/sw3155,3155,86,%,B,50,1,"{C So, } -/","So/UH ,/,","(S-UNF (RB So) (, ,) (-DFL- N_S))",126
sw05utt/sw_0551_3155.utt,3/sw3155,3155,87,sd,A,51,1,"{C And, } of course, I get to watch all these movies like LOOK WHO'S TALKING and  [ WHO'S, + LOOK WHO'S  ] TALKING, TOO </baby_crying>  /","And/CC ,/, of/IN  [ course/NN ] ,/,  [ I/PRP ] get/VBP to/TO watch/VB  [ all/PDT these/DT movies/NNS ] like/IN  [ LOOK/VB WHO/WP 'S/BES TALKING/VBG ] and/CC  [ WHO/WP 'S/BES ] ,/,  [ LOOK/VB WHO/WP 'S/BES TALKING/VBG ] ,/, TOO/RB","(S (CC And) (, ,) (PP (IN of) (NP (NN course))) (, ,) (NP-SBJ-1 (PRP I)) (VP (VBP get) (S (NP-SBJ (-NONE- *-1)) (VP (TO to) (VP (VB watch) (NP (NP (PDT all) (DT these) (NNS movies)) (PP (IN like) (NP (S-IMP-TTL (NP-SBJ (-NONE- *)) (VP (VB LOOK) (SBAR (WHNP-2 (WP WHO)) (S (NP-SBJ (-NONE- *T*-2)) (VP (BES 'S) (VP (VBG TALKING))))))) (CC and) (EDITED (RM (-DFL- \[)) (SBAR (WHNP-4 (WP WHO)) (S (NP-SBJ (-NONE- *T*-4)) (VP-UNF (BES 'S)))) (, ,) (IP (-DFL- \+))) (S-IMP-TTL (NP-SBJ (-NONE- *)) (VP (VB LOOK) (SBAR (WHNP-3 (WP WHO)) (S (NP-SBJ (-NONE- *T*-3)) (VP (BES 'S) (RS (-DFL- \])) (VP (VBG TALKING) (, ,) (ADVP (RB TOO))))))))))))))) (-DFL- E_S))",128
sw05utt/sw_0551_3155.utt,3/sw3155,3155,88,sd,A,51,2,"[ {C and, } +  {C because } ] I have a ten year old  /","and/CC ,/, because/IN   [ I/PRP ] have/VBP  [ a/DT ten/CD year/NN ] old/NN","(S-UNF (RM (-DFL- \[)) (CC and) (, ,) (IP (-DFL- \+)))|||(SBAR-PRP (IN because) (RS (-DFL- \])) (S (NP-SBJ (PRP I)) (VP (VBP have) (NP (DT a) (CD ten) (NN year) (NN old)))) (-DFL- E_S))",129|||130
sw05utt/sw_0551_3155.utt,3/sw3155,3155,89,sd,A,51,3,"{C so, }","so/RB ,/,","(S-UNF (RB so) (, ,) (-DFL- N_S))",108
sw05utt/sw_0551_3155.utt,3/sw3155,3155,90,b,B,52,1,Oh. /,Oh/UH ./.,(INTJ (UH Oh) (. .) (-DFL- E_S)),133
sw05utt/sw_0551_3155.utt,3/sw3155,3155,91,+,A,53,1,"[ We, + we  ] watch a lot of movies around that category, {D you know } --","[ We/PRP ] ,/,  [ we/PRP ] watch/VBP  [ a/DT lot/NN ] of/IN  [ movies/NNS ] around/IN  [ that/DT category/NN ] ,/,  [ you/PRP ] know/VBP --/:","(S (RB so) (, ,) (EDITED (RM (-DFL- \[)) (NP-SBJ (PRP We)) (, ,) (IP (-DFL- \+))) (NP-SBJ (PRP we)) (RS (-DFL- \])) (VP (VBP watch) (NP (NP (DT a) (NN lot)) (PP (IN of) (NP (NP (NNS movies)) (PP (IN around) (NP (NP (DT that) (NN category)) (PRN (, ,) (S (NP-SBJ (PRP you)) (VP (VBP know)))) (EDITED (RM (-DFL- \[)) (SBAR (WHNP (IN that)) (S-UNF (NP-SBJ (PRP she)))) (, ,) (IP (-DFL- \+))) (SBAR (WHNP-1 (IN that)) (S (NP-SBJ (PRP she)) (RS (-DFL- \])) (VP (MD can) (VP (VB watch) (NP (-NONE- *T*-1)))))))))))) (. .) (-DFL- E_S))",131
sw05utt/sw_0551_3155.utt,3/sw3155,3155,92,b,B,54,1,Uh-huh. /,[ Uh-huh/UH ] ./.,(INTJ (UH Uh-huh) (. .) (-DFL- E_S)),116
sw05utt/sw_0551_3155.utt,3/sw3155,3155,93,+,A,55,1,"-- [ that she, + that she  ] can watch <noise>. /","--/: that/IN  [ she/PRP ] ,/, that/IN  [ she/PRP ] can/MD watch/VB ./.","(S (RB so) (, ,) (EDITED (RM (-DFL- \[)) (NP-SBJ (PRP We)) (, ,) (IP (-DFL- \+))) (NP-SBJ (PRP we)) (RS (-DFL- \])) (VP (VBP watch) (NP (NP (DT a) (NN lot)) (PP (IN of) (NP (NP (NNS movies)) (PP (IN around) (NP (NP (DT that) (NN category)) (PRN (, ,) (S (NP-SBJ (PRP you)) (VP (VBP know)))) (EDITED (RM (-DFL- \[)) (SBAR (WHNP (IN that)) (S-UNF (NP-SBJ (PRP she)))) (, ,) (IP (-DFL- \+))) (SBAR (WHNP-1 (IN that)) (S (NP-SBJ (PRP she)) (RS (-DFL- \])) (VP (MD can) (VP (VB watch) (NP (-NONE- *T*-1)))))))))))) (. .) (-DFL- E_S))",131
sw05utt/sw_0551_3155.utt,3/sw3155,3155,94,sd,B,56,1,My son just turned two  /,[ My/PRP$ son/NN ] just/RB turned/VBD  [ two/CD ],(S (NP-SBJ (PRP$ My) (NN son)) (ADVP (RB just)) (VP (VBD turned) (NP-PRD (CD two))) (-DFL- E_S)),139
sw05utt/sw_0551_3155.utt,3/sw3155,3155,95,sd,B,56,2,{C and so } THE LITTLE MERMAID is now our favorite movie. /,and/CC so/RB  [ THE/DT LITTLE/JJ MERMAID/NN ] is/VBZ now/RB  [ our/PRP$ favorite/JJ movie/NN ] ./.,(S (CONJP (CC and) (RB so)) (NP-TTL-SBJ (DT THE) (JJ LITTLE) (NN MERMAID)) (VP (VBZ is) (ADVP-TMP (RB now)) (NP-PRD (PRP$ our) (JJ favorite) (NN movie))) (. .) (-DFL- E_S)),140
sw05utt/sw_0551_3155.utt,3/sw3155,3155,96,aa,A,57,1,<Laughter> Yeah.  /,Yeah/UH ./.,(INTJ (UH Yeah) (. .) (-DFL- E_S)),142
sw05utt/sw_0551_3155.utt,3/sw3155,3155,97,sd,A,57,2,"We seen THE LITTLE MERMAID, too. /","[ We/PRP ] seen/VBN  [ THE/DT LITTLE/JJ MERMAID/NN ] ,/, too/RB ./.","(S (NP-SBJ (PRP We)) (VP (VBN seen) (NP-TTL (DT THE) (JJ LITTLE) (NN MERMAID)) (, ,) (ADVP (RB too))) (. .) (-DFL- E_S))",143
sw05utt/sw_0551_3155.utt,3/sw3155,3155,98,sd,B,58,1,LITTLE MERMAID and PETER PAN --,[ LITTLE/JJ MERMAID/NN ] and/CC  [ PETER/NNP PAN/NNP ] --/:,"(S-2 (NP-SBJ (NP-TTL (JJ LITTLE) (NN MERMAID)) (CC and) (NP-TTL (NNP PETER) (NNP PAN))) (PRN (S (NP-SBJ (PRP I)) (VP (VBP think) (SBAR (-NONE- 0) (S (-NONE- *T*-2)))))) (EDITED (RM (-DFL- \[)) (VP-UNF (VBP are)) (, ,) (IP (-DFL- \+))) (VP (VBP are) (RS (-DFL- \])) (NP-PRD (NP (PRP$ his) (CD two) (NNS favorites)) (SBAR (WHNP-1 (WDT that)) (S (NP-SBJ (PRP we)) (VP (VBP 've) (VP (VBN got) (NP (-NONE- *T*-1)))))))) (. .) (-DFL- E_S))",145
sw05utt/sw_0551_3155.utt,3/sw3155,3155,99,b,A,59,1,Uh-huh. /,[ Uh-huh/UH ] ./.,(INTJ (UH Uh-huh) (. .) (-DFL- E_S)),121
sw05utt/sw_0551_3155.utt,3/sw3155,3155,100,+,B,60,1,"-- I think [ are, + are  ] his two favorites that we've got <breathing>. /","--/:  [ I/PRP ] think/VBP are/VBP ,/, are/VBP  [ his/PRP$ two/CD favorites/NNS ] that/WDT  [ we/PRP ] 've/VBP got/VBN ./.","(S-2 (NP-SBJ (NP-TTL (JJ LITTLE) (NN MERMAID)) (CC and) (NP-TTL (NNP PETER) (NNP PAN))) (PRN (S (NP-SBJ (PRP I)) (VP (VBP think) (SBAR (-NONE- 0) (S (-NONE- *T*-2)))))) (EDITED (RM (-DFL- \[)) (VP-UNF (VBP are)) (, ,) (IP (-DFL- \+))) (VP (VBP are) (RS (-DFL- \])) (NP-PRD (NP (PRP$ his) (CD two) (NNS favorites)) (SBAR (WHNP-1 (WDT that)) (S (NP-SBJ (PRP we)) (VP (VBP 've) (VP (VBN got) (NP (-NONE- *T*-1)))))))) (. .) (-DFL- E_S))",145
sw05utt/sw_0551_3155.utt,3/sw3155,3155,101,b,A,61,1,Uh-huh.  /,[ Uh-huh/UH ] ./.,(INTJ (UH Uh-huh) (. .) (-DFL- E_S)),124
sw05utt/sw_0551_3155.utt,3/sw3155,3155,102,sd,A,61,2,"{C And } [ there's some, + I think there's some  ] good Disney movies fixing to come out on video, {F uh, } SHIPWRECKED. /","And/CC  [ there/EX ] 's/BES  [ some/DT ] ,/,  [ I/PRP ] think/VBP  [ there/EX ] 's/BES  [ some/DT good/JJ Disney/NNP movies/NNS ] fixing/VBG to/TO come/VB out/RP on/IN  [ video/NN ] ,/,  [ uh/UH ] ,/,  [ SHIPWRECKED/VBD ] ./.","(S (CC And) (EDITED (RM (-DFL- \[)) (S (NP-SBJ (EX there)) (VP (BES 's) (NP-PRD-UNF (DT some)))) (, ,) (IP (-DFL- \+))) (NP-SBJ (PRP I)) (VP (VBP think) (SBAR (-NONE- 0) (S (NP-SBJ (EX there)) (VP (BES 's) (NP-PRD (NP (DT some) (RS (-DFL- \])) (JJ good) (NNP Disney) (NNS movies)) (VP (VBG fixing) (S (NP-SBJ (-NONE- *)) (VP (TO to) (VP (VB come) (PRT (RP out)) (PP (IN on) (NP (NN video))))))) (, ,) (INTJ (UH uh)) (, ,) (VP-TTL (VBD SHIPWRECKED))))))) (. .) (-DFL- E_S))",151
sw05utt/sw_0551_3155.utt,3/sw3155,3155,103,qy,B,62,1,"{F Oh, } [ I haven't, +  I didn't ] hear that was coming out. /","Oh/UH ,/,  [ I/PRP ] have/VBP n't/RB ,/,  [ I/PRP ] did/VBD n't/RB hear/VB  [ that/DT ] was/VBD coming/VBG out/RP ./.","(S (INTJ (UH Oh)) (, ,) (EDITED (RM (-DFL- \[)) (S (NP-SBJ (PRP I)) (VP-UNF (VBP have) (RB n't))) (, ,) (IP (-DFL- \+))) (NP-SBJ (PRP I)) (VP (VBD did) (RB n't) (RS (-DFL- \])) (VP (VB hear) (SBAR (-NONE- 0) (S (NP-SBJ (DT that)) (VP (VBD was) (VP (VBG coming) (PRT (RP out)))))))) (. .) (-DFL- E_S))",153
sw05utt/sw_0551_3155.utt,3/sw3155,3155,104,ny,A,63,1,Uh-huh.  /,[ Uh-huh/UH ] ./.,(INTJ (UH Uh-huh) (. .) (-DFL- E_S)),136
sw05utt/sw_0551_3155.utt,3/sw3155,3155,105,ny,A,63,2,"Yeah,  /","Yeah/UH ,/,","(INTJ (UH Yeah) (, ,) (-DFL- E_S))",156
sw05utt/sw_0551_3155.utt,3/sw3155,3155,106,sd^e,A,63,3,it's fixing to come out on video  /,[ it/PRP ] 's/BES fixing/VBG to/TO come/VB out/RP on/IN  [ video/NN ],(S (NP-SBJ-1 (PRP it)) (VP (BES 's) (VP (VBG fixing) (S (NP-SBJ (-NONE- *-1)) (VP (TO to) (VP (VB come) (PRT (RP out)) (PP (IN on) (NP (NN video)))))))) (-DFL- E_S)),157
sw05utt/sw_0551_3155.utt,3/sw3155,3155,107,sd,A,63,4,"{C and, } boy, I can't think of the other one that's fixing to come out. /","and/CC ,/,  [ boy/NN ] ,/,  [ I/PRP ] ca/MD n't/RB think/VB of/IN  [ the/DT other/JJ one/NN ] [ that/DT ] 's/BES fixing/VBG to/TO come/VB out/DT ./.","(S (CC and) (, ,) (INTJ (NN boy)) (, ,) (NP-SBJ (PRP I)) (VP (MD ca) (RB n't) (VP (VB think) (PP (IN of) (NP (NP (DT the) (JJ other) (NN one)) (SBAR (WHNP-2 (DT that)) (S (NP-SBJ (-NONE- *T*-2)) (VP (BES 's) (VP (VBG fixing) (S (NP-SBJ (-NONE- *-1)) (VP (TO to) (VP (VB come) (PRT (DT out))))))))))))) (. .) (-DFL- E_S))",158
sw05utt/sw_0551_3155.utt,3/sw3155,3155,108,sd,B,64,1,"{D Well, } they just had --","Well/UH ,/,  [ they/PRP ] just/RB had/VBD --/:","(S (INTJ (UH Well)) (, ,) (NP-SBJ (PRP they)) (ADVP (RB just)) (VP (VBD had) (INTJ (UH uh)) (, ,) (NP (NX-TTL (DT THE) (NNS RESCUERS)) (NN movie))) (-DFL- E_S))",160
sw05utt/sw_0551_3155.utt,3/sw3155,3155,109,%,A,65,1,"{C But, } -/","But/CC ,/,","(S-UNF (CC But) (, ,) (-DFL- N_S))",162
sw05utt/sw_0551_3155.utt,3/sw3155,3155,110,+,B,66,1,"-- {F uh, } THE RESCUERS movie -- /","--/:  [ uh/UH ] ,/,  [ THE/DT RESCUERS/NNS movie/NN ] --/:","(S (INTJ (UH Well)) (, ,) (NP-SBJ (PRP they)) (ADVP (RB just)) (VP (VBD had) (INTJ (UH uh)) (, ,) (NP (NX-TTL (DT THE) (NNS RESCUERS)) (NN movie))) (-DFL- E_S))",160
sw05utt/sw_0551_3155.utt,3/sw3155,3155,111,b,A,67,1,Uh-huh. /,[ Uh-huh/UH ] ./.,(INTJ (UH Uh-huh) (. .) (-DFL- E_S)),147
sw05utt/sw_0551_3155.utt,3/sw3155,3155,112,qy^g,B,68,1,"-- that was a Disney movie, wasn't it.  /","--/:  [ that/DT ] was/VBD  [ a/DT Disney/NNP movie/NN ] ,/, was/VBD n't/RB  [ it/PRP ] ./.","(SQ (S (NP-SBJ (DT that)) (VP (VBD was) (NP-PRD (DT a) (NNP Disney) (NN movie)))) (, ,) (SQ (VBD was) (RB n't) (NP-SBJ (PRP it))) (. .) (-DFL- E_S))",167
sw05utt/sw_0551_3155.utt,3/sw3155,3155,113,sd,B,68,2,"I think I heard that [ was just one, + was just ] out.  /","[ I/PRP ] think/VBP  [ I/PRP ] heard/VBD  [ that/DT ] was/VBD just/RB  [ one/CD ] ,/, was/VBD just/RB out/IN ./.","(S (NP-SBJ (PRP I)) (VP (VBP think) (SBAR (-NONE- 0) (S (NP-SBJ (PRP I)) (VP (VBD heard) (SBAR (-NONE- 0) (S (NP-SBJ (DT that)) (EDITED (RM (-DFL- \[)) (VP-UNF (VBD was) (ADVP (RB just)) (NP (CD one))) (, ,) (IP (-DFL- \+))) (VP (VBD was) (ADVP (RB just)) (RS (-DFL- \])) (ADVP-PRD (IN out))))))))) (. .) (-DFL- E_S))",168
sw05utt/sw_0551_3155.utt,3/sw3155,3155,114,sd,B,68,3,"[ He's, + {F uh, } he  doesn't ] sit still for the whole movie, yet,  /","[ He/PRP ] [ 's/BES ] ,/,  [ uh/UH ] ,/,  [ he/PRP ] does/VBZ n't/RB sit/VB still/RB for/IN  [ the/DT whole/JJ movie/NN ] ,/, yet/RB ,/,","(S (EDITED (RM (-DFL- \[)) (S (NP-SBJ (PRP He)) (VP-UNF (BES 's))) (, ,) (IP (-DFL- \+))) (INTJ (UH uh)) (, ,) (NP-SBJ (PRP he)) (VP (VBZ does) (RB n't) (RS (-DFL- \])) (VP (VB sit) (ADVP-MNR (RB still)) (PP (IN for) (NP (DT the) (JJ whole) (NN movie))) (, ,) (ADVP-TMP (RB yet)))) (, ,) (-DFL- E_S))",169
sw05utt/sw_0551_3155.utt,3/sw3155,3155,115,sd,B,68,4,{C but } --,but/CC --/:,"(S (CC but) (NP-SBJ-1 (PRP he)) (VP (VBZ likes) (S (NP-SBJ (-NONE- *-1)) (EDITED (RM (-DFL- \[)) (VP-UNF (TO to)) (, ,) (IP (-DFL- \+))) (INTJ (UH uh)) (, ,) (VP (TO to) (RS (-DFL- \])) (VP (VB listen) (PP (IN to) (NP (NP (DT the) (NN music)) (CC and) (NP (NN stuff)))) (SBAR-ADV (IN if) (S (NP-SBJ (EX there)) (VP (BES 's) (NP-PRD (NP (DT a) (NN lot)) (PP (IN of) (NP (DT that)))) (EDITED (RM (-DFL- \[)) (PP (IN in) (NP-UNF (DT the) (NN m-))) (, ,) (IP (-DFL- \+))) (PP (IN in) (NP (DT the) (NN movie)))))))))) (. .) (RS (-DFL- \])) (-DFL- E_S))",170
sw05utt/sw_0551_3155.utt,3/sw3155,3155,116,b,A,69,1,Right. /,[ Right/UH ] ./.,(INTJ (UH Right) (. .) (-DFL- E_S)),172
sw05utt/sw_0551_3155.utt,3/sw3155,3155,117,+,B,70,1,"-- he likes [ to, + {F uh, } to ] listen to the music and stuff if there's a lot of that [ in the m-, + in the movie. ] /","--/:  [ he/PRP ] likes/VBZ to/TO ,/,  [ uh/UH ] ,/, to/TO listen/VB to/IN  [ the/DT music/NN ] and/CC  [ stuff/NN ] if/IN  [ there/EX ] 's/BES  [ a/DT lot/NN ] of/IN  [ that/DT ] in/IN  [ the/DT m-/NN ] ,/, in/IN  [ the/DT movie/NN ] ./.","(S (CC but) (NP-SBJ-1 (PRP he)) (VP (VBZ likes) (S (NP-SBJ (-NONE- *-1)) (EDITED (RM (-DFL- \[)) (VP-UNF (TO to)) (, ,) (IP (-DFL- \+))) (INTJ (UH uh)) (, ,) (VP (TO to) (RS (-DFL- \])) (VP (VB listen) (PP (IN to) (NP (NP (DT the) (NN music)) (CC and) (NP (NN stuff)))) (SBAR-ADV (IN if) (S (NP-SBJ (EX there)) (VP (BES 's) (NP-PRD (NP (DT a) (NN lot)) (PP (IN of) (NP (DT that)))) (EDITED (RM (-DFL- \[)) (PP (IN in) (NP-UNF (DT the) (NN m-))) (, ,) (IP (-DFL- \+))) (PP (IN in) (NP (DT the) (NN movie)))))))))) (. .) (RS (-DFL- \])) (-DFL- E_S))",170
sw05utt/sw_0551_3155.utt,3/sw3155,3155,118,b,A,71,1,Uh-huh.  /,[ Uh-huh/UH ] ./.,(INTJ (UH Uh-huh) (. .) (-DFL- E_S)),147
sw05utt/sw_0551_3155.utt,3/sw3155,3155,119,sd,A,71,2,"{D Well, } I'm glad to know that there's somebody else out there that doesn't get to go to the movie theater <laughter>. /","Well/UH ,/,  [ I/PRP ] 'm/VBP glad/JJ to/TO know/VB that/IN  [ there/EX ] 's/BES  [ somebody/NN ] else/RB out/IN  [ there/RB ] [ that/WDT ] does/VBZ n't/RB get/VB to/TO go/VB to/IN  [ the/DT movie/NN theater/NN ] ./.","(S (INTJ (UH Well)) (, ,) (NP-SBJ-3 (PRP I)) (VP (VBP 'm) (ADJP-PRD (JJ glad) (S (NP-SBJ (-NONE- *-3)) (VP (TO to) (VP (VB know) (SBAR (IN that) (S (NP-SBJ (EX there)) (VP (BES 's) (NP-PRD (NP (NN somebody)) (ADVP (RB else)) (PP-LOC (IN out) (ADVP (RB there))) (SBAR (WHNP-1 (WDT that)) (S (NP-SBJ-2 (-NONE- *T*-1)) (VP (VBZ does) (RB n't) (VP (VB get) (S (NP-SBJ (-NONE- *-2)) (VP (TO to) (VP (VB go) (PP-DIR (IN to) (NP (DT the) (NN movie) (NN theater))))))))))))))))))) (. .) (-DFL- E_S))",176
sw05utt/sw_0551_3155.utt,3/sw3155,3155,120,%,B,72,1,"{D Well, } I [ w-, + ]  tell you, ever s-, - /","Well/UH ,/,  [ I/PRP w-/XX ] ,/, tell/VBP  [ you/PRP ] ,/, ever/RB  [ s-/IN ] ,/,","(S (INTJ (UH Well)) (, ,) (NP-SBJ (PRP I)) (EDITED (RM (-DFL- \[)) (X (XX w-)) (, ,) (IP (-DFL- \+))) (RS (-DFL- \])) (VP (VBP tell) (NP (PRP you))) (, ,))|||(X (ADVP (RB ever)) (IN s-) (, ,) (-DFL- N_S))",178|||179
sw05utt/sw_0551_3155.utt,3/sw3155,3155,121,sd,B,72,2,"[ my, + my ] kids are just small babies  /","[ my/PRP$ ] ,/,  [ my/PRP$ kids/NNS ] are/VBP just/RB  [ small/JJ babies/NNS ]","(S (EDITED (RM (-DFL- \[)) (NP-SBJ-UNF (PRP$ my)) (, ,) (IP (-DFL- \+))) (NP-SBJ (PRP$ my) (RS (-DFL- \])) (NNS kids)) (VP (VBP are) (ADVP (RB just)) (NP-PRD (JJ small) (NNS babies))) (-DFL- E_S))",180
sw05utt/sw_0551_3155.utt,3/sw3155,3155,122,sd,B,72,3,"{C and, } I tell you, we really want to go --","and/CC ,/,  [ I/PRP ] tell/VBP  [ you/PRP ] ,/,  [ we/PRP ] really/RB want/VBP to/TO go/VB --/:","(S (CC and) (, ,) (NP-SBJ (PRP I)) (VP (VBP tell) (NP (PRP you))) (, ,))|||(S (NP-SBJ-1 (PRP we)) (ADVP (RB really)) (VP (VBP want) (S (NP-SBJ (-NONE- *-1)) (VP (TO to) (VP (VB go) (NP-ADV (DT a) (NN lot)))))) (-DFL- E_S))",181|||182
sw05utt/sw_0551_3155.utt,3/sw3155,3155,123,b,A,73,1,Yeah. /,Yeah/UH ./.,(INTJ (UH Yeah) (. .) (-DFL- E_S)),184
sw05utt/sw_0551_3155.utt,3/sw3155,3155,124,+,B,74,1,-- a lot  /,--/:  [ a/DT lot/NN ],"(S (CC but) (NP-SBJ-1 (PRP he)) (VP (VBZ likes) (S (NP-SBJ (-NONE- *-1)) (EDITED (RM (-DFL- \[)) (VP-UNF (TO to)) (, ,) (IP (-DFL- \+))) (INTJ (UH uh)) (, ,) (VP (TO to) (RS (-DFL- \])) (VP (VB listen) (PP (IN to) (NP (NP (DT the) (NN music)) (CC and) (NP (NN stuff)))) (SBAR-ADV (IN if) (S (NP-SBJ (EX there)) (VP (BES 's) (NP-PRD (NP (DT a) (NN lot)) (PP (IN of) (NP (DT that)))) (EDITED (RM (-DFL- \[)) (PP (IN in) (NP-UNF (DT the) (NN m-))) (, ,) (IP (-DFL- \+))) (PP (IN in) (NP (DT the) (NN movie)))))))))) (. .) (RS (-DFL- \])) (-DFL- E_S))",170
sw05utt/sw_0551_3155.utt,3/sw3155,3155,125,sd,B,74,2,"{C and, } {F uh, } there's so much out on video now, that it's almost, {D you know, } - /","and/CC ,/,  [ uh/UH ] ,/,  [ there/EX ] 's/BES so/RB much/RB out/RB on/IN  [ video/NN ] now/RB ,/, that/IN  [ it/PRP ] 's/BES almost/RB ,/,  [ you/PRP ] know/VBP ,/,","(S (CC and) (, ,) (INTJ (UH uh)) (, ,) (NP-SBJ (EX there)) (VP (BES 's) (NP-PRD (NP (ADJP (RB so) (RB much))) (PP (RB out) (PP (IN on) (NP (NN video)))) (SBAR (-NONE- *ICH*-1))) (ADVP-TMP (RB now)) (, ,) (SBAR-1 (IN that) (S (NP-SBJ (PRP it)) (VP-UNF (BES 's) (ADVP (RB almost)) (PRN (, ,) (S (NP-SBJ (PRP you)) (VP (VBP know)))))))) (, ,) (-DFL- N_S))",186
sw05utt/sw_0551_3155.utt,3/sw3155,3155,126,sv,B,74,3,the movie comes out quicker than you can go see it.,[ the/DT movie/NN ] comes/VBZ out/RP quicker/RB than/IN  [ you/PRP ] can/MD go/VB see/VB  [ it/PRP ] ./.,(S (NP-SBJ (DT the) (NN movie)) (VP (VBZ comes) (PRT (RP out)) (ADVP (ADVP (RB quicker)) (SBAR (IN than) (S (NP-SBJ-1 (PRP you)) (VP (MD can) (VP (VB go) (S (NP-SBJ (-NONE- *-1)) (VP (VB see) (NP (PRP it)) (. .) (ADVP-TMP (RB Sometimes)))))))))) (. .) (-DFL- E_S)),187
sw05utt/sw_0551_3155.utt,3/sw3155,3155,127,b,A,75,1,Uh-huh. /,[ Uh-huh/UH ] ./.,(INTJ (UH Uh-huh) (. .) (-DFL- E_S)),155
sw05utt/sw_0551_3155.utt,3/sw3155,3155,128,+,B,76,1,Sometimes. /,Sometimes/RB ./.,(S (NP-SBJ (DT the) (NN movie)) (VP (VBZ comes) (PRT (RP out)) (ADVP (ADVP (RB quicker)) (SBAR (IN than) (S (NP-SBJ-1 (PRP you)) (VP (MD can) (VP (VB go) (S (NP-SBJ (-NONE- *-1)) (VP (VB see) (NP (PRP it)) (. .) (ADVP-TMP (RB Sometimes)))))))))) (. .) (-DFL- E_S)),187
sw05utt/sw_0551_3155.utt,3/sw3155,3155,129,aa@,A,77,1,That's right.   *[[slash error]],[ That/DT ] 's/BES right/JJ ./.,(S (NP-SBJ (DT That)) (VP (BES 's) (ADJP-PRD (JJ right))) (. .)),192
sw05utt/sw_0551_3155.utt,3/sw3155,3155,130,%,B,78,1,{D So. } /,So/UH ./.,(INTJ (UH So) (. .) (-DFL- E_S)),195
sw05utt/sw_0551_3155.utt,3/sw3155,3155,131,+,A,79,1,{C And then } they go to the dollar movies. /,And/CC then/RB  [ they/PRP ] go/VBP to/IN  [ the/DT dollar/NN movies/NNS ] ./.,(S (CONJP (CC And) (RB then)) (NP-SBJ (PRP they)) (VP (VBP go) (PP (IN to) (NP (DT the) (NN dollar) (NNS movies)))) (. .) (-DFL- E_S)),193
sw05utt/sw_0551_3155.utt,3/sw3155,3155,132,b,B,80,1,Uh-huh <laughter>.  /,[ Uh-huh/UH ] ./.,(INTJ (UH Uh-huh) (. .) (-DFL- E_S)),175
sw05utt/sw_0551_3155.utt,3/sw3155,3155,133,aa,B,80,2,That seems to happen.  /,[ That/DT ] seems/VBZ to/TO happen/VB ./.,(S (NP-SBJ-1 (DT That)) (VP (VBZ seems) (S (NP-SBJ (-NONE- *-1)) (VP (TO to) (VP (VB happen))))) (. .) (-DFL- E_S)),199
sw05utt/sw_0551_3155.utt,3/sw3155,3155,134,sd,B,80,3,"I noticed that DANCES WITH WOLVES was playing at the, {F uh, } Granada Theater. /","[ I/PRP ] noticed/VBD that/IN  [ DANCES/VBZ ] WITH/IN  [ WOLVES/NNS ] was/VBD playing/VBG at/IN  [ the/DT ] ,/,  [ uh/UH ] ,/,  [ Granada/NNP Theater/NNP ] ./.","(S (NP-SBJ (PRP I)) (VP (VBD noticed) (SBAR (IN that) (S (VP-TTL-SBJ (VBZ DANCES) (PP (IN WITH) (NP (NNS WOLVES)))) (VP (VBD was) (VP (VBG playing) (PP-LOC (IN at) (NP (DT the) (, ,) (INTJ (UH uh)) (, ,) (NNP Granada) (NNP Theater)))))))) (. .) (-DFL- E_S))",200
sw05utt/sw_0551_3155.utt,3/sw3155,3155,135,b,A,81,1,Uh-huh. /,[ Uh-huh/UH ] ./.,(INTJ (UH Uh-huh) (. .) (-DFL- E_S)),175
sw05utt/sw_0551_3155.utt,3/sw3155,3155,136,sd,B,82,1,"{C And, } {F uh, } someone said that was a lot of fun to go do.  /","And/CC ,/,  [ uh/UH ] ,/,  [ someone/NN ] said/VBD  [ that/DT ] was/VBD  [ a/DT lot/NN ] of/IN  [ fun/NN ] to/TO go/VB do/VB ./.","(S (CC And) (, ,) (INTJ (UH uh)) (, ,) (NP-SBJ (NN someone)) (VP (VBD said) (SBAR (-NONE- 0) (S (NP-SBJ (DT that)) (VP (VBD was) (NP-PRD (NP (DT a) (NN lot)) (PP (IN of) (NP (NN fun))) (SBAR (WHNP-2 (-NONE- 0)) (S (NP-SBJ-1 (-NONE- *)) (VP (TO to) (VP (VB go) (S (NP-SBJ (-NONE- *-1)) (VP (VB do) (NP (-NONE- *T*-2))))))))))))) (. .) (-DFL- E_S))",204
sw05utt/sw_0551_3155.utt,3/sw3155,3155,137,sd,B,82,2,You can have dinner and everything while you watch the movie.  /,[ You/PRP ] can/MD have/VB  [ dinner/NN ] and/CC  [ everything/NN ] while/IN  [ you/PRP ] watch/VBP  [ the/DT movie/NN ] ./.,(S (NP-SBJ (PRP You)) (VP (MD can) (VP (VP (VB have) (NP (NN dinner))) (CC and) (NP-ETC (NN everything)) (SBAR-TMP (IN while) (S (NP-SBJ (PRP you)) (VP (VBP watch) (NP (DT the) (NN movie))))))) (. .) (-DFL- E_S)),205
sw05utt/sw_0551_3155.utt,3/sw3155,3155,138,sv,B,82,3,I thought that might be kind of fun to do. /,[ I/PRP ] thought/VBD  [ that/DT ] might/MD be/VB  [ kind/RB ] of/RB  [ fun/NN ] to/TO do/VB ./.,(S (NP-SBJ (PRP I)) (VP (VBD thought) (SBAR (-NONE- 0) (S (NP-SBJ (DT that)) (VP (MD might) (VP (VB be) (ADJP-PRD (ADVP (RB kind) (RB of)) (NN fun) (SBAR (WHNP-1 (-NONE- 0)) (S (NP-SBJ (-NONE- *)) (VP (TO to) (VP (VB do) (NP (-NONE- *T*-1)))))))))))) (. .) (-DFL- E_S)),206
sw05utt/sw_0551_3155.utt,3/sw3155,3155,139,aa,A,83,1,"Yeah,  /","Yeah/UH ,/,","(INTJ (UH Yeah) (, ,) (-DFL- E_S))",208
sw05utt/sw_0551_3155.utt,3/sw3155,3155,140,sv,A,83,2,that does sound fun. /,[ that/WDT ] does/VBZ  [ sound/VB fun/NN ] ./.,(S (NP-SBJ (WDT that)) (VP (VBZ does) (VP (VB sound) (ADJP-PRD (NN fun)))) (. .) (-DFL- E_S)),209
sw05utt/sw_0551_3155.utt,3/sw3155,3155,141,sv,B,84,1,"{C And, } of course, you need a baby-sitter for that <laughter>.  /","And/CC ,/, of/IN  [ course/NN ] ,/,  [ you/PRP ] need/VBP  [ a/DT baby-sitter/NN ] for/IN  [ that/DT ] ./.","(S (CC And) (, ,) (PP (IN of) (NP (NN course))) (, ,) (NP-SBJ (PRP you)) (VP (VBP need) (NP (DT a) (NN baby-sitter)) (PP (IN for) (NP (DT that)))) (. .) (-DFL- E_S))",211
sw05utt/sw_0551_3155.utt,3/sw3155,3155,142,sv,B,84,2,Definitely.  /,Definitely/RB ./.,(ADVP (RB Definitely) (. .) (-DFL- E_S)),212
sw05utt/sw_0551_3155.utt,3/sw3155,3155,143,%,B,84,3,"{C But, } {F uh, } {D no, }  /","But/CC ,/,  [ uh/UH ] ,/, no/RB ,/,","(FRAG (CC But) (, ,) (INTJ (UH uh)) (, ,) (INTJ (RB no)) (, ,) (-DFL- E_S))",213
sw05utt/sw_0551_3155.utt,3/sw3155,3155,144,sd,B,84,4,I'd really like to get out to the movies more often.  /,[ I/PRP ] 'd/MD really/RB like/VB to/TO get/VB out/RB to/IN  [ the/DT movies/NNS ] more/RBR often/RB ./.,(S (NP-SBJ-1 (PRP I)) (VP (MD 'd) (ADVP (RB really)) (VP (VB like) (S (NP-SBJ (-NONE- *-1)) (VP (TO to) (VP (VB get) (PP (RB out) (PP (IN to) (NP (DT the) (NNS movies)))) (ADVP-TMP (RBR more) (RB often))))))) (. .) (-DFL- E_S)),214
sw05utt/sw_0551_3155.utt,3/sw3155,3155,145,sv,B,84,5,"Course, it's so expensive, now, too --","[ Course/NN ] ,/,  [ it/PRP ] 's/BES so/RB expensive/JJ ,/, now/RB ,/, too/RB --/:","(S (NP-ADV (NN Course)) (, ,) (NP-SBJ (PRP it)) (VP (BES 's) (ADJP-PRD (ADJP (RB so) (JJ expensive)) (SBAR (-NONE- *ICH*-1))) (, ,) (ADVP-TMP (RB now)) (, ,) (ADVP (RB too)) (SBAR-1 (IN that) (S (NP-SBJ (PRP you)) (VP (MD ca) (RB n't) (ADVP (RB hardly)) (VP (VB afford) (NP (PRP it))))))) (. .) (-DFL- E_S))",215
sw05utt/sw_0551_3155.utt,3/sw3155,3155,146,b,A,85,1,Right. /,[ Right/UH ] ./.,(INTJ (UH Right) (. .) (-DFL- E_S)),217
sw05utt/sw_0551_3155.utt,3/sw3155,3155,147,+,B,86,1,-- that you can't hardly afford it.  /,--/: that/IN  [ you/PRP ] ca/MD n't/RB hardly/RB afford/VB  [ it/PRP ] ./.,"(S (NP-ADV (NN Course)) (, ,) (NP-SBJ (PRP it)) (VP (BES 's) (ADJP-PRD (ADJP (RB so) (JJ expensive)) (SBAR (-NONE- *ICH*-1))) (, ,) (ADVP-TMP (RB now)) (, ,) (ADVP (RB too)) (SBAR-1 (IN that) (S (NP-SBJ (PRP you)) (VP (MD ca) (RB n't) (ADVP (RB hardly)) (VP (VB afford) (NP (PRP it))))))) (. .) (-DFL- E_S))",215
sw05utt/sw_0551_3155.utt,3/sw3155,3155,148,sd,B,86,2,"[ I, + I ] know we get discount tickets --","[ I/PRP ] ,/,  [ I/PRP ] know/VBP  [ we/PRP ] get/VBP  [ discount/NN tickets/NNS ] --/:","(S (EDITED (RM (-DFL- \[)) (NP-SBJ (PRP I)) (, ,) (IP (-DFL- \+))) (NP-SBJ (PRP I)) (RS (-DFL- \])) (VP (VBP know) (SBAR (-NONE- 0) (S (NP-SBJ (PRP we)) (VP (VBP get) (NP (NN discount) (NNS tickets)) (SBAR-LOC (WHADVP-1 (WRB where)) (S (NP-SBJ (PRP$ my) (NN husband)) (VP (VBZ works) (ADVP-LOC (-NONE- *T*-1))))))))) (, ,) (-DFL- E_S))",219
sw05utt/sw_0551_3155.utt,3/sw3155,3155,149,b,A,87,1,Uh-huh. /,[ Uh-huh/UH ] ./.,(INTJ (UH Uh-huh) (. .) (-DFL- E_S)),189
sw05utt/sw_0551_3155.utt,3/sw3155,3155,150,+,B,88,1,"-- where my husband works,  /","--/: where/WRB  [ my/PRP$ husband/NN ] works/VBZ ,/,","(S (EDITED (RM (-DFL- \[)) (NP-SBJ (PRP I)) (, ,) (IP (-DFL- \+))) (NP-SBJ (PRP I)) (RS (-DFL- \])) (VP (VBP know) (SBAR (-NONE- 0) (S (NP-SBJ (PRP we)) (VP (VBP get) (NP (NN discount) (NNS tickets)) (SBAR-LOC (WHADVP-1 (WRB where)) (S (NP-SBJ (PRP$ my) (NN husband)) (VP (VBZ works) (ADVP-LOC (-NONE- *T*-1))))))))) (, ,) (-DFL- E_S))",219
sw05utt/sw_0551_3155.utt,3/sw3155,3155,151,sv,B,88,2,"{C but, } other than that it just seems like it's so expensive.  /","but/CC ,/, other/JJ than/IN that/IN  [ it/PRP ] just/RB seems/VBZ like/IN  [ it/PRP ] 's/BES so/RB expensive/JJ ./.","(S (CC but) (, ,) (ADVP (JJ other) (PP (IN than) (NP (IN that)))) (NP-SBJ (PRP it)) (ADVP (RB just)) (VP (VBZ seems) (SBAR (IN like) (S (NP-SBJ (PRP it)) (VP (BES 's) (ADJP-PRD (RB so) (JJ expensive)))))) (. .) (-DFL- E_S))",223
sw05utt/sw_0551_3155.utt,3/sw3155,3155,152,sv,B,88,3,"{C And then } the popcorn and everything else,  /","And/CC then/RB  [ the/DT popcorn/NN ] and/CC  [ everything/NN ] else/RB ,/,","(FRAG (CONJP (CC And) (RB then)) (NP (NP (DT the) (NN popcorn)) (CC and) (NP (NP (NN everything)) (ADVP (RB else)))) (, ,) (-DFL- E_S))",224
sw05utt/sw_0551_3155.utt,3/sw3155,3155,153,sv,B,88,4,you almost can't afford to do it.,[ you/PRP ] almost/RB ca/MD n't/RB afford/VB to/TO do/VB  [ it/PRP ] ./.,(S (NP-SBJ-1 (PRP you)) (ADVP (RB almost)) (VP (MD ca) (RB n't) (VP (VB afford) (S (NP-SBJ (-NONE- *-1)) (VP (TO to) (VP (VB do) (NP (PRP it))))) (. .) (ADVP (DT No) (NN matter) (FRAG (WHNP (WP what)))))) (. .) (-DFL- E_S)),225
sw05utt/sw_0551_3155.utt,3/sw3155,3155,154,aa,A,89,1,That's right. /,[ That/DT ] 's/BES right/JJ ./.,(S (NP-SBJ (DT That)) (VP (BES 's) (ADJP-PRD (JJ right))) (. .)),192
sw05utt/sw_0551_3155.utt,3/sw3155,3155,155,+,B,90,1,No matter what.  /,[ No/DT matter/NN ] [ what/WP ] ./.,(S (NP-SBJ-1 (PRP you)) (ADVP (RB almost)) (VP (MD ca) (RB n't) (VP (VB afford) (S (NP-SBJ (-NONE- *-1)) (VP (TO to) (VP (VB do) (NP (PRP it))))) (. .) (ADVP (DT No) (NN matter) (FRAG (WHNP (WP what)))))) (. .) (-DFL- E_S)),225
sw05utt/sw_0551_3155.utt,3/sw3155,3155,156,%,B,90,2,"Although we did actually get, - /","Although/IN  [ we/PRP ] did/VBD actually/RB get/VB ,/,","(SBAR-ADV (IN Although) (S (NP-SBJ (PRP we)) (VP (VBD did) (ADVP (RB actually)) (VP-UNF (VB get)))) (, ,) (-DFL- N_S))",229
sw05utt/sw_0551_3155.utt,3/sw3155,3155,157,sd,B,90,3,"we went on vacation couple months ago,  /","[ we/PRP ] went/VBD on/IN  [ vacation/NN couple/NN months/NNS ] ago/RB ,/,","(S (NP-SBJ (PRP we)) (VP (VBD went) (PP (IN on) (NP (NN vacation)) (ADVP-TMP (NP (NN couple) (NNS months)) (RB ago)))) (, ,) (-DFL- E_S))",230
sw05utt/sw_0551_3155.utt,3/sw3155,3155,158,sd,B,90,4,{C and } we got to go see WHAT ABOUT BOB? /,and/CC  [ we/PRP ] got/VBD to/TO go/VB see/VB  [ WHAT/WP ] ABOUT/IN  [ BOB/NNP ] ?/.,(S (CC and) (NP-SBJ-1 (PRP we)) (VP (VBD got) (S (NP-SBJ-2 (-NONE- *-1)) (VP (TO to) (VP (VB go) (S (NP-SBJ (-NONE- *-2)) (VP (VB see) (FRAG-TTL (WHNP (WP WHAT)) (PP (IN ABOUT) (NP (NNP BOB)))))))))) (. ?) (-DFL- E_S)),231
sw05utt/sw_0551_3155.utt,3/sw3155,3155,159,b,A,91,1,Uh-huh. /,[ Uh-huh/UH ] ./.,(INTJ (UH Uh-huh) (. .) (-DFL- E_S)),198
sw05utt/sw_0551_3155.utt,3/sw3155,3155,160,sd,B,92,1,"That was kind of a funny movie with, {F uh, } Richard Dreyfuss and  Bill Murray. /","[ That/DT ] was/VBD  [ kind/NN ] of/IN  [ a/DT funny/JJ movie/NN ] with/IN ,/,  [ uh/UH ] ,/,  [ Richard/NNP Dreyfuss/NNP ] and/CC  [ Bill/NNP Murray/NNP ] ./.","(S (NP-SBJ (DT That)) (VP (VBD was) (NP-PRD (NP (ADVP (NN kind) (IN of)) (DT a) (JJ funny) (NN movie)) (PP (IN with) (, ,) (INTJ (UH uh)) (, ,) (NP (NP (NNP Richard) (NNP Dreyfuss)) (CC and) (NP (NNP Bill) (NNP Murray)))))) (. .) (-DFL- E_S))",235
sw05utt/sw_0551_3155.utt,3/sw3155,3155,161,b,A,93,1,Uh-huh. /,[ Uh-huh/UH ] ./.,(INTJ (UH Uh-huh) (. .) (-DFL- E_S)),202
sw05utt/sw_0551_3155.utt,3/sw3155,3155,162,sd,B,94,1,That was fun. /,[ That/DT ] was/VBD fun/JJ ./.,(S (NP-SBJ (DT That)) (VP (VBD was) (ADJP-PRD (JJ fun))) (. .) (-DFL- E_S)),239
sw05utt/sw_0551_3155.utt,3/sw3155,3155,163,fe,A,95,1,"Golly,  /","[ Golly/UH ] ,/,","(INTJ (UH Golly) (, ,) (-DFL- E_S))",241
sw05utt/sw_0551_3155.utt,3/sw3155,3155,164,sd,A,95,2,I don't think that I've ever heard of that movie. /,[ I/PRP ] do/VBP n't/RB think/VB that/IN  [ I/PRP ] 've/VBP ever/RB heard/VBN of/IN  [ that/DT movie/NN ] ./.,(S (NP-SBJ (PRP I)) (VP (VBP do) (RB n't) (VP (VB think) (SBAR (IN that) (S (NP-SBJ (PRP I)) (VP (VBP 've) (ADVP-TMP (RB ever)) (VP (VBN heard) (PP (IN of) (NP (DT that) (NN movie))))))))) (. .) (-DFL- E_S)),242
sw05utt/sw_0551_3155.utt,3/sw3155,3155,165,sd,B,96,1,"{F Oh, } [ he's a, + Richard Dreyfuss is a,  ] {F uh, } psychiatrist  /","Oh/UH ,/,  [ he/PRP ] 's/BES  [ a/DT ] ,/,  [ Richard/NNP Dreyfuss/NNP ] is/VBZ  [ a/DT ] ,/,  [ uh/UH ] ,/,  [ psychiatrist/NN ]","(S (INTJ (UH Oh)) (, ,) (EDITED (RM (-DFL- \[)) (S (NP-SBJ (PRP he)) (VP (BES 's) (NP-PRD-UNF (DT a)))) (, ,) (IP (-DFL- \+))) (NP-SBJ (NNP Richard) (NNP Dreyfuss)) (VP (VBZ is) (NP-PRD (DT a) (, ,) (RS (-DFL- \])) (INTJ (UH uh)) (, ,) (NN psychiatrist))) (-DFL- E_S))",244
sw05utt/sw_0551_3155.utt,3/sw3155,3155,166,sd,B,96,2,{C and } Bob is his patient  /,and/CC  [ Bob/NNP ] is/VBZ  [ his/PRP$ patient/NN ],(S (CC and) (NP-SBJ (NNP Bob)) (VP (VBZ is) (NP-PRD (PRP$ his) (NN patient))) (-DFL- E_S)),245
sw05utt/sw_0551_3155.utt,3/sw3155,3155,167,sd,B,96,3,{C and } Bob follows him on vacation.  /,and/CC  [ Bob/NNP ] follows/VBZ  [ him/PRP ] on/IN  [ vacation/NN ] ./.,(S (CC and) (NP-SBJ (NNP Bob)) (VP (VBZ follows) (NP (PRP him)) (PP (IN on) (NP (NN vacation)))) (. .) (-DFL- E_S)),246
sw05utt/sw_0551_3155.utt,3/sw3155,3155,168,%,B,96,4,"It's, {F uh, } -/","[ It/PRP ] [ 's/BES ] ,/,  [ uh/UH ] ,/,","(S (NP-SBJ (PRP It)) (VP-UNF (BES 's) (, ,) (INTJ (UH uh))) (, ,) (-DFL- N_S))",247
sw05utt/sw_0551_3155.utt,3/sw3155,3155,169,qy^d,A,97,1,"{F Oh, } [ that's the, + that's the  ] one where they burn down the house or something -- /","Oh/UH ,/,  [ that/DT ] 's/BES  [ the/DT ] ,/,  [ that/DT ] 's/BES  [ the/DT one/CD ] where/WRB  [ they/PRP ] burn/VBP down/RP  [ the/DT house/NN ] or/CC  [ something/NN ] --/:","(S (INTJ (UH Oh)) (, ,) (EDITED (RM (-DFL- \[)) (S (NP-SBJ (DT that)) (VP (BES 's) (NP-PRD-UNF (DT the)))) (, ,) (IP (-DFL- \+))) (NP-SBJ (DT that)) (VP (BES 's) (NP-PRD (NP (DT the) (RS (-DFL- \])) (CD one)) (SBAR (WHADVP-1 (WRB where)) (S (NP-SBJ (PRP they)) (VP (VP (VBP burn) (PRT (RP down)) (NP (DT the) (NN house))) (CC or) (NP-ETC (NN something)) (ADVP (-NONE- *T*-1))))))) (-DFL- E_S))",249
sw05utt/sw_0551_3155.utt,3/sw3155,3155,170,ny,B,98,1,"Uh-huh,  /","[ Uh-huh/UH ] ,/,","(INTJ (UH Uh-huh) (, ,) (-DFL- E_S))",251
sw05utt/sw_0551_3155.utt,3/sw3155,3155,171,ny^r,B,98,2,uh-huh <swallowing>. /,[ uh-huh/UH ] ./.,(INTJ (UH uh-huh) (. .) (-DFL- E_S)),252
sw05utt/sw_0551_3155.utt,3/sw3155,3155,172,qy,A,99,1,-- the house explodes? /,--/:  [ the/DT house/NN ] explodes/VBZ ?/.,(S (NP-SBJ (DT the) (NN house)) (VP (VBZ explodes)) (. ?) (-DFL- E_S)),254
sw05utt/sw_0551_3155.utt,3/sw3155,3155,173,ny,B,100,1,Uh-huh. /,[ Uh-huh/UH ] ./.,(INTJ (UH Uh-huh) (. .) (-DFL- E_S)),233
sw05utt/sw_0551_3155.utt,3/sw3155,3155,174,bk,A,101,1,"{F Oh, } okay. /","Oh/UH ,/, okay/UH ./.","(INTJ (INTJ (UH Oh)) (, ,) (INTJ (UH okay)) (. .) (-DFL- E_S))",258
sw05utt/sw_0551_3155.utt,3/sw3155,3155,175,ny,B,102,1,"Yeah,  /","Yeah/UH ,/,","(INTJ (UH Yeah) (, ,) (-DFL- E_S))",260
sw05utt/sw_0551_3155.utt,3/sw3155,3155,176,sd^e,B,102,2,that's the one. /,[ that/DT ] 's/BES  [ the/DT one/CD ] ./.,(S (NP-SBJ (DT that)) (VP (BES 's) (NP-PRD (DT the) (CD one))) (. .) (-DFL- E_S)),261
sw05utt/sw_0551_3155.utt,3/sw3155,3155,177,bk,A,103,1,"Okay,  /","Okay/UH ,/,","(INTJ (UH Okay) (, ,) (-DFL- E_S))",263
sw05utt/sw_0551_3155.utt,3/sw3155,3155,178,%,A,103,2,yeah.  /,yeah/UH ./.,(INTJ (UH yeah) (. .) (-DFL- E_S)),264
sw05utt/sw_0551_3155.utt,3/sw3155,3155,179,sd,A,103,3,"Another movie that I want to see if it ever comes out on video so I can see it without my daughter around is, {F uh, } {F oh, } - /","[ Another/DT movie/NN ] that/WDT  [ I/PRP ] want/VBP to/TO see/VB if/IN  [ it/PRP ] ever/RB comes/VBZ out/RP on/IN  [ video/NN ] so/IN  [ I/PRP ] can/MD see/VB  [ it/PRP ] without/IN  [ my/PRP$ daughter/NN ] around/RB is/VBZ ,/,  [ uh/UH ] ,/, oh/UH ,/,","(S (NP-SBJ (NP (DT Another) (NN movie)) (SBAR (WHNP-2 (WDT that)) (S (NP-SBJ-1 (PRP I)) (VP (VBP want) (S (NP-SBJ (-NONE- *-1)) (VP (TO to) (VP (VB see) (NP (-NONE- *T*-2)) (SBAR-ADV (IN if) (S (NP-SBJ (PRP it)) (ADVP-TMP (RB ever)) (VP (VBZ comes) (PRT (RP out)) (PP (IN on) (NP (NN video))) (SBAR-PRP (IN so) (S (NP-SBJ (PRP I)) (VP (MD can) (VP (VB see) (NP (PRP it)) (SBAR-ADV (IN without) (S (NP-SBJ (PRP$ my) (NN daughter)) (ADVP-PRD (RB around)))))))))))))))))) (VP-UNF (VBZ is) (, ,) (INTJ (UH uh)) (, ,) (INTJ (UH oh))) (, ,) (-DFL- N_S))",265
sw05utt/sw_0551_3155.utt,3/sw3155,3155,180,^h,A,103,4,I just forgot the title of it.   /,[ I/PRP ] just/RB forgot/VBD  [ the/DT title/NN ] of/IN  [ it/PRP ] ./.,(S (NP-SBJ (PRP I)) (ADVP (RB just)) (VP (VBD forgot) (NP (NP (DT the) (NN title)) (PP (IN of) (NP (PRP it))))) (. .) (-DFL- E_S)),266
sw05utt/sw_0551_3155.utt,3/sw3155,3155,181,sd,A,103,5,"{F Uh } <breathing>.  {F Oh, } it's supposed to be a real scary one <lipsmack>.  /","[ Uh/UH ] ./.  Oh/UH ,/,  [ it/PRP ] 's/BES supposed/VBN to/TO be/VB  [ a/DT real/RB scary/JJ one/CD ] ./.","(S (INTJ (UH Uh)) (. .) (INTJ (UH Oh)) (, ,) (NP-SBJ-1 (PRP it)) (VP (BES 's) (VP (VBN supposed) (S (NP-SBJ (-NONE- *-1)) (VP (TO to) (VP (VB be) (NP-PRD (DT a) (ADJP (RB real) (JJ scary)) (CD one))))))) (. .) (-DFL- E_S))",267
sw05utt/sw_0551_3155.utt,3/sw3155,3155,182,^h,A,103,6,"{F Uh, } darn,  /","[ Uh/UH ] ,/, darn/UH ,/,","(INTJ (INTJ (UH Uh)) (, ,) (INTJ (UH darn)) (, ,) (-DFL- E_S))",268
sw05utt/sw_0551_3155.utt,3/sw3155,3155,183,sd,A,103,7,"{D well, }  [ here, + here's  ] another one that I've seen.  /","well/UH ,/, here/RB ,/, here/RB 's/BES  [ another/DT ] [ one/NN ] that/IN  [ I/PRP ] 've/VBP seen/VBN ./.","(SINV (INTJ (UH well)) (, ,) (EDITED (RM (-DFL- \[)) (ADVP-LOC-PRD (RB here)) (, ,) (IP (-DFL- \+))) (ADVP-LOC-PRD-TPC-2 (RB here)) (VP (BES 's) (ADVP-LOC-PRD (-NONE- *T*-2))) (RS (-DFL- \])) (NP-SBJ (NP (DT another) (NN one)) (SBAR (WHNP-1 (IN that)) (S (NP-SBJ (PRP I)) (VP (VBP 've) (VP (VBN seen) (NP (-NONE- *T*-1))))))) (. .) (-DFL- E_S))",269
sw05utt/sw_0551_3155.utt,3/sw3155,3155,184,%,A,103,8,"I saw, {F uh, } - /","[ I/PRP ] saw/VBD ,/,  [ uh/UH ] ,/,","(S (NP-SBJ (PRP I)) (VP-UNF (VBD saw) (, ,) (INTJ (UH uh))) (, ,) (-DFL- N_S))",270
sw05utt/sw_0551_3155.utt,3/sw3155,3155,185,sd,A,103,9,"I can't remember the title of it, either <laughter>. /","[ I/PRP ] ca/MD n't/RB remember/VB  [ the/DT title/NN ] of/IN  [ it/PRP ] ,/, either/RB ./.","(S (NP-SBJ (PRP I)) (VP (MD ca) (RB n't) (VP (VB remember) (NP (NP (DT the) (NN title)) (PP (IN of) (NP (PRP it)))) (, ,) (ADVP (RB either)))) (. .) (-DFL- E_S))",271
sw05utt/sw_0551_3155.utt,3/sw3155,3155,186,sv,B,104,1,Must have left an impression. /,Must/MD have/VB left/VBN  [ an/DT impression/NN ] ./.,(S (NP-SBJ (-NONE- *)) (VP (MD Must) (VP (VB have) (VP (VBN left) (NP (DT an) (NN impression))))) (. .) (-DFL- E_S)),273
