swda_filename,ptb_basename,conversation_no,transcript_index,act_tag,caller,utterance_index,subutterance_index,text,pos,trees,ptb_treenumbers
sw05utt/sw_0555_3294.utt,3/sw3294,3294,0,^h,B,1,1,"{D Well, } let's see. /","Well/UH ,/, let/VB  [ 's/PRP ] see/VB ./.","(S-IMP (INTJ (UH Well)) (, ,) (NP-SBJ (-NONE- *)) (VP (VB let) (S (NP-SBJ (PRP 's)) (VP (VB see)))) (. .) (-DFL- E_S))",1
sw05utt/sw_0555_3294.utt,3/sw3294,3294,1,qo,A,2,1,"[ {C So } what, +","So/UH  [ what/WP ] ,/,","(SBARQ (EDITED (RM (-DFL- \[)) (SBARQ-UNF (RB So) (WHNP (WP what))) (, ,) (IP (-DFL- \+))) (RB So) (WHNP-1 (WP what)) (RS (-DFL- \])) (SQ (NP-SBJ (-NONE- *T*-1)) (VP (VBZ gets) (NP (PRP you)))) (. ?) (-DFL- E_S))",3
sw05utt/sw_0555_3294.utt,3/sw3294,3294,2,%,B,3,1,"# As far as I'm # , -/","As/RB far/RB as/IN  [ I/PRP ] 'm/VBP ,/,","(ADVP (ADVP (RB As) (RB far)) (SBAR (IN as) (S (NP-SBJ (PRP I)) (VP-UNF (VBP 'm)))) (, ,) (-DFL- N_S))",5
sw05utt/sw_0555_3294.utt,3/sw3294,3294,3,+,A,4,1,# {C So } what ] # gets you? /,So/UH  [ what/WP ] gets/VBZ  [ you/PRP ] ?/.,"(SBARQ (EDITED (RM (-DFL- \[)) (SBARQ-UNF (RB So) (WHNP (WP what))) (, ,) (IP (-DFL- \+))) (RB So) (WHNP-1 (WP what)) (RS (-DFL- \])) (SQ (NP-SBJ (-NONE- *T*-1)) (VP (VBZ gets) (NP (PRP you)))) (. ?) (-DFL- E_S))",3
sw05utt/sw_0555_3294.utt,3/sw3294,3294,4,sd,B,5,1,"{D Well, } the thing I think that annoys me the most is, [ I have, + I have  ] young children, a baby in the house  /","Well/UH ,/,  [ the/DT thing/NN ] [ I/PRP ] think/VBP  [ that/WDT ] annoys/VBZ  [ me/PRP ] [ the/DT most/JJS ] is/VBZ ,/,  [ I/PRP ] have/VBP ,/,  [ I/PRP ] have/VBP  [ young/JJ children/NNS ] ,/,  [ a/DT baby/NN ] in/IN  [ the/DT house/NN ]","(S (INTJ (UH Well)) (, ,) (NP-SBJ (NP (DT the) (NN thing)) (SBAR (WHNP-1 (-NONE- 0)) (S (NP-SBJ (PRP I)) (VP (VBP think) (SBAR (WDT that) (S (NP-SBJ (-NONE- *T*-1)) (VP (VBZ annoys) (NP (PRP me)) (ADVP (DT the) (JJS most))))))))) (VP (VBZ is) (, ,) (SBAR-PRD (-NONE- 0) (S (EDITED (RM (-DFL- \[)) (S (NP-SBJ (PRP I)) (VP-UNF (VBP have))) (, ,) (IP (-DFL- \+))) (NP-SBJ (PRP I)) (VP (VBP have) (RS (-DFL- \])) (NP (NP (JJ young) (NNS children)) (, ,) (NP (DT a) (NN baby))) (PP-LOC (IN in) (NP (DT the) (NN house))))))) (-DFL- E_S))",8
sw05utt/sw_0555_3294.utt,3/sw3294,3294,5,sd,B,5,2,"[ {C and, } + {C and }  ] inevitably as soon as they're asleep, someone calls on the phone trying to sell me something. /","and/CC ,/, and/CC inevitably/RB as/RB soon/RB as/IN  [ they/PRP ] 're/VBP asleep/RB ,/,  [ someone/NN ] calls/VBZ on/IN  [ the/DT phone/NN ] trying/VBG to/TO sell/VB  [ me/PRP ] [ something/NN ] ./.","(S (EDITED (RM (-DFL- \[)) (CC and) (, ,) (IP (-DFL- \+))) (CC and) (RS (-DFL- \])) (ADVP (RB inevitably)) (ADVP-TMP (ADVP (RB as) (RB soon)) (SBAR (IN as) (S (NP-SBJ (PRP they)) (VP (VBP 're) (ADJP-PRD (RB asleep)))))) (, ,) (NP-SBJ-1 (NN someone)) (VP (VBZ calls) (PP (IN on) (NP (DT the) (NN phone))) (S-ADV (NP-SBJ-2 (-NONE- *-1)) (VP (VBG trying) (S (NP-SBJ (-NONE- *-2)) (VP (TO to) (VP (VB sell) (NP (PRP me)) (NP (NN something)))))))) (. .) (-DFL- E_S))",9
sw05utt/sw_0555_3294.utt,3/sw3294,3294,6,b,A,6,1,Uh-huh. /,[ Uh-huh/UH ] ./.,(INTJ (UH Uh-huh) (. .) (-DFL- E_S)),11
sw05utt/sw_0555_3294.utt,3/sw3294,3294,7,sv,B,7,1,"{C And } I think  that, that   is probably the most aggravating <laughter>. /","And/CC  [ I/PRP ] think/VBP that/DT ,/, that/DT is/VBZ probably/RB  [ the/DT most/RBS ] aggravating/JJ ./.","(S (CC And) (NP-SBJ (PRP I)) (VP (VBP think) (SBAR (DT that) (, ,) (S (NP-SBJ (DT that)) (VP (VBZ is) (ADVP (RB probably)) (NP-PRD (DT the) (ADJP (RBS most) (JJ aggravating))))))) (. .) (-DFL- E_S))",13
sw05utt/sw_0555_3294.utt,3/sw3294,3294,8,b,A,8,1,Uh-huh. /,[ Uh-huh/UH ] ./.,(INTJ (UH Uh-huh) (. .) (-DFL- E_S)),11
sw05utt/sw_0555_3294.utt,3/sw3294,3294,9,sv,B,9,1,"{F Uh, } {D you know, } it invades my time.  /","[ Uh/UH ] ,/,  [ you/PRP ] know/VBP ,/,  [ it/PRP ] invades/VBZ  [ my/PRP$ time/NN ] ./.","(S (INTJ (UH Uh)) (PRN (, ,) (S (NP-SBJ (PRP you)) (VP (VBP know))) (, ,)) (NP-SBJ (PRP it)) (VP (VBZ invades) (NP (PRP$ my) (NN time))) (. .) (-DFL- E_S))",17
sw05utt/sw_0555_3294.utt,3/sw3294,3294,10,sd,B,9,2,I'm the one that pays for the phone.  /,[ I/PRP ] 'm/VBP  [ the/DT one/NN ] [ that/WDT ] pays/VBZ for/IN  [ the/DT phone/NN ] ./.,(S (NP-SBJ (PRP I)) (VP (VBP 'm) (NP-PRD (NP (DT the) (NN one)) (SBAR (WHNP-1 (WDT that)) (S (NP-SBJ (-NONE- *T*-1)) (VP (VBZ pays) (PP (IN for) (NP (DT the) (NN phone)))))))) (. .) (-DFL- E_S)),18
sw05utt/sw_0555_3294.utt,3/sw3294,3294,11,sd,B,9,3,"{F Uh, } if I want to buy something, I'll take the initiative [ and, + and  ] go find it, {D you know. }  /","[ Uh/UH ] ,/, if/IN  [ I/PRP ] want/VBP to/TO buy/VB  [ something/NN ] ,/,  [ I/PRP ] 'll/MD take/VB  [ the/DT initiative/NN ] and/CC ,/, and/CC go/VB find/VB  [ it/PRP ] ,/,  [ you/PRP ] know/VBP ./.","(S (INTJ (UH Uh)) (, ,) (SBAR-ADV (IN if) (S (NP-SBJ-1 (PRP I)) (VP (VBP want) (S (NP-SBJ (-NONE- *-1)) (VP (TO to) (VP (VB buy) (NP (NN something)))))))) (, ,) (NP-SBJ-2 (PRP I)) (VP (MD 'll) (VP (VP (VB take) (NP (DT the) (NN initiative))) (EDITED (RM (-DFL- \[)) (CC and) (, ,) (IP (-DFL- \+))) (CC and) (RS (-DFL- \])) (VP (VB go) (S (NP-SBJ (-NONE- *-2)) (VP (VB find) (NP (PRP it))))) (PRN (, ,) (S (NP-SBJ (PRP you)) (VP (VBP know)))))) (. .) (-DFL- E_S))",19
sw05utt/sw_0555_3294.utt,3/sw3294,3294,12,sv,B,9,4,{C And } that just really does <breathing> aggravate me.  /,And/CC that/IN just/RB really/RB does/VBZ aggravate/VB  [ me/PRP ] ./.,(S (CC And) (NP-SBJ (IN that)) (ADVP (RB just)) (ADVP (RB really)) (VP (VBZ does) (VP (VB aggravate) (NP (PRP me)))) (. .) (-DFL- E_S)),20
sw05utt/sw_0555_3294.utt,3/sw3294,3294,13,qo,B,9,5,"{F Uh, } what do you think? /","[ Uh/UH ] ,/,  [ what/WP ] do/VBP  [ you/PRP ] think/VB ?/.","(SBARQ (INTJ (UH Uh)) (, ,) (WHNP-1 (WP what)) (SQ (VBP do) (NP-SBJ (PRP you)) (VP (VB think) (NP (-NONE- *T*-1)))) (. ?) (-DFL- E_S))",21
sw05utt/sw_0555_3294.utt,3/sw3294,3294,14,%,A,10,1,"{D Well, } {E I mean } I, - /","Well/UH ,/,  [ I/PRP ] mean/VBP  [ I/PRP ] ,/,","(S-UNF (INTJ (UH Well)) (PRN (, ,) (S (NP-SBJ (PRP I)) (VP (VBP mean)))) (NP-SBJ (PRP I)) (, ,) (-DFL- N_S))",23
sw05utt/sw_0555_3294.utt,3/sw3294,3294,15,sd,A,10,2,that's exactly the kind of thing I would have said.  /,[ that/WDT ] 's/BES exactly/RB  [ the/DT kind/NN ] of/IN  [ thing/NN ] [ I/PRP ] would/MD have/VB said/VBD ./.,(S (NP-SBJ (WDT that)) (VP (BES 's) (ADVP (RB exactly)) (NP-PRD (NP (DT the) (NN kind)) (PP (IN of) (NP (NN thing))) (SBAR (WHNP-1 (-NONE- 0)) (S (NP-SBJ (PRP I)) (VP (MD would) (VP (VB have) (VP (VBD said) (NP (-NONE- *T*-1))))))))) (. .) (-DFL- E_S)),24
sw05utt/sw_0555_3294.utt,3/sw3294,3294,16,sd,A,10,3,"Although in my case it's my wife and I both work,  /","Although/IN in/IN  [ my/PRP$ case/NN ] [ it/PRP ] [ 's/BES my/PRP$ wife/NN ] and/CC  [ I/PRP ] [ both/DT ] work/VBP ,/,","(SBAR-ADV (IN Although) (S (PP (IN in) (NP (PRP$ my) (NN case))) (NP-SBJ (PRP it)) (VP (BES 's) (SBAR-PRD (-NONE- 0) (S (NP-SBJ (NP (NP (PRP$ my) (NN wife)) (CC and) (NP (PRP I))) (NP (DT both))) (VP (VBP work)))))) (, ,) (-DFL- E_S))",25
sw05utt/sw_0555_3294.utt,3/sw3294,3294,17,sd,A,10,4,we come home  /,[ we/PRP ] come/VBP  [ home/RB ],(S (NP-SBJ (PRP we)) (VP (VBP come) (ADVP-DIR (RB home))) (-DFL- E_S)),26
sw05utt/sw_0555_3294.utt,3/sw3294,3294,18,sd,A,10,5,{C and } just as we're preparing dinner or eating dinner --,and/CC just/RB as/IN  [ we/PRP ] 're/VBP preparing/VBG  [ dinner/NN ] or/CC  [ eating/VBG dinner/NN ] --/:,(S (CC and) (SBAR-TMP (ADVP (RB just)) (IN as) (S (NP-SBJ (PRP we)) (VP (VBP 're) (VP (VP (VBG preparing) (NP (NN dinner))) (CC or) (VP (VBG eating) (NP (NN dinner))))))) (NP-SBJ (DT the) (NN phone)) (VP (VBZ rings)) (-DFL- E_S)),27
sw05utt/sw_0555_3294.utt,3/sw3294.pos,3294,19,x,B,11,1,<Laughter>.,./.
sw05utt/sw_0555_3294.utt,3/sw3294,3294,20,+,A,12,1,-- the phone rings  /,--/:  [ the/DT phone/NN ] rings/VBZ,(S (CC and) (SBAR-TMP (ADVP (RB just)) (IN as) (S (NP-SBJ (PRP we)) (VP (VBP 're) (VP (VP (VBG preparing) (NP (NN dinner))) (CC or) (VP (VBG eating) (NP (NN dinner))))))) (NP-SBJ (DT the) (NN phone)) (VP (VBZ rings)) (-DFL- E_S)),27
sw05utt/sw_0555_3294.utt,3/sw3294,3294,21,sd,A,12,2,{C and } it's one solicitation call after another  /,and/CC  [ it/PRP ] 's/BES  [ one/CD solicitation/NN call/NN ] after/IN  [ another/DT ],(S (CC and) (NP-SBJ (PRP it)) (VP (BES 's) (NP-PRD (NP (CD one) (NN solicitation) (NN call)) (PP (IN after) (NP (DT another))))) (-DFL- E_S)),30
sw05utt/sw_0555_3294.utt,3/sw3294,3294,22,%,A,12,3,"{C and, } {D you know. } -/","and/CC ,/,  [ you/PRP ] know/VBP ./.","(S-UNF (CC and) (PRN (, ,) (S (NP-SBJ (PRP you)) (VP (VBP know)))) (. .) (-DFL- N_S))",31
sw05utt/sw_0555_3294.utt,3/sw3294,3294,23,sv,B,13,1,"# Your time [ is, + is  ] # --","[ Your/PRP$ time/NN ] is/VBZ ,/, is/VBZ --/:","(S (NP-SBJ (PRP$ Your) (NN time)) (EDITED (RM (-DFL- \[)) (VP-UNF (VBZ is)) (, ,) (IP (-DFL- \+))) (VP (VBZ is) (RS (-DFL- \])) (ADJP-PRD (JJ valuable))) (, ,) (-DFL- E_S))",33
sw05utt/sw_0555_3294.utt,3/sw3294,3294,24,aa,A,14,1,"# Yeah,  /","Yeah/UH ,/,","(INTJ (UH Yeah) (, ,) (-DFL- E_S))",35
sw05utt/sw_0555_3294.utt,3/sw3294,3294,25,sv,A,14,2,"[ it's, + it's ] # --","[ it/PRP ] 's/BES ,/,  [ it/PRP ] 's/BES --/:","(S (EDITED (RM (-DFL- \[)) (S (NP-SBJ (PRP it)) (VP-UNF (BES 's))) (, ,) (IP (-DFL- \+))) (NP-SBJ (PRP it)) (VP (BES 's) (RS (-DFL- \])) (SBAR-ADV (IN like) (S (NP-SBJ (PRP you)) (VP (VBP say)))) (, ,) (ADJP-PRD (RB very) (JJ annoying))) (-DFL- E_S))",36
sw05utt/sw_0555_3294.utt,3/sw3294,3294,26,+,B,15,1,"-- valuable,  /","--/:  [ valuable/JJ ] ,/,","(S (NP-SBJ (PRP$ Your) (NN time)) (EDITED (RM (-DFL- \[)) (VP-UNF (VBZ is)) (, ,) (IP (-DFL- \+))) (VP (VBZ is) (RS (-DFL- \])) (ADJP-PRD (JJ valuable))) (, ,) (-DFL- E_S))",33
sw05utt/sw_0555_3294.utt,3/sw3294,3294,27,%,B,15,2,"{C and, } -/","and/CC ,/,","(S-UNF (CC and) (, ,) (-DFL- N_S))",38
sw05utt/sw_0555_3294.utt,3/sw3294,3294,28,+,A,16,1,"-- like you say, very annoying  /","--/: like/IN  [ you/PRP ] say/VBP ,/, very/RB annoying/JJ","(S (EDITED (RM (-DFL- \[)) (S (NP-SBJ (PRP it)) (VP-UNF (BES 's))) (, ,) (IP (-DFL- \+))) (NP-SBJ (PRP it)) (VP (BES 's) (RS (-DFL- \])) (SBAR-ADV (IN like) (S (NP-SBJ (PRP you)) (VP (VBP say)))) (, ,) (ADJP-PRD (RB very) (JJ annoying))) (-DFL- E_S))",36
sw05utt/sw_0555_3294.utt,3/sw3294,3294,29,qh,A,16,2,"{C and, } {F uh, } [ why, + why  ] do we let this happen. /","and/CC ,/,  [ uh/UH ] ,/, why/WRB ,/, why/WRB do/VBP  [ we/PRP ] let/VB  [ this/DT ] happen/VB ./.","(SBARQ (CC and) (, ,) (INTJ (UH uh)) (, ,) (EDITED (RM (-DFL- \[)) (WHADVP (WRB why)) (, ,) (IP (-DFL- \+))) (WHADVP-1 (WRB why)) (RS (-DFL- \])) (SQ (VBP do) (NP-SBJ (PRP we)) (VP (VB let) (S (NP-SBJ (DT this)) (VP (VB happen))) (ADVP-PRP (-NONE- *T*-1)))) (. .) (-DFL- E_S))",40
sw05utt/sw_0555_3294.utt,3/sw3294,3294,30,%,B,17,1,"{F Oh, } I, - /","Oh/UH ,/,  [ I/PRP ] ,/,","(S-UNF (INTJ (UH Oh)) (, ,) (NP-SBJ (PRP I)) (, ,) (-DFL- N_S))",42
sw05utt/sw_0555_3294.utt,3/sw3294,3294,31,sv,B,17,2,"[ that's, + that's  ] interesting.  /","[ that/DT ] 's/BES ,/,  [ that/DT ] 's/BES interesting/JJ ./.","(S (EDITED (RM (-DFL- \[)) (S (NP-SBJ (DT that)) (VP-UNF (BES 's))) (, ,) (IP (-DFL- \+))) (NP-SBJ (DT that)) (VP (BES 's) (RS (-DFL- \])) (ADJP-PRD (JJ interesting))) (. .) (-DFL- E_S))",43
sw05utt/sw_0555_3294.utt,3/sw3294,3294,32,%,B,17,3,I - /,[ I/PRP ],(S-UNF (NP-SBJ (PRP I)) (-DFL- N_S)),44
sw05utt/sw_0555_3294.utt,3/sw3294,3294,33,sv,B,17,4,"[ the, + the ] market seems to just be growing, too.  /","[ the/DT ] ,/,  [ the/DT market/NN ] seems/VBZ to/TO just/RB be/VB growing/VBG ,/, too/RB ./.","(S (EDITED (RM (-DFL- \[)) (NP-SBJ-UNF (DT the)) (, ,) (IP (-DFL- \+))) (NP-SBJ-1 (DT the) (RS (-DFL- \])) (NN market)) (VP (VBZ seems) (S (NP-SBJ (-NONE- *-1)) (VP (TO to) (ADVP (RB just)) (VP (VB be) (VP (VBG growing))))) (, ,) (ADVP (RB too))) (. .) (-DFL- E_S))",45
sw05utt/sw_0555_3294.utt,3/sw3294,3294,34,sv,B,17,5,"[ I, + I ] guess enough people are not speaking out.  /","[ I/PRP ] ,/,  [ I/PRP ] guess/VBP  [ enough/RB people/NNS ] are/VBP not/RB speaking/VBG out/RP ./.","(S (EDITED (RM (-DFL- \[)) (NP-SBJ (PRP I)) (, ,) (IP (-DFL- \+))) (NP-SBJ (PRP I)) (RS (-DFL- \])) (VP (VBP guess) (SBAR (-NONE- 0) (S (NP-SBJ (RB enough) (NNS people)) (VP (VBP are) (RB not) (VP (VBG speaking) (PRT (RP out))))))) (. .) (-DFL- E_S))",46
sw05utt/sw_0555_3294.utt,3/sw3294,3294,35,sd,B,17,6,"I'm not speaking out, that's for sure.  /","[ I/PRP ] 'm/VBP not/RB speaking/VBG out/RP ,/,  [ that/DT ] 's/BES for/IN sure/RB ./.","(S (NP-SBJ (PRP I)) (VP (VBP 'm) (RB not) (VP (VBG speaking) (PRT (RP out)))) (, ,))|||(S (NP-SBJ (DT that)) (VP (BES 's) (PP-PRD (IN for) (ADJP (RB sure)))) (. .) (-DFL- E_S))",47|||48
sw05utt/sw_0555_3294.utt,3/sw3294,3294,36,sd,B,17,7,I just get aggravated about it.  /,[ I/PRP ] just/RB get/VBP aggravated/JJ about/IN  [ it/PRP ] ./.,(S (NP-SBJ (PRP I)) (ADVP (RB just)) (VP (VBP get) (ADJP-PRD (JJ aggravated)) (PP (IN about) (NP (PRP it)))) (. .) (-DFL- E_S)),49
sw05utt/sw_0555_3294.utt,3/sw3294,3294,37,%,B,17,8,"{C And, } -/","And/CC ,/,","(S-UNF (CC And) (, ,) (-DFL- N_S))",50
sw05utt/sw_0555_3294.utt,3/sw3294,3294,38,%,A,18,1,"[ Would, + would ] you, - /","Would/MD ,/, would/MD  [ you/PRP ] ,/,","(SQ-UNF (EDITED (RM (-DFL- \[)) (SQ-UNF (MD Would)) (, ,) (IP (-DFL- \+))) (MD would) (RS (-DFL- \])) (NP-SBJ (PRP you)) (, ,) (-DFL- N_S))",52
sw05utt/sw_0555_3294.utt,3/sw3294,3294,39,qw,A,18,2,"{E I mean } if you could legislate something, what would you legislate? /","[ I/PRP ] mean/VBP if/IN  [ you/PRP ] could/MD legislate/VB  [ something/NN ] ,/,  [ what/WP ] would/MD  [ you/PRP ] legislate/VB ?/.","(SBARQ (PRN (S (NP-SBJ (PRP I)) (VP (VBP mean)))) (SBAR-ADV (IN if) (S (NP-SBJ (PRP you)) (VP (MD could) (VP (VB legislate) (NP (NN something)))))) (, ,) (WHNP-1 (WP what)) (SQ (MD would) (NP-SBJ (PRP you)) (VP (VB legislate) (NP (-NONE- *T*-1)))) (. ?) (-DFL- E_S))",53
sw05utt/sw_0555_3294.utt,3/sw3294,3294,40,sd,B,19,1,<Breathing> I really don't know.  /,[ I/PRP ] really/RB do/VBP n't/RB know/VB ./.,(S (NP-SBJ (PRP I)) (ADVP (RB really)) (VP (VBP do) (RB n't) (VP (VB know))) (. .) (-DFL- E_S)),55
sw05utt/sw_0555_3294.utt,3/sw3294,3294,41,sd,B,19,2,"[ I'm, + I'm  ] not into <breathing>, {F uh, } heavy government [ legislate-, + legislating  ] of a lot of different areas,  /","[ I/PRP ] 'm/VBP ,/,  [ I/PRP ] 'm/VBP not/RB into/IN ,/,  [ uh/UH ] ,/,  [ heavy/NN government/NN legislate-/XX ] ,/, legislating/VBG of/IN  [ a/DT lot/NN ] of/IN  [ different/JJ areas/NNS ] ,/,","(S (EDITED (RM (-DFL- \[)) (S (NP-SBJ (PRP I)) (VP-UNF (VBP 'm))) (, ,) (IP (-DFL- \+))) (NP-SBJ (PRP I)) (VP (VBP 'm) (RS (-DFL- \])) (RB not) (PP-PRD (IN into) (, ,) (INTJ (UH uh)) (, ,) (NP (NP (NN heavy) (NN government) (EDITED (RM (-DFL- \[)) (XX legislate-) (, ,) (IP (-DFL- \+))) (VBG legislating)) (RS (-DFL- \])) (PP (IN of) (NP (NP (DT a) (NN lot)) (PP (IN of) (NP (JJ different) (NNS areas)))))))) (, ,) (-DFL- E_S))",56
sw05utt/sw_0555_3294.utt,3/sw3294,3294,42,h,B,19,3,"{C but }  [ I +  <breathing>, I ] don't know.  /","but/CC  [ I/PRP ] ,/,  [ I/PRP ] do/VBP n't/RB know/VB ./.","(S (CC but) (EDITED (RM (-DFL- \[)) (NP-SBJ (PRP I)) (IP (-DFL- \+))) (, ,) (NP-SBJ (PRP I)) (RS (-DFL- \])) (VP (VBP do) (RB n't) (VP (VB know))) (. .) (-DFL- E_S))",57
sw05utt/sw_0555_3294.utt,3/sw3294,3294,43,sd,B,19,4,"[ I just, +  I ] do particularly find it annoying.  /","[ I/PRP ] just/RB ,/,  [ I/PRP ] do/VBP particularly/RB find/VB  [ it/PRP ] annoying/JJ ./.","(S (EDITED (RM (-DFL- \[)) (S-UNF (NP-SBJ (PRP I)) (ADVP (RB just))) (, ,) (IP (-DFL- \+))) (NP-SBJ (PRP I)) (RS (-DFL- \])) (VP (VBP do) (ADVP (RB particularly)) (VP (VB find) (S (NP-SBJ (PRP it)) (ADJP-PRD (JJ annoying))))) (. .) (-DFL- E_S))",58
sw05utt/sw_0555_3294.utt,3/sw3294,3294,44,h,B,19,5,"{F Uh, } <noise> <lipsmack> I'm really not sure.  /","[ Uh/UH ] ,/,  [ I/PRP ] 'm/VBP really/RB not/RB sure/JJ ./.","(S (INTJ (UH Uh)) (, ,) (NP-SBJ (PRP I)) (VP (VBP 'm) (ADVP (RB really)) (RB not) (ADJP-PRD (JJ sure))) (. .) (-DFL- E_S))",59
sw05utt/sw_0555_3294.utt,3/sw3294,3294,45,sd@,B,19,6,"I haven't given that a lot of thought [ if, + if  ] it [ should, + should ] go, {D you know } --    *[[slash error]]","[ I/PRP ] have/VBP n't/RB given/VBN that/IN  [ a/DT lot/NN ] of/IN  [ thought/NN ] if/IN ,/, if/IN  [ it/PRP ] should/MD ,/, should/MD go/VB ,/,  [ you/PRP ] know/VBP --/:","(S (NP-SBJ (PRP I)) (VP (VBP have) (RB n't) (VP (VBN given) (NP (IN that)) (NP (NP (DT a) (NN lot)) (PP (IN of) (NP (NN thought)))) (SBAR-TPC (EDITED (RM (-DFL- \[)) (SBAR-TPC-UNF (IN if)) (, ,) (IP (-DFL- \+))) (IN if) (RS (-DFL- \])) (S (NP-SBJ-1 (PRP it)) (EDITED (RM (-DFL- \[)) (VP-UNF (MD should)) (, ,) (IP (-DFL- \+))) (VP (MD should) (RS (-DFL- \])) (VP (VB go) (PRN (, ,) (S (NP-SBJ (PRP you)) (VP (VBP know)))) (S (NP-SBJ (-NONE- *-1)) (VP (TO to) (VP-UNF (VB be)))))))))) (, ,) (-DFL- N_S))",60
sw05utt/sw_0555_3294.utt,3/sw3294,3294,46,b,A,20,1,Yeah. /,Yeah/UH ./.,(INTJ (UH Yeah) (. .) (-DFL- E_S)),62
sw05utt/sw_0555_3294.utt,3/sw3294,3294,47,+,B,21,1,"-- to be, -/","--/: to/TO be/VB ,/,","(S (NP-SBJ (PRP I)) (VP (VBP have) (RB n't) (VP (VBN given) (NP (IN that)) (NP (NP (DT a) (NN lot)) (PP (IN of) (NP (NN thought)))) (SBAR-TPC (EDITED (RM (-DFL- \[)) (SBAR-TPC-UNF (IN if)) (, ,) (IP (-DFL- \+))) (IN if) (RS (-DFL- \])) (S (NP-SBJ-1 (PRP it)) (EDITED (RM (-DFL- \[)) (VP-UNF (MD should)) (, ,) (IP (-DFL- \+))) (VP (MD should) (RS (-DFL- \])) (VP (VB go) (PRN (, ,) (S (NP-SBJ (PRP you)) (VP (VBP know)))) (S (NP-SBJ (-NONE- *-1)) (VP (TO to) (VP-UNF (VB be)))))))))) (, ,) (-DFL- N_S))",60
sw05utt/sw_0555_3294.utt,3/sw3294,3294,48,sv,A,22,1,"[ [ It, +  it  seems, ] +  it seems ] to me that we should have the ability to designate with the phone company that we don't want to receive calls like that. /  *[[sv]]","[ It/PRP ] ,/,  [ it/PRP ] seems/VBZ ,/,  [ it/PRP ] seems/VBZ to/IN  [ me/PRP ] that/IN  [ we/PRP ] should/MD have/VB  [ the/DT ability/NN ] to/TO designate/VB with/IN  [ the/DT phone/NN company/NN ] that/IN  [ we/PRP ] do/VBP n't/RB want/VB to/TO receive/VB calls/VBZ like/IN  [ that/DT ] ./.","(S (EDITED (RM (-DFL- \[)) (EDITED (RM (-DFL- \[)) (NP-SBJ (PRP It)) (, ,) (IP (-DFL- \+))) (S (NP-SBJ (PRP it)) (VP-UNF (VBZ seems))) (, ,) (RS (-DFL- \])) (IP (-DFL- \+))) (NP-SBJ (PRP it)) (VP (VBZ seems) (RS (-DFL- \])) (PP (IN to) (NP (PRP me))) (SBAR (IN that) (S (NP-SBJ (PRP we)) (VP (MD should) (VP (VB have) (NP (DT the) (NN ability) (S (NP-SBJ (-NONE- *)) (VP (TO to) (VP (VB designate) (PP (IN with) (NP (DT the) (NN phone) (NN company))) (SBAR (IN that) (S (NP-SBJ-1 (PRP we)) (VP (VBP do) (RB n't) (VP (VB want) (S (NP-SBJ (-NONE- *-1)) (VP (TO to) (VP (VB receive) (NP (NP (VBZ calls)) (PP (IN like) (NP (DT that)))))))))))))))))))) (. .) (-DFL- E_S))",65
sw05utt/sw_0555_3294.utt,3/sw3294,3294,49,%,B,23,1,"{D Well, } [ that, +  # {D yeah, } that ] might, # -/","Well/UH ,/, that/DT ,/, yeah/UH ,/,  [ that/DT ] might/MD ,/,","(S (INTJ (UH Well)) (, ,) (EDITED (RM (-DFL- \[)) (NP-SBJ (DT that)) (, ,) (IP (-DFL- \+))) (INTJ (UH yeah)) (, ,) (NP-SBJ (DT that)) (RS (-DFL- \])) (VP-UNF (MD might)) (, ,) (-DFL- N_S))",67
sw05utt/sw_0555_3294.utt,3/sw3294,3294,50,sv,A,24,1,"# {C And } the people # making these calls would be obliged to [ c-, + compare  ] --","And/CC  [ the/DT people/NNS ] making/VBG  [ these/DT calls/NNS ] would/MD be/VB obliged/VBN to/TO  [ c/VB ] ,/, compare/VB --/:","(S (CC And) (NP-SBJ-6 (NP (DT the) (NNS people)) (VP (VBG making) (NP (DT these) (NNS calls)))) (VP (MD would) (VP (VB be) (VP (VBN obliged) (S (NP-SBJ (-NONE- *-6)) (VP (TO to) (EDITED (RM (-DFL- \[)) (VP-UNF (VB c-)) (, ,) (IP (-DFL- \+))) (VP (VB compare) (RS (-DFL- \])) (EDITED (RM (-DFL- \[)) (NP-UNF (DT the)) (, ,) (IP (-DFL- \+))) (NP (NP (PRP$ their) (RS (-DFL- \])) (NNS lists)) (SBAR (WHNP-2 (IN that)) (S (NP-SBJ-1 (PRP they)) (VP (VBP 're) (VP (VBG going) (S (NP-SBJ (-NONE- *-1)) (VP (TO to) (VP (VB call) (NP (-NONE- *T*-2)))))))))) (PP (IN against) (NP (NP (DT this) (NN list)) (PP (IN of) (NP (NP (NNS people)) (SBAR (WHNP-3 (WP who)) (S (NP-SBJ-4 (-NONE- *T*-3)) (VP (VBP do) (RB n't) (VP (VB want) (S (NP-SBJ-5 (-NONE- *T*-4)) (VP (TO to) (VP (VB be) (VP (VBN called) (NP (-NONE- *-5)))))))))))))))))))) (. .) (-DFL- E_S))",69
sw05utt/sw_0555_3294.utt,3/sw3294,3294,51,^2,B,25,1,"Identify themselves, yeah. /","Identify/VB  [ themselves/PRP ] ,/, yeah/UH ./.","(VP (VB Identify) (NP (PRP themselves)) (, ,))|||(INTJ (UH yeah) (. .) (-DFL- E_S))",71|||72
sw05utt/sw_0555_3294.utt,3/sw3294,3294,52,+,A,26,1,"-- [ the, + their  ] lists --","--/:  [ the/DT ] ,/,  [ their/PRP$ lists/NNS ] --/:","(S (CC And) (NP-SBJ-6 (NP (DT the) (NNS people)) (VP (VBG making) (NP (DT these) (NNS calls)))) (VP (MD would) (VP (VB be) (VP (VBN obliged) (S (NP-SBJ (-NONE- *-6)) (VP (TO to) (EDITED (RM (-DFL- \[)) (VP-UNF (VB c-)) (, ,) (IP (-DFL- \+))) (VP (VB compare) (RS (-DFL- \])) (EDITED (RM (-DFL- \[)) (NP-UNF (DT the)) (, ,) (IP (-DFL- \+))) (NP (NP (PRP$ their) (RS (-DFL- \])) (NNS lists)) (SBAR (WHNP-2 (IN that)) (S (NP-SBJ-1 (PRP they)) (VP (VBP 're) (VP (VBG going) (S (NP-SBJ (-NONE- *-1)) (VP (TO to) (VP (VB call) (NP (-NONE- *T*-2)))))))))) (PP (IN against) (NP (NP (DT this) (NN list)) (PP (IN of) (NP (NP (NNS people)) (SBAR (WHNP-3 (WP who)) (S (NP-SBJ-4 (-NONE- *T*-3)) (VP (VBP do) (RB n't) (VP (VB want) (S (NP-SBJ-5 (-NONE- *T*-4)) (VP (TO to) (VP (VB be) (VP (VBN called) (NP (-NONE- *-5)))))))))))))))))))) (. .) (-DFL- E_S))",69
sw05utt/sw_0555_3294.utt,3/sw3294,3294,53,aa,B,27,1,Right. /,[ Right/UH ] ./.,(INTJ (UH Right) (. .) (-DFL- E_S)),75
sw05utt/sw_0555_3294.utt,3/sw3294,3294,54,+,A,28,1,-- that they're going to call against this list of people who don't want to be called. /,--/: that/IN  [ they/PRP ] 're/VBP going/VBG to/TO call/VB against/IN  [ this/DT list/NN ] of/IN  [ people/NNS ] [ who/WP ] do/VBP n't/RB want/VB to/TO be/VB called/VBN ./.,"(S (CC And) (NP-SBJ-6 (NP (DT the) (NNS people)) (VP (VBG making) (NP (DT these) (NNS calls)))) (VP (MD would) (VP (VB be) (VP (VBN obliged) (S (NP-SBJ (-NONE- *-6)) (VP (TO to) (EDITED (RM (-DFL- \[)) (VP-UNF (VB c-)) (, ,) (IP (-DFL- \+))) (VP (VB compare) (RS (-DFL- \])) (EDITED (RM (-DFL- \[)) (NP-UNF (DT the)) (, ,) (IP (-DFL- \+))) (NP (NP (PRP$ their) (RS (-DFL- \])) (NNS lists)) (SBAR (WHNP-2 (IN that)) (S (NP-SBJ-1 (PRP they)) (VP (VBP 're) (VP (VBG going) (S (NP-SBJ (-NONE- *-1)) (VP (TO to) (VP (VB call) (NP (-NONE- *T*-2)))))))))) (PP (IN against) (NP (NP (DT this) (NN list)) (PP (IN of) (NP (NP (NNS people)) (SBAR (WHNP-3 (WP who)) (S (NP-SBJ-4 (-NONE- *T*-3)) (VP (VBP do) (RB n't) (VP (VB want) (S (NP-SBJ-5 (-NONE- *T*-4)) (VP (TO to) (VP (VB be) (VP (VBN called) (NP (-NONE- *-5)))))))))))))))))))) (. .) (-DFL- E_S))",69
sw05utt/sw_0555_3294.utt,3/sw3294,3294,55,sv,B,29,1,"{D Well, } that would be [ a good +  --","Well/UH ,/, that/DT would/MD be/VB  [ a/DT good/NN ] --/:","(S (INTJ (UH Well)) (, ,) (NP-SBJ (DT that)) (VP (MD would) (VP (VB be) (EDITED (RM (-DFL- \[)) (NP-PRD-UNF (DT a) (NN good)) (IP (-DFL- \+))) (NP-PRD (DT an) (JJ interesting) (RS (-DFL- \])) (NN way)))) (, ,) (-DFL- E_S))",78
sw05utt/sw_0555_3294.utt,3/sw3294,3294,56,%,A,30,1,"{F Uh, } /","[ Uh/UH ] ,/,","(INTJ (UH Uh) (, ,) (-DFL- E_S))",80
sw05utt/sw_0555_3294.utt,3/sw3294,3294,57,+,B,31,1,"-- an interesting ] way,  /","--/:  [ an/DT interesting/JJ way/NN ] ,/,","(S (INTJ (UH Well)) (, ,) (NP-SBJ (DT that)) (VP (MD would) (VP (VB be) (EDITED (RM (-DFL- \[)) (NP-PRD-UNF (DT a) (NN good)) (IP (-DFL- \+))) (NP-PRD (DT an) (JJ interesting) (RS (-DFL- \])) (NN way)))) (, ,) (-DFL- E_S))",78
sw05utt/sw_0555_3294.utt,3/sw3294,3294,58,aa,B,31,2,yeah. /,yeah/UH ./.,(INTJ (UH yeah) (. .) (-DFL- E_S)),72
sw05utt/sw_0555_3294.utt,3/sw3294,3294,59,sv,A,32,1,"{C And, } [ that, + that  ] way, those who want it can have it  /","And/CC ,/, that/DT ,/, that/DT  [ way/NN ] ,/,  [ those/DT ] [ who/WP ] want/VBP  [ it/PRP ] can/MD have/VB  [ it/PRP ]","(S (CC And) (, ,) (EDITED (RM (-DFL- \[)) (NP-MNR-UNF (DT that)) (, ,) (IP (-DFL- \+))) (NP-MNR (DT that) (RS (-DFL- \])) (NP (NN way))) (, ,) (NP-SBJ (NP (DT those)) (SBAR (WHNP-1 (WP who)) (S (NP-SBJ (-NONE- *T*-1)) (VP (VBP want) (NP (PRP it)))))) (VP (MD can) (VP (VB have) (NP (PRP it)))) (-DFL- E_S))",84
sw05utt/sw_0555_3294.utt,3/sw3294,3294,60,sv,A,32,2,"{C and } those who don't want it, don't have to have it. /","and/CC  [ those/DT ] [ who/WP ] do/VBP n't/RB want/VB  [ it/PRP ] ,/, do/VBP n't/RB have/VB to/TO have/VB  [ it/PRP ] ./.","(S (CC and) (NP-SBJ-2 (NP (DT those)) (SBAR (WHNP-1 (WP who)) (S (NP-SBJ (-NONE- *T*-1)) (VP (VBP do) (RB n't) (VP (VB want) (NP (PRP it))))))) (, ,) (VP (VBP do) (RB n't) (VP (VB have) (S (NP-SBJ (-NONE- *-2)) (VP (TO to) (VP (VB have) (NP (PRP it))))))) (. .) (-DFL- E_S))",85
sw05utt/sw_0555_3294.utt,3/sw3294,3294,61,b,B,33,1,Right. /,[ Right/UH ] ./.,(INTJ (UH Right) (. .) (-DFL- E_S)),75
sw05utt/sw_0555_3294.utt,3/sw3294,3294,62,sv,A,34,1,Sort of like an unlisted number where you haven't gone to the trouble of enlisting yourself. /,[ Sort/RB ] of/RB like/IN  [ an/DT unlisted/JJ number/NN ] where/WRB  [ you/PRP ] have/VBP n't/RB gone/VBN to/TO  [ the/DT trouble/NN ] of/IN enlisting/VBG  [ yourself/PRP ] ./.,(PP (ADVP (RB Sort) (RB of)) (IN like) (NP (NP (DT an) (JJ unlisted) (NN number)) (SBAR (WHADVP-1 (WRB where)) (S (NP-SBJ (PRP you)) (VP (VBP have) (RB n't) (VP (VBN gone) (PP (TO to) (NP (NP (DT the) (NN trouble)) (PP (IN of) (S-NOM (NP-SBJ (-NONE- *)) (VP (VBG enlisting) (NP (PRP yourself))))))) (ADVP (-NONE- *T*-1))))))) (. .) (-DFL- E_S)),89
sw05utt/sw_0555_3294.utt,3/sw3294,3294,63,aa,B,35,1,"# Right,  /","Right/RB ,/,","(INTJ (RB Right) (, ,) (-DFL- E_S))",91
sw05utt/sw_0555_3294.utt,3/sw3294,3294,64,%,B,35,2,"you're, # -/","[ you/PRP ] 're/VBP ,/,","(S (NP-SBJ (PRP you)) (VP-UNF (VBP 're)) (, ,) (-DFL- N_S))",92
sw05utt/sw_0555_3294.utt,3/sw3294,3294,65,sd,A,36,1,# Except even # unlisted numbers aren't safe now because they have these things just sort of dial through all the numbers.,Except/IN even/RB  [ unlisted/JJ numbers/NNS ] are/VBP n't/RB safe/JJ now/RB because/IN  [ they/PRP ] have/VB  [ these/DT things/NNS ] just/RB sort/RB of/RB  [ dial/NN ] through/IN  [ all/PDT the/DT numbers/NNS ] ./.,"(PP (IN Except) (SBAR (-NONE- 0) (S (NP-SBJ (RB even) (JJ unlisted) (NNS numbers)) (VP (VBP are) (RB n't) (ADJP-PRD (JJ safe)) (ADVP-TMP (RB now)) (SBAR-PRP (IN because) (S (NP-SBJ (PRP they)) (VP (VB have) (S (NP-SBJ (DT these) (NNS things)) (ADVP (RB just)) (ADVP (RB sort) (RB of)) (VP (NN dial) (PP (IN through) (NP (PDT all) (DT the) (NNS numbers))) (. .) (INTJ (UH Uh)) (, ,) (ADVP-MNR (RB automatically)))))))))) (-DFL- E_S))",94
sw05utt/sw_0555_3294.utt,3/sw3294,3294,66,bh,B,37,1,"{F Oh, } is that right?  /","Oh/UH ,/, is/VBZ  [ that/DT right/NN ] ?/.","(SQ (INTJ (UH Oh)) (, ,) (VBZ is) (NP-SBJ (DT that)) (ADJP-PRD (NN right)) (. ?) (-DFL- E_S))",96
sw05utt/sw_0555_3294.utt,3/sw3294,3294,67,ba,B,37,2,"{F Oh, } that's interesting. /","Oh/UH ,/,  [ that/DT ] 's/BES interesting/JJ ./.","(S (INTJ (UH Oh)) (, ,) (NP-SBJ (DT that)) (VP (BES 's) (ADJP-PRD (JJ interesting))) (. .) (-DFL- E_S))",97
sw05utt/sw_0555_3294.utt,3/sw3294,3294,68,+,A,38,1,"{F Uh, } automatically  /","[ Uh/UH ] ,/, automatically/RB","(PP (IN Except) (SBAR (-NONE- 0) (S (NP-SBJ (RB even) (JJ unlisted) (NNS numbers)) (VP (VBP are) (RB n't) (ADJP-PRD (JJ safe)) (ADVP-TMP (RB now)) (SBAR-PRP (IN because) (S (NP-SBJ (PRP they)) (VP (VB have) (S (NP-SBJ (DT these) (NNS things)) (ADVP (RB just)) (ADVP (RB sort) (RB of)) (VP (NN dial) (PP (IN through) (NP (PDT all) (DT the) (NNS numbers))) (. .) (INTJ (UH Uh)) (, ,) (ADVP-MNR (RB automatically)))))))))) (-DFL- E_S))",94
sw05utt/sw_0555_3294.utt,3/sw3294,3294,69,%,A,38,2,"{C and, } -/","and/CC ,/,","(S-UNF (CC and) (, ,) (-DFL- N_S))",99
sw05utt/sw_0555_3294.utt,3/sw3294,3294,70,sd,B,39,1,{C And } they just get everybody. /,And/CC  [ they/PRP ] just/RB get/VBP  [ everybody/NN ] ./.,(S (CC And) (NP-SBJ (PRP they)) (ADVP (RB just)) (VP (VBP get) (NP (NN everybody))) (. .) (-DFL- E_S)),101
sw05utt/sw_0555_3294.utt,3/sw3294,3294,71,b,A,40,1,Right. /,[ Right/UH ] ./.,(INTJ (UH Right) (. .) (-DFL- E_S)),87
sw05utt/sw_0555_3294.utt,3/sw3294,3294,72,fe,B,41,1,"{F Oh, } boy.  /","Oh/UH ,/,  [ boy/UH ] ./.","(INTJ (INTJ (UH Oh)) (, ,) (INTJ (UH boy)) (. .) (-DFL- E_S))",105
sw05utt/sw_0555_3294.utt,3/sw3294,3294,73,sd,B,41,2,"{D Well, } [ I, + I ] do wish that it would stop on my end --","Well/UH ,/,  [ I/PRP ] ,/,  [ I/PRP ] do/VBP wish/VB that/IN  [ it/PRP ] would/MD stop/VB on/IN  [ my/PRP$ end/NN ] --/:","(S (INTJ (UH Well)) (, ,) (EDITED (RM (-DFL- \[)) (NP-SBJ (PRP I)) (, ,) (IP (-DFL- \+))) (NP-SBJ (PRP I)) (RS (-DFL- \])) (VP (VBP do) (VP (VB wish) (SBAR (IN that) (S (NP-SBJ (PRP it)) (VP (MD would) (VP (VB stop) (PP (IN on) (NP (PRP$ my) (NN end))))))) (SBAR-PRP (IN because) (S (EDITED (RM (-DFL- \[)) (NP-SBJ (PRP it)) (, ,) (IP (-DFL- \+))) (NP-SBJ-1 (PRP it)) (RS (-DFL- \])) (VP (VBZ seems) (S (NP-SBJ (-NONE- *-1)) (VP (TO to) (VP (VB happen) (PP-TMP (IN at) (NP (DT the) (ADJP (JJS worst) (JJ possible)) (NNS moments))))))))))) (. .) (-DFL- E_S))",106
sw05utt/sw_0555_3294.utt,3/sw3294,3294,74,b,A,42,1,Yeah. /,Yeah/UH ./.,(INTJ (UH Yeah) (. .) (-DFL- E_S)),108
sw05utt/sw_0555_3294.utt,3/sw3294,3294,75,+,B,43,1,"-- because [ it, + it ] seems to happen at the worst possible moments.  /","--/: because/IN  [ it/PRP ] ,/,  [ it/PRP ] seems/VBZ to/TO happen/VB at/IN  [ the/DT worst/JJS possible/JJ moments/NNS ] ./.","(S (INTJ (UH Well)) (, ,) (EDITED (RM (-DFL- \[)) (NP-SBJ (PRP I)) (, ,) (IP (-DFL- \+))) (NP-SBJ (PRP I)) (RS (-DFL- \])) (VP (VBP do) (VP (VB wish) (SBAR (IN that) (S (NP-SBJ (PRP it)) (VP (MD would) (VP (VB stop) (PP (IN on) (NP (PRP$ my) (NN end))))))) (SBAR-PRP (IN because) (S (EDITED (RM (-DFL- \[)) (NP-SBJ (PRP it)) (, ,) (IP (-DFL- \+))) (NP-SBJ-1 (PRP it)) (RS (-DFL- \])) (VP (VBZ seems) (S (NP-SBJ (-NONE- *-1)) (VP (TO to) (VP (VB happen) (PP-TMP (IN at) (NP (DT the) (ADJP (JJS worst) (JJ possible)) (NNS moments))))))))))) (. .) (-DFL- E_S))",106
sw05utt/sw_0555_3294.utt,3/sw3294,3294,76,sd,B,43,2,"{C And } [  I, + I ] guess the next one [ is, +  is ] door-to-door --","And/CC  [ I/PRP ] ,/,  [ I/PRP ] guess/VBP  [ the/DT next/JJ one/CD ] is/VBZ ,/, is/VBZ  [ door-to-door/JJ ] --/:","(S (CC And) (EDITED (RM (-DFL- \[)) (NP-SBJ (PRP I)) (, ,) (IP (-DFL- \+))) (NP-SBJ (PRP I)) (RS (-DFL- \])) (VP (VBP guess) (SBAR (-NONE- 0) (S (NP-SBJ (DT the) (JJ next) (CD one)) (EDITED (RM (-DFL- \[)) (VP-UNF (VBZ is)) (, ,) (IP (-DFL- \+))) (VP (VBZ is) (RS (-DFL- \])) (NP-PRD (JJ door-to-door) (NNS solicitors)))))) (. .) (-DFL- E_S))",110
sw05utt/sw_0555_3294.utt,3/sw3294,3294,77,b,A,44,1,Uh-huh. /,[ Uh-huh/UH ] ./.,(INTJ (UH Uh-huh) (. .) (-DFL- E_S)),112
sw05utt/sw_0555_3294.utt,3/sw3294,3294,78,+,B,45,1,-- solicitors.  /,--/:  [ solicitors/NNS ] ./.,"(S (CC And) (EDITED (RM (-DFL- \[)) (NP-SBJ (PRP I)) (, ,) (IP (-DFL- \+))) (NP-SBJ (PRP I)) (RS (-DFL- \])) (VP (VBP guess) (SBAR (-NONE- 0) (S (NP-SBJ (DT the) (JJ next) (CD one)) (EDITED (RM (-DFL- \[)) (VP-UNF (VBZ is)) (, ,) (IP (-DFL- \+))) (VP (VBZ is) (RS (-DFL- \])) (NP-PRD (JJ door-to-door) (NNS solicitors)))))) (. .) (-DFL- E_S))",110
sw05utt/sw_0555_3294.utt,3/sw3294,3294,79,sd,B,45,2,I don't mind the children when they're selling things for school.  /,[ I/PRP ] do/VBP n't/RB mind/VB  [ the/DT children/NNS ] when/WRB  [ they/PRP ] 're/VBP selling/VBG  [ things/NNS ] for/IN  [ school/NN ] ./.,(S (NP-SBJ (PRP I)) (VP (VBP do) (RB n't) (VP (VB mind) (NP (DT the) (NNS children)) (SBAR-TMP (WHADVP-1 (WRB when)) (S (NP-SBJ (PRP they)) (VP (VBP 're) (VP (VBG selling) (NP (NNS things)) (PP (IN for) (NP (NN school))) (ADVP-TMP (-NONE- *T*-1)))))))) (. .) (-DFL- E_S)),114
sw05utt/sw_0555_3294.utt,3/sw3294,3294,80,sd,B,45,3,I have kids  /,[ I/PRP ] have/VBP  [ kids/NNS ],(S (NP-SBJ (PRP I)) (VP (VBP have) (NP (NNS kids))) (-DFL- E_S)),115
sw05utt/sw_0555_3294.utt,3/sw3294,3294,81,sv,B,45,4,"{C and, } {D you know, } that's just kind <breathing> of --","and/CC ,/,  [ you/PRP ] know/VBP ,/,  [ that/DT ] 's/BES just/RB kind/RB of/RB --/:","(S (CC and) (PRN (, ,) (S (NP-SBJ (PRP you)) (VP (VBP know))) (, ,)) (NP-SBJ (DT that)) (VP (BES 's) (ADVP (RB just)) (ADVP (RB kind) (RB of)) (NP-PRD (NP (NN part)) (PP (IN of) (NP (PRP it))))) (-DFL- E_S))",116
sw05utt/sw_0555_3294.utt,3/sw3294,3294,82,b,A,46,1,Yeah <<faint>>. /,Yeah/UH ./.,(INTJ (UH Yeah) (. .) (-DFL- E_S)),108
sw05utt/sw_0555_3294.utt,3/sw3294,3294,83,+,B,47,1,-- part of it  /,--/:  [ part/NN ] of/IN  [ it/PRP ],"(S (CC and) (PRN (, ,) (S (NP-SBJ (PRP you)) (VP (VBP know))) (, ,)) (NP-SBJ (DT that)) (VP (BES 's) (ADVP (RB just)) (ADVP (RB kind) (RB of)) (NP-PRD (NP (NN part)) (PP (IN of) (NP (PRP it))))) (-DFL- E_S))",116
sw05utt/sw_0555_3294.utt,3/sw3294,3294,84,sv,B,47,2,{C but } when it's adults selling a variety of things and  especially when men arrive at about ten o'clock in the morning --,but/CC when/WRB  [ it/PRP ] 's/BES  [ adults/NNS ] selling/VBG  [ a/DT variety/NN ] of/IN  [ things/NNS ] and/CC especially/RB when/WRB  [ men/NNS ] arrive/VBP at/IN about/RB  [ ten/CD ] o'clock/RB in/IN  [ the/DT morning/NN ] --/:,"(S (CC but) (SBAR-TMP (SBAR (WHADVP-1 (WRB when)) (S (NP-SBJ (PRP it)) (VP (BES 's) (NP-PRD (NP (NNS adults)) (VP (VBG selling) (NP (NP (DT a) (NN variety)) (PP (IN of) (NP (NNS things)))))) (ADVP-TMP (-NONE- *T*-1))))) (CC and) (ADVP (RB especially)) (SBAR (WHADVP-2 (WRB when)) (S (NP-SBJ (NNS men)) (VP (VBP arrive) (PP-TMP (IN at) (NP (NP (RB about) (CD ten) (RB o'clock)) (PP-TMP (IN in) (NP (DT the) (NN morning))))) (ADVP-TMP (-NONE- *T*-2)))))) (INTJ (UH uh)) (EDITED (, ,) (RM (-DFL- \[)) (S-UNF (NP-SBJ (IN that)) (ADVP (RB really))) (, ,) (IP (-DFL- \+))) (NP-SBJ (PRP it)) (RS (-DFL- \])) (VP (VBZ makes) (S (NP-SBJ (PRP you)) (VP (RB not) (VB feel) (ADJP-PRD (RB particularly) (JJ safe))))) (-DFL- E_S))",120
sw05utt/sw_0555_3294.utt,3/sw3294,3294,85,b,A,48,1,Uh-huh. /,[ Uh-huh/UH ] ./.,(INTJ (UH Uh-huh) (. .) (-DFL- E_S)),112
sw05utt/sw_0555_3294.utt,3/sw3294,3294,86,+,B,49,1,"-- {F uh, } [ that really, +  it ] makes you not feel particularly safe -- /","--/:  [ uh/UH ] ,/, that/IN really/RB ,/,  [ it/PRP ] makes/VBZ  [ you/PRP ] not/RB feel/VB particularly/RB  [ safe/JJ ] --/:","(S (CC but) (SBAR-TMP (SBAR (WHADVP-1 (WRB when)) (S (NP-SBJ (PRP it)) (VP (BES 's) (NP-PRD (NP (NNS adults)) (VP (VBG selling) (NP (NP (DT a) (NN variety)) (PP (IN of) (NP (NNS things)))))) (ADVP-TMP (-NONE- *T*-1))))) (CC and) (ADVP (RB especially)) (SBAR (WHADVP-2 (WRB when)) (S (NP-SBJ (NNS men)) (VP (VBP arrive) (PP-TMP (IN at) (NP (NP (RB about) (CD ten) (RB o'clock)) (PP-TMP (IN in) (NP (DT the) (NN morning))))) (ADVP-TMP (-NONE- *T*-2)))))) (INTJ (UH uh)) (EDITED (, ,) (RM (-DFL- \[)) (S-UNF (NP-SBJ (IN that)) (ADVP (RB really))) (, ,) (IP (-DFL- \+))) (NP-SBJ (PRP it)) (RS (-DFL- \])) (VP (VBZ makes) (S (NP-SBJ (PRP you)) (VP (RB not) (VB feel) (ADJP-PRD (RB particularly) (JJ safe))))) (-DFL- E_S))",120
sw05utt/sw_0555_3294.utt,3/sw3294,3294,87,b,A,50,1,Yes. /,Yes/UH ./.,(INTJ (UH Yes) (. .) (-DFL- E_S)),125
sw05utt/sw_0555_3294.utt,3/sw3294,3294,88,sv,B,51,1,"-- {C and, } it's annoying as well. /","--/: and/CC ,/,  [ it/PRP ] 's/BES annoying/JJ as/IN well/RB ./.","(S (CC and) (, ,) (NP-SBJ (PRP it)) (VP (BES 's) (ADJP-PRD (JJ annoying)) (ADVP (IN as) (RB well))) (. .) (-DFL- E_S))",127
sw05utt/sw_0555_3294.utt,3/sw3294,3294,89,sv,A,52,1,"[ {C And } these, + {C and } these ] people may in fact be just looking to [ s-, + find ] an unoccupied house to rob. /","And/CC  [ these/DT ] ,/, and/CC  [ these/DT people/NNS ] may/MD in/IN  [ fact/NN ] be/VB just/RB looking/VBG to/TO s-/XX ,/, find/VB  [ an/DT unoccupied/JJ house/NN ] to/TO rob/VB ./.","(S (EDITED (RM (-DFL- \[)) (S-UNF (CC And) (NP-SBJ (DT these))) (, ,) (IP (-DFL- \+))) (CC and) (NP-SBJ-2 (DT these) (RS (-DFL- \])) (NNS people)) (VP (MD may) (PP (IN in) (NP (NN fact))) (VP (VB be) (ADVP (RB just)) (VP (VBG looking) (S-PRP (NP-SBJ (-NONE- *-2)) (VP (TO to) (EDITED (RM (-DFL- \[)) (VP-UNF (XX s-)) (, ,) (IP (-DFL- \+))) (VP (VB find) (RS (-DFL- \])) (NP (NP (DT an) (JJ unoccupied) (NN house)) (SBAR (WHNP-1 (-NONE- 0)) (S (NP-SBJ (-NONE- *)) (VP (TO to) (VP (VB rob) (NP (-NONE- *T*-1))))))))))))) (. .) (-DFL- E_S))",129
sw05utt/sw_0555_3294.utt,3/sw3294,3294,90,aa,B,53,1,"Right,  /","Right/UH ,/,","(INTJ (UH Right) (, ,) (-DFL- E_S))",131
sw05utt/sw_0555_3294.utt,3/sw3294,3294,91,sv,B,53,2,"[ you just, +  you  really ] don't know,  /","[ you/PRP ] just/RB ,/,  [ you/PRP ] really/RB do/VBP n't/RB know/VB ,/,","(S (EDITED (RM (-DFL- \[)) (S-UNF (NP-SBJ (PRP you)) (ADVP (RB just))) (, ,) (IP (-DFL- \+))) (NP-SBJ (PRP you)) (ADVP (RB really)) (RS (-DFL- \])) (VP (VBP do) (RB n't) (VP (VB know))) (, ,) (-DFL- E_S))",132
sw05utt/sw_0555_3294.utt,3/sw3294,3294,92,sd,B,53,3,"{C so } [ I, + I ] find myself being [ a l-, + a  bit ] abrupt and a little bit ruder [ than +  <breathing> than ] I might normally be -- /","so/RB  [ I/PRP ] ,/,  [ I/PRP ] find/VBP  [ myself/PRP ] being/VBG  [ a/DT l-/XX ] ,/,  [ a/DT bit/NN ] abrupt/JJ and/CC  [ a/DT little/JJ bit/NN ruder/JJR ] than/IN than/IN  [ I/PRP ] might/MD normally/RB be/VB --/:","(S (RB so) (EDITED (RM (-DFL- \[)) (NP-SBJ (PRP I)) (, ,) (IP (-DFL- \+))) (NP-SBJ (PRP I)) (RS (-DFL- \])) (VP (VBP find) (S (NP-SBJ (PRP myself)) (VP (VBG being) (EDITED (RM (-DFL- \[)) (ADJP-PRD (NP-ADV-UNF (DT a) (XX l-))) (, ,) (IP (-DFL- \+))) (ADJP-PRD (ADJP (ADJP (NP-ADV (DT a) (NN bit)) (RS (-DFL- \])) (JJ abrupt)) (CC and) (ADJP (NP-ADV (DT a) (JJ little) (NN bit)) (JJR ruder))) (SBAR (EDITED (RM (-DFL- \[)) (SBAR-UNF (IN than)) (IP (-DFL- \+))) (IN than) (RS (-DFL- \])) (S (NP-SBJ (PRP I)) (VP (MD might) (ADVP (RB normally)) (VP (VB be) (ADJP-PRD (-NONE- *?*)))))))))) (-DFL- E_S))",133
sw05utt/sw_0555_3294.utt,3/sw3294,3294,93,b,A,54,1,Uh-huh. /,[ Uh-huh/UH ] ./.,(INTJ (UH Uh-huh) (. .) (-DFL- E_S)),112
sw05utt/sw_0555_3294.utt,3/sw3294,3294,94,sd,B,55,1,"-- {C but, } I do feel like it's [ a, + an ] invasion of my space.  /","--/: but/CC ,/,  [ I/PRP ] do/VBP feel/VB like/IN  [ it/PRP ] 's/BES  [ a/DT ] ,/,  [ an/DT invasion/NN ] of/IN  [ my/PRP$ space/NN ] ./.","(S (CC but) (, ,) (NP-SBJ (PRP I)) (VP (VBP do) (VP (VB feel) (SBAR (IN like) (S (NP-SBJ (PRP it)) (VP (BES 's) (EDITED (RM (-DFL- \[)) (NP-PRD-UNF (DT a)) (, ,) (IP (-DFL- \+))) (NP-PRD (NP (DT an) (RS (-DFL- \])) (NN invasion)) (PP (IN of) (NP (PRP$ my) (NN space))))))))) (. .) (-DFL- E_S))",137
sw05utt/sw_0555_3294.utt,3/sw3294,3294,95,b,A,56,1,Yeah. /,Yeah/UH ./.,(INTJ (UH Yeah) (. .) (-DFL- E_S)),118
sw05utt/sw_0555_3294.utt,3/sw3294,3294,96,%,B,57,1,"{C And, } {F uh, } -/","And/CC ,/,  [ uh/UH ] ,/,","(S-UNF (CC And) (, ,) (INTJ (UH uh)) (, ,) (-DFL- N_S))",141
sw05utt/sw_0555_3294.utt,3/sw3294,3294,97,sd@,A,58,1,"What about these telephone callers.  Sometimes they're door-to-door but  usually they're telephone callers [ who, + who ] want you to basically help them fill out a questionnaire. /  *[[two utts]]","[ What/WP ] about/IN  [ these/DT telephone/NN callers/NNS ] ./.  Sometimes/RB  [ they/PRP ] 're/VBP  [ door-to-door/JJ ] but/CC usually/RB  [ they/PRP ] 're/VBP  [ telephone/NN callers/NNS ] [ who/WP ] ,/,  [ who/WP ] want/VBP  [ you/PRP ] to/TO basically/RB help/VB  [ them/PRP ] fill/VB out/RP  [ a/DT questionnaire/NN ] ./.","(FRAG (WHNP (WP What)) (PP (IN about) (NP (NP (DT these) (NN telephone) (NNS callers)) (PRN (. .) (S (S (ADVP-TMP (RB Sometimes)) (NP-SBJ (PRP they)) (VP (VBP 're) (ADJP-PRD (JJ door-to-door)))) (CC but) (S (ADVP-TMP (RB usually)) (NP-SBJ (PRP they)) (VP (VBP 're) (NP-PRD (NN telephone) (NNS callers)))))) (SBAR (EDITED (RM (-DFL- \[)) (WHNP (WP who)) (, ,) (IP (-DFL- \+))) (WHNP-1 (WP who)) (RS (-DFL- \])) (S (NP-SBJ (-NONE- *T*-1)) (VP (VBP want) (S (NP-SBJ (PRP you)) (VP (TO to) (ADVP (RB basically)) (VP (VB help) (S (NP-SBJ (PRP them)) (VP (VB fill) (PRT (RP out)) (NP (DT a) (NN questionnaire)))))))))))) (. .) (-DFL- E_S))",143
sw05utt/sw_0555_3294.utt,3/sw3294,3294,98,sd,B,59,1,I've never quite understood the purpose of that.  /,[ I/PRP ] 've/VBP never/RB quite/RB understood/VBN  [ the/DT purpose/NN ] of/IN  [ that/DT ] ./.,(S (NP-SBJ (PRP I)) (VP (VBP 've) (ADVP-TMP (RB never)) (ADVP (RB quite)) (VP (VBN understood) (NP (NP (DT the) (NN purpose)) (PP (IN of) (NP (DT that)))))) (. .) (-DFL- E_S)),145
sw05utt/sw_0555_3294.utt,3/sw3294,3294,99,%,B,59,2,"Yeah,  /","[ Yeah/UH ] ,/,","(INTJ (UH Yeah) (, ,) (-DFL- E_S))",146
sw05utt/sw_0555_3294.utt,3/sw3294,3294,100,%,B,59,3,"I, {F uh, } -/","[ I/PRP ] ,/,  [ uh/UH ] ,/,","(S-UNF (NP-SBJ (PRP I)) (, ,) (INTJ (UH uh)) (, ,) (-DFL- N_S))",147
sw05utt/sw_0555_3294.utt,3/sw3294,3294,101,sd,A,60,1,"{D Well, } I think these people were hired  [ [ by, +  from, ] +  from ]  different sources. /","Well/UH ,/,  [ I/PRP ] think/VBP  [ these/DT people/NNS ] were/VBD hired/VBN by/IN ,/, from/IN ,/, from/IN  [ different/JJ sources/NNS ] ./.","(S (INTJ (UH Well)) (, ,) (NP-SBJ (PRP I)) (VP (VBP think) (SBAR (-NONE- 0) (S (NP-SBJ-1 (DT these) (NNS people)) (VP (VBD were) (VP (VBN hired) (NP (-NONE- *-1)) (EDITED (RM (-DFL- \[)) (EDITED (RM (-DFL- \[)) (PP-UNF (IN by)) (, ,) (IP (-DFL- \+))) (PP-UNF (IN from)) (, ,) (RS (-DFL- \])) (IP (-DFL- \+))) (PP (IN from) (RS (-DFL- \])) (NP (JJ different) (NNS sources)))))))) (. .) (-DFL- E_S))",149
sw05utt/sw_0555_3294.utt,3/sw3294,3294,102,%,B,61,1,"#  Just be-, # -/","Just/RB  [ be-/IN ] ,/,","(SBAR-PRP-UNF (RB Just) (IN be-) (, ,) (-DFL- N_S))",151
sw05utt/sw_0555_3294.utt,3/sw3294,3294,103,%,A,62,1,"# {F Uh, } with, # {D you know, } - /","[ Uh/UH ] ,/, with/IN ,/,  [ you/PRP ] know/VBP ,/,","(S (INTJ (UH Uh)) (, ,) (PP-UNF (IN with) (PRN (, ,) (S (NP-SBJ (PRP you)) (VP (VBP know))))) (, ,) (-DFL- N_S))",153
sw05utt/sw_0555_3294.utt,3/sw3294,3294,104,sv,A,62,2,"{C and so, }  therefore, there's no one answer.  /","and/CC so/RB ,/, therefore/RB ,/,  [ there/EX ] 's/BES  [ no/DT one/CD answer/NN ] ./.","(S (CONJP (CC and) (RB so)) (, ,) (ADVP (RB therefore)) (, ,) (NP-SBJ (EX there)) (VP (BES 's) (NP-PRD (DT no) (CD one) (NN answer))) (. .) (-DFL- E_S))",154
sw05utt/sw_0555_3294.utt,3/sw3294,3294,105,%,A,62,3,"[ {C But, } + {C but, }  ] yeah  /","But/CC ,/, but/CC ,/, yeah/UH","(FRAG (EDITED (RM (-DFL- \[)) (CC But) (, ,) (IP (-DFL- \+))) (CC but) (, ,) (RS (-DFL- \])) (INTJ (UH yeah)) (-DFL- E_S))",155
sw05utt/sw_0555_3294.utt,3/sw3294,3294,106,sd,A,62,4,"[ sometimes it's a market sur-, + basically it's a market survey ] -- /","sometimes/RB  [ it/PRP ] 's/BES  [ a/DT market/NN sur-/NN ] ,/, basically/RB  [ it/PRP ] 's/BES  [ a/DT market/NN survey/NN ] --/:","(S (EDITED (RM (-DFL- \[)) (S (ADVP-TMP (RB sometimes)) (NP-SBJ (PRP it)) (VP (BES 's) (NP-PRD-UNF (DT a) (NN market) (NN sur-)))) (, ,) (IP (-DFL- \+))) (ADVP (RB basically)) (NP-SBJ (PRP it)) (VP (BES 's) (NP-PRD (DT a) (NN market) (NN survey))) (RS (-DFL- \])) (-DFL- E_S))",156
sw05utt/sw_0555_3294.utt,3/sw3294,3294,107,sd,B,63,1,Just  a survey. /,Just/RB  [ a/DT survey/NN ] ./.,(NP (RB Just) (DT a) (NN survey) (. .) (-DFL- E_S)),158
sw05utt/sw_0555_3294.utt,3/sw3294,3294,108,sv,A,64,1,"-- {C but } they never say [ who, + who  ] they're really working for or  [ [ [ what + <throat_clearing>, {D you know, } what  ] +  --","--/: but/CC  [ they/PRP ] never/RB say/VBP  [ who/WP ] ,/,  [ who/WP ] [ they/PRP ] 're/VBP really/RB working/VBG for/IN or/CC  [ what/WP ] ,/,  [ you/PRP ] know/VBP ,/,  [ what/WP ] --/:","(S (CC but) (NP-SBJ (PRP they)) (ADVP-TMP (RB never)) (VP (VBP say) (SBAR (SBAR (EDITED (RM (-DFL- \[)) (WHNP (WP who)) (, ,) (IP (-DFL- \+))) (WHNP-1 (WP who)) (RS (-DFL- \])) (S (NP-SBJ (PRP they)) (VP (VBP 're) (ADVP (RB really)) (VP (VBG working) (PP (IN for) (NP (-NONE- *T*-1))))))) (CC or) (SBAR (EDITED (RM (-DFL- \[)) (EDITED (RM (-DFL- \[)) (EDITED (RM (-DFL- \[)) (WHNP (WP what)) (IP (-DFL- \+))) (PRN (, ,) (S (NP-SBJ (PRP you)) (VP (VBP know))) (, ,)) (WHNP (WP what)) (RS (-DFL- \])) (IP (-DFL- \+))) (IP (-DFL- \+)) (WHNP (WP what)) (, ,) (RS (-DFL- \])) (IP (-DFL- \+))) (WHNP (WP what)) (RS (-DFL- \])) (S (NP-SBJ (NNS questions)) (VP-UNF (VBP are) (PRN (, ,) (S (NP-SBJ (PRP you)) (VP (VBP know))))))))) (, ,) (-DFL- N_S))",160
sw05utt/sw_0555_3294.utt,3/sw3294,3294,109,b,B,65,1,Yeah. /,Yeah/UH ./.,(INTJ (UH Yeah) (. .) (-DFL- E_S)),139
sw05utt/sw_0555_3294.utt,3/sw3294,3294,110,+,A,66,1,"--   + what, ] + what ] questions are, {D you know, } -/","--/:  [ what/WP ] ,/,  [ what/WP questions/NNS ] are/VBP ,/,  [ you/PRP ] know/VBP ,/,","(S (CC but) (NP-SBJ (PRP they)) (ADVP-TMP (RB never)) (VP (VBP say) (SBAR (SBAR (EDITED (RM (-DFL- \[)) (WHNP (WP who)) (, ,) (IP (-DFL- \+))) (WHNP-1 (WP who)) (RS (-DFL- \])) (S (NP-SBJ (PRP they)) (VP (VBP 're) (ADVP (RB really)) (VP (VBG working) (PP (IN for) (NP (-NONE- *T*-1))))))) (CC or) (SBAR (EDITED (RM (-DFL- \[)) (EDITED (RM (-DFL- \[)) (EDITED (RM (-DFL- \[)) (WHNP (WP what)) (IP (-DFL- \+))) (PRN (, ,) (S (NP-SBJ (PRP you)) (VP (VBP know))) (, ,)) (WHNP (WP what)) (RS (-DFL- \])) (IP (-DFL- \+))) (IP (-DFL- \+)) (WHNP (WP what)) (, ,) (RS (-DFL- \])) (IP (-DFL- \+))) (WHNP (WP what)) (RS (-DFL- \])) (S (NP-SBJ (NNS questions)) (VP-UNF (VBP are) (PRN (, ,) (S (NP-SBJ (PRP you)) (VP (VBP know))))))))) (, ,) (-DFL- N_S))",160
sw05utt/sw_0555_3294.utt,3/sw3294,3294,111,sd,B,67,1,"There have been a couple of times when  [ [ the, + the,  ] +  {F uh, } whatever the ] subject was, I guess caught my interest and I went along with it  /","[ There/EX ] have/VBP been/VBN  [ a/DT couple/NN ] of/IN  [ times/NNS ] when/WRB  [ the/DT ] ,/,  [ the/DT ] ,/,  [ uh/UH ] ,/,  [ whatever/WDT ] [ the/DT subject/NN ] was/VBD ,/,  [ I/PRP ] guess/VBP caught/VBN  [ my/PRP$ interest/NN ] and/CC  [ I/PRP ] went/VBD along/IN with/IN  [ it/PRP ]","(S (NP-SBJ (EX There)) (VP (VBP have) (VP (VBN been) (NP-PRD (NP (DT a) (NN couple)) (PP (IN of) (NP (NNS times))) (SBAR-TMP (WHADVP-2 (WRB when)) (S (S-3 (EDITED (RM (-DFL- \[)) (EDITED (RM (-DFL- \[)) (NP-SBJ-UNF (DT the)) (, ,) (IP (-DFL- \+))) (NP-SBJ-UNF (DT the)) (, ,) (RS (-DFL- \])) (IP (-DFL- \+))) (INTJ (UH uh)) (, ,) (SBAR-NOM-SBJ (WHNP-1 (WDT whatever)) (S (NP-SBJ (DT the) (RS (-DFL- \])) (NN subject)) (VP (VBD was) (NP-PRD (-NONE- *T*-1))))) (PRN (, ,) (S (NP-SBJ (PRP I)) (VP (VBP guess) (SBAR (-NONE- 0) (S (-NONE- *T*-3)))))) (VP (VBN caught) (NP (PRP$ my) (NN interest)))) (CC and) (S (NP-SBJ (PRP I)) (VP (VBD went) (ADVP (IN along)) (PP (IN with) (NP (PRP it))))) (ADVP-TMP (-NONE- *T*-2))))))) (-DFL- E_S))",165
sw05utt/sw_0555_3294.utt,3/sw3294,3294,112,sd,B,67,2,"{C and then } there have been several times when I just said, {D well, } I just really don't have the time, {D you know } --","and/CC then/RB  [ there/EX ] have/VB been/VBN  [ several/JJ times/NNS ] when/WRB  [ I/PRP ] just/RB said/VBD ,/, well/UH ,/,  [ I/PRP ] just/RB really/RB do/VBP n't/RB have/VB  [ the/DT time/NN ] ,/,  [ you/PRP ] know/VBP --/:","(S (CONJP (CC and) (RB then)) (NP-SBJ (EX there)) (VP (VB have) (VP (VBN been) (NP-PRD (NP (JJ several) (NNS times)) (SBAR (WHADVP-2 (WRB when)) (S (NP-SBJ (PRP I)) (ADVP (RB just)) (VP (VBD said) (, ,) (S-SEZ (INTJ (UH well)) (, ,) (NP-SBJ (PRP I)) (ADVP (RB just)) (ADVP (RB really)) (VP (VBP do) (RB n't) (VP (VB have) (NP (NP (DT the) (NN time)) (PRN (, ,) (S (NP-SBJ (PRP you)) (VP (VBP know)))) (SBAR (WHADVP-1 (-NONE- 0)) (S (NP-SBJ (-NONE- *)) (VP (TO to) (VP (VB deal) (PP (IN with) (NP (PRP it))) (PP-TMP (IN at) (NP (DT that) (NN moment))) (ADVP (-NONE- *T*-1)))))))))) (ADVP-TMP (-NONE- *T*-2)))))))) (. .) (-DFL- E_S))",166
sw05utt/sw_0555_3294.utt,3/sw3294,3294,113,b,A,68,1,Yeah <<faint>>. /,Yeah/UH ./.,(INTJ (UH Yeah) (. .) (-DFL- E_S)),139
sw05utt/sw_0555_3294.utt,3/sw3294,3294,114,+,B,69,1,-- to deal with it at that moment. /,--/: to/TO deal/VB with/IN  [ it/PRP ] at/IN  [ that/DT moment/NN ] ./.,"(S (CONJP (CC and) (RB then)) (NP-SBJ (EX there)) (VP (VB have) (VP (VBN been) (NP-PRD (NP (JJ several) (NNS times)) (SBAR (WHADVP-2 (WRB when)) (S (NP-SBJ (PRP I)) (ADVP (RB just)) (VP (VBD said) (, ,) (S-SEZ (INTJ (UH well)) (, ,) (NP-SBJ (PRP I)) (ADVP (RB just)) (ADVP (RB really)) (VP (VBP do) (RB n't) (VP (VB have) (NP (NP (DT the) (NN time)) (PRN (, ,) (S (NP-SBJ (PRP you)) (VP (VBP know)))) (SBAR (WHADVP-1 (-NONE- 0)) (S (NP-SBJ (-NONE- *)) (VP (TO to) (VP (VB deal) (PP (IN with) (NP (PRP it))) (PP-TMP (IN at) (NP (DT that) (NN moment))) (ADVP (-NONE- *T*-1)))))))))) (ADVP-TMP (-NONE- *T*-2)))))))) (. .) (-DFL- E_S))",166
sw05utt/sw_0555_3294.utt,3/sw3294,3294,115,b,A,70,1,Yeah. /,Yeah/UH ./.,(INTJ (UH Yeah) (. .) (-DFL- E_S)),162
sw05utt/sw_0555_3294.utt,3/sw3294,3294,116,sd,B,71,1,"{C But, } {F uh, } I don't get too many of those. /","But/CC ,/,  [ uh/UH ] ,/,  [ I/PRP ] do/VBP n't/RB get/VB too/RB many/JJ of/IN  [ those/DT ] ./.","(S (CC But) (, ,) (INTJ (UH uh)) (, ,) (NP-SBJ (PRP I)) (VP (VBP do) (RB n't) (VP (VB get) (NP (NP (RB too) (JJ many)) (PP (IN of) (NP (DT those)))))) (. .) (-DFL- E_S))",173
sw05utt/sw_0555_3294.utt,3/sw3294,3294,117,b,A,72,1,Yeah <<faint>>. /,Yeah/UH ./.,(INTJ (UH Yeah) (. .) (-DFL- E_S)),162
sw05utt/sw_0555_3294.utt,3/sw3294,3294,118,sd,B,73,1,I've had just a few. /,[ I/PRP ] 've/VBP had/VBN just/RB  [ a/DT few/JJ ] ./.,(S (NP-SBJ (PRP I)) (VP (VBP 've) (VP (VBN had) (NP (RB just) (DT a) (JJ few)))) (. .) (-DFL- E_S)),177
sw05utt/sw_0555_3294.utt,3/sw3294,3294,119,b,A,74,1,Yeah <<faint>>. /,Yeah/UH ./.,(INTJ (UH Yeah) (. .) (-DFL- E_S)),162
sw05utt/sw_0555_3294.utt,3/sw3294,3294,120,sd,B,75,1,"{F Uh, } generally someone's trying to sell me something  /","[ Uh/UH ] ,/, generally/RB  [ someone/NN ] 's/BES trying/VBG to/TO sell/VB  [ me/PRP ] [ something/NN ]","(S (INTJ (UH Uh)) (, ,) (ADVP (RB generally)) (NP-SBJ-1 (NN someone)) (VP (BES 's) (VP (VBG trying) (S (NP-SBJ (-NONE- *-1)) (VP (TO to) (VP (VB sell) (NP (PRP me)) (NP (NN something))))))) (-DFL- E_S))",181
sw05utt/sw_0555_3294.utt,3/sw3294,3294,121,%,B,75,2,"{C or, } -/","or/CC ,/,","(S-UNF (CC or) (, ,) (-DFL- N_S))",182
sw05utt/sw_0555_3294.utt,3/sw3294,3294,122,b,A,76,1,"Right,  /","Right/UH ,/,","(INTJ (UH Right) (, ,) (-DFL- E_S))",184
sw05utt/sw_0555_3294.utt,3/sw3294,3294,123,sd,A,76,2,"{D well, } {C and } sometimes [ that's, + this is  ] just the lead in    to a sales pitch --","well/UH ,/, and/CC sometimes/RB  [ that/DT ] 's/BES ,/,  [ this/DT ] is/VBZ just/RB  [ the/DT lead/GW ] in/^NN to/TO   [ a/DT sales/NNS pitch/NN ] --/:","(S (INTJ (UH well)) (, ,) (CC and) (ADVP-TMP (RB sometimes)) (EDITED (RM (-DFL- \[)) (S (NP-SBJ (DT that)) (VP-UNF (BES 's))) (, ,) (IP (-DFL- \+))) (NP-SBJ (DT this)) (VP (VBZ is) (RS (-DFL- \])) (NP-PRD (NP (RB just) (DT the) (TYPO (GW lead) (^NN in))) (PP (TO to) (NP (DT a) (NNS sales) (NN pitch)))) (ADVP (RB too))) (. .) (-DFL- E_S))",185
sw05utt/sw_0555_3294.utt,3/sw3294,3294,124,aa,B,77,1,"Right,  /","Right/UH ,/,","(INTJ (UH Right) (, ,) (-DFL- E_S))",184
sw05utt/sw_0555_3294.utt,3/sw3294,3294,125,aa^r,B,77,2,right. /,right/UH ./.,(INTJ (UH right) (. .) (-DFL- E_S)),188
sw05utt/sw_0555_3294.utt,3/sw3294,3294,126,+,A,78,1,-- too.  /,--/: too/RB ./.,"(S (INTJ (UH well)) (, ,) (CC and) (ADVP-TMP (RB sometimes)) (EDITED (RM (-DFL- \[)) (S (NP-SBJ (DT that)) (VP-UNF (BES 's))) (, ,) (IP (-DFL- \+))) (NP-SBJ (DT this)) (VP (VBZ is) (RS (-DFL- \])) (NP-PRD (NP (RB just) (DT the) (TYPO (GW lead) (^NN in))) (PP (TO to) (NP (DT a) (NNS sales) (NN pitch)))) (ADVP (RB too))) (. .) (-DFL- E_S))",185
sw05utt/sw_0555_3294.utt,3/sw3294,3294,127,sv,A,78,2,"Other times <baby_crying> it's, {D you know, } wasting your time --","[ Other/JJ times/NNS ] [ it/PRP ] 's/BES ,/,  [ you/PRP ] know/VBP ,/, wasting/VBG  [ your/PRP$ time/NN ] --/:","(S (NP-ADV (JJ Other) (NNS times)) (NP-SBJ (PRP it)) (VP (BES 's) (PRN (, ,) (S (NP-SBJ (PRP you)) (VP (VBP know))) (, ,)) (VP (VBG wasting) (NP (PRP$ your) (NN time)) (S-PRP (NP-SBJ (-NONE- *)) (VP (TO to) (VP (VB collect) (NP (NP (DT the) (NN data)) (SBAR (WHNP-1 (-NONE- 0)) (S (NP-SBJ (PRP they)) (VP (VB want) (NP (-NONE- *T*-1)) (PP (IN for) (NP (PRP$ their) (NN marketing) (NN purpose)))))))))))) (. .) (-DFL- E_S))",190
sw05utt/sw_0555_3294.utt,3/sw3294.pos,3294,128,x,B,79,1,<Laughter>.,./.
sw05utt/sw_0555_3294.utt,3/sw3294,3294,129,+,A,80,1,-- to collect the data they want for their <laughter> --,--/: to/TO collect/VB  [ the/DT data/NN they/PRP ] want/VB for/IN  [ their/PRP$ ] --/:,"(S (NP-ADV (JJ Other) (NNS times)) (NP-SBJ (PRP it)) (VP (BES 's) (PRN (, ,) (S (NP-SBJ (PRP you)) (VP (VBP know))) (, ,)) (VP (VBG wasting) (NP (PRP$ your) (NN time)) (S-PRP (NP-SBJ (-NONE- *)) (VP (TO to) (VP (VB collect) (NP (NP (DT the) (NN data)) (SBAR (WHNP-1 (-NONE- 0)) (S (NP-SBJ (PRP they)) (VP (VB want) (NP (-NONE- *T*-1)) (PP (IN for) (NP (PRP$ their) (NN marketing) (NN purpose)))))))))))) (. .) (-DFL- E_S))",190
sw05utt/sw_0555_3294.utt,3/sw3294,3294,130,aa,B,81,1,Right. /,[ Right/UH ] ./.,(INTJ (UH Right) (. .) (-DFL- E_S)),194
sw05utt/sw_0555_3294.utt,3/sw3294,3294,131,+,A,82,1,-- marketing purpose.  /,--/:  [ marketing/NN purpose/NN ] ./.,"(S (NP-ADV (JJ Other) (NNS times)) (NP-SBJ (PRP it)) (VP (BES 's) (PRN (, ,) (S (NP-SBJ (PRP you)) (VP (VBP know))) (, ,)) (VP (VBG wasting) (NP (PRP$ your) (NN time)) (S-PRP (NP-SBJ (-NONE- *)) (VP (TO to) (VP (VB collect) (NP (NP (DT the) (NN data)) (SBAR (WHNP-1 (-NONE- 0)) (S (NP-SBJ (PRP they)) (VP (VB want) (NP (-NONE- *T*-1)) (PP (IN for) (NP (PRP$ their) (NN marketing) (NN purpose)))))))))))) (. .) (-DFL- E_S))",190
sw05utt/sw_0555_3294.utt,3/sw3294,3294,132,sd,A,82,2,"For which, if they would just pay me enough money --","For/IN  [ which/WDT ] ,/, if/IN  [ they/PRP ] would/MD just/RB pay/VB  [ me/PRP ] enough/RB  [ money/NN ] --/:","(SBAR (WHPP-1 (IN For) (WHNP (WDT which))) (, ,) (S (SBAR-ADV (IN if) (S (NP-SBJ (PRP they)) (VP (MD would) (ADVP (RB just)) (VP (VB pay) (NP (PRP me)) (NP (RB enough) (NN money)))))) (NP-SBJ (PRP I)) (VP (MD would) (VP (VB be) (ADJP-PRD (JJ willing) (S (NP-SBJ (-NONE- *)) (VP (TO to) (VP (VB consider) (PP (-NONE- *T*-1))))))))) (. .) (-DFL- E_S))",196
sw05utt/sw_0555_3294.utt,3/sw3294,3294,133,b,B,83,1,Yeah. /,Yeah/UH ./.,(INTJ (UH Yeah) (. .) (-DFL- E_S)),175
sw05utt/sw_0555_3294.utt,3/sw3294,3294,134,+,A,84,1,-- I would be willing to consider. /,--/:  [ I/PRP ] would/MD be/VB willing/JJ to/TO consider/VB ./.,"(SBAR (WHPP-1 (IN For) (WHNP (WDT which))) (, ,) (S (SBAR-ADV (IN if) (S (NP-SBJ (PRP they)) (VP (MD would) (ADVP (RB just)) (VP (VB pay) (NP (PRP me)) (NP (RB enough) (NN money)))))) (NP-SBJ (PRP I)) (VP (MD would) (VP (VB be) (ADJP-PRD (JJ willing) (S (NP-SBJ (-NONE- *)) (VP (TO to) (VP (VB consider) (PP (-NONE- *T*-1))))))))) (. .) (-DFL- E_S))",196
sw05utt/sw_0555_3294.utt,3/sw3294,3294,135,aa,B,85,1,That's right. /,[ That/DT ] 's/BES right/JJ ./.,(S (NP-SBJ (DT That)) (VP (BES 's) (ADJP-PRD (JJ right))) (. .) (-DFL- E_S)),201
sw05utt/sw_0555_3294.utt,3/sw3294,3294,136,sv,A,86,1,"[ {C But, } + {C but } ] a dollar isn't it,  /","But/CC ,/, but/CC  [ a/DT dollar/NN ] is/VBZ n't/RB  [ it/PRP ] ,/,","(S (EDITED (RM (-DFL- \[)) (CC But) (, ,) (IP (-DFL- \+))) (CC but) (RS (-DFL- \])) (NP-SBJ (DT a) (NN dollar)) (VP (VBZ is) (RB n't) (NP-PRD (PRP it)) (, ,) (-DFL- E_S) (PRN (S (NP-SBJ (PRP you)) (VP (VBP know))))) (, ,))",203
sw05utt/sw_0555_3294.utt,3/sw3294,3294,137,%,A,86,2,"{D you know, } it's, -/","[ you/PRP ] know/VBP ,/,  [ it/PRP ] 's/BES ,/,","(S (EDITED (RM (-DFL- \[)) (CC But) (, ,) (IP (-DFL- \+))) (CC but) (RS (-DFL- \])) (NP-SBJ (DT a) (NN dollar)) (VP (VBZ is) (RB n't) (NP-PRD (PRP it)) (, ,) (-DFL- E_S) (PRN (S (NP-SBJ (PRP you)) (VP (VBP know))))) (, ,))|||(S (NP-SBJ (PRP it)) (VP-UNF (BES 's)) (, ,) (-DFL- N_S))",203|||204
sw05utt/sw_0555_3294.utt,3/sw3294,3294,138,b,B,87,1,<Laughter> Oh. /,Oh/UH ./.,(INTJ (UH Oh) (. .) (-DFL- E_S)),206
sw05utt/sw_0555_3294.utt,3/sw3294,3294,139,sd,A,88,1,"{F Uh, } {C and } I also sort of worry [ that, + {D you know, } that  ] sometimes people giveaway  personal information.  /","[ Uh/UH ] ,/, and/CC  [ I/PRP ] also/RB sort/RB of/RB worry/VBP  [ that/DT ] ,/,  [ you/PRP ] know/VBP ,/, that/IN sometimes/RB  [ people/NNS giveaway/^VBP^RB personal/JJ information/NN ]  ./.","(S (INTJ (UH Uh)) (, ,) (CC and) (NP-SBJ (PRP I)) (ADVP (RB also)) (ADVP (RB sort) (RB of)) (VP (VBP worry) (SBAR (EDITED (RM (-DFL- \[)) (SBAR-UNF (DT that)) (, ,) (IP (-DFL- \+))) (PRN (S (NP-SBJ (PRP you)) (VP (VBP know))) (, ,)) (IN that) (RS (-DFL- \])) (S (ADVP-TMP (RB sometimes)) (NP-SBJ (NNS people)) (VP (TYPO (^VBP^RB giveaway)) (NP (JJ personal) (NN information)))))) (. .) (-DFL- E_S))",208
sw05utt/sw_0555_3294.utt,3/sw3294,3294,140,sd,A,88,2,"{F Uh, } [ when, + <baby_crying> when  ] the call comes [ and, + and  ]  they, {F uh, } {D you know, } sort of seductive, to, {D you know, } - /","[ Uh/UH ] ,/, when/WRB ,/, when/WRB  [ the/DT call/NN ] comes/VBZ and/CC ,/, and/CC  [ they/PRP ] ,/,  [ uh/UH ] ,/,  [ you/PRP ] know/VBP ,/,  [ sort/RB ] of/RB  [ seductive/JJ ] ,/, to/IN ,/,  [ you/PRP ] know/VBP ,/,","(S-UNF (INTJ (UH Uh)) (, ,) (SBAR-TMP (SBAR (EDITED (RM (-DFL- \[)) (WHADVP (WRB when)) (, ,) (IP (-DFL- \+))) (WHADVP-1 (WRB when)) (RS (-DFL- \])) (S (NP-SBJ (DT the) (NN call)) (VP (VBZ comes) (ADVP-TMP (-NONE- *T*-1))))) (EDITED (RM (-DFL- \[)) (CC and) (, ,) (IP (-DFL- \+))) (CC and) (RS (-DFL- \])) (X (S (NP-SBJ (PRP they)) (, ,) (INTJ (UH uh)) (PRN (, ,) (S (NP-SBJ (PRP you)) (VP (VBP know))) (, ,)) (ADJP (ADVP (RB sort) (RB of)) (JJ seductive)) (, ,) (X (IN to)) (PRN (, ,) (S (NP-SBJ (PRP you)) (VP (VBP know))))))) (, ,) (-DFL- N_S))",209
sw05utt/sw_0555_3294.utt,3/sw3294,3294,141,sd,A,88,3,"somebody is asking me my opinion on all of these things,  /","[ somebody/NN ] is/VBZ asking/VBG  [ me/PRP my/PRP$ opinion/NN ] on/IN  [ all/DT ] of/IN  [ these/DT things/NNS ] ,/,","(S (NP-SBJ (NN somebody)) (VP (VBZ is) (VP (VBG asking) (NP (PRP me)) (NP (NP (PRP$ my) (NN opinion)) (PP (IN on) (NP (NP (DT all)) (PP (IN of) (NP (DT these) (NNS things)))))))) (, ,) (-DFL- E_S))",210
sw05utt/sw_0555_3294.utt,3/sw3294,3294,142,sd,A,88,4,{C and so } I start answering  /,and/CC so/IN  [ I/PRP ] start/VBP answering/VBG,(S (CONJP (CC and) (IN so)) (NP-SBJ-1 (PRP I)) (VP (VBP start) (S (NP-SBJ (-NONE- *-1)) (VP (VBG answering)))) (-DFL- E_S)),211
sw05utt/sw_0555_3294.utt,3/sw3294,3294,143,sv,A,88,5,"{C and then }  [ you, +  {D you   know, } you ] go down a path -- /","and/CC then/RB  [ you/PRP ] ,/,  [ you/PRP ] know/VBP ,/,  [ you/PRP ] go/VBP down/IN  [ a/DT path/NN ] --/:","(S (CONJP (CC and) (RB then)) (EDITED (RM (-DFL- \[)) (NP-SBJ (PRP you)) (, ,) (IP (-DFL- \+))) (PRN (S (NP-SBJ (PRP you)) (VP (VBP know))) (, ,)) (NP-SBJ (PRP you)) (RS (-DFL- \])) (VP (VBP go) (PP-DIR (IN down) (NP (DT a) (NN path)))) (-DFL- E_S))",212
sw05utt/sw_0555_3294.utt,3/sw3294,3294,144,b,B,89,1,Right. /,[ Right/UH ] ./.,(INTJ (UH Right) (. .) (-DFL- E_S)),194
sw05utt/sw_0555_3294.utt,3/sw3294,3294,145,sv,A,90,1,"-- {F uh, } {C and } you don't know where it's going to end. /","--/:  [ uh/UH ] ,/, and/CC  [ you/PRP ] do/VBP n't/RB know/VB where/WRB  [ it/PRP ] 's/BES going/VBG to/TO end/VB ./.","(S (INTJ (UH uh)) (, ,) (CC and) (NP-SBJ (PRP you)) (VP (VBP do) (RB n't) (VP (VB know) (SBAR (WHADVP-2 (WRB where)) (S (NP-SBJ-1 (PRP it)) (VP (BES 's) (VP (VBG going) (S (NP-SBJ (-NONE- *-1)) (VP (TO to) (VP (VB end) (ADVP-LOC (-NONE- *T*-2))))))))))) (. .) (-DFL- E_S))",216
sw05utt/sw_0555_3294.utt,3/sw3294,3294,146,b,B,91,1,Yeah. /,Yeah/UH ./.,(INTJ (UH Yeah) (. .) (-DFL- E_S)),198
sw05utt/sw_0555_3294.utt,3/sw3294,3294,147,%@,A,92,1,"{F Uh, }   *[[slash error]]","[ Uh/UH ] ,/,","(S (INTJ (UH Uh)) (, ,) (CC and) (NP-SBJ (PRP I)) (ADVP (RB also)) (ADVP (RB sort) (RB of)) (VP (VBP worry) (SBAR (EDITED (RM (-DFL- \[)) (SBAR-UNF (DT that)) (, ,) (IP (-DFL- \+))) (PRN (S (NP-SBJ (PRP you)) (VP (VBP know))) (, ,)) (IN that) (RS (-DFL- \])) (S (ADVP-TMP (RB sometimes)) (NP-SBJ (NNS people)) (VP (TYPO (^VBP^RB giveaway)) (NP (JJ personal) (NN information)))))) (. .) (-DFL- E_S))",208
sw05utt/sw_0555_3294.utt,3/sw3294,3294,148,%,B,93,1,"{D Well, } we, -/","Well/UH ,/,  [ we/PRP ] ,/,","(S-UNF (INTJ (UH Well)) (, ,) (NP-SBJ (PRP we)) (, ,) (-DFL- N_S))",222
sw05utt/sw_0555_3294.utt,3/sw3294,3294,149,+,A,94,1,"In fact, you don't even know [ what you've eventually, +  {D you know, } the totality of what you've ] revealed  /  *[[sv]]","In/IN  [ fact/NN ] ,/,  [ you/PRP ] do/VBP n't/RB even/RB know/VB  [ what/WP ] [ you/PRP ] 've/VBP eventually/RB ,/,  [ you/PRP ] know/VBP ,/,  [ the/DT totality/NN ] of/IN  [ what/WP ] [ you/PRP ] 've/VBP revealed/VBN","(S (INTJ (UH Uh)) (, ,) (PP (IN In) (NP (NN fact))) (, ,) (NP-SBJ (PRP you)) (VP (VBP do) (RB n't) (ADVP (RB even)) (VP (VB know) (EDITED (RM (-DFL- \[)) (SBAR (WHNP (WP what)) (S (NP-SBJ (PRP you)) (VP-UNF (VBP 've) (ADVP (RB eventually))))) (, ,) (IP (-DFL- \+))) (PRN (S (NP-SBJ (PRP you)) (VP (VBP know))) (, ,)) (NP (NP (DT the) (NN totality)) (PP (IN of) (SBAR-NOM (WHNP-1 (WP what)) (S (NP-SBJ (PRP you)) (VP (VBP 've) (RS (-DFL- \])) (VP (VBN revealed) (NP (-NONE- *T*-1)))))))))) (-DFL- E_S))",220
sw05utt/sw_0555_3294.utt,3/sw3294,3294,150,%@,A,94,2,"{C and, } {D you know, }    *[[slash error]]","and/CC ,/,  [ you/PRP ] know/VBP ,/,","(S (CC and) (PRN (, ,) (S (NP-SBJ (PRP you)) (VP (VBP know))) (, ,)) (NP-SBJ-1 (DT This)) (VP (VBZ is) (EDITED (RB n't) (PRN (, ,) (S (NP-SBJ (PRP you)) (VP (VBP know))) (, ,)) (RM (-DFL- \[)) (ADVP-UNF (XX prob-)) (, ,) (IP (-DFL- \+))) (ADVP (RBS most) (JJ likely)) (RS (-DFL- \])) (RB not) (EDITED (RM (-DFL- \[)) (VP-UNF (TO to)) (, ,) (IP (-DFL- \+))) (VP (VBG going) (S (NP-SBJ (-NONE- *)) (VP (TO to) (RS (-DFL- \])) (VP (VB be) (VP (VBN used) (NP (-NONE- *-1)) (PP (IN against) (NP (PRP you))))))))) (, ,) (-DFL- E_S))",224
sw05utt/sw_0555_3294.utt,3/sw3294,3294,151,aa,B,95,1,That's true. /,[ That/DT ] 's/BES true/JJ ./.,(S (NP-SBJ (DT That)) (VP (BES 's) (ADJP-PRD (JJ true))) (. .) (-DFL- E_S)),226
sw05utt/sw_0555_3294.utt,3/sw3294,3294,152,+,A,96,1,"This  isn't, {D you know, } [ prob-, +  most likely ] not [ to, +  going to ] be used against you,  /","[ This/DT ] is/VBZ n't/RB ,/,  [ you/PRP ] know/VBP ,/,  [ prob-/XX ] ,/, most/RBS likely/JJ not/RB to/TO ,/, going/VBG to/TO be/VB used/VBN against/IN  [ you/PRP ] ,/,","(S (CC and) (PRN (, ,) (S (NP-SBJ (PRP you)) (VP (VBP know))) (, ,)) (NP-SBJ-1 (DT This)) (VP (VBZ is) (EDITED (RB n't) (PRN (, ,) (S (NP-SBJ (PRP you)) (VP (VBP know))) (, ,)) (RM (-DFL- \[)) (ADVP-UNF (XX prob-)) (, ,) (IP (-DFL- \+))) (ADVP (RBS most) (JJ likely)) (RS (-DFL- \])) (RB not) (EDITED (RM (-DFL- \[)) (VP-UNF (TO to)) (, ,) (IP (-DFL- \+))) (VP (VBG going) (S (NP-SBJ (-NONE- *)) (VP (TO to) (RS (-DFL- \])) (VP (VB be) (VP (VBN used) (NP (-NONE- *-1)) (PP (IN against) (NP (PRP you))))))))) (, ,) (-DFL- E_S))",224
sw05utt/sw_0555_3294.utt,3/sw3294,3294,153,sv,A,96,2,{C but } it could - /,but/CC  [ it/PRP ] could/MD,(S (CC but) (NP-SBJ (PRP it)) (VP (MD could) (VP (-NONE- *?*))) (-DFL- N_S)),228
sw05utt/sw_0555_3294.utt,3/sw3294,3294,154,sv,A,96,3,"[ {C and, } +","and/CC ,/,","(S-UNF (INTJ (UH Uh)) (, ,) (SBAR-TMP (SBAR (EDITED (RM (-DFL- \[)) (WHADVP (WRB when)) (, ,) (IP (-DFL- \+))) (WHADVP-1 (WRB when)) (RS (-DFL- \])) (S (NP-SBJ (DT the) (NN call)) (VP (VBZ comes) (ADVP-TMP (-NONE- *T*-1))))) (EDITED (RM (-DFL- \[)) (CC and) (, ,) (IP (-DFL- \+))) (CC and) (RS (-DFL- \])) (X (S (NP-SBJ (PRP they)) (, ,) (INTJ (UH uh)) (PRN (, ,) (S (NP-SBJ (PRP you)) (VP (VBP know))) (, ,)) (ADJP (ADVP (RB sort) (RB of)) (JJ seductive)) (, ,) (X (IN to)) (PRN (, ,) (S (NP-SBJ (PRP you)) (VP (VBP know))))))) (, ,) (-DFL- N_S))",209
sw05utt/sw_0555_3294.utt,3/sw3294,3294,155,aa,B,97,1,"Yeah,  /","Yeah/UH ,/,","(INTJ (UH Yeah) (, ,) (-DFL- E_S))",231
sw05utt/sw_0555_3294.utt,3/sw3294,3294,156,sv,B,97,2,"you just never know, I guess. /","[ you/PRP ] just/RB never/RB know/VBP ,/,  [ I/PRP ] guess/VBP ./.","(S (S-TPC-1 (NP-SBJ (PRP you)) (ADVP (RB just)) (ADVP-TMP (RB never)) (VP (VBP know))) (, ,) (NP-SBJ (PRP I)) (VP (VBP guess) (SBAR (-NONE- 0) (S (-NONE- *T*-1)))) (. .) (-DFL- E_S))",232
sw05utt/sw_0555_3294.utt,3/sw3294,3294,157,+,A,98,1,"{C And } ] that seems to be something that [ should, + should  ] really be outlawed.","And/CC  [ that/DT ] seems/VBZ to/TO be/VB  [ something/NN ] [ that/WDT ] should/MD ,/, should/MD really/RB be/VB outlawed/VBN ./.","(S (EDITED (RM (-DFL- \[)) (CC and) (, ,) (IP (-DFL- \+))) (CC And) (RS (-DFL- \])) (NP-SBJ-1 (DT that)) (VP (VBZ seems) (S (NP-SBJ (-NONE- *-1)) (VP (TO to) (VP (VB be) (NP-PRD (NP (NN something)) (SBAR (WHNP-2 (WDT that)) (S (NP-SBJ-3 (-NONE- *T*-2)) (EDITED (RM (-DFL- \[)) (VP-UNF (MD should)) (, ,) (IP (-DFL- \+))) (VP (MD should) (RS (-DFL- \])) (ADVP (RB really)) (VP (VB be) (VP (VBN outlawed) (NP (-NONE- *-3))))))))))) (. .) (SBAR-PRP (IN Because) (S (NP-SBJ (PRP it)) (VP (BES 's) (ADJP-PRD (JJ subject) (PP (IN to) (NP (NN abuse)))))))) (-DFL- E_S))",229
sw05utt/sw_0555_3294.utt,3/sw3294,3294,158,%,B,99,1,"That, - /","That/IN ,/,","(S-UNF (NP-SBJ (IN That)) (, ,) (-DFL- N_S))",235
sw05utt/sw_0555_3294.utt,3/sw3294,3294,159,%,B,99,2,"yeah,  /","yeah/UH ,/,","(INTJ (UH yeah) (, ,) (-DFL- E_S))",236
sw05utt/sw_0555_3294.utt,3/sw3294,3294,160,%,B,99,3,"[ I, + I, ] -/","[ I/PRP ] ,/,  [ I/PRP ] ,/,","(S-UNF (EDITED (RM (-DFL- \[)) (NP-SBJ (PRP I)) (, ,) (IP (-DFL- \+))) (NP-SBJ (PRP I)) (, ,) (RS (-DFL- \])) (-DFL- N_S))",237
sw05utt/sw_0555_3294.utt,3/sw3294,3294,161,+,A,100,1,Because it's subject to abuse  /,Because/IN  [ it/PRP ] 's/BES subject/JJ to/IN abuse/NN,"(S (EDITED (RM (-DFL- \[)) (CC and) (, ,) (IP (-DFL- \+))) (CC And) (RS (-DFL- \])) (NP-SBJ-1 (DT that)) (VP (VBZ seems) (S (NP-SBJ (-NONE- *-1)) (VP (TO to) (VP (VB be) (NP-PRD (NP (NN something)) (SBAR (WHNP-2 (WDT that)) (S (NP-SBJ-3 (-NONE- *T*-2)) (EDITED (RM (-DFL- \[)) (VP-UNF (MD should)) (, ,) (IP (-DFL- \+))) (VP (MD should) (RS (-DFL- \])) (ADVP (RB really)) (VP (VB be) (VP (VBN outlawed) (NP (-NONE- *-3))))))))))) (. .) (SBAR-PRP (IN Because) (S (NP-SBJ (PRP it)) (VP (BES 's) (ADJP-PRD (JJ subject) (PP (IN to) (NP (NN abuse)))))))) (-DFL- E_S))",229
sw05utt/sw_0555_3294.utt,3/sw3294,3294,162,%,A,100,2,"{C and } it, -/","and/CC  [ it/PRP ] ,/,","(S-UNF (CC and) (NP-SBJ (PRP it)) (, ,) (-DFL- N_S))",239
sw05utt/sw_0555_3294.utt,3/sw3294,3294,163,%,B,101,1,"Asking for information [ is, + is,  ] - /","Asking/VBG for/IN  [ information/NN ] is/VBZ ,/, is/VBZ ,/,","(S (S-NOM-SBJ (NP-SBJ (-NONE- *)) (VP (VBG Asking) (PP (IN for) (NP (NN information))))) (EDITED (RM (-DFL- \[)) (VP-UNF (VBZ is)) (, ,) (IP (-DFL- \+))) (VP-UNF (VBZ is)) (, ,) (RS (-DFL- \])) (-DFL- N_S))",241
sw05utt/sw_0555_3294.utt,3/sw3294,3294,164,sd,B,101,2,"I can't really see that,  /","[ I/PRP ] ca/MD n't/RB really/RB see/VB  [ that/DT ] ,/,","(S (NP-SBJ (PRP I)) (VP (MD ca) (RB n't) (ADVP (RB really)) (VP (VB see) (NP (DT that)))) (, ,) (-DFL- E_S))",242
sw05utt/sw_0555_3294.utt,3/sw3294,3294,165,sv,B,101,3,"I think  [ they ought to, + [ if, + if ] nothing else,  they ought to  ] spend money for a postage stamp  /","[ I/PRP ] think/VBP  [ they/PRP ] ought/MD to/TO ,/, if/IN ,/, if/IN  [ nothing/NN ] else/RB ,/,  [ they/PRP ] ought/MD to/TO spend/VB  [ money/NN ] for/IN  [ a/DT postage/NN ] stamp/NN","(S (NP-SBJ (PRP I)) (VP (VBP think) (SBAR (-NONE- 0) (S (EDITED (RM (-DFL- \[)) (S (NP-SBJ (PRP they)) (VP (MD ought) (S (NP-SBJ (-NONE- *)) (VP (TO to))))) (, ,) (IP (-DFL- \+))) (SBAR-ADV (EDITED (RM (-DFL- \[)) (SBAR-ADV-UNF (IN if)) (, ,) (IP (-DFL- \+))) (IN if) (RS (-DFL- \])) (FRAG (NP (NP (NN nothing)) (ADVP (RB else))))) (, ,) (NP-SBJ-1 (PRP they)) (VP (MD ought) (S (NP-SBJ (-NONE- *-1)) (VP (TO to) (RS (-DFL- \])) (VP (VB spend) (NP (NN money)) (PP (IN for) (NP (DT a) (NN postage) (NN stamp)))))))))) (-DFL- E_S))",243
sw05utt/sw_0555_3294.utt,3/sw3294,3294,166,%,B,101,4,"{C and, } {D you know, } when it arrives at your house, {F oh, } I, -/","and/CC ,/,  [ you/PRP ] know/VBP ,/, when/WRB  [ it/PRP ] arrives/VBZ at/IN  [ your/PRP$ house/NN ] ,/, oh/UH ,/,  [ I/PRP ] ,/,","(S-UNF (CC and) (PRN (, ,) (S (NP-SBJ (PRP you)) (VP (VBP know))) (, ,)) (SBAR-TMP (WHADVP-1 (WRB when)) (S (NP-SBJ (PRP it)) (VP (VBZ arrives) (PP-LOC (IN at) (NP (PRP$ your) (NN house))) (ADVP-TMP (-NONE- *T*-1))))) (, ,) (INTJ (UH oh)) (, ,) (NP-SBJ (PRP I)) (, ,) (-DFL- N_S))",244
