swda_filename,ptb_basename,conversation_no,transcript_index,act_tag,caller,utterance_index,subutterance_index,text,pos,trees,ptb_treenumbers
sw05utt/sw_0512_3811.utt,3/sw3811,3811,0,qy^d,A,1,1,{C So } you have a [ child --,So/UH  [ you/PRP ] have/VBP  [ a/DT child/NN ] --/:,(S (RB So) (NP-SBJ (PRP you)) (VP (VBP have) (NP (NP (DT a) (NN child)) (ADJP (NP-ADV (CD two) (NNS years)) (JJ old)) (PP (IN in) (NP (NN child) (NN care)))) (ADVP-TMP (RB right) (RB now))) (. .) (-DFL- E_S)),1
sw05utt/sw_0512_3811.utt,3/sw3811,3811,1,ny,B,2,1,Yeah  /,Yeah/UH,(INTJ (UH Yeah) (-DFL- E_S)),3
sw05utt/sw_0512_3811.utt,3/sw3811,3811,2,%,B,2,2,"we, -/","[ we/PRP ] ,/,","(S-UNF (NP-SBJ (PRP we)) (, ,) (-DFL- N_S))",4
sw05utt/sw_0512_3811.utt,3/sw3811,3811,3,+@,A,3,1,-- two years old in child care right now. +   *[[slash error]],--/:  [ two/CD years/NNS ] old/JJ in/IN  [ child/NN care/NN ] right/RB now/RB ./.,(S (RB So) (NP-SBJ (PRP you)) (VP (VBP have) (NP (NP (DT a) (NN child)) (ADJP (NP-ADV (CD two) (NNS years)) (JJ old)) (PP (IN in) (NP (NN child) (NN care)))) (ADVP-TMP (RB right) (RB now))) (. .) (-DFL- E_S)),1
sw05utt/sw_0512_3811.utt,3/sw3811,3811,4,na^m,B,4,1,Two year old daughter in child care + ]  /,[ Two/CD year/NN old/JJ daughter/NN ] in/IN  [ child/NN ] care/NN,(FRAG (NP (ADJP (NP-ADV (CD Two) (NN year)) (JJ old)) (NN daughter)) (PP (IN in) (NP (NN child) (NN care))) (-DFL- E_S)),7
sw05utt/sw_0512_3811.utt,3/sw3811,3811,5,sd,B,4,2,{C and } we went through the process of searching for child care  and --,and/CC  [ we/PRP ] went/VBD through/IN  [ the/DT process/NN ] of/IN searching/VBG for/IN  [ child/NN ] care/NN and/CC --/:,"(S (CC and) (NP-SBJ-1 (PRP we)) (VP (VBD went) (PP (IN through) (NP (NP (DT the) (NN process)) (PP (IN of) (S-NOM (NP-SBJ (-NONE- *-1)) (VP (VP (VBG searching) (PP (IN for) (NP (NN child) (NN care)))) (CC and) (INTJ (UH uh)) (, ,) (VP (VBG finding) (SBAR-NOM (WHNP-2 (WP what)) (S (NP-SBJ (PRP we)) (VP (VBP consider) (S (NP-SBJ (-NONE- *T*-2)) (VP (TO to) (VP (VB be) (, ,) (NP-PRD (NP (ADJP (RB real) (JJ good)) (NN child) (NN care)) (PP (IN at) (NP (DT a) (, ,) (INTJ (UH uh)) (, ,) (ADJP (RB pretty) (JJ reasonable)) (NN price)))) (PRN (, ,) (S (NP-SBJ (PRP we)) (VP (VBP think))))))))))))))))) (. .) (-DFL- E_S))",8
sw05utt/sw_0512_3811.utt,3/sw3811,3811,6,+,A,5,1,Uh-huh. /,[ Uh-huh/UH ] ./.,(INTJ (UH Uh-huh) (. .) (-DFL- E_S)),10
sw05utt/sw_0512_3811.utt,3/sw3811,3811,7,+,B,6,1,"-- {F uh, } finding what we consider to be,","--/:  [ uh/UH ] ,/, finding/VBG  [ what/WP ] [ we/PRP ] consider/VBP to/TO be/VB ,/,","(S (CC and) (NP-SBJ-1 (PRP we)) (VP (VBD went) (PP (IN through) (NP (NP (DT the) (NN process)) (PP (IN of) (S-NOM (NP-SBJ (-NONE- *-1)) (VP (VP (VBG searching) (PP (IN for) (NP (NN child) (NN care)))) (CC and) (INTJ (UH uh)) (, ,) (VP (VBG finding) (SBAR-NOM (WHNP-2 (WP what)) (S (NP-SBJ (PRP we)) (VP (VBP consider) (S (NP-SBJ (-NONE- *T*-2)) (VP (TO to) (VP (VB be) (, ,) (NP-PRD (NP (ADJP (RB real) (JJ good)) (NN child) (NN care)) (PP (IN at) (NP (DT a) (, ,) (INTJ (UH uh)) (, ,) (ADJP (RB pretty) (JJ reasonable)) (NN price)))) (PRN (, ,) (S (NP-SBJ (PRP we)) (VP (VBP think))))))))))))))))) (. .) (-DFL- E_S))",8
sw05utt/sw_0512_3811.utt,3/sw3811.pos,3811,8,x,A,7,1,<Squeak> <door>.,./.
sw05utt/sw_0512_3811.utt,3/sw3811,3811,9,+,B,8,1,"real good child care at a, {F uh, } pretty reasonable price, we think. /","[ real/RB good/JJ child/NN care/NN ] at/IN  [ a/DT ] ,/,  [ uh/UH ] ,/,  [ pretty/RB reasonable/JJ price/NN ] ,/,  [ we/PRP ] think/VBP ./.","(S (CC and) (NP-SBJ-1 (PRP we)) (VP (VBD went) (PP (IN through) (NP (NP (DT the) (NN process)) (PP (IN of) (S-NOM (NP-SBJ (-NONE- *-1)) (VP (VP (VBG searching) (PP (IN for) (NP (NN child) (NN care)))) (CC and) (INTJ (UH uh)) (, ,) (VP (VBG finding) (SBAR-NOM (WHNP-2 (WP what)) (S (NP-SBJ (PRP we)) (VP (VBP consider) (S (NP-SBJ (-NONE- *T*-2)) (VP (TO to) (VP (VB be) (, ,) (NP-PRD (NP (ADJP (RB real) (JJ good)) (NN child) (NN care)) (PP (IN at) (NP (DT a) (, ,) (INTJ (UH uh)) (, ,) (ADJP (RB pretty) (JJ reasonable)) (NN price)))) (PRN (, ,) (S (NP-SBJ (PRP we)) (VP (VBP think))))))))))))))))) (. .) (-DFL- E_S))",8
sw05utt/sw_0512_3811.utt,3/sw3811,3811,10,%,A,9,1,"{F Uh, } -/","[ Uh/UH ] ,/,","(INTJ (UH Uh) (, ,) (-DFL- N_S))",15
sw05utt/sw_0512_3811.utt,3/sw3811,3811,11,qo,B,10,1,"How about you,  /","How/WRB about/IN  [ you/PRP ] ,/,","(FRAG (WHADVP (WRB How)) (PP (IN about) (NP (PRP you))) (, ,) (-DFL- E_S))",17
sw05utt/sw_0512_3811.utt,3/sw3811,3811,12,qy,B,10,2,do you have any children? /,do/VBP  [ you/PRP ] have/VB  [ any/DT children/NNS ] ?/.,(SQ (VBP do) (NP-SBJ (PRP you)) (VP (VB have) (NP (DT any) (NNS children))) (. ?) (-DFL- E_S)),18
sw05utt/sw_0512_3811.utt,3/sw3811,3811,13,ny,A,11,1,"Yes,  /","Yes/UH ,/,","(INTJ (UH Yes) (, ,) (-DFL- E_S))",20
sw05utt/sw_0512_3811.utt,3/sw3811,3811,14,sd^e,A,11,2,our first  /,[ our/PRP$ first/JJ ],(NP (PRP$ our) (JJ first) (-DFL- E_S)),21
sw05utt/sw_0512_3811.utt,3/sw3811,3811,15,sd,A,11,3,{C and } he just turned three months. /,and/CC  [ he/PRP ] just/RB turned/VBD  [ three/CD months/NNS ] ./.,(S (CC and) (NP-SBJ (PRP he)) (ADVP (RB just)) (VP (VBD turned) (NP-PRD (CD three) (NNS months))) (. .) (-DFL- E_S)),22
sw05utt/sw_0512_3811.utt,3/sw3811,3811,16,ba,B,12,1,"{F Oh, } boy. /","Oh/UH ,/,  [ boy/UH ] ./.","(INTJ (INTJ (UH Oh)) (, ,) (INTJ (UH boy)) (. .) (-DFL- E_S))",24
sw05utt/sw_0512_3811.utt,3/sw3811,3811,17,sd,A,13,1,"{C So, } we're <noise> just starting into  hunting for child <noise> care. /","So/UH ,/,  [ we/PRP ] 're/VBP just/RB starting/VBG into/IN hunting/VBG for/IN  [ child/NN care/NN ] ./.","(S (RB So) (, ,) (NP-SBJ-1 (PRP we)) (VP (VBP 're) (ADVP (RB just)) (VP (VBG starting) (PP (IN into) (S-NOM (NP-SBJ (-NONE- *-1)) (VP (VBG hunting) (PP (IN for) (NP (NN child) (NN care)))))))) (. .) (-DFL- E_S))",26
sw05utt/sw_0512_3811.utt,3/sw3811,3811,18,ba,B,14,1,Yeah. /,Yeah/UH ./.,(INTJ (UH Yeah) (. .) (-DFL- E_S)),28
sw05utt/sw_0512_3811.utt,3/sw3811,3811,19,sd,A,15,1,"Right now, both of us are students. /","Right/RB now/RB ,/,  [ both/DT ] of/IN  [ us/PRP ] are/VBP  [ students/NNS ] ./.","(S (ADVP-TMP (RB Right) (RB now)) (, ,) (NP-SBJ (NP (DT both)) (PP (IN of) (NP (PRP us)))) (VP (VBP are) (NP-PRD (NNS students))) (. .) (-DFL- E_S))",30
sw05utt/sw_0512_3811.utt,3/sw3811,3811,20,bh,B,16,1,Are you?  /,[ Are/VBP you/PRP ] ?/.,(SQ (VBP Are) (NP-SBJ (PRP you)) (NP-PRD (-NONE- *?*)) (. ?) (-DFL- E_S)),32
sw05utt/sw_0512_3811.utt,3/sw3811,3811,21,qw,B,16,2,Where are --,Where/WRB are/VBP --/:,(SBARQ (WHADVP-1 (WRB Where)) (SQ (VBP are) (X (NP (DT a) (NN student)) (ADVP-LOC (-NONE- *T*-1)))) (. ?) (-DFL- E_S)),33
sw05utt/sw_0512_3811.utt,3/sw3811,3811,22,%,A,17,1,"{F Uh, } /","[ Uh/UH ] ,/,","(INTJ (UH Uh) (, ,) (-DFL- N_S))",15
sw05utt/sw_0512_3811.utt,3/sw3811,3811,23,+,B,18,1,-- a student? /,--/:  [ a/DT student/NN ] ?/.,(SBARQ (WHADVP-1 (WRB Where)) (SQ (VBP are) (X (NP (DT a) (NN student)) (ADVP-LOC (-NONE- *T*-1)))) (. ?) (-DFL- E_S)),33
sw05utt/sw_0512_3811.utt,3/sw3811,3811,24,sd,A,19,1,"{F Uh, } University of Southern Mississippi. /","[ Uh/UH ] ,/,  [ University/NNP ] of/IN  [ Southern/NNP Mississippi/NNP ] ./.","(FRAG (INTJ (UH Uh)) (, ,) (NP (NP (NNP University)) (PP (IN of) (NP (NNP Southern) (NNP Mississippi)))) (. .) (-DFL- E_S))",38
sw05utt/sw_0512_3811.utt,3/sw3811,3811,25,ba,B,20,1,No kidding. /,[ No/DT kidding/NN ] ./.,(NP (DT No) (NN kidding) (. .) (-DFL- E_S)),40
sw05utt/sw_0512_3811.utt,3/sw3811,3811,26,%,A,21,1,"{F Uh, } she's, -/","[ Uh/UH ] ,/,  [ she/PRP ] 's/BES ,/,","(S (INTJ (UH Uh)) (, ,) (NP-SBJ (PRP she)) (VP-UNF (BES 's)) (, ,) (-DFL- N_S))",42
sw05utt/sw_0512_3811.utt,3/sw3811,3811,27,sd,B,22,1,I was a professor in a university here in California for a while. /,[ I/PRP ] was/VBD  [ a/DT professor/NN ] in/IN  [ a/DT university/NN ] here/RB in/IN  [ California/NNP ] for/IN  [ a/DT while/NN ] ./.,(S (NP-SBJ (PRP I)) (VP (VBD was) (NP-PRD (NP (DT a) (NN professor)) (PP-LOC (IN in) (NP (NP (DT a) (NN university)) (ADVP-LOC (RB here) (PP (IN in) (NP (NNP California))))))) (PP-TMP (IN for) (NP (DT a) (NN while)))) (. .) (-DFL- E_S)),44
sw05utt/sw_0512_3811.utt,3/sw3811,3811,28,b,A,23,1,Yeah. /,Yeah/UH ./.,(INTJ (UH Yeah) (. .) (-DFL- E_S)),28
sw05utt/sw_0512_3811.utt,3/sw3811,3811,29,%,B,24,1,"Yeah,  /","Yeah/UH ,/,","(INTJ (UH Yeah) (, ,) (-DFL- E_S))",48
sw05utt/sw_0512_3811.utt,3/sw3811,3811,30,qy,B,24,2,"{F uh, } are you going to, {F uh, } put your son in child care in [ a, + a ] year or  two? /","[ uh/UH ] ,/, are/VBP  [ you/PRP ] going/VBG to/TO ,/,  [ uh/UH ] ,/, put/VB  [ your/PRP$ son/NN ] in/IN  [ child/NN care/NN ] in/IN  [ a/DT ] ,/,  [ a/DT year/NN ] or/CC  [ two/CD ] ?/.","(SQ (INTJ (UH uh)) (, ,) (VBP are) (NP-SBJ-1 (PRP you)) (VP (VBG going) (S (NP-SBJ (-NONE- *-1)) (VP (TO to) (, ,) (INTJ (UH uh)) (, ,) (VP (VB put) (NP (PRP$ your) (NN son)) (PP-PUT (IN in) (NP (NN child) (NN care))) (PP-TMP (IN in) (EDITED (RM (-DFL- \[)) (NP-UNF (DT a)) (, ,) (IP (-DFL- \+))) (NP (NP (DT a) (RS (-DFL- \])) (NN year)) (CC or) (NP (CD two)))))))) (. ?) (-DFL- E_S))",49
sw05utt/sw_0512_3811.utt,3/sw3811,3811,31,na,A,25,1,"{F Uh, } probably.  {F Uh, }  /","[ Uh/UH ] ,/, probably/RB ./.  [ Uh/UH ] ,/,","(FRAG (INTJ (UH Uh)) (, ,) (ADVP (RB probably)) (. .) (INTJ (UH Uh)) (, ,) (-DFL- E_S))",51
sw05utt/sw_0512_3811.utt,3/sw3811,3811,32,sd,A,25,2,"{D actually } spring semester a year from now he's going to have to be in child care [ f-, + {F uh, } five ] days a week more than likely.","actually/RB  [ spring/NN semester/NN ] [ a/DT year/NN ] from/IN now/RB  [ he/PRP ] 's/BES going/VBG to/TO have/VB to/TO be/VB in/IN  [ child/NN care/NN f-/CD ] ,/,  [ uh/UH ] ,/,  [ five/CD days/NNS ] [ a/DT week/NN ] more/RBR than/IN  [ likely/JJ ] ./.","(S (ADVP (RB actually)) (NP-TMP (NN spring) (NN semester)) (NP-TMP (NP (DT a) (NN year)) (PP (IN from) (ADVP-TMP (RB now)))) (NP-SBJ-1 (PRP he)) (VP (BES 's) (VP (VBG going) (S (NP-SBJ-2 (-NONE- *-1)) (VP (TO to) (VP (VB have) (S (NP-SBJ (-NONE- *-2)) (VP (TO to) (VP (VB be) (PP-PRD (IN in) (NP (NN child) (NN care))) (EDITED (RM (-DFL- \[)) (NP-TMP-UNF (CD f-)) (, ,) (IP (-DFL- \+))) (INTJ (UH uh)) (, ,) (NP-TMP (NP (CD five) (RS (-DFL- \])) (NNS days)) (NP-ADV (DT a) (NN week))))))))) (ADVP (RBR more) (PP (IN than) (ADJP (JJ likely)))) (. .) (INTJ (UH Uh)) (, ,) (PP (VBG depending) (PP (IN on) (SBAR (WHADVP-3 (WRB how)) (S (NP-SBJ (PRP$ my) (NN class) (NN schedule)) (VP (VBZ runs) (ADVP-MNR (-NONE- *T*-3))))))))) (-DFL- E_S))",52
sw05utt/sw_0512_3811.utt,3/sw3811,3811,33,b,B,26,1,Yeah. /,Yeah/UH ./.,(INTJ (UH Yeah) (. .) (-DFL- E_S)),28
sw05utt/sw_0512_3811.utt,3/sw3811,3811,34,+,A,27,1,"{F Uh, } depending on how my class schedule runs  /","[ Uh/UH ] ,/, depending/VBG on/IN how/WRB  [ my/PRP$ class/NN schedule/NN runs/VBZ ]","(S (ADVP (RB actually)) (NP-TMP (NN spring) (NN semester)) (NP-TMP (NP (DT a) (NN year)) (PP (IN from) (ADVP-TMP (RB now)))) (NP-SBJ-1 (PRP he)) (VP (BES 's) (VP (VBG going) (S (NP-SBJ-2 (-NONE- *-1)) (VP (TO to) (VP (VB have) (S (NP-SBJ (-NONE- *-2)) (VP (TO to) (VP (VB be) (PP-PRD (IN in) (NP (NN child) (NN care))) (EDITED (RM (-DFL- \[)) (NP-TMP-UNF (CD f-)) (, ,) (IP (-DFL- \+))) (INTJ (UH uh)) (, ,) (NP-TMP (NP (CD five) (RS (-DFL- \])) (NNS days)) (NP-ADV (DT a) (NN week))))))))) (ADVP (RBR more) (PP (IN than) (ADJP (JJ likely)))) (. .) (INTJ (UH Uh)) (, ,) (PP (VBG depending) (PP (IN on) (SBAR (WHADVP-3 (WRB how)) (S (NP-SBJ (PRP$ my) (NN class) (NN schedule)) (VP (VBZ runs) (ADVP-MNR (-NONE- *T*-3))))))))) (-DFL- E_S))",52
sw05utt/sw_0512_3811.utt,3/sw3811,3811,35,sd,A,27,2,{C because } my wife will be doing her internship that semester. /,because/IN  [ my/PRP$ wife/NN ] will/MD be/VB doing/VBG  [ her/PRP$ internship/NN ] [ that/DT semester/NN ] ./.,(SBAR-PRP (IN because) (S (NP-SBJ (PRP$ my) (NN wife)) (VP (MD will) (VP (VB be) (VP (VBG doing) (NP (PRP$ her) (NN internship)) (NP-TMP (DT that) (NN semester)))))) (. .) (-DFL- E_S)),56
sw05utt/sw_0512_3811.utt,3/sw3811,3811,36,b,B,28,1,Uh-huh. /,[ Uh-huh/UH ] ./.,(INTJ (UH Uh-huh) (. .) (-DFL- E_S)),58
sw05utt/sw_0512_3811.utt,3/sw3811,3811,37,sd,A,29,1,"It will be forty hour week, [ not, + no, ] eight to five type of thing. /","[ It/PRP ] will/MD be/VB  [ forty/CD hour/NN week/NN ] ,/, not/RB ,/,  [ no/UH ] ,/,  [ eight/CD ] to/IN  [ five/CD type/NN ] of/IN  [ thing/NN ] ./.","(S (NP-SBJ (PRP It)) (VP (MD will) (VP (VB be) (NP-PRD (NP (ADJP (CD forty) (NN hour)) (NN week)) (, ,) (EDITED (RM (-DFL- \[)) (RB not) (, ,) (IP (-DFL- \+))) (INTJ (UH no)) (, ,) (RS (-DFL- \])) (NP (NP (NAC (CD eight) (PP (IN to) (NP (CD five)))) (NN type)) (PP (IN of) (NP (NN thing))))))) (. .) (-DFL- E_S))",60
sw05utt/sw_0512_3811.utt,3/sw3811,3811,38,b,B,30,1,Yeah. /,Yeah/UH ./.,(INTJ (UH Yeah) (. .) (-DFL- E_S)),46
sw05utt/sw_0512_3811.utt,3/sw3811,3811,39,sd,A,31,1,"<Inhaling> {C So } <breathing>, depending on what my class schedule looks like, he may spend [ four, + [ si-, + ] anywhere from four + ] to eight hours a day in child care at that point.  /","So/UH ,/, depending/VBG on/IN  [ what/WP ] [ my/PRP$ class/NN schedule/NN ] looks/VBZ like/IN ,/,  [ he/PRP ] may/MD spend/VB  [ four/CD ] ,/,  [ si-/CD ] ,/, anywhere/RB from/IN  [ four/CD ] to/IN  [ eight/CD hours/NNS ] [ a/DT day/NN ] in/IN  [ child/NN care/NN ] at/IN  [ that/DT point/NN ] ./.","(S (RB So) (, ,) (PP (VBG depending) (PP (IN on) (SBAR-NOM (WHNP-1 (WP what)) (S (NP-SBJ (PRP$ my) (NN class) (NN schedule)) (VP (VBZ looks) (PP (IN like) (NP (-NONE- *T*-1)))))))) (, ,) (NP-SBJ (PRP he)) (VP (MD may) (VP (VB spend) (EDITED (RM (-DFL- \[)) (NP (CD four)) (, ,) (IP (-DFL- \+))) (EDITED (RM (-DFL- \[)) (NP-UNF (CD si-)) (, ,) (IP (-DFL- \+)) (RS (-DFL- \]))) (PP (ADVP (RB anywhere)) (PP (IN from) (NP (CD four) (NX (-NONE- *RNR*-2)))) (IP (-DFL- \+)) (RS (-DFL- \])) (PP (IN to) (NP (CD eight) (NX (-NONE- *RNR*-2)))) (NX-2 (NX (NNS hours)) (NP-ADV (DT a) (NN day)))) (PP (IN in) (NP (NN child) (NN care))) (PP-TMP (IN at) (NP (DT that) (NN point))))) (. .) (-DFL- E_S))",64
sw05utt/sw_0512_3811.utt,3/sw3811,3811,40,sd,A,31,2,"Right now we're trying to avoid it,  /","Right/RB now/RB  [ we/PRP ] 're/VBP trying/VBG to/TO avoid/VB  [ it/PRP ] ,/,","(S (ADVP-TMP (RB Right) (RB now)) (NP-SBJ-1 (PRP we)) (VP (VBP 're) (VP (VBG trying) (S (NP-SBJ (-NONE- *-1)) (VP (TO to) (VP (VB avoid) (NP (PRP it))))))) (, ,) (-DFL- E_S))",65
sw05utt/sw_0512_3811.utt,3/sw3811,3811,41,sd,A,31,3,"{C but } we  just, as a matter of fact just  yesterday hired [ a, + a ] girl to, {F uh, } watch him.  /","but/CC  [ we/PRP ] just/RB ,/, as/IN  [ a/DT matter/NN ] of/IN  [ fact/NN ] just/RB yesterday/RB hired/VBN  [ a/DT ] ,/,  [ a/DT girl/NN ] to/TO ,/,  [ uh/UH ] ,/, watch/VB  [ him/PRP ] ./.","(S (CC but) (NP-SBJ (PRP we)) (ADVP (RB just)) (, ,) (PP (IN as) (NP (NP (DT a) (NN matter)) (PP (IN of) (NP (NN fact))))) (ADVP (RB just)) (NP-TMP (RB yesterday)) (VP (VBN hired) (EDITED (RM (-DFL- \[)) (NP-UNF (DT a)) (, ,) (IP (-DFL- \+))) (NP-1 (DT a) (RS (-DFL- \])) (NN girl)) (S-PRP (NP-SBJ (-NONE- *-1)) (VP (TO to) (, ,) (INTJ (UH uh)) (, ,) (VP (VB watch) (NP (PRP him)))))) (. .) (-DFL- E_S))",66
sw05utt/sw_0512_3811.utt,3/sw3811,3811,42,sd,A,31,4,"{F Uh, } <breathing> I get out of class at certain time  /","[ Uh/UH ] ,/,  [ I/PRP ] get/VBP out/RB of/IN  [ class/NN ] at/IN  [ certain/JJ time/NN ]","(S (INTJ (UH Uh)) (, ,) (NP-SBJ (PRP I)) (VP (VBP get) (PP (RB out) (PP (IN of) (NP (NN class)))) (PP-TMP (IN at) (NP (JJ certain) (NN time)))) (-DFL- E_S))",67
sw05utt/sw_0512_3811.utt,3/sw3811,3811,43,sd,A,31,5,"{C and } my wife is already supposed to be on her way to her class.  {D You know, }  /","and/CC  [ my/PRP$ wife/NN ] is/VBZ already/RB supposed/VBN to/TO be/VB on/IN  [ her/PRP$ way/NN ] to/TO  [ her/PRP$ class/NN ] ./.  [ You/PRP ] know/VBP ,/,","(S (CC and) (NP-SBJ-1 (PRP$ my) (NN wife)) (VP (VBZ is) (ADVP-TMP (RB already)) (VP (VBN supposed) (S (NP-SBJ (-NONE- *-1)) (VP (TO to) (VP (VB be) (PP-PRD (IN on) (NP (NP (PRP$ her) (NN way)) (PP (TO to) (NP (PRP$ her) (NN class)))))))))) (. .))|||(S (PRN (S (NP-SBJ (PRP You)) (VP (VBP know))) (, ,)) (-DFL- E_S) (ADVP-TMP (RB once) (NP (DT a) (NN day))) (NP-SBJ (NP (DT this) (NN overlap)) (SBAR (-NONE- *ICH*-1))) (VP (VBZ happens) (SBAR-1 (WHADVP-2 (WRB where)) (S (NP-SBJ (PRP we)) (VP (MD ca) (RB n't) (, ,) (NP-TPC (NP (NN one)) (PP (IN of) (NP (PRP us)))) (VP (VB be) (ADVP-LOC-PRD (RB home)) (ADVP (-NONE- *T*-2))))))) (. .) (-DFL- E_S))",68|||69
sw05utt/sw_0512_3811.utt,3/sw3811,3811,44,sd,A,31,6,"once a day this overlap happens where we can't, one of us --","once/RB  [ a/DT day/NN ] [ this/DT overlap/NN ] happens/VBZ where/WRB  [ we/PRP ] ca/MD n't/RB ,/,  [ one/NN ] of/IN  [ us/PRP ] --/:","(S (PRN (S (NP-SBJ (PRP You)) (VP (VBP know))) (, ,)) (-DFL- E_S) (ADVP-TMP (RB once) (NP (DT a) (NN day))) (NP-SBJ (NP (DT this) (NN overlap)) (SBAR (-NONE- *ICH*-1))) (VP (VBZ happens) (SBAR-1 (WHADVP-2 (WRB where)) (S (NP-SBJ (PRP we)) (VP (MD ca) (RB n't) (, ,) (NP-TPC (NP (NN one)) (PP (IN of) (NP (PRP us)))) (VP (VB be) (ADVP-LOC-PRD (RB home)) (ADVP (-NONE- *T*-2))))))) (. .) (-DFL- E_S))",69
sw05utt/sw_0512_3811.utt,3/sw3811,3811,45,b,B,32,1,Yeah. /,Yeah/UH ./.,(INTJ (UH Yeah) (. .) (-DFL- E_S)),46
sw05utt/sw_0512_3811.utt,3/sw3811,3811,46,+,A,33,1,-- be home. /,--/: be/VB  [ home/RB ] ./.,"(S (PRN (S (NP-SBJ (PRP You)) (VP (VBP know))) (, ,)) (-DFL- E_S) (ADVP-TMP (RB once) (NP (DT a) (NN day))) (NP-SBJ (NP (DT this) (NN overlap)) (SBAR (-NONE- *ICH*-1))) (VP (VBZ happens) (SBAR-1 (WHADVP-2 (WRB where)) (S (NP-SBJ (PRP we)) (VP (MD ca) (RB n't) (, ,) (NP-TPC (NP (NN one)) (PP (IN of) (NP (PRP us)))) (VP (VB be) (ADVP-LOC-PRD (RB home)) (ADVP (-NONE- *T*-2))))))) (. .) (-DFL- E_S))",69
sw05utt/sw_0512_3811.utt,3/sw3811,3811,47,b,B,34,1,Yeah. /,Yeah/UH ./.,(INTJ (UH Yeah) (. .) (-DFL- E_S)),46
sw05utt/sw_0512_3811.utt,3/sw3811,3811,48,sd,A,35,1,"{C So } for about [ twenty min-, + twenty, thirty minutes  ] a day we got a baby-sitter comes in. /","So/RB for/IN about/RB  [ twenty/CD min-/NNS ] ,/,  [ twenty/CD ] ,/,  [ thirty/CD minutes/NNS ] [ a/DT day/NN ] [ we/PRP ] got/VBD  [ a/DT baby-sitter/NN ] comes/VBZ in/IN ./.","(S (RB So) (PP-TMP (IN for) (NP (NP (QP (RB about) (EDITED (RM (-DFL- \[)) (CD twenty) (NNS min-) (, ,) (IP (-DFL- \+))) (CD twenty) (, ,) (CD thirty)) (NNS minutes)) (RS (-DFL- \])) (NP-ADV (DT a) (NN day)))) (NP-SBJ (PRP we)) (VP (VBD got) (NP (NP (DT a) (NN baby-sitter)) (SBAR (WHNP-1 (-NONE- 0)) (S (NP-SBJ (-NONE- *T*-1)) (VP (VBZ comes) (ADVP-DIR (IN in))))))) (. .) (-DFL- E_S))",76
sw05utt/sw_0512_3811.utt,3/sw3811,3811,49,ba,B,36,1,"{D Well, } that's a good experience, I think,  /","Well/UH ,/,  [ that/DT ] 's/BES  [ a/DT good/JJ experience/NN ] ,/,  [ I/PRP ] think/VBP ,/,","(S (S-TPC-1 (INTJ (UH Well)) (, ,) (NP-SBJ (DT that)) (VP (BES 's) (NP-PRD (DT a) (JJ good) (NN experience)))) (, ,) (NP-SBJ (PRP I)) (VP (VBP think) (SBAR (-NONE- 0) (S (-NONE- *T*-1)))) (, ,) (-DFL- E_S))",78
sw05utt/sw_0512_3811.utt,3/sw3811,3811,50,sv,B,36,2,"{C and, } {F uh, } <throat_clearing> there are a lot of things to think about  /","and/CC ,/,  [ uh/UH ] ,/,  [ there/EX ] are/VBP  [ a/DT lot/NN ] of/IN  [ things/NNS ] to/TO think/VB about/IN","(S (CC and) (, ,) (INTJ (UH uh)) (, ,) (NP-SBJ (EX there)) (VP (VBP are) (NP-PRD (NP (DT a) (NN lot)) (PP (IN of) (NP (NP (NNS things)) (SBAR (WHNP-1 (-NONE- 0)) (S (NP-SBJ (-NONE- *)) (VP (TO to) (VP (VB think) (PP (IN about) (NP (-NONE- *T*-1))))))))))) (-DFL- E_S))",79
sw05utt/sw_0512_3811.utt,3/sw3811,3811,51,sv,B,36,3,"{C and } the articles that are written on the topic,","and/CC  [ the/DT articles/NNS ] [ that/WDT ] are/VBP written/VBN on/IN  [ the/DT topic/NN ] ,/,","(S (CC and) (NP-SBJ (NP (DT the) (NNS articles)) (SBAR (WHNP-1 (WDT that)) (S (NP-SBJ-2 (-NONE- *T*-1)) (VP (VBP are) (VP (VBN written) (NP (-NONE- *-2)) (PP (IN on) (NP (DT the) (NN topic)))))))) (, ,) (VP (VBP are) (ADJP-PRD (RB pretty) (JJ good))) (-DFL- E_S))",80
sw05utt/sw_0512_3811.utt,3/sw3811.pos,3811,52,x,A,37,1,<Thumping>.,./.
sw05utt/sw_0512_3811.utt,3/sw3811,3811,53,+,B,38,1,are pretty good  /,are/VBP pretty/RB good/JJ,"(S (CC and) (NP-SBJ (NP (DT the) (NNS articles)) (SBAR (WHNP-1 (WDT that)) (S (NP-SBJ-2 (-NONE- *T*-1)) (VP (VBP are) (VP (VBN written) (NP (-NONE- *-2)) (PP (IN on) (NP (DT the) (NN topic)))))))) (, ,) (VP (VBP are) (ADJP-PRD (RB pretty) (JJ good))) (-DFL- E_S))",80
sw05utt/sw_0512_3811.utt,3/sw3811,3811,54,sv,B,38,2,"{C and } they kind of boil down to, {F uh, } - /","and/CC  [ they/PRP ] [ kind/RB ] of/RB  [ boil/VBP ] down/RP to/TO ,/,  [ uh/UH ] ,/,","(S (CC and) (NP-SBJ (PRP they)) (ADVP (RB kind) (RB of)) (VP (VBP boil) (PP (RP down) (PP-UNF (TO to) (, ,) (INTJ (UH uh))))) (, ,) (-DFL- N_S))",83
sw05utt/sw_0512_3811.utt,3/sw3811,3811,55,sv,B,38,3,any other important decision you really have to explore the alternative -- /,[ any/DT other/JJ important/JJ decision/NN ] [ you/PRP ] really/RB have/VBP to/TO explore/VB  [ the/DT alternative/NN ] --/:,(S (NP-ADV (DT any) (JJ other) (JJ important) (NN decision)) (NP-SBJ-1 (PRP you)) (ADVP (RB really)) (VP (VBP have) (S (NP-SBJ (-NONE- *-1)) (VP (TO to) (VP (VB explore) (NP (DT the) (NN alternative)))))) (-DFL- E_S)),84
sw05utt/sw_0512_3811.utt,3/sw3811,3811,56,b,A,39,1,Uh-huh  <<faint>>. /,[ Uh-huh/UH ] ./.,(INTJ (UH Uh-huh) (. .) (-DFL- E_S)),58
sw05utt/sw_0512_3811.utt,3/sw3811,3811,57,sv,B,40,1,"-- {C and } what we found, {F uh, } to be the best guide was our own instincts about,","--/: and/CC  [ what/WP ] [ we/PRP ] found/VBD ,/,  [ uh/UH ] ,/, to/TO be/VB  [ the/DT best/JJS guide/NN ] was/VBD  [ our/PRP$ own/JJ instincts/NNS ] about/IN ,/,","(S (CC and) (SBAR-NOM-SBJ (WHNP-1 (WP what)) (S (NP-SBJ (PRP we)) (VP (VBD found) (, ,) (INTJ (UH uh)) (, ,) (S (NP-SBJ (-NONE- *T*-1)) (VP (TO to) (VP (VB be) (NP-PRD (DT the) (JJS best) (NN guide)))))))) (VP (VBD was) (NP-PRD (NP (PRP$ our) (JJ own) (NNS instincts)) (PP (IN about) (, ,) (UCP (NP (NNS people)) (SBARQ (WHNP-2 (WP who)) (SQ (NP-SBJ-3 (-NONE- *T*-2)) (VP (VBD were) (VP (VBG going) (S (NP-SBJ (-NONE- *-3)) (VP (TO to) (VP (VB be) (ADJP-PRD (VBG loving))))))))))))) (-DFL- E_S))",88
sw05utt/sw_0512_3811.utt,3/sw3811.pos,3811,58,x,A,41,1,<Clinking>.,./.
sw05utt/sw_0512_3811.utt,3/sw3811,3811,59,+,B,42,1,people who were going to be loving -- /,[ people/NNS ] [ who/WP ] were/VBD going/VBG to/TO be/VB loving/VBG --/:,"(S (CC and) (SBAR-NOM-SBJ (WHNP-1 (WP what)) (S (NP-SBJ (PRP we)) (VP (VBD found) (, ,) (INTJ (UH uh)) (, ,) (S (NP-SBJ (-NONE- *T*-1)) (VP (TO to) (VP (VB be) (NP-PRD (DT the) (JJS best) (NN guide)))))))) (VP (VBD was) (NP-PRD (NP (PRP$ our) (JJ own) (NNS instincts)) (PP (IN about) (, ,) (UCP (NP (NNS people)) (SBARQ (WHNP-2 (WP who)) (SQ (NP-SBJ-3 (-NONE- *T*-2)) (VP (VBD were) (VP (VBG going) (S (NP-SBJ (-NONE- *-3)) (VP (TO to) (VP (VB be) (ADJP-PRD (VBG loving))))))))))))) (-DFL- E_S))",88
sw05utt/sw_0512_3811.utt,3/sw3811,3811,60,b,A,43,1,Yeah. /,Yeah/UH ./.,(INTJ (UH Yeah) (. .) (-DFL- E_S)),71
sw05utt/sw_0512_3811.utt,3/sw3811,3811,61,sv,B,44,1,"-- {C and, } {F uh, } <throat_clearing> that's more important than anything else.  /","--/: and/CC ,/,  [ uh/UH ] ,/,  [ that/DT ] 's/BES more/RBR important/JJ than/IN  [ anything/NN ] else/RB ./.","(S (CC and) (, ,) (INTJ (UH uh)) (, ,) (NP-SBJ (DT that)) (VP (BES 's) (ADJP-PRD (RBR more) (JJ important) (PP (IN than) (NP (NP (NN anything)) (ADVP (RB else)))))) (. .) (-DFL- E_S))",94
sw05utt/sw_0512_3811.utt,3/sw3811,3811,62,sd,B,44,2,"We could have sent, {F uh, } her to a fancier, {F uh, } facility. /","[ We/PRP ] could/MD have/VB sent/VBN ,/,  [ uh/UH ] ,/, her/PRP to/IN  [ a/DT fancier/JJR ] ,/,  [ uh/UH ] ,/,  [ facility/NN ] ./.","(S (NP-SBJ (PRP We)) (VP (MD could) (VP (VB have) (VP (VBN sent) (, ,) (INTJ (UH uh)) (, ,) (NP (PRP her)) (PP (IN to) (NP (DT a) (JJR fancier) (, ,) (INTJ (UH uh)) (, ,) (NN facility)))))) (. .) (-DFL- E_S))",95
sw05utt/sw_0512_3811.utt,3/sw3811,3811,63,b,A,45,1,Uh-huh. /,[ Uh-huh/UH ] ./.,(INTJ (UH Uh-huh) (. .) (-DFL- E_S)),86
sw05utt/sw_0512_3811.utt,3/sw3811,3811,64,sd,B,46,1,"{F Uh, } she goes to a home.  /","[ Uh/UH ] ,/,  [ she/PRP ] goes/VBZ to/IN  [ a/DT home/NN ] ./.","(S (INTJ (UH Uh)) (, ,) (NP-SBJ (PRP she)) (VP (VBZ goes) (PP-DIR (IN to) (NP (DT a) (NN home)))) (. .) (-DFL- E_S))",99
sw05utt/sw_0512_3811.utt,3/sw3811,3811,65,sd,B,46,2,"This is [ a, + {F uh, }","[ This/DT ] is/VBZ  [ a/DT ] ,/,  [ uh/UH ] ,/,","(S (NP-SBJ (DT This)) (VP (VBZ is) (EDITED (RM (-DFL- \[)) (NP-UNF (DT a)) (, ,) (IP (-DFL- \+))) (INTJ (UH uh)) (, ,) (NP-PRD (NP (DT a) (RS (-DFL- \])) (NN couple)) (, ,) (INTJ (UH uh)) (, ,) (SBAR (WHNP-1 (-NONE- 0)) (S (NP-SBJ (-NONE- *T*-1)) (VP (VBD emigrated) (PP-DIR (IN from) (NP (NNP China))) (ADVP-TMP (RB early) (EDITED (RM (-DFL- \[)) (PP-UNF (IN in)) (, ,) (IP (-DFL- \+))) (PP (IN in) (RS (-DFL- \])) (NP (PRP$ their) (NNS lives))))))))) (. .) (-DFL- E_S))",100
sw05utt/sw_0512_3811.utt,3/sw3811.pos,3811,66,x,A,47,1,<Clinking>.,./.
sw05utt/sw_0512_3811.utt,3/sw3811,3811,67,+,B,48,1,"a  ] couple, {F uh, } emigrated from China early --","[ a/DT couple/NN ] ,/,  [ uh/UH ] ,/, emigrated/VBD from/IN  [ China/NNP ] early/RB --/:","(S (NP-SBJ (DT This)) (VP (VBZ is) (EDITED (RM (-DFL- \[)) (NP-UNF (DT a)) (, ,) (IP (-DFL- \+))) (INTJ (UH uh)) (, ,) (NP-PRD (NP (DT a) (RS (-DFL- \])) (NN couple)) (, ,) (INTJ (UH uh)) (, ,) (SBAR (WHNP-1 (-NONE- 0)) (S (NP-SBJ (-NONE- *T*-1)) (VP (VBD emigrated) (PP-DIR (IN from) (NP (NNP China))) (ADVP-TMP (RB early) (EDITED (RM (-DFL- \[)) (PP-UNF (IN in)) (, ,) (IP (-DFL- \+))) (PP (IN in) (RS (-DFL- \])) (NP (PRP$ their) (NNS lives))))))))) (. .) (-DFL- E_S))",100
sw05utt/sw_0512_3811.utt,3/sw3811,3811,68,b,A,49,1,Uh-huh. /,[ Uh-huh/UH ] ./.,(INTJ (UH Uh-huh) (. .) (-DFL- E_S)),86
sw05utt/sw_0512_3811.utt,3/sw3811,3811,69,+,B,50,1,"-- [ in, + in ] their lives.  /","--/: in/IN ,/, in/IN  [ their/PRP$ lives/NNS ] ./.","(S (NP-SBJ (DT This)) (VP (VBZ is) (EDITED (RM (-DFL- \[)) (NP-UNF (DT a)) (, ,) (IP (-DFL- \+))) (INTJ (UH uh)) (, ,) (NP-PRD (NP (DT a) (RS (-DFL- \])) (NN couple)) (, ,) (INTJ (UH uh)) (, ,) (SBAR (WHNP-1 (-NONE- 0)) (S (NP-SBJ (-NONE- *T*-1)) (VP (VBD emigrated) (PP-DIR (IN from) (NP (NNP China))) (ADVP-TMP (RB early) (EDITED (RM (-DFL- \[)) (PP-UNF (IN in)) (, ,) (IP (-DFL- \+))) (PP (IN in) (RS (-DFL- \])) (NP (PRP$ their) (NNS lives))))))))) (. .) (-DFL- E_S))",100
sw05utt/sw_0512_3811.utt,3/sw3811,3811,70,sd,B,50,2,"They've been here probably thirty, forty years. /","[ They/PRP ] 've/VBP been/VBN here/RB probably/RB  [ thirty/CD ] ,/,  [ forty/CD years/NNS ] ./.","(S (NP-SBJ (PRP They)) (VP (VBP 've) (VP (VBN been) (ADVP-LOC-PRD (RB here)) (NP-TMP (QP (RB probably) (CD thirty) (, ,) (CD forty)) (NNS years)))) (. .) (-DFL- E_S))",106
sw05utt/sw_0512_3811.utt,3/sw3811,3811,71,b,A,51,1,Yeah. /,Yeah/UH ./.,(INTJ (UH Yeah) (. .) (-DFL- E_S)),92
sw05utt/sw_0512_3811.utt,3/sw3811,3811,72,sd,B,52,1,They've got three daughters.  /,[ They/PRP ] 've/VBP got/VBN  [ three/CD daughters/NNS ] ./.,(S (NP-SBJ (PRP They)) (VP (VBP 've) (VP (VBN got) (NP (CD three) (NNS daughters)))) (. .) (-DFL- E_S)),110
sw05utt/sw_0512_3811.utt,3/sw3811,3811,73,sd,B,52,2,"{F Uh, } {C and, }","[ Uh/UH ] ,/, and/CC ,/,","(S (INTJ (UH Uh)) (, ,) (CC and) (, ,) (NP-SBJ (PRP they)) (VP (VBP have) (NP (DT a) (JJ loving) (NN home))) (-DFL- E_S))",111
sw05utt/sw_0512_3811.utt,3/sw3811.pos,3811,74,x,A,53,1,<Child_yelling>.,./.
sw05utt/sw_0512_3811.utt,3/sw3811,3811,75,+,B,54,1,they have a loving home  /,[ they/PRP ] have/VBP  [ a/DT loving/JJ home/NN ],"(S (INTJ (UH Uh)) (, ,) (CC and) (, ,) (NP-SBJ (PRP they)) (VP (VBP have) (NP (DT a) (JJ loving) (NN home))) (-DFL- E_S))",111
sw05utt/sw_0512_3811.utt,3/sw3811,3811,76,sd,B,54,2,"{C and, } {F uh, } they're both there  /","and/CC ,/,  [ uh/UH ] ,/,  [ they/PRP ] 're/VBP  [ both/DT ] there/RB","(S (CC and) (, ,) (INTJ (UH uh)) (, ,) (NP-SBJ (PRP they)) (VP (VBP 're) (DT both) (ADVP-LOC-PRD (RB there))) (-DFL- E_S))",114
sw05utt/sw_0512_3811.utt,3/sw3811,3811,77,sd,B,54,3,{C and } they have a kid that comes in and helps them in the afternoon. /,and/CC  [ they/PRP ] have/VBP  [ a/DT kid/NN ] [ that/WDT ] comes/VBZ in/RB and/CC helps/VBZ  [ them/PRP ] in/IN  [ the/DT afternoon/NN ] ./.,(S (CC and) (NP-SBJ (PRP they)) (VP (VBP have) (NP (NP (DT a) (NN kid)) (SBAR (WHNP-1 (WDT that)) (S (NP-SBJ (-NONE- *T*-1)) (VP (VP (VBZ comes) (ADVP-DIR (RB in))) (CC and) (VP (VBZ helps) (NP (PRP them)) (PP-TMP (IN in) (NP (DT the) (NN afternoon))))))))) (. .) (-DFL- E_S)),115
sw05utt/sw_0512_3811.utt,3/sw3811,3811,78,b,A,55,1,Uh-huh. /,[ Uh-huh/UH ] ./.,(INTJ (UH Uh-huh) (. .) (-DFL- E_S)),97
sw05utt/sw_0512_3811.utt,3/sw3811,3811,79,sd,B,56,1,"{C And } our daughter is healthy, happy, well adjusted and enjoys going --","And/CC  [ our/PRP$ daughter/NN ] is/VBZ healthy/JJ ,/,  [ happy/JJ ] ,/, well/RB adjusted/JJ and/CC enjoys/VBZ going/VBG --/:","(S (CC And) (NP-SBJ-1 (PRP$ our) (NN daughter)) (VP (VP (VBZ is) (ADJP-PRD (ADJP (JJ healthy)) (, ,) (ADJP (JJ happy)) (, ,) (ADJP (RB well) (JJ adjusted)))) (CC and) (VP (VBZ enjoys) (S (NP-SBJ-2 (-NONE- *-1)) (VP (VBG going) (S-PRP (NP-SBJ (-NONE- *-2)) (VP (TO to) (VP (VB see) (NP (PRP$ her) (NNS friends))))))))) (, ,) (-DFL- E_S))",119
sw05utt/sw_0512_3811.utt,3/sw3811,3811,80,b,A,57,1,Yeah. /,Yeah/UH ./.,(INTJ (UH Yeah) (. .) (-DFL- E_S)),108
sw05utt/sw_0512_3811.utt,3/sw3811,3811,81,+,B,58,1,"-- to see her friends,  /","--/: to/TO see/VB  [ her/PRP$ friends/NNS ] ,/,","(S (CC And) (NP-SBJ-1 (PRP$ our) (NN daughter)) (VP (VP (VBZ is) (ADJP-PRD (ADJP (JJ healthy)) (, ,) (ADJP (JJ happy)) (, ,) (ADJP (RB well) (JJ adjusted)))) (CC and) (VP (VBZ enjoys) (S (NP-SBJ-2 (-NONE- *-1)) (VP (VBG going) (S-PRP (NP-SBJ (-NONE- *-2)) (VP (TO to) (VP (VB see) (NP (PRP$ her) (NNS friends))))))))) (, ,) (-DFL- E_S))",119
sw05utt/sw_0512_3811.utt,3/sw3811,3811,82,sd,B,58,2,{C so } --,so/UH --/:,(S (RB so) (NP-SBJ (PRP it)) (VP (BES 's) (NP-PRD (DT a) (JJ good) (NN experience))) (. .) (-DFL- E_S)),123
sw05utt/sw_0512_3811.utt,3/sw3811,3811,83,ba,A,59,1,"{F Uh, } that makes a big difference. /","[ Uh/UH ] ,/,  [ that/WDT ] makes/VBZ  [ a/DT big/JJ difference/NN ] ./.","(S (INTJ (UH Uh)) (, ,) (NP-SBJ (WDT that)) (VP (VBZ makes) (NP (DT a) (JJ big) (NN difference))) (. .) (-DFL- E_S))",125
sw05utt/sw_0512_3811.utt,3/sw3811,3811,84,+,B,60,1,-- it's a good experience.  /,--/:  [ it/PRP ] 's/BES  [ a/DT good/JJ experience/NN ] ./.,(S (RB so) (NP-SBJ (PRP it)) (VP (BES 's) (NP-PRD (DT a) (JJ good) (NN experience))) (. .) (-DFL- E_S)),123
sw05utt/sw_0512_3811.utt,3/sw3811,3811,85,%,B,60,2,"I th-, - /","[ I/PRP th-/DT ] ,/,","(S (EDITED (S (NP-SBJ (PRP I)) (VP-UNF (DT th-))) (, ,) (-DFL- N_S)) (SBAR-ADV-TPC-1 (IN if) (S (NP-SBJ (PRP it)) (VP (BES 's) (ADJP-PRD (JJ good))))) (, ,) (-DFL- N_S) (NP-SBJ (PRP I)) (VP (VBP think) (SBAR (-NONE- 0) (S (SBAR-ADV (-NONE- *T*-1)) (NP-SBJ (PRP it)) (VP (BES 's) (ADJP-PRD (RB very) (JJ good) (PP (IN for) (NP (DT the) (NN child)))))))) (. .) (-DFL- E_S))",127
sw05utt/sw_0512_3811.utt,3/sw3811,3811,86,sd,B,60,3,"if it's good, - /","if/IN  [ it/PRP ] 's/BES good/JJ ,/,","(S (EDITED (S (NP-SBJ (PRP I)) (VP-UNF (DT th-))) (, ,) (-DFL- N_S)) (SBAR-ADV-TPC-1 (IN if) (S (NP-SBJ (PRP it)) (VP (BES 's) (ADJP-PRD (JJ good))))) (, ,) (-DFL- N_S) (NP-SBJ (PRP I)) (VP (VBP think) (SBAR (-NONE- 0) (S (SBAR-ADV (-NONE- *T*-1)) (NP-SBJ (PRP it)) (VP (BES 's) (ADJP-PRD (RB very) (JJ good) (PP (IN for) (NP (DT the) (NN child)))))))) (. .) (-DFL- E_S))",127
sw05utt/sw_0512_3811.utt,3/sw3811,3811,87,sv,B,60,4,I think  it's very good for the child.  /,[ I/PRP ] think/VBP  [ it/PRP ] 's/BES very/RB good/JJ for/IN  [ the/DT child/NN ] ./.,"(S (EDITED (S (NP-SBJ (PRP I)) (VP-UNF (DT th-))) (, ,) (-DFL- N_S)) (SBAR-ADV-TPC-1 (IN if) (S (NP-SBJ (PRP it)) (VP (BES 's) (ADJP-PRD (JJ good))))) (, ,) (-DFL- N_S) (NP-SBJ (PRP I)) (VP (VBP think) (SBAR (-NONE- 0) (S (SBAR-ADV (-NONE- *T*-1)) (NP-SBJ (PRP it)) (VP (BES 's) (ADJP-PRD (RB very) (JJ good) (PP (IN for) (NP (DT the) (NN child)))))))) (. .) (-DFL- E_S))",127
sw05utt/sw_0512_3811.utt,3/sw3811,3811,88,aa,A,61,1,Yes. /,Yes/UH ./.,(INTJ (UH Yes) (. .) (-DFL- E_S)),129
sw05utt/sw_0512_3811.utt,3/sw3811,3811,89,sv,B,62,1,"{C And } if it's,","And/CC if/IN  [ it/PRP ] 's/BES ,/,","(S (CC And) (SBAR-ADV-TPC-1 (IN if) (S (NP-SBJ (PRP it)) (VP (BES 's) (, ,) (NP-PRD (DT a) (VBG loving) (NN environment))))) (, ,) (NP-SBJ (PRP I)) (VP (VBP think) (SBAR (-NONE- 0) (S (SBAR-ADV (-NONE- *T*-1)) (NP-SBJ (PRP it)) (VP (BES 's) (ADJP-PRD (RB very) (JJ good)))))) (-DFL- E_S))",131
sw05utt/sw_0512_3811.utt,3/sw3811.pos,3811,90,x,A,63,1,<Child_crying>.,./.
sw05utt/sw_0512_3811.utt,3/sw3811,3811,91,+,B,64,1,"a loving environment, I think it's very good  /","[ a/DT loving/VBG environment/NN ] ,/,  [ I/PRP ] think/VBP  [ it/PRP ] 's/BES very/RB good/JJ","(S (CC And) (SBAR-ADV-TPC-1 (IN if) (S (NP-SBJ (PRP it)) (VP (BES 's) (, ,) (NP-PRD (DT a) (VBG loving) (NN environment))))) (, ,) (NP-SBJ (PRP I)) (VP (VBP think) (SBAR (-NONE- 0) (S (SBAR-ADV (-NONE- *T*-1)) (NP-SBJ (PRP it)) (VP (BES 's) (ADJP-PRD (RB very) (JJ good)))))) (-DFL- E_S))",131
sw05utt/sw_0512_3811.utt,3/sw3811,3811,92,sd,B,64,2,"{C and, } {C and } that's really what we've learned about it.  /","and/CC ,/, and/CC  [ that/DT ] 's/BES really/RB  [ what/WP ] [ we/PRP ] 've/VBP learned/VBN about/IN  [ it/PRP ] ./.","(S (CC and) (, ,) (CC and) (NP-SBJ (DT that)) (VP (BES 's) (ADVP (RB really)) (SBAR-NOM-PRD (WHNP-1 (WP what)) (S (NP-SBJ (PRP we)) (VP (VBP 've) (VP (VBN learned) (NP (-NONE- *T*-1)) (PP (IN about) (NP (PRP it)))))))) (. .) (-DFL- E_S))",134
sw05utt/sw_0512_3811.utt,3/sw3811,3811,93,sd,B,64,3,She'll have to go on to something more stimulating in terms of preschool in a year -- /,[ She/PRP ] 'll/MD have/VB to/TO go/VB on/IN to/TO  [ something/NN ] more/RBR stimulating/JJ in/IN  [ terms/NNS ] of/IN  [ preschool/NN ] in/IN  [ a/DT year/NN ] --/:,(S (NP-SBJ-1 (PRP She)) (VP (MD 'll) (VP (VB have) (S (NP-SBJ (-NONE- *-1)) (VP (TO to) (VP (VB go) (PP (IN on) (PP (TO to) (NP (NP (NN something)) (ADJP (RBR more) (JJ stimulating) (PP (IN in) (NP (NP (NNS terms)) (PP (IN of) (NP (NN preschool)))))))))))) (PP-TMP (IN in) (NP (DT a) (NN year))))) (-DFL- E_S)),135
sw05utt/sw_0512_3811.utt,3/sw3811,3811,94,b,A,65,1,Yeah. /,Yeah/UH ./.,(INTJ (UH Yeah) (. .) (-DFL- E_S)),121
sw05utt/sw_0512_3811.utt,3/sw3811,3811,95,sd,B,66,1,"-- {C but, } {F uh, } we feel real fortunate  /","--/: but/CC ,/,  [ uh/UH ] ,/,  [ we/PRP ] feel/VBP real/RB fortunate/JJ","(S (CC but) (, ,) (INTJ (UH uh)) (, ,) (NP-SBJ (PRP we)) (VP (VBP feel) (ADJP-PRD (RB real) (JJ fortunate))) (-DFL- E_S))",139
sw05utt/sw_0512_3811.utt,3/sw3811,3811,96,sd,B,66,2,"{C and } we were able to, {F uh, } just, {F uh, } choose in the marketplace.   /","and/CC  [ we/PRP ] were/VBD able/JJ to/TO ,/,  [ uh/UH ] ,/, just/RB ,/,  [ uh/UH ] ,/, choose/VB in/IN  [ the/DT marketplace/NN ] ./.","(S (CC and) (NP-SBJ-1 (PRP we)) (VP (VBD were) (ADJP-PRD (JJ able) (S (NP-SBJ (-NONE- *-1)) (VP (TO to) (, ,) (INTJ (UH uh)) (, ,) (ADVP (RB just)) (, ,) (INTJ (UH uh)) (, ,) (VP (VB choose) (PP (IN in) (NP (DT the) (NN marketplace)))))))) (. .) (-DFL- E_S))",140
sw05utt/sw_0512_3811.utt,3/sw3811,3811,97,qw^d,B,66,3,"I don't know what it's like around, {F uh, } Hattiesburg. /","[ I/PRP ] do/VBP n't/RB know/VB  [ what/WP ] [ it/PRP ] [ 's/BES ] like/IN around/IN ,/,  [ uh/UH ] ,/,  [ Hattiesburg/NNP ] ./.","(S (NP-SBJ (PRP I)) (VP (VBP do) (RB n't) (VP (VB know) (SBAR (WHNP-1 (WP what)) (S (NP-SBJ (PRP it)) (VP (BES 's) (PP-PRD (IN like) (NP (-NONE- *T*-1))) (PP-LOC (IN around) (, ,) (INTJ (UH uh)) (, ,) (NP (NNP Hattiesburg)))))))) (. .) (-DFL- E_S))",141
sw05utt/sw_0512_3811.utt,3/sw3811,3811,98,sd,A,67,1,"There's a lot of child care available, but --","[ There/EX ] 's/BES  [ a/DT lot/NN ] of/IN  [ child/NN care/NN available/JJ ] ,/, but/CC --/:","(S (NP-SBJ (EX There)) (VP (BES 's) (NP-PRD (NP (DT a) (NN lot)) (PP (IN of) (NP (NN child) (NN care))) (ADJP (JJ available)))) (, ,))|||(S (CC but) (ADVP (RB invariably)) (NP-SBJ (EX there)) (VP (BES 's) (NP-PRD (NN waiting) (NNS lists))) (. .) (-DFL- E_S))",143|||144
sw05utt/sw_0512_3811.utt,3/sw3811,3811,99,b,B,68,1,Uh-huh. /,[ Uh-huh/UH ] ./.,(INTJ (UH Uh-huh) (. .) (-DFL- E_S)),146
sw05utt/sw_0512_3811.utt,3/sw3811,3811,100,+,A,69,1,-- invariably there's waiting lists. /,--/: invariably/RB  [ there/EX ] [ 's/BES waiting/NN lists/NNS ] ./.,(S (CC but) (ADVP (RB invariably)) (NP-SBJ (EX there)) (VP (BES 's) (NP-PRD (NN waiting) (NNS lists))) (. .) (-DFL- E_S)),144
sw05utt/sw_0512_3811.utt,3/sw3811,3811,101,b,B,70,1,Yeah. /,Yeah/UH ./.,(INTJ (UH Yeah) (. .) (-DFL- E_S)),137
sw05utt/sw_0512_3811.utt,3/sw3811,3811,102,sd,A,71,1,{C And } we were a little slow getting on the waiting list --,And/CC  [ we/PRP ] were/VBD  [ a/DT little/RB slow/JJ ] getting/VBG on/IN  [ the/DT waiting/NN list/NN ] --/:,"(S (CC And) (NP-SBJ (PRP we)) (VP (VBD were) (ADJP-PRD (NP-ADV (DT a) (RB little)) (JJ slow)) (S-ADV (NP-SBJ (-NONE- *)) (VP (VBG getting) (PP (IN on) (NP (NP (DT the) (NN waiting) (NN list)) (PP (IN with) (EDITED (RM (-DFL- \[)) (NP-UNF (DT the)) (, ,) (IP (-DFL- \+)) (INTJ (UH uh)) (, ,) (INTJ (UH okay)) (, ,)) (EDITED (NP-UNF (NP (DT the) (RS (-DFL- \])) (RM (-DFL- \[)) (RM (-DFL- \[)) (NN university) (, ,) (IP (-DFL- \+)) (INTJ (UH uh)) (, ,) (EDITED (NP (NN university) (POS 's))) (, ,) (RS (-DFL- \])) (INTJ (UH uh)) (INTJ (UH uh)) (, ,) (NN department)) (PP-UNF (IN of))) (, ,) (IP (-DFL- \+))) (INTJ (UH uh)) (, ,) (INTJ (UH uh)) (, ,) (NP (PRP$ their) (RS (-DFL- \])) (NNP Home) (NNP Ec) (NNP Department)))))))) (-DFL- E_S))",151
sw05utt/sw_0512_3811.utt,3/sw3811,3811,103,b,B,72,1,Yeah. /,Yeah/UH ./.,(INTJ (UH Yeah) (. .) (-DFL- E_S)),137
sw05utt/sw_0512_3811.utt,3/sw3811,3811,104,+,A,73,1,"-- with [ the, + {F uh, } {D okay, } the  ] [ [ university, + {F uh, } university's, ]  {F uh } --","--/: with/IN  [ the/DT ] ,/,  [ uh/UH ] ,/, okay/UH ,/,  [ the/DT university/NN ] ,/,  [ uh/UH ] ,/,  [ university/NN 's/POS ] ,/,  [ uh/UH ] --/:","(S (CC And) (NP-SBJ (PRP we)) (VP (VBD were) (ADJP-PRD (NP-ADV (DT a) (RB little)) (JJ slow)) (S-ADV (NP-SBJ (-NONE- *)) (VP (VBG getting) (PP (IN on) (NP (NP (DT the) (NN waiting) (NN list)) (PP (IN with) (EDITED (RM (-DFL- \[)) (NP-UNF (DT the)) (, ,) (IP (-DFL- \+)) (INTJ (UH uh)) (, ,) (INTJ (UH okay)) (, ,)) (EDITED (NP-UNF (NP (DT the) (RS (-DFL- \])) (RM (-DFL- \[)) (RM (-DFL- \[)) (NN university) (, ,) (IP (-DFL- \+)) (INTJ (UH uh)) (, ,) (EDITED (NP (NN university) (POS 's))) (, ,) (RS (-DFL- \])) (INTJ (UH uh)) (INTJ (UH uh)) (, ,) (NN department)) (PP-UNF (IN of))) (, ,) (IP (-DFL- \+))) (INTJ (UH uh)) (, ,) (INTJ (UH uh)) (, ,) (NP (PRP$ their) (RS (-DFL- \])) (NNP Home) (NNP Ec) (NNP Department)))))))) (-DFL- E_S))",151
sw05utt/sw_0512_3811.utt,3/sw3811,3811,105,ba,B,74,1,I'll bet they're involved. /,[ I/PRP ] 'll/MD bet/VB  [ they/PRP ] 're/VBP involved/JJ ./.,(S (NP-SBJ (PRP I)) (VP (MD 'll) (VP (VB bet) (SBAR (-NONE- 0) (S (NP-SBJ (PRP they)) (VP (VBP 're) (ADJP-PRD (JJ involved))))))) (. .) (-DFL- E_S)),156
sw05utt/sw_0512_3811.utt,3/sw3811,3811,106,+,A,75,1,"-- {F uh, } department of, + {F uh, } {F uh, } their  ] Home Ec Department -- /","--/:  [ uh/UH ] ,/,  [ department/NN ] of/IN ,/,  [ uh/UH ] ,/,  [ uh/UH ] ,/,  [ their/PRP$ Home/NNP Ec/NNP Department/NNP ] --/:","(S (CC And) (NP-SBJ (PRP we)) (VP (VBD were) (ADJP-PRD (NP-ADV (DT a) (RB little)) (JJ slow)) (S-ADV (NP-SBJ (-NONE- *)) (VP (VBG getting) (PP (IN on) (NP (NP (DT the) (NN waiting) (NN list)) (PP (IN with) (EDITED (RM (-DFL- \[)) (NP-UNF (DT the)) (, ,) (IP (-DFL- \+)) (INTJ (UH uh)) (, ,) (INTJ (UH okay)) (, ,)) (EDITED (NP-UNF (NP (DT the) (RS (-DFL- \])) (RM (-DFL- \[)) (RM (-DFL- \[)) (NN university) (, ,) (IP (-DFL- \+)) (INTJ (UH uh)) (, ,) (EDITED (NP (NN university) (POS 's))) (, ,) (RS (-DFL- \])) (INTJ (UH uh)) (INTJ (UH uh)) (, ,) (NN department)) (PP-UNF (IN of))) (, ,) (IP (-DFL- \+))) (INTJ (UH uh)) (, ,) (INTJ (UH uh)) (, ,) (NP (PRP$ their) (RS (-DFL- \])) (NNP Home) (NNP Ec) (NNP Department)))))))) (-DFL- E_S))",151
sw05utt/sw_0512_3811.utt,3/sw3811,3811,107,b,B,76,1,Yeah. /,Yeah/UH ./.,(INTJ (UH Yeah) (. .) (-DFL- E_S)),137
sw05utt/sw_0512_3811.utt,3/sw3811,3811,108,sd,A,77,1,"-- {F uh, } [ they, + {F uh, } they  ] have a subbranch, {F uh, } American Family Counseling  /","--/:  [ uh/UH ] ,/,  [ they/PRP ] ,/,  [ uh/UH ] ,/,  [ they/PRP ] have/VBP  [ a/DT subbranch/NN ] ,/,  [ uh/UH ] ,/,  [ American/NNP Family/NNP Counseling/NNP ]","(S (INTJ (UH uh)) (, ,) (EDITED (RM (-DFL- \[)) (NP-SBJ (PRP they)) (, ,) (IP (-DFL- \+))) (INTJ (UH uh)) (, ,) (NP-SBJ (PRP they)) (RS (-DFL- \])) (VP (VBP have) (NP (NP (DT a) (NN subbranch)) (, ,) (INTJ (UH uh)) (, ,) (NP (NNP American) (NNP Family) (NNP Counseling)))) (-DFL- E_S))",161
sw05utt/sw_0512_3811.utt,3/sw3811,3811,109,sd,A,77,2,"{C and } their people staff [ [ this, + this,  ] + {F uh, } the  ] child care center just off campus.  /","and/CC  [ their/PRP$ people/NNS ] staff/VBP  [ this/DT ] ,/,  [ this/DT ] ,/,  [ uh/UH ] ,/,  [ the/DT child/NN care/NN center/NN ] just/RB off/IN  [ campus/NN ] ./.","(S (CC and) (NP-SBJ (PRP$ their) (NNS people)) (VP (VBP staff) (EDITED (RM (-DFL- \[)) (EDITED (RM (-DFL- \[)) (NP-UNF (DT this)) (, ,) (IP (-DFL- \+))) (NP-UNF (DT this)) (, ,) (RS (-DFL- \])) (IP (-DFL- \+))) (INTJ (UH uh)) (, ,) (NP (NP (DT the) (RS (-DFL- \])) (NN child) (NN care) (NN center)) (PP-LOC (ADVP (RB just)) (IN off) (NP (NN campus))))) (. .) (-DFL- E_S))",162
sw05utt/sw_0512_3811.utt,3/sw3811,3811,110,sd,A,77,3,"{C But, } {F uh, } they have a pretty good size waiting list. /","But/CC ,/,  [ uh/UH ] ,/,  [ they/PRP ] have/VBP  [ a/DT pretty/RB good/JJ size/NN waiting/NN list/NN ] ./.","(S (CC But) (, ,) (INTJ (UH uh)) (, ,) (NP-SBJ (PRP they)) (VP (VBP have) (NP (DT a) (ADJP (RB pretty) (JJ good) (NN size)) (NN waiting) (NN list))) (. .) (-DFL- E_S))",163
sw05utt/sw_0512_3811.utt,3/sw3811,3811,111,b,B,78,1,Yeah <screeching>. /,Yeah/UH ./.,(INTJ (UH Yeah) (. .) (-DFL- E_S)),149
sw05utt/sw_0512_3811.utt,3/sw3811,3811,112,%,A,79,1,"{C So, } -/","So/UH ,/,","(S-UNF (RB So) (, ,) (-DFL- N_S))",167
sw05utt/sw_0512_3811.utt,3/sw3811,3811,113,%,B,80,1,"{D Well, } that's, {F uh, } - /","Well/UH ,/,  [ that/DT ] 's/BES ,/,  [ uh/UH ] ,/,","(S (INTJ (UH Well)) (, ,) (NP-SBJ (DT that)) (VP-UNF (BES 's) (, ,) (INTJ (UH uh))) (, ,) (-DFL- N_S))",169
sw05utt/sw_0512_3811.utt,3/sw3811,3811,114,sv,B,80,2,"I know [ it's, + it's ] a real hard thing to do, even for people [ in, + in, ] {F uh, } university communities. /","[ I/PRP ] know/VBP  [ it/PRP ] 's/BES ,/,  [ it/PRP ] 's/BES  [ a/DT real/RB hard/JJ thing/NN ] to/TO do/VB ,/, even/RB for/IN  [ people/NNS ] in/IN ,/, in/IN ,/,  [ uh/UH ] ,/,  [ university/NN communities/NNS ] ./.","(S (NP-SBJ (PRP I)) (VP (VBP know) (SBAR (-NONE- 0) (S (EDITED (RM (-DFL- \[)) (S (NP-SBJ (PRP it)) (VP-UNF (BES 's))) (, ,) (IP (-DFL- \+))) (NP-SBJ (PRP it)) (VP (BES 's) (RS (-DFL- \])) (NP-PRD (NP (DT a) (ADJP (RB real) (JJ hard)) (NN thing)) (SBAR (WHNP-1 (-NONE- 0)) (S (NP-SBJ (-NONE- *)) (VP (TO to) (VP (VB do) (NP (-NONE- *T*-1))))))) (, ,) (PP (ADVP (RB even)) (IN for) (NP (NP (NNS people)) (EDITED (RM (-DFL- \[)) (PP-LOC-UNF (IN in)) (, ,) (IP (-DFL- \+))) (PP-LOC (IN in) (, ,) (RS (-DFL- \])) (INTJ (UH uh)) (, ,) (NP (NN university) (NNS communities))))))))) (. .) (-DFL- E_S))",170
sw05utt/sw_0512_3811.utt,3/sw3811,3811,115,b,A,81,1,Uh-huh. /,[ Uh-huh/UH ] ./.,(INTJ (UH Uh-huh) (. .) (-DFL- E_S)),172
sw05utt/sw_0512_3811.utt,3/sw3811,3811,116,sd,B,82,1,"Out here at Manford, they have [ [ [ a, + {D you know, } a, ] + a, ] + a ] real good facility  /","Out/IN here/RB at/IN  [ Manford/NNP ] ,/,  [ they/PRP ] have/VBP  [ a/DT ] ,/,  [ you/PRP ] know/VBP ,/,  [ a/DT ] ,/,  [ a/DT ] ,/,  [ a/DT real/RB good/JJ facility/NN ]","(S (PP-LOC (IN Out) (ADVP (RB here))) (PP-LOC (IN at) (NP (NNP Manford))) (, ,) (NP-SBJ (PRP they)) (VP (VBP have) (EDITED (RM (-DFL- \[)) (EDITED (RM (-DFL- \[)) (EDITED (RM (-DFL- \[)) (NP-UNF (DT a)) (, ,) (IP (-DFL- \+))) (PRN (S (NP-SBJ (PRP you)) (VP (VBP know))) (, ,)) (NP-UNF (DT a)) (, ,) (RS (-DFL- \])) (IP (-DFL- \+))) (NP-UNF (DT a)) (, ,) (RS (-DFL- \])) (IP (-DFL- \+))) (NP (DT a) (RS (-DFL- \])) (ADJP (RB real) (JJ good)) (NN facility))) (-DFL- E_S))",174
sw05utt/sw_0512_3811.utt,3/sw3811,3811,117,sd,B,82,2,"{C and } there, {F uh, } is quite a waiting list to get into that. /","and/CC there/EX ,/,  [ uh/UH ] ,/, is/VBZ quite/RB  [ a/DT waiting/NN list/NN ] to/TO get/VB into/IN  [ that/DT ] ./.","(S (CC and) (NP-SBJ (EX there)) (, ,) (INTJ (UH uh)) (, ,) (VP (VBZ is) (NP-PRD (RB quite) (DT a) (NN waiting) (NN list)) (S-PRP (NP-SBJ (-NONE- *)) (VP (TO to) (VP (VB get) (PP (IN into) (NP (DT that))))))) (. .) (-DFL- E_S))",175
sw05utt/sw_0512_3811.utt,3/sw3811,3811,118,b,A,83,1,Yeah. /,Yeah/UH ./.,(INTJ (UH Yeah) (. .) (-DFL- E_S)),153
sw05utt/sw_0512_3811.utt,3/sw3811,3811,119,sv,B,84,1,"{C So } [ [ [ it's, + {F uh, } {F uh, } {D you know, } it's  ] a, + it's a, ] + it's an ] important,","So/UH  [ it/PRP ] 's/BES ,/,  [ uh/UH ] ,/,  [ uh/UH ] ,/,  [ you/PRP ] know/VBP ,/,  [ it/PRP ] 's/BES  [ a/DT ] ,/,  [ it/PRP ] 's/BES  [ a/DT ] ,/,  [ it/PRP ] 's/BES  [ an/DT important/JJ ] ,/,","(S (RB So) (EDITED (RM (-DFL- \[)) (EDITED (RM (-DFL- \[)) (EDITED (RM (-DFL- \[)) (S (NP-SBJ (PRP it)) (VP-UNF (BES 's))) (, ,) (IP (-DFL- \+))) (INTJ (UH uh)) (, ,) (INTJ (UH uh)) (PRN (, ,) (S (NP-SBJ (PRP you)) (VP (VBP know))) (, ,)) (S (NP-SBJ (PRP it)) (VP-UNF (BES 's) (RS (-DFL- \])) (NP-PRD-UNF (DT a)))) (, ,) (IP (-DFL- \+))) (S (NP-SBJ (PRP it)) (VP (BES 's) (NP-PRD-UNF (DT a)))) (, ,) (RS (-DFL- \])) (IP (-DFL- \+))) (NP-SBJ (PRP it)) (VP (BES 's) (NP-PRD (DT an) (RS (-DFL- \])) (JJ important) (, ,) (NN decision))) (, ,) (-DFL- E_S))",179
sw05utt/sw_0512_3811.utt,3/sw3811.pos,3811,120,x,A,85,1,<Talking>.,./.
sw05utt/sw_0512_3811.utt,3/sw3811,3811,121,+,B,86,1,"decision,  /","[ decision/NN ] ,/,","(S (RB So) (EDITED (RM (-DFL- \[)) (EDITED (RM (-DFL- \[)) (EDITED (RM (-DFL- \[)) (S (NP-SBJ (PRP it)) (VP-UNF (BES 's))) (, ,) (IP (-DFL- \+))) (INTJ (UH uh)) (, ,) (INTJ (UH uh)) (PRN (, ,) (S (NP-SBJ (PRP you)) (VP (VBP know))) (, ,)) (S (NP-SBJ (PRP it)) (VP-UNF (BES 's) (RS (-DFL- \])) (NP-PRD-UNF (DT a)))) (, ,) (IP (-DFL- \+))) (S (NP-SBJ (PRP it)) (VP (BES 's) (NP-PRD-UNF (DT a)))) (, ,) (RS (-DFL- \])) (IP (-DFL- \+))) (NP-SBJ (PRP it)) (VP (BES 's) (NP-PRD (DT an) (RS (-DFL- \])) (JJ important) (, ,) (NN decision))) (, ,) (-DFL- E_S))",179
sw05utt/sw_0512_3811.utt,3/sw3811,3811,122,sv,B,86,2,it's an industry that's still a cottage industry -- /,[ it/PRP ] 's/BES  [ an/DT industry/NN ] [ that/WDT ] 's/BES still/RB  [ a/DT cottage/NN industry/NN ] --/:,(S (NP-SBJ (PRP it)) (VP (BES 's) (NP-PRD (NP (DT an) (NN industry)) (SBAR (WHNP-1 (WDT that)) (S (NP-SBJ (-NONE- *T*-1)) (VP (BES 's) (ADVP-TMP (RB still)) (NP-PRD (DT a) (NN cottage) (NN industry))))))) (-DFL- E_S)),182
sw05utt/sw_0512_3811.utt,3/sw3811,3811,123,b,A,87,1,Yeah. /,Yeah/UH ./.,(INTJ (UH Yeah) (. .) (-DFL- E_S)),159
sw05utt/sw_0512_3811.utt,3/sw3811,3811,124,sv,B,88,1,"-- {C and } I think this [ is  [ # b-, + ]  really # -- +","--/: and/CC  [ I/PRP ] think/VBP  [ this/DT ] is/VBZ  [ b-/XX ] ,/, really/RB --/:","(S (CC and) (NP-SBJ (PRP I)) (VP (VBP think) (SBAR (-NONE- 0) (S (NP-SBJ (DT this)) (EDITED (RM (-DFL- \[)) (VP-UNF (VBZ is) (S-IMP-UNF (NP-SBJ-UNF (XX b-)))) (, ,) (IP (-DFL- \+))) (ADVP (RB really)) (VP (VBZ is) (S-IMP-PRD (NP-SBJ (NN buyer)) (RS (-DFL- \])) (VP (VB beware))))))) (. .) (-DFL- E_S))",186
sw05utt/sw_0512_3811.utt,3/sw3811,3811,125,ba@,A,89,1,"# {D Well, } it's best, #   *[[slash error]]","Well/UH ,/,  [ it/PRP ] 's/BES best/JJS ,/,","(S (INTJ (UH Well)) (, ,) (NP-SBJ (PRP it)) (VP (BES 's) (ADJP-PRD (JJS best))) (, ,))",188
sw05utt/sw_0512_3811.utt,3/sw3811,3811,126,+,B,90,1,-- is buyer beware. + ],--/: is/VBZ  [ buyer/NN ] beware/VB ./.,"(S (CC and) (NP-SBJ (PRP I)) (VP (VBP think) (SBAR (-NONE- 0) (S (NP-SBJ (DT this)) (EDITED (RM (-DFL- \[)) (VP-UNF (VBZ is) (S-IMP-UNF (NP-SBJ-UNF (XX b-)))) (, ,) (IP (-DFL- \+))) (ADVP (RB really)) (VP (VBZ is) (S-IMP-PRD (NP-SBJ (NN buyer)) (RS (-DFL- \])) (VP (VB beware))))))) (. .) (-DFL- E_S))",186
sw05utt/sw_0512_3811.utt,3/sw3811,3811,127,+,A,91,1,"Yeah,  /","Yeah/UH ,/,","(INTJ (UH Yeah) (, ,) (-DFL- E_S))",191
sw05utt/sw_0512_3811.utt,3/sw3811,3811,128,sv,A,91,2,"a cottage industry's the best way to do it really, /","[ a/DT cottage/NN industry/NN ] 's/BES  [ the/DT best/JJS way/NN ] to/TO do/VB  [ it/PRP ] really/RB ,/,","(S (NP-SBJ (DT a) (NN cottage) (NN industry)) (VP (BES 's) (NP-PRD (NP (DT the) (JJS best) (NN way)) (SBAR (WHADVP-1 (-NONE- 0)) (S (NP-SBJ (-NONE- *)) (VP (TO to) (VP (VB do) (NP (PRP it)) (ADVP-MNR (-NONE- *T*-1))))))) (ADVP (RB really))) (, ,) (-DFL- E_S))",192
sw05utt/sw_0512_3811.utt,3/sw3811,3811,129,+,B,92,1,"# {D Well, } it is the best way # --","Well/UH ,/,  [ it/PRP ] is/VBZ  [ the/DT best/JJS way/NN ] --/:","(S (INTJ (UH Well)) (, ,) (NP-SBJ (PRP it)) (VP (VBZ is) (NP-PRD (NP (DT the) (JJS best) (NN way)) (SBAR (WHADVP-1 (-NONE- 0)) (S (NP-SBJ (-NONE- *)) (VP (TO to) (VP (VB do) (NP (PRP it)) (ADVP-MNR (-NONE- *T*-1))))))) (, ,) (ADVP (RB interestingly))) (. .) (-DFL- E_S))",194
sw05utt/sw_0512_3811.utt,3/sw3811,3811,130,%,A,93,1,"# {C because } if you over, # -/","because/RB if/IN  [ you/PRP ] over/IN ,/,","(SBAR-PRP (RB because) (S (SBAR-ADV (IN if) (S (NP-SBJ (PRP you)) (VP-UNF (IN over))))) (, ,) (-DFL- N_S))",196
sw05utt/sw_0512_3811.utt,3/sw3811,3811,131,+,B,94,1,"-- to do it, interestingly.  /","--/: to/TO do/VB  [ it/PRP ] ,/, interestingly/RB ./.","(S (INTJ (UH Well)) (, ,) (NP-SBJ (PRP it)) (VP (VBZ is) (NP-PRD (NP (DT the) (JJS best) (NN way)) (SBAR (WHADVP-1 (-NONE- 0)) (S (NP-SBJ (-NONE- *)) (VP (TO to) (VP (VB do) (NP (PRP it)) (ADVP-MNR (-NONE- *T*-1))))))) (, ,) (ADVP (RB interestingly))) (. .) (-DFL- E_S))",194
sw05utt/sw_0512_3811.utt,3/sw3811,3811,132,sv,B,94,2,"I think that, {F uh, } my own interest [ in, + in ] [ development, + human development ] --","[ I/PRP ] think/VBP that/IN ,/,  [ uh/UH ] ,/,  [ my/PRP$ own/JJ interest/NN ] in/IN ,/, in/IN  [ development/NN ] ,/,  [ human/NN development/NN ] --/:","(S (NP-SBJ (PRP I)) (VP (VBP think) (SBAR (IN that) (, ,) (INTJ (UH uh)) (, ,) (S (NP-SBJ (NP (PRP$ my) (JJ own) (NN interest)) (EDITED (RM (-DFL- \[)) (PP-UNF (IN in)) (, ,) (IP (-DFL- \+))) (PP (IN in) (RS (-DFL- \])) (EDITED (RM (-DFL- \[)) (NP (NN development)) (, ,) (IP (-DFL- \+))) (NP (NN human) (NN development)))) (RS (-DFL- \])) (VP (VBZ leads) (S (NP-SBJ (PRP me)) (VP (TO to) (VP (VB believe) (SBAR (SBAR (IN that) (S (NP-SBJ (DT that)) (VP (BES 's) (NP-PRD (DT a) (JJ good) (NN sign))))) (CC and) (SBAR (IN that) (, ,) (INTJ (UH uh)) (, ,) (S (NP-SBJ (JJ private) (NN enterprise)) (VP (VBZ is) (NP-PRD (NP (DT the) (NN way)) (SBAR (WHADVP-1 (-NONE- 0)) (S (NP-SBJ (-NONE- *)) (VP (TO to) (VP (VB go) (ADVP (-NONE- *T*-1)))))))))) (CC and) (SBAR (IN that) (S (NP-SBJ (PRP it)) (VP (MD will) (VP (VB lead) (PP (IN to) (NP (NP (DT a) (JJ fundamental) (NN change)) (PP (IN in) (NP (NP (DT the) (NN way)) (SBAR (WHADVP-2 (-NONE- 0)) (S (NP-SBJ (PRP we)) (VP (VBP learn) (ADVP-MNR (-NONE- *T*-2))))))))))))))))))))) (. .) (-DFL- E_S))",198
sw05utt/sw_0512_3811.utt,3/sw3811,3811,133,b,A,95,1,Uh-huh. /,[ Uh-huh/UH ] ./.,(INTJ (UH Uh-huh) (. .) (-DFL- E_S)),200
sw05utt/sw_0512_3811.utt,3/sw3811,3811,134,+,B,96,1,"-- leads me to believe that that's a good sign and that, {F uh, } private enterprise is the way to go and that it will lead to a --","--/: leads/VBZ  [ me/PRP ] to/TO believe/VB that/IN  [ that/DT ] 's/BES  [ a/DT good/JJ sign/NN ] and/CC  [ that/IN ] ,/,  [ uh/UH ] ,/,  [ private/JJ enterprise/NN ] is/VBZ  [ the/DT way/NN ] to/TO go/VB and/CC that/IN  [ it/PRP ] will/MD lead/VB to/IN  [ a/DT ] --/:","(S (NP-SBJ (PRP I)) (VP (VBP think) (SBAR (IN that) (, ,) (INTJ (UH uh)) (, ,) (S (NP-SBJ (NP (PRP$ my) (JJ own) (NN interest)) (EDITED (RM (-DFL- \[)) (PP-UNF (IN in)) (, ,) (IP (-DFL- \+))) (PP (IN in) (RS (-DFL- \])) (EDITED (RM (-DFL- \[)) (NP (NN development)) (, ,) (IP (-DFL- \+))) (NP (NN human) (NN development)))) (RS (-DFL- \])) (VP (VBZ leads) (S (NP-SBJ (PRP me)) (VP (TO to) (VP (VB believe) (SBAR (SBAR (IN that) (S (NP-SBJ (DT that)) (VP (BES 's) (NP-PRD (DT a) (JJ good) (NN sign))))) (CC and) (SBAR (IN that) (, ,) (INTJ (UH uh)) (, ,) (S (NP-SBJ (JJ private) (NN enterprise)) (VP (VBZ is) (NP-PRD (NP (DT the) (NN way)) (SBAR (WHADVP-1 (-NONE- 0)) (S (NP-SBJ (-NONE- *)) (VP (TO to) (VP (VB go) (ADVP (-NONE- *T*-1)))))))))) (CC and) (SBAR (IN that) (S (NP-SBJ (PRP it)) (VP (MD will) (VP (VB lead) (PP (IN to) (NP (NP (DT a) (JJ fundamental) (NN change)) (PP (IN in) (NP (NP (DT the) (NN way)) (SBAR (WHADVP-2 (-NONE- 0)) (S (NP-SBJ (PRP we)) (VP (VBP learn) (ADVP-MNR (-NONE- *T*-2))))))))))))))))))))) (. .) (-DFL- E_S))",198
sw05utt/sw_0512_3811.utt,3/sw3811,3811,135,b,A,97,1,Yeah. /,Yeah/UH ./.,(INTJ (UH Yeah) (. .) (-DFL- E_S)),184
sw05utt/sw_0512_3811.utt,3/sw3811,3811,136,+,B,98,1,-- fundamental change in the way we learn. /,--/:  [ fundamental/JJ change/NN ] in/IN  [ the/DT way/NN ] [ we/PRP ] learn/VBP ./.,"(S (NP-SBJ (PRP I)) (VP (VBP think) (SBAR (IN that) (, ,) (INTJ (UH uh)) (, ,) (S (NP-SBJ (NP (PRP$ my) (JJ own) (NN interest)) (EDITED (RM (-DFL- \[)) (PP-UNF (IN in)) (, ,) (IP (-DFL- \+))) (PP (IN in) (RS (-DFL- \])) (EDITED (RM (-DFL- \[)) (NP (NN development)) (, ,) (IP (-DFL- \+))) (NP (NN human) (NN development)))) (RS (-DFL- \])) (VP (VBZ leads) (S (NP-SBJ (PRP me)) (VP (TO to) (VP (VB believe) (SBAR (SBAR (IN that) (S (NP-SBJ (DT that)) (VP (BES 's) (NP-PRD (DT a) (JJ good) (NN sign))))) (CC and) (SBAR (IN that) (, ,) (INTJ (UH uh)) (, ,) (S (NP-SBJ (JJ private) (NN enterprise)) (VP (VBZ is) (NP-PRD (NP (DT the) (NN way)) (SBAR (WHADVP-1 (-NONE- 0)) (S (NP-SBJ (-NONE- *)) (VP (TO to) (VP (VB go) (ADVP (-NONE- *T*-1)))))))))) (CC and) (SBAR (IN that) (S (NP-SBJ (PRP it)) (VP (MD will) (VP (VB lead) (PP (IN to) (NP (NP (DT a) (JJ fundamental) (NN change)) (PP (IN in) (NP (NP (DT the) (NN way)) (SBAR (WHADVP-2 (-NONE- 0)) (S (NP-SBJ (PRP we)) (VP (VBP learn) (ADVP-MNR (-NONE- *T*-2))))))))))))))))))))) (. .) (-DFL- E_S))",198
sw05utt/sw_0512_3811.utt,3/sw3811,3811,137,b,A,99,1,<Clinking> Yeah. /,Yeah/UH ./.,(INTJ (UH Yeah) (. .) (-DFL- E_S)),184
sw05utt/sw_0512_3811.utt,3/sw3811,3811,138,sv,B,100,1,"{C Because, } I think what we're going to go to is much more commercial entrepreneurial learning ventures in the market.  /","Because/RB ,/,  [ I/PRP ] think/VBP  [ what/WP ] [ we/PRP ] 're/VBP going/VBG to/TO go/VB to/IN is/VBZ much/RB  [ more/RBR commercial/JJ entrepreneurial/JJ learning/VBG ventures/NNS ] in/IN  [ the/DT market/NN ] ./.","(SBAR-PRP (RB Because) (, ,) (S (NP-SBJ (PRP I)) (VP (VBP think) (SBAR (-NONE- 0) (S (SBAR-NOM-SBJ (WHNP-2 (WP what)) (S (NP-SBJ-1 (PRP we)) (VP (VBP 're) (VP (VBG going) (S (NP-SBJ (-NONE- *-1)) (VP (TO to) (VP (VB go) (PP (IN to) (NP (-NONE- *T*-2)))))))))) (VP (VBZ is) (NP-PRD (NP (ADJP (RB much) (RBR more) (JJ commercial)) (JJ entrepreneurial) (VBG learning) (NNS ventures)) (PP (IN in) (NP (DT the) (NN market))))))))) (. .) (-DFL- E_S))",208
sw05utt/sw_0512_3811.utt,3/sw3811,3811,139,sv,B,100,2,"As a matter of fact, my future is banked on that, {F uh, } professionally because I believe [ that, + that ] there are, {F uh, } pressing needs in the marketplace, unmet by schools, colleges --","As/IN  [ a/DT matter/NN ] of/IN  [ fact/NN ] ,/,  [ my/PRP$ future/NN ] is/VBZ banked/VBN on/IN  [ that/DT ] ,/,  [ uh/UH ] ,/, professionally/RB because/IN  [ I/PRP ] believe/VBP that/IN ,/, that/IN  [ there/EX ] are/VBP ,/,  [ uh/UH ] ,/, pressing/JJ  [ needs/NNS ] in/IN  [ the/DT marketplace/NN ] ,/,  [ unmet/VBN ] by/IN  [ schools/NNS ] ,/,  [ colleges/NNS ] --/:","(S (PP (IN As) (NP (NP (DT a) (NN matter)) (PP (IN of) (NP (NN fact))))) (, ,) (NP-SBJ-1 (PRP$ my) (NN future)) (VP (VBZ is) (VP (VBN banked) (NP (-NONE- *-1)) (PP (IN on) (NP (DT that))) (, ,) (INTJ (UH uh)) (, ,) (ADVP (RB professionally)) (SBAR-PRP (IN because) (S (NP-SBJ (PRP I)) (VP (VBP believe) (SBAR (EDITED (RM (-DFL- \[)) (SBAR-UNF (IN that)) (, ,) (IP (-DFL- \+))) (IN that) (RS (-DFL- \])) (S (NP-SBJ (EX there)) (VP (VBP are) (, ,) (INTJ (UH uh)) (, ,) (NP-PRD (NP (JJ pressing) (NNS needs)) (PP (IN in) (NP (DT the) (NN marketplace))) (, ,) (VP (VBN unmet) (NP (-NONE- *)) (PP (IN by) (NP-LGS (NP (NNS schools)) (, ,) (NP (NNS colleges)) (NP (NNS universities))))) (PP (IN for) (, ,) (INTJ (UH uh)) (, ,) (S-NOM (NP-SBJ (-NONE- *)) (VP (VBG learning) (NP (NP (DT a) (NN lot)) (PP (IN of) (NP (NP (NNS things)) (SBAR (WHNP-2 (WDT that)) (S (NP-SBJ-3 (NNS kids)) (VP (MD can) (VP (VB learn) (NP (-NONE- *T*-2)) (UCP-ADV (S (NP-SBJ (-NONE- *-3)) (VP (VBG watching) (NP (NNP Sesame) (NNP Street)))) (CC and) (PP (IN in) (NP (NN child) (NN care))))))))))))))))))))))) (. .) (-DFL- E_S))",209
sw05utt/sw_0512_3811.utt,3/sw3811,3811,140,b,A,101,1,Uh-huh. /,[ Uh-huh/UH ] ./.,(INTJ (UH Uh-huh) (. .) (-DFL- E_S)),200
sw05utt/sw_0512_3811.utt,3/sw3811,3811,141,+,B,102,1,"-- universities for, {F uh, } learning a lot of things that kids can learn watching Sesame Street and in child care. /","--/:  [ universities/NNS ] for/IN ,/,  [ uh/UH ] ,/, learning/VBG  [ a/DT lot/NN ] of/IN  [ things/NNS ] that/WDT  [ kids/NNS ] can/MD learn/VB watching/VBG  [ Sesame/NNP Street/NNP ] and/CC in/IN  [ child/NN care/NN ] ./.","(S (PP (IN As) (NP (NP (DT a) (NN matter)) (PP (IN of) (NP (NN fact))))) (, ,) (NP-SBJ-1 (PRP$ my) (NN future)) (VP (VBZ is) (VP (VBN banked) (NP (-NONE- *-1)) (PP (IN on) (NP (DT that))) (, ,) (INTJ (UH uh)) (, ,) (ADVP (RB professionally)) (SBAR-PRP (IN because) (S (NP-SBJ (PRP I)) (VP (VBP believe) (SBAR (EDITED (RM (-DFL- \[)) (SBAR-UNF (IN that)) (, ,) (IP (-DFL- \+))) (IN that) (RS (-DFL- \])) (S (NP-SBJ (EX there)) (VP (VBP are) (, ,) (INTJ (UH uh)) (, ,) (NP-PRD (NP (JJ pressing) (NNS needs)) (PP (IN in) (NP (DT the) (NN marketplace))) (, ,) (VP (VBN unmet) (NP (-NONE- *)) (PP (IN by) (NP-LGS (NP (NNS schools)) (, ,) (NP (NNS colleges)) (NP (NNS universities))))) (PP (IN for) (, ,) (INTJ (UH uh)) (, ,) (S-NOM (NP-SBJ (-NONE- *)) (VP (VBG learning) (NP (NP (DT a) (NN lot)) (PP (IN of) (NP (NP (NNS things)) (SBAR (WHNP-2 (WDT that)) (S (NP-SBJ-3 (NNS kids)) (VP (MD can) (VP (VB learn) (NP (-NONE- *T*-2)) (UCP-ADV (S (NP-SBJ (-NONE- *-3)) (VP (VBG watching) (NP (NNP Sesame) (NNP Street)))) (CC and) (PP (IN in) (NP (NN child) (NN care))))))))))))))))))))))) (. .) (-DFL- E_S))",209
sw05utt/sw_0512_3811.utt,3/sw3811.pos,3811,142,x,A,103,1,<Noise>.,./.
sw05utt/sw_0512_3811.utt,3/sw3811,3811,143,sv,B,104,1,Primary skills which turn out --,[ Primary/JJ skills/NNS ] [ which/WDT ] turn/VBP out/RP --/:,(NP (NP (JJ Primary) (NNS skills)) (SBAR (WHNP-1 (WDT which)) (S (NP-SBJ-2 (-NONE- *T*-1)) (VP (VBP turn) (PRT (RP out)) (S (NP-SBJ (-NONE- *-2)) (VP (TO to) (VP (VB be) (NP-PRD (NP (DT the) (ADJP (RBS most) (JJ important)) (NNS skills)) (PP (IN in) (NP (NN life)))))))))) (. .) (-DFL- E_S)),215
sw05utt/sw_0512_3811.utt,3/sw3811,3811,144,aa,A,105,1,Yes. /,Yes/UH ./.,(INTJ (UH Yes) (. .) (-DFL- E_S)),217
sw05utt/sw_0512_3811.utt,3/sw3811,3811,145,+,B,106,1,-- to be the most important skills in life. /,--/: to/TO be/VB  [ the/DT most/RBS important/JJ skills/NNS ] in/IN  [ life/NN ] ./.,(NP (NP (JJ Primary) (NNS skills)) (SBAR (WHNP-1 (WDT which)) (S (NP-SBJ-2 (-NONE- *T*-1)) (VP (VBP turn) (PRT (RP out)) (S (NP-SBJ (-NONE- *-2)) (VP (TO to) (VP (VB be) (NP-PRD (NP (DT the) (ADJP (RBS most) (JJ important)) (NNS skills)) (PP (IN in) (NP (NN life)))))))))) (. .) (-DFL- E_S)),215
sw05utt/sw_0512_3811.utt,3/sw3811,3811,146,sv,A,107,1,"{C And } it's amazing how much good things like, {F uh, } Sesame Street will do. /","And/CC  [ it/PRP ] 's/BES amazing/JJ how/WRB  [ much/JJ good/JJ things/NNS ] like/IN ,/,  [ uh/UH ] ,/,  [ Sesame/NNP Street/NNP ] will/MD do/VB ./.","(S (CC And) (NP-SBJ (NP (PRP it)) (SBAR (-NONE- *EXP*-2))) (VP (BES 's) (ADJP-PRD (JJ amazing)) (SBAR-2 (WHNP-1 (WRB how) (JJ much) (JJ good)) (S (NP-SBJ (NP (NNS things)) (PP (IN like) (, ,) (INTJ (UH uh)) (, ,) (NP (NNP Sesame) (NNP Street)))) (VP (MD will) (VP (VB do) (NP (-NONE- *T*-1))))))) (. .) (-DFL- E_S))",220
sw05utt/sw_0512_3811.utt,3/sw3811,3811,147,sv,B,108,1,"[ It's, + it's  ] phenomenal. /","[ It/PRP ] 's/BES ,/,  [ it/PRP ] 's/BES phenomenal/JJ ./.","(S (EDITED (RM (-DFL- \[)) (S (NP-SBJ (PRP It)) (VP-UNF (BES 's))) (, ,) (IP (-DFL- \+))) (NP-SBJ (PRP it)) (VP (BES 's) (RS (-DFL- \])) (ADJP-PRD (JJ phenomenal))) (. .) (-DFL- E_S))",222
sw05utt/sw_0512_3811.utt,3/sw3811,3811,148,x,A,109,1,((   )) .,[ MUMBLEx/XX ] ./.,(X (XX MUMBLEx) (. .)),224
sw05utt/sw_0512_3811.utt,3/sw3811,3811,149,sv,B,110,1,"It's phenomenal,  [ the  programming, + the human operating  ] system, /","[ It/PRP ] 's/BES phenomenal/JJ ,/,  [ the/DT programming/NN ] ,/,  [ the/DT human/NN operating/VBG system/NN ] ,/,","(S (NP-SBJ (PRP It)) (VP (BES 's) (ADJP-PRD (JJ phenomenal)) (, ,) (EDITED (RM (-DFL- \[)) (NP-TPC (DT the) (NN programming)) (, ,) (IP (-DFL- \+))) (NP-TPC (DT the) (NN human) (VBG operating) (RS (-DFL- \])) (NN system))) (, ,) (-DFL- E_S))",226
