swda_filename,ptb_basename,conversation_no,transcript_index,act_tag,caller,utterance_index,subutterance_index,text,pos,trees,ptb_treenumbers
sw05utt/sw_0564_3497.utt,3/sw3497,3497,0,qw,A,1,1,"{D So, } how is the weather out there? /","So/UH ,/, how/WRB is/VBZ  [ the/DT weather/NN ] out/IN there/RB ?/.","(SBARQ (INTJ (UH So)) (, ,) (WHADVP-1 (WRB how)) (SQ (VBZ is) (NP-SBJ (DT the) (NN weather)) (ADVP-MNR-PRD (-NONE- *T*-1)) (PP-LOC (IN out) (ADVP (RB there)))) (. ?) (-DFL- E_S))",1
sw05utt/sw_0564_3497.utt,3/sw3497,3497,1,sd,B,2,1,"{F Uh, } it's really cold  /","[ Uh/UH ] ,/,  [ it/PRP ] 's/BES really/RB cold/JJ","(S (INTJ (UH Uh)) (, ,) (NP-SBJ (PRP it)) (VP (BES 's) (ADJP-PRD (RB really) (JJ cold))) (-DFL- E_S))",3
sw05utt/sw_0564_3497.utt,3/sw3497,3497,2,sd,B,2,2,{C and } [ it's + supposedly for this time of the year it's ] unseasonably cold  /,and/CC  [ it/PRP ] 's/BES supposedly/RB for/IN  [ this/DT time/NN ] of/IN  [ the/DT year/NN ] [ it/PRP ] 's/BES unseasonably/RB cold/JJ,(S (CC and) (EDITED (RM (-DFL- \[)) (S (NP-SBJ (PRP it)) (VP-UNF (BES 's))) (IP (-DFL- \+))) (ADVP (RB supposedly)) (PP (IN for) (NP (NP (DT this) (NN time)) (PP (IN of) (NP (DT the) (NN year))))) (NP-SBJ (PRP it)) (VP (BES 's) (RS (-DFL- \])) (ADJP-PRD (RB unseasonably) (JJ cold))) (-DFL- E_S)),4
sw05utt/sw_0564_3497.utt,3/sw3497,3497,3,sd,B,2,3,{C and } they've gotten more snow than they've ever had. /,and/CC  [ they/PRP ] 've/VBP gotten/VBN  [ more/JJR snow/NN ] than/IN  [ they/PRP ] 've/VBP ever/RB had/VBN ./.,(S (CC and) (NP-SBJ (PRP they)) (VP (VBP 've) (VP (VBN gotten) (NP (NP (JJR more) (NN snow)) (SBAR (IN than) (S (NP-SBJ (PRP they)) (VP (VBP 've) (ADVP-TMP (RB ever)) (VP (VBN had) (NP (-NONE- *?*))))))))) (. .) (-DFL- E_S)),5
sw05utt/sw_0564_3497.utt,3/sw3497,3497,4,bh,A,3,1,"{F Oh, } really? /","Oh/UH ,/, really/UH ?/.","(INTJ (INTJ (UH Oh)) (, ,) (INTJ (UH really)) (. ?) (-DFL- E_S))",7
sw05utt/sw_0564_3497.utt,3/sw3497,3497,5,sd,B,4,1,"You have,  breaking records for coldness and all that kind of stuff.  /","[ You/PRP ] have/VBP ,/, breaking/VBG  [ records/NNS ] for/IN  [ coldness/NN ] and/CC  [ all/PDT that/DT kind/NN ] of/IN  [ stuff/NN ] ./.","(S (NP-SBJ (PRP You)) (VP (VBP have) (, ,) (NP (NP (NP (VBG breaking) (NNS records)) (PP (IN for) (NP (NN coldness)))) (CC and) (NP (NP (PDT all) (DT that) (NN kind)) (PP (IN of) (NP (NN stuff)))))) (. .) (-DFL- E_S))",9
sw05utt/sw_0564_3497.utt,3/sw3497,3497,6,qw,B,4,2,How about you guys? /,How/WRB about/IN  [ you/PRP guys/NNS ] ?/.,(FRAG (WHADVP (WRB How)) (PP (IN about) (NP (PRP you) (NNS guys))) (. ?) (-DFL- E_S)),10
sw05utt/sw_0564_3497.utt,3/sw3497,3497,7,sd,A,5,1,"{F Um. }  {F Uh, } [ [ it's just, +   it's a, ] +  it's about ] same.  /","Um/UH ./.  [ Uh/UH ] ,/,  [ it/PRP ] 's/BES just/RB ,/,  [ it/PRP ] 's/BES  [ a/DT ] ,/,  [ it/PRP ] 's/BES about/RB  [ same/JJ ] ./.","(S (INTJ (UH Um)) (. .) (INTJ (UH Uh)) (, ,) (EDITED (RM (-DFL- \[)) (EDITED (RM (-DFL- \[)) (S (NP-SBJ (PRP it)) (VP-UNF (BES 's) (ADVP (RB just)))) (, ,) (IP (-DFL- \+))) (S (NP-SBJ (PRP it)) (VP (BES 's) (NP-PRD-UNF (DT a)))) (, ,) (RS (-DFL- \])) (IP (-DFL- \+))) (NP-SBJ (PRP it)) (VP (BES 's) (NP-PRD (RB about) (RS (-DFL- \])) (JJ same))) (. .) (-DFL- E_S))",12
sw05utt/sw_0564_3497.utt,3/sw3497,3497,8,sd,A,5,2,"The usual, I think. /","[ The/DT usual/JJ ] ,/,  [ I/PRP ] think/VBP ./.","(S (FRAG-TPC-1 (NP (DT The) (JJ usual))) (, ,) (NP-SBJ (PRP I)) (VP (VBP think) (FRAG (-NONE- *T*-1))) (. .) (-DFL- E_S))",13
sw05utt/sw_0564_3497.utt,3/sw3497,3497,9,b,B,6,1,Oh. /,Oh/UH ./.,(INTJ (UH Oh) (. .) (-DFL- E_S)),15
sw05utt/sw_0564_3497.utt,3/sw3497,3497,10,sd,A,7,1,"{D So, } nice for skiing and all that kind of stuff <laughter>.  /","So/RB ,/, nice/JJ for/IN skiing/NN and/CC  [ all/PDT that/DT kind/NN ] of/IN  [ stuff/NN ] ./.","(FRAG (INTJ (UH So)) (, ,) (ADJP (JJ nice) (PP (IN for) (NP (NP (NN skiing)) (CC and) (NP (NP (PDT all) (DT that) (NN kind)) (PP (IN of) (NP (NN stuff))))))) (. .) (-DFL- E_S))",17
sw05utt/sw_0564_3497.utt,3/sw3497,3497,11,sd,A,7,2,It's good. /,[ It/PRP ] 's/BES good/JJ ./.,(S (NP-SBJ (PRP It)) (VP (BES 's) (ADJP-PRD (JJ good))) (. .) (-DFL- E_S)),18
sw05utt/sw_0564_3497.utt,3/sw3497,3497,12,b,B,8,1,"Yeah,  /","Yeah/UH ,/,","(INTJ (UH Yeah) (, ,) (-DFL- E_S))",20
sw05utt/sw_0564_3497.utt,3/sw3497,3497,13,sd,B,8,2,"{D well } [ the weather, +  let's see, {D well, } the snow ] here is different from Utah's,  /","well/UH  [ the/DT weather/NN ] ,/, let/VB  [ 's/PRP ] see/VB ,/, well/UH ,/,  [ the/DT snow/NN ] here/RB is/VBZ different/JJ from/IN  [ Utah/NNP 's/POS ] ,/,","(S-IMP (INTJ (UH well)) (RM (-DFL- \[)) (NP-ADV (DT the) (NN weather)) (, ,) (IP (-DFL- \+)) (NP-SBJ (-NONE- *)) (VP (VB let) (S (NP-SBJ (PRP 's)) (VP (VB see)))) (, ,))|||(S (INTJ (UH well)) (, ,) (NP-SBJ (NP (DT the) (NN snow)) (RS (-DFL- \])) (ADVP-LOC (RB here))) (VP (VBZ is) (ADJP-PRD (JJ different) (PP (IN from) (NP (NNP Utah) (POS 's))))) (, ,) (-DFL- E_S))",21|||22
sw05utt/sw_0564_3497.utt,3/sw3497,3497,14,sd,B,8,3,{C because } I have lived in Utah for {D like } ten years. /,because/IN  [ I/PRP ] have/VBP lived/VBN in/IN  [ Utah/NNP ] for/IN like/IN  [ ten/CD years/NNS ] ./.,(SBAR-PRP (IN because) (S (NP-SBJ (PRP I)) (VP (VBP have) (VP (VBN lived) (PP-LOC (IN in) (NP (NNP Utah))) (PP-TMP (IN for) (NP (QP (UH like) (CD ten)) (NNS years)))))) (. .) (-DFL- E_S)),23
sw05utt/sw_0564_3497.utt,3/sw3497,3497,15,bh,A,9,1,"{F Oh, } really?  /","Oh/UH ,/, really/UH ?/.","(INTJ (INTJ (UH Oh)) (, ,) (INTJ (UH really)) (. ?) (-DFL- E_S))",7
sw05utt/sw_0564_3497.utt,3/sw3497,3497,16,qw,A,9,2,What part? /,[ What/WP part/NN ] ?/.,(WHNP (WP What) (NN part) (. ?) (-DFL- E_S)),26
sw05utt/sw_0564_3497.utt,3/sw3497,3497,17,%,B,10,1,"{C And, } {F uh, } - /","And/CC ,/,  [ uh/UH ] ,/,","(S-UNF (CC And) (, ,) (INTJ (UH uh)) (, ,) (-DFL- N_S))",28
sw05utt/sw_0564_3497.utt,3/sw3497,3497,18,sd,B,10,2,Provo.  /,[ Provo/NNP ] ./.,(NP (NNP Provo) (. .) (-DFL- E_S)),29
sw05utt/sw_0564_3497.utt,3/sw3497,3497,19,sd,B,10,3,I was going to B Y U. /,[ I/PRP ] was/VBD going/VBG to/IN  [ B/NNP Y/NNP U/NNP ] ./.,(S (NP-SBJ (PRP I)) (VP (VBD was) (VP (VBG going) (PP (IN to) (NP (NNP B) (NNP Y) (NNP U))))) (. .) (-DFL- E_S)),30
sw05utt/sw_0564_3497.utt,3/sw3497,3497,20,bh,A,11,1,"{F Oh, } really?  /","Oh/UH ,/, really/UH ?/.","(INTJ (INTJ (UH Oh)) (, ,) (INTJ (UH really)) (. ?) (-DFL- E_S))",7
sw05utt/sw_0564_3497.utt,3/sw3497,3497,21,bk,A,11,2,Okay. /,Okay/UH ./.,(INTJ (UH Okay) (. .) (-DFL- E_S)),33
sw05utt/sw_0564_3497.utt,3/sw3497,3497,22,aa,B,12,1,Yeah.  /,Yeah/UH ./.,(INTJ (UH Yeah) (. .) (-DFL- E_S)),35
sw05utt/sw_0564_3497.utt,3/sw3497,3497,23,sd,B,12,2,"{C And, } {F uh, } the snow is {D like, } really cold.  /","And/CC ,/,  [ uh/UH ] ,/,  [ the/DT snow/NN ] is/VBZ like/UH ,/, really/RB cold/JJ ./.","(S (CC And) (, ,) (INTJ (UH uh)) (, ,) (NP-SBJ (DT the) (NN snow)) (VP (VBZ is) (INTJ (UH like)) (, ,) (ADJP-PRD (RB really) (JJ cold))) (. .) (-DFL- E_S))",36
sw05utt/sw_0564_3497.utt,3/sw3497,3497,24,sd,B,12,3,"{E I mean, } it's, {D like, } really humid  /","[ I/PRP ] mean/VBP ,/,  [ it/PRP ] 's/BES ,/, like/UH ,/, really/RB humid/JJ","(S (PRN (S (NP-SBJ (PRP I)) (VP (VBP mean))) (, ,)) (NP-SBJ (PRP it)) (VP (BES 's) (, ,) (INTJ (UH like)) (, ,) (ADJP-PRD (RB really) (JJ humid))) (-DFL- E_S))",37
sw05utt/sw_0564_3497.utt,3/sw3497,3497,25,sd,B,12,4,{C so } it seems wetter or something like that.  /,so/RB  [ it/PRP ] seems/VBZ wetter/JJR or/CC  [ something/NN ] like/IN  [ that/DT ] ./.,(S (RB so) (NP-SBJ (PRP it)) (VP (VP (VBZ seems) (ADJP-PRD (JJR wetter))) (CC or) (NP-ETC (NP (NN something)) (PP (IN like) (NP (DT that))))) (. .) (-DFL- E_S)),38
sw05utt/sw_0564_3497.utt,3/sw3497,3497,26,%,B,12,5,"It's, -/","[ It/PRP ] 's/BES ,/,","(S (NP-SBJ (PRP It)) (VP-UNF (BES 's)) (, ,) (-DFL- N_S))",39
sw05utt/sw_0564_3497.utt,3/sw3497,3497,27,qy,A,13,1,It's more humid in Utah than there? /,[ It/PRP ] 's/BES more/RBR humid/JJ in/IN  [ Utah/NNP ] than/IN there/RB ?/.,(S (NP-SBJ (PRP It)) (VP (BES 's) (ADJP-PRD (ADJP (RBR more) (JJ humid)) (PP (-NONE- *ICH*-1))) (PP-LOC (IN in) (NP (NNP Utah))) (PP-1 (IN than) (ADVP-LOC (RB there)))) (. ?) (-DFL- E_S)),41
sw05utt/sw_0564_3497.utt,3/sw3497,3497,28,ny,B,14,1,Uh-huh. /,[ Uh-huh/UH ] ./.,(INTJ (UH Uh-huh) (. .) (-DFL- E_S)),43
sw05utt/sw_0564_3497.utt,3/sw3497,3497,29,qrr,A,15,1,Or there? /,Or/CC there/RB ?/.,(FRAG (CC Or) (ADVP-LOC (RB there)) (. ?) (-DFL- E_S)),45
sw05utt/sw_0564_3497.utt,3/sw3497,3497,30,sd,B,16,1,It's more humid in Iowa --,[ It/PRP ] 's/BES more/RBR humid/JJ in/IN  [ Iowa/NNP ] --/:,(S (NP-SBJ (PRP It)) (VP (BES 's) (ADJP-PRD (ADJP (RBR more) (JJ humid)) (PP (-NONE- *ICH*-1))) (PP-LOC (IN in) (NP (NNP Iowa))) (PP-1 (IN than) (NP (NNP Utah)))) (. .) (-DFL- E_S)),47
sw05utt/sw_0564_3497.utt,3/sw3497,3497,31,bk,A,17,1,Okay. /,Okay/UH ./.,(INTJ (UH Okay) (. .) (-DFL- E_S)),33
sw05utt/sw_0564_3497.utt,3/sw3497,3497,32,+,B,18,1,-- than Utah. /,--/: than/IN  [ Utah/NNP ] ./.,(S (NP-SBJ (PRP It)) (VP (BES 's) (ADJP-PRD (ADJP (RBR more) (JJ humid)) (PP (-NONE- *ICH*-1))) (PP-LOC (IN in) (NP (NNP Iowa))) (PP-1 (IN than) (NP (NNP Utah)))) (. .) (-DFL- E_S)),47
sw05utt/sw_0564_3497.utt,3/sw3497,3497,33,aa,A,19,1,Right. /,[ Right/UH ] ./.,(INTJ (UH Right) (. .) (-DFL- E_S)),52
sw05utt/sw_0564_3497.utt,3/sw3497,3497,34,b,B,20,1,Yeah. /,Yeah/UH ./.,(INTJ (UH Yeah) (. .) (-DFL- E_S)),35
sw05utt/sw_0564_3497.utt,3/sw3497,3497,35,bk,A,21,1,Okay. /,Okay/UH ./.,(INTJ (UH Okay) (. .) (-DFL- E_S)),33
sw05utt/sw_0564_3497.utt,3/sw3497,3497,36,sd,B,22,1,"{C And } it seems like when the winds blow, [ it's really, + ] it goes right through you.  /","And/CC  [ it/PRP ] seems/VBZ like/IN when/WRB  [ the/DT winds/NNS blow/VBP ] ,/,  [ it/PRP ] 's/BES really/RB ,/,  [ it/PRP ] goes/VBZ right/RB through/IN  [ you/PRP ] ./.","(S (CC And) (NP-SBJ (PRP it)) (VP (VBZ seems) (SBAR (IN like) (S (SBAR-TMP (WHADVP-1 (WRB when)) (S (NP-SBJ (DT the) (NNS winds)) (VP (VBP blow) (ADVP-TMP (-NONE- *T*-1))))) (, ,) (EDITED (RM (-DFL- \[)) (S (NP-SBJ (PRP it)) (VP-UNF (BES 's) (ADVP (RB really)))) (, ,) (IP (-DFL- \+)) (RS (-DFL- \]))) (NP-SBJ (PRP it)) (VP (VBZ goes) (PP (ADVP (RB right)) (IN through) (NP (PRP you))))))) (. .) (-DFL- E_S))",58
sw05utt/sw_0564_3497.utt,3/sw3497,3497,37,sd,B,22,2,It's really different from Utah's weather.  /,[ It/PRP ] 's/BES really/RB different/JJ from/IN  [ Utah/NNP 's/POS weather/NN ] ./.,(S (NP-SBJ (PRP It)) (VP (BES 's) (ADJP-PRD (RB really) (JJ different) (PP (IN from) (NP (NP (NNP Utah) (POS 's)) (NN weather))))) (. .) (-DFL- E_S)),59
sw05utt/sw_0564_3497.utt,3/sw3497,3497,38,sd,B,22,3,"I thought Utah was cold,  /","[ I/PRP ] thought/VBD  [ Utah/NNP ] was/VBD cold/JJ ,/,","(S (NP-SBJ (PRP I)) (VP (VBD thought) (SBAR (-NONE- 0) (S (NP-SBJ (NNP Utah)) (VP (VBD was) (ADJP-PRD (JJ cold)))))) (, ,) (-DFL- E_S))",60
sw05utt/sw_0564_3497.utt,3/sw3497,3497,39,sd,B,22,4,{C but } I think Iowa is a lot colder <laughter> <noise>. /,but/CC  [ I/PRP ] think/VBP  [ Iowa/NNP ] is/VBZ  [ a/DT lot/RB colder/JJR ] ./.,(S (CC but) (NP-SBJ (PRP I)) (VP (VBP think) (SBAR (-NONE- 0) (S (NP-SBJ (NNP Iowa)) (VP (VBZ is) (ADJP-PRD (NP-ADV (DT a) (RB lot)) (JJR colder)))))) (. .) (-DFL- E_S)),61
sw05utt/sw_0564_3497.utt,3/sw3497,3497,40,aa,A,23,1,"Yeah,  /","Yeah/UH ,/,","(INTJ (UH Yeah) (, ,) (-DFL- E_S))",63
sw05utt/sw_0564_3497.utt,3/sw3497,3497,41,sd,A,23,2,"{D see, } that's how it is in Texas, too  /","see/VB ,/,  [ that/DT ] 's/BES how/WRB  [ it/PRP ] is/VBZ in/IN  [ Texas/NNP ] ,/, too/RB","(S (INTJ (VB see)) (, ,) (NP-SBJ (DT that)) (VP (BES 's) (SBAR-PRD (WHADVP-1 (WRB how)) (S (NP-SBJ (PRP it)) (VP (VBZ is) (ADVP-MNR-PRD (-NONE- *T*-1)) (PP-LOC (IN in) (NP (NNP Texas)))))) (, ,) (ADVP (RB too))) (-DFL- E_S))",64
sw05utt/sw_0564_3497.utt,3/sw3497,3497,42,sd,A,23,3,"{C because } when it's cold, it's really cold.  /","because/IN when/WRB  [ it/PRP ] 's/BES cold/JJ ,/,  [ it/PRP ] 's/BES really/RB cold/JJ ./.","(SBAR-PRP (IN because) (S (SBAR-TMP (WHADVP-1 (WRB when)) (S (NP-SBJ (PRP it)) (VP (BES 's) (ADJP-PRD (JJ cold)) (ADVP-TMP (-NONE- *T*-1))))) (, ,) (NP-SBJ (PRP it)) (VP (BES 's) (ADJP-PRD (RB really) (JJ cold)))) (. .) (-DFL- E_S))",65
sw05utt/sw_0564_3497.utt,3/sw3497,3497,43,%,A,23,4,"{C So, } -/","So/UH ,/,","(S-UNF (RB So) (, ,) (-DFL- N_S))",66
sw05utt/sw_0564_3497.utt,3/sw3497,3497,44,b,B,24,1,"Yeah,  /","[ Yeah/UH ] ,/,","(INTJ (UH Yeah) (, ,) (-DFL- E_S))",63
sw05utt/sw_0564_3497.utt,3/sw3497,3497,45,sv,B,24,2,I don't think there is any mountains to stop the wind <laughter>. /,[ I/PRP ] do/VBP n't/RB think/VB  [ there/EX ] is/VBZ  [ any/DT mountains/NNS ] to/TO stop/VB  [ the/DT wind/NN ] ./.,(S (NP-SBJ (PRP I)) (VP (VBP do) (RB n't) (VP (VB think) (SBAR (-NONE- 0) (S (NP-SBJ (EX there)) (VP (VBZ is) (NP-PRD (NP (DT any) (NNS mountains)) (SBAR (WHNP-1 (-NONE- 0)) (S (NP-SBJ (-NONE- *T*-1)) (VP (TO to) (VP (VB stop) (NP (DT the) (NN wind)))))))))))) (. .) (-DFL- E_S)),69
sw05utt/sw_0564_3497.utt,3/sw3497,3497,46,br,A,25,1,What's that? /,[ What/WP ] 's/BES  [ that/DT ] ?/.,(SBARQ (WHNP-1 (WP What)) (SQ (BES 's) (NP-SBJ (DT that)) (NP-PRD (-NONE- *T*-1))) (. ?) (-DFL- E_S)),71
sw05utt/sw_0564_3497.utt,3/sw3497,3497,47,sd^r,B,26,1,I don't think there is any mountains to stop the wind. /,[ I/PRP ] do/VBP n't/RB think/VB  [ there/EX ] is/VBZ  [ any/DT mountains/NNS ] to/TO stop/VB  [ the/DT wind/NN ] ./.,(S (NP-SBJ (PRP I)) (VP (VBP do) (RB n't) (VP (VB think) (SBAR (-NONE- 0) (S (NP-SBJ (EX there)) (VP (VBZ is) (NP-PRD (NP (DT any) (NNS mountains)) (SBAR (WHNP-1 (-NONE- 0)) (S (NP-SBJ (-NONE- *T*-1)) (VP (TO to) (VP (VB stop) (NP (DT the) (NN wind)))))))))))) (. .) (-DFL- E_S)),69
sw05utt/sw_0564_3497.utt,3/sw3497,3497,48,b,A,27,1,Right.  /,[ Right/UH ] ./.,(INTJ (UH Right) (. .) (-DFL- E_S)),52
sw05utt/sw_0564_3497.utt,3/sw3497,3497,49,b,A,27,2,Yeah.  /,Yeah/UH ./.,(INTJ (UH Yeah) (. .) (-DFL- E_S)),54
sw05utt/sw_0564_3497.utt,3/sw3497,3497,50,sv,A,27,3,{C So } the humidity is I think what does it <laughter>. /,So/RB  [ the/DT humidity/NN ] is/VBZ  [ I/PRP ] think/VBP  [ what/WP ] does/VBZ  [ it/PRP ] ./.,(S-2 (RB So) (NP-SBJ (DT the) (NN humidity)) (VP (VBZ is) (PRN (S (NP-SBJ (PRP I)) (VP (VBP think) (SBAR (-NONE- 0) (S (-NONE- *T*-2)))))) (SBAR-NOM-PRD (WHNP-1 (WP what)) (S (NP-SBJ (-NONE- *T*-1)) (VP (VBZ does) (NP (PRP it)))))) (. .) (-DFL- E_S)),77
sw05utt/sw_0564_3497.utt,3/sw3497,3497,51,aa,B,28,1,"Yeah,  /","[ Yeah/UH ] ,/,","(INTJ (UH Yeah) (, ,) (-DFL- E_S))",63
sw05utt/sw_0564_3497.utt,3/sw3497,3497,52,aa,B,28,2,I think that's true. /,[ I/PRP ] think/VBP  [ that/DT ] 's/BES true/JJ ./.,(S (NP-SBJ (PRP I)) (VP (VBP think) (SBAR (-NONE- 0) (S (NP-SBJ (DT that)) (VP (BES 's) (ADJP-PRD (JJ true)))))) (. .) (-DFL- E_S)),80
sw05utt/sw_0564_3497.utt,3/sw3497,3497,53,%,A,29,1,"{C Because } [  I, +  I  ] noticed when I got here, too,  /","Because/IN  [ I/PRP ] ,/,  [ I/PRP ] noticed/VBD when/WRB  [ I/PRP ] got/VBD here/RB ,/, too/RB ,/,","(SBAR-PRP (IN Because) (S (EDITED (RM (-DFL- \[)) (NP-SBJ (PRP I)) (, ,) (IP (-DFL- \+))) (NP-SBJ (PRP I)) (RS (-DFL- \])) (VP (VBD noticed) (SBAR-TMP (WHADVP-1 (WRB when)) (S (NP-SBJ (PRP I)) (VP (VBD got) (ADVP-LOC (RB here)) (ADVP-TMP (-NONE- *T*-1))))) (, ,) (ADVP (RB too)))) (, ,) (-DFL- E_S))",82
sw05utt/sw_0564_3497.utt,3/sw3497,3497,54,%,A,29,2,"{C because } {D like } I'd, - /","because/IN like/UH  [ I/PRP ] 'd/MD ,/,","(SBAR-PRP (IN because) (INTJ (UH like)) (S (NP-SBJ (PRP I)) (VP-UNF (MD 'd))) (, ,) (-DFL- N_S))",83
sw05utt/sw_0564_3497.utt,3/sw3497,3497,55,sd,A,29,3,when it would snow in Texas --,when/WRB  [ it/PRP ] would/MD snow/VB in/IN  [ Texas/NNP ] --/:,"(S (SBAR-TMP (WHADVP-1 (WRB when)) (S (NP-SBJ (PRP it)) (VP (MD would) (VP (VB snow) (PP-LOC (IN in) (NP (NNP Texas))) (ADVP-TMP (-NONE- *T*-1)))))) (INTJ (UH uh)) (, ,) (EDITED (RM (-DFL- \[)) (S (NP-SBJ (PRP I)) (VP-UNF (MD would) (ADVP (RB just)))) (, ,) (IP (-DFL- \+))) (PRN (S (NP-SBJ (PRP I)) (VP (VBP mean)))) (NP-SBJ (PRP we)) (VP (MD 'd) (RS (-DFL- \])) (VP (VB be) (EDITED (RM (-DFL- \[)) (X (XX f-)) (, ,) (IP (-DFL- \+))) (ADJP-PRD (RB really) (JJ cold)))) (RS (-DFL- \])) (-DFL- E_S))",84
sw05utt/sw_0564_3497.utt,3/sw3497,3497,56,b,B,30,1,Uh-huh. /,[ Uh-huh/UH ] ./.,(INTJ (UH Uh-huh) (. .) (-DFL- E_S)),86
sw05utt/sw_0564_3497.utt,3/sw3497,3497,57,+,A,31,1,"-- {F uh, } [ I would just, +  {E I mean } we'd ] be [ f-, + really cold  ]  /","--/:  [ uh/UH ] ,/,  [ I/PRP ] would/MD just/RB ,/,  [ I/PRP ] mean/VBP  [ we/PRP ] 'd/MD be/VB  [ f-/XX ] ,/, really/RB cold/JJ","(S (SBAR-TMP (WHADVP-1 (WRB when)) (S (NP-SBJ (PRP it)) (VP (MD would) (VP (VB snow) (PP-LOC (IN in) (NP (NNP Texas))) (ADVP-TMP (-NONE- *T*-1)))))) (INTJ (UH uh)) (, ,) (EDITED (RM (-DFL- \[)) (S (NP-SBJ (PRP I)) (VP-UNF (MD would) (ADVP (RB just)))) (, ,) (IP (-DFL- \+))) (PRN (S (NP-SBJ (PRP I)) (VP (VBP mean)))) (NP-SBJ (PRP we)) (VP (MD 'd) (RS (-DFL- \])) (VP (VB be) (EDITED (RM (-DFL- \[)) (X (XX f-)) (, ,) (IP (-DFL- \+))) (ADJP-PRD (RB really) (JJ cold)))) (RS (-DFL- \])) (-DFL- E_S))",84
sw05utt/sw_0564_3497.utt,3/sw3497,3497,58,sd,A,31,2,"{C and } we'd have to get really warm,  /","and/CC  [ we/PRP ] 'd/MD have/VB to/TO get/VB really/RB  [ warm/JJ ] ,/,","(S (CC and) (NP-SBJ-1 (PRP we)) (VP (MD 'd) (VP (VB have) (S (NP-SBJ (-NONE- *-1)) (VP (TO to) (VP (VB get) (ADJP-PRD (RB really) (JJ warm))))))) (, ,) (-DFL- E_S))",88
sw05utt/sw_0564_3497.utt,3/sw3497,3497,59,sd,A,31,3,{C and } here you can almost not even wear a coat outside when it's snowing  /,and/CC here/RB  [ you/PRP ] can/MD almost/RB not/RB even/RB wear/VB  [ a/DT coat/NN ] outside/IN when/WRB  [ it/PRP ] 's/BES snowing/VBG,(S (CC and) (ADVP-LOC (RB here)) (NP-SBJ (PRP you)) (VP (MD can) (ADVP (RB almost)) (RB not) (ADVP (RB even)) (VP (VB wear) (NP (DT a) (NN coat)) (ADVP-LOC (IN outside)) (SBAR-TMP (WHADVP-1 (WRB when)) (S (NP-SBJ (PRP it)) (VP (BES 's) (VP (VBG snowing) (ADVP-TMP (-NONE- *T*-1)))))))) (-DFL- E_S)),89
sw05utt/sw_0564_3497.utt,3/sw3497,3497,60,sd,A,31,4,{C and } [ you don't -- +,and/CC  [ you/PRP ] do/VBP n't/RB --/:,(S (CC and) (EDITED (RM (-DFL- \[)) (S (NP-SBJ (PRP you)) (VP-UNF (VBP do) (RB n't))) (IP (-DFL- \+))) (NP-SBJ (PRP you)) (VP (VBP do) (RB n't) (RS (-DFL- \])) (VP (VB feel) (ADJP-PRD (RB super) (NN cold)))) (. .) (-DFL- E_S)),90
sw05utt/sw_0564_3497.utt,3/sw3497,3497,61,aa,B,32,1,"Yeah,  /","Yeah/UH ,/,","(INTJ (UH Yeah) (, ,) (-DFL- E_S))",63
sw05utt/sw_0564_3497.utt,3/sw3497,3497,62,aa^r,B,32,2,"yeah,  /","yeah/UH ,/,","(INTJ (UH yeah) (, ,) (-DFL- E_S))",93
sw05utt/sw_0564_3497.utt,3/sw3497,3497,63,aa,B,32,3,that's true. /,[ that/DT ] 's/BES true/JJ ./.,(S (NP-SBJ (DT that)) (VP (BES 's) (ADJP-PRD (JJ true))) (. .) (-DFL- E_S)),94
sw05utt/sw_0564_3497.utt,3/sw3497,3497,64,+,A,33,1,-- you don't  ] feel super cold.  /,--/:  [ you/PRP ] do/VBP n't/RB feel/VB  [ super/RB cold/NN ] ./.,(S (CC and) (EDITED (RM (-DFL- \[)) (S (NP-SBJ (PRP you)) (VP-UNF (VBP do) (RB n't))) (IP (-DFL- \+))) (NP-SBJ (PRP you)) (VP (VBP do) (RB n't) (RS (-DFL- \])) (VP (VB feel) (ADJP-PRD (RB super) (NN cold)))) (. .) (-DFL- E_S)),90
sw05utt/sw_0564_3497.utt,3/sw3497,3497,65,sv,A,33,2,It was weird. /,[ It/PRP ] was/VBD weird/JJ ./.,(S (NP-SBJ (PRP It)) (VP (VBD was) (ADJP-PRD (JJ weird))) (. .) (-DFL- E_S)),96
sw05utt/sw_0564_3497.utt,3/sw3497,3497,66,b,B,34,1,Yeah. /,Yeah/UH ./.,(INTJ (UH Yeah) (. .) (-DFL- E_S)),76
sw05utt/sw_0564_3497.utt,3/sw3497,3497,67,qw,A,35,1,"[ {C But,  } + {C so }  ] how long ago <baby> did you graduate?  /","But/CC ,/, so/UH how/WRB long/RB ago/RB did/VBD  [ you/PRP ] graduate/VB ?/.","(SBARQ (EDITED (RM (-DFL- \[)) (CC But) (, ,) (IP (-DFL- \+))) (RB so) (RS (-DFL- \])) (WHADVP-1 (WRB how) (RB long) (RB ago)) (SQ (VBD did) (NP-SBJ (PRP you)) (VP (VB graduate) (ADVP-TMP (-NONE- *T*-1)))) (. ?) (-DFL- E_S))",100
sw05utt/sw_0564_3497.utt,3/sw3497,3497,68,qrr,A,35,2,"{C Or } did you,  /","Or/CC did/VBD  [ you/PRP ] ,/,","(SQ (CC Or) (VBD did) (NP-SBJ (PRP you)) (, ,) (-DFL- E_S))",101
sw05utt/sw_0564_3497.utt,3/sw3497,3497,69,%,A,35,3,"{C or, } -/","or/CC ,/,","(S-UNF (CC or) (, ,) (-DFL- N_S))",102
sw05utt/sw_0564_3497.utt,3/sw3497,3497,70,sd,B,36,1,"{F Uh, } I graduated in nineteen eighty-seven. /","[ Uh/UH ] ,/,  [ I/PRP ] graduated/VBD in/IN  [ nineteen/CD eighty-seven/CD ] ./.","(S (INTJ (UH Uh)) (, ,) (NP-SBJ (PRP I)) (VP (VBD graduated) (PP-TMP (IN in) (NP (CD nineteen) (CD eighty-seven)))) (. .) (-DFL- E_S))",104
sw05utt/sw_0564_3497.utt,3/sw3497,3497,71,bh,A,37,1,"{F Oh, } really? /","Oh/UH ,/, really/UH ?/.","(INTJ (INTJ (UH Oh)) (, ,) (INTJ (UH really)) (. ?) (-DFL- E_S))",106
sw05utt/sw_0564_3497.utt,3/sw3497,3497,72,ny,B,38,1,"Yeah,  /","Yeah/UH ,/,","(INTJ (UH Yeah) (, ,) (-DFL- E_S))",79
sw05utt/sw_0564_3497.utt,3/sw3497,3497,73,sd,B,38,2,"my husband got his doctorate at B Y U,  /","[ my/PRP$ husband/NN ] got/VBD  [ his/PRP$ doctorate/NN ] at/IN  [ B/NNP Y/NNP U/NNP ] ,/,","(S (NP-SBJ (PRP$ my) (NN husband)) (VP (VBD got) (NP (PRP$ his) (NN doctorate)) (PP-LOC (IN at) (NP (NNP B) (NNP Y) (NNP U)))) (, ,) (-DFL- E_S))",109
sw05utt/sw_0564_3497.utt,3/sw3497,3497,74,%,B,38,3,"{C so } that's, - /","so/RB  [ that/DT ] 's/BES ,/,","(S (RB so) (NP-SBJ (DT that)) (VP-UNF (BES 's)) (, ,) (-DFL- N_S))",110
sw05utt/sw_0564_3497.utt,3/sw3497,3497,75,sd,B,38,4,{C and so } he just graduated this past year. /,and/CC so/IN  [ he/PRP ] just/RB graduated/VBD  [ this/DT past/JJ year/NN ] ./.,(S (CONJP (CC and) (IN so)) (NP-SBJ (PRP he)) (ADVP (RB just)) (VP (VBD graduated) (NP-TMP (DT this) (JJ past) (NN year))) (. .) (-DFL- E_S)),111
sw05utt/sw_0564_3497.utt,3/sw3497,3497,76,b,A,39,1,Oh.   /,Oh/UH ./.,(INTJ (UH Oh) (. .) (-DFL- E_S)),113
sw05utt/sw_0564_3497.utt,3/sw3497,3497,77,qy,A,39,2,{C So } you just barely moved away? /,So/UH  [ you/PRP ] just/RB barely/RB moved/VBD away/RB ?/.,(S (RB So) (NP-SBJ (PRP you)) (ADVP (RB just)) (ADVP (RB barely)) (VP (VBD moved) (ADVP-DIR (RB away))) (. ?) (-DFL- E_S)),114
sw05utt/sw_0564_3497.utt,3/sw3497,3497,78,ny,B,40,1,Uh-huh <laughter>.  /,[ Uh-huh/UH ] ./.,(INTJ (UH Uh-huh) (. .) (-DFL- E_S)),86
sw05utt/sw_0564_3497.utt,3/sw3497,3497,79,ny,B,40,2,"Yeah,  /","Yeah/UH ,/,","(INTJ (UH Yeah) (, ,) (-DFL- E_S))",79
sw05utt/sw_0564_3497.utt,3/sw3497,3497,80,sd@,B,40,3,"[ we really miss, +   *[[slash error?]]","[ we/PRP ] really/RB miss/VBP ,/,","(S (EDITED (RM (-DFL- \[)) (S (NP-SBJ (PRP we)) (ADVP (RB really)) (VP-UNF (VBP miss))) (, ,) (IP (-DFL- \+))) (INTJ (UH Well)) (, ,) (NP-SBJ (PRP we)) (ADVP (RB really)) (VP (VBP miss) (RS (-DFL- \])) (NP (NNP Utah))) (. .) (-DFL- E_S))",118
sw05utt/sw_0564_3497.utt,3/sw3497,3497,81,qy,A,41,1,Do you like it out there? /,Do/VBP  [ you/PRP ] like/VB  [ it/PRP ] out/IN there/RB ?/.,(SQ (VBP Do) (NP-SBJ (PRP you)) (VP (VB like) (NP (PRP it)) (PP-LOC (IN out) (ADVP (RB there)))) (. ?) (-DFL- E_S)),120
sw05utt/sw_0564_3497.utt,3/sw3497,3497,82,+,B,42,1,"{D Well, } we really miss  ] Utah <laughter>.  /","Well/UH ,/,  [ we/PRP ] really/RB miss/VBP  [ Utah/NNP ] ./.","(S (EDITED (RM (-DFL- \[)) (S (NP-SBJ (PRP we)) (ADVP (RB really)) (VP-UNF (VBP miss))) (, ,) (IP (-DFL- \+))) (INTJ (UH Well)) (, ,) (NP-SBJ (PRP we)) (ADVP (RB really)) (VP (VBP miss) (RS (-DFL- \])) (NP (NNP Utah))) (. .) (-DFL- E_S))",118
sw05utt/sw_0564_3497.utt,3/sw3497,3497,83,sd,B,42,2,We miss --,[ We/PRP ] miss/VBP --/:,(S (NP-SBJ (PRP We)) (VP (VBP miss) (NP (DT the) (NNS mountains))) (. .) (-DFL- E_S)),122
sw05utt/sw_0564_3497.utt,3/sw3497,3497,84,qy,A,43,1,You do? /,[ You/PRP ] do/VBP ?/.,(S (NP-SBJ (PRP You)) (VP (VBP do)) (. ?) (-DFL- E_S)),124
sw05utt/sw_0564_3497.utt,3/sw3497,3497,85,+,B,44,1,-- the mountains. /,--/:  [ the/DT mountains/NNS ] ./.,(S (NP-SBJ (PRP We)) (VP (VBP miss) (NP (DT the) (NNS mountains))) (. .) (-DFL- E_S)),122
sw05utt/sw_0564_3497.utt,3/sw3497,3497,86,b,A,45,1,Yeah. /,Yeah/UH ./.,(INTJ (UH Yeah) (. .) (-DFL- E_S)),98
sw05utt/sw_0564_3497.utt,3/sw3497,3497,87,sd,B,46,1,"{C Because } it's, {D like, } really flat here <laughter>.  /","Because/IN  [ it/PRP ] 's/BES ,/, like/UH ,/, really/RB flat/JJ here/RB ./.","(SBAR-PRP (IN Because) (S (NP-SBJ (PRP it)) (VP (BES 's) (, ,) (INTJ (UH like)) (, ,) (ADJP-PRD (RB really) (JJ flat)) (ADVP-LOC (RB here)))) (. .) (-DFL- E_S))",129
sw05utt/sw_0564_3497.utt,3/sw3497,3497,88,sd,B,46,2,"{D Well, } not flat, but  hilly.  /","Well/UH ,/, not/RB  [ flat/JJ ] ,/, but/CC  [ hilly/JJ ] ./.","(FRAG (INTJ (UH Well)) (, ,) (ADJP (RB not) (ADJP (JJ flat)) (, ,) (CC but) (ADJP (JJ hilly))) (. .) (-DFL- E_S))",130
sw05utt/sw_0564_3497.utt,3/sw3497,3497,89,sd,B,46,3,But no big mountains or anything. /,But/CC  [ no/DT big/JJ mountains/NNS ] or/CC  [ anything/NN ] ./.,(FRAG (CC But) (NP (NP (DT no) (JJ big) (NNS mountains)) (CC or) (NP (NN anything))) (. .) (-DFL- E_S)),131
sw05utt/sw_0564_3497.utt,3/sw3497,3497,90,b,A,47,1,Uh-huh.  /,[ Uh-huh/UH ] ./.,(INTJ (UH Uh-huh) (. .) (-DFL- E_S)),116
sw05utt/sw_0564_3497.utt,3/sw3497,3497,91,qy,A,47,2,{C So } you just moved away a year ago? /,So/UH  [ you/PRP ] just/RB moved/VBD away/RB  [ a/DT year/NN ] ago/RB ?/.,(S (RB So) (NP-SBJ (PRP you)) (ADVP (RB just)) (VP (VBD moved) (ADVP-DIR (RB away)) (ADVP-TMP (NP (DT a) (NN year)) (RB ago))) (. ?) (-DFL- E_S)),134
sw05utt/sw_0564_3497.utt,3/sw3497,3497,92,na,B,48,1,"{F Uh, } in August. /","[ Uh/UH ] ,/, in/IN  [ August/NNP ] ./.","(FRAG (INTJ (UH Uh)) (, ,) (PP-TMP (IN in) (NP (NNP August))) (. .) (-DFL- E_S))",136
sw05utt/sw_0564_3497.utt,3/sw3497,3497,93,ba,A,49,1,"Wow, really recent. /","Wow/UH ,/, really/RB recent/JJ ./.","(FRAG (INTJ (UH Wow)) (, ,) (ADJP (RB really) (JJ recent)) (. .) (-DFL- E_S))",138
sw05utt/sw_0564_3497.utt,3/sw3497,3497,94,aa,B,50,1,<Breathing> Yeah.  /,Yeah/UH ./.,(INTJ (UH Yeah) (. .) (-DFL- E_S)),127
sw05utt/sw_0564_3497.utt,3/sw3497,3497,95,t1,B,50,2,"{C But, } {F uh, } [ {D see, } +  {D see } ] what else can I say about the weather.  /","But/CC ,/,  [ uh/UH ] ,/, see/VB ,/, see/VB  [ what/WP ] else/RB can/MD  [ I/PRP ] say/VBP about/IN  [ the/DT weather/NN ] ./.","(SBARQ (CC But) (, ,) (INTJ (UH uh)) (, ,) (EDITED (RM (-DFL- \[)) (INTJ (VB see)) (, ,) (IP (-DFL- \+))) (INTJ (VB see)) (RS (-DFL- \])) (WHNP-1 (WHNP (WP what)) (ADVP (RB else))) (SQ (MD can) (NP-SBJ (PRP I)) (VP (VBP say) (NP (-NONE- *T*-1)) (PP (IN about) (NP (DT the) (NN weather))))) (. .) (-DFL- E_S))",141
sw05utt/sw_0564_3497.utt,3/sw3497,3497,96,sd,B,50,3,"{F Uh, } <lipsmack>, {D well, } today was warmer <laughter>.  /","[ Uh/UH ] ,/, ,/, well/UH ,/,  [ today/NN ] was/VBD warmer/JJR ./.","(S (INTJ (UH Uh)) (, ,) (, ,) (INTJ (UH well)) (, ,) (NP-SBJ (NN today)) (VP (VBD was) (ADJP-PRD (JJR warmer))) (. .) (-DFL- E_S))",142
sw05utt/sw_0564_3497.utt,3/sw3497,3497,97,sd,B,50,4,It was {D like } forty-five <laughter>. /,[ It/PRP ] was/VBD like/UH  [ forty-five/CD ] ./.,(S (NP-SBJ (PRP It)) (VP (VBD was) (INTJ (UH like)) (NP-PRD (CD forty-five))) (. .) (-DFL- E_S)),143
sw05utt/sw_0564_3497.utt,3/sw3497,3497,98,ba,A,51,1,"{F Oh, } warm <laughter>. /","Oh/UH ,/,  [ warm/JJ ] ./.","(FRAG (INTJ (UH Oh)) (, ,) (ADJP (JJ warm)) (. .) (-DFL- E_S))",145
sw05utt/sw_0564_3497.utt,3/sw3497,3497,99,qw,B,52,1,"{C So, } what's the temperature up today over there? /","So/RB ,/,  [ what/WP ] 's/BES  [ the/DT temperature/NN ] up/IN  [ today/RB ] over/IN there/RB ?/.","(SBARQ (RB So) (, ,) (WHNP-1 (WP what)) (SQ (BES 's) (NP-SBJ (DT the) (NN temperature)) (NP-PRD (-NONE- *T*-1)) (EDITED (PP-UNF (IN up))) (NP-TMP (RB today)) (PP-LOC (IN over) (ADVP (RB there)))) (. ?) (-DFL- E_S))",147
sw05utt/sw_0564_3497.utt,3/sw3497,3497,100,fe,A,53,1,"{F Oh, } man,  /","Oh/UH ,/,  [ man/UH ] ,/,","(INTJ (INTJ (UH Oh)) (, ,) (INTJ (UH man)) (, ,) (-DFL- E_S))",149
sw05utt/sw_0564_3497.utt,3/sw3497,3497,101,sd,A,53,2,"[ it's got to be + {D like, } it's  ] probably fifty, fifty-five, maybe. /","[ it/PRP ] 's/HVS got/VBN to/TO be/VB like/UH ,/,  [ it/PRP ] 's/BES probably/RB  [ fifty/CD ] ,/,  [ fifty-five/CD ] ,/, maybe/RB ./.","(S (EDITED (RM (-DFL- \[)) (S (NP-SBJ-1 (PRP it)) (VP (HVS 's) (VP (VBN got) (S (NP-SBJ (-NONE- *-1)) (VP (TO to) (VP-UNF (VB be) (IP (-DFL- \+)) (INTJ (UH like)))))))) (, ,)) (NP-SBJ (PRP it)) (VP (BES 's) (RS (-DFL- \])) (ADVP (RB probably)) (NP-PRD (CD fifty) (, ,) (CD fifty-five)) (, ,) (ADVP (RB maybe))) (. .) (-DFL- E_S))",150
sw05utt/sw_0564_3497.utt,3/sw3497,3497,102,bh,B,54,1,"{F Oh, } really? /","Oh/UH ,/, really/RB ?/.","(INTJ (INTJ (UH Oh)) (, ,) (INTJ (RB really)) (. ?) (-DFL- E_S))",152
sw05utt/sw_0564_3497.utt,3/sw3497,3497,103,no,A,55,1,Maybe not that warm.  /,Maybe/RB not/RB that/RB  [ warm/JJ ] ./.,(FRAG (ADVP (RB Maybe)) (RB not) (ADJP (RB that) (JJ warm)) (. .) (-DFL- E_S)),154
sw05utt/sw_0564_3497.utt,3/sw3497,3497,104,%,A,55,2,"Probably about, {F uh, } - /","Probably/RB about/IN ,/,  [ uh/UH ] ,/,","(FRAG (ADVP (RB Probably)) (NP-UNF (IN about) (, ,) (INTJ (UH uh))) (, ,) (-DFL- N_S))",155
sw05utt/sw_0564_3497.utt,3/sw3497,3497,105,%,A,55,3,yeah.  /,yeah/UH ./.,(INTJ (UH yeah) (. .) (-DFL- E_S)),156
sw05utt/sw_0564_3497.utt,3/sw3497,3497,106,sd,A,55,4,"[ It's not, + it's not  ] that cold, really. /","[ It/PRP ] 's/BES not/RB ,/,  [ it/PRP ] 's/BES not/RB  [ that/RB cold/NN ] ,/, really/RB ./.","(S (EDITED (RM (-DFL- \[)) (S (NP-SBJ (PRP It)) (VP-UNF (BES 's) (RB not))) (, ,) (IP (-DFL- \+))) (NP-SBJ (PRP it)) (VP (BES 's) (RB not) (RS (-DFL- \])) (ADJP-PRD (RB that) (NN cold)) (, ,) (ADVP (RB really))) (. .) (-DFL- E_S))",157
sw05utt/sw_0564_3497.utt,3/sw3497,3497,107,sd,B,56,1,"{C And } whenever I remembered the weather reports in Utah, I never really remember them talking too much about wind chill. /","And/CC whenever/WRB  [ I/PRP ] remembered/VBD  [ the/DT weather/NN reports/NNS ] in/IN  [ Utah/NNP ] ,/,  [ I/PRP ] never/RB really/RB remember/VB  [ them/PRP ] talking/VBG too/RB much/RB about/IN  [ wind/NN chill/NN ] ./.","(S (CC And) (SBAR-TMP (WHADVP-1 (WRB whenever)) (S (NP-SBJ (PRP I)) (VP (VBD remembered) (NP (NP (DT the) (NN weather) (NNS reports)) (PP-LOC (IN in) (NP (NNP Utah)))) (ADVP-TMP (-NONE- *T*-1))))) (, ,) (NP-SBJ (PRP I)) (ADVP-TMP (RB never)) (ADVP (RB really)) (VP (VB remember) (S (NP-SBJ (PRP them)) (VP (VBG talking) (ADVP (RB too) (RB much)) (PP (IN about) (NP (NN wind) (NN chill)))))) (. .) (-DFL- E_S))",159
sw05utt/sw_0564_3497.utt,3/sw3497,3497,108,b,A,57,1,Yeah. /,Yeah/UH ./.,(INTJ (UH Yeah) (. .) (-DFL- E_S)),127
sw05utt/sw_0564_3497.utt,3/sw3497,3497,109,sd,B,58,1,{C But } they talk about wind chill here all the time. /,But/CC  [ they/PRP ] talk/VBP about/IN  [ wind/NN chill/NN ] here/RB  [ all/PDT the/DT time/NN ] ./.,(S (CC But) (NP-SBJ (PRP they)) (VP (VBP talk) (PP (IN about) (NP (NN wind) (NN chill))) (ADVP-LOC (RB here)) (NP-TMP (PDT all) (DT the) (NN time))) (. .) (-DFL- E_S)),163
sw05utt/sw_0564_3497.utt,3/sw3497,3497,110,aa,A,59,1,"Yeah,  /","Yeah/UH ,/,","(INTJ (UH Yeah) (, ,) (-DFL- E_S))",165
sw05utt/sw_0564_3497.utt,3/sw3497,3497,111,sd,A,59,2,"that's a big deal in Texas, too. /","[ that/DT ] 's/BES  [ a/DT big/JJ deal/NN ] in/IN  [ Texas/NNP ] ,/, too/RB ./.","(S (NP-SBJ (DT that)) (VP (BES 's) (NP-PRD (DT a) (JJ big) (NN deal)) (PP-LOC (IN in) (NP (NNP Texas))) (, ,) (ADVP (RB too))) (. .) (-DFL- E_S))",166
sw05utt/sw_0564_3497.utt,3/sw3497,3497,112,sd,B,60,1,"They said it could be, {D like, } six degrees out and, {D like, } negative forty-one wind chill. /","[ They/PRP ] said/VBD  [ it/PRP ] could/MD be/VB ,/, like/UH ,/,  [ six/CD degrees/NNS ] out/RB and/CC ,/, like/UH ,/,  [ negative/JJ forty-one/CD wind/NN chill/NN ] ./.","(S (NP-SBJ (PRP They)) (VP (VBD said) (SBAR (-NONE- 0) (S (NP-SBJ (PRP it)) (VP (MD could) (VP (VB be) (, ,) (NP-PRD (NP (QP (UH like) (, ,) (CD six)) (NNS degrees)) (NAC (-NONE- *ICH*-1))) (ADVP-LOC (RB out)) (NAC-1 (CC and) (, ,) (INTJ (UH like)) (, ,) (NP (JJ negative) (CD forty-one) (NN wind) (NN chill)))))))) (. .) (-DFL- E_S))",168
sw05utt/sw_0564_3497.utt,3/sw3497,3497,113,b,A,61,1,{F Um. } /,Um/UH ./.,(INTJ (UH Um) (. .) (-DFL- E_S)),170
sw05utt/sw_0564_3497.utt,3/sw3497,3497,114,sd,B,62,1,"{C So, } that's what we're not used to <laughter>. /","So/RB ,/,  [ that/DT ] 's/BES  [ what/WP ] [ we/PRP ] 're/VBP not/RB used/JJ to/IN ./.","(S (RB So) (, ,) (NP-SBJ (DT that)) (VP (BES 's) (SBAR-NOM-PRD (WHNP-1 (WP what)) (S (NP-SBJ (PRP we)) (VP (VBP 're) (RB not) (ADJP-PRD (JJ used) (PP (IN to) (NP (-NONE- *T*-1)))))))) (. .) (-DFL- E_S))",172
sw05utt/sw_0564_3497.utt,3/sw3497,3497,115,aa,A,63,1,"Yeah,  /","Yeah/UH ,/,","(INTJ (UH Yeah) (, ,) (-DFL- E_S))",165
sw05utt/sw_0564_3497.utt,3/sw3497,3497,116,aa,A,63,2,that's true.  /,[ that/DT ] 's/BES true/JJ ./.,(S (NP-SBJ (DT that)) (VP (BES 's) (ADJP-PRD (JJ true))) (. .) (-DFL- E_S)),175
sw05utt/sw_0564_3497.utt,3/sw3497,3497,117,sv,A,63,3,That makes a big difference. {F Huh. } /,[ That/DT ] makes/VBZ  [ a/DT big/JJ difference/NN ] ./.  Huh/UH ./.,(S (NP-SBJ (DT That)) (VP (VBZ makes) (NP (DT a) (JJ big) (NN difference))) (. .))|||(INTJ (UH Huh) (. .) (-DFL- E_S)),176|||177
sw05utt/sw_0564_3497.utt,3/sw3497,3497,118,%,B,64,1,"{C So, } {F oh, } I, -/","So/UH ,/, oh/UH ,/,  [ I/PRP ] ,/,","(S-UNF (RB So) (, ,) (INTJ (UH oh)) (, ,) (NP-SBJ (PRP I)) (, ,) (-DFL- N_S))",179
sw05utt/sw_0564_3497.utt,3/sw3497,3497,119,qy,A,65,1,"{C So, } did you used to ski when you were out here? /","So/UH ,/, did/VBD  [ you/PRP ] used/VBD to/TO ski/VB when/WRB  [ you/PRP ] were/VBD out/IN here/RB ?/.","(SQ (RB So) (, ,) (VBD did) (NP-SBJ-1 (PRP you)) (VP (TYPO (VBD used)) (S (NP-SBJ (-NONE- *-1)) (VP (TO to) (VP (VB ski)))) (SBAR-TMP (WHADVP-2 (WRB when)) (S (NP-SBJ (PRP you)) (VP (VBD were) (PP-LOC-PRD (IN out) (ADVP (RB here))) (ADVP-TMP (-NONE- *T*-2)))))) (. ?) (-DFL- E_S))",181
sw05utt/sw_0564_3497.utt,3/sw3497,3497,120,br,B,66,1,What's that? /,[ What/WP ] 's/BES  [ that/DT ] ?/.,(SBARQ (WHNP-1 (WP What)) (SQ (BES 's) (NP-SBJ (DT that)) (NP-PRD (-NONE- *T*-1))) (. ?) (-DFL- E_S)),183
sw05utt/sw_0564_3497.utt,3/sw3497,3497,121,qy,A,67,1,Did you used to ski when you were in Utah? /,Did/VBD  [ you/PRP ] used/VBD to/TO ski/VB when/WRB  [ you/PRP ] were/VBD in/IN  [ Utah/NNP ] ?/.,(SQ (VBD Did) (NP-SBJ-1 (PRP you)) (VP (TYPO (VBD used)) (S (NP-SBJ (-NONE- *-1)) (VP (TO to) (VP (VB ski)))) (SBAR-TMP (WHADVP-2 (WRB when)) (S (NP-SBJ (PRP you)) (VP (VBD were) (PP-LOC-PRD (IN in) (NP (NNP Utah))) (ADVP-TMP (-NONE- *T*-2)))))) (. ?) (-DFL- E_S)),185
sw05utt/sw_0564_3497.utt,3/sw3497,3497,122,no,B,68,1,"{F Oh, } [ I've only, + I've only  ] skied in Utah once. /","Oh/UH ,/,  [ I/PRP ] 've/VBP only/RB ,/,  [ I/PRP ] 've/VBP only/RB skied/VBN in/IN  [ Utah/NNP ] once/RB ./.","(S (INTJ (UH Oh)) (, ,) (EDITED (RM (-DFL- \[)) (S (NP-SBJ (PRP I)) (VP-UNF (VBP 've) (ADVP (RB only)))) (, ,) (IP (-DFL- \+))) (NP-SBJ (PRP I)) (VP (VBP 've) (ADVP (RB only)) (RS (-DFL- \])) (VP (VBN skied) (PP-LOC (IN in) (NP (NNP Utah))) (ADVP-TMP (RB once)))) (. .) (-DFL- E_S))",187
sw05utt/sw_0564_3497.utt,3/sw3497,3497,123,bh,A,69,1,"{F Oh, } really? /","Oh/UH ,/, really/UH ?/.","(INTJ (INTJ (UH Oh)) (, ,) (INTJ (UH really)) (. ?) (-DFL- E_S))",189
sw05utt/sw_0564_3497.utt,3/sw3497,3497,124,sd,B,70,1,I only skied once my whole life <laughter>. /,[ I/PRP ] only/RB skied/VBD once/RB  [ my/PRP$ whole/JJ life/NN ] ./.,(S (NP-SBJ (PRP I)) (ADVP (RB only)) (VP (VBD skied) (ADVP-TMP (RB once)) (NP-TMP (PRP$ my) (JJ whole) (NN life))) (. .) (-DFL- E_S)),191
sw05utt/sw_0564_3497.utt,3/sw3497.pos,3497,125,x,A,71,1,<Laughter>.,./.
sw05utt/sw_0564_3497.utt,3/sw3497,3497,126,qy,B,72,1,"{C But, } do you do a lot of skiing there? /","But/CC ,/, do/VBP  [ you/PRP ] do/VB  [ a/DT lot/NN ] of/IN skiing/NN there/RB ?/.","(SQ (CC But) (, ,) (VBP do) (NP-SBJ (PRP you)) (VP (VB do) (NP (NP (DT a) (NN lot)) (PP (IN of) (NP (NN skiing)))) (ADVP-LOC (RB there))) (. ?) (-DFL- E_S))",194
sw05utt/sw_0564_3497.utt,3/sw3497,3497,127,ng,A,73,1,"{F Uh, } not tons,  /","[ Uh/UH ] ,/, not/RB  [ tons/NNS ] ,/,","(FRAG (INTJ (UH Uh)) (, ,) (RB not) (NP (NNS tons)) (, ,) (-DFL- E_S))",196
sw05utt/sw_0564_3497.utt,3/sw3497,3497,128,sd^e,A,73,2,{C but } I like to when I get a chance. /,but/CC  [ I/PRP ] like/VBP to/TO when/WRB  [ I/PRP ] get/VBP  [ a/DT chance/NN ] ./.,(S (CC but) (NP-SBJ-1 (PRP I)) (VP (VBP like) (S (NP-SBJ (-NONE- *-1)) (VP (TO to) (VP (-NONE- *?*) (SBAR-TMP (WHADVP-2 (WRB when)) (S (NP-SBJ (PRP I)) (VP (VBP get) (NP (DT a) (NN chance)) (ADVP-TMP (-NONE- *T*-2))))))))) (. .) (-DFL- E_S)),197
sw05utt/sw_0564_3497.utt,3/sw3497,3497,129,b,B,74,1,Uh-huh. /,[ Uh-huh/UH ] ./.,(INTJ (UH Uh-huh) (. .) (-DFL- E_S)),199
sw05utt/sw_0564_3497.utt,3/sw3497,3497,130,sd,A,75,1,"I've only been once so far, but had the opportunity a couple times since then.   /","[ I/PRP ] 've/VBP only/RB been/VBN once/RB so/RB far/RB ,/, but/CC had/VBD  [ the/DT opportunity/NN ] [ a/DT couple/NN times/NNS ] since/IN then/RB ./.","(S (NP-SBJ (PRP I)) (VP (VBP 've) (ADVP (RB only)) (VP (VP (VBN been) (ADVP-LOC (-NONE- *?*)) (ADVP-TMP (RB once)) (ADVP (RB so) (RB far))) (, ,) (CC but) (VP (VBD had) (NP (DT the) (NN opportunity)) (PP-TMP (NP (DT a) (NN couple) (NNS times)) (IN since) (ADVP-TMP (RB then)))))) (. .) (-DFL- E_S))",201
sw05utt/sw_0564_3497.utt,3/sw3497,3497,131,sd,A,75,2,Just saving my money for Christmas things --,Just/RB saving/VBG  [ my/PRP$ money/NN ] for/IN  [ Christmas/NNP things/NNS ] --/:,(S (NP-SBJ (-NONE- *)) (ADVP (RB Just)) (VP (VBG saving) (NP (PRP$ my) (NN money)) (PP (IN for) (NP (NP (NNP Christmas) (NNS things)) (CC and) (NP (DT that))))) (. .) (-DFL- E_S)),202
sw05utt/sw_0564_3497.utt,3/sw3497,3497,132,b,B,76,1,Yeah. /,Yeah/UH ./.,(INTJ (UH Yeah) (. .) (-DFL- E_S)),204
sw05utt/sw_0564_3497.utt,3/sw3497,3497,133,+,A,77,1,-- and that. /,--/: and/CC  [ that/DT ] ./.,(S (NP-SBJ (-NONE- *)) (ADVP (RB Just)) (VP (VBG saving) (NP (PRP$ my) (NN money)) (PP (IN for) (NP (NP (NNP Christmas) (NNS things)) (CC and) (NP (DT that))))) (. .) (-DFL- E_S)),202
sw05utt/sw_0564_3497.utt,3/sw3497,3497,134,qy,B,78,1,{C So } is this your first year in Utah? /,So/RB is/VBZ  [ this/DT your/PRP$ first/JJ year/NN ] in/IN  [ Utah/NNP ] ?/.,(SQ (RB So) (VBZ is) (NP-SBJ (DT this)) (NP-PRD (NP (PRP$ your) (JJ first) (NN year)) (PP-LOC (IN in) (NP (NNP Utah)))) (. ?) (-DFL- E_S)),207
sw05utt/sw_0564_3497.utt,3/sw3497,3497,135,nn,A,79,1,"{F Uh, } no,  /","[ Uh/UH ] ,/,  [ no/UH ] ,/,","(INTJ (INTJ (UH Uh)) (, ,) (INTJ (UH no)) (, ,) (-DFL- E_S))",209
sw05utt/sw_0564_3497.utt,3/sw3497,3497,136,sd^e,A,79,2,this is actually my third year. /,[ this/DT ] is/VBZ actually/RB  [ my/PRP$ third/JJ year/NN ] ./.,(S (NP-SBJ (DT this)) (VP (VBZ is) (ADVP (RB actually)) (NP-PRD (PRP$ my) (JJ third) (NN year))) (. .) (-DFL- E_S)),210
sw05utt/sw_0564_3497.utt,3/sw3497,3497,137,qy,B,80,1,{C And } you're going to school there? /,And/CC  [ you/PRP ] 're/VBP going/VBG to/IN school/NN there/RB ?/.,(S (CC And) (NP-SBJ (PRP you)) (VP (VBP 're) (VP (VBG going) (PP (IN to) (NP (NN school))) (ADVP-LOC (RB there)))) (. ?) (-DFL- E_S)),212
sw05utt/sw_0564_3497.utt,3/sw3497,3497,138,ny,A,81,1,Uh-huh. /,[ Uh-huh/UH ] ./.,(INTJ (UH Uh-huh) (. .) (-DFL- E_S)),199
sw05utt/sw_0564_3497.utt,3/sw3497,3497,139,b,B,82,1,Oh. /,Oh/UH ./.,(INTJ (UH Oh) (. .) (-DFL- E_S)),216
sw05utt/sw_0564_3497.utt,3/sw3497,3497,140,ny,A,83,1,Yep. /,[ Yep/UH ] ./.,(INTJ (UH Yep) (. .) (-DFL- E_S)),218
sw05utt/sw_0564_3497.utt,3/sw3497,3497,141,qy,B,84,1,"At U of U,  /","At/IN  [ U/NNP ] of/IN  [ U/NNP ] ,/,","(PP-LOC (IN At) (NP (NP (NNP U)) (PP (IN of) (NP (NNP U)))) (, ,) (-DFL- E_S))",220
sw05utt/sw_0564_3497.utt,3/sw3497,3497,142,%,B,84,2,"{C or, } -/","or/CC ,/,","(S-UNF (CC or) (, ,) (-DFL- N_S))",221
sw05utt/sw_0564_3497.utt,3/sw3497,3497,143,nn,A,85,1,"No,  /","No/UH ,/,","(INTJ (UH No) (, ,) (-DFL- E_S))",223
sw05utt/sw_0564_3497.utt,3/sw3497,3497,144,sd^e,A,85,2,at B Y U. /,at/IN  [ B/NNP Y/NNP U/NNP ] ./.,(PP-LOC (IN at) (NP (NNP B) (NNP Y) (NNP U)) (. .) (-DFL- E_S)),224
sw05utt/sw_0564_3497.utt,3/sw3497,3497,145,bh,B,86,1,"{F Oh, } really? /","Oh/UH ,/, really/UH ?/.","(INTJ (INTJ (UH Oh)) (, ,) (INTJ (UH really)) (. ?) (-DFL- E_S))",226
sw05utt/sw_0564_3497.utt,3/sw3497,3497,146,ny,A,87,1,Yeah. /,Yeah/UH ./.,(INTJ (UH Yeah) (. .) (-DFL- E_S)),204
sw05utt/sw_0564_3497.utt,3/sw3497,3497,147,b,B,88,1,Oh. /,Oh/UH ./.,(INTJ (UH Oh) (. .) (-DFL- E_S)),216
sw05utt/sw_0564_3497.utt,3/sw3497,3497,148,sd,A,89,1,"{D So, } {C but, }  I'll be here a long time <laughter>, at this rate. /","So/UH ,/, but/CC ,/,  [ I/PRP ] 'll/MD be/VB here/RB  [ a/DT long/JJ time/NN ] ,/, at/IN  [ this/DT rate/NN ] ./.","(S (INTJ (UH So)) (, ,) (CC but) (, ,) (NP-SBJ (PRP I)) (VP (MD 'll) (VP (VB be) (ADVP-LOC-PRD (RB here)) (NP-TMP (DT a) (JJ long) (NN time)) (, ,) (PP (IN at) (NP (DT this) (NN rate))))) (. .) (-DFL- E_S))",232
sw05utt/sw_0564_3497.utt,3/sw3497,3497,149,qw,B,90,1,What's your major? /,[ What/WP ] 's/BES  [ your/PRP$ major/NN ] ?/.,(SBARQ (WHNP-1 (WP What)) (SQ (BES 's) (NP-SBJ (PRP$ your) (NN major)) (NP-PRD (-NONE- *T*-1))) (. ?) (-DFL- E_S)),234
sw05utt/sw_0564_3497.utt,3/sw3497,3497,150,sd,A,91,1,"{F Uh, } it was nursing,  /","[ Uh/UH ] ,/,  [ it/PRP ] was/VBD nursing/VBG ,/,","(S (INTJ (UH Uh)) (, ,) (NP-SBJ (PRP it)) (VP (VBD was) (NP-PRD (VBG nursing))) (, ,) (-DFL- E_S))",236
sw05utt/sw_0564_3497.utt,3/sw3497,3497,151,sd,A,91,2,{C but } I'm in the process of changing it right now. /,but/CC  [ I/PRP ] 'm/VBP in/IN  [ the/DT process/NN ] of/IN changing/VBG  [ it/PRP ] right/RB now/RB ./.,(S (CC but) (NP-SBJ (PRP I)) (VP (VBP 'm) (PP-PRD (IN in) (NP (NP (DT the) (NN process)) (PP (IN of) (S-NOM (NP-SBJ (-NONE- *)) (VP (VBG changing) (NP (PRP it))))))) (ADVP-TMP (RB right) (RB now))) (. .) (-DFL- E_S)),237
sw05utt/sw_0564_3497.utt,3/sw3497,3497,152,b,B,92,1,"Uh-huh,  /","[ Uh-huh/UH ] ,/,","(INTJ (UH Uh-huh) (, ,) (-DFL- E_S))",239
sw05utt/sw_0564_3497.utt,3/sw3497,3497,153,b,B,92,2,oh. /,oh/UH ./.,(INTJ (UH oh) (. .) (-DFL- E_S)),240
sw05utt/sw_0564_3497.utt,3/sw3497,3497,154,sd,A,93,1,"{C Because } it's really, really  competitive at B Y U. /","Because/RB  [ it/PRP ] 's/BES really/RB ,/, really/RB competitive/JJ at/IN  [ B/NNP Y/NNP U/NNP ] ./.","(SBAR-PRP (RB Because) (S (NP-SBJ (PRP it)) (VP (BES 's) (ADJP-PRD (RB really) (, ,) (RB really) (JJ competitive)) (PP-LOC (IN at) (NP (NNP B) (NNP Y) (NNP U))))) (. .) (-DFL- E_S))",242
sw05utt/sw_0564_3497.utt,3/sw3497,3497,155,b,B,94,1,Yeah. /,Yeah/UH ./.,(INTJ (UH Yeah) (. .) (-DFL- E_S)),228
sw05utt/sw_0564_3497.utt,3/sw3497,3497,156,sd,A,95,1,You have to have {D like } a <laughter> three seven to get in  /,[ You/PRP ] have/VBP to/TO have/VB like/UH  [ a/DT three/CD seven/CD ] to/TO get/VB in/IN,(S (NP-SBJ-1 (PRP You)) (VP (VBP have) (S (NP-SBJ-2 (-NONE- *-1)) (VP (TO to) (VP (VB have) (INTJ (UH like)) (NP (DT a) (CD three) (CD seven)) (S-PRP (NP-SBJ (-NONE- *-2)) (VP (TO to) (VP (VB get) (ADVP (IN in))))))))) (-DFL- E_S)),246
sw05utt/sw_0564_3497.utt,3/sw3497,3497,157,%,A,95,2,"{C so, }","so/RB ,/,","(S-UNF (RB so) (, ,) (-DFL- N_S))",258
sw05utt/sw_0564_3497.utt,3/sw3497,3497,158,aa,B,96,1,That's true. /,[ That/DT ] 's/BES true/JJ ./.,(S (NP-SBJ (DT That)) (VP (BES 's) (ADJP-PRD (JJ true))) (. .) (-DFL- E_S)),249
sw05utt/sw_0564_3497.utt,3/sw3497,3497,159,+,A,97,1,"It's really, - /","[ It/PRP ] 's/BES really/RB ,/,","(S (RB so) (, ,) (NP-SBJ (PRP It)) (VP-UNF (BES 's) (ADVP (RB really))) (, ,) (-DFL- N_S))",247
sw05utt/sw_0564_3497.utt,3/sw3497,3497,160,sd,A,97,2,I'm going to look into some other fields.  /,[ I/PRP ] 'm/VBP going/VBG to/TO look/VB into/IN  [ some/DT other/JJ fields/NNS ] ./.,(S (NP-SBJ-1 (PRP I)) (VP (VBP 'm) (VP (VBG going) (S (NP-SBJ (-NONE- *-1)) (VP (TO to) (VP (VB look) (PP (IN into) (NP (DT some) (JJ other) (NNS fields)))))))) (. .) (-DFL- E_S)),251
sw05utt/sw_0564_3497.utt,3/sw3497,3497,161,%,A,97,3,"I'd like, - /","[ I/PRP ] 'd/MD like/VB ,/,","(S (NP-SBJ (PRP I)) (VP (MD 'd) (VP-UNF (VB like))) (, ,) (-DFL- N_S))",252
sw05utt/sw_0564_3497.utt,3/sw3497,3497,162,sd,A,97,4,"all the science classes and that, I'm just not really enjoying too much  /","[ all/PDT the/DT science/NN classes/NNS ] and/CC  [ that/DT ] ,/,  [ I/PRP ] 'm/VBP just/RB not/RB really/RB enjoying/VBG too/RB much/RB","(S (NP-TPC-1 (NP (PDT all) (DT the) (NN science) (NNS classes)) (CC and) (NP (DT that))) (, ,) (NP-SBJ (PRP I)) (VP (VBP 'm) (ADVP (RB just)) (RB not) (ADVP (RB really)) (VP (VBG enjoying) (NP (-NONE- *T*-1)) (ADVP (RB too) (RB much)))) (-DFL- E_S))",253
sw05utt/sw_0564_3497.utt,3/sw3497,3497,163,sd,A,97,5,{C so } --,so/IN --/:,"(S (RB so) (, ,) (NP-SBJ (PRP It)) (VP-UNF (BES 's) (ADVP (RB really))) (, ,) (-DFL- N_S))",247
sw05utt/sw_0564_3497.utt,3/sw3497,3497,164,b,B,98,1,Uh-huh. /,[ Uh-huh/UH ] ./.,(INTJ (UH Uh-huh) (. .) (-DFL- E_S)),256
sw05utt/sw_0564_3497.utt,3/sw3497,3497,165,+,A,99,1,-- I think I better get into something that I can enjoy the process of going to school  /,--/:  [ I/PRP ] think/VBP  [ I/PRP ] better/RB get/VBP into/IN  [ something/NN ] that/WDT  [ I/PRP ] can/MD enjoy/VB  [ the/DT process/NN ] of/IN going/VBG to/IN school/NN,(S (RB so) (NP-SBJ (PRP I)) (VP (VBP think) (SBAR (-NONE- 0) (S (NP-SBJ (PRP I)) (ADVP (RB better)) (VP (VBP get) (PP (IN into) (NP (NP (NN something)) (SBAR (WHADVP-1 (WDT that)) (S (NP-SBJ (PRP I)) (VP (MD can) (VP (VB enjoy) (NP (NP (DT the) (NN process)) (PP (IN of) (S-NOM (NP-SBJ (-NONE- *)) (VP (VBG going) (PP (IN to) (NP (NN school))))))) (ADVP (-NONE- *T*-1)))))))))))) (-DFL- E_S)),254
sw05utt/sw_0564_3497.utt,3/sw3497,3497,166,%,A,99,2,"{C so, } -/","so/RB ,/,","(S-UNF (RB so) (, ,) (-DFL- N_S))",258
sw05utt/sw_0564_3497.utt,3/sw3497,3497,167,b,B,100,1,"Yeah,  /","Yeah/UH ,/,","(INTJ (UH Yeah) (, ,) (-DFL- E_S))",260
sw05utt/sw_0564_3497.utt,3/sw3497,3497,168,ba,B,100,2,"[ that's, + that's  ] a good idea. /","[ that/DT ] 's/BES ,/,  [ that/DT ] 's/BES  [ a/DT good/JJ idea/NN ] ./.","(S (EDITED (RM (-DFL- \[)) (S (NP-SBJ (DT that)) (VP-UNF (BES 's))) (, ,) (IP (-DFL- \+))) (NP-SBJ (DT that)) (VP (BES 's) (RS (-DFL- \])) (NP-PRD (DT a) (JJ good) (NN idea))) (. .) (-DFL- E_S))",261
sw05utt/sw_0564_3497.utt,3/sw3497,3497,169,qy,A,101,1,Did you graduate in a certain field  /,Did/VBD  [ you/PRP ] graduate/JJ in/IN  [ a/DT certain/JJ field/NN ],(SQ (VBD Did) (NP-SBJ (PRP you)) (VP (JJ graduate) (PP (IN in) (NP (DT a) (JJ certain) (NN field)))) (-DFL- E_S)),263
sw05utt/sw_0564_3497.utt,3/sw3497,3497,170,qr,A,101,2,"{C or, } -/","or/CC ,/,","(S-UNF (CC or) (, ,) (-DFL- N_S))",264
sw05utt/sw_0564_3497.utt,3/sw3497,3497,171,sd,B,102,1,"{F Uh, } education.  /","[ Uh/UH ] ,/,  [ education/NN ] ./.","(FRAG (INTJ (UH Uh)) (, ,) (NP (NN education)) (. .) (-DFL- E_S))",266
sw05utt/sw_0564_3497.utt,3/sw3497,3497,172,sd,B,102,2,I got a double major. /,[ I/PRP ] got/VBD  [ a/DT double/JJ major/NN ] ./.,(S (NP-SBJ (PRP I)) (VP (VBD got) (NP (DT a) (JJ double) (NN major))) (. .) (-DFL- E_S)),267
sw05utt/sw_0564_3497.utt,3/sw3497,3497,173,qw,A,103,1,"In, -/","In/IN ,/,","(PP-UNF (IN In) (, ,) (-DFL- N_S))",269
sw05utt/sw_0564_3497.utt,3/sw3497,3497,174,sd,B,104,1,"{F Uh, } elementary and special ed. /","[ Uh/UH ] ,/,  [ elementary/JJ ] and/CC  [ special/JJ ] ed/NN ./.","(FRAG (INTJ (UH Uh)) (, ,) (NP (NP (JJ elementary)) (CC and) (NP (JJ special) (NN ed))) (. .) (-DFL- E_S))",271
sw05utt/sw_0564_3497.utt,3/sw3497,3497,175,qy,A,105,1,Really? /,Really/UH ?/.,(INTJ (UH Really) (. ?) (-DFL- E_S)),273
sw05utt/sw_0564_3497.utt,3/sw3497,3497,176,ny,B,106,1,Uh-huh. /,[ Uh-huh/UH ] ./.,(INTJ (UH Uh-huh) (. .) (-DFL- E_S)),256
sw05utt/sw_0564_3497.utt,3/sw3497,3497,177,sd,A,107,1,That what my sister did. /,That/DT  [ what/WP ] [ my/PRP$ sister/NN ] did/VBD ./.,(S (NP-SBJ (DT That)) (X (SBAR-NOM-PRD (WHNP-1 (WP what)) (S (NP-SBJ (PRP$ my) (NN sister)) (VP (VBD did) (NP (-NONE- *T*-1)))))) (. .) (-DFL- E_S)),277
sw05utt/sw_0564_3497.utt,3/sw3497,3497,178,bh,B,108,1,"{F Oh, } really? /","Oh/UH ,/, really/UH ?/.","(INTJ (INTJ (UH Oh)) (, ,) (INTJ (UH really)) (. ?) (-DFL- E_S))",279
sw05utt/sw_0564_3497.utt,3/sw3497,3497,179,ny,A,109,1,"Yeah,  /","Yeah/UH ,/,","(INTJ (UH Yeah) (, ,) (-DFL- E_S))",260
sw05utt/sw_0564_3497.utt,3/sw3497,3497,180,sv^e,A,109,2,you might know her.  /,[ you/PRP ] might/MD know/VB  [ her/PRP ] ./.,(S (NP-SBJ (PRP you)) (VP (MD might) (VP (VB know) (NP (PRP her)))) (. .) (-DFL- E_S)),282
sw05utt/sw_0564_3497.utt,3/sw3497,3497,181,sd,A,109,3,"Here name is Lori, Bird.  /","Here/^PRP$   [ name/NN ] is/VBZ  [ Lori/NNP ] ,/,  [ Bird/NNP ] ./.","(S (NP-SBJ (TYPO (^PRP$ Here)) (NN name)) (VP (VBZ is) (NP-PRD (NNP Lori) (, ,) (NNP Bird))) (. .) (-DFL- E_S))",283
sw05utt/sw_0564_3497.utt,3/sw3497,3497,182,h,A,109,4,Maybe not <laughter>.  /,Maybe/RB not/RB ./.,(FRAG (ADVP (RB Maybe)) (RB not) (. .) (-DFL- E_S)),284
sw05utt/sw_0564_3497.utt,3/sw3497,3497,183,sd,A,109,5,"I think she graduated around then, too, though, eighty-seven probably,  /","[ I/PRP ] think/VBP  [ she/PRP ] graduated/VBD around/RB then/RB ,/, too/RB ,/, though/RB ,/, eighty-seven/RB probably/RB ,/,","(S (NP-SBJ (PRP I)) (VP (VBP think) (SBAR (-NONE- 0) (S (NP-SBJ (PRP she)) (VP (VBD graduated) (PP-TMP (RB around) (ADVP (RB then))) (, ,) (ADVP (RB too)) (, ,) (ADVP (RB though)) (, ,) (NP-TMP (RB eighty-seven)) (ADVP (RB probably)))))) (, ,) (-DFL- E_S))",285
sw05utt/sw_0564_3497.utt,3/sw3497,3497,184,%,A,109,6,"{C but, } she got her doc-, -/","but/CC ,/,  [ she/PRP ] got/VBD  [ her/PRP$ ] [ doc-/NN ] ,/,","(S (CC but) (, ,) (NP-SBJ (PRP she)) (VP (VBD got) (NP-UNF (PRP$ her) (NN doc-))) (, ,) (-DFL- N_S))",286
sw05utt/sw_0564_3497.utt,3/sw3497,3497,185,b,B,110,1,"Yeah,  /","Yeah/UH ,/,","(INTJ (UH Yeah) (, ,) (-DFL- E_S))",260
sw05utt/sw_0564_3497.utt,3/sw3497,3497,186,nd,B,110,2,"{D well, } I can't, - /","well/UH ,/,  [ I/PRP ] ca/MD n't/RB ,/,","(S (INTJ (UH well)) (, ,) (NP-SBJ (PRP I)) (VP-UNF (MD ca) (RB n't)) (, ,) (-DFL- N_S))",289
sw05utt/sw_0564_3497.utt,3/sw3497,3497,187,sd,B,110,3,"there are so many girls in all my classes,  /","[ there/EX ] are/VBP  [ so/RB many/JJ girls/NNS ] in/IN  [ all/PDT my/PRP$ classes/NNS ] ,/,","(S (NP-SBJ (EX there)) (VP (VBP are) (NP-PRD (ADJP (RB so) (JJ many)) (NNS girls)) (PP (IN in) (NP (PDT all) (PRP$ my) (NNS classes)))) (, ,) (-DFL- E_S))",290
sw05utt/sw_0564_3497.utt,3/sw3497,3497,188,sd,B,110,4,I <laughter> can't remember --,[ I/PRP ] ca/MD n't/RB remember/VB --/:,(S (NP-SBJ (PRP I)) (VP (MD ca) (RB n't) (VP (VB remember) (NP (ADJP (WRB how) (JJ many)) (NNS people)))) (. .) (-DFL- E_S)),291
sw05utt/sw_0564_3497.utt,3/sw3497,3497,189,b,A,111,1,"Yeah,  /","Yeah/UH ,/,","(INTJ (UH Yeah) (, ,) (-DFL- E_S))",260
sw05utt/sw_0564_3497.utt,3/sw3497,3497,190,b^r,A,111,2,yeah. /,yeah/UH ./.,(INTJ (UH yeah) (. .) (-DFL- E_S)),294
sw05utt/sw_0564_3497.utt,3/sw3497,3497,191,+,B,112,1,-- how many people. /,--/: how/WRB  [ many/JJ people/NNS ] ./.,(S (NP-SBJ (PRP I)) (VP (MD ca) (RB n't) (VP (VB remember) (NP (ADJP (WRB how) (JJ many)) (NNS people)))) (. .) (-DFL- E_S)),291
sw05utt/sw_0564_3497.utt,3/sw3497,3497,192,sd,A,113,1,"{C Because } they, since, {F uh, } stopped that program.   {E I mean, }  [ where you can -- +","Because/IN  [ they/PRP ] ,/, since/IN ,/,  [ uh/UH ] ,/, stopped/VBD  [ that/DT program/NN ] ./.  [ I/PRP ] mean/VBP ,/, where/WRB  [ you/PRP ] can/MD --/:","(SBAR-PRP (IN Because) (S (NP-SBJ (PRP they)) (, ,) (ADVP-TMP (IN since)) (, ,) (INTJ (UH uh)) (, ,) (VP (VBD stopped) (NP (NP (DT that) (NN program)) (PRN (. .) (S (NP-SBJ (PRP I)) (VP (VBP mean))) (, ,)) (SBAR (EDITED (RM (-DFL- \[)) (SBAR (WHADVP (WRB where)) (S (NP-SBJ (PRP you)) (VP-UNF (MD can)))) (IP (-DFL- \+))) (WHADVP-1 (WRB where)) (S (NP-SBJ (PRP you)) (VP (MD can) (RS (-DFL- \])) (VP (VB get) (NP (PRP it)) (ADVP (JJ double)) (ADVP-MNR (RB pretty) (RB easily)) (ADVP (-NONE- *T*-1))))))))) (. .) (-DFL- E_S))",297
sw05utt/sw_0564_3497.utt,3/sw3497,3497,193,bh,B,114,1,"{F Oh, } have they? /","Oh/UH ,/, have/VBP  [ they/PRP ] ?/.","(SQ (INTJ (UH Oh)) (, ,) (VBP have) (NP-SBJ (PRP they)) (VP (-NONE- *?*)) (. ?) (-DFL- E_S))",299
sw05utt/sw_0564_3497.utt,3/sw3497,3497,194,+,A,115,1,-- where you can  ] get it double pretty easily. /,--/: where/WRB  [ you/PRP ] can/MD get/VB  [ it/PRP ] double/JJ pretty/RB easily/RB ./.,"(SBAR-PRP (IN Because) (S (NP-SBJ (PRP they)) (, ,) (ADVP-TMP (IN since)) (, ,) (INTJ (UH uh)) (, ,) (VP (VBD stopped) (NP (NP (DT that) (NN program)) (PRN (. .) (S (NP-SBJ (PRP I)) (VP (VBP mean))) (, ,)) (SBAR (EDITED (RM (-DFL- \[)) (SBAR (WHADVP (WRB where)) (S (NP-SBJ (PRP you)) (VP-UNF (MD can)))) (IP (-DFL- \+))) (WHADVP-1 (WRB where)) (S (NP-SBJ (PRP you)) (VP (MD can) (RS (-DFL- \])) (VP (VB get) (NP (PRP it)) (ADVP (JJ double)) (ADVP-MNR (RB pretty) (RB easily)) (ADVP (-NONE- *T*-1))))))))) (. .) (-DFL- E_S))",297
sw05utt/sw_0564_3497.utt,3/sw3497,3497,195,b,B,116,1,Oh. /,Oh/UH ./.,(INTJ (UH Oh) (. .) (-DFL- E_S)),302
sw05utt/sw_0564_3497.utt,3/sw3497,3497,196,sd,A,117,1,"{E I mean, } [ it's, + it's  ] really, -/","[ I/PRP ] mean/VBP ,/,  [ it/PRP ] 's/BES ,/,  [ it/PRP ] 's/BES really/RB  ,/,","(S (PRN (S (NP-SBJ (PRP I)) (VP (VBP mean))) (, ,)) (EDITED (RM (-DFL- \[)) (S (NP-SBJ (PRP it)) (VP-UNF (BES 's))) (, ,) (IP (-DFL- \+))) (NP-SBJ (PRP it)) (VP-UNF (BES 's) (RS (-DFL- \])) (ADVP (RB really))) (, ,) (-DFL- N_S))",304
