swda_filename,ptb_basename,conversation_no,transcript_index,act_tag,caller,utterance_index,subutterance_index,text,pos,trees,ptb_treenumbers
sw05utt/sw_0573_4022.utt,4/sw4022,4022,0,h,A,1,1,"{D Well, } {F uh, } I don't know.  /","Well/UH ,/,  [ uh/UH ] ,/,  [ I/PRP ] do/VBP n't/RB know/VB ./.","(S (INTJ (UH Well)) (, ,) (INTJ (UH uh)) (, ,) (NP-SBJ (PRP I)) (VP (VBP do) (RB n't) (VP (VB know))) (. .) (-DFL- E_S))",1
sw05utt/sw_0573_4022.utt,4/sw4022,4022,1,sv,A,1,2,"I think the budget is really out of hand right now,  /","[ I/PRP ] think/VBP  [ the/DT budget/NN ] is/VBZ really/RB out/IN of/IN  [ hand/NN ] right/RB now/RB ,/,","(S (NP-SBJ (PRP I)) (VP (VBP think) (SBAR (-NONE- 0) (S (NP-SBJ (DT the) (NN budget)) (VP (VBZ is) (ADVP (RB really)) (PP-PRD (IN out) (PP (IN of) (NP (NN hand)))) (ADVP-TMP (RB right) (RB now)))))) (, ,) (-DFL- E_S))",2
sw05utt/sw_0573_4022.utt,4/sw4022,4022,2,sv,A,1,3,"{C and } especially in this election year, I think that, {F uh, } there ought to be [ so-, + at least some  ] conversation about what --","and/CC especially/RB in/IN  [ this/DT election/NN year/NN ] ,/,  [ I/PRP ] think/VBP  [ that/IN ] ,/,  [ uh/UH ] ,/,  [ there/EX ] ought/MD to/TO be/VB so-/XX ,/, at/IN  [ least/JJS ] [ some/DT conversation/NN ] about/IN  [ what/WP ] --/:","(S (CC and) (ADVP (RB especially)) (PP-TMP (IN in) (NP (DT this) (NN election) (NN year))) (, ,) (NP-SBJ (PRP I)) (VP (VBP think) (SBAR (IN that) (, ,) (INTJ (UH uh)) (, ,) (S (NP-SBJ-1 (EX there)) (VP (MD ought) (S (NP-SBJ (-NONE- *-1)) (VP (TO to) (VP (VB be) (EDITED (RM (-DFL- \[)) (NP-PRD-UNF (XX so-)) (, ,) (IP (-DFL- \+))) (NP-PRD (NP (ADVP (IN at) (JJS least)) (DT some) (RS (-DFL- \])) (NN conversation)) (PP (IN about) (SBAR-NOM (WHNP-3 (WP what)) (S (NP-SBJ-2 (PRP we)) (VP (VBP are) (VP (VBN supposed) (S (NP-SBJ (-NONE- *-2)) (VP (TO to) (VP (VB do) (NP (-NONE- *T*-3)) (PP (IN about) (NP (DT this))))))))))))))))))) (. .) (-DFL- E_S))",3
sw05utt/sw_0573_4022.utt,4/sw4022,4022,3,b,B,2,1,Uh-huh. /,[ Uh-huh/UH ] ./.,(INTJ (UH Uh-huh) (. .) (-DFL- E_S)),5
sw05utt/sw_0573_4022.utt,4/sw4022,4022,4,+,A,3,1,-- we are supposed to do about this. /,--/:  [ we/PRP ] are/VBP supposed/VBN to/TO do/VB about/IN  [ this/DT ] ./.,"(S (CC and) (ADVP (RB especially)) (PP-TMP (IN in) (NP (DT this) (NN election) (NN year))) (, ,) (NP-SBJ (PRP I)) (VP (VBP think) (SBAR (IN that) (, ,) (INTJ (UH uh)) (, ,) (S (NP-SBJ-1 (EX there)) (VP (MD ought) (S (NP-SBJ (-NONE- *-1)) (VP (TO to) (VP (VB be) (EDITED (RM (-DFL- \[)) (NP-PRD-UNF (XX so-)) (, ,) (IP (-DFL- \+))) (NP-PRD (NP (ADVP (IN at) (JJS least)) (DT some) (RS (-DFL- \])) (NN conversation)) (PP (IN about) (SBAR-NOM (WHNP-3 (WP what)) (S (NP-SBJ-2 (PRP we)) (VP (VBP are) (VP (VBN supposed) (S (NP-SBJ (-NONE- *-2)) (VP (TO to) (VP (VB do) (NP (-NONE- *T*-3)) (PP (IN about) (NP (DT this))))))))))))))))))) (. .) (-DFL- E_S))",3
sw05utt/sw_0573_4022.utt,4/sw4022,4022,5,b,B,4,1,"Yeah,  /","Yeah/UH ,/,","(INTJ (UH Yeah) (, ,) (-DFL- E_S))",8
sw05utt/sw_0573_4022.utt,4/sw4022,4022,6,sv,B,4,2,"it kind of seems to me that everyone's offering, {D you know, } their token little tax cut program, {D you know, } [ when it's -- +","[ it/PRP ] [ kind/RB ] of/RB seems/VBZ to/IN  [ me/PRP ] that/IN  [ everyone/NN ] 's/BES offering/VBG ,/,  [ you/PRP ] know/VBP ,/,  [ their/PRP$ token/JJ little/JJ tax/NN cut/NN program/NN ] ,/,  [ you/PRP ] know/VBP ,/, when/WRB  [ it/PRP ] 's/BES --/:","(S (NP-SBJ (PRP it)) (ADVP (RB kind) (RB of)) (VP (VBZ seems) (PP (IN to) (NP (PRP me))) (SBAR (IN that) (S (NP-SBJ (NN everyone)) (VP (BES 's) (VP (VBG offering) (PRN (, ,) (S (NP-SBJ (PRP you)) (VP (VBP know))) (, ,)) (NP (PRP$ their) (JJ token) (JJ little) (NN tax) (NN cut) (NN program)) (PRN (, ,) (S (NP-SBJ (PRP you)) (VP (VBP know))) (, ,)) (EDITED (RM (-DFL- \[)) (SBAR-TMP (WHADVP (WRB when)) (S (NP-SBJ (PRP it)) (VP-UNF (BES 's)))) (IP (-DFL- \+))) (SBAR-TMP (WHADVP-1 (WRB when)) (S (NP-SBJ (PRP it)) (VP (BES 's) (RS (-DFL- \])) (ADVP (RB just)) (NP-PRD (NP (PDT such) (DT a) (JJ bad) (NN time)) (PP (IN for) (NP (PRP it)))) (ADVP-TMP (-NONE- *T*-1)))))))))) (. .) (-DFL- E_S))",9
sw05utt/sw_0573_4022.utt,4/sw4022,4022,7,b,A,5,1,Right. /,[ Right/UH ] ./.,(INTJ (UH Right) (. .) (-DFL- E_S)),11
sw05utt/sw_0573_4022.utt,4/sw4022,4022,8,+,B,6,1,-- when it's ] just such a bad time for it. /,--/: when/WRB  [ it/PRP ] 's/BES just/RB such/PDT  [ a/DT bad/JJ time/NN ] for/IN  [ it/PRP ] ./.,"(S (NP-SBJ (PRP it)) (ADVP (RB kind) (RB of)) (VP (VBZ seems) (PP (IN to) (NP (PRP me))) (SBAR (IN that) (S (NP-SBJ (NN everyone)) (VP (BES 's) (VP (VBG offering) (PRN (, ,) (S (NP-SBJ (PRP you)) (VP (VBP know))) (, ,)) (NP (PRP$ their) (JJ token) (JJ little) (NN tax) (NN cut) (NN program)) (PRN (, ,) (S (NP-SBJ (PRP you)) (VP (VBP know))) (, ,)) (EDITED (RM (-DFL- \[)) (SBAR-TMP (WHADVP (WRB when)) (S (NP-SBJ (PRP it)) (VP-UNF (BES 's)))) (IP (-DFL- \+))) (SBAR-TMP (WHADVP-1 (WRB when)) (S (NP-SBJ (PRP it)) (VP (BES 's) (RS (-DFL- \])) (ADVP (RB just)) (NP-PRD (NP (PDT such) (DT a) (JJ bad) (NN time)) (PP (IN for) (NP (PRP it)))) (ADVP-TMP (-NONE- *T*-1)))))))))) (. .) (-DFL- E_S))",9
sw05utt/sw_0573_4022.utt,4/sw4022,4022,9,b,A,7,1,"Right,  /","Right/UH ,/,","(INTJ (UH Right) (, ,) (-DFL- E_S))",14
sw05utt/sw_0573_4022.utt,4/sw4022,4022,10,sv,A,7,2,"{C and, } {F uh, } {D well, } as you said, mostly they are token cuts.  /","and/CC ,/,  [ uh/UH ] ,/, well/UH ,/, as/IN  [ you/PRP ] said/VBD ,/, mostly/RB  [ they/PRP ] are/VBP  [ token/NN cuts/NNS ] ./.","(S (CC and) (, ,) (INTJ (UH uh)) (, ,) (INTJ (UH well)) (, ,) (SBAR-ADV (IN as) (S (NP-SBJ (PRP you)) (VP (VBD said)))) (, ,) (ADVP (RB mostly)) (NP-SBJ (PRP they)) (VP (VBP are) (NP-PRD (NN token) (NNS cuts))) (. .) (-DFL- E_S))",15
sw05utt/sw_0573_4022.utt,4/sw4022,4022,11,sv,A,7,3,# {F Uh } # --,[ Uh/UH ] --/:,"(FRAG (INTJ (UH Uh)) (ADVP (RB especially)) (SBAR-NOM (WHNP-1 (WP what)) (, ,) (S (PP (IN for) (NP (NN instance))) (, ,) (NP-SBJ (NNP George) (NNP Bush)) (VP (VBZ is) (VP (VBG offering) (NP (-NONE- *T*-1)))))) (. .) (-DFL- E_S))",16
sw05utt/sw_0573_4022.utt,4/sw4022,4022,12,b,B,8,1,# Yeah. # /,Yeah/UH ./.,(INTJ (UH Yeah) (. .) (-DFL- E_S)),18
sw05utt/sw_0573_4022.utt,4/sw4022,4022,13,+,A,9,1,"-- especially what, for instance, George Bush is offering. /","--/: especially/RB  [ what/WP ] ,/, for/IN  [ instance/NN ] ,/,  [ George/NNP Bush/NNP ] is/VBZ offering/VBG ./.","(FRAG (INTJ (UH Uh)) (ADVP (RB especially)) (SBAR-NOM (WHNP-1 (WP what)) (, ,) (S (PP (IN for) (NP (NN instance))) (, ,) (NP-SBJ (NNP George) (NNP Bush)) (VP (VBZ is) (VP (VBG offering) (NP (-NONE- *T*-1)))))) (. .) (-DFL- E_S))",16
sw05utt/sw_0573_4022.utt,4/sw4022,4022,14,sd,B,10,1,The ninety-seven cents a week <laughter>. /,[ The/DT ninety-seven/CD cents/NNS ] [ a/DT week/NN ] ./.,(NP (NP (DT The) (CD ninety-seven) (NNS cents)) (NP-ADV (DT a) (NN week)) (. .) (-DFL- E_S)),21
sw05utt/sw_0573_4022.utt,4/sw4022,4022,15,aa,A,11,1,"Yeah,  /","Yeah/UH ,/,","(INTJ (UH Yeah) (, ,) (-DFL- E_S))",8
sw05utt/sw_0573_4022.utt,4/sw4022,4022,16,aa^m,A,11,2,ninety-seven cents a week.  /,[ ninety-seven/CD cents/NNS ] [ a/DT week/NN ] ./.,(NP (NP (CD ninety-seven) (NNS cents)) (NP-ADV (DT a) (NN week)) (. .) (-DFL- E_S)),24
sw05utt/sw_0573_4022.utt,4/sw4022,4022,17,%,A,11,3,"{D Now } what, - /","Now/RB  [ what/WP ] ,/,","(SBARQ-UNF (INTJ (RB Now)) (WHNP (WP what)) (, ,) (-DFL- N_S))",25
sw05utt/sw_0573_4022.utt,4/sw4022,4022,18,sv,A,11,4,"that's really not going to do a lot of good, it doesn't seem to me, to your average --","[ that/WDT ] 's/BES really/RB not/RB going/VBG to/TO do/VB  [ a/DT lot/NN ] of/IN  [ good/NN ] ,/,  [ it/PRP ] does/VBZ n't/RB seem/VB to/IN  [ me/PRP ] ,/, to/IN  [ your/PRP$ average/NN ] --/:","(S-2 (NP-SBJ-1 (WDT that)) (VP (BES 's) (ADVP (RB really)) (RB not) (VP (VBG going) (S (NP-SBJ (-NONE- *-1)) (VP (TO to) (VP (VB do) (NP (NP (DT a) (NN lot)) (PP (IN of) (NP (NN good))) (PRN (, ,) (S (NP-SBJ (PRP it)) (VP (VBZ does) (RB n't) (VP (VB seem) (PP (IN to) (NP (PRP me))) (SBAR (-NONE- 0) (S (-NONE- *T*-2)))))) (, ,)) (PP (IN to) (NP (PRP$ your) (NN average) (JJ middle) (NN income) (NN person)))) (PRN (, ,) (S (NP-SBJ (PRP you)) (VP (VBP know))))))))) (. .) (-DFL- E_S))",26
sw05utt/sw_0573_4022.utt,4/sw4022,4022,19,b,B,12,1,Uh-huh. /,[ Uh-huh/UH ] ./.,(INTJ (UH Uh-huh) (. .) (-DFL- E_S)),5
sw05utt/sw_0573_4022.utt,4/sw4022,4022,20,+,A,13,1,"-- middle income person, {D you know. }  /","--/:  [ middle/JJ income/NN person/NN ] ,/,  [ you/PRP ] know/VBP ./.","(S-2 (NP-SBJ-1 (WDT that)) (VP (BES 's) (ADVP (RB really)) (RB not) (VP (VBG going) (S (NP-SBJ (-NONE- *-1)) (VP (TO to) (VP (VB do) (NP (NP (DT a) (NN lot)) (PP (IN of) (NP (NN good))) (PRN (, ,) (S (NP-SBJ (PRP it)) (VP (VBZ does) (RB n't) (VP (VB seem) (PP (IN to) (NP (PRP me))) (SBAR (-NONE- 0) (S (-NONE- *T*-2)))))) (, ,)) (PP (IN to) (NP (PRP$ your) (NN average) (JJ middle) (NN income) (NN person)))) (PRN (, ,) (S (NP-SBJ (PRP you)) (VP (VBP know))))))))) (. .) (-DFL- E_S))",26
sw05utt/sw_0573_4022.utt,4/sw4022,4022,21,sd,A,13,2,"Another ninety-seven cents,  /","[ Another/DT ninety-seven/CD cents/NNS ] ,/,","(NP (DT Another) (CD ninety-seven) (NNS cents) (, ,) (-DFL- E_S))",30
sw05utt/sw_0573_4022.utt,4/sw4022,4022,22,sd,A,13,3,hell you can buy a coke or something for that. /,[ hell/UH ] [ you/PRP ] can/MD buy/VB  [ a/DT coke/NN ] or/CC  [ something/NN ] for/IN  [ that/DT ] ./.,(S (INTJ (UH hell)) (NP-SBJ (PRP you)) (VP (MD can) (VP (VB buy) (NP (DT a) (NN coke) (CC or) (NN something)) (PP (IN for) (NP (DT that))))) (. .) (-DFL- E_S)),31
sw05utt/sw_0573_4022.utt,4/sw4022,4022,23,b,B,14,1,"Yeah,  /","[ Yeah/UH ] ,/,","(INTJ (UH Yeah) (, ,) (-DFL- E_S))",8
sw05utt/sw_0573_4022.utt,4/sw4022,4022,24,sv,B,14,2,"{E I mean, } mostly [ it's, + it's  ] not actually [ [ a, + a, ] +  a ] cut,  /","[ I/PRP ] mean/VBP ,/, mostly/RB  [ it/PRP ] 's/BES ,/,  [ it/PRP ] 's/BES not/RB actually/RB  [ a/DT ] ,/,  [ a/DT ] ,/,  [ a/DT cut/NN ] ,/,","(S (PRN (S (NP-SBJ (PRP I)) (VP (VBP mean))) (, ,)) (ADVP (RB mostly)) (EDITED (RM (-DFL- \[)) (S (NP-SBJ (PRP it)) (VP-UNF (BES 's))) (, ,) (IP (-DFL- \+))) (NP-SBJ (PRP it)) (VP (BES 's) (RS (-DFL- \])) (RB not) (ADVP (RB actually)) (EDITED (RM (-DFL- \[)) (EDITED (RM (-DFL- \[)) (NP-PRD-UNF (DT a)) (, ,) (IP (-DFL- \+))) (NP-PRD-UNF (DT a)) (, ,) (RS (-DFL- \])) (IP (-DFL- \+))) (NP-PRD (DT a) (RS (-DFL- \])) (NN cut))) (, ,) (-DFL- E_S))",34
sw05utt/sw_0573_4022.utt,4/sw4022,4022,25,sv,B,14,3,"it's just a cut [ in the withhold, + in the amount withheld,  ] {D you know. } /","[ it/PRP ] 's/BES just/RB  [ a/DT cut/NN ] in/IN  [ the/DT ] withhold/VB ,/, in/IN  [ the/DT amount/NN ] withheld/VBN ,/,  [ you/PRP ] know/VBP ./.","(S (NP-SBJ (PRP it)) (VP (BES 's) (ADVP (RB just)) (NP-PRD (NP (DT a) (NN cut)) (EDITED (RM (-DFL- \[)) (PP (IN in) (NP-UNF (DT the) (VB withhold))) (, ,) (IP (-DFL- \+))) (PP (IN in) (NP (NP (DT the) (NN amount)) (VP (VBN withheld) (NP (-NONE- *)))))) (PRN (, ,) (RS (-DFL- \])) (S (NP-SBJ (PRP you)) (VP (VBP know))))) (. .) (-DFL- E_S))",35
sw05utt/sw_0573_4022.utt,4/sw4022,4022,26,b,A,15,1,Yeah. /,Yeah/UH ./.,(INTJ (UH Yeah) (. .) (-DFL- E_S)),18
sw05utt/sw_0573_4022.utt,4/sw4022,4022,27,b,B,16,1,"{F Um, } yeah  /","Um/UH ,/, yeah/UH","(INTJ (INTJ (UH Um)) (, ,) (INTJ (UH yeah)) (-DFL- E_S))",39
sw05utt/sw_0573_4022.utt,4/sw4022,4022,28,sv,B,16,2,I don't see this  ((   ))  changing my lifestyle a whole lot. /,[ I/PRP ] do/VBP n't/RB see/VB  [ this/DT MUMBLEx/XX ] changing/VBG  [ my/PRP$ lifestyle/NN ] [ a/DT whole/JJ lot/NN ] ./.,(S (NP-SBJ (PRP I)) (VP (VBP do) (RB n't) (VP (VB see) (S (NP-SBJ (DT this) (XX MUMBLEx)) (VP (VBG changing) (NP (PRP$ my) (NN lifestyle)) (NP-ADV (DT a) (JJ whole) (NN lot)))))) (. .) (-DFL- E_S)),40
sw05utt/sw_0573_4022.utt,4/sw4022,4022,29,sd,A,17,1,That ninety-seven cents really isn't going to do it for me either. /,That/IN  [ ninety-seven/JJ cents/NNS ] really/RB is/VBZ n't/RB going/VBG to/TO do/VB  [ it/PRP ] for/IN  [ me/PRP ] either/RB ./.,(S (NP-SBJ-1 (IN That) (JJ ninety-seven) (NNS cents)) (ADVP (RB really)) (VP (VBZ is) (RB n't) (VP (VBG going) (S (NP-SBJ (-NONE- *-1)) (VP (TO to) (VP (VB do) (NP (PRP it)) (PP (IN for) (NP (PRP me))) (ADVP (RB either))))))) (. .) (-DFL- E_S)),42
sw05utt/sw_0573_4022.utt,4/sw4022,4022,30,b,B,18,1,Huh-uh. /,[ Huh-uh/UH ] ./.,(INTJ (UH Huh-uh) (. .) (-DFL- E_S)),44
sw05utt/sw_0573_4022.utt,4/sw4022,4022,31,sv,A,19,1,"{F Uh, } [ I, + I ] haven't really heard much of what the  [ other people, + other candidates  ] have said that have made a lot of sense to me either,  /","[ Uh/UH ] ,/,  [ I/PRP ] ,/,  [ I/PRP ] have/VBP n't/RB really/RB heard/VBN much/RB of/IN  [ what/WP ] [ the/DT other/JJ people/NNS ] ,/,  [ other/JJ candidates/NNS ] have/VBP said/VBN  [ that/WDT ] have/VBP made/VBN  [ a/DT lot/NN ] of/IN  [ sense/NN ] to/IN  [ me/PRP ] either/RB ,/,","(S (INTJ (UH Uh)) (, ,) (EDITED (RM (-DFL- \[)) (NP-SBJ (PRP I)) (, ,) (IP (-DFL- \+))) (NP-SBJ (PRP I)) (RS (-DFL- \])) (VP (VBP have) (RB n't) (ADVP (RB really)) (VP (VBN heard) (NP (NP (RB much)) (PP (IN of) (SBAR-NOM (WHNP-1 (WP what)) (S (NP-SBJ (DT the) (EDITED (RM (-DFL- \[)) (JJ other) (NNS people) (, ,) (IP (-DFL- \+))) (JJ other) (NNS candidates)) (RS (-DFL- \])) (VP (VBP have) (VP (VBN said) (NP (-NONE- *T*-1))))))) (SBAR (WHNP-2 (WDT that)) (S (NP-SBJ (-NONE- *T*-2)) (VP (VBP have) (VP (VBN made) (NP (NP (DT a) (NN lot)) (PP (IN of) (NP (NN sense)))) (PP (IN to) (NP (PRP me))) (ADVP (RB either))))))))) (, ,) (-DFL- E_S))",46
sw05utt/sw_0573_4022.utt,4/sw4022,4022,32,sv,A,19,2,"especially the Democratic candidates don't seem to be coming up with much that really sparks my interest as far as {D yeah, } maybe that could do something to affect our budget --","especially/RB  [ the/DT Democratic/JJ candidates/NNS ] do/VBP n't/RB seem/VB to/TO be/VB coming/VBG up/RP with/IN much/RB  [ that/WDT ] really/RB sparks/VBZ  [ my/PRP$ interest/NN ] as/RB far/RB as/IN yeah/UH ,/, maybe/RB that/DT could/MD do/VB  [ something/NN ] to/TO affect/VB  [ our/PRP$ budget/NN ] --/:","(S (ADVP (RB especially)) (NP-SBJ-1 (DT the) (JJ Democratic) (NNS candidates)) (VP (VBP do) (RB n't) (VP (VB seem) (S (NP-SBJ (-NONE- *-1)) (VP (TO to) (VP (VB be) (VP (VBG coming) (PRT (RP up)) (PP (IN with) (NP (RB much) (SBAR (WHNP-2 (WDT that)) (S (NP-SBJ (-NONE- *T*-2)) (ADVP (RB really)) (VP (VBZ sparks) (NP (PRP$ my) (NN interest)) (ADVP (ADVP (RB as) (RB far)) (SBAR (IN as) (S-SEZ (INTJ (UH yeah)) (, ,) (ADVP (RB maybe)) (NP-SBJ (DT that)) (VP (MD could) (VP (VB do) (NP (NP (NN something)) (SBAR (WHNP-3 (-NONE- 0)) (S (NP-SBJ (-NONE- *T*-3)) (VP (TO to) (VP (VB affect) (NP (PRP$ our) (NN budget)) (PP-TMP (IN at) (NP (DT this) (NN point)))))))))))))))))))))))) (. .) (-DFL- E_S))",47
sw05utt/sw_0573_4022.utt,4/sw4022,4022,33,b,B,20,1,Uh-huh. /,[ Uh-huh/UH ] ./.,(INTJ (UH Uh-huh) (. .) (-DFL- E_S)),28
sw05utt/sw_0573_4022.utt,4/sw4022,4022,34,+,A,21,1,-- at this point. /,--/: at/IN  [ this/DT point/NN ] ./.,"(S (ADVP (RB especially)) (NP-SBJ-1 (DT the) (JJ Democratic) (NNS candidates)) (VP (VBP do) (RB n't) (VP (VB seem) (S (NP-SBJ (-NONE- *-1)) (VP (TO to) (VP (VB be) (VP (VBG coming) (PRT (RP up)) (PP (IN with) (NP (RB much) (SBAR (WHNP-2 (WDT that)) (S (NP-SBJ (-NONE- *T*-2)) (ADVP (RB really)) (VP (VBZ sparks) (NP (PRP$ my) (NN interest)) (ADVP (ADVP (RB as) (RB far)) (SBAR (IN as) (S-SEZ (INTJ (UH yeah)) (, ,) (ADVP (RB maybe)) (NP-SBJ (DT that)) (VP (MD could) (VP (VB do) (NP (NP (NN something)) (SBAR (WHNP-3 (-NONE- 0)) (S (NP-SBJ (-NONE- *T*-3)) (VP (TO to) (VP (VB affect) (NP (PRP$ our) (NN budget)) (PP-TMP (IN at) (NP (DT this) (NN point)))))))))))))))))))))))) (. .) (-DFL- E_S))",47
sw05utt/sw_0573_4022.utt,4/sw4022,4022,35,b,B,22,1,"Yeah,  /","[ Yeah/UH ] ,/,","(INTJ (UH Yeah) (, ,) (-DFL- E_S))",23
sw05utt/sw_0573_4022.utt,4/sw4022,4022,36,qr(^q),B,22,2,"{E I mean, } {D you know, } in retrospect, {F um, } [ was it, + was it  ] Mondale or  Dukakis that said, {D you know, } [ I'll, + I'll  ] tell you right now I'm going to raise taxes? /","[ I/PRP ] mean/VBP ,/,  [ you/PRP ] know/VBP ,/, in/IN  [ retrospect/NN ] ,/, um/UH ,/, was/VBD  [ it/PRP ] ,/, was/VBD  [ it/PRP ] [ Mondale/NNP ] or/CC  [ Dukakis/NNP ] [ that/WDT ] said/VBD ,/,  [ you/PRP ] know/VBP ,/,  [ I/PRP ] 'll/MD ,/,  [ I/PRP ] 'll/MD tell/VB  [ you/PRP ] right/RB now/RB  [ I/PRP ] 'm/VBP going/VBG to/TO raise/VB  [ taxes/NNS ] ?/.","(SQ-CLF (PRN (S (NP-SBJ (PRP I)) (VP (VBP mean))) (, ,)) (PRN (S (NP-SBJ (PRP you)) (VP (VBP know))) (, ,)) (PP (IN in) (NP (NN retrospect))) (, ,) (INTJ (UH um)) (, ,) (EDITED (RM (-DFL- \[)) (SQ-UNF (VBD was) (NP-SBJ (PRP it))) (, ,) (IP (-DFL- \+))) (VBD was) (NP-SBJ (PRP it)) (RS (-DFL- \])) (NP-PRD (NNP Mondale) (CC or) (NNP Dukakis)) (SBAR (WHNP-1 (WDT that)) (S (NP-SBJ (-NONE- *T*-1)) (VP (VBD said) (PRN (, ,) (S (NP-SBJ (PRP you)) (VP (VBP know))) (, ,)) (S-SEZ (EDITED (RM (-DFL- \[)) (S-SEZ (NP-SBJ (PRP I)) (VP-UNF (MD 'll))) (, ,) (IP (-DFL- \+))) (NP-SBJ (PRP I)) (VP (MD 'll) (RS (-DFL- \])) (VP (VB tell) (NP (PRP you)) (ADVP-TMP (RB right) (RB now)) (SBAR (-NONE- 0) (S (NP-SBJ-2 (PRP I)) (VP (VBP 'm) (VP (VBG going) (S (NP-SBJ (-NONE- *-2)) (VP (TO to) (VP (VB raise) (NP (NNS taxes))))))))))))))) (. ?) (-DFL- E_S))",53
sw05utt/sw_0573_4022.utt,4/sw4022,4022,37,sv,A,23,1,I believe it was Dukakis -- /,[ I/PRP ] believe/VBP  [ it/PRP ] was/VBD  [ Dukakis/NNP ] --/:,(S (NP-SBJ (PRP I)) (VP (VBP believe) (SBAR (-NONE- 0) (S (NP-SBJ (PRP it)) (VP (VBD was) (NP-PRD (NNP Dukakis)))))) (-DFL- E_S)),55
sw05utt/sw_0573_4022.utt,4/sw4022,4022,38,aa,B,24,1,"It was Dukakis,  /","[ It/PRP ] was/VBD  [ Dukakis/NNP ] ,/,","(S (NP-SBJ (PRP It)) (VP (VBD was) (NP-PRD (NNP Dukakis))) (, ,) (-DFL- E_S))",57
sw05utt/sw_0573_4022.utt,4/sw4022,4022,39,aa,B,24,2,yeah. /,yeah/UH ./.,(INTJ (UH yeah) (. .) (-DFL- E_S)),58
sw05utt/sw_0573_4022.utt,4/sw4022,4022,40,%,A,25,1,"-- {C but } [ I, + I  ] can't. -/","--/: but/CC  [ I/PRP ] ,/,  [ I/PRP ] ca/MD n't/RB ./.","(S (CC but) (EDITED (RM (-DFL- \[)) (NP-SBJ (PRP I)) (, ,) (IP (-DFL- \+))) (NP-SBJ (PRP I)) (RS (-DFL- \])) (VP-UNF (MD ca) (RB n't)) (. .) (-DFL- N_S))",60
sw05utt/sw_0573_4022.utt,4/sw4022,4022,41,sv,B,26,1,I have a lot of respect for him  <laughter>. /,[ I/PRP ] have/VBP  [ a/DT lot/NN ] of/IN  [ respect/NN ] for/IN  [ him/PRP ] ./.,(S (NP-SBJ (PRP I)) (VP (VBP have) (NP (NP (DT a) (NN lot)) (PP (IN of) (NP (NP (NN respect)) (PP (IN for) (NP (PRP him))))))) (. .) (-DFL- E_S)),62
sw05utt/sw_0573_4022.utt,4/sw4022,4022,42,aa,A,27,1,"Yeah,  /","[ Yeah/UH ] ,/,","(INTJ (UH Yeah) (, ,) (-DFL- E_S))",52
sw05utt/sw_0573_4022.utt,4/sw4022,4022,43,sv(^q),A,27,2,"{E I mean } that's better than George Bush who came out and said, No,  /","[ I/PRP ] mean/VBP  [ that/DT ] 's/BES better/JJR than/IN  [ George/NNP Bush/NNP ] [ who/WP ] came/VBD out/RP and/CC said/VBD ,/, No/UH ,/,","(S (PRN (S (NP-SBJ (PRP I)) (VP (VBP mean)))) (NP-SBJ (DT that)) (VP (BES 's) (ADJP-PRD (ADJP (JJR better)) (PP (IN than) (NP (NP (NNP George) (NNP Bush)) (SBAR (WHNP-1 (WP who)) (S (NP-SBJ (-NONE- *T*-1)) (VP (VP (VBD came) (PRT (RP out))) (CC and) (VP (VBD said) (, ,) (INTJ-SEZ (UH No)))))))))) (, ,) (-DFL- E_S))",65
sw05utt/sw_0573_4022.utt,4/sw4022,4022,44,^q,A,27,3,I will not -- /,[ I/PRP ] will/MD not/RB --/:,(S (NP-SBJ (PRP I)) (VP (MD will) (RB not) (VP (-NONE- *?*))) (-DFL- E_S)),66
sw05utt/sw_0573_4022.utt,4/sw4022,4022,45,b,B,28,1,Yeah. /,Yeah/UH ./.,(INTJ (UH Yeah) (. .) (-DFL- E_S)),68
sw05utt/sw_0573_4022.utt,4/sw4022,4022,46,^q@,A,29,1,"-- read my lips, or whatever --   *[[slash error]]","--/: read/VB  [ my/PRP$ lips/NNS ] ,/, or/CC  [ whatever/WDT ] --/:","(S-IMP (NP-SBJ (-NONE- *)) (VP (VP (VB read) (NP (PRP$ my) (NNS lips))) (, ,) (CC or) (NP-ETC (WDT whatever))))",70
sw05utt/sw_0573_4022.utt,4/sw4022,4022,47,b,B,30,1,Uh-huh. /,[ Uh-huh/UH ] ./.,(INTJ (UH Uh-huh) (. .) (-DFL- E_S)),49
sw05utt/sw_0573_4022.utt,4/sw4022,4022,48,+,A,31,1,"-- {C and then, } {D you know, } ten months later he said, {D well, } sorry, {D you know, } I, I can't follow through on this. /  *[[sd(^q))]]","--/: and/CC then/RB ,/,  [ you/PRP ] know/VBP ,/,  [ ten/CD months/NNS ] later/RB  [ he/PRP ] said/VBD ,/, well/UH ,/,  [ sorry/UH ] ,/,  [ you/PRP ] know/VBP ,/,  [ I/PRP ] ,/,  [ I/PRP ] ca/MD n't/RB follow/VB through/RP on/IN  [ this/DT ] ./.","(S (CONJP (CC and) (RB then)) (PRN (, ,) (S (NP-SBJ (PRP you)) (VP (VBP know))) (, ,)) (ADVP-TMP (NP (CD ten) (NNS months)) (RB later)) (NP-SBJ (PRP he)) (VP (VBD said) (, ,) (S-SEZ (INTJ (UH well)) (, ,) (INTJ (UH sorry)) (PRN (, ,) (S (NP-SBJ (PRP you)) (VP (VBP know))) (, ,)) (EDITED (NP-SBJ (PRP I))) (, ,) (NP-SBJ (PRP I)) (VP (MD ca) (RB n't) (VP (VB follow) (PRT (RP through)) (PP (IN on) (NP (DT this))))))) (. .) (-DFL- E_S))",71
sw05utt/sw_0573_4022.utt,4/sw4022,4022,49,b,B,32,1,Uh-huh. /,[ Uh-huh/UH ] ./.,(INTJ (UH Uh-huh) (. .) (-DFL- E_S)),49
sw05utt/sw_0573_4022.utt,4/sw4022,4022,50,sv,A,33,1,"{C But } it seems to me [ that, + {F uh, } that  ] the budget is so out of hand,  /","But/CC  [ it/PRP ] seems/VBZ to/IN  [ me/PRP ] that/IN ,/,  [ uh/UH ] ,/, that/IN  [ the/DT budget/NN ] is/VBZ so/RB out/IN of/IN  [ hand/NN ] ,/,","(S (CC But) (NP-SBJ (PRP it)) (VP (VBZ seems) (PP (IN to) (NP (PRP me))) (SBAR (EDITED (RM (-DFL- \[)) (SBAR-UNF (IN that)) (, ,) (IP (-DFL- \+))) (INTJ (UH uh)) (, ,) (IN that) (RS (-DFL- \])) (S (NP-SBJ (DT the) (NN budget)) (VP (VBZ is) (PP-PRD (RB so) (IN out) (PP (IN of) (NP (NN hand)))))))) (, ,) (-DFL- E_S))",78
sw05utt/sw_0573_4022.utt,4/sw4022,4022,51,sv(^q),A,33,2,"{C and } especially now that they say, Okay, the cold war is over  /","and/CC especially/RB now/RB that/IN  [ they/PRP ] say/VBP ,/, Okay/UH ,/,  [ the/DT cold/JJ war/NN ] is/VBZ over/RB","(FRAG (CC and) (ADVP (RB especially)) (ADVP-TMP (RB now) (SBAR (IN that) (S (NP-SBJ (PRP they)) (VP (VBP say) (, ,) (S-SEZ (INTJ (UH Okay)) (, ,) (NP-SBJ (DT the) (JJ cold) (NN war)) (VP (VBZ is) (ADVP-PRD (RB over)))))))) (-DFL- E_S))",79
sw05utt/sw_0573_4022.utt,4/sw4022,4022,52,sv,A,33,3,"{C and } we're supposed to be getting a peace dividend [ of, # + {D you know } # --","and/CC  [ we/PRP ] 're/VBP supposed/VBN to/TO be/VB getting/VBG  [ a/DT peace/NN dividend/NN ] of/IN ,/,  [ you/PRP ] know/VBP --/:","(S (CC and) (NP-SBJ-1 (PRP we)) (VP (VBP 're) (VP (VBN supposed) (S (NP-SBJ (-NONE- *-1)) (VP (TO to) (VP (VB be) (VP (VBG getting) (NP (NP (DT a) (NN peace) (NN dividend)) (EDITED (RM (-DFL- \[)) (PP-UNF (IN of)) (, ,) (IP (-DFL- \+))) (PRN (S (NP-SBJ (PRP you)) (VP (VBP know)))) (PP (IN of) (RS (-DFL- \])) (NP (NP (SYM X) (NN number)) (PP (IN of) (NP (QP (CD billion) (, ,) (CD trillion)) (NNS dollars))) (NP-ADV (DT a) (NN year))))))))))) (. .) (-DFL- E_S))",80
sw05utt/sw_0573_4022.utt,4/sw4022,4022,53,b,B,34,1,# Uh-huh. # /,[ Uh-huh/UH ] ./.,(INTJ (UH Uh-huh) (. .) (-DFL- E_S)),73
sw05utt/sw_0573_4022.utt,4/sw4022,4022,54,+,A,35,1,"-- of ] X number of billion, trillion dollars a year.  /","--/: of/IN  [ X/SYM number/NN ] of/IN  [ billion/CD ] ,/,  [ trillion/CD dollars/NNS ] [ a/DT year/NN ] ./.","(S (CC and) (NP-SBJ-1 (PRP we)) (VP (VBP 're) (VP (VBN supposed) (S (NP-SBJ (-NONE- *-1)) (VP (TO to) (VP (VB be) (VP (VBG getting) (NP (NP (DT a) (NN peace) (NN dividend)) (EDITED (RM (-DFL- \[)) (PP-UNF (IN of)) (, ,) (IP (-DFL- \+))) (PRN (S (NP-SBJ (PRP you)) (VP (VBP know)))) (PP (IN of) (RS (-DFL- \])) (NP (NP (SYM X) (NN number)) (PP (IN of) (NP (QP (CD billion) (, ,) (CD trillion)) (NNS dollars))) (NP-ADV (DT a) (NN year))))))))))) (. .) (-DFL- E_S))",80
sw05utt/sw_0573_4022.utt,4/sw4022,4022,55,sd,A,35,2,"{D Well, } I'd really like  to know where that money is actually going to go,  /","Well/UH ,/,  [ I/PRP ] 'd/MD really/RB like/VB to/TO know/VB where/WRB  [ that/DT money/NN ] is/VBZ actually/RB going/VBG to/TO go/VB ,/,","(S (INTJ (UH Well)) (, ,) (NP-SBJ-1 (PRP I)) (VP (MD 'd) (ADVP (RB really)) (VP (VB like) (S (NP-SBJ (-NONE- *-1)) (VP (TO to) (VP (VB know) (SBAR (WHADVP-3 (WRB where)) (S (NP-SBJ-2 (DT that) (NN money)) (VP (VBZ is) (ADVP (RB actually)) (VP (VBG going) (S (NP-SBJ (-NONE- *-2)) (VP (TO to) (VP (VB go) (ADVP-DIR (-NONE- *T*-3)))))))))))))) (, ,) (-DFL- E_S))",84
sw05utt/sw_0573_4022.utt,4/sw4022,4022,56,sv,A,35,3,"{C because, } in my opinion, I don't think I'm ever going to see any of this [ peace, + so-called # peace  ] dividend. # /","because/RB ,/, in/IN  [ my/PRP$ opinion/NN ] ,/,  [ I/PRP ] do/VBP n't/RB think/VB  [ I/PRP ] 'm/VBP ever/RB going/VBG to/TO see/VB  [ any/DT ] of/IN  [ this/DT peace/NN ] ,/,  [ so-called/JJ peace/NN dividend/NN ] ./.","(SBAR-PRP (RB because) (, ,) (S (PP (IN in) (NP (PRP$ my) (NN opinion))) (, ,) (NP-SBJ (PRP I)) (VP (VBP do) (RB n't) (VP (VB think) (SBAR (-NONE- 0) (S (NP-SBJ-1 (PRP I)) (VP (VBP 'm) (ADVP-TMP (RB ever)) (VP (VBG going) (S (NP-SBJ (-NONE- *-1)) (VP (TO to) (VP (VB see) (NP (NP (DT any)) (PP (IN of) (NP (DT this) (EDITED (RM (-DFL- \[)) (NP (NN peace)) (, ,) (IP (-DFL- \+))) (JJ so-called) (NN peace) (RS (-DFL- \])) (NN dividend)))))))))))))) (. .) (-DFL- E_S))",85
sw05utt/sw_0573_4022.utt,4/sw4022,4022,57,aa,B,36,1,"# {F Oh, } yeah.  /","Oh/UH ,/, yeah/UH ./.","(INTJ (INTJ (UH Oh)) (, ,) (INTJ (UH yeah)) (. .) (-DFL- E_S))",87
sw05utt/sw_0573_4022.utt,4/sw4022,4022,58,aa,B,36,2,"#  <laughter>  Yeah,  /","Yeah/UH ,/,","(INTJ (UH Yeah) (, ,) (-DFL- E_S))",64
sw05utt/sw_0573_4022.utt,4/sw4022,4022,59,%,B,36,3,"[ it's, + it's.  ] -/","[ it/PRP ] 's/BES ,/,  [ it/PRP ] 's/BES ./.","(S (EDITED (RM (-DFL- \[)) (S (NP-SBJ (PRP it)) (VP-UNF (BES 's))) (, ,) (IP (-DFL- \+))) (NP-SBJ (PRP it)) (VP-UNF (BES 's)) (. .) (RS (-DFL- \])) (-DFL- N_S))",89
sw05utt/sw_0573_4022.utt,4/sw4022,4022,60,sd,A,37,1,"{E I mean, } if they could actually put something together and make, - /","[ I/PRP ] mean/VBP ,/, if/IN  [ they/PRP ] could/MD actually/RB put/VB  [ something/NN ] together/RB and/CC make/VB ,/,","(S-UNF (PRN (S (NP-SBJ (PRP I)) (VP (VBP mean))) (, ,)) (SBAR-ADV (IN if) (S (NP-SBJ (PRP they)) (VP (MD could) (ADVP (RB actually)) (VP (VP (VB put) (NP (NN something)) (ADVP (RB together))) (CC and) (VP-UNF (VB make)))))) (, ,) (-DFL- N_S))",91
sw05utt/sw_0573_4022.utt,4/sw4022,4022,61,sv,A,37,2,"I'm not really in favor of large government social programs, either, because I feel that they waste --","[ I/PRP ] 'm/VBP not/RB really/RB in/IN  [ favor/NN ] of/IN  [ large/JJ government/NN social/JJ programs/NNS ] ,/, either/RB ,/, because/IN  [ I/PRP ] feel/VBP that/IN  [ they/PRP ] waste/VBP --/:","(S (NP-SBJ (PRP I)) (VP (VBP 'm) (RB not) (ADVP (RB really)) (PP-PRD (IN in) (NP (NP (NN favor)) (PP (IN of) (NP (JJ large) (NN government) (JJ social) (NNS programs))))) (, ,) (ADVP (RB either)) (, ,) (SBAR-PRP (IN because) (S (NP-SBJ (PRP I)) (VP (VBP feel) (SBAR (IN that) (S (NP-SBJ (PRP they)) (VP (VBP waste) (NP (NN money)) (, ,) (ADVP (RB also))))))))) (, ,) (-DFL- E_S))",92
sw05utt/sw_0573_4022.utt,4/sw4022,4022,62,b,B,38,1,Uh-huh. /,[ Uh-huh/UH ] ./.,(INTJ (UH Uh-huh) (. .) (-DFL- E_S)),73
sw05utt/sw_0573_4022.utt,4/sw4022,4022,63,+,A,39,1,"-- money, also,  /","--/:  [ money/NN ] ,/, also/RB ,/,","(S (NP-SBJ (PRP I)) (VP (VBP 'm) (RB not) (ADVP (RB really)) (PP-PRD (IN in) (NP (NP (NN favor)) (PP (IN of) (NP (JJ large) (NN government) (JJ social) (NNS programs))))) (, ,) (ADVP (RB either)) (, ,) (SBAR-PRP (IN because) (S (NP-SBJ (PRP I)) (VP (VBP feel) (SBAR (IN that) (S (NP-SBJ (PRP they)) (VP (VBP waste) (NP (NN money)) (, ,) (ADVP (RB also))))))))) (, ,) (-DFL- E_S))",92
sw05utt/sw_0573_4022.utt,4/sw4022,4022,64,sv,A,39,2,"{C but } with this peace dividend, it seems like you could set up some kind of {D like } --","but/CC with/IN  [ this/DT peace/NN dividend/NN ] ,/,  [ it/PRP ] seems/VBZ like/IN  [ you/PRP ] could/MD set/VB up/RP  [ some/DT kind/NN ] of/IN like/UH --/:","(S (CC but) (PP (IN with) (NP (DT this) (NN peace) (NN dividend))) (, ,) (NP-SBJ (PRP it)) (VP (VBZ seems) (SBAR (IN like) (S (NP-SBJ (PRP you)) (VP (MD could) (VP (VP (VB set) (PRT (RP up)) (NP (NP (DT some) (NN kind)) (PP (IN of) (INTJ (UH like)) (NP (JJ public) (NNS works) (NNS projects))) (SBAR (IN like) (S (NP-SBJ (PRP they)) (VP (VBD had) (NP (-NONE- *?*)) (PP-TMP (IN in) (NP (DT the) (NNS thirties)))))))) (, ,) (CC or) (NP-ETC (WDT whatever))))))) (. .) (-DFL- E_S))",96
sw05utt/sw_0573_4022.utt,4/sw4022,4022,65,b,B,40,1,Uh-huh. /,[ Uh-huh/UH ] ./.,(INTJ (UH Uh-huh) (. .) (-DFL- E_S)),73
sw05utt/sw_0573_4022.utt,4/sw4022,4022,66,+,A,41,1,"-- public works projects like they had in the thirties, or whatever. /","--/:  [ public/JJ works/NNS projects/NNS ] like/IN  [ they/PRP ] had/VBD in/IN  [ the/DT thirties/NNS ] ,/, or/CC  [ whatever/WDT ] ./.","(S (CC but) (PP (IN with) (NP (DT this) (NN peace) (NN dividend))) (, ,) (NP-SBJ (PRP it)) (VP (VBZ seems) (SBAR (IN like) (S (NP-SBJ (PRP you)) (VP (MD could) (VP (VP (VB set) (PRT (RP up)) (NP (NP (DT some) (NN kind)) (PP (IN of) (INTJ (UH like)) (NP (JJ public) (NNS works) (NNS projects))) (SBAR (IN like) (S (NP-SBJ (PRP they)) (VP (VBD had) (NP (-NONE- *?*)) (PP-TMP (IN in) (NP (DT the) (NNS thirties)))))))) (, ,) (CC or) (NP-ETC (WDT whatever))))))) (. .) (-DFL- E_S))",96
sw05utt/sw_0573_4022.utt,4/sw4022,4022,67,aa,B,42,1,"{F Oh, } yeah,  /","Oh/UH ,/, yeah/UH ,/,","(INTJ (INTJ (UH Oh)) (, ,) (INTJ (UH yeah)) (, ,) (-DFL- E_S))",101
sw05utt/sw_0573_4022.utt,4/sw4022,4022,68,sv,B,42,2,"[ [ I, + {F uh, } I,  ] + I  ] think that would be a great idea, {D you know, } like the conservation corps, {D you know } where. -/","[ I/PRP ] ,/,  [ uh/UH ] ,/,  [ I/PRP ] ,/,  [ I/PRP ] think/VBP  [ that/DT ] would/MD be/VB  [ a/DT great/JJ idea/NN ] ,/,  [ you/PRP ] know/VBP ,/, like/IN  [ the/DT conservation/NN corps/NN ] ,/,  [ you/PRP ] know/VBP where/WRB ./.","(S (EDITED (RM (-DFL- \[)) (EDITED (RM (-DFL- \[)) (NP-SBJ (PRP I)) (, ,) (IP (-DFL- \+))) (INTJ (UH uh)) (, ,) (NP-SBJ (PRP I)) (, ,) (RS (-DFL- \])) (IP (-DFL- \+))) (NP-SBJ (PRP I)) (RS (-DFL- \])) (VP (VBP think) (SBAR (-NONE- 0) (S (NP-SBJ (DT that)) (VP (MD would) (VP (VB be) (NP-PRD (NP (DT a) (JJ great) (NN idea)) (PRN (, ,) (S (NP-SBJ (PRP you)) (VP (VBP know))) (, ,) (PP (IN like) (NP (NP (DT the) (NN conservation) (NN corps)) (PRN (, ,) (S (NP-SBJ (PRP you)) (VP (VBP know)))) (SBAR-UNF (WHADVP (WRB where)))))))))))) (. .) (-DFL- N_S))",102
sw05utt/sw_0573_4022.utt,4/sw4022,4022,69,aa,A,43,1,"Right,  /","[ Right/NNP ] ,/,","(INTJ (NNP Right) (, ,) (-DFL- E_S))",104
sw05utt/sw_0573_4022.utt,4/sw4022,4022,70,aa,A,43,2,"[ ex-, +","[ ex-/XX ] ,/,","(INTJ (EDITED (RM (-DFL- \[)) (INTJ-UNF (XX ex-)) (, ,) (IP (-DFL- \+))) (UH Exactly) (RS (-DFL- \])) (-DFL- E_S))",105
sw05utt/sw_0573_4022.utt,4/sw4022,4022,71,sv,B,44,1,"[ [ It wou-, + it wou-, ] + it would ] help unemployment greatly. /","[ It/PRP ] [ wou/MD ] ,/,  [ it/PRP ] [ wou/MD ] ,/,  [ it/PRP ] would/MD help/VB  [ unemployment/NN ] greatly/RB ./.","(S (EDITED (RM (-DFL- \[)) (EDITED (RM (-DFL- \[)) (S (NP-SBJ (PRP It)) (VP-UNF (MD wou-))) (, ,) (IP (-DFL- \+))) (S (NP-SBJ (PRP it)) (VP-UNF (MD wou-))) (, ,) (RS (-DFL- \])) (IP (-DFL- \+))) (NP-SBJ (PRP it)) (VP (MD would) (RS (-DFL- \])) (VP (VB help) (NP (NN unemployment)) (ADVP-MNR (RB greatly)))) (. .) (-DFL- E_S))",107
sw05utt/sw_0573_4022.utt,4/sw4022,4022,72,+,A,45,1,Exactly ] -- /,Exactly/UH --/:,"(INTJ (EDITED (RM (-DFL- \[)) (INTJ-UNF (XX ex-)) (, ,) (IP (-DFL- \+))) (UH Exactly) (RS (-DFL- \])) (-DFL- E_S))",105
sw05utt/sw_0573_4022.utt,4/sw4022,4022,73,%,B,46,1,{C And } it. -/,And/CC  [ it/PRP ] ./.,(S-UNF (CC And) (NP-SBJ (PRP it)) (. .) (-DFL- N_S)),110
sw05utt/sw_0573_4022.utt,4/sw4022,4022,74,sv,A,47,1,-- {C and } in that way we could really focus on building the infra structure   of the country. /,--/: and/CC in/IN  [ that/DT way/NN ] [ we/PRP ] could/MD really/RB focus/VB on/IN building/VBG  [ the/DT ] infra/GW  [ structure/^NN ]  of/IN  [ the/DT country/NN ] ./.,(S (CC and) (PP (IN in) (NP (DT that) (NN way))) (NP-SBJ-1 (PRP we)) (VP (MD could) (ADVP (RB really)) (VP (VB focus) (PP (IN on) (S-NOM (NP-SBJ (-NONE- *-1)) (VP (VBG building) (NP (NP (DT the) (TYPO (GW infra) (^NN structure))) (PP (IN of) (NP (DT the) (NN country))))))))) (. .) (-DFL- E_S)),112
sw05utt/sw_0573_4022.utt,4/sw4022,4022,75,aa,B,48,1,"Yeah,  /","Yeah/UH ,/,","(INTJ (UH Yeah) (, ,) (-DFL- E_S))",88
sw05utt/sw_0573_4022.utt,4/sw4022,4022,76,%,B,48,2,"infra structure   [ is in, + is in,  ] - /","infra/GW  [ structure/^NN ]  is/VBZ in/IN ,/, is/VBZ in/IN ,/,","(S (NP-SBJ (TYPO (GW infra) (^NN structure))) (EDITED (RM (-DFL- \[)) (VP (VBZ is) (PP-PRD-UNF (IN in))) (, ,) (IP (-DFL- \+))) (VP (VBZ is) (PP-UNF-PRD (IN in))) (, ,) (RS (-DFL- \])) (-DFL- N_S))",115
sw05utt/sw_0573_4022.utt,4/sw4022,4022,77,sv,B,48,3,"{E I mean, } [ [ we, + we,  ] + we  ] have hurt ourselves incredibly  ((   ))  last fifty # years in the # --","[ I/PRP ] mean/VBP ,/,  [ we/PRP ] ,/,  [ we/PRP ] ,/,  [ we/PRP ] have/VBP hurt/VBN  [ ourselves/PRP ] incredibly/RB MUMBLEx/XX  [ last/JJ fifty/CD years/NNS ] in/IN  [ the/DT ] --/:","(S (PRN (S (NP-SBJ (PRP I)) (VP (VBP mean))) (, ,)) (EDITED (RM (-DFL- \[)) (EDITED (RM (-DFL- \[)) (NP-SBJ (PRP we)) (, ,) (IP (-DFL- \+))) (NP-SBJ (PRP we)) (, ,) (RS (-DFL- \])) (IP (-DFL- \+))) (NP-SBJ (PRP we)) (RS (-DFL- \])) (VP (VBP have) (VP (VBN hurt) (NP (PRP ourselves)) (ADVP (RB incredibly)) (X (XX MUMBLEx)) (NP-TMP (JJ last) (CD fifty) (NNS years)) (PP (IN in) (NP (DT the) (JJ cold) (NN war))))) (. .) (-DFL- E_S))",116
sw05utt/sw_0573_4022.utt,4/sw4022,4022,78,aa,A,49,1,"# Yeah,  /","Yeah/UH ,/,","(INTJ (UH Yeah) (, ,) (-DFL- E_S))",114
sw05utt/sw_0573_4022.utt,4/sw4022,4022,79,sv,A,49,2,[ {C and } # -- +,and/CC --/:,"(S-UNF (PRN (S (NP-SBJ (PRP I)) (VP (VBP mean))) (, ,)) (SBAR-ADV (IN if) (S (NP-SBJ (PRP they)) (VP (MD could) (ADVP (RB actually)) (VP (VP (VB put) (NP (NN something)) (ADVP (RB together))) (CC and) (VP-UNF (VB make)))))) (, ,) (-DFL- N_S))",91
sw05utt/sw_0573_4022.utt,4/sw4022,4022,80,+,B,50,1,-- cold war. /,--/:  [ cold/JJ war/NN ] ./.,"(S (PRN (S (NP-SBJ (PRP I)) (VP (VBP mean))) (, ,)) (EDITED (RM (-DFL- \[)) (EDITED (RM (-DFL- \[)) (NP-SBJ (PRP we)) (, ,) (IP (-DFL- \+))) (NP-SBJ (PRP we)) (, ,) (RS (-DFL- \])) (IP (-DFL- \+))) (NP-SBJ (PRP we)) (RS (-DFL- \])) (VP (VBP have) (VP (VBN hurt) (NP (PRP ourselves)) (ADVP (RB incredibly)) (X (XX MUMBLEx)) (NP-TMP (JJ last) (CD fifty) (NNS years)) (PP (IN in) (NP (DT the) (JJ cold) (NN war))))) (. .) (-DFL- E_S))",116
sw05utt/sw_0573_4022.utt,4/sw4022,4022,81,+,A,51,1,"-- {C and }  ] there's no way that we can ever really recover [ from, + from  ] the state that we're in right now, [ unless, + at least I feel, unless  ] we focus on the infra structure,  /","--/: and/CC  [ there/EX ] 's/BES  [ no/DT way/NN ] that/IN  [ we/PRP ] can/MD ever/RB really/RB recover/VB from/IN ,/, from/IN  [ the/DT state/NN ] that/WDT  [ we/PRP ] 're/VBP in/IN  [ right/RB ] now/RB ,/, unless/IN ,/, at/IN  [ least/JJS I/PRP ] feel/VBP ,/, unless/IN  [ we/PRP ] focus/VBP on/IN  [ the/DT ] infra/GW  [ structure/^NN ]  ,/,","(S (EDITED (RM (-DFL- \[)) (CC and) (IP (-DFL- \+))) (CC and) (RS (-DFL- \])) (NP-SBJ (EX there)) (VP (BES 's) (NP-PRD (NP (DT no) (NN way)) (SBAR (WHADVP-1 (IN that)) (S (NP-SBJ (PRP we)) (VP (MD can) (ADVP-TMP (RB ever)) (ADVP (RB really)) (VP (VB recover) (ADVP-MNR (-NONE- *T*-1)) (EDITED (RM (-DFL- \[)) (PP-UNF (IN from)) (, ,) (IP (-DFL- \+))) (PP (IN from) (RS (-DFL- \])) (NP (NP (DT the) (NN state)) (SBAR (WHNP-2 (WDT that)) (S (NP-SBJ (PRP we)) (VP (VBP 're) (PP-PRD (IN in) (NP (-NONE- *T*-2))) (ADVP-TMP (RB right) (RB now)))))))))))) (, ,) (SBAR-ADV (EDITED (RM (-DFL- \[)) (IN unless) (, ,) (IP (-DFL- \+))) (PRN (S (ADVP (IN at) (JJS least)) (NP-SBJ (PRP I)) (VP (VBP feel))) (, ,)) (IN unless) (RS (-DFL- \])) (S (NP-SBJ (PRP we)) (VP (VBP focus) (PP (IN on) (NP (DT the) (TYPO (GW infra) (^NN structure)))))))) (, ,) (-DFL- E_S))",119
sw05utt/sw_0573_4022.utt,4/sw4022,4022,82,sd,A,51,2,{C and } I surely don't hear anybody saying that right now. /,and/CC  [ I/PRP ] surely/RB do/VBP n't/RB hear/VB  [ anybody/NN ] saying/VBG that/DT right/RB now/RB ./.,(S (CC and) (NP-SBJ (PRP I)) (ADVP (RB surely)) (VP (VBP do) (RB n't) (VP (VB hear) (S (NP-SBJ (NN anybody)) (VP (VBG saying) (NP (DT that)) (ADVP-TMP (RB right) (RB now)))))) (. .) (-DFL- E_S)),122
sw05utt/sw_0573_4022.utt,4/sw4022,4022,83,b,B,52,1,Uh-huh.  /,[ Uh-huh/UH ] ./.,(INTJ (UH Uh-huh) (. .) (-DFL- E_S)),98
sw05utt/sw_0573_4022.utt,4/sw4022,4022,84,aa,B,52,2,"{F Um, } yeah,  /","Um/UH ,/, yeah/UH ,/,","(INTJ (INTJ (UH Um)) (, ,) (INTJ (UH yeah)) (, ,) (-DFL- E_S))",125
sw05utt/sw_0573_4022.utt,4/sw4022,4022,85,aa,B,52,3,"[ I, + I  ] agree totally <laughter>. /","[ I/PRP ] ,/,  [ I/PRP ] agree/VBP totally/RB ./.","(S (EDITED (RM (-DFL- \[)) (NP-SBJ (PRP I)) (, ,) (IP (-DFL- \+))) (NP-SBJ (PRP I)) (RS (-DFL- \])) (VP (VBP agree) (ADVP (RB totally))) (. .) (-DFL- E_S))",126
sw05utt/sw_0573_4022.utt,4/sw4022.pos,4022,86,x,A,53,1,<Laughter>.,./.
sw05utt/sw_0573_4022.utt,4/sw4022,4022,87,sv,B,54,1,"{F Um, } {E I mean, } [ [ this, + this,  ] + it  ] just seems [ so, + {D you know, } so  ] ridiculous that it was allowed to happen.  /","[ Um/UH ] ,/,  [ I/PRP ] mean/VBP ,/,  [ this/DT ] ,/,  [ this/DT ] ,/,  [ it/PRP ] just/RB seems/VBZ so/RB ,/,  [ you/PRP ] know/VBP ,/, so/RB ridiculous/JJ that/IN  [ it/PRP ] was/VBD allowed/VBN to/TO happen/VB ./.","(S (INTJ (UH Um)) (PRN (, ,) (S (NP-SBJ (PRP I)) (VP (VBP mean))) (, ,)) (EDITED (RM (-DFL- \[)) (EDITED (RM (-DFL- \[)) (NP-SBJ (DT this)) (, ,) (IP (-DFL- \+))) (NP-SBJ (DT this)) (, ,) (RS (-DFL- \])) (IP (-DFL- \+))) (NP-SBJ (PRP it)) (RS (-DFL- \])) (ADVP (RB just)) (VP (VBZ seems) (EDITED (RM (-DFL- \[)) (ADJP-PRD-UNF (RB so)) (, ,) (IP (-DFL- \+))) (PRN (S (NP-SBJ (PRP you)) (VP (VBP know))) (, ,)) (ADJP-PRD (RB so) (RS (-DFL- \])) (JJ ridiculous)) (SBAR (IN that) (S (NP-SBJ-1 (PRP it)) (VP (VBD was) (VP (VBN allowed) (S (NP-SBJ (-NONE- *-1)) (VP (TO to) (VP (VB happen))))))))) (. .) (-DFL- E_S))",129
sw05utt/sw_0573_4022.utt,4/sw4022,4022,88,sd,B,54,2,"{F Um, } [ I, + I'm  ] in college right now,  /","[ Um/UH ] ,/,  [ I/PRP ] ,/,  [ I/PRP ] 'm/VBP in/IN  [ college/NN ] right/RB now/RB ,/,","(S (INTJ (UH Um)) (, ,) (EDITED (RM (-DFL- \[)) (NP-SBJ (PRP I)) (, ,) (IP (-DFL- \+))) (NP-SBJ (PRP I)) (VP (VBP 'm) (RS (-DFL- \])) (PP-PRD (IN in) (NP (NN college))) (ADVP-TMP (RB right) (RB now))) (, ,) (-DFL- E_S))",130
sw05utt/sw_0573_4022.utt,4/sw4022,4022,89,%,B,54,3,{C and. } -/,and/CC ./.,(S-UNF (CC and) (. .) (-DFL- N_S)),131
sw05utt/sw_0573_4022.utt,4/sw4022,4022,90,sd,A,55,1,So am I. /,So/RB  [ am/VBP ] [ I/PRP ] ./.,(SINV (ADVP-TPC-1 (RB So)) (VP (VBP am) (ADVP-PRD (-NONE- *T*-1))) (NP-SBJ (PRP I)) (. .) (-DFL- E_S)),133
sw05utt/sw_0573_4022.utt,4/sw4022,4022,91,b,B,56,1,"{F Oh } really,  /","Oh/UH really/UH ,/,","(INTJ (INTJ (UH Oh)) (INTJ (UH really)) (, ,) (-DFL- E_S))",135
sw05utt/sw_0573_4022.utt,4/sw4022,4022,92,qw,B,56,2,where do you go? /,where/WRB do/VBP  [ you/PRP ] go/VB ?/.,(SBARQ (WHADVP-1 (WRB where)) (SQ (VBP do) (NP-SBJ (PRP you)) (VP (VB go) (ADVP-LOC (-NONE- *T*-1)))) (. ?) (-DFL- E_S)),136
sw05utt/sw_0573_4022.utt,4/sw4022,4022,93,sd,A,57,1,"{F Uh, } I U. /","[ Uh/UH ] ,/,  [ I/NNP U/NNP ] ./.","(NP (INTJ (UH Uh)) (, ,) (NNP I) (NNP U) (. .) (-DFL- E_S))",138
sw05utt/sw_0573_4022.utt,4/sw4022,4022,94,bk,B,58,1,"Right,  /","[ Right/NNP ] ,/,","(INTJ (NNP Right) (, ,) (-DFL- E_S))",140
sw05utt/sw_0573_4022.utt,4/sw4022,4022,95,sd,B,58,2,"I go to Georgia Tech, # {F um. } # /","[ I/PRP ] go/VBP to/IN  [ Georgia/NNP Tech/NNP ] ,/, um/UH ./.","(S (NP-SBJ (PRP I)) (VP (VBP go) (PP (IN to) (NP (NNP Georgia) (NNP Tech))) (, ,) (INTJ (UH um))) (. .) (-DFL- E_S))",141
sw05utt/sw_0573_4022.utt,4/sw4022,4022,96,b,A,59,1,# Uh-huh. # /,[ Uh-huh/UH ] ./.,(INTJ (UH Uh-huh) (. .) (-DFL- E_S)),124
sw05utt/sw_0573_4022.utt,4/sw4022,4022,97,%,B,60,1,"{C And, } in, - /","And/CC ,/, in/IN ,/,","(S (CC And) (, ,) (PP-UNF (IN in)) (, ,) (-DFL- N_S))",145
sw05utt/sw_0573_4022.utt,4/sw4022,4022,98,%,B,60,2,"what, - /","[ what/WP ] ,/,","(SBARQ-UNF (WHNP (WP what)) (, ,) (-DFL- N_S))",146
sw05utt/sw_0573_4022.utt,4/sw4022,4022,99,sd,B,60,3,"I had [ pol-, + {D you know, } the required political  ] science class --","[ I/PRP ] had/VBD  [ pol/JJ ] ,/,  [ you/PRP ] know/VBP ,/,  [ the/DT required/VBN political/JJ science/NN class/NN ] --/:","(S (NP-SBJ (PRP I)) (VP (VBD had) (EDITED (RM (-DFL- \[)) (NP-UNF (JJ pol-)) (, ,) (IP (-DFL- \+))) (PRN (S (NP-SBJ (PRP you)) (VP (VBP know))) (, ,)) (NP (DT the) (VBN required) (JJ political) (RS (-DFL- \])) (NN science) (NN class)) (ADVP-TMP (NP (NP (DT a) (NN couple)) (PP (IN of) (NP (NNS years)))) (RB ago))) (. .) (-DFL- E_S))",147
sw05utt/sw_0573_4022.utt,4/sw4022,4022,100,b,A,61,1,Uh-huh. /,[ Uh-huh/UH ] ./.,(INTJ (UH Uh-huh) (. .) (-DFL- E_S)),124
sw05utt/sw_0573_4022.utt,4/sw4022,4022,101,+,B,62,1,-- a couple of years ago.  /,--/:  [ a/DT couple/NN ] of/IN  [ years/NNS ] ago/RB ./.,"(S (NP-SBJ (PRP I)) (VP (VBD had) (EDITED (RM (-DFL- \[)) (NP-UNF (JJ pol-)) (, ,) (IP (-DFL- \+))) (PRN (S (NP-SBJ (PRP you)) (VP (VBP know))) (, ,)) (NP (DT the) (VBN required) (JJ political) (RS (-DFL- \])) (NN science) (NN class)) (ADVP-TMP (NP (NP (DT a) (NN couple)) (PP (IN of) (NP (NNS years)))) (RB ago))) (. .) (-DFL- E_S))",147
sw05utt/sw_0573_4022.utt,4/sw4022,4022,102,sd,B,62,2,"{C And } one of the things we discussed was,  {D you know, }   [ [ where our, +  where   the  budget situate-, ] + how   the budget situation ] just got so out of hand. /","And/CC  [ one/CD ] of/IN  [ the/DT things/NNS we/PRP ] discussed/VBD was/VBD ,/,  [ you/PRP ] know/VBP ,/, where/WRB  [ our/PRP$ ] ,/, where/WRB  [ the/DT budget/NN situate-/NN ] ,/, how/WRB  [ the/DT budget/NN situation/NN ] just/RB got/VBD so/RB out/IN of/IN  [ hand/NN ] ./.","(S (CC And) (NP-SBJ (NP (CD one)) (PP (IN of) (NP (DT the) (NNS things))) (SBAR (WHNP-1 (-NONE- 0)) (S (NP-SBJ (PRP we)) (VP (VBD discussed) (NP (-NONE- *T*-1)))))) (VP (VBD was) (PRN (, ,) (S (NP-SBJ (PRP you)) (VP (VBP know))) (, ,)) (SBAR-PRD (EDITED (RM (-DFL- \[)) (EDITED (RM (-DFL- \[)) (SBAR-PRD (WHADVP (WRB where)) (S-UNF (NP-SBJ (PRP$ our)))) (, ,) (IP (-DFL- \+))) (SBAR-PRD (WHADVP (WRB where)) (S-UNF (NP-SBJ-UNF (DT the) (NN budget) (NN situate-)))) (, ,) (RS (-DFL- \])) (IP (-DFL- \+))) (WHADVP-2 (WRB how)) (S (NP-SBJ (DT the) (NN budget) (NN situation)) (RS (-DFL- \])) (ADVP (RB just)) (VP (VBD got) (PP (RB so) (IN out) (PP (IN of) (NP (NN hand)))) (ADVP-MNR (-NONE- *T*-2)))))) (. .) (-DFL- E_S))",151
sw05utt/sw_0573_4022.utt,4/sw4022,4022,103,b,A,63,1,Right. /,[ Right/UH ] ./.,(INTJ (UH Right) (. .) (-DFL- E_S)),153
sw05utt/sw_0573_4022.utt,4/sw4022,4022,104,%,B,64,1,"{C And } essentially what happened was, - /","And/CC essentially/RB  [ what/WP ] happened/VBD was/VBD ,/,","(S (CC And) (ADVP (RB essentially)) (SBAR-NOM-SBJ (WHNP-1 (WP what)) (S (NP-SBJ (-NONE- *T*-1)) (VP (VBD happened)))) (VP-UNF (VBD was)) (, ,) (-DFL- N_S))",155
sw05utt/sw_0573_4022.utt,4/sw4022,4022,105,sd,B,64,2,"I think it was like in the, {F um, } tax year of eighty-one,  {F um, }  /","[ I/PRP ] think/VBP  [ it/PRP ] was/VBD like/UH in/IN  [ the/DT ] ,/, um/UH ,/,  [ tax/NN year/NN ] of/IN  [ eighty-one/CD ] ,/, um/UH ,/,","(S (NP-SBJ (PRP I)) (VP (VBP think) (SBAR (-NONE- 0) (S (NP-SBJ (PRP it)) (VP (VBD was) (INTJ (UH like)) (PP-TMP-PRD (IN in) (NP (NP (DT the) (, ,) (INTJ (UH um)) (, ,) (NN tax) (NN year)) (PP (IN of) (NP (CD eighty-one)))))))) (, ,) (INTJ (UH um))) (, ,) (-DFL- E_S))",156
sw05utt/sw_0573_4022.utt,4/sw4022,4022,106,sd(^q),B,64,3,"Ronald Reagan basically said, {D you know, } I'm going to give this much of a tax cut to the tax payers [ and, + and,  ] created [ this, +  this   ] ludicrous budget that he knew, [ [ that, + that,  ] + {F um, } that  ] the Congress would not in their right mind pass -- /","[ Ronald/NNP Reagan/NNP ] basically/RB said/VBD ,/,  [ you/PRP ] know/VBP ,/,  [ I/PRP ] 'm/VBP going/VBG to/TO give/VB  [ this/DT much/JJ ] of/IN  [ a/DT tax/NN ] cut/VBN to/IN  [ the/DT tax/NN payers/NNS ] and/CC ,/, and/CC ,/, created/VBD  [ this/DT ] ,/,  [ this/DT ludicrous/JJ budget/NN ] that/WDT  [ he/PRP ] knew/VBD ,/, that/IN ,/, that/IN ,/, um/UH ,/, that/IN  [ the/DT Congress/NNP ] would/MD not/RB in/IN  [ their/PRP$ right/JJ mind/NN pass/NN ] --/:","(S (NP-SBJ (NNP Ronald) (NNP Reagan)) (ADVP (RB basically)) (VP (VP (VBD said) (PRN (, ,) (S (NP-SBJ (PRP you)) (VP (VBP know))) (, ,)) (S-SEZ (NP-SBJ-1 (PRP I)) (VP (VBP 'm) (VP (VBG going) (S (NP-SBJ (-NONE- *-1)) (VP (TO to) (VP (VB give) (NP (NP (DT this) (JJ much)) (PP (IN of) (NP (DT a) (NN tax) (VBN cut))) (PP (IN to) (NP (DT the) (NN tax) (NNS payers))))))))))) (EDITED (RM (-DFL- \[)) (CC and) (, ,) (IP (-DFL- \+))) (CC and) (, ,) (RS (-DFL- \])) (VP (VBD created) (EDITED (RM (-DFL- \[)) (NP-UNF (DT this)) (, ,) (IP (-DFL- \+))) (NP (NP (DT this) (RS (-DFL- \])) (JJ ludicrous) (NN budget)) (SBAR (WHNP-2 (WDT that)) (S (NP-SBJ (PRP he)) (VP (VBD knew) (, ,) (SBAR (EDITED (RM (-DFL- \[)) (EDITED (RM (-DFL- \[)) (SBAR-UNF (IN that)) (, ,) (IP (-DFL- \+))) (SBAR-UNF (IN that)) (, ,) (RS (-DFL- \])) (IP (-DFL- \+))) (INTJ (UH um)) (, ,) (IN that) (RS (-DFL- \])) (S (NP-SBJ (DT the) (NNP Congress)) (VP (MD would) (RB not) (PP (IN in) (NP (PRP$ their) (JJ right) (NN mind))) (VP (NN pass) (NP (-NONE- *T*-2)))))))))))) (-DFL- E_S))",157
sw05utt/sw_0573_4022.utt,4/sw4022,4022,107,b,A,65,1,Right. /,[ Right/UH ] ./.,(INTJ (UH Right) (. .) (-DFL- E_S)),153
sw05utt/sw_0573_4022.utt,4/sw4022,4022,108,sd,B,66,1,"-- {C and } [ [ Con-, +  Congress, ] realizing that they were going to lose a, + the Democratic Congress realized that they were going to lose a  ] propaganda war, {D you know, } {A [ bye-bye, + {D you know, } bye-bye  ] removing the tax cut -- }","--/: and/CC  [ Con-/NNP ] ,/,  [ Congress/NNP ] ,/, realizing/VBG that/IN  [ they/PRP ] were/VBD going/VBG to/TO lose/VB  [ a/DT ] ,/,  [ the/DT Democratic/JJ Congress/NN ] realized/VBD that/IN  [ they/PRP ] were/VBD going/VBG to/TO lose/VB  [ a/DT propaganda/NN war/NN ] ,/,  [ you/PRP ] know/VBP ,/, bye-bye/UH ,/,  [ you/PRP ] know/VBP ,/, bye-bye/UH removing/VBG  [ the/DT tax/NN ] cut/NN --/:","(S (CC and) (EDITED (RM (-DFL- \[)) (EDITED (RM (-DFL- \[)) (NP-SBJ-UNF (NNP Con-)) (, ,) (IP (-DFL- \+))) (NP-SBJ (NP (NNP Congress)) (, ,) (RS (-DFL- \])) (VP (VBG realizing) (SBAR (IN that) (S (NP-SBJ-1 (PRP they)) (VP (VBD were) (VP (VBG going) (S (NP-SBJ (-NONE- *-1)) (VP (TO to) (VP (VB lose) (NP-UNF (DT a))))))))))) (, ,) (IP (-DFL- \+))) (NP-SBJ (DT the) (JJ Democratic) (NN Congress)) (VP (VP (VBD realized) (SBAR (IN that) (S (NP-SBJ-2 (PRP they)) (VP (VBD were) (VP (VBG going) (S (NP-SBJ (-NONE- *-2)) (VP (TO to) (VP (VB lose) (NP (DT a) (RS (-DFL- \])) (NN propaganda) (NN war))))))))) (PRN (, ,) (S (NP-SBJ (PRP you)) (VP (VBP know))) (, ,)) (FRAG (EDITED (RM (-DFL- \[)) (INTJ (UH bye-bye)) (, ,) (IP (-DFL- \+))) (PRN (S (NP-SBJ (PRP you)) (VP (VBP know))) (, ,)) (INTJ (UH bye-bye)) (RS (-DFL- \])) (S (NP-SBJ (-NONE- *-4)) (VP (VBG removing) (NP (DT the) (NN tax) (NN cut)))))) (VP (ADVP (RB further)) (VB cut) (NP (DT the) (NNS taxes))) (CC and) (EDITED (RM (-DFL- \[)) (VP (VBD created) (PRN (, ,) (S (NP-SBJ (PRP you)) (VP (VBP know))) (, ,)) (EDITED (RM (-DFL- \[)) (EDITED (RM (-DFL- \[)) (NP-UNF (DT that)) (, ,) (IP (-DFL- \+))) (NP-UNF (DT that)) (, ,) (RS (-DFL- \])) (IP (-DFL- \+))) (NP-UNF (DT that)))) (, ,) (RS (-DFL- \])) (IP (-DFL- \+)) (PRN (S (NP-SBJ (PRP you)) (VP (VBP know))) (, ,)) (VP (VBD created) (NP (NP (DT the) (RS (-DFL- \])) (JJ huge) (NN deficit)) (SBAR (-NONE- *ICH*-5))) (NP-TMP (DT that) (NN year)) (SBAR-5 (WHNP-6 (WDT which)) (S (NP-SBJ (-NONE- *T*-6)) (VP (VBD moved) (NP (PRP us)) (PP-DIR (IN into) (NP (DT the) (ADJP (CD trillion) (NN dollar)) (NN deficit)))))))) (. .) (-DFL- E_S))",161
sw05utt/sw_0573_4022.utt,4/sw4022,4022,109,b,A,67,1,Uh-huh. /,[ Uh-huh/UH ] ./.,(INTJ (UH Uh-huh) (. .) (-DFL- E_S)),143
sw05utt/sw_0573_4022.utt,4/sw4022,4022,110,+,B,68,1,"-- further cut the taxes and [ created, {D you know, } [ [ that, + that,  ] + that, ] +  {D you know, }  created the ] huge deficit that year which moved us into the trillion dollar  deficit. /","--/: further/RB cut/VB  [ the/DT taxes/NNS ] and/CC created/VBD ,/,  [ you/PRP ] know/VBP ,/, that/DT ,/, that/DT ,/, that/DT ,/,  [ you/PRP ] know/VBP ,/, created/VBD  [ the/DT huge/JJ deficit/NN ] [ that/DT year/NN ] [ which/WDT ] moved/VBD  [ us/PRP ] into/IN  [ the/DT trillion/CD dollar/NN deficit/NN ] ./.","(S (CC and) (EDITED (RM (-DFL- \[)) (EDITED (RM (-DFL- \[)) (NP-SBJ-UNF (NNP Con-)) (, ,) (IP (-DFL- \+))) (NP-SBJ (NP (NNP Congress)) (, ,) (RS (-DFL- \])) (VP (VBG realizing) (SBAR (IN that) (S (NP-SBJ-1 (PRP they)) (VP (VBD were) (VP (VBG going) (S (NP-SBJ (-NONE- *-1)) (VP (TO to) (VP (VB lose) (NP-UNF (DT a))))))))))) (, ,) (IP (-DFL- \+))) (NP-SBJ (DT the) (JJ Democratic) (NN Congress)) (VP (VP (VBD realized) (SBAR (IN that) (S (NP-SBJ-2 (PRP they)) (VP (VBD were) (VP (VBG going) (S (NP-SBJ (-NONE- *-2)) (VP (TO to) (VP (VB lose) (NP (DT a) (RS (-DFL- \])) (NN propaganda) (NN war))))))))) (PRN (, ,) (S (NP-SBJ (PRP you)) (VP (VBP know))) (, ,)) (FRAG (EDITED (RM (-DFL- \[)) (INTJ (UH bye-bye)) (, ,) (IP (-DFL- \+))) (PRN (S (NP-SBJ (PRP you)) (VP (VBP know))) (, ,)) (INTJ (UH bye-bye)) (RS (-DFL- \])) (S (NP-SBJ (-NONE- *-4)) (VP (VBG removing) (NP (DT the) (NN tax) (NN cut)))))) (VP (ADVP (RB further)) (VB cut) (NP (DT the) (NNS taxes))) (CC and) (EDITED (RM (-DFL- \[)) (VP (VBD created) (PRN (, ,) (S (NP-SBJ (PRP you)) (VP (VBP know))) (, ,)) (EDITED (RM (-DFL- \[)) (EDITED (RM (-DFL- \[)) (NP-UNF (DT that)) (, ,) (IP (-DFL- \+))) (NP-UNF (DT that)) (, ,) (RS (-DFL- \])) (IP (-DFL- \+))) (NP-UNF (DT that)))) (, ,) (RS (-DFL- \])) (IP (-DFL- \+)) (PRN (S (NP-SBJ (PRP you)) (VP (VBP know))) (, ,)) (VP (VBD created) (NP (NP (DT the) (RS (-DFL- \])) (JJ huge) (NN deficit)) (SBAR (-NONE- *ICH*-5))) (NP-TMP (DT that) (NN year)) (SBAR-5 (WHNP-6 (WDT which)) (S (NP-SBJ (-NONE- *T*-6)) (VP (VBD moved) (NP (PRP us)) (PP-DIR (IN into) (NP (DT the) (ADJP (CD trillion) (NN dollar)) (NN deficit)))))))) (. .) (-DFL- E_S))",161
sw05utt/sw_0573_4022.utt,4/sw4022,4022,111,b,A,69,1,Right. /,[ Right/UH ] ./.,(INTJ (UH Right) (. .) (-DFL- E_S)),153
sw05utt/sw_0573_4022.utt,4/sw4022,4022,112,%,B,70,1,"{C And } you just,  ((   )) . -/","And/CC  [ you/PRP ] just/RB ,/,  [ MUMBLEx/XX ] ./.","(S-UNF (CC And) (NP-SBJ (PRP you)) (ADVP (RB just)) (, ,) (X (XX MUMBLEx)) (. .) (-DFL- N_S))",168
sw05utt/sw_0573_4022.utt,4/sw4022,4022,113,sv,A,71,1,"[ You, + you  ] just have to wonder what they're thinking in Washington. /","[ You/PRP ] ,/,  [ you/PRP ] just/RB have/VB to/TO wonder/VB  [ what/WP ] [ they/PRP ] 're/VBP thinking/VBG in/IN  [ Washington/NNP ] ./.","(S (EDITED (RM (-DFL- \[)) (NP-SBJ (PRP You)) (, ,) (IP (-DFL- \+))) (NP-SBJ-1 (PRP you)) (RS (-DFL- \])) (ADVP (RB just)) (VP (VB have) (S (NP-SBJ (-NONE- *-1)) (VP (TO to) (VP (VB wonder) (SBAR (WHNP-2 (WP what)) (S (NP-SBJ (PRP they)) (VP (VBP 're) (VP (VBG thinking) (NP (-NONE- *T*-2)) (PP-LOC (IN in) (NP (NNP Washington))))))))))) (. .) (-DFL- E_S))",170
sw05utt/sw_0573_4022.utt,4/sw4022,4022,114,sv,B,72,1,"{E I mean, } it's just like they're playing chicken with a loaded gun. /","[ I/PRP ] mean/VBP ,/,  [ it/PRP ] 's/BES just/RB like/IN  [ they/PRP ] 're/VBP playing/VBG  [ chicken/NN ] with/IN  [ a/DT loaded/VBN gun/NN ] ./.","(S (PRN (S (NP-SBJ (PRP I)) (VP (VBP mean))) (, ,)) (NP-SBJ (PRP it)) (VP (BES 's) (SBAR-NOM (ADVP (RB just)) (IN like) (S (NP-SBJ (PRP they)) (VP (VBP 're) (VP (VBG playing) (NP (NN chicken)) (PP (IN with) (NP (DT a) (VBN loaded) (NN gun)))))))) (. .) (-DFL- E_S))",172
sw05utt/sw_0573_4022.utt,4/sw4022,4022,115,aa,A,73,1,"Yeah,  /","Yeah/UH ,/,","(INTJ (UH Yeah) (, ,) (-DFL- E_S))",174
sw05utt/sw_0573_4022.utt,4/sw4022,4022,116,%,A,73,2,"{F uh, } {D well, } [ it's, + it's  ] more than a loaded, - /","[ uh/UH ] ,/, well/UH ,/,  [ it/PRP ] 's/BES ,/,  [ it/PRP ] 's/BES more/JJR than/IN  [ a/DT ] loaded/VBN ,/,","(S (INTJ (UH uh)) (, ,) (INTJ (UH well)) (, ,) (EDITED (RM (-DFL- \[)) (S (NP-SBJ (PRP it)) (VP-UNF (BES 's))) (, ,) (IP (-DFL- \+))) (NP-SBJ (PRP it)) (VP (BES 's) (RS (-DFL- \])) (NP-PRD (NP (JJR more)) (PP (IN than) (NP-UNF (DT a) (VBN loaded))))) (, ,) (-DFL- N_S))",175
sw05utt/sw_0573_4022.utt,4/sw4022,4022,117,sv,A,73,3,it's a loaded cannon.  /,[ it/PRP ] 's/BES  [ a/DT loaded/VBN cannon/NN ] ./.,(S (NP-SBJ (PRP it)) (VP (BES 's) (NP-PRD (DT a) (VBN loaded) (NN cannon))) (. .) (-DFL- E_S)),176
sw05utt/sw_0573_4022.utt,4/sw4022,4022,118,sd,A,73,4,{E I mean } --,[ I/PRP ] mean/VBP --/:,"(S (PRN (S (NP-SBJ (PRP I)) (VP (VBP mean))) (, ,)) (NP-SBJ (PRP it)) (VP (BES 's) (SBAR-NOM (ADVP (RB just)) (IN like) (S (NP-SBJ (PRP they)) (VP (VBP 're) (VP (VBG playing) (NP (NN chicken)) (PP (IN with) (NP (DT a) (VBN loaded) (NN gun)))))))) (. .) (-DFL- E_S))",172
sw05utt/sw_0573_4022.utt,4/sw4022,4022,119,b,B,74,1,Yeah. /,Yeah/UH ./.,(INTJ (UH Yeah) (. .) (-DFL- E_S)),179
sw05utt/sw_0573_4022.utt,4/sw4022,4022,120,+,A,75,1,"-- they've got trillions of dollars to spend every year,  /","--/:  [ they/PRP ] 've/VBP got/VBN  [ trillions/NNS ] of/IN  [ dollars/NNS ] to/TO spend/VB  [ every/DT year/NN ] ,/,","(S (PRN (S (NP-SBJ (PRP I)) (VP (VBP mean)))) (NP-SBJ (PRP they)) (VP (VBP 've) (VP (VBN got) (NP (NP (NNS trillions)) (PP (IN of) (NP (NNS dollars))) (SBAR (WHNP-1 (-NONE- 0)) (S (NP-SBJ (-NONE- *)) (VP (TO to) (VP (VB spend) (NP (-NONE- *T*-1)) (NP-TMP (DT every) (NN year))))))))) (, ,) (-DFL- E_S))",177
sw05utt/sw_0573_4022.utt,4/sw4022,4022,121,sv,A,75,2,"{C and } they, in my opinion, don't do a very responsible job --","and/CC  [ they/PRP ] ,/, in/IN  [ my/PRP$ opinion/NN ] ,/, do/VBP n't/RB do/VB  [ a/DT very/RB responsible/JJ job/NN ] --/:","(S (CC and) (NP-SBJ (PRP they)) (, ,) (PP (IN in) (NP (PRP$ my) (NN opinion))) (, ,) (VP (VBP do) (RB n't) (VP (VB do) (NP (NP (DT a) (ADJP (RB very) (JJ responsible)) (NN job)) (PP (IN of) (S-NOM (NP-SBJ (-NONE- *)) (VP (VBG spending) (NP (DT that) (NN money)))))))) (. .) (-DFL- E_S))",181
sw05utt/sw_0573_4022.utt,4/sw4022,4022,122,b,B,76,1,Uh-huh. /,[ Uh-huh/UH ] ./.,(INTJ (UH Uh-huh) (. .) (-DFL- E_S)),163
sw05utt/sw_0573_4022.utt,4/sw4022,4022,123,+,A,77,1,-- of spending that money. /,--/: of/IN spending/VBG  [ that/DT money/NN ] ./.,"(S (CC and) (NP-SBJ (PRP they)) (, ,) (PP (IN in) (NP (PRP$ my) (NN opinion))) (, ,) (VP (VBP do) (RB n't) (VP (VB do) (NP (NP (DT a) (ADJP (RB very) (JJ responsible)) (NN job)) (PP (IN of) (S-NOM (NP-SBJ (-NONE- *)) (VP (VBG spending) (NP (DT that) (NN money)))))))) (. .) (-DFL- E_S))",181
sw05utt/sw_0573_4022.utt,4/sw4022,4022,124,b,B,78,1,"{D Well, } yeah,  /","Well/UH ,/, yeah/UH ,/,","(INTJ (INTJ (UH Well)) (, ,) (INTJ (UH yeah)) (, ,) (-DFL- E_S))",186
sw05utt/sw_0573_4022.utt,4/sw4022,4022,125,sv(^q),B,78,2,"{F um, } what really bothers me is it just seems like [ if, + if  ] anyone were to say, {D you know, } {D well } I'm going to raise taxes and cut the budget and  [ we're + ((   )) , we're  ] going to have to do some unpopular things, {E I mean, } he wouldn't have a chance of getting elected. /","um/UH ,/,  [ what/WP ] really/RB bothers/VBZ  [ me/PRP ] is/VBZ  [ it/PRP ] just/RB seems/VBZ like/IN if/IN ,/, if/IN  [ anyone/NN ] were/VBD to/TO say/VB ,/,  [ you/PRP ] know/VBP ,/, well/UH  [ I/PRP ] 'm/VBP going/VBG to/TO raise/VB  [ taxes/NNS ] and/CC cut/VB  [ the/DT budget/NN ] and/CC  [ we/PRP ] 're/VBP MUMBLEx/XX ,/,  [ we/PRP ] 're/VBP going/VBG to/TO have/VB to/TO do/VB  [ some/DT unpopular/JJ things/NNS ] ,/,  [ I/PRP ] mean/VBP ,/,  [ he/PRP ] would/MD n't/RB have/VB  [ a/DT chance/NN ] of/IN getting/VBG elected/VBN ./.","(S (INTJ (UH um)) (, ,) (SBAR-NOM-SBJ (WHNP-1 (WP what)) (S (NP-SBJ (-NONE- *T*-1)) (ADVP (RB really)) (VP (VBZ bothers) (NP (PRP me))))) (VP (VBZ is) (SBAR-PRD (-NONE- 0) (S (NP-SBJ (PRP it)) (ADVP (RB just)) (VP (VBZ seems) (SBAR (IN like) (S (SBAR-ADV (EDITED (RM (-DFL- \[)) (SBAR-ADV-UNF (IN if)) (, ,) (IP (-DFL- \+))) (IN if) (RS (-DFL- \])) (S (NP-SBJ-2 (NN anyone)) (VP (VBD were) (S (NP-SBJ (-NONE- *-2)) (VP (TO to) (VP (VB say) (PRN (, ,) (S (NP-SBJ (PRP you)) (VP (VBP know))) (, ,)) (S-SEZ (S (INTJ (UH well)) (NP-SBJ-3 (PRP I)) (VP (VBP 'm) (VP (VBG going) (S (NP-SBJ (-NONE- *-3)) (VP (TO to) (VP (VP (VB raise) (NP (NNS taxes))) (CC and) (VP (VB cut) (NP (DT the) (NN budget))))))))) (CC and) (S (EDITED (RM (-DFL- \[)) (S (NP-SBJ (PRP we)) (VP-UNF (VBP 're))) (IP (-DFL- \+))) (X (XX MUMBLEx)) (, ,) (NP-SBJ-4 (PRP we)) (VP (VBP 're) (RS (-DFL- \])) (VP (VBG going) (S (NP-SBJ-5 (-NONE- *-4)) (VP (TO to) (VP (VB have) (S (NP-SBJ (-NONE- *-5)) (VP (TO to) (VP (VB do) (NP (DT some) (JJ unpopular) (NNS things)))))))))))))))))) (PRN (, ,) (S (NP-SBJ (PRP I)) (VP (VBP mean))) (, ,)) (NP-SBJ (PRP he)) (VP (MD would) (RB n't) (VP (VB have) (NP (NP (DT a) (NN chance)) (PP (IN of) (S-NOM (NP-SBJ-6 (-NONE- *)) (VP (VBG getting) (VP (VBN elected) (NP (-NONE- *-6))))))))))))))) (. .) (-DFL- E_S))",187
sw05utt/sw_0573_4022.utt,4/sw4022,4022,126,ba@,A,79,1,"{F Oh, } no.   *[[slash error]]","Oh/UH ,/, no/UH ./.","(INTJ (INTJ (UH Oh)) (, ,) (INTJ (UH no)) (. .))",189
sw05utt/sw_0573_4022.utt,4/sw4022,4022,127,sv,B,80,1,"{E I mean, } it's kind of like Rome and the bread and circuses thing, {D you know }  --","[ I/PRP ] mean/VBP ,/,  [ it/PRP ] 's/BES  [ kind/NN ] of/IN  [ like/IN Rome/NNP ] and/CC  [ the/DT bread/NN ] and/CC  [ circuses/NNS thing/NN ] ,/,  [ you/PRP ] know/VBP --/:","(S (PRN (S (NP-SBJ (PRP I)) (VP (VBP mean))) (, ,)) (NP-SBJ (PRP it)) (VP (BES 's) (PP-PRD (ADVP (NN kind) (IN of)) (IN like) (NP (NP (NP (NNP Rome)) (CC and) (NP (DT the) (NN bread) (CC and) (NNS circuses) (NN thing))) (PRN (, ,) (S (NP-SBJ (PRP you)) (VP (VBP know)))) (SBAR (WHADVP-3 (WRB where)) (S (NP-SBJ-1 (NNS people)) (ADVP (RB just)) (EDITED (RM (-DFL- \[)) (VP-UNF (VBP want)) (, ,) (IP (-DFL- \+))) (VP (VBP want) (RS (-DFL- \])) (S (NP-SBJ (-NONE- *-1)) (VP (TO to) (VP (VB have) (PRN (, ,) (S (NP-SBJ (PRP you)) (VP (VBP know))) (, ,)) (SBAR-NOM (WHNP-2 (WDT whatever)) (S (NP-SBJ (-NONE- *T*-2)) (VP (MD will) (VP (VB make) (S (NP-SBJ (PRP them)) (VP (VB feel) (ADJP-PRD (JJ good)) (, ,) (ADVP-TMP (RB right) (RB now))))))))))) (ADVP (-NONE- *T*-3))))))) (PRN (, ,) (S (NP-SBJ (PRP you)) (VP (VBP know))))) (. .) (-DFL- E_S))",192
sw05utt/sw_0573_4022.utt,4/sw4022,4022,128,+,A,81,1,Uh-huh. /  *[[b]],[ Uh-huh/UH ] ./.,(INTJ (UH Uh-huh) (. .) (-DFL- E_S)),183
sw05utt/sw_0573_4022.utt,4/sw4022,4022,129,+,B,82,1,"-- where people just [ want, + want  ] to have, {D you know, } whatever will make them feel good, right now, {D you know. } /","--/: where/WRB  [ people/NNS ] just/RB want/VBP ,/, want/VBP to/TO have/VB ,/,  [ you/PRP ] know/VBP ,/,  [ whatever/WDT ] will/MD make/VB  [ them/PRP ] feel/VB  [ good/JJ ] ,/, right/RB now/RB ,/,  [ you/PRP ] know/VBP ./.","(S (PRN (S (NP-SBJ (PRP I)) (VP (VBP mean))) (, ,)) (NP-SBJ (PRP it)) (VP (BES 's) (PP-PRD (ADVP (NN kind) (IN of)) (IN like) (NP (NP (NP (NNP Rome)) (CC and) (NP (DT the) (NN bread) (CC and) (NNS circuses) (NN thing))) (PRN (, ,) (S (NP-SBJ (PRP you)) (VP (VBP know)))) (SBAR (WHADVP-3 (WRB where)) (S (NP-SBJ-1 (NNS people)) (ADVP (RB just)) (EDITED (RM (-DFL- \[)) (VP-UNF (VBP want)) (, ,) (IP (-DFL- \+))) (VP (VBP want) (RS (-DFL- \])) (S (NP-SBJ (-NONE- *-1)) (VP (TO to) (VP (VB have) (PRN (, ,) (S (NP-SBJ (PRP you)) (VP (VBP know))) (, ,)) (SBAR-NOM (WHNP-2 (WDT whatever)) (S (NP-SBJ (-NONE- *T*-2)) (VP (MD will) (VP (VB make) (S (NP-SBJ (PRP them)) (VP (VB feel) (ADJP-PRD (JJ good)) (, ,) (ADVP-TMP (RB right) (RB now))))))))))) (ADVP (-NONE- *T*-3))))))) (PRN (, ,) (S (NP-SBJ (PRP you)) (VP (VBP know))))) (. .) (-DFL- E_S))",192
sw05utt/sw_0573_4022.utt,4/sw4022,4022,130,aa^m,A,83,1,"[ For, + for  ] the moment,  /","For/IN ,/, for/IN  [ the/DT moment/NN ] ,/,","(PP-TMP (EDITED (RM (-DFL- \[)) (PP-UNF (IN For)) (, ,) (IP (-DFL- \+))) (IN for) (RS (-DFL- \])) (NP (DT the) (NN moment)) (, ,) (-DFL- E_S))",196
sw05utt/sw_0573_4022.utt,4/sw4022,4022,131,sd(^q),A,83,2,{C and } that's what really is getting me about what George Bush's stand on the budget is right now --,and/CC  [ that/DT ] 's/BES  [ what/WP ] really/RB is/VBZ getting/VBG  [ me/PRP ] about/IN  [ what/WP ] [ George/NNP Bush/NNP 's/POS stand/NN ] on/IN  [ the/DT budget/NN ] is/VBZ right/RB now/RB --/:,"(S (CC and) (S-SBJ (NP-SBJ (DT that)) (VP (BES 's) (SBAR-NOM-PRD (WHNP-1 (WP what)) (S (NP-SBJ (-NONE- *T*-1)) (ADVP (RB really)) (VP (VBZ is) (VP (VBG getting) (NP (PRP me)) (PP (IN about) (SBAR-NOM (WHNP-2 (WP what)) (S (NP-SBJ (NP (NP (NNP George) (NNP Bush) (POS 's)) (NN stand)) (PP (IN on) (NP (DT the) (NN budget)))) (VP (VBZ is) (NP-PRD (-NONE- *T*-2)) (ADVP-TMP (RB right) (RB now)))))))))))) (VP (VBZ is) (SBAR-PRD (IN that) (S (NP-SBJ (PRP he)) (VP (VBZ is) (VP (VBG saying) (, ,) (S-SEZ (NP-SBJ-3 (PRP I)) (VP (VBP am) (VP (VBG going) (S (NP-SBJ (-NONE- *-3)) (VP (TO to) (VP (VB give) (NP (PRP you)) (NP (DT this) (JJ ludicrous) (JJ little) (NN tax) (NN cut)) (SBAR-PRP (IN so) (IN that) (S (S (NP-SBJ (PRP you)) (VP (MD 'll) (VP (VB be) (ADJP-PRD (JJ happy)) (PP-TMP (VBP come) (NP (NNP November)))))) (, ,) (CC and) (S (NP-SBJ (PRP you)) (VP (MD 'll) (VP (VB elect) (NP (PRP me)) (ADVP (RB again)))))))))))))))))) (-DFL- E_S))",197
sw05utt/sw_0573_4022.utt,4/sw4022,4022,132,b,B,84,1,Uh-huh. /,[ Uh-huh/UH ] ./.,(INTJ (UH Uh-huh) (. .) (-DFL- E_S)),183
sw05utt/sw_0573_4022.utt,4/sw4022,4022,133,+,A,85,1,"-- is that he is saying, I am going to give you this ludicrous little tax cut so that you'll be happy come November, and you'll elect me again -- /","--/: is/VBZ that/IN  [ he/PRP ] is/VBZ saying/VBG ,/,  [ I/PRP ] am/VBP going/VBG to/TO give/VB  [ you/PRP ] [ this/DT ludicrous/JJ little/JJ tax/NN ] cut/NN so/IN that/IN  [ you/PRP ] 'll/MD be/VB happy/JJ come/VBP  [ November/NNP ] ,/, and/CC  [ you/PRP ] 'll/MD elect/VB  [ me/PRP ] again/RB --/:","(S (CC and) (S-SBJ (NP-SBJ (DT that)) (VP (BES 's) (SBAR-NOM-PRD (WHNP-1 (WP what)) (S (NP-SBJ (-NONE- *T*-1)) (ADVP (RB really)) (VP (VBZ is) (VP (VBG getting) (NP (PRP me)) (PP (IN about) (SBAR-NOM (WHNP-2 (WP what)) (S (NP-SBJ (NP (NP (NNP George) (NNP Bush) (POS 's)) (NN stand)) (PP (IN on) (NP (DT the) (NN budget)))) (VP (VBZ is) (NP-PRD (-NONE- *T*-2)) (ADVP-TMP (RB right) (RB now)))))))))))) (VP (VBZ is) (SBAR-PRD (IN that) (S (NP-SBJ (PRP he)) (VP (VBZ is) (VP (VBG saying) (, ,) (S-SEZ (NP-SBJ-3 (PRP I)) (VP (VBP am) (VP (VBG going) (S (NP-SBJ (-NONE- *-3)) (VP (TO to) (VP (VB give) (NP (PRP you)) (NP (DT this) (JJ ludicrous) (JJ little) (NN tax) (NN cut)) (SBAR-PRP (IN so) (IN that) (S (S (NP-SBJ (PRP you)) (VP (MD 'll) (VP (VB be) (ADJP-PRD (JJ happy)) (PP-TMP (VBP come) (NP (NNP November)))))) (, ,) (CC and) (S (NP-SBJ (PRP you)) (VP (MD 'll) (VP (VB elect) (NP (PRP me)) (ADVP (RB again)))))))))))))))))) (-DFL- E_S))",197
sw05utt/sw_0573_4022.utt,4/sw4022,4022,134,b,B,86,1,Uh-huh. /,[ Uh-huh/UH ] ./.,(INTJ (UH Uh-huh) (. .) (-DFL- E_S)),183
sw05utt/sw_0573_4022.utt,4/sw4022,4022,135,^q,A,87,1,-- {C and then } I'm going to go on and just forget everything that I said -- /,--/: and/CC then/RB  [ I/PRP ] 'm/VBP going/VBG to/TO go/VB on/RP and/CC just/RB forget/VB  [ everything/NN ] that/IN  [ I/PRP ] said/VBD --/:,(S (CONJP (CC and) (RB then)) (NP-SBJ-1 (PRP I)) (VP (VBP 'm) (VP (VBG going) (S (NP-SBJ (-NONE- *-1)) (VP (TO to) (VP (VP (VB go) (PRT (RP on))) (CC and) (VP (ADVP (RB just)) (VB forget) (NP (NP (NN everything)) (SBAR (WHNP-2 (IN that)) (S (NP-SBJ (PRP I)) (VP (VBD said) (NP (-NONE- *T*-2)))))))))))) (-DFL- E_S)),204
sw05utt/sw_0573_4022.utt,4/sw4022,4022,136,b,B,88,1,Uh-huh. /,[ Uh-huh/UH ] ./.,(INTJ (UH Uh-huh) (. .) (-DFL- E_S)),183
sw05utt/sw_0573_4022.utt,4/sw4022,4022,137,sv,A,89,1,"-- {C or } {D you know, } it doesn't seem that it's going to make much of a difference. /","--/: or/CC  [ you/PRP ] know/VBP ,/,  [ it/PRP ] does/VBZ n't/RB seem/VB that/IN  [ it/PRP ] 's/BES going/VBG to/TO make/VB much/RB of/IN  [ a/DT difference/NN ] ./.","(S (CC or) (PRN (S (NP-SBJ (PRP you)) (VP (VBP know))) (, ,)) (NP-SBJ (PRP it)) (VP (VBZ does) (RB n't) (VP (VB seem) (SBAR (IN that) (S (NP-SBJ-1 (PRP it)) (VP (BES 's) (VP (VBG going) (S (NP-SBJ (-NONE- *-1)) (VP (TO to) (VP (VB make) (NP (NP (RB much)) (PP (IN of) (NP (DT a) (NN difference))))))))))))) (. .) (-DFL- E_S))",208
sw05utt/sw_0573_4022.utt,4/sw4022,4022,138,b,B,90,1,Uh-huh.  /,[ Uh-huh/UH ] ./.,(INTJ (UH Uh-huh) (. .) (-DFL- E_S)),190
sw05utt/sw_0573_4022.utt,4/sw4022,4022,139,%,B,90,2,"It, - /","[ It/PRP ] ,/,","(S-UNF (NP-SBJ (PRP It)) (, ,) (-DFL- N_S))",211
sw05utt/sw_0573_4022.utt,4/sw4022,4022,140,h,B,90,3,"{E I mean, }  I don't know,  /","[ I/PRP ] mean/VBP ,/,  [ I/PRP ] do/VBP n't/RB know/VB ,/,","(S (PRN (S (NP-SBJ (PRP I)) (VP (VBP mean))) (, ,)) (NP-SBJ (PRP I)) (VP (VBP do) (RB n't) (VP (VB know))) (, ,) (-DFL- E_S))",212
sw05utt/sw_0573_4022.utt,4/sw4022,4022,141,sv,B,90,4,"[ [ I +  <laughter> I   don't, ] + I don't  ] think George Bush will make the American people happy with <laughter> ninety-seven cents a week. /","[ I/PRP ] [ I/PRP ] do/VBP n't/RB ,/,  [ I/PRP ] do/VBP n't/RB think/VB  [ George/NNP Bush/NNP ] will/MD make/VB  [ the/DT American/JJ people/NNS ] happy/JJ with/IN  [ ninety-seven/CD cents/NNS ] [ a/DT week/NN ] ./.","(S (EDITED (RM (-DFL- \[)) (EDITED (RM (-DFL- \[)) (NP-SBJ (PRP I)) (IP (-DFL- \+))) (S (NP-SBJ (PRP I)) (VP-UNF (VBP do) (RB n't))) (, ,) (RS (-DFL- \])) (IP (-DFL- \+))) (NP-SBJ (PRP I)) (VP (VBP do) (RB n't) (RS (-DFL- \])) (VP (VB think) (SBAR (-NONE- 0) (S (NP-SBJ (NNP George) (NNP Bush)) (VP (MD will) (VP (VB make) (S (NP-SBJ (DT the) (JJ American) (NNS people)) (ADJP-PRD (JJ happy))) (PP (IN with) (NP (NP (CD ninety-seven) (NNS cents)) (NP-ADV (DT a) (NN week)))))))))) (. .) (-DFL- E_S))",213
sw05utt/sw_0573_4022.utt,4/sw4022,4022,142,aa,A,91,1,"No,  /","No/UH ,/,","(INTJ (UH No) (, ,) (-DFL- E_S))",215
sw05utt/sw_0573_4022.utt,4/sw4022,4022,143,aa,A,91,2,"no,  /","no/UH ,/,","(INTJ (UH no) (, ,) (-DFL- E_S))",216
sw05utt/sw_0573_4022.utt,4/sw4022,4022,144,aa,A,91,3,not at all. /,not/RB at/IN  [ all/DT ] ./.,(FRAG (RB not) (ADVP (IN at) (DT all)) (. .) (-DFL- E_S)),217
sw05utt/sw_0573_4022.utt,4/sw4022,4022,145,sv,B,92,1,I just don't think it was a well thought out <laughter> incentive. /,[ I/PRP ] just/RB do/VBP n't/RB think/VB  [ it/PRP ] was/VBD  [ a/DT ] well/RB thought/VBN out/RP  [ incentive/NN ] ./.,(S (NP-SBJ (PRP I)) (ADVP (RB just)) (VP (VBP do) (RB n't) (VP (VB think) (SBAR (-NONE- 0) (S (NP-SBJ (PRP it)) (VP (VBD was) (NP-PRD (DT a) (ADJP (RB well) (VBN thought) (RP out)) (NN incentive))))))) (. .) (-DFL- E_S)),219
sw05utt/sw_0573_4022.utt,4/sw4022,4022,146,aa,A,93,1,No. /,[ No/UH ] ./.,(INTJ (UH No) (. .) (-DFL- E_S)),221
