swda_filename,ptb_basename,conversation_no,transcript_index,act_tag,caller,utterance_index,subutterance_index,text,pos,trees,ptb_treenumbers
sw05utt/sw_0547_3051.utt,3/sw3051,3051,0,o,B,1,1,There you go.  /,There/RB  [ you/PRP ] go/VBP ./.,(S (ADVP-TPC-1 (RB There)) (NP-SBJ (PRP you)) (VP (VBP go) (ADVP (-NONE- *T*-1))) (. .) (-DFL- E_S)),1
sw05utt/sw_0547_3051.utt,3/sw3051,3051,1,sd,B,1,2,"First question,  /","[ First/JJ question/NN ] ,/,","(NP (JJ First) (NN question) (, ,) (-DFL- E_S))",2
sw05utt/sw_0547_3051.utt,3/sw3051,3051,2,qy,B,1,3,do you own your house? /,do/VBP  [ you/PRP ] own/VB  [ your/PRP$ house/NN ] ?/.,(SQ (VBP do) (NP-SBJ (PRP you)) (VP (VB own) (NP (PRP$ your) (NN house))) (. ?) (-DFL- E_S)),3
sw05utt/sw_0547_3051.utt,3/sw3051,3051,3,na,A,2,1,"{F Uh, }  right,  /","[ Uh/UH ] ,/, right/RB ,/,","(INTJ (INTJ (UH Uh)) (, ,) (INTJ (RB right)) (, ,) (-DFL- E_S))",5
sw05utt/sw_0547_3051.utt,3/sw3051,3051,4,sd^e,A,2,2,"{D well, } we try. <laughter>  /","well/UH ,/,  [ we/PRP ] try/VBP ./.","(S (INTJ (UH well)) (, ,) (NP-SBJ (PRP we)) (VP (VBP try)) (. .) (-DFL- E_S))",6
sw05utt/sw_0547_3051.utt,3/sw3051,3051,5,sd,A,2,3,{E I mean } it's a big mortgage in the sky  /,[ I/PRP ] mean/VBP  [ it/PRP ] 's/BES  [ a/DT big/JJ mortgage/NN ] in/IN  [ the/DT sky/NN ],(S (PRN (S (NP-SBJ (PRP I)) (VP (VBP mean)))) (NP-SBJ (PRP it)) (VP (BES 's) (NP-PRD (NP (DT a) (JJ big) (NN mortgage)) (PP (IN in) (NP (DT the) (NN sky))))) (-DFL- E_S)),7
sw05utt/sw_0547_3051.utt,3/sw3051,3051,6,sd,A,2,4,"{C and } someday, maybe, we might even own it,  /","and/CC someday/RB ,/, maybe/RB ,/,  [ we/PRP ] might/MD even/RB own/VB  [ it/PRP ] ,/,","(S (CC and) (NP-TMP (RB someday)) (, ,) (ADVP (RB maybe)) (, ,) (NP-SBJ (PRP we)) (VP (MD might) (ADVP (RB even)) (VP (VB own) (NP (PRP it)))) (, ,) (-DFL- E_S))",8
sw05utt/sw_0547_3051.utt,3/sw3051,3051,7,sd,A,2,5,"{C but, } {F um, } for all practical purposes, I guess we hold the mortgage  <laughter>. /","but/CC ,/, um/UH ,/, for/IN  [ all/DT practical/JJ purposes/NNS ] ,/,  [ I/PRP ] guess/VBP  [ we/PRP ] hold/VBP  [ the/DT mortgage/NN ] ./.","(S (CC but) (, ,) (INTJ (UH um)) (, ,) (PP (IN for) (NP (DT all) (JJ practical) (NNS purposes))) (, ,) (NP-SBJ (PRP I)) (VP (VBP guess) (SBAR (-NONE- 0) (S (NP-SBJ (PRP we)) (VP (VBP hold) (NP (DT the) (NN mortgage)))))) (. .) (-DFL- E_S))",9
sw05utt/sw_0547_3051.utt,3/sw3051,3051,8,sd,B,3,1,"Our name is on the till, /","[ Our/PRP$ name/NN ] is/VBZ on/IN  [ the/DT till/NN ] ,/,","(S (NP-SBJ (PRP$ Our) (NN name)) (VP (VBZ is) (PP-PRD (IN on) (NP (DT the) (NN till)))) (, ,) (-DFL- E_S))",11
sw05utt/sw_0547_3051.utt,3/sw3051,3051,9,b,A,4,1,"Yeah,  /","Yeah/UH ,/,","(INTJ (UH Yeah) (, ,) (-DFL- E_S))",13
sw05utt/sw_0547_3051.utt,3/sw3051,3051,10,b,A,4,2,right. /,right/UH ./.,(INTJ (UH right) (. .) (-DFL- E_S)),14
sw05utt/sw_0547_3051.utt,3/sw3051,3051,11,sd,B,5,1,{C so } that implies ownership. /,so/RB  [ that/DT ] implies/VBZ  [ ownership/NN ] ./.,(S (RB so) (NP-SBJ (DT that)) (VP (VBZ implies) (NP (NN ownership))) (. .) (-DFL- E_S)),16
sw05utt/sw_0547_3051.utt,3/sw3051,3051,12,sd,A,6,1,No one else has offered to pay for it. /,[ No/DT one/NN ] else/RB has/VBZ offered/VBN to/TO pay/VB for/IN  [ it/PRP ] ./.,(S (NP-SBJ-1 (NP (DT No) (NN one)) (ADVP (RB else))) (VP (VBZ has) (VP (VBN offered) (S (NP-SBJ (-NONE- *-1)) (VP (TO to) (VP (VB pay) (PP (IN for) (NP (PRP it)))))))) (. .) (-DFL- E_S)),18
sw05utt/sw_0547_3051.utt,3/sw3051,3051,13,aa,B,7,1,That's right.  /,[ That/DT ] 's/BES right/JJ ./.,(S (NP-SBJ (DT That)) (VP (BES 's) (ADJP-PRD (JJ right))) (. .) (-DFL- E_S)),20
sw05utt/sw_0547_3051.utt,3/sw3051,3051,14,sd,B,7,2,I would not object if anybody did. /,[ I/PRP ] would/MD not/RB object/VB if/IN  [ anybody/NN ] did/VBD ./.,(S (NP-SBJ (PRP I)) (VP (MD would) (RB not) (VP (VB object) (SBAR-ADV (IN if) (S (NP-SBJ (NN anybody)) (VP (VBD did)))))) (. .) (-DFL- E_S)),21
sw05utt/sw_0547_3051.utt,3/sw3051,3051,15,b,A,8,1,"Yeah,  /","Yeah/UH ,/,","(INTJ (UH Yeah) (, ,) (-DFL- E_S))",13
sw05utt/sw_0547_3051.utt,3/sw3051,3051,16,sd,A,8,2,really they could move right into the spare room <laughter>. /,really/RB  [ they/PRP ] could/MD move/VB right/RB into/IN  [ the/DT spare/JJ room/NN ] ./.,(S (ADVP (RB really)) (NP-SBJ (PRP they)) (VP (MD could) (VP (VB move) (PP-DIR (ADVP (RB right)) (IN into) (NP (DT the) (JJ spare) (NN room))))) (. .) (-DFL- E_S)),24
sw05utt/sw_0547_3051.utt,3/sw3051,3051,17,b,B,9,1,Yeah.  /,Yeah/UH ./.,(INTJ (UH Yeah) (. .) (-DFL- E_S)),26
sw05utt/sw_0547_3051.utt,3/sw3051,3051,18,sd,B,9,2,"{D Well, } [ we have, + we have  ] had this one for five years now.  /","Well/UH ,/,  [ we/PRP ] have/VBP ,/,  [ we/PRP ] have/VBP had/VBN  [ this/DT one/CD ] for/IN  [ five/CD years/NNS ] now/RB ./.","(S (INTJ (UH Well)) (, ,) (EDITED (RM (-DFL- \[)) (S (NP-SBJ (PRP we)) (VP-UNF (VBP have))) (, ,) (IP (-DFL- \+))) (NP-SBJ (PRP we)) (VP (VBP have) (RS (-DFL- \])) (VP (VBN had) (NP (DT this) (CD one)) (PP-TMP (IN for) (NP (CD five) (NNS years))) (ADVP-TMP (RB now)))) (. .) (-DFL- E_S))",27
sw05utt/sw_0547_3051.utt,3/sw3051,3051,19,sd,B,9,3,"Before that we lived in Garland, {F uh, } probably about, {D you know, } four blocks away. /","Before/IN that/DT  [ we/PRP ] lived/VBD in/IN  [ Garland/NNP ] ,/,  [ uh/UH ] ,/, probably/RB about/RB ,/,  [ you/PRP ] know/VBP ,/,  [ four/CD blocks/NNS ] away/RB ./.","(S (PP-TMP (IN Before) (NP (DT that))) (NP-SBJ (PRP we)) (VP (VBD lived) (PP-LOC (IN in) (NP (NNP Garland))) (, ,) (INTJ (UH uh)) (, ,) (ADVP (RB probably)) (ADVP-LOC (NP (QP (RB about) (PRN (, ,) (S (NP-SBJ (PRP you)) (VP (VBP know))) (, ,)) (CD four)) (NNS blocks)) (RB away))) (. .) (-DFL- E_S))",28
sw05utt/sw_0547_3051.utt,3/sw3051,3051,20,b,A,10,1,Uh-huh. /,[ Uh-huh/UH ] ./.,(INTJ (UH Uh-huh) (. .) (-DFL- E_S)),30
sw05utt/sw_0547_3051.utt,3/sw3051,3051,21,sd,B,11,1,"Liked the area, chose to stay inside of Spring Park.  /","Liked/VBD  [ the/DT area/NN ] ,/, chose/VBD to/TO stay/VB inside/IN of/IN  [ Spring/NNP Park/NNP ] ./.","(S (NP-SBJ-1 (-NONE- *)) (VP (VP (VBD Liked) (NP (DT the) (NN area))) (, ,) (VP (VBD chose) (S (NP-SBJ (-NONE- *-1)) (VP (TO to) (VP (VB stay) (PP-LOC (IN inside) (PP (IN of) (NP (NNP Spring) (NNP Park))))))))) (. .) (-DFL- E_S))",32
sw05utt/sw_0547_3051.utt,3/sw3051,3051,22,%,B,11,2,"It's a, {F uh, } - /","[ It/PRP ] 's/BES  [ a/DT ] ,/,  [ uh/UH ] ,/,","(S (NP-SBJ (PRP It)) (VP (BES 's) (NP-PRD-UNF (DT a) (, ,) (INTJ (UH uh)))) (, ,) (-DFL- N_S))",33
sw05utt/sw_0547_3051.utt,3/sw3051,3051,23,qy^d,B,11,3,"I don't know if you have been up here,  /","[ I/PRP ] do/VBP n't/RB know/VB if/IN  [ you/PRP ] have/VBP been/VBN up/IN here/RB ,/,","(S (NP-SBJ (PRP I)) (VP (VBP do) (RB n't) (VP (VB know) (SBAR (IN if) (S (NP-SBJ (PRP you)) (VP (VBP have) (VP (VBN been) (PP-LOC-PRD (IN up) (ADVP (RB here))))))))) (, ,) (-DFL- E_S))",34
sw05utt/sw_0547_3051.utt,3/sw3051,3051,24,sd,B,11,4,"{C but } it is a residential homeowners,","but/CC  [ it/PRP ] is/VBZ  [ a/DT residential/JJ homeowners/NNS ] ,/,","(S (CC but) (NP-SBJ (PRP it)) (VP (VBZ is) (NP-PRD (DT a) (JJ residential) (NNS homeowners) (, ,) (NN association))) (. .) (-DFL- E_S))",35
sw05utt/sw_0547_3051.utt,3/sw3051,3051,25,b,A,12,1,"Right,  /","Right/UH ,/,","(INTJ (UH Right) (, ,) (-DFL- E_S))",37
sw05utt/sw_0547_3051.utt,3/sw3051,3051,26,b,A,12,2,"yeah, /","yeah/UH ,/,","(INTJ (UH yeah) (, ,) (-DFL- E_S))",38
sw05utt/sw_0547_3051.utt,3/sw3051,3051,27,+,B,13,1,association.  /,[ association/NN ] ./.,"(S (CC but) (NP-SBJ (PRP it)) (VP (VBZ is) (NP-PRD (DT a) (JJ residential) (NNS homeowners) (, ,) (NN association))) (. .) (-DFL- E_S))",35
sw05utt/sw_0547_3051.utt,3/sw3051,3051,28,sd,B,13,2,"{C So, } there's a lot of, {D you know, } activities, a lot of pluses and common land.  <sigh>  /","So/RB ,/,  [ there/EX ] 's/BES  [ a/DT lot/NN ] of/IN ,/,  [ you/PRP ] know/VBP ,/,  [ activities/NNS ] ,/,  [ a/DT lot/NN ] of/IN  [ pluses/NNS ] and/CC  [ common/JJ land/NN ] ./.","(S (RB So) (, ,) (NP-SBJ (EX there)) (VP (BES 's) (NP-PRD (NP (NP (DT a) (NN lot)) (PP (IN of) (PRN (, ,) (S (NP-SBJ (PRP you)) (VP (VBP know))) (, ,)) (NP (NNS activities)))) (, ,) (NP (NP (DT a) (NN lot)) (PP (IN of) (NP (NNS pluses)))) (CC and) (NP (JJ common) (NN land)))) (. .) (-DFL- E_S))",40
sw05utt/sw_0547_3051.utt,3/sw3051,3051,29,sd,B,13,3,"{C But, } {F uh, } we thought we were buying at the bottom of the market, {D you know, }  /","But/CC ,/,  [ uh/UH ] ,/,  [ we/PRP ] thought/VBD  [ we/PRP ] were/VBD buying/VBG at/IN  [ the/DT bottom/NN ] of/IN  [ the/DT market/NN ] ,/,  [ you/PRP ] know/VBP ,/,","(S (CC But) (, ,) (INTJ (UH uh)) (, ,) (NP-SBJ (PRP we)) (VP (VBD thought) (SBAR (-NONE- 0) (S (NP-SBJ (PRP we)) (VP (VBD were) (VP (VBG buying) (PP (IN at) (NP (NP (DT the) (NN bottom)) (PP (IN of) (NP (DT the) (NN market))))))))) (PRN (, ,) (S (NP-SBJ (PRP you)) (VP (VBP know))))) (, ,) (-DFL- E_S))",41
sw05utt/sw_0547_3051.utt,3/sw3051,3051,30,sd,B,13,4,it could not possibly have gone <child_talking> any lower  /,[ it/PRP ] could/MD not/RB possibly/RB have/VB gone/VBN  [ any/DT lower/RBR ],(S (NP-SBJ (PRP it)) (VP (MD could) (RB not) (ADVP (RB possibly)) (VP (VB have) (VP (VBN gone) (ADJP-PRD (DT any) (RBR lower))))) (-DFL- E_S)),42
sw05utt/sw_0547_3051.utt,3/sw3051,3051,31,sd,B,13,5,{C and so } we were wrong <laughter>. /,and/CC so/RB  [ we/PRP ] were/VBD wrong/JJ ./.,(S (CONJP (CC and) (RB so)) (NP-SBJ (PRP we)) (VP (VBD were) (ADJP-PRD (JJ wrong))) (. .) (-DFL- E_S)),43
sw05utt/sw_0547_3051.utt,3/sw3051,3051,32,bf,A,14,1,"{F Oh, } five years ago. /","Oh/UH ,/,  [ five/CD years/NNS ] ago/RB ./.","(FRAG (INTJ (UH Oh)) (, ,) (ADVP-TMP (NP (CD five) (NNS years)) (RB ago)) (. .) (-DFL- E_S))",45
sw05utt/sw_0547_3051.utt,3/sw3051,3051,33,aa,B,15,1,Yeah. /,Yeah/UH ./.,(INTJ (UH Yeah) (. .) (-DFL- E_S)),26
sw05utt/sw_0547_3051.utt,3/sw3051,3051,34,b,A,16,1,"Yeah, /","Yeah/UH ,/,","(INTJ (UH Yeah) (, ,) (-DFL- E_S))",13
sw05utt/sw_0547_3051.utt,3/sw3051,3051,35,%,B,17,1,"I think, - /","[ I/PRP ] think/VBP ,/,","(S (NP-SBJ (PRP I)) (VP-UNF (VBP think)) (, ,) (-DFL- N_S))",51
sw05utt/sw_0547_3051.utt,3/sw3051,3051,36,%,B,17,2,"what, - /","[ what/WP ] ,/,","(SBAR-UNF (WHNP (WP what)) (, ,) (-DFL- N_S))",52
sw05utt/sw_0547_3051.utt,3/sw3051,3051,37,sd,B,17,3,"it bottom out about a [ ye-, +  year ]  later. /","[ it/PRP ] [ bottom/NN ] out/RP about/RB  [ a/DT ye-/NN ] ,/,  [ year/NN ] later/RB ./.","(S (NP-SBJ (PRP it)) (VP (NN bottom) (RP out) (ADVP-TMP (NP (QP (RB about) (DT a)) (EDITED (RM (-DFL- \[)) (NN ye-) (, ,) (IP (-DFL- \+))) (NN year)) (RS (-DFL- \])) (RB later))) (. .) (-DFL- E_S))",53
sw05utt/sw_0547_3051.utt,3/sw3051,3051,38,b,A,18,1,"Yeah,  /","Yeah/UH ,/,","(INTJ (UH Yeah) (, ,) (-DFL- E_S))",23
sw05utt/sw_0547_3051.utt,3/sw3051,3051,39,%,A,18,2,"it, {D well, } - /","[ it/PRP ] ,/, well/UH ,/,","(S-UNF (NP-SBJ (PRP it)) (, ,) (INTJ (UH well)) (, ,) (-DFL- N_S))",56
sw05utt/sw_0547_3051.utt,3/sw3051,3051,40,sv,A,18,3,"{E I mean } just recently, I would say, I would give it two years back, when it was, I think, bottomed out. /","[ I/PRP ] mean/VBP just/RB recently/RB ,/,  [ I/PRP ] would/MD say/VB ,/,  [ I/PRP ] would/MD give/VB  [ it/PRP ] [ two/CD years/NNS ] back/RB ,/, when/WRB  [ it/PRP ] was/VBD ,/,  [ I/PRP ] think/VBP ,/, bottomed/VBN out/RP ./.","(S-2 (PRN (S (NP-SBJ (PRP I)) (VP (VBP mean)))) (ADVP-TMP-TPC-1 (RB just) (RB recently)) (, ,) (NP-SBJ (PRP I)) (VP (MD would) (VP (VB say) (FRAG (ADVP-TMP (-NONE- *T*-1))))) (, ,))|||(S (NP-SBJ (PRP I)) (VP (MD would) (VP (VB give) (NP (PRP it)) (ADVP-TMP (NP (CD two) (NNS years)) (RB back)) (, ,) (SBAR-TMP (WHADVP-1 (WRB when)) (S-2 (NP-SBJ (PRP it)) (VP (VBD was) (PRN (, ,) (S (NP-SBJ (PRP I)) (VP (VBP think) (SBAR (-NONE- 0) (S (-NONE- *T*-2))))) (, ,)) (ADJP-PRD (VBN bottomed) (RP out)) (ADVP-TMP (-NONE- *T*-1))))))) (. .) (-DFL- E_S))",57|||58
sw05utt/sw_0547_3051.utt,3/sw3051,3051,41,aa,B,19,1,"Oddly enough, two years, {D you know, }  /","Oddly/RB enough/RB ,/,  [ two/CD years/NNS ] ,/,  [ you/PRP ] know/VBP ,/,","(FRAG (ADVP (RB Oddly) (RB enough)) (, ,) (NP (CD two) (NNS years)) (PRN (, ,) (S (NP-SBJ (PRP you)) (VP (VBP know)))) (, ,) (-DFL- E_S))",60
sw05utt/sw_0547_3051.utt,3/sw3051,3051,42,%,B,19,2,"[ I, + {F uh, } I  ] think that, -/","[ I/PRP ] ,/,  [ uh/UH ] ,/,  [ I/PRP ] think/VBP that/IN ,/,","(S (EDITED (RM (-DFL- \[)) (NP-SBJ (PRP I)) (, ,) (IP (-DFL- \+))) (INTJ (UH uh)) (, ,) (NP-SBJ (PRP I)) (RS (-DFL- \])) (VP (VBP think) (SBAR-UNF (IN that))) (, ,) (-DFL- N_S))",61
sw05utt/sw_0547_3051.utt,3/sw3051,3051,43,sv,A,20,1,"{C But, } maybe not in your area,  /","But/CC ,/, maybe/RB not/RB in/IN  [ your/PRP$ area/NN ] ,/,","(FRAG (CC But) (, ,) (ADVP (RB maybe) (RB not)) (PP-LOC (IN in) (NP (PRP$ your) (NN area))) (, ,) (-DFL- E_S))",63
sw05utt/sw_0547_3051.utt,3/sw3051,3051,44,sd,A,20,2,"{D see, } it was just different areas, /","see/UH ,/,  [ it/PRP ] was/VBD just/RB  [ different/JJ areas/NNS ] ,/,","(S (INTJ (UH see)) (, ,) (NP-SBJ (PRP it)) (VP (VBD was) (ADVP (RB just)) (NP-PRD (JJ different) (NNS areas))) (, ,) (-DFL- E_S))",64
sw05utt/sw_0547_3051.utt,3/sw3051,3051,45,sd,B,21,1,"not [ in, + in,  ] {F uh, } this area.  /","not/RB in/IN ,/, in/IN ,/,  [ uh/UH ] ,/,  [ this/DT area/NN ] ./.","(FRAG (RB not) (EDITED (RM (-DFL- \[)) (PP-LOC-UNF (IN in)) (, ,) (IP (-DFL- \+))) (PP-LOC (IN in) (, ,) (RS (-DFL- \])) (INTJ (UH uh)) (, ,) (NP (DT this) (NN area))) (. .) (-DFL- E_S))",66
sw05utt/sw_0547_3051.utt,3/sw3051,3051,46,%,B,21,2,"{C Cause } this is about {D like } the, -/","Cause/IN  [ this/DT ] is/VBZ about/RB like/IN  [ the/DT ] ,/,","(SBAR-PRP (IN Cause) (S (NP-SBJ (DT this)) (VP (VBZ is) (ADVP (RB about)) (INTJ (UH like)) (NP-PRD-UNF (DT the)))) (, ,) (-DFL- N_S))",67
sw05utt/sw_0547_3051.utt,3/sw3051,3051,47,sv,A,22,1,That's a really nice area. /,[ That/DT ] 's/BES  [ a/DT ] really/RB  [ nice/JJ area/NN ] ./.,(S (NP-SBJ (DT That)) (VP (BES 's) (NP-PRD (DT a) (ADJP (RB really) (JJ nice)) (NN area))) (. .) (-DFL- E_S)),69
sw05utt/sw_0547_3051.utt,3/sw3051,3051,48,b,B,23,1,Yeah. /,Yeah/UH ./.,(INTJ (UH Yeah) (. .) (-DFL- E_S)),47
sw05utt/sw_0547_3051.utt,3/sw3051,3051,49,qy^g,A,24,1,"Besides, [ [ it's, + {D you know, } <noise> it's  not, ] + it's not  ] Richardson. Is it?  /","Besides/RB ,/,  [ it/PRP ] 's/BES ,/,  [ you/PRP ] know/VBP ,/,  [ it/PRP ] 's/BES not/RB ,/,  [ it/PRP ] 's/BES not/RB  [ Richardson/NNP ] ./.  Is/VBZ  [ it/PRP ] ?/.","(SQ (S (ADVP (RB Besides)) (, ,) (EDITED (RM (-DFL- \[)) (EDITED (RM (-DFL- \[)) (S (NP-SBJ (PRP it)) (VP-UNF (BES 's))) (, ,) (IP (-DFL- \+))) (S (PRN (S (NP-SBJ (PRP you)) (VP (VBP know))) (, ,)) (NP-SBJ (PRP it)) (VP-UNF (BES 's) (RB not) (, ,) (RS (-DFL- \])))) (IP (-DFL- \+))) (NP-SBJ (PRP it)) (VP (BES 's) (RB not) (RS (-DFL- \])) (NP-PRD (NNP Richardson)))) (. .) (SQ (VBZ Is) (NP-SBJ (PRP it)) (NP-PRD (-NONE- *?*))) (. ?) (-DFL- E_S))",73
sw05utt/sw_0547_3051.utt,3/sw3051,3051,50,qy^d,A,24,2,It's still considered Garland. /,[ It/PRP ] 's/BES still/RB considered/VBN  [ Garland/NNP ] ./.,(S (NP-SBJ-1 (PRP It)) (VP (BES 's) (ADVP-TMP (RB still)) (VP (VBN considered) (S (NP-SBJ (-NONE- *-1)) (NP-PRD (NNP Garland))))) (. .) (-DFL- E_S)),74
sw05utt/sw_0547_3051.utt,3/sw3051,3051,51,nn,B,25,1,"No,  /","No/UH ,/,","(INTJ (UH No) (, ,) (-DFL- E_S))",76
sw05utt/sw_0547_3051.utt,3/sw3051,3051,52,sd^e,B,25,2,"[ it's, + it's ] Richardson. /","[ it/PRP ] 's/BES ,/,  [ it/PRP ] [ 's/BES Richardson/NNP ] ./.","(S (EDITED (RM (-DFL- \[)) (S (NP-SBJ (PRP it)) (VP-UNF (BES 's))) (, ,) (IP (-DFL- \+))) (NP-SBJ (PRP it)) (VP (BES 's) (RS (-DFL- \])) (NP-PRD (NNP Richardson))) (. .) (-DFL- E_S))",77
sw05utt/sw_0547_3051.utt,3/sw3051,3051,53,bk,A,26,1,"{F Oh, } ok,  /","Oh/UH ,/,  [ ok/UH ] ,/,","(INTJ (INTJ (UH Oh)) (, ,) (INTJ (UH ok)) (, ,) (-DFL- E_S))",79
sw05utt/sw_0547_3051.utt,3/sw3051,3051,54,b,A,26,2,yeah. /,yeah/UH ./.,(INTJ (UH yeah) (. .) (-DFL- E_S)),80
sw05utt/sw_0547_3051.utt,3/sw3051,3051,55,sd,B,27,1,"It's,  Richardson  /","[ It/PRP ] [ 's/BES ] ,/,  [ Richardson/NNP ]","(S (NP-SBJ (PRP It)) (VP (BES 's) (, ,) (NP-PRD (NNP Richardson))) (-DFL- E_S))",82
sw05utt/sw_0547_3051.utt,3/sw3051,3051,56,ad,B,27,2,"{C and, } hold on a second.  /","and/CC ,/, hold/VB on/RP  [ a/DT second/NN ] ./.","(S-IMP (CC and) (, ,) (NP-SBJ (-NONE- *)) (VP (VB hold) (PRT (RP on)) (NP-TMP (DT a) (NN second))) (. .) (-DFL- E_S))",83
sw05utt/sw_0547_3051.utt,3/sw3051,3051,57,t3,B,27,3,"</child_talking> <<Speaking to someone in room>> Paul, I can hear you perfectly, perfectly well,  /","[ Paul/NNP ] ,/,  [ I/PRP ] can/MD hear/VB  [ you/PRP ] perfectly/RB ,/, perfectly/RB well/RB ,/,","(S (NP-VOC (NNP Paul)) (, ,) (NP-SBJ (PRP I)) (VP (MD can) (VP (VB hear) (NP (PRP you)) (ADVP (RB perfectly) (, ,) (RB perfectly) (RB well)))) (, ,) (-DFL- E_S))",84
sw05utt/sw_0547_3051.utt,3/sw3051,3051,58,t3,B,27,4,I don't want to hear you.  /,[ I/PRP ] do/VBP n't/RB want/VB to/TO hear/VB  [ you/PRP ] ./.,(S (NP-SBJ-1 (PRP I)) (VP (VBP do) (RB n't) (VP (VB want) (S (NP-SBJ (-NONE- *-1)) (VP (TO to) (VP (VB hear) (NP (PRP you))))))) (. .) (-DFL- E_S)),85
sw05utt/sw_0547_3051.utt,3/sw3051,3051,59,t3,B,27,5,You are being rude.  /,[ You/PRP ] are/VBP being/VBG  [ rude/JJ ] ./.,(S (NP-SBJ (PRP You)) (VP (VBP are) (VP (VBG being) (ADJP-PRD (JJ rude)))) (. .) (-DFL- E_S)),86
sw05utt/sw_0547_3051.utt,3/sw3051,3051,60,t3,B,27,6,"Whatever you ask or scream when I'm on the phone, the answer is no.   /","[ Whatever/WDT ] [ you/PRP ] ask/VBP or/CC scream/VBP when/WRB  [ I/PRP ] 'm/VBP on/IN  [ the/DT phone/NN ] ,/,  [ the/DT answer/NN ] is/VBZ no/UH ./.","(S (SBAR-ADV (WHNP-1 (WDT Whatever)) (S (NP-SBJ (PRP you)) (VP (VBP ask) (CC or) (VBP scream) (NP (-NONE- *T*-1)) (SBAR-TMP (WHADVP-2 (WRB when)) (S (NP-SBJ (PRP I)) (VP (VBP 'm) (PP-PRD (IN on) (NP (DT the) (NN phone))) (ADVP-TMP (-NONE- *T*-2)))))))) (, ,) (NP-SBJ (DT the) (NN answer)) (VP (VBZ is) (INTJ-PRD (UH no))) (. .) (-DFL- E_S))",87
sw05utt/sw_0547_3051.utt,3/sw3051,3051,61,t3,B,27,8,Do you understand?   /,Do/VBP  [ you/PRP ] understand/VB ?/.,(SQ (VBP Do) (NP-SBJ (PRP you)) (VP (VB understand)) (. ?) (-DFL- E_S)),88
sw05utt/sw_0547_3051.utt,3/sw3051,3051,62,qw^c,B,27,9,<<Back to talking on phone>> How does that sound? /,How/WRB does/VBZ  [ that/DT sound/NN ] ?/.,(SBARQ (WHADVP-1 (WRB How)) (SQ (VBZ does) (NP-SBJ (DT that)) (VP (NN sound) (ADVP-MNR (-NONE- *T*-1)))) (. ?) (-DFL- E_S)),89
sw05utt/sw_0547_3051.utt,3/sw3051,3051,63,ba,A,28,1,There you go.  /,There/RB  [ you/PRP ] go/VBP ./.,(S (ADVP-TPC-1 (RB There)) (NP-SBJ (PRP you)) (VP (VBP go) (ADVP (-NONE- *T*-1))) (. .) (-DFL- E_S)),91
sw05utt/sw_0547_3051.utt,3/sw3051,3051,64,ad,A,28,2,# Write that one down. # /,Write/VB that/IN  [ one/NN ] down/RP ./.,(S-IMP (NP-SBJ (-NONE- *)) (VP (VB Write) (NP (IN that) (NN one)) (PRT (RP down))) (. .) (-DFL- E_S)),92
sw05utt/sw_0547_3051.utt,3/sw3051,3051,65,b,B,29,1,"# Yeah,  /","Yeah/UH ,/,","(INTJ (UH Yeah) (, ,) (-DFL- E_S))",55
sw05utt/sw_0547_3051.utt,3/sw3051,3051,66,o,B,29,2,there I go. # /,there/RB  [ I/PRP ] go/VBP ./.,(S (ADVP-TPC-1 (RB there)) (NP-SBJ (PRP I)) (VP (VBP go) (ADVP (-NONE- *T*-1))) (. .) (-DFL- E_S)),95
sw05utt/sw_0547_3051.utt,3/sw3051,3051,67,sd,A,30,1,It sounded good to me <laughter>. /,[ It/PRP ] sounded/VBD good/JJ to/IN  [ me/PRP ] ./.,(S (NP-SBJ (PRP It)) (VP (VBD sounded) (ADJP-PRD (JJ good) (PP (IN to) (NP (PRP me))))) (. .) (-DFL- E_S)),97
sw05utt/sw_0547_3051.utt,3/sw3051,3051,68,b,B,31,1,"Yeah,  /","Yeah/UH ,/,","(INTJ (UH Yeah) (, ,) (-DFL- E_S))",94
sw05utt/sw_0547_3051.utt,3/sw3051,3051,69,sd,B,31,2,"{D well, } I hate to say how long that will last too.  /","well/UH ,/,  [ I/PRP ] hate/VBP to/TO say/VB how/WRB  [ long/JJ ] [ that/DT ] will/MD last/VB too/RB ./.","(S (INTJ (UH well)) (, ,) (NP-SBJ-1 (PRP I)) (VP (VBP hate) (S (NP-SBJ (-NONE- *-1)) (VP (TO to) (VP (VB say) (SBAR (WHADJP-2 (WRB how) (JJ long)) (S (NP-SBJ (DT that)) (VP (MD will) (VP (VB last) (ADJP (-NONE- *T*-2)) (ADVP (RB too)))))))))) (. .) (-DFL- E_S))",100
sw05utt/sw_0547_3051.utt,3/sw3051,3051,70,^h,B,31,3,"<laughter> No,  /","No/UH ,/,","(INTJ (UH No) (, ,) (-DFL- E_S))",76
sw05utt/sw_0547_3051.utt,3/sw3051,3051,71,sd,B,31,4,"this area up here is, {F uh, } all custom homes,  /","[ this/DT area/NN ] up/IN here/RB is/VBZ ,/,  [ uh/UH ] ,/,  [ all/DT custom/NN homes/NNS ] ,/,","(S (NP-SBJ (NP (DT this) (NN area)) (PP-LOC (IN up) (ADVP (RB here)))) (VP (VBZ is) (, ,) (INTJ (UH uh)) (, ,) (NP-PRD (DT all) (NN custom) (NNS homes))) (, ,) (-DFL- E_S))",102
sw05utt/sw_0547_3051.utt,3/sw3051,3051,72,%,B,31,5,"{C and, }","and/CC ,/,","(S-IMP (CC and) (, ,) (NP-SBJ (-NONE- *)) (VP (VB hold) (PRT (RP on)) (NP-TMP (DT a) (NN second))) (. .) (-DFL- E_S))",83
sw05utt/sw_0547_3051.utt,3/sw3051,3051,73,b,A,32,1,Right. /,[ Right/UH ] ./.,(INTJ (UH Right) (. .) (-DFL- E_S)),105
sw05utt/sw_0547_3051.utt,3/sw3051,3051,74,+,B,33,1,"it's, - /","[ it/PRP ] 's/BES ,/,","(SQ (S (ADVP (RB Besides)) (, ,) (EDITED (RM (-DFL- \[)) (EDITED (RM (-DFL- \[)) (S (NP-SBJ (PRP it)) (VP-UNF (BES 's))) (, ,) (IP (-DFL- \+))) (S (PRN (S (NP-SBJ (PRP you)) (VP (VBP know))) (, ,)) (NP-SBJ (PRP it)) (VP-UNF (BES 's) (RB not) (, ,) (RS (-DFL- \])))) (IP (-DFL- \+))) (NP-SBJ (PRP it)) (VP (BES 's) (RB not) (RS (-DFL- \])) (NP-PRD (NNP Richardson)))) (. .) (SQ (VBZ Is) (NP-SBJ (PRP it)) (NP-PRD (-NONE- *?*))) (. ?) (-DFL- E_S))",73
sw05utt/sw_0547_3051.utt,3/sw3051,3051,75,sd,B,33,2,I don't think  that many by the builder that built this house.  /,[ I/PRP ] do/VBP n't/RB think/VB that/DT  [ many/JJ ] by/IN  [ the/DT builder/NN ] [ that/WDT ] built/VBD  [ this/DT house/NN ] ./.,(S (NP-SBJ (PRP I)) (VP (VBP do) (RB n't) (VP (VB think) (FRAG (NP (NP (ADJP (DT that) (JJ many))) (PP (IN by) (NP (DT the) (NN builder))) (SBAR (WHNP-1 (WDT that)) (S (NP-SBJ (-NONE- *T*-1)) (VP (VBD built) (NP (DT this) (NN house))))))))) (. .) (-DFL- E_S)),107
sw05utt/sw_0547_3051.utt,3/sw3051,3051,76,sd,B,33,3,"{C And, } we were not [ the first people, + the   first owners, ]  /","And/CC ,/,  [ we/PRP ] were/VBD not/RB  [ the/DT first/JJ people/NNS ] ,/,  [ the/DT first/JJ owners/NNS ] ,/,","(S (CC And) (, ,) (NP-SBJ (PRP we)) (VP (VBD were) (RB not) (EDITED (RM (-DFL- \[)) (NP-PRD (DT the) (JJ first) (NNS people)) (, ,) (IP (-DFL- \+))) (NP-PRD (DT the) (JJ first) (NNS owners))) (, ,) (RS (-DFL- \])) (-DFL- E_S))",108
sw05utt/sw_0547_3051.utt,3/sw3051,3051,77,sd,B,33,4,I think we are the third owners. /,[ I/PRP ] think/VBP  [ we/PRP ] are/VBP  [ the/DT third/JJ owners/NNS ] ./.,(S (NP-SBJ (PRP I)) (VP (VBP think) (SBAR (-NONE- 0) (S (NP-SBJ (PRP we)) (VP (VBP are) (NP-PRD (DT the) (JJ third) (NNS owners)))))) (. .) (-DFL- E_S)),109
sw05utt/sw_0547_3051.utt,3/sw3051,3051,78,b,A,34,1,"{F Uh, } okay. /","[ Uh/UH ] ,/,  [ okay/UH ] ./.","(INTJ (INTJ (UH Uh)) (, ,) (INTJ (UH okay)) (. .) (-DFL- E_S))",111
sw05utt/sw_0547_3051.utt,3/sw3051,3051,79,sd,B,35,1,"It was built by the architect for himself, <sigh> who never moved into it.  Who sold it to a couple who had <sigh> no idea that homes ever needed upkeep. /","[ It/PRP ] was/VBD built/VBN by/IN  [ the/DT architect/NN ] for/IN  [ himself/PRP ] ,/,  [ who/WP ] never/RB moved/VBD into/IN  [ it/PRP ] ./.  [ Who/WP ] sold/VBD  [ it/PRP ] to/IN  [ a/DT couple/NN ] [ who/WP ] had/VBD  [ no/DT idea/NN ] that/IN  [ homes/NNS ] ever/RB needed/VBD  [ upkeep/NN ] ./.","(S (NP-SBJ-1 (PRP It)) (VP (VBD was) (VP (VBN built) (NP (-NONE- *-1)) (PP (IN by) (NP-LGS (NP (DT the) (NN architect)) (SBAR (-NONE- *ICH*-3)) (SBAR (-NONE- *ICH*-6)))) (PP-BNF (IN for) (NP (PRP himself))) (, ,) (SBAR-3 (WHNP-2 (WP who)) (S (NP-SBJ (-NONE- *T*-2)) (ADVP-TMP (RB never)) (VP (VBD moved) (PP-DIR (IN into) (NP (PRP it)))))) (. .) (SBAR-6 (WHNP-4 (WP Who)) (S (NP-SBJ (-NONE- *T*-4)) (VP (VBD sold) (NP (PRP it)) (PP (IN to) (NP (NP (DT a) (NN couple)) (SBAR (WHNP-5 (WP who)) (S (NP-SBJ (-NONE- *T*-5)) (VP (VBD had) (NP (DT no) (NN idea)) (SBAR (IN that) (S (NP-SBJ (NNS homes)) (ADVP-TMP (RB ever)) (VP (VBD needed) (NP (NN upkeep))))))))))))))) (. .) (-DFL- E_S))",113
sw05utt/sw_0547_3051.utt,3/sw3051,3051,80,ba,A,36,1,"<Laughter> {F Oh, } no. /","Oh/UH ,/, no/UH ./.","(INTJ (INTJ (UH Oh)) (, ,) (INTJ (UH no)) (. .) (-DFL- E_S))",115
sw05utt/sw_0547_3051.utt,3/sw3051,3051,81,ba,B,37,1,"<Throat_clearing> {F Oh, } yeah,  /","Oh/UH ,/, yeah/UH ,/,","(INTJ (INTJ (UH Oh)) (, ,) (INTJ (UH yeah)) (, ,) (-DFL- E_S))",117
sw05utt/sw_0547_3051.utt,3/sw3051,3051,82,sd,B,37,2,caulking windows was a great mystery to them. /,caulking/NN  [ windows/NNS ] was/VBD  [ a/DT great/JJ mystery/NN ] to/IN  [ them/PRP ] ./.,(S (NP-SBJ (NN caulking) (NNS windows)) (VP (VBD was) (NP-PRD (DT a) (JJ great) (NN mystery)) (PP (IN to) (NP (PRP them)))) (. .) (-DFL- E_S)),118
sw05utt/sw_0547_3051.utt,3/sw3051,3051,83,ba,A,38,1,"{F Oh, } gee. /","Oh/UH ,/, gee/UH ./.","(INTJ (INTJ (UH Oh)) (, ,) (INTJ (UH gee)) (. .) (-DFL- E_S))",120
sw05utt/sw_0547_3051.utt,3/sw3051,3051,84,sd,B,39,1,"{C So, } they just watched the water pour in on the carpet.  /","So/RB ,/,  [ they/PRP ] just/RB watched/VBD  [ the/DT water/NN ] pour/VB in/RB on/IN  [ the/DT carpet/NN ] ./.","(S (RB So) (, ,) (NP-SBJ (PRP they)) (ADVP (RB just)) (VP (VBD watched) (S (NP-SBJ (DT the) (NN water)) (VP (VB pour) (ADVP-DIR (RB in)) (PP-LOC (IN on) (NP (DT the) (NN carpet)))))) (. .) (-DFL- E_S))",122
sw05utt/sw_0547_3051.utt,3/sw3051,3051,85,sd,B,39,2,"<sigh> {C But, } it's a Sharif Myneer Homes, if that means anything,  /","But/CC ,/,  [ it/PRP ] 's/BES  [ a/DT Sharif/NNP Myneer/NNP Homes/NNP ] ,/, if/IN  [ that/DT ] means/VBZ  [ anything/NN ] ,/,","(S (CC But) (, ,) (NP-SBJ (PRP it)) (VP (BES 's) (NP-PRD (DT a) (NNP Sharif) (NNP Myneer) (NNP Homes)) (, ,) (SBAR-ADV (IN if) (S (NP-SBJ (DT that)) (VP (VBZ means) (NP (NN anything)))))) (, ,) (-DFL- E_S))",123
sw05utt/sw_0547_3051.utt,3/sw3051,3051,86,sd,B,39,3,"it did not really mean anything to me # except, #","[ it/PRP ] did/VBD not/RB really/RB mean/VB  [ anything/NN ] to/IN  [ me/PRP ] except/IN ,/,","(S (NP-SBJ (PRP it)) (VP (VBD did) (RB not) (ADVP (RB really)) (VP (VB mean) (NP (NP (NN anything)) (PP (IN to) (NP (PRP me))) (PP (IN except) (, ,) (SBAR (-NONE- 0) (S (NP-SBJ (PRP I)) (VP (VBD liked) (NP (PRP it))))))))) (. .) (-DFL- E_S))",124
sw05utt/sw_0547_3051.utt,3/sw3051,3051,87,sd,A,40,1,"# [ I, + I, ] #","[ I/PRP ] ,/,  [ I/PRP ] ,/,","(S (EDITED (RM (-DFL- \[)) (NP-SBJ (PRP I)) (, ,) (IP (-DFL- \+))) (NP-SBJ-1 (PRP I)) (, ,) (RS (-DFL- \])) (VP (VBD kept) (S (NP-SBJ (-NONE- *-1)) (VP (VBG thinking) (PP (IN of) (NP (NNP Omar) (NNP Sharif))) (NP-TMP (NP (DT every) (NN time)) (SBAR (WHADVP-2 (-NONE- 0)) (S (NP-SBJ (PRP I)) (VP (VBD saw) (NP (DT that) (NN name)) (ADVP-LOC (RB somewhere)) (ADVP-TMP (-NONE- *T*-2))))))))) (, ,) (-DFL- E_S))",126
sw05utt/sw_0547_3051.utt,3/sw3051,3051,88,+,B,41,1,I liked it. /,[ I/PRP ] liked/VBD  [ it/PRP ] ./.,"(S (NP-SBJ (PRP it)) (VP (VBD did) (RB not) (ADVP (RB really)) (VP (VB mean) (NP (NP (NN anything)) (PP (IN to) (NP (PRP me))) (PP (IN except) (, ,) (SBAR (-NONE- 0) (S (NP-SBJ (PRP I)) (VP (VBD liked) (NP (PRP it))))))))) (. .) (-DFL- E_S))",124
sw05utt/sw_0547_3051.utt,3/sw3051,3051,89,+,A,42,1,"kept thinking of Omar Sharif every time I saw that name somewhere,  /","kept/VBD  [ thinking/VBG ] of/IN  [ Omar/NNP Sharif/NNP ] [ every/DT time/NN ] [ I/PRP ] saw/VBD  [ that/DT name/NN ] somewhere/RB ,/,","(S (EDITED (RM (-DFL- \[)) (NP-SBJ (PRP I)) (, ,) (IP (-DFL- \+))) (NP-SBJ-1 (PRP I)) (, ,) (RS (-DFL- \])) (VP (VBD kept) (S (NP-SBJ (-NONE- *-1)) (VP (VBG thinking) (PP (IN of) (NP (NNP Omar) (NNP Sharif))) (NP-TMP (NP (DT every) (NN time)) (SBAR (WHADVP-2 (-NONE- 0)) (S (NP-SBJ (PRP I)) (VP (VBD saw) (NP (DT that) (NN name)) (ADVP-LOC (RB somewhere)) (ADVP-TMP (-NONE- *T*-2))))))))) (, ,) (-DFL- E_S))",126
sw05utt/sw_0547_3051.utt,3/sw3051,3051,90,%,A,42,2,"{C so, } -/","so/UH ,/,","(S-UNF (RB so) (, ,) (-DFL- N_S))",129
sw05utt/sw_0547_3051.utt,3/sw3051,3051,91,sd,B,43,1,He builds eight hundred thousand dollar houses now.  /,[ He/PRP ] builds/VBZ  [ eight/CD hundred/CD thousand/CD dollar/NN houses/NNS ] now/RB ./.,(S (NP-SBJ (PRP He)) (VP (VBZ builds) (NP (QP (CD eight) (CD hundred) (CD thousand)) (NN dollar) (NNS houses)) (ADVP-TMP (RB now))) (. .) (-DFL- E_S)),131
sw05utt/sw_0547_3051.utt,3/sw3051,3051,92,sd,B,43,2,I think he got out of the lower end market.,[ I/PRP ] think/VBP  [ he/PRP ] got/VBD out/IN of/IN  [ the/DT lower/JJR end/NN market/NN ] ./.,"(S (NP-SBJ (PRP I)) (VP (VBP think) (SBAR (-NONE- 0) (S (NP-SBJ (PRP he)) (VP (VP (VBD got) (PP (IN out) (PP (IN of) (NP (DT the) (ADJP (JJR lower) (NN end)) (NN market))))) (. .) (CC And) (VP-UNF (VBD decided)))))) (, ,) (-DFL- N_S))",132
sw05utt/sw_0547_3051.utt,3/sw3051,3051,93,b,A,44,1,{F Uh. } /,[ Uh/UH ] ./.,(INTJ (UH Uh) (. .) (-DFL- E_S)),134
sw05utt/sw_0547_3051.utt,3/sw3051,3051,94,+,B,45,1,"And decided, - /","And/CC decided/VBD ,/,","(S (NP-SBJ (PRP I)) (VP (VBP think) (SBAR (-NONE- 0) (S (NP-SBJ (PRP he)) (VP (VP (VBD got) (PP (IN out) (PP (IN of) (NP (DT the) (ADJP (JJR lower) (NN end)) (NN market))))) (. .) (CC And) (VP-UNF (VBD decided)))))) (, ,) (-DFL- N_S))",132
sw05utt/sw_0547_3051.utt,3/sw3051,3051,95,sd,B,45,2,"{C but, } the houses here [ in, + in  ] this class of housing never dropped below two hundred. /","but/CC ,/,  [ the/DT houses/NNS ] here/RB in/IN ,/, in/IN  [ this/DT class/NN ] of/IN housing/NN never/RB dropped/VBD below/IN  [ two/CD hundred/CD ] ./.","(S (CC but) (, ,) (NP-SBJ (NP (DT the) (NNS houses)) (ADVP-LOC (RB here)) (EDITED (RM (-DFL- \[)) (PP-UNF (IN in)) (, ,) (IP (-DFL- \+))) (PP (IN in) (RS (-DFL- \])) (NP (NP (DT this) (NN class)) (PP (IN of) (NP (NN housing)))))) (ADVP-TMP (RB never)) (VP (VBD dropped) (PP (IN below) (NP (QP (CD two) (CD hundred))))) (. .) (-DFL- E_S))",136
sw05utt/sw_0547_3051.utt,3/sw3051,3051,96,ba,A,46,1,"{F Oh, } wow. /","Oh/UH ,/, wow/UH ./.","(INTJ (INTJ (UH Oh)) (, ,) (INTJ (UH wow)) (. .) (-DFL- E_S))",138
sw05utt/sw_0547_3051.utt,3/sw3051,3051,97,b,B,47,1,"Yeah,  /","Yeah/UH ,/,","(INTJ (UH Yeah) (, ,) (-DFL- E_S))",140
sw05utt/sw_0547_3051.utt,3/sw3051,3051,98,sd,B,47,2,"{D well } <laughter> {C but, } still I know that this one was built for two ninety nine, which is nowhere near what we paid for it. /","well/UH but/CC ,/, still/RB  [ I/PRP ] know/VBP that/IN  [ this/DT one/CD ] was/VBD built/VBN for/IN  [ two/CD ninety/CD nine/CD ] ,/,  [ which/WDT ] is/VBZ nowhere/RB near/RB  [ what/WP ] [ we/PRP ] paid/VBD for/IN  [ it/PRP ] ./.","(S (INTJ (UH well)) (CC but) (, ,) (ADVP (RB still)) (NP-SBJ (PRP I)) (VP (VBP know) (SBAR (IN that) (S (NP-SBJ-1 (DT this) (CD one)) (VP (VBD was) (VP (VBN built) (NP (-NONE- *-1)) (PP (IN for) (NP (NP (QP (CD two) (CD ninety) (CD nine))) (, ,) (SBAR (WHNP-2 (WDT which)) (S (NP-SBJ (-NONE- *T*-2)) (VP (VBZ is) (SBAR-NOM-PRD (ADVP (RB nowhere) (RB near)) (WHNP-3 (WP what)) (S (NP-SBJ (PRP we)) (VP (VBD paid) (NP (-NONE- *T*-3)) (PP (IN for) (NP (PRP it)))))))))))))))) (. .) (-DFL- E_S))",141
sw05utt/sw_0547_3051.utt,3/sw3051,3051,99,b,A,48,1,Right. /,[ Right/UH ] ./.,(INTJ (UH Right) (. .) (-DFL- E_S)),143
sw05utt/sw_0547_3051.utt,3/sw3051,3051,100,sd,B,49,1,"{C And } I think somebody told me it's also on a creek side lot, <children_talking> heavily wooded off the golf course. /","And/CC  [ I/PRP ] think/VBP  [ somebody/NN ] told/VBD  [ me/PRP ] [ it/PRP ] 's/BES also/RB on/IN  [ a/DT creek/NN side/NN lot/NN ] ,/, heavily/RB wooded/JJ off/IN  [ the/DT golf/NN course/NN ] ./.","(S (CC And) (NP-SBJ (PRP I)) (VP (VBP think) (SBAR (-NONE- 0) (S (NP-SBJ (NN somebody)) (VP (VBD told) (NP (PRP me)) (SBAR (-NONE- 0) (S (NP-SBJ (PRP it)) (VP (BES 's) (ADVP (RB also)) (PP-PRD (IN on) (NP (NP (DT a) (NN creek) (NN side) (NN lot)) (, ,) (ADJP (RB heavily) (JJ wooded)) (PP-LOC (IN off) (NP (DT the) (NN golf) (NN course)))))))))))) (. .) (-DFL- E_S))",145
sw05utt/sw_0547_3051.utt,3/sw3051,3051,101,ba,A,50,1,"{F Oh, } great. /","Oh/UH ,/,  [ great/UH ] ./.","(INTJ (INTJ (UH Oh)) (, ,) (INTJ (UH great)) (. .) (-DFL- E_S))",147
sw05utt/sw_0547_3051.utt,3/sw3051,3051,102,b,B,51,1,"Yeah,  /","Yeah/UH ,/,","(INTJ (UH Yeah) (, ,) (-DFL- E_S))",140
sw05utt/sw_0547_3051.utt,3/sw3051,3051,103,sd,B,51,2,{C and } the guy around the corner is being transferred  /,and/CC  [ the/DT guy/NN ] around/IN  [ the/DT corner/NN ] is/VBZ being/VBG transferred/VBN,(S (CC and) (NP-SBJ-1 (NP (DT the) (NN guy)) (PP-LOC (IN around) (NP (DT the) (NN corner)))) (VP (VBZ is) (VP (VBG being) (VP (VBN transferred) (NP (-NONE- *-1))))) (-DFL- E_S)),150
sw05utt/sw_0547_3051.utt,3/sw3051,3051,104,sd,B,51,3,"{C so } he said, {F uh, } {D well, } he did comparables that it's about <noise> eighty dollars,  /","so/RB  [ he/PRP ] said/VBD ,/,  [ uh/UH ] ,/, well/UH ,/,  [ he/PRP ] did/VBD  [ comparables/NNS ] that/IN  [ it/PRP ] 's/BES about/RB  [ eighty/CD dollars/NNS ] ,/,","(S (RB so) (NP-SBJ (PRP he)) (VP (VBD said) (, ,) (INTJ (UH uh)) (, ,) (INTJ (UH well)) (, ,) (SBAR (-NONE- 0) (S (NP-SBJ (PRP he)) (VP (VBD did) (NP (NP (NNS comparables)) (SBAR (IN that) (S (NP-SBJ (PRP it)) (VP (BES 's) (NP-PRD (QP (RB about) (CD eighty)) (NNS dollars)))))))))) (, ,) (-DFL- E_S))",151
sw05utt/sw_0547_3051.utt,3/sw3051,3051,105,^h,B,51,4,"let's see what,  /","let/VB  [ 's/PRP ] see/VB  [ what/WP ] ,/,","(S-IMP (NP-SBJ (-NONE- *)) (VP (VB let) (S (NP-SBJ (PRP 's)) (VP (VB see) (NP (WP what))))) (, ,) (-DFL- E_S))",152
sw05utt/sw_0547_3051.utt,3/sw3051,3051,106,sd,B,51,5,"I don't remember if he said it was sixty dollars a square foot <children_yelling>,","[ I/PRP ] do/VBP n't/RB remember/VB if/IN  [ he/PRP ] said/VBD  [ it/PRP ] was/VBD  [ sixty/CD dollars/NNS ] [ a/DT square/NN foot/NN ] ,/,","(S (NP-SBJ (PRP I)) (VP (VBP do) (RB n't) (VP (VB remember) (SBAR (SBAR (IN if) (S (NP-SBJ (PRP he)) (VP (VBD said) (SBAR (-NONE- 0) (S (NP-SBJ (PRP it)) (VP (VBD was) (NP-PRD (NP (NP (NP (CD sixty) (NNS dollars)) (NP-ADV (DT a) (NN square) (NN foot))) (, ,) (PP-LOC (IN off) (NP (DT the) (NN creek)))) (CC and) (NP (NP (CD eighty)) (PP-LOC (IN on) (NP (DT the) (NN creek))))))))))) (, ,) (CC or) (, ,) (SBAR (IN if) (S (NP-SBJ (PRP it)) (VP (VBD was) (NP-PRD (NP (CD eighty)) (CC and) (NP (QP (DT a) (CD hundred)))))))))) (. .) (-DFL- E_S))",153
sw05utt/sw_0547_3051.utt,3/sw3051,3051,107,b,A,52,1,{D (( Well )) },Well/UH,(INTJ (INTJ (UH Well)) (INTJ (UH Yeah)) (. .) (-DFL- E_S)),155
sw05utt/sw_0547_3051.utt,3/sw3051,3051,108,+,B,53,1,"off the creek and eighty on the creek,","off/IN  [ the/DT creek/NN ] and/CC  [ eighty/CD ] on/IN  [ the/DT creek/NN ] ,/,","(S (NP-SBJ (PRP I)) (VP (VBP do) (RB n't) (VP (VB remember) (SBAR (SBAR (IN if) (S (NP-SBJ (PRP he)) (VP (VBD said) (SBAR (-NONE- 0) (S (NP-SBJ (PRP it)) (VP (VBD was) (NP-PRD (NP (NP (NP (CD sixty) (NNS dollars)) (NP-ADV (DT a) (NN square) (NN foot))) (, ,) (PP-LOC (IN off) (NP (DT the) (NN creek)))) (CC and) (NP (NP (CD eighty)) (PP-LOC (IN on) (NP (DT the) (NN creek))))))))))) (, ,) (CC or) (, ,) (SBAR (IN if) (S (NP-SBJ (PRP it)) (VP (VBD was) (NP-PRD (NP (CD eighty)) (CC and) (NP (QP (DT a) (CD hundred)))))))))) (. .) (-DFL- E_S))",153
sw05utt/sw_0547_3051.utt,3/sw3051,3051,109,+,A,54,1,Yeah. /,Yeah/UH ./.,(INTJ (UH Yeah) (. .) (-DFL- E_S)),177
sw05utt/sw_0547_3051.utt,3/sw3051,3051,110,+,B,55,1,"or, if it was eighty and a hundred. /","or/CC ,/, if/IN  [ it/PRP ] was/VBD  [ eighty/CD ] and/CC  [ a/DT hundred/CD ] ./.","(S (NP-SBJ (PRP I)) (VP (VBP do) (RB n't) (VP (VB remember) (SBAR (SBAR (IN if) (S (NP-SBJ (PRP he)) (VP (VBD said) (SBAR (-NONE- 0) (S (NP-SBJ (PRP it)) (VP (VBD was) (NP-PRD (NP (NP (NP (CD sixty) (NNS dollars)) (NP-ADV (DT a) (NN square) (NN foot))) (, ,) (PP-LOC (IN off) (NP (DT the) (NN creek)))) (CC and) (NP (NP (CD eighty)) (PP-LOC (IN on) (NP (DT the) (NN creek))))))))))) (, ,) (CC or) (, ,) (SBAR (IN if) (S (NP-SBJ (PRP it)) (VP (VBD was) (NP-PRD (NP (CD eighty)) (CC and) (NP (QP (DT a) (CD hundred)))))))))) (. .) (-DFL- E_S))",153
sw05utt/sw_0547_3051.utt,3/sw3051,3051,111,sv,A,56,1,Probably # eighty. # /,Probably/RB  [ eighty/CD ] ./.,(NP (QP (RB Probably) (CD eighty)) (. .) (-DFL- E_S)),160
sw05utt/sw_0547_3051.utt,3/sw3051,3051,112,ar,B,57,1,"# I think # it was sixty, eighty. /","[ I/PRP ] think/VBP  [ it/PRP ] was/VBD  [ sixty/CD ] ,/,  [ eighty/CD ] ./.","(S (NP-SBJ (PRP I)) (VP (VBP think) (SBAR (-NONE- 0) (S (NP-SBJ (PRP it)) (VP (VBD was) (NP-PRD (CD sixty) (, ,) (CD eighty)))))) (. .) (-DFL- E_S))",162
sw05utt/sw_0547_3051.utt,3/sw3051,3051,113,b^m,A,58,1,"Sixty, eighty. /","[ Sixty/CD ] ,/,  [ eighty/CD ] ./.","(NP (CD Sixty) (, ,) (CD eighty) (. .) (-DFL- E_S))",164
sw05utt/sw_0547_3051.utt,3/sw3051,3051,114,h,B,59,1,I think. /,[ I/PRP ] think/VBP ./.,(S (NP-SBJ (PRP I)) (VP (VBP think)) (. .) (-DFL- E_S)),166
sw05utt/sw_0547_3051.utt,3/sw3051,3051,115,sd,A,60,1,"<Noise> {D Well } {C because, } I know [ our, + our  ] little house over here stuck in the middle of, {D you know, } the subdivision is, I think fifty five,  /","Well/UH because/RB ,/,  [ I/PRP ] know/VBP  [ our/PRP$ ] ,/,  [ our/PRP$ little/JJ house/NN ] over/IN here/RB stuck/VBN in/IN  [ the/DT middle/NN ] of/IN ,/,  [ you/PRP ] know/VBP ,/,  [ the/DT subdivision/NN ] is/VBZ ,/,  [ I/PRP ] think/VBP  [ fifty/CD five/CD ] ,/,","(SBAR-PRP (INTJ (UH Well)) (RB because) (, ,) (S (NP-SBJ (PRP I)) (VP (VBP know) (SBAR (-NONE- 0) (S (EDITED (RM (-DFL- \[)) (NP-SBJ-UNF (PRP$ our)) (, ,) (IP (-DFL- \+))) (NP-SBJ (NP (PRP$ our) (RS (-DFL- \])) (JJ little) (NN house)) (PP-LOC (IN over) (ADVP (RB here))) (VP (VBN stuck) (NP (-NONE- *)) (PP-LOC (IN in) (NP (NP (DT the) (NN middle)) (PP (IN of) (PRN (, ,) (S (NP-SBJ (PRP you)) (VP (VBP know))) (, ,)) (NP (DT the) (NN subdivision))))))) (VP (VBZ is) (PRN (, ,) (S (NP-SBJ (PRP I)) (VP (VBP think)))) (NP-PRD (QP (CD fifty) (CD five)))))))) (, ,) (-DFL- E_S))",168
sw05utt/sw_0547_3051.utt,3/sw3051,3051,116,sv,A,60,2,"{C so, } I think the high end is definitely, <<speaking fades>> {D you know } somewhere there <Children_yelling>. /","so/RB ,/,  [ I/PRP ] think/VBP  [ the/DT high/JJ end/NN ] is/VBZ definitely/RB ,/,  [ you/PRP ] know/VBP somewhere/RB there/RB ./.","(S (RB so) (, ,) (NP-SBJ (PRP I)) (VP (VBP think) (SBAR (-NONE- 0) (S (NP-SBJ (DT the) (JJ high) (NN end)) (VP (VBZ is) (ADVP (RB definitely)) (PRN (, ,) (S (NP-SBJ (PRP you)) (VP (VBP know)))) (ADVP-LOC-PRD (RB somewhere)) (ADVP (RB there)))))) (. .) (-DFL- E_S))",169
sw05utt/sw_0547_3051.utt,3/sw3051,3051,117,ad,B,61,1,"{D Well, } try and think if it was a hundred dollars a square foot <talking>.  /","Well/UH ,/, try/VB and/CC think/VB if/IN  [ it/PRP ] was/VBD  [ a/DT hundred/CD dollars/NNS ] [ a/DT square/NN foot/NN ] ./.","(S (INTJ (UH Well)) (, ,) (NP-SBJ (-NONE- *)) (VP (VP (VB try)) (CC and) (VP (VB think) (SBAR (IN if) (S (NP-SBJ (PRP it)) (VP (VBD was) (NP-PRD (NP (QP (DT a) (CD hundred)) (NNS dollars)) (NP-ADV (DT a) (NN square) (NN foot)))))))) (. .) (-DFL- E_S))",171
sw05utt/sw_0547_3051.utt,3/sw3051,3051,118,ar,B,61,2,"No,  /","No/UH ,/,","(INTJ (UH No) (, ,) (-DFL- E_S))",172
sw05utt/sw_0547_3051.utt,3/sw3051,3051,119,sv,B,61,3,"it could not be,  /","[ it/PRP ] could/MD not/RB be/VB ,/,","(S (NP-SBJ (PRP it)) (VP (MD could) (RB not) (VP (VB be) (NP-PRD (-NONE- *?*)))) (, ,) (-DFL- E_S))",173
sw05utt/sw_0547_3051.utt,3/sw3051,3051,120,sd,B,61,4,"{C because } this house has around thirty four hundred square feet,  /","because/IN  [ this/DT house/NN ] has/VBZ around/RB  [ thirty/CD four/CD hundred/CD square/JJ feet/NNS ] ,/,","(SBAR-PRP (IN because) (S (NP-SBJ (DT this) (NN house)) (VP (VBZ has) (ADVP (RB around)) (NP (QP (CD thirty) (CD four) (CD hundred)) (JJ square) (NNS feet)))) (, ,) (-DFL- E_S))",174
sw05utt/sw_0547_3051.utt,3/sw3051,3051,121,sv,B,61,5,{C and } it would never sell for three hundred forty thousand dollars. /,and/CC  [ it/PRP ] would/MD never/RB sell/VB for/IN  [ three/CD hundred/CD forty/CD thousand/CD dollars/NNS ] ./.,(S (CC and) (NP-SBJ (PRP it)) (VP (MD would) (ADVP-TMP (RB never)) (VP (VB sell) (PP (IN for) (NP (QP (CD three) (CD hundred) (CD forty) (CD thousand)) (NNS dollars))))) (. .) (-DFL- E_S)),175
sw05utt/sw_0547_3051.utt,3/sw3051,3051,122,b,A,62,1,Yeah. /,Yeah/UH ./.,(INTJ (UH Yeah) (. .) (-DFL- E_S)),177
sw05utt/sw_0547_3051.utt,3/sw3051,3051,123,sv,B,63,1,Just never. /,Just/RB never/RB ./.,(FRAG (ADVP (RB Just)) (ADVP-TMP (RB never)) (. .) (-DFL- E_S)),179
sw05utt/sw_0547_3051.utt,3/sw3051,3051,124,%,A,64,1,{D Well } <TV>. /,Well/UH ./.,(INTJ (UH Well) (. .) (-DFL- E_S)),181
sw05utt/sw_0547_3051.utt,3/sw3051,3051,125,sv,B,65,1,"{D Now, } maybe, {D you know, }  that's pretty close to what it would have sold for, {F uh, } brand new,  /","Now/UH ,/, maybe/RB ,/,  [ you/PRP ] know/VBP ,/,  [ that/DT ] 's/BES pretty/RB close/RB to/IN  [ what/WP ] [ it/PRP ] would/MD have/VB sold/VBN for/IN ,/,  [ uh/UH ] ,/, brand/RB new/JJ ,/,","(S (INTJ (UH Now)) (, ,) (ADVP (RB maybe)) (PRN (, ,) (S (NP-SBJ (PRP you)) (VP (VBP know))) (, ,)) (NP-SBJ (DT that)) (VP (BES 's) (ADVP-PRD (RB pretty) (RB close) (PP (IN to) (SBAR-NOM (WHNP-1 (WP what)) (S (NP-SBJ (PRP it)) (VP (MD would) (VP (VB have) (VP (VBN sold) (PP (IN for) (NP (-NONE- *T*-1))) (, ,) (INTJ (UH uh)) (, ,) (S-ADV (NP-SBJ (-NONE- *)) (ADJP-PRD (RB brand) (JJ new))))))))))) (, ,) (-DFL- E_S))",183
sw05utt/sw_0547_3051.utt,3/sw3051,3051,126,sv,B,65,2,{C or } that's pretty much what it was built for.  /,or/CC  [ that/DT ] 's/BES pretty/RB much/RB  [ what/WP ] [ it/PRP ] was/VBD built/VBN for/IN ./.,(S (CC or) (NP-SBJ (DT that)) (VP (BES 's) (SBAR-NOM-PRD (ADVP (RB pretty) (RB much)) (WHNP-2 (WP what)) (S (NP-SBJ-1 (PRP it)) (VP (VBD was) (VP (VBN built) (NP (-NONE- *-1)) (PP (IN for) (NP (-NONE- *T*-2)))))))) (. .) (-DFL- E_S)),184
sw05utt/sw_0547_3051.utt,3/sw3051,3051,127,sd,B,65,3,It's got an awful lot of nice things in it  /,[ It/PRP ] [ 's/HVS ] got/VBN  [ an/DT awful/JJ lot/NN ] of/IN  [ nice/JJ things/NNS ] in/IN  [ it/PRP ],(S (NP-SBJ (PRP It)) (VP (HVS 's) (VP (VBN got) (NP (NP (DT an) (JJ awful) (NN lot)) (PP (IN of) (NP (JJ nice) (NNS things)))) (PP-LOC (IN in) (NP (PRP it))))) (-DFL- E_S)),185
sw05utt/sw_0547_3051.utt,3/sw3051,3051,128,sv,B,65,4,"{C but, } {D you know, } [ I don't think, +  I think ] it's going to be a long time, if ever, when nice things and really quality construction and  all the other additional amenities <sigh> are really, <sigh> {F uh, } desirable.  /","but/CC ,/,  [ you/PRP ] know/VBP ,/,  [ I/PRP ] do/VBP n't/RB think/VB ,/,  [ I/PRP ] think/VBP  [ it/PRP ] 's/BES going/VBG to/TO be/VB  [ a/DT long/JJ time/NN ] ,/, if/IN ever/RB ,/, when/WRB  [ nice/JJ things/NNS ] and/CC really/RB  [ quality/NN construction/NN ] and/CC  [ all/PDT the/DT other/JJ additional/JJ amenities/NNS ] are/VBP really/RB ,/,  [ uh/UH ] ,/,  [ desirable/JJ ] ./.","(S (CC but) (PRN (, ,) (S (NP-SBJ (PRP you)) (VP (VBP know))) (, ,)) (EDITED (RM (-DFL- \[)) (S (NP-SBJ (PRP I)) (VP (VBP do) (RB n't) (VP-UNF (VB think)))) (, ,) (IP (-DFL- \+))) (NP-SBJ (PRP I)) (VP (VBP think) (RS (-DFL- \])) (SBAR (-NONE- 0) (S (NP-SBJ-1 (PRP it)) (VP (BES 's) (VP (VBG going) (S (NP-SBJ (-NONE- *-1)) (VP (TO to) (VP (VB be) (NP-PRD (DT a) (JJ long) (NN time)) (, ,) (SBAR-ADV (IN if) (FRAG (ADVP-TMP (RB ever)))) (, ,) (SBAR-TMP (WHADVP-2 (WRB when)) (S (NP-SBJ (NP (JJ nice) (NNS things)) (CC and) (ADVP (RB really)) (NP (NN quality) (NN construction)) (CC and) (NP (PDT all) (DT the) (JJ other) (JJ additional) (NNS amenities))) (VP (VBP are) (ADJP-PRD (RB really) (, ,) (INTJ (UH uh)) (, ,) (JJ desirable)) (ADVP-TMP (-NONE- *T*-2))))))))))))) (. .) (-DFL- E_S))",186
sw05utt/sw_0547_3051.utt,3/sw3051,3051,129,sv,B,65,5,It's seems like people go for square footage only now -- /,[ It/PRP ] [ 's/BES ] seems/VBZ like/IN  [ people/NNS ] go/VBP for/IN  [ square/JJ footage/NN ] only/RB now/RB --/:,(S (NP-SBJ (PRP It)) (X (VP (BES 's))) (VP (VBZ seems) (SBAR (IN like) (S (NP-SBJ (NNS people)) (VP (VBP go) (PP (IN for) (NP (JJ square) (NN footage))) (ADVP (RB only)) (ADVP-TMP (RB now)))))) (-DFL- E_S)),187
sw05utt/sw_0547_3051.utt,3/sw3051,3051,130,b,A,66,1,Yeah. /,Yeah/UH ./.,(INTJ (UH Yeah) (. .) (-DFL- E_S)),177
sw05utt/sw_0547_3051.utt,3/sw3051,3051,131,qy,B,67,1,"-- {C and, } {F uh, } <Noise> {C cause. }  Have you been back to the Perry Homes, back here? /","--/: and/CC ,/,  [ uh/UH ] ,/,  [ cause/RB ] ./.  Have/VBP  [ you/PRP ] been/VBN back/RB to/IN  [ the/DT Perry/NNP Homes/NNP ] ,/, back/RB here/RB ?/.","(SQ (CC and) (, ,) (INTJ (UH uh)) (, ,) (EDITED (SBAR-PRP-UNF (RB cause))) (. .) (VBP Have) (NP-SBJ (PRP you)) (VP (VBN been) (PP-DIR-PRD (ADVP (RB back)) (IN to) (NP (NP (DT the) (NNP Perry) (NNP Homes)) (, ,) (ADVP-LOC (RB back) (RB here))))) (. ?) (-DFL- E_S))",191
sw05utt/sw_0547_3051.utt,3/sw3051,3051,132,br,A,68,1,"{F Um, } <noise> the ones that look like brick houses <laughter>? /","Um/UH ,/,  [ the/DT ones/NNS ] [ that/WDT ] look/VBP like/IN  [ brick/NN houses/NNS ] ?/.","(FRAG (INTJ (UH Um)) (, ,) (NP (NP (DT the) (NNS ones)) (SBAR (WHNP-1 (WDT that)) (S (NP-SBJ (-NONE- *T*-1)) (VP (VBP look) (PP (IN like) (NP (NN brick) (NNS houses))))))) (. ?) (-DFL- E_S))",193
sw05utt/sw_0547_3051.utt,3/sw3051,3051,133,sd,B,69,1,The one that looks like Monopoly apartments. /,[ The/DT one/NN ] [ that/WDT ] looks/VBZ like/IN  [ Monopoly/NNP apartments/NNS ] ./.,(NP (NP (DT The) (NN one)) (SBAR (WHNP-1 (WDT that)) (S (NP-SBJ (-NONE- *T*-1)) (VP (VBZ looks) (PP (IN like) (NP (NNP Monopoly) (NNS apartments)))))) (. .) (-DFL- E_S)),195
sw05utt/sw_0547_3051.utt,3/sw3051,3051,134,b,A,70,1,Right.  /,[ Right/UH ] ./.,(INTJ (UH Right) (. .) (-DFL- E_S)),197
sw05utt/sw_0547_3051.utt,3/sw3051,3051,135,ny,A,70,2,"<laughter> Yeah,  /","[ Yeah/UH ] ,/,","(INTJ (UH Yeah) (, ,) (-DFL- E_S))",198
sw05utt/sw_0547_3051.utt,3/sw3051,3051,136,sv,A,70,3,I think those are awful. <laughter>  /,[ I/PRP ] think/VBP  [ those/DT ] are/VBP awful/JJ ./.,(S (NP-SBJ (PRP I)) (VP (VBP think) (SBAR (-NONE- 0) (S (NP-SBJ (DT those)) (VP (VBP are) (ADJP-PRD (JJ awful)))))) (. .) (-DFL- E_S)),199
sw05utt/sw_0547_3051.utt,3/sw3051,3051,137,fa,A,70,4,"I'm sorry,  /","[ I/PRP ] 'm/VBP sorry/JJ ,/,","(S (NP-SBJ (PRP I)) (VP (VBP 'm) (ADJP-PRD (JJ sorry))) (, ,) (-DFL- E_S))",200
sw05utt/sw_0547_3051.utt,3/sw3051,3051,138,sd,A,70,5,"I just don't see the designer's, - /","[ I/PRP ] just/RB do/VBP n't/RB see/VB  [ the/DT designer/NN ] 's/POS ,/,","(S (NP-SBJ (PRP I)) (ADVP (RB just)) (VP (VBP do) (RB n't) (VP (VB see) (NP-UNF (DT the) (NN designer) (POS 's)))) (, ,) (-DFL- N_S))",201
sw05utt/sw_0547_3051.utt,3/sw3051,3051,139,sd,A,70,6,"I just see him as trying to squish  [ as much space, + {D you know, } as much house into the space ] as possible. /","[ I/PRP ] just/RB see/VBP  [ him/PRP ] as/IN trying/VBG to/TO squish/VB as/IN  [ much/JJ space/NN ] ,/,  [ you/PRP ] know/VBP ,/, as/IN  [ much/JJ house/NN ] into/IN  [ the/DT space/NN ] as/IN  [ possible/JJ ] ./.","(S (NP-SBJ (PRP I)) (ADVP (RB just)) (VP (VBP see) (NP (PRP him)) (PP (IN as) (S-NOM (NP-SBJ-1 (-NONE- *)) (VP (VBG trying) (S (NP-SBJ (-NONE- *-1)) (VP (TO to) (VP (VB squish) (EDITED (RM (-DFL- \[)) (NP (ADJP (IN as) (JJ much)) (NN space)) (, ,) (IP (-DFL- \+))) (PRN (S (NP-SBJ (PRP you)) (VP (VBP know))) (, ,)) (NP (NP (ADJP (IN as) (JJ much)) (NN house)) (PP (IN into) (NP (DT the) (NN space))) (RS (-DFL- \])) (PP (IN as) (ADJP (JJ possible))))))))))) (. .) (-DFL- E_S))",202
sw05utt/sw_0547_3051.utt,3/sw3051,3051,140,sd,B,71,1,They are huge when you are inside them. /,[ They/PRP ] are/VBP huge/JJ when/WRB  [ you/PRP ] are/VBP inside/IN  [ them/PRP ] ./.,(S (NP-SBJ (PRP They)) (VP (VBP are) (ADJP-PRD (JJ huge)) (SBAR-TMP (WHADVP-1 (WRB when)) (S (NP-SBJ (PRP you)) (VP (VBP are) (PP-LOC-PRD (IN inside) (NP (PRP them))) (ADVP-TMP (-NONE- *T*-1)))))) (. .) (-DFL- E_S)),204
sw05utt/sw_0547_3051.utt,3/sw3051,3051,141,b,A,72,1,Yeah. /,Yeah/UH ./.,(INTJ (UH Yeah) (. .) (-DFL- E_S)),177
sw05utt/sw_0547_3051.utt,3/sw3051,3051,142,sd,B,73,1,They are very spacious.  /,[ They/PRP ] are/VBP very/RB spacious/JJ ./.,(S (NP-SBJ (PRP They)) (VP (VBP are) (ADJP-PRD (RB very) (JJ spacious))) (. .) (-DFL- E_S)),208
sw05utt/sw_0547_3051.utt,3/sw3051,3051,143,%,B,73,2,"They are, {D you know, }  /","[ They/PRP ] are/VBP ,/,  [ you/PRP ] know/VBP ,/,","(S (NP-SBJ (PRP They)) (VP (VBP are) (ADJP-PRD (-NONE- *?*)) (PRN (, ,) (S (NP-SBJ (PRP you)) (VP (VBP know))))) (, ,) (-DFL- E_S))",209
sw05utt/sw_0547_3051.utt,3/sw3051,3051,144,sd,B,73,3,"[ I was, + ((   ))  I was  ] in one today.  /","[ I/PRP ] was/VBD ,/,  [ MUMBLEx/XX I/PRP ] was/VBD in/IN  [ one/CD today/NN ] ./.","(S (EDITED (RM (-DFL- \[)) (S (NP-SBJ (PRP I)) (VP-UNF (VBD was))) (, ,) (IP (-DFL- \+))) (X (XX MUMBLEx)) (NP-SBJ (PRP I)) (VP (VBD was) (RS (-DFL- \])) (PP-LOC-PRD (IN in) (NP (CD one))) (NP-TMP (NN today))) (. .) (-DFL- E_S))",210
sw05utt/sw_0547_3051.utt,3/sw3051,3051,145,sd,B,73,4,It was forty two hundred square feet. /,[ It/PRP ] was/VBD  [ forty/CD two/CD hundred/CD square/JJ feet/NNS ] ./.,(S (NP-SBJ (PRP It)) (VP (VBD was) (NP-PRD (QP (CD forty) (CD two) (CD hundred)) (JJ square) (NNS feet))) (. .) (-DFL- E_S)),211
sw05utt/sw_0547_3051.utt,3/sw3051,3051,146,b,A,74,1,{F Uh. } /,[ Uh/UH ] ./.,(INTJ (UH Uh) (. .) (-DFL- E_S)),213
sw05utt/sw_0547_3051.utt,3/sw3051,3051,147,b,B,75,1,Yeah.  /,Yeah/UH ./.,(INTJ (UH Yeah) (. .) (-DFL- E_S)),189
sw05utt/sw_0547_3051.utt,3/sw3051,3051,148,b,B,75,2,Uh-huh. /,[ Uh-huh/UH ] ./.,(INTJ (UH Uh-huh) (. .) (-DFL- E_S)),216
sw05utt/sw_0547_3051.utt,3/sw3051,3051,149,%,A,76,1,"{D Well } {D see } that's, - /","Well/UH see/UH  [ that/DT ] 's/BES ,/,","(S (INTJ (UH Well)) (INTJ (UH see)) (NP-SBJ (DT that)) (VP-UNF (BES 's)) (, ,) (-DFL- N_S))",218
sw05utt/sw_0547_3051.utt,3/sw3051,3051,150,sd,A,76,2,"the house that we got is small enough  so my husband and I, - /","[ the/DT house/NN ] that/WDT  [ we/PRP ] got/VBD is/VBZ small/JJ enough/RB so/IN  [ my/PRP$ husband/NN ] and/CC  [ I/PRP ] ,/,","(S (NP-SBJ (NP (DT the) (NN house)) (SBAR (WHNP-1 (WDT that)) (S (NP-SBJ (PRP we)) (VP (VBD got) (NP (-NONE- *T*-1)))))) (VP (VBZ is) (ADJP-PRD (JJ small) (RB enough)) (SBAR-PRP (IN so) (S-UNF (NP-SBJ (NP (PRP$ my) (NN husband)) (CC and) (NP (PRP I)))))) (, ,) (-DFL- N_S))",219
sw05utt/sw_0547_3051.utt,3/sw3051,3051,151,sd,A,76,3,{C because } there's just the two of us  /,because/RB  [ there/EX ] 's/BES just/RB  [ the/DT two/CD ] of/IN  [ us/PRP ],(SBAR-PRP (RB because) (S (NP-SBJ (EX there)) (VP (BES 's) (ADVP (RB just)) (NP-PRD (NP (DT the) (CD two)) (PP (IN of) (NP (PRP us)))))) (-DFL- E_S)),220
sw05utt/sw_0547_3051.utt,3/sw3051,3051,152,sd,A,76,4,"{C and } the two cats, {F um, } can yell at each other from one end to the other and be heard.  /","and/CC  [ the/DT two/CD cats/NNS ] ,/, um/UH ,/, can/MD yell/VB at/IN  [ each/DT other/JJ ] from/IN  [ one/CD end/NN ] to/IN  [ the/DT other/JJ ] and/CC be/VB heard/VBN ./.","(S (CC and) (NP-SBJ-1 (DT the) (CD two) (NNS cats)) (, ,) (INTJ (UH um)) (, ,) (VP (MD can) (VP (VP (VB yell) (PP (IN at) (NP (DT each) (JJ other))) (PP (IN from) (NP (CD one) (NN end))) (PP (IN to) (NP (DT the) (JJ other)))) (CC and) (VP (VB be) (VP (VBN heard) (NP (-NONE- *-1)))))) (. .) (-DFL- E_S))",221
sw05utt/sw_0547_3051.utt,3/sw3051,3051,153,sd,A,76,5,{C And } we thought that was important instead of getting <laughter> swallowed up in something that  {D you know. } -/,And/CC  [ we/PRP ] thought/VBD  [ that/DT ] was/VBD important/JJ instead/IN of/IN getting/VBG swallowed/VBN up/RP in/IN  [ something/NN ] that/WDT  [ you/PRP ] know/VBP ./.,(S (CC And) (NP-SBJ (PRP we)) (VP (VBD thought) (SBAR (-NONE- 0) (S (S (NP-SBJ (DT that)) (VP (VBD was) (ADJP-PRD (JJ important)))) (CONJP (IN instead) (IN of)) (S (NP-SBJ (-NONE- *)) (VP (VBG getting) (VP (VBN swallowed) (PRT (RP up)) (PP (IN in) (NP (NP (NN something)) (SBAR-UNF (WHNP (WDT that)) (PRN (S (NP-SBJ (PRP you)) (VP (VBP know))))))))))))) (. .) (-DFL- N_S)),222
sw05utt/sw_0547_3051.utt,3/sw3051,3051,154,sv,B,77,1,"{D See, } when you have kids, you like to be able to,","See/UH ,/, when/WRB  [ you/PRP ] have/VBP  [ kids/NNS ] ,/,  [ you/PRP ] like/VBP to/TO be/VB able/JJ to/TO ,/,","(S (INTJ (UH See)) (, ,) (SBAR-TMP (WHADVP-1 (WRB when)) (S (NP-SBJ (PRP you)) (VP (VBP have) (NP (NNS kids)) (ADVP-TMP (-NONE- *T*-1))))) (, ,) (NP-SBJ-2 (PRP you)) (VP (VBP like) (S (NP-SBJ-3 (-NONE- *-2)) (VP (TO to) (VP (VB be) (ADJP-PRD (JJ able) (S (NP-SBJ (-NONE- *-3)) (VP (TO to) (, ,) (VP (VB send) (NP (PRP them)) (NP-DIR (NP (DT some) (NN place)) (SBAR (WHADVP-4 (WRB where)) (S (S (NP-SBJ (PRP they)) (VP (MD can) (VP (VB yell)))) (CC and) (S (NP-SBJ (PRP you)) (VP (MD wo) (RB n't) (VP (VB hear) (NP (PRP them))))) (ADVP-LOC (-NONE- *T*-4))))))))))))) (. .) (-DFL- E_S))",224
sw05utt/sw_0547_3051.utt,3/sw3051,3051,155,aa,A,78,1,"Yeah,  /","Yeah/UH ,/,","(INTJ (UH Yeah) (, ,) (-DFL- E_S))",198
sw05utt/sw_0547_3051.utt,3/sw3051,3051,156,aa,A,78,2,that's true. /,[ that/DT ] 's/BES true/JJ ./.,(S (NP-SBJ (DT that)) (VP (BES 's) (ADJP-PRD (JJ true))) (. .) (-DFL- E_S)),227
sw05utt/sw_0547_3051.utt,3/sw3051,3051,157,+,B,79,1,send them some place where they can yell and you won't hear them.  /,send/VB  [ them/PRP ] [ some/DT place/NN ] where/WRB  [ they/PRP ] can/MD yell/VB and/CC  [ you/PRP ] wo/MD n't/RB hear/VB  [ them/PRP ] ./.,"(S (INTJ (UH See)) (, ,) (SBAR-TMP (WHADVP-1 (WRB when)) (S (NP-SBJ (PRP you)) (VP (VBP have) (NP (NNS kids)) (ADVP-TMP (-NONE- *T*-1))))) (, ,) (NP-SBJ-2 (PRP you)) (VP (VBP like) (S (NP-SBJ-3 (-NONE- *-2)) (VP (TO to) (VP (VB be) (ADJP-PRD (JJ able) (S (NP-SBJ (-NONE- *-3)) (VP (TO to) (, ,) (VP (VB send) (NP (PRP them)) (NP-DIR (NP (DT some) (NN place)) (SBAR (WHADVP-4 (WRB where)) (S (S (NP-SBJ (PRP they)) (VP (MD can) (VP (VB yell)))) (CC and) (S (NP-SBJ (PRP you)) (VP (MD wo) (RB n't) (VP (VB hear) (NP (PRP them))))) (ADVP-LOC (-NONE- *T*-4))))))))))))) (. .) (-DFL- E_S))",224
sw05utt/sw_0547_3051.utt,3/sw3051,3051,158,sd,B,79,2,"{C But, } I have been watching these houses go up  /","But/CC ,/,  [ I/PRP ] have/VBP been/VBN watching/VBG  [ these/DT houses/NNS ] go/VB up/RB","(S (CC But) (, ,) (NP-SBJ (PRP I)) (VP (VBP have) (VP (VBN been) (VP (VBG watching) (S (NP-SBJ (DT these) (NNS houses)) (VP (VB go) (PRT (RB up))))))) (-DFL- E_S))",229
sw05utt/sw_0547_3051.utt,3/sw3051,3051,159,%,B,79,3,"{C and } [ I, + I  ] don't, {D well, } - /","and/CC  [ I/PRP ] ,/,  [ I/PRP ] do/VBP n't/RB ,/, well/UH ,/,","(S (CC and) (EDITED (RM (-DFL- \[)) (NP-SBJ (PRP I)) (, ,) (IP (-DFL- \+))) (NP-SBJ (PRP I)) (RS (-DFL- \])) (VP-UNF (VBP do) (RB n't) (, ,) (INTJ (UH well))) (, ,) (-DFL- N_S))",230
sw05utt/sw_0547_3051.utt,3/sw3051,3051,160,sd,B,79,4,"somebody was telling me, - /","[ somebody/NN ] was/VBD telling/VBG  [ me/PRP ] ,/,","(S (NP-SBJ (NN somebody)) (VP (VBD was) (VP (VBG telling) (NP (PRP me)))) (, ,) (-DFL- N_S))",231
sw05utt/sw_0547_3051.utt,3/sw3051,3051,161,sd,B,79,5,"I know somebody who lives back there,  /","[ I/PRP ] know/VBP  [ somebody/NN ] [ who/WP ] lives/VBZ back/RB there/RB ,/,","(S (NP-SBJ (PRP I)) (VP (VBP know) (NP (NP (NN somebody)) (SBAR (WHNP-1 (WP who)) (S (NP-SBJ (-NONE- *T*-1)) (VP (VBZ lives) (ADVP-LOC (RB back) (RB there))))))) (, ,) (-DFL- E_S))",232
sw05utt/sw_0547_3051.utt,3/sw3051,3051,162,sd,B,79,6,I have always questioned the quality <noise> of construction  /,[ I/PRP ] have/VBP always/RB questioned/VBN  [ the/DT quality/NN ] of/IN  [ construction/NN ],(S (NP-SBJ (PRP I)) (VP (VBP have) (ADVP-TMP (RB always)) (VP (VBN questioned) (NP (NP (DT the) (NN quality)) (PP (IN of) (NP (NN construction)))))) (-DFL- E_S)),233
sw05utt/sw_0547_3051.utt,3/sw3051,3051,163,sv,B,79,7,"{C and } [ I, + I  ] don't think they exceed more than twelve nails per house. /","and/CC  [ I/PRP ] ,/,  [ I/PRP ] do/VBP n't/RB think/VB  [ they/PRP ] exceed/VBP more/RBR than/IN  [ twelve/CD nails/NNS ] per/IN  [ house/NN ] ./.","(S (CC and) (EDITED (RM (-DFL- \[)) (NP-SBJ (PRP I)) (, ,) (IP (-DFL- \+))) (NP-SBJ (PRP I)) (RS (-DFL- \])) (VP (VBP do) (RB n't) (VP (VB think) (SBAR (-NONE- 0) (S (NP-SBJ (PRP they)) (VP (VBP exceed) (NP (NP (RBR more)) (PP (IN than) (NP (NP (CD twelve) (NNS nails)) (PP (IN per) (NP (NN house))))))))))) (. .) (-DFL- E_S))",234
sw05utt/sw_0547_3051.utt,3/sw3051,3051,164,b,A,80,1,Oh. /,Oh/UH ./.,(INTJ (UH Oh) (. .) (-DFL- E_S)),236
sw05utt/sw_0547_3051.utt,3/sw3051,3051,165,sv,B,81,1,"When you watch them go up, you are just amazed that they do not fall over. /","When/WRB  [ you/PRP ] watch/VBP  [ them/PRP ] go/VB up/RB ,/,  [ you/PRP ] are/VBP just/RB amazed/JJ that/IN  [ they/PRP ] do/VBP not/RB fall/VB over/RP ./.","(S (SBAR-TMP (WHADVP-1 (WRB When)) (S (NP-SBJ (PRP you)) (VP (VBP watch) (S (NP-SBJ (PRP them)) (VP (VB go) (PRT (RB up)))) (ADVP-TMP (-NONE- *T*-1))))) (, ,) (NP-SBJ (PRP you)) (VP (VBP are) (ADJP-PRD (RB just) (JJ amazed) (SBAR (IN that) (S (NP-SBJ (PRP they)) (VP (VBP do) (RB not) (VP (VB fall) (PRT (RP over)))))))) (. .) (-DFL- E_S))",238
sw05utt/sw_0547_3051.utt,3/sw3051,3051,166,b,A,82,1,<<Very faint>> Yeah. /,Yeah/UH ./.,(INTJ (UH Yeah) (. .) (-DFL- E_S)),206
sw05utt/sw_0547_3051.utt,3/sw3051,3051,167,sd,B,83,1,"{C And } it takes them something like, thirty days to complete a house. /","And/CC  [ it/PRP ] takes/VBZ  [ them/PRP ] [ something/NN ] like/IN ,/,  [ thirty/CD days/NNS ] to/TO complete/VB  [ a/DT house/NN ] ./.","(S (CC And) (NP-SBJ (NP (PRP it)) (S (-NONE- *EXP*-1))) (VP (VBZ takes) (NP (PRP them)) (NP (NP (NN something)) (PP (IN like) (, ,) (NP (CD thirty) (NNS days)))) (S-1 (NP-SBJ (-NONE- *)) (VP (TO to) (VP (VB complete) (NP (DT a) (NN house)))))) (. .) (-DFL- E_S))",242
sw05utt/sw_0547_3051.utt,3/sw3051,3051,168,ba,A,84,1,"{F Oh, } that's amazing.  /","Oh/UH ,/,  [ that/DT ] 's/BES amazing/JJ ./.","(S (INTJ (UH Oh)) (, ,) (NP-SBJ (DT that)) (VP (BES 's) (ADJP-PRD (JJ amazing))) (. .) (-DFL- E_S))",244
sw05utt/sw_0547_3051.utt,3/sw3051,3051,169,sd,A,84,2,"Right now, in fact, even as we speak, we are having a deck put on in back,  /","Right/RB now/RB ,/, in/IN  [ fact/NN ] ,/, even/RB as/IN  [ we/PRP ] speak/VBP ,/,  [ we/PRP ] are/VBP having/VBG  [ a/DT deck/NN ] put/VBN on/RP in/IN  [ back/NN ] ,/,","(S (ADVP-TMP (RB Right) (RB now)) (, ,) (PP (IN in) (NP (NN fact))) (, ,) (SBAR-ADV (ADVP (RB even)) (IN as) (S (NP-SBJ (PRP we)) (VP (VBP speak)))) (, ,) (NP-SBJ (PRP we)) (VP (VBP are) (VP (VBG having) (NP (NP (DT a) (NN deck)) (VP (VBN put) (NP (-NONE- *)) (PRT (RP on)) (PP-LOC (IN in) (NP (NN back))))))) (, ,) (-DFL- E_S))",245
sw05utt/sw_0547_3051.utt,3/sw3051,3051,170,sd,A,84,3,{C and } these guys are phenomenal.   /,and/CC  [ these/DT guys/NNS ] are/VBP phenomenal/JJ ./.,(S (CC and) (NP-SBJ (DT these) (NNS guys)) (VP (VBP are) (ADJP-PRD (JJ phenomenal))) (. .) (-DFL- E_S)),246
sw05utt/sw_0547_3051.utt,3/sw3051,3051,171,sd,A,84,4,"[ [ They just, +   they, ] +  they ] are doing such a terrific job back there,  /","[ They/PRP ] just/RB ,/,  [ they/PRP ] ,/,  [ they/PRP ] are/VBP doing/VBG  [ such/PDT a/DT terrific/JJ job/NN ] back/RB there/RB ,/,","(S (EDITED (RM (-DFL- \[)) (EDITED (RM (-DFL- \[)) (S-UNF (NP-SBJ (PRP They)) (ADVP (RB just))) (, ,) (IP (-DFL- \+))) (NP-SBJ (PRP they)) (, ,) (RS (-DFL- \])) (IP (-DFL- \+))) (NP-SBJ (PRP they)) (RS (-DFL- \])) (VP (VBP are) (VP (VBG doing) (NP (PDT such) (DT a) (JJ terrific) (NN job)) (ADVP-LOC (RB back) (RB there)))) (, ,) (-DFL- E_S))",247
sw05utt/sw_0547_3051.utt,3/sw3051,3051,172,sd,A,84,5,"{E I mean, } {D you know, } you pay for it too,  /","[ I/PRP ] mean/VBP ,/,  [ you/PRP ] know/VBP ,/,  [ you/PRP ] pay/VBP for/IN  [ it/PRP ] too/RB ,/,","(S (PRN (S (NP-SBJ (PRP I)) (VP (VBP mean))) (, ,)) (PRN (S (NP-SBJ (PRP you)) (VP (VBP know))) (, ,)) (NP-SBJ (PRP you)) (VP (VBP pay) (PP (IN for) (NP (PRP it))) (ADVP (RB too))) (, ,) (-DFL- E_S))",248
sw05utt/sw_0547_3051.utt,3/sw3051,3051,173,sd,A,84,6,"{C but } [ it's, + it's ] {D like, } really worth it.  /","but/CC  [ it/PRP ] 's/BES ,/,  [ it/PRP ] 's/BES like/UH ,/, really/RB worth/JJ  [ it/PRP ] ./.","(S (CC but) (EDITED (RM (-DFL- \[)) (S (NP-SBJ (PRP it)) (VP-UNF (BES 's))) (, ,) (IP (-DFL- \+))) (NP-SBJ (PRP it)) (VP (BES 's) (RS (-DFL- \])) (INTJ (UH like)) (, ,) (ADVP (RB really)) (ADJP-PRD (JJ worth) (NP (PRP it)))) (. .) (-DFL- E_S))",249
sw05utt/sw_0547_3051.utt,3/sw3051,3051,174,sd,A,84,7,"They are putting in a deck,","[ They/PRP ] are/VBP putting/VBG in/RP  [ a/DT deck/NN ] ,/,","(S (NP-SBJ (PRP They)) (VP (VBP are) (VP (VBG putting) (PRT (RP in)) (NP (NP (DT a) (NN deck)) (, ,) (NP (DT a) (NN redwood) (NN deck))))) (, ,) (-DFL- E_S))",250
sw05utt/sw_0547_3051.utt,3/sw3051,3051,175,b,B,85,1,Uh-huh. /,[ Uh-huh/UH ] ./.,(INTJ (UH Uh-huh) (. .) (-DFL- E_S)),216
sw05utt/sw_0547_3051.utt,3/sw3051,3051,176,+,A,86,1,"a redwood deck,  /","[ a/DT redwood/NN deck/NN ] ,/,","(S (NP-SBJ (PRP They)) (VP (VBP are) (VP (VBG putting) (PRT (RP in)) (NP (NP (DT a) (NN deck)) (, ,) (NP (DT a) (NN redwood) (NN deck))))) (, ,) (-DFL- E_S))",250
sw05utt/sw_0547_3051.utt,3/sw3051,3051,177,sd,A,86,2,"{C and } it's just, they are doing such a fine, fine job. /","and/CC  [ it/PRP ] 's/BES just/RB ,/,  [ they/PRP ] are/VBP doing/VBG  [ such/PDT a/DT fine/JJ ] ,/,  [ fine/JJ job/NN ] ./.","(S (CC and) (NP-SBJ (PRP it)) (VP-UNF (BES 's) (ADVP (RB just))) (, ,))|||(S (NP-SBJ (PRP they)) (VP (VBP are) (VP (VBG doing) (NP (PDT such) (DT a) (JJ fine) (, ,) (JJ fine) (NN job)))) (. .) (-DFL- E_S))",254|||255
sw05utt/sw_0547_3051.utt,3/sw3051,3051,178,sd,B,87,1,We have got --,[ We/PRP ] have/VBP got/VBN --/:,"(S (NP-SBJ (PRP We)) (VP (VBP have) (VP (VBN got) (NP (NP (CD three) (JJ different) (NNS levels)) (PP (IN of) (NP (NN decking)))) (, ,) (SBAR-PRP (RB because) (, ,) (S (NP-SBJ (DT this) (NN lot)) (VP (VBZ slopes) (ADVP (RB way) (RB back) (RB down))))))) (-DFL- E_S))",257
sw05utt/sw_0547_3051.utt,3/sw3051,3051,179,sd,A,88,1,"I'm really excited about it, /","[ I/PRP ] 'm/VBP really/RB excited/JJ about/IN  [ it/PRP ] ,/,","(S (NP-SBJ (PRP I)) (VP (VBP 'm) (ADJP-PRD (RB really) (JJ excited) (PP (IN about) (NP (PRP it))))) (, ,) (-DFL- E_S))",259
sw05utt/sw_0547_3051.utt,3/sw3051,3051,180,+,B,89,1,"-- three different levels of decking, because,","--/:  [ three/CD different/JJ levels/NNS ] of/IN  [ decking/NN ] ,/, because/RB ,/,","(S (NP-SBJ (PRP We)) (VP (VBP have) (VP (VBN got) (NP (NP (CD three) (JJ different) (NNS levels)) (PP (IN of) (NP (NN decking)))) (, ,) (SBAR-PRP (RB because) (, ,) (S (NP-SBJ (DT this) (NN lot)) (VP (VBZ slopes) (ADVP (RB way) (RB back) (RB down))))))) (-DFL- E_S))",257
sw05utt/sw_0547_3051.utt,3/sw3051,3051,181,b,A,90,1,Uh-huh. /,[ Uh-huh/UH ] ./.,(INTJ (UH Uh-huh) (. .) (-DFL- E_S)),252
sw05utt/sw_0547_3051.utt,3/sw3051,3051,182,+,B,91,1,this lot slopes way back down  /,[ this/DT lot/NN ] slopes/VBZ  [ way/RB ] back/RB down/RB,"(S (NP-SBJ (PRP We)) (VP (VBP have) (VP (VBN got) (NP (NP (CD three) (JJ different) (NNS levels)) (PP (IN of) (NP (NN decking)))) (, ,) (SBAR-PRP (RB because) (, ,) (S (NP-SBJ (DT this) (NN lot)) (VP (VBZ slopes) (ADVP (RB way) (RB back) (RB down))))))) (-DFL- E_S))",257
sw05utt/sw_0547_3051.utt,3/sw3051,3051,183,sd,B,91,2,"{C and, } {F uh, } the house is built around the trees. /","and/CC ,/,  [ uh/UH ] ,/,  [ the/DT house/NN ] is/VBZ built/VBN around/IN  [ the/DT trees/NNS ] ./.","(S (CC and) (, ,) (INTJ (UH uh)) (, ,) (NP-SBJ-1 (DT the) (NN house)) (VP (VBZ is) (VP (VBN built) (NP (-NONE- *-1)) (PP-LOC (IN around) (NP (DT the) (NNS trees))))) (. .) (-DFL- E_S))",264
sw05utt/sw_0547_3051.utt,3/sw3051,3051,184,ba,A,92,1,Great. /,[ Great/UH ] ./.,(INTJ (UH Great) (. .) (-DFL- E_S)),266
sw05utt/sw_0547_3051.utt,3/sw3051,3051,185,sd,B,93,1,{C And } with these decking that a corporation and a large  ((   ))  area for the trees to come up - /,And/CC with/IN  [ these/DT ] decking/NN that/IN  [ a/DT corporation/NN ] and/CC  [ a/DT large/JJ MUMBLEx/XX area/NN ] for/IN  [ the/DT trees/NNS ] to/TO come/VB up/RB,(X (FRAG (CC And) (PP (IN with) (NP (NP (DT these) (NN decking)) (SBAR (WHNP (IN that)) (S-UNF (NP-SBJ (NP (DT a) (NN corporation)) (CC and) (NP (NP (DT a) (JJ large) (XX MUMBLEx) (NN area)) (SBAR (IN for) (S (NP-SBJ (DT the) (NNS trees)) (VP (TO to) (VP (VB come) (PRT (RB up))))))))))))) (-DFL- N_S)),268
sw05utt/sw_0547_3051.utt,3/sw3051,3051,186,sd,B,93,2,"{C so, } it's real, real shady.  /","so/RB ,/,  [ it/PRP ] 's/BES real/RB ,/, real/RB shady/JJ ./.","(S (RB so) (, ,) (NP-SBJ (PRP it)) (VP (BES 's) (ADJP-PRD (RB real) (, ,) (RB real) (JJ shady))) (. .) (-DFL- E_S))",269
sw05utt/sw_0547_3051.utt,3/sw3051,3051,187,sd,B,93,3,"<child_talking> {C But, } that's one of the few things that really, {F uh, } immediately pays back on return.  /","But/CC ,/,  [ that/DT ] 's/BES  [ one/CD ] of/IN  [ the/DT few/JJ things/NNS ] that/WDT really/RB ,/,  [ uh/UH ] ,/, immediately/RB pays/VBZ back/RB on/IN  [ return/NN ] ./.","(S (CC But) (, ,) (NP-SBJ (DT that)) (VP (BES 's) (NP-PRD (NP (CD one)) (PP (IN of) (NP (DT the) (JJ few) (NNS things))) (SBAR (WHNP-1 (WDT that)) (S (NP-SBJ (-NONE- *T*-1)) (ADVP (RB really)) (, ,) (INTJ (UH uh)) (, ,) (ADVP-TMP (RB immediately)) (VP (VBZ pays) (ADVP (RB back)) (PP (IN on) (NP (NN return)))))))) (. .) (-DFL- E_S))",270
sw05utt/sw_0547_3051.utt,3/sw3051,3051,188,sd,B,93,4,"{C But, } what I was going to tell you, these Perry Homes back there, -/","But/CC ,/,  [ what/WP ] [ I/PRP ] was/VBD going/VBG to/TO tell/VB  [ you/PRP ] ,/,  [ these/DT Perry/NNP Homes/NNS ] back/RB there/RB ,/,","(S-UNF (CC But) (, ,) (SBAR-ADV (WHNP-2 (WP what)) (S (NP-SBJ-1 (PRP I)) (VP (VBD was) (VP (VBG going) (S (NP-SBJ (-NONE- *-1)) (VP (TO to) (VP (VB tell) (NP (PRP you)) (NP (-NONE- *T*-2))))))))) (, ,) (NP-SBJ (NP (DT these) (NNP Perry) (NNS Homes)) (ADVP-LOC (RB back) (RB there))) (, ,) (-DFL- N_S))",271
sw05utt/sw_0547_3051.utt,3/sw3051,3051,189,b,A,94,1,Yeah. /,Yeah/UH ./.,(INTJ (UH Yeah) (. .) (-DFL- E_S)),240
sw05utt/sw_0547_3051.utt,3/sw3051,3051,190,sd,B,95,1,<Laughter> when the people from M C I come down - /,when/WRB  [ the/DT people/NNS ] from/IN  [ M/NNP C/NNP I/NNP ] come/VBP down/RB,(SBAR-TMP (WHADVP-1 (WRB when)) (S (NP-SBJ (NP (DT the) (NNS people)) (PP (IN from) (NP (NNP M) (NNP C) (NNP I)))) (VP (VBP come) (ADVP-DIR (RB down)) (ADVP-TMP (-NONE- *T*-1)))) (-DFL- N_S)),275
sw05utt/sw_0547_3051.utt,3/sw3051,3051,191,sd,B,95,2,"{C and }  [ they are, + {D you know, } they are  ] used to the Virginia area, metropolitan D C. /","and/CC  [ they/PRP ] are/VBP ,/,  [ you/PRP ] know/VBP ,/,  [ they/PRP ] are/VBP used/JJ to/IN  [ the/DT Virginia/NNP area/NN ] ,/,  [ metropolitan/JJ D/NNP C/NNP ] ./.","(S (CC and) (EDITED (RM (-DFL- \[)) (S (NP-SBJ (PRP they)) (VP-UNF (VBP are))) (, ,) (IP (-DFL- \+))) (PRN (S (NP-SBJ (PRP you)) (VP (VBP know))) (, ,)) (NP-SBJ (PRP they)) (VP (VBP are) (RS (-DFL- \])) (ADJP-PRD (JJ used) (PP (IN to) (NP (NP (DT the) (NNP Virginia) (NN area)) (, ,) (NP (JJ metropolitan) (NNP D) (NNP C)))))) (. .) (-DFL- E_S))",276
sw05utt/sw_0547_3051.utt,3/sw3051,3051,192,b,A,96,1,{F Uh. } /,[ Uh/UH ] ./.,(INTJ (UH Uh) (. .) (-DFL- E_S)),278
sw05utt/sw_0547_3051.utt,3/sw3051,3051,193,sd,B,97,1,"My God, they come down here and those houses, [ that, + that ] look the colonial look # what the, # -/","[ My/PRP$ God/NNP ] ,/,  [ they/PRP ] come/VBP down/IN here/RB and/CC  [ those/DT houses/NNS ] ,/,  [ that/WDT ] ,/,  [ that/DT ] look/NN  [ the/DT colonial/JJ ] look/NN  [ what/WP ] [ the/DT ] ,/,","(S (INTJ (PRP$ My) (NNP God)) (, ,) (NP-SBJ (PRP they)) (VP (VBP come) (PP-DIR (IN down) (ADVP (RB here)))))|||(S (CC and) (NP-SBJ (NP (DT those) (NNS houses)) (, ,) (SBAR (EDITED (RM (-DFL- \[)) (WHNP (WDT that)) (, ,) (IP (-DFL- \+))) (WHNP-1 (DT that)) (RS (-DFL- \])) (S (NP-SBJ (-NONE- *T*-1)) (VP (NN look) (NP (DT the) (JJ colonial) (NN look))))) (SBAR (WHNP (WP what)) (S (NP-SBJ-UNF (DT the))))) (, ,) (-DFL- N_S))",280|||281
sw05utt/sw_0547_3051.utt,3/sw3051,3051,194,bf^2,A,98,1,# Looks like # the George Town brownstone <laughter>. /,Looks/VBZ like/IN  [ the/DT George/GW Town/^NNP brownstone/NN ] ./.,(S (NP-SBJ (-NONE- *)) (VP (VBZ Looks) (PP (IN like) (NP (DT the) (GW George) (^NNP Town) (NN brownstone)))) (. .) (-DFL- E_S)),283
sw05utt/sw_0547_3051.utt,3/sw3051,3051,195,aa,B,99,1,"Right, /","Right/UH ,/,","(INTJ (UH Right) (, ,) (-DFL- E_S))",285
sw05utt/sw_0547_3051.utt,3/sw3051,3051,196,b,A,100,1,Yeah. /,Yeah/UH ./.,(INTJ (UH Yeah) (. .) (-DFL- E_S)),273
sw05utt/sw_0547_3051.utt,3/sw3051,3051,197,sv,B,101,1,"{C And, } {F uh, } the idea of ever owning anything that has four thousand square feet in it, for less than two hundred twenty thousand dollars,","And/CC ,/,  [ uh/UH ] ,/,  [ the/DT idea/NN ] of/IN ever/RB owning/VBG  [ anything/NN ] [ that/WDT ] has/VBZ  [ four/CD thousand/CD square/JJ feet/NNS ] in/IN  [ it/PRP ] ,/, for/IN less/RBR than/IN  [ two/CD hundred/CD twenty/CD thousand/CD dollars/NNS ] ,/,","(FRAG (CC And) (, ,) (INTJ (UH uh)) (, ,) (NP (NP (DT the) (NN idea)) (PP (IN of) (S-NOM (NP-SBJ (-NONE- *)) (VP (ADVP-TMP (RB ever)) (VBG owning) (NP (NP (NN anything)) (SBAR (WHNP-1 (WDT that)) (S (NP-SBJ (-NONE- *T*-1)) (VP (VBZ has) (NP (NP (QP (CD four) (CD thousand)) (JJ square) (NNS feet)) (PP-LOC (IN in) (NP (PRP it))))))) (, ,) (PP (IN for) (ADJP (ADJP (RBR less)) (PP (IN than) (NP (NP (QP (CD two) (CD hundred) (CD twenty) (CD thousand)) (NNS dollars)) (, ,) (SBAR (WHNP-2 (WDT which)) (S (NP-SBJ (-NONE- *T*-2)) (VP (VBZ is) (ADVP (RB probably)) (SBAR-NOM-PRD (ADVP (RB about)) (WHNP-3 (WP what)) (S (NP-SBJ (NP (PRP$ their) (NN equity)) (SBAR (-NONE- *ICH*-6))) (VP (VBZ is) (NP-PRD (-NONE- *T*-3)) (, ,) (SBAR-6 (WHNP-4 (WDT that)) (S (NP-SBJ-5 (PRP they)) (VP (VBD got) (NP (-NONE- *T*-4)) (PP (IN out) (PP (IN of) (S-NOM (NP-SBJ (-NONE- *-5)) (VP (VBG selling) (NP (PRP$ their) (NN house)))))))))))))))))))))))) (. .) (-DFL- E_S))",289
sw05utt/sw_0547_3051.utt,3/sw3051,3051,198,^2,A,102,1,# Must be a dream. # /,Must/MD be/VB  [ a/DT dream/NN ] ./.,(S (NP-SBJ (-NONE- *)) (VP (MD Must) (VP (VB be) (NP-PRD (DT a) (NN dream)))) (. .) (-DFL- E_S)),291
sw05utt/sw_0547_3051.utt,3/sw3051,3051,199,+,B,103,1,"# which is probably # about what their equity is, that they got out of selling their house. /","[ which/WDT ] is/VBZ probably/RB about/RB  [ what/WP ] [ their/PRP$ equity/NN ] is/VBZ ,/, that/WDT  [ they/PRP ] got/VBD out/IN of/IN selling/VBG  [ their/PRP$ house/NN ] ./.","(FRAG (CC And) (, ,) (INTJ (UH uh)) (, ,) (NP (NP (DT the) (NN idea)) (PP (IN of) (S-NOM (NP-SBJ (-NONE- *)) (VP (ADVP-TMP (RB ever)) (VBG owning) (NP (NP (NN anything)) (SBAR (WHNP-1 (WDT that)) (S (NP-SBJ (-NONE- *T*-1)) (VP (VBZ has) (NP (NP (QP (CD four) (CD thousand)) (JJ square) (NNS feet)) (PP-LOC (IN in) (NP (PRP it))))))) (, ,) (PP (IN for) (ADJP (ADJP (RBR less)) (PP (IN than) (NP (NP (QP (CD two) (CD hundred) (CD twenty) (CD thousand)) (NNS dollars)) (, ,) (SBAR (WHNP-2 (WDT which)) (S (NP-SBJ (-NONE- *T*-2)) (VP (VBZ is) (ADVP (RB probably)) (SBAR-NOM-PRD (ADVP (RB about)) (WHNP-3 (WP what)) (S (NP-SBJ (NP (PRP$ their) (NN equity)) (SBAR (-NONE- *ICH*-6))) (VP (VBZ is) (NP-PRD (-NONE- *T*-3)) (, ,) (SBAR-6 (WHNP-4 (WDT that)) (S (NP-SBJ-5 (PRP they)) (VP (VBD got) (NP (-NONE- *T*-4)) (PP (IN out) (PP (IN of) (S-NOM (NP-SBJ (-NONE- *-5)) (VP (VBG selling) (NP (PRP$ their) (NN house)))))))))))))))))))))))) (. .) (-DFL- E_S))",289
sw05utt/sw_0547_3051.utt,3/sw3051,3051,200,b,A,104,1,Yeah. /,Yeah/UH ./.,(INTJ (UH Yeah) (. .) (-DFL- E_S)),273
sw05utt/sw_0547_3051.utt,3/sw3051,3051,201,sd,B,105,1,{C (( Because )) }  those things are selling like hot cakes.  /,Because/IN  [ those/DT things/NNS ] are/VBP selling/VBG like/IN  [ hot/JJ cakes/NNS ] ./.,(SBAR-PRP (IN Because) (S (NP-SBJ (DT those) (NNS things)) (VP (VBP are) (VP (VBG selling) (PP (IN like) (NP (JJ hot) (NNS cakes)))))) (. .) (-DFL- E_S)),296
sw05utt/sw_0547_3051.utt,3/sw3051,3051,202,sd,B,105,2,"{C But, } one of the people that was living back there was telling me that there is his air conditioning bill, per month, last summer was in excess of five hundred # dollars # --","But/CC ,/,  [ one/CD ] of/IN  [ the/DT people/NNS ] [ that/WDT ] was/VBD living/VBG back/RB  [ there/EX ] was/VBD telling/VBG  [ me/PRP ] that/IN  [ there/EX ] is/VBZ  [ his/PRP$ air/NN conditioning/NN bill/NN ] ,/, per/IN  [ month/NN ] ,/,  [ last/JJ summer/NN ] was/VBD in/IN  [ excess/NN ] of/IN  [ five/CD hundred/CD dollars/NNS ] --/:","(S (CC But) (, ,) (NP-SBJ (NP (CD one)) (PP (IN of) (NP (DT the) (NNS people))) (SBAR (WHNP-1 (WDT that)) (S (NP-SBJ (-NONE- *T*-1)) (VP (VBD was) (VP (VBG living) (ADVP-LOC (RB back) (EX there))))))) (VP (VBD was) (VP (VBG telling) (NP (PRP me)) (SBAR (IN that) (S (EDITED (S (NP-SBJ (EX there)) (VP-UNF (VBZ is)))) (NP-SBJ (PRP$ his) (NN air) (NN conditioning) (NN bill)) (, ,) (PP (IN per) (NP (NN month))) (, ,) (NP-TMP (JJ last) (NN summer)) (VP (VBD was) (PP-PRD (IN in) (NP (NP (NN excess)) (PP (IN of) (NP (NP (QP (CD five) (CD hundred)) (NNS dollars)) (NP-ADV (DT a) (NN month))))))))))) (. .) (-DFL- E_S))",297
sw05utt/sw_0547_3051.utt,3/sw3051,3051,203,b,A,106,1,# Oh. # /,Oh/UH ./.,(INTJ (UH Oh) (. .) (-DFL- E_S)),299
sw05utt/sw_0547_3051.utt,3/sw3051,3051,204,+,B,107,1,-- a month.  /,--/:  [ a/DT month/NN ] ./.,"(S (CC But) (, ,) (NP-SBJ (NP (CD one)) (PP (IN of) (NP (DT the) (NNS people))) (SBAR (WHNP-1 (WDT that)) (S (NP-SBJ (-NONE- *T*-1)) (VP (VBD was) (VP (VBG living) (ADVP-LOC (RB back) (EX there))))))) (VP (VBD was) (VP (VBG telling) (NP (PRP me)) (SBAR (IN that) (S (EDITED (S (NP-SBJ (EX there)) (VP-UNF (VBZ is)))) (NP-SBJ (PRP$ his) (NN air) (NN conditioning) (NN bill)) (, ,) (PP (IN per) (NP (NN month))) (, ,) (NP-TMP (JJ last) (NN summer)) (VP (VBD was) (PP-PRD (IN in) (NP (NP (NN excess)) (PP (IN of) (NP (NP (QP (CD five) (CD hundred)) (NNS dollars)) (NP-ADV (DT a) (NN month))))))))))) (. .) (-DFL- E_S))",297
sw05utt/sw_0547_3051.utt,3/sw3051,3051,205,%,B,107,2,"{C And } I thought, -/","And/CC  [ I/PRP ] thought/VBD ,/,","(S (CC And) (NP-SBJ (PRP I)) (VP (VBD thought)) (, ,) (-DFL- N_S))",301
sw05utt/sw_0547_3051.utt,3/sw3051,3051,206,ba,A,108,1,"I can't #  ((   )) , # -/","[ I/PRP ] ca/MD n't/RB MUMBLEx/XX ,/,","(S (NP-SBJ (PRP I)) (VP-UNF (MD ca) (RB n't)))|||(X (XX MUMBLEx) (, ,) (-DFL- N_S))",303|||304
sw05utt/sw_0547_3051.utt,3/sw3051,3051,207,sd,B,109,1,#  ((   ))  # {C and } he was talking about how you keep up with the utilities here.  /,[ MUMBLEx/XX ] and/CC  [ he/PRP ] was/VBD talking/VBG about/IN how/WRB  [ you/PRP ] keep/VBP up/RP with/IN  [ the/DT utilities/NNS ] here/RB ./.,(X (XX MUMBLEx))|||(S (CC and) (NP-SBJ (PRP he)) (VP (VBD was) (VP (VBG talking) (PP (IN about) (SBAR (WHADVP-1 (WRB how)) (S (NP-SBJ (PRP you)) (VP (VBP keep) (PRT (RP up)) (PP (IN with) (NP (DT the) (NNS utilities))) (ADVP-LOC (RB here)) (ADVP-MNR (-NONE- *T*-1)))))))) (. .) (-DFL- E_S)),306|||307
sw05utt/sw_0547_3051.utt,3/sw3051,3051,208,sd(^q),B,109,2,"{C And } I was thinking, {D well, } {D you know, } I know why your God damn bill is so high, /","And/CC  [ I/PRP ] was/VBD thinking/VBG ,/, well/UH ,/,  [ you/PRP ] know/VBP ,/,  [ I/PRP ] know/VBP why/WRB  [ your/PRP$ God/NNP damn/VBN bill/NN ] is/VBZ so/RB high/JJ ,/,","(S (CC And) (NP-SBJ (PRP I)) (VP (VBD was) (VP (VBG thinking) (, ,) (S-SEZ (INTJ (UH well)) (PRN (, ,) (S (NP-SBJ (PRP you)) (VP (VBP know))) (, ,)) (NP-SBJ (PRP I)) (VP (VBP know) (SBAR (WHADVP-1 (WRB why)) (S (NP-SBJ (PRP$ your) (NNP God) (VBN damn) (NN bill)) (VP (VBZ is) (ADJP-PRD (RB so) (JJ high)) (ADVP-PRP (-NONE- *T*-1))))))))) (, ,) (-DFL- E_S))",308
sw05utt/sw_0547_3051.utt,3/sw3051,3051,209,sv,A,110,1,"# He has no insulation, probably. # /","[ He/PRP ] has/VBZ  [ no/DT insulation/NN ] ,/, probably/RB ./.","(S (NP-SBJ (PRP He)) (VP (VBZ has) (NP (DT no) (NN insulation)) (, ,) (ADVP (RB probably))) (. .) (-DFL- E_S))",310
sw05utt/sw_0547_3051.utt,3/sw3051,3051,210,sd,B,111,1,"# it's because [ there's not a # + there's no  ] [ insulation, + <noise> insulation ] in those things. /","[ it/PRP ] [ 's/BES ] because/IN  [ there/EX ] 's/BES not/RB  [ a/DT ] [ there/EX ] 's/BES  [ no/DT insulation/NN ] ,/,  [ insulation/NN ] in/IN  [ those/DT things/NNS ] ./.","(S (NP-SBJ (PRP it)) (VP (BES 's) (SBAR-PRD-PRP (IN because) (S (EDITED (RM (-DFL- \[)) (S (NP-SBJ (EX there)) (VP (BES 's) (RB not) (NP-PRD-UNF (DT a)))) (IP (-DFL- \+))) (NP-SBJ (EX there)) (VP (BES 's) (NP-PRD (NP (DT no) (RS (-DFL- \])) (EDITED (RM (-DFL- \[)) (NN insulation) (, ,) (IP (-DFL- \+))) (NN insulation)) (RS (-DFL- \])) (PP-LOC (IN in) (NP (DT those) (NNS things)))))))) (. .) (-DFL- E_S))",312
sw05utt/sw_0547_3051.utt,3/sw3051,3051,211,ba,A,112,1,"{F Oh, } my. /","Oh/UH ,/,  [ my/PRP$ ] ./.","(INTJ (INTJ (UH Oh)) (, ,) (INTJ (PRP$ my)) (. .) (-DFL- E_S))",314
sw05utt/sw_0547_3051.utt,3/sw3051,3051,212,b,B,113,1,Yeah. /,Yeah/UH ./.,(INTJ (UH Yeah) (. .) (-DFL- E_S)),294
sw05utt/sw_0547_3051.utt,3/sw3051,3051,213,ba,A,114,1,Gosh.   /,Gosh/UH ./.,(INTJ (UH Gosh) (. .) (-DFL- E_S)),318
sw05utt/sw_0547_3051.utt,3/sw3051,3051,214,bh,A,114,2,What a trap. {F Huh. } /,[ What/WP ] [ a/DT trap/NN ] ./.  Huh/UH ./.,(FRAG (WHNP (WP What) (DT a) (NN trap)) (. .) (INTJ (UH Huh)) (. .) (-DFL- E_S)),319
sw05utt/sw_0547_3051.utt,3/sw3051,3051,215,%,B,115,1,"Any yet, {D you know, } - /","[ Any/DT ]  yet/RB ,/,  [ you/PRP ] know/VBP ,/,","(S-UNF (CONJP (TYPO (DT Any)) (RB yet)) (PRN (, ,) (S (NP-SBJ (PRP you)) (VP (VBP know)))) (, ,) (-DFL- N_S))",321
sw05utt/sw_0547_3051.utt,3/sw3051,3051,216,sd,B,115,2,"[ [ they, + they  ] show very well un-, + they show very well unless  ] you have, {D you know, } lived in a lot of houses around the area,","[ they/PRP ] ,/,  [ they/PRP ] show/VBP very/RB well/RB  [ un-/XX ] ,/,  [ they/PRP ] show/VB very/RB well/RB unless/IN  [ you/PRP ] have/VBP ,/,  [ you/PRP ] know/VBP ,/, lived/VBN in/IN  [ a/DT lot/NN ] of/IN  [ houses/NNS ] around/IN  [ the/DT area/NN ] ,/,","(S (EDITED (RM (-DFL- \[)) (EDITED (RM (-DFL- \[)) (NP-SBJ (PRP they)) (, ,) (IP (-DFL- \+))) (S (NP-SBJ (PRP they)) (RS (-DFL- \])) (VP (VBP show) (ADVP-MNR (RB very) (RB well)) (SBAR-ADV-UNF (XX un-)))) (, ,) (IP (-DFL- \+))) (NP-SBJ (PRP they)) (VP (VB show) (ADVP-MNR (RB very) (RB well)) (SBAR-ADV (IN unless) (RS (-DFL- \])) (S (NP-SBJ (PRP you)) (VP (VBP have) (PRN (, ,) (S (NP-SBJ (PRP you)) (VP (VBP know))) (, ,)) (VP (VP (VBN lived) (PP-LOC (IN in) (NP (NP (DT a) (NN lot)) (PP (IN of) (NP (NP (NNS houses)) (PP-LOC (IN around) (NP (DT the) (NN area)))))))) (, ,) (CC or) (VP (VBD looked) (PP (IN at) (NP (NP (DT a) (NN lot)) (PP (IN of) (NP (NP (NNS houses)) (PP-LOC (IN around) (ADVP (RB here))))))))))))) (. .) (-DFL- E_S))",322
sw05utt/sw_0547_3051.utt,3/sw3051,3051,217,sd,A,116,1,"And you ask the right questions and can research,  /","And/CC  [ you/PRP ] ask/VBP  [ the/DT right/JJ questions/NNS ] and/CC can/MD research/VB ,/,","(S (CC And) (NP-SBJ (PRP you)) (VP (VP (VBP ask) (NP (DT the) (JJ right) (NNS questions))) (CC and) (VP (MD can) (VP (VB research)))) (, ,) (-DFL- E_S))",324
sw05utt/sw_0547_3051.utt,3/sw3051,3051,218,b,A,116,2,yeah. /,yeah/UH ./.,(INTJ (UH yeah) (. .) (-DFL- E_S)),325
sw05utt/sw_0547_3051.utt,3/sw3051,3051,219,+,B,117,1,or looked at a lot of houses around here. /,or/CC looked/VBD at/IN  [ a/DT lot/NN ] of/IN  [ houses/NNS ] around/IN here/RB ./.,"(S (EDITED (RM (-DFL- \[)) (EDITED (RM (-DFL- \[)) (NP-SBJ (PRP they)) (, ,) (IP (-DFL- \+))) (S (NP-SBJ (PRP they)) (RS (-DFL- \])) (VP (VBP show) (ADVP-MNR (RB very) (RB well)) (SBAR-ADV-UNF (XX un-)))) (, ,) (IP (-DFL- \+))) (NP-SBJ (PRP they)) (VP (VB show) (ADVP-MNR (RB very) (RB well)) (SBAR-ADV (IN unless) (RS (-DFL- \])) (S (NP-SBJ (PRP you)) (VP (VBP have) (PRN (, ,) (S (NP-SBJ (PRP you)) (VP (VBP know))) (, ,)) (VP (VP (VBN lived) (PP-LOC (IN in) (NP (NP (DT a) (NN lot)) (PP (IN of) (NP (NP (NNS houses)) (PP-LOC (IN around) (NP (DT the) (NN area)))))))) (, ,) (CC or) (VP (VBD looked) (PP (IN at) (NP (NP (DT a) (NN lot)) (PP (IN of) (NP (NP (NNS houses)) (PP-LOC (IN around) (ADVP (RB here))))))))))))) (. .) (-DFL- E_S))",322
sw05utt/sw_0547_3051.utt,3/sw3051,3051,220,b,A,118,1,Yeah. /,Yeah/UH ./.,(INTJ (UH Yeah) (. .) (-DFL- E_S)),316
sw05utt/sw_0547_3051.utt,3/sw3051,3051,221,sv,B,119,1,{C And } I think that makes a big difference.  /,And/CC  [ I/PRP ] think/VBP  [ that/DT ] makes/VBZ  [ a/DT big/JJ difference/NN ] ./.,(S (CC And) (NP-SBJ (PRP I)) (VP (VBP think) (SBAR (-NONE- 0) (S (NP-SBJ (DT that)) (VP (VBZ makes) (NP (DT a) (JJ big) (NN difference)))))) (. .) (-DFL- E_S)),330
sw05utt/sw_0547_3051.utt,3/sw3051,3051,222,sd,B,119,2,"{C But, } [ I like, + I like  ] this area  /","But/CC ,/,  [ I/PRP ] like/VBP ,/,  [ I/PRP ] like/VBP  [ this/DT area/NN ]","(S (CC But) (, ,) (EDITED (RM (-DFL- \[)) (S (NP-SBJ (PRP I)) (VP-UNF (VBP like))) (, ,) (IP (-DFL- \+))) (NP-SBJ (PRP I)) (VP (VBP like) (RS (-DFL- \])) (NP (DT this) (NN area))) (-DFL- E_S))",331
sw05utt/sw_0547_3051.utt,3/sw3051,3051,223,sd,B,119,3,"{C and }  everything that I # have been saying, #","and/CC  [ everything/NN ] that/WDT  [ I/PRP ] have/VBP been/VBN saying/VBG ,/,","(S (CC and) (NP-SBJ (NP (NN everything)) (SBAR (WHNP-1 (WDT that)) (S (NP-SBJ (PRP I)) (VP (VBP have) (VP (VBN been) (VP (VBG saying) (NP (-NONE- *T*-1)))))))) (, ,) (VP (VBZ says) (SBAR (IN that) (S (NP-SBJ (PRP it)) (VP-UNF (BES 's))))) (, ,) (-DFL- N_S))",332
sw05utt/sw_0547_3051.utt,3/sw3051,3051,224,sd,A,120,1,"# {F Oh, } I do too. # /","Oh/UH ,/,  [ I/PRP ] do/VBP too/RB ./.","(S (INTJ (UH Oh)) (, ,) (NP-SBJ (PRP I)) (VP (VBP do) (ADVP (RB too))) (. .) (-DFL- E_S))",334
sw05utt/sw_0547_3051.utt,3/sw3051,3051,225,+,B,121,1,"says that it's, - /","says/VBZ that/IN  [ it/PRP ] 's/BES ,/,","(S (CC and) (NP-SBJ (NP (NN everything)) (SBAR (WHNP-1 (WDT that)) (S (NP-SBJ (PRP I)) (VP (VBP have) (VP (VBN been) (VP (VBG saying) (NP (-NONE- *T*-1)))))))) (, ,) (VP (VBZ says) (SBAR (IN that) (S (NP-SBJ (PRP it)) (VP-UNF (BES 's))))) (, ,) (-DFL- N_S))",332
sw05utt/sw_0547_3051.utt,3/sw3051,3051,226,sv,B,121,2,"I think if we had to sell now, we could come close to breaking even  <child_crying>. /","[ I/PRP ] think/VBP if/IN  [ we/PRP ] had/VBD to/TO sell/VB now/RB ,/,  [ we/PRP ] could/MD come/VB close/RB to/IN breaking/VBG even/RP ./.","(S (NP-SBJ (PRP I)) (VP (VBP think) (SBAR (-NONE- 0) (S (SBAR-ADV (IN if) (S (NP-SBJ-1 (PRP we)) (VP (VBD had) (S (NP-SBJ (-NONE- *-1)) (VP (TO to) (VP (VB sell) (ADVP-TMP (RB now)))))))) (, ,) (NP-SBJ (PRP we)) (VP (MD could) (VP (VB come) (ADVP (RB close) (PP (IN to) (S-NOM (NP-SBJ (-NONE- *)) (VP (VBG breaking) (ADVP (RP even))))))))))) (. .) (-DFL- E_S))",336
sw05utt/sw_0547_3051.utt,3/sw3051,3051,227,sv,A,122,1,"{C But, } still, {F um, } it's worth it for the area and for the school and things like that <<very faint>>. /","But/CC ,/, still/RB ,/, um/UH ,/,  [ it/PRP ] 's/BES worth/JJ  [ it/PRP ] for/IN  [ the/DT area/NN ] and/CC for/IN  [ the/DT school/NN ] and/CC  [ things/NNS ] like/IN  [ that/DT ] ./.","(S (CC But) (, ,) (ADVP (RB still)) (, ,) (INTJ (UH um)) (, ,) (NP-SBJ (PRP it)) (VP (BES 's) (ADJP-PRD (JJ worth) (NP (PRP it))) (PP-PRP (PP (IN for) (NP (DT the) (NN area))) (CC and) (PP (IN for) (NP (NP (DT the) (NN school)) (CC and) (NP (NP (NNS things)) (PP (IN like) (NP (DT that)))))))) (. .) (-DFL- E_S))",338
sw05utt/sw_0547_3051.utt,3/sw3051,3051,228,%,B,123,1,"[ You're in, + you're in  ] the, -/","[ You/PRP ] 're/VBP in/IN ,/,  [ you/PRP ] 're/VBP in/IN  [ the/DT ] ,/,","(S (EDITED (RM (-DFL- \[)) (S (NP-SBJ (PRP You)) (VP (VBP 're) (PP-LOC-PRD-UNF (IN in)))) (, ,) (IP (-DFL- \+))) (NP-SBJ (PRP you)) (VP (VBP 're) (PP-PRD-LOC (IN in) (RS (-DFL- \])) (NP-UNF (DT the)))) (, ,) (-DFL- N_S))",340
