swda_filename,ptb_basename,conversation_no,transcript_index,act_tag,caller,utterance_index,subutterance_index,text,pos,trees,ptb_treenumbers
sw05utt/sw_0514_4174.utt,4/sw4174,4174,0,o,A,1,1,Okay. /,Okay/UH ./.,(INTJ (UH Okay) (. .) (-DFL- E_S)),1
sw05utt/sw_0514_4174.utt,4/sw4174,4174,1,o,B,2,1,"Okay,  /","Okay/UH ,/,","(INTJ (UH Okay) (, ,) (-DFL- E_S))",3
sw05utt/sw_0514_4174.utt,4/sw4174,4174,2,sd,B,2,2,"{D well, }  Mark,  our situation is that we do have a daughter that is, {F uh, } in the situation of choosing college. /","well/UH ,/,  [ Mark/NNP ] ,/,  [ our/PRP$ situation/NN ] is/VBZ that/IN  [ we/PRP ] do/VBP have/VB  [ a/DT daughter/NN ] [ that/WDT ] is/VBZ ,/,  [ uh/UH ] ,/, in/IN  [ the/DT situation/NN ] of/IN  [ choosing/VBG college/NN ] ./.","(S (INTJ (UH well)) (, ,) (NP-VOC (NNP Mark)) (, ,) (NP-SBJ (PRP$ our) (NN situation)) (VP (VBZ is) (SBAR-PRD (IN that) (S (NP-SBJ (PRP we)) (VP (VBP do) (VP (VB have) (NP (NP (DT a) (NN daughter)) (SBAR (WHNP-1 (WDT that)) (S (NP-SBJ-2 (-NONE- *T*-1)) (VP (VBZ is) (, ,) (INTJ (UH uh)) (, ,) (PP-PRD (IN in) (NP (NP (DT the) (NN situation)) (PP (IN of) (S-NOM (NP-SBJ (-NONE- *-2)) (VP (VBG choosing) (NP (NN college)))))))))))))))) (. .) (-DFL- E_S))",4
sw05utt/sw_0514_4174.utt,4/sw4174,4174,3,b,A,3,1,Uh-huh. /,[ Uh-huh/UH ] ./.,(INTJ (UH Uh-huh) (. .) (-DFL- E_S)),6
sw05utt/sw_0514_4174.utt,4/sw4174,4174,4,sd,B,4,1,She's actually at Bible College for this current year. /,[ She/PRP ] 's/BES actually/RB at/IN  [ Bible/NNP College/NNP ] for/IN  [ this/DT current/JJ year/NN ] ./.,(S (NP-SBJ (PRP She)) (VP (BES 's) (ADVP (RB actually)) (PP-LOC-PRD (IN at) (NP (NNP Bible) (NNP College))) (PP-TMP (IN for) (NP (DT this) (JJ current) (NN year)))) (. .) (-DFL- E_S)),8
sw05utt/sw_0514_4174.utt,4/sw4174,4174,5,b,A,5,1,Uh-huh. /,[ Uh-huh/UH ] ./.,(INTJ (UH Uh-huh) (. .) (-DFL- E_S)),6
sw05utt/sw_0514_4174.utt,4/sw4174,4174,6,sv,B,6,1,"{C And, } {F uh, } I guess <breathing>, {F uh, } first and foremost, [ it, + {E really } it's ] a question of what the student wants to have in the way of a career and then, {F uh, } {F uh, } which colleges or universities can best offer that program,  /","And/CC ,/,  [ uh/UH ] ,/,  [ I/PRP ] guess/VBP ,/,  [ uh/UH ] ,/, first/RB and/CC foremost/RB ,/,  [ it/PRP ] ,/, really/RB  [ it/PRP ] 's/BES  [ a/DT question/NN ] of/IN  [ what/WP ] [ the/DT student/NN ] wants/VBZ to/TO have/VB in/IN  [ the/DT way/NN ] of/IN  [ a/DT career/NN ] and/CC then/RB ,/,  [ uh/UH ] ,/,  [ uh/UH ] ,/,  [ which/WDT colleges/NNS ] or/CC  [ universities/NNS ] can/MD best/RB offer/VB  [ that/DT program/NN ] ,/,","(S (CC And) (, ,) (INTJ (UH uh)) (, ,) (NP-SBJ (PRP I)) (VP (VBP guess) (, ,) (INTJ (UH uh)) (, ,) (SBAR (-NONE- 0) (S (ADVP (RB first) (CC and) (RB foremost)) (, ,) (EDITED (RM (-DFL- \[)) (NP-SBJ (PRP it)) (, ,) (IP (-DFL- \+))) (ADVP (RB really)) (NP-SBJ (PRP it)) (VP (BES 's) (RS (-DFL- \])) (NP-PRD (NP (DT a) (NN question)) (PP (IN of) (SBAR (SBAR-NOM (WHNP-2 (WHNP (WP what)) (PP (-NONE- *ICH*-3))) (S (NP-SBJ-1 (DT the) (NN student)) (VP (VBZ wants) (S (NP-SBJ (-NONE- *-1)) (VP (TO to) (VP (VB have) (NP (-NONE- *T*-2))))) (PP-3 (IN in) (NP (NP (DT the) (NN way)) (PP (IN of) (NP (DT a) (NN career)))))))) (CONJP (CC and) (RB then)) (, ,) (INTJ (UH uh)) (, ,) (INTJ (UH uh)) (, ,) (SBAR (WHNP-4 (WDT which) (NNS colleges) (CC or) (NNS universities)) (S (NP-SBJ (-NONE- *T*-4)) (VP (MD can) (ADVP (RB best)) (VP (VB offer) (NP (DT that) (NN program))))))))))))) (, ,) (-DFL- E_S))",12
sw05utt/sw_0514_4174.utt,4/sw4174,4174,7,sv,B,6,2,{C and then } it comes down to the dollar.  /,and/CC then/RB  [ it/PRP ] comes/VBZ down/RP to/IN  [ the/DT dollar/NN ] ./.,(S (CONJP (CC and) (RB then)) (NP-SBJ (PRP it)) (VP (VBZ comes) (PP (RP down) (PP (IN to) (NP (DT the) (NN dollar))))) (. .) (-DFL- E_S)),13
sw05utt/sw_0514_4174.utt,4/sw4174,4174,8,sv,B,6,3,"You have to, {F uh, } - /","[ You/PRP ] have/VBP to/TO ,/,  [ uh/UH ] ,/,","(S (NP-SBJ-1 (PRP You)) (VP (VBP have) (S (NP-SBJ (-NONE- *-1)) (VP-UNF (TO to) (, ,) (INTJ (UH uh))))) (, ,) (-DFL- N_S))",14
sw05utt/sw_0514_4174.utt,4/sw4174,4174,9,sv,B,6,4,"it's whether or not you're a resident for that jurisdiction,  /","[ it/PRP ] 's/BES whether/IN or/CC not/RB  [ you/PRP ] 're/VBP  [ a/DT resident/NN ] for/IN  [ that/DT jurisdiction/NN ] ,/,","(S (NP-SBJ (PRP it)) (VP (BES 's) (SBAR-PRD (IN whether) (CC or) (RB not) (S (NP-SBJ (PRP you)) (VP (VBP 're) (NP-PRD (NP (DT a) (NN resident)) (PP (IN for) (NP (DT that) (NN jurisdiction)))))))) (, ,) (-DFL- E_S))",15
sw05utt/sw_0514_4174.utt,4/sw4174,4174,10,sv@,B,6,5,{C or } --     *[[slash error]],or/CC --/:,"(S (CC And) (, ,) (INTJ (UH uh)) (, ,) (NP-SBJ (PRP I)) (VP (VBP guess) (, ,) (INTJ (UH uh)) (, ,) (SBAR (-NONE- 0) (S (ADVP (RB first) (CC and) (RB foremost)) (, ,) (EDITED (RM (-DFL- \[)) (NP-SBJ (PRP it)) (, ,) (IP (-DFL- \+))) (ADVP (RB really)) (NP-SBJ (PRP it)) (VP (BES 's) (RS (-DFL- \])) (NP-PRD (NP (DT a) (NN question)) (PP (IN of) (SBAR (SBAR-NOM (WHNP-2 (WHNP (WP what)) (PP (-NONE- *ICH*-3))) (S (NP-SBJ-1 (DT the) (NN student)) (VP (VBZ wants) (S (NP-SBJ (-NONE- *-1)) (VP (TO to) (VP (VB have) (NP (-NONE- *T*-2))))) (PP-3 (IN in) (NP (NP (DT the) (NN way)) (PP (IN of) (NP (DT a) (NN career)))))))) (CONJP (CC and) (RB then)) (, ,) (INTJ (UH uh)) (, ,) (INTJ (UH uh)) (, ,) (SBAR (WHNP-4 (WDT which) (NNS colleges) (CC or) (NNS universities)) (S (NP-SBJ (-NONE- *T*-4)) (VP (MD can) (ADVP (RB best)) (VP (VB offer) (NP (DT that) (NN program))))))))))))) (, ,) (-DFL- E_S))",12
sw05utt/sw_0514_4174.utt,4/sw4174,4174,11,b,A,7,1,Uh-huh. /,[ Uh-huh/UH ] ./.,(INTJ (UH Uh-huh) (. .) (-DFL- E_S)),6
sw05utt/sw_0514_4174.utt,4/sw4174,4174,12,+,B,8,1,"-- {D you know, } it does, - / *[[sv]]","--/:  [ you/PRP ] know/VBP ,/,  [ it/PRP ] does/VBZ ,/,","(S (CC or) (PRN (S (NP-SBJ (PRP you)) (VP (VBP know))) (, ,)) (NP-SBJ (PRP it)) (VP-UNF (VBZ does)) (, ,) (-DFL- N_S))",16
sw05utt/sw_0514_4174.utt,4/sw4174,4174,13,sd,B,8,2,"it comes down to, {F uh } --","[ it/PRP ] comes/VBZ down/RP to/IN ,/,  [ uh/UH ] --/:","(S (NP-SBJ (PRP it)) (VP (VBZ comes) (PP (RP down) (PP (IN to) (, ,) (INTJ (UH uh)) (S-NOM (NP-SBJ-1 (-NONE- *)) (VP (VBG trying) (S (NP-SBJ (-NONE- *-1)) (VP (TO to) (VP (VB come) (PP (IN with) (NP (NP (DT a) (GW trade) (^NN off)) (PP (IN of) (NP (DT the) (NNS costs))))))))))))) (. .) (-DFL- E_S))",20
sw05utt/sw_0514_4174.utt,4/sw4174,4174,14,b,A,9,1,Uh-huh. /,[ Uh-huh/UH ] ./.,(INTJ (UH Uh-huh) (. .) (-DFL- E_S)),6
sw05utt/sw_0514_4174.utt,4/sw4174,4174,15,+,B,10,1,-- trying to come with a trade off of the costs. /,--/: trying/VBG to/TO come/VB with/IN  [ a/DT trade/GW ] off/^NN of/IN  [ the/DT costs/NNS ] ./.,"(S (NP-SBJ (PRP it)) (VP (VBZ comes) (PP (RP down) (PP (IN to) (, ,) (INTJ (UH uh)) (S-NOM (NP-SBJ-1 (-NONE- *)) (VP (VBG trying) (S (NP-SBJ (-NONE- *-1)) (VP (TO to) (VP (VB come) (PP (IN with) (NP (NP (DT a) (GW trade) (^NN off)) (PP (IN of) (NP (DT the) (NNS costs))))))))))))) (. .) (-DFL- E_S))",20
sw05utt/sw_0514_4174.utt,4/sw4174,4174,16,b,A,11,1,Uh-huh. /,[ Uh-huh/UH ] ./.,(INTJ (UH Uh-huh) (. .) (-DFL- E_S)),6
sw05utt/sw_0514_4174.utt,4/sw4174,4174,17,qo^d,B,12,1,"{F Uh, } what do you feel about come of the things that need to, -/","[ Uh/UH ] ,/,  [ what/WP ] do/VBP  [ you/PRP ] feel/VB about/IN come/^DT of/IN   [ the/DT things/NNS ] [ that/WDT ] need/VBP to/TO ,/,","(SBARQ (INTJ (UH Uh)) (, ,) (WHNP-1 (WP what)) (SQ (VBP do) (NP-SBJ (PRP you)) (VP (VB feel) (NP (-NONE- *T*-1)) (PP (IN about) (NP (NP (TYPO (^DT come))) (PP (IN of) (NP (NP (DT the) (NNS things)) (SBAR (WHNP-2 (WDT that)) (S (NP-SBJ-3 (-NONE- *T*-2)) (VP (VBP need) (S (NP-SBJ (-NONE- *-3)) (VP-UNF (TO to)))))))))))) (, ,) (-DFL- N_S))",27
sw05utt/sw_0514_4174.utt,4/sw4174,4174,18,sd,A,13,1,"(( Damn it )) , I agree [ with + pretty much with ] everything you've said.  /","Damn/VB  [ it/PRP ] ,/,  [ I/PRP ] agree/VBP with/IN pretty/RB much/RB with/IN  [ everything/NN ] [ you/PRP ] 've/VBP said/VBN ./.","(S (INTJ (VB Damn) (PRP it)) (, ,) (NP-SBJ (PRP I)) (VP (VBP agree) (EDITED (RM (-DFL- \[)) (PP-UNF (IN with)) (IP (-DFL- \+))) (ADVP (RB pretty) (RB much)) (PP (IN with) (RS (-DFL- \])) (NP (NP (NN everything)) (SBAR (WHNP-1 (-NONE- 0)) (S (NP-SBJ (PRP you)) (VP (VBP 've) (VP (VBN said) (NP (-NONE- *T*-1))))))))) (. .) (-DFL- E_S))",29
sw05utt/sw_0514_4174.utt,4/sw4174,4174,19,sv,A,13,2,"{F Uh, }   [ the one, + the one ] thing that [ I, + {D you know, } I'd  ] advise any parent, {F uh, } {D you know, }  [ or  any, + or any  ] person looking for a college, {F uh, } is that [ I think, + I think, ]  {D you know, } it's really important for them to actually visit the college and  actually try and get away from, {D you know, } the guided tour of the college and  try and talk to the, {D you know, } actual students there  /","[ Uh/UH ] ,/,  [ the/DT one/CD ] ,/,  [ the/DT one/CD thing/NN ] that/IN  [ I/PRP ] ,/,  [ you/PRP ] know/VBP ,/,  [ I/PRP ] 'd/MD advise/VB  [ any/DT parent/NN ] ,/,  [ uh/UH ] ,/,  [ you/PRP ] know/VBP ,/, or/CC  [ any/DT ] ,/, or/CC  [ any/DT person/NN ] looking/VBG for/IN  [ a/DT college/NN ] ,/,  [ uh/UH ] ,/, is/VBZ that/IN  [ I/PRP ] think/VBP ,/,  [ I/PRP ] think/VBP ,/,  [ you/PRP ] know/VBP ,/,  [ it/PRP ] 's/BES really/RB important/JJ for/IN  [ them/PRP ] to/TO actually/RB visit/VB  [ the/DT college/NN ] and/CC actually/RB try/VB and/CC get/VB away/RB from/IN ,/,  [ you/PRP ] know/VBP ,/,  [ the/DT guided/VBN tour/NN ] of/IN  [ the/DT college/NN ] and/CC try/VB and/CC talk/VB to/IN  [ the/DT ] ,/,  [ you/PRP ] know/VBP ,/,  [ actual/JJ students/NNS ] there/RB","(S (INTJ (UH Uh)) (, ,) (EDITED (RM (-DFL- \[)) (NP-SBJ-UNF (DT the) (CD one)) (, ,) (IP (-DFL- \+))) (NP-SBJ (NP (DT the) (CD one) (RS (-DFL- \])) (NN thing)) (SBAR (WHNP-1 (IN that)) (S (EDITED (RM (-DFL- \[)) (NP-SBJ (PRP I)) (, ,) (IP (-DFL- \+))) (PRN (S (NP-SBJ (PRP you)) (VP (VBP know))) (, ,)) (NP-SBJ (PRP I)) (VP (MD 'd) (RS (-DFL- \])) (VP (VB advise) (NP (NP (DT any) (NN parent)) (, ,) (INTJ (UH uh)) (PRN (, ,) (S (NP-SBJ (PRP you)) (VP (VBP know))) (, ,)) (EDITED (RM (-DFL- \[)) (CC or) (NP-UNF (DT any)) (, ,) (IP (-DFL- \+))) (CC or) (NP (NP (DT any) (RS (-DFL- \])) (NN person)) (VP (VBG looking) (PP (IN for) (NP (DT a) (NN college)))))) (NP (-NONE- *T*-1))))))) (, ,) (INTJ (UH uh)) (, ,) (VP (VBZ is) (SBAR-PRD (IN that) (S (EDITED (RM (-DFL- \[)) (S (NP-SBJ (PRP I)) (VP-UNF (VBP think))) (, ,) (IP (-DFL- \+))) (NP-SBJ (PRP I)) (VP (VBP think) (, ,) (RS (-DFL- \])) (PRN (S (NP-SBJ (PRP you)) (VP (VBP know))) (, ,)) (SBAR (-NONE- 0) (S (NP-SBJ (NP (PRP it)) (SBAR (-NONE- *EXP*-2))) (VP (BES 's) (ADJP-PRD (RB really) (JJ important)) (SBAR-2 (IN for) (S (NP-SBJ (PRP them)) (VP (TO to) (ADVP (RB actually)) (VP (VP (VB visit) (NP (DT the) (NN college))) (CC and) (ADVP (RB actually)) (VP (VP (VB try)) (CC and) (VP (VB get) (ADVP (RB away) (PP (IN from) (PRN (, ,) (S (NP-SBJ (PRP you)) (VP (VBP know))) (, ,)) (NP (NP (DT the) (VBN guided) (NN tour)) (PP (IN of) (NP (DT the) (NN college)))))))) (CC and) (VP (VP (VB try)) (CC and) (VP (VB talk) (PP (IN to) (NP (NP (DT the) (PRN (, ,) (S (NP-SBJ (PRP you)) (VP (VBP know))) (, ,)) (JJ actual) (NNS students)) (ADVP-LOC (RB there))))))))))))))))) (-DFL- E_S))",30
sw05utt/sw_0514_4174.utt,4/sw4174,4174,20,sv,A,13,3,"{C because, } {D you know, } they're just, {F uh, } in my experience, - /","because/RB ,/,  [ you/PRP ] know/VBP ,/,  [ they/PRP ] 're/VBP just/RB ,/,  [ uh/UH ] ,/, in/IN  [ my/PRP$ experience/NN ] ,/,","(SBAR-PRP (RB because) (PRN (, ,) (S (NP-SBJ (PRP you)) (VP (VBP know))) (, ,)) (S (NP-SBJ (PRP they)) (VP-UNF (VBP 're) (ADVP (RB just)) (, ,) (INTJ (UH uh)) (, ,) (PP (IN in) (NP (PRP$ my) (NN experience))))) (, ,) (-DFL- N_S))",31
sw05utt/sw_0514_4174.utt,4/sw4174,4174,21,sd,A,13,4,"I've talked to people at other colleges, {F uh, } that, {D you know, } - /","[ I/PRP ] 've/VBP talked/VBN to/IN  [ people/NNS ] at/IN  [ other/JJ colleges/NNS ] ,/,  [ uh/UH ] ,/, that/WDT ,/,  [ you/PRP ] know/VBP ,/,","(S (NP-SBJ (PRP I)) (VP (VBP 've) (VP (VBN talked) (PP (IN to) (NP (NP (NNS people)) (PP-LOC (IN at) (NP (JJ other) (NNS colleges))) (, ,) (INTJ (UH uh)) (, ,) (SBAR-UNF (WHNP (WDT that))))) (PRN (, ,) (S (NP-SBJ (PRP you)) (VP (VBP know)))))) (, ,) (-DFL- N_S))",32
sw05utt/sw_0514_4174.utt,4/sw4174,4174,22,sv,A,13,5,"[ [ [ the, + the,  ] + the  ] way, +   [ [ [ the, + {D you know, } the, ] + the, ] + the ] lifestyle  ] pictured in the [ cat-, + catalogs ] isn't always <laughter> the whole story. /","[ the/DT ] ,/,  [ the/DT ] ,/,  [ the/DT way/NN ] ,/,  [ the/DT ] ,/,  [ you/PRP ] know/VBP ,/,  [ the/DT ] ,/,  [ the/DT ] ,/,  [ the/DT lifestyle/NN ] pictured/VBN in/IN  [ the/DT cat-/NNS ] ,/,  [ catalogs/NNS ] is/VBZ n't/RB always/RB  [ the/DT whole/JJ story/NN ] ./.","(S (EDITED (RM (-DFL- \[)) (EDITED (RM (-DFL- \[)) (EDITED (RM (-DFL- \[)) (NP-SBJ-UNF (DT the)) (, ,) (IP (-DFL- \+))) (NP-SBJ-UNF (DT the)) (, ,) (RS (-DFL- \])) (IP (-DFL- \+))) (NP-SBJ-UNF (DT the) (RS (-DFL- \])) (NN way)) (, ,) (IP (-DFL- \+))) (EDITED (RM (-DFL- \[)) (EDITED (RM (-DFL- \[)) (EDITED (RM (-DFL- \[)) (NP-SBJ-UNF (DT the)) (, ,) (IP (-DFL- \+))) (PRN (S (NP-SBJ (PRP you)) (VP (VBP know))) (, ,)) (NP-SBJ-UNF (DT the)) (, ,) (RS (-DFL- \])) (IP (-DFL- \+))) (NP-SBJ-UNF (DT the)) (, ,) (RS (-DFL- \])) (IP (-DFL- \+))) (NP-SBJ (NP (DT the) (RS (-DFL- \])) (NN lifestyle)) (RS (-DFL- \])) (VP (VBN pictured) (NP (-NONE- *)) (PP-LOC (IN in) (NP (DT the) (EDITED (RM (-DFL- \[)) (NNS cat-) (, ,) (IP (-DFL- \+))) (NNS catalogs))))) (RS (-DFL- \])) (VP (VBZ is) (RB n't) (ADVP-TMP (RB always)) (NP-PRD (DT the) (JJ whole) (NN story))) (. .) (-DFL- E_S))",33
sw05utt/sw_0514_4174.utt,4/sw4174,4174,23,aa,B,14,1,"No,  /","No/RB ,/,","(INTJ (RB No) (, ,) (-DFL- E_S))",35
sw05utt/sw_0514_4174.utt,4/sw4174,4174,24,%,B,14,2,"y-, - /","[ y-/XX ] ,/,","(X (XX y-) (, ,) (-DFL- N_S))",36
sw05utt/sw_0514_4174.utt,4/sw4174,4174,25,%,B,14,3,"[ the, + the  ] college, - /","[ the/DT ] ,/,  [ the/DT college/NN ] ,/,","(S-UNF (EDITED (RM (-DFL- \[)) (NP-SBJ-UNF (DT the)) (, ,) (IP (-DFL- \+))) (NP-SBJ (DT the) (RS (-DFL- \])) (NN college)) (, ,) (-DFL- N_S))",37
sw05utt/sw_0514_4174.utt,4/sw4174,4174,26,sv,B,14,4,"[ the, + the ] catalogs are sales material. /","[ the/DT ] ,/,  [ the/DT catalogs/NNS ] are/VBP  [ sales/NNS material/NN ] ./.","(S (EDITED (RM (-DFL- \[)) (NP-SBJ-UNF (DT the)) (, ,) (IP (-DFL- \+))) (NP-SBJ (DT the) (RS (-DFL- \])) (NNS catalogs)) (VP (VBP are) (NP-PRD (NNS sales) (NN material))) (. .) (-DFL- E_S))",38
sw05utt/sw_0514_4174.utt,4/sw4174,4174,27,b,A,15,1,Uh-huh. /,[ Uh-huh/UH ] ./.,(INTJ (UH Uh-huh) (. .) (-DFL- E_S)),6
sw05utt/sw_0514_4174.utt,4/sw4174,4174,28,sv,B,16,1,It doesn't matter --,[ It/PRP ] does/VBZ n't/RB matter/VB --/:,"(S (NP-SBJ (NP (PRP It)) (SBAR (-NONE- *EXP*-1))) (VP (VBZ does) (RB n't) (VP (VB matter) (SBAR-1 (IN whether) (PRN (, ,) (S (NP-SBJ (PRP you)) (VP (VBP know))) (, ,)) (S (EDITED (RM (-DFL- \[)) (S (NP-SBJ (PRP they)) (VP-UNF (VBP 're))) (, ,) (IP (-DFL- \+))) (NP-SBJ (PRP they)) (VP (VBP 're) (RS (-DFL- \])) (VP (VBG selling) (NP (NN school)))))))) (. .) (-DFL- E_S))",42
sw05utt/sw_0514_4174.utt,4/sw4174,4174,29,b,A,17,1,Uh-huh. /,[ Uh-huh/UH ] ./.,(INTJ (UH Uh-huh) (. .) (-DFL- E_S)),10
sw05utt/sw_0514_4174.utt,4/sw4174,4174,30,+,B,18,1,"-- whether, {D you know, } [ they're, + they're ] selling school. /","--/: whether/IN ,/,  [ you/PRP ] know/VBP ,/,  [ they/PRP ] 're/VBP ,/,  [ they/PRP ] 're/VBP selling/VBG  [ school/NN ] ./.","(S (NP-SBJ (NP (PRP It)) (SBAR (-NONE- *EXP*-1))) (VP (VBZ does) (RB n't) (VP (VB matter) (SBAR-1 (IN whether) (PRN (, ,) (S (NP-SBJ (PRP you)) (VP (VBP know))) (, ,)) (S (EDITED (RM (-DFL- \[)) (S (NP-SBJ (PRP they)) (VP-UNF (VBP 're))) (, ,) (IP (-DFL- \+))) (NP-SBJ (PRP they)) (VP (VBP 're) (RS (-DFL- \])) (VP (VBG selling) (NP (NN school)))))))) (. .) (-DFL- E_S))",42
sw05utt/sw_0514_4174.utt,4/sw4174,4174,31,b,A,19,1,Uh-huh. /,[ Uh-huh/UH ] ./.,(INTJ (UH Uh-huh) (. .) (-DFL- E_S)),18
sw05utt/sw_0514_4174.utt,4/sw4174,4174,32,o,B,20,1,"[ {C And, } +  {F uh, } {C and, } ] true,  /","And/CC ,/,  [ uh/UH ] ,/, and/CC ,/,  [ true/JJ ] ,/,","(S (EDITED (RM (-DFL- \[)) (CC And) (, ,) (IP (-DFL- \+))) (INTJ (UH uh)) (, ,) (CC and) (, ,) (RS (-DFL- \])) (INTJ (JJ true)) (, ,) (-DFL- E_S) (NP-SBJ (PRP it)) (, ,) (INTJ (UH uh)) (, ,) (ADVP (RB really)) (VP (VBZ is) (ADJP-PRD (JJ helpful)) (SBAR-ADV-1 (IN if) (S (NP-SBJ (NP (DT a) (NN parent)) (CC and) (NP (DT the) (NN student))) (VP (MD can) (VP (VP (VB get) (ADVP-LOC (RB there))) (CC and) (VP (VB see) (NP (NP (NP (DT the) (JJ real) (NN character)) (PP (IN of) (NP (DT the) (NN school)))) (CC and) (NP (NP (DT the) (JJ real) (NN life) (NNS experiences)) (PP (IN of) (NP (DT the) (NN school))))))))))) (. .) (-DFL- E_S))",49
sw05utt/sw_0514_4174.utt,4/sw4174,4174,33,sv,B,20,2,"it, {F uh, } really is helpful if a parent and the student can get there and see --","[ it/PRP ] ,/,  [ uh/UH ] ,/, really/RB is/VBZ helpful/JJ if/IN  [ a/DT parent/NN ] and/CC  [ the/DT student/NN ] can/MD get/VB there/RB and/CC see/VB --/:","(S (EDITED (RM (-DFL- \[)) (CC And) (, ,) (IP (-DFL- \+))) (INTJ (UH uh)) (, ,) (CC and) (, ,) (RS (-DFL- \])) (INTJ (JJ true)) (, ,) (-DFL- E_S) (NP-SBJ (PRP it)) (, ,) (INTJ (UH uh)) (, ,) (ADVP (RB really)) (VP (VBZ is) (ADJP-PRD (JJ helpful)) (SBAR-ADV-1 (IN if) (S (NP-SBJ (NP (DT a) (NN parent)) (CC and) (NP (DT the) (NN student))) (VP (MD can) (VP (VP (VB get) (ADVP-LOC (RB there))) (CC and) (VP (VB see) (NP (NP (NP (DT the) (JJ real) (NN character)) (PP (IN of) (NP (DT the) (NN school)))) (CC and) (NP (NP (DT the) (JJ real) (NN life) (NNS experiences)) (PP (IN of) (NP (DT the) (NN school))))))))))) (. .) (-DFL- E_S))",49
sw05utt/sw_0514_4174.utt,4/sw4174,4174,34,b,A,21,1,Uh-huh. /,[ Uh-huh/UH ] ./.,(INTJ (UH Uh-huh) (. .) (-DFL- E_S)),22
sw05utt/sw_0514_4174.utt,4/sw4174,4174,35,+,B,22,1,-- the real character of the school and the real life experiences of the school.   /,--/:  [ the/DT real/JJ character/NN ] of/IN  [ the/DT school/NN ] and/CC  [ the/DT real/JJ life/NN experiences/NNS ] of/IN  [ the/DT school/NN ] ./.,"(S (EDITED (RM (-DFL- \[)) (CC And) (, ,) (IP (-DFL- \+))) (INTJ (UH uh)) (, ,) (CC and) (, ,) (RS (-DFL- \])) (INTJ (JJ true)) (, ,) (-DFL- E_S) (NP-SBJ (PRP it)) (, ,) (INTJ (UH uh)) (, ,) (ADVP (RB really)) (VP (VBZ is) (ADJP-PRD (JJ helpful)) (SBAR-ADV-1 (IN if) (S (NP-SBJ (NP (DT a) (NN parent)) (CC and) (NP (DT the) (NN student))) (VP (MD can) (VP (VP (VB get) (ADVP-LOC (RB there))) (CC and) (VP (VB see) (NP (NP (NP (DT the) (JJ real) (NN character)) (PP (IN of) (NP (DT the) (NN school)))) (CC and) (NP (NP (DT the) (JJ real) (NN life) (NNS experiences)) (PP (IN of) (NP (DT the) (NN school))))))))))) (. .) (-DFL- E_S))",49
sw05utt/sw_0514_4174.utt,4/sw4174,4174,36,sv,B,22,2,"{F Uh, }  I guess there's a difference in, - /","[ Uh/UH ] ,/,  [ I/PRP ] guess/VBP  [ there/EX ] 's/BES  [ a/DT difference/NN ] in/IN ,/,","(S (INTJ (UH Uh)) (, ,) (NP-SBJ (PRP I)) (VP (VBP guess) (SBAR (-NONE- 0) (S (NP-SBJ (EX there)) (VP (BES 's) (NP-PRD (NP (DT a) (NN difference)) (PP-UNF (IN in))))))) (, ,) (-DFL- N_S))",53
sw05utt/sw_0514_4174.utt,4/sw4174,4174,37,%,B,22,3,"here the, - /","here/RB  [ the/DT ] ,/,","(S-UNF (ADVP-LOC (RB here)) (NP-SBJ-UNF (DT the)) (, ,) (-DFL- N_S))",54
sw05utt/sw_0514_4174.utt,4/sw4174,4174,38,sd,B,22,4,"at least,","at/IN  [ least/JJS ] ,/,","(S (ADVP (IN at) (JJS least)) (, ,) (NP-SBJ (DT the) (NN university)) (ADVP-LOC (RB here) (PP (IN in) (NP (NNP Saskatoon)))) (VP (VBZ is) (ADVP (RB primarily)) (, ,) (INTJ (UH uh)) (, ,) (NP-PRD (ADJP (IN off) (NN campus)) (NN resident) (NNS students))) (. .) (-DFL- E_S))",55
sw05utt/sw_0514_4174.utt,4/sw4174.pos,4174,39,x,A,23,1,<Clanking>.,./.
sw05utt/sw_0514_4174.utt,4/sw4174,4174,40,+,B,24,1,"the university here in  (( Saskatoon ))  is primarily, {F uh, } off campus resident students.  /","[ the/DT university/NN ] here/RB in/IN  [ Saskatoon/NNP ] is/VBZ primarily/RB ,/,  [ uh/UH ] ,/, off/IN  [ campus/NN resident/NN students/NNS ] ./.","(S (ADVP (IN at) (JJS least)) (, ,) (NP-SBJ (DT the) (NN university)) (ADVP-LOC (RB here) (PP (IN in) (NP (NNP Saskatoon)))) (VP (VBZ is) (ADVP (RB primarily)) (, ,) (INTJ (UH uh)) (, ,) (NP-PRD (ADJP (IN off) (NN campus)) (NN resident) (NNS students))) (. .) (-DFL- E_S))",55
sw05utt/sw_0514_4174.utt,4/sw4174,4174,41,sd,B,24,2,"{D Like, } they just live in the community. /","Like/UH ,/,  [ they/PRP ] just/RB live/VBP in/IN  [ the/DT community/NN ] ./.","(S (INTJ (UH Like)) (, ,) (NP-SBJ (PRP they)) (ADVP (RB just)) (VP (VBP live) (PP-LOC (IN in) (NP (DT the) (NN community)))) (. .) (-DFL- E_S))",58
sw05utt/sw_0514_4174.utt,4/sw4174,4174,42,b,A,25,1,Uh-huh. /,[ Uh-huh/UH ] ./.,(INTJ (UH Uh-huh) (. .) (-DFL- E_S)),40
sw05utt/sw_0514_4174.utt,4/sw4174,4174,43,sd,B,26,1,"{F Uh, } {D you know, } I know that there are a lot of colleges and universities, particularly as they get to be a little bit on the smaller side where dormitory life is, {F uh, }  is right on campus as well -- /","[ Uh/UH ] ,/,  [ you/PRP ] know/VBP ,/,  [ I/PRP ] know/VBP that/IN  [ there/EX ] are/VBP  [ a/DT lot/NN ] of/IN  [ colleges/NNS ] and/CC  [ universities/NNS ] ,/, particularly/RB as/IN  [ they/PRP ] get/VBP to/TO be/VB  [ a/DT little/JJ bit/NN ] on/IN  [ the/DT smaller/JJR side/NN ] where/WRB  [ dormitory/NN life/NN ] is/VBZ ,/,  [ uh/UH ] ,/, is/VBZ right/RB on/IN  [ campus/NN ] as/RB well/RB --/:","(S (INTJ (UH Uh)) (PRN (, ,) (S (NP-SBJ (PRP you)) (VP (VBP know))) (, ,)) (NP-SBJ (PRP I)) (VP (VBP know) (SBAR (IN that) (S (NP-SBJ (EX there)) (VP (VBP are) (NP-PRD (NP (DT a) (NN lot)) (PP (IN of) (NP (NP (NNS colleges) (CC and) (NNS universities)) (SBAR (-NONE- *ICH*-3))))) (, ,) (SBAR-ADV (ADVP (RB particularly)) (IN as) (S (NP-SBJ-1 (PRP they)) (VP (VBP get) (S (NP-SBJ (-NONE- *-1)) (VP (TO to) (VP (VB be) (PP-PRD (NP-ADV (DT a) (JJ little) (NN bit)) (IN on) (NP (DT the) (JJR smaller) (NN side)))))) (SBAR-3 (WHADVP-2 (WRB where)) (S (NP-SBJ (NN dormitory) (NN life)) (EDITED (VP-UNF (VBZ is))) (, ,) (INTJ (UH uh)) (, ,) (VP (VBZ is) (PP-LOC-PRD (ADVP (RB right)) (IN on) (NP (NN campus))) (ADVP (RB as) (RB well)) (ADVP-LOC (-NONE- *T*-2)))))))))))) (-DFL- E_S))",62
sw05utt/sw_0514_4174.utt,4/sw4174,4174,44,b,A,27,1,Uh-huh. /,[ Uh-huh/UH ] ./.,(INTJ (UH Uh-huh) (. .) (-DFL- E_S)),40
sw05utt/sw_0514_4174.utt,4/sw4174,4174,45,sv,B,28,1,"-- {C and } [ that, + {D you know, } that ] changes the character --","--/: and/CC  [ that/DT ] ,/,  [ you/PRP ] know/VBP ,/,  [ that/DT ] changes/VBZ  [ the/DT character/NN ] --/:","(S (CC and) (EDITED (RM (-DFL- \[)) (NP-SBJ (DT that)) (, ,) (IP (-DFL- \+))) (PRN (S (NP-SBJ (PRP you)) (VP (VBP know))) (, ,)) (NP-SBJ (DT that)) (RS (-DFL- \])) (VP (VBZ changes) (NP (NP (DT the) (NN character)) (PP (IN of) (NP (PRP it)))) (NP-ADV (RB quite) (DT a) (NN bit))) (. .) (-DFL- E_S))",66
sw05utt/sw_0514_4174.utt,4/sw4174,4174,46,b,A,29,1,Uh-huh. /,[ Uh-huh/UH ] ./.,(INTJ (UH Uh-huh) (. .) (-DFL- E_S)),44
sw05utt/sw_0514_4174.utt,4/sw4174,4174,47,+,B,30,1,-- of it quite a bit. /,--/: of/IN  [ it/PRP ] quite/RB  [ a/DT bit/NN ] ./.,"(S (CC and) (EDITED (RM (-DFL- \[)) (NP-SBJ (DT that)) (, ,) (IP (-DFL- \+))) (PRN (S (NP-SBJ (PRP you)) (VP (VBP know))) (, ,)) (NP-SBJ (DT that)) (RS (-DFL- \])) (VP (VBZ changes) (NP (NP (DT the) (NN character)) (PP (IN of) (NP (PRP it)))) (NP-ADV (RB quite) (DT a) (NN bit))) (. .) (-DFL- E_S))",66
sw05utt/sw_0514_4174.utt,4/sw4174,4174,48,b,A,31,1,"Yeah,  /","[ Yeah/UH ] ,/,","(INTJ (UH Yeah) (, ,) (-DFL- E_S))",71
sw05utt/sw_0514_4174.utt,4/sw4174,4174,49,sd,A,31,2,"[ I, + I ] go to Georgia Tech which is, {D you know, } primarily an engineering school -- /","[ I/PRP ] ,/,  [ I/PRP ] go/VBP to/IN  [ Georgia/NNP Tech/NNP ] [ which/WDT ] is/VBZ ,/,  [ you/PRP ] know/VBP ,/, primarily/RB  [ an/DT engineering/NN school/NN ] --/:","(S (EDITED (RM (-DFL- \[)) (NP-SBJ (PRP I)) (, ,) (IP (-DFL- \+))) (NP-SBJ (PRP I)) (RS (-DFL- \])) (VP (VBP go) (PP (IN to) (NP (NP (NNP Georgia) (NNP Tech)) (SBAR (WHNP-1 (WDT which)) (S (NP-SBJ (-NONE- *T*-1)) (VP (VBZ is) (PRN (, ,) (S (NP-SBJ (PRP you)) (VP (VBP know))) (, ,)) (ADVP (RB primarily)) (NP-PRD (DT an) (NN engineering) (NN school)))))))) (-DFL- E_S))",72
sw05utt/sw_0514_4174.utt,4/sw4174,4174,50,b,B,32,1,Uh-huh. /,[ Uh-huh/UH ] ./.,(INTJ (UH Uh-huh) (. .) (-DFL- E_S)),51
sw05utt/sw_0514_4174.utt,4/sw4174,4174,51,sd,A,33,1,"-- {C and, } {F uh, } {D you know, } I think I really do miss the fact, {D you know, }  (( that )) it's not a university, that [ there's, + there's ] not, [ the, + the, ]  {D you know, } - /","--/: and/CC ,/,  [ uh/UH ] ,/,  [ you/PRP ] know/VBP ,/,  [ I/PRP ] think/VBP  [ I/PRP ] really/RB do/VBP miss/VB  [ the/DT fact/NN ] ,/,  [ you/PRP ] know/VBP ,/, that/IN  [ it/PRP ] 's/BES not/RB  [ a/DT university/NN ] ,/, that/IN  [ there/EX ] 's/BES ,/,  [ there/EX ] 's/BES not/RB ,/,  [ the/DT ] ,/,  [ the/DT ] ,/,  [ you/PRP ] know/VBP ,/,","(S (CC and) (, ,) (INTJ (UH uh)) (PRN (, ,) (S (NP-SBJ (PRP you)) (VP (VBP know))) (, ,)) (NP-SBJ (PRP I)) (VP (VBP think) (SBAR (-NONE- 0) (S (NP-SBJ (PRP I)) (ADVP (RB really)) (VP (VBP do) (VP (VB miss) (NP (DT the) (NN fact) (PRN (, ,) (S (NP-SBJ (PRP you)) (VP (VBP know))) (, ,)) (SBAR (IN that) (S (NP-SBJ (PRP it)) (VP (BES 's) (RB not) (NP-PRD (DT a) (NN university))))) (, ,) (SBAR (IN that) (S (EDITED (RM (-DFL- \[)) (S (NP-SBJ (EX there)) (VP-UNF (BES 's))) (, ,) (IP (-DFL- \+))) (NP-SBJ (EX there)) (VP (BES 's) (RS (-DFL- \])) (RB not) (, ,) (EDITED (RM (-DFL- \[)) (NP-PRD-UNF (DT the)) (, ,) (IP (-DFL- \+))) (NP-PRD-UNF (DT the)))))))))) (, ,) (RS (-DFL- \])) (PRN (S (NP-SBJ (PRP you)) (VP (VBP know))))) (, ,) (-DFL- N_S))",76
sw05utt/sw_0514_4174.utt,4/sw4174,4174,52,sv,A,33,2,it tends to be a very conservative school  /,[ it/PRP ] tends/VBZ to/TO be/VB  [ a/DT very/RB conservative/JJ school/NN ],(S (NP-SBJ-1 (PRP it)) (VP (VBZ tends) (S (NP-SBJ (-NONE- *-1)) (VP (TO to) (VP (VB be) (NP-PRD (DT a) (ADJP (RB very) (JJ conservative)) (NN school)))))) (-DFL- E_S)),77
sw05utt/sw_0514_4174.utt,4/sw4174,4174,53,sv,A,33,3,"[ {C and }  there, + {C and }  there  ] doesn't seem to be the diversity of views that a lot of, {D you know, } universities [ will, + will ] have. /","and/CC there/EX ,/, and/CC  [ there/EX ] does/VBZ n't/RB seem/VB to/TO be/VB  [ the/DT diversity/NN ] of/IN  [ views/NNS ] that/WDT  [ a/DT lot/NN ] of/IN ,/,  [ you/PRP ] know/VBP ,/,  [ universities/NNS ] will/MD ,/, will/MD have/VB ./.","(S (EDITED (RM (-DFL- \[)) (CC and) (NP-SBJ (EX there)) (, ,) (IP (-DFL- \+))) (CC and) (NP-SBJ-1 (EX there)) (RS (-DFL- \])) (VP (VBZ does) (RB n't) (VP (VB seem) (S (NP-SBJ (-NONE- *-1)) (VP (TO to) (VP (VB be) (NP-PRD (NP (DT the) (NN diversity)) (PP (IN of) (NP (NNS views))) (SBAR (WHNP-2 (WDT that)) (S (NP-SBJ (NP (DT a) (NN lot)) (PP (IN of) (PRN (, ,) (S (NP-SBJ (PRP you)) (VP (VBP know))) (, ,)) (NP (NNS universities)))) (EDITED (RM (-DFL- \[)) (VP-UNF (MD will)) (, ,) (IP (-DFL- \+))) (VP (MD will) (RS (-DFL- \])) (VP (VB have) (NP (-NONE- *T*-2)))))))))))) (. .) (-DFL- E_S))",78
sw05utt/sw_0514_4174.utt,4/sw4174,4174,54,b,B,34,1,Yeah.  /,Yeah/UH ./.,(INTJ (UH Yeah) (. .) (-DFL- E_S)),80
sw05utt/sw_0514_4174.utt,4/sw4174,4174,55,sd,B,34,2,"{F Uh, } I guess we're here,  /","[ Uh/UH ] ,/,  [ I/PRP ] guess/VBP  [ we/PRP ] 're/VBP here/RB ,/,","(S (INTJ (UH Uh)) (, ,) (NP-SBJ (PRP I)) (VP (VBP guess) (SBAR (-NONE- 0) (S (NP-SBJ (PRP we)) (VP (VBP 're) (ADVP-LOC-PRD (RB here)))))) (, ,) (-DFL- E_S))",81
sw05utt/sw_0514_4174.utt,4/sw4174,4174,56,sv*,B,34,3,"this is the university that has, for years had [ the, + the  ] car, that, {F uh, } will travel the farthest [ on, + {F uh, } on ] a small quantity of gas,  /  *[[utt 3 & 4 one utt??]]","[ this/DT ] is/VBZ  [ the/DT university/NN ] [ that/WDT ] has/VBZ ,/, for/IN  [ years/NNS ] had/VBN  [ the/DT ] ,/,  [ the/DT car/NN ] ,/, that/WDT ,/,  [ uh/UH ] ,/, will/MD travel/VB  [ the/DT farthest/RBS ] on/IN ,/,  [ uh/UH ] ,/, on/IN  [ a/DT small/JJ quantity/NN ] of/IN  [ gas/NN ] ,/,","(S (NP-SBJ (DT this)) (VP (VBZ is) (NP-PRD (NP (DT the) (NN university)) (SBAR (WHNP-1 (WDT that)) (S (NP-SBJ (-NONE- *T*-1)) (VP (VBZ has) (, ,) (PP-TMP (IN for) (NP (NNS years))) (VP (VBN had) (EDITED (RM (-DFL- \[)) (NP-UNF (DT the)) (, ,) (IP (-DFL- \+))) (NP (NP (DT the) (RS (-DFL- \])) (NN car)) (, ,) (SBAR (WHNP-2 (WDT that)) (, ,) (INTJ (UH uh)) (, ,) (S (NP-SBJ (-NONE- *T*-2)) (VP (MD will) (VP (VB travel) (NP-DIR (DT the) (RBS farthest)) (EDITED (RM (-DFL- \[)) (PP-UNF (IN on)) (, ,) (IP (-DFL- \+))) (INTJ (UH uh)) (, ,) (PP (IN on) (RS (-DFL- \])) (NP (NP (DT a) (JJ small) (NN quantity)) (PP (IN of) (NP (NN gas)))))))))))))))) (, ,) (-DFL- E_S))",82
sw05utt/sw_0514_4174.utt,4/sw4174,4174,57,"""",B,34,4,our engineering students. /,[ our/PRP$ engineering/NN students/NNS ] ./.,(NP (PRP$ our) (NN engineering) (NNS students) (. .) (-DFL- E_S)),83
sw05utt/sw_0514_4174.utt,4/sw4174,4174,58,b,A,35,1,Uh-huh. /,[ Uh-huh/UH ] ./.,(INTJ (UH Uh-huh) (. .) (-DFL- E_S)),60
sw05utt/sw_0514_4174.utt,4/sw4174,4174,59,sd,B,36,1,"{F Uh, } in competitions - /","[ Uh/UH ] ,/, in/IN  [ competitions/NNS ]","(FRAG (INTJ (UH Uh)) (, ,) (PP (IN in) (NP (NNS competitions))) (-DFL- N_S))",87
sw05utt/sw_0514_4174.utt,4/sw4174,4174,60,sv,B,36,2,"{C and } that's the kind of thing that also [ you see, + {F uh, } if you can see ] the kinds of achievements that have been made by students as well as graduates --","and/CC  [ that/DT ] 's/BES  [ the/DT kind/NN ] of/IN  [ thing/NN ] that/WDT also/RB  [ you/PRP ] see/VBP ,/,  [ uh/UH ] ,/, if/IN  [ you/PRP ] can/MD see/VB  [ the/DT kinds/NNS ] of/IN  [ achievements/NNS ] [ that/WDT ] have/VB been/VBN made/VBN by/IN  [ students/NNS ] as/RB well/RB as/IN graduates/NNS --/:","(S (CC and) (NP-SBJ (DT that)) (VP (BES 's) (NP-PRD (NP (DT the) (NN kind)) (PP (IN of) (NP (NN thing))) (SBAR (WHNP-1 (WDT that)) (S (NP-SBJ (-NONE- *T*-1)) (ADVP (RB also)) (EDITED (RM (-DFL- \[)) (S (NP-SBJ (PRP you)) (VP-UNF (VBP see))) (, ,) (IP (-DFL- \+))) (INTJ (UH uh)) (, ,) (SBAR-ADV (IN if) (S (NP-SBJ (PRP you)) (VP (MD can) (VP (VB see) (RS (-DFL- \])) (NP (NP (DT the) (NNS kinds)) (PP (IN of) (NP (NNS achievements))) (SBAR (WHNP-2 (WDT that)) (S (NP-SBJ-3 (-NONE- *T*-2)) (VP (VB have) (VP (VBN been) (VP (VBN made) (NP (-NONE- *-3)) (PP (IN by) (NP-LGS (NNS students) (CONJP (RB as) (RB well) (IN as)) (NNS graduates))))))))))))) (VP (MD can) (VP (VB give) (NP (PRP you)) (NP (NP (NN idea)) (PP (IN of) (NP (NP (DT the) (NN character)) (PP (IN of) (NP (DT the) (NN school)))))))))))) (. .) (-DFL- E_S))",88
sw05utt/sw_0514_4174.utt,4/sw4174,4174,61,b,A,37,1,Uh-huh. /,[ Uh-huh/UH ] ./.,(INTJ (UH Uh-huh) (. .) (-DFL- E_S)),60
sw05utt/sw_0514_4174.utt,4/sw4174,4174,62,+,B,38,1,-- can give you idea of the character of the school.  /,--/: can/MD give/VB  [ you/PRP ] [ idea/NN ] of/IN  [ the/DT character/NN ] of/IN  [ the/DT school/NN ] ./.,"(S (CC and) (NP-SBJ (DT that)) (VP (BES 's) (NP-PRD (NP (DT the) (NN kind)) (PP (IN of) (NP (NN thing))) (SBAR (WHNP-1 (WDT that)) (S (NP-SBJ (-NONE- *T*-1)) (ADVP (RB also)) (EDITED (RM (-DFL- \[)) (S (NP-SBJ (PRP you)) (VP-UNF (VBP see))) (, ,) (IP (-DFL- \+))) (INTJ (UH uh)) (, ,) (SBAR-ADV (IN if) (S (NP-SBJ (PRP you)) (VP (MD can) (VP (VB see) (RS (-DFL- \])) (NP (NP (DT the) (NNS kinds)) (PP (IN of) (NP (NNS achievements))) (SBAR (WHNP-2 (WDT that)) (S (NP-SBJ-3 (-NONE- *T*-2)) (VP (VB have) (VP (VBN been) (VP (VBN made) (NP (-NONE- *-3)) (PP (IN by) (NP-LGS (NNS students) (CONJP (RB as) (RB well) (IN as)) (NNS graduates))))))))))))) (VP (MD can) (VP (VB give) (NP (PRP you)) (NP (NP (NN idea)) (PP (IN of) (NP (NP (DT the) (NN character)) (PP (IN of) (NP (DT the) (NN school)))))))))))) (. .) (-DFL- E_S))",88
sw05utt/sw_0514_4174.utt,4/sw4174,4174,63,sv,B,38,2,"{F Uh, } [ whether you,   {D you know, } in one sense, + whether you've  ] got a spirit of innovation and excellence or whether you've got [ a, + a ] spirit of, somewhat unkind, but --","[ Uh/UH ] ,/, whether/IN  [ you/PRP ] ,/,  [ you/PRP ] know/VBP ,/, in/IN  [ one/CD sense/NN ] ,/, whether/IN  [ you/PRP ] 've/VBP got/VBN  [ a/DT spirit/NN ] of/IN  [ innovation/NN ] and/CC  [ excellence/NN ] or/CC whether/IN  [ you/PRP ] 've/VBP got/VBN  [ a/DT ] ,/,  [ a/DT spirit/NN ] of/IN ,/, somewhat/RB unkind/JJ ,/, but/CC --/:","(FRAG (INTJ (UH Uh)) (, ,) (EDITED (RM (-DFL- \[)) (SBAR (IN whether) (S-UNF (NP-SBJ (PRP you)) (PRN (, ,) (S (NP-SBJ (PRP you)) (VP (VBP know))) (, ,))))) (PP (IN in) (NP (CD one) (NN sense))) (, ,) (IP (-DFL- \+)) (SBAR (SBAR (IN whether) (S (NP-SBJ (PRP you)) (VP (VBP 've) (RS (-DFL- \])) (VP (VBN got) (NP (NP (DT a) (NN spirit)) (PP (IN of) (NP (NN innovation) (CC and) (NN excellence)))))))) (CC or) (SBAR (IN whether) (S (NP-SBJ (PRP you)) (VP (VBP 've) (VP (VBN got) (EDITED (RM (-DFL- \[)) (NP-UNF (DT a)) (, ,) (IP (-DFL- \+))) (NP (NP (DT a) (RS (-DFL- \])) (NN spirit)) (PP (IN of) (PRN (, ,) (ADJP (RB somewhat) (JJ unkind)) (, ,) (CC but)) (S-NOM (NP-SBJ (-NONE- *)) (VP (VBG producing) (NP (NNS graduates))))))))))) (. .) (-DFL- E_S))",92
sw05utt/sw_0514_4174.utt,4/sw4174,4174,64,b,A,39,1,Uh-huh. /,[ Uh-huh/UH ] ./.,(INTJ (UH Uh-huh) (. .) (-DFL- E_S)),64
sw05utt/sw_0514_4174.utt,4/sw4174,4174,65,+,B,40,1,-- producing graduates. /,--/: producing/VBG  [ graduates/NNS ] ./.,"(FRAG (INTJ (UH Uh)) (, ,) (EDITED (RM (-DFL- \[)) (SBAR (IN whether) (S-UNF (NP-SBJ (PRP you)) (PRN (, ,) (S (NP-SBJ (PRP you)) (VP (VBP know))) (, ,))))) (PP (IN in) (NP (CD one) (NN sense))) (, ,) (IP (-DFL- \+)) (SBAR (SBAR (IN whether) (S (NP-SBJ (PRP you)) (VP (VBP 've) (RS (-DFL- \])) (VP (VBN got) (NP (NP (DT a) (NN spirit)) (PP (IN of) (NP (NN innovation) (CC and) (NN excellence)))))))) (CC or) (SBAR (IN whether) (S (NP-SBJ (PRP you)) (VP (VBP 've) (VP (VBN got) (EDITED (RM (-DFL- \[)) (NP-UNF (DT a)) (, ,) (IP (-DFL- \+))) (NP (NP (DT a) (RS (-DFL- \])) (NN spirit)) (PP (IN of) (PRN (, ,) (ADJP (RB somewhat) (JJ unkind)) (, ,) (CC but)) (S-NOM (NP-SBJ (-NONE- *)) (VP (VBG producing) (NP (NNS graduates))))))))))) (. .) (-DFL- E_S))",92
sw05utt/sw_0514_4174.utt,4/sw4174,4174,66,b,A,41,1,Yeah. /,Yeah/UH ./.,(INTJ (UH Yeah) (. .) (-DFL- E_S)),80
sw05utt/sw_0514_4174.utt,4/sw4174,4174,67,sv,B,42,1,"{F Uh, } {D you know, } as sort of some development and some training, {F uh, }  /","[ Uh/UH ] ,/,  [ you/PRP ] know/VBP ,/, as/IN  [ sort/NN ] of/IN  [ some/DT development/NN ] and/CC  [ some/DT training/NN ] ,/,  [ uh/UH ] ,/,","(FRAG (INTJ (UH Uh)) (PRN (, ,) (S (NP-SBJ (PRP you)) (VP (VBP know))) (, ,)) (PP (IN as) (ADVP (NN sort) (IN of)) (NP (NP (DT some) (NN development)) (CC and) (NP (DT some) (NN training)))) (, ,) (INTJ (UH uh)) (, ,) (-DFL- E_S))",99
sw05utt/sw_0514_4174.utt,4/sw4174,4174,68,sv,B,42,2,"{D like } it's easy enough to crank out graduates, but to really challenge them -- /","like/UH  [ it/PRP ] 's/BES easy/JJ enough/RB to/TO crank/VB out/RP  [ graduates/NNS ] ,/, but/CC to/TO really/RB challenge/VB  [ them/PRP ] --/:","(S (INTJ (UH like)) (NP-SBJ (NP (PRP it)) (S (-NONE- *EXP*-1))) (VP (BES 's) (ADJP-PRD (JJ easy) (RB enough)) (S-1 (NP-SBJ (-NONE- *)) (VP (TO to) (VP (VB crank) (PRT (RP out)) (NP (NNS graduates)))))) (, ,))|||(FRAG (CC but) (S (NP-SBJ (-NONE- *)) (VP (TO to) (ADVP (RB really)) (VP (VB challenge) (NP (PRP them))))) (-DFL- E_S))",100|||101
sw05utt/sw_0514_4174.utt,4/sw4174,4174,69,b,A,43,1,Uh-huh. /,[ Uh-huh/UH ] ./.,(INTJ (UH Uh-huh) (. .) (-DFL- E_S)),74
sw05utt/sw_0514_4174.utt,4/sw4174,4174,70,sv,B,44,1,"-- [ {C and, } + {F uh, } {C and }  ] that can vary between colleges, and faculties even, as to [ how, + ] {D you know, } what the attitude towards achievement is. /","--/: and/CC ,/,  [ uh/UH ] ,/, and/CC  [ that/DT ] can/MD vary/VB between/IN  [ colleges/NNS ] ,/, and/CC  [ faculties/NNS ] even/RB ,/, as/IN to/TO how/WRB ,/,  [ you/PRP ] know/VBP ,/,  [ what/WP ] [ the/DT attitude/NN ] towards/IN  [ achievement/NN ] is/VBZ ./.","(S (EDITED (RM (-DFL- \[)) (CC and) (, ,) (IP (-DFL- \+))) (INTJ (UH uh)) (, ,) (CC and) (RS (-DFL- \])) (NP-SBJ (DT that)) (VP (MD can) (VP (VB vary) (PP (IN between) (NP (NP (NNS colleges)) (, ,) (CC and) (NP (NNS faculties) (ADVP (RB even))))) (, ,) (PP (IN as) (PP (TO to) (EDITED (RM (-DFL- \[)) (SBAR-UNF (WHADVP (WRB how))) (, ,) (IP (-DFL- \+)) (RS (-DFL- \]))) (PRN (S (NP-SBJ (PRP you)) (VP (VBP know))) (, ,)) (SBAR (WHNP-1 (WP what)) (S (NP-SBJ (NP (DT the) (NN attitude)) (PP (IN towards) (NP (NN achievement)))) (VP (VBZ is) (NP-PRD (-NONE- *T*-1))))))))) (. .) (-DFL- E_S))",105
sw05utt/sw_0514_4174.utt,4/sw4174,4174,71,b,A,45,1,Uh-huh. /,[ Uh-huh/UH ] ./.,(INTJ (UH Uh-huh) (. .) (-DFL- E_S)),85
sw05utt/sw_0514_4174.utt,4/sw4174,4174,72,qy,B,46,1,"{F Uh, } do you, {F uh, } have anyone that you're seriously needing to, {F uh, } feed information to?  /","[ Uh/UH ] ,/, do/VBP  [ you/PRP ] ,/,  [ uh/UH ] ,/, have/VB  [ anyone/NN ] that/WDT  [ you/PRP ] 're/VBP seriously/RB needing/VBG to/TO ,/,  [ uh/UH ] ,/,  [ feed/VB information/NN ] to/IN ?/.","(SQ (INTJ (UH Uh)) (, ,) (VBP do) (NP-SBJ (PRP you)) (, ,) (INTJ (UH uh)) (, ,) (VP (VB have) (NP (NP (NN anyone)) (SBAR (WHNP-2 (WDT that)) (S (NP-SBJ-1 (PRP you)) (VP (VBP 're) (ADVP (RB seriously)) (VP (VBG needing) (S (NP-SBJ (-NONE- *-1)) (VP (TO to) (, ,) (INTJ (UH uh)) (, ,) (VP (VB feed) (NP (NN information)) (PP-DTV (IN to) (NP (-NONE- *T*-2)))))))))))) (. ?) (-DFL- E_S))",109
sw05utt/sw_0514_4174.utt,4/sw4174,4174,73,sv,B,46,2,"I suppose if you're actually at Georgia Tech as a student, you're a ways away from that. /","[ I/PRP ] suppose/VBP if/IN  [ you/PRP ] 're/VBP actually/RB at/IN  [ Georgia/NNP Tech/NNP ] as/IN  [ a/DT student/NN ] ,/,  [ you/PRP ] 're/VBP  [ a/DT ways/NNS ] away/RB from/IN  [ that/DT ] ./.","(S (NP-SBJ (PRP I)) (VP (VBP suppose) (SBAR (-NONE- 0) (S (SBAR-ADV (IN if) (S (NP-SBJ (PRP you)) (VP (VBP 're) (ADVP (RB actually)) (PP-LOC-PRD (IN at) (NP (NNP Georgia) (NNP Tech))) (PP (IN as) (NP (DT a) (NN student)))))) (, ,) (NP-SBJ (PRP you)) (VP (VBP 're) (ADVP-PRD (NP (DT a) (NNS ways)) (RB away) (PP (IN from) (NP (DT that)))))))) (. .) (-DFL- E_S))",110
sw05utt/sw_0514_4174.utt,4/sw4174,4174,74,b,A,47,1,"Yeah,  /","Yeah/UH ,/,","(INTJ (UH Yeah) (, ,) (-DFL- E_S))",112
sw05utt/sw_0514_4174.utt,4/sw4174,4174,75,sd,A,47,2,"{F uh, } I don't really know of anyone [ that's {D like } look-, + that's looking  ] for colleges now, {D you know, }   [ because  it, + ]  with the exception of, {F uh, } people's younger brothers and sisters.  /","[ uh/UH ] ,/,  [ I/PRP ] do/VBP n't/RB really/RB know/VB of/IN  [ anyone/NN ] [ that/WDT ] 's/BES like/UH  [ look/VBG ] ,/,  [ that/WDT ] 's/BES looking/VBG for/IN  [ colleges/NNS ] now/RB ,/,  [ you/PRP ] know/VBP ,/, because/IN  [ it/PRP ] ,/, with/IN  [ the/DT exception/NN ] of/IN ,/,  [ uh/UH ] ,/,  [ people/NNS 's/POS younger/JJR brothers/NNS ] and/CC  [ sisters/NNS ] ./.","(S (INTJ (UH uh)) (, ,) (NP-SBJ (PRP I)) (VP (VBP do) (RB n't) (ADVP (RB really)) (VP (VB know) (PP (IN of) (NP (NP (NN anyone)) (EDITED (RM (-DFL- \[)) (SBAR (WHNP-1 (WDT that)) (S (NP-SBJ (-NONE- *T*-1)) (VP (BES 's) (INTJ (UH like)) (VP-UNF (VBG look-))))) (, ,) (IP (-DFL- \+))) (SBAR (WHNP-2 (WDT that)) (S (NP-SBJ (-NONE- *T*-2)) (VP (BES 's) (VP (VBG looking) (RS (-DFL- \])) (PP (IN for) (NP (NNS colleges))) (ADVP-TMP (RB now)))))))) (PRN (, ,) (S (NP-SBJ (PRP you)) (VP (VBP know))) (, ,)) (EDITED (RM (-DFL- \[)) (SBAR-PRP (IN because) (S-UNF (NP-SBJ (PRP it)))) (, ,) (IP (-DFL- \+))) (RS (-DFL- \])) (PP (IN with) (NP (NP (DT the) (NN exception)) (PP (IN of) (, ,) (INTJ (UH uh)) (, ,) (NP (NP (NNS people) (POS 's)) (JJR younger) (NNS brothers) (CC and) (NNS sisters))))))) (. .) (-DFL- E_S))",113
sw05utt/sw_0514_4174.utt,4/sw4174,4174,76,sd(^q),A,47,3,"(( Then the only advise passed ))  down is, don't go to Georgia Tech <laughter>. /","Then/RB  [ the/DT only/JJ ] advise/^NN passed/VBN   down/RP is/VBZ ,/, do/VB n't/RB go/VB to/IN  [ Georgia/NNP Tech/NNP ] ./.","(S (ADVP (RB Then)) (NP-SBJ (NP (DT the) (JJ only) (TYPO (^NN advise))) (VP (VBN passed) (NP (-NONE- *)) (PRT (RP down)))) (VP (VBZ is) (, ,) (S-IMP-PRD (NP-SBJ (-NONE- *)) (VP (VB do) (RB n't) (VP (VB go) (PP (IN to) (NP (NNP Georgia) (NNP Tech))))))) (. .) (-DFL- E_S))",114
sw05utt/sw_0514_4174.utt,4/sw4174.pos,4174,77,x,B,48,1,<Laughter>.,./.
sw05utt/sw_0514_4174.utt,4/sw4174,4174,78,%,A,49,1,"{F Uh, } {C but, } {F uh, } no,  /","[ Uh/UH ] ,/, but/CC ,/,  [ uh/UH ] ,/, no/UH ,/,","(FRAG (INTJ (UH Uh)) (, ,) (CC but) (, ,) (INTJ (UH uh)) (, ,) (INTJ (UH no)) (, ,) (-DFL- E_S))",117
sw05utt/sw_0514_4174.utt,4/sw4174,4174,79,sd,A,49,2,"[ actua-, + actually ] [ [ I'm, + I'm,  ] + I'm ] more  interested  [ [ in, + in, ] + in ] choosing the right [ j-, + job  ] when you graduate <laughter> --","[ actua-/UH ] ,/, actually/UH  [ I/PRP ] 'm/VBP ,/,  [ I/PRP ] 'm/VBP ,/,  [ I/PRP ] 'm/VBP more/RBR interested/JJ in/IN ,/, in/IN ,/, in/IN choosing/VBG  [ the/DT right/JJ j-/NN ] ,/,  [ job/NN ] when/WRB  [ you/PRP ] graduate/VBP --/:","(S (EDITED (RM (-DFL- \[)) (ADVP-UNF (UH actua-)) (, ,) (IP (-DFL- \+))) (ADVP (UH actually)) (RS (-DFL- \])) (EDITED (RM (-DFL- \[)) (EDITED (RM (-DFL- \[)) (S (NP-SBJ (PRP I)) (VP-UNF (VBP 'm))) (, ,) (IP (-DFL- \+))) (S (NP-SBJ (PRP I)) (VP-UNF (VBP 'm))) (, ,) (RS (-DFL- \])) (IP (-DFL- \+))) (NP-SBJ (PRP I)) (VP (VBP 'm) (RS (-DFL- \])) (ADJP-PRD (RBR more) (JJ interested) (EDITED (RM (-DFL- \[)) (EDITED (RM (-DFL- \[)) (PP-UNF (IN in)) (, ,) (IP (-DFL- \+))) (PP-UNF (IN in)) (, ,) (RS (-DFL- \])) (IP (-DFL- \+))) (PP (IN in) (RS (-DFL- \])) (NP (S-NOM (NP-SBJ (-NONE- *)) (VP (VBG choosing) (NP (DT the) (JJ right) (EDITED (RM (-DFL- \[)) (NN j-) (, ,) (IP (-DFL- \+))) (NN job)) (RS (-DFL- \])) (SBAR-TMP (WHADVP-2 (WRB when)) (S (NP-SBJ (PRP you)) (VP (VBP graduate) (ADVP-TMP (-NONE- *T*-2))))))) (NN type) (NN information))))) (. .) (-DFL- E_S))",118
sw05utt/sw_0514_4174.utt,4/sw4174,4174,80,b,B,50,1,Right. /,[ Right/UH ] ./.,(INTJ (UH Right) (. .) (-DFL- E_S)),120
sw05utt/sw_0514_4174.utt,4/sw4174,4174,81,+,A,51,1,-- type information <laughter>. /,--/:  [ type/NN information/NN ] ./.,"(S (EDITED (RM (-DFL- \[)) (ADVP-UNF (UH actua-)) (, ,) (IP (-DFL- \+))) (ADVP (UH actually)) (RS (-DFL- \])) (EDITED (RM (-DFL- \[)) (EDITED (RM (-DFL- \[)) (S (NP-SBJ (PRP I)) (VP-UNF (VBP 'm))) (, ,) (IP (-DFL- \+))) (S (NP-SBJ (PRP I)) (VP-UNF (VBP 'm))) (, ,) (RS (-DFL- \])) (IP (-DFL- \+))) (NP-SBJ (PRP I)) (VP (VBP 'm) (RS (-DFL- \])) (ADJP-PRD (RBR more) (JJ interested) (EDITED (RM (-DFL- \[)) (EDITED (RM (-DFL- \[)) (PP-UNF (IN in)) (, ,) (IP (-DFL- \+))) (PP-UNF (IN in)) (, ,) (RS (-DFL- \])) (IP (-DFL- \+))) (PP (IN in) (RS (-DFL- \])) (NP (S-NOM (NP-SBJ (-NONE- *)) (VP (VBG choosing) (NP (DT the) (JJ right) (EDITED (RM (-DFL- \[)) (NN j-) (, ,) (IP (-DFL- \+))) (NN job)) (RS (-DFL- \])) (SBAR-TMP (WHADVP-2 (WRB when)) (S (NP-SBJ (PRP you)) (VP (VBP graduate) (ADVP-TMP (-NONE- *T*-2))))))) (NN type) (NN information))))) (. .) (-DFL- E_S))",118
sw05utt/sw_0514_4174.utt,4/sw4174,4174,82,sv,B,52,1,"{D Well, } [ that's, + that's ] [ one of the, + ] really, a valid point that people need --","Well/UH ,/,  [ that/DT ] 's/BES ,/,  [ that/DT ] 's/BES  [ one/CD ] of/IN  [ the/DT ] ,/, really/RB ,/,  [ a/DT valid/JJ point/NN ] that/IN  [ people/NNS ] need/VBP --/:","(S (INTJ (UH Well)) (, ,) (EDITED (RM (-DFL- \[)) (S (NP-SBJ (DT that)) (VP-UNF (BES 's))) (, ,) (IP (-DFL- \+))) (NP-SBJ (DT that)) (VP (BES 's) (RS (-DFL- \])) (EDITED (RM (-DFL- \[)) (NP-PRD (NP (CD one)) (PP (IN of) (NP-UNF (DT the)))) (, ,) (IP (-DFL- \+)) (RS (-DFL- \]))) (ADVP (RB really)) (, ,) (NP-PRD (NP (DT a) (JJ valid) (NN point)) (SBAR (WHNP-2 (IN that)) (S (NP-SBJ-1 (NNS people)) (VP (VBP need) (S (NP-SBJ (-NONE- *-1)) (VP (TO to) (VP (VB consider) (NP (-NONE- *T*-2))))))))) (ADVP (RB as) (RB well))) (. .) (-DFL- E_S))",123
sw05utt/sw_0514_4174.utt,4/sw4174,4174,83,b,A,53,1,Uh-huh. /,[ Uh-huh/UH ] ./.,(INTJ (UH Uh-huh) (. .) (-DFL- E_S)),103
sw05utt/sw_0514_4174.utt,4/sw4174,4174,84,+,B,54,1,-- to consider as well. /,--/: to/TO consider/VB as/RB well/RB ./.,"(S (INTJ (UH Well)) (, ,) (EDITED (RM (-DFL- \[)) (S (NP-SBJ (DT that)) (VP-UNF (BES 's))) (, ,) (IP (-DFL- \+))) (NP-SBJ (DT that)) (VP (BES 's) (RS (-DFL- \])) (EDITED (RM (-DFL- \[)) (NP-PRD (NP (CD one)) (PP (IN of) (NP-UNF (DT the)))) (, ,) (IP (-DFL- \+)) (RS (-DFL- \]))) (ADVP (RB really)) (, ,) (NP-PRD (NP (DT a) (JJ valid) (NN point)) (SBAR (WHNP-2 (IN that)) (S (NP-SBJ-1 (NNS people)) (VP (VBP need) (S (NP-SBJ (-NONE- *-1)) (VP (TO to) (VP (VB consider) (NP (-NONE- *T*-2))))))))) (ADVP (RB as) (RB well))) (. .) (-DFL- E_S))",123
sw05utt/sw_0514_4174.utt,4/sw4174,4174,85,%,A,55,1,Uh-huh. /,[ Uh-huh/UH ] ./.,(INTJ (UH Uh-huh) (. .) (-DFL- E_S)),103
sw05utt/sw_0514_4174.utt,4/sw4174,4174,86,%,B,56,1,"{F Uh, } {D you know, } to, - /","[ Uh/UH ] ,/,  [ you/PRP ] know/VBP ,/, to/IN ,/,","(FRAG (INTJ (UH Uh)) (PRN (, ,) (S (NP-SBJ (PRP you)) (VP (VBP know))) (, ,)) (VP-UNF (IN to)) (, ,) (-DFL- N_S))",130
sw05utt/sw_0514_4174.utt,4/sw4174,4174,87,sd,B,56,2,"going to [ college, + university ] is going to take four to eight years depending on the --","going/VBG to/IN  [ college/NN ] ,/,  [ university/NN ] is/VBZ going/VBG to/TO take/VB  [ four/CD ] to/IN  [ eight/CD years/NNS ] depending/VBG on/IN  [ the/DT ] --/:","(S (S-NOM-SBJ-1 (NP-SBJ (-NONE- *)) (VP (VBG going) (PP (IN to) (EDITED (RM (-DFL- \[)) (NP (NN college)) (, ,) (IP (-DFL- \+))) (NP (NN university))))) (RS (-DFL- \])) (VP (VBZ is) (VP (VBG going) (S (NP-SBJ (-NONE- *-1)) (VP (TO to) (VP (VB take) (NP (QP (CD four) (IN to) (CD eight)) (NNS years)) (PP (VBG depending) (PP (IN on) (NP (NP (DT the) (EDITED (RM (-DFL- \[)) (EDITED (RM (-DFL- \[)) (XX p-) (, ,) (IP (-DFL- \+))) (XX pa-) (, ,) (RS (-DFL- \])) (IP (-DFL- \+))) (NNS programs)) (RS (-DFL- \])) (SBAR (WHNP-2 (-NONE- 0)) (S (NP-SBJ (NN person)) (VP (BES 's) (ADJP-PRD (JJ involved) (PP (IN in) (NP (-NONE- *T*-2))))))))))))))) (-DFL- E_S))",131
sw05utt/sw_0514_4174.utt,4/sw4174,4174,88,^2,A,57,1,Program. /,[ Program/NN ] ./.,(NP (NN Program) (. .) (-DFL- E_S)),133
sw05utt/sw_0514_4174.utt,4/sw4174,4174,89,+,B,58,1,"-- [ [ p-, + pa-, ] + programs ] person's involved in   /","--/:  [ p-/XX ] ,/,  [ pa-/XX ] ,/,  [ programs/NNS person/NN ] 's/BES involved/JJ in/IN","(S (S-NOM-SBJ-1 (NP-SBJ (-NONE- *)) (VP (VBG going) (PP (IN to) (EDITED (RM (-DFL- \[)) (NP (NN college)) (, ,) (IP (-DFL- \+))) (NP (NN university))))) (RS (-DFL- \])) (VP (VBZ is) (VP (VBG going) (S (NP-SBJ (-NONE- *-1)) (VP (TO to) (VP (VB take) (NP (QP (CD four) (IN to) (CD eight)) (NNS years)) (PP (VBG depending) (PP (IN on) (NP (NP (DT the) (EDITED (RM (-DFL- \[)) (EDITED (RM (-DFL- \[)) (XX p-) (, ,) (IP (-DFL- \+))) (XX pa-) (, ,) (RS (-DFL- \])) (IP (-DFL- \+))) (NNS programs)) (RS (-DFL- \])) (SBAR (WHNP-2 (-NONE- 0)) (S (NP-SBJ (NN person)) (VP (BES 's) (ADJP-PRD (JJ involved) (PP (IN in) (NP (-NONE- *T*-2))))))))))))))) (-DFL- E_S))",131
sw05utt/sw_0514_4174.utt,4/sw4174,4174,90,sv,B,58,2,"{C and } after that, you have to be out in the real world and have to be able to support yourself -- /","and/CC after/IN  [ that/DT ] ,/,  [ you/PRP ] have/VBP to/TO be/VB out/IN in/IN  [ the/DT real/JJ world/NN ] and/CC have/VBP to/TO be/VB able/JJ to/TO support/VB  [ yourself/PRP ] --/:","(S (CC and) (PP-TMP (IN after) (NP (DT that))) (, ,) (NP-SBJ-1 (PRP you)) (VP (VP (VBP have) (S (NP-SBJ (-NONE- *-1)) (VP (TO to) (VP (VB be) (PP-LOC-PRD (IN out) (PP (IN in) (NP (DT the) (JJ real) (NN world)))))))) (CC and) (VP (VBP have) (S (NP-SBJ-2 (-NONE- *-1)) (VP (TO to) (VP (VB be) (ADJP-PRD (JJ able) (S (NP-SBJ (-NONE- *-2)) (VP (TO to) (VP (VB support) (NP (PRP yourself))))))))))) (-DFL- E_S))",135
sw05utt/sw_0514_4174.utt,4/sw4174,4174,91,b,A,59,1,Uh-huh. /,[ Uh-huh/UH ] ./.,(INTJ (UH Uh-huh) (. .) (-DFL- E_S)),125
sw05utt/sw_0514_4174.utt,4/sw4174,4174,92,sv,B,60,1,-- {C and } if you go in an area that there is just not much of a job market -- -/,--/: and/CC if/IN  [ you/PRP ] go/VBP in/IN  [ an/DT area/NN ] that/IN  [ there/EX ] is/VBZ just/RB not/RB much/JJ of/IN  [ a/DT job/NN market/NN ] --/:,(FRAG (CC and) (SBAR-ADV (IN if) (S (NP-SBJ (PRP you)) (VP (VBP go) (PP (IN in) (NP (NP (DT an) (NN area)) (SBAR (WHADVP-1 (IN that)) (S (NP-SBJ (EX there)) (VP (VBZ is) (ADVP (RB just)) (RB not) (NP-PRD (NP (JJ much)) (PP (IN of) (NP (DT a) (NN job) (NN market)))) (ADVP (-NONE- *T*-1)))))))))) (-DFL- N_S)),139
sw05utt/sw_0514_4174.utt,4/sw4174,4174,93,b,A,61,1,Uh-uh. /,[ Uh-uh/UH ] ./.,(INTJ (UH Uh-uh) (. .) (-DFL- E_S)),141
sw05utt/sw_0514_4174.utt,4/sw4174,4174,94,fe,B,62,1,"-- jeez,  /","--/:  [ jeez/UH ] ,/,","(INTJ (UH jeez) (, ,) (-DFL- E_S))",143
sw05utt/sw_0514_4174.utt,4/sw4174,4174,95,%,B,62,2,"if that's, -/","if/IN  [ that/DT ] 's/BES ,/,","(SBAR-ADV (IN if) (S (NP-SBJ (DT that)) (VP-UNF (BES 's))) (, ,) (-DFL- N_S))",144
sw05utt/sw_0514_4174.utt,4/sw4174,4174,96,b,A,63,1,"Uh-huh,  /","Uh-huh/UH ,/,","(INTJ (UH Uh-huh) (, ,) (-DFL- E_S))",146
sw05utt/sw_0514_4174.utt,4/sw4174,4174,97,^2,A,63,2,"like a fine arts education,  /","like/UH  [ a/DT fine/JJ arts/NNS education/NN ] ,/,","(PP (UH like) (NP (DT a) (JJ fine) (NNS arts) (NN education)) (, ,) (-DFL- E_S))",147
sw05utt/sw_0514_4174.utt,4/sw4174,4174,98,%,A,63,3,"I, -/","[ I/PRP ] ,/,","(S-UNF (NP-SBJ (PRP I)) (, ,) (-DFL- N_S))",148
sw05utt/sw_0514_4174.utt,4/sw4174,4174,99,aa,B,64,1,Right.  /,[ Right/UH ] ./.,(INTJ (UH Right) (. .) (-DFL- E_S)),150
sw05utt/sw_0514_4174.utt,4/sw4174,4174,100,sv,B,64,2,"Best training in the world is not going to [ f-, + put food  ] on your table. /","[ Best/JJS training/NN ] in/IN  [ the/DT world/NN ] is/VBZ not/RB going/VBG to/TO  [ f-/NN ] ,/, put/VB  [ food/NN ] on/IN  [ your/PRP$ table/NN ] ./.","(S (NP-SBJ-1 (NP (JJS Best) (NN training)) (PP (IN in) (NP (DT the) (NN world)))) (VP (VBZ is) (RB not) (VP (VBG going) (S (NP-SBJ (-NONE- *-1)) (VP (TO to) (EDITED (RM (-DFL- \[)) (X (NN f-)) (, ,) (IP (-DFL- \+))) (VP (VB put) (NP (NN food)) (RS (-DFL- \])) (PP-PUT (IN on) (NP (PRP$ your) (NN table)))))))) (. .) (-DFL- E_S))",151
sw05utt/sw_0514_4174.utt,4/sw4174,4174,101,b,A,65,1,Uh-huh. /,[ Uh-huh/UH ] ./.,(INTJ (UH Uh-huh) (. .) (-DFL- E_S)),125
sw05utt/sw_0514_4174.utt,4/sw4174,4174,102,%,B,66,1,"{C But, } {F uh, } -/","But/CC ,/,  [ uh/UH ] ,/,","(S-UNF (CC But) (, ,) (INTJ (UH uh)) (, ,) (-DFL- N_S))",155
