swda_filename,ptb_basename,conversation_no,transcript_index,act_tag,caller,utterance_index,subutterance_index,text,pos,trees,ptb_treenumbers
sw05utt/sw_0532_2455.utt,2/sw2455,2455,0,sd,A,1,1,{D Well }  I wondered if  I was  going to get to talk to a male or a female on this  (( type ))  <laughter>. /,Well/UH  [ I/PRP ] wondered/VBD if/IN  [ I/PRP ] was/VBD going/VBG to/TO get/VB to/TO talk/VB to/IN  [ a/DT male/NN ] or/CC  [ a/DT female/NN ] on/IN  [ this/DT type/NN ] ./.,(S (INTJ (UH Well)) (NP-SBJ (PRP I)) (VP (VBD wondered) (SBAR (IN if) (S (NP-SBJ-1 (PRP I)) (VP (VBD was) (VP (VBG going) (S (NP-SBJ-2 (-NONE- *-1)) (VP (TO to) (VP (VB get) (S (NP-SBJ (-NONE- *-2)) (VP (TO to) (VP (VB talk) (PP (IN to) (NP (NP (DT a) (NN male)) (CC or) (NP (DT a) (NN female)))))))))) (PP (IN on) (NP (DT this) (TYPO (NN type))))))))) (. .) (-DFL- E_S)),1
sw05utt/sw_0532_2455.utt,2/sw2455,2455,1,qy,B,2,1,<Laughter> Have you been talking to males?  /,Have/VBP  [ you/PRP ] been/VBN talking/VBG to/IN  [ males/NNS ] ?/.,(SQ (VBP Have) (NP-SBJ (PRP you)) (VP (VBN been) (VP (VBG talking) (PP (IN to) (NP (NNS males))))) (. ?) (-DFL- E_S)),3
sw05utt/sw_0532_2455.utt,2/sw2455,2455,2,%,B,2,2,"Yeah,  /","Yeah/UH ,/,","(INTJ (UH Yeah) (, ,) (-DFL- E_S))",4
sw05utt/sw_0532_2455.utt,2/sw2455,2455,3,%,B,2,3,"yeah,  /","yeah/UH ,/,","(INTJ (UH yeah) (, ,) (-DFL- E_S))",5
sw05utt/sw_0532_2455.utt,2/sw2455,2455,4,sv,B,2,4,"[ this is, + this is  ] probably more interesting if it had been a male and a female <laughter>. /","[ this/DT ] is/VBZ ,/,  [ this/DT ] is/VBZ probably/RB more/RBR interesting/JJ if/IN  [ it/PRP ] had/VBD been/VBN  [ a/DT male/NN ] and/CC  [ a/DT female/NN ] ./.","(S (EDITED (RM (-DFL- \[)) (S (NP-SBJ (DT this)) (VP-UNF (VBZ is))) (, ,) (IP (-DFL- \+))) (NP-SBJ (DT this)) (VP (VBZ is) (RS (-DFL- \])) (ADVP (RB probably)) (ADJP-PRD (RBR more) (JJ interesting)) (SBAR-ADV (IN if) (S (NP-SBJ (PRP it)) (VP (VBD had) (VP (VBN been) (NP-PRD (NP (DT a) (NN male)) (CC and) (NP (DT a) (NN female)))))))) (. .) (-DFL- E_S))",6
sw05utt/sw_0532_2455.utt,2/sw2455,2455,5,sd,A,3,1,<Laughter> I was afraid we might get into an argument. /,[ I/PRP ] was/VBD afraid/JJ  [ we/PRP ] might/MD get/VB into/IN  [ an/DT argument/NN ] ./.,(S (NP-SBJ (PRP I)) (VP (VBD was) (ADJP-PRD (JJ afraid) (SBAR (-NONE- 0) (S (NP-SBJ (PRP we)) (VP (MD might) (VP (VB get) (PP (IN into) (NP (DT an) (NN argument))))))))) (. .) (-DFL- E_S)),8
sw05utt/sw_0532_2455.utt,2/sw2455,2455,6,aa,B,4,1,Right. /,[ Right/UH ] ./.,(INTJ (UH Right) (. .) (-DFL- E_S)),10
sw05utt/sw_0532_2455.utt,2/sw2455,2455,7,sv,A,5,1,"{D Well, } {F uh, } I guess {F uh, } there have been certainly a lot of changes in the last couple of generations,","Well/UH ,/,  [ uh/UH ] ,/,  [ I/PRP ] guess/VBP  [ uh/UH ] ,/,  [ there/EX ] have/VB been/VBN certainly/RB  [ a/DT lot/NN ] of/IN  [ changes/NNS ] in/IN  [ the/DT last/JJ couple/NN ] of/IN  [ generations/NNS ] ,/,","(S (INTJ (UH Well)) (, ,) (INTJ (UH uh)) (, ,) (NP-SBJ (PRP I)) (VP (VBP guess) (INTJ (UH uh)) (, ,) (SBAR (-NONE- 0) (S (NP-SBJ (EX there)) (VP (VB have) (VP (VBN been) (ADVP (RB certainly)) (NP-PRD (NP (DT a) (NN lot)) (PP (IN of) (NP (NP (NNS changes)) (PP (-NONE- *ICH*-1))))) (PP-TMP (IN in) (NP (NP (DT the) (JJ last) (NN couple)) (PP (IN of) (NP (NNS generations))))) (, ,) (PP-1 (IN for) (, ,) (INTJ (UH uh)) (, ,) (NP (NP (DT the) (NNS roles)) (PP (IN of) (NP (NNS women)))))))))) (-DFL- E_S))",12
sw05utt/sw_0532_2455.utt,2/sw2455,2455,8,b,B,6,1,Uh-huh. /,[ Uh-huh/UH ] ./.,(INTJ (UH Uh-huh) (. .) (-DFL- E_S)),14
sw05utt/sw_0532_2455.utt,2/sw2455,2455,9,+,A,7,1,"for, {F uh, } the roles of women  /","for/IN ,/,  [ uh/UH ] ,/,  [ the/DT roles/NNS ] of/IN  [ women/NNS ]","(S (INTJ (UH Well)) (, ,) (INTJ (UH uh)) (, ,) (NP-SBJ (PRP I)) (VP (VBP guess) (INTJ (UH uh)) (, ,) (SBAR (-NONE- 0) (S (NP-SBJ (EX there)) (VP (VB have) (VP (VBN been) (ADVP (RB certainly)) (NP-PRD (NP (DT a) (NN lot)) (PP (IN of) (NP (NP (NNS changes)) (PP (-NONE- *ICH*-1))))) (PP-TMP (IN in) (NP (NP (DT the) (JJ last) (NN couple)) (PP (IN of) (NP (NNS generations))))) (, ,) (PP-1 (IN for) (, ,) (INTJ (UH uh)) (, ,) (NP (NP (DT the) (NNS roles)) (PP (IN of) (NP (NNS women)))))))))) (-DFL- E_S))",12
sw05utt/sw_0532_2455.utt,2/sw2455,2455,10,sv,A,7,2,"{C and } {F uh, } I guess the most significant probably is that so many are working now,","and/CC  [ uh/UH ] ,/,  [ I/PRP ] guess/VBP  [ the/DT most/RBS significant/JJ ] probably/RB is/VBZ that/IN  [ so/RB many/JJ ] are/VBP working/VBG now/RB ,/,","(S (CC and) (INTJ (UH uh)) (, ,) (NP-SBJ (PRP I)) (VP (VBP guess) (SBAR (-NONE- 0) (S (NP-SBJ (DT the) (ADJP (RBS most) (JJ significant))) (ADVP (RB probably)) (VP (VBZ is) (SBAR-PRD (IN that) (S (NP-SBJ-1 (ADJP (RB so) (JJ many))) (VP (VBP are) (VP (VP (VBG working) (ADVP-TMP (RB now))) (, ,) (CC And) (VP (VBG trying) (S (NP-SBJ (-NONE- *-1)) (VP (TO to) (VP (VB juggle) (NP (NP (NN job) (CC and) (NN home) (CC and) (NN family)) (CC and) (NP (NP (DT all) (NNS sorts)) (PP (IN of) (NP (JJ other) (NNS possibilities)))))))))))))))) (PRN (, ,) (S (NP-SBJ (PRP you)) (VP (VBP know))))) (, ,) (-DFL- E_S))",16
sw05utt/sw_0532_2455.utt,2/sw2455,2455,11,b,B,8,1,Right. /,[ Right/UH ] ./.,(INTJ (UH Right) (. .) (-DFL- E_S)),10
sw05utt/sw_0532_2455.utt,2/sw2455,2455,12,+,A,9,1,"And trying to juggle job and home and family and all sorts of other possibilities, {D you know, }  /","And/CC trying/VBG to/TO juggle/VB  [ job/NN ] and/CC  [ home/NN ] and/CC  [ family/NN ] and/CC  [ all/DT sorts/NNS ] of/IN  [ other/JJ possibilities/NNS ] ,/,  [ you/PRP ] know/VBP ,/,","(S (CC and) (INTJ (UH uh)) (, ,) (NP-SBJ (PRP I)) (VP (VBP guess) (SBAR (-NONE- 0) (S (NP-SBJ (DT the) (ADJP (RBS most) (JJ significant))) (ADVP (RB probably)) (VP (VBZ is) (SBAR-PRD (IN that) (S (NP-SBJ-1 (ADJP (RB so) (JJ many))) (VP (VBP are) (VP (VP (VBG working) (ADVP-TMP (RB now))) (, ,) (CC And) (VP (VBG trying) (S (NP-SBJ (-NONE- *-1)) (VP (TO to) (VP (VB juggle) (NP (NP (NN job) (CC and) (NN home) (CC and) (NN family)) (CC and) (NP (NP (DT all) (NNS sorts)) (PP (IN of) (NP (JJ other) (NNS possibilities)))))))))))))))) (PRN (, ,) (S (NP-SBJ (PRP you)) (VP (VBP know))))) (, ,) (-DFL- E_S))",16
sw05utt/sw_0532_2455.utt,2/sw2455,2455,13,sv,A,9,2,"they may be going to school, or may have elderly parents, or {D you know } all sorts of other things. /","[ they/PRP ] may/MD be/VB going/VBG to/IN  [ school/NN ] ,/, or/CC may/MD have/VB  [ elderly/JJ parents/NNS ] ,/, or/CC  [ you/PRP ] know/VBP  [ all/DT sorts/NNS ] of/IN  [ other/JJ things/NNS ] ./.","(S (NP-SBJ (PRP they)) (VP (VP (MD may) (VP (VB be) (VP (VBG going) (PP (IN to) (NP (NN school)))))) (, ,) (CC or) (VP (MD may) (VP (VB have) (NP (JJ elderly) (NNS parents)))) (, ,) (CC or) (PRN (S (NP-SBJ (PRP you)) (VP (VBP know)))) (NP-ETC (NP (DT all) (NNS sorts)) (PP (IN of) (NP (JJ other) (NNS things))))) (. .) (-DFL- E_S))",20
sw05utt/sw_0532_2455.utt,2/sw2455,2455,14,b,B,10,1,"Yeah,  /","Yeah/UH ,/,","(INTJ (UH Yeah) (, ,) (-DFL- E_S))",4
sw05utt/sw_0532_2455.utt,2/sw2455,2455,15,sv,B,10,2,"[ it, + it ] seems too   me like though that women's roles are changing faster than the men  and therefore, the women are spreading themselves thinner,","[ it/PRP ] ,/,  [ it/PRP ] seems/VBZ too/^IN   [ me/PRP ] like/IN though/RB  [ that/DT women/NNS 's/POS roles/NNS ] are/VBP changing/VBG faster/RBR than/IN  [ the/DT men/NNS ] and/CC therefore/RB ,/,  [ the/DT women/NNS ] are/VBP spreading/VBG  [ themselves/PRP ] [ thinner/RBR ] ,/,","(S (EDITED (RM (-DFL- \[)) (NP-SBJ (PRP it)) (, ,) (IP (-DFL- \+))) (NP-SBJ (PRP it)) (RS (-DFL- \])) (VP (VBZ seems) (PP (TYPO (^IN too)) (NP (PRP me))) (INTJ (IN like)) (ADVP (RB though)) (SBAR (DT that) (S (S (NP-SBJ (NP (NNS women) (POS 's)) (NNS roles)) (VP (VBP are) (VP (VBG changing) (ADVP-MNR (ADVP (RBR faster)) (PP (IN than) (NP (DT the) (NNS men))))))) (CC and) (S (ADVP (RB therefore)) (, ,) (NP-SBJ (DT the) (NNS women)) (VP (VBP are) (VP (VBG spreading) (NP (PRP themselves)) (ADVP (ADVP (RBR thinner)) (, ,) (PP (IN than) (ADVP-TMP (RB before)))))))))) (. .) (-DFL- E_S))",23
sw05utt/sw_0532_2455.utt,2/sw2455,2455,16,aa,A,11,1,"{F Oh, }  I think so. /","Oh/UH ,/,  [ I/PRP ] think/VBP so/RB ./.","(S (INTJ (UH Oh)) (, ,) (NP-SBJ (PRP I)) (VP (VBP think) (ADVP (RB so))) (. .) (-DFL- E_S))",25
sw05utt/sw_0532_2455.utt,2/sw2455,2455,17,+,B,12,1,than before. /,than/IN before/RB ./.,"(S (EDITED (RM (-DFL- \[)) (NP-SBJ (PRP it)) (, ,) (IP (-DFL- \+))) (NP-SBJ (PRP it)) (RS (-DFL- \])) (VP (VBZ seems) (PP (TYPO (^IN too)) (NP (PRP me))) (INTJ (IN like)) (ADVP (RB though)) (SBAR (DT that) (S (S (NP-SBJ (NP (NNS women) (POS 's)) (NNS roles)) (VP (VBP are) (VP (VBG changing) (ADVP-MNR (ADVP (RBR faster)) (PP (IN than) (NP (DT the) (NNS men))))))) (CC and) (S (ADVP (RB therefore)) (, ,) (NP-SBJ (DT the) (NNS women)) (VP (VBP are) (VP (VBG spreading) (NP (PRP themselves)) (ADVP (ADVP (RBR thinner)) (, ,) (PP (IN than) (ADVP-TMP (RB before)))))))))) (. .) (-DFL- E_S))",23
sw05utt/sw_0532_2455.utt,2/sw2455,2455,18,aa,A,13,1,Absolutely.  /,Absolutely/RB ./.,(INTJ (RB Absolutely) (. .) (-DFL- E_S)),28
sw05utt/sw_0532_2455.utt,2/sw2455,2455,19,sv,A,13,2,"[ [ I, + I,  ] + I  ] think it's extremely difficult to keep up with all that we have to these days. /","[ I/PRP ] ,/,  [ I/PRP ] ,/,  [ I/PRP ] think/VBP  [ it/PRP ] 's/BES extremely/RB difficult/JJ to/TO keep/VB up/RP with/IN  [ all/DT ] that/IN  [ we/PRP ] have/VBP to/TO  [ these/DT days/NNS ] ./.","(S (EDITED (RM (-DFL- \[)) (EDITED (RM (-DFL- \[)) (NP-SBJ (PRP I)) (, ,) (IP (-DFL- \+))) (NP-SBJ (PRP I)) (, ,) (RS (-DFL- \])) (IP (-DFL- \+))) (NP-SBJ (PRP I)) (RS (-DFL- \])) (VP (VBP think) (SBAR (-NONE- 0) (S (NP-SBJ (NP (PRP it)) (S (-NONE- *EXP*-1))) (VP (BES 's) (ADJP-PRD (RB extremely) (JJ difficult)) (S-1 (NP-SBJ (-NONE- *)) (VP (TO to) (VP (VB keep) (PRT (RP up)) (PP (IN with) (NP (NP (DT all)) (SBAR (WHNP-2 (IN that)) (S (NP-SBJ-3 (PRP we)) (VP (VBP have) (S (NP-SBJ (-NONE- *-3)) (VP (TO to) (VP (-NONE- *?*) (NP (-NONE- *T*-2))))))))))))) (NP-TMP (DT these) (NNS days)))))) (. .) (-DFL- E_S))",29
sw05utt/sw_0532_2455.utt,2/sw2455,2455,20,b,B,14,1,Uh-huh. /,[ Uh-huh/UH ] ./.,(INTJ (UH Uh-huh) (. .) (-DFL- E_S)),14
sw05utt/sw_0532_2455.utt,2/sw2455,2455,21,sd,A,15,1,"Sometimes, I think I am going crazy trying to do it   /","Sometimes/RB ,/,  [ I/PRP ] think/VBP  [ I/PRP ] am/VBP going/VBG  [ crazy/JJ ] trying/VBG to/TO do/VB  [ it/PRP ]","(S (ADVP-TMP (RB Sometimes)) (, ,) (NP-SBJ (PRP I)) (VP (VBP think) (SBAR (-NONE- 0) (S (NP-SBJ-1 (PRP I)) (VP (VBP am) (VP (VBG going) (ADJP-PRD (JJ crazy)) (S-ADV (NP-SBJ-2 (-NONE- *-1)) (VP (VBG trying) (S (NP-SBJ (-NONE- *-2)) (VP (TO to) (VP (VB do) (NP (PRP it)))))))))))) (-DFL- E_S))",33
sw05utt/sw_0532_2455.utt,2/sw2455,2455,22,%,A,15,2,"{C but, } -/","but/CC ,/,","(S-UNF (CC but) (, ,) (-DFL- N_S))",34
sw05utt/sw_0532_2455.utt,2/sw2455,2455,23,qy,B,16,1,Do you work outside the home? /,Do/VBP  [ you/PRP ] work/VB outside/IN  [ the/DT home/NN ] ?/.,(SQ (VBP Do) (NP-SBJ (PRP you)) (VP (VB work) (PP-LOC (IN outside) (NP (DT the) (NN home)))) (. ?) (-DFL- E_S)),36
sw05utt/sw_0532_2455.utt,2/sw2455,2455,24,ny,A,17,1,Yes. /,Yes/UH ./.,(INTJ (UH Yes) (. .) (-DFL- E_S)),38
sw05utt/sw_0532_2455.utt,2/sw2455,2455,25,qy,B,18,1,Do you have children? /,Do/VBP  [ you/PRP ] have/VB  [ children/NNS ] ?/.,(SQ (VBP Do) (NP-SBJ (PRP you)) (VP (VB have) (NP (NNS children))) (. ?) (-DFL- E_S)),40
sw05utt/sw_0532_2455.utt,2/sw2455,2455,26,ny,A,19,1,"{F Uh, } yes.   /","[ Uh/UH ] ,/, yes/UH ./.","(INTJ (INTJ (UH Uh)) (, ,) (INTJ (UH yes)) (. .) (-DFL- E_S))",42
sw05utt/sw_0532_2455.utt,2/sw2455,2455,27,sd^e,A,19,2,"They are getting older now, /","[ They/PRP ] are/VBP getting/VBG  [ older/JJR ] now/RB ,/,","(S (NP-SBJ (PRP They)) (VP (VBP are) (VP (VBG getting) (ADJP-PRD (JJR older)) (ADVP-TMP (RB now)))) (, ,) (-DFL- E_S))",43
sw05utt/sw_0532_2455.utt,2/sw2455,2455,28,b,B,20,1,Uh-huh. /,[ Uh-huh/UH ] ./.,(INTJ (UH Uh-huh) (. .) (-DFL- E_S)),31
sw05utt/sw_0532_2455.utt,2/sw2455,2455,29,sd,A,21,1,{C so } they are not quite as much of a responsibility  /,so/IN  [ they/PRP ] are/VBP not/RB quite/RB as/IN  [ much/JJ ] of/IN  [ a/DT responsibility/NN ],(S (RB so) (NP-SBJ (PRP they)) (VP (VBP are) (RB not) (NP-PRD (NP (RB quite) (IN as) (JJ much)) (PP (IN of) (NP (DT a) (NN responsibility))))) (-DFL- E_S)),47
sw05utt/sw_0532_2455.utt,2/sw2455,2455,30,sd,A,21,2,"{C but } they are still there, {D you know, } /","but/CC  [ they/PRP ] are/VBP still/RB there/RB ,/,  [ you/PRP ] know/VBP ,/,","(S (CC but) (NP-SBJ (PRP they)) (VP (VBP are) (ADVP-TMP (RB still)) (ADVP-LOC-PRD (RB there)) (PRN (, ,) (S (NP-SBJ (PRP you)) (VP (VBP know))))) (, ,) (-DFL- E_S))",48
sw05utt/sw_0532_2455.utt,2/sw2455,2455,31,ba,B,22,1,{F Oh } sure. /,Oh/UH  [ sure/UH ] ./.,(INTJ (INTJ (UH Oh)) (INTJ (UH sure)) (. .) (-DFL- E_S)),50
sw05utt/sw_0532_2455.utt,2/sw2455,2455,32,sd,A,23,1,"they still take time,  /","[ they/PRP ] still/RB take/VBP  [ time/NN ] ,/,","(S (NP-SBJ (PRP they)) (ADVP-TMP (RB still)) (VP (VBP take) (NP (NN time))) (, ,) (-DFL- E_S))",52
sw05utt/sw_0532_2455.utt,2/sw2455,2455,33,sd,A,23,2,"[ {C and, } +  {C and } ] [ I, + {D you know, } I ] still provide most of the things that go on around the house. /","and/CC ,/, and/CC  [ I/PRP ] ,/,  [ you/PRP ] know/VBP ,/,  [ I/PRP ] still/RB provide/VBP most/RBS of/IN  [ the/DT things/NNS ] [ that/WDT ] go/VBP on/RP around/IN  [ the/DT house/NN ] ./.","(S (EDITED (RM (-DFL- \[)) (CC and) (, ,) (IP (-DFL- \+))) (CC and) (RS (-DFL- \])) (EDITED (RM (-DFL- \[)) (NP-SBJ (PRP I)) (, ,) (IP (-DFL- \+))) (PRN (S (NP-SBJ (PRP you)) (VP (VBP know))) (, ,)) (NP-SBJ (PRP I)) (RS (-DFL- \])) (ADVP-TMP (RB still)) (VP (VBP provide) (NP (NP (RBS most)) (PP (IN of) (NP (NP (DT the) (NNS things)) (SBAR (WHNP-1 (WDT that)) (S (NP-SBJ (-NONE- *T*-1)) (VP (VBP go) (PRT (RP on)) (PP-LOC (IN around) (NP (DT the) (NN house)))))))))) (. .) (-DFL- E_S))",53
sw05utt/sw_0532_2455.utt,2/sw2455,2455,34,b,B,24,1,Right. /,[ Right/UH ] ./.,(INTJ (UH Right) (. .) (-DFL- E_S)),55
sw05utt/sw_0532_2455.utt,2/sw2455,2455,35,%,A,25,1,"{C So, } {F uh, } yeah  /","So/UH ,/,  [ uh/UH ] ,/, yeah/UH","(S-UNF (RB So) (, ,) (INTJ (UH uh)) (, ,) (INTJ (UH yeah)) (-DFL- E_S))",57
sw05utt/sw_0532_2455.utt,2/sw2455,2455,36,sd,A,25,2,"{C and } for a while I was going to school too,  /","and/CC for/IN  [ a/DT while/NN ] [ I/PRP ] was/VBD going/VBG to/IN school/VB too/RB ,/,","(S (CC and) (PP-TMP (IN for) (NP (DT a) (NN while))) (NP-SBJ (PRP I)) (VP (VBD was) (VP (VBG going) (PP (IN to) (NP (VB school))) (ADVP (RB too)))) (, ,) (-DFL- E_S))",58
sw05utt/sw_0532_2455.utt,2/sw2455,2455,37,sd,A,25,3,"{C and } [ tha-, + it ] was tough. /","and/CC  [ tha-/DT ] ,/,  [ it/PRP ] was/VBD tough/JJ ./.","(S (CC and) (EDITED (RM (-DFL- \[)) (NP-SBJ-UNF (DT tha-)) (, ,) (IP (-DFL- \+))) (NP-SBJ (PRP it)) (RS (-DFL- \])) (VP (VBD was) (ADJP-PRD (JJ tough))) (. .) (-DFL- E_S))",59
sw05utt/sw_0532_2455.utt,2/sw2455,2455,38,b,B,26,1,"Yeah,  /","[ Yeah/UH ] ,/,","(INTJ (UH Yeah) (, ,) (-DFL- E_S))",61
sw05utt/sw_0532_2455.utt,2/sw2455,2455,39,sv,B,26,2,"[ I + {F uh, } I ] think that while it's a good change for  I think women to be able to fulfill their potential in whatever they feel, {D you know, }","[ I/PRP ] uh/UH ,/,  [ I/PRP ] think/VBP that/IN while/IN  [ it/PRP ] 's/BES  [ a/DT good/JJ change/NN ] for/IN  [ I/PRP ] think/VBP  [ women/NNS ] to/TO be/VB able/JJ to/TO fulfill/VB  [ their/PRP$ potential/NN ] in/IN  [ whatever/WDT ] [ they/PRP ] feel/VBP ,/,  [ you/PRP ] know/VBP ,/,","(S (EDITED (RM (-DFL- \[)) (NP-SBJ (PRP I)) (IP (-DFL- \+))) (INTJ (UH uh)) (, ,) (NP-SBJ (PRP I)) (RS (-DFL- \])) (VP (VBP think) (SBAR (IN that) (S-UNF (SBAR-ADV (IN while) (S (NP-SBJ (NP (PRP it)) (SBAR (-NONE- *EXP*-3))) (VP (BES 's) (NP-PRD (DT a) (JJ good) (NN change)) (SBAR-3 (IN for) (PRN (S (NP-SBJ (PRP I)) (VP (VBP think)))) (S (NP-SBJ-1 (NNS women)) (VP (TO to) (VP (VB be) (ADJP-PRD (JJ able) (S (NP-SBJ (-NONE- *-1)) (VP (TO to) (VP (VB fulfill) (NP (PRP$ their) (NN potential)) (PP (IN in) (SBAR-NOM (WHNP-2 (WDT whatever)) (S (NP-SBJ (PRP they)) (VP (VBP feel) (PRN (, ,) (S (NP-SBJ (PRP you)) (VP (VBP know))) (, ,)) (SBAR (-NONE- 0) (S (NP-SBJ (PRP$ their) (NN expertise)) (VP (MD may) (VP (VB be) (NP-PRD (-NONE- *T*-2)))))))))))))))))))))))) (. .) (-DFL- E_S))",62
sw05utt/sw_0532_2455.utt,2/sw2455,2455,40,b,A,27,1,Uh-huh. /,[ Uh-huh/UH ] ./.,(INTJ (UH Uh-huh) (. .) (-DFL- E_S)),45
sw05utt/sw_0532_2455.utt,2/sw2455,2455,41,+,B,28,1,their expertise may be. /,[ their/PRP$ expertise/NN ] may/MD be/VB ./.,"(S (EDITED (RM (-DFL- \[)) (NP-SBJ (PRP I)) (IP (-DFL- \+))) (INTJ (UH uh)) (, ,) (NP-SBJ (PRP I)) (RS (-DFL- \])) (VP (VBP think) (SBAR (IN that) (S-UNF (SBAR-ADV (IN while) (S (NP-SBJ (NP (PRP it)) (SBAR (-NONE- *EXP*-3))) (VP (BES 's) (NP-PRD (DT a) (JJ good) (NN change)) (SBAR-3 (IN for) (PRN (S (NP-SBJ (PRP I)) (VP (VBP think)))) (S (NP-SBJ-1 (NNS women)) (VP (TO to) (VP (VB be) (ADJP-PRD (JJ able) (S (NP-SBJ (-NONE- *-1)) (VP (TO to) (VP (VB fulfill) (NP (PRP$ their) (NN potential)) (PP (IN in) (SBAR-NOM (WHNP-2 (WDT whatever)) (S (NP-SBJ (PRP they)) (VP (VBP feel) (PRN (, ,) (S (NP-SBJ (PRP you)) (VP (VBP know))) (, ,)) (SBAR (-NONE- 0) (S (NP-SBJ (PRP$ their) (NN expertise)) (VP (MD may) (VP (VB be) (NP-PRD (-NONE- *T*-2)))))))))))))))))))))))) (. .) (-DFL- E_S))",62
sw05utt/sw_0532_2455.utt,2/sw2455,2455,42,b,A,29,1,Uh-huh. /,[ Uh-huh/UH ] ./.,(INTJ (UH Uh-huh) (. .) (-DFL- E_S)),45
sw05utt/sw_0532_2455.utt,2/sw2455,2455,43,sd,B,30,1,"{F Uh, } I think sometimes other things suffer and tha-, - /","[ Uh/UH ] ,/,  [ I/PRP ] think/VBP sometimes/RB  [ other/JJ things/NNS ] suffer/VBP and/CC  [ tha-/IN ] ,/,","(S (INTJ (UH Uh)) (, ,) (NP-SBJ (PRP I)) (VP (VBP think) (SBAR (-NONE- 0) (S (ADVP-TMP (RB sometimes)) (NP-SBJ (JJ other) (NNS things)) (VP (VBP suffer))))))|||(S-UNF (CC and) (NP-SBJ-UNF (IN tha-)) (, ,) (-DFL- N_S))",69|||70
sw05utt/sw_0532_2455.utt,2/sw2455,2455,44,sv,B,30,2,I think it's hard to find a balance there. /,[ I/PRP ] think/VBP  [ it/PRP ] 's/BES hard/JJ to/TO find/VB  [ a/DT balance/NN ] there/RB ./.,(S (NP-SBJ (PRP I)) (VP (VBP think) (SBAR (-NONE- 0) (S (NP-SBJ (NP (PRP it)) (S (-NONE- *EXP*-1))) (VP (BES 's) (ADJP-PRD (JJ hard)) (S-1 (NP-SBJ (-NONE- *)) (VP (TO to) (VP (VB find) (NP (DT a) (NN balance)) (ADVP (RB there))))))))) (. .) (-DFL- E_S)),71
sw05utt/sw_0532_2455.utt,2/sw2455,2455,45,sv,A,31,1,{C But } in some ways I think we are expected to do it all.  /,But/CC in/IN  [ some/DT ways/NNS I/PRP ] think/VBP  [ we/PRP ] are/VBP expected/VBN to/TO do/VB  [ it/PRP ] [ all/DT ] ./.,(S (CC But) (PP (IN in) (NP (DT some) (NNS ways))) (NP-SBJ (PRP I)) (VP (VBP think) (SBAR (-NONE- 0) (S (NP-SBJ-1 (PRP we)) (VP (VBP are) (VP (VBN expected) (S (NP-SBJ (-NONE- *-1)) (VP (TO to) (VP (VB do) (NP (NP (PRP it)) (NP (DT all))))))))))) (. .) (-DFL- E_S)),73
sw05utt/sw_0532_2455.utt,2/sw2455,2455,46,sv,A,31,2,You're almost looked down upon if you don't try to do all of these things  /,[ You/PRP ] 're/VBP almost/RB looked/VBN down/RP upon/IN if/IN  [ you/PRP ] do/VBP n't/RB try/VB to/TO do/VB  [ all/DT ] of/IN  [ these/DT things/NNS ],(S (NP-SBJ-2 (PRP You)) (VP (VBP 're) (ADVP (RB almost)) (VP (VBN looked) (PP (RP down) (PP (IN upon) (NP (-NONE- *-2)))) (SBAR-ADV (IN if) (S (NP-SBJ-1 (PRP you)) (VP (VBP do) (RB n't) (VP (VB try) (S (NP-SBJ (-NONE- *-1)) (VP (TO to) (VP (VB do) (NP (NP (DT all)) (PP (IN of) (NP (DT these) (NNS things))))))))))))) (-DFL- E_S)),74
sw05utt/sw_0532_2455.utt,2/sw2455,2455,47,sv,A,31,3,{C and } --,and/CC --/:,"(S (EDITED (RM (-DFL- \[)) (CC and) (, ,) (IP (-DFL- \+))) (CC and) (RS (-DFL- \])) (EDITED (RM (-DFL- \[)) (NP-SBJ (PRP I)) (, ,) (IP (-DFL- \+))) (PRN (S (NP-SBJ (PRP you)) (VP (VBP know))) (, ,)) (NP-SBJ (PRP I)) (RS (-DFL- \])) (ADVP-TMP (RB still)) (VP (VBP provide) (NP (NP (RBS most)) (PP (IN of) (NP (NP (DT the) (NNS things)) (SBAR (WHNP-1 (WDT that)) (S (NP-SBJ (-NONE- *T*-1)) (VP (VBP go) (PRT (RP on)) (PP-LOC (IN around) (NP (DT the) (NN house)))))))))) (. .) (-DFL- E_S))",53
sw05utt/sw_0532_2455.utt,2/sw2455,2455,48,b,B,32,1,Right. /,[ Right/UH ] ./.,(INTJ (UH Right) (. .) (-DFL- E_S)),55
sw05utt/sw_0532_2455.utt,2/sw2455,2455,49,+,A,33,1,-- that's where the problem is really. /,--/:  [ that/DT ] 's/BES where/WRB  [ the/DT problem/NN ] is/VBZ really/RB ./.,(S (CC and) (NP-SBJ (DT that)) (VP (BES 's) (SBAR-LOC-PRD (WHADVP-1 (WRB where)) (S (NP-SBJ (DT the) (NN problem)) (VP (VBZ is) (ADVP-LOC-PRD (-NONE- *T*-1))))) (ADVP (RB really))) (. .) (-DFL- E_S)),75
sw05utt/sw_0532_2455.utt,2/sw2455,2455,50,b,B,34,1,"Yeah,  /","Yeah/UH ,/,","(INTJ (UH Yeah) (, ,) (-DFL- E_S))",61
sw05utt/sw_0532_2455.utt,2/sw2455,2455,51,b,B,34,2,"yeah,  /","yeah/UH ,/,","(INTJ (UH yeah) (, ,) (-DFL- E_S))",81
sw05utt/sw_0532_2455.utt,2/sw2455,2455,52,sd,B,34,3,"I have little children, four and one,  /","[ I/PRP ] have/VBP  [ little/JJ children/NNS ] ,/,  [ four/CD ] and/CC  [ one/CD ] ,/,","(S (NP-SBJ (PRP I)) (VP (VBP have) (NP (NP (JJ little) (NNS children)) (, ,) (NP (CD four)) (CC and) (NP (CD one)))) (, ,) (-DFL- E_S))",82
sw05utt/sw_0532_2455.utt,2/sw2455,2455,53,sd,B,34,4,{C and } I decided that it was very important to me to stay home. /,and/CC  [ I/PRP ] decided/VBD that/IN  [ it/PRP ] was/VBD very/RB important/JJ to/IN  [ me/PRP ] to/TO stay/VB  [ home/RB ] ./.,(S (CC and) (NP-SBJ (PRP I)) (VP (VBD decided) (SBAR (IN that) (S (NP-SBJ (NP (PRP it)) (S (-NONE- *EXP*-1))) (VP (VBD was) (ADJP-PRD (RB very) (JJ important) (PP (IN to) (NP (PRP me)))) (S-1 (NP-SBJ (-NONE- *)) (VP (TO to) (VP (VB stay) (ADVP-LOC (RB home))))))))) (. .) (-DFL- E_S)),83
sw05utt/sw_0532_2455.utt,2/sw2455,2455,54,b,A,35,1,Uh-huh. /,[ Uh-huh/UH ] ./.,(INTJ (UH Uh-huh) (. .) (-DFL- E_S)),64
sw05utt/sw_0532_2455.utt,2/sw2455,2455,55,%,B,36,1,"{F Uh, } {C and } when [ [ I, + I, ] + I ] happen to, you know be, - /","[ Uh/UH ] ,/, and/CC when/WRB  [ I/PRP ] ,/,  [ I/PRP ] ,/,  [ I/PRP ] happen/VBP to/TO ,/,  [ you/PRP ] know/VBP be/VB ,/,","(S (INTJ (UH Uh)) (, ,) (CC and) (SBAR-TMP (WHADVP (WRB when)) (S (EDITED (RM (-DFL- \[)) (EDITED (RM (-DFL- \[)) (NP-SBJ (PRP I)) (, ,) (IP (-DFL- \+))) (NP-SBJ (PRP I)) (, ,) (RS (-DFL- \])) (IP (-DFL- \+))) (NP-SBJ-1 (PRP I)) (RS (-DFL- \])) (VP (VBP happen) (S (NP-SBJ (-NONE- *-1)) (VP (TO to) (PRN (, ,) (S (NP-SBJ (PRP you)) (VP (VBP know)))) (VP-UNF (VB be))))))) (, ,) (-DFL- N_S))",87
sw05utt/sw_0532_2455.utt,2/sw2455,2455,56,sd,B,36,2,"I'm very active with, {F uh, } [ people, +  other people ] with children my age  /","[ I/PRP ] 'm/VBP very/RB active/JJ with/IN ,/,  [ uh/UH ] ,/,  [ people/NNS ] ,/,  [ other/JJ people/NNS ] with/IN  [ children/NNS my/PRP$ age/NN ]","(S (NP-SBJ (PRP I)) (VP (VBP 'm) (ADJP-PRD (RB very) (JJ active) (PP (IN with) (, ,) (INTJ (UH uh)) (, ,) (EDITED (RM (-DFL- \[)) (NP (NNS people)) (, ,) (IP (-DFL- \+))) (NP (NP (JJ other) (NNS people)) (RS (-DFL- \])) (PP (IN with) (NP (NP (NNS children)) (SBAR (WHNP-1 (-NONE- 0)) (S (NP-SBJ (-NONE- *T*-1)) (NP-PRD (PRP$ my) (NN age)))))))))) (-DFL- E_S))",88
sw05utt/sw_0532_2455.utt,2/sw2455,2455,57,sv,B,36,3,"{C and } most of us do tend to stay home,  /","and/CC  [ most/JJS ] of/IN  [ us/PRP ] do/VBP tend/VB to/TO stay/VB  [ home/NN ] ,/,","(S (CC and) (NP-SBJ-1 (NP (JJS most)) (PP (IN of) (NP (PRP us)))) (VP (VBP do) (VP (VB tend) (S (NP-SBJ (-NONE- *-1)) (VP (TO to) (VP (VB stay) (ADVP-LOC (NN home))))))) (, ,) (-DFL- E_S))",89
sw05utt/sw_0532_2455.utt,2/sw2455,2455,58,sd,B,36,4,"{C but } when I run into people that, {D you know, } just have recently had babies or have very young children and are working full time, [ I, + ] there's almost a, {F uh, } friction between us. /","but/CC when/WRB  [ I/PRP ] run/VBP into/IN  [ people/NNS ] [ that/WDT ] ,/,  [ you/PRP ] know/VBP ,/, just/RB have/VBP recently/RB had/VBN  [ babies/NNS ] or/CC have/VBP  [ very/RB young/JJ children/NNS ] and/CC are/VBP working/VBG  [ full/GW time/^RB ] ,/,  [ I/PRP ] ,/,  [ there/EX ] 's/BES almost/RB  [ a/DT ] ,/,  [ uh/UH ] ,/,  [ friction/NN ] between/IN  [ us/PRP ] ./.","(S (CC but) (SBAR-TMP (WHADVP-2 (WRB when)) (S (NP-SBJ (PRP I)) (VP (VBP run) (PP (IN into) (NP (NP (NNS people)) (SBAR (WHNP-1 (WDT that)) (PRN (, ,) (S (NP-SBJ (PRP you)) (VP (VBP know))) (, ,)) (S (NP-SBJ (-NONE- *T*-1)) (ADVP (RB just)) (VP (VP (VP (VBP have) (ADVP-TMP (RB recently)) (VP (VBN had) (NP (NNS babies)))) (CC or) (VP (VBP have) (NP (ADJP (RB very) (JJ young)) (NNS children)))) (CC and) (VP (VBP are) (VP (VBG working) (ADVP (GW full) (^RB time))))))))) (ADVP-TMP (-NONE- *T*-2))))) (, ,) (EDITED (RM (-DFL- \[)) (NP-SBJ (PRP I)) (, ,) (IP (-DFL- \+)) (RS (-DFL- \]))) (NP-SBJ (EX there)) (VP (BES 's) (ADVP (RB almost)) (NP-PRD (NP (DT a) (, ,) (INTJ (UH uh)) (, ,) (NN friction)) (PP (IN between) (NP (PRP us))))) (. .) (-DFL- E_S))",90
sw05utt/sw_0532_2455.utt,2/sw2455,2455,59,b,A,37,1,Uh-huh. /,[ Uh-huh/UH ] ./.,(INTJ (UH Uh-huh) (. .) (-DFL- E_S)),64
sw05utt/sw_0532_2455.utt,2/sw2455,2455,60,b,B,38,1,"Uh-huh,  /","[ Uh-huh/UH ] ,/,","(INTJ (UH Uh-huh) (, ,) (-DFL- E_S))",94
sw05utt/sw_0532_2455.utt,2/sw2455,2455,61,sd,B,38,2,"not people that are, {D you know, } necessarily good friends,","not/RB  [ people/NNS ] [ that/WDT ] are/VBP ,/,  [ you/PRP ] know/VBP ,/, necessarily/RB  [ good/JJ friends/NNS ] ,/,","(FRAG (RB not) (NP (NP (NNS people)) (SBAR (WHNP-1 (WDT that)) (S (NP-SBJ (-NONE- *T*-1)) (VP (VBP are) (PRN (, ,) (S (NP-SBJ (PRP you)) (VP (VBP know))) (, ,)) (ADVP (RB necessarily)) (NP-PRD (JJ good) (NNS friends)))))) (, ,) (SBAR-ADV (RB Even) (IN though) (S (NP-SBJ (WDT that)) (VP (VBZ has) (VP (VBN happened) (ADVP (RB too)))))) (, ,) (INTJ (UH uh)) (, ,) (-DFL- E_S))",95
sw05utt/sw_0532_2455.utt,2/sw2455,2455,62,b,A,39,1,Yeah. /,Yeah/UH ./.,(INTJ (UH Yeah) (. .) (-DFL- E_S)),97
sw05utt/sw_0532_2455.utt,2/sw2455,2455,63,+,B,40,1,"Even though that has happened too, {F uh, }  /","Even/RB though/IN  [ that/WDT ] has/VBZ happened/VBN too/RB ,/,  [ uh/UH ] ,/,","(FRAG (RB not) (NP (NP (NNS people)) (SBAR (WHNP-1 (WDT that)) (S (NP-SBJ (-NONE- *T*-1)) (VP (VBP are) (PRN (, ,) (S (NP-SBJ (PRP you)) (VP (VBP know))) (, ,)) (ADVP (RB necessarily)) (NP-PRD (JJ good) (NNS friends)))))) (, ,) (SBAR-ADV (RB Even) (IN though) (S (NP-SBJ (WDT that)) (VP (VBZ has) (VP (VBN happened) (ADVP (RB too)))))) (, ,) (INTJ (UH uh)) (, ,) (-DFL- E_S))",95
sw05utt/sw_0532_2455.utt,2/sw2455,2455,64,sv,B,40,2,it's almost as though it puts you on different sides of a fence.  /,[ it/PRP ] 's/BES almost/RB  as/IN though/IN  [ it/PRP ] puts/VBZ  [ you/PRP ] on/IN  [ different/JJ sides/NNS ] of/IN  [ a/DT fence/NN ] ./.,(S (NP-SBJ (PRP it)) (VP (BES 's) (ADVP (RB almost)) (SBAR-PRD (IN as) (IN though) (S (NP-SBJ (PRP it)) (VP (VBZ puts) (NP (PRP you)) (PP-PUT (IN on) (NP (NP (JJ different) (NNS sides)) (PP (IN of) (NP (DT a) (NN fence))))))))) (. .) (-DFL- E_S)),99
sw05utt/sw_0532_2455.utt,2/sw2455,2455,65,%,B,40,3,"You know w-, - /","[ You/PRP ] know/VBP  [ w-/XX ] ,/,","(S (NP-SBJ (PRP You)) (VP-UNF (VBP know) (X (XX w-))) (, ,) (-DFL- N_S))",100
sw05utt/sw_0532_2455.utt,2/sw2455,2455,66,sv,B,40,4,if you decide to go back to work then you feel like you are always having to defend yourself. /,if/IN  [ you/PRP ] decide/VBP to/TO go/VB back/RB to/TO work/VB then/RB  [ you/PRP ] feel/VBP like/IN  [ you/PRP ] are/VBP always/RB having/VBG to/TO defend/VB  [ yourself/PRP ] ./.,(S (SBAR-ADV (IN if) (S (NP-SBJ-1 (PRP you)) (VP (VBP decide) (S (NP-SBJ (-NONE- *-1)) (VP (TO to) (VP (VB go) (ADVP (RB back)) (PP (TO to) (NP (VB work))))))))) (ADVP (RB then)) (NP-SBJ (PRP you)) (VP (VBP feel) (SBAR (IN like) (S (NP-SBJ-2 (PRP you)) (VP (VBP are) (ADVP-TMP (RB always)) (VP (VBG having) (S (NP-SBJ (-NONE- *-2)) (VP (TO to) (VP (VB defend) (NP (PRP yourself)))))))))) (. .) (-DFL- E_S)),101
sw05utt/sw_0532_2455.utt,2/sw2455,2455,67,b,A,41,1,Right. /,[ Right/UH ] ./.,(INTJ (UH Right) (. .) (-DFL- E_S)),77
sw05utt/sw_0532_2455.utt,2/sw2455,2455,68,sv,B,42,1,"{C And } if you don't then, sometimes you feel like you're looked down upon by people that go back to work  and so you're just wasting your time ,","And/CC if/IN  [ you/PRP ] do/VBP n't/RB then/RB ,/, sometimes/RB  [ you/PRP ] feel/VBP like/IN  [ you/PRP ] 're/VBP looked/VBN down/RP upon/IN by/IN  [ people/NNS ] [ that/WDT ] go/VBP back/RB to/TO  [ work/NN ] and/CC so/IN  [ you/PRP ] 're/VBP just/RB wasting/VBG  [ your/PRP$ time/NN ] ,/,","(S (CC And) (SBAR-ADV (IN if) (S (NP-SBJ (PRP you)) (VP (VBP do) (RB n't)))) (ADVP (RB then)) (, ,) (ADVP-TMP (RB sometimes)) (NP-SBJ (PRP you)) (VP (VBP feel) (SBAR (IN like) (S (S (NP-SBJ-1 (PRP you)) (VP (VBP 're) (VP (VBN looked) (PP (RP down) (PP (IN upon) (NP (-NONE- *-1)))) (PP (IN by) (NP-LGS (NP (NNS people)) (SBAR (WHNP-2 (WDT that)) (S (NP-SBJ (-NONE- *T*-2)) (VP (VBP go) (ADVP (RB back)) (PP (TO to) (NP (NN work))))))))))) (CONJP (CC and) (IN so)) (S (NP-SBJ (PRP you)) (VP (VBP 're) (ADVP (RB just)) (VP (VBG wasting) (NP (PRP$ your) (NN time)) (, ,) (PP-LOC (IN at) (NP (NN home))))))))) (. .) (-DFL- E_S))",105
sw05utt/sw_0532_2455.utt,2/sw2455,2455,69,b,A,43,1,Yeah. /,Yeah/UH ./.,(INTJ (UH Yeah) (. .) (-DFL- E_S)),97
sw05utt/sw_0532_2455.utt,2/sw2455,2455,70,+,B,44,1,at home. /,at/IN  [ home/NN ] ./.,"(S (CC And) (SBAR-ADV (IN if) (S (NP-SBJ (PRP you)) (VP (VBP do) (RB n't)))) (ADVP (RB then)) (, ,) (ADVP-TMP (RB sometimes)) (NP-SBJ (PRP you)) (VP (VBP feel) (SBAR (IN like) (S (S (NP-SBJ-1 (PRP you)) (VP (VBP 're) (VP (VBN looked) (PP (RP down) (PP (IN upon) (NP (-NONE- *-1)))) (PP (IN by) (NP-LGS (NP (NNS people)) (SBAR (WHNP-2 (WDT that)) (S (NP-SBJ (-NONE- *T*-2)) (VP (VBP go) (ADVP (RB back)) (PP (TO to) (NP (NN work))))))))))) (CONJP (CC and) (IN so)) (S (NP-SBJ (PRP you)) (VP (VBP 're) (ADVP (RB just)) (VP (VBG wasting) (NP (PRP$ your) (NN time)) (, ,) (PP-LOC (IN at) (NP (NN home))))))))) (. .) (-DFL- E_S))",105
sw05utt/sw_0532_2455.utt,2/sw2455,2455,71,aa,A,45,1,"Yeah,  /","Yeah/UH ,/,","(INTJ (UH Yeah) (, ,) (-DFL- E_S))",80
sw05utt/sw_0532_2455.utt,2/sw2455,2455,72,sd,A,45,2,it's a tough one.  /,[ it/PRP ] 's/BES  [ a/DT tough/JJ one/CD ] ./.,(S (NP-SBJ (PRP it)) (VP (BES 's) (NP-PRD (DT a) (JJ tough) (CD one))) (. .) (-DFL- E_S)),111
sw05utt/sw_0532_2455.utt,2/sw2455,2455,73,sd,A,45,3,"{E I mean, } I've done some of both. /","[ I/PRP ] mean/VBP ,/,  [ I/PRP ] 've/VBP done/VBN  [ some/DT ] of/IN  [ both/DT ] ./.","(S (PRN (S (NP-SBJ (PRP I)) (VP (VBP mean))) (, ,)) (NP-SBJ (PRP I)) (VP (VBP 've) (VP (VBN done) (NP (NP (DT some)) (PP (IN of) (NP (DT both)))))) (. .) (-DFL- E_S))",112
sw05utt/sw_0532_2455.utt,2/sw2455,2455,74,b,B,46,1,Uh-huh. /,[ Uh-huh/UH ] ./.,(INTJ (UH Uh-huh) (. .) (-DFL- E_S)),85
sw05utt/sw_0532_2455.utt,2/sw2455,2455,75,sd,A,47,1,"[ I, + when my kids were real little, I  ] was at home for a couple of different periods of time. /","[ I/PRP ] ,/, when/WRB  [ my/PRP$ kids/NNS ] were/VBD real/RB little/JJ ,/,  [ I/PRP ] was/VBD at/IN  [ home/NN ] for/IN  [ a/DT couple/NN ] of/IN  [ different/JJ periods/NNS ] of/IN  [ time/NN ] ./.","(S (EDITED (RM (-DFL- \[)) (NP-SBJ (PRP I)) (, ,) (IP (-DFL- \+))) (SBAR-TMP (WHADVP-1 (WRB when)) (S (NP-SBJ (PRP$ my) (NNS kids)) (VP (VBD were) (ADJP-PRD (RB real) (JJ little)) (ADVP-TMP (-NONE- *T*-1))))) (, ,) (NP-SBJ (PRP I)) (RS (-DFL- \])) (VP (VBD was) (PP-LOC-PRD (IN at) (NP (NN home))) (PP-TMP (IN for) (NP (NP (DT a) (NN couple)) (PP (IN of) (NP (NP (JJ different) (NNS periods)) (PP (IN of) (NP (NN time)))))))) (. .) (-DFL- E_S))",116
sw05utt/sw_0532_2455.utt,2/sw2455,2455,76,b,B,48,1,Uh-huh. /,[ Uh-huh/UH ] ./.,(INTJ (UH Uh-huh) (. .) (-DFL- E_S)),92
sw05utt/sw_0532_2455.utt,2/sw2455,2455,77,sd,A,49,1,"{F Oh, } I think the longest was less than a year,  /","Oh/UH ,/,  [ I/PRP ] think/VBP  [ the/DT longest/JJS ] was/VBD less/JJR than/IN  [ a/DT year/NN ] ,/,","(S (INTJ (UH Oh)) (, ,) (NP-SBJ (PRP I)) (VP (VBP think) (SBAR (-NONE- 0) (S (NP-SBJ (DT the) (JJS longest)) (VP (VBD was) (ADJP-PRD (ADJP (JJR less)) (PP (IN than) (NP (DT a) (NN year)))))))) (, ,) (-DFL- E_S))",120
sw05utt/sw_0532_2455.utt,2/sw2455,2455,78,sd,A,49,2,"{C but } still at least I was able [ to, + to  ] spend, {D you know, } those first months with them. /","but/CC still/RB at/IN  [ least/JJS I/PRP ] was/VBD able/JJ to/TO ,/, to/TO spend/VB ,/,  [ you/PRP ] know/VBP ,/,  [ those/DT first/JJ months/NNS ] with/IN  [ them/PRP ] ./.","(S (CC but) (ADVP (RB still)) (ADVP (IN at) (JJS least)) (NP-SBJ-1 (PRP I)) (VP (VBD was) (ADJP-PRD (JJ able) (S (NP-SBJ (-NONE- *-1)) (EDITED (RM (-DFL- \[)) (VP-UNF (TO to)) (, ,) (IP (-DFL- \+))) (VP (TO to) (RS (-DFL- \])) (VP (VB spend) (PRN (, ,) (S (NP-SBJ (PRP you)) (VP (VBP know))) (, ,)) (NP (DT those) (JJ first) (NNS months)) (PP (IN with) (NP (PRP them)))))))) (. .) (-DFL- E_S))",121
sw05utt/sw_0532_2455.utt,2/sw2455,2455,79,b,B,50,1,Right. /,[ Right/UH ] ./.,(INTJ (UH Right) (. .) (-DFL- E_S)),103
sw05utt/sw_0532_2455.utt,2/sw2455,2455,80,sd,A,51,1,"{C But, } {F uh, } I mostly went back to work because I was tired of doing without things. /","But/CC ,/,  [ uh/UH ] ,/,  [ I/PRP ] mostly/RB went/VBD back/RB to/IN work/NN because/IN  [ I/PRP ] was/VBD tired/JJ of/IN doing/VBG without/IN  [ things/NNS ] ./.","(S (CC But) (, ,) (INTJ (UH uh)) (, ,) (NP-SBJ (PRP I)) (ADVP (RB mostly)) (VP (VBD went) (ADVP (RB back)) (PP (IN to) (NP (NN work))) (SBAR-PRP (IN because) (S (NP-SBJ-1 (PRP I)) (VP (VBD was) (ADJP-PRD (JJ tired) (PP (IN of) (S-NOM (NP-SBJ (-NONE- *-1)) (VP (VBG doing) (PP (IN without) (NP (NNS things))))))))))) (. .) (-DFL- E_S))",125
sw05utt/sw_0532_2455.utt,2/sw2455,2455,81,b,B,52,1,Yeah. /,Yeah/UH ./.,(INTJ (UH Yeah) (. .) (-DFL- E_S)),107
sw05utt/sw_0532_2455.utt,2/sw2455,2455,82,sd,A,53,1,"<Laughter> {D You know, } the money was the issue. /","[ You/PRP ] know/VBP ,/,  [ the/DT money/NN ] was/VBD  [ the/DT issue/NN ] ./.","(S (PRN (S (NP-SBJ (PRP You)) (VP (VBP know))) (, ,)) (NP-SBJ (DT the) (NN money)) (VP (VBD was) (NP-PRD (DT the) (NN issue))) (. .) (-DFL- E_S))",129
sw05utt/sw_0532_2455.utt,2/sw2455.pos,2455,83,x,B,54,1,<Laughter>.,./.
sw05utt/sw_0532_2455.utt,2/sw2455,2455,84,sd,A,55,1,"{C But, } {F uh, } even now, [ I would, + I would  ] like to not have to work in some ways. /","But/CC ,/,  [ uh/UH ] ,/, even/RB now/RB ,/,  [ I/PRP ] would/MD ,/,  [ I/PRP ] would/MD like/VB to/TO not/RB have/VB to/TO work/VB in/IN  [ some/DT ways/NNS ] ./.","(S (CC But) (, ,) (INTJ (UH uh)) (, ,) (ADVP-TMP (RB even) (RB now)) (, ,) (EDITED (RM (-DFL- \[)) (S (NP-SBJ (PRP I)) (VP-UNF (MD would))) (, ,) (IP (-DFL- \+))) (NP-SBJ-1 (PRP I)) (VP (MD would) (RS (-DFL- \])) (VP (VB like) (S (NP-SBJ-2 (-NONE- *-1)) (VP (TO to) (RB not) (VP (VB have) (S (NP-SBJ (-NONE- *-2)) (VP (TO to) (VP (VB work))))))) (PP (IN in) (NP (DT some) (NNS ways))))) (. .) (-DFL- E_S))",132
sw05utt/sw_0532_2455.utt,2/sw2455,2455,85,b,B,56,1,Right. /,[ Right/UH ] ./.,(INTJ (UH Right) (. .) (-DFL- E_S)),123
sw05utt/sw_0532_2455.utt,2/sw2455,2455,86,sd,A,57,1,"[ It, + it's ] kind of pull and tug, /","[ It/PRP ] ,/,  [ it/PRP ] 's/BES  [ kind/RB ] of/RB  [ pull/NN ] and/CC  [ tug/NN ] ,/,","(S (EDITED (RM (-DFL- \[)) (NP-SBJ (PRP It)) (, ,) (IP (-DFL- \+))) (NP-SBJ (PRP it)) (VP (BES 's) (RS (-DFL- \])) (ADVP (RB kind) (RB of)) (NP-PRD (NN pull) (CC and) (NN tug))) (, ,) (-DFL- E_S))",136
sw05utt/sw_0532_2455.utt,2/sw2455,2455,87,b,B,58,1,Yeah. /,Yeah/UH ./.,(INTJ (UH Yeah) (. .) (-DFL- E_S)),127
sw05utt/sw_0532_2455.utt,2/sw2455,2455,88,sd,A,59,1,"on the other hand, I can't imagine just being at home, {F uh, } although I have a lot of interests and a lot of things I would like to pursue. /","on/IN  [ the/DT other/JJ hand/NN ] ,/,  [ I/PRP ] ca/MD n't/RB imagine/VB just/RB being/VBG at/IN  [ home/NN ] ,/,  [ uh/UH ] ,/, although/IN  [ I/PRP ] have/VBP  [ a/DT lot/NN ] of/IN  [ interests/NNS ] and/CC  [ a/DT lot/NN ] of/IN  [ things/NNS I/PRP ] would/MD like/VB to/TO pursue/VB ./.","(S (PP (IN on) (NP (DT the) (JJ other) (NN hand))) (, ,) (NP-SBJ-1 (PRP I)) (VP (MD ca) (RB n't) (VP (VB imagine) (S (NP-SBJ (-NONE- *-1)) (ADVP (RB just)) (VP (VBG being) (PP-LOC-PRD (IN at) (NP (NN home))))) (, ,) (INTJ (UH uh)) (, ,) (SBAR-ADV (IN although) (S (NP-SBJ (PRP I)) (VP (VBP have) (NP (NP (NP (DT a) (NN lot)) (PP (IN of) (NP (NNS interests)))) (CC and) (NP (NP (DT a) (NN lot)) (PP (IN of) (NP (NP (NNS things)) (SBAR (WHNP-3 (-NONE- 0)) (S (NP-SBJ-2 (PRP I)) (VP (MD would) (VP (VB like) (S (NP-SBJ (-NONE- *-2)) (VP (TO to) (VP (VB pursue) (NP (-NONE- *T*-3)))))))))))))))))) (. .) (-DFL- E_S))",140
sw05utt/sw_0532_2455.utt,2/sw2455,2455,89,b,B,60,1,Uh-huh. /,[ Uh-huh/UH ] ./.,(INTJ (UH Uh-huh) (. .) (-DFL- E_S)),118
sw05utt/sw_0532_2455.utt,2/sw2455,2455,90,sv,A,61,1,"{F Uh, } still, {F uh, } [ there's, + there's ] sort of a feeling of accomplishment with having, {D you know, } a job and all that goes with that. /","[ Uh/UH ] ,/, still/RB ,/,  [ uh/UH ] ,/,  [ there/EX ] 's/BES ,/,  [ there/EX ] 's/BES  [ sort/RB ] of/RB  [ a/DT feeling/NN ] of/IN  [ accomplishment/NN ] with/IN having/VBG ,/,  [ you/PRP ] know/VBP ,/,  [ a/DT job/NN ] and/CC  [ all/DT that/WDT ] goes/VBZ with/IN  [ that/DT ] ./.","(S (INTJ (UH Uh)) (, ,) (ADVP (RB still)) (, ,) (INTJ (UH uh)) (, ,) (EDITED (RM (-DFL- \[)) (S (NP-SBJ (EX there)) (VP-UNF (BES 's))) (, ,) (IP (-DFL- \+))) (NP-SBJ (EX there)) (VP (BES 's) (RS (-DFL- \])) (ADVP (RB sort) (RB of)) (NP-PRD (NP (DT a) (NN feeling)) (PP (IN of) (NP (NN accomplishment)))) (PP (IN with) (S-NOM (NP-SBJ (-NONE- *)) (VP (VBG having) (PRN (, ,) (S (NP-SBJ (PRP you)) (VP (VBP know))) (, ,)) (NP (NP (DT a) (NN job)) (CC and) (NP (NP (DT all)) (SBAR (WHNP-1 (WDT that)) (S (NP-SBJ (-NONE- *T*-1)) (VP (VBZ goes) (PP (IN with) (NP (DT that)))))))))))) (. .) (-DFL- E_S))",144
sw05utt/sw_0532_2455.utt,2/sw2455,2455,91,aa,B,62,1,"No,  /","No/UH ,/,","(INTJ (UH No) (, ,) (-DFL- E_S))",146
sw05utt/sw_0532_2455.utt,2/sw2455,2455,92,aa,B,62,2,"[ that, + that's  ] definitely true.  /","that/IN ,/, that/IN 's/BES definitely/RB true/JJ ./.","(S (EDITED (RM (-DFL- \[)) (NP-SBJ (IN that)) (, ,) (IP (-DFL- \+))) (NP-SBJ (IN that)) (VP (BES 's) (RS (-DFL- \])) (ADVP (RB definitely)) (ADJP-PRD (JJ true))) (. .) (-DFL- E_S))",147
sw05utt/sw_0532_2455.utt,2/sw2455,2455,93,sd,B,62,3,"In fact, [ I, + I  ] work out of my home.   /","In/IN  [ fact/NN ] ,/,  [ I/PRP ] ,/,  [ I/PRP ] work/VBP out/IN of/IN  [ my/PRP$ home/NN ] ./.","(S (PP (IN In) (NP (NN fact))) (, ,) (EDITED (RM (-DFL- \[)) (NP-SBJ (PRP I)) (, ,) (IP (-DFL- \+))) (NP-SBJ (PRP I)) (RS (-DFL- \])) (VP (VBP work) (PP (IN out) (PP (IN of) (NP (PRP$ my) (NN home))))) (. .) (-DFL- E_S))",148
sw05utt/sw_0532_2455.utt,2/sw2455,2455,94,sd,B,62,4,"{F Um, }  I'm an accountant, /","[ Um/UH ] ,/,  [ I/PRP ] 'm/VBP  [ an/DT accountant/NN ] ,/,","(S (INTJ (UH Um)) (, ,) (NP-SBJ (PRP I)) (VP (VBP 'm) (NP-PRD (DT an) (NN accountant))) (, ,) (-DFL- E_S))",149
sw05utt/sw_0532_2455.utt,2/sw2455,2455,95,b,A,63,1,Oh. /,Oh/UH ./.,(INTJ (UH Oh) (. .) (-DFL- E_S)),151
sw05utt/sw_0532_2455.utt,2/sw2455,2455,96,sd,B,64,1,{C and } I do taxes and bookkeeping  /,and/CC  [ I/PRP ] do/VBP  [ taxes/NNS ] and/CC  [ bookkeeping/NN ],(S (CC and) (NP-SBJ (PRP I)) (VP (VBP do) (NP (NNS taxes) (CC and) (NN bookkeeping))) (-DFL- E_S)),153
sw05utt/sw_0532_2455.utt,2/sw2455,2455,97,%,B,64,2,"{C and } I, {F uh, } - /","and/CC  [ I/PRP ] ,/,  [ uh/UH ] ,/,","(S-UNF (CC and) (NP-SBJ (PRP I)) (, ,) (INTJ (UH uh)) (, ,) (-DFL- N_S))",154
sw05utt/sw_0532_2455.utt,2/sw2455,2455,98,%,B,64,3,"it was, - /","[ it/PRP ] was/VBD ,/,","(S (NP-SBJ (PRP it)) (VP-UNF (VBD was)) (, ,) (-DFL- N_S))",155
sw05utt/sw_0532_2455.utt,2/sw2455,2455,99,sd,B,64,4,it's a way for me to stay home. /,[ it/PRP ] 's/BES  [ a/DT way/NN ] for/IN  [ me/PRP ] to/TO stay/VB  [ home/NN ] ./.,(S (NP-SBJ (PRP it)) (VP (BES 's) (NP-PRD (NP (DT a) (NN way)) (SBAR (WHADVP-1 (-NONE- 0)) (IN for) (S (NP-SBJ (PRP me)) (VP (TO to) (VP (VB stay) (ADVP-LOC (NN home)) (ADVP-MNR (-NONE- *T*-1)))))))) (. .) (-DFL- E_S)),156
sw05utt/sw_0532_2455.utt,2/sw2455,2455,100,b,A,65,1,Uh-huh. /,[ Uh-huh/UH ] ./.,(INTJ (UH Uh-huh) (. .) (-DFL- E_S)),142
sw05utt/sw_0532_2455.utt,2/sw2455,2455,101,sd,B,66,1,"{C And } {E I mean, } I still, unfortunately have to be very disciplined <laughter> in doing my work at five in the morning and ten o'clock at night, /","And/CC  [ I/PRP ] mean/VBP ,/,  [ I/PRP ] still/RB ,/, unfortunately/RB have/VBP to/TO be/VB very/RB disciplined/JJ in/IN doing/VBG  [ my/PRP$ work/NN ] at/IN  [ five/CD ] in/IN  [ the/DT morning/NN ] and/CC  [ ten/CD ] o'clock/RB at/IN  [ night/NN ] ,/,","(S (CC And) (PRN (S (NP-SBJ (PRP I)) (VP (VBP mean))) (, ,)) (NP-SBJ-1 (PRP I)) (ADVP (RB still)) (, ,) (ADVP (RB unfortunately)) (VP (VBP have) (S (NP-SBJ-2 (-NONE- *-1)) (VP (TO to) (VP (VB be) (ADJP-PRD (RB very) (JJ disciplined)) (PP (IN in) (S-NOM (NP-SBJ (-NONE- *-2)) (VP (VBG doing) (NP (PRP$ my) (NN work)) (PP-TMP (IN at) (NP (NP (NP (CD five)) (PP-TMP (IN in) (NP (DT the) (NN morning)))) (CC and) (NP (NP (CD ten) (RB o'clock)) (PP-TMP (IN at) (NP (NN night))))))))))))) (, ,) (-DFL- E_S))",160
sw05utt/sw_0532_2455.utt,2/sw2455,2455,102,b,A,67,1,Yeah. /,Yeah/UH ./.,(INTJ (UH Yeah) (. .) (-DFL- E_S)),138
sw05utt/sw_0532_2455.utt,2/sw2455,2455,103,sd,B,68,1,"[ {C but, } +  {F uh, } {C but } ] [ it, + it's ] worked out [ for, + for ] my family,","but/CC ,/,  [ uh/UH ] ,/, but/CC  [ it/PRP ] ,/,  [ it/PRP ] 's/HVS worked/VBN out/RP for/IN ,/, for/IN  [ my/PRP$ family/NN ] ,/,","(S (EDITED (RM (-DFL- \[)) (CC but) (, ,) (IP (-DFL- \+))) (INTJ (UH uh)) (, ,) (CC but) (RS (-DFL- \])) (EDITED (RM (-DFL- \[)) (NP-SBJ (PRP it)) (, ,) (IP (-DFL- \+))) (NP-SBJ (PRP it)) (VP (HVS 's) (RS (-DFL- \])) (VP (VBN worked) (PRT (RP out)) (EDITED (RM (-DFL- \[)) (PP-UNF (IN for)) (, ,) (IP (-DFL- \+))) (PP (IN for) (RS (-DFL- \])) (NP (PRP$ my) (NN family))))) (, ,))",164
sw05utt/sw_0532_2455.utt,2/sw2455,2455,104,b,A,69,1,Yeah. /,Yeah/UH ./.,(INTJ (UH Yeah) (. .) (-DFL- E_S)),138
sw05utt/sw_0532_2455.utt,2/sw2455,2455,105,+,B,70,1,"to have my cake and eat it too, kind of thing. /","to/TO have/VB  [ my/PRP$ cake/NN ] and/CC eat/VB  [ it/PRP ] too/RB ,/,  [ kind/NN ] of/IN  [ thing/NN ] ./.","(NP (NP (S (NP-SBJ (-NONE- *)) (VP (TO to) (VP (VP (VB have) (NP (PRP$ my) (NN cake))) (CC and) (VP (VB eat) (NP (PRP it)) (ADVP (RB too)))))) (, ,) (NN kind)) (PP (IN of) (NP (NN thing))) (. .) (-DFL- E_S))",165
sw05utt/sw_0532_2455.utt,2/sw2455,2455,106,b,A,71,1,"Yeah,  /","Yeah/UH ,/,","(INTJ (UH Yeah) (, ,) (-DFL- E_S))",170
sw05utt/sw_0532_2455.utt,2/sw2455,2455,107,ba,A,71,2,that's a good deal.  /,[ that/DT ] 's/BES  [ a/DT good/JJ deal/NN ] ./.,(S (NP-SBJ (DT that)) (VP (BES 's) (NP-PRD (DT a) (JJ good) (NN deal))) (. .) (-DFL- E_S)),171
sw05utt/sw_0532_2455.utt,2/sw2455,2455,108,qo,A,71,3,"Where do you think this is going in the future,  /","Where/WRB do/VBP  [ you/PRP ] think/VB  [ this/DT ] is/VBZ going/VBG in/IN  [ the/DT future/NN ] ,/,","(SBARQ (WHADVP-1 (WRB Where)) (SQ (VBP do) (NP-SBJ (PRP you)) (VP (VB think) (SBAR (-NONE- 0) (S (NP-SBJ (DT this)) (VP (VBZ is) (VP (VBG going) (ADVP-DIR (-NONE- *T*-1)) (PP-TMP (IN in) (NP (DT the) (NN future))))))))) (, ,) (-DFL- E_S))",172
sw05utt/sw_0532_2455.utt,2/sw2455,2455,109,qy,A,71,4,"{E I mean, } do you think things are going to change,  /","[ I/PRP ] mean/VBP ,/, do/VBP  [ you/PRP ] think/VB  [ things/NNS ] are/VBP going/VBG to/TO change/VB ,/,","(SQ (PRN (S (NP-SBJ (PRP I)) (VP (VBP mean))) (, ,)) (VBP do) (NP-SBJ (PRP you)) (VP (VB think) (SBAR (-NONE- 0) (S (NP-SBJ-1 (NNS things)) (VP (VBP are) (VP (VBG going) (S (NP-SBJ (-NONE- *-1)) (VP (TO to) (VP (VB change))))))))) (, ,) (-DFL- E_S))",173
sw05utt/sw_0532_2455.utt,2/sw2455,2455,110,qy,A,71,5,{C or } are we going to keep having to try to juggle all of this? /,or/CC are/VBP  [ we/PRP ] going/VBG to/TO keep/VB having/VBG to/TO try/VB to/TO juggle/VB  [ all/DT ] of/IN  [ this/DT ] ?/.,(SQ (CC or) (VBP are) (NP-SBJ-1 (PRP we)) (VP (VBG going) (S (NP-SBJ-2 (-NONE- *-1)) (VP (TO to) (VP (VB keep) (S (NP-SBJ-3 (-NONE- *-2)) (VP (VBG having) (S (NP-SBJ-4 (-NONE- *-3)) (VP (TO to) (VP (VB try) (S (NP-SBJ (-NONE- *-4)) (VP (TO to) (VP (VB juggle) (NP (NP (DT all)) (PP (IN of) (NP (DT this)))))))))))))))) (. ?) (-DFL- E_S)),174
sw05utt/sw_0532_2455.utt,2/sw2455,2455,111,no,B,72,1,"{D Well, } [ I, + I ] hope that they will change {F uh, }  /","Well/UH ,/,  [ I/PRP ] ,/,  [ I/PRP ] hope/VBP that/IN  [ they/PRP ] will/MD change/VB  [ uh/UH ] ,/,","(S (INTJ (UH Well)) (, ,) (EDITED (RM (-DFL- \[)) (NP-SBJ (PRP I)) (, ,) (IP (-DFL- \+))) (NP-SBJ (PRP I)) (RS (-DFL- \])) (VP (VBP hope) (SBAR (IN that) (S (NP-SBJ (PRP they)) (VP (MD will) (VP (VB change))))) (INTJ (UH uh))) (, ,) (-DFL- E_S))",176
sw05utt/sw_0532_2455.utt,2/sw2455,2455,112,%,B,72,2,"[ {C but, } +  {C but } ] I'm, - /","but/CC ,/, but/CC  [ I/PRP ] 'm/VBP ,/,","(S (EDITED (RM (-DFL- \[)) (CC but) (, ,) (IP (-DFL- \+))) (CC but) (RS (-DFL- \])) (NP-SBJ (PRP I)) (VP-UNF (VBP 'm)) (, ,) (-DFL- N_S))",177
sw05utt/sw_0532_2455.utt,2/sw2455,2455,113,%,B,72,3,"I  just, - /","[ I/PRP ] just/RB ,/,","(S-UNF (NP-SBJ (PRP I)) (ADVP (RB just)) (, ,) (-DFL- N_S))",178
sw05utt/sw_0532_2455.utt,2/sw2455,2455,114,sv,B,72,4,I know it's going to be a slow change.   /,[ I/PRP ] know/VBP  [ it/PRP ] 's/BES going/VBG to/TO be/VB  [ a/DT slow/JJ change/NN ] ./.,(S (NP-SBJ (PRP I)) (VP (VBP know) (SBAR (-NONE- 0) (S (NP-SBJ-1 (PRP it)) (VP (BES 's) (VP (VBG going) (S (NP-SBJ (-NONE- *-1)) (VP (TO to) (VP (VB be) (NP-PRD (DT a) (JJ slow) (NN change)))))))))) (. .) (-DFL- E_S)),179
sw05utt/sw_0532_2455.utt,2/sw2455,2455,115,sv,B,72,5,"{F Uh, }  [ I, +    I  ] feel as though a lot of people are going back to just having a one wage earner.  /","[ Uh/UH ] ,/,  [ I/PRP ] ,/,  [ I/PRP ] feel/VBP as/IN though/IN  [ a/DT lot/NN ] of/IN  [ people/NNS ] are/VBP going/VBG back/RB to/IN just/RB having/VBG  [ a/DT one/CD wage/NN earner/NN ] ./.","(S (INTJ (UH Uh)) (, ,) (EDITED (RM (-DFL- \[)) (NP-SBJ (PRP I)) (, ,) (IP (-DFL- \+))) (NP-SBJ (PRP I)) (RS (-DFL- \])) (VP (VBP feel) (SBAR (IN as) (IN though) (S (NP-SBJ-1 (NP (DT a) (NN lot)) (PP (IN of) (NP (NNS people)))) (VP (VBP are) (VP (VBG going) (ADVP (RB back)) (PP (IN to) (S-NOM (NP-SBJ (-NONE- *-1)) (ADVP (RB just)) (VP (VBG having) (NP (DT a) (CD one) (NN wage) (NN earner)))))))))) (. .) (-DFL- E_S))",180
sw05utt/sw_0532_2455.utt,2/sw2455,2455,116,sd,B,72,6,{E I mean } I'm just thinking of my circle of people that I know.  /,[ I/PRP ] mean/VBP  [ I/PRP ] 'm/VBP just/RB thinking/VBG of/IN  [ my/PRP$ circle/NN ] of/IN  [ people/NNS ] that/WDT  [ I/PRP ] know/VBP ./.,(S (PRN (S (NP-SBJ (PRP I)) (VP (VBP mean)))) (NP-SBJ (PRP I)) (VP (VBP 'm) (ADVP (RB just)) (VP (VBG thinking) (PP (IN of) (NP (NP (PRP$ my) (NN circle)) (PP (IN of) (NP (NP (NNS people)) (SBAR (WHNP-1 (WDT that)) (S (NP-SBJ (PRP I)) (VP (VBP know) (NP (-NONE- *T*-1))))))))))) (. .) (-DFL- E_S)),181
sw05utt/sw_0532_2455.utt,2/sw2455,2455,117,sd,B,72,7,"I know quite a few people who have decided to not have [ [ [ both, + both,  ] + both,  ]  {F uh, } couples, + {D you know, } both,  ] {F uh, } of the parents work. /","[ I/PRP ] know/VBP quite/RB  [ a/DT few/JJ people/NNS ] [ who/WP ] have/VBP decided/VBN to/TO not/RB have/VB  [ both/DT ] ,/,  [ both/DT ] ,/,  [ both/DT ] ,/,  [ uh/UH ] ,/,  [ couples/NNS ] ,/,  [ you/PRP ] know/VBP ,/,  [ both/DT ] ,/,  [ uh/UH ] ,/, of/IN  [ the/DT parents/NNS work/VBP ] ./.","(S (NP-SBJ (PRP I)) (VP (VBP know) (NP (NP (RB quite) (DT a) (JJ few) (NNS people)) (SBAR (WHNP-1 (WP who)) (S (NP-SBJ-2 (-NONE- *T*-1)) (VP (VBP have) (VP (VBN decided) (S (NP-SBJ (-NONE- *-2)) (VP (TO to) (RB not) (VP (VB have) (S (EDITED (RM (-DFL- \[)) (EDITED (RM (-DFL- \[)) (EDITED (RM (-DFL- \[)) (NP-SBJ-UNF (DT both)) (, ,) (IP (-DFL- \+))) (NP-SBJ-UNF (DT both)) (, ,) (RS (-DFL- \])) (IP (-DFL- \+))) (NP-SBJ (DT both) (, ,) (RS (-DFL- \])) (INTJ (UH uh)) (, ,) (NNS couples)) (, ,) (IP (-DFL- \+))) (PRN (S (NP-SBJ (PRP you)) (VP (VBP know))) (, ,)) (NP-SBJ (NP (DT both)) (, ,) (RS (-DFL- \])) (INTJ (UH uh)) (, ,) (PP (IN of) (NP (DT the) (NNS parents)))) (VP (VBP work)))))))))))) (. .) (-DFL- E_S))",182
sw05utt/sw_0532_2455.utt,2/sw2455,2455,118,b,A,73,1,Yeah. /,Yeah/UH ./.,(INTJ (UH Yeah) (. .) (-DFL- E_S)),162
sw05utt/sw_0532_2455.utt,2/sw2455,2455,119,%,B,74,1,"{C And } yet, {F uh, } [ I, + I ] we-, - /","And/CC yet/RB ,/,  [ uh/UH ] ,/,  [ I/PRP ] ,/,  [ I/PRP we-/XX ] ,/,","(S-UNF (CONJP (CC And) (RB yet)) (, ,) (INTJ (UH uh)) (, ,) (EDITED (RM (-DFL- \[)) (NP-SBJ (PRP I)) (, ,) (IP (-DFL- \+))) (NP-SBJ (PRP I)) (RS (-DFL- \])) (X (XX we-)) (, ,) (-DFL- N_S))",186
sw05utt/sw_0532_2455.utt,2/sw2455,2455,120,sd,B,74,2,"I hope to see employer based, {D you know, } helping out.","[ I/PRP ] hope/VBP to/TO see/VB  [ employer/NN ] based/VBN ,/,  [ you/PRP ] know/VBP ,/, helping/VBG out/RP ./.","(S (NP-SBJ-1 (PRP I)) (VP (VBP hope) (S (NP-SBJ (-NONE- *-1)) (VP (TO to) (VP (VB see) (NP (NP (ADJP (NN employer) (VBN based)) (PRN (, ,) (S (NP-SBJ (PRP you)) (VP (VBP know))) (, ,)) (VBG helping) (RP out)) (PRN (. .) (S (NP-SBJ (PRP You)) (VP (VBP know))) (, ,)) (NP (NP (NN child) (, ,) (INTJ (UH uh)) (, ,) (NN care) (NNS centers)) (PP-LOC (IN at) (NP (NP (DT the) (NN place)) (PP (IN of) (NP (NN employment)))))) (EDITED (RM (-DFL- \[)) (CC and) (, ,) (IP (-DFL- \+))) (CC and) (RS (-DFL- \])) (NP (NP (NNS things)) (PP (IN like) (NP (DT that))) (, ,) (SBAR (WHNP-2 (WDT that)) (S (NP-SBJ (-NONE- *T*-2)) (VP (MD will) (VP (VB help) (PRT (RP out)))))))))))) (. .) (-DFL- E_S))",187
sw05utt/sw_0532_2455.utt,2/sw2455,2455,121,b,A,75,1,Uh-huh. /,[ Uh-huh/UH ] ./.,(INTJ (UH Uh-huh) (. .) (-DFL- E_S)),158
sw05utt/sw_0532_2455.utt,2/sw2455,2455,122,+,B,76,1,"{D You know, } child, {F uh, } care centers at the place of employment [ and, + and  ]  things like that, that will help out.  /","[ You/PRP ] know/VBP ,/,  [ child/NN ] ,/,  [ uh/UH ] ,/,  [ care/NN centers/NNS ] at/IN  [ the/DT place/NN ] of/IN  [ employment/NN ] and/CC ,/, and/CC  [ things/NNS ] like/IN  [ that/DT ] ,/,  [ that/WDT ] will/MD help/VB out/RP ./.","(S (NP-SBJ-1 (PRP I)) (VP (VBP hope) (S (NP-SBJ (-NONE- *-1)) (VP (TO to) (VP (VB see) (NP (NP (ADJP (NN employer) (VBN based)) (PRN (, ,) (S (NP-SBJ (PRP you)) (VP (VBP know))) (, ,)) (VBG helping) (RP out)) (PRN (. .) (S (NP-SBJ (PRP You)) (VP (VBP know))) (, ,)) (NP (NP (NN child) (, ,) (INTJ (UH uh)) (, ,) (NN care) (NNS centers)) (PP-LOC (IN at) (NP (NP (DT the) (NN place)) (PP (IN of) (NP (NN employment)))))) (EDITED (RM (-DFL- \[)) (CC and) (, ,) (IP (-DFL- \+))) (CC and) (RS (-DFL- \])) (NP (NP (NNS things)) (PP (IN like) (NP (DT that))) (, ,) (SBAR (WHNP-2 (WDT that)) (S (NP-SBJ (-NONE- *T*-2)) (VP (MD will) (VP (VB help) (PRT (RP out)))))))))))) (. .) (-DFL- E_S))",187
sw05utt/sw_0532_2455.utt,2/sw2455,2455,123,qo,B,76,2,"What do you think,  /","[ What/WP ] do/VBP  [ you/PRP ] think/VB ,/,","(SBARQ (WHNP-1 (WP What)) (SQ (VBP do) (NP-SBJ (PRP you)) (VP (VB think) (NP (-NONE- *T*-1)))) (, ,) (-DFL- E_S))",191
sw05utt/sw_0532_2455.utt,2/sw2455,2455,124,qy,B,76,3,"do you think we are,","do/VBP  [ you/PRP ] think/VB  [ we/PRP ] are/VBP ,/,","(SQ (VBP do) (NP-SBJ (PRP you)) (VP (VB think) (SBAR (-NONE- 0) (S (NP-SBJ (PRP we)) (VP (VBP are) (, ,) (VP (VBG setting) (NP (DT a) (NN trend))))))) (. ?) (-DFL- E_S))",192
sw05utt/sw_0532_2455.utt,2/sw2455,2455,125,sd,A,77,1,"I don't, -/","[ I/PRP ] do/VBP n't/RB ,/,","(S (NP-SBJ (PRP I)) (VP-UNF (VBP do) (RB n't)) (, ,) (-DFL- N_S))",194
sw05utt/sw_0532_2455.utt,2/sw2455,2455,126,+,B,78,1,setting a trend? /,setting/VBG  [ a/DT trend/NN ] ?/.,"(SQ (VBP do) (NP-SBJ (PRP you)) (VP (VB think) (SBAR (-NONE- 0) (S (NP-SBJ (PRP we)) (VP (VBP are) (, ,) (VP (VBG setting) (NP (DT a) (NN trend))))))) (. ?) (-DFL- E_S))",192
sw05utt/sw_0532_2455.utt,2/sw2455,2455,127,ny,A,79,1,"yeah,  /","yeah/UH ,/,","(INTJ (UH yeah) (, ,) (-DFL- E_S))",197
sw05utt/sw_0532_2455.utt,2/sw2455,2455,128,sd^e,A,79,2,"[ I, + {D well } I  ] see,  {E I think } some people wanting to stay home more and take care of the children. /","[ I/PRP ] ,/, well/UH  [ I/PRP ] see/VBP ,/,  [ I/PRP ] think/VBP  [ some/DT people/NNS ] wanting/VBG to/TO stay/VB  [ home/RB ] more/RBR and/CC take/VB care/VB of/IN  [ the/DT children/NNS ] ./.","(S-2 (EDITED (RM (-DFL- \[)) (NP-SBJ (PRP I)) (, ,) (IP (-DFL- \+))) (INTJ (UH well)) (NP-SBJ (PRP I)) (RS (-DFL- \])) (VP (VBP see) (PRN (, ,) (S (NP-SBJ (PRP I)) (VP (VBP think) (SBAR (-NONE- 0) (S (-NONE- *T*-2)))))) (S (NP-SBJ-1 (DT some) (NNS people)) (VP (VBG wanting) (S (NP-SBJ (-NONE- *-1)) (VP (TO to) (VP (VP (VB stay) (ADVP-LOC (RB home)) (ADVP (RBR more))) (CC and) (VP (VB take) (NP (VB care)) (PP (IN of) (NP (DT the) (NNS children)))))))))) (. .) (-DFL- E_S))",198
sw05utt/sw_0532_2455.utt,2/sw2455,2455,129,b,B,80,1,Uh-huh. /,[ Uh-huh/UH ] ./.,(INTJ (UH Uh-huh) (. .) (-DFL- E_S)),189
sw05utt/sw_0532_2455.utt,2/sw2455,2455,130,sv,A,81,1,"{F Uh, } {C and } even those who may not do it seem to be spending more time with their kids and really trying harder at making all of [ the, + the ] family things work. /","[ Uh/UH ] ,/, and/CC even/RB  [ those/DT ] [ who/WP ] may/MD not/RB do/VB  [ it/PRP ] seem/VBP to/TO be/VB spending/VBG  [ more/JJR time/NN ] with/IN  [ their/PRP$ kids/NNS ] and/CC really/RB trying/VBG harder/RB at/IN making/VBG  [ all/DT ] of/IN  [ the/DT ] ,/,  [ the/DT family/NN things/NNS ] work/VBP ./.","(S (INTJ (UH Uh)) (, ,) (CC and) (NP-SBJ-2 (NP (ADVP (RB even)) (DT those)) (SBAR (WHNP-1 (WP who)) (S (NP-SBJ (-NONE- *T*-1)) (VP (MD may) (RB not) (VP (VB do) (NP (PRP it))))))) (VP (VBP seem) (S (NP-SBJ-3 (-NONE- *-2)) (VP (TO to) (VP (VB be) (VP (VP (VBG spending) (NP (JJR more) (NN time)) (PP (IN with) (NP (PRP$ their) (NNS kids)))) (CC and) (ADVP (RB really)) (VP (VBG trying) (ADVP (RB harder)) (PP (IN at) (S-NOM (NP-SBJ (-NONE- *-3)) (VP (VBG making) (S (NP-SBJ (NP (DT all)) (PP (IN of) (EDITED (RM (-DFL- \[)) (NP-UNF (DT the)) (, ,) (IP (-DFL- \+))) (NP (DT the) (RS (-DFL- \])) (NN family) (NNS things)))) (VP (VBP work)))))))))))) (. .) (-DFL- E_S))",202
sw05utt/sw_0532_2455.utt,2/sw2455,2455,131,b,B,82,1,Right. /,[ Right/UH ] ./.,(INTJ (UH Right) (. .) (-DFL- E_S)),204
sw05utt/sw_0532_2455.utt,2/sw2455,2455,132,sv,A,83,1,"{F Uh, } {C but } I don't know if they're going to ever give up their careers,  {D you know. }  /","[ Uh/UH ] ,/, but/CC  [ I/PRP ] do/VBP n't/RB know/VB if/IN  [ they/PRP ] 're/VBP going/VBG to/TO ever/RB give/VB up/RP  [ their/PRP$ careers/NNS ] ,/,  [ you/PRP ] know/VBP ./.","(S (INTJ (UH Uh)) (, ,) (CC but) (NP-SBJ (PRP I)) (VP (VBP do) (RB n't) (VP (VB know) (SBAR (IN if) (S (NP-SBJ-1 (PRP they)) (VP (VBP 're) (VP (VBG going) (S (NP-SBJ (-NONE- *-1)) (VP (TO to) (ADVP-TMP (RB ever)) (VP (VB give) (PRT (RP up)) (NP (PRP$ their) (NNS careers))))))))) (PRN (, ,) (S (NP-SBJ (PRP you)) (VP (VBP know)))))) (. .) (-DFL- E_S))",206
sw05utt/sw_0532_2455.utt,2/sw2455,2455,133,sv,A,83,2,"It's sort of like they went to school and they worked so hard to get where they are,  /","[ It/PRP ] [ 's/BES sort/RB ] of/RB like/IN  [ they/PRP ] went/VBD to/IN  [ school/NN ] and/CC  [ they/PRP ] worked/VBD so/RB hard/RB to/TO get/VB where/WRB  [ they/PRP ] are/VBP ,/,","(S (NP-SBJ (PRP It)) (VP (BES 's) (ADVP (RB sort) (RB of)) (SBAR-PRD (IN like) (S (S (NP-SBJ (PRP they)) (VP (VBD went) (PP (IN to) (NP (NN school))))) (CC and) (S (NP-SBJ-1 (PRP they)) (VP (VBD worked) (ADVP (RB so) (RB hard)) (S-PRP (NP-SBJ (-NONE- *-1)) (VP (TO to) (VP (VB get) (SBAR-LOC (WHADVP-2 (WRB where)) (S (NP-SBJ (PRP they)) (VP (VBP are) (ADVP-LOC-PRD (-NONE- *T*-2))))))))))))) (, ,) (-DFL- E_S))",207
sw05utt/sw_0532_2455.utt,2/sw2455,2455,134,sv,A,83,3,I don't know if they want to completely give that up. /,[ I/PRP ] do/VBP n't/RB know/VB if/IN  [ they/PRP ] want/VBP to/TO completely/RB give/VB  [ that/DT ] up/RP ./.,(S (NP-SBJ (PRP I)) (VP (VBP do) (RB n't) (VP (VB know) (SBAR (IN if) (S (NP-SBJ-1 (PRP they)) (VP (VBP want) (S (NP-SBJ (-NONE- *-1)) (VP (TO to) (ADVP (RB completely)) (VP (VB give) (NP (DT that)) (PRT (RP up)))))))))) (. .) (-DFL- E_S)),208
sw05utt/sw_0532_2455.utt,2/sw2455,2455,135,aa,B,84,1,"Right,  /","Right/UH ,/,","(INTJ (UH Right) (, ,) (-DFL- E_S))",210
sw05utt/sw_0532_2455.utt,2/sw2455,2455,136,sv,B,84,2,it's a very personal thing. /,[ it/PRP ] 's/BES  [ a/DT very/RB personal/JJ thing/NN ] ./.,(S (NP-SBJ (PRP it)) (VP (BES 's) (NP-PRD (DT a) (ADJP (RB very) (JJ personal)) (NN thing))) (. .) (-DFL- E_S)),211
sw05utt/sw_0532_2455.utt,2/sw2455,2455,137,sv,A,85,1,"{C But, } it would be nice if there could be an in-between, a middle ground somewhere. /","But/CC ,/,  [ it/PRP ] would/MD be/VB nice/JJ if/IN  [ there/EX ] could/MD be/VB  [ an/DT ] in-between/NN ,/,  [ a/DT middle/JJ ground/NN ] somewhere/RB ./.","(S (CC But) (, ,) (NP-SBJ (PRP it)) (VP (MD would) (VP (VB be) (ADJP-PRD (JJ nice)) (SBAR-ADV (IN if) (S (NP-SBJ (EX there)) (VP (MD could) (VP (VB be) (NP-PRD (NP (DT an) (NN in-between)) (, ,) (NP (DT a) (JJ middle) (NN ground))) (ADVP-LOC (RB somewhere)))))))) (. .) (-DFL- E_S))",213
sw05utt/sw_0532_2455.utt,2/sw2455,2455,138,b,B,86,1,Yeah.  /,Yeah/UH ./.,(INTJ (UH Yeah) (. .) (-DFL- E_S)),215
sw05utt/sw_0532_2455.utt,2/sw2455,2455,139,sd,B,86,2,"I think it's hard though when you talk [ about, + about ] families   [ and, +  and  ] raising children  /","[ I/PRP ] think/VBP  [ it/PRP ] 's/BES hard/JJ though/RB when/WRB  [ you/PRP ] talk/VBP about/IN ,/, about/IN  [ families/NNS ] and/CC ,/, and/CC  [ raising/VBG children/NNS ]","(S (NP-SBJ (PRP I)) (VP (VBP think) (SBAR (-NONE- 0) (S (NP-SBJ (PRP it)) (VP (BES 's) (ADJP-PRD (JJ hard)) (ADVP (RB though)) (SBAR-TMP (WHADVP-1 (WRB when)) (S (NP-SBJ (PRP you)) (VP (VBP talk) (EDITED (RM (-DFL- \[)) (PP-UNF (IN about)) (, ,) (IP (-DFL- \+))) (PP (IN about) (RS (-DFL- \])) (NP (NP (NNS families)) (EDITED (RM (-DFL- \[)) (CC and) (, ,) (IP (-DFL- \+))) (CC and) (RS (-DFL- \])) (S-NOM (NP-SBJ (-NONE- *)) (VP (VBG raising) (NP (NNS children)))))) (ADVP-TMP (-NONE- *T*-1))))))))) (-DFL- E_S))",216
sw05utt/sw_0532_2455.utt,2/sw2455,2455,140,sv,B,86,3,"{C because } [ ch-, + I think children  ] have a hard time understanding a middle ground.  /","because/IN  [ ch-/NNS ] ,/,  [ I/PRP ] think/VBP  [ children/NNS ] have/VBP  [ a/DT hard/JJ time/NN ] understanding/VBG  [ a/DT middle/JJ ground/NN ] ./.","(SBAR-PRP (IN because) (S (EDITED (RM (-DFL- \[)) (NP-SBJ-UNF (NNS ch-)) (, ,) (IP (-DFL- \+))) (NP-SBJ (PRP I)) (VP (VBP think) (SBAR (-NONE- 0) (S (NP-SBJ-1 (NNS children)) (RS (-DFL- \])) (VP (VBP have) (NP (DT a) (JJ hard) (NN time)) (S-ADV (NP-SBJ (-NONE- *-1)) (VP (VBG understanding) (NP (DT a) (JJ middle) (NN ground))))))))) (. .) (-DFL- E_S))",217
sw05utt/sw_0532_2455.utt,2/sw2455,2455,141,sv,B,86,4,"I think [ they, + {F uh, } they ] need security  /","[ I/PRP ] think/VBP  [ they/PRP ] ,/,  [ uh/UH ] ,/,  [ they/PRP ] need/VBP  [ security/NN ]","(S (NP-SBJ (PRP I)) (VP (VBP think) (SBAR (-NONE- 0) (S (EDITED (RM (-DFL- \[)) (NP-SBJ (PRP they)) (, ,) (IP (-DFL- \+))) (INTJ (UH uh)) (, ,) (NP-SBJ (PRP they)) (RS (-DFL- \])) (VP (VBP need) (NP (NN security)))))) (-DFL- E_S))",218
sw05utt/sw_0532_2455.utt,2/sw2455,2455,142,%,B,86,5,"{C and } yet they, - /","and/CC yet/RB  [ they/PRP ] ,/,","(S-UNF (CONJP (CC and) (RB yet)) (NP-SBJ (PRP they)) (, ,) (-DFL- N_S))",219
sw05utt/sw_0532_2455.utt,2/sw2455,2455,143,h,B,86,6,"I don't know,  /","[ I/PRP ] do/VBP n't/RB know/VB ,/,","(S (NP-SBJ (PRP I)) (VP (VBP do) (RB n't) (VP (VB know))) (, ,) (-DFL- E_S))",220
sw05utt/sw_0532_2455.utt,2/sw2455,2455,144,%,B,86,7,"I, - /","[ I/PRP ] ,/,","(S-UNF (NP-SBJ (PRP I)) (, ,) (-DFL- N_S))",221
sw05utt/sw_0532_2455.utt,2/sw2455,2455,145,sd,B,86,8,"from speaking from my children, [ the-, + they ] aren't real flexible <laughter> when it comes to things like that. /","from/IN speaking/VBG from/IN  [ my/PRP$ children/NNS ] ,/, the-/XX ,/,  [ they/PRP ] are/VBP n't/RB real/RB flexible/JJ when/WRB  [ it/PRP ] comes/VBZ to/IN  [ things/NNS ] like/IN  [ that/DT ] ./.","(S (EDITED (PP-UNF (IN from))) (S-ADV (NP-SBJ (-NONE- *)) (VP (VBG speaking) (PP (IN from) (NP (PRP$ my) (NNS children))))) (, ,) (EDITED (RM (-DFL- \[)) (NP-SBJ-UNF (XX the-)) (, ,) (IP (-DFL- \+))) (NP-SBJ (PRP they)) (RS (-DFL- \])) (VP (VBP are) (RB n't) (ADJP-PRD (RB real) (JJ flexible)) (SBAR-TMP (WHADVP-1 (WRB when)) (S (NP-SBJ (PRP it)) (VP (VBZ comes) (PP (IN to) (NP (NP (NNS things)) (PP (IN like) (NP (DT that))))) (ADVP-TMP (-NONE- *T*-1)))))) (. .) (-DFL- E_S))",222
sw05utt/sw_0532_2455.utt,2/sw2455,2455,146,b,A,87,1,Yeah. /,Yeah/UH ./.,(INTJ (UH Yeah) (. .) (-DFL- E_S)),215
sw05utt/sw_0532_2455.utt,2/sw2455,2455,147,sv,B,88,1,"[ They, + {F uh, } they ] want to know things are going to be a certain way. /","[ They/PRP ] ,/,  [ uh/UH ] ,/,  [ they/PRP ] want/VBP to/TO know/VB  [ things/NNS ] are/VBP going/VBG to/TO be/VB  [ a/DT certain/JJ way/NN ] ./.","(S (EDITED (RM (-DFL- \[)) (NP-SBJ (PRP They)) (, ,) (IP (-DFL- \+))) (INTJ (UH uh)) (, ,) (NP-SBJ-1 (PRP they)) (RS (-DFL- \])) (VP (VBP want) (S (NP-SBJ (-NONE- *-1)) (VP (TO to) (VP (VB know) (SBAR (-NONE- 0) (S (NP-SBJ-2 (NNS things)) (VP (VBP are) (VP (VBG going) (S (NP-SBJ (-NONE- *-2)) (VP (TO to) (VP (VB be) (NP-MNR-PRD (DT a) (JJ certain) (NN way))))))))))))) (. .) (-DFL- E_S))",226
sw05utt/sw_0532_2455.utt,2/sw2455,2455,148,aa,A,89,1,"{D Well, } yeah,  /","Well/UH ,/, yeah/UH ,/,","(INTJ (INTJ (UH Well)) (, ,) (INTJ (UH yeah)) (, ,) (-DFL- E_S))",228
sw05utt/sw_0532_2455.utt,2/sw2455,2455,149,sv,A,89,2,"I think [ they, + they  ] like a routine of sorts. /","[ I/PRP ] think/VBP  [ they/PRP ] ,/,  [ they/PRP ] like/VBP  [ a/DT routine/NN ] of/IN  [ sorts/NNS ] ./.","(S (NP-SBJ (PRP I)) (VP (VBP think) (SBAR (-NONE- 0) (S (EDITED (RM (-DFL- \[)) (NP-SBJ (PRP they)) (, ,) (IP (-DFL- \+))) (NP-SBJ (PRP they)) (RS (-DFL- \])) (VP (VBP like) (NP (NP (DT a) (NN routine)) (PP (IN of) (NP (NNS sorts)))))))) (. .) (-DFL- E_S))",229
sw05utt/sw_0532_2455.utt,2/sw2455,2455,150,b,B,90,1,"Uh-huh,  /","[ Uh-huh/UH ] ,/,","(INTJ (UH Uh-huh) (, ,) (-DFL- E_S))",231
sw05utt/sw_0532_2455.utt,2/sw2455,2455,151,aa,B,90,2,right.  /,right/UH ./.,(INTJ (UH right) (. .) (-DFL- E_S)),232
sw05utt/sw_0532_2455.utt,2/sw2455,2455,152,h,B,90,3,"{D Well, } we will see.  /","Well/UH ,/,  [ we/PRP ] will/MD see/VB ./.","(S (INTJ (UH Well)) (, ,) (NP-SBJ (PRP we)) (VP (MD will) (VP (VB see))) (. .) (-DFL- E_S))",233
sw05utt/sw_0532_2455.utt,2/sw2455,2455,153,sd,B,90,4,"[ I, + I'm ] hoping  to see more female leadership in our society. /","[ I/PRP ] ,/,  [ I/PRP ] 'm/VBP hoping/VBG to/TO see/VB  [ more/JJR female/JJ leadership/NN ] in/IN  [ our/PRP$ society/NN ] ./.","(S (EDITED (RM (-DFL- \[)) (NP-SBJ (PRP I)) (, ,) (IP (-DFL- \+))) (NP-SBJ-1 (PRP I)) (VP (VBP 'm) (RS (-DFL- \])) (VP (VBG hoping) (S (NP-SBJ (-NONE- *-1)) (VP (TO to) (VP (VB see) (NP (JJR more) (JJ female) (NN leadership)) (PP (IN in) (NP (PRP$ our) (NN society)))))))) (. .) (-DFL- E_S))",234
sw05utt/sw_0532_2455.utt,2/sw2455,2455,154,aa,A,91,1,"{D Well, } yes,  /","Well/UH ,/, yes/UH ,/,","(INTJ (INTJ (UH Well)) (, ,) (INTJ (UH yes)) (, ,) (-DFL- E_S))",236
sw05utt/sw_0532_2455.utt,2/sw2455,2455,155,sd,A,91,2,"[ I, + I ] like the fact that, {D you know, } gradually you're beginning to see women in public office and executive positions,  /","[ I/PRP ] ,/,  [ I/PRP ] like/VBP  [ the/DT fact/NN ] that/IN ,/,  [ you/PRP ] know/VBP ,/, gradually/RB  [ you/PRP ] 're/VBP beginning/VBG to/TO see/VB  [ women/NNS ] in/IN  [ public/JJ office/NN ] and/CC  [ executive/NN positions/NNS ] ,/,","(S (EDITED (RM (-DFL- \[)) (NP-SBJ (PRP I)) (, ,) (IP (-DFL- \+))) (NP-SBJ (PRP I)) (RS (-DFL- \])) (VP (VBP like) (NP (DT the) (NN fact) (SBAR (IN that) (PRN (, ,) (S (NP-SBJ (PRP you)) (VP (VBP know))) (, ,)) (S (ADVP-MNR (RB gradually)) (NP-SBJ-1 (PRP you)) (VP (VBP 're) (VP (VBG beginning) (S (NP-SBJ (-NONE- *-1)) (VP (TO to) (VP (VB see) (NP (NNS women)) (PP (IN in) (NP (NP (JJ public) (NN office)) (CC and) (NP (NN executive) (NNS positions))))))))))))) (, ,) (-DFL- E_S))",237
sw05utt/sw_0532_2455.utt,2/sw2455,2455,156,sv,A,91,3,{C but } it's still a long way from being what it ought to be. /,but/CC  [ it/PRP ] 's/BES still/RB  [ a/DT long/JJ way/NN ] from/IN being/VBG  [ what/WP ] [ it/PRP ] ought/MD to/TO be/VB ./.,(S (CC but) (NP-SBJ (PRP it)) (VP (BES 's) (ADVP-TMP (RB still)) (NP-PRD (NP (DT a) (JJ long) (NN way)) (PP (IN from) (S-NOM (NP-SBJ (-NONE- *)) (VP (VBG being) (SBAR-NOM-PRD (WHNP-2 (WP what)) (S (NP-SBJ-1 (PRP it)) (VP (MD ought) (S (NP-SBJ (-NONE- *-1)) (VP (TO to) (VP (VB be) (NP-PRD (-NONE- *T*-2))))))))))))) (. .) (-DFL- E_S)),238
sw05utt/sw_0532_2455.utt,2/sw2455,2455,157,aa,B,92,1,"{F Oh, } yes,  /","Oh/UH ,/, yes/UH ,/,","(INTJ (INTJ (UH Oh)) (, ,) (INTJ (UH yes)) (, ,) (-DFL- E_S))",240
sw05utt/sw_0532_2455.utt,2/sw2455,2455,158,sv,B,92,2,"[ the, + the ] numbers are still very skewed to say the least. /","[ the/DT ] ,/,  [ the/DT numbers/NNS ] are/VBP still/RB very/RB skewed/JJ to/TO say/VB  [ the/DT least/JJS ] ./.","(S (EDITED (RM (-DFL- \[)) (NP-SBJ-UNF (DT the)) (, ,) (IP (-DFL- \+))) (NP-SBJ (DT the) (RS (-DFL- \])) (NNS numbers)) (VP (VBP are) (ADVP-TMP (RB still)) (ADJP-PRD (RB very) (JJ skewed)) (S-ADV (NP-SBJ (-NONE- *)) (VP (TO to) (VP (VB say) (NP (DT the) (JJS least)))))) (. .) (-DFL- E_S))",241
sw05utt/sw_0532_2455.utt,2/sw2455,2455,159,b,A,93,1,Yeah.  /,Yeah/UH ./.,(INTJ (UH Yeah) (. .) (-DFL- E_S)),215
sw05utt/sw_0532_2455.utt,2/sw2455,2455,160,%,A,93,2,"Okay,  /","Okay/UH ,/,","(INTJ (UH Okay) (, ,) (-DFL- E_S))",244
sw05utt/sw_0532_2455.utt,2/sw2455,2455,161,fc,A,93,3,{D well } I enjoyed talking to you. /,well/UH  [ I/PRP ] enjoyed/VBD talking/VBG to/IN  [ you/PRP ] ./.,(S (INTJ (UH well)) (NP-SBJ-1 (PRP I)) (VP (VBD enjoyed) (S (NP-SBJ (-NONE- *-1)) (VP (VBG talking) (PP (IN to) (NP (PRP you)))))) (. .) (-DFL- E_S)),245
sw05utt/sw_0532_2455.utt,2/sw2455,2455,162,fc,B,94,1,"Okay,  /","Okay/UH ,/,","(INTJ (UH Okay) (, ,) (-DFL- E_S))",244
sw05utt/sw_0532_2455.utt,2/sw2455,2455,163,fc,B,94,2,you too Ellen. /,[ you/PRP ] too/RB Ellen/NNP ./.,(FRAG (NP (PRP you)) (ADVP (RB too)) (NP-VOC (NNP Ellen)) (. .) (-DFL- E_S)),248
sw05utt/sw_0532_2455.utt,2/sw2455,2455,164,fc,A,95,1,"All right, #  /","All/RB right/JJ ,/,","(INTJ (RB All) (JJ right) (, ,) (-DFL- E_S))",250
sw05utt/sw_0532_2455.utt,2/sw2455,2455,165,fc,A,95,2,good-bye. # /,[ good-bye/UH ] ./.,(INTJ (UH good-bye) (. .) (-DFL- E_S)),251
sw05utt/sw_0532_2455.utt,2/sw2455,2455,166,fc,B,96,1,# Bye-bye. # /,[ Bye-bye/UH ] ./.,(INTJ (UH Bye-bye) (. .) (-DFL- E_S)),253
