swda_filename,ptb_basename,conversation_no,transcript_index,act_tag,caller,utterance_index,subutterance_index,text,pos,trees,ptb_treenumbers
sw05utt/sw_0529_2324.utt,2/sw2324,2324,0,o,A,1,1,"Okay, {F uh, }  /","Okay/UH ,/,  [ uh/UH ] ,/,","(INTJ (INTJ (UH Okay)) (, ,) (INTJ (UH uh)) (, ,) (-DFL- E_S))",1
sw05utt/sw_0529_2324.utt,2/sw2324,2324,1,qo,A,1,2,"why do you think it, {F uh, } sounds, - /","why/WRB do/VBP  [ you/PRP ] think/VB  [ it/PRP ] ,/,  [ uh/UH ] ,/,  [ sounds/VBZ ] ,/,","(SBARQ (WHADVP (WRB why)) (SQ (VBP do) (NP-SBJ (PRP you)) (VP (VB think) (SBAR (-NONE- 0) (S (NP-SBJ (PRP it)) (, ,) (INTJ (UH uh)) (, ,) (VP-UNF (VBZ sounds)))))) (, ,) (-DFL- N_S))",2
sw05utt/sw_0529_2324.utt,2/sw2324,2324,2,qy,A,1,3,do you think we should adopt it? /,do/VBP  [ you/PRP ] think/VB  [ we/PRP ] should/MD adopt/VB  [ it/PRP ] ?/.,(SQ (VBP do) (NP-SBJ (PRP you)) (VP (VB think) (SBAR (-NONE- 0) (S (NP-SBJ (PRP we)) (VP (MD should) (VP (VB adopt) (NP (PRP it))))))) (. ?) (-DFL- E_S)),3
sw05utt/sw_0529_2324.utt,2/sw2324,2324,3,nn,B,2,1,"No,  /","No/UH ,/,","(INTJ (UH No) (, ,) (-DFL- E_S))",5
sw05utt/sw_0529_2324.utt,2/sw2324,2324,4,sd^e,B,2,2,I don't like metric system. /,[ I/PRP ] do/VBP n't/RB like/VB  [ metric/JJ system/NN ] ./.,(S (NP-SBJ (PRP I)) (VP (VBP do) (RB n't) (VP (VB like) (NP (JJ metric) (NN system)))) (. .) (-DFL- E_S)),6
sw05utt/sw_0529_2324.utt,2/sw2324,2324,5,qy,A,3,1,You don't? /,[ You/PRP ] do/VBP n't/RB ?/.,(S (NP-SBJ (PRP You)) (VP (VBP do) (RB n't)) (. ?) (-DFL- E_S)),8
sw05utt/sw_0529_2324.utt,2/sw2324,2324,6,sv,B,4,1,"[ [ I, + I, ] + I ] think the country [ is, + is, ] {F uh, }  too ingrained in the inches [ and, + and ]  just the general, {F uh, } background,  /","[ I/PRP ] ,/,  [ I/PRP ] ,/,  [ I/PRP ] think/VBP  [ the/DT country/NN ] is/VBZ ,/, is/VBZ ,/,  [ uh/UH ] ,/, too/RB ingrained/JJ in/IN  [ the/DT inches/NNS ] and/CC ,/, and/CC just/RB  [ the/DT general/JJ ] ,/,  [ uh/UH ] ,/,  [ background/NN ] ,/,","(S (EDITED (RM (-DFL- \[)) (EDITED (RM (-DFL- \[)) (NP-SBJ (PRP I)) (, ,) (IP (-DFL- \+))) (NP-SBJ (PRP I)) (, ,) (RS (-DFL- \])) (IP (-DFL- \+))) (NP-SBJ (PRP I)) (RS (-DFL- \])) (VP (VBP think) (SBAR (-NONE- 0) (S (NP-SBJ (DT the) (NN country)) (EDITED (RM (-DFL- \[)) (VP-UNF (VBZ is)) (, ,) (IP (-DFL- \+))) (VP (VBZ is) (, ,) (RS (-DFL- \])) (INTJ (UH uh)) (, ,) (ADJP-PRD (RB too) (JJ ingrained) (PP (IN in) (NP (NP (DT the) (NNS inches)) (EDITED (RM (-DFL- \[)) (CC and) (, ,) (IP (-DFL- \+)) (CC and)) (RS (-DFL- \])) (NP (RB just) (DT the) (JJ general) (, ,) (INTJ (UH uh)) (, ,) (NN background))))))))) (, ,) (-DFL- E_S))",10
sw05utt/sw_0529_2324.utt,2/sw2324,2324,7,sv,B,4,2,the history of our country has been inches  /,[ the/DT history/NN ] of/IN  [ our/PRP$ country/NN ] has/VBZ been/VBN  [ inches/NNS ],(S (NP-SBJ (NP (DT the) (NN history)) (PP (IN of) (NP (PRP$ our) (NN country)))) (VP (VBZ has) (VP (VBN been) (NP-PRD (NNS inches)))) (-DFL- E_S)),11
sw05utt/sw_0529_2324.utt,2/sw2324,2324,8,sv,B,4,3,{C and } I don't think there's a big advantage in going to the metric system. /,and/CC  [ I/PRP ] do/VBP n't/RB think/VB  [ there/EX ] 's/BES  [ a/DT big/JJ advantage/NN ] in/IN going/VBG to/IN  [ the/DT metric/JJ system/NN ] ./.,(S (CC and) (NP-SBJ (PRP I)) (VP (VBP do) (RB n't) (VP (VB think) (SBAR (-NONE- 0) (S (NP-SBJ (EX there)) (VP (BES 's) (NP-PRD (NP (DT a) (JJ big) (NN advantage)) (PP (IN in) (S-NOM (NP-SBJ (-NONE- *)) (VP (VBG going) (PP (IN to) (NP (DT the) (JJ metric) (NN system)))))))))))) (. .) (-DFL- E_S)),12
sw05utt/sw_0529_2324.utt,2/sw2324,2324,9,b,A,5,1,Uh-huh. /,[ Uh-huh/UH ] ./.,(INTJ (UH Uh-huh) (. .) (-DFL- E_S)),14
sw05utt/sw_0529_2324.utt,2/sw2324,2324,10,sv,B,6,1,"[ It, + it's  ] going to disorient and confuse a lot of people for years and years  /","[ It/PRP ] ,/,  [ it/PRP ] 's/BES going/VBG to/TO disorient/VB and/CC confuse/VB  [ a/DT lot/NN ] of/IN  [ people/NNS ] for/IN  [ years/NNS ] and/CC  [ years/NNS ]","(S (EDITED (RM (-DFL- \[)) (NP-SBJ (PRP It)) (, ,) (IP (-DFL- \+))) (NP-SBJ-1 (PRP it)) (VP (BES 's) (RS (-DFL- \])) (VP (VBG going) (S (NP-SBJ (-NONE- *-1)) (VP (TO to) (VP (VB disorient) (CC and) (VB confuse) (NP (NP (DT a) (NN lot)) (PP (IN of) (NP (NNS people)))) (PP-TMP (IN for) (NP (NNS years) (CC and) (NNS years)))))))) (-DFL- E_S))",16
sw05utt/sw_0529_2324.utt,2/sw2324,2324,11,sv,B,6,2,"{C and } there are going to be people who die because of it because they don't understand, {F uh, } {D you know, } simple things from the amount of medicine they should take to how fast they can drive --","and/CC  [ there/EX ] are/VBP going/VBG to/TO be/VB  [ people/NNS ] [ who/WDT ] die/VBP because/IN of/IN  [ it/PRP ] because/IN  [ they/PRP ] do/VBP n't/RB understand/VB ,/, uh/UH ,/,  [ you/PRP ] know/VBP ,/,  [ simple/NN things/NNS ] from/IN  [ the/DT amount/NN ] of/IN  [ medicine/NN ] [ they/PRP ] should/MD take/VB to/TO how/WRB fast/RB  [ they/PRP ] can/MD drive/VB --/:","(S (CC and) (NP-SBJ-1 (EX there)) (VP (VBP are) (VP (VBG going) (S (NP-SBJ (-NONE- *-1)) (VP (TO to) (VP (VB be) (NP-PRD (NP (NNS people)) (SBAR (WHNP-2 (WDT who)) (S (NP-SBJ (-NONE- *T*-2)) (VP (VBP die) (PP-PRP (IN because) (IN of) (NP (PRP it))) (SBAR-PRP (IN because) (S (NP-SBJ (PRP they)) (VP (VBP do) (RB n't) (VP (VB understand) (, ,) (INTJ (UH uh)) (PRN (, ,) (S (NP-SBJ (PRP you)) (VP (VBP know))) (, ,)) (NP (NP (NN simple) (NNS things)) (PP (IN from) (NP (NP (DT the) (NN amount)) (PP (IN of) (NP (NN medicine))) (SBAR (WHNP-3 (-NONE- 0)) (S (NP-SBJ (PRP they)) (VP (MD should) (VP (VB take) (NP (-NONE- *T*-3)))))))) (PP (TO to) (SBAR (SBAR (WHADVP-4 (WRB how) (RB fast)) (S (NP-SBJ (PRP they)) (VP (MD can) (VP (VB drive) (ADVP (-NONE- *T*-4)))))) (CC and) (PRN (S (NP-SBJ (PRP you)) (VP (VBP know)))) (SBAR (WHADVP-5 (WHADVP (WRB how) (RB far)) (RB away)) (S (NP-SBJ (NN something)) (VP (VBZ is) (ADVP-LOC-PRD (-NONE- *T*-5))))))))))))))))))))) (-DFL- E_S))",17
sw05utt/sw_0529_2324.utt,2/sw2324,2324,12,b,A,7,1,Yeah. /,Yeah/UH ./.,(INTJ (UH Yeah) (. .) (-DFL- E_S)),19
sw05utt/sw_0529_2324.utt,2/sw2324,2324,13,+,B,8,1,-- and {D you know } how far away something is  /,--/: and/CC  [ you/PRP ] know/VBP how/WRB far/RB away/RB  [ something/NN ] is/VBZ,"(S (CC and) (NP-SBJ-1 (EX there)) (VP (VBP are) (VP (VBG going) (S (NP-SBJ (-NONE- *-1)) (VP (TO to) (VP (VB be) (NP-PRD (NP (NNS people)) (SBAR (WHNP-2 (WDT who)) (S (NP-SBJ (-NONE- *T*-2)) (VP (VBP die) (PP-PRP (IN because) (IN of) (NP (PRP it))) (SBAR-PRP (IN because) (S (NP-SBJ (PRP they)) (VP (VBP do) (RB n't) (VP (VB understand) (, ,) (INTJ (UH uh)) (PRN (, ,) (S (NP-SBJ (PRP you)) (VP (VBP know))) (, ,)) (NP (NP (NN simple) (NNS things)) (PP (IN from) (NP (NP (DT the) (NN amount)) (PP (IN of) (NP (NN medicine))) (SBAR (WHNP-3 (-NONE- 0)) (S (NP-SBJ (PRP they)) (VP (MD should) (VP (VB take) (NP (-NONE- *T*-3)))))))) (PP (TO to) (SBAR (SBAR (WHADVP-4 (WRB how) (RB fast)) (S (NP-SBJ (PRP they)) (VP (MD can) (VP (VB drive) (ADVP (-NONE- *T*-4)))))) (CC and) (PRN (S (NP-SBJ (PRP you)) (VP (VBP know)))) (SBAR (WHADVP-5 (WHADVP (WRB how) (RB far)) (RB away)) (S (NP-SBJ (NN something)) (VP (VBZ is) (ADVP-LOC-PRD (-NONE- *T*-5))))))))))))))))))))) (-DFL- E_S))",17
sw05utt/sw_0529_2324.utt,2/sw2324,2324,14,sv,B,8,2,"{C and } [ it's, + it's ] not in our national consciousness to do it.  /","and/CC  [ it/PRP ] 's/BES ,/,  [ it/PRP ] 's/BES not/RB in/IN  [ our/PRP$ national/JJ consciousness/NN ] to/TO do/VB  [ it/PRP ] ./.","(S (CC and) (EDITED (RM (-DFL- \[)) (S (NP-SBJ (PRP it)) (VP-UNF (BES 's))) (, ,) (IP (-DFL- \+))) (NP-SBJ (NP (PRP it)) (S (-NONE- *EXP*-1))) (VP (BES 's) (RS (-DFL- \])) (RB not) (PP-PRD (IN in) (NP (PRP$ our) (JJ national) (NN consciousness))) (S-1 (NP-SBJ (-NONE- *)) (VP (TO to) (VP (VB do) (NP (PRP it)))))) (. .) (-DFL- E_S))",21
sw05utt/sw_0529_2324.utt,2/sw2324,2324,15,sd,B,8,3,We've always measured things in the English system <noise> --,[ We/PRP ] 've/VBP always/RB measured/VBN  [ things/NNS ] in/IN  [ the/DT English/JJ system/NN ] --/:,"(S (NP-SBJ (PRP We)) (VP (VBP 've) (ADVP-TMP (RB always)) (VP (VP (VBN measured) (NP (NNS things)) (PP (IN in) (NP (DT the) (JJ English) (NN system)))) (CC and) (PRN (, ,) (S (NP-SBJ (PRP you)) (VP (VBP know))) (, ,)) (NP-ETC (NN everything)) (PRN (, ,) (S (NP-SBJ (PRP you)) (VP (VBP know)))))) (, ,) (-DFL- E_S))",22
sw05utt/sw_0529_2324.utt,2/sw2324,2324,16,b,A,9,1,Yeah. /,Yeah/UH ./.,(INTJ (UH Yeah) (. .) (-DFL- E_S)),19
sw05utt/sw_0529_2324.utt,2/sw2324,2324,17,+,B,10,1,"-- and, {D you know, } everything,  {D you know, }  /","--/: and/CC ,/,  [ you/PRP ] know/VBP ,/,  [ everything/NN ] ,/,  [ you/PRP ] know/VBP ,/,","(S (NP-SBJ (PRP We)) (VP (VBP 've) (ADVP-TMP (RB always)) (VP (VP (VBN measured) (NP (NNS things)) (PP (IN in) (NP (DT the) (JJ English) (NN system)))) (CC and) (PRN (, ,) (S (NP-SBJ (PRP you)) (VP (VBP know))) (, ,)) (NP-ETC (NN everything)) (PRN (, ,) (S (NP-SBJ (PRP you)) (VP (VBP know)))))) (, ,) (-DFL- E_S))",22
sw05utt/sw_0529_2324.utt,2/sw2324,2324,18,sd,B,10,2,"our land is in acres,  /","[ our/PRP$ land/NN ] is/VBZ in/IN  [ acres/NNS ] ,/,","(S (NP-SBJ (PRP$ our) (NN land)) (VP (VBZ is) (PP-PRD (IN in) (NP (NNS acres)))) (, ,) (-DFL- E_S))",26
sw05utt/sw_0529_2324.utt,2/sw2324,2324,19,sv,B,10,3,our people aren't going to understand what --,[ our/PRP$ people/NNS ] are/VBP n't/RB going/VBG to/TO understand/VB  [ what/WP ] --/:,(S (NP-SBJ-1 (PRP$ our) (NNS people)) (VP (VBP are) (RB n't) (VP (VBG going) (S (NP-SBJ (-NONE- *-1)) (VP (TO to) (VP (VB understand) (SBAR (WHNP-2 (WP what)) (S (NP-SBJ (NP (DT an) (NN amount)) (PP (IN of) (NP (NN something)))) (VP (VBZ is) (NP-PRD (-NONE- *T*-2)))))))))) (. .) (-DFL- E_S)),27
sw05utt/sw_0529_2324.utt,2/sw2324,2324,20,b,A,11,1,Right. /,[ Right/UH ] ./.,(INTJ (UH Right) (. .) (-DFL- E_S)),29
sw05utt/sw_0529_2324.utt,2/sw2324,2324,21,+,B,12,1,-- an amount of something is. /,--/:  [ an/DT amount/NN ] of/IN  [ something/NN ] is/VBZ ./.,(S (NP-SBJ-1 (PRP$ our) (NNS people)) (VP (VBP are) (RB n't) (VP (VBG going) (S (NP-SBJ (-NONE- *-1)) (VP (TO to) (VP (VB understand) (SBAR (WHNP-2 (WP what)) (S (NP-SBJ (NP (DT an) (NN amount)) (PP (IN of) (NP (NN something)))) (VP (VBZ is) (NP-PRD (-NONE- *T*-2)))))))))) (. .) (-DFL- E_S)),27
sw05utt/sw_0529_2324.utt,2/sw2324,2324,22,aa,A,13,1,"Yeah,  /","[ Yeah/UH ] ,/,","(INTJ (UH Yeah) (, ,) (-DFL- E_S))",32
sw05utt/sw_0529_2324.utt,2/sw2324,2324,23,aa,A,13,2,"[ I, + I ] agree with you.  /","[ I/PRP ] ,/,  [ I/PRP ] agree/VBP with/IN  [ you/PRP ] ./.","(S (EDITED (RM (-DFL- \[)) (NP-SBJ (PRP I)) (, ,) (IP (-DFL- \+))) (NP-SBJ (PRP I)) (RS (-DFL- \])) (VP (VBP agree) (PP (IN with) (NP (PRP you)))) (. .) (-DFL- E_S))",33
sw05utt/sw_0529_2324.utt,2/sw2324,2324,24,sv,A,13,3,"I don't think we should either even though I know there are benefits to the metric system,  /","[ I/PRP ] do/VBP n't/RB think/VB  [ we/PRP ] should/MD either/RB even/VB though/IN  [ I/PRP ] know/VBP  [ there/EX ] are/VBP  [ benefits/NNS ] to/IN  [ the/DT metric/JJ system/NN ] ,/,","(S (NP-SBJ (PRP I)) (VP (VBP do) (RB n't) (VP (VB think) (SBAR (-NONE- 0) (S (NP-SBJ (PRP we)) (VP (MD should) (VP (-NONE- *?*) (ADVP (RB either)) (SBAR-ADV (VB even) (IN though) (S (NP-SBJ (PRP I)) (VP (VBP know) (SBAR (-NONE- 0) (S (NP-SBJ (EX there)) (VP (VBP are) (NP-PRD (NP (NNS benefits)) (PP (IN to) (NP (DT the) (JJ metric) (NN system)))))))))))))))) (, ,) (-DFL- E_S))",34
sw05utt/sw_0529_2324.utt,2/sw2324,2324,25,sv,A,13,4,"I don't think the benefits of the metric system outweigh [ the, + the ] disadvantages that would happen to the people in America -- /","[ I/PRP ] do/VBP n't/RB think/VB  [ the/DT benefits/NNS ] of/IN  [ the/DT metric/JJ system/NN ] outweigh/VBP  [ the/DT ] ,/,  [ the/DT disadvantages/NNS ] [ that/DT ] would/MD happen/VB to/IN  [ the/DT people/NNS ] in/IN  [ America/NNP ] --/:","(S (NP-SBJ (PRP I)) (VP (VBP do) (RB n't) (VP (VB think) (SBAR (-NONE- 0) (S (NP-SBJ (NP (DT the) (NNS benefits)) (PP (IN of) (NP (DT the) (JJ metric) (NN system)))) (VP (VBP outweigh) (EDITED (RM (-DFL- \[)) (NP-UNF (DT the)) (, ,) (IP (-DFL- \+))) (NP (NP (DT the) (RS (-DFL- \])) (NNS disadvantages)) (SBAR (WHNP-1 (DT that)) (S (NP-SBJ (-NONE- *T*-1)) (VP (MD would) (VP (VB happen) (PP (IN to) (NP (NP (DT the) (NNS people)) (PP-LOC (IN in) (NP (NNP America))))))))))))))) (-DFL- E_S))",35
sw05utt/sw_0529_2324.utt,2/sw2324,2324,26,b,B,14,1,Yeah. /,Yeah/UH ./.,(INTJ (UH Yeah) (. .) (-DFL- E_S)),19
sw05utt/sw_0529_2324.utt,2/sw2324,2324,27,%,A,15,1,"-- {C and } also the, {F uh, } <lipsmack> - /","--/: and/CC also/RB  [ the/DT ] ,/,  [ uh/UH ] ,/,","(S (CC and) (ADVP (RB also)) (NP-SBJ-UNF (DT the) (, ,) (INTJ (UH uh))) (, ,) (-DFL- N_S))",39
sw05utt/sw_0529_2324.utt,2/sw2324,2324,28,h,A,15,2,I don't know  /,[ I/PRP ] do/VBP n't/RB know/VB,(S (NP-SBJ (PRP I)) (VP (VBP do) (RB n't) (VP (VB know))) (-DFL- E_S)),40
sw05utt/sw_0529_2324.utt,2/sw2324,2324,29,sv,A,15,3,"it seems almost like [ there's this, + ] it's a peer pressure  thing is why we keep wanting to do it is so we'll look good to the other nations  /","[ it/PRP ] seems/VBZ almost/RB like/IN  [ there/EX ] 's/BES  [ this/DT ] ,/,  [ it/PRP ] 's/BES  [ a/DT peer/NN pressure/NN thing/NN ] is/VBZ why/WRB  [ we/PRP ] keep/VBP wanting/VBG to/TO do/VB  [ it/PRP ] is/VBZ so/RB  [ we/PRP ] 'll/MD look/VB good/JJ to/IN  [ the/DT other/JJ nations/NNS ]","(S (NP-SBJ (PRP it)) (VP (VBZ seems) (SBAR (ADVP (RB almost)) (IN like) (S (S-SBJ (S-SBJ (EDITED (RM (-DFL- \[)) (S-SBJ (NP-SBJ (EX there)) (VP (BES 's) (NP-PRD-UNF (DT this)))) (, ,) (IP (-DFL- \+)) (RS (-DFL- \]))) (NP-SBJ (PRP it)) (VP (BES 's) (NP-PRD (DT a) (NN peer) (NN pressure) (NN thing)))) (VP (VBZ is) (SBAR-PRD (WHADVP-2 (WRB why)) (S (NP-SBJ-1 (PRP we)) (VP (VBP keep) (S (NP-SBJ (-NONE- *-1)) (VP (VBG wanting) (S (NP-SBJ (-NONE- *-1)) (VP (TO to) (VP (VB do) (NP (PRP it))))) (ADVP-PRP (-NONE- *T*-2))))))))) (VP (VBZ is) (SBAR-PRD-PRP (RB so) (S (NP-SBJ (PRP we)) (VP (MD 'll) (VP (VB look) (ADJP-PRD (JJ good) (PP (IN to) (NP (DT the) (JJ other) (NNS nations)))))))))))) (-DFL- E_S))",41
sw05utt/sw_0529_2324.utt,2/sw2324,2324,30,sv,A,15,4,"{C because } I think [ they, + ] that's an area that the other nations, especially Europe, look down on us like {F oh, } we're just backward wayward children who still use this backward system, who haven't really attained it yet.  /","because/IN  [ I/PRP ] think/VBP  [ they/PRP ] ,/,  [ that/DT ] 's/BES  [ an/DT area/NN ] that/WDT  [ the/DT other/JJ nations/NNS ] ,/, especially/RB  [ Europe/NNP ] ,/, look/VBP down/RP on/IN  [ us/PRP ] like/IN oh/UH ,/,  [ we/PRP ] 're/VBP just/RB backward/JJ  [ wayward/JJ children/NNS ] [ who/WDT ] still/RB use/VBP  [ this/DT backward/JJ system/NN ] ,/,  [ who/WP ] have/VBP n't/RB really/RB attained/VBN  [ it/PRP ] yet/RB ./.","(SBAR-PRP (IN because) (S (NP-SBJ (PRP I)) (VP (VBP think) (SBAR (-NONE- 0) (S (EDITED (RM (-DFL- \[)) (NP-SBJ (PRP they)) (, ,) (IP (-DFL- \+)) (RS (-DFL- \]))) (NP-SBJ (DT that)) (VP (BES 's) (NP-PRD (NP (DT an) (NN area)) (SBAR (WHADVP-3 (WDT that)) (S (NP-SBJ (DT the) (JJ other) (NNS nations)) (PRN (, ,) (ADVP (RB especially)) (NP (NNP Europe)) (, ,)) (VP (VBP look) (PP (RP down) (PP (IN on) (NP (PRP us)))) (SBAR-ADV (IN like) (INTJ (UH oh)) (, ,) (S (NP-SBJ (PRP we)) (VP (VBP 're) (ADVP (RB just)) (NP-PRD (NP (JJ backward) (JJ wayward) (NNS children)) (SBAR (WHNP-1 (WDT who)) (S (NP-SBJ (-NONE- *T*-1)) (ADVP-TMP (RB still)) (VP (VBP use) (NP (DT this) (JJ backward) (NN system))))) (, ,) (SBAR (WHNP-2 (WP who)) (S (NP-SBJ (-NONE- *T*-2)) (VP (VBP have) (RB n't) (ADVP (RB really)) (VP (VBN attained) (NP (PRP it)) (ADVP-TMP (RB yet)))))))))) (ADVP (-NONE- *T*-3))))))))))) (. .) (-DFL- E_S))",42
sw05utt/sw_0529_2324.utt,2/sw2324,2324,31,sv,A,15,5,{C And } I feel it's just pride of why they keep trying to push it on us.   /,And/CC  [ I/PRP ] feel/VBP  [ it/PRP ] 's/BES just/RB  [ pride/NN ] of/IN why/WRB  [ they/PRP ] keep/VBP trying/VBG to/TO push/VB  [ it/PRP ] on/IN  [ us/PRP ] ./.,(S (CC And) (NP-SBJ (PRP I)) (VP (VBP feel) (SBAR (-NONE- 0) (S (NP-SBJ (PRP it)) (VP (BES 's) (NP-PRD (NP (RB just) (NN pride)) (PP (IN of) (X (SBAR (WHADVP-3 (WRB why)) (S (NP-SBJ-1 (PRP they)) (VP (VBP keep) (S (NP-SBJ-2 (-NONE- *-1)) (VP (VBG trying) (S (NP-SBJ (-NONE- *-2)) (VP (TO to) (VP (VB push) (NP (PRP it)) (PP (IN on) (NP (PRP us)))))))) (ADVP-PRP (-NONE- *T*-3)))))))))))) (. .) (-DFL- E_S)),43
sw05utt/sw_0529_2324.utt,2/sw2324,2324,32,sv,A,15,6,"{C And } it's like, hey, we're content with this <noise>.  /","And/CC  [ it/PRP ] 's/BES like/IN ,/, hey/UH ,/,  [ we/PRP ] 're/VBP content/JJ with/IN  [ this/DT ] ./.","(S (CC And) (NP-SBJ (PRP it)) (VP (BES 's) (INTJ (IN like)) (, ,) (S-SEZ (INTJ (UH hey)) (, ,) (NP-SBJ (PRP we)) (VP (VBP 're) (ADJP-PRD (JJ content) (PP (IN with) (NP (DT this))))))) (. .) (-DFL- E_S))",44
sw05utt/sw_0529_2324.utt,2/sw2324,2324,33,aa,A,15,7,"No,  /","No/UH ,/,","(INTJ (UH No) (, ,) (-DFL- E_S))",45
sw05utt/sw_0529_2324.utt,2/sw2324,2324,34,sv,A,15,8,"it's probably not as accurate,  /","[ it/PRP ] 's/BES probably/RB not/RB as/RB accurate/JJ ,/,","(S (NP-SBJ (PRP it)) (VP (BES 's) (ADVP (RB probably)) (ADJP-PRD (RB not) (RB as) (JJ accurate))) (, ,) (-DFL- E_S))",46
sw05utt/sw_0529_2324.utt,2/sw2324,2324,35,sv,A,15,9,"probably, {D you know, } intellectually doesn't, - /","probably/RB ,/,  [ you/PRP ] know/VBP ,/, intellectually/RB does/VBZ n't/RB ,/,","(S (ADVP (RB probably)) (PRN (, ,) (S (NP-SBJ (PRP you)) (VP (VBP know))) (, ,)) (NP-SBJ (-NONE- *)) (ADVP (RB intellectually)) (VP (VBZ does) (RB n't)) (, ,) (-DFL- N_S))",47
sw05utt/sw_0529_2324.utt,2/sw2324,2324,36,sv,A,15,10,"it's not as sound intellectually, but, like you said {E I mean, } come on.  /","[ it/PRP ] 's/BES not/RB as/RB sound/JJ intellectually/RB ,/, but/CC ,/, like/IN  [ you/PRP ] said/VBD  [ I/PRP ] mean/VBP ,/, come/VB on/RP ./.","(S (NP-SBJ (PRP it)) (VP (BES 's) (RB not) (ADJP-PRD (RB as) (JJ sound)) (ADVP (RB intellectually))) (, ,))|||(FRAG (CC but) (, ,) (SBAR-ADV (IN like) (S (NP-SBJ (PRP you)) (VP (VBD said)))) (PRN (S (NP-SBJ (PRP I)) (VP (VBP mean))) (, ,)) (S-IMP-SEZ (NP-SBJ (-NONE- *)) (VP (VB come) (PRT (RP on)))) (. .) (-DFL- E_S))",48|||49
sw05utt/sw_0529_2324.utt,2/sw2324,2324,37,sd,A,15,11,I had six years of college  /,[ I/PRP ] had/VBD  [ six/CD years/NNS ] of/IN  [ college/NN ],(S (NP-SBJ (PRP I)) (VP (VBD had) (NP (NP (CD six) (NNS years)) (PP (IN of) (NP (NN college))))) (-DFL- E_S)),50
sw05utt/sw_0529_2324.utt,2/sw2324,2324,38,sd,A,15,12,{C and } I don't know the metric system {C and } I don't care to learn it -- /,and/CC  [ I/PRP ] do/VBP n't/RB know/VB  [ the/DT metric/JJ system/NN ] and/CC  [ I/PRP ] do/VBP n't/RB care/VB to/TO learn/VB  [ it/PRP ] --/:,(S (CC and) (NP-SBJ (PRP I)) (VP (VBP do) (RB n't) (VP (VB know) (NP (DT the) (JJ metric) (NN system)))))|||(S (CC and) (NP-SBJ-1 (PRP I)) (VP (VBP do) (RB n't) (VP (VB care) (S (NP-SBJ (-NONE- *-1)) (VP (TO to) (VP (VB learn) (NP (PRP it))))))) (-DFL- E_S)),51|||52
sw05utt/sw_0529_2324.utt,2/sw2324,2324,39,b,B,16,1,Yeah. /,Yeah/UH ./.,(INTJ (UH Yeah) (. .) (-DFL- E_S)),19
sw05utt/sw_0529_2324.utt,2/sw2324,2324,40,sv,A,17,1,"-- {C and } I'm not some kind of an idiot,  /","--/: and/CC  [ I/PRP ] 'm/VBP not/RB  [ some/DT kind/NN ] of/IN  [ an/DT idiot/NN ] ,/,","(S (CC and) (NP-SBJ (PRP I)) (VP (VBP 'm) (RB not) (NP-PRD (NP (DT some) (NN kind)) (PP (IN of) (NP (DT an) (NN idiot))))) (, ,) (-DFL- E_S))",56
sw05utt/sw_0529_2324.utt,2/sw2324,2324,41,%,A,17,2,"I just, -/","[ I/PRP ] just/RB ,/,","(S-UNF (NP-SBJ (PRP I)) (ADVP (RB just)) (, ,) (-DFL- N_S))",57
sw05utt/sw_0529_2324.utt,2/sw2324,2324,42,sv,B,18,1,"{C And } it's easy to trans-, - /","And/CC  [ it/PRP ] 's/BES easy/JJ to/TO  [ trans-/XX ] ,/,","(S (CC And) (NP-SBJ (NP (PRP it)) (S (-NONE- *EXP*-1))) (VP (BES 's) (ADJP-PRD (JJ easy)) (S-1 (NP-SBJ (-NONE- *)) (VP (TO to) (VP-UNF (XX trans-))))) (, ,) (-DFL- N_S))",59
sw05utt/sw_0529_2324.utt,2/sw2324,2324,43,sv,B,18,2,we have a computer for just about everything now  /,[ we/PRP ] have/VBP  [ a/DT computer/NN ] for/IN just/RB about/RB  [ everything/NN ] now/RB,(S (NP-SBJ (PRP we)) (VP (VBP have) (NP (DT a) (NN computer)) (PP (IN for) (ADVP (RB just)) (NP (RB about) (NN everything))) (ADVP-TMP (RB now))) (-DFL- E_S)),60
sw05utt/sw_0529_2324.utt,2/sw2324,2324,44,sv,B,18,3,"{C and } if it's necessary to translate back and forth between them, it can be done -- /","and/CC if/IN  [ it/PRP ] 's/BES necessary/JJ to/TO translate/VB back/RB and/CC forth/RB between/IN  [ them/PRP ] ,/,  [ it/PRP ] can/MD be/VB done/VBN --/:","(S (CC and) (SBAR-ADV (IN if) (S (NP-SBJ (NP (PRP it)) (S (-NONE- *EXP*-2))) (VP (BES 's) (ADJP-PRD (JJ necessary)) (S-2 (NP-SBJ (-NONE- *)) (VP (TO to) (VP (VB translate) (ADVP (RB back) (CC and) (RB forth)) (PP (IN between) (NP (PRP them))))))))) (, ,) (NP-SBJ-1 (PRP it)) (VP (MD can) (VP (VB be) (VP (VBN done) (NP (-NONE- *-1))))) (-DFL- E_S))",61
sw05utt/sw_0529_2324.utt,2/sw2324,2324,45,b,A,19,1,Yeah. /,Yeah/UH ./.,(INTJ (UH Yeah) (. .) (-DFL- E_S)),19
sw05utt/sw_0529_2324.utt,2/sw2324,2324,46,sd,B,20,1,-- {C because } I'm a mechanical engineer  /,--/: because/IN  [ I/PRP ] 'm/VBP  [ a/DT mechanical/JJ engineer/NN ],(SBAR-PRP (IN because) (S (NP-SBJ (PRP I)) (VP (VBP 'm) (NP-PRD (DT a) (JJ mechanical) (NN engineer)))) (-DFL- E_S)),65
sw05utt/sw_0529_2324.utt,2/sw2324,2324,47,sd,B,20,2,"{C and } I've had to work when I was designing packages for people,  /","and/CC  [ I/PRP ] 've/VBP had/VBD to/TO work/VB when/WRB  [ I/PRP ] was/VBD designing/VBG  [ packages/NNS ] for/IN  [ people/NNS ] ,/,","(S (CC and) (NP-SBJ-1 (PRP I)) (VP (VBP 've) (VP (VBD had) (S (NP-SBJ (-NONE- *-1)) (VP (TO to) (VP (VB work) (SBAR-TMP (WHADVP-2 (WRB when)) (S (NP-SBJ (PRP I)) (VP (VBD was) (VP (VBG designing) (NP (NNS packages)) (PP (IN for) (NP (NNS people))) (ADVP-TMP (-NONE- *T*-2))))))))))) (, ,) (-DFL- E_S))",66
sw05utt/sw_0529_2324.utt,2/sw2324,2324,48,sd,B,20,3,"{E I mean } I had [ to, +  to ] work both systems --","[ I/PRP ] mean/VBP  [ I/PRP ] had/VBD to/TO ,/, to/TO work/VB  [ both/DT ] [ systems/NNS ] --/:","(S (PRN (S (NP-SBJ (PRP I)) (VP (VBP mean)))) (NP-SBJ-1 (PRP I)) (VP (VBD had) (S (NP-SBJ (-NONE- *-1)) (EDITED (RM (-DFL- \[)) (VP-UNF (TO to)) (, ,) (IP (-DFL- \+))) (VP (TO to) (RS (-DFL- \])) (VP (VB work) (NP (DT both) (NNS systems)) (ADVP (RB back) (CC and) (RB forth)))))) (-DFL- E_S))",67
sw05utt/sw_0529_2324.utt,2/sw2324,2324,49,b,A,21,1,Uh-huh. /,[ Uh-huh/UH ] ./.,(INTJ (UH Uh-huh) (. .) (-DFL- E_S)),69
sw05utt/sw_0529_2324.utt,2/sw2324,2324,50,+,B,22,1,-- back and forth  /,--/: back/RB and/CC forth/RB,"(S (CC and) (SBAR-ADV (IN if) (S (NP-SBJ (NP (PRP it)) (S (-NONE- *EXP*-2))) (VP (BES 's) (ADJP-PRD (JJ necessary)) (S-2 (NP-SBJ (-NONE- *)) (VP (TO to) (VP (VB translate) (ADVP (RB back) (CC and) (RB forth)) (PP (IN between) (NP (PRP them))))))))) (, ,) (NP-SBJ-1 (PRP it)) (VP (MD can) (VP (VB be) (VP (VBN done) (NP (-NONE- *-1))))) (-DFL- E_S))",61
sw05utt/sw_0529_2324.utt,2/sw2324,2324,51,sd,B,22,2,{C and } it was not hard  /,and/CC  [ it/PRP ] was/VBD not/RB hard/JJ,(S (CC and) (NP-SBJ (PRP it)) (VP (VBD was) (ADJP-PRD (RB not) (JJ hard))) (-DFL- E_S)),71
sw05utt/sw_0529_2324.utt,2/sw2324,2324,52,sd,B,22,3,"{C and } [ you get, + you can get  ] a CAT CAM system that can take any design you want  /","and/CC  [ you/PRP ] get/VBP ,/,  [ you/PRP ] can/MD get/VB  [ a/DT CAT/NNP CAM/NNP system/NN ] [ that/WDT ] can/MD take/VB  [ any/DT design/NN ] [ you/PRP ] want/VBP","(S (CC and) (EDITED (RM (-DFL- \[)) (S (NP-SBJ (PRP you)) (VP-UNF (VBP get))) (, ,) (IP (-DFL- \+))) (NP-SBJ (PRP you)) (VP (MD can) (VP (VB get) (RS (-DFL- \])) (NP (NP (DT a) (NNP CAT) (NNP CAM) (NN system)) (SBAR (WHNP-1 (WDT that)) (S (NP-SBJ (-NONE- *T*-1)) (VP (MD can) (VP (VB take) (NP (NP (DT any) (NN design)) (SBAR (WHNP-2 (-NONE- 0)) (S (NP-SBJ (PRP you)) (VP (VBP want) (NP (-NONE- *T*-2))))))))))))) (-DFL- E_S))",72
sw05utt/sw_0529_2324.utt,2/sw2324,2324,53,sd,B,22,4,{C and } you can push a button  /,and/CC  [ you/PRP ] can/MD push/VB  [ a/DT button/NN ],(S (CC and) (NP-SBJ (PRP you)) (VP (MD can) (VP (VB push) (NP (DT a) (NN button)))) (-DFL- E_S)),73
sw05utt/sw_0529_2324.utt,2/sw2324,2324,54,sd,B,22,5,{C and } it'll convert every <noise> measurement on there --,and/CC  [ it/PRP ] 'll/MD convert/VB  [ every/DT measurement/NN ] on/IN  [ there/RB ] --/:,"(S (CC and) (NP-SBJ (PRP it)) (VP (MD 'll) (VP (VB convert) (NP (DT every) (NN measurement)) (PP (IN on) (ADVP (RB there))) (PRN (S (NP-SBJ (PRP you)) (VP (VBP know))) (, ,)) (PP (IN from) (NP (CD one) (NN system))) (PP (IN to) (NP (DT the) (JJ other))) (PP-TMP (IN in) (NP (NNS seconds))))) (. .) (-DFL- E_S))",74
sw05utt/sw_0529_2324.utt,2/sw2324,2324,55,b,A,23,1,Right. /,[ Right/UH ] ./.,(INTJ (UH Right) (. .) (-DFL- E_S)),29
sw05utt/sw_0529_2324.utt,2/sw2324,2324,56,+,B,24,1,"-- {D you know, } from one system to the other --","--/:  [ you/PRP ] know/VBP ,/, from/IN  [ one/CD system/NN ] to/IN  [ the/DT other/JJ ] --/:","(S (CC and) (NP-SBJ (PRP it)) (VP (MD 'll) (VP (VB convert) (NP (DT every) (NN measurement)) (PP (IN on) (ADVP (RB there))) (PRN (S (NP-SBJ (PRP you)) (VP (VBP know))) (, ,)) (PP (IN from) (NP (CD one) (NN system))) (PP (IN to) (NP (DT the) (JJ other))) (PP-TMP (IN in) (NP (NNS seconds))))) (. .) (-DFL- E_S))",74
sw05utt/sw_0529_2324.utt,2/sw2324,2324,57,sd,A,25,1,There's a lot of --,[ There/EX ] 's/BES  [ a/DT lot/NN ] of/IN --/:,"(S (NP-SBJ (EX There)) (VP (BES 's) (NP-PRD (NP (DT a) (NN lot)) (PP (IN of) (NP (NNS people))))) (, ,) (-DFL- E_S))",79
sw05utt/sw_0529_2324.utt,2/sw2324,2324,58,+,B,26,1,-- in seconds. /,--/: in/IN  [ seconds/NNS ] ./.,"(S (CC and) (NP-SBJ (PRP it)) (VP (MD 'll) (VP (VB convert) (NP (DT every) (NN measurement)) (PP (IN on) (ADVP (RB there))) (PRN (S (NP-SBJ (PRP you)) (VP (VBP know))) (, ,)) (PP (IN from) (NP (CD one) (NN system))) (PP (IN to) (NP (DT the) (JJ other))) (PP-TMP (IN in) (NP (NNS seconds))))) (. .) (-DFL- E_S))",74
sw05utt/sw_0529_2324.utt,2/sw2324,2324,59,+,A,27,1,"-- people,  /","--/:  [ people/NNS ] ,/,","(S (CC and) (NP-SBJ-1 (PRP I)) (VP (VBP 've) (VP (VBD had) (S (NP-SBJ (-NONE- *-1)) (VP (TO to) (VP (VB work) (SBAR-TMP (WHADVP-2 (WRB when)) (S (NP-SBJ (PRP I)) (VP (VBD was) (VP (VBG designing) (NP (NNS packages)) (PP (IN for) (NP (NNS people))) (ADVP-TMP (-NONE- *T*-2))))))))))) (, ,) (-DFL- E_S))",66
sw05utt/sw_0529_2324.utt,2/sw2324,2324,60,sd,A,27,2,"{D like } you're educated,  /","like/IN  [ you/PRP ] 're/VBP educated/JJ ,/,","(S (INTJ (UH like)) (NP-SBJ (PRP you)) (VP (VBP 're) (ADJP-PRD (JJ educated))) (, ,) (-DFL- E_S))",82
sw05utt/sw_0529_2324.utt,2/sw2324,2324,61,sd,A,27,3,"I'm educated,  /","[ I/PRP ] 'm/VBP educated/JJ ,/,","(S (NP-SBJ (PRP I)) (VP (VBP 'm) (ADJP-PRD (JJ educated))) (, ,) (-DFL- E_S))",83
sw05utt/sw_0529_2324.utt,2/sw2324,2324,62,sd,A,27,4,"my husband is,  /","[ my/PRP$ husband/NN ] is/VBZ ,/,","(S (NP-SBJ (PRP$ my) (NN husband)) (VP (VBZ is) (ADJP-PRD (-NONE- *?*))) (, ,) (-DFL- E_S))",84
sw05utt/sw_0529_2324.utt,2/sw2324,2324,63,sd,A,27,5,"{C but, } {E I mean, } a lot of people are flat not educated  /","but/CC ,/,  [ I/PRP ] mean/VBP ,/,  [ a/DT lot/NN ] of/IN  [ people/NNS ] are/VBP flat/RB not/RB educated/VBN","(S (CC but) (PRN (, ,) (S (NP-SBJ (PRP I)) (VP (VBP mean))) (, ,)) (NP-SBJ (NP (DT a) (NN lot)) (PP (IN of) (NP (NNS people)))) (VP (VBP are) (ADJP-PRD (ADVP (RB flat)) (RB not) (VBN educated))) (-DFL- E_S))",85
sw05utt/sw_0529_2324.utt,2/sw2324,2324,64,sv,A,27,6,"{C and } if I have a hard time, {D you know } --","and/CC if/IN  [ I/PRP ] have/VBP  [ a/DT hard/JJ time/NN ] ,/,  [ you/PRP ] know/VBP --/:","(SQ (CC and) (SBAR-ADV (IN if) (S (NP-SBJ-1 (PRP I)) (VP (VBP have) (NP (DT a) (JJ hard) (NN time)) (PRN (, ,) (S (NP-SBJ (PRP you)) (VP (VBP know)))) (S-ADV (NP-SBJ (-NONE- *-1)) (VP (VBG putting) (NP (DT that)) (PP-PUT (IN into) (NP (PRP$ my) (NN life)))))))) (, ,) (MD can) (NP-SBJ (PRP we)) (VP (VB put) (NP (DT that)) (PRT (RP off)) (PP-PUT (IN on) (NP (NP (DT the) (JJ other) (CD eighty) (NN percent)) (PP (IN of) (NP (DT the) (NN population))) (SBAR (WHNP-2 (WDT that)) (S (NP-SBJ (-NONE- *T*-2)) (VP (VBZ does) (RB n't) (VP (VB have) (NP (DT any) (NN college))))))))) (-DFL- E_S))",86
sw05utt/sw_0529_2324.utt,2/sw2324,2324,65,aa,B,28,1,Really. /,Really/UH ./.,(INTJ (UH Really) (. .) (-DFL- E_S)),88
sw05utt/sw_0529_2324.utt,2/sw2324,2324,66,+,A,29,1,"-- putting that into my life, can we put that off on the other eighty percent of the population that doesn't have any college  /","--/: putting/VBG that/DT into/IN  [ my/PRP$ life/NN ] ,/, can/MD  [ we/PRP ] put/VB that/DT off/RP on/IN  [ the/DT other/JJ eighty/CD percent/NN ] of/IN  [ the/DT population/NN ] [ that/WDT ] does/VBZ n't/RB have/VB  [ any/DT college/NN ]","(SQ (CC and) (SBAR-ADV (IN if) (S (NP-SBJ-1 (PRP I)) (VP (VBP have) (NP (DT a) (JJ hard) (NN time)) (PRN (, ,) (S (NP-SBJ (PRP you)) (VP (VBP know)))) (S-ADV (NP-SBJ (-NONE- *-1)) (VP (VBG putting) (NP (DT that)) (PP-PUT (IN into) (NP (PRP$ my) (NN life)))))))) (, ,) (MD can) (NP-SBJ (PRP we)) (VP (VB put) (NP (DT that)) (PRT (RP off)) (PP-PUT (IN on) (NP (NP (DT the) (JJ other) (CD eighty) (NN percent)) (PP (IN of) (NP (DT the) (NN population))) (SBAR (WHNP-2 (WDT that)) (S (NP-SBJ (-NONE- *T*-2)) (VP (VBZ does) (RB n't) (VP (VB have) (NP (DT any) (NN college))))))))) (-DFL- E_S))",86
sw05utt/sw_0529_2324.utt,2/sw2324,2324,67,h,A,29,2,{C or } I don't know how  much of the --,or/CC  [ I/PRP ] do/VBP n't/RB know/VB how/WRB much/RB of/IN  [ the/DT ] --/:,"(S (CC or) (NP-SBJ (PRP I)) (VP (VBP do) (RB n't) (VP (VB know) (SBAR (WHNP (WHNP (WHADJP (WRB how) (RB much))) (PP (IN of) (NP-UNF (DT the) (PRN (S (NP-SBJ (PRP you)) (VP (VBP know)))))))))) (, ,) (-DFL- N_S))",90
sw05utt/sw_0529_2324.utt,2/sw2324,2324,68,b,B,30,1,Yeah. /,Yeah/UH ./.,(INTJ (UH Yeah) (. .) (-DFL- E_S)),63
sw05utt/sw_0529_2324.utt,2/sw2324,2324,69,+,A,31,1,"-- {D you know, } - /","--/:  [ you/PRP ] know/VBP ,/,","(S (CC and) (NP-SBJ (PRP it)) (VP (MD 'll) (VP (VB convert) (NP (DT every) (NN measurement)) (PP (IN on) (ADVP (RB there))) (PRN (S (NP-SBJ (PRP you)) (VP (VBP know))) (, ,)) (PP (IN from) (NP (CD one) (NN system))) (PP (IN to) (NP (DT the) (JJ other))) (PP-TMP (IN in) (NP (NNS seconds))))) (. .) (-DFL- E_S))",74
sw05utt/sw_0529_2324.utt,2/sw2324,2324,70,sv,A,31,2,{C but } a large percentage probably over half of the rest of the population --,but/CC  [ a/DT large/JJ percentage/NN ] probably/RB over/IN  [ half/DT ] of/IN  [ the/DT rest/NN ] of/IN  [ the/DT population/NN ] --/:,(S (CC but) (NP-TPC (NP (DT a) (JJ large) (NN percentage)) (NP (NP (RB probably) (IN over) (DT half)) (PP (IN of) (NP (NP (DT the) (NN rest)) (PP (IN of) (NP (DT the) (NN population))))))) (NP-SBJ (PRP they)) (VP (VBP do) (RB n't) (VP (VB have) (NP (DT any) (NN college)) (ADVP (RB probably)) (NP-ADV (JJ much)) (ADVP (IN at) (DT all)))) (-DFL- E_S)),94
sw05utt/sw_0529_2324.utt,2/sw2324,2324,71,aa,B,32,1,Absolutely. /,Absolutely/UH ./.,(INTJ (UH Absolutely) (. .) (-DFL- E_S)),96
sw05utt/sw_0529_2324.utt,2/sw2324,2324,72,+,A,33,1,-- they don't have any college probably much at all  /,--/:  [ they/PRP ] do/VBP n't/RB have/VB  [ any/DT college/NN ] probably/RB much/JJ at/IN  [ all/DT ],(S (CC but) (NP-TPC (NP (DT a) (JJ large) (NN percentage)) (NP (NP (RB probably) (IN over) (DT half)) (PP (IN of) (NP (NP (DT the) (NN rest)) (PP (IN of) (NP (DT the) (NN population))))))) (NP-SBJ (PRP they)) (VP (VBP do) (RB n't) (VP (VB have) (NP (DT any) (NN college)) (ADVP (RB probably)) (NP-ADV (JJ much)) (ADVP (IN at) (DT all)))) (-DFL- E_S)),94
sw05utt/sw_0529_2324.utt,2/sw2324,2324,73,sv,A,33,2,"{C and } if we can't take it and use it easily, {D well, } how can you put that on, {D like, } elderly people and --","and/CC if/IN  [ we/PRP ] ca/MD n't/RB take/VB  [ it/PRP ] and/CC use/VB  [ it/PRP ] easily/RB ,/, well/UH ,/, how/WRB can/MD  [ you/PRP ] put/VB that/DT on/IN ,/, like/UH ,/,  [ elderly/JJ people/NNS ] and/CC --/:","(SBARQ (CC and) (SBAR-ADV (IN if) (S (NP-SBJ (PRP we)) (VP (MD ca) (RB n't) (VP (VP (VB take) (NP (PRP it))) (CC and) (VP (VB use) (NP (PRP it)) (ADVP (RB easily))))))) (, ,) (INTJ (UH well)) (, ,) (WHADVP-2 (WRB how)) (SQ (MD can) (NP-SBJ (PRP you)) (VP (VB put) (NP (DT that)) (PP-PUT (IN on) (, ,) (INTJ (UH like)) (, ,) (NP (NP (JJ elderly) (NNS people)) (CC and) (PRN (S (NP-SBJ (PRP you)) (VP (VBP know))) (, ,)) (NP (NP (RB just) (NNS people)) (SBAR (WHNP-1 (WDT that)) (S (NP-SBJ (-NONE- *T*-1)) (ADVP (RB maybe)) (ADVP (RB just)) (VP (VBP are) (RB n't) (ADJP-PRD (JJ blessed) (PP (IN with) (EDITED (RM (-DFL- \[)) (NP-UNF (RB as)) (, ,) (IP (-DFL- \+))) (NP (NP (ADJP (RB as) (RS (-DFL- \])) (JJ much)) (NN sharpness)) (CC and) (EDITED (RM (-DFL- \[)) (NP-UNF (JJ ment-)) (, ,) (IP (-DFL- \+))) (NP (JJ mental) (RS (-DFL- \])) (NN acuity))))))))))) (ADVP (-NONE- *T*-2)))) (, ,) (-DFL- E_S))",98
sw05utt/sw_0529_2324.utt,2/sw2324,2324,74,b,B,34,1,"{F Oh, } yeah,  /","Oh/UH ,/, yeah/UH ,/,","(INTJ (INTJ (UH Oh)) (, ,) (INTJ (UH yeah)) (, ,) (-DFL- E_S))",100
sw05utt/sw_0529_2324.utt,2/sw2324,2324,75,%,B,34,2,"it's just, -/","[ it/PRP ] 's/BES just/RB ,/,","(S (NP-SBJ (PRP it)) (VP-UNF (BES 's) (ADVP (RB just))) (, ,) (-DFL- N_S))",101
sw05utt/sw_0529_2324.utt,2/sw2324,2324,76,+,A,35,1,"-- {D you know, } just people that maybe just aren't blessed with [ as, + as ] much sharpness and [ ment-, + mental ] acuity, /","--/:  [ you/PRP ] know/VBP ,/, just/RB  [ people/NNS ] [ that/WDT ] maybe/RB just/RB are/VBP n't/RB blessed/JJ with/IN as/RB ,/,  [ as/RB much/JJ sharpness/NN ] and/CC  [ ment/JJ ] ,/,  [ mental/JJ acuity/NN ] ,/,","(SBARQ (CC and) (SBAR-ADV (IN if) (S (NP-SBJ (PRP we)) (VP (MD ca) (RB n't) (VP (VP (VB take) (NP (PRP it))) (CC and) (VP (VB use) (NP (PRP it)) (ADVP (RB easily))))))) (, ,) (INTJ (UH well)) (, ,) (WHADVP-2 (WRB how)) (SQ (MD can) (NP-SBJ (PRP you)) (VP (VB put) (NP (DT that)) (PP-PUT (IN on) (, ,) (INTJ (UH like)) (, ,) (NP (NP (JJ elderly) (NNS people)) (CC and) (PRN (S (NP-SBJ (PRP you)) (VP (VBP know))) (, ,)) (NP (NP (RB just) (NNS people)) (SBAR (WHNP-1 (WDT that)) (S (NP-SBJ (-NONE- *T*-1)) (ADVP (RB maybe)) (ADVP (RB just)) (VP (VBP are) (RB n't) (ADJP-PRD (JJ blessed) (PP (IN with) (EDITED (RM (-DFL- \[)) (NP-UNF (RB as)) (, ,) (IP (-DFL- \+))) (NP (NP (ADJP (RB as) (RS (-DFL- \])) (JJ much)) (NN sharpness)) (CC and) (EDITED (RM (-DFL- \[)) (NP-UNF (JJ ment-)) (, ,) (IP (-DFL- \+))) (NP (JJ mental) (RS (-DFL- \])) (NN acuity))))))))))) (ADVP (-NONE- *T*-2)))) (, ,) (-DFL- E_S))",98
sw05utt/sw_0529_2324.utt,2/sw2324,2324,77,sv,B,36,1,"[ Or, + or ] even have had [ the ability, + {D you know, } the chance ] [ to, + to ] go to college or [ [ to, + to ] +  --","Or/CC ,/, or/CC even/RB have/VB had/VBD  [ the/DT ability/NN ] ,/,  [ you/PRP ] know/VBP ,/,  [ the/DT chance/NN ] to/TO ,/, to/TO go/VB to/IN  [ college/NN ] or/CC to/IN ,/, to/IN --/:","(S (EDITED (RM (-DFL- \[)) (CC Or) (, ,) (IP (-DFL- \+))) (CC or) (RS (-DFL- \])) (NP-SBJ (-NONE- *)) (ADVP (RB even)) (VP (VB have) (VP (VBD had) (EDITED (RM (-DFL- \[)) (NP (DT the) (NN ability)) (, ,) (IP (-DFL- \+))) (PRN (S (NP-SBJ (PRP you)) (VP (VBP know))) (, ,)) (NP (DT the) (NN chance) (RS (-DFL- \])) (S (NP-SBJ (-NONE- *)) (EDITED (RM (-DFL- \[)) (VP-UNF (TO to)) (, ,) (IP (-DFL- \+))) (VP (VP (TO to) (RS (-DFL- \])) (VP (VB go) (PP (IN to) (NP (NN college))))) (CC or) (EDITED (RM (-DFL- \[)) (EDITED (RM (-DFL- \[)) (VP-UNF (IN to)) (, ,) (IP (-DFL- \+))) (VP-UNF (IN to)) (RS (-DFL- \])) (IP (-DFL- \+))) (VP (TO to) (RS (-DFL- \])) (VP (VB learn) (PP-UNF (IN about))))))))) (, ,) (-DFL- N_S))",104
sw05utt/sw_0529_2324.utt,2/sw2324,2324,78,b,A,37,1,Yeah. /,Yeah/UH ./.,(INTJ (UH Yeah) (. .) (-DFL- E_S)),92
sw05utt/sw_0529_2324.utt,2/sw2324,2324,79,+,B,38,1,"-- to ] learn about, - /","--/: to/TO learn/VB about/IN ,/,","(S (EDITED (RM (-DFL- \[)) (CC Or) (, ,) (IP (-DFL- \+))) (CC or) (RS (-DFL- \])) (NP-SBJ (-NONE- *)) (ADVP (RB even)) (VP (VB have) (VP (VBD had) (EDITED (RM (-DFL- \[)) (NP (DT the) (NN ability)) (, ,) (IP (-DFL- \+))) (PRN (S (NP-SBJ (PRP you)) (VP (VBP know))) (, ,)) (NP (DT the) (NN chance) (RS (-DFL- \])) (S (NP-SBJ (-NONE- *)) (EDITED (RM (-DFL- \[)) (VP-UNF (TO to)) (, ,) (IP (-DFL- \+))) (VP (VP (TO to) (RS (-DFL- \])) (VP (VB go) (PP (IN to) (NP (NN college))))) (CC or) (EDITED (RM (-DFL- \[)) (EDITED (RM (-DFL- \[)) (VP-UNF (IN to)) (, ,) (IP (-DFL- \+))) (VP-UNF (IN to)) (RS (-DFL- \])) (IP (-DFL- \+))) (VP (TO to) (RS (-DFL- \])) (VP (VB learn) (PP-UNF (IN about))))))))) (, ,) (-DFL- N_S))",104
sw05utt/sw_0529_2324.utt,2/sw2324,2324,80,sv,B,38,2,I think it's still good they do cover the system.  /,[ I/PRP ] think/VBP  [ it/PRP ] 's/BES still/RB good/JJ  [ they/PRP ] do/VBP cover/VB  [ the/DT system/NN ] ./.,(S (NP-SBJ (PRP I)) (VP (VBP think) (SBAR (-NONE- 0) (S (NP-SBJ (PRP it)) (VP (BES 's) (ADVP-TMP (RB still)) (ADJP-PRD (JJ good) (SBAR (-NONE- 0) (S (NP-SBJ (PRP they)) (VP (VBP do) (VP (VB cover) (NP (DT the) (NN system))))))))))) (. .) (-DFL- E_S)),108
sw05utt/sw_0529_2324.utt,2/sw2324,2324,81,sv,B,38,3,I think it should still be taught in schools. /,[ I/PRP ] think/VBP  [ it/PRP ] should/MD still/RB be/VB taught/VBN in/IN  [ schools/NNS ] ./.,(S (NP-SBJ (PRP I)) (VP (VBP think) (SBAR (-NONE- 0) (S (NP-SBJ-1 (PRP it)) (VP (MD should) (ADVP-TMP (RB still)) (VP (VB be) (VP (VBN taught) (NP (-NONE- *-1)) (PP-LOC (IN in) (NP (NNS schools))))))))) (. .) (-DFL- E_S)),109
sw05utt/sw_0529_2324.utt,2/sw2324,2324,82,b,A,39,1,Yeah. /,Yeah/UH ./.,(INTJ (UH Yeah) (. .) (-DFL- E_S)),92
sw05utt/sw_0529_2324.utt,2/sw2324,2324,83,sd,B,40,1,"{C And } they do,  /","And/CC  [ they/PRP ] do/VBP ,/,","(S (CC And) (NP-SBJ (PRP they)) (VP (VBP do)) (, ,) (-DFL- E_S))",113
sw05utt/sw_0529_2324.utt,2/sw2324,2324,84,sd,B,40,2,"I know now because I, - /","[ I/PRP ] know/VBP now/RB because/IN  [ I/PRP ] ,/,","(S (NP-SBJ (PRP I)) (VP (VBP know) (ADVP-TMP (RB now)) (SBAR-PRP (IN because) (S-UNF (NP-SBJ (PRP I))))) (, ,) (-DFL- N_S))",114
sw05utt/sw_0529_2324.utt,2/sw2324,2324,85,sd,B,40,3,even when I was in elementary school years ago <laughter> --,even/RB when/WRB  [ I/PRP ] was/VBD in/IN  [ elementary/JJ school/NN years/NNS ] ago/RB --/:,"(S (SBAR-TMP (WHADVP-1 (RB even) (WRB when)) (S (NP-SBJ (PRP I)) (VP (VBD was) (PP-PRD (IN in) (NP (JJ elementary) (NN school))) (ADVP-TMP (NNS years) (RB ago)) (ADVP-TMP (-NONE- *T*-1))))) (EDITED (RM (-DFL- \[)) (S (NP-SBJ (PRP they)) (VP-UNF (VBD were))) (, ,) (IP (-DFL- \+)) (RS (-DFL- \]))) (PRN (S (NP-SBJ (PRP you)) (VP (VBP know))) (, ,)) (NP-SBJ (PRP we)) (VP (VBD learned) (SBAR (WHNP-2 (WP what)) (S (NP-SBJ (NP (DT a) (NN centimeter)) (NAC (-NONE- *ICH*-3))) (VP (VBD was) (NP-PRD (-NONE- *T*-2)) (NAC-3 (CC and) (NP (NP (DT a) (NN decimeter)) (CC and) (EDITED (RM (-DFL- \[)) (NP-UNF (DT the) (JJ various)) (, ,) (IP (-DFL- \+))) (PRN (S (NP-SBJ (PRP you)) (VP (VBP know)))) (ADVP (RB basically)) (NP (NP (DT the) (JJ other) (RS (-DFL- \])) (JJ alternate) (NNS forms)) (PP (IN of) (NP (NNS measurements)))) (, ,) (NP (NP (NNS things)) (PP (IN like) (NP (DT that)))))))))) (. .) (-DFL- E_S))",115
sw05utt/sw_0529_2324.utt,2/sw2324,2324,86,b,A,41,1,Uh-huh. /,[ Uh-huh/UH ] ./.,(INTJ (UH Uh-huh) (. .) (-DFL- E_S)),117
sw05utt/sw_0529_2324.utt,2/sw2324,2324,87,+,B,42,1,"-- [ they were, + ] {D you know, } we learned what a centimeter was and a decimeter and [ the various, +  {D you know } --","--/:  [ they/PRP ] were/VBD ,/,  [ you/PRP ] know/VBP ,/,  [ we/PRP ] learned/VBD  [ what/WP ] [ a/DT centimeter/NN ] was/VBD and/CC  [ a/DT decimeter/NN ] and/CC  [ the/DT various/JJ ] ,/,  [ you/PRP ] know/VBP --/:","(S (SBAR-TMP (WHADVP-1 (RB even) (WRB when)) (S (NP-SBJ (PRP I)) (VP (VBD was) (PP-PRD (IN in) (NP (JJ elementary) (NN school))) (ADVP-TMP (NNS years) (RB ago)) (ADVP-TMP (-NONE- *T*-1))))) (EDITED (RM (-DFL- \[)) (S (NP-SBJ (PRP they)) (VP-UNF (VBD were))) (, ,) (IP (-DFL- \+)) (RS (-DFL- \]))) (PRN (S (NP-SBJ (PRP you)) (VP (VBP know))) (, ,)) (NP-SBJ (PRP we)) (VP (VBD learned) (SBAR (WHNP-2 (WP what)) (S (NP-SBJ (NP (DT a) (NN centimeter)) (NAC (-NONE- *ICH*-3))) (VP (VBD was) (NP-PRD (-NONE- *T*-2)) (NAC-3 (CC and) (NP (NP (DT a) (NN decimeter)) (CC and) (EDITED (RM (-DFL- \[)) (NP-UNF (DT the) (JJ various)) (, ,) (IP (-DFL- \+))) (PRN (S (NP-SBJ (PRP you)) (VP (VBP know)))) (ADVP (RB basically)) (NP (NP (DT the) (JJ other) (RS (-DFL- \])) (JJ alternate) (NNS forms)) (PP (IN of) (NP (NNS measurements)))) (, ,) (NP (NP (NNS things)) (PP (IN like) (NP (DT that)))))))))) (. .) (-DFL- E_S))",115
sw05utt/sw_0529_2324.utt,2/sw2324,2324,88,b,A,43,1,Right. /,[ Right/UH ] ./.,(INTJ (UH Right) (. .) (-DFL- E_S)),120
sw05utt/sw_0529_2324.utt,2/sw2324,2324,89,+,B,44,1,"-- basically the other ] alternate forms of measurements, things like that. /","--/: basically/RB  [ the/DT other/JJ alternate/JJ forms/NNS ] of/IN  [ measurements/NNS ] ,/,  [ things/NNS ] like/IN  [ that/DT ] ./.","(S (SBAR-TMP (WHADVP-1 (RB even) (WRB when)) (S (NP-SBJ (PRP I)) (VP (VBD was) (PP-PRD (IN in) (NP (JJ elementary) (NN school))) (ADVP-TMP (NNS years) (RB ago)) (ADVP-TMP (-NONE- *T*-1))))) (EDITED (RM (-DFL- \[)) (S (NP-SBJ (PRP they)) (VP-UNF (VBD were))) (, ,) (IP (-DFL- \+)) (RS (-DFL- \]))) (PRN (S (NP-SBJ (PRP you)) (VP (VBP know))) (, ,)) (NP-SBJ (PRP we)) (VP (VBD learned) (SBAR (WHNP-2 (WP what)) (S (NP-SBJ (NP (DT a) (NN centimeter)) (NAC (-NONE- *ICH*-3))) (VP (VBD was) (NP-PRD (-NONE- *T*-2)) (NAC-3 (CC and) (NP (NP (DT a) (NN decimeter)) (CC and) (EDITED (RM (-DFL- \[)) (NP-UNF (DT the) (JJ various)) (, ,) (IP (-DFL- \+))) (PRN (S (NP-SBJ (PRP you)) (VP (VBP know)))) (ADVP (RB basically)) (NP (NP (DT the) (JJ other) (RS (-DFL- \])) (JJ alternate) (NNS forms)) (PP (IN of) (NP (NNS measurements)))) (, ,) (NP (NP (NNS things)) (PP (IN like) (NP (DT that)))))))))) (. .) (-DFL- E_S))",115
sw05utt/sw_0529_2324.utt,2/sw2324,2324,90,b,A,45,1,Yeah. /,Yeah/UH ./.,(INTJ (UH Yeah) (. .) (-DFL- E_S)),106
sw05utt/sw_0529_2324.utt,2/sw2324,2324,91,sv,B,46,1,"[ {C And, } +  {C and } ] that's acceptable. /","And/CC ,/, and/CC  [ that/DT ] 's/BES acceptable/JJ ./.","(S (EDITED (RM (-DFL- \[)) (CC And) (, ,) (IP (-DFL- \+))) (CC and) (RS (-DFL- \])) (NP-SBJ (DT that)) (VP (BES 's) (ADJP-PRD (JJ acceptable))) (. .) (-DFL- E_S))",125
sw05utt/sw_0529_2324.utt,2/sw2324,2324,92,aa,A,47,1,"Yeah,  /","[ Yeah/UH ] ,/,","(INTJ (UH Yeah) (, ,) (-DFL- E_S))",127
sw05utt/sw_0529_2324.utt,2/sw2324,2324,93,sv,A,47,2,"I think it failed, too,  /","[ I/PRP ] think/VBP  [ it/PRP ] failed/VBD ,/, too/RB ,/,","(S (NP-SBJ (PRP I)) (VP (VBP think) (SBAR (-NONE- 0) (S (NP-SBJ (PRP it)) (VP (VBD failed) (, ,) (ADVP (RB too)) (, ,) (-DFL- E_S) (PP-PRP (IN because) (INTJ (UH like)) (SBAR-NOM (WHNP-1 (WP what)) (S (NP-SBJ (PRP you)) (VP (VBD said) (NP (-NONE- *T*-1)))))) (EDITED (RM (-DFL- \[)) (PP (IN of) (ADVP (RB just))) (, ,) (IP (-DFL- \+)) (RS (-DFL- \]))))))))",128
sw05utt/sw_0529_2324.utt,2/sw2324,2324,94,sv(^q),A,47,3,"{C because } like what you said [ of just, + ] {D you know, }   hey this is ridiculous.  /","because/IN like/UH  [ what/WP ] [ you/PRP ] said/VBD of/IN just/RB ,/,  [ you/PRP ] know/VBP ,/, hey/UH  [ this/DT ] is/VBZ ridiculous/JJ ./.","(S (NP-SBJ (PRP I)) (VP (VBP think) (SBAR (-NONE- 0) (S (NP-SBJ (PRP it)) (VP (VBD failed) (, ,) (ADVP (RB too)) (, ,) (-DFL- E_S) (PP-PRP (IN because) (INTJ (UH like)) (SBAR-NOM (WHNP-1 (WP what)) (S (NP-SBJ (PRP you)) (VP (VBD said) (NP (-NONE- *T*-1)))))) (EDITED (RM (-DFL- \[)) (PP (IN of) (ADVP (RB just))) (, ,) (IP (-DFL- \+)) (RS (-DFL- \]))))))))|||(S (PRN (S (NP-SBJ (PRP you)) (VP (VBP know))) (, ,)) (INTJ (UH hey)) (NP-SBJ (DT this)) (VP (VBZ is) (ADJP-PRD (JJ ridiculous))) (. .) (-DFL- E_S))",128|||129
sw05utt/sw_0529_2324.utt,2/sw2324,2324,95,sv,A,47,4,The thing Americans have so much stress on them right now. /,[ The/DT thing/NN Americans/NNPS ] have/VB  [ so/RB much/JJ stress/NN ] on/IN  [ them/PRP ] right/RB now/RB ./.,(S (NP-ADV (DT The) (NN thing)) (NP-SBJ (NNPS Americans)) (VP (VB have) (NP (ADJP (RB so) (JJ much)) (NN stress)) (PP (IN on) (NP (PRP them))) (ADVP-TMP (RB right) (RB now))) (. .) (-DFL- E_S)),130
sw05utt/sw_0529_2324.utt,2/sw2324,2324,96,b,B,48,1,Yeah  <<faint>>. /,Yeah/UH ./.,(INTJ (UH Yeah) (. .) (-DFL- E_S)),106
sw05utt/sw_0529_2324.utt,2/sw2324,2324,97,sv,A,49,1,"{E I mean } if you look at the average family it's, like, man, they barely have time to stop and get gas, much less to try and figure out how much gas they're really getting  and --","[ I/PRP ] mean/VBP if/IN  [ you/PRP ] look/VBP at/IN  [ the/DT average/JJ family/NN ] [ it/PRP ] 's/BES ,/, like/UH ,/,  [ man/UH ] ,/,  [ they/PRP ] barely/RB have/VBP  [ time/NN ] to/TO stop/VB and/CC get/VB  [ gas/NN ] ,/, much/RB less/RBR to/TO try/VB and/CC figure/VB out/RP how/WRB  [ much/JJ gas/NN ] [ they/PRP ] 're/VBP really/RB getting/VBG and/CC --/:","(S (PRN (S (NP-SBJ (PRP I)) (VP (VBP mean)))) (SBAR-ADV (IN if) (S (NP-SBJ (PRP you)) (VP (VBP look) (PP (IN at) (NP (DT the) (JJ average) (NN family)))))) (NP-SBJ (PRP it)) (VP (BES 's) (, ,) (SBAR-PRD (UH like) (, ,) (INTJ (UH man)) (, ,) (S (NP-SBJ (PRP they)) (ADVP (RB barely)) (VP (VBP have) (NP (NP (NN time)) (SBAR (WHADVP-2 (-NONE- 0)) (S (S (NP-SBJ (-NONE- *)) (VP (TO to) (VP (VP (VB stop)) (CC and) (VP (VB get) (NP (NN gas)))))) (, ,) (CONJP (RB much) (RBR less)) (S (NP-SBJ (-NONE- *)) (VP (TO to) (VP (VP (VP (VB try)) (CC and) (VP (VB figure) (PRT (RP out)) (SBAR (WHNP-1 (WHADJP (WRB how) (JJ much)) (NN gas)) (S (NP-SBJ (PRP they)) (VP (VBP 're) (ADVP (RB really)) (VP (VBG getting) (NP (-NONE- *T*-1)))))))) (CC and) (VP (VB do) (NP (PDT all) (DT this)))))) (ADVP (-NONE- *T*-2))))))))) (. .) (-DFL- E_S))",134
sw05utt/sw_0529_2324.utt,2/sw2324,2324,98,aa,B,50,1,Really <laughter>. /,Really/UH ./.,(INTJ (UH Really) (. .) (-DFL- E_S)),136
sw05utt/sw_0529_2324.utt,2/sw2324,2324,99,+,A,51,1,-- do all this.  /,--/: do/VB  [ all/PDT this/DT ] ./.,"(S (PRN (S (NP-SBJ (PRP I)) (VP (VBP mean)))) (SBAR-ADV (IN if) (S (NP-SBJ (PRP you)) (VP (VBP look) (PP (IN at) (NP (DT the) (JJ average) (NN family)))))) (NP-SBJ (PRP it)) (VP (BES 's) (, ,) (SBAR-PRD (UH like) (, ,) (INTJ (UH man)) (, ,) (S (NP-SBJ (PRP they)) (ADVP (RB barely)) (VP (VBP have) (NP (NP (NN time)) (SBAR (WHADVP-2 (-NONE- 0)) (S (S (NP-SBJ (-NONE- *)) (VP (TO to) (VP (VP (VB stop)) (CC and) (VP (VB get) (NP (NN gas)))))) (, ,) (CONJP (RB much) (RBR less)) (S (NP-SBJ (-NONE- *)) (VP (TO to) (VP (VP (VP (VB try)) (CC and) (VP (VB figure) (PRT (RP out)) (SBAR (WHNP-1 (WHADJP (WRB how) (JJ much)) (NN gas)) (S (NP-SBJ (PRP they)) (VP (VBP 're) (ADVP (RB really)) (VP (VBG getting) (NP (-NONE- *T*-1)))))))) (CC and) (VP (VB do) (NP (PDT all) (DT this)))))) (ADVP (-NONE- *T*-2))))))))) (. .) (-DFL- E_S))",134
sw05utt/sw_0529_2324.utt,2/sw2324,2324,100,sv(^q),A,51,2,"It's like, {E I mean } come on let's take the pressure, /","[ It/PRP ] [ 's/BES ] like/IN ,/,  [ I/PRP ] mean/VBP come/VB on/RP let/VB  [ 's/PRP ] take/VB  [ the/DT pressure/NN ] ,/,","(S (NP-SBJ (PRP It)) (VP (BES 's) (INTJ (IN like)) (PRN (, ,) (S (NP-SBJ (PRP I)) (VP (VBP mean)))) (S-IMP-SEZ (NP-SBJ (-NONE- *)) (VP (VB come) (PRT (RP on))))))|||(S-IMP (NP-SBJ (-NONE- *)) (VP (VB let) (S (NP-SBJ (PRP 's)) (VP (VB take) (NP (DT the) (NN pressure))))) (, ,) (-DFL- E_S))",138|||139
sw05utt/sw_0529_2324.utt,2/sw2324,2324,101,sv,B,52,1,"You know you need twenty gallons, but [ do + ] you need how many liters <laughter>. /","[ You/PRP ] know/VBP  [ you/PRP ] need/VBP  [ twenty/CD gallons/NNS ] ,/, but/CC do/VBP  [ you/PRP ] need/VB how/WRB  [ many/JJ liters/NNS ] ./.","(S (NP-SBJ (PRP You)) (VP (VBP know) (SBAR (-NONE- 0) (S (NP-SBJ (PRP you)) (VP (VBP need) (NP (CD twenty) (NNS gallons)))))) (, ,))|||(SQ (CC but) (RM (-DFL- \[)) (VBP do) (IP (-DFL- \+)) (RS (-DFL- \])) (NP-SBJ (PRP you)) (VP (VB need) (NP (ADJP (WRB how) (JJ many)) (NNS liters))) (. .) (-DFL- E_S))",141|||142
sw05utt/sw_0529_2324.utt,2/sw2324,2324,102,b,A,53,1,"Yeah,  /","Yeah/UH ,/,","(INTJ (UH Yeah) (, ,) (-DFL- E_S))",127
sw05utt/sw_0529_2324.utt,2/sw2324,2324,103,sv,A,53,2,{C and } it's just like another thing -- /,and/CC  [ it/PRP ] 's/BES just/RB like/IN  [ another/DT thing/NN ] --/:,(S (CC and) (NP-SBJ (PRP it)) (VP (BES 's) (ADVP (RB just)) (PP-PRD (IN like) (NP (DT another) (NN thing)))) (-DFL- E_S)),145
sw05utt/sw_0529_2324.utt,2/sw2324,2324,104,b,B,54,1,Yeah. /,Yeah/UH ./.,(INTJ (UH Yeah) (. .) (-DFL- E_S)),123
sw05utt/sw_0529_2324.utt,2/sw2324,2324,105,sv,A,55,1,-- the American family doesn't need any more pressure.   /,--/:  [ the/DT American/JJ family/NN ] does/VBZ n't/RB need/VB  [ any/RB more/JJR pressure/NN ] ./.,(S (NP-SBJ (DT the) (JJ American) (NN family)) (VP (VBZ does) (RB n't) (VP (VB need) (NP (ADJP (RB any) (JJR more)) (NN pressure)))) (. .) (-DFL- E_S)),149
sw05utt/sw_0529_2324.utt,2/sw2324,2324,106,sv,A,55,2,"Just leave them alone,  /","Just/RB leave/VB  [ them/PRP ] alone/RB ,/,","(S (NP-SBJ (-NONE- *)) (ADVP (RB Just)) (VP (VB leave) (NP-1 (PRP them)) (S-ADV (NP-SBJ (-NONE- *-1)) (ADJP-PRD (RB alone)))) (, ,) (-DFL- E_S))",150
sw05utt/sw_0529_2324.utt,2/sw2324,2324,107,sv,A,55,3,let them measure their  (( drinking ))  water in cups  /,let/VB  [ them/PRP ] measure/VB  [ their/PRP$ drinking/NN water/NN ] in/IN  [ cups/NNS ],(S-IMP (NP-SBJ (-NONE- *)) (VP (VB let) (S (NP-SBJ (PRP them)) (VP (VB measure) (NP (PRP$ their) (NN drinking) (NN water)) (PP (IN in) (NP (NNS cups)))))) (-DFL- E_S)),151
sw05utt/sw_0529_2324.utt,2/sw2324,2324,108,sv,A,55,4,{C and } --,and/CC --/:,"(S (EDITED (RM (-DFL- \[)) (CC And) (, ,) (IP (-DFL- \+))) (CC and) (RS (-DFL- \])) (NP-SBJ (DT that)) (VP (BES 's) (ADJP-PRD (JJ acceptable))) (. .) (-DFL- E_S))",125
sw05utt/sw_0529_2324.utt,2/sw2324,2324,109,b,B,56,1,Yeah. /,Yeah/UH ./.,(INTJ (UH Yeah) (. .) (-DFL- E_S)),123
sw05utt/sw_0529_2324.utt,2/sw2324,2324,110,+,A,57,1,-- leave them alone <laughter>. /,--/: leave/VB  [ them/PRP ] alone/RB ./.,(S-IMP (CC and) (NP-SBJ (-NONE- *)) (VP (VB leave) (NP-1 (PRP them)) (S (NP-SBJ (-NONE- *-1)) (ADJP-PRD (RB alone)))) (. .) (-DFL- E_S)),152
sw05utt/sw_0529_2324.utt,2/sw2324,2324,111,sv,B,58,1,"{C And } [ [ it, + it ] just doesn't, +  ((   ))  it just doesn't  ] make that much difference in the average life  /","And/CC  [ it/PRP ] ,/,  [ it/PRP ] just/RB does/VBZ n't/RB ,/, MUMBLEx/XX  [ it/PRP ] just/RB does/VBZ n't/RB make/VB  [ that/DT much/JJ difference/NN ] in/IN  [ the/DT average/JJ life/NN ]","(S (CC And) (EDITED (RM (-DFL- \[)) (EDITED (RM (-DFL- \[)) (NP-SBJ (PRP it)) (, ,) (IP (-DFL- \+))) (S (NP-SBJ (PRP it)) (RS (-DFL- \])) (ADVP (RB just)) (VP-UNF (VBZ does) (RB n't))) (, ,) (IP (-DFL- \+))) (X (XX MUMBLEx)) (NP-SBJ (PRP it)) (ADVP (RB just)) (VP (VBZ does) (RB n't) (RS (-DFL- \])) (VP (VB make) (NP (NP (ADJP (DT that) (JJ much)) (NN difference)) (PP (IN in) (NP (DT the) (JJ average) (NN life)))))) (-DFL- E_S))",157
sw05utt/sw_0529_2324.utt,2/sw2324,2324,112,sv,B,58,2,{C and } the scientific community and places where it's needed --,and/CC  [ the/DT scientific/JJ community/NN ] and/CC  [ places/NNS ] where/WRB  [ it/PRP ] 's/BES needed/VBN --/:,"(S (CC and) (NP-ADV (NP (DT the) (JJ scientific) (NN community)) (CC and) (NP (NP (NNS places)) (SBAR (WHADVP-2 (WRB where)) (S (NP-SBJ-1 (PRP it)) (VP (BES 's) (VP (VBN needed) (NP (-NONE- *-1)) (ADVP-LOC (-NONE- *T*-2)))))))) (PRN (S (NP-SBJ (PRP you)) (VP (VBP know))) (, ,)) (NP-SBJ (DT that)) (VP (BES 's) (ADJP-PRD (JJ fine))) (-DFL- E_S))",158
sw05utt/sw_0529_2324.utt,2/sw2324,2324,113,b,A,59,1,Yeah. /,Yeah/UH ./.,(INTJ (UH Yeah) (. .) (-DFL- E_S)),132
sw05utt/sw_0529_2324.utt,2/sw2324,2324,114,+,B,60,1,"-- {D you know, } that's fine  /","--/:  [ you/PRP ] know/VBP ,/,  [ that/DT ] 's/BES fine/JJ","(S (CC and) (NP-ADV (NP (DT the) (JJ scientific) (NN community)) (CC and) (NP (NP (NNS places)) (SBAR (WHADVP-2 (WRB where)) (S (NP-SBJ-1 (PRP it)) (VP (BES 's) (VP (VBN needed) (NP (-NONE- *-1)) (ADVP-LOC (-NONE- *T*-2)))))))) (PRN (S (NP-SBJ (PRP you)) (VP (VBP know))) (, ,)) (NP-SBJ (DT that)) (VP (BES 's) (ADJP-PRD (JJ fine))) (-DFL- E_S))",158
sw05utt/sw_0529_2324.utt,2/sw2324,2324,115,sv,B,60,2,"{C and } the rest of the world, {E I mean, } we are, - /","and/CC  [ the/DT rest/NN ] of/IN  [ the/DT world/NN ] ,/,  [ I/PRP ] mean/VBP ,/,  [ we/PRP ] are/VBP ,/,","(S (CC and) (NP-ADV (NP (DT the) (NN rest)) (PP (IN of) (NP (DT the) (NN world)))) (PRN (, ,) (S (NP-SBJ (PRP I)) (VP (VBP mean))) (, ,)) (NP-SBJ (PRP we)) (VP-UNF (VBP are)) (, ,) (-DFL- N_S))",162
sw05utt/sw_0529_2324.utt,2/sw2324,2324,116,%,B,60,3,"it's not, - /","[ it/PRP ] 's/BES not/RB ,/,","(S (NP-SBJ (PRP it)) (VP-UNF (BES 's) (RB not)) (, ,) (-DFL- N_S))",163
sw05utt/sw_0529_2324.utt,2/sw2324,2324,117,sv,B,60,4,"we may not be the top,  /","[ we/PRP ] may/MD not/RB be/VB  [ the/DT top/NN ] ,/,","(S (NP-SBJ (PRP we)) (VP (MD may) (RB not) (VP (VB be) (NP-PRD (DT the) (NN top)))) (, ,) (-DFL- E_S))",164
sw05utt/sw_0529_2324.utt,2/sw2324,2324,118,sd,B,60,5,"I don't know if we're the top,  /","[ I/PRP ] do/VBP n't/RB know/VB if/IN  [ we/PRP ] 're/VBP  [ the/DT top/NN ] ,/,","(S (NP-SBJ (PRP I)) (VP (VBP do) (RB n't) (VP (VB know) (SBAR (IN if) (S (NP-SBJ (PRP we)) (VP (VBP 're) (NP-PRD (DT the) (NN top))))))) (, ,) (-DFL- E_S))",165
sw05utt/sw_0529_2324.utt,2/sw2324,2324,119,sv,B,60,6,we're one of the top superpowers of the world. /,[ we/PRP ] 're/VBP  [ one/CD ] of/IN  [ the/DT top/JJ superpowers/NNS ] of/IN  [ the/DT world/NN ] ./.,(S (NP-SBJ (PRP we)) (VP (VBP 're) (NP-PRD (NP (CD one)) (PP (IN of) (NP (NP (DT the) (JJ top) (NNS superpowers)) (PP (IN of) (NP (DT the) (NN world))))))) (. .) (-DFL- E_S)),166
sw05utt/sw_0529_2324.utt,2/sw2324,2324,120,b,A,61,1,Uh-huh.  /,[ Uh-huh/UH ] ./.,(INTJ (UH Uh-huh) (. .) (-DFL- E_S)),168
sw05utt/sw_0529_2324.utt,2/sw2324,2324,121,%,A,61,2,"That's, -/","[ That/DT ] 's/BES ,/,","(S (NP-SBJ (DT That)) (VP-UNF (BES 's)) (, ,) (-DFL- N_S))",169
sw05utt/sw_0529_2324.utt,2/sw2324,2324,122,sd,B,62,1,"It may be arrogant,  /","[ It/PRP ] may/MD be/VB arrogant/JJ ,/,","(S (NP-SBJ (PRP It)) (VP (MD may) (VP (VB be) (ADJP-PRD (JJ arrogant)))) (, ,) (-DFL- E_S))",171
sw05utt/sw_0529_2324.utt,2/sw2324,2324,123,sv,B,62,2,"{C but } {E I mean, } let them come to us <laughter>. /","but/CC  [ I/PRP ] mean/VBP ,/, let/VB  [ them/PRP ] come/VB to/IN  [ us/PRP ] ./.","(S-IMP (CC but) (PRN (S (NP-SBJ (PRP I)) (VP (VBP mean))) (, ,)) (NP-SBJ (-NONE- *)) (VP (VB let) (S (NP-SBJ (PRP them)) (VP (VB come) (PP-DIR (IN to) (NP (PRP us)))))) (. .) (-DFL- E_S))",172
sw05utt/sw_0529_2324.utt,2/sw2324.pos,2324,124,x,A,63,1,<Laughter>.,./.
sw05utt/sw_0529_2324.utt,2/sw2324,2324,125,sd,B,64,1,That's kind of the way I feel about it.  /,[ That/DT ] 's/BES  [ kind/RB ] of/RB  [ the/DT way/NN ] [ I/PRP ] feel/VBP about/IN  [ it/PRP ] ./.,(S (NP-SBJ (DT That)) (VP (BES 's) (ADVP (RB kind) (RB of)) (NP-PRD (NP (DT the) (NN way)) (SBAR (WHADVP-1 (-NONE- 0)) (S (NP-SBJ (PRP I)) (VP (VBP feel) (PP (IN about) (NP (PRP it))) (ADVP-MNR (-NONE- *T*-1))))))) (. .) (-DFL- E_S)),175
sw05utt/sw_0529_2324.utt,2/sw2324,2324,126,sv,B,64,2,"We can convert, /","[ We/PRP ] can/MD convert/VB ,/,","(S (NP-SBJ (PRP We)) (VP (MD can) (VP (VB convert))) (, ,) (-DFL- E_S))",176
sw05utt/sw_0529_2324.utt,2/sw2324,2324,127,sv^2,A,65,1,"[ {C And, } +  {C and } ] if they don't like the way we do it just [ get off our, + don't worry about it. ]  {C And } I think, -/","And/CC ,/, and/CC if/IN  [ they/PRP ] do/VBP n't/RB like/VB  [ the/DT way/NN ] [ we/PRP ] do/VBP  [ it/PRP ] just/RB get/VB off/IN  [ our/PRP$ ] ,/, do/VBP n't/RB worry/VB about/IN  [ it/PRP ] ./.  And/CC  [ I/PRP ] think/VBP ,/,","(S-IMP (EDITED (RM (-DFL- \[)) (CC And) (, ,) (IP (-DFL- \+))) (CC and) (RS (-DFL- \])) (SBAR-ADV (IN if) (S (NP-SBJ (PRP they)) (VP (VBP do) (RB n't) (VP (VB like) (NP (NP (DT the) (NN way)) (SBAR (WHADVP-1 (-NONE- 0)) (S (NP-SBJ (PRP we)) (VP (VBP do) (NP (PRP it)) (ADVP-MNR (-NONE- *T*-1)))))))))) (NP-SBJ (-NONE- *)) (ADVP (RB just)) (EDITED (RM (-DFL- \[)) (VP (VB get) (PP (IN off) (NP-UNF (PRP$ our)))) (, ,) (IP (-DFL- \+))) (VP (VBP do) (RB n't) (VP (VB worry) (PP (IN about) (NP (PRP it))))) (. .) (RS (-DFL- \])))|||(S (CC And) (NP-SBJ (PRP I)) (VP-UNF (VBP think)) (, ,) (-DFL- N_S))",178|||179
sw05utt/sw_0529_2324.utt,2/sw2324,2324,128,b,B,66,1,"Yeah,  /","Yeah/UH ,/,","(INTJ (UH Yeah) (, ,) (-DFL- E_S))",181
sw05utt/sw_0529_2324.utt,2/sw2324,2324,129,sv,B,66,2,"[ it, + it's  ] kind of like expecting everyone to suddenly speak German.","[ it/PRP ] ,/,  [ it/PRP ] 's/BES  [ kind/RB ] of/RB like/IN expecting/VBG  [ everyone/NN ] to/TO suddenly/RB speak/VB  [ German/NNP ] ./.","(S (EDITED (RM (-DFL- \[)) (NP-SBJ (PRP it)) (, ,) (IP (-DFL- \+))) (NP-SBJ (PRP it)) (VP (BES 's) (RS (-DFL- \])) (ADVP (RB kind) (RB of)) (SBAR-PRD (IN like) (S (NP-SBJ (-NONE- *)) (VP (VBG expecting) (S (NP-SBJ (NN everyone)) (VP (TO to) (ADVP (RB suddenly)) (VP (VB speak) (NP (NNP German)))))))) (PRN (. .) (S (NP-SBJ (PRP You)) (VP (VBP know))))) (. .) (-DFL- E_S))",182
sw05utt/sw_0529_2324.utt,2/sw2324,2324,130,aa,A,67,1,"Right,  /","Right/UH ,/,","(INTJ (UH Right) (, ,) (-DFL- E_S))",184
sw05utt/sw_0529_2324.utt,2/sw2324,2324,131,%,A,67,2,it is -- /,[ it/PRP ] is/VBZ --/:,(S (NP-SBJ (PRP it)) (VP (VBZ is) (SBAR-PRD (-NONE- *?*))) (-DFL- E_S)),185
sw05utt/sw_0529_2324.utt,2/sw2324,2324,132,+,B,68,1,{D You know. } /,[ You/PRP ] know/VBP ./.,"(S (EDITED (RM (-DFL- \[)) (NP-SBJ (PRP it)) (, ,) (IP (-DFL- \+))) (NP-SBJ (PRP it)) (VP (BES 's) (RS (-DFL- \])) (ADVP (RB kind) (RB of)) (SBAR-PRD (IN like) (S (NP-SBJ (-NONE- *)) (VP (VBG expecting) (S (NP-SBJ (NN everyone)) (VP (TO to) (ADVP (RB suddenly)) (VP (VB speak) (NP (NNP German)))))))) (PRN (. .) (S (NP-SBJ (PRP You)) (VP (VBP know))))) (. .) (-DFL- E_S))",182
sw05utt/sw_0529_2324.utt,2/sw2324,2324,133,sd,A,69,1,"-- {C because } it is another language,  /","--/: because/IN  [ it/PRP ] is/VBZ  [ another/DT language/NN ] ,/,","(SBAR-PRP (IN because) (S (NP-SBJ (PRP it)) (VP (VBZ is) (NP-PRD (DT another) (NN language)))) (, ,) (-DFL- E_S))",188
sw05utt/sw_0529_2324.utt,2/sw2324,2324,134,aa,A,69,2,yeah. /,yeah/UH ./.,(INTJ (UH yeah) (. .) (-DFL- E_S)),189
sw05utt/sw_0529_2324.utt,2/sw2324,2324,135,b,B,70,1,Yeah.  /,Yeah/UH ./.,(INTJ (UH Yeah) (. .) (-DFL- E_S)),160
sw05utt/sw_0529_2324.utt,2/sw2324,2324,136,sv,B,70,2,"[ {C And, } +  {C and, } ] instead of  (( saying ))  the world speak German we found out that we can translate <laughter>. /","And/CC ,/, and/CC ,/, instead/IN of/IN saying/VBG  [ the/DT world/NN ] speak/VBP  [ German/NNP we/PRP ] found/VBD out/RP that/IN  [ we/PRP ] can/MD translate/VB ./.","(S (EDITED (RM (-DFL- \[)) (CC And) (, ,) (IP (-DFL- \+))) (CC and) (, ,) (RS (-DFL- \])) (PP (IN instead) (IN of) (S-NOM (NP-SBJ (-NONE- *)) (VP (VBG saying) (SBAR (-NONE- 0) (S (NP-SBJ (DT the) (NN world)) (VP (VBP speak) (NP (NNP German)))))))) (NP-SBJ (PRP we)) (VP (VBD found) (PRT (RP out)) (SBAR (IN that) (S (NP-SBJ (PRP we)) (VP (MD can) (VP (VB translate)))))) (. .) (-DFL- E_S))",192
sw05utt/sw_0529_2324.utt,2/sw2324.pos,2324,137,x,A,71,1,<Laughter>.,./.
sw05utt/sw_0529_2324.utt,2/sw2324,2324,138,sv,B,72,1,{C And } that's what I think we ought to do with the metric system. /,And/CC  [ that/DT ] 's/BES  [ what/WP ] [ I/PRP ] think/VBP  [ we/PRP ] ought/MD to/TO do/VB with/IN  [ the/DT metric/JJ system/NN ] ./.,(S (CC And) (NP-SBJ (DT that)) (VP (BES 's) (SBAR-NOM-PRD (WHNP-1 (WP what)) (S (NP-SBJ (PRP I)) (VP (VBP think) (SBAR (-NONE- 0) (S (NP-SBJ-2 (PRP we)) (VP (MD ought) (S (NP-SBJ (-NONE- *-2)) (VP (TO to) (VP (VB do) (NP (-NONE- *T*-1)) (PP (IN with) (NP (DT the) (JJ metric) (NN system))))))))))))) (. .) (-DFL- E_S)),195
sw05utt/sw_0529_2324.utt,2/sw2324,2324,139,ba,A,73,1,That's funny.  /,[ That/DT ] 's/BES funny/JJ ./.,(S (NP-SBJ (DT That)) (VP (BES 's) (ADJP-PRD (JJ funny))) (. .) (-DFL- E_S)),197
sw05utt/sw_0529_2324.utt,2/sw2324,2324,140,ba,A,73,2,"{D Well, } that's good.  /","Well/RB ,/,  [ that/DT ] 's/BES good/JJ ./.","(S (RB Well) (, ,) (NP-SBJ (DT that)) (VP (BES 's) (ADJP-PRD (JJ good))) (. .) (-DFL- E_S))",198
sw05utt/sw_0529_2324.utt,2/sw2324,2324,141,sv,A,73,3,I think we kept it at real good. /,[ I/PRP ] think/VBP  [ we/PRP ] kept/VBD  [ it/PRP ] at/IN  [ real/RB good/NN ] ./.,(S (NP-SBJ (PRP I)) (VP (VBP think) (SBAR (-NONE- 0) (S (NP-SBJ (PRP we)) (VP (VBD kept) (NP (PRP it)) (X (PP (IN at) (NP-UNF (ADJP (RB real) (NN good))))))))) (. .) (-DFL- E_S)),199
sw05utt/sw_0529_2324.utt,2/sw2324,2324,142,b,B,74,1,<Laughter> Okay. /,Okay/UH ./.,(INTJ (UH Okay) (. .) (-DFL- E_S)),201
sw05utt/sw_0529_2324.utt,2/sw2324,2324,143,qy,A,75,1,Is that all we need to say? /,Is/VBZ  [ that/DT ] [ all/DT ] [ we/PRP ] need/VBP to/TO say/VB ?/.,(SQ (VBZ Is) (NP-SBJ (DT that)) (NP-PRD (NP (DT all)) (SBAR (WHNP-2 (-NONE- 0)) (S (NP-SBJ-1 (PRP we)) (VP (VBP need) (S (NP-SBJ (-NONE- *-1)) (VP (TO to) (VP (VB say) (NP (-NONE- *T*-2))))))))) (. ?) (-DFL- E_S)),203
sw05utt/sw_0529_2324.utt,2/sw2324,2324,144,ny,B,76,1,Yeah.  /,Yeah/UH ./.,(INTJ (UH Yeah) (. .) (-DFL- E_S)),191
sw05utt/sw_0529_2324.utt,2/sw2324,2324,145,fc,B,76,2,It's been nice talking to you. /,[ It/PRP ] 's/HVS been/VBN  [ nice/JJ ] talking/VBG to/IN  [ you/PRP ] ./.,(S (NP-SBJ (NP (PRP It)) (S (-NONE- *EXP*-1))) (VP (HVS 's) (VP (VBN been) (ADJP-PRD (JJ nice)) (S-1 (NP-SBJ (-NONE- *)) (VP (VBG talking) (PP (IN to) (NP (PRP you))))))) (. .) (-DFL- E_S)),206
sw05utt/sw_0529_2324.utt,2/sw2324,2324,146,fc,A,77,1,"You, too.  /","[ You/PRP ] ,/, too/RB ./.","(FRAG (NP (PRP You)) (, ,) (ADVP (RB too)) (. .) (-DFL- E_S))",208
sw05utt/sw_0529_2324.utt,2/sw2324,2324,147,fc,A,77,2,I think that was good. /,[ I/PRP ] think/VBP  [ that/DT ] was/VBD good/JJ ./.,(S (NP-SBJ (PRP I)) (VP (VBP think) (SBAR (-NONE- 0) (S (NP-SBJ (DT that)) (VP (VBD was) (ADJP-PRD (JJ good)))))) (. .) (-DFL- E_S)),209
sw05utt/sw_0529_2324.utt,2/sw2324,2324,148,fc,B,78,1,Okay. /,Okay/UH ./.,(INTJ (UH Okay) (. .) (-DFL- E_S)),201
sw05utt/sw_0529_2324.utt,2/sw2324,2324,149,fc,A,79,1,That was the best one.  /,[ That/DT ] was/VBD  [ the/DT best/JJS one/CD ] ./.,(S (NP-SBJ (DT That)) (VP (VBD was) (NP-PRD (DT the) (JJS best) (CD one))) (. .) (-DFL- E_S)),213
sw05utt/sw_0529_2324.utt,2/sw2324,2324,150,fc,A,79,2,Usually I get distracted off the topic.  /,Usually/RB  [ I/PRP ] get/VBP distracted/JJ off/IN  [ the/DT topic/NN ] ./.,(S (ADVP-TMP (RB Usually)) (NP-SBJ (PRP I)) (VP (VBP get) (ADJP-PRD (JJ distracted) (PP (IN off) (NP (DT the) (NN topic))))) (. .) (-DFL- E_S)),214
sw05utt/sw_0529_2324.utt,2/sw2324,2324,151,fc,A,79,3,You know what I mean. /,[ You/PRP ] know/VBP  [ what/WP ] [ I/PRP ] mean/VBP ./.,(S (NP-SBJ (PRP You)) (VP (VBP know) (SBAR (WHNP-1 (WP what)) (S (NP-SBJ (PRP I)) (VP (VBP mean) (NP (-NONE- *T*-1)))))) (. .) (-DFL- E_S)),215
sw05utt/sw_0529_2324.utt,2/sw2324,2324,152,fc,B,80,1,Yeah. /,Yeah/UH ./.,(INTJ (UH Yeah) (. .) (-DFL- E_S)),191
sw05utt/sw_0529_2324.utt,2/sw2324,2324,153,fc,A,81,1,"{C And } we'll end up, one man was telling me about his grandfather in Lithuania,  /","And/CC  [ we/PRP ] 'll/MD end/VB up/RP ,/,  [ one/CD man/NN ] was/VBD telling/VBG  [ me/PRP ] about/IN  [ his/PRP$ grandfather/NN ] in/IN  [ Lithuania/NNP ] ,/,","(S (CC And) (NP-SBJ (PRP we)) (VP (MD 'll) (VP-UNF (VB end) (PRT (RP up)))) (, ,))|||(S (NP-SBJ (CD one) (NN man)) (VP (VBD was) (VP (VBG telling) (NP (PRP me)) (PP (IN about) (NP (NP (PRP$ his) (NN grandfather)) (PP-LOC (IN in) (NP (NNP Lithuania))))))) (, ,) (-DFL- E_S))",219|||220
sw05utt/sw_0529_2324.utt,2/sw2324,2324,154,fc,A,81,2,"{C and } we were talking about [ something tot-, + ] income tax or something. /","and/CC  [ we/PRP ] were/VBD talking/VBG about/IN  [ something/NN ] tot-/XX ,/,  [ income/NN tax/NN ] or/CC  [ something/NN ] ./.","(S (CC and) (NP-SBJ (PRP we)) (VP (VBD were) (VP (VBG talking) (PP (IN about) (EDITED (RM (-DFL- \[)) (NP (NP (NN something)) (ADJP-UNF (XX tot-))) (, ,) (IP (-DFL- \+))) (RS (-DFL- \])) (NP (NP (NN income) (NN tax)) (CC or) (NP (NN something)))))) (. .) (-DFL- E_S))",221
sw05utt/sw_0529_2324.utt,2/sw2324,2324,155,fc,B,82,1,<Laughter> <baby_crying>.  All right. /,./.  [ All/UH right/UH ] ./.,"(S (CC and) (NP-SBJ (PRP we)) (VP (VBD were) (VP (VBG talking) (PP (IN about) (EDITED (RM (-DFL- \[)) (NP (NP (NN something)) (ADJP-UNF (XX tot-))) (, ,) (IP (-DFL- \+))) (RS (-DFL- \])) (NP (NP (NN income) (NN tax)) (CC or) (NP (NN something)))))) (. .) (-DFL- E_S))|||(INTJ (UH All) (UH right) (. .) (-DFL- E_S))",221|||223
sw05utt/sw_0529_2324.utt,2/sw2324,2324,156,fc,A,83,1,"{C And } I just, -/","And/CC  [ I/PRP ] just/RB ,/,","(S-UNF (CC And) (NP-SBJ (PRP I)) (ADVP (RB just)) (, ,) (-DFL- N_S))",225
sw05utt/sw_0529_2324.utt,2/sw2324,2324,157,fc,B,84,1,"{D Well, } good talking to you. /","Well/UH ,/, good/JJ talking/VBG to/IN  [ you/PRP ] ./.","(FRAG (INTJ (UH Well)) (, ,) (ADJP-PRD (JJ good)) (S (NP-SBJ (-NONE- *)) (VP (VBG talking) (PP (IN to) (NP (PRP you))))) (. .) (-DFL- E_S))",227
sw05utt/sw_0529_2324.utt,2/sw2324,2324,158,fc,A,85,1,"Anyway, I appreciate it.  /","Anyway/RB ,/,  [ I/PRP ] appreciate/VBP  [ it/PRP ] ./.","(S (ADVP (RB Anyway)) (, ,) (NP-SBJ (PRP I)) (VP (VBP appreciate) (NP (PRP it))) (. .) (-DFL- E_S))",229
sw05utt/sw_0529_2324.utt,2/sw2324,2324,159,fc,A,85,2,Have a good day. /,Have/VB  [ a/DT good/JJ day/NN ] ./.,(S-IMP (NP-SBJ (-NONE- *)) (VP (VB Have) (NP (DT a) (JJ good) (NN day))) (. .) (-DFL- E_S)),230
sw05utt/sw_0529_2324.utt,2/sw2324,2324,160,fc,B,86,1,Bye-bye. /,[ Bye-bye/UH ] ./.,(INTJ (UH Bye-bye) (. .) (-DFL- E_S)),232
