swda_filename,ptb_basename,conversation_no,transcript_index,act_tag,caller,utterance_index,subutterance_index,text,pos,trees,ptb_treenumbers
sw05utt/sw_0575_4114.utt,4/sw4114,4114,0,qo,A,1,1,"{D So, } how you like New Jersey? /","So/UH ,/, how/WRB  [ you/PRP ] like/VBP  [ New/NNP Jersey/NNP ] ?/.","(SBARQ (INTJ (UH So)) (, ,) (WHADVP-1 (WRB how)) (SQ (NP-SBJ (PRP you)) (VP (VBP like) (NP (NNP New) (NNP Jersey)) (ADVP (-NONE- *T*-1)))) (. ?) (-DFL- E_S))",1
sw05utt/sw_0575_4114.utt,4/sw4114,4114,1,sv,B,2,1,"{F Uh, } it's pretty good, {D you know. }   /","[ Uh/UH ] ,/,  [ it/PRP ] 's/BES pretty/RB good/JJ ,/,  [ you/PRP ] know/VBP ./.","(S (INTJ (UH Uh)) (, ,) (NP-SBJ (PRP it)) (VP (BES 's) (ADJP-PRD (RB pretty) (JJ good)) (PRN (, ,) (S (NP-SBJ (PRP you)) (VP (VBP know))))) (. .) (-DFL- E_S))",3
sw05utt/sw_0575_4114.utt,4/sw4114,4114,2,sd,B,2,2,"You get, {F uh, } closer to the, {F uh, } coast here,  /","[ You/PRP ] get/VBP ,/,  [ uh/UH ] ,/, closer/RB to/IN  [ the/DT ] ,/,  [ uh/UH ] ,/,  [ coast/NN ] here/RB ,/,","(S (NP-SBJ (PRP You)) (VP (VBP get) (, ,) (INTJ (UH uh)) (, ,) (ADVP-LOC (RB closer) (PP (IN to) (NP (DT the) (, ,) (INTJ (UH uh)) (, ,) (NN coast)))) (ADVP-LOC (RB here))) (, ,) (-DFL- E_S))",4
sw05utt/sw_0575_4114.utt,4/sw4114,4114,3,sd,B,2,3,"{C and } you do get a good bit of, {F uh, } smog and stuff, especially from all the, {F uh, } fuel cracking towers and chemical plants. /","and/CC  [ you/PRP ] do/VBP get/VB  [ a/DT good/JJ bit/NN ] of/IN ,/,  [ uh/UH ] ,/,  [ smog/NN ] and/CC  [ stuff/NN ] ,/, especially/RB from/IN  [ all/PDT the/DT ] ,/,  [ uh/UH ] ,/,  [ fuel/NN ] cracking/NN  [ towers/NNS ] and/CC  [ chemical/NN plants/NNS ] ./.","(S (CC and) (NP-SBJ (PRP you)) (VP (VBP do) (VP (VB get) (NP (NP (DT a) (JJ good) (NN bit)) (PP (IN of) (, ,) (INTJ (UH uh)) (, ,) (NP (NN smog) (CC and) (NN stuff)))) (, ,) (PP (ADVP (RB especially)) (IN from) (NP (PDT all) (DT the) (, ,) (INTJ (UH uh)) (, ,) (NX (NX (NN fuel) (NN cracking) (NNS towers)) (CC and) (NX (NN chemical) (NNS plants))))))) (. .) (-DFL- E_S))",5
sw05utt/sw_0575_4114.utt,4/sw4114,4114,4,b,A,3,1,"Right,  /","[ Right/UH ] ,/,","(INTJ (UH Right) (, ,) (-DFL- E_S))",7
sw05utt/sw_0575_4114.utt,4/sw4114,4114,5,qy,A,3,2,"[ I guess, +  {F uh, } {A I don't know what part of New Jersey you're in, but } I guess ] it's, {F uh, } fairly industrial? /","[ I/PRP ] guess/VBP ,/, uh/UH ,/,  [ I/PRP ] do/VBP n't/RB know/VB  [ what/WP part/NN ] of/IN  [ New/NNP Jersey/NNP you/PRP ] 're/VBP in/IN ,/, but/CC  [ I/PRP ] guess/VBP  [ it/PRP ] 's/BES ,/,  [ uh/UH ] ,/, fairly/RB industrial/JJ ?/.","(S (EDITED (RM (-DFL- \[)) (S (NP-SBJ (PRP I)) (VP-UNF (VBP guess))) (, ,) (IP (-DFL- \+))) (INTJ (UH uh)) (PRN (, ,) (S (NP-SBJ (PRP I)) (VP (VBP do) (RB n't) (VP (VB know) (SBAR (WHNP-1 (WHNP (WP what) (NN part)) (PP (IN of) (NP (NNP New) (NNP Jersey)))) (S (NP-SBJ (PRP you)) (VP (VBP 're) (PP-LOC-PRD (IN in) (NP (-NONE- *T*-1))))))))) (, ,) (CC but)) (NP-SBJ (PRP I)) (VP (VBP guess) (RS (-DFL- \])) (SBAR (-NONE- 0) (S (NP-SBJ (PRP it)) (VP (BES 's) (, ,) (INTJ (UH uh)) (, ,) (ADJP-PRD (RB fairly) (JJ industrial)))))) (. ?) (-DFL- E_S))",8
sw05utt/sw_0575_4114.utt,4/sw4114,4114,6,ny,B,4,1,"Yeah,  /","Yeah/UH ,/,","(INTJ (UH Yeah) (, ,) (-DFL- E_S))",10
sw05utt/sw_0575_4114.utt,4/sw4114,4114,7,%,B,4,2,"it's, - /","[ it/PRP ] 's/BES ,/,","(S (NP-SBJ (PRP it)) (VP-UNF (BES 's)) (, ,) (-DFL- N_S))",11
sw05utt/sw_0575_4114.utt,4/sw4114,4114,8,sd,B,4,3,when you get further east towards New York City it gets very industrial -- /,when/WRB  [ you/PRP ] get/VBP further/RB east/RB towards/IN  [ New/NNP York/NNP City/NNP ] [ it/PRP ] gets/VBZ very/RB industrial/JJ --/:,(S (SBAR-ADV (WHADVP-1 (WRB when)) (S (NP-SBJ (PRP you)) (VP (VBP get) (ADVP (RB further) (RB east)) (PP (IN towards) (NP (NNP New) (NNP York) (NNP City))) (ADVP (-NONE- *T*-1))))) (NP-SBJ (PRP it)) (VP (VBZ gets) (ADJP-PRD (RB very) (JJ industrial))) (-DFL- E_S)),12
sw05utt/sw_0575_4114.utt,4/sw4114,4114,9,b,A,5,1,"Right, uh-huh. /","Right/UH ,/,  [ uh-huh/UH ] ./.","(INTJ (INTJ (UH Right)) (, ,) (INTJ (UH uh-huh)) (. .) (-DFL- E_S))",14
sw05utt/sw_0575_4114.utt,4/sw4114,4114,10,sd,B,6,1,"-- {C but } [ I'm, + I'm  ] about, {F uh, } thirty miles west of there  /","--/: but/CC  [ I/PRP ] 'm/VBP ,/,  [ I/PRP ] 'm/VBP about/RB ,/,  [ uh/UH ] ,/,  [ thirty/CD miles/NNS ] west/RB of/IN there/RB","(S (CC but) (EDITED (RM (-DFL- \[)) (S (NP-SBJ (PRP I)) (VP-UNF (VBP 'm))) (, ,) (IP (-DFL- \+))) (NP-SBJ (PRP I)) (VP (VBP 'm) (RS (-DFL- \])) (ADVP-PRD (NP-ADV (QP (RB about) (, ,) (INTJ (UH uh)) (, ,) (CD thirty)) (NNS miles)) (RB west) (PP (IN of) (ADVP-LOC (RB there))))) (-DFL- E_S))",16
sw05utt/sw_0575_4114.utt,4/sw4114,4114,11,sd,B,6,2,"{C so } you have, {F uh, } actually green trees and such that you --","so/RB  [ you/PRP ] have/VBP ,/,  [ uh/UH ] ,/, actually/RB  [ green/JJ trees/NNS ] and/CC such/JJ that/WDT  [ you/PRP ] --/:","(S (RB so) (NP-SBJ (PRP you)) (VP (VBP have) (, ,) (INTJ (UH uh)) (, ,) (NP (RB actually) (JJ green) (NNS trees)) (EDITED (CC and)) (SBAR-ADV (JJ such) (WDT that) (S (NP-SBJ (PRP you)) (VP (VBP do) (RB n't) (VP (VB notice) (RM (-DFL- \[)) (SBAR (DT that) (, ,) (IP (-DFL- \+)) (S (NP-SBJ (NP (DT that) (RS (-DFL- \])) (JJ other) (NN part)) (PP (IN of) (NP (NNP New) (NNP Jersey)))) (VP (VBZ exists))))))))) (. .) (-DFL- E_S))",17
sw05utt/sw_0575_4114.utt,4/sw4114,4114,12,b,A,7,1,Yeah. /,Yeah/UH ./.,(INTJ (UH Yeah) (. .) (-DFL- E_S)),19
sw05utt/sw_0575_4114.utt,4/sw4114,4114,13,+,B,8,1,"-- don't notice [ that, + that  ] other part of --","--/: do/VBP n't/RB notice/VB that/DT ,/, that/DT  [ other/JJ part/NN ] of/IN --/:","(S (RB so) (NP-SBJ (PRP you)) (VP (VBP have) (, ,) (INTJ (UH uh)) (, ,) (NP (RB actually) (JJ green) (NNS trees)) (EDITED (CC and)) (SBAR-ADV (JJ such) (WDT that) (S (NP-SBJ (PRP you)) (VP (VBP do) (RB n't) (VP (VB notice) (RM (-DFL- \[)) (SBAR (DT that) (, ,) (IP (-DFL- \+)) (S (NP-SBJ (NP (DT that) (RS (-DFL- \])) (JJ other) (NN part)) (PP (IN of) (NP (NNP New) (NNP Jersey)))) (VP (VBZ exists))))))))) (. .) (-DFL- E_S))",17
sw05utt/sw_0575_4114.utt,4/sw4114,4114,14,b,A,9,1,Yeah <<faint>>. /,Yeah/UH ./.,(INTJ (UH Yeah) (. .) (-DFL- E_S)),19
sw05utt/sw_0575_4114.utt,4/sw4114,4114,15,+,B,10,1,-- New Jersey exists. /,--/:  [ New/NNP Jersey/NNP ] exists/VBZ ./.,"(S (RB so) (NP-SBJ (PRP you)) (VP (VBP have) (, ,) (INTJ (UH uh)) (, ,) (NP (RB actually) (JJ green) (NNS trees)) (EDITED (CC and)) (SBAR-ADV (JJ such) (WDT that) (S (NP-SBJ (PRP you)) (VP (VBP do) (RB n't) (VP (VB notice) (RM (-DFL- \[)) (SBAR (DT that) (, ,) (IP (-DFL- \+)) (S (NP-SBJ (NP (DT that) (RS (-DFL- \])) (JJ other) (NN part)) (PP (IN of) (NP (NNP New) (NNP Jersey)))) (VP (VBZ exists))))))))) (. .) (-DFL- E_S))",17
sw05utt/sw_0575_4114.utt,4/sw4114,4114,16,b,A,11,1,Right. /,[ Right/UH ] ./.,(INTJ (UH Right) (. .) (-DFL- E_S)),25
sw05utt/sw_0575_4114.utt,4/sw4114,4114,17,%,B,12,1,"Actually very, -/","Actually/UH very/RB ,/,","(S-UNF (ADVP (UH Actually)) (ADVP-UNF (RB very)) (, ,) (-DFL- N_S))",27
sw05utt/sw_0575_4114.utt,4/sw4114.pos,4114,18,x,A,13,1,<Laughter>.,./.
sw05utt/sw_0575_4114.utt,4/sw4114,4114,19,sd,B,14,1,"[ Y-, + {D you know, } you  ] go even a few [ wi-, + miles  ] out and you got, {F uh, } farms and  everything  /","[ Y-/PRP ] ,/,  [ you/PRP ] know/VBP ,/,  [ you/PRP ] go/VBP even/RB  [ a/DT few/JJ wi-/XX ] ,/,  [ miles/NNS ] out/IN and/CC  [ you/PRP ] got/VBN ,/,  [ uh/UH ] ,/,  [ farms/NNS ] and/CC  [ everything/NN ]","(S (EDITED (RM (-DFL- \[)) (NP-SBJ-UNF (PRP Y-)) (, ,) (IP (-DFL- \+))) (PRN (S (NP-SBJ (PRP you)) (VP (VBP know))) (, ,)) (NP-SBJ (PRP you)) (RS (-DFL- \])) (VP (VBP go) (ADVP (RB even)) (NP (DT a) (JJ few) (EDITED (RM (-DFL- \[)) (XX wi-) (, ,) (IP (-DFL- \+))) (NNS miles)) (RS (-DFL- \])) (ADVP-DIR (IN out))))|||(S (CC and) (NP-SBJ (PRP you)) (VP (VBN got) (, ,) (INTJ (UH uh)) (, ,) (NP (NNS farms) (CC and) (NN everything))) (-DFL- E_S))",30|||31
sw05utt/sw_0575_4114.utt,4/sw4114,4114,20,sd,B,14,2,"so you, relatively clear air. -/","so/RB  [ you/PRP ] ,/, relatively/RB  [ clear/JJ air/NN ] ./.","(X (RB so) (NP-SBJ (PRP you)) (, ,) (NP (ADJP (RB relatively) (JJ clear)) (NN air)) (. .) (-DFL- N_S))",32
sw05utt/sw_0575_4114.utt,4/sw4114,4114,21,b,A,15,1,Right. /,[ Right/UH ] ./.,(INTJ (UH Right) (. .) (-DFL- E_S)),25
sw05utt/sw_0575_4114.utt,4/sw4114,4114,22,%,B,16,1,"{C But, } {F uh, } -/","But/CC ,/,  [ uh/UH ] ,/,","(S-UNF (CC But) (, ,) (INTJ (UH uh)) (, ,) (-DFL- N_S))",36
sw05utt/sw_0575_4114.utt,4/sw4114,4114,23,h,A,17,1,"{D Well, } I don't know about you,  /","Well/UH ,/,  [ I/PRP ] do/VBP n't/RB know/VB about/IN  [ you/PRP ] ,/,","(S (INTJ (UH Well)) (, ,) (NP-SBJ (PRP I)) (VP (VBP do) (RB n't) (VP (VB know) (PP (IN about) (NP (PRP you))))) (, ,) (-DFL- E_S))",38
sw05utt/sw_0575_4114.utt,4/sw4114,4114,24,sv,A,17,2,"{C but } I've always considered automobiles to be, probably [ the, + the  ] prime contributor.  /","but/CC  [ I/PRP ] 've/VBP always/RB considered/VBN  [ automobiles/NNS ] to/TO be/VB ,/, probably/RB  [ the/DT ] ,/,  [ the/DT prime/JJ contributor/NN ] ./.","(S (CC but) (NP-SBJ (PRP I)) (VP (VBP 've) (ADVP-TMP (RB always)) (VP (VBN considered) (S (NP-SBJ (NNS automobiles)) (VP (TO to) (VP (VB be) (, ,) (ADVP (RB probably)) (EDITED (RM (-DFL- \[)) (NP-PRD-UNF (DT the)) (, ,) (IP (-DFL- \+))) (NP-PRD (DT the) (RS (-DFL- \])) (JJ prime) (NN contributor))))))) (. .) (-DFL- E_S))",39
sw05utt/sw_0575_4114.utt,4/sw4114,4114,25,sv,A,17,3,"{E I mean } there's a lot of contributors,  /","[ I/PRP ] mean/VBP  [ there/EX ] 's/BES  [ a/DT lot/NN ] of/IN  [ contributors/NNS ] ,/,","(S (PRN (S (NP-SBJ (PRP I)) (VP (VBP mean)))) (NP-SBJ (EX there)) (VP (BES 's) (NP-PRD (NP (DT a) (NN lot)) (PP (IN of) (NP (NNS contributors))))) (, ,) (-DFL- E_S))",40
sw05utt/sw_0575_4114.utt,4/sw4114,4114,26,sv,A,17,4,{C but } it seems that automobiles would probably do more than their fair share of that. /,but/CC  [ it/PRP ] seems/VBZ that/IN  [ automobiles/NNS ] would/MD probably/RB do/VB more/RBR than/IN  [ their/PRP$ fair/JJ share/NN ] of/IN  [ that/DT ] ./.,(S (CC but) (NP-SBJ (PRP it)) (VP (VBZ seems) (SBAR (IN that) (S (NP-SBJ (NNS automobiles)) (VP (MD would) (ADVP (RB probably)) (VP (VB do) (NP (NP (RBR more)) (PP (IN than) (NP (NP (PRP$ their) (JJ fair) (NN share)) (PP (IN of) (NP (DT that))))))))))) (. .) (-DFL- E_S)),41
sw05utt/sw_0575_4114.utt,4/sw4114,4114,27,aa,B,18,1,"{F Oh, } [ d-, + definitely.  ]  /","Oh/UH ,/,  [ d-/RB ] ,/, definitely/RB ./.","(FRAG (INTJ (UH Oh)) (, ,) (EDITED (RM (-DFL- \[)) (ADVP-UNF (RB d-)) (, ,) (IP (-DFL- \+))) (ADVP (RB definitely)) (. .) (RS (-DFL- \])) (-DFL- E_S))",43
sw05utt/sw_0575_4114.utt,4/sw4114,4114,28,%,B,18,2,It's -- -/,[ It/PRP ] [ 's/BES ] --/:,(S (NP-SBJ (PRP It)) (VP-UNF (BES 's)) (-DFL- N_S)),44
sw05utt/sw_0575_4114.utt,4/sw4114,4114,29,b,A,19,1,Yeah. /,Yeah/UH ./.,(INTJ (UH Yeah) (. .) (-DFL- E_S)),19
sw05utt/sw_0575_4114.utt,4/sw4114,4114,30,sd,B,20,1,"-- {F uh, } {D you know, } there are a large number of them on the road.  /","--/:  [ uh/UH ] ,/,  [ you/PRP ] know/VBP ,/,  [ there/EX ] are/VBP  [ a/DT large/JJ number/NN ] of/IN  [ them/PRP ] on/IN  [ the/DT road/NN ] ./.","(S (INTJ (UH uh)) (PRN (, ,) (S (NP-SBJ (PRP you)) (VP (VBP know))) (, ,)) (NP-SBJ (EX there)) (VP (VBP are) (NP-PRD (NP (DT a) (JJ large) (NN number)) (PP (IN of) (NP (PRP them))) (PP-LOC (IN on) (NP (DT the) (NN road))))) (. .) (-DFL- E_S))",48
sw05utt/sw_0575_4114.utt,4/sw4114,4114,31,sd,B,20,2,"They're all, {D you know, } going,  /","[ They/PRP ] 're/VBP  [ all/DT ] ,/,  [ you/PRP ] know/VBP ,/, going/VBG ,/,","(S (NP-SBJ (PRP They)) (VP (VBP 're) (DT all) (PRN (, ,) (S (NP-SBJ (PRP you)) (VP (VBP know))) (, ,)) (VP (VBG going))) (, ,) (-DFL- E_S))",49
sw05utt/sw_0575_4114.utt,4/sw4114,4114,32,sv,B,20,3,{C and } a lot of them are in relatively poor repair. /,and/CC  [ a/DT lot/NN ] of/IN  [ them/PRP ] are/VBP in/IN relatively/RB  [ poor/JJ repair/NN ] ./.,(S (CC and) (NP-SBJ (NP (DT a) (NN lot)) (PP (IN of) (NP (PRP them)))) (VP (VBP are) (PP-PRD (IN in) (NP (ADJP (RB relatively) (JJ poor)) (NN repair)))) (. .) (-DFL- E_S)),50
sw05utt/sw_0575_4114.utt,4/sw4114,4114,33,sv,A,21,1,"[ [ That's, + {D yeah, }  that's,  ] + that's  ] a big issue is, {D you know, }  /","[ That/DT ] 's/BES ,/, yeah/UH ,/,  [ that/DT ] 's/BES ,/,  [ that/DT ] 's/BES  [ a/DT big/JJ issue/NN ] is/VBZ ,/,  [ you/PRP ] know/VBP ,/,","(S (EDITED (RM (-DFL- \[)) (EDITED (RM (-DFL- \[)) (S (NP-SBJ (DT That)) (VP-UNF (BES 's))) (, ,) (IP (-DFL- \+))) (S (INTJ (UH yeah)) (, ,) (NP-SBJ (DT that)) (VP-UNF (BES 's))) (, ,) (RS (-DFL- \])) (IP (-DFL- \+))) (NP-SBJ (DT that)) (VP-UNF (BES 's)) (RS (-DFL- \])))|||(S (NP-SBJ (DT a) (JJ big) (NN issue)) (VP (VBZ is) (PRN (, ,) (S (NP-SBJ (PRP you)) (VP (VBP know))) (, ,)) (-DFL- E_S) (SBAR-PRD (-NONE- 0) (S (NP-SBJ (NP (DT a) (NN lot)) (PP (IN of) (NP (NNS states)))) (VP (VBP do) (RB n't) (VP (VB have) (NP (DT a) (, ,) (INTJ (UH uh)) (, ,) (NN inspection) (NN law)))))) (-DFL- E_S)))",52|||53
sw05utt/sw_0575_4114.utt,4/sw4114,4114,34,sd,A,21,2,"a lot of states don't have a, {F uh, } inspection law  /","[ a/DT lot/NN ] of/IN  [ states/NNS ] do/VBP n't/RB have/VB  [ a/DT ] ,/,  [ uh/UH ] ,/,  [ inspection/NN law/NN ]","(S (NP-SBJ (DT a) (JJ big) (NN issue)) (VP (VBZ is) (PRN (, ,) (S (NP-SBJ (PRP you)) (VP (VBP know))) (, ,)) (-DFL- E_S) (SBAR-PRD (-NONE- 0) (S (NP-SBJ (NP (DT a) (NN lot)) (PP (IN of) (NP (NNS states)))) (VP (VBP do) (RB n't) (VP (VB have) (NP (DT a) (, ,) (INTJ (UH uh)) (, ,) (NN inspection) (NN law)))))) (-DFL- E_S)))",53
sw05utt/sw_0575_4114.utt,4/sw4114,4114,35,sv,A,21,3,"{C so } [ you get, + you get  ] a lot of people out there without E T R, emission control systems on their cars and things like that. /","so/RB  [ you/PRP ] get/VBP ,/,  [ you/PRP ] get/VBP  [ a/DT lot/NN ] of/IN  [ people/NNS ] out/IN there/RB without/IN  [ E/NNP T/NNP R/NNP ] ,/,  [ emission/NN control/NN systems/NNS ] on/IN  [ their/PRP$ cars/NNS ] and/CC  [ things/NNS ] like/IN  [ that/DT ] ./.","(S (RB so) (EDITED (RM (-DFL- \[)) (S (NP-SBJ (PRP you)) (VP-UNF (VBP get))) (, ,) (IP (-DFL- \+))) (NP-SBJ (PRP you)) (VP (VP (VBP get) (RS (-DFL- \])) (NP (NP (DT a) (NN lot)) (PP (IN of) (NP (NNS people))) (PP-LOC (IN out) (ADVP (RB there))) (PP (IN without) (NP (NP (NNP E) (NNP T) (NNP R)) (, ,) (NP (NN emission) (NN control) (NNS systems)) (PP (IN on) (NP (PRP$ their) (NNS cars))))))) (CC and) (NP-ETC (NP (NNS things)) (PP (IN like) (NP (DT that))))) (. .) (-DFL- E_S))",54
sw05utt/sw_0575_4114.utt,4/sw4114,4114,36,sv,B,22,1,"{F Oh, } [ e-, + even  ] where you do have the inspections, {D you know, } the inspection is once a year. /","Oh/UH ,/,  [ e-/RB ] ,/, even/RB where/WRB  [ you/PRP ] do/VBP have/VB  [ the/DT inspections/NNS ] ,/,  [ you/PRP ] know/VBP ,/,  [ the/DT inspection/NN ] is/VBZ once/RB  [ a/DT year/NN ] ./.","(S (INTJ (UH Oh)) (, ,) (EDITED (RM (-DFL- \[)) (ADVP-UNF (RB e-)) (, ,) (IP (-DFL- \+))) (SBAR-LOC (ADVP (RB even)) (RS (-DFL- \])) (WHADVP-1 (WRB where)) (S (NP-SBJ (PRP you)) (VP (VBP do) (VP (VB have) (NP (DT the) (NNS inspections)) (ADVP-LOC (-NONE- *T*-1)))))) (PRN (, ,) (S (NP-SBJ (PRP you)) (VP (VBP know))) (, ,)) (NP-SBJ (DT the) (NN inspection)) (VP (VBZ is) (ADVP-TMP-PRD (RB once) (NP (DT a) (NN year)))) (. .) (-DFL- E_S))",56
sw05utt/sw_0575_4114.utt,4/sw4114,4114,37,b,A,23,1,"Yeah,  /","Yeah/UH ,/,","(INTJ (UH Yeah) (, ,) (-DFL- E_S))",58
sw05utt/sw_0575_4114.utt,4/sw4114,4114,38,%,A,23,2,"{C and } it's like, -/","and/CC  [ it/PRP ] 's/BES like/IN ,/,","(S (CC and) (NP-SBJ (PRP it)) (VP (BES 's) (PP-UNF-PRD (IN like))) (, ,) (-DFL- N_S))",59
sw05utt/sw_0575_4114.utt,4/sw4114,4114,39,sv,B,24,1,You get the car that's in the accident  /,[ You/PRP ] get/VBP  [ the/DT car/NN ] [ that/WDT ] 's/BES in/IN  [ the/DT accident/NN ],(S (NP-SBJ (PRP You)) (VP (VBP get) (NP (NP (DT the) (NN car)) (SBAR (WHNP-1 (WDT that)) (S (NP-SBJ (-NONE- *T*-1)) (VP (BES 's) (PP-PRD (IN in) (NP (DT the) (NN accident)))))))) (-DFL- E_S)),61
sw05utt/sw_0575_4114.utt,4/sw4114,4114,40,sv,B,24,2,{C and } muffler falls off or something  -- /,and/CC  [ muffler/NN ] falls/VBZ off/RB or/CC  [ something/NN ] --/:,(S (CC and) (NP-SBJ (NN muffler)) (VP (VP (VBZ falls) (PRT (RB off))) (CC or) (NP-ETC (NN something))) (-DFL- E_S)),62
sw05utt/sw_0575_4114.utt,4/sw4114,4114,41,b,A,25,1,Sure. /,[ Sure/UH ] ./.,(INTJ (UH Sure) (. .) (-DFL- E_S)),64
sw05utt/sw_0575_4114.utt,4/sw4114,4114,42,sv,B,26,1,-- {C and } guy keeps driving along for long period of time after that. /,--/: and/CC  [ guy/NN keeps/VBZ ] driving/VBG along/RB for/IN  [ long/JJ period/NN ] of/IN  [ time/NN ] after/IN  [ that/DT ] ./.,(S (CC and) (NP-SBJ-1 (NN guy)) (VP (VBZ keeps) (S (NP-SBJ (-NONE- *-1)) (VP (VBG driving) (ADVP (RB along)) (PP-TMP (IN for) (NP (NP (JJ long) (NN period)) (PP (IN of) (NP (NN time))) (PP (IN after) (NP (DT that)))))))) (. .) (-DFL- E_S)),66
sw05utt/sw_0575_4114.utt,4/sw4114,4114,43,b,A,27,1,Right.  /,[ Right/UH ] ./.,(INTJ (UH Right) (. .) (-DFL- E_S)),34
sw05utt/sw_0575_4114.utt,4/sw4114,4114,44,sd,A,27,2,"I guess, from what I hear, though, {F uh, } next year Ford is coming out with their electric cars.  /","[ I/PRP ] guess/VBP ,/, from/IN  [ what/WP ] [ I/PRP ] hear/VBP ,/, though/RB ,/,  [ uh/UH ] ,/,  [ next/JJ year/NN Ford/NNP ] is/VBZ coming/VBG out/RB with/IN  [ their/PRP$ electric/JJ cars/NNS ] ./.","(S (NP-SBJ (PRP I)) (VP (VBP guess) (, ,) (PP (IN from) (SBAR-NOM (WHNP-1 (WP what)) (S (NP-SBJ (PRP I)) (VP (VBP hear) (NP (-NONE- *T*-1)))))) (, ,) (ADVP (RB though)) (, ,) (INTJ (UH uh)) (, ,) (SBAR (-NONE- 0) (S (NP-TMP (JJ next) (NN year)) (NP-SBJ (NNP Ford)) (VP (VBZ is) (VP (VBG coming) (PRT (RB out)) (PP (IN with) (NP (PRP$ their) (JJ electric) (NNS cars)))))))) (. .) (-DFL- E_S))",69
sw05utt/sw_0575_4114.utt,4/sw4114,4114,45,sd,A,27,3,They're actually coming out with the first prototypes in California. /,[ They/PRP ] 're/VBP actually/RB coming/VBG out/RB with/IN  [ the/DT first/JJ prototypes/NNS ] in/IN  [ California/NNP ] ./.,(S (NP-SBJ (PRP They)) (VP (VBP 're) (ADVP (RB actually)) (VP (VBG coming) (PRT (RB out)) (PP (IN with) (NP (DT the) (JJ first) (NNS prototypes))) (PP-LOC (IN in) (NP (NNP California))))) (. .) (-DFL- E_S)),70
sw05utt/sw_0575_4114.utt,4/sw4114,4114,46,b,B,28,1,"Yeah,  /","Yeah/UH ,/,","(INTJ (UH Yeah) (, ,) (-DFL- E_S))",58
sw05utt/sw_0575_4114.utt,4/sw4114,4114,47,%,B,28,2,"that,  /","that/IN ,/,","(S-UNF (NP-SBJ (IN that)) (, ,) (-DFL- E_S))",73
sw05utt/sw_0575_4114.utt,4/sw4114,4114,48,sd,B,28,3,"{C and } I think also some of the, {F uh, } car companies are coming out with, {F uh, } gas powered fleets --","and/CC  [ I/PRP ] think/VBP also/RB  [ some/DT ] of/IN  [ the/DT ] ,/,  [ uh/UH ] ,/,  [ car/NN companies/NNS ] are/VBP coming/VBG out/RB with/IN ,/,  [ uh/UH ] ,/,  [ gas/NN ] powered/VBD  [ fleets/NNS ] --/:","(S (CC and) (NP-SBJ (PRP I)) (VP (VBP think) (ADVP (RB also)) (SBAR (-NONE- 0) (S (NP-SBJ (NP (DT some)) (PP (IN of) (NP (DT the) (, ,) (INTJ (UH uh)) (, ,) (NN car) (NNS companies)))) (VP (VBP are) (VP (VBG coming) (PRT (RB out)) (PP (IN with) (, ,) (INTJ (UH uh)) (, ,) (NP (NN gas) (VBD powered) (NNS fleets))))))) (SBAR-ADV (RB so) (S-UNF (NP-SBJ (PRP you))))) (, ,) (-DFL- N_S))",74
sw05utt/sw_0575_4114.utt,4/sw4114,4114,49,b,A,29,1,Yeah. /,Yeah/UH ./.,(INTJ (UH Yeah) (. .) (-DFL- E_S)),46
sw05utt/sw_0575_4114.utt,4/sw4114,4114,50,+,B,30,1,"--  so you, - /","--/: so/RB  [ you/PRP ] ,/,","(S (CC and) (NP-SBJ (PRP I)) (VP (VBP think) (ADVP (RB also)) (SBAR (-NONE- 0) (S (NP-SBJ (NP (DT some)) (PP (IN of) (NP (DT the) (, ,) (INTJ (UH uh)) (, ,) (NN car) (NNS companies)))) (VP (VBP are) (VP (VBG coming) (PRT (RB out)) (PP (IN with) (, ,) (INTJ (UH uh)) (, ,) (NP (NN gas) (VBD powered) (NNS fleets))))))) (SBAR-ADV (RB so) (S-UNF (NP-SBJ (PRP you))))) (, ,) (-DFL- N_S))",74
sw05utt/sw_0575_4114.utt,4/sw4114,4114,51,sd,B,30,2,"natural gas powered rather than, {F uh, } gasoline. /","[ natural/NN gas/NN ] powered/VBN rather/IN than/IN ,/,  [ uh/UH ] ,/,  [ gasoline/NN ] ./.","(UCP (ADJP (NP-ADV (NN natural) (NN gas)) (VBN powered)) (CONJP (IN rather) (IN than)) (, ,) (INTJ (UH uh)) (, ,) (NP (NN gasoline)) (. .) (-DFL- E_S))",78
sw05utt/sw_0575_4114.utt,4/sw4114,4114,52,b,A,31,1,Right.  /,[ Right/UH ] ./.,(INTJ (UH Right) (. .) (-DFL- E_S)),68
sw05utt/sw_0575_4114.utt,4/sw4114,4114,53,sd,A,31,2,"[ I hope, + [ I, + I'm  ] hoping  ] that comes along quick <laughter>.  /","[ I/PRP ] hope/VBP ,/,  [ I/PRP ] ,/,  [ I/PRP ] 'm/VBP hoping/VBG  [ that/DT ] comes/VBZ along/RB quick/RB ./.","(S (EDITED (RM (-DFL- \[)) (S (NP-SBJ (PRP I)) (VP-UNF (VBP hope))) (, ,) (IP (-DFL- \+))) (EDITED (RM (-DFL- \[)) (NP-SBJ (PRP I)) (, ,) (IP (-DFL- \+))) (NP-SBJ (PRP I)) (VP (VBP 'm) (RS (-DFL- \])) (VP (VBG hoping) (RS (-DFL- \])) (SBAR (-NONE- 0) (S (NP-SBJ (DT that)) (VP (VBZ comes) (ADVP (RB along)) (ADVP (RB quick))))))) (. .) (-DFL- E_S))",81
sw05utt/sw_0575_4114.utt,4/sw4114,4114,54,sd,A,31,3,"{F Uh, } I was reading [ a, + an  ] article in TIME the other day about the ozone layer and how fast that's going  /","[ Uh/UH ] ,/,  [ I/PRP ] was/VBD reading/VBG  [ a/DT ] ,/,  [ an/DT article/NN ] in/IN  [ TIME/NNP ] [ the/DT other/JJ day/NN ] about/IN  [ the/DT ozone/NN layer/NN ] and/CC how/WRB fast/RB that/IN  [ 's/BES ] going/VBG","(S (INTJ (UH Uh)) (, ,) (NP-SBJ (PRP I)) (VP (VBD was) (VP (VBG reading) (EDITED (RM (-DFL- \[)) (NP-UNF (DT a)) (, ,) (IP (-DFL- \+))) (NP (NP (DT an) (RS (-DFL- \])) (NN article)) (PP-LOC (IN in) (NP (NNP TIME))) (PP (-NONE- *ICH*-1))) (NP-TMP (DT the) (JJ other) (NN day)) (PP-1 (IN about) (UCP (NP (DT the) (NN ozone) (NN layer)) (CC and) (SBAR (WHADVP-2 (WRB how) (RB fast)) (S (NP-SBJ (IN that)) (VP (BES 's) (VP (VBG going) (ADVP (-NONE- *T*-2)))))))))) (-DFL- E_S))",82
sw05utt/sw_0575_4114.utt,4/sw4114,4114,55,sv,A,31,4,"{C and } I guess [ it's, + it's  ] really disappearing a lot quicker than people realize  /","and/CC  [ I/PRP ] guess/VBP  [ it/PRP ] 's/BES ,/,  [ it/PRP ] 's/BES really/RB disappearing/VBG  [ a/DT lot/NN ] quicker/RBR than/IN  [ people/NNS ] realize/VB","(S (CC and) (NP-SBJ (PRP I)) (VP (VBP guess) (SBAR (-NONE- 0) (S (EDITED (RM (-DFL- \[)) (S (NP-SBJ (PRP it)) (VP-UNF (BES 's))) (, ,) (IP (-DFL- \+))) (NP-SBJ (PRP it)) (VP (BES 's) (RS (-DFL- \])) (ADVP (RB really)) (VP (VBG disappearing) (ADVP (ADVP (NP (DT a) (NN lot)) (RBR quicker)) (SBAR (IN than) (S (NP-SBJ (NNS people)) (VP (VB realize)))))))))) (-DFL- E_S))",83
sw05utt/sw_0575_4114.utt,4/sw4114,4114,56,sv,A,31,5,"{C and } I know [ that's not due to, + {F uh, } it's not due [ to,  + to  ] ] gasoline or to, {D you know, } carbon monoxide so much as the C F C -s  /","and/CC  [ I/PRP ] know/VBP  [ that/DT ] 's/BES not/RB due/IN to/IN ,/,  [ uh/UH ] ,/,  [ it/PRP ] 's/BES not/RB due/IN to/IN ,/, to/IN  [ gasoline/NN ] or/CC to/IN ,/,  [ you/PRP ] know/VBP ,/,  [ carbon/NN monoxide/NN ] so/RB much/RB as/IN  [ the/DT C/NN F/NN C/NNP -s/NNS ]","(S (CC and) (NP-SBJ (PRP I)) (VP (VBP know) (SBAR (-NONE- 0) (S (EDITED (RM (-DFL- \[)) (S (NP-SBJ (DT that)) (VP (BES 's) (RB not) (PP-PRD (IN due) (PP-UNF (IN to))))) (, ,) (IP (-DFL- \+))) (INTJ (UH uh)) (, ,) (NP-SBJ (PRP it)) (VP (BES 's) (RB not) (PP-PRD (IN due) (EDITED (RM (-DFL- \[)) (PP-UNF (IN to)) (, ,) (IP (-DFL- \+))) (PP (PP (IN to) (RS (-DFL- \])) (RS (-DFL- \])) (NP (NN gasoline))) (CC or) (PP (IN to) (PRN (, ,) (S (NP-SBJ (PRP you)) (VP (VBP know))) (, ,)) (NP (NP (NN carbon) (NN monoxide)) (CONJP (RB so) (RB much) (IN as)) (NP (DT the) (NN C) (NN F) (NNP C) (NNS -s)))))))))) (-DFL- E_S))",84
sw05utt/sw_0575_4114.utt,4/sw4114,4114,57,%,A,31,6,"{C but, } -/","but/CC ,/,","(S-UNF (CC but) (, ,) (-DFL- N_S))",85
sw05utt/sw_0575_4114.utt,4/sw4114,4114,58,sd,B,32,1,"[ It, + it  ] is coming from cars, though. /","[ It/PRP ] ,/,  [ it/PRP ] is/VBZ coming/VBG from/IN  [ cars/NNS ] ,/, though/RB ./.","(S (EDITED (RM (-DFL- \[)) (NP-SBJ (PRP It)) (, ,) (IP (-DFL- \+))) (NP-SBJ (PRP it)) (RS (-DFL- \])) (VP (VBZ is) (VP (VBG coming) (PP (IN from) (NP (NNS cars))) (, ,) (ADVP (RB though)))) (. .) (-DFL- E_S))",87
sw05utt/sw_0575_4114.utt,4/sw4114,4114,59,aa,A,33,1,"{F Uh, } yeah,  /","[ Uh/UH ] ,/, yeah/UH ,/,","(INTJ (INTJ (UH Uh)) (, ,) (INTJ (UH yeah)) (, ,) (-DFL- E_S))",89
sw05utt/sw_0575_4114.utt,4/sw4114,4114,60,sv,A,33,2,"I think [ that's a, + that's a  ] contributor definitely. /","[ I/PRP ] think/VBP  [ that/DT ] 's/BES  [ a/DT ] ,/,  [ that/DT ] 's/BES  [ a/DT contributor/NN ] definitely/RB ./.","(S (NP-SBJ (PRP I)) (VP (VBP think) (SBAR (-NONE- 0) (S (EDITED (RM (-DFL- \[)) (S (NP-SBJ (DT that)) (VP (BES 's) (NP-PRD-UNF (DT a)))) (, ,) (IP (-DFL- \+))) (NP-SBJ (DT that)) (VP (BES 's) (NP (DT a) (RS (-DFL- \])) (NN contributor))))) (ADVP (RB definitely))) (. .) (-DFL- E_S))",90
sw05utt/sw_0575_4114.utt,4/sw4114,4114,61,sd,B,34,1,"{E I mean, } the, {F uh, } car air conditioners is --","[ I/PRP ] mean/VBP ,/,  [ the/DT ] ,/,  [ uh/UH ] ,/,  [ car/NN air/NN conditioners/NNS ] is/VBZ --/:","(S (PRN (S (NP-SBJ (PRP I)) (VP (VBP mean))) (, ,)) (NP-SBJ (DT the) (, ,) (INTJ (UH uh)) (, ,) (NN car) (NN air) (NNS conditioners)) (VP (VBZ is) (NP-PRD (NP (CD one)) (PP (IN of) (NP (NP (DT the) (JJ major) (VBG leaking) (NNS sources)) (PP (IN of) (, ,) (INTJ (UH uh)) (, ,) (NP (NP (DT the) (, ,) (INTJ (UH uh)) (, ,) (NN freon)) (. .) (SBAR (WHNP-1 (WDT Which)) (S (NP-SBJ (-NONE- *T*-1)) (VP (VBZ is) (NP-PRD (NP (CD one)) (PP (IN of) (NP (DT the) (JJ major) (EDITED (RM (-DFL- \[)) (EDITED (RM (-DFL- \[)) (NP-UNF (NNS flor-)) (, ,) (IP (-DFL- \+))) (NP-UNF (NNS chlorofar-)) (, ,) (RS (-DFL- \])) (IP (-DFL- \+))) (NNS fluorocarbons))))))))))))) (. .) (RS (-DFL- \])) (-DFL- E_S))",92
sw05utt/sw_0575_4114.utt,4/sw4114,4114,62,b,A,35,1,Right. /,[ Right/UH ] ./.,(INTJ (UH Right) (. .) (-DFL- E_S)),68
sw05utt/sw_0575_4114.utt,4/sw4114,4114,63,+,B,36,1,"-- one of the major leaking sources of, {F uh, } the, {F uh, } freon.","--/:  [ one/CD ] of/IN  [ the/DT major/JJ leaking/VBG sources/NNS ] of/IN ,/,  [ uh/UH ] ,/,  [ the/DT ] ,/,  [ uh/UH ] ,/,  [ freon/NN ] ./.","(S (PRN (S (NP-SBJ (PRP I)) (VP (VBP mean))) (, ,)) (NP-SBJ (DT the) (, ,) (INTJ (UH uh)) (, ,) (NN car) (NN air) (NNS conditioners)) (VP (VBZ is) (NP-PRD (NP (CD one)) (PP (IN of) (NP (NP (DT the) (JJ major) (VBG leaking) (NNS sources)) (PP (IN of) (, ,) (INTJ (UH uh)) (, ,) (NP (NP (DT the) (, ,) (INTJ (UH uh)) (, ,) (NN freon)) (. .) (SBAR (WHNP-1 (WDT Which)) (S (NP-SBJ (-NONE- *T*-1)) (VP (VBZ is) (NP-PRD (NP (CD one)) (PP (IN of) (NP (DT the) (JJ major) (EDITED (RM (-DFL- \[)) (EDITED (RM (-DFL- \[)) (NP-UNF (NNS flor-)) (, ,) (IP (-DFL- \+))) (NP-UNF (NNS chlorofar-)) (, ,) (RS (-DFL- \])) (IP (-DFL- \+))) (NNS fluorocarbons))))))))))))) (. .) (RS (-DFL- \])) (-DFL- E_S))",92
sw05utt/sw_0575_4114.utt,4/sw4114,4114,64,b,A,37,1,Right. /,[ Right/UH ] ./.,(INTJ (UH Right) (. .) (-DFL- E_S)),68
sw05utt/sw_0575_4114.utt,4/sw4114,4114,65,+,B,38,1,"Which is one of the major [ [ flor-, + chlorofar-, ] + fluorocarbons. ] /","[ Which/WDT ] is/VBZ  [ one/CD ] of/IN  [ the/DT major/JJ flor-/NNS ] ,/,  [ chlorofar-/NNS ] ,/,  [ fluorocarbons/NNS ] ./.","(S (PRN (S (NP-SBJ (PRP I)) (VP (VBP mean))) (, ,)) (NP-SBJ (DT the) (, ,) (INTJ (UH uh)) (, ,) (NN car) (NN air) (NNS conditioners)) (VP (VBZ is) (NP-PRD (NP (CD one)) (PP (IN of) (NP (NP (DT the) (JJ major) (VBG leaking) (NNS sources)) (PP (IN of) (, ,) (INTJ (UH uh)) (, ,) (NP (NP (DT the) (, ,) (INTJ (UH uh)) (, ,) (NN freon)) (. .) (SBAR (WHNP-1 (WDT Which)) (S (NP-SBJ (-NONE- *T*-1)) (VP (VBZ is) (NP-PRD (NP (CD one)) (PP (IN of) (NP (DT the) (JJ major) (EDITED (RM (-DFL- \[)) (EDITED (RM (-DFL- \[)) (NP-UNF (NNS flor-)) (, ,) (IP (-DFL- \+))) (NP-UNF (NNS chlorofar-)) (, ,) (RS (-DFL- \])) (IP (-DFL- \+))) (NNS fluorocarbons))))))))))))) (. .) (RS (-DFL- \])) (-DFL- E_S))",92
sw05utt/sw_0575_4114.utt,4/sw4114,4114,66,b,A,39,1,"Yeah,  /","[ Yeah/UH ] ,/,","(INTJ (UH Yeah) (, ,) (-DFL- E_S))",72
sw05utt/sw_0575_4114.utt,4/sw4114,4114,67,sv,A,39,2,"I guess right now [ what they're, + what they're  ] primarily worried about is third world countries because I guess United States [ and, + and  ] Russia have kind of taken the lead in terms of eliminating C F C production,  /","[ I/PRP ] guess/VBP right/RB now/RB  [ what/WP ] [ they/PRP ] 're/VBP ,/,  [ what/WP ] [ they/PRP ] 're/VBP primarily/RB worried/JJ about/IN is/VBZ  [ third/JJ world/NN countries/NNS ] because/IN  [ I/PRP ] guess/VBP  [ United/NNP States/NNPS ] and/CC ,/, and/CC  [ Russia/NNP ] have/VBP  [ kind/RB ] of/RB taken/VBN  [ the/DT lead/NN ] in/IN  [ terms/NNS ] of/IN eliminating/VBG  [ C/NN F/NN C/NN production/NN ] ,/,","(S (NP-SBJ (PRP I)) (VP (VBP guess) (ADVP-TMP (RB right) (RB now)) (SBAR (-NONE- 0) (S (EDITED (RM (-DFL- \[)) (SBAR-NOM-SBJ (WHNP (WP what)) (S (NP-SBJ (PRP they)) (VP-UNF (VBP 're)))) (, ,) (IP (-DFL- \+))) (SBAR-NOM-SBJ (WHNP-1 (WP what)) (S (NP-SBJ (PRP they)) (VP (VBP 're) (RS (-DFL- \])) (ADVP (RB primarily)) (ADJP-PRD (JJ worried) (PP (IN about) (NP (-NONE- *T*-1))))))) (VP (VBZ is) (NP-PRD (JJ third) (NN world) (NNS countries)) (SBAR-PRP (IN because) (S (NP-SBJ (PRP I)) (VP (VBP guess) (SBAR (-NONE- 0) (S (NP-SBJ (NNP United) (NNPS States) (EDITED (RM (-DFL- \[)) (CC and) (, ,) (IP (-DFL- \+))) (CC and) (RS (-DFL- \])) (NNP Russia)) (VP (VBP have) (ADVP (RB kind) (RB of)) (VP (VBN taken) (NP (DT the) (NN lead)) (PP (IN in) (NP (NP (NNS terms)) (PP (IN of) (S-NOM (NP-SBJ (-NONE- *)) (VP (VBG eliminating) (NP (NN C) (NN F) (NN C) (NN production)))))))))))))))))) (, ,) (-DFL- E_S))",101
sw05utt/sw_0575_4114.utt,4/sw4114,4114,68,%,A,39,3,{C but } --,but/CC --/:,"(S-UNF (CC but) (, ,) (-DFL- N_S))",85
sw05utt/sw_0575_4114.utt,4/sw4114,4114,69,%,B,40,1,"{D Well, } [ it, + it, ] -/","Well/UH ,/,  [ it/PRP ] ,/,  [ it/PRP ] ,/,","(S-UNF (INTJ (UH Well)) (, ,) (EDITED (RM (-DFL- \[)) (NP-SBJ (PRP it)) (, ,) (IP (-DFL- \+))) (NP-SBJ (PRP it)) (, ,) (RS (-DFL- \])) (-DFL- N_S))",104
sw05utt/sw_0575_4114.utt,4/sw4114,4114,70,+,A,41,1,"-- it, - /","--/:  [ it/PRP ] ,/,","(S-UNF (CC but) (NP-SBJ (PRP it)) (, ,) (-DFL- N_S))",102
sw05utt/sw_0575_4114.utt,4/sw4114,4114,71,ad,A,41,2,go ahead. /,go/VB ahead/RB ./.,(S-IMP (NP-SBJ (-NONE- *)) (VP (VB go) (ADVP (RB ahead))) (. .) (-DFL- E_S)),106
sw05utt/sw_0575_4114.utt,4/sw4114,4114,72,ar,B,42,1,"No,  /","No/UH ,/,","(INTJ (UH No) (, ,) (-DFL- E_S))",108
sw05utt/sw_0575_4114.utt,4/sw4114,4114,73,sv,B,42,2,"[ it's, + it's  ] the type of thing there that, {F uh, } {D you know, } - /","[ it/PRP ] 's/BES ,/,  [ it/PRP ] 's/BES  [ the/DT type/NN ] of/IN  [ thing/NN ] there/RB  [ that/DT ] ,/,  [ uh/UH ] ,/,  [ you/PRP ] know/VBP ,/,","(S (EDITED (RM (-DFL- \[)) (S (NP-SBJ (PRP it)) (VP-UNF (BES 's))) (, ,) (IP (-DFL- \+))) (NP-SBJ (PRP it)) (VP (BES 's) (RS (-DFL- \])) (NP-PRD (NP (DT the) (NN type)) (PP (IN of) (NP (NN thing))) (ADVP-LOC (RB there)) (SBAR-UNF (WHNP (DT that)) (, ,) (INTJ (UH uh)) (PRN (, ,) (S (NP-SBJ (PRP you)) (VP (VBP know))))))) (, ,) (-DFL- N_S))",109
sw05utt/sw_0575_4114.utt,4/sw4114,4114,74,sd,B,42,3,the Third World countries are less industrial  /,[ the/DT Third/JJ World/NN countries/NNS ] are/VBP less/RBR industrial/JJ,(S (NP-SBJ (DT the) (JJ Third) (NN World) (NNS countries)) (VP (VBP are) (ADJP-PRD (RBR less) (JJ industrial))) (-DFL- E_S)),110
sw05utt/sw_0575_4114.utt,4/sw4114,4114,75,sd,B,42,4,{C and } they want to become industrial -- /,and/CC  [ they/PRP ] want/VBP to/TO become/VB  [ industrial/JJ ] --/:,(S (CC and) (NP-SBJ-1 (PRP they)) (VP (VBP want) (S (NP-SBJ (-NONE- *-1)) (VP (TO to) (VP (VB become) (ADJP-PRD (JJ industrial)))))) (-DFL- E_S)),111
sw05utt/sw_0575_4114.utt,4/sw4114,4114,76,b,A,43,1,Uh-huh. /,[ Uh-huh/UH ] ./.,(INTJ (UH Uh-huh) (. .) (-DFL- E_S)),113
sw05utt/sw_0575_4114.utt,4/sw4114,4114,77,sd,B,44,1,-- {C so } they're on the different part of the cycle of the U S.  /,--/: so/RB  [ they/PRP ] 're/VBP on/IN  [ the/DT different/JJ part/NN ] of/IN  [ the/DT cycle/NN ] of/IN  [ the/DT U/NNP S/NNP ] ./.,(S (RB so) (NP-SBJ (PRP they)) (VP (VBP 're) (PP-PRD (IN on) (NP (NP (DT the) (JJ different) (NN part)) (PP (IN of) (NP (NP (DT the) (NN cycle)) (PP (IN of) (NP (DT the) (NNP U) (NNP S)))))))) (. .) (-DFL- E_S)),115
sw05utt/sw_0575_4114.utt,4/sw4114,4114,78,sd,B,44,2,"The U S used, {D you know, } all the air pollution stuff and air polluting technologies to get where it is today. /","[ The/DT U/NNP S/NNP ] used/VBD ,/,  [ you/PRP ] know/VBP ,/,  [ all/PDT the/DT air/NN pollution/NN stuff/NN ] and/CC  [ air/NN ] polluting/NN  [ technologies/NNS ] to/TO get/VB where/WRB  [ it/PRP ] is/VBZ  [ today/NN ] ./.","(S (NP-SBJ-1 (DT The) (NNP U) (NNP S)) (VP (VBD used) (PRN (, ,) (S (NP-SBJ (PRP you)) (VP (VBP know))) (, ,)) (NP (PDT all) (DT the) (NN air) (NN pollution) (NN stuff) (CC and) (NN air) (NN polluting) (NNS technologies)) (S-PRP (NP-SBJ (-NONE- *-1)) (VP (TO to) (VP (VB get) (SBAR-LOC (WHADVP-2 (WRB where)) (S (NP-SBJ (PRP it)) (VP (VBZ is) (ADVP-TMP (NN today)) (ADVP-LOC-PRD (-NONE- *T*-2))))))))) (. .) (-DFL- E_S))",116
sw05utt/sw_0575_4114.utt,4/sw4114,4114,79,b,A,45,1,Right.  /,[ Right/UH ] ./.,(INTJ (UH Right) (. .) (-DFL- E_S)),94
sw05utt/sw_0575_4114.utt,4/sw4114,4114,80,sd,A,45,2,"{C And } that's one of the arguments that the Third World countries have been using is, that basically they don't want to have to pay for our mistakes <laughter> [ if, + if ] that makes any sense.  /","And/CC  [ that/DT ] 's/BES  [ one/CD ] of/IN  [ the/DT arguments/NNS ] that/IN  [ the/DT Third/JJ World/NNP countries/NNS ] have/VBP been/VBN using/VBG is/VBZ ,/, that/DT basically/RB  [ they/PRP ] do/VBP n't/RB want/VB to/TO have/VB to/TO pay/VB for/IN  [ our/PRP$ mistakes/NNS ] if/IN ,/, if/IN  [ that/DT ] makes/VBZ  [ any/DT sense/NN ] ./.","(S (S-SBJ (CC And) (NP-SBJ (DT that)) (VP (BES 's) (NP-PRD (NP (CD one)) (PP (IN of) (NP (DT the) (NNS arguments))) (SBAR (WHNP-1 (IN that)) (S (NP-SBJ (DT the) (JJ Third) (NNP World) (NNS countries)) (VP (VBP have) (VP (VBN been) (VP (VBG using) (NP (-NONE- *T*-1)))))))))) (VP (VBZ is) (, ,) (SBAR-PRD (DT that) (ADVP (RB basically)) (S (NP-SBJ-2 (PRP they)) (VP (VBP do) (RB n't) (VP (VB want) (S (NP-SBJ-3 (-NONE- *-2)) (VP (TO to) (VP (VB have) (S (NP-SBJ (-NONE- *-3)) (VP (TO to) (VP (VB pay) (PP (IN for) (NP (PRP$ our) (NNS mistakes))))))))))))) (SBAR-ADV (EDITED (RM (-DFL- \[)) (SBAR-ADV-UNF (IN if)) (, ,) (IP (-DFL- \+))) (IN if) (RS (-DFL- \])) (S (NP-SBJ (DT that)) (VP (VBZ makes) (NP (DT any) (NN sense)))))) (. .) (-DFL- E_S))",119
sw05utt/sw_0575_4114.utt,4/sw4114,4114,81,%,A,45,3,"{F Uh, } in terms of, -/","[ Uh/UH ] ,/, in/IN  [ terms/NNS ] of/IN ,/,","(PP (INTJ (UH Uh)) (, ,) (IN in) (NP (NP (NNS terms)) (PP-UNF (IN of))) (, ,) (-DFL- N_S))",120
sw05utt/sw_0575_4114.utt,4/sw4114,4114,82,sd,B,46,1,"[ {C Or, } + {C or }  ] they want the right to make the same mistakes themselves to bootstrap them up to [ the way, + ] where we --","Or/CC ,/, or/CC  [ they/PRP ] want/VBP  [ the/DT right/NN ] to/TO make/VB  [ the/DT same/JJ mistakes/NNS themselves/PRP ] to/TO  [ bootstrap/NN ] [ them/PRP ] up/IN to/TO  [ the/DT way/NN ] ,/, where/WRB  [ we/PRP ] --/:","(S (EDITED (RM (-DFL- \[)) (CC Or) (, ,) (IP (-DFL- \+))) (CC or) (RS (-DFL- \])) (NP-SBJ (PRP they)) (VP (VBP want) (NP (DT the) (NN right) (S (NP-SBJ (-NONE- *)) (VP (TO to) (VP (VB make) (NP (DT the) (JJ same) (NNS mistakes)) (NP-ADV (PRP themselves)))))) (S-PRP (NP-SBJ (-NONE- *)) (VP (TO to) (VP (NN bootstrap) (NP (PRP them)) (PP (IN up) (PP (TO to) (EDITED (RM (-DFL- \[)) (NP (DT the) (NN way)) (, ,) (IP (-DFL- \+))) (RS (-DFL- \])) (SBAR (WHADVP-1 (WRB where)) (S (NP-SBJ (PRP we)) (VP (VBD got) (PP (TO to) (ADVP (-NONE- *T*-1)))))))))))) (. .) (-DFL- E_S))",122
sw05utt/sw_0575_4114.utt,4/sw4114,4114,83,aa,A,47,1,Exactly. /,Exactly/UH ./.,(INTJ (UH Exactly) (. .) (-DFL- E_S)),124
sw05utt/sw_0575_4114.utt,4/sw4114,4114,84,+,B,48,1,-- got to. /,--/: got/VBD to/TO ./.,"(S (EDITED (RM (-DFL- \[)) (CC Or) (, ,) (IP (-DFL- \+))) (CC or) (RS (-DFL- \])) (NP-SBJ (PRP they)) (VP (VBP want) (NP (DT the) (NN right) (S (NP-SBJ (-NONE- *)) (VP (TO to) (VP (VB make) (NP (DT the) (JJ same) (NNS mistakes)) (NP-ADV (PRP themselves)))))) (S-PRP (NP-SBJ (-NONE- *)) (VP (TO to) (VP (NN bootstrap) (NP (PRP them)) (PP (IN up) (PP (TO to) (EDITED (RM (-DFL- \[)) (NP (DT the) (NN way)) (, ,) (IP (-DFL- \+))) (RS (-DFL- \])) (SBAR (WHADVP-1 (WRB where)) (S (NP-SBJ (PRP we)) (VP (VBD got) (PP (TO to) (ADVP (-NONE- *T*-1)))))))))))) (. .) (-DFL- E_S))",122
sw05utt/sw_0575_4114.utt,4/sw4114,4114,85,aa,A,49,1,Exactly.  /,Exactly/UH ./.,(INTJ (UH Exactly) (. .) (-DFL- E_S)),124
sw05utt/sw_0575_4114.utt,4/sw4114,4114,86,sv,A,49,2,"{F Uh, } [ those of kind of, + {D yeah, }  those  ] are joining arguments,  /","[ Uh/UH ] ,/,  [ those/DT ] of/IN  [ kind/NN ] of/IN ,/, yeah/UH ,/,  [ those/DT ] are/VBP joining/VBG  [ arguments/NNS ] ,/,","(S (INTJ (UH Uh)) (, ,) (EDITED (RM (-DFL- \[)) (NP-SBJ (NP (DT those)) (PP-UNF (IN of) (ADVP (NN kind) (IN of)))) (, ,) (IP (-DFL- \+))) (INTJ (UH yeah)) (, ,) (NP-SBJ (DT those)) (RS (-DFL- \])) (VP (VBP are) (VP (VBG joining) (NP (NNS arguments)))) (, ,) (-DFL- E_S))",128
sw05utt/sw_0575_4114.utt,4/sw4114,4114,87,h,A,49,3,"{C but, } {F uh, } I don't know,  /","but/CC ,/,  [ uh/UH ] ,/,  [ I/PRP ] do/VBP n't/RB know/VB ,/,","(S (CC but) (, ,) (INTJ (UH uh)) (, ,) (NP-SBJ (PRP I)) (VP (VBP do) (RB n't) (VP (VB know))) (, ,) (-DFL- E_S))",129
sw05utt/sw_0575_4114.utt,4/sw4114,4114,88,sv,A,49,4,"[ that's, + that's  ] kind of an interesting situation there.  /","[ that/DT ] 's/BES ,/,  [ that/DT ] 's/BES  [ kind/RB ] of/RB  [ an/DT interesting/JJ situation/NN ] there/RB ./.","(S (EDITED (RM (-DFL- \[)) (S (NP-SBJ (DT that)) (VP-UNF (BES 's))) (, ,) (IP (-DFL- \+))) (NP-SBJ (DT that)) (VP (BES 's) (RS (-DFL- \])) (ADVP (RB kind) (RB of)) (NP-PRD (DT an) (JJ interesting) (NN situation)) (ADVP-LOC (RB there))) (. .) (-DFL- E_S))",130
sw05utt/sw_0575_4114.utt,4/sw4114,4114,89,sv,A,49,5,"{F Uh, } [ what they don't realize, + those third world countries, what they don't realize  ] is how quickly the ozone is depleting.  /","[ Uh/UH ] ,/,  [ what/WP ] [ they/PRP ] do/VBP n't/RB realize/VB ,/,  [ those/DT third/JJ world/NN countries/NNS ] ,/,  [ what/WP ] [ they/PRP ] do/VBP n't/RB realize/VB is/VBZ how/WRB quickly/RB  [ the/DT ozone/NN ] is/VBZ depleting/VBG ./.","(S (INTJ (UH Uh)) (, ,) (EDITED (RM (-DFL- \[)) (SBAR (WHNP-1 (WP what)) (S (NP-SBJ (PRP they)) (VP (VBP do) (RB n't) (VP (VB realize) (NP (-NONE- *T*-1)))))) (, ,) (IP (-DFL- \+))) (NP-TPC (DT those) (JJ third) (NN world) (NNS countries)) (, ,) (SBAR-NOM-SBJ (WHNP-2 (WP what)) (S (NP-SBJ (PRP they)) (VP (VBP do) (RB n't) (VP (VB realize) (NP (-NONE- *T*-2)))))) (RS (-DFL- \])) (VP (VBZ is) (SBAR-PRD (WHADVP-3 (WRB how) (RB quickly)) (S (NP-SBJ (DT the) (NN ozone)) (VP (VBZ is) (VP (VBG depleting) (ADVP (-NONE- *T*-3))))))) (. .) (-DFL- E_S))",131
sw05utt/sw_0575_4114.utt,4/sw4114,4114,90,sd,A,49,6,I guess the latest figures are up to fifty percent at the Poles  /,[ I/PRP ] guess/VBP  [ the/DT latest/JJS figures/NNS ] are/VBP up/IN to/IN  [ fifty/CD percent/NN ] at/IN  [ the/DT Poles/NNS ],(S (NP-SBJ (PRP I)) (VP (VBP guess) (SBAR (-NONE- 0) (S (NP-SBJ (DT the) (JJS latest) (NNS figures)) (VP (VBP are) (PP-PRD (IN up) (PP (IN to) (NP (CD fifty) (NN percent)))) (PP-LOC (IN at) (NP (DT the) (NNS Poles))))))) (-DFL- E_S)),132
sw05utt/sw_0575_4114.utt,4/sw4114,4114,91,sd,A,49,7,"{C and } [ it's, + it's  ] increasing even as [ far +  near ] the Equator as {D like } Florida and Cuba and those places. /","and/CC  [ it/PRP ] 's/BES ,/,  [ it/PRP ] 's/BES increasing/VBG even/RB as/RB far/RB near/RB  [ the/DT Equator/NN ] as/IN like/UH  [ Florida/NNP ] and/CC  [ Cuba/NNP ] and/CC  [ those/DT places/NNS ] ./.","(S (CC and) (EDITED (RM (-DFL- \[)) (S (NP-SBJ (PRP it)) (VP-UNF (BES 's))) (, ,) (IP (-DFL- \+))) (NP-SBJ (PRP it)) (VP (BES 's) (RS (-DFL- \])) (VP (VBG increasing) (ADVP (RB even)) (ADVP-LOC (ADVP (RB as) (EDITED (RM (-DFL- \[)) (RB far) (IP (-DFL- \+))) (RB near) (RS (-DFL- \])) (NP (DT the) (NN Equator))) (PP (IN as) (INTJ (UH like)) (NP (NP (NNP Florida)) (CC and) (NP (NNP Cuba)) (CC and) (NP (DT those) (NNS places))))))) (. .) (-DFL- E_S))",133
sw05utt/sw_0575_4114.utt,4/sw4114,4114,92,b,B,50,1,Yeah. /,Yeah/UH ./.,(INTJ (UH Yeah) (. .) (-DFL- E_S)),135
sw05utt/sw_0575_4114.utt,4/sw4114,4114,93,sv,A,51,1,{C So } it's kind of an interesting situation.  /,So/IN  [ it/PRP ] 's/BES  [ kind/RB ] of/RB  [ an/DT interesting/JJ situation/NN ] ./.,(S (RB So) (NP-SBJ (PRP it)) (VP (BES 's) (ADVP (RB kind) (RB of)) (NP-PRD (DT an) (JJ interesting) (NN situation))) (. .) (-DFL- E_S)),137
sw05utt/sw_0575_4114.utt,4/sw4114,4114,94,sv,A,51,2,"It's [ not + <laughter>, not  ] a real good one actually. /","[ It/PRP ] 's/BES not/RB ,/, not/RB  [ a/DT real/RB good/JJ one/CD ] actually/RB ./.","(S (NP-SBJ (PRP It)) (VP (BES 's) (EDITED (RM (-DFL- \[)) (RB not) (IP (-DFL- \+)) (, ,)) (RB not) (RS (-DFL- \])) (NP-PRD (DT a) (ADJP (RB real) (JJ good)) (CD one)) (ADVP (RB actually))) (. .) (-DFL- E_S))",138
sw05utt/sw_0575_4114.utt,4/sw4114,4114,95,aa,B,52,1,# No. # /,[ No/UH ] ./.,(INTJ (UH No) (. .) (-DFL- E_S)),140
sw05utt/sw_0575_4114.utt,4/sw4114,4114,96,%,A,53,1,"# {C But, } # -/","But/CC ,/,","(S-UNF (CC But) (, ,) (-DFL- N_S))",142
sw05utt/sw_0575_4114.utt,4/sw4114,4114,97,sv,B,54,1,"{D Well, } you also have the very close related thing of the, {F uh, } rain forest destruction --","Well/UH ,/,  [ you/PRP ] also/RB have/VBP  [ the/DT ] very/RB close/RB related/VBN  [ thing/NN ] of/IN  [ the/DT ] ,/,  [ uh/UH ] ,/,  [ rain/NN forest/NN destruction/NN ] --/:","(S (INTJ (UH Well)) (, ,) (NP-SBJ (PRP you)) (ADVP (RB also)) (VP (VBP have) (NP (NP (DT the) (ADJP (RB very) (RB close) (VBN related)) (NN thing)) (PP (IN of) (NP (NP (DT the) (, ,) (INTJ (UH uh)) (, ,) (NN rain) (NN forest) (NN destruction)) (SBAR (WHNP-1 (WDT which)) (S (NP-SBJ (-NONE- *T*-1)) (VP (VBZ is) (NP-PRD (NP (DT the) (JJ main) (NN source)) (PP (IN of) (SBAR-NOM (WHNP-2 (WP what)) (S (NP-SBJ (-NONE- *T*-2)) (VP (BES 's) (VP (VP (VBG clearing) (PRT (RP out)) (NP (DT the) (NN atmosphere))) (CC and) (VP (VBG replacing) (NP (NP (DT some)) (PP (IN of) (NP (DT the) (NNS pollutants)))))))))))))))))) (. .) (-DFL- E_S))",144
sw05utt/sw_0575_4114.utt,4/sw4114,4114,98,b,A,55,1,Yeah. /,Yeah/UH ./.,(INTJ (UH Yeah) (. .) (-DFL- E_S)),135
sw05utt/sw_0575_4114.utt,4/sw4114,4114,99,+,B,56,1,-- which is the main source of what's clearing out the atmosphere and --,--/:  [ which/WDT ] is/VBZ  [ the/DT main/JJ source/NN ] of/IN  [ what/WP ] 's/BES clearing/VBG out/RP  [ the/DT atmosphere/NN ] and/CC --/:,"(S (INTJ (UH Well)) (, ,) (NP-SBJ (PRP you)) (ADVP (RB also)) (VP (VBP have) (NP (NP (DT the) (ADJP (RB very) (RB close) (VBN related)) (NN thing)) (PP (IN of) (NP (NP (DT the) (, ,) (INTJ (UH uh)) (, ,) (NN rain) (NN forest) (NN destruction)) (SBAR (WHNP-1 (WDT which)) (S (NP-SBJ (-NONE- *T*-1)) (VP (VBZ is) (NP-PRD (NP (DT the) (JJ main) (NN source)) (PP (IN of) (SBAR-NOM (WHNP-2 (WP what)) (S (NP-SBJ (-NONE- *T*-2)) (VP (BES 's) (VP (VP (VBG clearing) (PRT (RP out)) (NP (DT the) (NN atmosphere))) (CC and) (VP (VBG replacing) (NP (NP (DT some)) (PP (IN of) (NP (DT the) (NNS pollutants)))))))))))))))))) (. .) (-DFL- E_S))",144
sw05utt/sw_0575_4114.utt,4/sw4114,4114,100,b,A,57,1,"Uh-huh,  /","[ Uh-huh/UH ] ,/,","(INTJ (UH Uh-huh) (, ,) (-DFL- E_S))",149
sw05utt/sw_0575_4114.utt,4/sw4114,4114,101,aa,A,57,2,yeah. /,yeah/UH ./.,(INTJ (UH yeah) (. .) (-DFL- E_S)),150
sw05utt/sw_0575_4114.utt,4/sw4114,4114,102,+,B,58,1,-- replacing some of the pollutants. /,--/: replacing/VBG  [ some/DT ] of/IN  [ the/DT pollutants/NNS ] ./.,"(S (INTJ (UH Well)) (, ,) (NP-SBJ (PRP you)) (ADVP (RB also)) (VP (VBP have) (NP (NP (DT the) (ADJP (RB very) (RB close) (VBN related)) (NN thing)) (PP (IN of) (NP (NP (DT the) (, ,) (INTJ (UH uh)) (, ,) (NN rain) (NN forest) (NN destruction)) (SBAR (WHNP-1 (WDT which)) (S (NP-SBJ (-NONE- *T*-1)) (VP (VBZ is) (NP-PRD (NP (DT the) (JJ main) (NN source)) (PP (IN of) (SBAR-NOM (WHNP-2 (WP what)) (S (NP-SBJ (-NONE- *T*-2)) (VP (BES 's) (VP (VP (VBG clearing) (PRT (RP out)) (NP (DT the) (NN atmosphere))) (CC and) (VP (VBG replacing) (NP (NP (DT some)) (PP (IN of) (NP (DT the) (NNS pollutants)))))))))))))))))) (. .) (-DFL- E_S))",144
sw05utt/sw_0575_4114.utt,4/sw4114,4114,103,b,A,59,1,"Yeah,  /","Yeah/UH ,/,","(INTJ (UH Yeah) (, ,) (-DFL- E_S))",153
sw05utt/sw_0575_4114.utt,4/sw4114,4114,104,sv,A,59,2,"you don't get [ that, + that  ] source of cleansing anymore.  /","[ you/PRP ] do/VBP n't/RB get/VB that/DT ,/, that/DT  [ source/NN ] of/IN cleansing/NN anymore/RB ./.","(S (NP-SBJ (PRP you)) (VP (VBP do) (RB n't) (VP (VB get) (EDITED (RM (-DFL- \[)) (NP-UNF (DT that)) (, ,) (IP (-DFL- \+))) (NP (NP (DT that) (RS (-DFL- \])) (NN source)) (PP (IN of) (NP (NN cleansing)))) (ADVP-TMP (RB anymore)))) (. .) (-DFL- E_S))",154
sw05utt/sw_0575_4114.utt,4/sw4114,4114,105,qy,A,59,3,"[ Are, +  have ] you been in big cities a long time? /","Are/VBP ,/, have/VBP  [ you/PRP ] been/VBN in/IN  [ big/JJ cities/NNS ] [ a/DT long/JJ time/NN ] ?/.","(SQ (EDITED (RM (-DFL- \[)) (SQ-UNF (VBP Are)) (, ,) (IP (-DFL- \+))) (VBP have) (RS (-DFL- \])) (NP-SBJ (PRP you)) (VP (VBN been) (PP-LOC-PRD (IN in) (NP (JJ big) (NNS cities))) (NP-TMP (DT a) (JJ long) (NN time))) (. ?) (-DFL- E_S))",155
sw05utt/sw_0575_4114.utt,4/sw4114,4114,106,na,B,60,1,"[ Mostly, + I've mostly  ] been in the east coast,  /","Mostly/RB ,/,  [ I/PRP ] 've/VBP mostly/RB been/VBN in/IN  [ the/DT east/JJ coast/NN ] ,/,","(S (EDITED (RM (-DFL- \[)) (ADVP (RB Mostly)) (, ,) (IP (-DFL- \+))) (NP-SBJ (PRP I)) (VP (VBP 've) (ADVP (RB mostly)) (RS (-DFL- \])) (VP (VBN been) (PP-LOC-PRD (IN in) (NP (DT the) (JJ east) (NN coast))))) (, ,) (-DFL- E_S))",157
sw05utt/sw_0575_4114.utt,4/sw4114,4114,107,sd^e,B,60,2,"{C so } that's going between Atlanta, [ Washing-, +  D C ] area, /","so/RB  [ that/DT ] 's/BES going/VBG between/IN  [ Atlanta/NNP ] ,/,  [ Washing-/NNP ] ,/,  [ D/NNP C/NNP area/NN ] ,/,","(S (RB so) (NP-SBJ (DT that)) (VP (BES 's) (VP (VBG going) (PP-LOC (IN between) (NP (NNP Atlanta) (, ,) (EDITED (RM (-DFL- \[)) (NNP Washing-) (, ,) (IP (-DFL- \+))) (NNP D) (NNP C) (RS (-DFL- \])) (NN area))))) (, ,) (-DFL- E_S))",158
sw05utt/sw_0575_4114.utt,4/sw4114,4114,108,bk,A,61,1,"Okay,  /","[ Okay/UH ] ,/,","(INTJ (UH Okay) (, ,) (-DFL- E_S))",160
sw05utt/sw_0575_4114.utt,4/sw4114,4114,109,%,A,61,2,"{C so } you've got, -/","so/RB  [ you/PRP ] 've/VBP got/VBN ,/,","(S (RB so) (NP-SBJ (PRP you)) (VP (VBP 've) (VP-UNF (VBN got))) (, ,) (-DFL- N_S))",161
sw05utt/sw_0575_4114.utt,4/sw4114,4114,110,%,B,62,1,"A-, -/","[ A-/XX ] ,/,","(S-UNF (XX A-) (, ,) (-DFL- N_S))",163
sw05utt/sw_0575_4114.utt,4/sw4114,4114,111,b,A,63,1,"Yeah,  /","Yeah/UH ,/,","(INTJ (UH Yeah) (, ,) (-DFL- E_S))",153
sw05utt/sw_0575_4114.utt,4/sw4114,4114,112,sv,A,63,2,"those are actually areas that are hit pretty hard, I would think. /","[ those/DT ] are/VBP actually/RB  [ areas/NNS ] [ that/WDT ] are/VBP hit/VBN pretty/RB hard/RB ,/,  [ I/PRP ] would/MD think/VB ./.","(S (S-TPC-3 (NP-SBJ (DT those)) (VP (VBP are) (ADVP (RB actually)) (NP-PRD (NP (NNS areas)) (SBAR (WHNP-1 (WDT that)) (S (NP-SBJ-2 (-NONE- *T*-1)) (VP (VBP are) (VP (VBN hit) (NP (-NONE- *-2)) (ADVP (RB pretty) (RB hard))))))))) (, ,) (NP-SBJ (PRP I)) (VP (MD would) (VP (VB think) (SBAR (-NONE- 0) (S (-NONE- *T*-3))))) (. .) (-DFL- E_S))",166
sw05utt/sw_0575_4114.utt,4/sw4114,4114,113,sd,B,64,1,"{D Well, } [ not, +  not ]    as hard as some places out west because you don't get the, {F uh, } major pollution sources as you do out in Denver with the --","Well/UH ,/, not/RB ,/, not/RB as/RB hard/JJ as/IN  [ some/DT places/NNS ] out/IN  [ west/JJ ] because/IN  [ you/PRP ] do/VBP n't/RB get/VB  [ the/DT ] ,/,  [ uh/UH ] ,/,  [ major/JJ pollution/NN sources/NNS ] as/IN  [ you/PRP ] do/VBP out/IN in/IN  [ Denver/NNP ] with/IN  [ the/DT ] --/:","(FRAG (INTJ (UH Well)) (, ,) (EDITED (RM (-DFL- \[)) (RB not) (, ,) (IP (-DFL- \+))) (RB not) (RS (-DFL- \])) (ADVP (ADVP (RB as) (JJ hard)) (PP (IN as) (NP (NP (DT some) (NNS places)) (PP-LOC (IN out) (ADVP (JJ west)))))) (SBAR-PRP (IN because) (S (NP-SBJ (PRP you)) (VP (VBP do) (RB n't) (VP (VB get) (NP (DT the) (, ,) (INTJ (UH uh)) (, ,) (JJ major) (NN pollution) (NNS sources)) (SBAR-ADV (IN as) (S (NP-SBJ (PRP you)) (VP (VBP do) (PP-LOC (IN out) (PP (IN in) (NP (NP (NNP Denver)) (NAC (-NONE- *ICH*-2))))) (PP (IN with) (NP (DT the) (NN inversion))) (NAC-2 (CC and) (NP (NP (NNP Los) (NNP Angeles)) (CC and) (EDITED (RM (-DFL- \[)) (NP-UNF (CC a-)) (, ,) (IP (-DFL- \+))) (RS (-DFL- \])) (NP (NP (NN rest)) (PP (IN of) (NP (NNP California))) (SBAR (WHNP-1 (WDT which)) (S (NP-SBJ (-NONE- *T*-1)) (VP (VBZ is) (ADVP (RB just)) (ADJP-PRD (JJ terrible)) (PRN (S (NP-SBJ (PRP it)) (VP (VBZ sounds))))))))))))))))) (. .) (-DFL- E_S))",168
sw05utt/sw_0575_4114.utt,4/sw4114,4114,114,aa,A,65,1,"Yeah,  /","[ Yeah/UH ] ,/,","(INTJ (UH Yeah) (, ,) (-DFL- E_S))",153
sw05utt/sw_0575_4114.utt,4/sw4114,4114,115,sd,A,65,2,Denver's #  (( definitely ))  # -- /,[ Denver/NNP 's/BES ] definitely/RB --/:,(S (NP-SBJ (NNP Denver)) (VP-UNF (BES 's) (ADVP (RB definitely))) (-DFL- E_S)),171
sw05utt/sw_0575_4114.utt,4/sw4114,4114,116,+,B,66,1,-- # inversion # --,--/:  [ inversion/NN ] --/:,"(FRAG (INTJ (UH Well)) (, ,) (EDITED (RM (-DFL- \[)) (RB not) (, ,) (IP (-DFL- \+))) (RB not) (RS (-DFL- \])) (ADVP (ADVP (RB as) (JJ hard)) (PP (IN as) (NP (NP (DT some) (NNS places)) (PP-LOC (IN out) (ADVP (JJ west)))))) (SBAR-PRP (IN because) (S (NP-SBJ (PRP you)) (VP (VBP do) (RB n't) (VP (VB get) (NP (DT the) (, ,) (INTJ (UH uh)) (, ,) (JJ major) (NN pollution) (NNS sources)) (SBAR-ADV (IN as) (S (NP-SBJ (PRP you)) (VP (VBP do) (PP-LOC (IN out) (PP (IN in) (NP (NP (NNP Denver)) (NAC (-NONE- *ICH*-2))))) (PP (IN with) (NP (DT the) (NN inversion))) (NAC-2 (CC and) (NP (NP (NNP Los) (NNP Angeles)) (CC and) (EDITED (RM (-DFL- \[)) (NP-UNF (CC a-)) (, ,) (IP (-DFL- \+))) (RS (-DFL- \])) (NP (NP (NN rest)) (PP (IN of) (NP (NNP California))) (SBAR (WHNP-1 (WDT which)) (S (NP-SBJ (-NONE- *T*-1)) (VP (VBZ is) (ADVP (RB just)) (ADJP-PRD (JJ terrible)) (PRN (S (NP-SBJ (PRP it)) (VP (VBZ sounds))))))))))))))))) (. .) (-DFL- E_S))",168
sw05utt/sw_0575_4114.utt,4/sw4114,4114,117,aa,A,67,1,"-- yeah,  /","--/: yeah/UH ,/,","(INTJ (UH yeah) (, ,) (-DFL- E_S))",174
sw05utt/sw_0575_4114.utt,4/sw4114,4114,118,sv,A,67,2,that's one of the worst. /,[ that/DT ] 's/BES  [ one/CD ] of/IN  [ the/DT worst/JJS ] ./.,(S (NP-SBJ (DT that)) (VP (BES 's) (NP-PRD (NP (CD one)) (PP (IN of) (NP (DT the) (JJS worst))))) (. .) (-DFL- E_S)),175
sw05utt/sw_0575_4114.utt,4/sw4114,4114,119,+,B,68,1,"-- and Los Angeles and [ a-, + ] rest of California which is just terrible it sounds. /","--/: and/CC  [ Los/NNP Angeles/NNP ] and/CC  [ a-/CC ] ,/,  [ rest/NN ] of/IN  [ California/NNP ] [ which/WDT ] is/VBZ just/RB terrible/JJ  [ it/PRP ] sounds/VBZ ./.","(FRAG (INTJ (UH Well)) (, ,) (EDITED (RM (-DFL- \[)) (RB not) (, ,) (IP (-DFL- \+))) (RB not) (RS (-DFL- \])) (ADVP (ADVP (RB as) (JJ hard)) (PP (IN as) (NP (NP (DT some) (NNS places)) (PP-LOC (IN out) (ADVP (JJ west)))))) (SBAR-PRP (IN because) (S (NP-SBJ (PRP you)) (VP (VBP do) (RB n't) (VP (VB get) (NP (DT the) (, ,) (INTJ (UH uh)) (, ,) (JJ major) (NN pollution) (NNS sources)) (SBAR-ADV (IN as) (S (NP-SBJ (PRP you)) (VP (VBP do) (PP-LOC (IN out) (PP (IN in) (NP (NP (NNP Denver)) (NAC (-NONE- *ICH*-2))))) (PP (IN with) (NP (DT the) (NN inversion))) (NAC-2 (CC and) (NP (NP (NNP Los) (NNP Angeles)) (CC and) (EDITED (RM (-DFL- \[)) (NP-UNF (CC a-)) (, ,) (IP (-DFL- \+))) (RS (-DFL- \])) (NP (NP (NN rest)) (PP (IN of) (NP (NNP California))) (SBAR (WHNP-1 (WDT which)) (S (NP-SBJ (-NONE- *T*-1)) (VP (VBZ is) (ADVP (RB just)) (ADJP-PRD (JJ terrible)) (PRN (S (NP-SBJ (PRP it)) (VP (VBZ sounds))))))))))))))))) (. .) (-DFL- E_S))",168
sw05utt/sw_0575_4114.utt,4/sw4114,4114,120,aa,A,69,1,Sure.  /,[ Sure/UH ] ./.,(INTJ (UH Sure) (. .) (-DFL- E_S)),178
sw05utt/sw_0575_4114.utt,4/sw4114,4114,121,aa,A,69,2,"Yeah,  /","[ Yeah/UH ] ,/,","(INTJ (UH Yeah) (, ,) (-DFL- E_S))",153
sw05utt/sw_0575_4114.utt,4/sw4114,4114,122,sd,A,69,3,"Denver's [ [ that, + that   real good e-, ] + that real good, {F uh, } example  ] of sitting in a valley, kind of like Mexico City does, I guess. /","[ Denver/NNP ] 's/BES that/DT ,/, that/DT  [ real/RB good/JJ e-/NN ] ,/, that/DT  [ real/RB good/JJ ] ,/,  [ uh/UH ] ,/,  [ example/NN ] of/IN sitting/VBG in/IN  [ a/DT valley/NN ] ,/,  [ kind/RB ] of/RB  [ like/IN Mexico/NNP City/NNP ] does/VBZ ,/,  [ I/PRP ] guess/VBP ./.","(S (S-TPC-1 (NP-SBJ (NNP Denver)) (VP (BES 's) (EDITED (RM (-DFL- \[)) (EDITED (RM (-DFL- \[)) (NP-UNF-PRD (DT that)) (, ,) (IP (-DFL- \+))) (NP-PRD-UNF (DT that) (ADJP (RB real) (JJ good)) (NN e-)) (, ,) (RS (-DFL- \])) (IP (-DFL- \+))) (NP-PRD (NP (DT that) (ADJP (RB real) (JJ good)) (, ,) (INTJ (UH uh)) (, ,) (NN example)) (RS (-DFL- \])) (PP (IN of) (S-NOM (NP-SBJ (-NONE- *)) (VP (VBG sitting) (PP-LOC (IN in) (NP (DT a) (NN valley))) (, ,) (SBAR (ADVP (RB kind) (RB of)) (IN like) (S (NP-SBJ (NNP Mexico) (NNP City)) (VP (VBZ does)))))))))) (, ,) (NP-SBJ (PRP I)) (VP (VBP guess) (SBAR (-NONE- 0) (S (-NONE- *T*-1)))) (. .) (-DFL- E_S))",180
sw05utt/sw_0575_4114.utt,4/sw4114,4114,123,b,B,70,1,Uh-huh. /,[ Uh-huh/UH ] ./.,(INTJ (UH Uh-huh) (. .) (-DFL- E_S)),182
sw05utt/sw_0575_4114.utt,4/sw4114,4114,124,sd,A,71,1,Mexico City is   historically been one of the worst --,[ Mexico/NNP City/NNP ] is/VBZ historically/RB been/VBN  [ one/CD ] of/IN  [ the/DT worst/JJS ] --/:,"(S (NP-SBJ (NNP Mexico) (NNP City)) (VP (TYPO (VBZ is)) (ADVP (RB historically)) (VP (VBN been) (NP-PRD (NP (CD one)) (PP (IN of) (NP (DT the) (JJS worst))) (EDITED (RM (-DFL- \[)) (PP (IN in) (NP-UNF (DT the))) (, ,) (IP (-DFL- \+))) (PP (IN in) (NP (DT the) (RS (-DFL- \])) (NN world))) (PP (IN for) (NP (DT that)))))) (. .) (-DFL- E_S))",184
sw05utt/sw_0575_4114.utt,4/sw4114,4114,125,b,B,72,1,Yeah. /,Yeah/UH ./.,(INTJ (UH Yeah) (. .) (-DFL- E_S)),186
sw05utt/sw_0575_4114.utt,4/sw4114,4114,126,+,A,73,1,"-- [ in the, + in the  ] world for that.  /","--/: in/IN  [ the/DT ] ,/, in/IN  [ the/DT world/NN ] for/IN  [ that/DT ] ./.","(S (NP-SBJ (NNP Mexico) (NNP City)) (VP (TYPO (VBZ is)) (ADVP (RB historically)) (VP (VBN been) (NP-PRD (NP (CD one)) (PP (IN of) (NP (DT the) (JJS worst))) (EDITED (RM (-DFL- \[)) (PP (IN in) (NP-UNF (DT the))) (, ,) (IP (-DFL- \+))) (PP (IN in) (NP (DT the) (RS (-DFL- \])) (NN world))) (PP (IN for) (NP (DT that)))))) (. .) (-DFL- E_S))",184
sw05utt/sw_0575_4114.utt,4/sw4114,4114,127,sv,A,73,2,"{C But } I've been pretty lucky,  /","But/CC  [ I/PRP ] 've/VBP been/VBN pretty/RB lucky/JJ ,/,","(S (CC But) (NP-SBJ (PRP I)) (VP (VBP 've) (VP (VBN been) (ADJP-PRD (RB pretty) (JJ lucky)))) (, ,) (-DFL- E_S))",188
sw05utt/sw_0575_4114.utt,4/sw4114,4114,128,sd,A,73,3,"I've lived in cities that really haven't had that much of a problem, although, {F uh, } I'm really kind of based in Orlando, Florida  /","[ I/PRP ] 've/VBP lived/VBN in/IN  [ cities/NNS ] [ that/WDT ] really/RB have/VBP n't/RB had/VBN that/RB  [ much/JJ ] of/IN  [ a/DT problem/NN ] ,/, although/IN ,/,  [ uh/UH ] ,/,  [ I/PRP ] 'm/VBP really/RB  [ kind/RB ] of/RB based/VBN in/IN  [ Orlando/NNP ] ,/,  [ Florida/NNP ]","(S (NP-SBJ (PRP I)) (VP (VBP 've) (VP (VBN lived) (PP-LOC (IN in) (NP (NP (NNS cities)) (SBAR (WHNP-1 (WDT that)) (S (NP-SBJ (-NONE- *T*-1)) (ADVP (RB really)) (VP (VBP have) (RB n't) (VP (VBN had) (NP (NP (RB that) (JJ much)) (PP (IN of) (NP (DT a) (NN problem)))))))))) (, ,) (SBAR-ADV (IN although) (, ,) (INTJ (UH uh)) (, ,) (S (NP-SBJ-2 (PRP I)) (VP (VBP 'm) (ADVP (RB really)) (ADVP (RB kind) (RB of)) (VP (VBN based) (NP (-NONE- *-2)) (PP-LOC (IN in) (NP (NP (NNP Orlando)) (, ,) (NP (NNP Florida)))))))))) (-DFL- E_S))",189
sw05utt/sw_0575_4114.utt,4/sw4114,4114,129,sv,A,73,4,"{C and } there, you can tell that it's getting worse.  /","and/CC there/RB ,/,  [ you/PRP ] can/MD tell/VB that/IN  [ it/PRP ] 's/BES getting/VBG  [ worse/JJR ] ./.","(S (CC and) (ADVP-LOC (RB there)) (, ,) (NP-SBJ (PRP you)) (VP (MD can) (VP (VB tell) (SBAR (IN that) (S (NP-SBJ (PRP it)) (VP (BES 's) (VP (VBG getting) (ADJP-PRD (JJR worse)))))))) (. .) (-DFL- E_S))",190
sw05utt/sw_0575_4114.utt,4/sw4114,4114,130,sd,A,73,5,"{E I mean, } [ [ it, + it  ] +  definitely it's  ] not at a level comparable to Los Angeles or Denver  /","[ I/PRP ] mean/VBP ,/,  [ it/PRP ] ,/,  [ it/PRP ] definitely/RB  [ it/PRP ] 's/BES not/RB at/IN  [ a/DT level/NN ] comparable/JJ to/TO  [ Los/NNP Angeles/NNP ] or/CC  [ Denver/NNP ]","(S (PRN (S (NP-SBJ (PRP I)) (VP (VBP mean))) (, ,)) (EDITED (RM (-DFL- \[)) (EDITED (RM (-DFL- \[)) (NP-SBJ (PRP it)) (, ,) (IP (-DFL- \+))) (NP-SBJ (PRP it)) (RS (-DFL- \])) (IP (-DFL- \+))) (ADVP (RB definitely)) (NP-SBJ (PRP it)) (VP (BES 's) (RS (-DFL- \])) (RB not) (PP-PRD (IN at) (NP (NP (DT a) (NN level)) (ADJP (JJ comparable) (PP (TO to) (NP (NNP Los) (NNP Angeles) (CC or) (NNP Denver))))))) (-DFL- E_S))",191
sw05utt/sw_0575_4114.utt,4/sw4114,4114,131,%,A,73,6,"{C but } you can, -/","but/CC  [ you/PRP ] can/MD ,/,","(S (CC but) (NP-SBJ (PRP you)) (VP-UNF (MD can)) (, ,) (-DFL- N_S))",192
sw05utt/sw_0575_4114.utt,4/sw4114,4114,132,b,B,74,1,"Yeah,  /","Yeah/UH ,/,","(INTJ (UH Yeah) (, ,) (-DFL- E_S))",165
sw05utt/sw_0575_4114.utt,4/sw4114,4114,133,sv,B,74,2,"there, it's almost all automobiles because there's not that much in the way of --","there/RB ,/,  [ it/PRP ] 's/BES almost/RB  [ all/DT automobiles/NNS ] because/IN  [ there/EX ] 's/BES not/RB that/RB much/RB in/IN  [ the/DT way/NN ] of/IN --/:","(S (ADVP-LOC (RB there)) (, ,) (NP-SBJ (PRP it)) (VP (BES 's) (ADVP (RB almost) (DT all)) (NP-PRD (NNS automobiles)) (SBAR-PRP (IN because) (S (NP-SBJ (EX there)) (VP (BES 's) (RB not) (NP-PRD (NP (RB that) (RB much)) (PP (IN in) (NP (NP (DT the) (NN way)) (PP (IN of) (NP (JJ heavy) (NN industry))))) (PRN (, ,) (S (NP-SBJ (PRP you)) (VP (VBP know))) (, ,)) (SBAR (WHNP-1 (WDT that)) (S (NP-SBJ (-NONE- *T*-1)) (VP (MD would) (VP (VB be) (VP (VBG causing) (NP (PRP it)))))))))))) (. .) (-DFL- E_S))",195
sw05utt/sw_0575_4114.utt,4/sw4114,4114,134,aa,A,75,1,Exactly. /,Exactly/UH ./.,(INTJ (UH Exactly) (. .) (-DFL- E_S)),197
sw05utt/sw_0575_4114.utt,4/sw4114,4114,135,+,B,76,1,"-- heavy industry, {D you know, } that would be causing it. /","--/:  [ heavy/JJ industry/NN ] ,/,  [ you/PRP ] know/VBP ,/, that/WDT would/MD be/VB causing/VBG  [ it/PRP ] ./.","(S (ADVP-LOC (RB there)) (, ,) (NP-SBJ (PRP it)) (VP (BES 's) (ADVP (RB almost) (DT all)) (NP-PRD (NNS automobiles)) (SBAR-PRP (IN because) (S (NP-SBJ (EX there)) (VP (BES 's) (RB not) (NP-PRD (NP (RB that) (RB much)) (PP (IN in) (NP (NP (DT the) (NN way)) (PP (IN of) (NP (JJ heavy) (NN industry))))) (PRN (, ,) (S (NP-SBJ (PRP you)) (VP (VBP know))) (, ,)) (SBAR (WHNP-1 (WDT that)) (S (NP-SBJ (-NONE- *T*-1)) (VP (MD would) (VP (VB be) (VP (VBG causing) (NP (PRP it)))))))))))) (. .) (-DFL- E_S))",195
sw05utt/sw_0575_4114.utt,4/sw4114,4114,136,aa,A,77,1,Yeah.  /,Yeah/UH ./.,(INTJ (UH Yeah) (. .) (-DFL- E_S)),186
sw05utt/sw_0575_4114.utt,4/sw4114,4114,137,sd,A,77,2,"{C And } there's not that much in terms [ of, + of  ] public transportation down there. /","And/CC  [ there/EX ] 's/BES not/RB that/RB much/RB in/IN  [ terms/NNS ] of/IN ,/, of/IN  [ public/JJ transportation/NN ] down/IN there/RB ./.","(S (CC And) (NP-SBJ (EX there)) (VP (BES 's) (RB not) (NP-PRD (RB that) (RB much)) (PP (IN in) (NP (NP (NNS terms)) (EDITED (RM (-DFL- \[)) (PP-UNF (IN of)) (, ,) (IP (-DFL- \+))) (PP (IN of) (RS (-DFL- \])) (NP (JJ public) (NN transportation))))) (PP-LOC (IN down) (ADVP (RB there)))) (. .) (-DFL- E_S))",201
sw05utt/sw_0575_4114.utt,4/sw4114,4114,138,b,B,78,1,Uh-huh. /,[ Uh-huh/UH ] ./.,(INTJ (UH Uh-huh) (. .) (-DFL- E_S)),182
sw05utt/sw_0575_4114.utt,4/sw4114,4114,139,%,A,79,1,"There is,  /","[ There/EX ] is/VBZ ,/,","(S (NP-SBJ (EX There)) (VP (VBZ is) (NP-PRD (-NONE- *?*))) (, ,) (-DFL- E_S))",205
sw05utt/sw_0575_4114.utt,4/sw4114,4114,140,%,A,79,2,"{C but } [ it's kind of + it's,  ] -/","but/CC  [ it/PRP ] 's/BES kind/RB of/RB  [ it/PRP ] 's/BES ,/,","(S (CC but) (EDITED (RM (-DFL- \[)) (S (NP-SBJ (PRP it)) (VP-UNF (BES 's) (ADVP (RB kind) (RB of)))) (IP (-DFL- \+))) (NP-SBJ (PRP it)) (VP-UNF (BES 's)) (, ,) (RS (-DFL- \])) (-DFL- N_S))",206
