swda_filename,ptb_basename,conversation_no,transcript_index,act_tag,caller,utterance_index,subutterance_index,text,pos,trees,ptb_treenumbers
sw05utt/sw_0578_4796.utt,4/sw4796,4796,0,o,A,1,1,"Okay Randall, {F uh, } {F uh, }  /","[ Okay/UH Randall/NNP ] ,/,  [ uh/UH ] ,/,  [ uh/UH ] ,/,","(FRAG (INTJ (UH Okay)) (NP-VOC (NNP Randall)) (, ,) (INTJ (UH uh)) (, ,) (INTJ (UH uh)) (, ,) (-DFL- E_S))",1
sw05utt/sw_0578_4796.utt,4/sw4796,4796,1,qy,A,1,2,"do you have any special interest in, {F uh, } space flight? /","do/VBP  [ you/PRP ] have/VB  [ any/DT special/JJ interest/NN ] in/IN ,/,  [ uh/UH ] ,/,  [ space/NN flight/NN ] ?/.","(SQ (VBP do) (NP-SBJ (PRP you)) (VP (VB have) (NP (NP (DT any) (JJ special) (NN interest)) (PP (IN in) (, ,) (INTJ (UH uh)) (, ,) (NP (NN space) (NN flight))))) (. ?) (-DFL- E_S))",2
sw05utt/sw_0578_4796.utt,4/sw4796,4796,2,ny,B,2,1,{F Oh } yeah.  /,Oh/UH yeah/UH ./.,(INTJ (INTJ (UH Oh)) (INTJ (UH yeah)) (. .) (-DFL- E_S)),4
sw05utt/sw_0578_4796.utt,4/sw4796,4796,3,sd,B,2,2,"Ever since I was a young and, {F uh, } used to watch the old, {F uh, } Apollo missions going off in, {F uh, } classroom T V -s. /","Ever/RB since/IN  [ I/PRP ] was/VBD  [ a/DT young/JJ ] and/CC ,/,  [ uh/UH ] ,/, used/VBD to/TO watch/VB  [ the/DT old/JJ ] ,/,  [ uh/UH ] ,/,  [ Apollo/NNP missions/NNS ] going/VBG off/RB in/IN ,/,  [ uh/UH ] ,/,  [ classroom/NN T/NN V/NN -s/NNS ] ./.","(SBAR-TMP (ADVP (RB Ever)) (IN since) (S (NP-SBJ-1 (PRP I)) (VP (VP (VBD was) (X (DT a)) (ADJP-PRD (JJ young))) (CC and) (, ,) (INTJ (UH uh)) (, ,) (VP (VBD used) (S (NP-SBJ (-NONE- *-1)) (VP (TO to) (VP (VB watch) (NP (NP (DT the) (JJ old) (, ,) (INTJ (UH uh)) (, ,) (NNP Apollo) (NNS missions)) (VP (VBG going) (ADVP-DIR (RB off)))) (PP (IN in) (, ,) (INTJ (UH uh)) (, ,) (NP (NN classroom) (NN T) (NN V) (NNS -s))))))))) (. .) (-DFL- E_S))",5
sw05utt/sw_0578_4796.utt,4/sw4796,4796,4,b,A,3,1,Uh-huh <laughter>. /,[ Uh-huh/UH ] ./.,(INTJ (UH Uh-huh) (. .) (-DFL- E_S)),7
sw05utt/sw_0578_4796.utt,4/sw4796,4796,5,sv,B,4,1,"{F Uh, } I suspect a lot of people, {F uh, } {F uh, } got, {F uh, } turned on by [ watching, +  watching ] those go off. /","[ Uh/UH ] ,/,  [ I/PRP ] suspect/VBP  [ a/DT lot/NN ] of/IN  [ people/NNS ] ,/,  [ uh/UH ] ,/,  [ uh/UH ] ,/, got/VBD ,/,  [ uh/UH ] ,/, turned/VBN on/RP by/IN watching/VBG ,/, watching/VBG  [ those/DT ] go/VB off/RB ./.","(S (INTJ (UH Uh)) (, ,) (NP-SBJ (PRP I)) (VP (VBP suspect) (SBAR (-NONE- 0) (S (NP-SBJ-1 (NP (DT a) (NN lot)) (PP (IN of) (NP (NNS people)))) (, ,) (INTJ (UH uh)) (, ,) (INTJ (UH uh)) (, ,) (VP (VBD got) (, ,) (INTJ (UH uh)) (, ,) (VP (VBN turned) (NP (-NONE- *-1)) (PRT (RP on)) (PP (IN by) (S-NOM (NP-SBJ (-NONE- *)) (EDITED (RM (-DFL- \[)) (VP-UNF (VBG watching)) (, ,) (IP (-DFL- \+))) (VP (VBG watching) (RS (-DFL- \])) (S (NP-SBJ (DT those)) (VP (VB go) (ADVP-DIR (RB off)))))))))))) (. .) (-DFL- E_S))",9
sw05utt/sw_0578_4796.utt,4/sw4796,4796,6,b,A,5,1,Uh-huh. /,[ Uh-huh/UH ] ./.,(INTJ (UH Uh-huh) (. .) (-DFL- E_S)),7
sw05utt/sw_0578_4796.utt,4/sw4796,4796,7,sv,B,6,1,"{F Uh, } very exciting. /","[ Uh/UH ] ,/, very/RB exciting/JJ ./.","(ADJP (INTJ (UH Uh)) (, ,) (RB very) (JJ exciting) (. .) (-DFL- E_S))",13
sw05utt/sw_0578_4796.utt,4/sw4796,4796,8,b,A,7,1,Yeah. /,Yeah/UH ./.,(INTJ (UH Yeah) (. .) (-DFL- E_S)),15
sw05utt/sw_0578_4796.utt,4/sw4796,4796,9,%,B,8,1,"The, {F uh, } {F uh, } - /","[ The/DT ] ,/,  [ uh/UH ] ,/,  [ uh/UH ] ,/,","(S (NP-SBJ-UNF (DT The)) (, ,) (INTJ (UH uh)) (, ,) (INTJ (UH uh)) (, ,) (-DFL- N_S))",17
sw05utt/sw_0578_4796.utt,4/sw4796,4796,10,sd,B,8,2,"[ I've al-, + I've always, ] {F uh, } [ w-, + wanted ]  very much, {F uh, } to, {F uh, } be somehow involved in all that.","[ I/PRP ] 've/VBP  [ al-/RB ] ,/,  [ I/PRP ] 've/VBP always/RB ,/,  [ uh/UH ] ,/,  [ w/VBN ] ,/, wanted/VBN very/RB much/RB ,/,  [ uh/UH ] ,/, to/TO ,/,  [ uh/UH ] ,/, be/VB somehow/RB involved/VBN in/IN  [ all/PDT that/DT ] ./.","(S (EDITED (RM (-DFL- \[)) (S (NP-SBJ (PRP I)) (VP (VBP 've) (ADVP-TMP-UNF (RB al-)))) (, ,) (IP (-DFL- \+))) (NP-SBJ-1 (PRP I)) (VP (VBP 've) (ADVP-TMP (RB always)) (, ,) (RS (-DFL- \])) (INTJ (UH uh)) (, ,) (EDITED (RM (-DFL- \[)) (VP-UNF (VBN w-)) (, ,) (IP (-DFL- \+))) (VP (VBN wanted) (RS (-DFL- \])) (ADVP (RB very) (RB much)) (, ,) (INTJ (UH uh)) (, ,) (S (NP-SBJ (-NONE- *-1)) (VP (VP (TO to) (, ,) (INTJ (UH uh)) (, ,) (VP (VB be) (ADVP (RB somehow)) (ADJP-PRD (VBN involved) (PP (IN in) (NP (PDT all) (DT that)))))) (. .) (CC And) (, ,) (INTJ (UH uh)) (, ,) (VP (TO to) (, ,) (INTJ (UH uh)) (, ,) (VP (VB meet))) (EDITED (RM (-DFL- \[)) (CC and) (, ,) (IP (-DFL- \+))) (CC and) (RS (-DFL- \])) (VP (TO to) (EDITED (RM (-DFL- \[)) (VP-UNF (VB see)) (, ,) (IP (-DFL- \+))) (VP (VB see) (RS (-DFL- \])) (S (NP-SBJ (PRP it)) (ADVP (RB actually)) (VP (VB happen))))))))) (. .) (-DFL- E_S))",18
sw05utt/sw_0578_4796.utt,4/sw4796,4796,11,b,A,9,1,Uh-huh. /,[ Uh-huh/UH ] ./.,(INTJ (UH Uh-huh) (. .) (-DFL- E_S)),7
sw05utt/sw_0578_4796.utt,4/sw4796,4796,12,+,B,10,1,"{C And, } {F uh, } to, {F uh, } meet [ and, + and  ] to [ see, + see  ] it actually happen.  /","And/CC ,/,  [ uh/UH ] ,/, to/TO ,/,  [ uh/UH ] ,/, meet/VB and/CC ,/, and/CC to/TO see/VB ,/, see/VB  [ it/PRP ] actually/RB happen/VB ./.","(S (EDITED (RM (-DFL- \[)) (S (NP-SBJ (PRP I)) (VP (VBP 've) (ADVP-TMP-UNF (RB al-)))) (, ,) (IP (-DFL- \+))) (NP-SBJ-1 (PRP I)) (VP (VBP 've) (ADVP-TMP (RB always)) (, ,) (RS (-DFL- \])) (INTJ (UH uh)) (, ,) (EDITED (RM (-DFL- \[)) (VP-UNF (VBN w-)) (, ,) (IP (-DFL- \+))) (VP (VBN wanted) (RS (-DFL- \])) (ADVP (RB very) (RB much)) (, ,) (INTJ (UH uh)) (, ,) (S (NP-SBJ (-NONE- *-1)) (VP (VP (TO to) (, ,) (INTJ (UH uh)) (, ,) (VP (VB be) (ADVP (RB somehow)) (ADJP-PRD (VBN involved) (PP (IN in) (NP (PDT all) (DT that)))))) (. .) (CC And) (, ,) (INTJ (UH uh)) (, ,) (VP (TO to) (, ,) (INTJ (UH uh)) (, ,) (VP (VB meet))) (EDITED (RM (-DFL- \[)) (CC and) (, ,) (IP (-DFL- \+))) (CC and) (RS (-DFL- \])) (VP (TO to) (EDITED (RM (-DFL- \[)) (VP-UNF (VB see)) (, ,) (IP (-DFL- \+))) (VP (VB see) (RS (-DFL- \])) (S (NP-SBJ (PRP it)) (ADVP (RB actually)) (VP (VB happen))))))))) (. .) (-DFL- E_S))",18
sw05utt/sw_0578_4796.utt,4/sw4796,4796,13,sd,B,10,2,"Of course, I've really wanted to actually manage to get into space someday. /","Of/IN  [ course/NN ] ,/,  [ I/PRP ] 've/VBP really/RB wanted/VBN to/TO actually/RB manage/VB to/TO get/VB into/IN  [ space/NN ] someday/RB ./.","(S (PP (IN Of) (NP (NN course))) (, ,) (NP-SBJ-1 (PRP I)) (VP (VBP 've) (ADVP (RB really)) (VP (VBN wanted) (S (NP-SBJ-2 (-NONE- *-1)) (VP (TO to) (ADVP (RB actually)) (VP (VB manage) (S (NP-SBJ (-NONE- *-2)) (VP (TO to) (VP (VB get) (PP-LOC (IN into) (NP (NN space))) (ADVP-TMP (RB someday)))))))))) (. .) (-DFL- E_S))",22
sw05utt/sw_0578_4796.utt,4/sw4796,4796,14,b,A,11,1,Uh-huh. /,[ Uh-huh/UH ] ./.,(INTJ (UH Uh-huh) (. .) (-DFL- E_S)),7
sw05utt/sw_0578_4796.utt,4/sw4796,4796,15,sd,B,12,1,"{C But, } {F uh, } that seems rather unlikely at this point, unfortunately. /","But/CC ,/,  [ uh/UH ] ,/,  [ that/DT ] seems/VBZ rather/RB unlikely/JJ at/IN  [ this/DT point/NN ] ,/, unfortunately/RB ./.","(S (CC But) (, ,) (INTJ (UH uh)) (, ,) (NP-SBJ (DT that)) (VP (VBZ seems) (ADJP-PRD (RB rather) (JJ unlikely)) (PP-TMP (IN at) (NP (DT this) (NN point))) (, ,) (ADVP (RB unfortunately))) (. .) (-DFL- E_S))",26
sw05utt/sw_0578_4796.utt,4/sw4796,4796,16,qw,A,13,1,<Laughter> What do you do now? /,[ What/WP ] do/VBP  [ you/PRP ] do/VB now/RB ?/.,(SBARQ (WHNP-1 (WP What)) (SQ (VBP do) (NP-SBJ (PRP you)) (VP (VB do) (ADVP-TMP (RB now)) (NP (-NONE- *T*-1)))) (. ?) (-DFL- E_S)),28
sw05utt/sw_0578_4796.utt,4/sw4796,4796,17,sd,B,14,1,"{F Uh, } computer programmer <laughter>. /","[ Uh/UH ] ,/,  [ computer/NN programmer/NN ] ./.","(NP (INTJ (UH Uh)) (, ,) (NN computer) (NN programmer) (. .) (-DFL- E_S))",30
sw05utt/sw_0578_4796.utt,4/sw4796,4796,18,b,A,15,1,Oh. /,Oh/UH ./.,(INTJ (UH Oh) (. .) (-DFL- E_S)),32
sw05utt/sw_0578_4796.utt,4/sw4796,4796,19,sd,B,16,1,"Unfortunately, that can be done from the ground <laughter>. /","Unfortunately/RB ,/, that/DT can/MD be/VB done/VBN from/IN  [ the/DT ground/NN ] ./.","(S (ADVP (RB Unfortunately)) (, ,) (NP-SBJ-1 (DT that)) (VP (MD can) (VP (VB be) (VP (VBN done) (NP (-NONE- *-1)) (PP (IN from) (NP (DT the) (NN ground)))))) (. .) (-DFL- E_S))",34
sw05utt/sw_0578_4796.utt,4/sw4796,4796,20,b,A,17,1,<Laughter> Yeah.  /,Yeah/UH ./.,(INTJ (UH Yeah) (. .) (-DFL- E_S)),15
sw05utt/sw_0578_4796.utt,4/sw4796,4796,21,ba,A,17,2,"To bad, {F huh. } /  *[[spelling: too]]","To/^RB   [ bad/JJ ] ,/, huh/UH ./.","(FRAG (ADJP (TYPO (^RB To)) (JJ bad)) (, ,) (INTJ (UH huh)) (. .) (-DFL- E_S))",37
sw05utt/sw_0578_4796.utt,4/sw4796,4796,22,aa,B,18,1,Yeah.  /,Yeah/UH ./.,(INTJ (UH Yeah) (. .) (-DFL- E_S)),15
sw05utt/sw_0578_4796.utt,4/sw4796,4796,23,sd,B,18,2,"Made the [ wrong, + wrong  ] career choice to get up into space <laughter>. /","Made/VBD  [ the/DT wrong/JJ ] ,/,  [ wrong/JJ career/NN choice/NN ] to/TO get/VB up/IN into/IN  [ space/NN ] ./.","(S (NP-SBJ-1 (-NONE- *)) (VP (VBD Made) (NP (DT the) (EDITED (RM (-DFL- \[)) (ADJP (JJ wrong)) (, ,) (IP (-DFL- \+))) (JJ wrong) (RS (-DFL- \])) (NN career) (NN choice)) (S-PRP (NP-SBJ (-NONE- *-1)) (VP (TO to) (VP (VB get) (PP-LOC (IN up) (PP (IN into) (NP (NN space)))))))) (. .) (-DFL- E_S))",40
sw05utt/sw_0578_4796.utt,4/sw4796.pos,4796,24,x,A,19,1,<Laughter>.,./.
sw05utt/sw_0578_4796.utt,4/sw4796,4796,25,%,B,20,1,"The, {F uh, } {F uh, } - /","[ The/DT ] ,/,  [ uh/UH ] ,/,  [ uh/UH ] ,/,","(S (NP-SBJ-UNF (DT The)) (, ,) (INTJ (UH uh)) (, ,) (INTJ (UH uh)) (, ,) (-DFL- N_S))",17
sw05utt/sw_0578_4796.utt,4/sw4796,4796,26,sd,B,20,2,"I used to think [ when I was, + when I was  ] younger that, {F uh, } by this time we'd have lots more [ in + ] stuff in space than we do now. /","[ I/PRP ] used/VBD to/TO think/VB when/WRB  [ I/PRP ] was/VBD ,/, when/WRB  [ I/PRP ] was/VBD younger/JJR that/IN ,/,  [ uh/UH ] ,/, by/IN  [ this/DT time/NN ] [ we/PRP ] 'd/MD have/VB  [ lots/NNS ] more/JJR in/IN  [ stuff/NN ] in/IN  [ space/NN ] than/IN  [ we/PRP ] do/VBP now/RB ./.","(S (NP-SBJ-1 (PRP I)) (VP (VBD used) (S (NP-SBJ (-NONE- *-1)) (VP (TO to) (VP (VB think) (SBAR-TMP (EDITED (RM (-DFL- \[)) (SBAR-TMP (WHADVP (WRB when)) (S (NP-SBJ (PRP I)) (VP-UNF (VBD was)))) (, ,) (IP (-DFL- \+))) (WHADVP-2 (WRB when)) (S (NP-SBJ (PRP I)) (VP (VBD was) (RS (-DFL- \])) (ADJP-PRD (JJR younger)) (ADVP-TMP (-NONE- *T*-2))))) (SBAR (IN that) (, ,) (INTJ (UH uh)) (, ,) (S (PP-TMP (IN by) (NP (DT this) (NN time))) (NP-SBJ (PRP we)) (VP (MD 'd) (VP (VB have) (NP (NP (ADJP (NNS lots) (JJR more)) (EDITED (RM (-DFL- \[)) (PP-LOC-UNF (IN in)) (IP (-DFL- \+)) (RS (-DFL- \]))) (NN stuff)) (PP-LOC (IN in) (NP (NN space))) (SBAR (IN than) (S (NP-SBJ (PRP we)) (VP (VBP do) (ADVP-TMP (RB now)))))))))))))) (. .) (-DFL- E_S))",44
sw05utt/sw_0578_4796.utt,4/sw4796,4796,27,b,A,21,1,"Uh-huh,  /","[ Uh-huh/UH ] ,/,","(INTJ (UH Uh-huh) (, ,) (-DFL- E_S))",46
sw05utt/sw_0578_4796.utt,4/sw4796,4796,28,b^r,A,21,2,uh-huh. /,[ uh-huh/UH ] ./.,(INTJ (UH uh-huh) (. .) (-DFL- E_S)),47
sw05utt/sw_0578_4796.utt,4/sw4796,4796,29,sd,B,22,1,"{F Uh, } frustrating at times. /","[ Uh/UH ] ,/, frustrating/JJ at/IN  [ times/NNS ] ./.","(FRAG (INTJ (UH Uh)) (, ,) (ADJP (JJ frustrating)) (PP-TMP (IN at) (NP (NNS times))) (. .) (-DFL- E_S))",49
sw05utt/sw_0578_4796.utt,4/sw4796,4796,30,b,A,23,1,Uh-huh. /,[ Uh-huh/UH ] ./.,(INTJ (UH Uh-huh) (. .) (-DFL- E_S)),24
sw05utt/sw_0578_4796.utt,4/sw4796,4796,31,qw^d,B,24,1,I don't know what you think <laughter> about all that. /,[ I/PRP ] do/VBP n't/RB know/VB  [ what/WP ] [ you/PRP ] think/VBP about/IN  [ all/PDT that/DT ] ./.,(S (NP-SBJ (PRP I)) (VP (VBP do) (RB n't) (VP (VB know) (SBAR (WHNP-1 (WP what)) (S (NP-SBJ (PRP you)) (VP (VBP think) (NP (-NONE- *T*-1)) (PP (IN about) (NP (PDT all) (DT that)))))))) (. .) (-DFL- E_S)),53
sw05utt/sw_0578_4796.utt,4/sw4796,4796,32,sd,A,25,1,"{D Well, } {F uh, } [ [ yo-, +   I, ] +  {F uh, } I'm ] kind of young.  /","Well/UH ,/,  [ uh/UH ] ,/,  [ yo-/PRP ] ,/,  [ I/PRP ] ,/,  [ uh/UH ] ,/,  [ I/PRP ] 'm/VBP kind/RB of/RB  [ young/JJ ] ./.","(S (INTJ (UH Well)) (, ,) (INTJ (UH uh)) (, ,) (EDITED (RM (-DFL- \[)) (EDITED (RM (-DFL- \[)) (NP-SBJ-UNF (PRP yo-)) (, ,) (IP (-DFL- \+))) (NP-SBJ (PRP I)) (, ,) (RS (-DFL- \])) (IP (-DFL- \+))) (INTJ (UH uh)) (, ,) (NP-SBJ (PRP I)) (VP (VBP 'm) (RS (-DFL- \])) (ADJP-PRD (ADVP (RB kind) (RB of)) (JJ young))) (. .) (-DFL- E_S))",55
sw05utt/sw_0578_4796.utt,4/sw4796,4796,33,sd,A,25,2,I'm only twenty-two  /,[ I/PRP ] 'm/VBP only/RB twenty-two/CD,(S (NP-SBJ (PRP I)) (VP (VBP 'm) (ADVP (RB only)) (NP-PRD (CD twenty-two))) (-DFL- E_S)),56
sw05utt/sw_0578_4796.utt,4/sw4796,4796,34,%,A,25,3,"{C and so, }  {F uh, } <lipsmack> {F uh, } I'm not, {D you know, } - /","and/CC so/RB ,/,  [ uh/UH ] ,/,  [ uh/UH ] ,/,  [ I/PRP ] 'm/VBP not/RB ,/,  [ you/PRP ] know/VBP ,/,","(S (CONJP (CC and) (RB so)) (, ,) (INTJ (UH uh)) (, ,) (INTJ (UH uh)) (, ,) (NP-SBJ (PRP I)) (VP-UNF (VBP 'm) (RB not) (PRN (, ,) (S (NP-SBJ (PRP you)) (VP (VBP know))))) (, ,) (-DFL- N_S))",57
sw05utt/sw_0578_4796.utt,4/sw4796,4796,35,sd,A,25,4,"there's a lot that's happened in my lifetime as far as, {F uh, } {D you know, } with the space shuttle and all.   Although plans to, {F uh, } go to other planets have somewhat been thwarted in comparison to, {F uh, } the sixties. /","[ there/EX ] 's/BES  [ a/DT lot/NN ] [ that/WDT ] 's/HVS happened/VBN in/IN  [ my/PRP$ lifetime/NN ] as/RB far/RB as/IN ,/,  [ uh/UH ] ,/,  [ you/PRP ] know/VBP ,/, with/IN  [ the/DT space/NN shuttle/NN ] and/CC  [ all/DT ] ./.  Although/IN  [ plans/NNS ] to/TO ,/,  [ uh/UH ] ,/, go/VB to/IN  [ other/JJ planets/NNS ] have/VBP somewhat/RB been/VBN thwarted/VBN in/IN  [ comparison/NN ] to/IN ,/,  [ uh/UH ] ,/,  [ the/DT sixties/NNS ] ./.","(S (NP-SBJ (EX there)) (VP (BES 's) (NP-PRD (NP (DT a) (NN lot)) (SBAR (WHNP-1 (WDT that)) (S (NP-SBJ (-NONE- *T*-1)) (VP (HVS 's) (VP (VBN happened) (PP-LOC (IN in) (NP (PRP$ my) (NN lifetime))) (ADVP (ADVP (RB as) (RB far)) (PP (IN as) (, ,) (INTJ (UH uh)) (PRN (, ,) (S (NP-SBJ (PRP you)) (VP (VBP know))) (, ,)) (PP (IN with) (NP (NP (DT the) (NN space) (NN shuttle)) (CC and) (NP (DT all)))))) (. .) (SBAR-ADV (IN Although) (S (NP-SBJ-2 (NNS plans) (S (NP-SBJ (-NONE- *)) (VP (TO to) (, ,) (INTJ (UH uh)) (, ,) (VP (VB go) (PP-DIR (IN to) (NP (JJ other) (NNS planets))))))) (VP (VBP have) (ADVP (RB somewhat)) (VP (VBN been) (VP (VBN thwarted) (NP (-NONE- *-2)) (PP (IN in) (NP (NP (NN comparison)) (PP (IN to) (, ,) (INTJ (UH uh)) (, ,) (NP (DT the) (NNS sixties)))))))))))))))) (. .) (-DFL- E_S))",58
sw05utt/sw_0578_4796.utt,4/sw4796,4796,36,b,B,26,1,Uh-huh. /,[ Uh-huh/UH ] ./.,(INTJ (UH Uh-huh) (. .) (-DFL- E_S)),51
sw05utt/sw_0578_4796.utt,4/sw4796,4796,37,%,A,27,1,"{F Uh, } although I have a <sigh>, - /","[ Uh/UH ] ,/, although/IN  [ I/PRP ] have/VBP  [ a/DT ] ,/,","(SBAR-ADV (INTJ (UH Uh)) (, ,) (IN although) (S (NP-SBJ (PRP I)) (VP (VBP have) (NP-UNF (DT a)))) (, ,) (-DFL- N_S))",62
sw05utt/sw_0578_4796.utt,4/sw4796,4796,38,sd@,A,27,2,"[ I, + I  ] kind of wonder <sniffing> {F uh, }  [ if some, + if   it  were possible to market some, ] {F uh, } form of, {F uh, } space technology,  {D you know, } [ to, + {F uh, } {F uh, } to  ] make it equitable,   it might severely help the economy,  {D you know, } [ in the, + in the,  ] {F uh, } respect that <throat_clearing>, {D you know, } there's endless amounts of research to be done.  Endless amounts of resources [ and -- +   *[[more than one utt]]","[ I/PRP ] ,/,  [ I/PRP ] [ kind/RB ] of/RB  [ wonder/VBP uh/UH ] ,/, if/IN  [ some/DT ] ,/, if/IN  [ it/PRP ] were/VBD possible/JJ to/TO market/VB  [ some/DT ] ,/,  [ uh/UH ] ,/,  [ form/NN ] of/IN ,/,  [ uh/UH ] ,/,  [ space/NN technology/NN ] ,/,  [ you/PRP ] know/VBP ,/, to/TO ,/,  [ uh/UH ] ,/,  [ uh/UH ] ,/, to/TO make/VB  [ it/PRP ] equitable/JJ ,/,  [ it/PRP ] might/MD severely/RB help/VB  [ the/DT economy/NN ] ,/,  [ you/PRP ] know/VBP ,/, in/IN  [ the/DT ] ,/, in/IN  [ the/DT ] ,/,  [ uh/UH ] ,/, respect/NN  [ that/IN ] ,/,  [ you/PRP ] know/VBP ,/,  [ there/EX ] [ 's/BES endless/JJ amounts/NNS ] of/IN  [ research/NN ] to/TO be/VB done/VBN ./.  [ Endless/JJ amounts/NNS ] of/IN  [ resources/NNS ] and/CC --/:","(S (EDITED (RM (-DFL- \[)) (NP-SBJ (PRP I)) (, ,) (IP (-DFL- \+))) (NP-SBJ (PRP I)) (RS (-DFL- \])) (ADVP (RB kind) (RB of)) (VP-UNF (VBP wonder) (INTJ (UH uh)) (, ,)))|||(S (EDITED (RM (-DFL- \[)) (SBAR-ADV (IN if) (S-UNF (NP-SBJ-UNF (DT some)))) (, ,) (IP (-DFL- \+))) (SBAR-ADV (IN if) (S (NP-SBJ (NP (PRP it)) (S (-NONE- *EXP*-1))) (VP (VBD were) (ADJP-PRD (JJ possible)) (S-1 (NP-SBJ (-NONE- *)) (VP (TO to) (VP (VB market) (NP (NP (DT some) (, ,) (RS (-DFL- \])) (INTJ (UH uh)) (, ,) (NN form)) (PP (IN of) (, ,) (INTJ (UH uh)) (, ,) (NP (NN space) (NN technology)))) (PRN (, ,) (S (NP-SBJ (PRP you)) (VP (VBP know))) (, ,)) (S-PRP (NP-SBJ (-NONE- *)) (EDITED (RM (-DFL- \[)) (VP-UNF (TO to)) (, ,) (IP (-DFL- \+))) (INTJ (UH uh)) (, ,) (INTJ (UH uh)) (, ,) (VP (TO to) (RS (-DFL- \])) (VP (VB make) (S (NP-SBJ (PRP it)) (ADJP-PRD (JJ equitable)))))))))))) (, ,) (NP-SBJ (PRP it)) (VP (MD might) (ADVP-MNR (RB severely)) (VP (VB help) (NP (DT the) (NN economy)) (PRN (, ,) (S (NP-SBJ (PRP you)) (VP (VBP know))) (, ,)) (EDITED (RM (-DFL- \[)) (PP (IN in) (NP-UNF (DT the))) (, ,) (IP (-DFL- \+))) (PP (IN in) (NP (DT the) (, ,) (RS (-DFL- \])) (INTJ (UH uh)) (, ,) (NP (NN respect) (SBAR (IN that) (PRN (, ,) (S (NP-SBJ (PRP you)) (VP (VBP know))) (, ,)) (S (NP-SBJ (EX there)) (VP (BES 's) (NP-PRD (NP (JJ endless) (NNS amounts)) (PP (IN of) (NP (NP (NN research)) (SBAR (WHNP-2 (-NONE- 0)) (S (NP-SBJ-3 (-NONE- *T*-2)) (VP (TO to) (VP (VB be) (VP (VBN done) (NP (-NONE- *-3))))))))) (. .) (NP (NP (JJ Endless) (NNS amounts)) (PP (IN of) (NP (NNS resources) (EDITED (RM (-DFL- \[)) (CC and) (IP (-DFL- \+))) (CC and) (RS (-DFL- \])) (NN whatnot))))))))))))) (, ,) (-DFL- E_S))",63|||64
sw05utt/sw_0578_4796.utt,4/sw4796,4796,39,b,B,28,1,Yeah. /,Yeah/UH ./.,(INTJ (UH Yeah) (. .) (-DFL- E_S)),36
sw05utt/sw_0578_4796.utt,4/sw4796,4796,40,+,A,29,1,"-- and  ] whatnot,  /","--/: and/CC  [ whatnot/NN ] ,/,","(S (EDITED (RM (-DFL- \[)) (SBAR-ADV (IN if) (S-UNF (NP-SBJ-UNF (DT some)))) (, ,) (IP (-DFL- \+))) (SBAR-ADV (IN if) (S (NP-SBJ (NP (PRP it)) (S (-NONE- *EXP*-1))) (VP (VBD were) (ADJP-PRD (JJ possible)) (S-1 (NP-SBJ (-NONE- *)) (VP (TO to) (VP (VB market) (NP (NP (DT some) (, ,) (RS (-DFL- \])) (INTJ (UH uh)) (, ,) (NN form)) (PP (IN of) (, ,) (INTJ (UH uh)) (, ,) (NP (NN space) (NN technology)))) (PRN (, ,) (S (NP-SBJ (PRP you)) (VP (VBP know))) (, ,)) (S-PRP (NP-SBJ (-NONE- *)) (EDITED (RM (-DFL- \[)) (VP-UNF (TO to)) (, ,) (IP (-DFL- \+))) (INTJ (UH uh)) (, ,) (INTJ (UH uh)) (, ,) (VP (TO to) (RS (-DFL- \])) (VP (VB make) (S (NP-SBJ (PRP it)) (ADJP-PRD (JJ equitable)))))))))))) (, ,) (NP-SBJ (PRP it)) (VP (MD might) (ADVP-MNR (RB severely)) (VP (VB help) (NP (DT the) (NN economy)) (PRN (, ,) (S (NP-SBJ (PRP you)) (VP (VBP know))) (, ,)) (EDITED (RM (-DFL- \[)) (PP (IN in) (NP-UNF (DT the))) (, ,) (IP (-DFL- \+))) (PP (IN in) (NP (DT the) (, ,) (RS (-DFL- \])) (INTJ (UH uh)) (, ,) (NP (NN respect) (SBAR (IN that) (PRN (, ,) (S (NP-SBJ (PRP you)) (VP (VBP know))) (, ,)) (S (NP-SBJ (EX there)) (VP (BES 's) (NP-PRD (NP (JJ endless) (NNS amounts)) (PP (IN of) (NP (NP (NN research)) (SBAR (WHNP-2 (-NONE- 0)) (S (NP-SBJ-3 (-NONE- *T*-2)) (VP (TO to) (VP (VB be) (VP (VBN done) (NP (-NONE- *-3))))))))) (. .) (NP (NP (JJ Endless) (NNS amounts)) (PP (IN of) (NP (NNS resources) (EDITED (RM (-DFL- \[)) (CC and) (IP (-DFL- \+))) (CC and) (RS (-DFL- \])) (NN whatnot))))))))))))) (, ,) (-DFL- E_S))",64
sw05utt/sw_0578_4796.utt,4/sw4796,4796,41,sv,A,29,2,it would # be great # --,[ it/PRP ] would/MD be/VB great/JJ --/:,"(S (NP-SBJ (PRP it)) (VP (MD would) (VP (VB be) (ADJP-PRD (JJ great)) (SBAR-ADV (IN if) (S (NP-SBJ (PRP we)) (VP (MD could) (VP (VB find) (NP (NP (DT some) (NN way)) (SBAR (WHADVP-1 (-NONE- 0)) (S (NP-SBJ (-NONE- *)) (EDITED (RM (-DFL- \[)) (VP-UNF (TO to)) (, ,) (IP (-DFL- \+))) (VP (TO to) (, ,) (RS (-DFL- \])) (INTJ (UH uh)) (, ,) (VP (VB use) (NP (DT that)) (S-PRP (NP-SBJ (-NONE- *)) (VP (TO to) (VP (VB boost) (NP (DT the) (NN economy))))) (ADVP-MNR (-NONE- *T*-1))))))))))))) (. .) (-DFL- E_S))",68
sw05utt/sw_0578_4796.utt,4/sw4796,4796,42,%@,B,30,1,"# {D Well, } #    *[[slash error]]","Well/UH ,/,","(S (INTJ (UH Well)) (, ,) (INTJ (UH uh)) (, ,) (EDITED (RM (-DFL- \[)) (EDITED (RM (-DFL- \[)) (NP-SBJ-UNF (PRP yo-)) (, ,) (IP (-DFL- \+))) (NP-SBJ (PRP I)) (, ,) (RS (-DFL- \])) (IP (-DFL- \+))) (INTJ (UH uh)) (, ,) (NP-SBJ (PRP I)) (VP (VBP 'm) (RS (-DFL- \])) (ADJP-PRD (ADVP (RB kind) (RB of)) (JJ young))) (. .) (-DFL- E_S))",55
sw05utt/sw_0578_4796.utt,4/sw4796,4796,43,+,A,31,1,"-- if we could find some way [ to, + to,  ] {F uh, } use that to boost the economy. /","--/: if/IN  [ we/PRP ] could/MD find/VB  [ some/DT way/NN ] to/TO ,/, to/TO ,/,  [ uh/UH ] ,/, use/VB that/DT to/TO boost/VB  [ the/DT economy/NN ] ./.","(S (NP-SBJ (PRP it)) (VP (MD would) (VP (VB be) (ADJP-PRD (JJ great)) (SBAR-ADV (IN if) (S (NP-SBJ (PRP we)) (VP (MD could) (VP (VB find) (NP (NP (DT some) (NN way)) (SBAR (WHADVP-1 (-NONE- 0)) (S (NP-SBJ (-NONE- *)) (EDITED (RM (-DFL- \[)) (VP-UNF (TO to)) (, ,) (IP (-DFL- \+))) (VP (TO to) (, ,) (RS (-DFL- \])) (INTJ (UH uh)) (, ,) (VP (VB use) (NP (DT that)) (S-PRP (NP-SBJ (-NONE- *)) (VP (TO to) (VP (VB boost) (NP (DT the) (NN economy))))) (ADVP-MNR (-NONE- *T*-1))))))))))))) (. .) (-DFL- E_S))",68
sw05utt/sw_0578_4796.utt,4/sw4796,4796,44,+,B,32,1,Yeah.  /,Yeah/UH ./.,(INTJ (UH Yeah) (. .) (-DFL- E_S)),66
sw05utt/sw_0578_4796.utt,4/sw4796,4796,45,%,B,32,2,"{D Well, } the, {F uh, } {F uh, } - /","Well/UH ,/,  [ the/DT ] ,/,  [ uh/UH ] ,/,  [ uh/UH ] ,/,","(S (INTJ (UH Well)) (, ,) (NP-SBJ-UNF (DT the)) (, ,) (INTJ (UH uh)) (, ,) (INTJ (UH uh)) (, ,) (-DFL- N_S))",73
sw05utt/sw_0578_4796.utt,4/sw4796,4796,46,sv,B,32,3,"I've always, {F uh, } felt that, {F uh, } {F uh, } one of the long-term solutions that, at least a few of our problems would be to have, {F uh, } some sort of, {F uh, } solar power satellites up. /","[ I/PRP ] 've/VBP always/RB ,/,  [ uh/UH ] ,/, felt/VBD that/IN ,/,  [ uh/UH ] ,/,  [ uh/UH ] ,/,  [ one/CD ] of/IN  [ the/DT long-term/JJ solutions/NNS ] [ that/WDT ] ,/, at/IN  [ least/JJS a/DT few/JJ ] of/IN  [ our/PRP$ problems/NNS ] would/MD be/VB to/TO have/VB ,/,  [ uh/UH ] ,/,  [ some/DT sort/NN ] of/IN ,/,  [ uh/UH ] ,/,  [ solar/JJ power/NN satellites/NNS ] up/RB ./.","(S (NP-SBJ (PRP I)) (VP (VBP 've) (ADVP-TMP (RB always)) (, ,) (INTJ (UH uh)) (, ,) (VP (VBD felt) (SBAR (IN that) (, ,) (INTJ (UH uh)) (, ,) (INTJ (UH uh)) (, ,) (S (NP-SBJ (NP (CD one)) (PP (IN of) (NP (DT the) (JJ long-term) (NNS solutions) (EDITED (SBAR (WHNP (WDT that)) (, ,) (S-UNF (NP-SBJ (NP (ADVP (IN at) (JJS least)) (DT a) (JJ few)) (PP (IN of) (NP (PRP$ our) (NNS problems)))))))))) (VP (MD would) (VP (VB be) (S-PRD (NP-SBJ (-NONE- *)) (VP (TO to) (VP (VB have) (, ,) (INTJ (UH uh)) (, ,) (NP (NP (DT some) (NN sort)) (PP (IN of) (, ,) (INTJ (UH uh)) (, ,) (NP (JJ solar) (NN power) (NNS satellites)))) (PRT (RB up))))))))))) (. .) (-DFL- E_S))",74
sw05utt/sw_0578_4796.utt,4/sw4796,4796,47,b,A,33,1,Uh-huh. /,[ Uh-huh/UH ] ./.,(INTJ (UH Uh-huh) (. .) (-DFL- E_S)),51
sw05utt/sw_0578_4796.utt,4/sw4796,4796,48,sd,B,34,1,"{F Uh, } {C because } that's a, {F uh, } {D you know, } [ in + ] singularly renewable resource [ that  doesn't do it, +  that   doesn't require, ] {F uh, } {F uh, } any particularly nasty environment impact. /","[ Uh/UH ] ,/, because/IN  [ that/DT ] 's/BES  [ a/DT ] ,/,  [ uh/UH ] ,/,  [ you/PRP ] know/VBP ,/, in/IN singularly/RB  [ renewable/JJ resource/NN ] that/IN does/VBZ n't/RB do/VB  [ it/PRP ] ,/, that/IN does/VBZ n't/RB require/VB ,/,  [ uh/UH ] ,/,  [ uh/UH ] ,/,  [ any/DT ] particularly/RB  [ nasty/JJ environment/NN impact/NN ] ./.","(SBAR-PRP (INTJ (UH Uh)) (, ,) (IN because) (S (NP-SBJ (DT that)) (VP (BES 's) (NP-PRD (NP (DT a) (, ,) (INTJ (UH uh)) (PRN (, ,) (S (NP-SBJ (PRP you)) (VP (VBP know))) (, ,)) (EDITED (RM (-DFL- \[)) (PP-UNF (IN in)) (IP (-DFL- \+))) (RS (-DFL- \])) (ADJP (RB singularly) (JJ renewable)) (NN resource)) (SBAR (EDITED (RM (-DFL- \[)) (SBAR (WHNP-1 (IN that)) (S (NP-SBJ (-NONE- *T*-1)) (VP (VBZ does) (RB n't) (VP (VB do) (NP (PRP it)))))) (, ,) (IP (-DFL- \+))) (WHNP-2 (IN that)) (S (NP-SBJ (-NONE- *T*-2)) (VP (VBZ does) (RB n't) (VP (VB require) (, ,) (RS (-DFL- \])) (INTJ (UH uh)) (, ,) (INTJ (UH uh)) (, ,) (NP (DT any) (ADJP (RB particularly) (JJ nasty)) (NN environment) (NN impact))))))))) (. .) (-DFL- E_S))",78
sw05utt/sw_0578_4796.utt,4/sw4796,4796,49,aa,A,35,1,Exactly. /,Exactly/UH ./.,(INTJ (UH Exactly) (. .) (-DFL- E_S)),80
sw05utt/sw_0578_4796.utt,4/sw4796,4796,50,sd,B,36,1,{C And } you can just get as much power as you need up there. /,And/CC  [ you/PRP ] can/MD just/RB get/VB as/IN  [ much/JJ power/NN ] as/IN  [ you/PRP ] need/VBP up/IN there/RB ./.,(S (CC And) (NP-SBJ (PRP you)) (VP (MD can) (ADVP (RB just)) (VP (VB get) (NP (NP (ADJP (IN as) (JJ much)) (NN power)) (SBAR (IN as) (S (NP-SBJ (PRP you)) (VP (VBP need) (NP (-NONE- *?*)) (PP-LOC (IN up) (ADVP (RB there))))))))) (. .) (-DFL- E_S)),82
sw05utt/sw_0578_4796.utt,4/sw4796,4796,51,b,A,37,1,Uh-huh. /,[ Uh-huh/UH ] ./.,(INTJ (UH Uh-huh) (. .) (-DFL- E_S)),60
sw05utt/sw_0578_4796.utt,4/sw4796,4796,52,sd,B,38,1,It's just a matter of how big you build it. /,[ It/PRP ] 's/BES just/RB  [ a/DT matter/NN ] of/IN how/WRB  [ big/JJ you/PRP ] build/VBP  [ it/PRP ] ./.,(S (NP-SBJ (PRP It)) (VP (BES 's) (ADVP (RB just)) (NP-PRD (NP (DT a) (NN matter)) (PP (IN of) (SBAR-NOM (WHADJP-1 (WRB how) (JJ big)) (S (NP-SBJ (PRP you)) (VP (VBP build) (NP-2 (PRP it)) (S (NP-SBJ (-NONE- *-2)) (ADJP-PRD (-NONE- *T*-1))))))))) (. .) (-DFL- E_S)),86
sw05utt/sw_0578_4796.utt,4/sw4796,4796,53,b,A,39,1,Uh-huh. /,[ Uh-huh/UH ] ./.,(INTJ (UH Uh-huh) (. .) (-DFL- E_S)),76
sw05utt/sw_0578_4796.utt,4/sw4796,4796,54,sv,B,40,1,"{F Uh, } {C and, } of course, the side effects of this is that you have to have, {F uh, } lunar mining bases and space stations and easy transport into space and no  (( ))  things that I think we should be doing.  /","[ Uh/UH ] ,/, and/CC ,/, of/IN  [ course/NN ] ,/,  [ the/DT side/NN effects/NNS ] of/IN  [ this/DT ] is/VBZ that/IN  [ you/PRP ] have/VBP to/TO have/VB ,/,  [ uh/UH ] ,/,  [ lunar/JJ mining/NN bases/NNS ] and/CC  [ space/NN stations/NNS ] and/CC  [ easy/JJ transport/NN ] into/IN  [ space/NN ] and/CC  [ no/DT MUMBLEx/XX things/NNS ] that/WDT  [ I/PRP ] think/VBP  [ we/PRP ] should/MD be/VB doing/VBG ./.","(S (INTJ (UH Uh)) (, ,) (CC and) (, ,) (PP (IN of) (NP (NN course))) (, ,) (NP-SBJ (NP (DT the) (NN side) (NNS effects)) (PP (IN of) (NP (DT this)))) (VP (VBZ is) (SBAR-PRD (IN that) (S (NP-SBJ-1 (PRP you)) (VP (VBP have) (S (NP-SBJ (-NONE- *-1)) (VP (TO to) (VP (VB have) (, ,) (INTJ (UH uh)) (, ,) (NP (NP (NP (JJ lunar) (NN mining) (NNS bases)) (CC and) (NP (NN space) (NNS stations)) (CC and) (NP (NP (JJ easy) (NN transport)) (PP (IN into) (NP (NN space)))) (CC and) (NP (DT no) (X (XX MUMBLEx)) (NNS things))) (SBAR (WHNP-2 (WDT that)) (S (NP-SBJ (PRP I)) (VP (VBP think) (SBAR (-NONE- 0) (S (NP-SBJ (PRP we)) (VP (MD should) (VP (VB be) (VP (VBG doing) (NP (-NONE- *T*-2)))))))))))))))))) (. .) (-DFL- E_S))",90
sw05utt/sw_0578_4796.utt,4/sw4796,4796,55,sv,B,40,2,"{C So } the side effects of doing that  which I think would be good, {D you know, } very, very good [ for al-, + for everyone  ] in the long run [ is, + {F uh, } is  ] [ it, +  some ] of the other things I'd like to see happen would happen also,  /","So/RB  [ the/DT side/NN effects/NNS ] of/IN doing/VBG that/DT  [ which/WDT ] [ I/PRP ] think/VBP would/MD be/VB good/JJ ,/,  [ you/PRP ] know/VBP ,/, very/RB ,/, very/RB good/JJ for/IN  [ al-/XX ] ,/, for/IN  [ everyone/NN ] in/IN  [ the/DT long/JJ run/NN ] is/VBZ ,/,  [ uh/UH ] ,/, is/VBZ  [ it/PRP ] ,/,  [ some/DT ] of/IN  [ the/DT other/JJ things/NNS I/PRP ] 'd/MD like/VB to/TO see/VB happen/VB would/MD happen/VB also/RB ,/,","(S (RB So) (NP-SBJ (NP (DT the) (NN side) (NNS effects)) (PP (IN of) (S-NOM (NP-SBJ (-NONE- *)) (VP (VBG doing) (NP (DT that))))) (SBAR (WHNP-1 (WDT which)) (S (NP-SBJ (PRP I)) (VP (VBP think) (SBAR (-NONE- 0) (S (NP-SBJ (-NONE- *T*-1)) (VP (MD would) (VP (VB be) (ADJP-PRD (ADJP (JJ good)) (PRN (, ,) (S (NP-SBJ (PRP you)) (VP (VBP know))) (, ,)) (ADJP (RB very) (, ,) (RB very) (JJ good)) (EDITED (RM (-DFL- \[)) (PP (IN for) (NP-UNF (XX al-))) (, ,) (IP (-DFL- \+))) (PP (IN for) (NP (NN everyone)))) (RS (-DFL- \])) (PP-TMP (IN in) (NP (DT the) (JJ long) (NN run))))))))))) (EDITED (RM (-DFL- \[)) (VP-UNF (VBZ is)) (, ,) (IP (-DFL- \+))) (INTJ (UH uh)) (, ,) (VP (VBZ is) (RS (-DFL- \])) (EDITED (RM (-DFL- \[)) (NP-PRD (PRP it)) (, ,) (IP (-DFL- \+))) (SBAR-PRD (-NONE- 0) (S (NP-SBJ (NP (DT some)) (RS (-DFL- \])) (PP (IN of) (NP (NP (DT the) (JJ other) (NNS things)) (SBAR (WHNP-3 (-NONE- 0)) (S (NP-SBJ-2 (PRP I)) (VP (MD 'd) (VP (VB like) (S (NP-SBJ (-NONE- *-2)) (VP (TO to) (VP (VB see) (S (NP-SBJ (-NONE- *T*-3)) (VP (VB happen))))))))))))) (VP (MD would) (VP (VB happen) (ADVP (RB also))))))) (, ,) (-DFL- E_S))",91
sw05utt/sw_0578_4796.utt,4/sw4796,4796,56,%,B,40,3,"{C so } I'm, -/","so/RB  [ I/PRP ] 'm/VBP ,/,","(S (RB so) (NP-SBJ (PRP I)) (VP-UNF (VBP 'm)) (, ,) (-DFL- N_S))",92
sw05utt/sw_0578_4796.utt,4/sw4796,4796,57,aa,A,41,1,Right.  /,[ Right/UH ] ./.,(INTJ (UH Right) (. .) (-DFL- E_S)),94
sw05utt/sw_0578_4796.utt,4/sw4796,4796,58,aa,A,41,2,Yeah.  /,Yeah/UH ./.,(INTJ (UH Yeah) (. .) (-DFL- E_S)),95
sw05utt/sw_0578_4796.utt,4/sw4796,4796,59,%,A,41,3,"It seems like, {F uh, } there's, - /","[ It/PRP ] seems/VBZ like/IN ,/,  [ uh/UH ] ,/,  [ there/EX ] 's/BES ,/,","(S (NP-SBJ (PRP It)) (VP (VBZ seems) (SBAR (IN like) (, ,) (INTJ (UH uh)) (, ,) (S (NP-SBJ (EX there)) (VP-UNF (BES 's))))) (, ,) (-DFL- N_S))",96
sw05utt/sw_0578_4796.utt,4/sw4796,4796,60,bf,A,41,4,{C so } you're talking about positive side effects then. /,so/RB  [ you/PRP ] 're/VBP talking/VBG about/IN  [ positive/JJ side/NN effects/NNS ] then/RB ./.,(S (RB so) (NP-SBJ (PRP you)) (VP (VBP 're) (VP (VBG talking) (PP (IN about) (NP (JJ positive) (NN side) (NNS effects))) (ADVP (RB then)))) (. .) (-DFL- E_S)),97
sw05utt/sw_0578_4796.utt,4/sw4796,4796,61,aa,B,42,1,"Yeah,  /","Yeah/UH ,/,","(INTJ (UH Yeah) (, ,) (-DFL- E_S))",99
sw05utt/sw_0578_4796.utt,4/sw4796,4796,62,aa,B,42,2,right. /,right/UH ./.,(INTJ (UH right) (. .) (-DFL- E_S)),100
sw05utt/sw_0578_4796.utt,4/sw4796,4796,63,bk,A,43,1,"Okay,  /","[ Okay/UH ] ,/,","(INTJ (UH Okay) (, ,) (-DFL- E_S))",102
sw05utt/sw_0578_4796.utt,4/sw4796,4796,64,sd,A,43,2,I understand. /,[ I/PRP ] understand/VBP ./.,(S (NP-SBJ (PRP I)) (VP (VBP understand)) (. .) (-DFL- E_S)),103
sw05utt/sw_0578_4796.utt,4/sw4796,4796,65,b,B,44,1,Right.  /,[ Right/UH ] ./.,(INTJ (UH Right) (. .) (-DFL- E_S)),94
sw05utt/sw_0578_4796.utt,4/sw4796,4796,66,%@,B,44,2,"# {F Uh, } #    *[[slash error]]","[ Uh/UH ] ,/,","(SBAR-PRP (INTJ (UH Uh)) (, ,) (IN because) (S (NP-SBJ (DT that)) (VP (BES 's) (NP-PRD (NP (DT a) (, ,) (INTJ (UH uh)) (PRN (, ,) (S (NP-SBJ (PRP you)) (VP (VBP know))) (, ,)) (EDITED (RM (-DFL- \[)) (PP-UNF (IN in)) (IP (-DFL- \+))) (RS (-DFL- \])) (ADJP (RB singularly) (JJ renewable)) (NN resource)) (SBAR (EDITED (RM (-DFL- \[)) (SBAR (WHNP-1 (IN that)) (S (NP-SBJ (-NONE- *T*-1)) (VP (VBZ does) (RB n't) (VP (VB do) (NP (PRP it)))))) (, ,) (IP (-DFL- \+))) (WHNP-2 (IN that)) (S (NP-SBJ (-NONE- *T*-2)) (VP (VBZ does) (RB n't) (VP (VB require) (, ,) (RS (-DFL- \])) (INTJ (UH uh)) (, ,) (INTJ (UH uh)) (, ,) (NP (DT any) (ADJP (RB particularly) (JJ nasty)) (NN environment) (NN impact))))))))) (. .) (-DFL- E_S))",78
sw05utt/sw_0578_4796.utt,4/sw4796,4796,67,ba,A,45,1,"# Sure, #  /","Sure/UH ,/,","(INTJ (UH Sure) (, ,) (-DFL- E_S))",108
sw05utt/sw_0578_4796.utt,4/sw4796,4796,68,ba,A,45,2,that makes a lot of sense. /,[ that/DT ] makes/VBZ  [ a/DT lot/NN ] of/IN  [ sense/NN ] ./.,(S (NP-SBJ (DT that)) (VP (VBZ makes) (NP (NP (DT a) (NN lot)) (PP (IN of) (NP (NN sense))))) (. .) (-DFL- E_S)),109
sw05utt/sw_0578_4796.utt,4/sw4796,4796,69,+,B,46,1,Right.  /,[ Right/UH ] ./.,(INTJ (UH Right) (. .) (-DFL- E_S)),94
sw05utt/sw_0578_4796.utt,4/sw4796,4796,70,sv,B,46,2,"The only problem is, of course, that, {F uh, } that requires significant commitment --","[ The/DT only/JJ problem/NN ] is/VBZ ,/, of/IN  [ course/NN ] ,/, that/IN ,/,  [ uh/UH ] ,/,  [ that/DT ] requires/VBZ  [ significant/JJ commitment/NN ] --/:","(S (NP-SBJ (DT The) (JJ only) (NN problem)) (VP (VBZ is) (, ,) (PP (IN of) (NP (NN course))) (, ,) (SBAR-PRD (IN that) (, ,) (INTJ (UH uh)) (, ,) (S (NP-SBJ (DT that)) (VP (VBZ requires) (NP (JJ significant) (NN commitment)) (PP (IN from) (NP (NNS people))) (S-TPC (NP-SBJ (-NONE- *)) (VP (TO to) (ADVP (RB actually)) (VP (VB decide) (SBAR (-NONE- 0) (S (NP-SBJ-1 (PRP they)) (VP (VBP want) (S (NP-SBJ (-NONE- *-1)) (VP (TO to) (VP (VB put) (NP (NP (NNS things)) (PP (IN like) (NP (DT that)))) (PP-PUT (IN up) (ADVP (RB there)))))))))))))))) (. .) (-DFL- E_S))",111
sw05utt/sw_0578_4796.utt,4/sw4796,4796,71,b,A,47,1,Uh-huh. /,[ Uh-huh/UH ] ./.,(INTJ (UH Uh-huh) (. .) (-DFL- E_S)),84
sw05utt/sw_0578_4796.utt,4/sw4796,4796,72,+,B,48,1,-- from people to actually decide they want to put things like that up there. /,--/: from/IN  [ people/NNS ] to/TO actually/RB decide/VB  [ they/PRP ] want/VBP to/TO put/VB  [ things/NNS ] like/IN that/DT up/IN there/RB ./.,"(S (NP-SBJ (DT The) (JJ only) (NN problem)) (VP (VBZ is) (, ,) (PP (IN of) (NP (NN course))) (, ,) (SBAR-PRD (IN that) (, ,) (INTJ (UH uh)) (, ,) (S (NP-SBJ (DT that)) (VP (VBZ requires) (NP (JJ significant) (NN commitment)) (PP (IN from) (NP (NNS people))) (S-TPC (NP-SBJ (-NONE- *)) (VP (TO to) (ADVP (RB actually)) (VP (VB decide) (SBAR (-NONE- 0) (S (NP-SBJ-1 (PRP they)) (VP (VBP want) (S (NP-SBJ (-NONE- *-1)) (VP (TO to) (VP (VB put) (NP (NP (NNS things)) (PP (IN like) (NP (DT that)))) (PP-PUT (IN up) (ADVP (RB there)))))))))))))))) (. .) (-DFL- E_S))",111
sw05utt/sw_0578_4796.utt,4/sw4796,4796,73,b,A,49,1,Yeah. /,Yeah/UH ./.,(INTJ (UH Yeah) (. .) (-DFL- E_S)),95
sw05utt/sw_0578_4796.utt,4/sw4796,4796,74,sv,B,50,1,And they want to do the research #  /,And/CC  [ they/PRP ] want/VBP to/TO do/VB  [ the/DT research/NN ],(S (CC And) (NP-SBJ-1 (PRP they)) (VP (VBP want) (S (NP-SBJ (-NONE- *-1)) (VP (TO to) (VP (VB do) (NP (DT the) (NN research)))))) (-DFL- E_S)),118
sw05utt/sw_0578_4796.utt,4/sw4796,4796,75,%,B,50,2,{C and } # --,and/CC --/:,"(S (INTJ (UH Uh)) (, ,) (CC and) (, ,) (PP (IN of) (NP (NN course))) (, ,) (NP-SBJ (NP (DT the) (NN side) (NNS effects)) (PP (IN of) (NP (DT this)))) (VP (VBZ is) (SBAR-PRD (IN that) (S (NP-SBJ-1 (PRP you)) (VP (VBP have) (S (NP-SBJ (-NONE- *-1)) (VP (TO to) (VP (VB have) (, ,) (INTJ (UH uh)) (, ,) (NP (NP (NP (JJ lunar) (NN mining) (NNS bases)) (CC and) (NP (NN space) (NNS stations)) (CC and) (NP (NP (JJ easy) (NN transport)) (PP (IN into) (NP (NN space)))) (CC and) (NP (DT no) (X (XX MUMBLEx)) (NNS things))) (SBAR (WHNP-2 (WDT that)) (S (NP-SBJ (PRP I)) (VP (VBP think) (SBAR (-NONE- 0) (S (NP-SBJ (PRP we)) (VP (MD should) (VP (VB be) (VP (VBG doing) (NP (-NONE- *T*-2)))))))))))))))))) (. .) (-DFL- E_S))",90
sw05utt/sw_0578_4796.utt,4/sw4796,4796,76,b,A,51,1,# Yeah. # /,Yeah/UH ./.,(INTJ (UH Yeah) (. .) (-DFL- E_S)),95
sw05utt/sw_0578_4796.utt,4/sw4796,4796,77,+,B,52,1,"-- {F uh, } they're all <snorting> {D you know, } nor-, - /","--/:  [ uh/UH ] ,/,  [ they/PRP ] 're/VBP  [ all/DT ] [ you/PRP ] know/VBP ,/,  [ nor-/XX ] ,/,","(S (CC and) (INTJ (UH uh)) (, ,) (NP-SBJ (PRP they)) (VP (VBP 're) (DT all) (PRN (S (NP-SBJ (PRP you)) (VP (VBP know))) (, ,)) (ADJP-PRD-UNF (XX nor-))) (, ,) (-DFL- N_S))",119
sw05utt/sw_0578_4796.utt,4/sw4796,4796,78,sv,B,52,2,"the only commitments that they're interested in making or even talking about are ones for flash value like, {F uh, } the trip to Mars.","[ the/DT only/JJ commitments/NNS ] that/IN  [ they/PRP ] 're/VBP interested/VBN in/IN making/VBG or/CC even/RB talking/VBG about/IN are/VBP  [ ones/NNS ] for/IN  [ flash/NN value/NN ] like/IN ,/,  [ uh/UH ] ,/,  [ the/DT trip/NN ] to/TO  [ Mars/NNP ] ./.","(S (NP-SBJ (NP (DT the) (JJ only) (NNS commitments)) (SBAR (WHNP-2 (IN that)) (S (NP-SBJ-1 (PRP they)) (VP (VBP 're) (ADJP-PRD (VBN interested) (PP (IN in) (S-NOM (NP-SBJ (-NONE- *-1)) (VP (VP (VBG making) (NP (-NONE- *T*-2))) (CC or) (VP (ADVP (RB even)) (VBG talking) (PP (IN about) (NP (-NONE- *T*-2)))))))))))) (VP (VBP are) (NP-PRD (NP (NP (NNS ones)) (PP (IN for) (NP (NN flash) (NN value))) (PP (IN like) (, ,) (INTJ (UH uh)) (, ,) (NP (NP (DT the) (NN trip)) (PP (TO to) (NP (NNP Mars))) (. .) (SBAR (WHNP-3 (WDT Which)) (S (NP-SBJ (-NONE- *T*-3)) (EDITED (RM (-DFL- \[)) (EDITED (RM (-DFL- \[)) (VP-UNF (VBZ is)) (, ,) (IP (-DFL- \+))) (VP-UNF (MD would)) (, ,) (RS (-DFL- \])) (IP (-DFL- \+))) (VP (MD would) (RS (-DFL- \])) (VP (VB produce) (NP (DT some) (JJ useful) (JJ scientific) (NN research))))))))) (CC and) (ADVP-ETC (RB so) (RB forth)))) (, ,) (-DFL- E_S))",123
sw05utt/sw_0578_4796.utt,4/sw4796,4796,79,aa,A,53,1,"Right,  /","Right/UH ,/,","(INTJ (UH Right) (, ,) (-DFL- E_S))",125
sw05utt/sw_0578_4796.utt,4/sw4796,4796,80,aa,A,53,2,exactly. /,exactly/UH ./.,(INTJ (UH exactly) (. .) (-DFL- E_S)),126
sw05utt/sw_0578_4796.utt,4/sw4796,4796,81,+,B,54,1,"Which  [ [ is, +  would, ] +  would ] produce some useful scientific research and so  forth,  /","[ Which/WDT ] is/VBZ ,/, would/MD ,/, would/MD produce/VB  [ some/DT useful/JJ scientific/JJ research/NN ] and/CC so/RB forth/RB ,/,","(S (NP-SBJ (NP (DT the) (JJ only) (NNS commitments)) (SBAR (WHNP-2 (IN that)) (S (NP-SBJ-1 (PRP they)) (VP (VBP 're) (ADJP-PRD (VBN interested) (PP (IN in) (S-NOM (NP-SBJ (-NONE- *-1)) (VP (VP (VBG making) (NP (-NONE- *T*-2))) (CC or) (VP (ADVP (RB even)) (VBG talking) (PP (IN about) (NP (-NONE- *T*-2)))))))))))) (VP (VBP are) (NP-PRD (NP (NP (NNS ones)) (PP (IN for) (NP (NN flash) (NN value))) (PP (IN like) (, ,) (INTJ (UH uh)) (, ,) (NP (NP (DT the) (NN trip)) (PP (TO to) (NP (NNP Mars))) (. .) (SBAR (WHNP-3 (WDT Which)) (S (NP-SBJ (-NONE- *T*-3)) (EDITED (RM (-DFL- \[)) (EDITED (RM (-DFL- \[)) (VP-UNF (VBZ is)) (, ,) (IP (-DFL- \+))) (VP-UNF (MD would)) (, ,) (RS (-DFL- \])) (IP (-DFL- \+))) (VP (MD would) (RS (-DFL- \])) (VP (VB produce) (NP (DT some) (JJ useful) (JJ scientific) (NN research))))))))) (CC and) (ADVP-ETC (RB so) (RB forth)))) (, ,) (-DFL- E_S))",123
sw05utt/sw_0578_4796.utt,4/sw4796,4796,82,sv,B,54,2,"{C but } the same money could probably be far better spent on, {F uh, } {F uh, } lunar bases and solar power satellite research and, {D you know, } so forth. /","but/CC  [ the/DT same/JJ money/NN ] could/MD probably/RB be/VB far/RB better/RB spent/VBN on/IN ,/,  [ uh/UH ] ,/,  [ uh/UH ] ,/,  [ lunar/JJ bases/NNS ] and/CC  [ solar/JJ power/NN satellite/NN research/NN ] and/CC ,/,  [ you/PRP ] know/VBP ,/, so/RB forth/RB ./.","(S (CC but) (NP-SBJ (DT the) (JJ same) (NN money)) (VP (MD could) (ADVP (RB probably)) (VP (VB be) (ADJP-PRD (ADVP (RB far) (RB better)) (VBN spent) (PP (IN on) (, ,) (INTJ (UH uh)) (, ,) (INTJ (UH uh)) (, ,) (NP (NP (JJ lunar) (NNS bases)) (CC and) (NP (JJ solar) (NN power) (NN satellite) (NN research)) (CC and) (PRN (, ,) (S (NP-SBJ (PRP you)) (VP (VBP know))) (, ,)) (ADVP-ETC (RB so) (RB forth))))))) (. .) (-DFL- E_S))",128
sw05utt/sw_0578_4796.utt,4/sw4796,4796,83,b,A,55,1,Uh-huh. /,[ Uh-huh/UH ] ./.,(INTJ (UH Uh-huh) (. .) (-DFL- E_S)),113
sw05utt/sw_0578_4796.utt,4/sw4796,4796,84,sv,B,56,1,"[ [ It, +  it   would  de-, ] + it would be  ] being done for the, {F uh, } glitz and show factor --","[ It/PRP ] ,/,  [ it/PRP ] would/MD de-/XX ,/,  [ it/PRP ] would/MD be/VB being/VBG done/VBN for/IN  [ the/DT ] ,/,  [ uh/UH ] ,/,  [ glitz/NN ] and/CC  [ show/NN factor/NN ] --/:","(S (EDITED (RM (-DFL- \[)) (EDITED (RM (-DFL- \[)) (NP-SBJ (PRP It)) (, ,) (IP (-DFL- \+))) (S (NP-SBJ (PRP it)) (VP (MD would) (X (XX de-)))) (, ,) (RS (-DFL- \])) (IP (-DFL- \+))) (NP-SBJ-1 (PRP it)) (VP (MD would) (VP (VB be) (RS (-DFL- \])) (VP (VBG being) (VP (VBN done) (NP (-NONE- *-1)) (PP-PRP (PP (IN for) (NP (DT the) (, ,) (INTJ (UH uh)) (, ,) (NN glitz) (CC and) (NN show) (NN factor))) (NAC (-NONE- *ICH*-2))) (S-PRP (NP-SBJ (-NONE- *)) (VP (TO to) (VP (VB get) (NP (NN politician) (NNS votes))))) (NAC-2 (EDITED (RM (-DFL- \[)) (CONJP (IN instead) (IN of)) (, ,) (IP (-DFL- \+))) (CONJP (RB instead) (IN of)) (RS (-DFL- \])) (PP-UNF (IN for) (PRN (, ,) (S (NP-SBJ (PRP you)) (VP (VBP know)))))))))) (, ,) (-DFL- N_S))",132
sw05utt/sw_0578_4796.utt,4/sw4796,4796,85,b,A,57,1,Uh-huh. /,[ Uh-huh/UH ] ./.,(INTJ (UH Uh-huh) (. .) (-DFL- E_S)),113
sw05utt/sw_0578_4796.utt,4/sw4796,4796,86,+,B,58,1,"-- to get politician votes [ instead of, + instead of  ] for, {D you know, } - /","--/: to/TO get/VB  [ politician/NN votes/NNS ] instead/IN of/IN ,/, instead/RB of/IN for/IN ,/,  [ you/PRP ] know/VBP ,/,","(S (EDITED (RM (-DFL- \[)) (EDITED (RM (-DFL- \[)) (NP-SBJ (PRP It)) (, ,) (IP (-DFL- \+))) (S (NP-SBJ (PRP it)) (VP (MD would) (X (XX de-)))) (, ,) (RS (-DFL- \])) (IP (-DFL- \+))) (NP-SBJ-1 (PRP it)) (VP (MD would) (VP (VB be) (RS (-DFL- \])) (VP (VBG being) (VP (VBN done) (NP (-NONE- *-1)) (PP-PRP (PP (IN for) (NP (DT the) (, ,) (INTJ (UH uh)) (, ,) (NN glitz) (CC and) (NN show) (NN factor))) (NAC (-NONE- *ICH*-2))) (S-PRP (NP-SBJ (-NONE- *)) (VP (TO to) (VP (VB get) (NP (NN politician) (NNS votes))))) (NAC-2 (EDITED (RM (-DFL- \[)) (CONJP (IN instead) (IN of)) (, ,) (IP (-DFL- \+))) (CONJP (RB instead) (IN of)) (RS (-DFL- \])) (PP-UNF (IN for) (PRN (, ,) (S (NP-SBJ (PRP you)) (VP (VBP know)))))))))) (, ,) (-DFL- N_S))",132
sw05utt/sw_0578_4796.utt,4/sw4796,4796,87,sv,B,58,2,"we should eventually send [ someone, + people  ] to Mars but not just because it's glitzy to do so. /","[ we/PRP ] should/MD eventually/RB send/VB  [ someone/NN ] ,/,  [ people/NNS ] to/TO  [ Mars/NNP ] but/CC not/RB just/RB because/IN  [ it/PRP ] 's/BES glitzy/JJ to/TO do/VB so/RB ./.","(S (NP-SBJ (PRP we)) (VP (MD should) (ADVP-TMP (RB eventually)) (VP (VB send) (EDITED (RM (-DFL- \[)) (NP (NN someone)) (, ,) (IP (-DFL- \+))) (NP (NNS people)) (RS (-DFL- \])) (PP-DIR (TO to) (NP (NNP Mars))) (NAC (CC but) (RB not) (SBAR-PRP (ADVP (RB just)) (IN because) (S (NP-SBJ (NP (PRP it)) (S (-NONE- *EXP*-1))) (VP (BES 's) (ADJP-PRD (JJ glitzy)) (S-1 (NP-SBJ (-NONE- *)) (VP (TO to) (VP (VB do) (ADVP (RB so))))))))))) (. .) (-DFL- E_S))",136
sw05utt/sw_0578_4796.utt,4/sw4796,4796,88,b,A,59,1,Right. /,[ Right/UH ] ./.,(INTJ (UH Right) (. .) (-DFL- E_S)),138
sw05utt/sw_0578_4796.utt,4/sw4796,4796,89,sv,B,60,1,"We should do it  [ [ because, + for,  ] +  for ] the return we get for it. /","[ We/PRP ] should/MD do/VB  [ it/PRP ] because/RB ,/, for/IN ,/, for/IN  [ the/DT return/NN ] [ we/PRP ] get/VBP for/IN  [ it/PRP ] ./.","(S (NP-SBJ (PRP We)) (VP (MD should) (VP (VB do) (NP (PRP it)) (EDITED (RM (-DFL- \[)) (EDITED (RM (-DFL- \[)) (SBAR-PRP-UNF (RB because)) (, ,) (IP (-DFL- \+))) (PP-PRP-UNF (IN for)) (, ,) (RS (-DFL- \])) (IP (-DFL- \+))) (PP-PRP (IN for) (RS (-DFL- \])) (NP (NP (DT the) (NN return)) (SBAR (WHNP-1 (-NONE- 0)) (S (NP-SBJ (PRP we)) (VP (VBP get) (NP (-NONE- *T*-1)) (PP (IN for) (NP (PRP it)))))))))) (. .) (-DFL- E_S))",140
sw05utt/sw_0578_4796.utt,4/sw4796,4796,90,b,A,61,1,Uh-huh. /,[ Uh-huh/UH ] ./.,(INTJ (UH Uh-huh) (. .) (-DFL- E_S)),130
sw05utt/sw_0578_4796.utt,4/sw4796,4796,91,sv,B,62,1,"{C And, } {F uh, } unfortunately, that's not what I thinks happened <laughter>. /  *[[listen]]","And/CC ,/,  [ uh/UH ] ,/, unfortunately/RB ,/,  [ that/DT ] 's/BES not/RB  [ what/WP ] [ I/PRP ] thinks/VBZ happened/VBD ./.","(S (CC And) (, ,) (INTJ (UH uh)) (, ,) (ADVP (RB unfortunately)) (, ,) (NP-SBJ (DT that)) (VP (BES 's) (RB not) (SBAR-NOM-PRD (WHNP-1 (WP what)) (S (NP-SBJ (PRP I)) (VP (VBZ thinks) (SBAR (-NONE- 0) (S (NP-SBJ (-NONE- *T*-1)) (VP (VBD happened)))))))) (. .) (-DFL- E_S))",144
sw05utt/sw_0578_4796.utt,4/sw4796,4796,92,aa,A,63,1,<Laughter> Exactly.  /,Exactly/UH ./.,(INTJ (UH Exactly) (. .) (-DFL- E_S)),146
sw05utt/sw_0578_4796.utt,4/sw4796,4796,93,%,A,63,2,"# Least not, # -/","[ Least/JJS ] not/RB ,/,","(S-UNF (ADVP (JJS Least)) (RB not) (, ,) (-DFL- N_S))",147
sw05utt/sw_0578_4796.utt,4/sw4796,4796,94,sd,B,64,1,"# [ I, +  I ] # would settle [ for the gli-, + ((   ))  for the glitz  ] if the side effects were useful, like the, {F uh, } - /","[ I/PRP ] ,/,  [ I/PRP ] would/MD settle/VB for/IN  [ the/DT gli-/NN ] ,/,  [ MUMBLEx/XX ] for/IN  [ the/DT glitz/NN ] if/IN  [ the/DT side/NN effects/NNS ] were/VBD useful/JJ ,/, like/IN  [ the/DT ] ,/,  [ uh/UH ] ,/,","(S (EDITED (RM (-DFL- \[)) (NP-SBJ (PRP I)) (, ,) (IP (-DFL- \+))) (NP-SBJ (PRP I)) (RS (-DFL- \])) (VP (MD would) (VP (VB settle) (EDITED (RM (-DFL- \[)) (PP (IN for) (NP-UNF (DT the) (NN gli-))) (, ,) (IP (-DFL- \+))) (X (XX MUMBLEx)) (PP (IN for) (NP (DT the) (NN glitz))) (RS (-DFL- \])) (SBAR-ADV (IN if) (S (NP-SBJ (DT the) (NN side) (NNS effects)) (VP (VBD were) (ADJP-PRD (JJ useful)) (, ,) (PP (IN like) (NP-UNF (DT the) (, ,) (INTJ (UH uh))))))))) (, ,) (-DFL- N_S))",149
sw05utt/sw_0578_4796.utt,4/sw4796,4796,95,%,B,64,2,"{C but, } {F uh } -- -/","but/CC ,/,  [ uh/UH ] --/:","(S-UNF (CC but) (, ,) (INTJ (UH uh)) (-DFL- N_S))",150
sw05utt/sw_0578_4796.utt,4/sw4796,4796,96,b,A,65,1,Yeah. /,Yeah/UH ./.,(INTJ (UH Yeah) (. .) (-DFL- E_S)),152
sw05utt/sw_0578_4796.utt,4/sw4796,4796,97,sv,B,66,1,"-- the downside of that is [ you, + after you ] do one of those, people say {D well } we did it. /","--/:  [ the/DT downside/NN ] of/IN  [ that/DT ] is/VBZ  [ you/PRP ] ,/, after/IN  [ you/PRP ] do/VBP  [ one/CD ] of/IN  [ those/DT ] ,/,  [ people/NNS ] say/VBP well/UH  [ we/PRP ] did/VBD  [ it/PRP ] ./.","(S (NP-SBJ (NP (DT the) (NN downside)) (PP (IN of) (NP (DT that)))) (VP (VBZ is) (SBAR-PRD (-NONE- 0) (S (EDITED (RM (-DFL- \[)) (NP-SBJ (PRP you)) (, ,) (IP (-DFL- \+))) (SBAR-TMP (IN after) (S (NP-SBJ (PRP you)) (RS (-DFL- \])) (VP (VBP do) (NP (NP (CD one)) (PP (IN of) (NP (DT those))))))) (, ,) (NP-SBJ (NNS people)) (VP (VBP say) (S-SEZ (INTJ (UH well)) (NP-SBJ (PRP we)) (VP (VBD did) (NP (PRP it)))))))) (. .) (-DFL- E_S))",154
sw05utt/sw_0578_4796.utt,4/sw4796,4796,98,b,A,67,1,Right. /,[ Right/UH ] ./.,(INTJ (UH Right) (. .) (-DFL- E_S)),138
sw05utt/sw_0578_4796.utt,4/sw4796,4796,99,sv,B,68,1,[ Now let's -- +,Now/UH let/VB  [ 's/PRP ] --/:,(S (EDITED (RM (-DFL- \[)) (S-IMP (ADVP-TMP (UH Now)) (NP-SBJ (-NONE- *)) (VP (VB let) (S-UNF (NP-SBJ (PRP 's))))) (IP (-DFL- \+))) (ADVP-TMP (RB now)) (RS (-DFL- \])) (NP-SBJ (PRP we)) (VP (VBP 're) (ADJP-PRD (VBN done))) (. .) (-DFL- E_S)),158
sw05utt/sw_0578_4796.utt,4/sw4796,4796,100,^2,A,69,1,Now we're done. /,Now/RB  [ we/PRP ] 're/VBP done/VBN ./.,(S (ADVP-TMP (RB Now)) (NP-SBJ (PRP we)) (VP (VBP 're) (ADJP-PRD (VBN done))) (. .) (-DFL- E_S)),160
sw05utt/sw_0578_4796.utt,4/sw4796,4796,101,+,B,70,1,-- now  ] we're done <laughter>. /,--/: now/RB  [ we/PRP ] 're/VBP done/VBN ./.,(S (EDITED (RM (-DFL- \[)) (S-IMP (ADVP-TMP (UH Now)) (NP-SBJ (-NONE- *)) (VP (VB let) (S-UNF (NP-SBJ (PRP 's))))) (IP (-DFL- \+))) (ADVP-TMP (RB now)) (RS (-DFL- \])) (NP-SBJ (PRP we)) (VP (VBP 're) (ADJP-PRD (VBN done))) (. .) (-DFL- E_S)),158
sw05utt/sw_0578_4796.utt,4/sw4796.pos,4796,102,x,A,71,1,<Laughter>.,./.
sw05utt/sw_0578_4796.utt,4/sw4796,4796,103,sv,B,72,1,"No need [ to use this anymo-, + to   play around with this space stuff anymore. ]  /","[ No/DT need/NN ] to/TO use/VB  [ this/DT anymo-/RB ] ,/, to/TO play/VB around/RP with/IN  [ this/DT space/NN stuff/NN ] anymore/RB ./.","(NP (DT No) (NN need) (S (NP-SBJ (-NONE- *)) (EDITED (RM (-DFL- \[)) (VP (TO to) (VP (VB use) (NP (DT this)) (ADVP-TMP-UNF (RB anymo-)))) (, ,) (IP (-DFL- \+))) (VP (TO to) (VP (VB play) (ADVP (RP around)) (PP (IN with) (NP (DT this) (NN space) (NN stuff))) (ADVP-TMP (RB anymore))))) (. .) (RS (-DFL- \])) (-DFL- E_S))",164
sw05utt/sw_0578_4796.utt,4/sw4796,4796,104,sv,B,72,2,That's what happened with Apollo.  /,[ That/DT ] 's/BES  [ what/WP ] happened/VBD with/IN  [ Apollo/NNP ] ./.,(S (NP-SBJ (DT That)) (VP (BES 's) (SBAR-NOM-PRD (WHNP-1 (WP what)) (S (NP-SBJ (-NONE- *T*-1)) (VP (VBD happened) (PP (IN with) (NP (NNP Apollo))))))) (. .) (-DFL- E_S)),165
sw05utt/sw_0578_4796.utt,4/sw4796,4796,105,%@,B,72,3,"{F Uh, }    *[[slash error]]","[ Uh/UH ] ,/,","(S (INTJ (UH Uh)) (, ,) (CC But) (, ,) (INTJ (UH uh)) (, ,) (NP-SBJ-1 (PRP I)) (VP (MD 'd) (VP (VB give) (NP (RB almost) (NN anything)) (S-PRP (NP-SBJ (-NONE- *-1)) (VP (TO to) (VP (VB get) (PP-LOC (IN into) (NP (NN space)))))))) (. .) (-DFL- E_S))",166
sw05utt/sw_0578_4796.utt,4/sw4796,4796,106,aa,A,73,1,Yeah.  /,Yeah/UH ./.,(INTJ (UH Yeah) (. .) (-DFL- E_S)),152
sw05utt/sw_0578_4796.utt,4/sw4796,4796,107,aa,A,73,2,I think you're right. /,I/PRP think/VBP [ you/PRP ] 're/VBP right/JJ ./.,(S (NP-SBJ (PRP I)) (VP (VBP think) (SBAR (-NONE- 0) (S (NP-SBJ (PRP you)) (VP (VBP 're) (ADJP-PRD (JJ right)))))) (. .) (-DFL- E_S)),169
sw05utt/sw_0578_4796.utt,4/sw4796,4796,108,+,B,74,1,"{C But, } {F uh, } I'd give almost anything to get into space <laughter>. /  *[[sd]]","But/CC ,/,  [ uh/UH ] ,/,  [ I/PRP ] 'd/MD give/VB almost/RB  [ anything/NN ] to/TO get/VB into/IN  [ space/NN ] ./.","(S (INTJ (UH Uh)) (, ,) (CC But) (, ,) (INTJ (UH uh)) (, ,) (NP-SBJ-1 (PRP I)) (VP (MD 'd) (VP (VB give) (NP (RB almost) (NN anything)) (S-PRP (NP-SBJ (-NONE- *-1)) (VP (TO to) (VP (VB get) (PP-LOC (IN into) (NP (NN space)))))))) (. .) (-DFL- E_S))",166
sw05utt/sw_0578_4796.utt,4/sw4796,4796,109,aa,A,75,1,I would too.  /,[ I/PRP ] would/MD too/RB ./.,(S (NP-SBJ (PRP I)) (VP (MD would) (VP (-NONE- *?*) (ADVP (RB too)))) (. .) (-DFL- E_S)),172
sw05utt/sw_0578_4796.utt,4/sw4796,4796,110,%,A,75,2,"[ I'd, + I'd, ] {F uh, } - /","[ I/PRP ] 'd/MD ,/,  [ I/PRP ] 'd/MD ,/,  [ uh/UH ] ,/,","(S (EDITED (RM (-DFL- \[)) (S (NP-SBJ (PRP I)) (VP-UNF (MD 'd))) (, ,) (IP (-DFL- \+))) (NP-SBJ (PRP I)) (VP-UNF (MD 'd) (, ,) (RS (-DFL- \])) (INTJ (UH uh))) (, ,) (-DFL- N_S))",173
sw05utt/sw_0578_4796.utt,4/sw4796,4796,111,qy,A,75,3,was it John Denver [ that + that ] tried to buy his way on to the space shuttle? /,was/VBD  [ it/PRP ] [ John/NNP Denver/NNP ] that/WDT  [ that/WDT ] tried/VBD to/TO buy/VB  [ his/PRP$ way/NN ] on/IN to/IN  [ the/DT space/NN shuttle/NN ] ?/.,(SQ-CLF (VBD was) (NP-SBJ (PRP it)) (NP-PRD (NNP John) (NNP Denver)) (SBAR (EDITED (RM (-DFL- \[)) (WHNP (WDT that)) (IP (-DFL- \+))) (WHNP-1 (WDT that)) (RS (-DFL- \])) (S (NP-SBJ-2 (-NONE- *T*-1)) (VP (VBD tried) (S (NP-SBJ (-NONE- *-2)) (VP (TO to) (VP (VB buy) (NP (NP (PRP$ his) (NN way)) (PP (IN on) (PP (IN to) (NP (DT the) (NN space) (NN shuttle))))))))))) (. ?) (-DFL- E_S)),174
