swda_filename,ptb_basename,conversation_no,transcript_index,act_tag,caller,utterance_index,subutterance_index,text,pos,trees,ptb_treenumbers
sw05utt/sw_0598_2858.utt,2/sw2858,2858,0,o,A,1,1,"Okay,  /","Okay/UH ,/,","(INTJ (UH Okay) (, ,) (-DFL- E_S))",1
sw05utt/sw_0598_2858.utt,2/sw2858,2858,1,qw,A,1,2,"what do you think are some current  trends in, {F uh, } the way families spend time together, based on what you've seen. /","[ what/WP ] do/VBP  [ you/PRP ] think/VB are/VBP  [ some/DT current/JJ trends/NNS ] in/IN ,/,  [ uh/UH ] ,/,  [ the/DT way/NN families/NNS ] spend/VBP  [ time/NN ] together/RB ,/, based/VBN on/IN  [ what/WP ] [ you/PRP ] 've/VBP seen/VBN ./.","(SBARQ (WHNP-1 (WP what)) (SQ (VBP do) (NP-SBJ (PRP you)) (VP (VB think) (SBAR (-NONE- 0) (S (NP-SBJ (-NONE- *T*-1)) (VP (VBP are) (NP-PRD (NP (DT some) (JJ current) (NNS trends)) (PP (IN in) (, ,) (INTJ (UH uh)) (, ,) (NP (NP (DT the) (NN way)) (SBAR (WHADVP-2 (-NONE- 0)) (S (NP-SBJ (NNS families)) (VP (VBP spend) (NP (NN time)) (ADVP (RB together)) (ADVP-MNR (-NONE- *T*-2))))))))))) (, ,) (PP (VBN based) (PP (IN on) (SBAR-NOM (WHNP-3 (WP what)) (S (NP-SBJ (PRP you)) (VP (VBP 've) (VP (VBN seen) (NP (-NONE- *T*-3)))))))))) (. .) (-DFL- E_S))",2
sw05utt/sw_0598_2858.utt,2/sw2858,2858,2,sv,B,2,1,"{F Um, } [ I, + I ] think that it's  getting to where they're not spending time together. /","[ Um/UH ] ,/,  [ I/PRP ] ,/,  [ I/PRP ] think/VBP that/IN  [ it/PRP ] 's/BES getting/VBG to/TO where/WRB  [ they/PRP ] 're/VBP not/RB spending/VBG  [ time/NN ] together/RB ./.","(S (INTJ (UH Um)) (, ,) (EDITED (RM (-DFL- \[)) (NP-SBJ (PRP I)) (, ,) (IP (-DFL- \+))) (NP-SBJ (PRP I)) (RS (-DFL- \])) (VP (VBP think) (SBAR (IN that) (S (NP-SBJ (PRP it)) (VP (BES 's) (VP (VBG getting) (PP (TO to) (SBAR (WHADVP-1 (WRB where)) (S (NP-SBJ (PRP they)) (VP (VBP 're) (RB not) (VP (VBG spending) (NP (NN time)) (ADVP (RB together)) (ADVP (-NONE- *T*-1)))))))))))) (. .) (-DFL- E_S))",4
sw05utt/sw_0598_2858.utt,2/sw2858,2858,3,b,A,3,1,Yeah <breathing> <<heavily>>. /,Yeah/UH ./.,(INTJ (UH Yeah) (. .) (-DFL- E_S)),6
sw05utt/sw_0598_2858.utt,2/sw2858,2858,4,sv,B,4,1,"{F Um, } I think, {F uh, } like in  my situation, today, on a weekend when couples are supposed to spend time together, my husband's  been off doing his thing all day today,  /","[ Um/UH ] ,/,  [ I/PRP ] think/VBP ,/,  [ uh/UH ] ,/, like/IN in/IN  [ my/PRP$ situation/NN ] ,/,  [ today/RB ] ,/, on/IN  [ a/DT weekend/NN ] when/WRB  [ couples/NNS ] are/VBP supposed/VBN to/TO spend/VB  [ time/NN ] together/RB ,/,  [ my/PRP$ husband/NN ] 's/HVS been/VBN off/RP doing/VBG  [ his/PRP$ thing/NN ] [ all/DT day/NN today/RB ] ,/,","(S (INTJ (UH Um)) (, ,) (NP-SBJ (PRP I)) (VP-UNF (VBP think) (, ,) (INTJ (UH uh))) (, ,))|||(S (INTJ (IN like)) (PP (IN in) (NP (PRP$ my) (NN situation))) (, ,) (NP-TMP (RB today)) (, ,) (PP-TMP (IN on) (NP (DT a) (NN weekend))) (SBAR-TMP (WHADVP-2 (WRB when)) (S (NP-SBJ-1 (NNS couples)) (VP (VBP are) (VP (VBN supposed) (S (NP-SBJ (-NONE- *-1)) (VP (TO to) (VP (VB spend) (NP (NN time)) (ADVP (RB together)) (ADVP-TMP (-NONE- *T*-2))))))))) (, ,) (NP-SBJ (PRP$ my) (NN husband)) (VP (HVS 's) (VP (VBN been) (ADVP (RP off)) (VP (VBG doing) (NP (PRP$ his) (NN thing)) (NP-TMP (DT all) (NN day)) (NP-TMP (RB today))))) (, ,) (-DFL- E_S))",8|||9
sw05utt/sw_0598_2858.utt,2/sw2858,2858,5,sd,B,4,2,{C and } I've been off doing my thing  all day <barking>  /,and/CC  [ I/PRP ] 've/VBP been/VBN off/RP doing/VBG  [ my/PRP$ thing/NN ] [ all/DT day/NN ],(S (CC and) (NP-SBJ (PRP I)) (VP (VBP 've) (VP (VBN been) (ADVP (RP off)) (VP (VBG doing) (NP (PRP$ my) (NN thing)) (NP-TMP (DT all) (NN day))))) (-DFL- E_S)),10
sw05utt/sw_0598_2858.utt,2/sw2858,2858,6,sd,B,4,3,{C and } I haven't seen him since eight o'clock this morning. /,and/CC  [ I/PRP ] have/VBP n't/RB seen/VBN  [ him/PRP ] since/IN  [ eight/CD ] o'clock/RB  [ this/DT morning/NN ] ./.,(S (CC and) (NP-SBJ (PRP I)) (VP (VBP have) (RB n't) (VP (VBN seen) (NP (PRP him)) (PP-TMP (IN since) (NP (CD eight) (RB o'clock) (DT this) (NN morning))))) (. .) (-DFL- E_S)),11
sw05utt/sw_0598_2858.utt,2/sw2858,2858,7,ba,A,5,1,Really. /,Really/UH ./.,(INTJ (UH Really) (. .) (-DFL- E_S)),13
sw05utt/sw_0598_2858.utt,2/sw2858,2858,8,%,B,6,1,"{D So, } {F uh. } /","So/UH ,/,  [ uh/UH ] ./.","(S-UNF (UH So) (, ,) (INTJ (UH uh)) (. .) (-DFL- E_S))",15
sw05utt/sw_0598_2858.utt,2/sw2858,2858,9,qy,A,7,1,"Are you newly married,  /","[ Are/VBP you/PRP ] newly/RB married/JJ ,/,","(SQ (VBP Are) (NP-SBJ (PRP you)) (ADJP-PRD (RB newly) (JJ married)) (, ,) (-DFL- E_S))",17
sw05utt/sw_0598_2858.utt,2/sw2858,2858,10,qr,A,7,2,"{C or, } -/","or/CC ,/,","(S-UNF (CC or) (, ,) (-DFL- N_S))",18
sw05utt/sw_0598_2858.utt,2/sw2858,2858,11,sd,B,8,1,"{F Um, } two years. /","Um/UH ,/,  [ two/CD years/NNS ] ./.","(FRAG (INTJ (UH Um)) (, ,) (NP (CD two) (NNS years)) (. .) (-DFL- E_S))",20
sw05utt/sw_0598_2858.utt,2/sw2858,2858,12,b,A,9,1,Yeah.  /,[ Yeah/UH ] ./.,(INTJ (UH Yeah) (. .) (-DFL- E_S)),6
sw05utt/sw_0598_2858.utt,2/sw2858,2858,13,sd,A,9,2,"[ Same, +  same ] situation here,  I've been married about ten months,  /","[ Same/JJ ] ,/,  [ same/JJ situation/NN ] here/RB ,/,  [ I/PRP ] 've/VBP been/VBN married/VBN about/RB  [ ten/CD months/NNS ] ,/,","(FRAG (EDITED (RM (-DFL- \[)) (NP-UNF (JJ Same)) (, ,) (IP (-DFL- \+))) (NP (JJ same) (RS (-DFL- \])) (NN situation)) (ADVP-LOC (RB here)) (, ,))|||(S (NP-SBJ (PRP I)) (VP (VBP 've) (VP (VBN been) (ADJP-PRD (VBN married)) (NP-TMP (QP (RB about) (CD ten)) (NNS months)))) (, ,) (-DFL- E_S))",23|||24
sw05utt/sw_0598_2858.utt,2/sw2858,2858,14,%,A,9,3,"{C so. }   Yeah,  /","so/RB ./.  [ Yeah/UH ] ,/,","(S-UNF (RB so) (. .) (INTJ (UH Yeah)) (, ,) (-DFL- E_S))",25
sw05utt/sw_0598_2858.utt,2/sw2858,2858,15,sd,A,9,4,"[ [ I can, + I can, ] +  I know ] what you mean. /","[ I/PRP ] can/MD ,/,  [ I/PRP ] can/MD ,/,  [ I/PRP ] know/VBP  [ what/WP ] [ you/PRP ] mean/VBP ./.","(S (EDITED (RM (-DFL- \[)) (EDITED (RM (-DFL- \[)) (S (NP-SBJ (PRP I)) (VP-UNF (MD can))) (, ,) (IP (-DFL- \+))) (S (NP-SBJ (PRP I)) (VP-UNF (MD can))) (, ,) (RS (-DFL- \])) (IP (-DFL- \+))) (NP-SBJ (PRP I)) (VP (VBP know) (RS (-DFL- \])) (SBAR (WHNP-1 (WP what)) (S (NP-SBJ (PRP you)) (VP (VBP mean) (NP (-NONE- *T*-1)))))) (. .) (-DFL- E_S))",26
sw05utt/sw_0598_2858.utt,2/sw2858,2858,16,sv,B,10,1,"[ It's, +  it's ] really [ hard, +  hard ]  to find time to spend together when you both work full time and, {F uh, } you both have hobbies that are different. /","[ It/PRP ] 's/BES ,/,  [ it/PRP ] 's/BES really/RB  [ hard/JJ ] ,/, hard/JJ to/TO find/VB  [ time/NN ] to/TO spend/VB together/RB when/WRB  [ you/PRP ] [ both/DT ] work/VBP  [ full/GW time/^RB ] and/CC ,/,  [ uh/UH ] ,/,  [ you/PRP ] [ both/DT ] have/VBP  [ hobbies/NNS ] [ that/WDT ] are/VBP different/JJ ./.","(S (EDITED (RM (-DFL- \[)) (S (NP-SBJ (PRP It)) (VP-UNF (BES 's))) (, ,) (IP (-DFL- \+))) (NP-SBJ (NP (PRP it)) (S (-NONE- *EXP*-1))) (VP (BES 's) (RS (-DFL- \])) (ADJP-PRD (RB really) (EDITED (RM (-DFL- \[)) (JJ hard) (, ,) (IP (-DFL- \+))) (JJ hard) (RS (-DFL- \]))) (S-1 (NP-SBJ-5 (-NONE- *)) (VP (TO to) (VP (VB find) (NP (NP (NN time)) (SBAR (WHNP-2 (-NONE- 0)) (S (NP-SBJ (-NONE- *-5)) (VP (TO to) (VP (VB spend) (NP (-NONE- *T*-2)) (ADVP (RB together))))))) (SBAR-TMP (WHADVP-4 (WRB when)) (S (S (NP-SBJ (NP (PRP you)) (NP (DT both))) (VP (VBP work) (ADVP (GW full) (^RB time)))) (CC and) (, ,) (INTJ (UH uh)) (, ,) (S (NP-SBJ (NP (PRP you)) (NP (DT both))) (VP (VBP have) (NP (NP (NNS hobbies)) (SBAR (WHNP-3 (WDT that)) (S (NP-SBJ (-NONE- *T*-3)) (VP (VBP are) (ADJP-PRD (JJ different)))))))) (ADVP-TMP (-NONE- *T*-4)))))))) (. .) (-DFL- E_S))",28
sw05utt/sw_0598_2858.utt,2/sw2858,2858,17,b,A,11,1,Yeah. /,Yeah/UH ./.,(INTJ (UH Yeah) (. .) (-DFL- E_S)),6
sw05utt/sw_0598_2858.utt,2/sw2858,2858,18,sv,B,12,1,"{D you know, } if you have hobbies that  are the same, then, {D you know, } you can enjoy your hobby together,  /","[ you/PRP ] know/VBP ,/, if/IN  [ you/PRP ] have/VBP  [ hobbies/NNS ] [ that/WDT ] are/VBP  [ the/DT same/JJ ] ,/, then/RB ,/,  [ you/PRP ] know/VBP ,/,  [ you/PRP ] can/MD enjoy/VB  [ your/PRP$ hobby/NN ] together/RB ,/,","(S (PRN (S (NP-SBJ (PRP you)) (VP (VBP know))) (, ,)) (SBAR-ADV (IN if) (S (NP-SBJ (PRP you)) (VP (VBP have) (NP (NP (NNS hobbies)) (SBAR (WHNP-1 (WDT that)) (S (NP-SBJ (-NONE- *T*-1)) (VP (VBP are) (NP-PRD (DT the) (JJ same))))))))) (, ,) (ADVP (RB then)) (PRN (, ,) (S (NP-SBJ (PRP you)) (VP (VBP know))) (, ,)) (NP-SBJ (PRP you)) (VP (MD can) (VP (VB enjoy) (NP (PRP$ your) (NN hobby)) (ADVP (RB together)))) (, ,) (-DFL- E_S))",32
sw05utt/sw_0598_2858.utt,2/sw2858,2858,19,sd,B,12,2,{C but } my husband  and I have different hobbies. /,but/CC  [ my/PRP$ husband/NN ] and/CC  [ I/PRP ] have/VBP  [ different/JJ hobbies/NNS ] ./.,(S (CC but) (NP-SBJ (NP (PRP$ my) (NN husband)) (CC and) (NP (PRP I))) (VP (VBP have) (NP (JJ different) (NNS hobbies))) (. .) (-DFL- E_S)),33
sw05utt/sw_0598_2858.utt,2/sw2858,2858,20,qy,A,13,1,Is he a hunter and a fisher and all that. /,Is/VBZ  [ he/PRP ] [ a/DT hunter/NN ] and/CC  [ a/DT fisher/NN ] and/CC  [ all/PDT that/DT ] ./.,(SQ (VBZ Is) (NP-SBJ (PRP he)) (NP-PRD (NP (DT a) (NN hunter)) (CC and) (NP (DT a) (NN fisher)) (CC and) (NP (PDT all) (DT that))) (. .) (-DFL- E_S)),35
sw05utt/sw_0598_2858.utt,2/sw2858,2858,21,nn,B,14,1,"No,  /","No/UH ,/,","(INTJ (UH No) (, ,) (-DFL- E_S))",37
sw05utt/sw_0598_2858.utt,2/sw2858,2858,22,nn^r,B,14,2,"no,  /","no/UH ,/,","(INTJ (UH no) (, ,) (-DFL- E_S))",38
sw05utt/sw_0598_2858.utt,2/sw2858,2858,23,sd^e,B,14,3,he's a record collector   and a Hot Wheels collector. /,[ he/PRP ] 's/BES  [ a/DT record/NN collector/NN ] and/CC  [ a/DT Hot/NNP Wheels/NNP collector/NN ] ./.,(S (NP-SBJ (PRP he)) (VP (BES 's) (NP-PRD (NP (DT a) (NN record) (NN collector)) (CC and) (NP (DT a) (NNP Hot) (NNP Wheels) (NN collector)))) (. .) (-DFL- E_S)),39
sw05utt/sw_0598_2858.utt,2/sw2858,2858,24,ba,A,15,1,"<Cough>.  [ That's we-, +  that's wild. ] /","./.  [ That/DT ] 's/BES we/JJ ,/,  [ that/DT ] 's/BES wild/JJ ./.","(S (NP-SBJ (PRP he)) (VP (BES 's) (NP-PRD (NP (DT a) (NN record) (NN collector)) (CC and) (NP (DT a) (NNP Hot) (NNP Wheels) (NN collector)))) (. .) (-DFL- E_S))|||(S (EDITED (RM (-DFL- \[)) (S (NP-SBJ (DT That)) (VP (BES 's) (ADJP-PRD-UNF (JJ we-)))) (, ,) (IP (-DFL- \+))) (NP-SBJ (DT that)) (VP (BES 's) (ADJP-PRD (JJ wild))) (. .) (RS (-DFL- \])) (-DFL- E_S))",39|||41
sw05utt/sw_0598_2858.utt,2/sw2858,2858,25,sd,B,16,1,"{F Um, } {C so } he was off today, {F uh, }  looking [ at, +  at ] records. /","Um/UH ,/, so/RB  [ he/PRP ] was/VBD off/RP  [ today/RB ] ,/,  [ uh/UH ] ,/, looking/VBG at/IN ,/, at/IN  [ records/NNS ] ./.","(S (INTJ (UH Um)) (, ,) (RB so) (NP-SBJ (PRP he)) (VP (VBD was) (ADVP (RP off)) (NP-TMP (RB today)) (, ,) (INTJ (UH uh)) (, ,) (VP (VBG looking) (EDITED (RM (-DFL- \[)) (PP-UNF (IN at)) (, ,) (IP (-DFL- \+))) (PP (IN at) (RS (-DFL- \])) (NP (NNS records))))) (. .) (-DFL- E_S))",43
sw05utt/sw_0598_2858.utt,2/sw2858,2858,26,b,A,17,1,Uh-huh. /,[ Uh-huh/UH ] ./.,(INTJ (UH Uh-huh) (. .) (-DFL- E_S)),45
sw05utt/sw_0598_2858.utt,2/sw2858,2858,27,sd,B,18,1,"[ {C So, } +  {F uh, } {C and } ] I was off,  {D you know, } doing, {D you know, } [ hou-, +  household ] type things.","So/RB ,/,  [ uh/UH ] ,/, and/CC  [ I/PRP ] was/VBD off/RP ,/,  [ you/PRP ] know/VBP ,/, doing/VBG ,/,  [ you/PRP ] know/VBP ,/,  [ hou-/NN ] ,/,  [ household/NN type/NN things/NNS ] ./.","(S (EDITED (RM (-DFL- \[)) (RB So) (, ,) (IP (-DFL- \+))) (INTJ (UH uh)) (, ,) (CC and) (RS (-DFL- \])) (NP-SBJ (PRP I)) (VP (VBD was) (ADVP (RP off)) (PRN (, ,) (S (NP-SBJ (PRP you)) (VP (VBP know))) (, ,)) (VP (VBG doing) (PRN (, ,) (S (NP-SBJ (PRP you)) (VP (VBP know))) (, ,)) (EDITED (RM (-DFL- \[)) (NP-UNF (NN hou-)) (, ,) (IP (-DFL- \+))) (NP (NP (NN household) (RS (-DFL- \])) (NN type) (NNS things)) (PRN (. .) (S (NP-SBJ (PRP You)) (VP (VBP know))) (, ,)) (NP (NN laundry))))) (-DFL- E_S))",47
sw05utt/sw_0598_2858.utt,2/sw2858,2858,28,b,A,19,1,Yeah. /,Yeah/UH ./.,(INTJ (UH Yeah) (. .) (-DFL- E_S)),22
sw05utt/sw_0598_2858.utt,2/sw2858,2858,29,+,B,20,1,"{D You know, } laundry  /","[ You/PRP ] know/VBP ,/,  [ laundry/NN ]","(S (EDITED (RM (-DFL- \[)) (RB So) (, ,) (IP (-DFL- \+))) (INTJ (UH uh)) (, ,) (CC and) (RS (-DFL- \])) (NP-SBJ (PRP I)) (VP (VBD was) (ADVP (RP off)) (PRN (, ,) (S (NP-SBJ (PRP you)) (VP (VBP know))) (, ,)) (VP (VBG doing) (PRN (, ,) (S (NP-SBJ (PRP you)) (VP (VBP know))) (, ,)) (EDITED (RM (-DFL- \[)) (NP-UNF (NN hou-)) (, ,) (IP (-DFL- \+))) (NP (NP (NN household) (RS (-DFL- \])) (NN type) (NNS things)) (PRN (. .) (S (NP-SBJ (PRP You)) (VP (VBP know))) (, ,)) (NP (NN laundry))))) (-DFL- E_S))",47
sw05utt/sw_0598_2858.utt,2/sw2858,2858,30,sd,B,20,2,"{C and, } {F um, } did some  shopping and stuff. /","and/CC ,/, um/UH ,/, did/VBD  [ some/DT shopping/NN ] and/CC  [ stuff/NN ] ./.","(S (CC and) (, ,) (INTJ (UH um)) (, ,) (NP-SBJ (-NONE- *)) (VP (VBD did) (NP (NP (DT some) (NN shopping)) (CC and) (NP (NN stuff)))) (. .) (-DFL- E_S))",51
sw05utt/sw_0598_2858.utt,2/sw2858,2858,31,sd,A,21,1,"{F Um, } from the people I've talked to,  I don't know if I should bring this into it,  /","Um/UH ,/, from/IN  [ the/DT people/NNS I/PRP ] 've/VBP talked/VBD to/IN ,/,  [ I/PRP ] do/VBP n't/RB know/VB if/IN  [ I/PRP ] should/MD bring/VB  [ this/DT ] into/IN  [ it/PRP ] ,/,","(S (INTJ (UH Um)) (, ,) (PP (IN from) (NP (NP (DT the) (NNS people)) (SBAR (WHNP-1 (-NONE- 0)) (S (NP-SBJ (PRP I)) (VP (VBP 've) (VP (VBD talked) (PP (IN to) (NP (-NONE- *T*-1))))))))) (PRN (, ,) (S (NP-SBJ (PRP I)) (VP (VBP do) (RB n't) (VP (VB know) (SBAR (IN if) (S (NP-SBJ (PRP I)) (VP (MD should) (VP (VB bring) (NP (DT this)) (PP (IN into) (NP (PRP it)))))))))) (, ,) (-DFL- E_S) (CC but) (, ,)) (INTJ (UH um)) (, ,) (NP-SBJ (NP (DT a) (NN lot)) (PP (IN of) (NP (DT the) (NNS dads)))) (VP (VBD said) (SBAR (IN that) (S (NP-SBJ (PRP they)) (VP (MD would) (ADVP (RB probably)) (VP (VB choose) (NP (NP (NNS careers)) (EDITED (RM (-DFL- \[)) (SBAR (WHNP-3 (WDT that)) (S (NP-SBJ (-NONE- *T*-3)) (VP (VBP are) (ADJP-PRD-UNF (RBR more))))) (, ,) (IP (-DFL- \+))) (INTJ (UH um)) (, ,) (SBAR (WHADVP-2 (WRB where)) (S (S (NP-SBJ (PRP they)) (VP (MD could) (VP (VB manage) (RS (-DFL- \])) (NP (PRP$ their) (JJ own) (NN schedule))))) (-DFL- E_S) (CC and) (, ,) (S (INTJ (UH uh)) (, ,) (NP-SBJ (PRP they)) (VP (MD could) (VP (VB spend) (NP (JJR more) (NN time)) (PP (IN with) (NP (PRP$ their) (NNS kids)))))) (ADVP (-NONE- *T*-2)))))))))) (-DFL- E_S))",53
sw05utt/sw_0598_2858.utt,2/sw2858,2858,32,sd,A,21,2,"{C but, } {F um, } a lot of the dads  said that they would probably choose careers [ that are more, + {F um, } where they could  manage ] their own schedule  /","but/CC ,/, um/UH ,/,  [ a/DT lot/NN ] of/IN  [ the/DT dads/NNS ] said/VBD that/IN  [ they/PRP ] would/MD probably/RB choose/VB  [ careers/NNS ] [ that/WDT ] are/VBP more/RBR ,/, um/UH ,/, where/WRB  [ they/PRP ] could/MD manage/VB  [ their/PRP$ own/JJ schedule/NN ]","(S (INTJ (UH Um)) (, ,) (PP (IN from) (NP (NP (DT the) (NNS people)) (SBAR (WHNP-1 (-NONE- 0)) (S (NP-SBJ (PRP I)) (VP (VBP 've) (VP (VBD talked) (PP (IN to) (NP (-NONE- *T*-1))))))))) (PRN (, ,) (S (NP-SBJ (PRP I)) (VP (VBP do) (RB n't) (VP (VB know) (SBAR (IN if) (S (NP-SBJ (PRP I)) (VP (MD should) (VP (VB bring) (NP (DT this)) (PP (IN into) (NP (PRP it)))))))))) (, ,) (-DFL- E_S) (CC but) (, ,)) (INTJ (UH um)) (, ,) (NP-SBJ (NP (DT a) (NN lot)) (PP (IN of) (NP (DT the) (NNS dads)))) (VP (VBD said) (SBAR (IN that) (S (NP-SBJ (PRP they)) (VP (MD would) (ADVP (RB probably)) (VP (VB choose) (NP (NP (NNS careers)) (EDITED (RM (-DFL- \[)) (SBAR (WHNP-3 (WDT that)) (S (NP-SBJ (-NONE- *T*-3)) (VP (VBP are) (ADJP-PRD-UNF (RBR more))))) (, ,) (IP (-DFL- \+))) (INTJ (UH um)) (, ,) (SBAR (WHADVP-2 (WRB where)) (S (S (NP-SBJ (PRP they)) (VP (MD could) (VP (VB manage) (RS (-DFL- \])) (NP (PRP$ their) (JJ own) (NN schedule))))) (-DFL- E_S) (CC and) (, ,) (S (INTJ (UH uh)) (, ,) (NP-SBJ (PRP they)) (VP (MD could) (VP (VB spend) (NP (JJR more) (NN time)) (PP (IN with) (NP (PRP$ their) (NNS kids)))))) (ADVP (-NONE- *T*-2)))))))))) (-DFL- E_S))",53
sw05utt/sw_0598_2858.utt,2/sw2858,2858,33,sd,A,21,3,"{C and, }","and/CC ,/,","(S (EDITED (RM (-DFL- \[)) (S (NP-SBJ (PRP It)) (VP-UNF (BES 's))) (, ,) (IP (-DFL- \+))) (NP-SBJ (NP (PRP it)) (S (-NONE- *EXP*-1))) (VP (BES 's) (RS (-DFL- \])) (ADJP-PRD (RB really) (EDITED (RM (-DFL- \[)) (JJ hard) (, ,) (IP (-DFL- \+))) (JJ hard) (RS (-DFL- \]))) (S-1 (NP-SBJ-5 (-NONE- *)) (VP (TO to) (VP (VB find) (NP (NP (NN time)) (SBAR (WHNP-2 (-NONE- 0)) (S (NP-SBJ (-NONE- *-5)) (VP (TO to) (VP (VB spend) (NP (-NONE- *T*-2)) (ADVP (RB together))))))) (SBAR-TMP (WHADVP-4 (WRB when)) (S (S (NP-SBJ (NP (PRP you)) (NP (DT both))) (VP (VBP work) (ADVP (GW full) (^RB time)))) (CC and) (, ,) (INTJ (UH uh)) (, ,) (S (NP-SBJ (NP (PRP you)) (NP (DT both))) (VP (VBP have) (NP (NP (NNS hobbies)) (SBAR (WHNP-3 (WDT that)) (S (NP-SBJ (-NONE- *T*-3)) (VP (VBP are) (ADJP-PRD (JJ different)))))))) (ADVP-TMP (-NONE- *T*-4)))))))) (. .) (-DFL- E_S))",28
sw05utt/sw_0598_2858.utt,2/sw2858,2858,34,b,B,22,1,Uh-huh. /,[ Uh-huh/UH ] ./.,(INTJ (UH Uh-huh) (. .) (-DFL- E_S)),45
sw05utt/sw_0598_2858.utt,2/sw2858,2858,35,+,A,23,1,"{F uh, } they could spend more time with  their kids  /","[ uh/UH ] ,/,  [ they/PRP ] could/MD spend/VB  [ more/JJR time/NN ] with/IN  [ their/PRP$ kids/NNS ]","(S (INTJ (UH Um)) (, ,) (PP (IN from) (NP (NP (DT the) (NNS people)) (SBAR (WHNP-1 (-NONE- 0)) (S (NP-SBJ (PRP I)) (VP (VBP 've) (VP (VBD talked) (PP (IN to) (NP (-NONE- *T*-1))))))))) (PRN (, ,) (S (NP-SBJ (PRP I)) (VP (VBP do) (RB n't) (VP (VB know) (SBAR (IN if) (S (NP-SBJ (PRP I)) (VP (MD should) (VP (VB bring) (NP (DT this)) (PP (IN into) (NP (PRP it)))))))))) (, ,) (-DFL- E_S) (CC but) (, ,)) (INTJ (UH um)) (, ,) (NP-SBJ (NP (DT a) (NN lot)) (PP (IN of) (NP (DT the) (NNS dads)))) (VP (VBD said) (SBAR (IN that) (S (NP-SBJ (PRP they)) (VP (MD would) (ADVP (RB probably)) (VP (VB choose) (NP (NP (NNS careers)) (EDITED (RM (-DFL- \[)) (SBAR (WHNP-3 (WDT that)) (S (NP-SBJ (-NONE- *T*-3)) (VP (VBP are) (ADJP-PRD-UNF (RBR more))))) (, ,) (IP (-DFL- \+))) (INTJ (UH um)) (, ,) (SBAR (WHADVP-2 (WRB where)) (S (S (NP-SBJ (PRP they)) (VP (MD could) (VP (VB manage) (RS (-DFL- \])) (NP (PRP$ their) (JJ own) (NN schedule))))) (-DFL- E_S) (CC and) (, ,) (S (INTJ (UH uh)) (, ,) (NP-SBJ (PRP they)) (VP (MD could) (VP (VB spend) (NP (JJR more) (NN time)) (PP (IN with) (NP (PRP$ their) (NNS kids)))))) (ADVP (-NONE- *T*-2)))))))))) (-DFL- E_S))",53
sw05utt/sw_0598_2858.utt,2/sw2858,2858,36,sd,A,23,2,{C because } they look back  /,because/IN  [ they/PRP ] look/VBP back/RB,(SBAR-PRP (IN because) (S (NP-SBJ (PRP they)) (VP (VBP look) (ADVP (RB back)))) (-DFL- E_S)),57
sw05utt/sw_0598_2858.utt,2/sw2858,2858,37,sd,A,23,3,"{C and, } {D you know, } they're all {D like, }  {F um, } kind of regretful, I think. /","and/CC ,/,  [ you/PRP ] know/VBP ,/,  [ they/PRP ] 're/VBP all/RB like/UH ,/, um/UH ,/,  [ kind/RB ] of/RB  [ regretful/JJ ] ,/,  [ I/PRP ] think/VBP ./.","(S (CC and) (PRN (, ,) (S (NP-SBJ (PRP you)) (VP (VBP know))) (, ,)) (NP-SBJ (PRP they)) (VP (VBP 're) (RB all) (INTJ (UH like)) (, ,) (INTJ (UH um)) (, ,) (ADJP-PRD (ADVP (RB kind) (RB of)) (JJ regretful))) (, ,))|||(S (NP-SBJ (PRP I)) (VP (VBP think)) (. .) (-DFL- E_S))",58|||59
sw05utt/sw_0598_2858.utt,2/sw2858,2858,38,b,B,24,1,"Yeah,  /","[ Yeah/UH ] ,/,","(INTJ (UH Yeah) (, ,) (-DFL- E_S))",61
sw05utt/sw_0598_2858.utt,2/sw2858,2858,39,sv,B,24,2,"[ [ I, +  I think, ] +  I think ]  that would be the ideal situation, /","[ I/PRP ] ,/,  [ I/PRP ] think/VBP ,/,  [ I/PRP ] think/VBP  [ that/DT ] would/MD be/VB  [ the/DT ideal/JJ situation/NN ] ,/,","(S (EDITED (RM (-DFL- \[)) (EDITED (RM (-DFL- \[)) (NP-SBJ (PRP I)) (, ,) (IP (-DFL- \+))) (S (NP-SBJ (PRP I)) (VP-UNF (VBP think))) (, ,) (RS (-DFL- \])) (IP (-DFL- \+))) (NP-SBJ (PRP I)) (VP (VBP think) (RS (-DFL- \])) (SBAR (-NONE- 0) (S (NP-SBJ (DT that)) (VP (MD would) (VP (VB be) (NP-PRD (DT the) (JJ ideal) (NN situation))))))) (, ,) (-DFL- E_S))",62
sw05utt/sw_0598_2858.utt,2/sw2858.pos,2858,40,x,A,25,1,<Throat_clearing>.,./.
sw05utt/sw_0598_2858.utt,2/sw2858,2858,41,sv,B,26,1,I think that would be the ideal situation.  /,[ I/PRP ] think/VBP  [ that/DT ] would/MD be/VB  [ the/DT ideal/JJ situation/NN ] ./.,(S (NP-SBJ (PRP I)) (VP (VBP think) (SBAR (-NONE- 0) (S (NP-SBJ (DT that)) (VP (MD would) (VP (VB be) (NP-PRD (DT the) (JJ ideal) (NN situation))))))) (. .) (-DFL- E_S)),65
sw05utt/sw_0598_2858.utt,2/sw2858,2858,42,%,B,26,2,"I think that a lot of people, - /","[ I/PRP ] think/VBP that/IN  [ a/DT lot/NN ] of/IN  [ people/NNS ] ,/,","(S (NP-SBJ (PRP I)) (VP (VBP think) (SBAR (IN that) (S-UNF (NP-SBJ (NP (DT a) (NN lot)) (PP (IN of) (NP (NNS people))))))) (, ,) (-DFL- N_S))",66
sw05utt/sw_0598_2858.utt,2/sw2858,2858,43,sd,B,26,3,"like in my case [ I, +  I ] do shift work. /","like/UH in/IN  [ my/PRP$ case/NN ] [ I/PRP ] ,/,  [ I/PRP ] do/VBP shift/NN  [ work/NN ] ./.","(S (INTJ (UH like)) (PP (IN in) (NP (PRP$ my) (NN case))) (EDITED (RM (-DFL- \[)) (NP-SBJ (PRP I)) (, ,) (IP (-DFL- \+))) (NP-SBJ (PRP I)) (RS (-DFL- \])) (VP (VBP do) (NP (NN shift) (NN work))) (. .) (-DFL- E_S))",67
sw05utt/sw_0598_2858.utt,2/sw2858,2858,44,b,A,27,1,Uh-huh. /,[ Uh-huh/UH ] ./.,(INTJ (UH Uh-huh) (. .) (-DFL- E_S)),45
sw05utt/sw_0598_2858.utt,2/sw2858,2858,45,sd,B,28,1,"[ I don't, +  I don't ] have that choice. /","[ I/PRP ] do/VBP n't/RB ,/,  [ I/PRP ] do/VBP n't/RB have/VB  [ that/DT choice/NN ] ./.","(S (EDITED (RM (-DFL- \[)) (S (NP-SBJ (PRP I)) (VP-UNF (VBP do) (RB n't))) (, ,) (IP (-DFL- \+))) (NP-SBJ (PRP I)) (VP (VBP do) (RB n't) (RS (-DFL- \])) (VP (VB have) (NP (DT that) (NN choice)))) (. .) (-DFL- E_S))",71
sw05utt/sw_0598_2858.utt,2/sw2858,2858,46,aa,A,29,1,"Yeah,  /","Yeah/UH ,/,","(INTJ (UH Yeah) (, ,) (-DFL- E_S))",61
sw05utt/sw_0598_2858.utt,2/sw2858,2858,47,sd,A,29,2,same here. /,[ same/JJ ] here/RB ./.,(FRAG (ADJP (JJ same)) (ADVP-LOC (RB here)) (. .) (-DFL- E_S)),74
sw05utt/sw_0598_2858.utt,2/sw2858,2858,48,sd,B,30,1,"{F Um, } I have to be at work [ [ at,  + at   X hour, ] +  {D you know, } [ [ at just, +  at, ] + at ] a certain ] hour  /","[ Um/UH ] ,/,  [ I/PRP ] have/VBP to/TO be/VB at/IN  [ work/NN ] at/IN ,/, at/IN  [ X/SYM hour/NN ] ,/,  [ you/PRP ] know/VBP ,/, at/IN just/RB ,/, at/IN ,/, at/IN  [ a/DT certain/JJ hour/NN ]","(S (INTJ (UH Um)) (, ,) (NP-SBJ-1 (PRP I)) (VP (VBP have) (S (NP-SBJ (-NONE- *-1)) (VP (TO to) (VP (VB be) (PP-LOC-PRD (IN at) (NP (NN work))) (RM (-DFL- \[)) (EDITED (RM (-DFL- \[)) (PP-TMP-UNF (IN at)) (, ,) (IP (-DFL- \+))) (PP-TMP (IN at) (NP (SYM X) (NN hour))) (, ,) (RS (-DFL- \])) (IP (-DFL- \+)) (PRN (S (NP-SBJ (PRP you)) (VP (VBP know))) (, ,)) (EDITED (RM (-DFL- \[)) (EDITED (RM (-DFL- \[)) (PP-TMP-UNF (IN at) (ADVP (RB just))) (, ,) (IP (-DFL- \+))) (PP-TMP-UNF (IN at)) (, ,) (RS (-DFL- \])) (IP (-DFL- \+))) (PP-TMP (IN at) (RS (-DFL- \])) (NP (DT a) (JJ certain) (RS (-DFL- \])) (NN hour))))))) (-DFL- E_S))",76
sw05utt/sw_0598_2858.utt,2/sw2858,2858,49,sd,B,30,2,"{C and } [ I can't, +  it's not ] flexible. /","and/CC  [ I/PRP ] ca/MD n't/RB ,/,  [ it/PRP ] 's/BES not/RB flexible/JJ ./.","(S (CC and) (EDITED (RM (-DFL- \[)) (S (NP-SBJ (PRP I)) (VP-UNF (MD ca) (RB n't))) (, ,) (IP (-DFL- \+))) (NP-SBJ (PRP it)) (VP (BES 's) (RB not) (RS (-DFL- \])) (ADJP-PRD (JJ flexible))) (. .) (-DFL- E_S))",77
sw05utt/sw_0598_2858.utt,2/sw2858,2858,50,b,A,31,1,Yeah. /,Yeah/UH ./.,(INTJ (UH Yeah) (. .) (-DFL- E_S)),49
sw05utt/sw_0598_2858.utt,2/sw2858,2858,51,sv,B,32,1,"{F Um, } [ it, +  it ] would be nice  to be able to have flexible hours  /","[ Um/UH ] ,/,  [ it/PRP ] ,/,  [ it/PRP ] would/MD be/VB nice/JJ to/TO be/VB able/JJ to/TO have/VB  [ flexible/JJ hours/NNS ]","(S (INTJ (UH Um)) (, ,) (EDITED (RM (-DFL- \[)) (NP-SBJ (PRP it)) (, ,) (IP (-DFL- \+))) (NP-SBJ (NP (PRP it)) (S (-NONE- *EXP*-1))) (RS (-DFL- \])) (VP (MD would) (VP (VB be) (ADJP-PRD (JJ nice)) (S-1 (NP-SBJ-2 (-NONE- *)) (VP (TO to) (VP (VB be) (ADJP-PRD (JJ able) (S (NP-SBJ (-NONE- *-2)) (VP (TO to) (VP (VB have) (NP (JJ flexible) (NNS hours))))))))))) (-DFL- E_S))",81
sw05utt/sw_0598_2858.utt,2/sw2858,2858,52,sd,B,32,2,"[ {C and, } + {C and } ] maybe after we decide to have kids [ I, +  I ]  might find a job that has flexible hours.  /","and/CC ,/, and/CC maybe/RB after/IN  [ we/PRP ] decide/VBP to/TO have/VB  [ kids/NNS I/PRP ] ,/,  [ I/PRP ] might/MD find/VB  [ a/DT job/NN ] [ that/WDT ] has/VBZ  [ flexible/JJ hours/NNS ] ./.","(S (EDITED (RM (-DFL- \[)) (CC and) (, ,) (IP (-DFL- \+))) (CC and) (RS (-DFL- \])) (ADVP (RB maybe)) (SBAR-TMP (IN after) (S (NP-SBJ-1 (PRP we)) (VP (VBP decide) (S (NP-SBJ (-NONE- *-1)) (VP (TO to) (VP (VB have) (NP (NNS kids)))))))) (EDITED (RM (-DFL- \[)) (NP-SBJ (PRP I)) (, ,) (IP (-DFL- \+))) (NP-SBJ (PRP I)) (RS (-DFL- \])) (VP (MD might) (VP (VB find) (NP (NP (DT a) (NN job)) (SBAR (WHNP-2 (WDT that)) (S (NP-SBJ (-NONE- *T*-2)) (VP (VBZ has) (NP (JJ flexible) (NNS hours)))))))) (. .) (-DFL- E_S))",82
sw05utt/sw_0598_2858.utt,2/sw2858,2858,53,sd,B,32,3,"[ I woul-, +  I hope ] so anyway.  /","[ I/PRP woul-/XX ] ,/,  [ I/PRP ] hope/VBP so/RB anyway/RB ./.","(S (EDITED (RM (-DFL- \[)) (S (NP-SBJ (PRP I)) (VP-UNF (XX woul-))) (, ,) (IP (-DFL- \+))) (NP-SBJ (PRP I)) (VP (VBP hope) (RS (-DFL- \])) (ADVP (RB so)) (ADVP (RB anyway))) (. .) (-DFL- E_S))",83
sw05utt/sw_0598_2858.utt,2/sw2858,2858,54,h,B,32,4,"{F Um, }  {C but } [ I would, +  I don't ] know. /","[ Um/UH ] ,/, but/CC  [ I/PRP ] would/MD ,/,  [ I/PRP ] do/VBP n't/RB know/VB ./.","(S (INTJ (UH Um)) (, ,) (CC but) (EDITED (RM (-DFL- \[)) (S (NP-SBJ (PRP I)) (VP-UNF (MD would))) (, ,) (IP (-DFL- \+))) (NP-SBJ (PRP I)) (VP (VBP do) (RB n't) (RS (-DFL- \])) (VP (VB know))) (. .) (-DFL- E_S))",84
sw05utt/sw_0598_2858.utt,2/sw2858,2858,55,qy,A,33,1,"At T I, is that where you work? /","At/IN  [ T/NNP I/NNP ] ,/, is/VBZ that/DT where/WRB  [ you/PRP ] work/VBP ?/.","(SQ (PP-LOC-TPC (IN At) (NP (NNP T) (NNP I))) (, ,) (VBZ is) (NP-SBJ (DT that)) (SBAR-LOC-PRD (WHADVP-1 (WRB where)) (S (NP-SBJ (PRP you)) (VP (VBP work) (ADVP-LOC (-NONE- *T*-1))))) (. ?) (-DFL- E_S))",86
sw05utt/sw_0598_2858.utt,2/sw2858,2858,56,ny,B,34,1,Uh-huh. /,[ Uh-huh/UH ] ./.,(INTJ (UH Uh-huh) (. .) (-DFL- E_S)),55
sw05utt/sw_0598_2858.utt,2/sw2858,2858,57,sv,A,35,1,"It's really kind of sad,  /","[ It/PRP ] 's/BES really/RB  [ kind/RB ] of/RB  [ sad/JJ ] ,/,","(S (NP-SBJ (PRP It)) (VP (BES 's) (ADVP (RB really)) (ADJP-PRD (ADVP (RB kind) (RB of)) (JJ sad))) (, ,) (-DFL- E_S))",90
sw05utt/sw_0598_2858.utt,2/sw2858,2858,58,sd,A,35,2,"some of the people that I work with [ they, +  {D like }  when I worked on second shift, {F um, } [ their paren-, +   their kids ] ] go to school during the day  /","[ some/DT ] of/IN  [ the/DT people/NNS ] that/WDT  [ I/PRP ] work/VBP with/IN  [ they/PRP ] ,/, like/UH when/WRB  [ I/PRP ] worked/VBD on/IN  [ second/NN shift/NN ] ,/, um/UH ,/,  [ their/PRP$ paren-/NNS ] ,/,  [ their/PRP$ kids/NNS ] go/VBP to/IN  [ school/NN ] during/IN  [ the/DT day/NN ]","(S (NP-TPC (NP (DT some)) (PP (IN of) (NP (NP (DT the) (NNS people)) (SBAR (WHNP-1 (WDT that)) (S (NP-SBJ (PRP I)) (VP (VBP work) (PP (IN with) (NP (-NONE- *T*-1))))))))) (EDITED (RM (-DFL- \[)) (NP-SBJ (PRP they)) (, ,) (IP (-DFL- \+))) (INTJ (UH like)) (SBAR-TMP (WHADVP-2 (WRB when)) (S (NP-SBJ (PRP I)) (VP (VBD worked) (PP (IN on) (NP (NN second) (NN shift))) (ADVP-TMP (-NONE- *T*-2))))) (, ,) (INTJ (UH um)) (, ,) (EDITED (RM (-DFL- \[)) (NP-SBJ-UNF (PRP$ their) (NNS paren-)) (, ,) (IP (-DFL- \+))) (NP-SBJ (PRP$ their) (NNS kids)) (RS (-DFL- \])) (RS (-DFL- \])) (VP (VBP go) (PP (IN to) (NP (NN school))) (PP-TMP (IN during) (NP (DT the) (NN day)))) (-DFL- E_S))",91
sw05utt/sw_0598_2858.utt,2/sw2858,2858,59,sd,A,35,3,"{C and then } they wouldn't see them at night,","and/CC then/RB  [ they/PRP ] would/MD n't/RB see/VB  [ them/PRP ] at/IN  [ night/NN ] ,/,","(S (CONJP (CC and) (RB then)) (NP-SBJ (PRP they)) (VP (MD would) (RB n't) (VP (VB see) (NP (PRP them)) (PP-TMP (IN at) (NP (NN night))) (, ,) (SBAR-PRP (IN because) (S (S (NP-SBJ (PRP they)) (VP (MD would) (VP (VB be) (EDITED (RM (-DFL- \[)) (PP-UNF-PRD (IN in)) (, ,) (IP (-DFL- \+))) (PRN (S (NP-SBJ (PRP you)) (VP (VBP know))) (, ,)) (PP-LOC-PRD (IN at) (RS (-DFL- \])) (NP (NN work)))))) (CC and) (S (NP-SBJ (DT the) (NNS kids)) (VP (VBP are) (ADVP-TMP (TYPO (GW all) (^RB ready))) (PP-LOC-PRD (IN in) (NP (NN bed))))))))) (. .) (-DFL- E_S))",92
sw05utt/sw_0598_2858.utt,2/sw2858,2858,60,b,B,36,1,Uh-huh. /,[ Uh-huh/UH ] ./.,(INTJ (UH Uh-huh) (. .) (-DFL- E_S)),69
sw05utt/sw_0598_2858.utt,2/sw2858,2858,61,+,A,37,1,"because they would be [ in, +   {D you know, } at ] work and the kids  (( are all  ready ))  in bed.  /","because/IN  [ they/PRP ] would/MD be/VB in/IN ,/,  [ you/PRP ] know/VBP ,/, at/IN  [ work/NN ] and/CC  [ the/DT kids/NNS ] are/VBP all/GW ready/^RB in/IN  [ bed/NN ] ./.","(S (CONJP (CC and) (RB then)) (NP-SBJ (PRP they)) (VP (MD would) (RB n't) (VP (VB see) (NP (PRP them)) (PP-TMP (IN at) (NP (NN night))) (, ,) (SBAR-PRP (IN because) (S (S (NP-SBJ (PRP they)) (VP (MD would) (VP (VB be) (EDITED (RM (-DFL- \[)) (PP-UNF-PRD (IN in)) (, ,) (IP (-DFL- \+))) (PRN (S (NP-SBJ (PRP you)) (VP (VBP know))) (, ,)) (PP-LOC-PRD (IN at) (RS (-DFL- \])) (NP (NN work)))))) (CC and) (S (NP-SBJ (DT the) (NNS kids)) (VP (VBP are) (ADVP-TMP (TYPO (GW all) (^RB ready))) (PP-LOC-PRD (IN in) (NP (NN bed))))))))) (. .) (-DFL- E_S))",92
sw05utt/sw_0598_2858.utt,2/sw2858,2858,62,sd,A,37,2,"{C And } so it was kind of  like, they see their kids for fifteen minutes and the same with their spouses.  /","And/CC so/RB  [ it/PRP ] was/VBD  [ kind/RB ] of/RB  [ like/IN ] ,/,  [ they/PRP ] see/VBP  [ their/PRP$ kids/NNS ] for/IN  [ fifteen/CD minutes/NNS ] and/CC  [ the/DT same/JJ ] with/IN  [ their/PRP$ spouses/NNS ] ./.","(S (CONJP (CC And) (RB so)) (NP-SBJ (PRP it)) (VP (VBD was) (SBAR-PRD (ADVP (RB kind) (RB of)) (IN like) (, ,) (S (NP-SBJ (PRP they)) (VP (VP (VBP see) (NP (PRP$ their) (NNS kids)) (PP-TMP (IN for) (NP (CD fifteen) (NNS minutes)))) (CC and) (NP-ETC (NP (DT the) (JJ same)) (PP (IN with) (NP (PRP$ their) (NNS spouses)))))))) (. .) (-DFL- E_S))",96
sw05utt/sw_0598_2858.utt,2/sw2858,2858,63,sd,A,37,3,"This relative may work even a weirder shift like weekends, or something, {D you know. } /","[ This/DT relative/NN ] may/MD work/VB even/RB  [ a/DT weirder/JJR shift/NN ] like/IN  [ weekends/NNS ] ,/, or/CC  [ something/NN ] ,/,  [ you/PRP ] know/VBP ./.","(S (NP-SBJ (DT This) (NN relative)) (VP (MD may) (VP (VB work) (NP (ADVP (RB even)) (DT a) (JJR weirder) (NN shift)) (PP (IN like) (NP (NNS weekends) (, ,) (CC or) (NN something))) (PRN (, ,) (S (NP-SBJ (PRP you)) (VP (VBP know)))))) (. .) (-DFL- E_S))",97
sw05utt/sw_0598_2858.utt,2/sw2858,2858,64,b,B,38,1,Yeah. /,Yeah/UH ./.,(INTJ (UH Yeah) (. .) (-DFL- E_S)),79
sw05utt/sw_0598_2858.utt,2/sw2858,2858,65,sv,A,39,1,"{C So } it was really sad, [ jus-, + ]  {D you know } that a lot of families, {F um, } [ have to, +  {D well, } {D you know, } have to ]  have dual income.  /","So/UH  [ it/PRP ] was/VBD really/RB  [ sad/JJ ] ,/,  [ jus-/XX ] ,/,  [ you/PRP ] know/VBP that/IN  [ a/DT lot/NN ] of/IN  [ families/NNS ] ,/, um/UH ,/, have/VBP to/TO ,/, well/UH ,/,  [ you/PRP ] know/VBP ,/, have/VBP to/TO have/VB  [ dual/JJ income/NN ] ./.","(S (RB So) (NP-SBJ (NP (PRP it)) (SBAR (-NONE- *EXP*-1))) (VP (VBD was) (ADJP-PRD (RB really) (JJ sad)) (, ,) (EDITED (RM (-DFL- \[)) (ADVP-UNF (XX jus-)) (, ,) (IP (-DFL- \+)) (RS (-DFL- \]))) (PRN (S (NP-SBJ (PRP you)) (VP (VBP know)))) (SBAR-1 (IN that) (S (NP-SBJ-2 (NP (DT a) (NN lot)) (PP (IN of) (NP (NNS families)))) (, ,) (INTJ (UH um)) (, ,) (EDITED (RM (-DFL- \[)) (VP (VBP have) (S (NP-SBJ (-NONE- *)) (VP-UNF (TO to)))) (, ,) (IP (-DFL- \+))) (INTJ (UH well)) (PRN (, ,) (S (NP-SBJ (PRP you)) (VP (VBP know))) (, ,)) (VP (VBP have) (S (NP-SBJ (-NONE- *-2)) (VP (TO to) (RS (-DFL- \])) (VP (VB have) (NP (JJ dual) (NN income))))))))) (. .) (-DFL- E_S))",101
sw05utt/sw_0598_2858.utt,2/sw2858,2858,66,sv,A,39,2,"A lot of people choose to, which is fine. /","[ A/DT lot/NN ] of/IN  [ people/NNS ] choose/VBP to/TO ,/,  [ which/WDT ] is/VBZ fine/JJ ./.","(S (NP-SBJ-1 (NP (DT A) (NN lot)) (PP (IN of) (NP (NNS people)))) (VP (VP (VBP choose) (S (NP-SBJ (-NONE- *-1)) (VP (TO to) (VP (-NONE- *?*))))) (, ,) (SBAR (WHNP-2 (WDT which)) (S (NP-SBJ (-NONE- *T*-2)) (VP (VBZ is) (ADJP-PRD (JJ fine)))))) (. .) (-DFL- E_S))",102
sw05utt/sw_0598_2858.utt,2/sw2858,2858,67,b,B,40,1,Yeah. /,Yeah/UH ./.,(INTJ (UH Yeah) (. .) (-DFL- E_S)),79
sw05utt/sw_0598_2858.utt,2/sw2858,2858,68,sv,A,41,1,"{C But, } {F uh, } {D you know, } then the kids kind of suffer. /","But/CC ,/,  [ uh/UH ] ,/,  [ you/PRP ] know/VBP ,/, then/RB  [ the/DT kids/NNS kind/RB ] of/RB suffer/VBP ./.","(S (CC But) (, ,) (INTJ (UH uh)) (PRN (, ,) (S (NP-SBJ (PRP you)) (VP (VBP know))) (, ,)) (ADVP (RB then)) (NP-SBJ (DT the) (NNS kids)) (ADVP (RB kind) (RB of)) (VP (VBP suffer)) (. .) (-DFL- E_S))",106
sw05utt/sw_0598_2858.utt,2/sw2858,2858,69,b,B,42,1,"Yeah,  /","[ Yeah/UH ] ,/,","(INTJ (UH Yeah) (, ,) (-DFL- E_S))",108
sw05utt/sw_0598_2858.utt,2/sw2858,2858,70,sv,B,42,2,"[ [ I, +  ideally,  it  wo-, ] +  it would ]   be nice to be able to just have, {D like, } back in the old days,","[ I/PRP ] ,/, ideally/RB ,/,  [ it/PRP ] [ wo/MD ] ,/,  [ it/PRP ] would/MD be/VB nice/JJ to/TO be/VB able/JJ to/TO  just/RB have/VB ,/, like/IN ,/, back/RB in/IN  [ the/DT old/JJ days/NNS ] ,/,","(S (EDITED (RM (-DFL- \[)) (EDITED (RM (-DFL- \[)) (NP-SBJ (PRP I)) (, ,) (IP (-DFL- \+))) (S (ADVP (RB ideally)) (, ,) (NP-SBJ (PRP it)) (VP-UNF (MD wo-))) (, ,) (RS (-DFL- \])) (IP (-DFL- \+))) (NP-SBJ (NP (PRP it)) (S (-NONE- *EXP*-1))) (VP (MD would) (RS (-DFL- \])) (VP (VB be) (ADJP-PRD (JJ nice)) (S-1 (NP-SBJ-3 (-NONE- *)) (VP (TO to) (VP (VB be) (ADJP-PRD (JJ able) (S (NP-SBJ (-NONE- *-3)) (VP (TO to) (ADVP (RB just)) (VP (VB have) (, ,) (PP (UH like) (, ,) (UCP (PP-TMP (ADVP (RB back)) (IN in) (NP (DT the) (JJ old) (NNS days))) (PRN (, ,) (S (NP-SBJ (PRP you)) (VP (VBP know))) (, ,)) (SBAR-TMP (ADVP (RB back)) (INTJ (UH like)) (EDITED (RM (-DFL- \[)) (WHADVP-UNF (WRB whe-)) (, ,) (IP (-DFL- \+))) (WHADVP-2 (WRB when)) (RS (-DFL- \])) (S (NP-SBJ (PRP I)) (VP (VBD grew) (PRT (RP up)) (ADVP-TMP (-NONE- *T*-2)))))))))))))) (PRN (, ,) (S (NP-SBJ (PRP you)) (VP (VBP know)))))) (, ,) (-DFL- E_S))",109
sw05utt/sw_0598_2858.utt,2/sw2858,2858,71,b,A,43,1,"Uh-huh, {F huh } <<said strangely, high pitched>>. /","[ Uh-huh/UH ] ,/, huh/UH ./.","(INTJ (INTJ (UH Uh-huh)) (, ,) (INTJ (UH huh)) (. .) (-DFL- E_S))",111
sw05utt/sw_0598_2858.utt,2/sw2858,2858,72,+,B,44,1,"{D you know, } back {D like } [ whe-, +  when ] I grew up,","[ you/PRP ] know/VBP ,/, back/RB like/IN  [ whe/WRB ] ,/, when/WRB  [ I/PRP ] grew/VBD up/RP ,/,","(S (EDITED (RM (-DFL- \[)) (EDITED (RM (-DFL- \[)) (NP-SBJ (PRP I)) (, ,) (IP (-DFL- \+))) (S (ADVP (RB ideally)) (, ,) (NP-SBJ (PRP it)) (VP-UNF (MD wo-))) (, ,) (RS (-DFL- \])) (IP (-DFL- \+))) (NP-SBJ (NP (PRP it)) (S (-NONE- *EXP*-1))) (VP (MD would) (RS (-DFL- \])) (VP (VB be) (ADJP-PRD (JJ nice)) (S-1 (NP-SBJ-3 (-NONE- *)) (VP (TO to) (VP (VB be) (ADJP-PRD (JJ able) (S (NP-SBJ (-NONE- *-3)) (VP (TO to) (ADVP (RB just)) (VP (VB have) (, ,) (PP (UH like) (, ,) (UCP (PP-TMP (ADVP (RB back)) (IN in) (NP (DT the) (JJ old) (NNS days))) (PRN (, ,) (S (NP-SBJ (PRP you)) (VP (VBP know))) (, ,)) (SBAR-TMP (ADVP (RB back)) (INTJ (UH like)) (EDITED (RM (-DFL- \[)) (WHADVP-UNF (WRB whe-)) (, ,) (IP (-DFL- \+))) (WHADVP-2 (WRB when)) (RS (-DFL- \])) (S (NP-SBJ (PRP I)) (VP (VBD grew) (PRT (RP up)) (ADVP-TMP (-NONE- *T*-2)))))))))))))) (PRN (, ,) (S (NP-SBJ (PRP you)) (VP (VBP know)))))) (, ,) (-DFL- E_S))",109
sw05utt/sw_0598_2858.utt,2/sw2858,2858,73,b,A,45,1,Yeah. /,Yeah/UH ./.,(INTJ (UH Yeah) (. .) (-DFL- E_S)),99
sw05utt/sw_0598_2858.utt,2/sw2858,2858,74,+,B,46,1,"{D you know, }  /","[ you/PRP ] know/VBP ,/,","(S (CONJP (CC and) (RB then)) (NP-SBJ (PRP they)) (VP (MD would) (RB n't) (VP (VB see) (NP (PRP them)) (PP-TMP (IN at) (NP (NN night))) (, ,) (SBAR-PRP (IN because) (S (S (NP-SBJ (PRP they)) (VP (MD would) (VP (VB be) (EDITED (RM (-DFL- \[)) (PP-UNF-PRD (IN in)) (, ,) (IP (-DFL- \+))) (PRN (S (NP-SBJ (PRP you)) (VP (VBP know))) (, ,)) (PP-LOC-PRD (IN at) (RS (-DFL- \])) (NP (NN work)))))) (CC and) (S (NP-SBJ (DT the) (NNS kids)) (VP (VBP are) (ADVP-TMP (TYPO (GW all) (^RB ready))) (PP-LOC-PRD (IN in) (NP (NN bed))))))))) (. .) (-DFL- E_S))",92
sw05utt/sw_0598_2858.utt,2/sw2858,2858,75,sd,B,46,2,"[ the, +  the ] mom stayed home,  {D you know, } and raised the kids.  /","[ the/DT ] ,/,  [ the/DT mom/NN ] stayed/VBD  [ home/RB ] ,/,  [ you/PRP ] know/VBP ,/, and/CC raised/VBD  [ the/DT kids/NNS ] ./.","(S (EDITED (RM (-DFL- \[)) (NP-SBJ-UNF (DT the)) (, ,) (IP (-DFL- \+))) (NP-SBJ (DT the) (RS (-DFL- \])) (NN mom)) (VP (VP (VBD stayed) (ADVP-LOC (RB home)) (PRN (, ,) (S (NP-SBJ (PRP you)) (VP (VBP know))) (, ,))) (CC and) (VP (VBD raised) (NP (DT the) (NNS kids)))) (. .) (-DFL- E_S))",116
sw05utt/sw_0598_2858.utt,2/sw2858,2858,76,sd,B,46,3,My mom didn't go back to work until I was in junior high school. /,[ My/PRP$ mom/NN ] did/VBD n't/RB go/VB back/RB to/IN work/NN until/IN  [ I/PRP ] was/VBD in/IN  [ junior/JJ high/JJ school/NN ] ./.,(S (NP-SBJ (PRP$ My) (NN mom)) (VP (VBD did) (RB n't) (VP (VB go) (ADVP (RB back)) (PP (IN to) (NP (NN work))) (SBAR-TMP (IN until) (S (NP-SBJ (PRP I)) (VP (VBD was) (PP-PRD (IN in) (NP (JJ junior) (JJ high) (NN school)))))))) (. .) (-DFL- E_S)),117
sw05utt/sw_0598_2858.utt,2/sw2858,2858,77,b,A,47,1,Yeah. /,Yeah/UH ./.,(INTJ (UH Yeah) (. .) (-DFL- E_S)),99
sw05utt/sw_0598_2858.utt,2/sw2858,2858,78,sd,B,48,1,"{F Um, } {C so } she was there pretty  much all my, {D you know, } formative years. /","Um/UH ,/, so/RB  [ she/PRP ] was/VBD there/RB pretty/RB much/RB all/RB my/PRP$ ,/,  [ you/PRP ] know/VBP ,/,  [ formative/JJ years/NNS ] ./.","(S (INTJ (UH Um)) (, ,) (RB so) (NP-SBJ (PRP she)) (VP (VBD was) (ADVP-LOC-PRD (RB there)) (ADVP (RB pretty) (RB much)) (NP-TMP (RB all) (PRP$ my) (PRN (, ,) (S (NP-SBJ (PRP you)) (VP (VBP know))) (, ,)) (JJ formative) (NNS years))) (. .) (-DFL- E_S))",121
sw05utt/sw_0598_2858.utt,2/sw2858,2858,79,b,A,49,1,Yeah. /,Yeah/UH ./.,(INTJ (UH Yeah) (. .) (-DFL- E_S)),99
sw05utt/sw_0598_2858.utt,2/sw2858,2858,80,sd,B,50,1,{C And } that was nice  /,And/CC  [ that/DT ] was/VBD nice/JJ,(S (CC And) (NP-SBJ (DT that)) (VP (VBD was) (ADJP-PRD (JJ nice))) (-DFL- E_S)),125
sw05utt/sw_0598_2858.utt,2/sw2858,2858,81,sd,B,50,2,{C and } I liked that  /,and/CC  [ I/PRP ] liked/VBD  [ that/DT ],(S (CC and) (NP-SBJ (PRP I)) (VP (VBD liked) (NP (DT that))) (-DFL- E_S)),126
sw05utt/sw_0598_2858.utt,2/sw2858,2858,82,sd,B,50,3,{C and } I would hope that I would be able to give that to my kids. /,and/CC  [ I/PRP ] would/MD hope/VB that/IN  [ I/PRP ] would/MD be/VB able/JJ to/TO give/VB that/DT to/IN  [ my/PRP$ kids/NNS ] ./.,(S (CC and) (NP-SBJ (PRP I)) (VP (MD would) (VP (VB hope) (SBAR (IN that) (S (NP-SBJ-1 (PRP I)) (VP (MD would) (VP (VB be) (ADJP-PRD (JJ able) (S (NP-SBJ (-NONE- *-1)) (VP (TO to) (VP (VB give) (NP (DT that)) (PP-DTV (IN to) (NP (PRP$ my) (NNS kids))))))))))))) (. .) (-DFL- E_S)),127
sw05utt/sw_0598_2858.utt,2/sw2858,2858,83,b,A,51,1,{F Uh. } /,[ Uh/UH ] ./.,(INTJ (UH Uh) (. .) (-DFL- E_S)),129
sw05utt/sw_0598_2858.utt,2/sw2858,2858,84,sv,B,52,1,"{C But } I think with the way the  future is, {F um, } economy wise,  /","But/CC  [ I/PRP ] think/VBP with/IN  [ the/DT way/NN ] [ the/DT future/NN ] is/VBZ ,/, um/UH ,/,  [ economy/NN wise/RB ] ,/,","(S (CC But) (NP-SBJ (PRP I)) (VP (VBP think) (SBAR (-NONE- 0) (S-UNF (PP (IN with) (NP (NP (DT the) (NN way)) (SBAR (WHADVP-1 (-NONE- 0)) (S (NP-SBJ (DT the) (NN future)) (VP (VBZ is) (, ,) (INTJ (UH um)) (, ,) (ADVP (NN economy) (RB wise)) (ADVP-MNR-PRD (-NONE- *T*-1)))))))))) (, ,) (-DFL- E_S))",131
sw05utt/sw_0598_2858.utt,2/sw2858,2858,85,sv,B,52,2,I don't think it's going to be realistic. /,[ I/PRP ] do/VBP n't/RB think/VB  [ it/PRP ] 's/BES going/VBG to/TO be/VB realistic/JJ ./.,(S (NP-SBJ (PRP I)) (VP (VBP do) (RB n't) (VP (VB think) (SBAR (-NONE- 0) (S (NP-SBJ-1 (PRP it)) (VP (BES 's) (VP (VBG going) (S (NP-SBJ (-NONE- *-1)) (VP (TO to) (VP (VB be) (ADJP-PRD (JJ realistic))))))))))) (. .) (-DFL- E_S)),132
sw05utt/sw_0598_2858.utt,2/sw2858,2858,86,aa,A,53,1,I know.  /,[ I/PRP ] know/VBP ./.,(S (NP-SBJ (PRP I)) (VP (VBP know)) (. .) (-DFL- E_S)),134
sw05utt/sw_0598_2858.utt,2/sw2858,2858,87,aa,A,53,2,"Unfortunately, that's probably true.  /","Unfortunately/RB ,/,  [ that/DT ] 's/BES probably/RB true/JJ ./.","(S (ADVP (RB Unfortunately)) (, ,) (NP-SBJ (DT that)) (VP (BES 's) (ADVP (RB probably)) (ADJP-PRD (JJ true))) (. .) (-DFL- E_S))",135
sw05utt/sw_0598_2858.utt,2/sw2858,2858,88,qy,A,53,3,"{F Um, } do you think [ [ s-, +  the, ] +  the ] parents spend quality time with their  kids  /","Um/UH ,/, do/VBP  [ you/PRP ] think/VB  [ s-/DT ] ,/,  [ the/DT ] ,/,  [ the/DT parents/NNS ] spend/VBP  [ quality/NN time/NN ] with/IN  [ their/PRP$ kids/NNS ]","(SQ (INTJ (UH Um)) (, ,) (VBP do) (NP-SBJ (PRP you)) (VP (VB think) (SBAR (-NONE- 0) (S (EDITED (RM (-DFL- \[)) (EDITED (RM (-DFL- \[)) (X (DT s-)) (, ,) (IP (-DFL- \+))) (NP-UNF (DT the)) (, ,) (RS (-DFL- \])) (IP (-DFL- \+))) (NP-SBJ (DT the) (RS (-DFL- \])) (NNS parents)) (VP (VBP spend) (NP (NN quality) (NN time)) (PP (IN with) (NP (PRP$ their) (NNS kids))))))) (-DFL- E_S))",136
sw05utt/sw_0598_2858.utt,2/sw2858,2858,89,qy,A,53,4,"[ are +  do you think it's ] more {D like } watching T V and stuff like that, not really, {F uh } ... -/","are/^CC do/VBP   [ you/PRP ] think/VB  [ it/PRP ] 's/BES more/JJR like/IN watching/VBG  [ T/NN V/NN ] and/CC stuff/NN like/IN  [ that/DT ] ,/, not/RB really/RB ,/,  [ uh/UH ] .../:","(SQ (RM (-DFL- \[)) (TYPO (^CC are)) (IP (-DFL- \+)) (VBP do) (NP-SBJ (PRP you)) (VP (VB think) (SBAR (-NONE- 0) (S (NP-SBJ (PRP it)) (VP (BES 's) (RS (-DFL- \])) (PP-PRD (ADVP (JJR more)) (UH like) (S-NOM (NP-SBJ (-NONE- *)) (VP-UNF (VP (VBG watching) (NP (NN T) (NN V))) (CC and) (NP-ETC (NP (NN stuff)) (PP (IN like) (NP (DT that)))) (, ,) (RB not) (ADVP (RB really)) (, ,) (INTJ (UH uh))))))))) (: ...) (-DFL- N_S))",137
sw05utt/sw_0598_2858.utt,2/sw2858,2858,90,sv,B,54,1,"[ [ [ I, +  {D yeah, } I, ] +  I  think that, ] +  I think ]   very few spend quality time.  /","[ I/PRP ] ,/, yeah/UH ,/,  [ I/PRP ] ,/,  [ I/PRP ] think/VBP  [ that/IN ] ,/,  [ I/PRP ] think/VBP  [ very/RB few/JJ ] spend/VBP  [ quality/NN time/NN ] ./.","(S (EDITED (RM (-DFL- \[)) (S (EDITED (RM (-DFL- \[)) (EDITED (RM (-DFL- \[)) (NP-SBJ (PRP I)) (, ,) (IP (-DFL- \+))) (INTJ (UH yeah)) (, ,) (NP-SBJ (PRP I)) (, ,) (RS (-DFL- \])) (IP (-DFL- \+))) (NP-SBJ (PRP I)) (VP (VBP think) (SBAR-UNF (IN that)))) (, ,) (RS (-DFL- \])) (IP (-DFL- \+))) (NP-SBJ (PRP I)) (VP (VBP think) (RS (-DFL- \])) (SBAR (-NONE- 0) (S (NP-SBJ (ADJP (RB very) (JJ few))) (VP (VBP spend) (NP (NN quality) (NN time)))))) (. .) (-DFL- E_S))",139
sw05utt/sw_0598_2858.utt,2/sw2858,2858,91,sv,B,54,2,"I think most of the time the kids are usually off  watching cartoons or playing video games or [ stuff, +  stuff ] like that. /","[ I/PRP ] think/VBP most/RBS of/IN  [ the/DT time/NN ] [ the/DT kids/NNS ] are/VBP usually/RB off/RP watching/VBG  [ cartoons/NNS ] or/CC playing/VBG  [ video/JJ games/NNS ] or/CC  [ stuff/NN ] ,/, stuff/NN like/IN  [ that/DT ] ./.","(S (NP-SBJ (PRP I)) (VP (VBP think) (SBAR (-NONE- 0) (S (NP-TMP (NP (RBS most)) (PP (IN of) (NP (DT the) (NN time)))) (NP-SBJ (DT the) (NNS kids)) (VP (VBP are) (ADVP-TMP (RB usually)) (ADVP (RP off)) (VP (VP (VBG watching) (NP (NNS cartoons))) (CC or) (VP (VBG playing) (NP (JJ video) (NNS games))) (CC or) (EDITED (RM (-DFL- \[)) (NP-ETC-UNF (NN stuff)) (, ,) (IP (-DFL- \+))) (NP-ETC (NP (NN stuff)) (RS (-DFL- \])) (PP (IN like) (NP (DT that))))))))) (. .) (-DFL- E_S))",140
sw05utt/sw_0598_2858.utt,2/sw2858,2858,92,b,A,55,1,Yeah <dishes>. /,Yeah/UH ./.,(INTJ (UH Yeah) (. .) (-DFL- E_S)),114
sw05utt/sw_0598_2858.utt,2/sw2858,2858,93,sv,B,56,1,"I think that, {F um, } {F uh, } [ most, +   most ] kids that I see [ don't really, +  they don't really ] value quality time. /","[ I/PRP ] think/VBP that/IN ,/, um/UH ,/,  [ uh/UH ] ,/,  [ most/JJS ] ,/,  [ most/JJS kids/NNS ] that/WDT  [ I/PRP ] see/VBP do/VBP n't/RB really/RB ,/,  [ they/PRP ] do/VBP n't/RB really/RB value/VB  [ quality/NN time/NN ] ./.","(S (NP-SBJ (PRP I)) (VP (VBP think) (SBAR (IN that) (, ,) (INTJ (UH um)) (, ,) (INTJ (UH uh)) (, ,) (S (EDITED (RM (-DFL- \[)) (NP-SBJ-UNF (JJS most)) (, ,) (IP (-DFL- \+))) (NP-TPC (NP (JJS most) (RS (-DFL- \])) (NNS kids)) (SBAR (WHNP-1 (WDT that)) (S (NP-SBJ (PRP I)) (VP (VBP see) (NP (-NONE- *T*-1)))))) (EDITED (RM (-DFL- \[)) (VP-UNF (VBP do) (RB n't) (ADVP (RB really))) (, ,) (IP (-DFL- \+))) (NP-SBJ (PRP they)) (VP (VBP do) (RB n't) (ADVP (RB really)) (RS (-DFL- \])) (VP (VB value) (NP (NN quality) (NN time))))))) (. .) (-DFL- E_S))",144
sw05utt/sw_0598_2858.utt,2/sw2858,2858,94,aa,A,57,1,Yeah  /,Yeah/UH,(INTJ (UH Yeah) (-DFL- E_S)),146
sw05utt/sw_0598_2858.utt,2/sw2858,2858,95,sv,A,57,2,"<<pause>> it's always that way  [ unti-, +  until ] it's too late. /","[ it/PRP ] 's/BES always/RB that/DT  [ way/NN unti-/IN ] ,/, until/IN  [ it/PRP ] 's/BES too/RB late/JJ ./.","(S (NP-SBJ (PRP it)) (VP (BES 's) (ADVP-TMP (RB always)) (NP-MNR-PRD (DT that) (NN way)) (SBAR-TMP (EDITED (RM (-DFL- \[)) (SBAR-UNF-TMP (IN unti-)) (, ,) (IP (-DFL- \+))) (IN until) (RS (-DFL- \])) (S (NP-SBJ (PRP it)) (VP (BES 's) (ADJP-PRD (RB too) (JJ late)))))) (. .) (-DFL- E_S))",147
sw05utt/sw_0598_2858.utt,2/sw2858,2858,96,sv,B,58,1,"[ Until, +  until ] they're older  /","Until/IN ,/, until/IN  [ they/PRP ] 're/VBP older/JJR","(SBAR-TMP (EDITED (RM (-DFL- \[)) (SBAR-TMP-UNF (IN Until)) (, ,) (IP (-DFL- \+))) (IN until) (RS (-DFL- \])) (S (NP-SBJ (PRP they)) (VP (VBP 're) (ADJP-PRD (JJR older)))) (-DFL- E_S))",149
sw05utt/sw_0598_2858.utt,2/sw2858,2858,97,sv,B,58,2,{C and then } they look back. /,and/CC then/RB  [ they/PRP ] look/VBP back/RB ./.,(S (CONJP (CC and) (RB then)) (NP-SBJ (PRP they)) (VP (VBP look) (ADVP (RB back))) (. .) (-DFL- E_S)),150
sw05utt/sw_0598_2858.utt,2/sw2858,2858,98,aa,A,59,1,"Yeah,  /","Yeah/UH ,/,","(INTJ (UH Yeah) (, ,) (-DFL- E_S))",152
sw05utt/sw_0598_2858.utt,2/sw2858,2858,99,aa,A,59,2,"it's true, {F um. }  /","[ it/PRP ] 's/BES true/JJ ,/, um/UH ./.","(S (NP-SBJ (PRP it)) (VP (BES 's) (ADJP-PRD (JJ true)) (, ,) (INTJ (UH um))) (. .) (-DFL- E_S))",153
sw05utt/sw_0598_2858.utt,2/sw2858,2858,100,qw^h,A,59,3,"[ What's, +   what are ] some other questions they have,  /","[ What/WP ] 's/BES ,/,  [ what/WP ] are/VBP  [ some/DT other/JJ questions/NNS they/PRP ] have/VBP ,/,","(SBARQ (EDITED (RM (-DFL- \[)) (SBARQ (WHNP (WP What)) (SQ-UNF (BES 's))) (, ,) (IP (-DFL- \+))) (WHNP-2 (WP what)) (SQ (VBP are) (RS (-DFL- \])) (NP-SBJ (NP (DT some) (JJ other) (NNS questions)) (SBAR (WHNP-1 (-NONE- 0)) (S (NP-SBJ (PRP they)) (VP (VBP have) (NP (-NONE- *T*-1)))))) (NP-PRD (-NONE- *T*-2))) (, ,) (-DFL- E_S))",154
sw05utt/sw_0598_2858.utt,2/sw2858,2858,101,h,A,59,4,"((   )) , I'm not sure.  /","[ MUMBLEx/XX ] ,/,  [ I/PRP ] 'm/VBP not/RB sure/JJ ./.","(S (X (XX MUMBLEx)) (, ,) (NP-SBJ (PRP I)) (VP (VBP 'm) (RB not) (ADJP-PRD (JJ sure))) (. .) (-DFL- E_S))",155
sw05utt/sw_0598_2858.utt,2/sw2858,2858,102,sd,A,59,5,"I know <breathing> my parents  are growing up,  /","[ I/PRP ] know/VBP  [ my/PRP$ parents/NNS ] are/VBP growing/VBG up/RP ,/,","(S (NP-SBJ (PRP I)) (VP (VBP know) (SBAR (-NONE- 0) (S (NP-SBJ (PRP$ my) (NNS parents)) (VP (VBP are) (VP (VBG growing) (PRT (RP up))))))) (, ,) (-DFL- E_S))",156
sw05utt/sw_0598_2858.utt,2/sw2858,2858,103,sd,A,59,6,I guess they never spent much time watching T V.  /,[ I/PRP ] guess/VBP  [ they/PRP ] never/RB spent/VBD  [ much/JJ time/NN ] watching/VBG  [ T/NN V/NN ] ./.,(S (NP-SBJ (PRP I)) (VP (VBP guess) (SBAR (-NONE- 0) (S (NP-SBJ-1 (PRP they)) (ADVP-TMP (RB never)) (VP (VBD spent) (NP (JJ much) (NN time)) (S-ADV (NP-SBJ (-NONE- *-1)) (VP (VBG watching) (NP (NN T) (NN V)))))))) (. .) (-DFL- E_S)),157
sw05utt/sw_0598_2858.utt,2/sw2858,2858,104,sd,A,59,7,"In fact, I've never seen my mom turn on the T V,  /","In/IN  [ fact/NN ] ,/,  [ I/PRP ] 've/VBP never/RB seen/VBN  [ my/PRP$ mom/NN turn/VB ] on/RP  [ the/DT T/NN V/NN ] ,/,","(S (PP (IN In) (NP (NN fact))) (, ,) (NP-SBJ (PRP I)) (VP (VBP 've) (ADVP-TMP (RB never)) (VP (VBN seen) (S (NP-SBJ (PRP$ my) (NN mom)) (VP (VB turn) (PRT (RP on)) (NP (DT the) (NN T) (NN V)))))) (, ,) (-DFL- E_S))",158
sw05utt/sw_0598_2858.utt,2/sw2858,2858,105,sd,A,59,8,we didn't really have one  ((   )) . /,[ we/PRP ] did/VBD n't/RB really/RB have/VB  [ one/NN MUMBLEx/XX ] ./.,(S (NP-SBJ (PRP we)) (VP (VBD did) (RB n't) (ADVP (RB really)) (VP (VB have) (NP (NN one)) (X (XX MUMBLEx)))) (. .) (-DFL- E_S)),159
sw05utt/sw_0598_2858.utt,2/sw2858,2858,106,bh,B,60,1,{F Oh } really. /,Oh/UH really/UH ./.,(INTJ (INTJ (UH Oh)) (INTJ (UH really)) (. .) (-DFL- E_S)),161
sw05utt/sw_0598_2858.utt,2/sw2858,2858,107,ny,A,61,1,"Yeah,  /","Yeah/UH ,/,","(INTJ (UH Yeah) (, ,) (-DFL- E_S))",152
sw05utt/sw_0598_2858.utt,2/sw2858,2858,108,sd,A,61,2,"[ {C and, } + {C and } ]   (( they ))  spent a lot of time {D like }  outside with us and stuff,  /","and/CC ,/, and/CC  [ they/PRP ] spent/VBD  [ a/DT lot/NN ] of/IN  [ time/NN ] like/IN  [ outside/RB ] with/IN  [ us/PRP ] and/CC stuff/NN ,/,","(S (EDITED (RM (-DFL- \[)) (CC and) (, ,) (IP (-DFL- \+))) (CC and) (RS (-DFL- \])) (NP-SBJ (PRP they)) (VP (VP (VBD spent) (NP (NP (DT a) (NN lot)) (PP (IN of) (NP (NN time)))) (INTJ (UH like)) (ADVP-LOC (RB outside)) (PP (IN with) (NP (PRP us)))) (CC and) (NP-ETC (NN stuff))) (, ,) (-DFL- E_S))",164
sw05utt/sw_0598_2858.utt,2/sw2858,2858,109,sd,A,61,3,"{C but, } {D you know, } my dad had his  own business  /","but/CC ,/,  [ you/PRP ] know/VBP ,/,  [ my/PRP$ dad/NN ] had/VBD  [ his/PRP$ own/JJ business/NN ]","(S (CC but) (PRN (, ,) (S (NP-SBJ (PRP you)) (VP (VBP know))) (, ,)) (NP-SBJ (PRP$ my) (NN dad)) (VP (VBD had) (NP (PRP$ his) (JJ own) (NN business))) (-DFL- E_S))",165
sw05utt/sw_0598_2858.utt,2/sw2858,2858,110,sd,A,61,4,"{C and } it was easier for them to do that,  /","and/CC  [ it/PRP ] was/VBD easier/JJR for/IN  [ them/PRP ] to/TO do/VB  [ that/DT ] ,/,","(S (CC and) (NP-SBJ (NP (PRP it)) (SBAR (-NONE- *EXP*-1))) (VP (VBD was) (ADJP-PRD (JJR easier)) (SBAR-1 (IN for) (S (NP-SBJ (PRP them)) (VP (TO to) (VP (VB do) (NP (DT that))))))) (, ,) (-DFL- E_S))",166
sw05utt/sw_0598_2858.utt,2/sw2858,2858,111,h,A,61,5,"{C but, } [ I, +  I ] don't know,  /","but/CC ,/,  [ I/PRP ] ,/,  [ I/PRP ] do/VBP n't/RB know/VB ,/,","(S (CC but) (, ,) (EDITED (RM (-DFL- \[)) (NP-SBJ (PRP I)) (, ,) (IP (-DFL- \+))) (NP-SBJ (PRP I)) (RS (-DFL- \])) (VP (VBP do) (RB n't) (VP (VB know))) (, ,) (-DFL- E_S))",167
sw05utt/sw_0598_2858.utt,2/sw2858,2858,112,sd,A,61,6,"[ it was, +    I guess I didn't realize what a luxury it was ] at the time. /","[ it/PRP ] was/VBD ,/,  [ I/PRP ] guess/VBP  [ I/PRP ] did/VBD n't/RB realize/VB  [ what/WP ] [ a/DT luxury/NN ] [ it/PRP ] was/VBD at/IN  [ the/DT time/NN ] ./.","(S (EDITED (RM (-DFL- \[)) (S (NP-SBJ (PRP it)) (VP-UNF (VBD was))) (, ,) (IP (-DFL- \+))) (NP-SBJ (PRP I)) (VP (VBP guess) (SBAR (-NONE- 0) (S (NP-SBJ (PRP I)) (VP (VBD did) (RB n't) (VP (VB realize) (SBAR (WHNP-1 (WP what) (DT a) (NN luxury)) (S (NP-SBJ (PRP it)) (VP (VBD was) (NP-PRD (-NONE- *T*-1))))) (RS (-DFL- \])) (PP-TMP (IN at) (NP (DT the) (NN time)))))))) (. .) (-DFL- E_S))",168
sw05utt/sw_0598_2858.utt,2/sw2858,2858,113,sv,B,62,1,"[ I, +  I ] think kids now a days   are raised on T V.  /","[ I/PRP ] ,/,  [ I/PRP ] think/VBP  [ kids/NNS ] now/GW a/GW days/^RB  are/VBP raised/VBN on/IN  [ T/NN V/NN ] ./.","(S (EDITED (RM (-DFL- \[)) (NP-SBJ (PRP I)) (, ,) (IP (-DFL- \+))) (NP-SBJ (PRP I)) (RS (-DFL- \])) (VP (VBP think) (SBAR (-NONE- 0) (S (NP-SBJ-1 (NNS kids)) (ADVP-TMP (TYPO (GW now) (GW a) (^RB days))) (VP (VBP are) (VP (VBN raised) (NP (-NONE- *-1)) (PP (IN on) (NP (NN T) (NN V)))))))) (. .) (-DFL- E_S))",170
sw05utt/sw_0598_2858.utt,2/sw2858,2858,114,sv,B,62,2,"{E I mean } [ [ that's, + that's ] almost {D like } a surog-, +","[ I/PRP ] mean/VBP  [ that/DT ] 's/BES ,/,  [ that/DT ] 's/BES almost/RB like/IN  [ a/DT surog/JJ ] ,/,","(S (PRN (S (NP-SBJ (PRP I)) (VP (VBP mean)))) (EDITED (RM (-DFL- \[)) (EDITED (RM (-DFL- \[)) (S (NP-SBJ (DT that)) (VP-UNF (BES 's))) (, ,) (IP (-DFL- \+))) (S (NP-SBJ (DT that)) (VP-UNF (BES 's) (RS (-DFL- \])) (ADVP (RB almost)) (INTJ (UH like)) (NP-PRD-UNF (DT a) (TYPO (JJ surog-))))) (, ,) (IP (-DFL- \+))) (NP-SBJ (NN T) (NN V)) (VP (TYPO (BES -s)) (NP-PRD (DT a) (JJ surrogate) (NN parent))) (. .) (RS (-DFL- \])) (-DFL- E_S))",171
sw05utt/sw_0598_2858.utt,2/sw2858,2858,115,b,A,63,1,Yeah. /,Yeah/UH ./.,(INTJ (UH Yeah) (. .) (-DFL- E_S)),142
sw05utt/sw_0598_2858.utt,2/sw2858,2858,116,+,B,64,1,T V -s a surrogate parent. ] /,[ T/NN V/NN ] -s/BES   [ a/DT surrogate/JJ parent/NN ] ./.,"(S (PRN (S (NP-SBJ (PRP I)) (VP (VBP mean)))) (EDITED (RM (-DFL- \[)) (EDITED (RM (-DFL- \[)) (S (NP-SBJ (DT that)) (VP-UNF (BES 's))) (, ,) (IP (-DFL- \+))) (S (NP-SBJ (DT that)) (VP-UNF (BES 's) (RS (-DFL- \])) (ADVP (RB almost)) (INTJ (UH like)) (NP-PRD-UNF (DT a) (TYPO (JJ surog-))))) (, ,) (IP (-DFL- \+))) (NP-SBJ (NN T) (NN V)) (VP (TYPO (BES -s)) (NP-PRD (DT a) (JJ surrogate) (NN parent))) (. .) (RS (-DFL- \])) (-DFL- E_S))",171
sw05utt/sw_0598_2858.utt,2/sw2858,2858,117,aa,A,65,1,"Yeah,  /","Yeah/UH ,/,","(INTJ (UH Yeah) (, ,) (-DFL- E_S))",152
sw05utt/sw_0598_2858.utt,2/sw2858,2858,118,sv,A,65,2,that's a good way to put it. /,[ that/DT ] 's/BES  [ a/DT good/JJ way/NN ] to/TO put/VB  [ it/PRP ] ./.,(S (NP-SBJ (DT that)) (VP (BES 's) (NP-PRD (NP (DT a) (JJ good) (NN way)) (SBAR (WHADVP-1 (-NONE- 0)) (S (NP-SBJ (-NONE- *)) (VP (TO to) (VP (VB put) (NP (PRP it)) (ADVP-MNR (-NONE- *T*-1)))))))) (. .) (-DFL- E_S)),177
sw05utt/sw_0598_2858.utt,2/sw2858,2858,119,sv,B,66,1,"[ {C And } not a, + {C and } not a ]  very good one at that. /","And/CC not/RB  [ a/DT ] ,/, and/CC not/RB  [ a/DT very/RB good/JJ ] [ one/NN ] at/IN  [ that/DT ] ./.","(FRAG (EDITED (RM (-DFL- \[)) (CC And) (NP-UNF (RB not) (DT a)) (, ,) (IP (-DFL- \+))) (CC and) (NP (RB not) (DT a) (RS (-DFL- \])) (ADJP (RB very) (JJ good)) (NN one)) (PP (IN at) (NP (DT that))) (. .) (-DFL- E_S))",179
sw05utt/sw_0598_2858.utt,2/sw2858,2858,120,aa,A,67,1,"Yeah,  /","Yeah/UH ,/,","(INTJ (UH Yeah) (, ,) (-DFL- E_S))",152
sw05utt/sw_0598_2858.utt,2/sw2858,2858,121,sv,A,67,2,that's a pretty good way to  put it <throat_clearing>.  /,[ that/DT ] 's/BES  [ a/DT pretty/RB good/JJ way/NN ] to/TO put/VB  [ it/PRP ] ./.,(S (NP-SBJ (DT that)) (VP (BES 's) (NP-PRD (NP (DT a) (ADJP (RB pretty) (JJ good)) (NN way)) (SBAR (WHADVP-1 (-NONE- 0)) (S (NP-SBJ (-NONE- *)) (VP (TO to) (VP (VB put) (NP (PRP it)) (ADVP-MNR (-NONE- *T*-1)))))))) (. .) (-DFL- E_S)),182
sw05utt/sw_0598_2858.utt,2/sw2858,2858,122,qo,A,67,3,"[ If I had kids, + {D well } if you had kids, ] what kind of  things do you hope to do? <Noise> <<sounds like paper rustling>>. /","If/IN  [ I/PRP ] had/VBD  [ kids/NNS ] ,/, well/UH if/IN  [ you/PRP ] had/VBD  [ kids/NNS ] ,/,  [ what/WP kind/NN ] of/IN  [ things/NNS ] do/VBP  [ you/PRP ] hope/VB to/TO do/VB ?/.  ./.","(SBARQ (EDITED (RM (-DFL- \[)) (SBAR-ADV (IN If) (S (NP-SBJ (PRP I)) (VP (VBD had) (NP (NNS kids))))) (, ,) (IP (-DFL- \+))) (INTJ (UH well)) (SBAR-ADV (IN if) (S (NP-SBJ (PRP you)) (VP (VBD had) (NP (NNS kids))))) (, ,) (RS (-DFL- \])) (WHNP-2 (WHNP (WP what) (NN kind)) (PP (IN of) (NP (NNS things)))) (SQ (VBP do) (NP-SBJ-1 (PRP you)) (VP (VB hope) (S (NP-SBJ (-NONE- *-1)) (VP (TO to) (VP (VB do) (NP (-NONE- *T*-2))))))) (. ?) (. .) (-DFL- E_S))",183
sw05utt/sw_0598_2858.utt,2/sw2858,2858,123,sd,B,68,1,"{F Um, } [ I, + I ] hope to, of course,   be able to teach them right from wrong.  /","[ Um/UH ] ,/,  [ I/PRP ] ,/,  [ I/PRP ] hope/VBP to/TO ,/, of/IN  [ course/NN ] ,/, be/VB able/JJ to/TO teach/VB  [ them/PRP ] right/NN from/IN  [ wrong/NN ] ./.","(S (INTJ (UH Um)) (, ,) (EDITED (RM (-DFL- \[)) (NP-SBJ (PRP I)) (, ,) (IP (-DFL- \+))) (NP-SBJ-1 (PRP I)) (RS (-DFL- \])) (VP (VBP hope) (S (NP-SBJ-2 (-NONE- *-1)) (VP (TO to) (, ,) (PP (IN of) (NP (NN course))) (, ,) (VP (VB be) (ADJP-PRD (JJ able) (S (NP-SBJ (-NONE- *-2)) (VP (TO to) (VP (VB teach) (NP (PRP them)) (NP (NP (NN right)) (PP (IN from) (NP (NN wrong)))))))))))) (. .) (-DFL- E_S))",185
sw05utt/sw_0598_2858.utt,2/sw2858,2858,124,sd,B,68,2,"[ I hope, + I hope ] to be able to spend, {F um, }  their growing up years, being in the home, {D you know, } not having to work.","[ I/PRP ] hope/VBP ,/,  [ I/PRP ] hope/VBP to/TO be/VB able/JJ to/TO spend/VB ,/, um/UH ,/,  [ their/PRP$ ] growing/VBG up/RP  [ years/NNS ] ,/, being/VBG in/IN  [ the/DT home/NN ] ,/,  [ you/PRP ] know/VBP ,/, not/RB having/VBG to/TO work/VB ./.","(S (EDITED (RM (-DFL- \[)) (S (NP-SBJ (PRP I)) (VP-UNF (VBP hope))) (, ,) (IP (-DFL- \+))) (NP-SBJ-1 (PRP I)) (VP (VBP hope) (RS (-DFL- \])) (S (NP-SBJ-2 (-NONE- *-1)) (VP (TO to) (VP (VB be) (ADJP-PRD (JJ able) (S (NP-SBJ-3 (-NONE- *-2)) (VP (TO to) (VP (VB spend) (, ,) (INTJ (UH um)) (, ,) (NP (PRP$ their) (VBG growing) (RP up) (NNS years)) (, ,) (S-ADV (NP-SBJ-4 (-NONE- *-3)) (VP (VP (VBG being) (PP-LOC-PRD (IN in) (NP (DT the) (NN home)))) (PRN (, ,) (S (NP-SBJ (PRP you)) (VP (VBP know))) (, ,)) (RB not) (VP (VBG having) (S (NP-SBJ (-NONE- *-4)) (VP (TO to) (VP (VB work))))) (. .) (INTJ (UH Um)) (, ,) (CC and) (VP (VBG being) (ADJP-PRD (JJ able) (S (NP-SBJ (-NONE- *-4)) (VP (TO to) (VP-UNF (VB do)))))))))))))))) (, ,) (-DFL- N_S))",186
sw05utt/sw_0598_2858.utt,2/sw2858,2858,125,b,A,69,1,Yeah. /,Yeah/UH ./.,(INTJ (UH Yeah) (. .) (-DFL- E_S)),173
sw05utt/sw_0598_2858.utt,2/sw2858,2858,126,+,B,70,1,"{F Um, } {C and } being able to do, - /","Um/UH ,/, and/CC being/VBG  [ able/JJ ] to/TO do/VB ,/,","(S (EDITED (RM (-DFL- \[)) (S (NP-SBJ (PRP I)) (VP-UNF (VBP hope))) (, ,) (IP (-DFL- \+))) (NP-SBJ-1 (PRP I)) (VP (VBP hope) (RS (-DFL- \])) (S (NP-SBJ-2 (-NONE- *-1)) (VP (TO to) (VP (VB be) (ADJP-PRD (JJ able) (S (NP-SBJ-3 (-NONE- *-2)) (VP (TO to) (VP (VB spend) (, ,) (INTJ (UH um)) (, ,) (NP (PRP$ their) (VBG growing) (RP up) (NNS years)) (, ,) (S-ADV (NP-SBJ-4 (-NONE- *-3)) (VP (VP (VBG being) (PP-LOC-PRD (IN in) (NP (DT the) (NN home)))) (PRN (, ,) (S (NP-SBJ (PRP you)) (VP (VBP know))) (, ,)) (RB not) (VP (VBG having) (S (NP-SBJ (-NONE- *-4)) (VP (TO to) (VP (VB work))))) (. .) (INTJ (UH Um)) (, ,) (CC and) (VP (VBG being) (ADJP-PRD (JJ able) (S (NP-SBJ (-NONE- *-4)) (VP (TO to) (VP-UNF (VB do)))))))))))))))) (, ,) (-DFL- N_S))",186
sw05utt/sw_0598_2858.utt,2/sw2858,2858,127,sd,B,70,2,"[ [ I, +  I, ] + I ] know a lot of people [ wh-, +   who, ] {F um, } {F um, } - /","[ I/PRP ] ,/,  [ I/PRP ] ,/,  [ I/PRP ] know/VBP  [ a/DT lot/NN ] of/IN  [ people/NNS wh/WP ] ,/,  [ who/WP ] ,/, um/UH ,/, um/UH ,/,","(S (EDITED (RM (-DFL- \[)) (EDITED (RM (-DFL- \[)) (NP-SBJ (PRP I)) (, ,) (IP (-DFL- \+))) (NP-SBJ (PRP I)) (, ,) (RS (-DFL- \])) (IP (-DFL- \+))) (NP-SBJ (PRP I)) (RS (-DFL- \])) (VP (VBP know) (NP (NP (DT a) (NN lot)) (PP (IN of) (NP (NP (NNS people)) (SBAR-UNF (EDITED (RM (-DFL- \[)) (WHNP-UNF (WP wh-)) (, ,) (IP (-DFL- \+))) (WHNP (WP who)) (, ,) (RS (-DFL- \])) (INTJ (UH um)) (, ,) (INTJ (UH um))))))) (, ,) (-DFL- N_S))",190
sw05utt/sw_0598_2858.utt,2/sw2858,2858,128,sd,B,70,3,"I work part-time also,  /","[ I/PRP ] work/VBP  [ part-time/RB ] also/RB ,/,","(S (NP-SBJ (PRP I)) (VP (VBP work) (ADVP (RB part-time)) (ADVP (RB also))) (, ,) (-DFL- E_S))",191
sw05utt/sw_0598_2858.utt,2/sw2858,2858,129,%,B,70,4,{C and } I - /,and/CC  [ I/PRP ],(S-UNF (CC and) (NP-SBJ (PRP I)) (-DFL- N_S)),192
sw05utt/sw_0598_2858.utt,2/sw2858,2858,130,sd,B,70,5,"a lot of people that I work for are, mothers that stay home. /","[ a/DT lot/NN ] of/IN  [ people/NNS ] that/WDT  [ I/PRP ] work/VBP for/IN are/VBP ,/,  [ mothers/NNS ] [ that/WDT ] stay/VBP  [ home/RB ] ./.","(S (NP-SBJ (NP (DT a) (NN lot)) (PP (IN of) (NP (NP (NNS people)) (SBAR (WHNP-1 (WDT that)) (S (NP-SBJ (PRP I)) (VP (VBP work) (PP (IN for) (NP (-NONE- *T*-1))))))))) (VP (VBP are) (, ,) (NP-PRD (NP (NNS mothers)) (SBAR (WHNP-2 (WDT that)) (S (NP-SBJ (-NONE- *T*-2)) (VP (VBP stay) (ADVP-LOC (RB home))))))) (. .) (-DFL- E_S))",193
sw05utt/sw_0598_2858.utt,2/sw2858,2858,131,b,A,71,1,Uh-huh. /,[ Uh-huh/UH ] ./.,(INTJ (UH Uh-huh) (. .) (-DFL- E_S)),195
sw05utt/sw_0598_2858.utt,2/sw2858,2858,132,sd,B,72,1,"{F Um, } {C and } [ they, + they ]  do a lot of volunteer work  /","Um/UH ,/, and/CC  [ they/PRP ] ,/,  [ they/PRP ] do/VBP  [ a/DT lot/NN ] of/IN  [ volunteer/JJ work/NN ]","(S (INTJ (UH Um)) (, ,) (CC and) (EDITED (RM (-DFL- \[)) (NP-SBJ (PRP they)) (, ,) (IP (-DFL- \+))) (NP-SBJ (PRP they)) (RS (-DFL- \])) (VP (VBP do) (NP (NP (DT a) (NN lot)) (PP (IN of) (NP (JJ volunteer) (NN work))))) (-DFL- E_S))",197
sw05utt/sw_0598_2858.utt,2/sw2858,2858,133,sd,B,72,2,{C and } they're real active in the community  /,and/CC  [ they/PRP ] 're/VBP real/RB active/JJ in/IN  [ the/DT community/NN ],(S (CC and) (NP-SBJ (PRP they)) (VP (VBP 're) (ADJP-PRD (RB real) (JJ active) (PP (IN in) (NP (DT the) (NN community))))) (-DFL- E_S)),198
sw05utt/sw_0598_2858.utt,2/sw2858,2858,134,sd,B,72,3,"{C and, } {F um, } they do  a lot of things with their kids that they wouldn't ordinarily be able to do if they were working. /","and/CC ,/, um/UH ,/,  [ they/PRP ] do/VBP  [ a/DT lot/NN ] of/IN  [ things/NNS ] with/IN  [ their/PRP$ kids/NNS ] that/WDT  [ they/PRP ] would/MD n't/RB ordinarily/RB be/VB able/JJ to/TO do/VB if/IN  [ they/PRP ] were/VBD working/VBG ./.","(S (CC and) (, ,) (INTJ (UH um)) (, ,) (NP-SBJ (PRP they)) (VP (VBP do) (NP (NP (DT a) (NN lot)) (PP (IN of) (NP (NP (NNS things)) (SBAR (-NONE- *ICH*-1))))) (PP (IN with) (NP (PRP$ their) (NNS kids))) (SBAR-1 (WHNP-3 (WDT that)) (S (NP-SBJ-2 (PRP they)) (VP (MD would) (RB n't) (ADVP (RB ordinarily)) (VP (VB be) (ADJP-PRD (JJ able) (S (NP-SBJ (-NONE- *-2)) (VP (TO to) (VP (VB do) (NP (-NONE- *T*-3)) (SBAR-ADV (IN if) (S (NP-SBJ (PRP they)) (VP (VBD were) (VP (VBG working)))))))))))))) (. .) (-DFL- E_S))",199
sw05utt/sw_0598_2858.utt,2/sw2858,2858,135,b,A,73,1,Uh-huh. /,[ Uh-huh/UH ] ./.,(INTJ (UH Uh-huh) (. .) (-DFL- E_S)),195
sw05utt/sw_0598_2858.utt,2/sw2858,2858,136,sd,B,74,1,"{C And } [ I'd, + I'd ] like  to be able to do that.  /","And/CC  [ I/PRP ] 'd/MD ,/,  [ I/PRP ] 'd/MD like/VB to/TO be/VB able/JJ to/TO do/VB  [ that/DT ] ./.","(S (CC And) (EDITED (RM (-DFL- \[)) (S (NP-SBJ (PRP I)) (VP-UNF (MD 'd))) (, ,) (IP (-DFL- \+))) (NP-SBJ-1 (PRP I)) (VP (MD 'd) (RS (-DFL- \])) (VP (VB like) (S (NP-SBJ-2 (-NONE- *-1)) (VP (TO to) (VP (VB be) (ADJP-PRD (JJ able) (S (NP-SBJ (-NONE- *-2)) (VP (TO to) (VP (VB do) (NP (DT that))))))))))) (. .) (-DFL- E_S))",203
sw05utt/sw_0598_2858.utt,2/sw2858,2858,137,sd,B,74,2,I'd like to be able to stay home and be able to spend time with my kids. /,[ I/PRP ] 'd/MD like/VB to/TO be/VB able/JJ to/TO stay/VB  [ home/RB ] and/CC be/VB able/JJ to/TO spend/VB  [ time/NN ] with/IN  [ my/PRP$ kids/NNS ] ./.,(S (NP-SBJ-1 (PRP I)) (VP (MD 'd) (VP (VB like) (S (NP-SBJ-2 (-NONE- *-1)) (VP (TO to) (VP (VP (VB be) (ADJP-PRD (JJ able) (S (NP-SBJ (-NONE- *-2)) (VP (TO to) (VP (VB stay) (ADVP-LOC (RB home))))))) (CC and) (VP (VB be) (ADJP-PRD (JJ able) (S (NP-SBJ (-NONE- *-2)) (VP (TO to) (VP (VB spend) (NP (NN time)) (PP (IN with) (NP (PRP$ my) (NNS kids))))))))))))) (. .) (-DFL- E_S)),204
sw05utt/sw_0598_2858.utt,2/sw2858,2858,138,bf,A,75,1,"Do volunteer work  and,","Do/VB volunteer/NN  [ work/NN ] and/CC ,/,","(VP (VP (VB Do) (NP (NN volunteer) (NN work))) (CC and) (, ,) (VP (VB be) (PP-PRD (IN in) (NP (NNS clubs)))) (CC and) (NP-ETC (NN stuff)) (, ,) (-DFL- E_S))",206
sw05utt/sw_0598_2858.utt,2/sw2858,2858,139,aa,B,76,1,Yeah. /,Yeah/UH ./.,(INTJ (UH Yeah) (. .) (-DFL- E_S)),188
sw05utt/sw_0598_2858.utt,2/sw2858,2858,140,+,A,77,1,"be in clubs and stuff,  /","be/VB in/IN  [ clubs/NNS ] and/CC  [ stuff/NN ] ,/,","(VP (VP (VB Do) (NP (NN volunteer) (NN work))) (CC and) (, ,) (VP (VB be) (PP-PRD (IN in) (NP (NNS clubs)))) (CC and) (NP-ETC (NN stuff)) (, ,) (-DFL- E_S))",206
sw05utt/sw_0598_2858.utt,2/sw2858,2858,141,aa,A,77,2,"yeah,  /","yeah/UH ,/,","(INTJ (UH yeah) (, ,) (-DFL- E_S))",210
sw05utt/sw_0598_2858.utt,2/sw2858,2858,142,aa,A,77,3,I agree.  /,[ I/PRP ] agree/VBP ./.,(S (NP-SBJ (PRP I)) (VP (VBP agree)) (. .) (-DFL- E_S)),211
sw05utt/sw_0598_2858.utt,2/sw2858,2858,143,sd,A,77,4,"I hope that happens, in my case. /","[ I/PRP ] hope/VBP that/DT happens/VBZ ,/, in/IN  [ my/PRP$ case/NN ] ./.","(S (NP-SBJ (PRP I)) (VP (VBP hope) (SBAR (-NONE- 0) (S (NP-SBJ (DT that)) (VP (VBZ happens) (, ,) (PP (IN in) (NP (PRP$ my) (NN case))))))) (. .) (-DFL- E_S))",212
sw05utt/sw_0598_2858.utt,2/sw2858,2858,144,b,B,78,1,"Yeah,  /","Yeah/UH ,/,","(INTJ (UH Yeah) (, ,) (-DFL- E_S))",181
sw05utt/sw_0598_2858.utt,2/sw2858,2858,145,sv,B,78,2,"{C but, } I think that's for  [ the, + the ] few and far between.  /","but/CC ,/,  [ I/PRP ] think/VBP  [ that/DT ] 's/BES for/IN  [ the/DT ] ,/,  [ the/DT few/JJ ] and/CC far/RB between/IN ./.","(S (CC but) (, ,) (NP-SBJ (PRP I)) (VP (VBP think) (SBAR (-NONE- 0) (S (NP-SBJ (DT that)) (VP (BES 's) (PP-PRD (IN for) (EDITED (RM (-DFL- \[)) (NP-UNF (DT the)) (, ,) (IP (-DFL- \+))) (NP (DT the) (RS (-DFL- \])) (ADJP (ADJP (JJ few)) (CC and) (ADJP (RB far) (IN between))))))))) (. .) (-DFL- E_S))",215
sw05utt/sw_0598_2858.utt,2/sw2858,2858,146,sv,B,78,3,"I think that, {F uh, } probably ninety percent [ of the, +","[ I/PRP ] think/VBP  [ that/DT ] ,/,  [ uh/UH ] ,/, probably/RB  [ ninety/CD percent/NN ] of/IN  [ the/DT ] ,/,","(S (NP-SBJ (PRP I)) (VP (VBP think) (SBAR (DT that) (, ,) (INTJ (UH uh)) (, ,) (S (NP-SBJ (NP (QP (RB probably) (CD ninety)) (NN percent)) (EDITED (RM (-DFL- \[)) (PP (IN of) (NP-UNF (DT the))) (, ,) (IP (-DFL- \+))) (PP (IN of) (NP (DT the) (, ,) (RS (-DFL- \])) (INTJ (UH um)) (NNS parents)) (PP-LOC (IN out) (ADVP (RB there))))) (EDITED (RM (-DFL- \[)) (VP-UNF (VBP are)) (, ,) (IP (-DFL- \+))) (VP (VBP are) (RS (-DFL- \])) (ADVP (RB probably)) (NP-PRD (VBG working) (NNS parents)))))) (. .) (-DFL- E_S))",216
sw05utt/sw_0598_2858.utt,2/sw2858,2858,147,b,A,79,1,Yeah. /,Yeah/UH ./.,(INTJ (UH Yeah) (. .) (-DFL- E_S)),188
sw05utt/sw_0598_2858.utt,2/sw2858,2858,148,+,B,80,1,"of the, ] {F um } parents out there  [ are, +  are ] probably working parents. /","of/IN  [ the/DT ] ,/, um/UH  [ parents/NNS ] out/IN  [ there/RB ] are/VBP ,/, are/VBP probably/RB working/VBG  [ parents/NNS ] ./.","(S (NP-SBJ (PRP I)) (VP (VBP think) (SBAR (DT that) (, ,) (INTJ (UH uh)) (, ,) (S (NP-SBJ (NP (QP (RB probably) (CD ninety)) (NN percent)) (EDITED (RM (-DFL- \[)) (PP (IN of) (NP-UNF (DT the))) (, ,) (IP (-DFL- \+))) (PP (IN of) (NP (DT the) (, ,) (RS (-DFL- \])) (INTJ (UH um)) (NNS parents)) (PP-LOC (IN out) (ADVP (RB there))))) (EDITED (RM (-DFL- \[)) (VP-UNF (VBP are)) (, ,) (IP (-DFL- \+))) (VP (VBP are) (RS (-DFL- \])) (ADVP (RB probably)) (NP-PRD (VBG working) (NNS parents)))))) (. .) (-DFL- E_S))",216
sw05utt/sw_0598_2858.utt,2/sw2858,2858,149,b,A,81,1,Yeah. {F Huh } <sigh>. /,Yeah/UH ./.  Huh/UH ./.,(INTJ (INTJ (UH Yeah)) (. .) (INTJ (UH Huh)) (. .) (-DFL- E_S)),221
sw05utt/sw_0598_2858.utt,2/sw2858,2858,150,sv,B,82,1,"{C And } [ [ I, +  I don't, + I don't ]  really see [ that, +  that ] trend changing much,  /","And/CC  [ I/PRP ] ,/,  [ I/PRP ] do/VBP n't/RB ,/,  [ I/PRP ] do/VBP n't/RB really/RB see/VB that/DT ,/, that/DT  [ trend/NN ] changing/VBG much/RB ,/,","(S (CC And) (EDITED (RM (-DFL- \[)) (EDITED (RM (-DFL- \[)) (NP-SBJ (PRP I)) (, ,) (IP (-DFL- \+))) (S (NP-SBJ (PRP I)) (VP-UNF (VBP do) (RB n't))) (, ,) (IP (-DFL- \+))) (NP-SBJ (PRP I)) (VP (VBP do) (RB n't) (RS (-DFL- \])) (ADVP (RB really)) (VP (VB see) (S (EDITED (RM (-DFL- \[)) (NP-SBJ-UNF (DT that)) (, ,) (IP (-DFL- \+))) (NP-SBJ (DT that) (RS (-DFL- \])) (NN trend)) (VP (VBG changing) (ADVP (RB much)))))) (, ,) (-DFL- E_S))",223
sw05utt/sw_0598_2858.utt,2/sw2858,2858,151,sv,B,82,2,"if anything, I think,","if/IN  [ anything/NN ] ,/,  [ I/PRP ] think/VBP ,/,","(S (PP (IN if) (NP (NN anything))) (, ,) (NP-SBJ (PRP I)) (VP (VBP think) (, ,) (SBAR (-NONE- 0) (S (NP-SBJ-1 (EX there)) (VP (BES 's) (VP (VBG going) (S (NP-SBJ (-NONE- *-1)) (VP (TO to) (VP (VB be) (NP-PRD (ADJP (JJR fewer) (CC and) (JJR fewer)) (, ,) (INTJ (UH uh)) (, ,) (ADJP (JJ single) (NN income)) (NNS families)))))))))) (. .) (-DFL- E_S))",224
sw05utt/sw_0598_2858.utt,2/sw2858,2858,152,aa,A,83,1,I know. /,[ I/PRP ] know/VBP ./.,(S (NP-SBJ (PRP I)) (VP (VBP know)) (. .) (-DFL- E_S)),226
sw05utt/sw_0598_2858.utt,2/sw2858,2858,153,+,B,84,1,"there's going to be fewer and  fewer, {F uh, } single income families. /","[ there/EX ] 's/BES going/VBG to/TO be/VB fewer/JJR and/CC  [ fewer/JJR ] ,/,  [ uh/UH ] ,/,  [ single/JJ income/NN families/NNS ] ./.","(S (PP (IN if) (NP (NN anything))) (, ,) (NP-SBJ (PRP I)) (VP (VBP think) (, ,) (SBAR (-NONE- 0) (S (NP-SBJ-1 (EX there)) (VP (BES 's) (VP (VBG going) (S (NP-SBJ (-NONE- *-1)) (VP (TO to) (VP (VB be) (NP-PRD (ADJP (JJR fewer) (CC and) (JJR fewer)) (, ,) (INTJ (UH uh)) (, ,) (ADJP (JJ single) (NN income)) (NNS families)))))))))) (. .) (-DFL- E_S))",224
sw05utt/sw_0598_2858.utt,2/sw2858,2858,154,b,A,85,1,"Yeah,  /","Yeah/UH ,/,","(INTJ (UH Yeah) (, ,) (-DFL- E_S))",214
sw05utt/sw_0598_2858.utt,2/sw2858,2858,155,sv,A,85,2,{C and } what's sad about that  is day cares end up instilling values in your kids.,and/CC  [ what/WP ] 's/BES sad/JJ about/IN  [ that/DT ] is/VBZ  [ day/NN ] cares/NNS  [ end/VBP ] up/RP instilling/VBG  [ values/NNS ] in/IN  [ your/PRP$ kids/NNS ] ./.,(S (CC and) (SBAR-NOM-SBJ (WHNP-1 (WHNP (WP what)) (PP (-NONE- *ICH*-2))) (S (NP-SBJ (-NONE- *T*-1)) (VP (BES 's) (ADJP-PRD (JJ sad)) (PP-2 (IN about) (NP (DT that)))))) (VP (VBZ is) (SBAR-PRD (-NONE- 0) (S (NP-SBJ-3 (NN day) (NNS cares)) (VP (VBP end) (PRT (RP up)) (S (NP-SBJ (-NONE- *-3)) (VP (VBG instilling) (NP (NP (NNS values)) (SBAR (-NONE- *ICH*-5))) (PP (IN in) (NP (PRP$ your) (NNS kids))) (. .) (SBAR-5 (WHNP-4 (DT That)) (S (NP-SBJ (-NONE- *T*-4)) (VP (MD may) (RB not) (ADVP (RB necessarily)) (VP (VB be) (ADJP-PRD (JJ consistent) (PP (IN with) (NP (JJ yours)))))))))))))) (. .) (-DFL- E_S)),230
sw05utt/sw_0598_2858.utt,2/sw2858,2858,156,b,B,86,1,Yeah. /,Yeah/UH ./.,(INTJ (UH Yeah) (. .) (-DFL- E_S)),208
sw05utt/sw_0598_2858.utt,2/sw2858,2858,157,+,A,87,1,That may not necessarily be consistent with yours. /,[ That/DT ] may/MD not/RB necessarily/RB be/VB consistent/JJ with/IN  [ yours/JJ ] ./.,(S (CC and) (SBAR-NOM-SBJ (WHNP-1 (WHNP (WP what)) (PP (-NONE- *ICH*-2))) (S (NP-SBJ (-NONE- *T*-1)) (VP (BES 's) (ADJP-PRD (JJ sad)) (PP-2 (IN about) (NP (DT that)))))) (VP (VBZ is) (SBAR-PRD (-NONE- 0) (S (NP-SBJ-3 (NN day) (NNS cares)) (VP (VBP end) (PRT (RP up)) (S (NP-SBJ (-NONE- *-3)) (VP (VBG instilling) (NP (NP (NNS values)) (SBAR (-NONE- *ICH*-5))) (PP (IN in) (NP (PRP$ your) (NNS kids))) (. .) (SBAR-5 (WHNP-4 (DT That)) (S (NP-SBJ (-NONE- *T*-4)) (VP (MD may) (RB not) (ADVP (RB necessarily)) (VP (VB be) (ADJP-PRD (JJ consistent) (PP (IN with) (NP (JJ yours)))))))))))))) (. .) (-DFL- E_S)),230
sw05utt/sw_0598_2858.utt,2/sw2858,2858,158,aa,B,88,1,Exactly.  /,Exactly/UH ./.,(INTJ (UH Exactly) (. .) (-DFL- E_S)),235
sw05utt/sw_0598_2858.utt,2/sw2858,2858,159,sd,B,88,2,"{D See } [ [ I, +  I never, ] +   I ] don't even know what day care is really all about  because [ I, +  I ] never went to a day care center, /","See/VB  [ I/PRP ] ,/,  [ I/PRP ] never/RB ,/,  [ I/PRP ] do/VBP n't/RB even/RB know/VB  [ what/WP day/NN care/NN ] is/VBZ really/RB  [ all/DT ] about/IN because/IN  [ I/PRP ] ,/,  [ I/PRP ] never/RB went/VBD to/IN  [ a/DT day/NN care/NN center/NN ] ,/,","(S (INTJ (VB See)) (EDITED (RM (-DFL- \[)) (EDITED (RM (-DFL- \[)) (NP-SBJ (PRP I)) (, ,) (IP (-DFL- \+))) (NP-SBJ (PRP I)) (ADVP-TMP (RB never)) (, ,) (RS (-DFL- \])) (IP (-DFL- \+))) (NP-SBJ (PRP I)) (RS (-DFL- \])) (VP (VBP do) (RB n't) (ADVP (RB even)) (VP (VB know) (SBAR (WHNP-1 (WP what)) (S (NP-SBJ (NN day) (NN care)) (VP (VBZ is) (ADVP (RB really)) (DT all) (PP-PRD (IN about) (NP (-NONE- *T*-1)))))) (SBAR-PRP (IN because) (S (EDITED (RM (-DFL- \[)) (NP-SBJ (PRP I)) (, ,) (IP (-DFL- \+))) (NP-SBJ (PRP I)) (RS (-DFL- \])) (ADVP-TMP (RB never)) (VP (VBD went) (PP (IN to) (NP (DT a) (NN day) (NN care) (NN center)))))))) (, ,) (-DFL- E_S))",236
sw05utt/sw_0598_2858.utt,2/sw2858,2858,160,b,A,89,1,Yeah <throat_clearing>. /,Yeah/UH ./.,(INTJ (UH Yeah) (. .) (-DFL- E_S)),218
sw05utt/sw_0598_2858.utt,2/sw2858,2858,161,sd,B,90,1,"[ I never, + I never ]  had that kind of experience. /","[ I/PRP ] never/RB ,/,  [ I/PRP ] never/RB had/VBD  [ that/DT kind/NN ] of/IN  [ experience/NN ] ./.","(S (EDITED (RM (-DFL- \[)) (NP-SBJ (PRP I)) (ADVP-TMP (RB never)) (, ,) (IP (-DFL- \+))) (NP-SBJ (PRP I)) (ADVP-TMP (RB never)) (RS (-DFL- \])) (VP (VBD had) (NP (NP (DT that) (NN kind)) (PP (IN of) (NP (NN experience))))) (. .) (-DFL- E_S))",240
sw05utt/sw_0598_2858.utt,2/sw2858,2858,162,sd,A,91,1,"{F Huh. }  [ I, + {D well } I ]  don't even think we had <cough>, - /","Huh/UH ./.  [ I/PRP ] ,/, well/UH  [ I/PRP ] do/VBP n't/RB even/RB think/VB  [ we/PRP ] had/VBD ,/,","(S (INTJ (UH Huh)) (. .) (EDITED (RM (-DFL- \[)) (NP-SBJ (PRP I)) (, ,) (IP (-DFL- \+))) (INTJ (UH well)) (NP-SBJ (PRP I)) (RS (-DFL- \])) (VP (VBP do) (RB n't) (ADVP (RB even)) (VP (VB think) (SBAR (-NONE- 0) (S (NP-SBJ (PRP we)) (VP-UNF (VBD had)))))) (, ,) (-DFL- N_S))",242
sw05utt/sw_0598_2858.utt,2/sw2858,2858,163,sd,A,91,2,I don't even remember them being around when we were little. /,[ I/PRP ] do/VBP n't/RB even/RB remember/VB  [ them/PRP ] being/VBG around/RP when/WRB  [ we/PRP ] were/VBD little/JJ ./.,(S (NP-SBJ (PRP I)) (VP (VBP do) (RB n't) (ADVP (RB even)) (VP (VB remember) (S (NP-SBJ (PRP them)) (VP (VBG being) (ADVP-PRD (RP around)) (SBAR-TMP (WHADVP-1 (WRB when)) (S (NP-SBJ (PRP we)) (VP (VBD were) (ADJP-PRD (JJ little)) (ADVP-TMP (-NONE- *T*-1))))))))) (. .) (-DFL- E_S)),243
sw05utt/sw_0598_2858.utt,2/sw2858,2858,164,b,B,92,1,"Yeah,  /","[ Yeah/UH ] ,/,","(INTJ (UH Yeah) (, ,) (-DFL- E_S))",229
sw05utt/sw_0598_2858.utt,2/sw2858,2858,165,sv,B,92,2,"[ [ I, + I ] +  {D see, } it ] seems like  [ that's, + that's ] a big trend, {D you know, } in the last ten years.  /","[ I/PRP ] ,/,  [ I/PRP ] see/VBP ,/,  [ it/PRP ] seems/VBZ like/IN  [ that/DT ] 's/BES ,/,  [ that/DT ] 's/BES  [ a/DT big/JJ trend/NN ] ,/,  [ you/PRP ] know/VBP ,/, in/IN  [ the/DT last/JJ ten/CD years/NNS ] ./.","(S (EDITED (RM (-DFL- \[)) (EDITED (RM (-DFL- \[)) (NP-SBJ (PRP I)) (, ,) (IP (-DFL- \+))) (NP-SBJ (PRP I)) (RS (-DFL- \])) (IP (-DFL- \+))) (INTJ (VBP see)) (, ,) (NP-SBJ (PRP it)) (RS (-DFL- \])) (VP (VBZ seems) (SBAR (IN like) (S (EDITED (RM (-DFL- \[)) (S (NP-SBJ (DT that)) (VP-UNF (BES 's))) (, ,) (IP (-DFL- \+))) (NP-SBJ (DT that)) (VP (BES 's) (RS (-DFL- \])) (NP-PRD (DT a) (JJ big) (NN trend)) (PRN (, ,) (S (NP-SBJ (PRP you)) (VP (VBP know))) (, ,)) (PP-TMP (IN in) (NP (DT the) (JJ last) (CD ten) (NNS years))))))) (. .) (-DFL- E_S))",246
sw05utt/sw_0598_2858.utt,2/sw2858,2858,166,sv,B,92,3,"Day cares [ [ have, +  have, ] +   have ] popped up and become [ a lot more, +  {F um, } a lot bigger ] part [ of, + of ] the kids'   lives. /","[ Day/NN ] cares/NNS have/VBP ,/, have/VBP ,/,  have/VBP popped/VBN up/RP and/CC become/VBN  [ a/DT lot/NN ] more/RBR ,/, um/UH ,/,  [ a/DT lot/NN bigger/JJR part/NN ] of/IN ,/, of/IN  [ the/DT kids/NNS '/POS lives/NNS ]  ./.","(S (NP-SBJ (NN Day) (NNS cares)) (EDITED (RM (-DFL- \[)) (EDITED (RM (-DFL- \[)) (VP-UNF (VBP have)) (, ,) (IP (-DFL- \+))) (VP-UNF (VBP have)) (, ,) (RS (-DFL- \])) (IP (-DFL- \+))) (VP (VBP have) (RS (-DFL- \])) (VP (VP (VBN popped) (PRT (RP up))) (CC and) (VP (VBN become) (EDITED (RM (-DFL- \[)) (ADJP-UNF (NP-ADV (DT a) (NN lot)) (RBR more)) (, ,) (IP (-DFL- \+))) (INTJ (UH um)) (, ,) (NP-PRD (NP (ADJP (NP-ADV (DT a) (NN lot)) (JJR bigger)) (RS (-DFL- \])) (NN part)) (EDITED (RM (-DFL- \[)) (PP-UNF (IN of)) (, ,) (IP (-DFL- \+))) (PP (IN of) (RS (-DFL- \])) (NP (NP (DT the) (NNS kids) (POS ')) (NNS lives))))))) (. .) (-DFL- E_S))",247
sw05utt/sw_0598_2858.utt,2/sw2858,2858,167,b,A,93,1,Yeah. /,Yeah/UH ./.,(INTJ (UH Yeah) (. .) (-DFL- E_S)),232
sw05utt/sw_0598_2858.utt,2/sw2858,2858,168,sv,B,94,1,It's like a home away from home for a lot of them. /,[ It/PRP ] [ 's/BES ] like/IN  [ a/DT home/NN ] away/RB from/IN  [ home/NN ] for/IN  [ a/DT lot/NN ] of/IN  [ them/PRP ] ./.,(S (NP-SBJ (PRP It)) (VP (BES 's) (PP-PRD (IN like) (NP (NP (DT a) (NN home)) (ADVP-LOC (RB away) (PP (IN from) (NP (NN home)))))) (PP (IN for) (NP (NP (DT a) (NN lot)) (PP (IN of) (NP (PRP them)))))) (. .) (-DFL- E_S)),251
sw05utt/sw_0598_2858.utt,2/sw2858,2858,169,aa,A,95,1,"Sure, is, {F um, } <breathing>,  /","Sure/UH ,/, is/VBZ ,/, um/UH ,/, ,/,","(INTJ (UH Sure) (, ,))|||(SQ-UNF (VBZ is) (, ,) (INTJ (UH um)) (, ,) (, ,) (-DFL- E_S) (INTJ (UH well)) (, ,) (. .))",253|||254
sw05utt/sw_0598_2858.utt,2/sw2858,2858,170,sd,A,95,2,"{D well, } <<pause>>.  I guess we could ring this off since [ we, +  # we've ]  exhausted all of our ideas,  /","well/UH ,/, ./.  [ I/PRP ] guess/VBP  [ we/PRP ] could/MD ring/VB  [ this/DT ] off/RP since/IN  [ we/PRP ] ,/,  [ we/PRP ] 've/VBP exhausted/VBN  [ all/DT ] of/IN  [ our/PRP$ ideas/NNS ] ,/,","(SQ-UNF (VBZ is) (, ,) (INTJ (UH um)) (, ,) (, ,) (-DFL- E_S) (INTJ (UH well)) (, ,) (. .))|||(S (NP-SBJ (PRP I)) (VP (VBP guess) (SBAR (-NONE- 0) (S (NP-SBJ (PRP we)) (VP (MD could) (VP (VB ring) (NP (DT this)) (PRT (RP off)) (SBAR-PRP (IN since) (S (EDITED (RM (-DFL- \[)) (NP-SBJ (PRP we)) (, ,) (IP (-DFL- \+))) (NP-SBJ (PRP we)) (VP (VBP 've) (RS (-DFL- \])) (VP (VBN exhausted) (NP (NP (DT all)) (PP (IN of) (NP (PRP$ our) (NNS ideas))))))))))))) (, ,) (-DFL- E_S))",254|||255
sw05utt/sw_0598_2858.utt,2/sw2858,2858,171,sv,A,95,3,we seem to agree. # /,[ we/PRP ] seem/VBP to/TO agree/VB ./.,(S (NP-SBJ-1 (PRP we)) (VP (VBP seem) (S (NP-SBJ (-NONE- *-1)) (VP (TO to) (VP (VB agree))))) (. .) (-DFL- E_S)),256
sw05utt/sw_0598_2858.utt,2/sw2858,2858,172,aa,B,96,1,"# Yeah,  /","[ Yeah/UH ] ,/,","(INTJ (UH Yeah) (, ,) (-DFL- E_S))",229
sw05utt/sw_0598_2858.utt,2/sw2858,2858,173,sd,B,96,2,"[ [ I, +  I  think, ] +  {D yeah }  I think ] this is a good closing point. # /","[ I/PRP ] ,/,  [ I/PRP ] think/VBP ,/, yeah/UH  [ I/PRP ] think/VBP  [ this/DT ] is/VBZ  [ a/DT good/JJ closing/NN point/NN ] ./.","(S (EDITED (RM (-DFL- \[)) (EDITED (RM (-DFL- \[)) (NP-SBJ (PRP I)) (, ,) (IP (-DFL- \+))) (S (NP-SBJ (PRP I)) (VP-UNF (VBP think))) (, ,) (RS (-DFL- \])) (IP (-DFL- \+))) (INTJ (UH yeah)) (NP-SBJ (PRP I)) (VP (VBP think) (RS (-DFL- \])) (SBAR (-NONE- 0) (S (NP-SBJ (DT this)) (VP (VBZ is) (NP-PRD (DT a) (JJ good) (NN closing) (NN point)))))) (. .) (-DFL- E_S))",259
sw05utt/sw_0598_2858.utt,2/sw2858,2858,174,aa,A,97,1,"Yeah,  /","[ Yeah/UH ] ,/,","(INTJ (UH Yeah) (, ,) (-DFL- E_S))",229
sw05utt/sw_0598_2858.utt,2/sw2858,2858,175,%,A,97,2,"{C so, } -/","so/UH ,/,","(S-UNF (RB so) (, ,) (-DFL- N_S))",262
sw05utt/sw_0598_2858.utt,2/sw2858,2858,176,fc,B,98,1,{D Well } it was really nice talking to you. /,Well/UH  [ it/PRP ] was/VBD really/RB  [ nice/JJ ] talking/VBG to/IN  [ you/PRP ] ./.,(S (INTJ (UH Well)) (NP-SBJ (NP (PRP it)) (S (-NONE- *EXP*-1))) (VP (VBD was) (ADJP-PRD (RB really) (JJ nice)) (S-1 (NP-SBJ (-NONE- *)) (VP (VBG talking) (PP (IN to) (NP (PRP you)))))) (. .) (-DFL- E_S)),264
sw05utt/sw_0598_2858.utt,2/sw2858,2858,177,fc,A,99,1,"Yeah,  /","Yeah/UH ,/,","(INTJ (UH Yeah) (, ,) (-DFL- E_S))",245
sw05utt/sw_0598_2858.utt,2/sw2858,2858,178,fc,A,99,2,"you too,  /","[ you/PRP ] too/RB ,/,","(FRAG (NP (PRP you)) (ADVP (RB too)) (, ,) (-DFL- E_S))",267
sw05utt/sw_0598_2858.utt,2/sw2858,2858,179,fc,A,99,3,I wish you the best. /,[ I/PRP ] wish/VBP  [ you/PRP ] [ the/DT best/JJS ] ./.,(S (NP-SBJ (PRP I)) (VP (VBP wish) (NP (PRP you)) (NP (DT the) (JJS best))) (. .) (-DFL- E_S)),268
sw05utt/sw_0598_2858.utt,2/sw2858,2858,180,fc,B,100,1,Thanks  /,[ Thanks/UH ],(INTJ (UH Thanks) (-DFL- E_S)),270
sw05utt/sw_0598_2858.utt,2/sw2858,2858,181,fc,B,100,2,you too. /,[ you/PRP ] too/RB ./.,(FRAG (NP (PRP you)) (ADVP (RB too)) (. .) (-DFL- E_S)),271
sw05utt/sw_0598_2858.utt,2/sw2858,2858,182,fc,A,101,1,Okay  /,[ Okay/UH,(INTJ (UH Okay) (-DFL- E_S)),273
sw05utt/sw_0598_2858.utt,2/sw2858,2858,183,fc,A,101,2,thanks. /,thanks/UH ] ./.,(INTJ (UH thanks) (. .) (-DFL- E_S)),274
sw05utt/sw_0598_2858.utt,2/sw2858,2858,184,fc,B,102,1,"# {F Uh, } bye,  /","[ Uh/UH ] ,/,  [ bye/UH ] ,/,","(INTJ (INTJ (UH Uh)) (, ,) (INTJ (UH bye)) (, ,) (-DFL- E_S))",276
sw05utt/sw_0598_2858.utt,2/sw2858,2858,185,fc,B,102,2,bye-bye. # /,[ bye-bye/UH ] ./.,(INTJ (UH bye-bye) (. .) (-DFL- E_S)),277
sw05utt/sw_0598_2858.utt,2/sw2858,2858,186,fc,A,103,1,# Bye-bye. # /,[ Bye-bye/UH ] ./.,(INTJ (UH Bye-bye) (. .) (-DFL- E_S)),279
