swda_filename,ptb_basename,conversation_no,transcript_index,act_tag,caller,utterance_index,subutterance_index,text,pos,trees,ptb_treenumbers
sw05utt/sw_0502_3525.utt,3/sw3525,3525,0,qy^t,A,1,1,They tell you what our topic was? /,[ They/PRP ] tell/VB  [ you/PRP ] [ what/WP ] [ our/PRP$ topic/NN ] was/VBD ?/.,(SQ (NP-SBJ (PRP They)) (VP (VB tell) (NP (PRP you)) (SBAR (WHNP-1 (WP what)) (S (NP-SBJ (PRP$ our) (NN topic)) (VP (VBD was) (NP-PRD (-NONE- *T*-1)))))) (. ?) (-DFL- E_S)),1
sw05utt/sw_0502_3525.utt,3/sw3525,3525,1,qy^g,B,2,1,"I think golf, isn't it? /","[ I/PRP ] think/VBP  [ golf/NN ] ,/, is/VBZ n't/RB  [ it/PRP ] ?/.","(SQ (S (NP-SBJ (PRP I)) (VP (VBP think) (FRAG (NP (NN golf))))) (, ,) (SQ (VBZ is) (RB n't) (NP-SBJ (PRP it)) (NP-PRD (-NONE- *?*))) (. ?) (-DFL- E_S))",3
sw05utt/sw_0502_3525.utt,3/sw3525,3525,2,na,A,3,1,Right. /,[ Right/UH ] ./.,(INTJ (UH Right) (. .) (-DFL- E_S)),5
sw05utt/sw_0502_3525.utt,3/sw3525.pos,3525,3,x,B,4,1,<Laughter>.,./.
sw05utt/sw_0502_3525.utt,3/sw3525,3525,4,qw,A,5,1,<Laughter>  How much of a golfer are you? /,How/WRB much/RB of/IN  [ a/DT golfer/NN ] are/VBP  [ you/PRP ] ?/.,(SBARQ (WHNP-1 (WHNP (WHADJP (WRB How) (RB much))) (PP (IN of) (NP (DT a) (NN golfer)))) (SQ (VBP are) (NP-SBJ (PRP you)) (NP-PRD (-NONE- *T*-1))) (. ?) (-DFL- E_S)),8
sw05utt/sw_0502_3525.utt,3/sw3525,3525,5,qy,B,6,1,Are you a hacker? /,[ Are/VBP you/PRP ] [ a/DT hacker/NN ] ?/.,(SQ (VBP Are) (NP-SBJ (PRP you)) (NP-PRD (DT a) (NN hacker)) (. ?) (-DFL- E_S)),10
sw05utt/sw_0502_3525.utt,3/sw3525,3525,6,na,A,7,1,You bet. /,[ You/PRP ] bet/VB ./.,(S (NP-SBJ (PRP You)) (VP (VB bet)) (. .) (-DFL- E_S)),12
sw05utt/sw_0502_3525.utt,3/sw3525.pos,3525,7,x,B,8,1,<Laughter>.,./.
sw05utt/sw_0502_3525.utt,3/sw3525,3525,8,sd,A,9,1,"I'm fifty years old,  /","[ I/PRP ] 'm/VBP  [ fifty/CD years/NNS ] old/JJ ,/,","(S (NP-SBJ (PRP I)) (VP (VBP 'm) (ADJP-PRD (NP-ADV (CD fifty) (NNS years)) (JJ old))) (, ,) (-DFL- E_S))",15
sw05utt/sw_0502_3525.utt,3/sw3525,3525,9,sd,A,9,2,"I've been a hacker, - /","[ I/PRP ] 've/VBP been/VBN  [ a/DT hacker/NN ] ,/,","(S (NP-SBJ (PRP I)) (VP (VBP 've) (VP (VBN been) (NP-PRD (DT a) (NN hacker)))) (, ,) (-DFL- N_S))",16
sw05utt/sw_0502_3525.utt,3/sw3525,3525,10,sd,A,9,3,"[ I think, + I think ] I played better golf when I was fifteen, John, than --","[ I/PRP ] think/VBP ,/,  [ I/PRP ] think/VBP  [ I/PRP ] played/VBD  [ better/JJR golf/NN ] when/WRB  [ I/PRP ] was/VBD  [ fifteen/CD ] ,/,  [ John/NNP ] ,/, than/IN --/:","(S (EDITED (RM (-DFL- \[)) (S (NP-SBJ (PRP I)) (VP-UNF (VBP think))) (, ,) (IP (-DFL- \+))) (NP-SBJ (PRP I)) (VP (VBP think) (RS (-DFL- \])) (SBAR (-NONE- 0) (S (NP-SBJ (PRP I)) (VP (VBD played) (NP (NP (JJR better) (NN golf)) (SBAR (-NONE- *ICH*-3))) (SBAR-TMP (WHADVP-1 (WRB when)) (S (NP-SBJ (PRP I)) (VP (VBD was) (NP-PRD (CD fifteen)) (ADVP-TMP (-NONE- *T*-1))))) (, ,) (NP-VOC (NNP John)) (, ,) (SBAR-3 (IN than) (S (NP-SBJ (PRP I)) (VP (VBP play) (NP (-NONE- *?*)) (ADVP-TMP (RB right) (RB now))))))))) (. .) (-DFL- E_S))",17
sw05utt/sw_0502_3525.utt,3/sw3525,3525,11,sd,B,10,1,"[ I know I, +","[ I/PRP ] know/VBP  [ I/PRP ] ,/,","(S (EDITED (RM (-DFL- \[)) (S (NP-SBJ (PRP I)) (VP (VBP know) (SBAR (-NONE- 0) (S-UNF (NP-SBJ (PRP I)))))) (, ,) (IP (-DFL- \+))) (INTJ (UH Oh)) (, ,) (NP-SBJ (PRP I)) (VP (VBP know) (SBAR (-NONE- 0) (S (NP-SBJ (PRP I)) (RS (-DFL- \])) (VP (VBD did))))) (, ,) (-DFL- E_S))",19
sw05utt/sw_0502_3525.utt,3/sw3525,3525,12,+,A,11,1,-- I play right now. /,--/:  [ I/PRP ] play/VBP right/RB now/RB ./.,"(S (EDITED (RM (-DFL- \[)) (S (NP-SBJ (PRP I)) (VP-UNF (VBP think))) (, ,) (IP (-DFL- \+))) (NP-SBJ (PRP I)) (VP (VBP think) (RS (-DFL- \])) (SBAR (-NONE- 0) (S (NP-SBJ (PRP I)) (VP (VBD played) (NP (NP (JJR better) (NN golf)) (SBAR (-NONE- *ICH*-3))) (SBAR-TMP (WHADVP-1 (WRB when)) (S (NP-SBJ (PRP I)) (VP (VBD was) (NP-PRD (CD fifteen)) (ADVP-TMP (-NONE- *T*-1))))) (, ,) (NP-VOC (NNP John)) (, ,) (SBAR-3 (IN than) (S (NP-SBJ (PRP I)) (VP (VBP play) (NP (-NONE- *?*)) (ADVP-TMP (RB right) (RB now))))))))) (. .) (-DFL- E_S))",17
sw05utt/sw_0502_3525.utt,3/sw3525,3525,13,+,B,12,1,"{F Oh, } I know I ] did,  /","Oh/UH ,/,  [ I/PRP ] know/VBP  [ I/PRP ] did/VBD ,/,","(S (EDITED (RM (-DFL- \[)) (S (NP-SBJ (PRP I)) (VP (VBP know) (SBAR (-NONE- 0) (S-UNF (NP-SBJ (PRP I)))))) (, ,) (IP (-DFL- \+))) (INTJ (UH Oh)) (, ,) (NP-SBJ (PRP I)) (VP (VBP know) (SBAR (-NONE- 0) (S (NP-SBJ (PRP I)) (RS (-DFL- \])) (VP (VBD did))))) (, ,) (-DFL- E_S))",19
sw05utt/sw_0502_3525.utt,3/sw3525,3525,14,sd,B,12,2,I know I did. /,[ I/PRP ] know/VBP  [ I/PRP ] did/VBD ./.,(S (NP-SBJ (PRP I)) (VP (VBP know) (SBAR (-NONE- 0) (S (NP-SBJ (PRP I)) (VP (VBD did))))) (. .) (-DFL- E_S)),22
sw05utt/sw_0502_3525.utt,3/sw3525,3525,15,%,A,13,1,"{C And, } {F uh, } -/","And/CC ,/,  [ uh/UH ] ,/,","(S-UNF (CC And) (, ,) (INTJ (UH uh)) (, ,) (-DFL- N_S))",24
sw05utt/sw_0502_3525.utt,3/sw3525,3525,16,sd,B,14,1,"Course, I know I watch my thirteen year old play now, {D you know, }  /","[ Course/NN ] ,/,  [ I/PRP ] know/VBP  [ I/PRP ] watch/VBP  [ my/PRP$ thirteen/CD year/NN old/NN play/VB ] now/RB ,/,  [ you/PRP ] know/VBP ,/,","(S (NP-ADV (NN Course)) (, ,) (NP-SBJ (PRP I)) (VP (VBP know) (SBAR (-NONE- 0) (S (NP-SBJ (PRP I)) (VP (VBP watch) (S (NP-SBJ (PRP$ my) (CD thirteen) (NN year) (NN old)) (VP (VB play))) (ADVP-TMP (RB now))))) (PRN (, ,) (S (NP-SBJ (PRP you)) (VP (VBP know))))) (, ,) (-DFL- E_S))",26
sw05utt/sw_0502_3525.utt,3/sw3525,3525,17,sv,B,14,2,{C and } it's like they don't have a muscle in their body. /,and/CC  [ it/PRP ] 's/BES like/IN  [ they/PRP ] do/VBP n't/RB have/VB  [ a/DT muscle/NN ] in/IN  [ their/PRP$ body/NN ] ./.,(S (CC and) (NP-SBJ (PRP it)) (VP (BES 's) (SBAR-PRD (IN like) (S (NP-SBJ (PRP they)) (VP (VBP do) (RB n't) (VP (VB have) (NP (DT a) (NN muscle)) (PP-LOC (IN in) (NP (PRP$ their) (NN body)))))))) (. .) (-DFL- E_S)),27
sw05utt/sw_0502_3525.utt,3/sw3525,3525,18,aa,A,15,1,"{F Oh, } I know,  /","Oh/UH ,/,  [ I/PRP ] know/VBP ,/,","(S (INTJ (UH Oh)) (, ,) (NP-SBJ (PRP I)) (VP (VBP know)) (, ,) (-DFL- E_S))",29
sw05utt/sw_0502_3525.utt,3/sw3525,3525,19,sv,A,15,2,it's just unreal.  /,[ it/PRP ] 's/BES just/RB unreal/JJ ./.,(S (NP-SBJ (PRP it)) (VP (BES 's) (ADVP (RB just)) (ADJP-PRD (JJ unreal))) (. .) (-DFL- E_S)),30
sw05utt/sw_0502_3525.utt,3/sw3525,3525,20,sd,A,15,3,"[ I, + {D you know, } I'm ] a guy that plays, - /","[ I/PRP ] ,/,  [ you/PRP ] know/VBP ,/,  [ I/PRP ] 'm/VBP  [ a/DT guy/NN ] [ that/WDT ] plays/VBZ ,/,","(S (EDITED (RM (-DFL- \[)) (NP-SBJ (PRP I)) (, ,) (IP (-DFL- \+))) (PRN (S (NP-SBJ (PRP you)) (VP (VBP know))) (, ,)) (NP-SBJ (PRP I)) (VP (VBP 'm) (RS (-DFL- \])) (NP-PRD (NP (DT a) (NN guy)) (SBAR (WHNP-1 (WDT that)) (S (NP-SBJ (-NONE- *T*-1)) (VP-UNF (VBZ plays)))))) (, ,) (-DFL- N_S))",31
sw05utt/sw_0502_3525.utt,3/sw3525,3525,21,sd,A,15,4,"if I play a lot of golf, I play six to eight times a year  /","if/IN  [ I/PRP ] play/VBP  [ a/DT lot/NN ] of/IN  [ golf/NN ] ,/,  [ I/PRP ] play/VBP  [ six/CD ] to/TO  [ eight/CD times/NNS ] [ a/DT year/NN ]","(S (SBAR-ADV (IN if) (S (NP-SBJ (PRP I)) (VP (VBP play) (NP (NP (DT a) (NN lot)) (PP (IN of) (NP (NN golf))))))) (, ,) (NP-SBJ (PRP I)) (VP (VBP play) (NP-TMP (NP (QP (CD six) (TO to) (CD eight)) (NNS times)) (NP-ADV (DT a) (NN year)))) (-DFL- E_S))",32
sw05utt/sw_0502_3525.utt,3/sw3525,3525,22,sd,A,15,5,{C and } that's <laughter> about it.  /,and/CC  [ that/DT ] 's/BES about/RB  [ it/PRP ] ./.,(S (CC and) (NP-SBJ (DT that)) (VP (BES 's) (ADVP (RB about)) (NP-PRD (PRP it))) (. .) (-DFL- E_S)),33
sw05utt/sw_0502_3525.utt,3/sw3525,3525,23,sd,A,15,6,I figure that's my retirement game.  /,[ I/PRP ] figure/VBP that/DT  [ 's/BES my/PRP$ retirement/NN game/NN ] ./.,(S (NP-SBJ (PRP I)) (VP (VBP figure) (SBAR (-NONE- 0) (S (NP-SBJ (DT that)) (VP (BES 's) (NP-PRD (PRP$ my) (NN retirement) (NN game)))))) (. .) (-DFL- E_S)),34
sw05utt/sw_0502_3525.utt,3/sw3525,3525,24,%,A,15,7,"I really, - /","[ I/PRP ] really/RB ,/,","(S-UNF (NP-SBJ (PRP I)) (ADVP (RB really)) (, ,) (-DFL- N_S))",35
sw05utt/sw_0502_3525.utt,3/sw3525,3525,25,sd,A,15,8,I come from a family of golfers. /,[ I/PRP ] come/VBP from/IN  [ a/DT family/NN ] of/IN  [ golfers/NNS ] ./.,(S (NP-SBJ (PRP I)) (VP (VBP come) (PP (IN from) (NP (NP (DT a) (NN family)) (PP (IN of) (NP (NNS golfers)))))) (. .) (-DFL- E_S)),36
sw05utt/sw_0502_3525.utt,3/sw3525,3525,26,b,B,16,1,Uh-huh. /,[ Uh-huh/UH ] ./.,(INTJ (UH Uh-huh) (. .) (-DFL- E_S)),38
sw05utt/sw_0502_3525.utt,3/sw3525,3525,27,sd,A,17,1,"{E I mean, }  I was raised by a man, my stepfather who, with a two handicap, {E I mean, }  [ [ [ he, + he,  ] + he,  ] + he  ]  could get down on his knees and hit the ball,  {E I mean, } further than most people could hit it. /","[ I/PRP ] mean/VBP ,/,  [ I/PRP ] was/VBD raised/VBN by/IN  [ a/DT man/NN ] ,/,  [ my/PRP$ stepfather/NN ] [ who/WP ] ,/, with/IN  [ a/DT two/CD handicap/NN ] ,/,  [ I/PRP ] mean/VBP ,/,  [ he/PRP ] ,/,  [ he/PRP ] ,/,  [ he/PRP ] ,/,  [ he/PRP ] could/MD get/VB down/IN on/IN  [ his/PRP$ knees/NNS ] and/CC hit/VB  [ the/DT ball/NN ] ,/,  [ I/PRP ] mean/VBP ,/, further/RBR than/IN  [ most/JJS people/NNS ] could/MD hit/VB  [ it/PRP ] ./.","(S (PRN (S (NP-SBJ (PRP I)) (VP (VBP mean))) (, ,)) (NP-SBJ-1 (PRP I)) (VP (VBD was) (VP (VBN raised) (NP (-NONE- *-1)) (PP (IN by) (NP-LGS (NP (DT a) (NN man)) (, ,) (NP (PRP$ my) (NN stepfather)) (SBAR (WHNP-2 (WP who)) (, ,) (S (PP (IN with) (NP (DT a) (CD two) (NN handicap))) (PRN (, ,) (S (NP-SBJ (PRP I)) (VP (VBP mean))) (, ,)) (EDITED (RM (-DFL- \[)) (EDITED (RM (-DFL- \[)) (EDITED (RM (-DFL- \[)) (NP-SBJ (PRP he)) (, ,) (IP (-DFL- \+))) (NP-SBJ (PRP he)) (, ,) (RS (-DFL- \])) (IP (-DFL- \+))) (NP-SBJ (PRP he)) (, ,) (RS (-DFL- \])) (IP (-DFL- \+))) (NP-SBJ (NP (-NONE- *T*-2)) (NP (PRP he))) (RS (-DFL- \])) (VP (MD could) (VP (VP (VB get) (PP-LOC (IN down) (PP (IN on) (NP (PRP$ his) (NNS knees))))) (CC and) (VP (VB hit) (NP (DT the) (NN ball)) (PRN (, ,) (S (NP-SBJ (PRP I)) (VP (VBP mean))) (, ,)) (ADVP-EXT (ADVP (RBR further)) (SBAR (IN than) (S (NP-SBJ (JJS most) (NNS people)) (VP (MD could) (VP (VB hit) (NP (PRP it)))))))))))))))) (. .) (-DFL- E_S))",40
sw05utt/sw_0502_3525.utt,3/sw3525,3525,28,b,B,18,1,Sure. /,[ Sure/UH ] ./.,(INTJ (UH Sure) (. .) (-DFL- E_S)),42
sw05utt/sw_0502_3525.utt,3/sw3525,3525,29,sd,A,19,1,"[ {C And } my mother who is now, +   {A [ he's, + my stepfather is  ] dead, }  {C but } my mother who is now seventy-one <breathing>, ] I can remember her being, I believe a sixteen or  a fourteen handicap, /","And/CC  [ my/PRP$ mother/NN ] [ who/WP ] is/VBZ now/RB ,/,  [ he/PRP ] 's/BES ,/,  [ my/PRP$ stepfather/NN ] is/VBZ dead/JJ ,/, but/CC  [ my/PRP$ mother/NN ] [ who/WP ] is/VBZ now/RB  [ seventy-one/CD ] ,/,  [ I/PRP ] can/MD remember/VB  [ her/PRP ] being/VBG ,/,  [ I/PRP ] believe/VBP  [ a/DT sixteen/CD ] or/CC  [ a/DT fourteen/CD handicap/NN ] ,/,","(S (EDITED (RM (-DFL- \[)) (CC And) (NP-TPC (NP (PRP$ my) (NN mother)) (SBAR (WHNP-1 (WP who)) (S (NP-SBJ (-NONE- *T*-1)) (VP-UNF (VBZ is) (ADVP-TMP (RB now)))))) (, ,) (IP (-DFL- \+))) (PRN (S (EDITED (RM (-DFL- \[)) (S (NP-SBJ (PRP he)) (VP-UNF (BES 's))) (, ,) (IP (-DFL- \+))) (NP-SBJ (PRP$ my) (NN stepfather)) (VP (VBZ is) (RS (-DFL- \])) (ADJP-PRD (JJ dead)))) (, ,) (CC but)) (NP-TPC (NP (PRP$ my) (NN mother)) (SBAR (WHNP-2 (WP who)) (S (NP-SBJ (-NONE- *T*-2)) (VP (VBZ is) (ADVP-TMP (RB now)) (NP-PRD (CD seventy-one)))))) (, ,) (RS (-DFL- \])) (NP-SBJ (PRP I)) (VP (MD can) (VP (VB remember) (S (NP-SBJ (PRP her)) (VP (VBG being) (PRN (, ,) (S (NP-SBJ (PRP I)) (VP (VBP believe) (FRAG (NP (-NONE- *RNR*-4)))))) (NP-PRD-4 (NP (DT a) (CD sixteen) (NX (-NONE- *RNR*-3))) (CC or) (NP (DT a) (CD fourteen) (NX (-NONE- *RNR*-3))) (NX-3 (NN handicap))))))) (, ,) (-DFL- E_S))",44
sw05utt/sw_0502_3525.utt,3/sw3525.pos,3525,30,x,B,20,1,<Breathing>.,./.
sw05utt/sw_0502_3525.utt,3/sw3525,3525,31,sd,A,21,1,"[ {C but, } + {C but, }  ] {F uh, } all they did every day in their life was to play golf every, - /","but/CC ,/, but/CC ,/,  [ uh/UH ] ,/,  [ all/DT ] [ they/PRP ] did/VBD  [ every/DT day/NN ] in/IN  [ their/PRP$ life/NN ] was/VBD to/TO play/VB  [ golf/NN ] [ every/DT ] ,/,","(S (EDITED (RM (-DFL- \[)) (CC but) (, ,) (IP (-DFL- \+))) (CC but) (, ,) (RS (-DFL- \])) (INTJ (UH uh)) (, ,) (NP-SBJ (NP (DT all)) (SBAR (WHNP-1 (-NONE- 0)) (S (NP-SBJ (PRP they)) (VP (VBD did) (NP (-NONE- *T*-1)) (NP-TMP (NP (DT every) (NN day)) (PP (IN in) (NP (PRP$ their) (NN life)))))))) (VP (VBD was) (S-PRD (NP-SBJ (-NONE- *)) (VP (TO to) (VP (VB play) (NP (NN golf)) (NP-TMP-UNF (DT every)))))) (, ,) (-DFL- N_S))",47
sw05utt/sw_0502_3525.utt,3/sw3525,3525,32,sd,A,21,2,"they'd leave work and go to a golf course, or a little country club they belonged to back in Richmond, Virginia and just, {F uh, } play nine holes of golf. /","[ they/PRP ] 'd/MD leave/VB work/NN and/CC go/VB to/TO  [ a/DT golf/NN course/NN ] ,/, or/CC  [ a/DT little/JJ country/NN club/NN ] [ they/PRP ] belonged/VBD to/IN back/RB in/IN  [ Richmond/NNP ] ,/,  [ Virginia/NNP ] and/CC just/RB ,/,  [ uh/UH ] ,/, play/VB  [ nine/CD holes/NNS ] of/IN  [ golf/NN ] ./.","(S (NP-SBJ (PRP they)) (VP (MD 'd) (VP (VP (VB leave) (NP (NN work))) (CC and) (VP (VB go) (PP-DIR (TO to) (NP (NP (DT a) (NN golf) (NN course)) (, ,) (CC or) (NP (NP (NP (DT a) (JJ little) (NN country) (NN club)) (PP-LOC (-NONE- *ICH*-2))) (SBAR (WHNP-1 (-NONE- 0)) (S (NP-SBJ (PRP they)) (VP (VBD belonged) (PP (IN to) (NP (-NONE- *T*-1))) (PP-LOC-2 (ADVP (RB back)) (IN in) (NP (NP (NNP Richmond)) (, ,) (NP (NNP Virginia))))))))))) (CC and) (ADVP (RB just)) (, ,) (INTJ (UH uh)) (, ,) (VP (VB play) (NP (NP (CD nine) (NNS holes)) (PP (IN of) (NP (NN golf))))))) (. .) (-DFL- E_S))",48
sw05utt/sw_0502_3525.utt,3/sw3525,3525,33,b,B,22,1,Yeah. /,Yeah/UH ./.,(INTJ (UH Yeah) (. .) (-DFL- E_S)),50
sw05utt/sw_0502_3525.utt,3/sw3525,3525,34,sd,A,23,1,"That was their deal,  /","[ That/DT ] was/VBD  [ their/PRP$ ] deal/NN ,/,","(S (NP-SBJ (DT That)) (VP (VBD was) (NP-PRD (PRP$ their) (NN deal))) (, ,) (-DFL- E_S))",52
sw05utt/sw_0502_3525.utt,3/sw3525,3525,35,%,A,23,2,"they, -/","[ they/PRP ] ,/,","(S-UNF (NP-SBJ (PRP they)) (, ,) (-DFL- N_S))",53
sw05utt/sw_0502_3525.utt,3/sw3525,3525,36,ba,B,24,1,"That's what it takes,  /","[ That/DT ] 's/BES  [ what/WP ] [ it/PRP ] takes/VBZ ,/,","(S (NP-SBJ (DT That)) (VP (BES 's) (SBAR-NOM-PRD (WHNP-1 (WP what)) (S (NP-SBJ (PRP it)) (VP (VBZ takes) (NP (-NONE- *T*-1)))))) (, ,) (-DFL- E_S))",55
sw05utt/sw_0502_3525.utt,3/sw3525,3525,37,sv,B,24,2,"[ you, + you  ] need to play that often --","[ you/PRP ] ,/,  [ you/PRP ] need/VBP to/TO play/VB that/RB often/RB --/:","(S (EDITED (RM (-DFL- \[)) (NP-SBJ (PRP you)) (, ,) (IP (-DFL- \+))) (NP-SBJ-1 (PRP you)) (RS (-DFL- \])) (VP (VBP need) (S (NP-SBJ-2 (-NONE- *-1)) (VP (TO to) (VP (VB play) (ADVP-TMP (RB that) (RB often)) (S-PRP (NP-SBJ (-NONE- *-2)) (VP (TO to) (VP (VB get) (NP (DT a) (ADJP (RB really) (JJ good)) (NN handicap))))))))) (. .) (-DFL- E_S))",56
sw05utt/sw_0502_3525.utt,3/sw3525,3525,38,sd,A,25,1,"{C But, } {F uh } --","But/CC ,/,  [ uh/UH ] --/:","(S (CC But) (, ,) (INTJ (UH uh)) (EDITED (RM (-DFL- \[)) (NP-SBJ (PRP I)) (ADVP (RB just)) (, ,) (IP (-DFL- \+))) (NP-SBJ (PRP I)) (ADVP (RB just)) (RS (-DFL- \])) (ADVP-TMP (RB never)) (VP (MD could) (VP (VB do) (NP (PRP it)))) (. .) (-DFL- E_S))",58
sw05utt/sw_0502_3525.utt,3/sw3525,3525,39,+,B,26,1,-- to get a really good  (( handicap )) . /,--/: to/TO get/VB  [ a/DT ] really/RB  [ good/JJ handicap/NN ] ./.,"(S (EDITED (RM (-DFL- \[)) (NP-SBJ (PRP you)) (, ,) (IP (-DFL- \+))) (NP-SBJ-1 (PRP you)) (RS (-DFL- \])) (VP (VBP need) (S (NP-SBJ-2 (-NONE- *-1)) (VP (TO to) (VP (VB play) (ADVP-TMP (RB that) (RB often)) (S-PRP (NP-SBJ (-NONE- *-2)) (VP (TO to) (VP (VB get) (NP (DT a) (ADJP (RB really) (JJ good)) (NN handicap))))))))) (. .) (-DFL- E_S))",56
sw05utt/sw_0502_3525.utt,3/sw3525,3525,40,+,A,27,1,"-- [ I just, + I just ] never could do it.  /","--/:  [ I/PRP ] just/RB ,/,  [ I/PRP ] just/RB never/RB could/MD do/VB  [ it/PRP ] ./.","(S (CC But) (, ,) (INTJ (UH uh)) (EDITED (RM (-DFL- \[)) (NP-SBJ (PRP I)) (ADVP (RB just)) (, ,) (IP (-DFL- \+))) (NP-SBJ (PRP I)) (ADVP (RB just)) (RS (-DFL- \])) (ADVP-TMP (RB never)) (VP (MD could) (VP (VB do) (NP (PRP it)))) (. .) (-DFL- E_S))",58
sw05utt/sw_0502_3525.utt,3/sw3525,3525,41,sd,A,27,2,"I have a brother-in-law who is, {F uh, } an ex-college coach and like a pro  /","[ I/PRP ] have/VBP  [ a/DT brother-in-law/NN ] [ who/WP ] is/VBZ ,/,  [ uh/UH ] ,/,  [ an/DT ex-college/NN coach/NN ] and/CC like/IN  [ a/DT pro/NN ]","(S (NP-SBJ (PRP I)) (VP (VBP have) (NP (NP (DT a) (NN brother-in-law)) (SBAR (WHNP-1 (WP who)) (S (NP-SBJ (-NONE- *T*-1)) (VP (VBZ is) (, ,) (INTJ (UH uh)) (, ,) (UCP-PRD (NP (DT an) (NN ex-college) (NN coach)) (CC and) (PP (IN like) (NP (DT a) (NN pro))))))))) (-DFL- E_S))",61
sw05utt/sw_0502_3525.utt,3/sw3525,3525,42,sd,A,27,3,{C and } he has a very good handicap and plays good golf <laughter>  /,and/CC  [ he/PRP ] has/VBZ  [ a/DT very/RB good/JJ handicap/NN ] and/CC plays/VBZ  [ good/JJ golf/NN,(S (CC and) (NP-SBJ (PRP he)) (VP (VP (VBZ has) (NP (DT a) (ADJP (RB very) (JJ good)) (NN handicap))) (CC and) (VP (VBZ plays) (NP (JJ good) (NN golf)))) (-DFL- E_S)),62
sw05utt/sw_0502_3525.utt,3/sw3525,3525,43,sd,A,27,4,sort of like the non golfer golfer of the family. /,sort/NN ] of/IN like/IN  [ the/DT non/GW golfer/^NN golfer/NN ] of/IN  [ the/DT family/NN ] ./.,(FRAG (ADVP (NN sort) (IN of)) (PP (IN like) (NP (NP (DT the) (ADJP (GW non) (^NN golfer)) (NN golfer)) (PP (IN of) (NP (DT the) (NN family))))) (. .) (-DFL- E_S)),63
sw05utt/sw_0502_3525.utt,3/sw3525,3525,44,sd,B,28,1,"{D Well, } I went to, - /","Well/UH ,/,  [ I/PRP ] went/VBD to/IN ,/,","(S (INTJ (UH Well)) (, ,) (NP-SBJ (PRP I)) (VP (VBD went) (PP-DIR-UNF (IN to))) (, ,) (-DFL- N_S))",65
sw05utt/sw_0502_3525.utt,3/sw3525,3525,45,sd,B,28,2,I decided this past year that I was going to get out and  start playing a lot more  /,[ I/PRP ] decided/VBD  [ this/DT past/JJ year/NN ] that/IN  [ I/PRP ] was/VBD going/VBG to/TO get/VB out/RP and/CC start/VB playing/VBG  [ a/DT lot/NN ] more/RBR,(S (NP-SBJ (PRP I)) (VP (VBD decided) (NP-TMP (DT this) (JJ past) (NN year)) (SBAR (IN that) (S (NP-SBJ-1 (PRP I)) (VP (VBD was) (VP (VBG going) (S (NP-SBJ-2 (-NONE- *-1)) (VP (TO to) (VP (VP (VB get) (ADVP (RP out))) (CC and) (VP (VB start) (S (NP-SBJ (-NONE- *-2)) (VP (VBG playing) (ADVP (NP (DT a) (NN lot)) (RBR more))))))))))))) (-DFL- E_S)),66
sw05utt/sw_0502_3525.utt,3/sw3525,3525,46,sd,B,28,3,"{C and } [ I, + I ] went after it  /","and/CC  [ I/PRP ] ,/,  [ I/PRP ] went/VBD after/RP  [ it/PRP ]","(S (CC and) (EDITED (RM (-DFL- \[)) (NP-SBJ (PRP I)) (, ,) (IP (-DFL- \+))) (NP-SBJ (PRP I)) (RS (-DFL- \])) (VP (VBD went) (PP (RP after) (NP (PRP it)))) (-DFL- E_S))",67
sw05utt/sw_0502_3525.utt,3/sw3525,3525,47,sd,B,28,4,"{C and } [ did, + {C and } I really didn't ] find much improvement.  /","and/CC did/VBD ,/, and/CC  [ I/PRP ] really/RB did/VBD n't/RB find/VB  [ much/JJ improvement/NN ] ./.","(S (CC and) (EDITED (RM (-DFL- \[)) (VP-UNF (VBD did)) (, ,) (IP (-DFL- \+))) (CC and) (NP-SBJ (PRP I)) (ADVP (RB really)) (VP (VBD did) (RB n't) (RS (-DFL- \])) (VP (VB find) (NP (JJ much) (NN improvement)))) (. .) (-DFL- E_S))",68
sw05utt/sw_0502_3525.utt,3/sw3525,3525,48,sd*,B,28,5,"Fact, ever time I'd start trying to correct something, it seemed like the score would --   *[[listen]]","[ Fact/NN ] ,/, ever/DT  [ time/NN ] [ I/PRP ] 'd/MD start/VB trying/VBG to/TO correct/VB  [ something/NN ] ,/,  [ it/PRP ] seemed/VBD like/IN  [ the/DT score/NN ] would/MD --/:","(S (NP-ADV (NN Fact)) (, ,) (NP-TMP (NP (TYPO (DT ever)) (NN time)) (SBAR (WHADVP-3 (-NONE- 0)) (S (NP-SBJ-1 (PRP I)) (VP (MD 'd) (VP (VB start) (S (NP-SBJ-2 (-NONE- *-1)) (VP (VBG trying) (S (NP-SBJ (-NONE- *-2)) (VP (TO to) (VP (VB correct) (NP (NN something))))))) (ADVP-TMP (-NONE- *T*-3))))))) (, ,) (NP-SBJ (PRP it)) (VP (VBD seemed) (SBAR (IN like) (S (NP-SBJ (DT the) (NN score)) (VP (MD would) (EDITED (RM (-DFL- \[)) (VP-UNF (VB go)) (, ,) (IP (-DFL- \+))) (VP (VB go) (RS (-DFL- \])) (ADVP (RB back) (RP up))))))) (, ,) (-DFL- E_S))",69
sw05utt/sw_0502_3525.utt,3/sw3525,3525,49,bh,A,29,1,"{F Oh, } really? /","Oh/UH ,/, really/UH ?/.","(INTJ (INTJ (UH Oh)) (, ,) (INTJ (UH really)) (. ?) (-DFL- E_S))",71
sw05utt/sw_0502_3525.utt,3/sw3525,3525,50,+,B,30,1,"-- [ go, + go ] back up,  /","--/: go/VB ,/, go/VB back/RB up/RP ,/,","(S (NP-ADV (NN Fact)) (, ,) (NP-TMP (NP (TYPO (DT ever)) (NN time)) (SBAR (WHADVP-3 (-NONE- 0)) (S (NP-SBJ-1 (PRP I)) (VP (MD 'd) (VP (VB start) (S (NP-SBJ-2 (-NONE- *-1)) (VP (VBG trying) (S (NP-SBJ (-NONE- *-2)) (VP (TO to) (VP (VB correct) (NP (NN something))))))) (ADVP-TMP (-NONE- *T*-3))))))) (, ,) (NP-SBJ (PRP it)) (VP (VBD seemed) (SBAR (IN like) (S (NP-SBJ (DT the) (NN score)) (VP (MD would) (EDITED (RM (-DFL- \[)) (VP-UNF (VB go)) (, ,) (IP (-DFL- \+))) (VP (VB go) (RS (-DFL- \])) (ADVP (RB back) (RP up))))))) (, ,) (-DFL- E_S))",69
sw05utt/sw_0502_3525.utt,3/sw3525,3525,51,ny,B,30,2,"yeah,  /","yeah/UH ,/,","(INTJ (UH yeah) (, ,) (-DFL- E_S))",73
sw05utt/sw_0502_3525.utt,3/sw3525,3525,52,sv,B,30,3,"[ I, + I ] --","[ I/PRP ] ,/,  [ I/PRP ] --/:","(S (CC and) (EDITED (RM (-DFL- \[)) (NP-SBJ (PRP I)) (, ,) (IP (-DFL- \+))) (NP-SBJ (PRP I)) (RS (-DFL- \])) (VP (VBD went) (PP (RP after) (NP (PRP it)))) (-DFL- E_S))",67
sw05utt/sw_0502_3525.utt,3/sw3525,3525,53,b,A,31,1,Yeah. /,Yeah/UH ./.,(INTJ (UH Yeah) (. .) (-DFL- E_S)),50
sw05utt/sw_0502_3525.utt,3/sw3525,3525,54,+,B,32,1,"-- think I need to, {F uh, } - /","--/: think/VBP  [ I/PRP ] need/VBP to/TO ,/,  [ uh/UH ] ,/,","(S (EDITED (RM (-DFL- \[)) (NP-SBJ (PRP I)) (, ,) (IP (-DFL- \+))) (NP-SBJ (PRP I)) (RS (-DFL- \])) (VP (VBP think) (SBAR (-NONE- 0) (S (NP-SBJ-1 (PRP I)) (VP (VBP need) (S (NP-SBJ (-NONE- *-1)) (VP-UNF (TO to)))))) (, ,) (INTJ (UH uh))) (, ,) (-DFL- N_S))",74
sw05utt/sw_0502_3525.utt,3/sw3525,3525,55,sv,B,32,2,"I probably need to take [ some, + some ] more lessons, {F uh, } more current --","[ I/PRP ] probably/RB need/VBP to/TO take/VB  [ some/DT ] ,/,  [ some/DT more/JJR lessons/NNS ] ,/,  [ uh/UH ] ,/, more/RBR current/JJ --/:","(S (NP-SBJ-1 (PRP I)) (ADVP (RB probably)) (VP (VBP need) (S (NP-SBJ (-NONE- *-1)) (VP (TO to) (VP (VP (VB take) (EDITED (RM (-DFL- \[)) (NP-UNF (DT some)) (, ,) (IP (-DFL- \+))) (NP (DT some) (RS (-DFL- \])) (JJR more) (NNS lessons))) (, ,) (INTJ (UH uh)) (, ,) (EDITED (NP-UNF (ADJP (RBR more) (JJ current)))) (EDITED (RM (-DFL- \[)) (CC and) (, ,) (IP (-DFL- \+))) (INTJ (UH uh)) (, ,) (CC and) (RS (-DFL- \])) (VP (VB practice) (ADVP-TMP (RBR more) (RB often))))))) (. .) (-DFL- E_S))",78
sw05utt/sw_0502_3525.utt,3/sw3525,3525,56,b,A,33,1,Yeah. /,Yeah/UH ./.,(INTJ (UH Yeah) (. .) (-DFL- E_S)),50
sw05utt/sw_0502_3525.utt,3/sw3525,3525,57,+,B,34,1,"-- [ and, +  {F uh, } and ] practice more often.  /","--/: and/CC ,/,  [ uh/UH ] ,/, and/CC practice/VB more/RBR often/RB ./.","(S (NP-SBJ-1 (PRP I)) (ADVP (RB probably)) (VP (VBP need) (S (NP-SBJ (-NONE- *-1)) (VP (TO to) (VP (VP (VB take) (EDITED (RM (-DFL- \[)) (NP-UNF (DT some)) (, ,) (IP (-DFL- \+))) (NP (DT some) (RS (-DFL- \])) (JJR more) (NNS lessons))) (, ,) (INTJ (UH uh)) (, ,) (EDITED (NP-UNF (ADJP (RBR more) (JJ current)))) (EDITED (RM (-DFL- \[)) (CC and) (, ,) (IP (-DFL- \+))) (INTJ (UH uh)) (, ,) (CC and) (RS (-DFL- \])) (VP (VB practice) (ADVP-TMP (RBR more) (RB often))))))) (. .) (-DFL- E_S))",78
sw05utt/sw_0502_3525.utt,3/sw3525,3525,58,sv,B,34,2,"Spend more time on the, -/","Spend/VB  [ more/JJR time/NN ] on/IN  [ the/DT ] ,/,","(VP (VB Spend) (NP (JJR more) (NN time)) (PP-LOC (IN on) (NP-UNF (DT the))) (, ,) (-DFL- N_S))",82
sw05utt/sw_0502_3525.utt,3/sw3525,3525,59,sv,A,35,1,I think I'm probably the same way.  /,[ I/PRP ] think/VBP  [ I/PRP ] 'm/VBP probably/RB  [ the/DT same/JJ way/NN ] ./.,(S (NP-SBJ (PRP I)) (VP (VBP think) (SBAR (-NONE- 0) (S (NP-SBJ (PRP I)) (VP (VBP 'm) (ADVP (RB probably)) (NP-MNR-PRD (DT the) (JJ same) (NN way)))))) (. .) (-DFL- E_S)),84
sw05utt/sw_0502_3525.utt,3/sw3525,3525,60,sv,A,35,2,Lessons do help.   /,[ Lessons/NNS ] do/VBP help/VB ./.,(S (NP-SBJ (NNS Lessons)) (VP (VBP do) (VP (VB help))) (. .) (-DFL- E_S)),85
sw05utt/sw_0502_3525.utt,3/sw3525,3525,61,sd,A,35,3,"I know ever year we buy, - /","[ I/PRP ] know/VBP ever/DT  [ year/NN ] [ we/PRP ] buy/VBP ,/,","(S (NP-SBJ (PRP I)) (VP (VBP know) (SBAR (-NONE- 0) (S (NP-TMP (TYPO (DT ever)) (NN year)) (NP-SBJ (PRP we)) (VP-UNF (VBP buy))))) (, ,) (-DFL- N_S))",86
sw05utt/sw_0502_3525.utt,3/sw3525,3525,62,sd,A,35,4,"I go to this Ducks Unlimited dinner,  /","[ I/PRP ] go/VBP to/IN  [ this/DT Ducks/NNP Unlimited/NNP dinner/NN ] ,/,","(S (NP-SBJ (PRP I)) (VP (VBP go) (PP-DIR (IN to) (NP (DT this) (NNP Ducks) (NNP Unlimited) (NN dinner)))) (, ,) (-DFL- E_S))",87
sw05utt/sw_0502_3525.utt,3/sw3525,3525,63,sd,A,35,5,it's a hunter's type affair -- /,[ it/PRP ] 's/BES  [ a/DT hunter/NN 's/POS type/NN affair/NN ] --/:,(S (NP-SBJ (PRP it)) (VP (BES 's) (NP-PRD (NP (DT a) (NN hunter) (POS 's)) (NN type) (NN affair))) (-DFL- E_S)),88
sw05utt/sw_0502_3525.utt,3/sw3525,3525,64,b,B,36,1,Uh-huh. /,[ Uh-huh/UH ] ./.,(INTJ (UH Uh-huh) (. .) (-DFL- E_S)),90
sw05utt/sw_0502_3525.utt,3/sw3525,3525,65,sd,A,37,1,"-- {C and } I buy [ in, + in ] Austin, Texas, - /","--/: and/CC  [ I/PRP ] buy/VBP in/IN ,/, in/IN  [ Austin/NNP ] ,/,  [ Texas/NNP ] ,/,","(S (CC and) (NP-SBJ (PRP I)) (VP-UNF (VBP buy) (EDITED (RM (-DFL- \[)) (PP-LOC-UNF (IN in)) (, ,) (IP (-DFL- \+))) (PP-LOC (IN in) (RS (-DFL- \])) (NP (NP (NNP Austin)) (, ,) (NP (NNP Texas))))) (, ,) (-DFL- N_S))",92
sw05utt/sw_0502_3525.utt,3/sw3525,3525,66,sd,A,37,2,"I go down to Austin,  /","[ I/PRP ] go/VBP down/IN to/IN  [ Austin/NNP ] ,/,","(S (NP-SBJ (PRP I)) (VP (VBP go) (PP-DIR (IN down) (PP (IN to) (NP (NNP Austin))))) (, ,) (-DFL- E_S))",93
sw05utt/sw_0502_3525.utt,3/sw3525,3525,67,sd,A,37,3,"I live in the Dallas area, but I go down to Austin and go with my good customer and friend of mine -- /","[ I/PRP ] live/VBP in/IN  [ the/DT Dallas/NNP area/NN ] ,/, but/CC  [ I/PRP ] go/VBP down/IN to/IN  [ Austin/NNP ] and/CC go/VBP with/IN  [ my/PRP$ good/JJ customer/NN ] and/CC  [ friend/NN ] of/IN  [ mine/NN ] --/:","(S (NP-SBJ (PRP I)) (VP (VBP live) (PP-LOC (IN in) (NP (DT the) (NNP Dallas) (NN area)))) (, ,))|||(S (CC but) (NP-SBJ (PRP I)) (VP (VP (VBP go) (PP-DIR (IN down) (PP (IN to) (NP (NNP Austin))))) (CC and) (VP (VBP go) (PP (IN with) (NP (NP (PRP$ my) (JJ good) (NN customer)) (CC and) (NP (NP (NN friend)) (PP (IN of) (NP (NN mine)))))))) (-DFL- E_S))",94|||95
sw05utt/sw_0502_3525.utt,3/sw3525,3525,68,b,B,38,1,Uh-huh. /,[ Uh-huh/UH ] ./.,(INTJ (UH Uh-huh) (. .) (-DFL- E_S)),90
sw05utt/sw_0502_3525.utt,3/sw3525,3525,69,sd,A,39,1,"-- {C and } we always buy this weekend [ at a, + at a ] country club in the hill country.","--/: and/CC  [ we/PRP ] always/RB buy/VBP  [ this/DT weekend/NN ] at/IN  [ a/DT ] ,/, at/IN  [ a/DT country/NN club/NN ] in/IN  [ the/DT hill/NN country/NN ] ./.","(S (CC and) (NP-SBJ (PRP we)) (ADVP-TMP (RB always)) (VP (VBP buy) (NP (NP (DT this) (NN weekend)) (EDITED (RM (-DFL- \[)) (PP-LOC (IN at) (NP-UNF (DT a))) (, ,) (IP (-DFL- \+))) (PP (IN at) (NP (NP (DT a) (RS (-DFL- \])) (NN country) (NN club)) (PP-LOC (IN in) (NP (DT the) (NN hill) (NN country))) (PRN (. .) (S (NP-SBJ (PRP You)) (VP (VBP know))) (, ,)) (PP-LOC (IN at) (, ,) (INTJ (UH uh)) (, ,) (NP (NNP Horseshoe) (NNP Bay))))))) (. .) (-DFL- E_S))",99
sw05utt/sw_0502_3525.utt,3/sw3525,3525,70,b,B,40,1,"{F Oh, } yeah. /","Oh/UH ,/, yeah/UH ./.","(INTJ (INTJ (UH Oh)) (, ,) (INTJ (UH yeah)) (. .) (-DFL- E_S))",101
sw05utt/sw_0502_3525.utt,3/sw3525,3525,71,+,A,41,1,"{D You know, } at, {F uh, } Horseshoe Bay. /","[ You/PRP ] know/VBP ,/, at/IN ,/,  [ uh/UH ] ,/,  [ Horseshoe/NNP Bay/NNP ] ./.","(S (CC and) (NP-SBJ (PRP we)) (ADVP-TMP (RB always)) (VP (VBP buy) (NP (NP (DT this) (NN weekend)) (EDITED (RM (-DFL- \[)) (PP-LOC (IN at) (NP-UNF (DT a))) (, ,) (IP (-DFL- \+))) (PP (IN at) (NP (NP (DT a) (RS (-DFL- \])) (NN country) (NN club)) (PP-LOC (IN in) (NP (DT the) (NN hill) (NN country))) (PRN (. .) (S (NP-SBJ (PRP You)) (VP (VBP know))) (, ,)) (PP-LOC (IN at) (, ,) (INTJ (UH uh)) (, ,) (NP (NNP Horseshoe) (NNP Bay))))))) (. .) (-DFL- E_S))",99
sw05utt/sw_0502_3525.utt,3/sw3525,3525,72,aa,B,42,1,"{F Oh, } yeah,  /","Oh/UH ,/, yeah/UH ,/,","(INTJ (INTJ (UH Oh)) (, ,) (INTJ (UH yeah)) (, ,) (-DFL- E_S))",104
sw05utt/sw_0502_3525.utt,3/sw3525,3525,73,sd,B,42,2,I'm familiar with it. /,[ I/PRP ] 'm/VBP familiar/JJ with/IN  [ it/PRP ] ./.,(S (NP-SBJ (PRP I)) (VP (VBP 'm) (ADJP-PRD (JJ familiar) (PP (IN with) (NP (PRP it))))) (. .) (-DFL- E_S)),105
sw05utt/sw_0502_3525.utt,3/sw3525,3525,74,sd,A,43,1,"{C And } we just have a ball,  /","And/CC  [ we/PRP ] just/RB have/VBP  [ a/DT ball/NN ] ,/,","(S (CC And) (NP-SBJ (PRP we)) (ADVP (RB just)) (VP (VBP have) (NP (DT a) (NN ball))) (, ,) (-DFL- E_S))",107
sw05utt/sw_0502_3525.utt,3/sw3525,3525,75,sd,A,43,2,"{C and } we play three days in a row, three different courses  /","and/CC  [ we/PRP ] play/VBP  [ three/CD days/NNS ] in/IN  [ a/DT row/NN ] ,/,  [ three/CD different/JJ courses/NNS ]","(S (CC and) (NP-SBJ (PRP we)) (VP (VBP play) (NP-TMP (NP (CD three) (NNS days)) (PP (IN in) (NP (DT a) (NN row)))) (, ,) (NP (CD three) (JJ different) (NNS courses))) (-DFL- E_S))",108
sw05utt/sw_0502_3525.utt,3/sw3525,3525,76,sd,A,43,3,"{C and, } course, believe it or not by the end of the third day and the end of the, {F uh, } third course, my score has gone from, {D you know, } a hundred and  twenty down to about a hundred and five.  /","and/CC ,/,  [ course/NN ] ,/, believe/VB  [ it/PRP ] or/CC not/RB by/IN  [ the/DT end/NN ] of/IN  [ the/DT third/JJ day/NN ] and/CC  [ the/DT end/NN ] of/IN  [ the/DT ] ,/,  [ uh/UH ] ,/,  [ third/JJ course/NN ] ,/,  [ my/PRP$ score/NN ] has/VBZ gone/VBN from/IN ,/,  [ you/PRP ] know/VBP ,/,  [ a/DT hundred/CD ] and/CC  [ twenty/CD ] down/RP to/IN about/RB  [ a/DT hundred/CD ] and/CC  [ five/CD ] ./.","(S (CC and) (, ,) (NP-ADV (NN course)) (PRN (, ,) (S-IMP (NP-SBJ (-NONE- *)) (VP (VP (VB believe) (NP (PRP it))) (CC or) (VP (FRAG (RB not)))))) (PP-TMP (IN by) (NP (NP (NP (DT the) (NN end)) (PP (IN of) (NP (DT the) (JJ third) (NN day)))) (CC and) (NP (NP (DT the) (NN end)) (PP (IN of) (NP (DT the) (, ,) (INTJ (UH uh)) (, ,) (JJ third) (NN course)))))) (, ,) (NP-SBJ (PRP$ my) (NN score)) (VP (VBZ has) (VP (VBN gone) (PP (IN from) (PRN (, ,) (S (NP-SBJ (PRP you)) (VP (VBP know))) (, ,)) (NP (QP (DT a) (CD hundred) (CC and) (CD twenty)))) (PP (RP down) (PP (IN to) (NP (QP (RB about) (DT a) (CD hundred) (CC and) (CD five))))))) (. .) (-DFL- E_S))",109
sw05utt/sw_0502_3525.utt,3/sw3525,3525,77,%,A,43,4,"{C So, } -/","So/UH ,/,","(S-UNF (RB So) (, ,) (-DFL- N_S))",110
sw05utt/sw_0502_3525.utt,3/sw3525,3525,78,aa,B,44,1,"{F Oh, } yeah,  /","Oh/UH ,/, yeah/UH ,/,","(INTJ (INTJ (UH Oh)) (, ,) (INTJ (UH yeah)) (, ,) (-DFL- E_S))",104
sw05utt/sw_0502_3525.utt,3/sw3525,3525,79,sd,B,44,2,"if you play regular, I think it makes a big difference. /","if/IN  [ you/PRP ] play/VBP  [ regular/RB ] ,/,  [ I/PRP ] think/VBP  [ it/PRP ] makes/VBZ  [ a/DT big/JJ difference/NN ] ./.","(S (SBAR-ADV-TPC-1 (IN if) (S (NP-SBJ (PRP you)) (VP (VBP play) (ADVP-MNR (RB regular))))) (, ,) (NP-SBJ (PRP I)) (VP (VBP think) (SBAR (-NONE- 0) (S (SBAR-ADV (-NONE- *T*-1)) (NP-SBJ (PRP it)) (VP (VBZ makes) (NP (DT a) (JJ big) (NN difference)))))) (. .) (-DFL- E_S))",113
sw05utt/sw_0502_3525.utt,3/sw3525,3525,80,aa,A,45,1,"You bet,  /","[ You/PRP ] bet/VB ,/,","(S (NP-SBJ (PRP You)) (VP (VB bet)) (, ,) (-DFL- E_S))",115
sw05utt/sw_0502_3525.utt,3/sw3525,3525,81,sd,A,45,2,"{C so } [ it, + that ] makes a lot of difference to me. /","so/RB  [ it/PRP ] ,/,  [ that/DT ] makes/VBZ  [ a/DT lot/NN ] of/IN  [ difference/NN ] to/IN  [ me/PRP ] ./.","(S (RB so) (EDITED (RM (-DFL- \[)) (NP-SBJ (PRP it)) (, ,) (IP (-DFL- \+))) (NP-SBJ (DT that)) (RS (-DFL- \])) (VP (VBZ makes) (NP (NP (DT a) (NN lot)) (PP (IN of) (NP (NN difference)))) (PP (IN to) (NP (PRP me)))) (. .) (-DFL- E_S))",116
sw05utt/sw_0502_3525.utt,3/sw3525,3525,82,aa,B,46,1,"Yeah,  /","Yeah/UH ,/,","(INTJ (UH Yeah) (, ,) (-DFL- E_S))",118
sw05utt/sw_0502_3525.utt,3/sw3525,3525,83,aa^r,B,46,2,"yeah,  /","yeah/UH ,/,","(INTJ (UH yeah) (, ,) (-DFL- E_S))",119
sw05utt/sw_0502_3525.utt,3/sw3525,3525,84,sd,B,46,3,"[ I, + {D well, } I've  ] also found, too,  [ I, + I ] try to work out regularly  /","[ I/PRP ] ,/, well/UH ,/,  [ I/PRP ] 've/VBP also/RB found/VBN ,/, too/RB ,/,  [ I/PRP ] ,/,  [ I/PRP ] try/VBP to/TO work/VB out/RP regularly/RB","(S (EDITED (RM (-DFL- \[)) (NP-SBJ (PRP I)) (, ,) (IP (-DFL- \+))) (INTJ (UH well)) (, ,) (NP-SBJ (PRP I)) (VP (VBP 've) (RS (-DFL- \])) (ADVP (RB also)) (VP-UNF (VBN found) (, ,) (ADVP (RB too)))) (, ,))|||(S (EDITED (RM (-DFL- \[)) (NP-SBJ (PRP I)) (, ,) (IP (-DFL- \+))) (NP-SBJ-1 (PRP I)) (RS (-DFL- \])) (VP (VBP try) (S (NP-SBJ (-NONE- *-1)) (VP (TO to) (VP (VB work) (PRT (RP out)) (ADVP-MNR (RB regularly)))))) (-DFL- E_S))",120|||121
sw05utt/sw_0502_3525.utt,3/sw3525,3525,85,sd,B,46,4,"{C and } when I am doing that, {F uh, } and feeling loose  [ and, + ]  that I swing better,  /","and/CC when/WRB  [ I/PRP ] am/VBP doing/VBG  [ that/DT ] ,/,  [ uh/UH ] ,/, and/CC feeling/VBG  [ loose/JJ ] and/CC ,/, that/IN  [ I/PRP ] swing/VBP better/RB ,/,","(S (CC and) (SBAR-TMP (WHADVP-1 (WRB when)) (S (NP-SBJ (PRP I)) (VP (VBP am) (VP (VP (VBG doing) (NP (DT that)) (ADVP-TMP (-NONE- *T*-1))) (, ,) (INTJ (UH uh)) (, ,) (CC and) (VP (VBG feeling) (ADJP-PRD (JJ loose))) (RM (-DFL- \[)) (CC and) (, ,) (IP (-DFL- \+)) (RS (-DFL- \])) (NP-ETC (IN that)))))) (NP-SBJ (PRP I)) (VP (VBP swing) (ADVP-MNR (RB better))) (, ,) (-DFL- E_S))",122
sw05utt/sw_0502_3525.utt,3/sw3525,3525,86,sd,B,46,5,"[ [ I, + I,  ] + I ] get through the ball better.   /","[ I/PRP ] ,/,  [ I/PRP ] ,/,  [ I/PRP ] get/VBP through/RP  [ the/DT ball/NN ] better/RB ./.","(S (EDITED (RM (-DFL- \[)) (EDITED (RM (-DFL- \[)) (NP-SBJ (PRP I)) (, ,) (IP (-DFL- \+))) (NP-SBJ (PRP I)) (, ,) (RS (-DFL- \])) (IP (-DFL- \+))) (NP-SBJ (PRP I)) (RS (-DFL- \])) (VP (VBP get) (PP (RP through) (NP (DT the) (NN ball))) (ADVP-MNR (RB better))) (. .) (-DFL- E_S))",123
sw05utt/sw_0502_3525.utt,3/sw3525,3525,87,%,B,46,6,"{F Uh, } {C and } I also, if I, - /","[ Uh/UH ] ,/, and/CC  [ I/PRP ] also/RB ,/, if/IN  [ I/PRP ] ,/,","(S-UNF (INTJ (UH Uh)) (, ,) (CC and) (NP-SBJ (PRP I)) (ADVP (RB also)) (, ,) (SBAR-ADV (IN if) (S-UNF (NP-SBJ (PRP I)))) (, ,) (-DFL- N_S))",124
sw05utt/sw_0502_3525.utt,3/sw3525,3525,88,sd,B,46,7,"I found as I've gotten a little older here, I worry less about my distance. /","[ I/PRP ] found/VBD as/IN  [ I/PRP ] 've/VBP gotten/VBN  [ a/DT little/RB older/JJR ] here/RB ,/,  [ I/PRP ] worry/VBP less/RBR about/IN  [ my/PRP$ distance/NN ] ./.","(S (NP-SBJ (PRP I)) (VP (VBD found) (SBAR (-NONE- 0) (S (SBAR-TMP (IN as) (S (NP-SBJ (PRP I)) (VP (VBP 've) (VP (VBN gotten) (ADJP-PRD (NP-ADV (DT a) (RB little)) (JJR older)) (ADVP (RB here)))))) (, ,) (NP-SBJ (PRP I)) (VP (VBP worry) (ADVP (RBR less)) (PP (IN about) (NP (PRP$ my) (NN distance))))))) (. .) (-DFL- E_S))",125
sw05utt/sw_0502_3525.utt,3/sw3525,3525,89,aa,A,47,1,You bet. /,[ You/PRP ] bet/VB ./.,(S (NP-SBJ (PRP You)) (VP (VB bet)) (. .) (-DFL- E_S)),127
sw05utt/sw_0502_3525.utt,3/sw3525,3525,90,%,B,48,1,"{C And } I, - /","And/CC  [ I/PRP ] ,/,","(S-UNF (CC And) (NP-SBJ (PRP I)) (, ,) (-DFL- N_S))",129
sw05utt/sw_0502_3525.utt,3/sw3525,3525,91,sd,B,48,2,my control is a little bit better there. /,[ my/PRP$ control/NN ] is/VBZ  [ a/DT little/JJ bit/NN ] better/RB there/RB ./.,(S (NP-SBJ (PRP$ my) (NN control)) (VP (VBZ is) (ADJP-PRD (NP-ADV (DT a) (JJ little) (NN bit)) (RB better)) (ADVP (RB there))) (. .) (-DFL- E_S)),130
sw05utt/sw_0502_3525.utt,3/sw3525,3525,92,aa,A,49,1,Yeah. /,Yeah/UH ./.,(INTJ (UH Yeah) (. .) (-DFL- E_S)),132
sw05utt/sw_0502_3525.utt,3/sw3525,3525,93,%,B,50,1,"{F Uh, } {C so, } -/","[ Uh/UH ] ,/, so/UH ,/,","(S-UNF (INTJ (UH Uh)) (, ,) (RB so) (, ,) (-DFL- N_S))",134
sw05utt/sw_0502_3525.utt,3/sw3525,3525,94,ba,A,51,1,That's super.  /,[ That/DT ] 's/BES super/JJ ./.,(S (NP-SBJ (DT That)) (VP (BES 's) (ADJP-PRD (JJ super))) (. .) (-DFL- E_S)),136
sw05utt/sw_0502_3525.utt,3/sw3525,3525,95,sd,A,51,2,I haven't learned to hit the ball easy  /,[ I/PRP ] have/VBP n't/RB learned/VBN to/TO hit/VB  [ the/DT ball/NN ] easy/RB,(S (NP-SBJ-1 (PRP I)) (VP (VBP have) (RB n't) (VP (VBN learned) (S (NP-SBJ (-NONE- *-1)) (VP (TO to) (VP (VB hit) (NP (DT the) (NN ball)) (ADVP-MNR (RB easy))))))) (-DFL- E_S)),137
sw05utt/sw_0502_3525.utt,3/sw3525,3525,96,sd,A,51,3,"{C and } I just sort of, -/","and/CC  [ I/PRP ] just/RB sort/RB of/RB ,/,","(S-UNF (CC and) (NP-SBJ (PRP I)) (ADVP (RB just)) (ADVP (RB sort) (RB of)) (, ,) (-DFL- N_S))",138
sw05utt/sw_0502_3525.utt,3/sw3525.pos,3525,97,x,B,52,1,<Laughter>.,./.
sw05utt/sw_0502_3525.utt,3/sw3525,3525,98,sd,A,53,1,I'm always wanting to hit it hard  /,[ I/PRP ] 'm/VBP always/RB wanting/VBG to/TO hit/VB  [ it/PRP ] hard/RB,(S (NP-SBJ-1 (PRP I)) (VP (VBP 'm) (ADVP-TMP (RB always)) (VP (VBG wanting) (S (NP-SBJ (-NONE- *-1)) (VP (TO to) (VP (VB hit) (NP (PRP it)) (ADVP-MNR (RB hard))))))) (-DFL- E_S)),141
sw05utt/sw_0502_3525.utt,3/sw3525,3525,99,sd,A,53,2,"{C and, } that's something my stepfather never could teach me, {D you know, } just to relax and hit the ball,  /","and/CC ,/,  [ that/DT ] 's/BES  [ something/NN ] [ my/PRP$ stepfather/NN ] never/RB could/MD teach/VB  [ me/PRP ] ,/,  [ you/PRP ] know/VBP ,/, just/RB to/TO relax/VB and/CC hit/VB  [ the/DT ball/NN ] ,/,","(S (CC and) (, ,) (NP-SBJ (DT that)) (VP (BES 's) (NP-PRD (NP (NN something)) (SBAR (WHNP-1 (-NONE- 0)) (S (NP-SBJ (PRP$ my) (NN stepfather)) (ADVP-TMP (RB never)) (VP (MD could) (VP (VB teach) (NP (PRP me)) (NP (-NONE- *T*-1))))))) (PRN (, ,) (S (NP-SBJ (PRP you)) (VP (VBP know))) (, ,)) (S-TPC (NP-SBJ (-NONE- *)) (ADVP (RB just)) (VP (TO to) (VP (VP (VB relax)) (CC and) (VP (VB hit) (NP (DT the) (NN ball))))))) (, ,) (-DFL- E_S))",142
sw05utt/sw_0502_3525.utt,3/sw3525,3525,100,sd,A,53,3,"{C and, } {D you know, } {D so, } subsequently when I do tire out from playing like twelve, fourteen holes, [ my, + {D you know, } a lot of my ] energy's gone,  /","and/CC ,/,  [ you/PRP ] know/VBP ,/, so/RB ,/, subsequently/RB when/WRB  [ I/PRP ] do/VBP tire/VB out/RP from/IN playing/VBG like/IN  [ twelve/CD ] ,/,  [ fourteen/CD holes/NNS ] ,/,  [ my/PRP$ ] ,/,  [ you/PRP ] know/VBP ,/,  [ a/DT lot/NN ] of/IN  [ my/PRP$ energy/NN ] 's/BES gone/VBN ,/,","(S (CC and) (PRN (, ,) (S (NP-SBJ (PRP you)) (VP (VBP know))) (, ,)) (INTJ (UH so)) (, ,) (ADVP-TMP (RB subsequently)) (SBAR-TMP (WHADVP-2 (WRB when)) (S (NP-SBJ-1 (PRP I)) (VP (VBP do) (VP (VB tire) (PRT (RP out)) (PP-PRP (IN from) (S-NOM (NP-SBJ (-NONE- *-1)) (VP (VBG playing) (NP (QP (IN like) (CD twelve) (, ,) (CD fourteen)) (NNS holes))))) (ADVP-TMP (-NONE- *T*-2)))))) (, ,) (EDITED (RM (-DFL- \[)) (NP-SBJ-UNF (PRP$ my)) (, ,) (IP (-DFL- \+))) (PRN (S (NP-SBJ (PRP you)) (VP (VBP know))) (, ,)) (NP-SBJ (NP (DT a) (NN lot)) (PP (IN of) (NP (PRP$ my) (RS (-DFL- \])) (NN energy)))) (VP (BES 's) (VP (VBN gone))) (, ,) (-DFL- E_S))",143
sw05utt/sw_0502_3525.utt,3/sw3525,3525,101,sd,A,53,4,when I do swing it's an easier swing -- /,when/WRB  [ I/PRP ] do/VBP swing/VB  [ it/PRP ] 's/BES  [ an/DT easier/JJR swing/NN ] --/:,(S (SBAR-TMP (WHADVP-1 (WRB when)) (S (NP-SBJ (PRP I)) (VP (VBP do) (VP (VB swing) (ADVP-TMP (-NONE- *T*-1)))))) (NP-SBJ (PRP it)) (VP (BES 's) (NP-PRD (DT an) (JJR easier) (NN swing))) (-DFL- E_S)),144
sw05utt/sw_0502_3525.utt,3/sw3525,3525,102,b,B,54,1,Uh-huh. /,[ Uh-huh/UH ] ./.,(INTJ (UH Uh-huh) (. .) (-DFL- E_S)),146
sw05utt/sw_0502_3525.utt,3/sw3525,3525,103,sd,A,55,1,"-- {C and } I do, actually, hit the ball better. /","--/: and/CC  [ I/PRP ] do/VBP ,/, actually/RB ,/, hit/VB  [ the/DT ball/NN ] better/RBR ./.","(S (CC and) (NP-SBJ (PRP I)) (VP (VBP do) (, ,) (ADVP (RB actually)) (, ,) (VP (VB hit) (NP (DT the) (NN ball)) (ADVP-MNR (RBR better)))) (. .) (-DFL- E_S))",148
sw05utt/sw_0502_3525.utt,3/sw3525,3525,104,b,B,56,1,Uh-huh.  /,[ Uh-huh/UH ] ./.,(INTJ (UH Uh-huh) (. .) (-DFL- E_S)),146
sw05utt/sw_0502_3525.utt,3/sw3525,3525,105,qy,B,56,2,"[ Have you ever, + have you ever  ] tried a one iron? /","Have/VBP  [ you/PRP ] ever/RB ,/, have/VBP  [ you/PRP ] ever/RB tried/VBN  [ a/DT one/CD iron/NN ] ?/.","(SQ (EDITED (RM (-DFL- \[)) (SQ-UNF (VBP Have) (NP-SBJ (PRP you)) (ADVP-TMP (RB ever))) (, ,) (IP (-DFL- \+))) (VBP have) (NP-SBJ (PRP you)) (ADVP-TMP (RB ever)) (RS (-DFL- \])) (VP (VBN tried) (NP (DT a) (CD one) (NN iron))) (. ?) (-DFL- E_S))",151
sw05utt/sw_0502_3525.utt,3/sw3525,3525,106,nn,A,57,1,"No,  /","No/UH ,/,","(INTJ (UH No) (, ,) (-DFL- E_S))",153
sw05utt/sw_0502_3525.utt,3/sw3525,3525,107,sd^e,A,57,2,"I have a <breathing> [ two through, + {D you know, } two through  ] wedge.  /","[ I/PRP ] have/VBP  [ a/DT two/CD ] through/JJ ,/,  [ you/PRP ] know/VBP ,/,  [ two/CD ] through/JJ  [ wedge/NN ] ./.","(S (NP-SBJ (PRP I)) (VP (VBP have) (NP (DT a) (EDITED (RM (-DFL- \[)) (CD two) (JJ through) (, ,) (IP (-DFL- \+))) (PRN (S (NP-SBJ (PRP you)) (VP (VBP know))) (, ,)) (CD two) (JJ through) (RS (-DFL- \])) (NN wedge))) (. .) (-DFL- E_S))",154
sw05utt/sw_0502_3525.utt,3/sw3525,3525,108,sd,A,57,3,I hit a two iron awful lot.  /,[ I/PRP ] hit/VBP  [ a/DT two/CD iron/NN awful/RB lot/NN ] ./.,(S (NP-SBJ (PRP I)) (VP (VBP hit) (NP (DT a) (CD two) (NN iron)) (NP-TMP (RB awful) (NN lot))) (. .) (-DFL- E_S)),155
sw05utt/sw_0502_3525.utt,3/sw3525,3525,109,sd,A,57,4,"[ Off,  now, + off + ] the tee. /","Off/IN ,/, now/RB ,/, off/IN  [ the/DT tee/NN ] ./.","(S (EDITED (RM (-DFL- \[)) (PP-LOC-UNF (IN Off)) (, ,)) (INTJ (RB now)) (, ,) (IP (-DFL- \+)) (PP-LOC (IN off) (IP (-DFL- \+)) (RS (-DFL- \])) (NP (DT the) (NN tee))) (. .) (NP-SBJ (PRP I)) (VP (VBP do) (RB n't) (VP (VB hit) (NP (DT a) (NN driver)) (PP-LOC (IN off) (NP (DT the) (NN tee))))) (. .) (-DFL- E_S))",156
sw05utt/sw_0502_3525.utt,3/sw3525,3525,110,b,B,58,1,Uh-huh. /,[ Uh-huh/UH ] ./.,(INTJ (UH Uh-huh) (. .) (-DFL- E_S)),146
sw05utt/sw_0502_3525.utt,3/sw3525,3525,111,sd,A,59,1,I don't hit a driver off the tee.  /,[ I/PRP ] do/VBP n't/RB hit/VB  [ a/DT driver/NN ] off/IN  [ the/DT tee/NN ] ./.,"(S (EDITED (RM (-DFL- \[)) (PP-LOC-UNF (IN Off)) (, ,)) (INTJ (RB now)) (, ,) (IP (-DFL- \+)) (PP-LOC (IN off) (IP (-DFL- \+)) (RS (-DFL- \])) (NP (DT the) (NN tee))) (. .) (NP-SBJ (PRP I)) (VP (VBP do) (RB n't) (VP (VB hit) (NP (DT a) (NN driver)) (PP-LOC (IN off) (NP (DT the) (NN tee))))) (. .) (-DFL- E_S))",156
sw05utt/sw_0502_3525.utt,3/sw3525,3525,112,sd,A,59,2,"[ That, + that's ] why I need my driving lessons. /","[ That/DT ] ,/,  [ that/DT ] 's/BES why/WRB  [ I/PRP ] need/VBP  [ my/PRP$ driving/NN lessons/NNS ] ./.","(S (EDITED (RM (-DFL- \[)) (NP-SBJ (DT That)) (, ,) (IP (-DFL- \+))) (NP-SBJ (DT that)) (VP (BES 's) (RS (-DFL- \])) (SBAR-PRP-PRD (WHADVP-1 (WRB why)) (S (NP-SBJ (PRP I)) (VP (VBP need) (NP (PRP$ my) (NN driving) (NNS lessons)) (ADVP-PRP (-NONE- *T*-1)))))) (. .) (-DFL- E_S))",160
sw05utt/sw_0502_3525.utt,3/sw3525,3525,113,sd,B,60,1,"{D Well, } {D you know, } I put mine back in my bag this year, too,  /","Well/UH ,/,  [ you/PRP ] know/VBP ,/,  [ I/PRP ] put/VBD  [ mine/PRP back/RB ] in/IN  [ my/PRP$ bag/NN ] [ this/DT year/NN ] ,/, too/RB ,/,","(S (INTJ (UH Well)) (PRN (, ,) (S (NP-SBJ (PRP you)) (VP (VBP know))) (, ,)) (NP-SBJ (PRP I)) (VP (VBD put) (NP (PRP mine)) (PP-PUT (ADVP (RB back)) (IN in) (NP (PRP$ my) (NN bag))) (NP-TMP (DT this) (NN year)) (, ,) (ADVP (RB too))) (, ,) (-DFL- E_S))",162
sw05utt/sw_0502_3525.utt,3/sw3525,3525,114,sd,B,60,2,"{C and } [ I, + I  ] used a three wood rather than a driver. /","and/CC  [ I/PRP ] ,/,  [ I/PRP ] used/VBD  [ a/DT three/CD wood/NN ] rather/IN than/IN  [ a/DT driver/NN ] ./.","(S (CC and) (EDITED (RM (-DFL- \[)) (NP-SBJ (PRP I)) (, ,) (IP (-DFL- \+))) (NP-SBJ (PRP I)) (RS (-DFL- \])) (VP (VBD used) (NP (NP (DT a) (CD three) (NN wood)) (CONJP (IN rather) (IN than)) (NP (DT a) (NN driver)))) (. .) (-DFL- E_S))",163
sw05utt/sw_0502_3525.utt,3/sw3525,3525,115,ba,A,61,1,That helps. /,[ That/DT ] helps/VBZ ./.,(S (NP-SBJ (DT That)) (VP (VBZ helps)) (. .) (-DFL- E_S)),165
sw05utt/sw_0502_3525.utt,3/sw3525,3525,116,sd,B,62,1,"{F Uh, } I had a lot more control on it, {F uh, }  /","[ Uh/UH ] ,/,  [ I/PRP ] had/VBD  [ a/DT lot/NN more/JJR control/NN ] on/IN  [ it/PRP ] ,/,  [ uh/UH ] ,/,","(S (INTJ (UH Uh)) (, ,) (NP-SBJ (PRP I)) (VP (VBD had) (NP (ADJP (NP-ADV (DT a) (NN lot)) (JJR more)) (NN control)) (PP (IN on) (NP (PRP it))) (, ,) (INTJ (UH uh))) (, ,) (-DFL- E_S))",167
sw05utt/sw_0502_3525.utt,3/sw3525,3525,117,sd,B,62,2,"I sacrificed distance,  /","[ I/PRP ] sacrificed/VBD  [ distance/NN ] ,/,","(S (NP-SBJ (PRP I)) (VP (VBD sacrificed) (NP (NN distance))) (, ,) (-DFL- E_S))",168
sw05utt/sw_0502_3525.utt,3/sw3525,3525,118,sd,B,62,3,{C but } I wasn't in trouble every time I got down the fairway. /,but/CC  [ I/PRP ] was/VBD n't/RB in/IN  [ trouble/NN ] [ every/DT time/NN ] [ I/PRP ] got/VBD down/IN  [ the/DT fairway/NN ] ./.,(S (CC but) (NP-SBJ (PRP I)) (VP (VBD was) (RB n't) (PP-PRD (IN in) (NP (NN trouble))) (NP-TMP (NP (DT every) (NN time)) (SBAR (WHADVP-1 (-NONE- 0)) (S (NP-SBJ (PRP I)) (VP (VBD got) (PP-LOC (IN down) (NP (DT the) (NN fairway))) (ADVP-TMP (-NONE- *T*-1))))))) (. .) (-DFL- E_S)),169
sw05utt/sw_0502_3525.utt,3/sw3525,3525,119,sv,A,63,1,"{D Well, } [  that's, +  that's ] a good idea.  /","Well/UH ,/,  [ that/DT ] 's/BES ,/,  [ that/DT ] 's/BES  [ a/DT good/JJ idea/NN ] ./.","(S (INTJ (UH Well)) (, ,) (EDITED (RM (-DFL- \[)) (S (NP-SBJ (DT that)) (VP-UNF (BES 's))) (, ,) (IP (-DFL- \+))) (NP-SBJ (DT that)) (VP (BES 's) (RS (-DFL- \])) (NP-PRD (DT a) (JJ good) (NN idea))) (. .) (-DFL- E_S))",171
sw05utt/sw_0502_3525.utt,3/sw3525,3525,120,sd,A,63,2,"I think this next year, [ I'm going to, + I'm going to  ] attempt to play more  /","[ I/PRP ] think/VBP  [ this/DT next/JJ year/NN ] ,/,  [ I/PRP ] 'm/VBP going/VBG to/TO ,/,  [ I/PRP ] 'm/VBP going/VBG to/TO attempt/VB to/TO play/VB more/RBR","(S (NP-SBJ (PRP I)) (VP (VBP think) (SBAR (-NONE- 0) (S (NP-TMP (DT this) (JJ next) (NN year)) (, ,) (EDITED (RM (-DFL- \[)) (S (NP-SBJ-1 (PRP I)) (VP (VBP 'm) (VP (VBG going) (S (NP-SBJ (-NONE- *-1)) (VP-UNF (TO to)))))) (, ,) (IP (-DFL- \+))) (NP-SBJ-2 (PRP I)) (VP (VBP 'm) (VP (VBG going) (S (NP-SBJ-3 (-NONE- *-2)) (VP (TO to) (RS (-DFL- \])) (VP (VB attempt) (S (NP-SBJ (-NONE- *-3)) (VP (TO to) (VP (VB play) (ADVP (RBR more))))))))))))) (-DFL- E_S))",172
sw05utt/sw_0502_3525.utt,3/sw3525,3525,121,sd,A,63,3,{C and } I'm going to do the same thing.  /,and/CC  [ I/PRP ] 'm/VBP going/VBG to/TO do/VB  [ the/DT same/JJ thing/NN ] ./.,(S (CC and) (NP-SBJ-1 (PRP I)) (VP (VBP 'm) (VP (VBG going) (S (NP-SBJ (-NONE- *-1)) (VP (TO to) (VP (VB do) (NP (DT the) (JJ same) (NN thing))))))) (. .) (-DFL- E_S)),173
sw05utt/sw_0502_3525.utt,3/sw3525,3525,122,sd,A,63,4,"[ I, + I ] laid off my woods about three years ago  /","[ I/PRP ] ,/,  [ I/PRP ] laid/VBD off/RP  [ my/PRP$ woods/NNS ] about/RB  [ three/CD years/NNS ] ago/RB","(S (EDITED (RM (-DFL- \[)) (NP-SBJ (PRP I)) (, ,) (IP (-DFL- \+))) (NP-SBJ (PRP I)) (RS (-DFL- \])) (VP (VBD laid) (PP (RP off) (NP (PRP$ my) (NNS woods))) (ADVP-TMP (NP (QP (RB about) (CD three)) (NNS years)) (RB ago))) (-DFL- E_S))",174
sw05utt/sw_0502_3525.utt,3/sw3525,3525,123,sd,A,63,5,{C and } I just use a two wood off the fairway  /,and/CC  [ I/PRP ] just/RB use/VBP  [ a/DT two/CD wood/NN ] off/IN  [ the/DT fairway/NN ],(S (CC and) (NP-SBJ (PRP I)) (ADVP (RB just)) (VP (VBP use) (NP (DT a) (CD two) (NN wood)) (PP-LOC (IN off) (NP (DT the) (NN fairway)))) (-DFL- E_S)),175
sw05utt/sw_0502_3525.utt,3/sw3525,3525,124,sd,A,63,6,{C and } I'm a fairly strong person  /,and/CC  [ I/PRP ] 'm/VBP  [ a/DT ] fairly/RB  [ strong/JJ person/NN ],(S (CC and) (NP-SBJ (PRP I)) (VP (VBP 'm) (NP-PRD (DT a) (ADJP (RB fairly) (JJ strong)) (NN person))) (-DFL- E_S)),176
sw05utt/sw_0502_3525.utt,3/sw3525,3525,125,sd,A,63,7,{C so } I get a pretty good little drive -- /,so/RB  [ I/PRP ] get/VBP  [ a/DT pretty/RB good/JJ little/JJ drive/NN ] --/:,(S (RB so) (NP-SBJ (PRP I)) (VP (VBP get) (NP (DT a) (ADJP (RB pretty) (JJ good)) (JJ little) (NN drive))) (-DFL- E_S)),177
sw05utt/sw_0502_3525.utt,3/sw3525,3525,126,b,B,64,1,Uh-huh. /,[ Uh-huh/UH ] ./.,(INTJ (UH Uh-huh) (. .) (-DFL- E_S)),146
sw05utt/sw_0502_3525.utt,3/sw3525,3525,127,sd,A,65,1,"-- {C and } [ I, + and I  ] guess control my irons, better,  {D you know, }  /","--/: and/CC  [ I/PRP ] ,/, and/CC  [ I/PRP ] guess/VBP control/VB  [ my/PRP$ irons/NNS ] ,/, better/RBR ,/,  [ you/PRP ] know/VBP ,/,","(S (CC and) (EDITED (RM (-DFL- \[)) (NP-SBJ (PRP I)) (, ,) (IP (-DFL- \+))) (CC and) (NP-SBJ (PRP I)) (RS (-DFL- \])) (VP (VBP guess) (FRAG (VP (VB control) (NP (PRP$ my) (NNS irons)) (, ,) (ADVP-MNR (RBR better)) (PRN (, ,) (S (NP-SBJ (PRP you)) (VP (VBP know))))))) (, ,) (-DFL- E_S))",181
sw05utt/sw_0502_3525.utt,3/sw3525,3525,128,sv,A,65,2,"if you'll take lessons, the first thing they put in your hand is an iron. /","if/IN  [ you/PRP ] 'll/MD take/VB  [ lessons/NNS ] ,/,  [ the/DT first/JJ thing/NN ] [ they/PRP ] put/VBP in/IN  [ your/PRP$ hand/NN ] is/VBZ  [ an/DT iron/NN ] ./.","(S (SBAR-ADV (IN if) (S (NP-SBJ (PRP you)) (VP (MD 'll) (VP (VB take) (NP (NNS lessons)))))) (, ,) (NP-SBJ (NP (DT the) (JJ first) (NN thing)) (SBAR (WHNP-1 (-NONE- 0)) (S (NP-SBJ (PRP they)) (VP (VBP put) (NP (-NONE- *T*-1)) (PP-PUT (IN in) (NP (PRP$ your) (NN hand))))))) (VP (VBZ is) (NP-PRD (DT an) (NN iron))) (. .) (-DFL- E_S))",182
sw05utt/sw_0502_3525.utt,3/sw3525,3525,129,aa,B,66,1,"{F Oh, } yeah,  /","Oh/UH ,/, yeah/UH ,/,","(INTJ (INTJ (UH Oh)) (, ,) (INTJ (UH yeah)) (, ,) (-DFL- E_S))",184
sw05utt/sw_0502_3525.utt,3/sw3525,3525,130,aa,B,66,2,absolutely. /,absolutely/RB ./.,(INTJ (RB absolutely) (. .) (-DFL- E_S)),185
sw05utt/sw_0502_3525.utt,3/sw3525,3525,131,sd,A,67,1,"{C And, } {F uh, } I still remember that watching myself and my son  /","And/CC ,/,  [ uh/UH ] ,/,  [ I/PRP ] still/RB remember/VBP that/DT watching/VBG  [ myself/PRP ] and/CC  [ my/PRP$ son/NN ]","(S (CC And) (, ,) (INTJ (UH uh)) (, ,) (NP-SBJ-1 (PRP I)) (ADVP-TMP (RB still)) (VP (VBP remember) (NP (DT that)) (S-ADV (NP-SBJ (-NONE- *-1)) (VP (VBG watching) (NP (NP (PRP myself)) (CC and) (NP (PRP$ my) (NN son)))))) (-DFL- E_S))",187
sw05utt/sw_0502_3525.utt,3/sw3525,3525,132,sv,A,67,2,"[ {C so, } +  {C but } ] I think the key is [ you just need to, + you need to ] play more often than I play.  /","so/UH ,/, but/CC  [ I/PRP ] think/VBP  [ the/DT key/NN ] is/VBZ  [ you/PRP ] just/RB need/VBP to/TO ,/,  [ you/PRP ] need/VB to/TO play/VB more/RBR often/RB than/IN  [ I/PRP ] play/VBP ./.","(S (EDITED (RM (-DFL- \[)) (RB so) (, ,) (IP (-DFL- \+))) (CC but) (RS (-DFL- \])) (NP-SBJ (PRP I)) (VP (VBP think) (SBAR (-NONE- 0) (S (NP-SBJ (DT the) (NN key)) (VP (VBZ is) (SBAR-PRD (-NONE- 0) (S (EDITED (RM (-DFL- \[)) (S (NP-SBJ-1 (PRP you)) (ADVP (RB just)) (VP (VBP need) (S (NP-SBJ (-NONE- *-1)) (VP-UNF (TO to))))) (, ,) (IP (-DFL- \+))) (NP-SBJ-2 (PRP you)) (VP (VB need) (S (NP-SBJ (-NONE- *-2)) (VP (TO to) (RS (-DFL- \])) (VP (VB play) (ADVP-TMP (ADVP (RBR more) (RB often)) (SBAR (IN than) (S (NP-SBJ (PRP I)) (VP (VBP play))))))))))))))) (. .) (-DFL- E_S))",188
sw05utt/sw_0502_3525.utt,3/sw3525,3525,133,b,B,68,1,"Yeah,  /","Yeah/UH ,/,","(INTJ (UH Yeah) (, ,) (-DFL- E_S))",190
sw05utt/sw_0502_3525.utt,3/sw3525,3525,134,sv,B,68,2,"{D well, } [ I, + I ] read  recently here, [ they say, + ] [ if you're playing, + if you're ] scoring well, you should play more.  /","well/UH ,/,  [ I/PRP ] ,/,  [ I/PRP ] read/VBD recently/RB here/RB ,/,  [ they/PRP ] say/VBP ,/, if/IN  [ you/PRP ] 're/VBP playing/VBG ,/, if/IN  [ you/PRP ] 're/VBP scoring/VBG well/RB ,/,  [ you/PRP ] should/MD play/VB more/RBR ./.","(S (INTJ (UH well)) (, ,) (EDITED (RM (-DFL- \[)) (NP-SBJ (PRP I)) (, ,) (IP (-DFL- \+))) (NP-SBJ (PRP I)) (RS (-DFL- \])) (VP (VBD read) (ADVP-TMP (RB recently)) (ADVP (RB here)) (, ,) (RM (-DFL- \[)) (SBAR (-NONE- 0) (S (NP-SBJ (PRP they)) (VP (VBP say) (, ,) (IP (-DFL- \+)) (RS (-DFL- \])) (SBAR (-NONE- 0) (S (EDITED (RM (-DFL- \[)) (SBAR-ADV (IN if) (S (NP-SBJ (PRP you)) (VP (VBP 're) (VP-UNF (VBG playing))))) (, ,) (IP (-DFL- \+))) (SBAR-ADV (IN if) (S (NP-SBJ (PRP you)) (VP (VBP 're) (RS (-DFL- \])) (VP (VBG scoring) (ADVP-MNR (RB well)))))) (, ,) (NP-SBJ (PRP you)) (VP (MD should) (VP (VB play) (ADVP (RBR more)))))))))) (. .) (-DFL- E_S))",191
sw05utt/sw_0502_3525.utt,3/sw3525,3525,135,sv,B,68,3,"If you're scoring poorly, you should spend more time on the practice [ g-, -- +","If/IN  [ you/PRP ] 're/VBP scoring/VBG poorly/RB ,/,  [ you/PRP ] should/MD spend/VB  [ more/JJR time/NN ] on/IN  [ the/DT practice/NN g-/NN ] ,/, --/:","(S (SBAR-ADV (IN If) (S (NP-SBJ (PRP you)) (VP (VBP 're) (VP (VBG scoring) (ADVP-MNR (RB poorly)))))) (, ,) (NP-SBJ (PRP you)) (VP (MD should) (VP (VB spend) (NP (JJR more) (NN time)) (PP (IN on) (NP (DT the) (NN practice) (EDITED (RM (-DFL- \[)) (X (NN g-)) (, ,) (IP (-DFL- \+))) (INTJ (UH uh)) (, ,) (NN range))))) (. .) (RS (-DFL- \])) (-DFL- E_S))",192
sw05utt/sw_0502_3525.utt,3/sw3525,3525,136,b,A,69,1,Right. /,[ Right/UH ] ./.,(INTJ (UH Right) (. .) (-DFL- E_S)),194
sw05utt/sw_0502_3525.utt,3/sw3525,3525,137,+,B,70,1,"-- {F uh, } range.  ]  /","--/:  [ uh/UH ] ,/,  [ range/NN ] ./.","(S (SBAR-ADV (IN If) (S (NP-SBJ (PRP you)) (VP (VBP 're) (VP (VBG scoring) (ADVP-MNR (RB poorly)))))) (, ,) (NP-SBJ (PRP you)) (VP (MD should) (VP (VB spend) (NP (JJR more) (NN time)) (PP (IN on) (NP (DT the) (NN practice) (EDITED (RM (-DFL- \[)) (X (NN g-)) (, ,) (IP (-DFL- \+))) (INTJ (UH uh)) (, ,) (NN range))))) (. .) (RS (-DFL- \])) (-DFL- E_S))",192
sw05utt/sw_0502_3525.utt,3/sw3525,3525,138,sv,B,70,2,"{F Uh, } I think there is less [ flus-, + frustration  ] factor there, too, {F uh, } /","[ Uh/UH ] ,/,  [ I/PRP ] think/VBP  [ there/EX ] is/VBZ less/JJR  [ flus-/NN ] ,/,  [ frustration/NN factor/NN ] there/RB ,/, too/RB ,/,  [ uh/UH ] ,/,","(S (INTJ (UH Uh)) (, ,) (NP-SBJ (PRP I)) (VP (VBP think) (SBAR (-NONE- 0) (S (NP-SBJ (EX there)) (VP (VBZ is) (NP-PRD (JJR less) (EDITED (RM (-DFL- \[)) (NN flus-) (, ,) (IP (-DFL- \+))) (NN frustration) (RS (-DFL- \])) (NN factor)) (ADVP-LOC (RB there)) (, ,) (ADVP (RB too))))) (, ,) (INTJ (UH uh))) (, ,) (-DFL- E_S))",196
sw05utt/sw_0502_3525.utt,3/sw3525,3525,139,ba,A,71,1,"[ Makes good, + makes good  ] sense. /","Makes/VBZ  [ good/JJ ] ,/, makes/VBZ  [ good/JJ sense/NN ] ./.","(S (NP-SBJ (-NONE- *)) (EDITED (RM (-DFL- \[)) (VP (VBZ Makes) (NP-UNF (JJ good))) (, ,) (IP (-DFL- \+))) (VP (VBZ makes) (NP (JJ good) (RS (-DFL- \])) (NN sense))) (. .) (-DFL- E_S))",198
sw05utt/sw_0502_3525.utt,3/sw3525,3525,140,%,B,72,1,"[ {C So, } +  {C but } ] [ I, +  I, ] - /","So/UH ,/, but/CC  [ I/PRP ] ,/,  [ I/PRP ] ,/,","(S-UNF (EDITED (RM (-DFL- \[)) (RB So) (, ,) (IP (-DFL- \+))) (CC but) (RS (-DFL- \])) (EDITED (RM (-DFL- \[)) (NP-SBJ (PRP I)) (, ,) (IP (-DFL- \+))) (NP-SBJ (PRP I)) (, ,) (RS (-DFL- \])) (-DFL- N_S))",200
sw05utt/sw_0502_3525.utt,3/sw3525,3525,141,sd,B,72,2,"the one iron is something I've been thinking because my driver's gone so badly lately that [ I, + I ] should pick one up and try to start.  /","[ the/DT one/CD iron/NN ] is/VBZ  [ something/NN ] [ I/PRP ] 've/VBP been/VBN thinking/VBG because/IN  [ my/PRP$ driver/NN ] 's/BES gone/VBN so/RB badly/RB lately/RB that/IN  [ I/PRP ] ,/,  [ I/PRP ] should/MD pick/VB  [ one/NN ] up/RP and/CC try/VB to/TO start/VB ./.","(S (NP-SBJ (DT the) (CD one) (NN iron)) (VP (VBZ is) (NP-PRD (NP (NN something)) (SBAR (WHNP-2 (-NONE- 0)) (S (NP-SBJ (PRP I)) (VP (VBP 've) (VP (VBN been) (VP (VBG thinking) (SBAR-PRP (IN because) (S (NP-SBJ (PRP$ my) (NN driver)) (VP (BES 's) (VP (VBN gone) (ADVP-MNR (RB so) (RB badly)) (ADVP-TMP (RB lately)))))) (SBAR (IN that) (S (EDITED (RM (-DFL- \[)) (NP-SBJ (PRP I)) (, ,) (IP (-DFL- \+))) (NP-SBJ-1 (PRP I)) (RS (-DFL- \])) (VP (MD should) (VP (VP (VB pick) (NP (NP (-NONE- *T*-2)) (NP (NN one))) (PRT (RP up))) (CC and) (VP (VB try) (S (NP-SBJ (-NONE- *-1)) (VP (TO to) (VP (VB start)))))))))))))))) (. .) (-DFL- E_S))",201
sw05utt/sw_0502_3525.utt,3/sw3525,3525,142,sv,B,72,3,"Apparently they're very difficult to play with,  /","Apparently/RB  [ they/PRP ] 're/VBP very/RB difficult/JJ to/TO play/VB with/IN ,/,","(S (ADVP (RB Apparently)) (NP-SBJ (PRP they)) (VP (VBP 're) (ADJP-PRD (RB very) (JJ difficult) (SBAR (WHNP-1 (-NONE- 0)) (S (NP-SBJ (-NONE- *)) (VP (TO to) (VP (VB play) (PP (IN with) (NP (-NONE- *T*-1))))))))) (, ,) (-DFL- E_S))",202
sw05utt/sw_0502_3525.utt,3/sw3525,3525,143,sd,B,72,4,"{C but } with practice, I would imagine you could groove that swing, too.  /","but/CC with/IN  [ practice/NN ] ,/,  [ I/PRP ] would/MD imagine/VB  [ you/PRP ] could/MD groove/VB  [ that/DT swing/NN ] ,/, too/RB ./.","(S (CC but) (PP (IN with) (NP (NN practice))) (, ,) (NP-SBJ (PRP I)) (VP (MD would) (VP (VB imagine) (SBAR (-NONE- 0) (S (NP-SBJ (PRP you)) (VP (MD could) (VP (VB groove) (NP (DT that) (NN swing)))))) (, ,) (ADVP (RB too)))) (. .) (-DFL- E_S))",203
sw05utt/sw_0502_3525.utt,3/sw3525,3525,144,sd,B,72,5,"{C And } I play with a fellow that can knock a one iron,  /","And/CC  [ I/PRP ] play/VBP with/IN  [ a/DT fellow/NN ] [ that/WDT ] can/MD knock/VB  [ a/DT one/CD iron/NN ] ,/,","(S (CC And) (NP-SBJ (PRP I)) (VP (VBP play) (PP (IN with) (NP (NP (DT a) (NN fellow)) (SBAR (WHNP-1 (WDT that)) (S (NP-SBJ (-NONE- *T*-1)) (VP (MD can) (VP (VB knock) (NP (DT a) (CD one) (NN iron))))))))) (, ,) (-DFL- E_S))",204
sw05utt/sw_0502_3525.utt,3/sw3525,3525,145,sd,B,72,6,it's incredible. /,[ it/PRP ] 's/BES incredible/JJ ./.,(S (NP-SBJ (PRP it)) (VP (BES 's) (ADJP-PRD (JJ incredible))) (. .) (-DFL- E_S)),205
sw05utt/sw_0502_3525.utt,3/sw3525,3525,146,b,A,73,1,"{F Oh, } yeah. /","Oh/UH ,/, yeah/UH ./.","(INTJ (INTJ (UH Oh)) (, ,) (INTJ (UH yeah)) (. .) (-DFL- E_S))",207
sw05utt/sw_0502_3525.utt,3/sw3525,3525,147,sd,B,74,1,"[ [ {C And, } +  {C but, } ] +  {C and } ] his accuracy is what's so startling with it.  /","And/CC ,/, but/CC ,/, and/CC  [ his/PRP$ accuracy/NN ] is/VBZ  [ what/WP ] 's/BES so/RB startling/JJ with/IN  [ it/PRP ] ./.","(S (EDITED (RM (-DFL- \[)) (EDITED (RM (-DFL- \[)) (CC And) (, ,) (IP (-DFL- \+))) (CC but) (, ,) (RS (-DFL- \])) (IP (-DFL- \+))) (CC and) (RS (-DFL- \])) (NP-SBJ (NP (PRP$ his) (NN accuracy)) (PP (-NONE- *ICH*-2))) (VP (VBZ is) (SBAR-NOM-PRD (WHNP-1 (WP what)) (S (NP-SBJ (-NONE- *T*-1)) (VP (BES 's) (ADJP-PRD (RB so) (JJ startling))))) (PP-2 (IN with) (NP (PRP it)))) (. .) (-DFL- E_S))",209
sw05utt/sw_0502_3525.utt,3/sw3525,3525,148,%,B,74,2,"{C And } I, - /","And/CC  [ I/PRP ] ,/,","(S-UNF (CC And) (NP-SBJ (PRP I)) (, ,) (-DFL- N_S))",210
sw05utt/sw_0502_3525.utt,3/sw3525,3525,149,sd,B,74,3,"[ {C and }  it, + {C but } it's  ] an iron that he's really practiced with.   /","and/CC  [ it/PRP ] ,/, but/CC  [ it/PRP ] 's/BES  [ an/DT iron/NN ] that/WDT  [ he/PRP ] 's/HVS really/RB practiced/VBN with/IN ./.","(S (EDITED (RM (-DFL- \[)) (CC and) (NP-SBJ (PRP it)) (, ,) (IP (-DFL- \+))) (CC but) (NP-SBJ (PRP it)) (VP (BES 's) (RS (-DFL- \])) (NP-PRD (NP (DT an) (NN iron)) (SBAR (WHNP-1 (WDT that)) (S (NP-SBJ (PRP he)) (VP (HVS 's) (ADVP (RB really)) (VP (VBN practiced) (PP (IN with) (NP (-NONE- *T*-1))))))))) (. .) (-DFL- E_S))",211
sw05utt/sw_0502_3525.utt,3/sw3525,3525,150,sd,B,74,4,"He has used a lot,  /","[ He/PRP ] has/VBZ used/VBN  [ a/DT lot/NN ] ,/,","(S (NP-SBJ (PRP He)) (VP (VBZ has) (VP (VBN used) (X (NP-ADV (DT a) (NN lot))))) (, ,) (-DFL- E_S))",212
sw05utt/sw_0502_3525.utt,3/sw3525,3525,151,sv,B,74,5,"{C and, } {F uh, } it would be fun to get that good  [ at  a -- +","and/CC ,/,  [ uh/UH ] ,/,  [ it/PRP ] would/MD be/VB fun/JJ to/TO get/VB that/RB  [ good/JJ ] at/IN  [ a/DT ] --/:","(S (CC and) (, ,) (INTJ (UH uh)) (, ,) (NP-SBJ (NP (PRP it)) (S (-NONE- *EXP*-1))) (VP (MD would) (VP (VB be) (ADJP-PRD (JJ fun)) (S-1 (NP-SBJ (-NONE- *)) (VP (TO to) (VP (VB get) (ADJP-PRD (RB that) (JJ good) (EDITED (RM (-DFL- \[)) (PP (IN at) (NP-UNF (DT a))) (IP (-DFL- \+))) (PP (IN with) (EDITED (NP (DT an) (RS (-DFL- \])) (RM (-DFL- \[)) (NN iron)) (. .) (IP (-DFL- \+))) (NP (TYPO (UH Uh)) (, ,) (NN distance) (NN iron))))))))) (. .) (RS (-DFL- \])) (-DFL- E_S))",213
sw05utt/sw_0502_3525.utt,3/sw3525,3525,152,ba,A,75,1,You bet. /,[ You/PRP ] bet/VB ./.,(S (NP-SBJ (PRP You)) (VP (VB bet)) (. .) (-DFL- E_S)),215
sw05utt/sw_0502_3525.utt,3/sw3525,3525,153,+,B,76,1,"-- with an ]  [ iron.  + {F Uh, } distance iron. ] /","--/: with/IN  [ an/DT iron/NN ] ./.  [ Uh/UH ] ,/,  [ distance/NN iron/NN ] ./.","(S (CC and) (, ,) (INTJ (UH uh)) (, ,) (NP-SBJ (NP (PRP it)) (S (-NONE- *EXP*-1))) (VP (MD would) (VP (VB be) (ADJP-PRD (JJ fun)) (S-1 (NP-SBJ (-NONE- *)) (VP (TO to) (VP (VB get) (ADJP-PRD (RB that) (JJ good) (EDITED (RM (-DFL- \[)) (PP (IN at) (NP-UNF (DT a))) (IP (-DFL- \+))) (PP (IN with) (EDITED (NP (DT an) (RS (-DFL- \])) (RM (-DFL- \[)) (NN iron)) (. .) (IP (-DFL- \+))) (NP (TYPO (UH Uh)) (, ,) (NN distance) (NN iron))))))))) (. .) (RS (-DFL- \])) (-DFL- E_S))",213
sw05utt/sw_0502_3525.utt,3/sw3525,3525,154,sd,A,77,1,"[ My cha-, + my challenge  ] of the game is just, if I can get off the first tee when everyone's standing around watching you, I'd be <laughter>,","[ My/PRP$ cha-/NN ] ,/,  [ my/PRP$ challenge/NN ] of/IN  [ the/DT game/NN ] is/VBZ just/RB ,/, if/IN  [ I/PRP ] can/MD get/VB off/IN  [ the/DT first/JJ tee/NN ] when/WRB  [ everyone/NN ] 's/BES standing/VBG around/RP watching/VBG  [ you/PRP ] ,/,  [ I/PRP ] 'd/MD be/VB ,/,","(S (EDITED (RM (-DFL- \[)) (NP-SBJ-UNF (PRP$ My) (NN cha-)) (, ,) (IP (-DFL- \+))) (NP-SBJ (NP (PRP$ my) (NN challenge)) (RS (-DFL- \])) (PP (IN of) (NP (DT the) (NN game)))) (VP-UNF (VBZ is) (ADVP (RB just))) (, ,))|||(S (SBAR-ADV (IN if) (S (NP-SBJ (PRP I)) (VP (MD can) (VP (VB get) (PP (IN off) (NP (DT the) (JJ first) (NN tee))) (SBAR-TMP (WHADVP-2 (WRB when)) (S (NP-SBJ-1 (NN everyone)) (VP (BES 's) (VP (VBG standing) (ADVP (RP around)) (S-ADV (NP-SBJ (-NONE- *-1)) (VP (VBG watching) (NP (PRP you)))) (ADVP-TMP (-NONE- *T*-2)))))))))) (, ,) (NP-SBJ (PRP I)) (VP (MD 'd) (VP (VB be) (, ,) (ADJP-PRD (JJ great)) (PP-TMP (IN after) (NP (DT that))))) (. .) (-DFL- E_S))",218|||219
sw05utt/sw_0502_3525.utt,3/sw3525.pos,3525,155,x,B,78,1,<Laughter>.,./.
sw05utt/sw_0502_3525.utt,3/sw3525,3525,156,+,A,79,1,great after that <laughter>.  /,[ great/JJ ] after/IN  [ that/DT ] ./.,"(S (SBAR-ADV (IN if) (S (NP-SBJ (PRP I)) (VP (MD can) (VP (VB get) (PP (IN off) (NP (DT the) (JJ first) (NN tee))) (SBAR-TMP (WHADVP-2 (WRB when)) (S (NP-SBJ-1 (NN everyone)) (VP (BES 's) (VP (VBG standing) (ADVP (RP around)) (S-ADV (NP-SBJ (-NONE- *-1)) (VP (VBG watching) (NP (PRP you)))) (ADVP-TMP (-NONE- *T*-2)))))))))) (, ,) (NP-SBJ (PRP I)) (VP (MD 'd) (VP (VB be) (, ,) (ADJP-PRD (JJ great)) (PP-TMP (IN after) (NP (DT that))))) (. .) (-DFL- E_S))",219
sw05utt/sw_0502_3525.utt,3/sw3525,3525,157,%,A,79,2,"That, boy, - /","[ That/DT ] ,/,  [ boy/UH ] ,/,","(S-UNF (NP-SBJ (DT That)) (, ,) (INTJ (UH boy)) (, ,) (-DFL- N_S))",222
sw05utt/sw_0502_3525.utt,3/sw3525,3525,158,%,A,79,3,"I just, - /","[ I/PRP ] just/RB ,/,","(S-UNF (NP-SBJ (PRP I)) (ADVP (RB just)) (, ,) (-DFL- N_S))",223
sw05utt/sw_0502_3525.utt,3/sw3525,3525,159,sd,A,79,4,"if I get off the tee box [ and  I, + and I've, ] {D you know, } {D you know, } anything from a hundred fifty to two hundred yard drive through a straight, I just want to get down and kiss the ground, {D you know } <laughter>. /","if/IN  [ I/PRP ] get/VBP off/IN  [ the/DT tee/NN box/NN ] and/CC  [ I/PRP ] ,/, and/CC  [ I/PRP ] 've/VBP ,/,  [ you/PRP ] know/VBP ,/,  [ you/PRP ] know/VBP ,/,  [ anything/NN ] from/IN  [ a/DT hundred/CD fifty/CD ] to/IN  [ two/CD hundred/CD yard/NN drive/NN ] through/IN  [ a/DT straight/NN ] ,/,  [ I/PRP ] just/RB want/VBP to/TO get/VB down/RP and/CC kiss/VB  [ the/DT ground/NN ] ,/,  [ you/PRP ] know/VBP ./.","(S (SBAR-ADV (IN if) (S (S (NP-SBJ (PRP I)) (VP (VBP get) (PP (IN off) (NP (DT the) (NN tee) (NN box))))) (EDITED (RM (-DFL- \[)) (CC and) (NP-SBJ (PRP I)) (, ,) (IP (-DFL- \+))) (CC and) (S (NP-SBJ (PRP I)) (VP (VBP 've) (, ,) (RS (-DFL- \])) (PRN (S (NP-SBJ (PRP you)) (VP (VBP know))) (, ,)) (PRN (S (NP-SBJ (PRP you)) (VP (VBP know))) (, ,)) (NP (NP (ADJP (QP (NN anything) (IN from) (DT a) (CD hundred) (CD fifty) (IN to) (CD two) (CD hundred)) (NN yard)) (NN drive)) (PP (IN through) (NP (DT a) (NN straight)))))))) (, ,) (NP-SBJ-1 (PRP I)) (ADVP (RB just)) (VP (VBP want) (S (NP-SBJ (-NONE- *-1)) (VP (TO to) (VP (VP (VB get) (ADVP (RP down))) (CC and) (VP (VB kiss) (NP (DT the) (NN ground)))))) (PRN (, ,) (S (NP-SBJ (PRP you)) (VP (VBP know))))) (. .) (-DFL- E_S))",224
sw05utt/sw_0502_3525.utt,3/sw3525,3525,160,bf,B,80,1,"{C And } get away without embarrassing yourself,  /","And/CC get/VB away/RB without/IN embarrassing/VBG  [ yourself/PRP ] ,/,","(FRAG (CC And) (VP (VB get) (ADVP (RB away)) (SBAR-ADV (IN without) (S (NP-SBJ (-NONE- *)) (VP (VBG embarrassing) (NP (PRP yourself)))))) (, ,) (-DFL- E_S))",226
sw05utt/sw_0502_3525.utt,3/sw3525,3525,161,aa,B,80,2,right <laughter>. /,right/JJ ./.,(INTJ (JJ right) (. .) (-DFL- E_S)),227
sw05utt/sw_0502_3525.utt,3/sw3525,3525,162,%,A,81,1,"<Laughter>  Because, -/","Because/RB ,/,","(SBAR-PRP-UNF (RB Because) (, ,) (-DFL- N_S))",229
