swda_filename,ptb_basename,conversation_no,transcript_index,act_tag,caller,utterance_index,subutterance_index,text,pos,trees,ptb_treenumbers
sw05utt/sw_0556_3317.utt,3/sw3317,3317,0,o,A,1,1,"Okay,  /","Okay/UH ,/,","(INTJ (UH Okay) (, ,) (-DFL- E_S))",1
sw05utt/sw_0556_3317.utt,3/sw3317,3317,1,qw,A,1,2,what kind of house do you live in? /,[ what/WP kind/NN ] of/IN  [ house/NN ] do/VBP  [ you/PRP ] live/VB in/IN ?/.,(SBARQ (WHNP-1 (WHNP (WP what) (NN kind)) (PP (IN of) (NP (NN house)))) (SQ (VBP do) (NP-SBJ (PRP you)) (VP (VB live) (PP-LOC (IN in) (NP (-NONE- *T*-1))))) (. ?) (-DFL- E_S)),2
sw05utt/sw_0556_3317.utt,3/sw3317,3317,2,sd,B,2,1,"{D Well, } {F uh, } we live in [ a, + a  ] brick home in far north Dallas  /","Well/UH ,/,  [ uh/UH ] ,/,  [ we/PRP ] live/VBP in/IN  [ a/DT ] ,/,  [ a/DT brick/NN home/NN ] in/IN  [ far/RB north/JJ Dallas/NNP ]","(S (INTJ (UH Well)) (, ,) (INTJ (UH uh)) (, ,) (NP-SBJ (PRP we)) (VP (VBP live) (PP-LOC (IN in) (EDITED (RM (-DFL- \[)) (NP-UNF (DT a)) (, ,) (IP (-DFL- \+))) (NP (DT a) (RS (-DFL- \])) (NN brick) (NN home))) (PP-LOC (IN in) (NP (ADJP (RB far) (JJ north)) (NNP Dallas)))) (-DFL- E_S))",4
sw05utt/sw_0556_3317.utt,3/sw3317,3317,3,sd,B,2,2,"{C and } it's, {F uh, } four bedrooms and three and a half baths and swimming pool in the back  /","and/CC  [ it/PRP ] 's/BES ,/,  [ uh/UH ] ,/,  [ four/CD bedrooms/NNS ] and/CC  [ three/CD ] and/CC  [ a/DT half/JJ baths/NNS ] and/CC  [ swimming/NN pool/NN ] in/IN  [ the/DT back/NN ]","(S (CC and) (NP-SBJ (PRP it)) (VP (BES 's) (, ,) (INTJ (UH uh)) (, ,) (NP-PRD (NP (CD four) (NNS bedrooms)) (CC and) (NP (QP (CD three) (CC and) (DT a) (JJ half)) (NNS baths)) (CC and) (NP (NP (NN swimming) (NN pool)) (PP-LOC (IN in) (NP (DT the) (NN back)))))) (-DFL- E_S))",5
sw05utt/sw_0556_3317.utt,3/sw3317,3317,4,sd,B,2,3,"{C and, }","and/CC ,/,","(S (CC and) (, ,) (NP-SBJ (PRP It)) (VP (BES 's) (ADVP (IN about)) (NP-PRD (QP (CD thirty-five) (CD hundred)) (NN square) (NNS feet))) (. .) (-DFL- E_S))",6
sw05utt/sw_0556_3317.utt,3/sw3317,3317,5,b,A,3,1,Uh-huh. /,[ Uh-huh/UH ] ./.,(INTJ (UH Uh-huh) (. .) (-DFL- E_S)),8
sw05utt/sw_0556_3317.utt,3/sw3317,3317,6,+,B,4,1,It's about thirty-five hundred square feet. /,[ It/PRP ] 's/BES about/IN  [ thirty-five/CD hundred/CD square/NN feet/NNS ] ./.,"(S (CC and) (, ,) (NP-SBJ (PRP It)) (VP (BES 's) (ADVP (IN about)) (NP-PRD (QP (CD thirty-five) (CD hundred)) (NN square) (NNS feet))) (. .) (-DFL- E_S))",6
sw05utt/sw_0556_3317.utt,3/sw3317,3317,7,sv,A,5,1,"{D Well, } it sounds like ours are pretty similar.  /","Well/UH ,/,  [ it/PRP ] sounds/VBZ like/IN  [ ours/JJ ] are/VBP pretty/RB similar/JJ ./.","(S (INTJ (UH Well)) (, ,) (NP-SBJ (PRP it)) (VP (VBZ sounds) (SBAR (IN like) (S (NP-SBJ (JJ ours)) (VP (VBP are) (ADJP-PRD (RB pretty) (JJ similar)))))) (. .) (-DFL- E_S))",11
sw05utt/sw_0556_3317.utt,3/sw3317,3317,8,sd,A,5,2,"I live in one,  /","[ I/PRP ] live/VBP in/IN  [ one/CD ] ,/,","(S (NP-SBJ (PRP I)) (VP (VBP live) (PP-LOC (IN in) (NP (CD one)))) (, ,) (-DFL- E_S))",12
sw05utt/sw_0556_3317.utt,3/sw3317,3317,9,sd,A,5,3,I don't have a swimming pool.  /,[ I/PRP ] do/VBP n't/RB have/VB  [ a/DT swimming/NN pool/NN ] ./.,(S (NP-SBJ (PRP I)) (VP (VBP do) (RB n't) (VP (VB have) (NP (DT a) (NN swimming) (NN pool)))) (. .) (-DFL- E_S)),13
sw05utt/sw_0556_3317.utt,3/sw3317,3317,10,sd,A,5,4,{C And } mine's about twenty-seven hundred square foot. /,And/CC  [ mine/NN ] 's/BES about/RB  [ twenty-seven/CD hundred/CD square/NN foot/NN ] ./.,(S (CC And) (NP-SBJ (NN mine)) (VP (BES 's) (NP-PRD (QP (RB about) (CD twenty-seven) (CD hundred)) (NN square) (NN foot))) (. .) (-DFL- E_S)),14
sw05utt/sw_0556_3317.utt,3/sw3317,3317,11,b,B,6,1,Yeah. /,Yeah/UH ./.,(INTJ (UH Yeah) (. .) (-DFL- E_S)),16
sw05utt/sw_0556_3317.utt,3/sw3317,3317,12,sd,A,7,1,{C But } the four bedrooms  /,But/CC  [ the/DT four/CD bedrooms/NNS ],"(S (CC But) (NP-SBJ (NP (DT the) (CD four) (NNS bedrooms)) (-DFL- E_S) (CC and) (NP (NP (PDT all) (DT the) (NN rest)) (PP (IN of) (NP (PRP it))))) (VP (VBZ sounds) (ADJP-PRD (ADVP (RB just) (EDITED (RM (-DFL- \[)) (RB about) (IP (-DFL- \+))) (, ,) (RB about) (RS (-DFL- \]))) (RB alike))) (. .) (-DFL- E_S))",18
sw05utt/sw_0556_3317.utt,3/sw3317,3317,13,sd,A,7,2,"{C and } all the rest of it sounds just  [ about + <laughter>, about ] alike.  /","and/CC  [ all/PDT the/DT rest/NN ] of/IN  [ it/PRP ] sounds/VBZ just/RB about/RB ,/, about/RB alike/RB ./.","(S (CC But) (NP-SBJ (NP (DT the) (CD four) (NNS bedrooms)) (-DFL- E_S) (CC and) (NP (NP (PDT all) (DT the) (NN rest)) (PP (IN of) (NP (PRP it))))) (VP (VBZ sounds) (ADJP-PRD (ADVP (RB just) (EDITED (RM (-DFL- \[)) (RB about) (IP (-DFL- \+))) (, ,) (RB about) (RS (-DFL- \]))) (RB alike))) (. .) (-DFL- E_S))",18
sw05utt/sw_0556_3317.utt,3/sw3317,3317,14,sv,A,7,3,I think it's pretty much typical for this area. /,[ I/PRP ] think/VBP  [ it/PRP ] 's/BES pretty/RB much/RB typical/JJ for/IN  [ this/DT area/NN ] ./.,(S (NP-SBJ (PRP I)) (VP (VBP think) (SBAR (-NONE- 0) (S (NP-SBJ (PRP it)) (VP (BES 's) (ADJP-PRD (ADVP (RB pretty) (RB much)) (JJ typical) (PP (IN for) (NP (DT this) (NN area)))))))) (. .) (-DFL- E_S)),19
sw05utt/sw_0556_3317.utt,3/sw3317,3317,15,aa,B,8,1,It is.  /,[ It/PRP ] is/VBZ ./.,(S (NP-SBJ (PRP It)) (VP (VBZ is) (ADJP-PRD (-NONE- *?*))) (. .) (-DFL- E_S)),21
sw05utt/sw_0556_3317.utt,3/sw3317,3317,16,qy,B,8,2,Have you been living there very long? /,Have/VBP  [ you/PRP ] been/VBN living/VBG there/RB very/RB long/JJ ?/.,(SQ (VBP Have) (NP-SBJ (PRP you)) (VP (VBN been) (VP (VBG living) (ADVP-LOC (RB there)) (ADVP-TMP (RB very) (JJ long)))) (. ?) (-DFL- E_S)),22
sw05utt/sw_0556_3317.utt,3/sw3317,3317,17,no,A,9,1,I've been in the house  /,[ I/PRP ] 've/VBP been/VBN in/IN  [ the/DT house/NN ],(S (NP-SBJ (PRP I)) (VP (VBP 've) (VP (VBN been) (PP-LOC-PRD (IN in) (NP (DT the) (NN house))) (-DFL- E_S) (PRN (S (NP-SBJ (PRP I)) (VP (VBP 'm) (PP-LOC-PRD (IN in) (ADVP (RB here))) (ADVP-TMP (RB right) (RB now))))) (NP-TMP (QP (IN about) (CD twelve) (CC and) (DT a) (DT half)) (NNS years)))) (. .) (-DFL- E_S)),24
sw05utt/sw_0556_3317.utt,3/sw3317,3317,18,sd,A,9,2,I'm in here right now about twelve  and  a half years. /,[ I/PRP ] 'm/VBP in/IN here/RB right/RB now/RB about/IN  [ twelve/CD ] and/CC  [ a/DT half/DT years/NNS ] ./.,(S (NP-SBJ (PRP I)) (VP (VBP 've) (VP (VBN been) (PP-LOC-PRD (IN in) (NP (DT the) (NN house))) (-DFL- E_S) (PRN (S (NP-SBJ (PRP I)) (VP (VBP 'm) (PP-LOC-PRD (IN in) (ADVP (RB here))) (ADVP-TMP (RB right) (RB now))))) (NP-TMP (QP (IN about) (CD twelve) (CC and) (DT a) (DT half)) (NNS years)))) (. .) (-DFL- E_S)),24
sw05utt/sw_0556_3317.utt,3/sw3317,3317,19,sd,B,10,1,{C So } you've been there longer.  /,So/IN  [ you/PRP ] 've/VBP been/VBN there/RB longer/JJR ./.,(S (RB So) (NP-SBJ (PRP you)) (VP (VBP 've) (VP (VBN been) (ADVP-LOC-PRD (RB there)) (ADVP-TMP (JJR longer)))) (. .) (-DFL- E_S)),26
sw05utt/sw_0556_3317.utt,3/sw3317,3317,20,sd,B,10,2,"We built this one about, {F uh, } - /","[ We/PRP ] built/VBD  [ this/DT one/NN ] about/IN ,/,  [ uh/UH ] ,/,","(S (NP-SBJ (PRP We)) (VP (VBD built) (NP (DT this) (NN one)) (NP-TMP-UNF (IN about) (, ,) (INTJ (UH uh)))) (, ,) (-DFL- N_S))",27
sw05utt/sw_0556_3317.utt,3/sw3317,3317,21,sd,B,10,3,"[ it's been +  <breathing>, let's see <sniffing>, it's been ] [ six + years --","[ it/PRP ] [ 's/HVS ] been/VBN ,/, let/VB  [ 's/PRP ] see/VB ,/,  [ it/PRP ] 's/HVS been/VBN  [ six/CD years/NNS ] --/:","(S (RM (-DFL- \[)) (NP-SBJ (PRP it)) (VP (HVS 's) (VP-UNF (VBN been))) (IP (-DFL- \+)) (, ,))|||(S-IMP (NP-SBJ (-NONE- *)) (VP (VB let) (S (NP-SBJ (PRP 's)) (VP (VB see)))) (, ,))|||(S (NP-SBJ (PRP it)) (VP (HVS 's) (VP (VBN been) (RS (-DFL- \])) (EDITED (RM (-DFL- \[)) (NP-PRD (CD six) (IP (-DFL- \+)) (NNS years))) (ADVP-PRD (NP (QP (CD six) (CC and) (DT a) (JJ half)) (NNS years)) (RS (-DFL- \])) (RB ago)))) (, ,) (-DFL- E_S))",28|||29|||30
sw05utt/sw_0556_3317.utt,3/sw3317,3317,22,b,A,11,1,Uh-huh. /,[ Uh-huh/UH ] ./.,(INTJ (UH Uh-huh) (. .) (-DFL- E_S)),8
sw05utt/sw_0556_3317.utt,3/sw3317,3317,23,+,B,12,1,"-- six   and a half years ] ago,  /","--/:  [ six/CD ] and/CC  [ a/DT half/JJ years/NNS ] ago/RB ,/,","(S (NP-SBJ (PRP it)) (VP (HVS 's) (VP (VBN been) (RS (-DFL- \])) (EDITED (RM (-DFL- \[)) (NP-PRD (CD six) (IP (-DFL- \+)) (NNS years))) (ADVP-PRD (NP (QP (CD six) (CC and) (DT a) (JJ half)) (NNS years)) (RS (-DFL- \])) (RB ago)))) (, ,) (-DFL- E_S))",30
sw05utt/sw_0556_3317.utt,3/sw3317,3317,24,sd,B,12,2,{C and } we subcontracted it out ourselves.  /,and/CC  [ we/PRP ] subcontracted/VBD  [ it/PRP ] out/RP  [ ourselves/PRP ] ./.,(S (CC and) (NP-SBJ (PRP we)) (VP (VBD subcontracted) (NP (PRP it)) (PRT (RP out)) (NP-ADV (PRP ourselves))) (. .) (-DFL- E_S)),34
sw05utt/sw_0556_3317.utt,3/sw3317,3317,25,sd,B,12,3,We bought --,[ We/PRP ] bought/VBD --/:,"(S (NP-SBJ (PRP We)) (VP (VP (VBD bought) (NP (DT the) (NN lot))) (CC and) (, ,) (INTJ (UH uh)) (, ,) (VP (VBD had) (S (NP-SBJ (DT an) (NN architect)) (VP (VB draw) (NP (DT the) (NNS plans)) (PP (VBN based) (PP (IN on) (NP (PRP$ our) (NNS specifications)))))))) (-DFL- E_S))",35
sw05utt/sw_0556_3317.utt,3/sw3317,3317,26,bh,A,13,1,"{F Oh, } really? /","Oh/UH ,/, really/UH ?/.","(INTJ (INTJ (UH Oh)) (, ,) (INTJ (UH really)) (. ?) (-DFL- E_S))",37
sw05utt/sw_0556_3317.utt,3/sw3317,3317,27,+,B,14,1,"-- the lot and, {F uh, } had an architect draw the plans based on our specifications -- /","--/:  [ the/DT lot/NN ] and/CC ,/,  [ uh/UH ] ,/, had/VBD  [ an/DT architect/NN ] draw/VB  [ the/DT plans/NNS ] based/VBN on/IN  [ our/PRP$ specifications/NNS ] --/:","(S (NP-SBJ (PRP We)) (VP (VP (VBD bought) (NP (DT the) (NN lot))) (CC and) (, ,) (INTJ (UH uh)) (, ,) (VP (VBD had) (S (NP-SBJ (DT an) (NN architect)) (VP (VB draw) (NP (DT the) (NNS plans)) (PP (VBN based) (PP (IN on) (NP (PRP$ our) (NNS specifications)))))))) (-DFL- E_S))",35
sw05utt/sw_0556_3317.utt,3/sw3317,3317,28,b,A,15,1,Uh-huh. /,[ Uh-huh/UH ] ./.,(INTJ (UH Uh-huh) (. .) (-DFL- E_S)),8
sw05utt/sw_0556_3317.utt,3/sw3317,3317,29,sd,B,16,1,"-- {C and then } we subbed it out,  /","--/: and/CC then/RB  [ we/PRP ] subbed/VBD  [ it/PRP ] out/RP ,/,","(S (CONJP (CC and) (RB then)) (NP-SBJ (PRP we)) (VP (VBD subbed) (NP (PRP it)) (PRT (RP out))) (, ,) (-DFL- E_S))",42
sw05utt/sw_0556_3317.utt,3/sw3317,3317,30,sd,B,16,2,"{C so, } we've been here a little over six years now. And --","so/RB ,/,  [ we/PRP ] 've/VBP been/VBN here/RB  [ a/DT little/JJ ] over/IN  [ six/CD years/NNS ] now/RB ./.  And/CC --/:","(S (RB so) (, ,) (NP-SBJ (PRP we)) (VP (VP (VBP 've) (VP (VBN been) (ADVP-LOC-PRD (RB here)) (PP-TMP (NP-ADV (DT a) (JJ little)) (IN over) (NP (CD six) (NNS years))) (ADVP-TMP (RB now)))) (. .) (CC And) (INTJ (UH uh)) (, ,) (VP (VBP have) (ADVP (RB really)) (VP (VBN enjoyed) (NP (PRP it)) (SBAR-PRP (IN because) (S (NP-SBJ (PRP we)) (VP (VBD built) (SBAR-NOM (WHNP-3 (WHNP (WP what)) (SBAR-PRP (-NONE- *ICH*-5))) (S (NP-SBJ-1 (PRP we)) (VP (VBD wanted) (S (NP-SBJ-2 (-NONE- *-1)) (VP (TO to) (VP (VB have) (NP (-NONE- *T*-3))))))) (SBAR-PRP-5 (WHNP-4 (-NONE- 0)) (S (NP-SBJ (-NONE- *-2)) (VP (TO to) (VP (VB live) (PP-LOC (IN in) (NP (-NONE- *T*-4)))))))))))))) (. .) (-DFL- E_S))",43
sw05utt/sw_0556_3317.utt,3/sw3317,3317,31,b,A,17,1,Uh-huh. /,[ Uh-huh/UH ] ./.,(INTJ (UH Uh-huh) (. .) (-DFL- E_S)),32
sw05utt/sw_0556_3317.utt,3/sw3317,3317,32,+,B,18,1,"-- {F uh, } have really enjoyed it because --","--/:  [ uh/UH ] ,/, have/VBP really/RB enjoyed/VBN  [ it/PRP ] because/IN --/:","(S (RB so) (, ,) (NP-SBJ (PRP we)) (VP (VP (VBP 've) (VP (VBN been) (ADVP-LOC-PRD (RB here)) (PP-TMP (NP-ADV (DT a) (JJ little)) (IN over) (NP (CD six) (NNS years))) (ADVP-TMP (RB now)))) (. .) (CC And) (INTJ (UH uh)) (, ,) (VP (VBP have) (ADVP (RB really)) (VP (VBN enjoyed) (NP (PRP it)) (SBAR-PRP (IN because) (S (NP-SBJ (PRP we)) (VP (VBD built) (SBAR-NOM (WHNP-3 (WHNP (WP what)) (SBAR-PRP (-NONE- *ICH*-5))) (S (NP-SBJ-1 (PRP we)) (VP (VBD wanted) (S (NP-SBJ-2 (-NONE- *-1)) (VP (TO to) (VP (VB have) (NP (-NONE- *T*-3))))))) (SBAR-PRP-5 (WHNP-4 (-NONE- 0)) (S (NP-SBJ (-NONE- *-2)) (VP (TO to) (VP (VB live) (PP-LOC (IN in) (NP (-NONE- *T*-4)))))))))))))) (. .) (-DFL- E_S))",43
sw05utt/sw_0556_3317.utt,3/sw3317,3317,33,ba,A,19,1,"{D Well, } I bet you, -/","Well/UH ,/,  [ I/PRP ] bet/VBP  [ you/PRP ] ,/,","(S (INTJ (UH Well)) (, ,) (NP-SBJ (PRP I)) (VP-UNF (VBP bet) (NP (PRP you))) (, ,) (-DFL- N_S))",48
sw05utt/sw_0556_3317.utt,3/sw3317,3317,34,+,B,20,1,-- we built what we wanted to have to live in. /,--/:  [ we/PRP ] built/VBD  [ what/WP ] [ we/PRP ] wanted/VBD to/TO have/VB to/TO live/VB in/IN ./.,"(S (RB so) (, ,) (NP-SBJ (PRP we)) (VP (VP (VBP 've) (VP (VBN been) (ADVP-LOC-PRD (RB here)) (PP-TMP (NP-ADV (DT a) (JJ little)) (IN over) (NP (CD six) (NNS years))) (ADVP-TMP (RB now)))) (. .) (CC And) (INTJ (UH uh)) (, ,) (VP (VBP have) (ADVP (RB really)) (VP (VBN enjoyed) (NP (PRP it)) (SBAR-PRP (IN because) (S (NP-SBJ (PRP we)) (VP (VBD built) (SBAR-NOM (WHNP-3 (WHNP (WP what)) (SBAR-PRP (-NONE- *ICH*-5))) (S (NP-SBJ-1 (PRP we)) (VP (VBD wanted) (S (NP-SBJ-2 (-NONE- *-1)) (VP (TO to) (VP (VB have) (NP (-NONE- *T*-3))))))) (SBAR-PRP-5 (WHNP-4 (-NONE- 0)) (S (NP-SBJ (-NONE- *-2)) (VP (TO to) (VP (VB live) (PP-LOC (IN in) (NP (-NONE- *T*-4)))))))))))))) (. .) (-DFL- E_S))",43
sw05utt/sw_0556_3317.utt,3/sw3317,3317,35,b,A,21,1,Uh-huh. /,[ Uh-huh/UH ] ./.,(INTJ (UH Uh-huh) (. .) (-DFL- E_S)),32
sw05utt/sw_0556_3317.utt,3/sw3317,3317,36,sd,B,22,1,My husband got his big garage.  /,[ My/PRP$ husband/NN ] got/VBD  [ his/PRP$ big/JJ garage/NN ] ./.,(S (NP-SBJ (PRP$ My) (NN husband)) (VP (VBD got) (NP (PRP$ his) (JJ big) (NN garage))) (. .) (-DFL- E_S)),53
sw05utt/sw_0556_3317.utt,3/sw3317,3317,37,sd,B,22,2,"[ He ha-, + we have ] a three car garage,  that he has a big work area in -- /","[ He/PRP ] [ ha-/XX ] ,/,  [ we/PRP ] have/VBP  [ a/DT three/CD car/NN garage/NN ] ,/, that/WDT  [ he/PRP ] has/VBZ  [ a/DT big/JJ work/NN area/NN ] in/IN --/:","(S (EDITED (RM (-DFL- \[)) (S (NP-SBJ (PRP He)) (VP-UNF (XX ha-))) (, ,) (IP (-DFL- \+))) (NP-SBJ (PRP we)) (VP (VBP have) (RS (-DFL- \])) (NP (NP (DT a) (ADJP (CD three) (NN car)) (NN garage)) (, ,) (SBAR (WHNP-1 (WDT that)) (S (NP-SBJ (PRP he)) (VP (VBZ has) (NP (DT a) (JJ big) (NN work) (NN area)) (PP-LOC (IN in) (NP (-NONE- *T*-1)))))))) (-DFL- E_S))",54
sw05utt/sw_0556_3317.utt,3/sw3317,3317,38,b,A,23,1,Uh-huh. /,[ Uh-huh/UH ] ./.,(INTJ (UH Uh-huh) (. .) (-DFL- E_S)),32
sw05utt/sw_0556_3317.utt,3/sw3317,3317,39,sd,B,24,1,-- {C and } he likes to rebuild cars and redo engines  /,--/: and/CC  [ he/PRP ] likes/VBZ to/TO rebuild/VB  [ cars/NNS ] and/CC redo/VB  [ engines/NNS ],(S (CC and) (NP-SBJ-1 (PRP he)) (VP (VBZ likes) (S (NP-SBJ (-NONE- *-1)) (VP (TO to) (VP (VP (VB rebuild) (NP (NNS cars))) (CC and) (VP (VB redo) (NP (NNS engines))))))) (-DFL- E_S)),58
sw05utt/sw_0556_3317.utt,3/sw3317,3317,40,sd,B,24,2,"{C and, so } he has all the work space he needs. /","and/CC ,/, so/RB  [ he/PRP ] has/VBZ  [ all/PDT the/DT work/NN space/NN ] [ he/PRP ] needs/VBZ ./.","(S (CONJP (CC and) (, ,) (RB so)) (NP-SBJ (PRP he)) (VP (VBZ has) (NP (NP (PDT all) (DT the) (NN work) (NN space)) (SBAR (WHNP-1 (-NONE- 0)) (S (NP-SBJ (PRP he)) (VP (VBZ needs) (NP (-NONE- *T*-1))))))) (. .) (-DFL- E_S))",59
sw05utt/sw_0556_3317.utt,3/sw3317,3317,41,ba,A,25,1,"{D Well, } that sounds interesting.  /","Well/UH ,/,  [ that/WDT ] sounds/VBZ  [ interesting/JJ ] ./.","(S (INTJ (UH Well)) (, ,) (NP-SBJ (WDT that)) (VP (VBZ sounds) (ADJP-PRD (JJ interesting))) (. .) (-DFL- E_S))",61
sw05utt/sw_0556_3317.utt,3/sw3317,3317,42,ba,A,25,2,I bet he's enjoyed having it that way -- /,[ I/PRP ] bet/VBP  [ he/PRP ] 's/HVS enjoyed/VBN having/VBG  [ it/PRP ] [ that/DT way/NN ] --/:,(S (NP-SBJ (PRP I)) (VP (VBP bet) (SBAR (-NONE- 0) (S (NP-SBJ-1 (PRP he)) (VP (HVS 's) (VP (VBN enjoyed) (S (NP-SBJ (-NONE- *-1)) (VP (VBG having) (NP (PRP it)) (NP-MNR (DT that) (NN way))))))))) (-DFL- E_S)),62
sw05utt/sw_0556_3317.utt,3/sw3317,3317,43,%,B,26,1,"He, -/","[ He/PRP ] ,/,","(S-UNF (NP-SBJ (PRP He)) (, ,) (-DFL- N_S))",64
sw05utt/sw_0556_3317.utt,3/sw3317,3317,44,%,A,27,1,"-- {C because } some-, - /","--/: because/IN  [ some-/XX ] ,/,","(SBAR-PRP (IN because) (X (XX some-)) (, ,) (-DFL- N_S))",66
sw05utt/sw_0556_3317.utt,3/sw3317,3317,45,sv,A,27,2,kind of hard to find one prebuilt that [ 's +  kind of fits ] those specifications. /,[ kind/RB ] of/RB hard/RB to/TO find/VB  [ one/NN prebuilt/NN ] [ that/WDT ] 's/BES  [ kind/RB ] of/RB fits/VBZ  [ those/DT specifications/NNS ] ./.,(FRAG (ADJP-PRD (ADVP (RB kind) (RB of)) (RB hard)) (S (NP-SBJ (-NONE- *)) (VP (TO to) (VP (VB find) (NP (NP (NN one)) (ADJP (NN prebuilt)) (SBAR (WHNP-1 (WDT that)) (S (NP-SBJ (-NONE- *T*-1)) (EDITED (RM (-DFL- \[)) (VP-UNF (BES 's)) (IP (-DFL- \+))) (ADVP (RB kind) (RB of)) (VP (VBZ fits) (RS (-DFL- \])) (NP (DT those) (NNS specifications))))))))) (. .) (-DFL- E_S)),67
sw05utt/sw_0556_3317.utt,3/sw3317,3317,46,aa,B,28,1,"It is,  /","[ It/PRP ] is/VBZ ,/,","(S (NP-SBJ (PRP It)) (VP (VBZ is) (ADJP-PRD (-NONE- *?*))) (, ,) (-DFL- E_S))",69
sw05utt/sw_0556_3317.utt,3/sw3317,3317,47,sd,B,28,2,{C and }  that's why we decided to build.  /,and/CC  [ that/DT ] 's/BES why/WRB  [ we/PRP ] decided/VBD to/TO build/VB ./.,(S (CC and) (NP-SBJ (DT that)) (VP (BES 's) (SBAR-PRP-PRD (WHADVP-2 (WRB why)) (S (NP-SBJ-1 (PRP we)) (VP (VBD decided) (S (NP-SBJ (-NONE- *-1)) (VP (TO to) (VP (VB build)))) (ADVP-PRP (-NONE- *T*-2)))))) (. .) (-DFL- E_S)),70
sw05utt/sw_0556_3317.utt,3/sw3317,3317,48,sd,B,28,3,We looked --,[ We/PRP ] looked/VBD --/:,"(S (NP-SBJ (PRP We)) (VP (VBD looked) (PP (IN at) (NP (NP (NNS things)) (SBAR (WHNP-1 (WDT that)) (S (NP-SBJ-2 (-NONE- *T*-1)) (VP (VBD were) (ADVP-TMP (RB already)) (, ,) (INTJ (UH uh)) (, ,) (VP (VBD built) (NP (-NONE- *-2))))))))) (-DFL- E_S))",71
sw05utt/sw_0556_3317.utt,3/sw3317,3317,49,b,A,29,1,Uh-huh. /,[ Uh-huh/UH ] ./.,(INTJ (UH Uh-huh) (. .) (-DFL- E_S)),45
sw05utt/sw_0556_3317.utt,3/sw3317,3317,50,+,B,30,1,"-- at things that were already, {F uh, } built  /","--/: at/IN  [ things/NNS ] [ that/WDT ] were/VBD already/RB ,/,  [ uh/UH ] ,/, built/VBD","(S (NP-SBJ (PRP We)) (VP (VBD looked) (PP (IN at) (NP (NP (NNS things)) (SBAR (WHNP-1 (WDT that)) (S (NP-SBJ-2 (-NONE- *T*-1)) (VP (VBD were) (ADVP-TMP (RB already)) (, ,) (INTJ (UH uh)) (, ,) (VP (VBD built) (NP (-NONE- *-2))))))))) (-DFL- E_S))",71
sw05utt/sw_0556_3317.utt,3/sw3317,3317,51,sd,B,30,2,"{C and }  [ the garages were always, + if the house [ w-, + was ] large, it seemed like the garages were  ] small even if they were three car garages which is --","and/CC  [ the/DT garages/NNS ] were/VBD always/RB ,/, if/IN  [ the/DT house/NN w-/XX ] ,/, was/VBD large/JJ ,/,  [ it/PRP ] seemed/VBD like/IN  [ the/DT garages/NNS ] were/VBD small/JJ even/RB if/IN  [ they/PRP ] were/VBD  [ three/CD car/NN ] garages/VBZ  [ which/WDT ] is/VBZ --/:","(S (CC and) (EDITED (RM (-DFL- \[)) (S (NP-SBJ (DT the) (NNS garages)) (VP-UNF (VBD were) (ADVP-TMP (RB always)))) (, ,) (IP (-DFL- \+))) (SBAR-ADV (IN if) (S (NP-SBJ (DT the) (NN house)) (EDITED (RM (-DFL- \[)) (VP-UNF (XX w-)) (, ,) (IP (-DFL- \+))) (VP (VBD was) (RS (-DFL- \])) (ADJP-PRD (JJ large))))) (, ,) (NP-SBJ (PRP it)) (VP (VBD seemed) (SBAR (IN like) (S (NP-SBJ (DT the) (NNS garages)) (VP (VBD were) (RS (-DFL- \])) (ADJP-PRD (JJ small)) (SBAR (ADVP (RB even)) (IN if) (S (NP-SBJ (PRP they)) (VP (VBD were) (NP-PRD (NP (ADJP (CD three) (NN car)) (VBZ garages)) (SBAR (WHNP-1 (WDT which)) (S (NP-SBJ (-NONE- *T*-1)) (VP (VBZ is) (SBAR-NOM-PRD (WHNP-2 (WP what)) (S (NP-SBJ (PRP we)) (VP (VBP have) (NP (-NONE- *T*-2)))))))))))))))) (. .) (-DFL- E_S))",75
sw05utt/sw_0556_3317.utt,3/sw3317,3317,52,sd,A,31,1,"{D Well, } then, most --","Well/UH ,/, then/RB ,/, most/RBS --/:","(S (INTJ (UH Well)) (, ,) (ADVP (RB then)) (, ,) (NP-SBJ (NP (RBS most)) (PP (IN of) (NP (PRP them)))) (VP (VBP do) (RB n't) (VP (VB have) (NP (DT a) (CD three) (NN car) (NN garage)))) (. .) (-DFL- E_S))",77
sw05utt/sw_0556_3317.utt,3/sw3317,3317,53,+,B,32,1,-- what we have. /,--/:  [ what/WP ] [ we/PRP ] have/VBP ./.,"(S (CC and) (EDITED (RM (-DFL- \[)) (S (NP-SBJ (DT the) (NNS garages)) (VP-UNF (VBD were) (ADVP-TMP (RB always)))) (, ,) (IP (-DFL- \+))) (SBAR-ADV (IN if) (S (NP-SBJ (DT the) (NN house)) (EDITED (RM (-DFL- \[)) (VP-UNF (XX w-)) (, ,) (IP (-DFL- \+))) (VP (VBD was) (RS (-DFL- \])) (ADJP-PRD (JJ large))))) (, ,) (NP-SBJ (PRP it)) (VP (VBD seemed) (SBAR (IN like) (S (NP-SBJ (DT the) (NNS garages)) (VP (VBD were) (RS (-DFL- \])) (ADJP-PRD (JJ small)) (SBAR (ADVP (RB even)) (IN if) (S (NP-SBJ (PRP they)) (VP (VBD were) (NP-PRD (NP (ADJP (CD three) (NN car)) (VBZ garages)) (SBAR (WHNP-1 (WDT which)) (S (NP-SBJ (-NONE- *T*-1)) (VP (VBZ is) (SBAR-NOM-PRD (WHNP-2 (WP what)) (S (NP-SBJ (PRP we)) (VP (VBP have) (NP (-NONE- *T*-2)))))))))))))))) (. .) (-DFL- E_S))",75
sw05utt/sw_0556_3317.utt,3/sw3317,3317,54,+,A,33,1,-- of them don't have a three car garage. /,--/: of/IN  [ them/PRP ] do/VBP n't/RB have/VB  [ a/DT three/CD car/NN garage/NN ] ./.,"(S (INTJ (UH Well)) (, ,) (ADVP (RB then)) (, ,) (NP-SBJ (NP (RBS most)) (PP (IN of) (NP (PRP them)))) (VP (VBP do) (RB n't) (VP (VB have) (NP (DT a) (CD three) (NN car) (NN garage)))) (. .) (-DFL- E_S))",77
sw05utt/sw_0556_3317.utt,3/sw3317,3317,55,b,B,34,1,Uh-huh. /,[ Uh-huh/UH ] ./.,(INTJ (UH Uh-huh) (. .) (-DFL- E_S)),56
sw05utt/sw_0556_3317.utt,3/sw3317,3317,56,sd,A,35,1,They're kind of rare. /,[ They/PRP ] 're/VBP  [ kind/RB ] of/RB  [ rare/JJ ] ./.,(S (NP-SBJ (PRP They)) (VP (VBP 're) (ADJP-PRD (ADVP (RB kind) (RB of)) (JJ rare))) (. .) (-DFL- E_S)),83
sw05utt/sw_0556_3317.utt,3/sw3317,3317,57,sd,B,36,1,{C So } we put a three car garage in. /,So/RB  [ we/PRP ] put/VBD  [ a/DT three/CD car/NN garage/NN ] in/RP ./.,(S (RB So) (NP-SBJ (PRP we)) (VP (VBD put) (NP (DT a) (ADJP (CD three) (NN car)) (NN garage)) (PRT (RP in))) (. .) (-DFL- E_S)),85
sw05utt/sw_0556_3317.utt,3/sw3317,3317,58,b,A,37,1,Uh-huh. /,[ Uh-huh/UH ] ./.,(INTJ (UH Uh-huh) (. .) (-DFL- E_S)),73
sw05utt/sw_0556_3317.utt,3/sw3317,3317,59,sd,B,38,1,"{C But, } even if they had three car garages, they didn't have a work space.  /","But/CC ,/, even/RB if/IN  [ they/PRP ] had/VBD  [ three/CD car/NN garages/NNS ] ,/,  [ they/PRP ] did/VBD n't/RB have/VB  [ a/DT work/NN space/NN ] ./.","(S (CC But) (, ,) (SBAR-ADV (ADVP (RB even)) (IN if) (S (NP-SBJ (PRP they)) (VP (VBD had) (NP (ADJP (CD three) (NN car)) (NNS garages))))) (, ,) (NP-SBJ (PRP they)) (VP (VBD did) (RB n't) (VP (VB have) (NP (DT a) (NN work) (NN space)))) (. .) (-DFL- E_S))",89
sw05utt/sw_0556_3317.utt,3/sw3317,3317,60,sd,B,38,2,All of it was taken up with just car space. /,[ All/DT ] of/IN  [ it/PRP ] was/VBD taken/VBN up/RP with/IN  [ just/JJ car/NN space/NN ] ./.,(S (NP-SBJ-1 (NP (DT All)) (PP (IN of) (NP (PRP it)))) (VP (VBD was) (VP (VBN taken) (NP (-NONE- *-1)) (PRT (RP up)) (PP (IN with) (NP (JJ just) (NN car) (NN space))))) (. .) (-DFL- E_S)),90
sw05utt/sw_0556_3317.utt,3/sw3317,3317,61,b,A,39,1,Uh-huh. /,[ Uh-huh/UH ] ./.,(INTJ (UH Uh-huh) (. .) (-DFL- E_S)),73
sw05utt/sw_0556_3317.utt,3/sw3317,3317,62,sd,B,40,1,{C And so } he has a big <noise> landing area that's between where the cars are in the garage  and where the house starts --,And/CC so/RB  [ he/PRP ] has/VBZ  [ a/DT big/JJ landing/NN area/NN ] [ that/WDT ] 's/BES between/IN where/WRB  [ the/DT cars/NNS ] are/VBP in/IN  [ the/DT garage/NN ] and/CC where/WRB  [ the/DT house/NN ] starts/VBZ --/:,(S (CONJP (CC And) (RB so)) (NP-SBJ (PRP he)) (VP (VBZ has) (NP (NP (DT a) (JJ big) (NN landing) (NN area)) (SBAR (WHNP-1 (WDT that)) (S (NP-SBJ (-NONE- *T*-1)) (VP (BES 's) (PP-LOC-PRD (IN between) (SBAR (SBAR (WHADVP-2 (WRB where)) (S (NP-SBJ (DT the) (NNS cars)) (VP (VBP are) (ADVP-LOC-PRD (-NONE- *T*-2)) (PP-LOC (IN in) (NP (DT the) (NN garage)))))) (CC and) (SBAR (WHADVP-3 (WRB where)) (S (NP-SBJ (DT the) (NN house)) (VP (VBZ starts) (ADVP-LOC (-NONE- *T*-3)))))))))) (SBAR (WHNP-4 (WDT that)) (S (NP-SBJ (PRP he)) (VP (MD can) (VP (VB work) (PP (IN on) (NP (-NONE- *T*-4))))))))) (. .) (-DFL- E_S)),94
sw05utt/sw_0556_3317.utt,3/sw3317,3317,63,b,A,41,1,Uh-huh. /,[ Uh-huh/UH ] ./.,(INTJ (UH Uh-huh) (. .) (-DFL- E_S)),73
sw05utt/sw_0556_3317.utt,3/sw3317,3317,64,+,B,42,1,-- that he can work on. /,--/: that/WDT  [ he/PRP ] can/MD work/VB on/IN ./.,(S (CONJP (CC And) (RB so)) (NP-SBJ (PRP he)) (VP (VBZ has) (NP (NP (DT a) (JJ big) (NN landing) (NN area)) (SBAR (WHNP-1 (WDT that)) (S (NP-SBJ (-NONE- *T*-1)) (VP (BES 's) (PP-LOC-PRD (IN between) (SBAR (SBAR (WHADVP-2 (WRB where)) (S (NP-SBJ (DT the) (NNS cars)) (VP (VBP are) (ADVP-LOC-PRD (-NONE- *T*-2)) (PP-LOC (IN in) (NP (DT the) (NN garage)))))) (CC and) (SBAR (WHADVP-3 (WRB where)) (S (NP-SBJ (DT the) (NN house)) (VP (VBZ starts) (ADVP-LOC (-NONE- *T*-3)))))))))) (SBAR (WHNP-4 (WDT that)) (S (NP-SBJ (PRP he)) (VP (MD can) (VP (VB work) (PP (IN on) (NP (-NONE- *T*-4))))))))) (. .) (-DFL- E_S)),94
sw05utt/sw_0556_3317.utt,3/sw3317,3317,65,%,A,43,1,"{D Well } that, - /","Well/UH that/IN ,/,","(S-UNF (INTJ (UH Well)) (NP-SBJ (IN that)) (, ,) (-DFL- N_S))",99
sw05utt/sw_0556_3317.utt,3/sw3317,3317,66,sd,A,43,2,"[ my, +  we've ] just got a two car garage,  /","[ my/PRP$ ] ,/,  [ we/PRP ] 've/VBP just/RB got/VBD  [ a/DT two/CD car/NN garage/NN ] ,/,","(S (EDITED (RM (-DFL- \[)) (NP-SBJ-UNF (PRP$ my)) (, ,) (IP (-DFL- \+))) (NP-SBJ (PRP we)) (VP (VBP 've) (RS (-DFL- \])) (ADVP (RB just)) (VP (VBD got) (NP (DT a) (ADJP (CD two) (NN car)) (NN garage)))) (, ,) (-DFL- E_S))",100
sw05utt/sw_0556_3317.utt,3/sw3317,3317,67,sd,A,43,3,"{C but } my husband's got a big space in between [ the, +  where the ] cars are and  the house, where he has a big work shop, {D you know, } workbench and  everything. /","but/CC  [ my/PRP$ husband/NN 's/POS ] got/VBD  [ a/DT big/JJ space/NN ] in/RB between/RB  [ the/DT ] ,/, where/WRB  [ the/DT cars/NNS ] are/VBP and/CC  [ the/DT house/NN ] ,/, where/WRB  [ he/PRP ] has/VBZ  [ a/DT big/JJ work/NN shop/NN ] ,/,  [ you/PRP ] know/VBP ,/,  [ workbench/NN ] and/CC  [ everything/NN ] ./.","(S (CC but) (NP-SBJ (PRP$ my) (NN husband)) (VP (POS 's) (VP (VBD got) (NP (NP (DT a) (JJ big) (NN space)) (PP (RB in) (PP (RB between) (EDITED (RM (-DFL- \[)) (NP-UNF (DT the)) (, ,) (IP (-DFL- \+))) (NP (SBAR-NOM (WHADVP-1 (WRB where)) (S (NP-SBJ (DT the) (RS (-DFL- \])) (NNS cars)) (VP (VBP are) (ADVP-LOC-PRD (-NONE- *T*-1))))) (CC and) (NP (DT the) (NN house))))) (, ,) (SBAR (WHADVP-2 (WRB where)) (S (NP-SBJ (PRP he)) (VP (VBZ has) (NP (NP (DT a) (JJ big) (NN work) (NN shop)) (PRN (, ,) (S (NP-SBJ (PRP you)) (VP (VBP know))) (, ,)) (NP (NN workbench) (CC and) (NN everything))) (ADVP-LOC (-NONE- *T*-2)))))))) (. .) (-DFL- E_S))",101
sw05utt/sw_0556_3317.utt,3/sw3317,3317,68,sv,B,44,1,"{D Well, } sounds like our husbands have similar interests. /","Well/UH ,/, sounds/VBZ like/IN  [ our/PRP$ husbands/NNS ] have/VB  [ similar/JJ interests/NNS ] ./.","(S (INTJ (UH Well)) (, ,) (NP-SBJ (-NONE- *)) (VP (VBZ sounds) (SBAR (IN like) (S (NP-SBJ (PRP$ our) (NNS husbands)) (VP (VB have) (NP (JJ similar) (NNS interests)))))) (. .) (-DFL- E_S))",103
sw05utt/sw_0556_3317.utt,3/sw3317,3317,69,ar,A,45,1,"{D Now, } mine does not work on cars,  /","Now/UH ,/,  [ mine/PRP ] does/VBZ not/RB  [ work/VB ] on/IN  [ cars/NNS ] ,/,","(S (INTJ (UH Now)) (, ,) (NP-SBJ (PRP mine)) (VP (VBZ does) (RB not) (VP (VB work) (PP (IN on) (NP (NNS cars))))) (, ,) (-DFL- E_S))",105
sw05utt/sw_0556_3317.utt,3/sw3317,3317,70,sd,A,45,2,he just piddles on this and  that. /,[ he/PRP ] just/RB piddles/VBZ on/IN  [ this/DT ] and/CC  [ that/DT ] ./.,(S (NP-SBJ (PRP he)) (ADVP (RB just)) (VP (VBZ piddles) (PP (IN on) (NP (DT this) (CC and) (DT that)))) (. .) (-DFL- E_S)),106
sw05utt/sw_0556_3317.utt,3/sw3317,3317,71,ba,B,46,1,"{F Oh, } I see. /","Oh/UH ,/,  [ I/PRP ] see/VBP ./.","(S (INTJ (UH Oh)) (, ,) (NP-SBJ (PRP I)) (VP (VBP see)) (. .) (-DFL- E_S))",108
sw05utt/sw_0556_3317.utt,3/sw3317,3317,72,sd,A,47,1,"{C But } he likes to have a spot to keep all of [ his, + his ] piddling things. /","But/CC  [ he/PRP ] likes/VBZ to/TO have/VB  [ a/DT spot/NN ] to/TO keep/VB  [ all/DT ] of/IN  [ his/PRP$ ] ,/,  [ his/PRP$ piddling/NN things/NNS ] ./.","(S (CC But) (NP-SBJ-1 (PRP he)) (VP (VBZ likes) (S (NP-SBJ (-NONE- *-1)) (VP (TO to) (VP (VB have) (NP (NP (DT a) (NN spot)) (SBAR (WHADVP-2 (-NONE- 0)) (S (NP-SBJ (-NONE- *)) (VP (TO to) (VP (VB keep) (NP (NP (DT all)) (PP (IN of) (EDITED (RM (-DFL- \[)) (NP-UNF (PRP$ his)) (, ,) (IP (-DFL- \+))) (NP (PRP$ his) (RS (-DFL- \])) (NN piddling) (NNS things)))) (ADVP-LOC (-NONE- *T*-2))))))))))) (. .) (-DFL- E_S))",110
sw05utt/sw_0556_3317.utt,3/sw3317,3317,73,b,B,48,1,Uh-huh. /,[ Uh-huh/UH ] ./.,(INTJ (UH Uh-huh) (. .) (-DFL- E_S)),87
sw05utt/sw_0556_3317.utt,3/sw3317.pos,3317,74,x,A,49,1,<Laughter>.,./.
sw05utt/sw_0556_3317.utt,3/sw3317,3317,75,ba,B,50,1,"{D Well, } that's nice that it's not in your house. /","Well/UH ,/,  [ that/DT ] 's/BES nice/JJ that/IN  [ it/PRP ] 's/BES not/RB in/IN  [ your/PRP$ house/NN ] ./.","(S (INTJ (UH Well)) (, ,) (NP-SBJ (DT that)) (VP (BES 's) (ADJP-PRD (JJ nice)) (SBAR-TPC (IN that) (S (NP-SBJ (PRP it)) (VP (BES 's) (RB not) (PP-LOC-PRD (IN in) (NP (PRP$ your) (NN house))))))) (. .) (-DFL- E_S))",115
sw05utt/sw_0556_3317.utt,3/sw3317,3317,76,aa,A,51,1,It really is. /,[ It/PRP ] really/RB is/VBZ ./.,(S (NP-SBJ (PRP It)) (ADVP (RB really)) (VP (VBZ is) (ADJP-PRD (-NONE- *?*))) (. .) (-DFL- E_S)),117
sw05utt/sw_0556_3317.utt,3/sw3317,3317,77,b,B,52,1,Uh-huh. /,[ Uh-huh/UH ] ./.,(INTJ (UH Uh-huh) (. .) (-DFL- E_S)),96
sw05utt/sw_0556_3317.utt,3/sw3317,3317,78,sv,A,53,1,"{C Because, } {D you know, } they have a lot of things of their own,  /","Because/RB ,/,  [ you/PRP ] know/VBP ,/,  [ they/PRP ] have/VBP  [ a/DT lot/NN ] of/IN  [ things/NNS ] of/IN  [ their/PRP$ own/JJ ] ,/,","(SBAR-PRP (RB Because) (PRN (, ,) (S (NP-SBJ (PRP you)) (VP (VBP know))) (, ,)) (S (NP-SBJ (PRP they)) (VP (VBP have) (NP (NP (DT a) (NN lot)) (PP (IN of) (NP (NNS things))) (PP (IN of) (NP (PRP$ their) (JJ own)))))) (, ,) (-DFL- E_S))",121
sw05utt/sw_0556_3317.utt,3/sw3317,3317,79,%,A,53,2,"{C and } [ I, + {D you know, } I  ] wouldn't mind having, - /","and/CC  [ I/PRP ] ,/,  [ you/PRP ] know/VBP ,/,  [ I/PRP ] would/MD n't/RB mind/VB having/VBG ,/,","(S (CC and) (EDITED (RM (-DFL- \[)) (NP-SBJ (PRP I)) (, ,) (IP (-DFL- \+))) (PRN (S (NP-SBJ (PRP you)) (VP (VBP know))) (, ,)) (NP-SBJ-1 (PRP I)) (RS (-DFL- \])) (VP (MD would) (RB n't) (VP (VB mind) (S (NP-SBJ (-NONE- *-1)) (VP-UNF (VBG having))))) (, ,) (-DFL- N_S))",122
sw05utt/sw_0556_3317.utt,3/sw3317,3317,80,sd,A,53,3,"{C and } I at one time was going to fix up when one of my daughters left, a bedroom to where I had a room to just put all of my craft stuff and --","and/CC  [ I/PRP ] at/IN  [ one/CD time/NN ] was/VBD going/VBG to/TO fix/VB up/RP when/WRB  [ one/NN ] of/IN  [ my/PRP$ daughters/NNS ] left/VBN ,/,  [ a/DT bedroom/NN ] to/TO where/WRB  [ I/PRP ] had/VBD  [ a/DT room/NN ] to/TO just/RB put/VB  [ all/DT ] of/IN  [ my/PRP$ craft/NN stuff/NN ] and/CC --/:","(S (CC and) (NP-SBJ-1 (PRP I)) (PP-TMP (IN at) (NP (CD one) (NN time))) (VP (VBD was) (VP (VBG going) (S (NP-SBJ (-NONE- *-1)) (VP (TO to) (VP (VB fix) (PRT (RP up)) (SBAR-TMP (WHADVP-2 (WRB when)) (S (NP-SBJ (NP (NN one)) (PP (IN of) (NP (PRP$ my) (NNS daughters)))) (VP (VBN left) (ADVP-TMP (-NONE- *T*-2))))) (, ,) (NP (DT a) (NN bedroom)) (PP (TO to) (SBAR (WHADVP-4 (WRB where)) (S (NP-SBJ (PRP I)) (VP (VBD had) (NP (NP (DT a) (NN room)) (SBAR (WHADVP-3 (-NONE- 0)) (S (NP-SBJ (-NONE- *)) (VP (TO to) (ADVP (RB just)) (VP (VB put) (NP (NP (NP (DT all)) (PP (IN of) (NP (PRP$ my) (NN craft) (NN stuff)))) (CC and) (NP (NN sewing) (NN machine)) (CC and) (NP (NP (PDT all) (DT that) (NN kind)) (PP (IN of) (NP (NN stuff))))) (ADVP-PUT (-NONE- *T*-3))))))) (ADVP (-NONE- *T*-4))))))))))) (, ,) (-DFL- E_S))",123
sw05utt/sw_0556_3317.utt,3/sw3317,3317,81,b,B,54,1,Uh-huh. /,[ Uh-huh/UH ] ./.,(INTJ (UH Uh-huh) (. .) (-DFL- E_S)),112
sw05utt/sw_0556_3317.utt,3/sw3317,3317,82,+,A,55,1,"-- sewing machine and all that kind of stuff, <lipsmack>  /","--/:  [ sewing/NN machine/NN ] and/CC  [ all/PDT that/DT kind/NN ] of/IN  [ stuff/NN ] ,/,","(S (CC and) (NP-SBJ-1 (PRP I)) (PP-TMP (IN at) (NP (CD one) (NN time))) (VP (VBD was) (VP (VBG going) (S (NP-SBJ (-NONE- *-1)) (VP (TO to) (VP (VB fix) (PRT (RP up)) (SBAR-TMP (WHADVP-2 (WRB when)) (S (NP-SBJ (NP (NN one)) (PP (IN of) (NP (PRP$ my) (NNS daughters)))) (VP (VBN left) (ADVP-TMP (-NONE- *T*-2))))) (, ,) (NP (DT a) (NN bedroom)) (PP (TO to) (SBAR (WHADVP-4 (WRB where)) (S (NP-SBJ (PRP I)) (VP (VBD had) (NP (NP (DT a) (NN room)) (SBAR (WHADVP-3 (-NONE- 0)) (S (NP-SBJ (-NONE- *)) (VP (TO to) (ADVP (RB just)) (VP (VB put) (NP (NP (NP (DT all)) (PP (IN of) (NP (PRP$ my) (NN craft) (NN stuff)))) (CC and) (NP (NN sewing) (NN machine)) (CC and) (NP (NP (PDT all) (DT that) (NN kind)) (PP (IN of) (NP (NN stuff))))) (ADVP-PUT (-NONE- *T*-3))))))) (ADVP (-NONE- *T*-4))))))))))) (, ,) (-DFL- E_S))",123
sw05utt/sw_0556_3317.utt,3/sw3317,3317,83,%,A,55,2,"{C but }   [ I, +  someone, ] - /","but/CC  [ I/PRP ] ,/,  [ someone/NN ] ,/,","(S-UNF (CC but) (EDITED (RM (-DFL- \[)) (NP-SBJ (PRP I)) (, ,) (IP (-DFL- \+))) (NP-SBJ (NN someone)) (, ,) (RS (-DFL- \])) (-DFL- N_S))",127
sw05utt/sw_0556_3317.utt,3/sw3317,3317,84,h,A,55,3,"I don't know,  /","[ I/PRP ] do/VBP n't/RB know/VB ,/,","(S (NP-SBJ (PRP I)) (VP (VBP do) (RB n't) (VP (VB know))) (, ,) (-DFL- E_S))",128
sw05utt/sw_0556_3317.utt,3/sw3317,3317,85,sd,A,55,4,it ended up I  got some furniture back that one of them had moved out <laughter> or something. /,[ it/PRP ] ended/VBD up/RP  [ I/PRP ] got/VBD  [ some/DT furniture/NN ] back/RB that/WDT  [ one/CD ] of/IN  [ them/PRP ] had/VBD moved/VBD out/RB or/CC  [ something/NN ] ./.,(S (NP-SBJ (PRP it)) (VP (VBD ended) (PRT (RP up)) (SBAR (-NONE- 0) (S (NP-SBJ (PRP I)) (VP (VBD got) (NP (NP (DT some) (NN furniture)) (SBAR (-NONE- *ICH*-2))) (ADVP (RB back)) (SBAR-2 (WHNP-1 (WDT that)) (S (NP-SBJ (NP (CD one)) (PP (IN of) (NP (PRP them)))) (VP (VP (VBD had) (VP (VBD moved) (NP (-NONE- *T*-1)) (ADVP-DIR (RB out)))) (CC or) (NP-ETC (NN something))))))))) (. .) (-DFL- E_S)),129
sw05utt/sw_0556_3317.utt,3/sw3317,3317,86,b,B,56,1,Right. /,[ Right/UH ] ./.,(INTJ (UH Right) (. .) (-DFL- E_S)),131
sw05utt/sw_0556_3317.utt,3/sw3317,3317,87,sd,A,57,1,{C So } I didn't end up with my vacant room like I had thought I would. /,So/RB  [ I/PRP ] did/VBD n't/RB  [ end/NN ] up/RP with/IN  [ my/PRP$ vacant/JJ room/NN ] like/IN  [ I/PRP ] had/VBD thought/VBN  [ I/PRP ] would/MD ./.,(S (RB So) (NP-SBJ (PRP I)) (VP (VBD did) (RB n't) (VP (NN end) (PRT (RP up)) (PP (IN with) (NP (PRP$ my) (JJ vacant) (NN room))) (SBAR-ADV (IN like) (S (NP-SBJ (PRP I)) (VP (VBD had) (VP (VBN thought) (SBAR (-NONE- 0) (S (NP-SBJ (PRP I)) (VP (MD would) (VP (-NONE- *?*))))))))))) (. .) (-DFL- E_S)),133
sw05utt/sw_0556_3317.utt,3/sw3317,3317,88,sd,B,58,1,"{D Well, } we still have [ a, + a  ] son and daughter in college that come home. /","Well/UH ,/,  [ we/PRP ] still/RB have/VBP  [ a/DT ] ,/,  [ a/DT son/NN ] and/CC  [ daughter/NN ] in/IN  [ college/NN ] that/WDT come/VBP  [ home/RB ] ./.","(S (INTJ (UH Well)) (, ,) (NP-SBJ (PRP we)) (ADVP-TMP (RB still)) (VP (VBP have) (EDITED (RM (-DFL- \[)) (NP-UNF (DT a)) (, ,) (IP (-DFL- \+))) (NP (NP (DT a) (RS (-DFL- \])) (NN son) (CC and) (NN daughter)) (PP (IN in) (NP (NN college))) (SBAR (WHNP-1 (WDT that)) (S (NP-SBJ (-NONE- *T*-1)) (VP (VBP come) (ADVP-DIR (RB home))))))) (. .) (-DFL- E_S))",135
sw05utt/sw_0556_3317.utt,3/sw3317,3317,89,b,A,59,1,Uh-huh. /,[ Uh-huh/UH ] ./.,(INTJ (UH Uh-huh) (. .) (-DFL- E_S)),112
sw05utt/sw_0556_3317.utt,3/sw3317,3317,90,sd,B,60,1,{C And } the other room we use as a guest bedroom because my husband's family <noise> come.  /,And/CC  [ the/DT other/JJ room/NN ] [ we/PRP ] use/VBP as/IN  [ a/DT guest/NN bedroom/NN ] because/IN  [ my/PRP$ husband/NN 's/POS family/NN ] come/VBP ./.,(S (CC And) (NP-TPC-1 (DT the) (JJ other) (NN room)) (NP-SBJ (PRP we)) (VP (VBP use) (NP (-NONE- *T*-1)) (PP (IN as) (NP (DT a) (NN guest) (NN bedroom))) (SBAR-PRP (IN because) (S (NP-SBJ (NP (PRP$ my) (NN husband) (POS 's)) (NN family)) (VP (VBP come))))) (. .) (-DFL- E_S)),139
sw05utt/sw_0556_3317.utt,3/sw3317,3317,91,sd,B,60,2,His parents come  /,[ His/PRP$ parents/NNS ] come/VBP,(S (NP-SBJ (PRP$ His) (NNS parents)) (VP (VBP come)) (-DFL- E_S)),140
sw05utt/sw_0556_3317.utt,3/sw3317,3317,92,sd,B,60,3,{C and } also the kids have friends who come --,and/CC also/RB  [ the/DT kids/NNS ] have/VBP  [ friends/NNS ] [ who/WP ] come/VBP --/:,(S (CC and) (ADVP (RB also)) (NP-SBJ (DT the) (NNS kids)) (VP (VBP have) (NP (NP (NNS friends)) (SBAR (WHNP-1 (WP who)) (S (NP-SBJ (-NONE- *T*-1)) (VP (VBP come) (CC and) (VBP stay)))))) (-DFL- E_S)),141
sw05utt/sw_0556_3317.utt,3/sw3317,3317,93,b,A,61,1,Uh-huh. /,[ Uh-huh/UH ] ./.,(INTJ (UH Uh-huh) (. .) (-DFL- E_S)),119
sw05utt/sw_0556_3317.utt,3/sw3317,3317,94,+,B,62,1,-- and stay  /,--/: and/CC stay/VBP,(S (CC and) (ADVP (RB also)) (NP-SBJ (DT the) (NNS kids)) (VP (VBP have) (NP (NP (NNS friends)) (SBAR (WHNP-1 (WP who)) (S (NP-SBJ (-NONE- *T*-1)) (VP (VBP come) (CC and) (VBP stay)))))) (-DFL- E_S)),141
sw05utt/sw_0556_3317.utt,3/sw3317,3317,95,sd,B,62,2,{C and so } --,and/CC so/RB --/:,(S (CONJP (CC and) (RB so)) (NP-SBJ (PRP it)) (VP (VBZ seems) (SBAR (IN like) (S (NP-SBJ-1 (PRP it)) (VP (BES 's) (ADVP-TMP (RB always)) (VP (VBN used) (NP (-NONE- *-1)) (PP (IN as) (NP (DT a) (NN bedroom)))))))) (. .) (-DFL- E_S)),145
sw05utt/sw_0556_3317.utt,3/sw3317,3317,96,b,A,63,1,Uh-huh. /,[ Uh-huh/UH ] ./.,(INTJ (UH Uh-huh) (. .) (-DFL- E_S)),119
sw05utt/sw_0556_3317.utt,3/sw3317,3317,97,+,B,64,1,-- it seems like it's always used as a bedroom. /,--/:  [ it/PRP ] seems/VBZ like/IN  [ it/PRP ] 's/BES always/RB used/VBN as/IN  [ a/DT bedroom/NN ] ./.,(S (CONJP (CC and) (RB so)) (NP-SBJ (PRP it)) (VP (VBZ seems) (SBAR (IN like) (S (NP-SBJ-1 (PRP it)) (VP (BES 's) (ADVP-TMP (RB always)) (VP (VBN used) (NP (-NONE- *-1)) (PP (IN as) (NP (DT a) (NN bedroom)))))))) (. .) (-DFL- E_S)),145
sw05utt/sw_0556_3317.utt,3/sw3317,3317,98,%,A,65,1,"{D Well, } I still, - /","Well/UH ,/,  [ I/PRP ] still/RB ,/,","(S-UNF (INTJ (UH Well)) (, ,) (NP-SBJ (PRP I)) (ADVP-TMP (RB still)) (, ,) (-DFL- N_S))",150
sw05utt/sw_0556_3317.utt,3/sw3317,3317,99,sd,A,65,2,"all three of my daughters are married,  /","[ all/PDT three/CD ] of/IN  [ my/PRP$ daughters/NNS ] are/VBP married/JJ ,/,","(S (NP-SBJ (NP (PDT all) (CD three)) (PP (IN of) (NP (PRP$ my) (NNS daughters)))) (VP (VBP are) (ADJP-PRD (JJ married))) (, ,) (-DFL- E_S))",151
sw05utt/sw_0556_3317.utt,3/sw3317,3317,100,h,A,65,3,"but, I don't know,  /","but/CC ,/,  [ I/PRP ] do/VBP n't/RB know/VB ,/,","(S (CC but) (, ,) (NP-SBJ (PRP I)) (VP (VBP do) (RB n't) (VP (VB know))) (, ,) (-DFL- E_S))",152
sw05utt/sw_0556_3317.utt,3/sw3317,3317,101,sd,A,65,4,I just still have need for the four bedrooms just having company from time to time.,[ I/PRP ] just/RB still/RB have/VBP  [ need/NN ] for/IN  [ the/DT four/CD bedrooms/NNS ] just/RB having/VBG  [ company/NN ] from/IN  [ time/NN ] to/IN  [ time/NN ] ./.,"(S (NP-SBJ-1 (PRP I)) (ADVP (RB just)) (ADVP-TMP (RB still)) (VP (VBP have) (NP (NP (NN need)) (PP (IN for) (NP (DT the) (CD four) (NNS bedrooms)))) (S-ADV (S (NP-SBJ (-NONE- *-1)) (ADVP (RB just)) (VP (VBG having) (NP (NN company)) (PP-TMP (PP (IN from) (NP (NN time))) (PP (IN to) (NP (NN time)))))) (. .) (CC And) (S (NP-SBJ (NP (DT some)) (PP (IN of) (NP (PRP them)))) (VP (VP (VBG coming) (ADVP-DIR (RB back) (RB home))) (CC and) (NP-ETC (NNS things))))) (PRN (, ,) (S (NP-SBJ (PRP you)) (VP (VBP know))))) (. .) (-DFL- E_S))",153
sw05utt/sw_0556_3317.utt,3/sw3317,3317,102,aa,B,66,1,Right. /,[ Right/UH ] ./.,(INTJ (UH Right) (. .) (-DFL- E_S)),131
sw05utt/sw_0556_3317.utt,3/sw3317,3317,103,+,A,67,1,"{C And } some of them coming back home and things, {D you know. } /","And/CC  [ some/DT ] of/IN  [ them/PRP ] coming/VBG back/RB  [ home/RB ] and/CC  [ things/NNS ] ,/,  [ you/PRP ] know/VBP ./.","(S (NP-SBJ-1 (PRP I)) (ADVP (RB just)) (ADVP-TMP (RB still)) (VP (VBP have) (NP (NP (NN need)) (PP (IN for) (NP (DT the) (CD four) (NNS bedrooms)))) (S-ADV (S (NP-SBJ (-NONE- *-1)) (ADVP (RB just)) (VP (VBG having) (NP (NN company)) (PP-TMP (PP (IN from) (NP (NN time))) (PP (IN to) (NP (NN time)))))) (. .) (CC And) (S (NP-SBJ (NP (DT some)) (PP (IN of) (NP (PRP them)))) (VP (VP (VBG coming) (ADVP-DIR (RB back) (RB home))) (CC and) (NP-ETC (NNS things))))) (PRN (, ,) (S (NP-SBJ (PRP you)) (VP (VBP know))))) (. .) (-DFL- E_S))",153
sw05utt/sw_0556_3317.utt,3/sw3317,3317,104,aa,B,68,1,"{F Oh, } I understand <<faint>>. /","Oh/UH ,/,  [ I/PRP ] understand/VBP ./.","(S (INTJ (UH Oh)) (, ,) (NP-SBJ (PRP I)) (VP (VBP understand)) (. .) (-DFL- E_S))",158
sw05utt/sw_0556_3317.utt,3/sw3317,3317,105,sd,A,69,1,"{C And } we've got grandchildren now,  /","And/CC  [ we/PRP ] 've/VBP got/VBN  [ grandchildren/NNS ] now/RB ,/,","(S (CC And) (NP-SBJ (PRP we)) (VP (VBP 've) (VP (VBN got) (NP (NNS grandchildren)) (ADVP-TMP (RB now)))) (, ,) (-DFL- E_S))",160
sw05utt/sw_0556_3317.utt,3/sw3317,3317,106,sd,A,69,2,{C so } --,so/RB --/:,(S (CONJP (CC and) (RB so)) (NP-SBJ (PRP it)) (VP (VBZ seems) (SBAR (IN like) (S (NP-SBJ-1 (PRP it)) (VP (BES 's) (ADVP-TMP (RB always)) (VP (VBN used) (NP (-NONE- *-1)) (PP (IN as) (NP (DT a) (NN bedroom)))))))) (. .) (-DFL- E_S)),145
sw05utt/sw_0556_3317.utt,3/sw3317,3317,107,%,B,70,1,"{D Well, } we, -/","Well/UH ,/,  [ we/PRP ] ,/,","(S-UNF (INTJ (UH Well)) (, ,) (NP-SBJ (PRP we)) (, ,) (-DFL- N_S))",163
sw05utt/sw_0556_3317.utt,3/sw3317,3317,108,+,A,71,1,"-- when they come, they have to have a place. /","--/: when/WRB  [ they/PRP ] come/VBP ,/,  [ they/PRP ] have/VBP to/TO have/VB  [ a/DT place/NN ] ./.","(S (RB so) (SBAR-TMP (WHADVP-1 (WRB when)) (S (NP-SBJ (PRP they)) (VP (VBP come) (ADVP-TMP (-NONE- *T*-1))))) (, ,) (NP-SBJ-2 (PRP they)) (VP (VBP have) (S (NP-SBJ (-NONE- *-2)) (VP (TO to) (VP (VB have) (NP (DT a) (NN place)))))) (. .) (-DFL- E_S))",161
sw05utt/sw_0556_3317.utt,3/sw3317,3317,109,aa,B,72,1,<Laughter> That's true  /,[ That/DT ] 's/BES true/JJ,(S (NP-SBJ (DT That)) (VP (BES 's) (ADJP-PRD (JJ true))) (-DFL- E_S)),166
sw05utt/sw_0556_3317.utt,3/sw3317,3317,110,sv,B,72,2,{C and } you don't want them to not be able to come because there's no room. /,and/CC  [ you/PRP ] do/VBP n't/RB want/VB  [ them/PRP ] to/TO not/RB be/VB able/JJ to/TO come/VB because/IN  [ there/EX ] 's/BES  [ no/DT room/NN ] ./.,(S (CC and) (NP-SBJ (PRP you)) (VP (VBP do) (RB n't) (VP (VB want) (S (NP-SBJ-1 (PRP them)) (VP (TO to) (RB not) (VP (VB be) (ADJP-PRD (JJ able) (S (NP-SBJ (-NONE- *-1)) (VP (TO to) (VP (VB come))))) (SBAR-PRP (IN because) (S (NP-SBJ (EX there)) (VP (BES 's) (NP-PRD (DT no) (NN room)))))))))) (. .) (-DFL- E_S)),167
sw05utt/sw_0556_3317.utt,3/sw3317,3317,111,aa,A,73,1,"That's right,  /","[ That/DT ] 's/BES right/JJ ,/,","(S (NP-SBJ (DT That)) (VP (BES 's) (ADJP-PRD (JJ right))) (, ,) (-DFL- E_S))",169
sw05utt/sw_0556_3317.utt,3/sw3317,3317,112,aa,A,73,2,you sure don't.  /,[ you/PRP ] sure/RB do/VBP n't/RB ./.,(S (NP-SBJ (PRP you)) (ADVP (RB sure)) (VP (VBP do) (RB n't)) (. .) (-DFL- E_S)),170
sw05utt/sw_0556_3317.utt,3/sw3317,3317,113,sd,A,73,3,"At times I keep thinking, though, that might be kind of nice. /","At/IN  [ times/NNS I/PRP ] keep/VBP thinking/VBG ,/, though/RB ,/, that/DT might/MD be/VB  [ kind/RB ] of/RB  [ nice/JJ ] ./.","(S (PP-TMP (IN At) (NP (NNS times))) (NP-SBJ-1 (PRP I)) (VP (VBP keep) (S (NP-SBJ (-NONE- *-1)) (VP (VBG thinking) (, ,) (ADVP (RB though)) (, ,) (SBAR (-NONE- 0) (S (NP-SBJ (DT that)) (VP (MD might) (VP (VB be) (ADJP-PRD (ADVP (RB kind) (RB of)) (JJ nice))))))))) (. .) (-DFL- E_S))",171
sw05utt/sw_0556_3317.utt,3/sw3317,3317,114,sd,B,74,1,"{D Well, }","Well/UH ,/,","(S-UNF (INTJ (UH Well)) (, ,) (NP-SBJ (PRP I)) (ADVP-TMP (RB still)) (, ,) (-DFL- N_S))",150
sw05utt/sw_0556_3317.utt,3/sw3317.pos,3317,115,x,A,75,1,<Laughter>.,./.
sw05utt/sw_0556_3317.utt,3/sw3317,3317,116,+,B,76,1,"[ I c-, +  I haven't ] reached that point yet.  /","[ I/PRP c-/XX ] ,/,  [ I/PRP ] have/VBP n't/RB reached/VBN  [ that/DT point/NN ] yet/RB ./.","(S (INTJ (UH Well)) (, ,) (EDITED (RM (-DFL- \[)) (S (NP-SBJ (PRP I)) (VP-UNF (XX c-))) (, ,) (IP (-DFL- \+))) (NP-SBJ (PRP I)) (VP (VBP have) (RB n't) (RS (-DFL- \])) (VP (VBN reached) (NP (DT that) (NN point)) (ADVP-TMP (RB yet)))) (. .) (-DFL- E_S))",173
sw05utt/sw_0556_3317.utt,3/sw3317,3317,117,sd,B,76,2,I've heard people say that. /,[ I/PRP ] 've/VBP heard/VBN  [ people/NNS ] say/VB  [ that/DT ] ./.,(S (NP-SBJ (PRP I)) (VP (VBP 've) (VP (VBN heard) (S (NP-SBJ (NNS people)) (VP (VB say) (NP (DT that)))))) (. .) (-DFL- E_S)),176
sw05utt/sw_0556_3317.utt,3/sw3317.pos,3317,118,x,A,77,1,<Laughter>.,./.
sw05utt/sw_0556_3317.utt,3/sw3317,3317,119,sd,B,78,1,"{C But, } {F uh, } my middle son is engaged,  /","But/CC ,/,  [ uh/UH ] ,/,  [ my/PRP$ middle/JJ son/NN ] is/VBZ engaged/VBN ,/,","(S (CC But) (, ,) (INTJ (UH uh)) (, ,) (NP-SBJ (PRP$ my) (JJ middle) (NN son)) (VP (VBZ is) (ADJP-PRD (VBN engaged))) (, ,) (-DFL- E_S))",179
sw05utt/sw_0556_3317.utt,3/sw3317,3317,120,sd,B,78,2,my oldest son has been going with the same girl for a while. /,[ my/PRP$ oldest/JJS son/NN ] has/VBZ been/VBN going/VBG with/IN  [ the/DT same/JJ girl/NN ] for/IN  [ a/DT while/NN ] ./.,(S (NP-SBJ (PRP$ my) (JJS oldest) (NN son)) (VP (VBZ has) (VP (VBN been) (VP (VBG going) (PP (IN with) (NP (DT the) (JJ same) (NN girl))) (PP-TMP (IN for) (NP (DT a) (NN while)))))) (. .) (-DFL- E_S)),180
sw05utt/sw_0556_3317.utt,3/sw3317,3317,121,b,A,79,1,Uh-huh. /,[ Uh-huh/UH ] ./.,(INTJ (UH Uh-huh) (. .) (-DFL- E_S)),182
sw05utt/sw_0556_3317.utt,3/sw3317,3317,122,sd,B,80,1,He's out of college --,[ He/PRP ] 's/BES out/IN of/IN  [ college/NN ] --/:,"(S (NP-SBJ (PRP He)) (VP (VP (BES 's) (PP-PRD (IN out) (PP (IN of) (NP (NN college))))) (CC and) (VP (VBZ has) (NP (DT a) (JJ good) (NN job)))) (, ,) (-DFL- E_S))",184
sw05utt/sw_0556_3317.utt,3/sw3317,3317,123,b,A,81,1,Uh-huh. /,[ Uh-huh/UH ] ./.,(INTJ (UH Uh-huh) (. .) (-DFL- E_S)),182
sw05utt/sw_0556_3317.utt,3/sw3317,3317,124,+,B,82,1,"-- and has a good job,  /","--/: and/CC has/VBZ  [ a/DT good/JJ job/NN ] ,/,","(S (NP-SBJ (PRP He)) (VP (VP (BES 's) (PP-PRD (IN out) (PP (IN of) (NP (NN college))))) (CC and) (VP (VBZ has) (NP (DT a) (JJ good) (NN job)))) (, ,) (-DFL- E_S))",184
sw05utt/sw_0556_3317.utt,3/sw3317,3317,125,sd,B,82,2,{C so } he could afford to get married --,so/RB  [ he/PRP ] could/MD afford/VB to/TO get/VB married/VBN --/:,"(S (RB so) (NP-SBJ-1 (PRP he)) (VP (VP (MD could) (VP (VB afford) (S (NP-SBJ-2 (-NONE- *-1)) (VP (TO to) (VP (VB get) (VP (VBN married) (NP (-NONE- *-2)))))))) (CC but) (, ,) (VP (VBZ is) (RB not) (ADJP-PRD (VBN engaged)) (ADVP-TMP (RB yet)))) (, ,) (-DFL- E_S))",188
sw05utt/sw_0556_3317.utt,3/sw3317,3317,126,b,A,83,1,Uh-huh. /,[ Uh-huh/UH ] ./.,(INTJ (UH Uh-huh) (. .) (-DFL- E_S)),182
sw05utt/sw_0556_3317.utt,3/sw3317,3317,127,+,B,84,1,"-- but, is not engaged yet,  /","--/: but/CC ,/, is/VBZ not/RB engaged/VBN yet/RB ,/,","(S (RB so) (NP-SBJ-1 (PRP he)) (VP (VP (MD could) (VP (VB afford) (S (NP-SBJ-2 (-NONE- *-1)) (VP (TO to) (VP (VB get) (VP (VBN married) (NP (-NONE- *-2)))))))) (CC but) (, ,) (VP (VBZ is) (RB not) (ADJP-PRD (VBN engaged)) (ADVP-TMP (RB yet)))) (, ,) (-DFL- E_S))",188
sw05utt/sw_0556_3317.utt,3/sw3317,3317,128,sd,B,84,2,"{C and } my daughter's been going with the same boy for a while,  /","and/CC  [ my/PRP$ daughter/NN ] 's/HVS been/VBN going/VBG with/IN  [ the/DT same/JJ boy/NN ] for/IN  [ a/DT while/NN ] ,/,","(S (CC and) (NP-SBJ (PRP$ my) (NN daughter)) (VP (HVS 's) (VP (VBN been) (VP (VBG going) (PP (IN with) (NP (DT the) (JJ same) (NN boy))) (PP-TMP (IN for) (NP (DT a) (NN while)))))) (, ,) (-DFL- E_S))",192
sw05utt/sw_0556_3317.utt,3/sw3317,3317,129,sd,B,84,3,{C but } she's still in college  /,but/CC  [ she/PRP ] 's/BES still/RB in/IN  [ college/NN ],(S (CC but) (NP-SBJ (PRP she)) (VP (BES 's) (ADVP-TMP (RB still)) (PP-PRD (IN in) (NP (NN college)))) (-DFL- E_S)),193
sw05utt/sw_0556_3317.utt,3/sw3317,3317,130,sd,B,84,4,{C and } we're just as happy for her to finish --,and/CC  [ we/PRP ] 're/VBP just/RB as/RB happy/JJ for/IN  [ her/PRP ] to/TO finish/VB --/:,(S (CC and) (NP-SBJ (PRP we)) (VP (VBP 're) (ADJP-PRD (RB just) (RB as) (JJ happy) (SBAR (IN for) (S (NP-SBJ (PRP her)) (VP (TO to) (VP (VB finish) (NP (PRP$ her) (NN education)) (ADVP (RB first)))))))) (. .) (-DFL- E_S)),194
sw05utt/sw_0556_3317.utt,3/sw3317,3317,131,b,A,85,1,Uh-huh. /,[ Uh-huh/UH ] ./.,(INTJ (UH Uh-huh) (. .) (-DFL- E_S)),182
sw05utt/sw_0556_3317.utt,3/sw3317,3317,132,+,B,86,1,-- her education first.  /,--/:  [ her/PRP$ education/NN ] first/RB ./.,(S (CC and) (NP-SBJ (PRP we)) (VP (VBP 're) (ADJP-PRD (RB just) (RB as) (JJ happy) (SBAR (IN for) (S (NP-SBJ (PRP her)) (VP (TO to) (VP (VB finish) (NP (PRP$ her) (NN education)) (ADVP (RB first)))))))) (. .) (-DFL- E_S)),194
sw05utt/sw_0556_3317.utt,3/sw3317,3317,133,sd,B,86,2,That's --,[ That/DT ] 's/BES --/:,(S (NP-SBJ (DT That)) (VP (BES 's) (SBAR-NOM-PRD (WHNP-2 (WP what)) (S (NP-SBJ-1 (PRP she)) (VP (VBZ plans) (S (NP-SBJ (-NONE- *-1)) (VP (TO to) (VP (VB do) (NP (-NONE- *T*-2))))))))) (. .) (-DFL- E_S)),198
sw05utt/sw_0556_3317.utt,3/sw3317,3317,134,ba,A,87,1,"{D Well, } I don't blame you for that. /","Well/UH ,/,  [ I/PRP ] do/VBP n't/RB blame/VB  [ you/PRP ] for/IN  [ that/DT ] ./.","(S (INTJ (UH Well)) (, ,) (NP-SBJ (PRP I)) (VP (VBP do) (RB n't) (VP (VB blame) (NP (PRP you)) (PP (IN for) (NP (DT that))))) (. .) (-DFL- E_S))",200
sw05utt/sw_0556_3317.utt,3/sw3317,3317,135,+,B,88,1,-- what she plans to do.  /,--/:  [ what/WP ] [ she/PRP ] plans/VBZ to/TO do/VB ./.,(S (NP-SBJ (DT That)) (VP (BES 's) (SBAR-NOM-PRD (WHNP-2 (WP what)) (S (NP-SBJ-1 (PRP she)) (VP (VBZ plans) (S (NP-SBJ (-NONE- *-1)) (VP (TO to) (VP (VB do) (NP (-NONE- *T*-2))))))))) (. .) (-DFL- E_S)),198
sw05utt/sw_0556_3317.utt,3/sw3317,3317,136,sd,B,88,2,"{D So, } I hope so. /","So/RB ,/,  [ I/PRP ] hope/VBP so/RB ./.","(S (INTJ (UH So)) (, ,) (NP-SBJ (PRP I)) (VP (VBP hope) (ADVP (RB so))) (. .) (-DFL- E_S))",202
sw05utt/sw_0556_3317.utt,3/sw3317,3317,137,sd,A,89,1,"{D Well, } I have the three girls  /","Well/UH ,/,  [ I/PRP ] have/VBP  [ the/DT three/CD girls/NNS ]","(S (INTJ (UH Well)) (, ,) (NP-SBJ (PRP I)) (VP (VBP have) (NP (DT the) (CD three) (NNS girls))) (-DFL- E_S))",204
sw05utt/sw_0556_3317.utt,3/sw3317,3317,138,sd,A,89,2,{C and then } we ended up with four grandsons. /,and/CC then/RB  [ we/PRP ] ended/VBD up/RP with/IN  [ four/CD grandsons/NNS ] ./.,(S (CONJP (CC and) (RB then)) (NP-SBJ (PRP we)) (VP (VBD ended) (PRT (RP up)) (PP (IN with) (NP (CD four) (NNS grandsons)))) (. .) (-DFL- E_S)),205
sw05utt/sw_0556_3317.utt,3/sw3317,3317,139,ba,B,90,1,"{F Oh, } ho-ho. /","Oh/UH ,/,  [ ho-ho/UH ] ./.","(INTJ (INTJ (UH Oh)) (, ,) (INTJ (UH ho-ho)) (. .) (-DFL- E_S))",207
sw05utt/sw_0556_3317.utt,3/sw3317,3317,140,sd,A,91,1,{C And } little boys are around the house --,And/CC  [ little/JJ boys/NNS ] are/VBP around/IN  [ the/DT house/NN ] --/:,(S (CC And) (NP-SBJ (JJ little) (NNS boys)) (VP (VBP are) (PP-LOC-PRD (IN around) (NP (DT the) (NN house))) (ADVP (ADVP (NP (DT a) (JJ whole) (NN lot)) (RBR more)) (PP (IN than) (NP (NNS girls))))) (. .) (-DFL- E_S)),209
sw05utt/sw_0556_3317.utt,3/sw3317,3317,141,ba,B,92,1,A whole new world. /,[ A/DT whole/JJ new/JJ world/NN ] ./.,(NP (DT A) (JJ whole) (JJ new) (NN world) (. .) (-DFL- E_S)),211
sw05utt/sw_0556_3317.utt,3/sw3317,3317,142,+,A,93,1,-- a whole lot more than girls. /,--/:  [ a/DT whole/JJ lot/NN ] more/RBR than/IN  [ girls/NNS ] ./.,(S (CC And) (NP-SBJ (JJ little) (NNS boys)) (VP (VBP are) (PP-LOC-PRD (IN around) (NP (DT the) (NN house))) (ADVP (ADVP (NP (DT a) (JJ whole) (NN lot)) (RBR more)) (PP (IN than) (NP (NNS girls))))) (. .) (-DFL- E_S)),209
sw05utt/sw_0556_3317.utt,3/sw3317,3317,143,b,B,94,1,Uh-huh. /,[ Uh-huh/UH ] ./.,(INTJ (UH Uh-huh) (. .) (-DFL- E_S)),190
sw05utt/sw_0556_3317.utt,3/sw3317,3317,144,sd,A,95,1,"{C And, } {F uh, } I enjoy them coming, but for short doses <laughter>. /","And/CC ,/,  [ uh/UH ] ,/,  [ I/PRP ] enjoy/VBP  [ them/PRP ] coming/VBG ,/, but/CC for/IN  [ short/JJ doses/NNS ] ./.","(S (CC And) (, ,) (INTJ (UH uh)) (, ,) (NP-SBJ (PRP I)) (VP (VBP enjoy) (S (NP-SBJ (PRP them)) (VP (VBG coming))) (, ,) (NAC (CC but) (PP (IN for) (NP (JJ short) (NNS doses))))) (. .) (-DFL- E_S))",216
sw05utt/sw_0556_3317.utt,3/sw3317,3317,145,aa,B,96,1,I can understand. /,[ I/PRP ] can/MD understand/VB ./.,(S (NP-SBJ (PRP I)) (VP (MD can) (VP (VB understand))) (. .) (-DFL- E_S)),218
sw05utt/sw_0556_3317.utt,3/sw3317,3317,146,%,A,97,1,"It feels, - /","[ It/PRP ] feels/VBZ ,/,","(S (NP-SBJ (PRP It)) (VP-UNF (VBZ feels)) (, ,) (-DFL- N_S))",220
sw05utt/sw_0556_3317.utt,3/sw3317,3317,147,sd,A,97,2,"after they've been here ten minutes, they have already explored the entire house,  /","after/IN  [ they/PRP ] 've/VBP been/VBN here/RB  [ ten/CD minutes/NNS ] ,/,  [ they/PRP ] have/VBP already/RB explored/VBN  [ the/DT entire/NN house/NN ] ,/,","(S (SBAR-TMP (IN after) (S (NP-SBJ (PRP they)) (VP (VBP 've) (VP (VBN been) (ADVP-LOC-PRD (RB here)) (NP-TMP (CD ten) (NNS minutes)))))) (, ,) (NP-SBJ (PRP they)) (VP (VBP have) (ADVP-TMP (RB already)) (VP (VBN explored) (NP (DT the) (NN entire) (NN house)))) (, ,) (-DFL- E_S))",221
sw05utt/sw_0556_3317.utt,3/sw3317,3317,148,sd,A,97,3,they know everything. /,[ they/PRP ] know/VBP  [ everything/NN ] ./.,(S (NP-SBJ (PRP they)) (VP (VBP know) (NP (NN everything))) (. .) (-DFL- E_S)),222
sw05utt/sw_0556_3317.utt,3/sw3317,3317,149,b,B,98,1,Uh-huh. /,[ Uh-huh/UH ] ./.,(INTJ (UH Uh-huh) (. .) (-DFL- E_S)),214
sw05utt/sw_0556_3317.utt,3/sw3317,3317,150,sd,A,99,1,"{C But, } they're fun. /","But/CC ,/,  [ they/PRP ] 're/VBP fun/JJ ./.","(S (CC But) (, ,) (NP-SBJ (PRP they)) (VP (VBP 're) (ADJP-PRD (JJ fun))) (. .) (-DFL- E_S))",226
sw05utt/sw_0556_3317.utt,3/sw3317,3317,151,bf,B,100,1,{C So } you're all back to the safety catches  and the whole nine yards or either watching them every minute. /,So/RB  [ you/PRP ] 're/VBP  [ all/DT ] back/RB to/IN  [ the/DT safety/NN catches/NNS ] and/CC  [ the/DT whole/JJ nine/CD yards/NNS ] or/CC either/RB watching/VBG  [ them/PRP ] [ every/DT minute/NN ] ./.,(S (RB So) (NP-SBJ (PRP you)) (VP (VBP 're) (DT all) (UCP-PRD (PP (ADVP (RB back)) (IN to) (NP (NP (DT the) (NN safety) (NNS catches)) (CC and) (NP (DT the) (JJ whole) (CD nine) (NNS yards)))) (CC or) (RB either) (VP (VBG watching) (NP (PRP them)) (NP-TMP (DT every) (NN minute))))) (. .) (-DFL- E_S)),228
sw05utt/sw_0556_3317.utt,3/sw3317,3317,152,sd,A,101,1,"{D Well, } I just watch them. /","Well/UH ,/,  [ I/PRP ] just/RB watch/VBP  [ them/PRP ] ./.","(S (INTJ (UH Well)) (, ,) (NP-SBJ (PRP I)) (ADVP (RB just)) (VP (VBP watch) (NP (PRP them))) (. .) (-DFL- E_S))",230
sw05utt/sw_0556_3317.utt,3/sw3317,3317,153,b,B,102,1,Yeah. /,Yeah/UH ./.,(INTJ (UH Yeah) (. .) (-DFL- E_S)),232
sw05utt/sw_0556_3317.utt,3/sw3317,3317,154,sd,A,103,1,"[ I d-, + I never did  ] put things up when my kids were little  /","[ I/PRP d-/XX ] ,/,  [ I/PRP ] never/RB did/VBD put/VB  [ things/NNS ] up/IN when/WRB  [ my/PRP$ kids/NNS ] were/VBD little/JJ","(S (EDITED (RM (-DFL- \[)) (S (NP-SBJ (PRP I)) (VP-UNF (XX d-))) (, ,) (IP (-DFL- \+))) (NP-SBJ (PRP I)) (ADVP-TMP (RB never)) (VP (VBD did) (RS (-DFL- \])) (VP (VB put) (NP (NNS things)) (PRT (IN up)) (SBAR-TMP (WHADVP-1 (WRB when)) (S (NP-SBJ (PRP$ my) (NNS kids)) (VP (VBD were) (ADJP-PRD (JJ little)) (ADVP-TMP (-NONE- *T*-1))))))) (-DFL- E_S))",234
sw05utt/sw_0556_3317.utt,3/sw3317,3317,155,sd,A,103,2,{C and } I haven't with them.  /,and/CC  [ I/PRP ] have/VBP n't/RB with/IN  [ them/PRP ] ./.,(S (CC and) (NP-SBJ (PRP I)) (VP (VBP have) (RB n't) (VP (-NONE- *?*) (PP (IN with) (NP (PRP them))))) (. .) (-DFL- E_S)),235
sw05utt/sw_0556_3317.utt,3/sw3317,3317,156,sd,A,103,3,I try to teach them not to get into things. /,[ I/PRP ] try/VBP to/TO teach/VB  [ them/PRP ] not/RB to/TO get/VB into/IN  [ things/NNS ] ./.,(S (NP-SBJ-1 (PRP I)) (VP (VBP try) (S (NP-SBJ (-NONE- *-1)) (VP (TO to) (VP (VB teach) (NP-2 (PRP them)) (S (NP-SBJ (-NONE- *-2)) (RB not) (VP (TO to) (VP (VB get) (PP (IN into) (NP (NNS things)))))))))) (. .) (-DFL- E_S)),236
sw05utt/sw_0556_3317.utt,3/sw3317,3317,157,sd,B,104,1,"{D Well, } that's the same thing that I did.  /","Well/UH ,/,  [ that/DT ] 's/BES  [ the/DT same/JJ thing/NN ] that/WDT  [ I/PRP ] did/VBD ./.","(S (INTJ (UH Well)) (, ,) (NP-SBJ (DT that)) (VP (BES 's) (NP-PRD (NP (DT the) (JJ same) (NN thing)) (SBAR (WHNP-1 (WDT that)) (S (NP-SBJ (PRP I)) (VP (VBD did) (NP (-NONE- *T*-1))))))) (. .) (-DFL- E_S))",238
sw05utt/sw_0556_3317.utt,3/sw3317,3317,158,sd,B,104,2,I hope I'll be able to do the same with <laughter> grandchildren. /,[ I/PRP ] hope/VBP  [ I/PRP ] 'll/MD be/VB able/JJ to/TO do/VB  [ the/DT same/JJ ] with/IN  [ grandchildren/NNS ] ./.,(S (NP-SBJ (PRP I)) (VP (VBP hope) (SBAR (-NONE- 0) (S (NP-SBJ-1 (PRP I)) (VP (MD 'll) (VP (VB be) (ADJP-PRD (JJ able) (S (NP-SBJ (-NONE- *-1)) (VP (TO to) (VP (VB do) (NP (DT the) (JJ same)) (PP (IN with) (NP (NNS grandchildren)))))))))))) (. .) (-DFL- E_S)),239
sw05utt/sw_0556_3317.utt,3/sw3317,3317,159,sv,A,105,1,"<Laughter> I think that once you do that, your children kind of develop the same attitudes.  /","[ I/PRP ] think/VBP that/IN once/IN  [ you/PRP ] do/VBP  [ that/DT ] ,/,  [ your/PRP$ children/NNS kind/RB ] of/RB develop/VB  [ the/DT same/JJ attitudes/NNS ] ./.","(S (NP-SBJ (PRP I)) (VP (VBP think) (SBAR (IN that) (S (SBAR-TMP (IN once) (S (NP-SBJ (PRP you)) (VP (VBP do) (NP (DT that))))) (, ,) (NP-SBJ (PRP$ your) (NNS children)) (ADVP (RB kind) (RB of)) (VP (VB develop) (NP (DT the) (JJ same) (NNS attitudes)))))) (. .) (-DFL- E_S))",241
sw05utt/sw_0556_3317.utt,3/sw3317,3317,160,sd,A,105,2,At least my daughters have.  /,At/IN  [ least/JJS my/PRP$ daughters/NNS ] have/VBP ./.,(S (ADVP (IN At) (JJS least)) (NP-SBJ (PRP$ my) (NNS daughters)) (VP (VBP have) (VP (-NONE- *?*))) (. .) (-DFL- E_S)),242
sw05utt/sw_0556_3317.utt,3/sw3317,3317,161,sd,A,105,3,They try to teach theirs not to get into things instead of having to put everything up.  /,[ They/PRP ] try/VBP to/TO teach/VB  [ theirs/PRP ] not/RB to/TO get/VB into/IN  [ things/NNS ] instead/IN of/IN having/VBG to/TO put/VB  [ everything/NN ] up/RP ./.,(S (NP-SBJ-1 (PRP They)) (VP (VBP try) (S (NP-SBJ (-NONE- *-1)) (VP (TO to) (VP (VB teach) (NP-2 (PRP theirs)) (S (NP-SBJ (-NONE- *-2)) (RB not) (VP (TO to) (VP (VB get) (PP (IN into) (NP (NNS things))))))))) (PP (IN instead) (IN of) (S-NOM (NP-SBJ (-NONE- *)) (VP (VBG having) (S (NP-SBJ (-NONE- *)) (VP (TO to) (VP (VB put) (NP (NN everything)) (PRT (RP up))))))))) (. .) (-DFL- E_S)),243
sw05utt/sw_0556_3317.utt,3/sw3317,3317,162,sd,A,105,4,{C So } it's worked pretty well.  /,So/RB  [ it/PRP ] 's/HVS worked/VBN pretty/RB well/RB ./.,(S (RB So) (NP-SBJ (PRP it)) (VP (HVS 's) (VP (VBN worked) (ADVP (RB pretty) (RB well)))) (. .) (-DFL- E_S)),244
sw05utt/sw_0556_3317.utt,3/sw3317,3317,163,%,A,105,5,"There's, - /","[ There/EX ] 's/BES ,/,","(S (NP-SBJ (EX There)) (VP-UNF (BES 's)) (, ,) (-DFL- N_S))",245
sw05utt/sw_0556_3317.utt,3/sw3317,3317,164,sd,A,105,6,I don't really think anything's been broken.  /,[ I/PRP ] do/VBP n't/RB really/RB think/VB  [ anything/NN ] 's/HVS been/VBN broken/VBN ./.,(S (NP-SBJ (PRP I)) (VP (VBP do) (RB n't) (ADVP (RB really)) (VP (VB think) (SBAR (-NONE- 0) (S (NP-SBJ-1 (NN anything)) (VP (HVS 's) (VP (VBN been) (VP (VBN broken) (NP (-NONE- *-1))))))))) (. .) (-DFL- E_S)),246
sw05utt/sw_0556_3317.utt,3/sw3317,3317,165,sd,A,105,7,"Every now and then we have to kind of go and say, now don't bother this <laughter>, {D you know. } /","[ Every/DT ] now/RB and/CC then/RB  [ we/PRP ] have/VBP to/TO  [ kind/RB ] of/RB go/VB and/CC say/VB ,/, now/RB do/VBP n't/RB bother/VB  [ this/DT ] ,/,  [ you/PRP ] know/VBP ./.","(S (ADVP-TMP (DT Every) (RB now) (CC and) (RB then)) (NP-SBJ-1 (PRP we)) (VP (VBP have) (S (NP-SBJ (-NONE- *-1)) (VP (TO to) (ADVP (RB kind) (RB of)) (VP (VP (VB go)) (CC and) (VP (VB say) (, ,) (S-IMP-SEZ (INTJ (RB now)) (NP-SBJ (-NONE- *)) (VP (VBP do) (RB n't) (VP (VB bother) (NP (DT this))))))))) (PRN (, ,) (S (NP-SBJ (PRP you)) (VP (VBP know))))) (. .) (-DFL- E_S))",247
sw05utt/sw_0556_3317.utt,3/sw3317,3317,166,b,B,106,1,"{F Um, } uh-huh <<faint>>. /","Um/UH ,/,  [ uh-huh/UH ] ./.","(INTJ (INTJ (UH Um)) (, ,) (INTJ (UH uh-huh)) (. .) (-DFL- E_S))",249
sw05utt/sw_0556_3317.utt,3/sw3317,3317,167,sd,A,107,1,"{C But, } all in all, they mind pretty well.  /","But/CC ,/,  [ all/DT ] in/IN  [ all/DT ] ,/,  [ they/PRP ] mind/VBP pretty/RB well/RB ./.","(S (CC But) (, ,) (NP-ADV (NP (DT all)) (PP (IN in) (NP (DT all)))) (, ,) (NP-SBJ (PRP they)) (VP (VBP mind) (ADVP (RB pretty) (RB well))) (. .) (-DFL- E_S))",251
sw05utt/sw_0556_3317.utt,3/sw3317,3317,168,%,A,107,2,"{C But, } I guess most of the hou-, - /","But/CC ,/,  [ I/PRP ] guess/VBP most/JJS of/IN  [ the/DT hou-/XX ] ,/,","(S (CC But) (, ,) (NP-SBJ (PRP I)) (VP (VBP guess) (SBAR (-NONE- 0) (S (NP-SBJ (NP (JJS most)) (PP (IN of) (NP-UNF (DT the) (XX hou-))))))) (, ,) (-DFL- N_S))",252
sw05utt/sw_0556_3317.utt,3/sw3317,3317,169,%,A,107,3,"d-, - /","[ d-/XX ] ,/,","(X (XX d-) (, ,) (-DFL- N_S))",253
sw05utt/sw_0556_3317.utt,3/sw3317,3317,170,qw,A,107,4,what kind of roof does your house have?  /,[ what/WP kind/NN ] of/IN  [ roof/NN ] does/VBZ  [ your/PRP$ house/NN ] have/VB ?/.,(SBARQ (WHNP-1 (WHNP (WP what) (NN kind)) (PP (IN of) (NP (NN roof)))) (SQ (VBZ does) (NP-SBJ (PRP$ your) (NN house)) (VP (VB have) (NP (-NONE- *T*-1)))) (. ?) (-DFL- E_S)),254
sw05utt/sw_0556_3317.utt,3/sw3317,3317,171,sd^t,A,107,5,Here I'm getting off the subject. /,Here/RB  [ I/PRP ] 'm/VBP getting/VBG off/IN  [ the/DT subject/NN ] ./.,(S (ADVP (RB Here)) (NP-SBJ (PRP I)) (VP (VBP 'm) (VP (VBG getting) (PP (IN off) (NP (DT the) (NN subject))))) (. .) (-DFL- E_S)),255
sw05utt/sw_0556_3317.utt,3/sw3317,3317,172,%,B,108,1,"{D Well, } we have, -/","Well/UH ,/,  [ we/PRP ] have/VBP ,/,","(S (INTJ (UH Well)) (, ,) (NP-SBJ (PRP we)) (VP-UNF (VBP have)) (, ,) (-DFL- N_S))",257
