swda_filename,ptb_basename,conversation_no,transcript_index,act_tag,caller,utterance_index,subutterance_index,text,pos,trees,ptb_treenumbers
sw05utt/sw_0507_3606.utt,3/sw3606,3606,0,qo,A,1,1,What are your favorite shows? /,[ What/WP ] are/VBP  [ your/PRP$ favorite/JJ shows/NNS ] ?/.,(SBARQ (WHNP-1 (WP What)) (SQ (VBP are) (NP-SBJ (PRP$ your) (JJ favorite) (NNS shows)) (NP-PRD (-NONE- *T*-1))) (. ?) (-DFL- E_S)),1
sw05utt/sw_0507_3606.utt,3/sw3606,3606,1,sd,B,2,1,"{D Well, } <laughter> [ I, + it's doesn't seem like I  ] get enough time to watch much T V,  /","Well/UH ,/,  [ I/PRP ] ,/,  [ it/PRP ] 's/BES does/VBZ n't/RB seem/VB like/IN   [ I/PRP ] get/VBP  [ enough/JJ time/NN ] to/TO watch/VB  [ much/JJ T/NN V/NN ] ,/,","(S (INTJ (UH Well)) (, ,) (EDITED (RM (-DFL- \[)) (NP-SBJ (PRP I)) (, ,) (IP (-DFL- \+))) (NP-SBJ (PRP it)) (X (BES 's)) (VP (VBZ does) (RB n't) (VP (VB seem) (SBAR (IN like) (S (NP-SBJ (PRP I)) (RS (-DFL- \])) (VP (VBP get) (NP (NP (JJ enough) (NN time)) (SBAR (WHADVP-1 (-NONE- 0)) (S (NP-SBJ (-NONE- *)) (VP (TO to) (VP (VB watch) (NP (JJ much) (NN T) (NN V)) (ADVP-TMP (-NONE- *T*-1)))))))))))) (, ,) (-DFL- E_S))",3
sw05utt/sw_0507_3606.utt,3/sw3606,3606,2,sd,B,2,2,{C but } --,but/CC --/:,(S-UNF (CC but) (NP-SBJ (NP (DT the) (NNS ones)) (SBAR (WHNP-1 (WDT that)) (S (NP-SBJ (-NONE- *T*-1)) (VP (VBP are) (ADVP-PRD (RB out)) (ADVP-TMP (RB now)))))) (. .) (-DFL- N_S)),4
sw05utt/sw_0507_3606.utt,3/sw3606,3606,3,b,A,3,1,Uh-huh. /,[ Uh-huh/UH ] ./.,(INTJ (UH Uh-huh) (. .) (-DFL- E_S)),6
sw05utt/sw_0507_3606.utt,3/sw3606,3606,4,+,B,4,1,-- the ones that are out now. - /,--/:  [ the/DT ones/NNS ] [ that/WDT ] are/VBP out/RB now/RB ./.,(S-UNF (CC but) (NP-SBJ (NP (DT the) (NNS ones)) (SBAR (WHNP-1 (WDT that)) (S (NP-SBJ (-NONE- *T*-1)) (VP (VBP are) (ADVP-PRD (RB out)) (ADVP-TMP (RB now)))))) (. .) (-DFL- N_S)),4
sw05utt/sw_0507_3606.utt,3/sw3606,3606,5,sd,B,4,2,"[ I, + I've ] watched that SISTERS a couple of times.  /","[ I/PRP ] ,/,  [ I/PRP ] 've/VBP watched/VBN that/DT  [ SISTERS/NNS ] [ a/DT couple/NN ] of/IN  [ times/NNS ] ./.","(S (EDITED (RM (-DFL- \[)) (NP-SBJ (PRP I)) (, ,) (IP (-DFL- \+))) (NP-SBJ (PRP I)) (VP (VBP 've) (RS (-DFL- \])) (VP (VBN watched) (NP (DT that) (NX-TTL (NNS SISTERS))) (NP-TMP (NP (DT a) (NN couple)) (PP (IN of) (NP (NNS times)))))) (. .) (-DFL- E_S))",8
sw05utt/sw_0507_3606.utt,3/sw3606,3606,6,sv,B,4,3,I think that's kind of a good show. /,[ I/PRP ] think/VBP that/DT  [ 's/BES kind/RB ] of/RB  [ a/DT good/JJ show/NN ] ./.,(S (NP-SBJ (PRP I)) (VP (VBP think) (SBAR (-NONE- 0) (S (NP-SBJ (DT that)) (VP (BES 's) (ADVP (RB kind) (RB of)) (NP-PRD (DT a) (JJ good) (NN show)))))) (. .) (-DFL- E_S)),9
sw05utt/sw_0507_3606.utt,3/sw3606,3606,7,sd,A,5,1,I've never seen that. /,[ I/PRP ] 've/VBP never/RB seen/VBN  [ that/DT ] ./.,(S (NP-SBJ (PRP I)) (VP (VBP 've) (ADVP-TMP (RB never)) (VP (VBN seen) (NP (DT that)))) (. .) (-DFL- E_S)),11
sw05utt/sw_0507_3606.utt,3/sw3606,3606,8,qy,B,6,1,Haven't you? /,Have/VBP n't/RB  [ you/PRP ] ?/.,(SQ (VBP Have) (RB n't) (NP-SBJ (PRP you)) (VP (-NONE- *?*)) (. ?) (-DFL- E_S)),13
sw05utt/sw_0507_3606.utt,3/sw3606,3606,9,nn,A,7,1,Huh-uh. /,[ Huh-uh/UH ] ./.,(INTJ (UH Huh-uh) (. .) (-DFL- E_S)),15
sw05utt/sw_0507_3606.utt,3/sw3606,3606,10,sd,B,8,1,"{F Oh. }  I like that one,  /","Oh/UH ./.  [ I/PRP ] like/VBP that/DT  [ one/NN ] ,/,","(S (INTJ (UH Oh)) (. .) (NP-SBJ (PRP I)) (VP (VBP like) (NP (DT that) (NN one))) (, ,) (-DFL- E_S))",17
sw05utt/sw_0507_3606.utt,3/sw3606,3606,11,^h,B,8,2,"{C and, } {F um, }  ((   ))  I'm trying to think.  /","and/CC ,/, um/UH ,/,  [ MUMBLEx/XX I/PRP ] 'm/VBP trying/VBG to/TO think/VB ./.","(S (CC and) (, ,) (INTJ (UH um)) (, ,) (X (XX MUMBLEx)) (NP-SBJ-1 (PRP I)) (VP (VBP 'm) (VP (VBG trying) (S (NP-SBJ (-NONE- *-1)) (VP (TO to) (VP (VB think)))))) (. .) (-DFL- E_S))",18
sw05utt/sw_0507_3606.utt,3/sw3606,3606,12,sd,B,8,3,"[ I, + I ] don't even know if I have any other real regular ones that I watch. /","[ I/PRP ] ,/,  [ I/PRP ] do/VBP n't/RB even/RB know/VB if/IN  [ I/PRP ] have/VBP  [ any/DT other/JJ real/RB regular/JJ ones/NNS ] that/WDT  [ I/PRP ] watch/VBP ./.","(S (EDITED (RM (-DFL- \[)) (NP-SBJ (PRP I)) (, ,) (IP (-DFL- \+))) (NP-SBJ (PRP I)) (RS (-DFL- \])) (VP (VBP do) (RB n't) (ADVP (RB even)) (VP (VB know) (SBAR (IN if) (S (NP-SBJ (PRP I)) (VP (VBP have) (NP (NP (DT any) (JJ other) (ADJP (RB real) (JJ regular)) (NNS ones)) (SBAR (WHNP-1 (WDT that)) (S (NP-SBJ (PRP I)) (VP (VBP watch) (NP (-NONE- *T*-1))))))))))) (. .) (-DFL- E_S))",19
sw05utt/sw_0507_3606.utt,3/sw3606.pos,3606,13,x,A,9,1,<Laughter>.,./.
sw05utt/sw_0507_3606.utt,3/sw3606,3606,14,qo,B,10,1,How about you? /,How/WRB about/IN  [ you/PRP ] ?/.,(FRAG (WHADVP (WRB How)) (PP (IN about) (NP (PRP you))) (. ?) (-DFL- E_S)),22
sw05utt/sw_0507_3606.utt,3/sw3606,3606,15,sd,A,11,1,"{F Um, } I like L A LAW --","[ Um/UH ] ,/,  [ I/PRP ] like/VBP  [ L/NNP ] [ A/NNP LAW/NN ] --/:","(S (INTJ (UH Um)) (, ,) (NP-SBJ (PRP I)) (VP (VBP like) (NP-TTL (NNP L) (NNP A) (NN LAW)) (UCP-PRP (RB not) (SBAR (IN because) (S (NP-SBJ (PRP it)) (VP (BES 's) (ADJP-PRD (JJ realistic))))) (, ,) (CC but) (S (NP-SBJ (PRP it)) (VP (BES 's) (ADJP-PRD (JJ entertaining)))))) (. .) (-DFL- E_S))",24
sw05utt/sw_0507_3606.utt,3/sw3606,3606,16,b,B,12,1,"{F Oh, } uh-huh,  /","Oh/UH ,/,  [ uh-huh/UH ] ,/,","(INTJ (INTJ (UH Oh)) (, ,) (INTJ (UH uh-huh)) (, ,) (-DFL- E_S))",26
sw05utt/sw_0507_3606.utt,3/sw3606,3606,17,b^r,B,12,2,uh-huh. /,[ uh-huh/UH ] ./.,(INTJ (UH uh-huh) (. .) (-DFL- E_S)),27
sw05utt/sw_0507_3606.utt,3/sw3606,3606,18,+,A,13,1,"-- not because it's realistic, but <laughter> it's  entertaining. /","--/: not/RB because/IN  [ it/PRP ] 's/BES realistic/JJ ,/, but/CC  [ it/PRP ] 's/BES entertaining/JJ ./.","(S (INTJ (UH Um)) (, ,) (NP-SBJ (PRP I)) (VP (VBP like) (NP-TTL (NNP L) (NNP A) (NN LAW)) (UCP-PRP (RB not) (SBAR (IN because) (S (NP-SBJ (PRP it)) (VP (BES 's) (ADJP-PRD (JJ realistic))))) (, ,) (CC but) (S (NP-SBJ (PRP it)) (VP (BES 's) (ADJP-PRD (JJ entertaining)))))) (. .) (-DFL- E_S))",24
sw05utt/sw_0507_3606.utt,3/sw3606,3606,19,sd,B,14,1,I do like that. /,[ I/PRP ] do/VBP like/VB  [ that/DT ] ./.,(S (NP-SBJ (PRP I)) (VP (VBP do) (VP (VB like) (NP (DT that)))) (. .) (-DFL- E_S)),30
sw05utt/sw_0507_3606.utt,3/sw3606,3606,20,b,A,15,1,{F Um. } /,Um/UH ./.,(INTJ (UH Um) (. .) (-DFL- E_S)),32
sw05utt/sw_0507_3606.utt,3/sw3606,3606,21,%,B,16,1,"Yeah,  /","Yeah/UH ,/,","(INTJ (UH Yeah) (, ,) (-DFL- E_S))",34
sw05utt/sw_0507_3606.utt,3/sw3606,3606,22,sd,B,16,2,occasionally I'll see that one. /,occasionally/RB  [ I/PRP ] 'll/MD see/VB that/DT  [ one/NN ] ./.,(S (ADVP-TMP (RB occasionally)) (NP-SBJ (PRP I)) (VP (MD 'll) (VP (VB see) (NP (DT that) (NN one)))) (. .) (-DFL- E_S)),35
sw05utt/sw_0507_3606.utt,3/sw3606,3606,23,^h,A,17,1,Let's see.  /,Let/VB  [ 's/PRP ] see/VB ./.,(S-IMP (NP-SBJ (-NONE- *)) (VP (VB Let) (S (NP-SBJ (PRP 's)) (VP (VB see)))) (. .) (-DFL- E_S)),37
sw05utt/sw_0507_3606.utt,3/sw3606,3606,24,sd,A,17,2,I watch CHEERS sometimes.,[ I/PRP ] watch/VBP  [ CHEERS/NNP ] sometimes/RB ./.,"(S (NP-SBJ (PRP I)) (VP (VBP watch) (NP (NX-TTL (NNP CHEERS)) (NAC (-NONE- *ICH*-1))) (ADVP-TMP (RB sometimes)) (. .) (NAC-1 (CC And) (, ,) (ADVP (RB mostly)) (ADVP (JJ just)) (NP (NNS movies))) (, ,) (SBAR-TMP (WHADVP-2 (WRB when)) (S (NP-SBJ (EX there)) (VP (BES 's) (NP-PRD (DT a) (JJ good) (NN movie)) (ADVP (RP on)) (ADVP-TMP (-NONE- *T*-2)))))) (. .) (-DFL- E_S))",38
sw05utt/sw_0507_3606.utt,3/sw3606,3606,25,bh,B,18,1,Do you? /,Do/VBP  [ you/PRP ] ?/.,(SQ (VBP Do) (NP-SBJ (PRP you)) (. ?) (-DFL- E_S)),40
sw05utt/sw_0507_3606.utt,3/sw3606,3606,26,+,A,19,1,"And, mostly just movies, when there's a good movie on. /","And/CC ,/, mostly/RB  [ just/JJ movies/NNS ] ,/, when/WRB  [ there/EX ] 's/BES  [ a/DT good/JJ movie/NN ] on/RP ./.","(S (NP-SBJ (PRP I)) (VP (VBP watch) (NP (NX-TTL (NNP CHEERS)) (NAC (-NONE- *ICH*-1))) (ADVP-TMP (RB sometimes)) (. .) (NAC-1 (CC And) (, ,) (ADVP (RB mostly)) (ADVP (JJ just)) (NP (NNS movies))) (, ,) (SBAR-TMP (WHADVP-2 (WRB when)) (S (NP-SBJ (EX there)) (VP (BES 's) (NP-PRD (DT a) (JJ good) (NN movie)) (ADVP (RP on)) (ADVP-TMP (-NONE- *T*-2)))))) (. .) (-DFL- E_S))",38
sw05utt/sw_0507_3606.utt,3/sw3606,3606,27,b,B,20,1,Uh-huh. /,[ Uh-huh/UH ] ./.,(INTJ (UH Uh-huh) (. .) (-DFL- E_S)),43
sw05utt/sw_0507_3606.utt,3/sw3606,3606,28,sd,A,21,1,"{D Actually } when there isn't a good movie on, too. /","Actually/UH when/WRB  [ there/EX ] is/VBZ n't/RB  [ a/DT good/JJ movie/NN ] on/RP ,/, too/RB ./.","(FRAG (INTJ (UH Actually)) (SBAR-TMP (WHADVP-1 (WRB when)) (S (NP-SBJ (EX there)) (VP (VBZ is) (RB n't) (NP-PRD (DT a) (JJ good) (NN movie)) (ADVP (RP on)) (ADVP-TMP (-NONE- *T*-1))))) (, ,) (ADVP (RB too)) (. .) (-DFL- E_S))",45
sw05utt/sw_0507_3606.utt,3/sw3606,3606,29,b,B,22,1,Oh. /,Oh/UH ./.,(INTJ (UH Oh) (. .) (-DFL- E_S)),47
sw05utt/sw_0507_3606.utt,3/sw3606,3606,30,sd,A,23,1,"I just like to have the T V on [ if, + {D  you know, } if ] I'm home alone or  something -- /","[ I/PRP ] just/RB like/VBP to/TO have/VB  [ the/DT T/NN V/NN ] on/RP if/IN ,/,  [ you/PRP ] know/VBP ,/, if/IN  [ I/PRP ] 'm/VBP  [ home/RB ] alone/JJ or/CC  [ something/NN ] --/:","(S (NP-SBJ-1 (PRP I)) (ADVP (RB just)) (VP (VBP like) (S (NP-SBJ (-NONE- *-1)) (VP (TO to) (VP (VB have) (NP (DT the) (NN T) (NN V)) (ADVP (RP on)) (EDITED (RM (-DFL- \[)) (SBAR-ADV-UNF (IN if)) (, ,) (IP (-DFL- \+))) (PRN (S (NP-SBJ (PRP you)) (VP (VBP know))) (, ,)) (SBAR-ADV (IN if) (RS (-DFL- \])) (S (NP-SBJ (PRP I)) (VP (VP (VBP 'm) (ADVP-LOC-PRD (RB home)) (ADVP (JJ alone))) (CC or) (NP-ETC (NN something))))))))) (-DFL- E_S))",49
sw05utt/sw_0507_3606.utt,3/sw3606,3606,31,b,B,24,1,"{F Oh, } uh-huh. /","Oh/UH ,/,  [ uh-huh/UH ] ./.","(INTJ (INTJ (UH Oh)) (, ,) (INTJ (UH uh-huh)) (. .) (-DFL- E_S))",51
sw05utt/sw_0507_3606.utt,3/sw3606,3606,32,%,A,25,1,"-- have, - /","--/: have/VB ,/,","(VP-UNF (VB have) (, ,) (-DFL- N_S))",53
sw05utt/sw_0507_3606.utt,3/sw3606,3606,33,sd,A,25,2,"either the radio or the T V -s got to be on <laughter>,","either/CC  [ the/DT radio/NN ] or/CC  [ the/DT T/NN V/NN -s/HVS ] got/VBN to/TO be/VB on/RP ,/,","(S (NP-SBJ-1 (CC either) (NP (DT the) (NN radio)) (CC or) (NP (DT the) (NN T) (NN V))) (VP (TYPO (HVS -s)) (VP (VBN got) (S (NP-SBJ (-NONE- *-1)) (VP (TO to) (VP (VB be) (ADVP-PRD (RP on))))) (, ,) (NP-TMP (DT the) (JJ whole) (NN time)))) (. .) (-DFL- E_S))",54
sw05utt/sw_0507_3606.utt,3/sw3606.pos,3606,34,x,B,26,1,<Laughter>.,./.
sw05utt/sw_0507_3606.utt,3/sw3606,3606,35,+,A,27,1,the whole time. /,[ the/DT whole/JJ time/NN ] ./.,"(S (NP-SBJ-1 (CC either) (NP (DT the) (NN radio)) (CC or) (NP (DT the) (NN T) (NN V))) (VP (TYPO (HVS -s)) (VP (VBN got) (S (NP-SBJ (-NONE- *-1)) (VP (TO to) (VP (VB be) (ADVP-PRD (RP on))))) (, ,) (NP-TMP (DT the) (JJ whole) (NN time)))) (. .) (-DFL- E_S))",54
sw05utt/sw_0507_3606.utt,3/sw3606,3606,36,b,B,28,1,"Yeah,  /","Yeah/UH ,/,","(INTJ (UH Yeah) (, ,) (-DFL- E_S))",34
sw05utt/sw_0507_3606.utt,3/sw3606,3606,37,%,B,28,2,"{F uh, } {F oh, } I do,  /","[ uh/UH ] ,/, oh/UH ,/,  [ I/PRP ] do/VBP ,/,","(S (INTJ (UH uh)) (, ,) (INTJ (UH oh)) (, ,) (NP-SBJ (PRP I)) (VP-UNF (VBP do)) (, ,) (-DFL- E_S))",59
sw05utt/sw_0507_3606.utt,3/sw3606,3606,38,sd,B,28,3,I kind of have gotten into a couple of soaps lately. /,[ I/PRP ] [ kind/RB ] of/RB have/VB gotten/VBN into/IN  [ a/DT couple/NN ] of/IN  [ soaps/NNS ] lately/RB ./.,(S (NP-SBJ (PRP I)) (ADVP (RB kind) (RB of)) (VP (VB have) (VP (VBN gotten) (PP (IN into) (NP (NP (DT a) (NN couple)) (PP (IN of) (NP (NNS soaps))))) (ADVP-TMP (RB lately)))) (. .) (-DFL- E_S)),60
sw05utt/sw_0507_3606.utt,3/sw3606,3606,39,b,A,29,1,"{F Oh, } really. /","Oh/UH ,/, really/UH ./.","(INTJ (INTJ (UH Oh)) (, ,) (INTJ (UH really)) (. .) (-DFL- E_S))",62
sw05utt/sw_0507_3606.utt,3/sw3606,3606,40,sd,B,30,1,"[ I've, + {D well, } I've  ] been home with a, {F um, } - /","[ I/PRP ] 've/VBP ,/, well/UH ,/,  [ I/PRP ] 've/VBP been/VBN  [ home/RB ] with/IN  [ a/DT ] ,/, um/UH ,/,","(S (EDITED (RM (-DFL- \[)) (S (NP-SBJ (PRP I)) (VP-UNF (VBP 've))) (, ,) (IP (-DFL- \+))) (INTJ (UH well)) (, ,) (NP-SBJ (PRP I)) (VP (VBP 've) (RS (-DFL- \])) (VP (VBN been) (ADVP-LOC-PRD (RB home)) (PP (IN with) (NP-UNF (DT a))) (, ,) (INTJ (UH um)))) (, ,) (-DFL- N_S))",64
sw05utt/sw_0507_3606.utt,3/sw3606,3606,41,sd,B,30,2,"I have a baby,  /","[ I/PRP ] have/VBP  [ a/DT baby/NN ] ,/,","(S (NP-SBJ (PRP I)) (VP (VBP have) (NP (DT a) (NN baby))) (, ,) (-DFL- E_S))",65
sw05utt/sw_0507_3606.utt,3/sw3606,3606,42,sd,B,30,3,[ {C and } +  --,and/CC --/:,"(S (EDITED (RM (-DFL- \[)) (CC and) (IP (-DFL- \+))) (CONJP (CC and) (IN so)) (RS (-DFL- \])) (NP-SBJ-1 (PRP I)) (X (VBP 've)) (VP (VBP have) (RB n't) (VP (VBN seemed) (S (NP-SBJ (-NONE- *-1)) (VP (TO to) (VP (VB have) (VP (VBN gotten) (ADVP (RB out)) (ADVP (RB as) (JJ much)))))))) (, ,) (-DFL- E_S))",66
sw05utt/sw_0507_3606.utt,3/sw3606,3606,43,b,A,31,1,Uh-huh. /,[ Uh-huh/UH ] ./.,(INTJ (UH Uh-huh) (. .) (-DFL- E_S)),43
sw05utt/sw_0507_3606.utt,3/sw3606,3606,44,+,B,32,1,"-- {C and so } ] I've haven't seemed to have gotten out as much,  /","--/: and/CC so/IN  [ I/PRP ] 've/VBP have/VBP n't/RB seemed/VBN to/TO have/VB gotten/VBN out/RB as/RB much/JJ ,/,","(S (EDITED (RM (-DFL- \[)) (CC and) (IP (-DFL- \+))) (CONJP (CC and) (IN so)) (RS (-DFL- \])) (NP-SBJ-1 (PRP I)) (X (VBP 've)) (VP (VBP have) (RB n't) (VP (VBN seemed) (S (NP-SBJ (-NONE- *-1)) (VP (TO to) (VP (VB have) (VP (VBN gotten) (ADVP (RB out)) (ADVP (RB as) (JJ much)))))))) (, ,) (-DFL- E_S))",66
sw05utt/sw_0507_3606.utt,3/sw3606,3606,45,sd,B,32,2,[ {C and } +  --,and/CC --/:,"(S (EDITED (RM (-DFL- \[)) (CC and) (IP (-DFL- \+))) (CONJP (CC and) (IN so)) (RS (-DFL- \])) (NP-SBJ-1 (PRP I)) (X (VBP 've)) (VP (VBP have) (RB n't) (VP (VBN seemed) (S (NP-SBJ (-NONE- *-1)) (VP (TO to) (VP (VB have) (VP (VBN gotten) (ADVP (RB out)) (ADVP (RB as) (JJ much)))))))) (, ,) (-DFL- E_S))",66
sw05utt/sw_0507_3606.utt,3/sw3606,3606,46,b,A,33,1,Uh-huh. /,[ Uh-huh/UH ] ./.,(INTJ (UH Uh-huh) (. .) (-DFL- E_S)),68
sw05utt/sw_0507_3606.utt,3/sw3606,3606,47,+,B,34,1,"-- {C so } ] [ I'll, + I'll ] watch a soap occasionally. /","--/: so/CC  [ I/PRP ] 'll/MD ,/,  [ I/PRP ] 'll/MD watch/VB  [ a/DT soap/NN ] occasionally/RB ./.","(S (EDITED (RM (-DFL- \[)) (CC and) (IP (-DFL- \+))) (RB so) (RS (-DFL- \])) (EDITED (RM (-DFL- \[)) (S (NP-SBJ (PRP I)) (VP-UNF (MD 'll))) (, ,) (IP (-DFL- \+))) (NP-SBJ (PRP I)) (VP (MD 'll) (RS (-DFL- \])) (VP (VB watch) (NP (DT a) (NN soap)) (ADVP-TMP (RB occasionally)))) (. .) (-DFL- E_S))",70
sw05utt/sw_0507_3606.utt,3/sw3606,3606,48,b,A,35,1,Uh-huh. /,[ Uh-huh/UH ] ./.,(INTJ (UH Uh-huh) (. .) (-DFL- E_S)),68
sw05utt/sw_0507_3606.utt,3/sw3606,3606,49,qy,B,36,1,Do you watch any of those? /,Do/VBP  [ you/PRP ] watch/VB  [ any/DT ] of/IN  [ those/DT ] ?/.,(SQ (VBP Do) (NP-SBJ (PRP you)) (VP (VB watch) (NP (NP (DT any)) (PP (IN of) (NP (DT those))))) (. ?) (-DFL- E_S)),77
sw05utt/sw_0507_3606.utt,3/sw3606,3606,50,ng,A,37,1,"[ I, + {D well, } I ] don't, because I work all day. /","[ I/PRP ] ,/, well/UH ,/,  [ I/PRP ] do/VBP n't/RB ,/, because/RB  [ I/PRP ] work/VBP  [ all/DT day/NN ] ./.","(S (EDITED (RM (-DFL- \[)) (NP-SBJ (PRP I)) (, ,) (IP (-DFL- \+))) (INTJ (UH well)) (, ,) (NP-SBJ (PRP I)) (RS (-DFL- \])) (VP (VBP do) (RB n't) (, ,) (SBAR-PRP (RB because) (S (NP-SBJ (PRP I)) (VP (VBP work) (NP-TMP (DT all) (NN day)))))) (. .) (-DFL- E_S))",79
sw05utt/sw_0507_3606.utt,3/sw3606,3606,51,b,B,38,1,Uh-huh. /,[ Uh-huh/UH ] ./.,(INTJ (UH Uh-huh) (. .) (-DFL- E_S)),68
sw05utt/sw_0507_3606.utt,3/sw3606,3606,52,%,A,39,1,"{C But, } {F um, } I pro-, - /","But/CC ,/, um/UH ,/,  [ I/PRP pro-/XX ] ,/,","(S-UNF (CC But) (, ,) (INTJ (UH um)) (, ,) (NP-SBJ (PRP I)) (X (XX pro-)) (, ,) (-DFL- N_S))",83
sw05utt/sw_0507_3606.utt,3/sw3606,3606,53,sd,A,39,2,"I usually do if I'm home for a couple of days, {D like, } {D you know, } around Christmas or whatever,  /","[ I/PRP ] usually/RB do/VBP if/IN  [ I/PRP ] 'm/VBP  [ home/RB ] for/IN  [ a/DT couple/NN ] of/IN  [ days/NNS ] ,/, like/IN ,/,  [ you/PRP ] know/VBP ,/, around/IN  [ Christmas/NNP ] or/CC  [ whatever/WP ] ,/,","(S (NP-SBJ (PRP I)) (ADVP-TMP (RB usually)) (VP (VBP do) (SBAR-ADV (IN if) (S (NP-SBJ (PRP I)) (VP (VBP 'm) (ADVP-LOC-PRD (RB home)) (PP-TMP (IN for) (NP (NP (DT a) (NN couple)) (PP (IN of) (NP (NNS days)))))))) (, ,) (INTJ (UH like)) (PRN (, ,) (S (NP-SBJ (PRP you)) (VP (VBP know))) (, ,)) (PP-TMP (IN around) (NP (NNP Christmas) (CC or) (WP whatever)))) (, ,) (-DFL- E_S))",84
sw05utt/sw_0507_3606.utt,3/sw3606,3606,54,sd,A,39,3,after a while I'll start watching it -- /,after/IN  [ a/DT while/NN ] [ I/PRP ] 'll/MD start/VB watching/VBG  [ it/PRP ] --/:,(S (PP-TMP (IN after) (NP (DT a) (NN while))) (NP-SBJ-1 (PRP I)) (VP (MD 'll) (VP (VB start) (S (NP-SBJ (-NONE- *-1)) (VP (VBG watching) (NP (PRP it)))))) (-DFL- E_S)),85
sw05utt/sw_0507_3606.utt,3/sw3606,3606,55,b,B,40,1,Uh-huh. /,[ Uh-huh/UH ] ./.,(INTJ (UH Uh-huh) (. .) (-DFL- E_S)),68
sw05utt/sw_0507_3606.utt,3/sw3606,3606,56,%,A,41,1,"-- {C and then } on, - /","--/: and/CC then/RB on/IN ,/,","(S-UNF (CONJP (CC and) (RB then)) (PP-UNF (IN on)) (, ,) (-DFL- N_S))",89
sw05utt/sw_0507_3606.utt,3/sw3606,3606,57,sd,A,41,2,for a while I'll ask people if they know what happened -- /,for/IN  [ a/DT while/NN ] [ I/PRP ] 'll/MD ask/VB  [ people/NNS ] if/IN  [ they/PRP ] know/VBP  [ what/WP ] happened/VBD --/:,(S (PP-TMP (IN for) (NP (DT a) (NN while))) (NP-SBJ (PRP I)) (VP (MD 'll) (VP (VB ask) (NP (NNS people)) (SBAR (IN if) (S (NP-SBJ (PRP they)) (VP (VBP know) (SBAR (WHNP-1 (WP what)) (S (NP-SBJ (-NONE- *T*-1)) (VP (VBD happened))))))))) (-DFL- E_S)),90
sw05utt/sw_0507_3606.utt,3/sw3606,3606,58,b,B,42,1,Oh -- /,Oh/UH --/:,(INTJ (UH Oh) (-DFL- E_S)),92
sw05utt/sw_0507_3606.utt,3/sw3606,3606,59,sd,A,43,1,-- {C and } then I'll just forget it. /,--/: and/CC then/RB  [ I/PRP ] 'll/MD just/RB forget/VB  [ it/PRP ] ./.,(S (CONJP (CC and) (RB then)) (NP-SBJ (PRP I)) (VP (MD 'll) (ADVP (RB just)) (VP (VB forget) (NP (PRP it)))) (. .) (-DFL- E_S)),94
sw05utt/sw_0507_3606.utt,3/sw3606,3606,60,qw,B,44,1,"-- [ what, + what ] ones do you get into? /","--/:  [ what/WP ] ,/,  [ what/WP ones/NNS ] do/VB  [ you/PRP ] get/VBP into/RP ?/.","(SBARQ (EDITED (RM (-DFL- \[)) (WHNP-UNF (WP what)) (, ,) (IP (-DFL- \+))) (WHNP-1 (WP what) (RS (-DFL- \])) (NNS ones)) (SQ (VB do) (NP-SBJ (PRP you)) (VP (VBP get) (PP (RP into) (NP (-NONE- *T*-1))))) (. ?) (-DFL- E_S))",96
sw05utt/sw_0507_3606.utt,3/sw3606,3606,61,sd,A,45,1,"{F Uh, } I don't even remember  /","[ Uh/UH ] ,/,  [ I/PRP ] do/VBP n't/RB even/RB remember/VB","(S (INTJ (UH Uh)) (, ,) (NP-SBJ (PRP I)) (VP (VBP do) (RB n't) (ADVP (RB even)) (VP (VB remember))) (-DFL- E_S))",98
sw05utt/sw_0507_3606.utt,3/sw3606,3606,62,sd,A,45,2,the last time I watched was back in college.  /,[ the/DT last/JJ time/NN ] [ I/PRP ] watched/VBD was/VBD back/RB in/IN  [ college/NN ] ./.,(S (NP-SBJ (NP (DT the) (JJ last) (NN time)) (SBAR (WHADVP-1 (-NONE- 0)) (S (NP-SBJ (PRP I)) (VP (VBD watched) (ADVP-TMP (-NONE- *T*-1)))))) (VP (VBD was) (PP-TMP-PRD (ADVP (RB back)) (IN in) (NP (NN college)))) (. .) (-DFL- E_S)),99
sw05utt/sw_0507_3606.utt,3/sw3606,3606,63,sd,A,45,3,It was {D like } GENERAL HOSPITAL or something -- /,[ It/PRP ] was/VBD like/UH  [ GENERAL/NNP HOSPITAL/NNP ] or/CC  [ something/NN ] --/:,(S (NP-SBJ (PRP It)) (VP (VBD was) (INTJ (UH like)) (NP-PRD (NP-TTL (NNP GENERAL) (NNP HOSPITAL)) (CC or) (NP (NN something)))) (-DFL- E_S)),100
sw05utt/sw_0507_3606.utt,3/sw3606,3606,64,b,B,46,1,"{F Oh, } uh-huh. /","Oh/UH ,/,  [ uh-huh/UH ] ./.","(INTJ (INTJ (UH Oh)) (, ,) (INTJ (UH uh-huh)) (. .) (-DFL- E_S))",102
sw05utt/sw_0507_3606.utt,3/sw3606,3606,65,sd,A,47,1,-- {C and } I maybe watched it for a week -- /,--/: and/CC  [ I/PRP ] maybe/RB watched/VBD  [ it/PRP ] for/IN  [ a/DT week/NN ] --/:,(S (CC and) (NP-SBJ (PRP I)) (ADVP (RB maybe)) (VP (VBD watched) (NP (PRP it)) (PP-TMP (IN for) (NP (DT a) (NN week)))) (-DFL- E_S)),104
sw05utt/sw_0507_3606.utt,3/sw3606,3606,66,b,B,48,1,Oh. /,Oh/UH ./.,(INTJ (UH Oh) (. .) (-DFL- E_S)),106
sw05utt/sw_0507_3606.utt,3/sw3606,3606,67,sd,A,49,1,"-- {C but, } {F um, } I know that people used to arrange their whole schedules around the, {D you know, } - /","--/: but/CC ,/, um/UH ,/,  [ I/PRP ] know/VBP that/IN  [ people/NNS ] used/VBD to/TO arrange/VB  [ their/PRP$ whole/JJ schedules/NNS ] around/IN  [ the/DT ] ,/,  [ you/PRP ] know/VBP ,/,","(S (CC but) (, ,) (INTJ (UH um)) (, ,) (NP-SBJ (PRP I)) (VP (VBP know) (SBAR (IN that) (S (NP-SBJ-1 (NNS people)) (VP (VBD used) (S (NP-SBJ (-NONE- *-1)) (VP (TO to) (VP (VB arrange) (NP (PRP$ their) (JJ whole) (NNS schedules)) (PP (IN around) (NP-UNF (DT the))))))))) (PRN (, ,) (S (NP-SBJ (PRP you)) (VP (VBP know))))) (, ,) (-DFL- N_S))",108
sw05utt/sw_0507_3606.utt,3/sw3606,3606,68,sd,A,49,2,they wouldn't take a class that was in the middle of their soap opera. /,[ they/PRP ] would/MD n't/RB take/VB  [ a/DT class/NN ] [ that/WDT ] was/VBD in/IN  [ the/DT middle/NN ] of/IN  [ their/PRP$ soap/NN opera/NN ] ./.,(S (NP-SBJ (PRP they)) (VP (MD would) (RB n't) (VP (VB take) (NP (NP (DT a) (NN class)) (SBAR (WHNP-1 (WDT that)) (S (NP-SBJ (-NONE- *T*-1)) (VP (VBD was) (PP-TMP-PRD (IN in) (NP (NP (DT the) (NN middle)) (PP (IN of) (NP (PRP$ their) (NN soap) (NN opera))))))))))) (. .) (-DFL- E_S)),109
sw05utt/sw_0507_3606.utt,3/sw3606,3606,69,ba,B,50,1,"How funny,  /","How/WRB  [ funny/JJ ] ,/,","(WHADJP (WRB How) (JJ funny) (, ,) (-DFL- E_S))",111
sw05utt/sw_0507_3606.utt,3/sw3606,3606,70,b,B,50,2,"{F oh, }  yeah. /","oh/UH ,/, yeah/UH ./.","(INTJ (INTJ (UH oh)) (, ,) (INTJ (UH yeah)) (. .) (-DFL- E_S))",112
sw05utt/sw_0507_3606.utt,3/sw3606,3606,71,%,A,51,1,"It was a, -/","[ It/PRP ] was/VBD  [ a/DT ] ,/,","(S (NP-SBJ (PRP It)) (VP (VBD was) (NP-PRD-UNF (DT a))) (, ,) (-DFL- N_S))",114
sw05utt/sw_0507_3606.utt,3/sw3606,3606,72,sd,B,52,1,"{F Oh, } I don't get into them that much. /","Oh/UH ,/,  [ I/PRP ] do/VBP n't/RB get/VB into/IN  [ them/PRP ] that/RB  [ much/RB ] ./.","(S (INTJ (UH Oh)) (, ,) (NP-SBJ (PRP I)) (VP (VBP do) (RB n't) (VP (VB get) (PP (IN into) (NP (PRP them))) (ADVP (RB that) (RB much)))) (. .) (-DFL- E_S))",116
sw05utt/sw_0507_3606.utt,3/sw3606.pos,3606,73,x,A,53,1,<Laughter>.,./.
sw05utt/sw_0507_3606.utt,3/sw3606,3606,74,sd,B,54,1,"When I'm home, sometimes in the day [ I'll -- +","When/WRB  [ I/PRP ] 'm/VBP  [ home/RB ] ,/, sometimes/RB in/IN  [ the/DT day/NN ] [ I/PRP ] 'll/MD --/:","(S (SBAR-TMP (WHADVP-1 (WRB When)) (S (NP-SBJ (PRP I)) (VP (VBP 'm) (ADVP-LOC-PRD (RB home)) (ADVP-TMP (-NONE- *T*-1))))) (, ,) (ADVP-TMP (RB sometimes)) (PP-TMP (IN in) (NP (DT the) (NN day))) (EDITED (RM (-DFL- \[)) (S (NP-SBJ (PRP I)) (VP-UNF (MD 'll))) (IP (-DFL- \+))) (NP-SBJ (PRP I)) (VP (MD 'll) (RS (-DFL- \])) (VP (VB watch) (NP (PRP them)))) (-DFL- E_S))",119
sw05utt/sw_0507_3606.utt,3/sw3606,3606,75,b,A,55,1,Uh-huh. /,[ Uh-huh/UH ] ./.,(INTJ (UH Uh-huh) (. .) (-DFL- E_S)),121
sw05utt/sw_0507_3606.utt,3/sw3606,3606,76,+,B,56,1,-- I'll ] watch them -- /,--/:  [ I/PRP ] 'll/MD watch/VB  [ them/PRP ] --/:,"(S (SBAR-TMP (WHADVP-1 (WRB When)) (S (NP-SBJ (PRP I)) (VP (VBP 'm) (ADVP-LOC-PRD (RB home)) (ADVP-TMP (-NONE- *T*-1))))) (, ,) (ADVP-TMP (RB sometimes)) (PP-TMP (IN in) (NP (DT the) (NN day))) (EDITED (RM (-DFL- \[)) (S (NP-SBJ (PRP I)) (VP-UNF (MD 'll))) (IP (-DFL- \+))) (NP-SBJ (PRP I)) (VP (MD 'll) (RS (-DFL- \])) (VP (VB watch) (NP (PRP them)))) (-DFL- E_S))",119
sw05utt/sw_0507_3606.utt,3/sw3606,3606,77,b,A,57,1,Uh-huh. /,[ Uh-huh/UH ] ./.,(INTJ (UH Uh-huh) (. .) (-DFL- E_S)),121
sw05utt/sw_0507_3606.utt,3/sw3606,3606,78,sd,B,58,1,"-- {C but, } {D yeah, }   {F oh, } I was really trying to think.  /","--/: but/CC ,/, yeah/UH ,/, oh/UH ,/,  [ I/PRP ] was/VBD really/RB trying/VBG to/TO think/VB ./.","(S (CC but) (, ,) (INTJ (UH yeah)) (, ,) (INTJ (UH oh)) (, ,) (NP-SBJ-1 (PRP I)) (VP (VBD was) (ADVP (RB really)) (VP (VBG trying) (S (NP-SBJ (-NONE- *-1)) (VP (TO to) (VP (VB think)))))) (. .) (-DFL- E_S))",126
sw05utt/sw_0507_3606.utt,3/sw3606,3606,79,sd,B,58,2,I don't even know if there's any other shows that I watch  or else.  /,[ I/PRP ] do/VBP n't/RB even/RB know/VB if/IN  [ there/EX ] 's/BES  [ any/DT other/JJ shows/NNS ] that/IN  [ I/PRP ] watch/VBP or/CC else/RB ./.,(S (NP-SBJ (PRP I)) (VP (VBP do) (RB n't) (ADVP (RB even)) (VP (VB know) (SBAR (IN if) (S (NP-SBJ (EX there)) (VP (BES 's) (NP-PRD (NP (DT any) (JJ other) (NNS shows)) (SBAR (WHNP-1 (IN that)) (S (NP-SBJ (PRP I)) (VP (VP (VBP watch) (NP (-NONE- *T*-1))) (CC or) (VP (FRAG (ADVP (RB else))))))))))))) (. .) (-DFL- E_S)),127
sw05utt/sw_0507_3606.utt,3/sw3606,3606,80,sd,A,59,1,"{D Well, } you said you have kids.  /","Well/UH ,/,  [ you/PRP ] said/VBD  [ you/PRP ] have/VBP  [ kids/NNS ] ./.","(S (INTJ (UH Well)) (, ,) (NP-SBJ (PRP you)) (VP (VBD said) (SBAR (-NONE- 0) (S (NP-SBJ (PRP you)) (VP (VBP have) (NP (NNS kids)))))) (. .) (-DFL- E_S))",129
sw05utt/sw_0507_3606.utt,3/sw3606,3606,81,qw,A,59,2,How old? /,How/WRB old/JJ ?/.,(WHADJP (WRB How) (JJ old) (. ?) (-DFL- E_S)),130
sw05utt/sw_0507_3606.utt,3/sw3606,3606,82,sd,B,60,1,"{F Oh, } I have a six year old,  /","Oh/UH ,/,  [ I/PRP ] have/VBP  [ a/DT six/CD year/NN old/NN ] ,/,","(S (INTJ (UH Oh)) (, ,) (NP-SBJ (PRP I)) (VP (VBP have) (NP (DT a) (CD six) (NN year) (NN old))) (, ,) (-DFL- E_S))",132
sw05utt/sw_0507_3606.utt,3/sw3606,3606,83,sd,B,60,2,"{C and } I have a, {F um, } - /","and/CC  [ I/PRP ] have/VBP  [ a/DT ] ,/, um/UH ,/,","(S (CC and) (NP-SBJ (PRP I)) (VP (VBP have) (NP-UNF (DT a)) (, ,) (INTJ (UH um))) (, ,) (-DFL- N_S))",133
sw05utt/sw_0507_3606.utt,3/sw3606,3606,84,sd,B,60,3,he'll be a year old in January. /,[ he/PRP ] 'll/MD be/VB  [ a/DT year/NN ] old/JJ in/IN  [ January/NNP ] ./.,(S (NP-SBJ (PRP he)) (VP (MD 'll) (VP (VB be) (ADJP-PRD (NP-ADV (DT a) (NN year)) (JJ old)) (PP-TMP (IN in) (NP (NNP January))))) (. .) (-DFL- E_S)),134
sw05utt/sw_0507_3606.utt,3/sw3606,3606,85,qy^d,A,61,1,"{C So, } [ you're, + you aren't ] a SESAME STREET fan? /","So/UH ,/,  [ you/PRP ] 're/VBP ,/,  [ you/PRP ] are/VBP n't/RB  [ a/DT SESAME/NNP STREET/NNP fan/NN ] ?/.","(S (RB So) (, ,) (EDITED (RM (-DFL- \[)) (S (NP-SBJ (PRP you)) (VP-UNF (VBP 're))) (, ,) (IP (-DFL- \+))) (NP-SBJ (PRP you)) (VP (VBP are) (RB n't) (RS (-DFL- \])) (NP-PRD (DT a) (NX-TTL (NNP SESAME) (NNP STREET)) (NN fan))) (. ?) (-DFL- E_S))",136
sw05utt/sw_0507_3606.utt,3/sw3606,3606,86,sd,B,62,1,"{D Well, }","Well/UH ,/,","(S (INTJ (UH Well)) (, ,) (NP-SBJ (PRP you)) (VP (VBD said) (SBAR (-NONE- 0) (S (NP-SBJ (PRP you)) (VP (VBP have) (NP (NNS kids)))))) (. .) (-DFL- E_S))",129
sw05utt/sw_0507_3606.utt,3/sw3606.pos,3606,87,x,A,63,1,<Laughter>.,./.
sw05utt/sw_0507_3606.utt,3/sw3606,3606,88,+,B,64,1,"[ they do, + they ] watch it.  /","[ they/PRP ] do/VBP ,/,  [ they/PRP ] watch/VBP  [ it/PRP ] ./.","(S (INTJ (UH Well)) (, ,) (EDITED (RM (-DFL- \[)) (S (NP-SBJ (PRP they)) (VP-UNF (VBP do))) (, ,) (IP (-DFL- \+))) (NP-SBJ (PRP they)) (RS (-DFL- \])) (VP (VBP watch) (NP (PRP it))) (. .) (-DFL- E_S))",138
sw05utt/sw_0507_3606.utt,3/sw3606,3606,89,sd,B,64,2,"My six year  old's kind of, - /","[ My/PRP$ six/CD year/NN old/NN ] [ 's/BES kind/RB ] of/RB ,/,","(S (NP-SBJ (PRP$ My) (CD six) (NN year) (NN old)) (VP-UNF (BES 's) (ADVP (RB kind) (RB of))) (, ,) (-DFL- N_S))",141
sw05utt/sw_0507_3606.utt,3/sw3606,3606,90,sd,B,64,3,"he's outgrown that one a little bit,  /","[ he/PRP ] 's/HVS outgrown/VBN that/IN  [ one/CD ] [ a/DT little/JJ bit/NN ] ,/,","(S (NP-SBJ (PRP he)) (VP (HVS 's) (VP (VBN outgrown) (NP (IN that) (CD one)) (NP-ADV (DT a) (JJ little) (NN bit)))) (, ,) (-DFL- E_S))",142
sw05utt/sw_0507_3606.utt,3/sw3606,3606,91,sd,B,64,4,[ {C but } -- +,but/CC --/:,"(S (CC but) (, ,) (INTJ (UH yeah)) (, ,) (INTJ (UH oh)) (, ,) (NP-SBJ-1 (PRP I)) (VP (VBD was) (ADVP (RB really)) (VP (VBG trying) (S (NP-SBJ (-NONE- *-1)) (VP (TO to) (VP (VB think)))))) (. .) (-DFL- E_S))",126
sw05utt/sw_0507_3606.utt,3/sw3606,3606,92,b,A,65,1,Uh-huh. /,[ Uh-huh/UH ] ./.,(INTJ (UH Uh-huh) (. .) (-DFL- E_S)),121
sw05utt/sw_0507_3606.utt,3/sw3606,3606,93,+,B,66,1,"-- {C but, } ] I've started to turn it on a little bit for the baby,  /","--/: but/CC ,/,  [ I/PRP ] 've/VBP started/VBN to/TO turn/VB  [ it/PRP ] on/RP  [ a/DT little/JJ bit/NN ] for/IN  [ the/DT baby/NN ] ,/,","(S (EDITED (RM (-DFL- \[)) (CC but) (IP (-DFL- \+))) (CC but) (, ,) (RS (-DFL- \])) (NP-SBJ-1 (PRP I)) (VP (VBP 've) (VP (VBN started) (S (NP-SBJ (-NONE- *-1)) (VP (TO to) (VP (VB turn) (NP (PRP it)) (PRT (RP on)) (NP-ADV (DT a) (JJ little) (NN bit)) (PP (IN for) (NP (DT the) (NN baby)))))))) (, ,) (-DFL- E_S))",143
sw05utt/sw_0507_3606.utt,3/sw3606,3606,94,sd,B,66,2,"{C and } [ he's kind of, + he's  ] entertained by it. /","and/CC  [ he/PRP ] 's/BES  [ kind/RB ] of/RB ,/,  [ he/PRP ] 's/BES entertained/VBN by/IN  [ it/PRP ] ./.","(S (CC and) (EDITED (RM (-DFL- \[)) (S (NP-SBJ (PRP he)) (VP-UNF (BES 's) (ADVP (RB kind) (RB of)))) (, ,) (IP (-DFL- \+))) (NP-SBJ-1 (PRP he)) (VP (BES 's) (RS (-DFL- \])) (VP (VBN entertained) (NP (-NONE- *-1)) (PP (IN by) (NP-LGS (PRP it))))) (. .) (-DFL- E_S))",147
sw05utt/sw_0507_3606.utt,3/sw3606,3606,95,b,A,67,1,Uh-huh. /,[ Uh-huh/UH ] ./.,(INTJ (UH Uh-huh) (. .) (-DFL- E_S)),121
sw05utt/sw_0507_3606.utt,3/sw3606,3606,96,ny,B,68,1,"{C So, } yes,  /","So/UH ,/, yes/UH ,/,","(FRAG (RB So) (, ,) (INTJ (UH yes)) (, ,) (-DFL- E_S))",151
sw05utt/sw_0507_3606.utt,3/sw3606,3606,97,sd^e,B,68,2,"[ I, + I ] do watch that one. /","[ I/PRP ] ,/,  [ I/PRP ] do/VBP watch/VB that/DT  [ one/CD ] ./.","(S (EDITED (RM (-DFL- \[)) (NP-SBJ (PRP I)) (, ,) (IP (-DFL- \+))) (NP-SBJ (PRP I)) (RS (-DFL- \])) (VP (VBP do) (VP (VB watch) (NP (DT that) (CD one)))) (. .) (-DFL- E_S))",152
sw05utt/sw_0507_3606.utt,3/sw3606,3606,98,sv,A,69,1,Supposed to be a great babysitter <laughter>. /,Supposed/VBN to/TO be/VB  [ a/DT great/JJ babysitter/NN ] ./.,(S (NP-SBJ-1 (-NONE- *)) (VP (VBN Supposed) (S (NP-SBJ (-NONE- *-1)) (VP (TO to) (VP (VB be) (NP-PRD (DT a) (JJ great) (NN babysitter)))))) (. .) (-DFL- E_S)),154
sw05utt/sw_0507_3606.utt,3/sw3606,3606,99,aa,B,70,1,"Yeah,  /","Yeah/UH ,/,","(INTJ (UH Yeah) (, ,) (-DFL- E_S))",156
sw05utt/sw_0507_3606.utt,3/sw3606,3606,100,nd,B,70,2,"{D well, } they're not entertained for too long with it.  /","well/UH ,/,  [ they/PRP ] 're/VBP not/RB entertained/JJ for/IN too/RB long/JJ with/IN  [ it/PRP ] ./.","(S (INTJ (UH well)) (, ,) (NP-SBJ-1 (PRP they)) (VP (VBP 're) (RB not) (VP (JJ entertained) (NP (-NONE- *-1)) (PP-TMP (IN for) (ADJP (RB too) (JJ long))) (PP (IN with) (NP (PRP it))))) (. .) (-DFL- E_S))",157
sw05utt/sw_0507_3606.utt,3/sw3606,3606,101,sd,B,70,3,"[ He's, +","[ He/PRP ] 's/BES ,/,","(S (EDITED (RM (-DFL- \[)) (S (NP-SBJ (PRP He)) (VP-UNF (BES 's))) (, ,) (IP (-DFL- \+))) (NP-SBJ (PRP he)) (VP (BES 's) (RS (-DFL- \])) (ADVP-TMP (RB still)) (ADJP-PRD (RB too) (JJ little))) (, ,) (-DFL- E_S))",158
sw05utt/sw_0507_3606.utt,3/sw3606.pos,3606,102,x,A,71,1,<Laughter>.,./.
sw05utt/sw_0507_3606.utt,3/sw3606,3606,103,+,B,72,1,"he's ] still too little,  /","[ he/PRP ] 's/BES still/RB too/RB little/JJ ,/,","(S (EDITED (RM (-DFL- \[)) (S (NP-SBJ (PRP He)) (VP-UNF (BES 's))) (, ,) (IP (-DFL- \+))) (NP-SBJ (PRP he)) (VP (BES 's) (RS (-DFL- \])) (ADVP-TMP (RB still)) (ADJP-PRD (RB too) (JJ little))) (, ,) (-DFL- E_S))",158
sw05utt/sw_0507_3606.utt,3/sw3606,3606,104,%,B,72,2,{C but } --,but/CC --/:,"(S (EDITED (RM (-DFL- \[)) (CC but) (IP (-DFL- \+))) (CC but) (, ,) (RS (-DFL- \])) (NP-SBJ-1 (PRP I)) (VP (VBP 've) (VP (VBN started) (S (NP-SBJ (-NONE- *-1)) (VP (TO to) (VP (VB turn) (NP (PRP it)) (PRT (RP on)) (NP-ADV (DT a) (JJ little) (NN bit)) (PP (IN for) (NP (DT the) (NN baby)))))))) (, ,) (-DFL- E_S))",143
sw05utt/sw_0507_3606.utt,3/sw3606,3606,105,b,A,73,1,Yeah. /,Yeah/UH ./.,(INTJ (UH Yeah) (. .) (-DFL- E_S)),163
sw05utt/sw_0507_3606.utt,3/sw3606,3606,106,+,B,74,1,"-- yeah,  /","--/: yeah/UH ,/,","(FRAG (CC but) (INTJ (UH yeah)) (, ,) (-DFL- E_S))",161
sw05utt/sw_0507_3606.utt,3/sw3606,3606,107,sd,B,74,2,I do turn that on. /,[ I/PRP ] do/VBP turn/VB that/IN on/RP ./.,(S (NP-SBJ (PRP I)) (VP (VBP do) (VP (VB turn) (NP (IN that)) (PRT (RP on)))) (. .) (-DFL- E_S)),165
sw05utt/sw_0507_3606.utt,3/sw3606,3606,108,b,A,75,1,{F Um. } /,Um/UH ./.,(INTJ (UH Um) (. .) (-DFL- E_S)),167
sw05utt/sw_0507_3606.utt,3/sw3606,3606,109,sd,B,76,1,"{C And } [ I, + I ] do like, {F um, } DONAHUE. /","And/CC  [ I/PRP ] ,/,  [ I/PRP ] do/VBP like/VB ,/, um/UH ,/,  [ DONAHUE/NNP ] ./.","(S (CC And) (EDITED (RM (-DFL- \[)) (NP-SBJ (PRP I)) (, ,) (IP (-DFL- \+))) (NP-SBJ (PRP I)) (RS (-DFL- \])) (VP (VBP do) (VP (VB like) (, ,) (INTJ (UH um)) (, ,) (NP-TTL (NNP DONAHUE)))) (. .) (-DFL- E_S))",169
sw05utt/sw_0507_3606.utt,3/sw3606,3606,110,b,A,77,1,Uh-huh. /,[ Uh-huh/UH ] ./.,(INTJ (UH Uh-huh) (. .) (-DFL- E_S)),145
sw05utt/sw_0507_3606.utt,3/sw3606,3606,111,sd,B,78,1,Sometimes I watch that.  /,Sometimes/RB  [ I/PRP ] watch/VBP  [ that/DT ] ./.,(S (ADVP-TMP (RB Sometimes)) (NP-SBJ (PRP I)) (VP (VBP watch) (NP (DT that))) (. .) (-DFL- E_S)),173
sw05utt/sw_0507_3606.utt,3/sw3606,3606,112,sv,B,78,2,I think he has some interesting things on it. /,[ I/PRP ] think/VBP  [ he/PRP ] has/VBZ  [ some/DT interesting/JJ things/NNS ] on/IN  [ it/PRP ] ./.,(S (NP-SBJ (PRP I)) (VP (VBP think) (SBAR (-NONE- 0) (S (NP-SBJ (PRP he)) (VP (VBZ has) (NP (DT some) (JJ interesting) (NNS things)) (PP (IN on) (NP (PRP it))))))) (. .) (-DFL- E_S)),174
sw05utt/sw_0507_3606.utt,3/sw3606,3606,113,aa,A,79,1,"I know,  /","[ I/PRP ] know/VBP ,/,","(S (NP-SBJ (PRP I)) (VP (VBP know)) (, ,) (-DFL- E_S))",176
sw05utt/sw_0507_3606.utt,3/sw3606,3606,114,qw*,A,79,2,"what time is that on,  /  *[[listen; strange ? placement]]","[ what/WP time/NN ] is/VBZ that/IN on/RP ,/,","(SBARQ (WHADVP-1 (WP what) (NN time)) (SQ (VBZ is) (NP-SBJ (IN that)) (ADVP-PRD (RP on)) (ADVP-TMP (-NONE- *T*-1))) (, ,) (-DFL- E_S))",177
sw05utt/sw_0507_3606.utt,3/sw3606,3606,115,sd,A,79,3,I never see it? /,[ I/PRP ] never/RB see/VBP  [ it/PRP ] ?/.,(S (NP-SBJ (PRP I)) (ADVP-TMP (RB never)) (VP (VBP see) (NP (PRP it))) (. ?) (-DFL- E_S)),178
sw05utt/sw_0507_3606.utt,3/sw3606,3606,116,sd,B,80,1,"{F Um, }   [ that's   on at, + let's see, it's on at ] four. /","Um/UH ,/,  [ that/DT ] 's/BES on/RP at/IN ,/, let/VB  [ 's/PRP ] see/VB ,/,  [ it/PRP ] 's/BES on/RP at/IN  [ four/CD ] ./.","(S (INTJ (UH Um)) (, ,) (EDITED (RM (-DFL- \[)) (S (NP-SBJ (DT that)) (VP (BES 's) (ADVP-PRD (RP on)) (PP-TMP-UNF (IN at)))) (, ,) (IP (-DFL- \+))) (PRN (S-IMP (NP-SBJ (-NONE- *)) (VP (VB let) (S (NP-SBJ (PRP 's)) (VP (VB see))))) (, ,)) (NP-SBJ (PRP it)) (VP (BES 's) (ADVP-PRD (RP on)) (PP-TMP (IN at) (RS (-DFL- \])) (NP (CD four)))) (. .) (-DFL- E_S))",180
sw05utt/sw_0507_3606.utt,3/sw3606,3606,117,bk,A,81,1,"{F Oh, } okay.  /","Oh/UH ,/, okay/UH ./.","(INTJ (INTJ (UH Oh)) (, ,) (INTJ (UH okay)) (. .) (-DFL- E_S))",182
sw05utt/sw_0507_3606.utt,3/sw3606,3606,118,sd,A,81,2,"I'm not home then,  /","[ I/PRP ] 'm/VBP not/RB  [ home/RB ] then/RB ,/,","(S (NP-SBJ (PRP I)) (VP (VBP 'm) (RB not) (ADVP-LOC-PRD (RB home)) (ADVP-TMP (RB then))) (, ,) (-DFL- E_S))",183
sw05utt/sw_0507_3606.utt,3/sw3606,3606,119,sd,A,81,3,that's why I don't see it. /,[ that/DT ] 's/BES why/WRB  [ I/PRP ] do/VBP n't/RB see/VB  [ it/PRP ] ./.,(S (NP-SBJ (DT that)) (VP (BES 's) (SBAR-PRP-PRD (WHADVP-1 (WRB why)) (S (NP-SBJ (PRP I)) (VP (VBP do) (RB n't) (VP (VB see) (NP (PRP it)) (ADVP-PRP (-NONE- *T*-1))))))) (. .) (-DFL- E_S)),184
sw05utt/sw_0507_3606.utt,3/sw3606,3606,120,b,B,82,1,"Yeah,  /","[ Yeah/UH ] ,/,","(INTJ (UH Yeah) (, ,) (-DFL- E_S))",156
sw05utt/sw_0507_3606.utt,3/sw3606,3606,121,sd,B,82,2,I'll watch that occasionally.  /,[ I/PRP ] 'll/MD watch/VB that/DT occasionally/RB ./.,(S (NP-SBJ (PRP I)) (VP (MD 'll) (VP (VB watch) (NP (DT that)) (ADVP-TMP (RB occasionally)))) (. .) (-DFL- E_S)),187
sw05utt/sw_0507_3606.utt,3/sw3606,3606,122,sv,B,82,3,"He's got some real, - /","[ He/PRP ] [ 's/HVS ] got/VBN  [ some/DT real/JJ|RB ] ,/,","(S (NP-SBJ (PRP He)) (VP (HVS 's) (VP (VBN got) (NP-UNF (DT some) (JJ|RB real)))) (, ,) (-DFL- N_S))",188
sw05utt/sw_0507_3606.utt,3/sw3606,3606,123,o,B,82,4,"I don't know,  /","[ I/PRP ] do/VBP n't/RB know/VB ,/,","(S (NP-SBJ (PRP I)) (VP (VBP do) (RB n't) (VP (VB know))) (, ,) (-DFL- E_S))",189
sw05utt/sw_0507_3606.utt,3/sw3606,3606,124,sv,B,82,5,"there's some real weird people that,","[ there/EX ] 's/BES  [ some/DT real/RB weird/NN people/NNS ] [ that/WDT ] ,/,","(S (NP-SBJ (EX there)) (VP (BES 's) (NP-PRD (NP (DT some) (ADJP (RB real) (NN weird)) (NNS people)) (SBAR (WHNP-2 (WDT that)) (, ,) (S (NP-SBJ-1 (PRP he)) (VP (VBZ seems) (S (NP-SBJ (-NONE- *-1)) (VP (TO to) (VP (VB come) (PP (RP up) (PP (IN with) (NP (-NONE- *T*-2)))))))))))) (. .) (-DFL- E_S))",190
sw05utt/sw_0507_3606.utt,3/sw3606.pos,3606,125,x,A,83,1,<Laughter>.,./.
sw05utt/sw_0507_3606.utt,3/sw3606,3606,126,+,B,84,1,he seems to come up with. /,[ he/PRP ] seems/VBZ to/TO come/VB up/RP with/IN ./.,"(S (NP-SBJ (EX there)) (VP (BES 's) (NP-PRD (NP (DT some) (ADJP (RB real) (NN weird)) (NNS people)) (SBAR (WHNP-2 (WDT that)) (, ,) (S (NP-SBJ-1 (PRP he)) (VP (VBZ seems) (S (NP-SBJ (-NONE- *-1)) (VP (TO to) (VP (VB come) (PP (RP up) (PP (IN with) (NP (-NONE- *T*-2)))))))))))) (. .) (-DFL- E_S))",190
sw05utt/sw_0507_3606.utt,3/sw3606,3606,127,qy,A,85,1,Isn't it strange how people are fascinated by other people that they think are strange <laughter>? /,Is/VBZ n't/RB it/PRP strange/JJ how/WRB  [ people/NNS ] are/VBP fascinated/VBN by/IN  [ other/JJ people/NNS ] that/WDT  [ they/PRP ] think/VBP are/VBP strange/JJ ?/.,(SQ (VBZ Is) (RB n't) (NP-SBJ (NP (PRP it)) (SBAR (-NONE- *EXP*-1))) (ADJP-PRD (JJ strange)) (SBAR-1 (WHADVP-4 (WRB how)) (S (NP-SBJ-2 (NNS people)) (VP (VBP are) (VP (VBN fascinated) (NP (-NONE- *-2)) (PP (IN by) (NP-LGS (NP (JJ other) (NNS people)) (SBAR (WHNP-3 (WDT that)) (S (NP-SBJ (PRP they)) (VP (VBP think) (SBAR (-NONE- 0) (S (NP-SBJ (-NONE- *T*-3)) (VP (VBP are) (ADJP-PRD (JJ strange)))))))))) (ADVP (-NONE- *T*-4)))))) (. ?) (-DFL- E_S)),194
sw05utt/sw_0507_3606.utt,3/sw3606,3606,128,ny,B,86,1,Yes.  /,Yes/UH ./.,(INTJ (UH Yes) (. .) (-DFL- E_S)),196
sw05utt/sw_0507_3606.utt,3/sw3606,3606,129,ny,B,86,2,"Yeah,  /","Yeah/UH ,/,","(INTJ (UH Yeah) (, ,) (-DFL- E_S))",186
sw05utt/sw_0507_3606.utt,3/sw3606,3606,130,ny,B,86,3,"{F oh, } yeah.  /","oh/UH ,/, yeah/UH ./.","(INTJ (INTJ (UH oh)) (, ,) (INTJ (UH yeah)) (. .) (-DFL- E_S))",198
sw05utt/sw_0507_3606.utt,3/sw3606,3606,131,sv,B,86,4,"((   )) .  He does have some real bizarre things, I think. /","[ MUMBLEx/XX ] ./.  [ He/PRP ] does/VBZ have/VB  [ some/DT real/RB bizarre/JJ things/NNS ] ,/,  [ I/PRP ] think/VBP ./.","(X (XX MUMBLEx) (. .))|||(S (S-TPC-1 (NP-SBJ (PRP He)) (VP (VBZ does) (VP (VB have) (NP (DT some) (ADJP (RB real) (JJ bizarre)) (NNS things))))) (, ,) (NP-SBJ (PRP I)) (VP (VBP think) (SBAR (-NONE- 0) (S (-NONE- *T*-1)))) (. .) (-DFL- E_S))",199|||200
sw05utt/sw_0507_3606.utt,3/sw3606,3606,132,b,A,87,1,"Uh-huh,  /","[ Uh-huh/UH ] ,/,","(INTJ (UH Uh-huh) (, ,) (-DFL- E_S))",202
sw05utt/sw_0507_3606.utt,3/sw3606,3606,133,b^r,A,87,2,uh-huh. /,[ uh-huh/UH ] ./.,(INTJ (UH uh-huh) (. .) (-DFL- E_S)),203
sw05utt/sw_0507_3606.utt,3/sw3606,3606,134,sd,B,88,1,"{C So, } other than that, I don't know. /","So/UH ,/, other/JJ than/IN  [ that/DT ] ,/,  [ I/PRP ] do/VBP n't/RB know/VB ./.","(S (RB So) (, ,) (ADVP (ADVP (JJ other)) (PP (IN than) (NP (DT that)))) (, ,) (NP-SBJ (PRP I)) (VP (VBP do) (RB n't) (VP (VB know))) (. .) (-DFL- E_S))",205
sw05utt/sw_0507_3606.utt,3/sw3606,3606,135,br,A,89,1,What's that? /,[ What/WP ] 's/BES  [ that/DT ] ?/.,(SBARQ (WHNP-1 (WP What)) (SQ (BES 's) (NP-SBJ (DT that)) (NP-PRD (-NONE- *T*-1))) (. ?) (-DFL- E_S)),207
sw05utt/sw_0507_3606.utt,3/sw3606,3606,136,sd,B,90,1,Guess I'm not much of a T V person really. /,[ Guess/VBP I/PRP ] 'm/VBP not/RB much/RB of/IN  [ a/DT T/NN V/NN person/NN ] really/RB ./.,(S (NP-SBJ (-NONE- *)) (VP (VBP Guess) (SBAR (-NONE- 0) (S (NP-SBJ (PRP I)) (VP (VBP 'm) (RB not) (NP-PRD (NP (RB much)) (PP (IN of) (NP (DT a) (NN T) (NN V) (NN person)))) (ADVP (RB really)))))) (. .) (-DFL- E_S)),209
sw05utt/sw_0507_3606.utt,3/sw3606,3606,137,b,A,91,1,"Yeah,  /","Yeah/UH ,/,","(INTJ (UH Yeah) (, ,) (-DFL- E_S))",186
sw05utt/sw_0507_3606.utt,3/sw3606,3606,138,sv^t,A,91,2,"{D well, } I guess it wasn't a real good topic for us,  /","well/UH ,/,  [ I/PRP ] guess/VBP  [ it/PRP ] was/VBD n't/RB  [ a/DT real/RB good/JJ topic/NN ] for/IN  [ us/PRP ] ,/,","(S (INTJ (UH well)) (, ,) (NP-SBJ (PRP I)) (VP (VBP guess) (SBAR (-NONE- 0) (S (NP-SBJ (PRP it)) (VP (VBD was) (RB n't) (NP-PRD (NP (DT a) (ADJP (RB real) (JJ good)) (NN topic)) (PP (IN for) (NP (PRP us)))))))) (, ,) (-DFL- E_S))",212
sw05utt/sw_0507_3606.utt,3/sw3606,3606,139,ad,A,91,3,"{C but } <laughter>. {D Well, } tell me,  /","but/CC ./.  Well/UH ,/, tell/VB  [ me/PRP ] ,/,","(S-IMP (CC but) (. .) (INTJ (UH Well)) (, ,) (NP-SBJ (-NONE- *)) (VP (VB tell) (NP (PRP me))) (, ,) (-DFL- E_S))",213
sw05utt/sw_0507_3606.utt,3/sw3606,3606,140,qy,A,91,4,is it snowing up there? /,is/VBZ it/PRP snowing/VBG up/IN there/RB ?/.,(SQ (VBZ is) (NP-SBJ (PRP it)) (VP (VBG snowing) (PP-LOC (IN up) (ADVP (RB there)))) (. ?) (-DFL- E_S)),214
sw05utt/sw_0507_3606.utt,3/sw3606,3606,141,nn,B,92,1,"{F Um, } no. /","Um/UH ,/, no/UH ./.","(INTJ (INTJ (UH Um)) (, ,) (INTJ (UH no)) (. .) (-DFL- E_S))",216
sw05utt/sw_0507_3606.utt,3/sw3606,3606,142,b^m,A,93,1,No. /,[ No/UH ] ./.,(INTJ (UH No) (. .) (-DFL- E_S)),218
sw05utt/sw_0507_3606.utt,3/sw3606,3606,143,sd,B,94,1,"It snowed a little bit, {F um, } probably about four days ago -- /","[ It/PRP ] snowed/VBD  [ a/DT little/JJ bit/NN ] ,/, um/UH ,/, probably/RB about/IN  [ four/CD days/NNS ] ago/RB --/:","(S (NP-SBJ (PRP It)) (VP (VBD snowed) (NP-ADV (DT a) (JJ little) (NN bit)) (, ,) (INTJ (UH um)) (, ,) (ADVP-TMP (NP (QP (RB probably) (IN about) (CD four)) (NNS days)) (RB ago))) (-DFL- E_S))",220
sw05utt/sw_0507_3606.utt,3/sw3606,3606,144,b,A,95,1,Uh-huh. /,[ Uh-huh/UH ] ./.,(INTJ (UH Uh-huh) (. .) (-DFL- E_S)),222
sw05utt/sw_0507_3606.utt,3/sw3606,3606,145,sd,B,96,1,-- {C and } they said we weren't going to get any more for Christmas. /,--/: and/CC  [ they/PRP ] said/VBD  [ we/PRP ] were/VBD n't/RB going/VBG to/TO get/VB  [ any/DT more/JJR ] for/IN  [ Christmas/NNP ] ./.,(S (CC and) (NP-SBJ (PRP they)) (VP (VBD said) (SBAR (-NONE- 0) (S (NP-SBJ-1 (PRP we)) (VP (VBD were) (RB n't) (VP (VBG going) (S (NP-SBJ (-NONE- *-1)) (VP (TO to) (VP (VB get) (NP (DT any) (JJR more)) (PP-TMP (IN for) (NP (NNP Christmas))))))))))) (. .) (-DFL- E_S)),224
sw05utt/sw_0507_3606.utt,3/sw3606,3606,146,qy@,A,97,1,Wow.  {C But } do you have snow on the ground now? /  *[[two utts]],[ Wow/UH ] ./.  But/CC do/VBP  [ you/PRP ] have/VB  [ snow/NN ] on/IN  [ the/DT ground/NN ] now/RB ?/.,(SQ (INTJ (UH Wow)) (. .) (CC But) (VBP do) (NP-SBJ (PRP you)) (VP (VB have) (NP (NN snow)) (PP-LOC (IN on) (NP (DT the) (NN ground))) (ADVP-TMP (RB now))) (. ?) (-DFL- E_S)),226
sw05utt/sw_0507_3606.utt,3/sw3606,3606,147,ny,B,98,1,Yeah -- /,Yeah/UH --/:,(INTJ (UH Yeah) (-DFL- E_S)),228
sw05utt/sw_0507_3606.utt,3/sw3606,3606,148,b,A,99,1,Oh. /,Oh/UH ./.,(INTJ (UH Oh) (. .) (-DFL- E_S)),230
sw05utt/sw_0507_3606.utt,3/sw3606,3606,149,sd^e,B,100,1,-- there is snow on the ground. /,--/:  [ there/EX ] is/VBZ  [ snow/NN ] on/IN  [ the/DT ground/NN ] ./.,(S (NP-SBJ (EX there)) (VP (VBZ is) (NP-PRD (NN snow)) (PP-LOC (IN on) (NP (DT the) (NN ground)))) (. .) (-DFL- E_S)),232
sw05utt/sw_0507_3606.utt,3/sw3606,3606,150,ba,A,101,1,"{D Well, } that's nice. /","Well/UH ,/,  [ that/DT ] 's/BES nice/JJ ./.","(S (INTJ (UH Well)) (, ,) (NP-SBJ (DT that)) (VP (BES 's) (ADJP-PRD (JJ nice))) (. .) (-DFL- E_S))",234
sw05utt/sw_0507_3606.utt,3/sw3606,3606,151,sd,B,102,1,"[ I, + I ] wish it would snow a little bit more.  /","[ I/PRP ] ,/,  [ I/PRP ] wish/VBP  [ it/PRP ] would/MD snow/VB  [ a/DT little/JJ bit/NN ] more/RBR ./.","(S (EDITED (RM (-DFL- \[)) (NP-SBJ (PRP I)) (, ,) (IP (-DFL- \+))) (NP-SBJ (PRP I)) (RS (-DFL- \])) (VP (VBP wish) (SBAR (-NONE- 0) (S (NP-SBJ (PRP it)) (VP (MD would) (VP (VB snow) (ADVP (NP (DT a) (JJ little) (NN bit)) (RBR more))))))) (. .) (-DFL- E_S))",236
sw05utt/sw_0507_3606.utt,3/sw3606,3606,152,sv,B,102,2,I've heard it's raining there. /,[ I/PRP ] 've/VBP heard/VBN  [ it/PRP ] 's/BES raining/VBG there/RB ./.,(S (NP-SBJ (PRP I)) (VP (VBP 've) (VP (VBN heard) (SBAR (-NONE- 0) (S (NP-SBJ (PRP it)) (VP (BES 's) (VP (VBG raining) (ADVP-LOC (RB there)))))))) (. .) (-DFL- E_S)),237
sw05utt/sw_0507_3606.utt,3/sw3606,3606,153,fe,A,103,1,"{F Oh, } gosh,  /","Oh/UH ,/, gosh/UH ,/,","(INTJ (INTJ (UH Oh)) (, ,) (INTJ (UH gosh)) (, ,) (-DFL- E_S))",239
sw05utt/sw_0507_3606.utt,3/sw3606,3606,154,sd,A,103,2,we've broken all sorts of records. /,[ we/PRP ] 've/VBP broken/VBN  [ all/DT sorts/NNS ] of/IN  [ records/NNS ] ./.,(S (NP-SBJ (PRP we)) (VP (VBP 've) (VP (VBN broken) (NP (NP (DT all) (NNS sorts)) (PP (IN of) (NP (NNS records)))))) (. .) (-DFL- E_S)),240
sw05utt/sw_0507_3606.utt,3/sw3606,3606,155,ba,B,104,1,{F Oh } really. /,Oh/UH really/UH ./.,(INTJ (INTJ (UH Oh)) (INTJ (UH really)) (. .) (-DFL- E_S)),242
sw05utt/sw_0507_3606.utt,3/sw3606,3606,156,%,A,105,1,"They've got, - /","[ They/PRP ] 've/VBP got/VBN ,/,","(S (NP-SBJ (PRP They)) (VP (VBP 've) (VP-UNF (VBN got))) (, ,) (-DFL- N_S))",244
sw05utt/sw_0507_3606.utt,3/sw3606,3606,157,sd,A,105,2,"{E I mean, }  we still have some highways closed,  /","[ I/PRP ] mean/VBP ,/,  [ we/PRP ] still/RB have/VBP  [ some/DT highways/NNS ] closed/VBN ,/,","(S (PRN (S (NP-SBJ (PRP I)) (VP (VBP mean))) (, ,)) (NP-SBJ (PRP we)) (ADVP-TMP (RB still)) (VP (VBP have) (S (NP-SBJ-1 (DT some) (NNS highways)) (VP (VBN closed) (NP (-NONE- *-1))))) (, ,) (-DFL- E_S))",245
sw05utt/sw_0507_3606.utt,3/sw3606,3606,158,sd,A,105,3,{C and } it stopped raining almost twenty-four hours ago. /,and/CC  [ it/PRP ] stopped/VBD raining/VBG almost/RB  [ twenty-four/CD hours/NNS ] ago/RB ./.,(S (CC and) (NP-SBJ-1 (PRP it)) (VP (VBD stopped) (S (NP-SBJ (-NONE- *-1)) (VP (VBG raining) (ADVP-TMP (NP (QP (RB almost) (CD twenty-four)) (NNS hours)) (RB ago))))) (. .) (-DFL- E_S)),246
sw05utt/sw_0507_3606.utt,3/sw3606,3606,159,ba,B,106,1,"{F Oh, } my goodness. /","Oh/UH ,/,  [ my/PRP$ goodness/NN ] ./.","(INTJ (INTJ (UH Oh)) (, ,) (INTJ (PRP$ my) (NN goodness)) (. .) (-DFL- E_S))",248
sw05utt/sw_0507_3606.utt,3/sw3606,3606,160,sd,A,107,1,"{C But, } {F um, } {F oh, } just phenomenal,  /","But/CC ,/, um/UH ,/, oh/UH ,/, just/RB  [ phenomenal/JJ ] ,/,","(FRAG (CC But) (, ,) (INTJ (UH um)) (, ,) (INTJ (UH oh)) (, ,) (ADVP (RB just)) (ADJP (JJ phenomenal)) (, ,) (-DFL- E_S))",250
sw05utt/sw_0507_3606.utt,3/sw3606,3606,161,%,A,107,2,"{E I mean, } I, {D you know, } - /","[ I/PRP ] mean/VBP ,/,  [ I/PRP ] ,/,  [ you/PRP ] know/VBP ,/,","(S-UNF (PRN (S (NP-SBJ (PRP I)) (VP (VBP mean))) (, ,)) (NP-SBJ (PRP I)) (PRN (, ,) (S (NP-SBJ (PRP you)) (VP (VBP know)))) (, ,) (-DFL- N_S))",251
sw05utt/sw_0507_3606.utt,3/sw3606,3606,162,sv,A,107,3,"you see it on the news all the time,  /","[ you/PRP ] see/VBP  [ it/PRP ] on/IN  [ the/DT news/NN ] [ all/PDT the/DT time/NN ] ,/,","(S (NP-SBJ (PRP you)) (VP (VBP see) (NP (PRP it)) (PP (IN on) (NP (DT the) (NN news))) (NP-TMP (PDT all) (DT the) (NN time))) (, ,) (-DFL- E_S))",252
sw05utt/sw_0507_3606.utt,3/sw3606,3606,163,sv,A,107,4,"{C but } until you've really seen it, [ it does-, +  it doesn't ] really hit you. /","but/CC until/IN  [ you/PRP ] 've/VBP really/RB seen/VBN  [ it/PRP ] ,/,  [ it/PRP ] [ does/VBZ ] ,/,  [ it/PRP ] does/VBZ n't/RB really/RB hit/VB  [ you/PRP ] ./.","(S (CC but) (SBAR-TMP (IN until) (S (NP-SBJ (PRP you)) (VP (VBP 've) (ADVP (RB really)) (VP (VBN seen) (NP (PRP it)))))) (, ,) (EDITED (RM (-DFL- \[)) (S (NP-SBJ (PRP it)) (VP-UNF (VBZ does-))) (, ,) (IP (-DFL- \+))) (NP-SBJ (PRP it)) (VP (VBZ does) (RB n't) (RS (-DFL- \])) (ADVP (RB really)) (VP (VB hit) (NP (PRP you)))) (. .) (-DFL- E_S))",253
sw05utt/sw_0507_3606.utt,3/sw3606,3606,164,b,B,108,1,Yeah. /,Yeah/UH ./.,(INTJ (UH Yeah) (. .) (-DFL- E_S)),255
sw05utt/sw_0507_3606.utt,3/sw3606,3606,165,sd,A,109,1,"{C But } I was driving home from work Friday,  /","But/CC  [ I/PRP ] was/VBD driving/VBG  [ home/RB ] from/IN  [ work/NN Friday/NNP ] ,/,","(S (CC But) (NP-SBJ (PRP I)) (VP (VBD was) (VP (VBG driving) (ADVP-DIR (RB home)) (PP-DIR (IN from) (NP (NN work))) (NP-TMP (NNP Friday)))) (, ,) (-DFL- E_S))",257
sw05utt/sw_0507_3606.utt,3/sw3606,3606,166,sd,A,109,2,"{C and } I saw, there were some stop signs, {E I mean, } submerged up to the writing on the stop sign,  /","and/CC  [ I/PRP ] saw/VBD ,/,  [ there/EX ] were/VBD  [ some/DT stop/NN signs/NNS ] ,/,  [ I/PRP ] mean/VBP ,/, submerged/VBN up/IN to/TO  [ the/DT writing/NN ] on/IN  [ the/DT stop/NN sign/NN ] ,/,","(S (CC and) (NP-SBJ (PRP I)) (VP (VBD saw) (, ,) (SBAR (-NONE- 0) (S (NP-SBJ (EX there)) (VP (VBD were) (NP-PRD (NP (DT some) (NN stop) (NNS signs)) (PRN (, ,) (S (NP-SBJ (PRP I)) (VP (VBP mean))) (, ,)) (VP (VBN submerged) (NP (-NONE- *)) (PP (IN up) (PP (TO to) (NP (NP (DT the) (NN writing)) (PP (IN on) (NP (DT the) (NN stop) (NN sign)))))))))))) (, ,) (-DFL- E_S))",258
sw05utt/sw_0507_3606.utt,3/sw3606,3606,167,sd,A,109,3,{C and } that was just -- -/,and/CC  [ that/DT ] was/VBD just/RB --/:,(S (CC and) (NP-SBJ (DT that)) (VP-UNF (VBD was) (ADVP (RB just))) (-DFL- N_S)),259
sw05utt/sw_0507_3606.utt,3/sw3606,3606,168,ba,B,110,1,"{F Oh, } goodness. /","Oh/UH ,/,  [ goodness/UH ] ./.","(INTJ (INTJ (UH Oh)) (, ,) (INTJ (UH goodness)) (. .) (-DFL- E_S))",261
sw05utt/sw_0507_3606.utt,3/sw3606,3606,169,sd,A,111,1,-- it was amazing to me. /,--/:  [ it/PRP ] was/VBD amazing/JJ to/TO  [ me/PRP ] ./.,(S (NP-SBJ (PRP it)) (VP (VBD was) (ADJP-PRD (JJ amazing) (PP (TO to) (NP (PRP me))))) (. .) (-DFL- E_S)),263
sw05utt/sw_0507_3606.utt,3/sw3606,3606,170,ba,B,112,1,"{F Oh, } gee  /","Oh/UH ,/, gee/UH","(INTJ (INTJ (UH Oh)) (, ,) (INTJ (UH gee)) (-DFL- E_S))",265
sw05utt/sw_0507_3606.utt,3/sw3606,3606,171,%,B,112,2,{D so. } /,so/UH ./.,(INTJ (UH so) (. .) (-DFL- E_S)),266
sw05utt/sw_0507_3606.utt,3/sw3606,3606,172,%,A,113,1,{D So. } /,So/UH ./.,(INTJ (UH So) (. .) (-DFL- E_S)),268
sw05utt/sw_0507_3606.utt,3/sw3606,3606,173,bf,B,114,1,{C So } there has been some flooding  /,So/RB [ there/EX ] has/VBZ been/VBN  [ some/DT flooding/NN ],(S (RB So) (NP-SBJ (EX there)) (VP (VBZ has) (VP (VBN been) (NP-PRD (DT some) (NN flooding)))) (-DFL- E_S)),270
sw05utt/sw_0507_3606.utt,3/sw3606,3606,174,%,B,114,2,"{C and, } -/","and/CC ,/,","(S-UNF (CC and) (, ,) (-DFL- N_S))",271
sw05utt/sw_0507_3606.utt,3/sw3606,3606,175,sd,A,115,1,"{F Oh, } there's been a lot,  /","Oh/UH ,/,  [ there/EX ] 's/HVS been/VBN  [ a/DT lot/NN ] ,/,","(S (INTJ (UH Oh)) (, ,) (NP-SBJ (EX there)) (VP (HVS 's) (VP (VBN been) (NP-PRD (DT a) (NN lot)))) (, ,) (-DFL- E_S))",273
sw05utt/sw_0507_3606.utt,3/sw3606,3606,176,%,A,115,2,yeah. /,yeah/UH ./.,(INTJ (UH yeah) (. .) (-DFL- E_S)),274
sw05utt/sw_0507_3606.utt,3/sw3606,3606,177,x,B,116,1,((   )) .,[ MUMBLEx/XX ] ./.,(X (XX MUMBLEx) (. .)),276
sw05utt/sw_0507_3606.utt,3/sw3606,3606,178,sv,A,117,1,"[ It's, + it's ] too bad  /","[ It/PRP ] 's/BES ,/,  [ it/PRP ] 's/BES too/RB bad/JJ","(S (EDITED (RM (-DFL- \[)) (S (NP-SBJ (PRP It)) (VP-UNF (BES 's))) (, ,) (IP (-DFL- \+))) (NP-SBJ (PRP it)) (VP (BES 's) (RS (-DFL- \])) (ADJP-PRD (RB too) (JJ bad))) (-DFL- E_S))",278
sw05utt/sw_0507_3606.utt,3/sw3606,3606,179,sd,A,117,2,"{C but } {D you know, } the thing is that this happens,  /","but/CC  [ you/PRP ] know/VBP ,/,  [ the/DT thing/NN ] is/VBZ that/IN  [ this/DT ] happens/VBZ ,/,","(S (CC but) (PRN (S (NP-SBJ (PRP you)) (VP (VBP know))) (, ,)) (NP-SBJ (DT the) (NN thing)) (VP (VBZ is) (SBAR-PRD (IN that) (S (NP-SBJ (DT this)) (VP (VBZ happens))))) (, ,) (-DFL- E_S))",279
sw05utt/sw_0507_3606.utt,3/sw3606,3606,180,sd,A,117,3,"in the last three years it's happened at least once a year, if not twice.","in/IN  [ the/DT last/JJ three/CD years/NNS ] [ it/PRP ] 's/HVS happened/VBN at/IN  [ least/JJS ] once/RB  [ a/DT year/NN ] ,/, if/IN not/RB twice/RB ./.","(S (PP-TMP (IN in) (NP (DT the) (JJ last) (CD three) (NNS years))) (NP-SBJ (PRP it)) (VP (HVS 's) (VP (VBN happened) (ADVP (IN at) (JJS least)) (ADVP-TMP (ADVP (RB once) (NP (DT a) (NN year))) (, ,) (CONJP (IN if) (RB not)) (ADVP (RB twice))))) (. .))",280
sw05utt/sw_0507_3606.utt,3/sw3606,3606,181,b,B,118,1,Uh-huh. /,[ Uh-huh/UH ] ./.,(INTJ (UH Uh-huh) (. .) (-DFL- E_S)),283
sw05utt/sw_0507_3606.utt,3/sw3606,3606,182,+,A,119,1,But the people continue to move back in the flood <laughter> zones. /,But/CC  [ the/DT people/NNS ] continue/VBP to/TO move/VB back/RB in/IN  [ the/DT flood/NN zones/NNS ] ./.,(S (CC But) (NP-SBJ-1 (DT the) (NNS people)) (VP (VBP continue) (S (NP-SBJ (-NONE- *-1)) (VP (TO to) (VP (VB move) (ADVP-DIR (RB back)) (PP-DIR (IN in) (NP (DT the) (NN flood) (NNS zones))))))) (. .) (-DFL- E_S)),281
sw05utt/sw_0507_3606.utt,3/sw3606,3606,183,ba,B,120,1,"{F Oh, } gee. /","Oh/UH ,/, gee/UH ./.","(INTJ (INTJ (UH Oh)) (, ,) (INTJ (UH gee)) (. .) (-DFL- E_S))",286
sw05utt/sw_0507_3606.utt,3/sw3606,3606,184,h,A,121,1,"{C So, } I don't know.   /","So/UH ,/,  [ I/PRP ] do/VBP n't/RB know/VB ./.","(S (RB So) (, ,) (NP-SBJ (PRP I)) (VP (VBP do) (RB n't) (VP (VB know))) (. .) (-DFL- E_S))",288
sw05utt/sw_0507_3606.utt,3/sw3606,3606,185,sv,A,121,2,"{E I mean, } you got to wonder how long they're going to keep doing that for. /","[ I/PRP ] mean/VBP ,/,  [ you/PRP ] got/VBN to/TO wonder/VB how/WRB  [ long/JJ they/PRP ] 're/VBP going/VBG to/TO keep/VB doing/VBG  [ that/DT ] for/IN ./.","(S (PRN (S (NP-SBJ (PRP I)) (VP (VBP mean))) (, ,)) (NP-SBJ-1 (PRP you)) (VP (VBN got) (S (NP-SBJ (-NONE- *-1)) (VP (TO to) (VP (VB wonder) (SBAR (WHADVP-4 (WRB how) (JJ long)) (S (NP-SBJ-2 (PRP they)) (VP (VBP 're) (VP (VBG going) (S (NP-SBJ-3 (-NONE- *-2)) (VP (TO to) (VP (VB keep) (S (NP-SBJ (-NONE- *-3)) (VP (VBG doing) (NP (DT that)) (PP-TMP (IN for) (ADVP (-NONE- *T*-4)))))))))))))))) (. .) (-DFL- E_S))",289
sw05utt/sw_0507_3606.utt,3/sw3606,3606,186,b,B,122,1,Yeah. /,Yeah/UH ./.,(INTJ (UH Yeah) (. .) (-DFL- E_S)),291
sw05utt/sw_0507_3606.utt,3/sw3606,3606,187,sv,A,123,1,I don't think I would. /,[ I/PRP ] do/VBP n't/RB think/VB  [ I/PRP ] would/MD ./.,(S (NP-SBJ (PRP I)) (VP (VBP do) (RB n't) (VP (VB think) (SBAR (-NONE- 0) (S (NP-SBJ (PRP I)) (VP (MD would) (VP (-NONE- *?*))))))) (. .) (-DFL- E_S)),293
sw05utt/sw_0507_3606.utt,3/sw3606,3606,188,ba,B,124,1,"{F Oh, } boy. /","Oh/UH ,/,  [ boy/UH ] ./.","(INTJ (INTJ (UH Oh)) (, ,) (INTJ (UH boy)) (. .) (-DFL- E_S))",295
sw05utt/sw_0507_3606.utt,3/sw3606,3606,189,sd,A,125,1,{C Because } they just finished cleaning up from the last flood. /,Because/RB  [ they/PRP ] just/RB finished/VBD cleaning/VBG up/RP from/IN  [ the/DT last/JJ flood/NN ] ./.,(SBAR-PRP (RB Because) (S (NP-SBJ-1 (PRP they)) (ADVP (RB just)) (VP (VBD finished) (S (NP-SBJ (-NONE- *-1)) (VP (VBG cleaning) (PRT (RP up)) (PP (IN from) (NP (DT the) (JJ last) (NN flood))))))) (. .) (-DFL- E_S)),297
sw05utt/sw_0507_3606.utt,3/sw3606,3606,190,b,B,126,1,"Yeah,  /","Yeah/UH ,/,","(INTJ (UH Yeah) (, ,) (-DFL- E_S))",299
sw05utt/sw_0507_3606.utt,3/sw3606,3606,191,ba,B,126,2,"{F oh, } what a mess. /","oh/UH ,/,  [ what/WP ] [ a/DT mess/NN ] ./.","(FRAG (INTJ (UH oh)) (, ,) (WHNP (WP what) (DT a) (NN mess)) (. .) (-DFL- E_S))",300
sw05utt/sw_0507_3606.utt,3/sw3606,3606,192,aa,A,127,1,Yeah. /,Yeah/UH ./.,(INTJ (UH Yeah) (. .) (-DFL- E_S)),291
sw05utt/sw_0507_3606.utt,3/sw3606,3606,193,qy,B,128,1,"{D Well, } {D now, } do you work for T I? /","Well/UH ,/, now/UH ,/, do/VBP  [ you/PRP ] work/VB for/IN  [ T/NNP I/NNP ] ?/.","(SQ (INTJ (UH Well)) (, ,) (INTJ (UH now)) (, ,) (VBP do) (NP-SBJ (PRP you)) (VP (VB work) (PP (IN for) (NP (NNP T) (NNP I)))) (. ?) (-DFL- E_S))",304
sw05utt/sw_0507_3606.utt,3/sw3606,3606,194,ny,A,129,1,"Yeah,  /","[ Yeah/UH ] ,/,","(INTJ (UH Yeah) (, ,) (-DFL- E_S))",299
sw05utt/sw_0507_3606.utt,3/sw3606,3606,195,sd^e,A,129,2,"I do,  /","[ I/PRP ] do/VBP ,/,","(S (NP-SBJ (PRP I)) (VP (VBP do)) (, ,) (-DFL- E_S))",307
sw05utt/sw_0507_3606.utt,3/sw3606,3606,196,ny,A,129,3,yeah. /,yeah/UH ./.,(INTJ (UH yeah) (. .) (-DFL- E_S)),308
sw05utt/sw_0507_3606.utt,3/sw3606,3606,197,b,B,130,1,"((   ))  {F oh, } uh-huh.  /","[ MUMBLEx/XX ] oh/UH ,/,  [ uh-huh/UH ] ./.","(INTJ (X (XX MUMBLEx)) (INTJ (UH oh)) (, ,) (INTJ (UH uh-huh)) (. .) (-DFL- E_S))",310
sw05utt/sw_0507_3606.utt,3/sw3606,3606,198,sv^t,B,130,2,"{F Huh. }  {D Well, } this has been an interesting thing to do. /","Huh/UH ./.  Well/UH ,/,  [ this/DT ] has/VBZ been/VBN  [ an/DT interesting/JJ thing/NN ] to/TO do/VB ./.","(S (INTJ (UH Huh)) (. .) (INTJ (UH Well)) (, ,) (NP-SBJ (DT this)) (VP (VBZ has) (VP (VBN been) (NP-PRD (NP (DT an) (JJ interesting) (NN thing)) (SBAR (WHNP-1 (-NONE- 0)) (S (NP-SBJ (-NONE- *)) (VP (TO to) (VP (VB do) (NP (-NONE- *T*-1))))))))) (. .) (-DFL- E_S))",311
sw05utt/sw_0507_3606.utt,3/sw3606,3606,199,qy,A,131,1,Have you made a lot of calls  /,Have/VBP  [ you/PRP ] made/VBN  [ a/DT lot/NN ] of/IN  [ calls/NNS ],(SQ (VBP Have) (NP-SBJ (PRP you)) (VP (VBN made) (NP (NP (DT a) (NN lot)) (PP (IN of) (NP (NNS calls))))) (-DFL- E_S)),313
sw05utt/sw_0507_3606.utt,3/sw3606,3606,200,%,A,131,2,"{C or, } -/","or/CC ,/,","(S-UNF (CC or) (, ,) (-DFL- N_S))",314
sw05utt/sw_0507_3606.utt,3/sw3606,3606,201,na,B,132,1,"{F Um, } [ I've, + I've ] probably talked maybe to five people. /","[ Um/UH ] ,/,  [ I/PRP ] 've/VBP ,/,  [ I/PRP ] 've/VBP probably/RB talked/VBN maybe/RB to/IN  [ five/CD people/NNS ] ./.","(S (INTJ (UH Um)) (, ,) (EDITED (RM (-DFL- \[)) (S (NP-SBJ (PRP I)) (VP-UNF (VBP 've))) (, ,) (IP (-DFL- \+))) (NP-SBJ (PRP I)) (VP (VBP 've) (RS (-DFL- \])) (ADVP (RB probably)) (VP (VBN talked) (ADVP (RB maybe)) (PP (IN to) (NP (CD five) (NNS people))))) (. .) (-DFL- E_S))",316
sw05utt/sw_0507_3606.utt,3/sw3606,3606,202,b,A,133,1,Uh-huh. /,[ Uh-huh/UH ] ./.,(INTJ (UH Uh-huh) (. .) (-DFL- E_S)),318
sw05utt/sw_0507_3606.utt,3/sw3606,3606,203,sd,B,134,1,"My husband is doing it too,  /","[ My/PRP$ husband/NN ] is/VBZ doing/VBG  [ it/PRP ] too/RB ,/,","(S (NP-SBJ (PRP$ My) (NN husband)) (VP (VBZ is) (VP (VBG doing) (NP (PRP it)) (ADVP (RB too)))) (, ,) (-DFL- E_S))",320
sw05utt/sw_0507_3606.utt,3/sw3606,3606,204,sd,B,134,2,{C and } he's --,and/CC  [ he/PRP ] 's/BES --/:,"(S (CC and) (NP-SBJ (PRP he)) (VP (BES 's) (VP (VBN talked) (PP (IN to) (NP (NP (DT a) (JJ few) (JJR more)) (PP (IN than) (NP (PRP me))))))) (, ,) (-DFL- E_S))",321
sw05utt/sw_0507_3606.utt,3/sw3606,3606,205,b,A,135,1,Oh. /,Oh/UH ./.,(INTJ (UH Oh) (. .) (-DFL- E_S)),323
sw05utt/sw_0507_3606.utt,3/sw3606,3606,206,+,B,136,1,"-- talked to a few more than me,  /","--/: talked/VBN to/IN  [ a/DT few/JJ more/JJR ] than/IN  [ me/PRP ] ,/,","(S (CC and) (NP-SBJ (PRP he)) (VP (BES 's) (VP (VBN talked) (PP (IN to) (NP (NP (DT a) (JJ few) (JJR more)) (PP (IN than) (NP (PRP me))))))) (, ,) (-DFL- E_S))",321
sw05utt/sw_0507_3606.utt,3/sw3606,3606,207,sv,B,136,2,"[ {C and, } +  {C but } ] it's been real interesting and  kind of fun. /","and/CC ,/, but/CC  [ it/PRP ] 's/HVS been/VBN real/RB interesting/JJ and/CC  [ kind/RB ] of/RB  [ fun/JJ ] ./.","(S (EDITED (RM (-DFL- \[)) (CC and) (, ,) (IP (-DFL- \+))) (CC but) (RS (-DFL- \])) (NP-SBJ (PRP it)) (VP (HVS 's) (VP (VBN been) (ADJP-PRD (ADJP (RB real) (JJ interesting)) (CC and) (ADVP (RB kind) (RB of)) (ADJP (JJ fun))))) (. .) (-DFL- E_S))",325
sw05utt/sw_0507_3606.utt,3/sw3606,3606,208,qy,A,137,1,Do you get paid for these? /,Do/VBP  [ you/PRP ] get/VB paid/VBN for/IN  [ these/DT ] ?/.,(SQ (VBP Do) (NP-SBJ-1 (PRP you)) (VP (VB get) (VP (VBN paid) (NP (-NONE- *-1)) (PP (IN for) (NP (DT these))))) (. ?) (-DFL- E_S)),327
sw05utt/sw_0507_3606.utt,3/sw3606,3606,209,sd,B,138,1,"{F Um, } five dollars. /","Um/UH ,/,  [ five/CD dollars/NNS ] ./.","(FRAG (INTJ (UH Um)) (, ,) (NP (CD five) (NNS dollars)) (. .) (-DFL- E_S))",329
sw05utt/sw_0507_3606.utt,3/sw3606,3606,210,br,A,139,1,Five dollars a call? /,[ Five/CD dollars/NNS ] [ a/DT call/NN ] ?/.,(NP (NP (CD Five) (NNS dollars)) (NP-ADV (DT a) (NN call)) (. ?) (-DFL- E_S)),331
sw05utt/sw_0507_3606.utt,3/sw3606,3606,211,ny,B,140,1,Uh-huh. /,[ Uh-huh/UH ] ./.,(INTJ (UH Uh-huh) (. .) (-DFL- E_S)),318
sw05utt/sw_0507_3606.utt,3/sw3606,3606,212,ba,A,141,1,"Gosh,  /","[ Gosh/UH ] ,/,","(INTJ (UH Gosh) (, ,) (-DFL- E_S))",335
sw05utt/sw_0507_3606.utt,3/sw3606,3606,213,sd,A,141,2,I wish I could do that <laughter>. /,[ I/PRP ] wish/VBP  [ I/PRP ] could/MD do/VB  [ that/DT ] ./.,(S (NP-SBJ (PRP I)) (VP (VBP wish) (SBAR (-NONE- 0) (S (NP-SBJ (PRP I)) (VP (MD could) (VP (VB do) (NP (DT that))))))) (. .) (-DFL- E_S)),336
sw05utt/sw_0507_3606.utt,3/sw3606,3606,214,qy,B,142,1,"{F Uh, } don't you have to do it as part of its, -/","[ Uh/UH ] ,/, do/VBP n't/RB  [ you/PRP ] have/VB to/TO do/VB  [ it/PRP ] as/IN  [ part/NN ] of/IN  [ its/PRP$ ] ,/,","(SQ (INTJ (UH Uh)) (, ,) (VBP do) (RB n't) (NP-SBJ-1 (PRP you)) (VP (VB have) (S (NP-SBJ (-NONE- *-1)) (VP (TO to) (VP (VB do) (NP (PRP it)) (PP (IN as) (NP (NP (NN part)) (PP (IN of) (NP-UNF (PRP$ its))))))))) (, ,) (-DFL- N_S))",338
sw05utt/sw_0507_3606.utt,3/sw3606,3606,215,no,A,143,1,We can't get paid for it. /,[ We/PRP ] ca/MD n't/RB get/VB paid/VBN for/IN  [ it/PRP ] ./.,(S (NP-SBJ-1 (PRP We)) (VP (MD ca) (RB n't) (VP (VB get) (VP (VBN paid) (NP (-NONE- *-1)) (PP (IN for) (NP (PRP it)))))) (. .) (-DFL- E_S)),340
sw05utt/sw_0507_3606.utt,3/sw3606,3606,216,%,B,144,1,"Don't you have to do it, -/","Do/VBP n't/RB  [ you/PRP ] have/VB to/TO do/VB  [ it/PRP ] ,/,","(SQ (VBP Do) (RB n't) (NP-SBJ-1 (PRP you)) (VP (VB have) (S (NP-SBJ (-NONE- *-1)) (VP (TO to) (VP (VB do) (NP (PRP it)))))) (, ,) (-DFL- N_S))",342
