swda_filename,ptb_basename,conversation_no,transcript_index,act_tag,caller,utterance_index,subutterance_index,text,pos,trees,ptb_treenumbers
sw05utt/sw_0595_2645.utt,2/sw2645,2645,0,sd^t,A,1,1,{D So } the general topic is hobbies. /,So/UH  [ the/DT general/JJ topic/NN ] is/VBZ  [ hobbies/NNS ] ./.,(S (INTJ (UH So)) (NP-SBJ (DT the) (JJ general) (NN topic)) (VP (VBZ is) (NP-PRD (NNS hobbies))) (. .) (-DFL- E_S)),1
sw05utt/sw_0595_2645.utt,2/sw2645,2645,1,aa,B,2,1,Yes. /,Yes/UH ./.,(INTJ (UH Yes) (. .) (-DFL- E_S)),3
sw05utt/sw_0595_2645.utt,2/sw2645,2645,2,ad,A,3,1,Let's hear about your hobbies. /,Let/VB  [ 's/PRP ] hear/VB about/IN  [ your/PRP$ hobbies/NNS ] ./.,(S-IMP (NP-SBJ (-NONE- *)) (VP (VB Let) (S (NP-SBJ (PRP 's)) (VP (VB hear) (PP (IN about) (NP (PRP$ your) (NNS hobbies)))))) (. .) (-DFL- E_S)),5
sw05utt/sw_0595_2645.utt,2/sw2645,2645,3,^h,B,4,1,"{D Well, } let's see,  /","Well/UH ,/, let/VB  [ 's/PRP ] see/VB ,/,","(S-IMP (INTJ (UH Well)) (, ,) (NP-SBJ (-NONE- *)) (VP (VB let) (S (NP-SBJ (PRP 's)) (VP (VB see)))) (, ,) (-DFL- E_S))",7
sw05utt/sw_0595_2645.utt,2/sw2645,2645,4,qw^h,B,4,2,what kind of hobbies   do I have?  /,[ what/WP kind/NN ] of/IN  [ hobbies/NNS ] do/VBP  [ I/PRP ] have/VB ?/.,(SBARQ (WHNP-1 (WHNP (WP what) (NN kind)) (PP (IN of) (NP (NNS hobbies)))) (SQ (VBP do) (NP-SBJ (PRP I)) (VP (VB have) (NP (-NONE- *T*-1)))) (. ?) (-DFL- E_S)),8
sw05utt/sw_0595_2645.utt,2/sw2645,2645,5,sd,B,4,3,"I guess, {F uh, }  [ I, +  it's ] more not so much a hobby but things I enjoy doing.  /","[ I/PRP ] guess/VBP ,/, uh/UH ,/,  [ I/PRP ] ,/,  [ it/PRP ] 's/BES more/RBR not/RB so/RB much/RB  [ a/DT hobby/NN ] but/CC  [ things/NNS I/PRP ] enjoy/VBP doing/VBG ./.","(S (NP-SBJ (PRP I)) (VP (VBP guess) (, ,) (INTJ (UH uh)) (, ,) (SBAR (-NONE- 0) (S (EDITED (RM (-DFL- \[)) (NP-SBJ (PRP I)) (, ,) (IP (-DFL- \+))) (NP-SBJ (PRP it)) (VP (BES 's) (RS (-DFL- \])) (ADVP (RBR more)) (NP-PRD (NP (RB not) (ADVP (RB so) (RB much)) (DT a) (NN hobby)) (CC but) (NP (NP (NNS things)) (SBAR (WHNP-2 (-NONE- 0)) (S (NP-SBJ-1 (PRP I)) (VP (VBP enjoy) (S (NP-SBJ (-NONE- *-1)) (VP (VBG doing) (NP (-NONE- *T*-2))))))))))))) (. .) (-DFL- E_S))",9
sw05utt/sw_0595_2645.utt,2/sw2645,2645,6,sd,B,4,4,"I enjoy playing basketball [ and, +  and ] basically all kinds of sports.  /","[ I/PRP ] enjoy/VBP  [ playing/VBG basketball/NN ] and/CC ,/, and/CC basically/RB  [ all/DT kinds/NNS ] of/IN  [ sports/NNS ] ./.","(S (NP-SBJ-1 (PRP I)) (VP (VBP enjoy) (S (NP-SBJ (-NONE- *-1)) (VP (VBG playing) (NP (NP (NN basketball)) (EDITED (RM (-DFL- \[)) (CC and) (, ,) (IP (-DFL- \+))) (CC and) (RS (-DFL- \])) (ADVP (RB basically)) (NP (NP (DT all) (NNS kinds)) (PP (IN of) (NP (NNS sports)))))))) (. .) (-DFL- E_S))",10
sw05utt/sw_0595_2645.utt,2/sw2645,2645,7,%,B,4,5,"{C And, } {F uh, } -/","And/CC ,/,  [ uh/UH ] ,/,","(S-UNF (CC And) (, ,) (INTJ (UH uh)) (, ,) (-DFL- N_S))",11
sw05utt/sw_0595_2645.utt,2/sw2645,2645,8,qy,A,5,1,Any handicrafts? /,[ Any/DT handicrafts/NNS ] ?/.,(NP (DT Any) (NNS handicrafts) (. ?) (-DFL- E_S)),13
sw05utt/sw_0595_2645.utt,2/sw2645,2645,9,br,B,6,1,Excuse me. /,Excuse/VB  [ me/PRP ] ./.,(S-IMP (NP-SBJ (-NONE- *)) (VP (VB Excuse) (NP (PRP me))) (. .) (-DFL- E_S)),15
sw05utt/sw_0595_2645.utt,2/sw2645,2645,10,qy^r,A,7,1,Any handicrafts? /,[ Any/DT handicrafts/NNS ] ?/.,(NP (DT Any) (NNS handicrafts) (. ?) (-DFL- E_S)),13
sw05utt/sw_0595_2645.utt,2/sw2645,2645,11,nn,B,8,1,"No,  /","No/UH ,/,","(INTJ (UH No) (, ,) (-DFL- E_S))",19
sw05utt/sw_0595_2645.utt,2/sw2645,2645,12,sd^e,B,8,2,"[ not, + not ] really, {F um, }  /","not/RB ,/, not/RB really/RB ,/, um/UH ,/,","(FRAG (ADVP (EDITED (RM (-DFL- \[)) (RB not) (, ,) (IP (-DFL- \+))) (RB not) (RS (-DFL- \])) (RB really)) (, ,) (INTJ (UH um)) (, ,) (-DFL- E_S))",20
sw05utt/sw_0595_2645.utt,2/sw2645,2645,13,nn,B,8,3,"no,  /","no/UH ,/,","(INTJ (UH no) (, ,) (-DFL- E_S))",21
sw05utt/sw_0595_2645.utt,2/sw2645,2645,14,sd,B,8,4,I'm really not too creative  /,[ I/PRP ] 'm/VBP really/RB not/RB too/RB creative/JJ,(S (NP-SBJ (PRP I)) (VP (VBP 'm) (ADVP (RB really)) (RB not) (ADJP-PRD (RB too) (JJ creative))) (-DFL- E_S)),22
sw05utt/sw_0595_2645.utt,2/sw2645,2645,15,sd,B,8,5,"{D well, } I, {F uh, } {D you know, } around with my hands and things like  that - /","well/UH ,/,  [ I/PRP ] ,/,  [ uh/UH ] ,/,  [ you/PRP ] know/VBP ,/, around/IN with/IN  [ my/PRP$ hands/NNS ] and/CC  [ things/NNS ] like/IN that/DT","(S-UNF (INTJ (UH well)) (, ,) (NP-SBJ (PRP I)) (, ,) (INTJ (UH uh)) (PRN (, ,) (S (NP-SBJ (PRP you)) (VP (VBP know))) (, ,)) (X (ADVP (IN around)) (PP (IN with) (NP (PRP$ my) (NNS hands))) (CC and) (NP (NP (NNS things)) (PP (IN like) (NP (DT that))))) (-DFL- N_S))",23
sw05utt/sw_0595_2645.utt,2/sw2645,2645,16,sd,B,8,6,I leave that more up to my Mom <laughter>. /,[ I/PRP ] leave/VBP that/DT more/RBR up/IN to/IN  [ my/PRP$ Mom/NNP ] ./.,(S (NP-SBJ (PRP I)) (VP (VBP leave) (NP (DT that)) (ADVP (RBR more)) (PP (IN up) (PP (IN to) (NP (PRP$ my) (NNP Mom))))) (. .) (-DFL- E_S)),24
sw05utt/sw_0595_2645.utt,2/sw2645,2645,17,sd,A,9,1,"{D So, } {F um, } I think I'm  ((   ))  in handicraft. /","So/UH ,/, um/UH ,/,  [ I/PRP ] think/VBP  [ I/PRP ] 'm/VBP MUMBLEx/XX in/IN  [ handicraft/NN ] ./.","(S (INTJ (UH So)) (, ,) (INTJ (UH um)) (, ,) (NP-SBJ (PRP I)) (VP (VBP think) (SBAR (-NONE- 0) (S (NP-SBJ (PRP I)) (VP-UNF (VBP 'm) (X (X (XX MUMBLEx)) (PP (IN in) (NP (NN handicraft)))))))) (. .) (-DFL- E_S))",26
sw05utt/sw_0595_2645.utt,2/sw2645,2645,18,b,B,10,1,"{F Oh, } yeah. /","Oh/UH ,/, yeah/UH ./.","(INTJ (INTJ (UH Oh)) (, ,) (INTJ (UH yeah)) (. .) (-DFL- E_S))",28
sw05utt/sw_0595_2645.utt,2/sw2645,2645,19,sd,A,11,1,I think it will become resume writing. /,[ I/PRP ] think/VBP  [ it/PRP ] will/MD become/VB  [ resume/NN writing/NN ] ./.,(S (NP-SBJ (PRP I)) (VP (VBP think) (SBAR (-NONE- 0) (S (NP-SBJ (PRP it)) (VP (MD will) (VP (VB become) (NP-PRD (NN resume) (NN writing))))))) (. .) (-DFL- E_S)),30
sw05utt/sw_0595_2645.utt,2/sw2645,2645,20,ba,B,12,1,"{F Oh, } <laughter> {D well, } let's hope  that [ you, +  you ] aren't employed by that craft for too long. /","Oh/UH ,/, well/UH ,/, let/VB  [ 's/PRP ] hope/VB that/IN  [ you/PRP ] ,/,  [ you/PRP ] are/VBP n't/RB employed/VBN by/IN  [ that/DT craft/NN ] for/IN too/RB long/RB ./.","(S-IMP (INTJ (UH Oh)) (, ,) (INTJ (UH well)) (, ,) (NP-SBJ (-NONE- *)) (VP (VB let) (S (NP-SBJ (PRP 's)) (VP (VB hope) (SBAR (IN that) (S (EDITED (RM (-DFL- \[)) (NP-SBJ (PRP you)) (, ,) (IP (-DFL- \+))) (NP-SBJ-1 (PRP you)) (RS (-DFL- \])) (VP (VBP are) (RB n't) (VP (VBN employed) (NP (-NONE- *-1)) (PP (IN by) (NP-LGS (DT that) (NN craft))) (PP-TMP (IN for) (ADVP (RB too) (RB long)))))))))) (. .) (-DFL- E_S))",32
sw05utt/sw_0595_2645.utt,2/sw2645,2645,21,aa,A,13,1,"{F Uh, } yeah,  /","[ Uh/UH ] ,/, yeah/UH ,/,","(INTJ (INTJ (UH Uh)) (, ,) (INTJ (UH yeah)) (, ,) (-DFL- E_S))",34
sw05utt/sw_0595_2645.utt,2/sw2645,2645,22,sd,A,13,2,"[ I, +  I ]  hate to think about it  /","[ I/PRP ] ,/,  [ I/PRP ] hate/VBP to/TO think/VB about/IN  [ it/PRP ]","(S (EDITED (RM (-DFL- \[)) (NP-SBJ (PRP I)) (, ,) (IP (-DFL- \+))) (NP-SBJ-1 (PRP I)) (RS (-DFL- \])) (VP (VBP hate) (S (NP-SBJ (-NONE- *-1)) (VP (TO to) (VP (VB think) (PP (IN about) (NP (PRP it))))))) (-DFL- E_S))",35
sw05utt/sw_0595_2645.utt,2/sw2645,2645,23,sd,A,13,3,"[ {C and, } + {C and } ]  I'm getting rather good at reading want ads. /","and/CC ,/, and/CC  [ I/PRP ] 'm/VBP getting/VBG rather/RB good/JJ at/IN  [ reading/VBG want/NN ads/NNS ] ./.","(S (EDITED (RM (-DFL- \[)) (CC and) (, ,) (IP (-DFL- \+))) (CC and) (RS (-DFL- \])) (NP-SBJ-1 (PRP I)) (VP (VBP 'm) (VP (VBG getting) (ADJP-PRD (RB rather) (JJ good) (PP (IN at) (S-NOM (NP-SBJ (-NONE- *-1)) (VP (VBG reading) (NP (NN want) (NNS ads)))))))) (. .) (-DFL- E_S))",36
sw05utt/sw_0595_2645.utt,2/sw2645,2645,24,b,B,14,1,Uh-huh. /,[ Uh-huh/UH ] ./.,(INTJ (UH Uh-huh) (. .) (-DFL- E_S)),38
sw05utt/sw_0595_2645.utt,2/sw2645,2645,25,b,A,15,1,"Yeah,  /","Yeah/UH ,/,","(INTJ (UH Yeah) (, ,) (-DFL- E_S))",40
sw05utt/sw_0595_2645.utt,2/sw2645,2645,26,%,A,15,2,"[ it, +  it, ] -/","[ it/PRP ] ,/,  [ it/PRP ] ,/,","(S-UNF (EDITED (RM (-DFL- \[)) (NP-SBJ (PRP it)) (, ,) (IP (-DFL- \+))) (NP-SBJ (PRP it)) (, ,) (RS (-DFL- \])) (-DFL- N_S))",41
sw05utt/sw_0595_2645.utt,2/sw2645,2645,27,qw,B,16,1,"[ Wh-, +  what ] kind of time frame  is it, {F uh, } looking for the, {F uh, } different shifts up there? /","[ Wh/WP ] ,/,  [ what/WP kind/NN ] of/IN  [ time/NN frame/NN ] is/VBZ  [ it/PRP ] ,/,  [ uh/UH ] ,/, looking/VBG for/IN  [ the/DT ] ,/,  [ uh/UH ] ,/,  [ different/JJ shifts/NNS ] up/IN there/RB ?/.","(SBARQ (EDITED (RM (-DFL- \[)) (WHNP-UNF (WP Wh-)) (, ,) (IP (-DFL- \+))) (WHNP-1 (WHNP (WP what) (RS (-DFL- \])) (NN kind)) (PP (IN of) (NP (NN time) (NN frame)))) (SQ (VBZ is) (NP-SBJ (PRP it)) (, ,) (INTJ (UH uh)) (, ,) (VP (VBG looking) (NP-PRD (-NONE- *T*-1)) (PP (IN for) (NP (DT the) (, ,) (INTJ (UH uh)) (, ,) (JJ different) (NNS shifts))) (PP-LOC (IN up) (ADVP (RB there))))) (. ?) (-DFL- E_S))",43
sw05utt/sw_0595_2645.utt,2/sw2645,2645,28,%,A,17,1,"I <breathing>, - /","[ I/PRP ] ,/,","(S-UNF (NP-SBJ (PRP I)) (, ,) (-DFL- N_S))",45
sw05utt/sw_0595_2645.utt,2/sw2645,2645,29,qh,A,17,2,who knows. /,[ who/WP ] knows/VBZ ./.,(SBARQ (WHNP-1 (WP who)) (SQ (NP-SBJ (-NONE- *T*-1)) (VP (VBZ knows))) (. .) (-DFL- E_S)),46
sw05utt/sw_0595_2645.utt,2/sw2645,2645,30,%,B,18,1,"Is it, {F uh, } - /","Is/VBZ  [ it/PRP ] ,/,  [ uh/UH ] ,/,","(SQ-UNF (VBZ Is) (NP-SBJ (PRP it)) (, ,) (INTJ (UH uh)) (, ,) (-DFL- N_S))",48
sw05utt/sw_0595_2645.utt,2/sw2645,2645,31,sd,B,18,2,"basically, I had read  that they're just looking at relocating them all to McKinney is it, Texas, /","basically/RB ,/,  [ I/PRP ] had/VBD read/VBN that/IN  [ they/PRP ] 're/VBP just/RB looking/VBG at/IN relocating/VBG  [ them/PRP ] [ all/DT ] to/IN  [ McKinney/NNP ] is/VBZ  [ it/PRP ] ,/,  [ Texas/NNP ] ,/,","(S (ADVP (RB basically)) (, ,) (NP-SBJ (PRP I)) (VP (VBD had) (VP (VBN read) (SBAR (IN that) (S (NP-SBJ-1 (PRP they)) (VP (VBP 're) (ADVP (RB just)) (VP (VBG looking) (PP (IN at) (S-NOM (NP-SBJ (-NONE- *-1)) (VP (VBG relocating) (NP (NP (PRP them)) (NP (DT all))) (PP-DIR (IN to) (NP-2 (NP (NNP McKinney)) (PRN (SQ (VBZ is) (NP-SBJ (PRP it)) (NP-PRD (-NONE- *RNR*-2))) (, ,)) (NP (NNP Texas))))))))))))) (, ,) (-DFL- E_S))",49
sw05utt/sw_0595_2645.utt,2/sw2645,2645,32,ar,A,19,1,"No,  /","No/UH ,/,","(INTJ (UH No) (, ,) (-DFL- E_S))",19
sw05utt/sw_0595_2645.utt,2/sw2645,2645,33,sd,A,19,2,"all means about fifteen to twenty percent,","[ all/DT ] means/VBZ about/IN  [ fifteen/CD ] to/IN  [ twenty/CD percent/NN ] ,/,","(S (NP-SBJ (DT all)) (VP (VBZ means) (NP (NP (QP (IN about) (CD fifteen) (IN to) (CD twenty)) (NN percent)) (, ,) (EDITED (RM (-DFL- \[)) (PP-UNF (IN of)) (, ,) (IP (-DFL- \+))) (PP-UNF (IN of) (, ,) (RS (-DFL- \])) (INTJ (UH oh))))) (, ,) (-DFL- N_S))",52
sw05utt/sw_0595_2645.utt,2/sw2645,2645,34,ba,B,20,1,"# {F Oh, } wow.  # /","Oh/UH ,/, wow/UH ./.","(INTJ (INTJ (UH Oh)) (, ,) (INTJ (UH wow)) (. .) (-DFL- E_S))",54
sw05utt/sw_0595_2645.utt,2/sw2645,2645,35,+,A,21,1,"# [ of, +  of, ] # {F oh, } - /","of/IN ,/, of/IN ,/, oh/UH ,/,","(S (NP-SBJ (DT all)) (VP (VBZ means) (NP (NP (QP (IN about) (CD fifteen) (IN to) (CD twenty)) (NN percent)) (, ,) (EDITED (RM (-DFL- \[)) (PP-UNF (IN of)) (, ,) (IP (-DFL- \+))) (PP-UNF (IN of) (, ,) (RS (-DFL- \])) (INTJ (UH oh))))) (, ,) (-DFL- N_S))",52
sw05utt/sw_0595_2645.utt,2/sw2645,2645,36,sd,A,21,2,"I'm sure the number's   [ s-, +  somewhere ]  classified  /","[ I/PRP ] 'm/VBP sure/JJ  [ the/DT number/NN 's/BES s-/RB ]  ,/, somewhere/RB classified/VBD","(S (NP-SBJ (PRP I)) (VP (VBP 'm) (ADJP-PRD (JJ sure) (SBAR (-NONE- 0) (S (NP-SBJ (DT the) (NN number)) (VP (BES 's) (EDITED (RM (-DFL- \[)) (ADVP-LOC-PRD-UNF (RB s-)) (, ,) (IP (-DFL- \+))) (ADVP-LOC-PRD (ADVP (RB somewhere)) (RS (-DFL- \])) (ADJP (VBD classified)))))))) (-DFL- E_S))",56
sw05utt/sw_0595_2645.utt,2/sw2645,2645,37,sd,A,21,3,"{C but } some of the internal news and the news services, - /","but/CC  [ some/DT ] of/IN  [ the/DT internal/JJ news/NN ] and/CC  [ the/DT news/NN services/NNS ] ,/,","(S-UNF (CC but) (NP-SBJ (NP (NP (DT some)) (PP (IN of) (NP (DT the) (JJ internal) (NN news)))) (CC and) (NP (DT the) (NN news) (NNS services))) (, ,) (-DFL- N_S))",57
sw05utt/sw_0595_2645.utt,2/sw2645,2645,38,sd,A,21,4,"{C so, }  it's approximately six fifty, /","so/RB ,/,  [ it/PRP ] 's/BES approximately/RB  [ six/CD fifty/CD ] ,/,","(S (RB so) (, ,) (NP-SBJ (PRP it)) (VP (BES 's) (NP-PRD (QP (RB approximately) (CD six) (CD fifty)))) (, ,) (-DFL- E_S))",58
sw05utt/sw_0595_2645.utt,2/sw2645,2645,39,b,B,22,1,# Uh-huh. # /,[ Uh-huh/UH ] ./.,(INTJ (UH Uh-huh) (. .) (-DFL- E_S)),38
sw05utt/sw_0595_2645.utt,2/sw2645,2645,40,sd,A,23,1,"# {C so } # ten percent of six fifty,  is sixty-five  /","so/RB  [ ten/CD percent/NN ] of/IN  [ six/CD fifty/CD ] ,/, is/VBZ  [ sixty-five/CD ]","(S (RB so) (NP-SBJ (NP (CD ten) (NN percent)) (PP (IN of) (NP (CD six) (CD fifty)))) (, ,) (VP (VBZ is) (NP-PRD (CD sixty-five))) (-DFL- E_S))",62
sw05utt/sw_0595_2645.utt,2/sw2645,2645,41,sd,A,23,2,{C and } twenty percent would be one thirty. /,and/CC  [ twenty/CD percent/NN ] would/MD be/VB  [ one/CD thirty/CD ] ./.,(S (CC and) (NP-SBJ (CD twenty) (NN percent)) (VP (MD would) (VP (VB be) (NP-PRD (QP (CD one) (CD thirty))))) (. .) (-DFL- E_S)),63
sw05utt/sw_0595_2645.utt,2/sw2645,2645,42,ba,B,24,1,"Wow,  /","Wow/UH ,/,","(INTJ (UH Wow) (, ,) (-DFL- E_S))",65
sw05utt/sw_0595_2645.utt,2/sw2645,2645,43,bh,B,24,2,how about that.  /,how/WRB about/IN  [ that/DT ] ./.,(FRAG (WHADVP (WRB how)) (PP (IN about) (NP (DT that))) (. .) (-DFL- E_S)),66
sw05utt/sw_0595_2645.utt,2/sw2645,2645,44,b,B,24,3,"Yeah,  /","Yeah/UH ,/,","(INTJ (UH Yeah) (, ,) (-DFL- E_S))",40
sw05utt/sw_0595_2645.utt,2/sw2645,2645,45,sd,B,24,4,that's what it did report was a hundred and  thirty relocating down to McKinney. /,[ that/DT ] 's/BES  [ what/WP ] [ it/PRP ] did/VBD  [ report/VB ] was/VBD  [ a/DT hundred/CD ] and/CC  [ thirty/CD ] relocating/VBG down/IN to/IN  [ McKinney/NNP ] ./.,(S (S-SBJ (NP-SBJ (DT that)) (VP (BES 's) (SBAR-NOM-PRD (WHNP-1 (WP what)) (S (NP-SBJ (PRP it)) (VP (VBD did) (VP (VB report) (NP (-NONE- *T*-1)))))))) (VP (VBD was) (NP-PRD (NP (DT a) (CD hundred) (CC and) (CD thirty)) (VP (VBG relocating) (PP-DIR (IN down) (PP (IN to) (NP (NNP McKinney))))))) (. .) (-DFL- E_S)),68
sw05utt/sw_0595_2645.utt,2/sw2645,2645,46,aa,A,25,1,"Yeah,  /","Yeah/UH ,/,","(INTJ (UH Yeah) (, ,) (-DFL- E_S))",40
sw05utt/sw_0595_2645.utt,2/sw2645,2645,47,aap,A,25,2,that's possible. /,[ that/DT ] 's/BES possible/JJ ./.,(S (NP-SBJ (DT that)) (VP (BES 's) (ADJP-PRD (JJ possible))) (. .) (-DFL- E_S)),71
sw05utt/sw_0595_2645.utt,2/sw2645,2645,48,bh,B,26,1,How about that.  /,How/WRB about/IN  [ that/DT ] ./.,(FRAG (WHADVP (WRB How)) (PP (IN about) (NP (DT that))) (. .) (-DFL- E_S)),73
sw05utt/sw_0595_2645.utt,2/sw2645,2645,49,ba,B,26,2,"{D Well, } [ that's, +   {F uh, } that's ] unfortunate  /","Well/UH ,/,  [ that/DT ] 's/BES ,/,  [ uh/UH ] ,/,  [ that/WDT ] 's/BES unfortunate/JJ","(S (INTJ (UH Well)) (, ,) (EDITED (RM (-DFL- \[)) (S (NP-SBJ (DT that)) (VP-UNF (BES 's))) (, ,) (IP (-DFL- \+))) (INTJ (UH uh)) (, ,) (NP-SBJ (WDT that)) (VP (BES 's) (RS (-DFL- \])) (ADJP-PRD (JJ unfortunate))) (-DFL- E_S))",74
sw05utt/sw_0595_2645.utt,2/sw2645,2645,50,%,B,26,3,"is there many other, - /","is/VBZ there/RB many/RB other/JJ ,/,","(SQ (VBZ is) (NP-SBJ (RB there)) (NP-PRD-UNF (ADJP (RB many) (JJ other))) (, ,) (-DFL- N_S))",75
sw05utt/sw_0595_2645.utt,2/sw2645,2645,51,qy,B,26,4,are you in the defense? /,are/VBP  [ you/PRP ] in/IN  [ the/DT defense/NN ] ?/.,(SQ (VBP are) (NP-SBJ (PRP you)) (PP-PRD (IN in) (NP (DT the) (NN defense))) (. ?) (-DFL- E_S)),76
sw05utt/sw_0595_2645.utt,2/sw2645,2645,52,ny,A,27,1,"{F Oh, } yes,  ((   )) . /","Oh/UH ,/, yes/UH ,/,  [ MUMBLEx/XX ] ./.","(INTJ (INTJ (UH Oh)) (, ,) (INTJ (UH yes)) (, ,) (X (XX MUMBLEx)) (. .) (-DFL- E_S))",78
sw05utt/sw_0595_2645.utt,2/sw2645,2645,53,qy,B,28,1,"Is it, {F uh, } many other corporations in the area? /","Is/VBZ  [ it/PRP ] ,/,  [ uh/UH ] ,/,  [ many/JJ other/JJ corporations/NNS ] in/IN  [ the/DT area/NN ] ?/.","(SQ (VBZ Is) (NP-SBJ (PRP it)) (, ,) (INTJ (UH uh)) (, ,) (NP-PRD (JJ many) (JJ other) (NNS corporations)) (PP-LOC (IN in) (NP (DT the) (NN area))) (. ?) (-DFL- E_S))",80
sw05utt/sw_0595_2645.utt,2/sw2645,2645,54,no,A,29,1,"{F Uh, } I saw Seven Eleven that was hiring. /","[ Uh/UH ] ,/,  [ I/PRP ] saw/VBD  [ Seven/CD Eleven/CD that/DT ] was/VBD hiring/VBG ./.","(S (INTJ (UH Uh)) (, ,) (NP-SBJ (PRP I)) (VP (VBD saw) (NP (NP (CD Seven) (CD Eleven)) (SBAR (WHNP-1 (DT that)) (S (NP-SBJ (-NONE- *T*-1)) (VP (VBD was) (VP (VBG hiring))))))) (. .) (-DFL- E_S))",82
sw05utt/sw_0595_2645.utt,2/sw2645,2645,55,%,B,30,1,"<Laughter>  {D Well, } I'm sure with the new,  {F uh, } [ aw-, +  contract awarding ] - /","Well/UH ,/,  [ I/PRP ] 'm/VBP sure/JJ with/IN  [ the/DT new/JJ ] ,/,  [ uh/UH ] ,/,  [ aw/VBD ] ,/,  [ contract/NN ] awarding/VBG","(S (INTJ (UH Well)) (, ,) (NP-SBJ (PRP I)) (VP (VBP 'm) (ADJP-PRD (JJ sure) (SBAR (-NONE- 0) (S-UNF (PP (IN with) (NP (NP (DT the) (JJ new) (, ,) (INTJ (UH uh)) (, ,) (EDITED (RM (-DFL- \[)) (VBD aw-) (, ,) (IP (-DFL- \+))) (NN contract)) (VP-UNF (VBG awarding)))))))) (RS (-DFL- \])) (-DFL- N_S))",84
sw05utt/sw_0595_2645.utt,2/sw2645,2645,56,qy^g,B,30,2,"[ I, +  I ] think it went to Lockheed, didn't it? /","[ I/PRP ] ,/,  [ I/PRP ] think/VBP  [ it/PRP ] went/VBD to/TO Lockheed/NNP ,/, did/VBD n't/RB  [ it/PRP ] ?/.","(SQ (S (EDITED (RM (-DFL- \[)) (NP-SBJ (PRP I)) (, ,) (IP (-DFL- \+))) (NP-SBJ (PRP I)) (RS (-DFL- \])) (VP (VBP think) (SBAR (-NONE- 0) (S (NP-SBJ (PRP it)) (VP (VBD went) (PP (TO to) (NP (NNP Lockheed)))))))) (, ,) (SQ (VBD did) (RB n't) (NP-SBJ (PRP it))) (. ?) (-DFL- E_S))",85
sw05utt/sw_0595_2645.utt,2/sw2645,2645,57,ny,A,31,1,Yes. /,Yes/UH ./.,(INTJ (UH Yes) (. .) (-DFL- E_S)),87
sw05utt/sw_0595_2645.utt,2/sw2645,2645,58,sd,B,32,1,"[ That, +  {F uh, }   I ] hear they're hiring all over the place for that. /","[ That/DT ] ,/,  [ uh/UH ] ,/,  [ I/PRP ] hear/VBP  [ they/PRP ] 're/VBP hiring/VBG  [ all/DT ] over/IN  [ the/DT place/NN ] for/IN  [ that/DT ] ./.","(S (EDITED (RM (-DFL- \[)) (NP-SBJ (DT That)) (, ,) (IP (-DFL- \+))) (INTJ (UH uh)) (, ,) (NP-SBJ (PRP I)) (RS (-DFL- \])) (VP (VBP hear) (SBAR (-NONE- 0) (S (NP-SBJ (PRP they)) (VP (VBP 're) (VP (VBG hiring) (PP-LOC (DT all) (IN over) (NP (DT the) (NN place))) (PP (IN for) (NP (DT that)))))))) (. .) (-DFL- E_S))",89
sw05utt/sw_0595_2645.utt,2/sw2645,2645,59,aa,A,33,1,"Yeah, {F uh, }  /","Yeah/UH ,/,  [ uh/UH ] ,/,","(INTJ (INTJ (UH Yeah)) (, ,) (INTJ (UH uh)) (, ,) (-DFL- E_S))",91
sw05utt/sw_0595_2645.utt,2/sw2645,2645,60,ar,A,33,2,"no,  /","no/UH ,/,","(INTJ (UH no) (, ,) (-DFL- E_S))",92
sw05utt/sw_0595_2645.utt,2/sw2645,2645,61,sd,A,33,3,Apple's coming to town  /,[ Apple/NNP ] 's/BES coming/VBG to/IN  [ town/NN ],(S (NP-SBJ (NNP Apple)) (VP (BES 's) (VP (VBG coming) (PP-DIR (IN to) (NP (NN town))))) (-DFL- E_S)),93
sw05utt/sw_0595_2645.utt,2/sw2645,2645,62,sd,A,33,4,"[ {C and, } +","and/CC ,/,","(S (EDITED (RM (-DFL- \[)) (CC and) (, ,) (IP (-DFL- \+))) (CC and) (RS (-DFL- \])) (NP-SBJ (DT that)) (VP (VBZ has) (NP (DT some) (NNS opportunities))) (-DFL- E_S))",94
sw05utt/sw_0595_2645.utt,2/sw2645,2645,63,bh,B,34,1,"# {F Oh, } really? # /","Oh/UH ,/, really/UH ?/.","(INTJ (INTJ (UH Oh)) (, ,) (INTJ (UH really)) (. ?) (-DFL- E_S))",96
sw05utt/sw_0595_2645.utt,2/sw2645,2645,64,+,A,35,1,# {C and } ] that # has some opportunities  /,and/CC  [ that/DT ] has/VBZ  [ some/DT opportunities/NNS ],"(S (EDITED (RM (-DFL- \[)) (CC and) (, ,) (IP (-DFL- \+))) (CC and) (RS (-DFL- \])) (NP-SBJ (DT that)) (VP (VBZ has) (NP (DT some) (NNS opportunities))) (-DFL- E_S))",94
sw05utt/sw_0595_2645.utt,2/sw2645,2645,65,%,A,35,2,"[ {C and, } + {F uh, } {C and, } ] -/","and/CC ,/,  [ uh/UH ] ,/, and/CC ,/,","(S-UNF (EDITED (RM (-DFL- \[)) (CC and) (, ,) (IP (-DFL- \+))) (INTJ (UH uh)) (, ,) (CC and) (, ,) (RS (-DFL- \])) (-DFL- N_S))",98
sw05utt/sw_0595_2645.utt,2/sw2645,2645,66,qr,B,36,1,Now is that  (( ad good ))  just to  Colorado or to Colorado Springs? /,Now/RB is/VBZ  [ that/DT ad/NN good/NN ] just/RB to/IN  [ Colorado/NNP ] or/CC to/IN  [ Colorado/NNP Springs/NNP ] ?/.,(SQ (INTJ (RB Now)) (VBZ is) (NP-SBJ (DT that) (NN ad)) (ADJP-PRD (NN good) (PP (PP (ADVP (RB just)) (IN to) (NP (NNP Colorado))) (CC or) (PP (IN to) (NP (NNP Colorado) (NNP Springs))))) (. ?) (-DFL- E_S)),100
sw05utt/sw_0595_2645.utt,2/sw2645,2645,67,sd,A,37,1,"Colorado Springs specifically,  /","[ Colorado/NNP Springs/NNP ] specifically/RB ,/,","(FRAG (NP (NNP Colorado) (NNP Springs)) (ADVP (RB specifically)) (, ,) (-DFL- E_S))",102
sw05utt/sw_0595_2645.utt,2/sw2645,2645,68,ny,A,37,2,yes. /,yes/UH ./.,(INTJ (UH yes) (. .) (-DFL- E_S)),103
sw05utt/sw_0595_2645.utt,2/sw2645,2645,69,bh,B,38,1,How about that. /,How/WRB about/IN  [ that/DT ] ./.,(FRAG (WHADVP (WRB How)) (PP (IN about) (NP (DT that))) (. .) (-DFL- E_S)),73
sw05utt/sw_0595_2645.utt,2/sw2645,2645,70,sd,A,39,1,"[ {C And, } +  {F uh, } {C and, } ]  {F uh, } M C I -s coming [ if, +  if, ] telemarketing is your bag. /","And/CC ,/,  [ uh/UH ] ,/, and/CC ,/,  [ uh/UH ] ,/,  [ M/NNP C/NNP I/NNP ] [ -s/BES ] coming/VBG if/IN ,/, if/IN ,/, telemarketing/NN is/VBZ  [ your/PRP$ bag/NN ] ./.","(S (EDITED (RM (-DFL- \[)) (CC And) (, ,) (IP (-DFL- \+))) (INTJ (UH uh)) (, ,) (CC and) (, ,) (RS (-DFL- \])) (INTJ (UH uh)) (, ,) (NP-SBJ (NNP M) (NNP C) (NNP I)) (VP (TYPO (BES -s)) (VP (VBG coming) (SBAR-ADV (EDITED (RM (-DFL- \[)) (SBAR-ADV-UNF (IN if)) (, ,) (IP (-DFL- \+))) (IN if) (, ,) (RS (-DFL- \])) (S (NP-SBJ (NN telemarketing)) (VP (VBZ is) (NP-PRD (PRP$ your) (NN bag))))))) (. .) (-DFL- E_S))",107
sw05utt/sw_0595_2645.utt,2/sw2645,2645,71,b,B,40,1,Uh-huh. /,[ Uh-huh/UH ] ./.,(INTJ (UH Uh-huh) (. .) (-DFL- E_S)),109
sw05utt/sw_0595_2645.utt,2/sw2645,2645,72,sd,A,41,1,Personally I'd rather die a slow painful death  /,Personally/RB  [ I/PRP ] 'd/MD rather/RB die/VB  [ a/DT slow/JJ painful/JJ death/NN ],(S (ADVP (RB Personally)) (NP-SBJ (PRP I)) (VP (MD 'd) (ADVP (RB rather)) (VP (VB die) (NP (DT a) (JJ slow) (JJ painful) (NN death)))) (-DFL- E_S)),111
sw05utt/sw_0595_2645.utt,2/sw2645,2645,73,%,A,41,2,"{C but, } -/","but/CC ,/,","(S-UNF (CC but) (, ,) (-DFL- N_S))",112
sw05utt/sw_0595_2645.utt,2/sw2645,2645,74,qr,B,42,1,"{D Well, } you in the, {F uh, } computer  operations or in the actual, {F uh, } manufacturing? /","Well/UH ,/,  [ you/PRP ] in/IN  [ the/DT ] ,/,  [ uh/UH ] ,/,  [ computer/NN operations/NNS ] or/CC in/IN  [ the/DT actual/JJ ] ,/,  [ uh/UH ] ,/, manufacturing/NN ?/.","(SQ (INTJ (UH Well)) (, ,) (NP-SBJ (PRP you)) (PP-PRD (PP (IN in) (NP (DT the) (, ,) (INTJ (UH uh)) (, ,) (NN computer) (NNS operations))) (CC or) (PP (IN in) (NP (DT the) (JJ actual) (, ,) (INTJ (UH uh)) (, ,) (NN manufacturing)))) (. ?) (-DFL- E_S))",114
sw05utt/sw_0595_2645.utt,2/sw2645,2645,75,sd,A,43,1,"{F Uh, } I'm a defense worker.  /","[ Uh/UH ] ,/,  [ I/PRP ] 'm/VBP  [ a/DT defense/NN worker/NN ] ./.","(S (INTJ (UH Uh)) (, ,) (NP-SBJ (PRP I)) (VP (VBP 'm) (NP-PRD (DT a) (NN defense) (NN worker))) (. .) (-DFL- E_S))",116
sw05utt/sw_0595_2645.utt,2/sw2645,2645,76,sd,A,43,2,"I'm, government tool control specialist. /","[ I/PRP ] 'm/VBP ,/,  [ government/NN tool/NN control/NN specialist/NN ] ./.","(S (NP-SBJ (PRP I)) (VP (VBP 'm) (, ,) (NP-PRD (NN government) (NN tool) (NN control) (NN specialist))) (. .) (-DFL- E_S))",117
sw05utt/sw_0595_2645.utt,2/sw2645,2645,77,b,B,44,1,"Right,  /","Right/UH ,/,","(INTJ (UH Right) (, ,) (-DFL- E_S))",119
sw05utt/sw_0595_2645.utt,2/sw2645,2645,78,b,B,44,2,"yeah,  /","yeah/UH ,/,","(INTJ (UH yeah) (, ,) (-DFL- E_S))",120
sw05utt/sw_0595_2645.utt,2/sw2645,2645,79,sd,B,44,3,that's why I was in the   (( Deseg ))  down here in Plano also. /,[ that/DT ] 's/BES why/WRB  [ I/PRP ] was/VBD in/IN  [ the/DT Deseg/NNP ] down/IN here/RB in/IN  [ Plano/NNP ] also/RB ./.,(S (NP-SBJ (DT that)) (VP (BES 's) (SBAR-PRP-PRD (WHADVP-1 (WRB why)) (S (NP-SBJ (PRP I)) (VP (VBD was) (PP-PRD (IN in) (NP (DT the) (NNP Deseg))) (PP-LOC (IN down) (ADVP (RB here))) (PP-LOC (IN in) (NP (NNP Plano))) (ADVP (RB also)) (ADVP-PRP (-NONE- *T*-1)))))) (. .) (-DFL- E_S)),121
sw05utt/sw_0595_2645.utt,2/sw2645,2645,80,qy,A,45,1,Are you still employed? /,[ Are/VBP you/PRP ] still/RB employed/VBN ?/.,(SQ (VBP Are) (NP-SBJ (PRP you)) (ADVP-TMP (RB still)) (ADJP-PRD (VBN employed)) (. ?) (-DFL- E_S)),123
sw05utt/sw_0595_2645.utt,2/sw2645,2645,81,qy,B,46,1,"Am I still employed by T I,  /","[ Am/VBP ] [ I/PRP ] still/RB employed/VBN by/IN  [ T/NNP I/NNP ] ,/,","(SQ (VBP Am) (NP-SBJ-1 (PRP I)) (ADVP-TMP (RB still)) (VP (VBN employed) (NP (-NONE- *-1)) (PP (IN by) (NP-LGS (NNP T) (NNP I)))) (, ,) (-DFL- E_S))",125
sw05utt/sw_0595_2645.utt,2/sw2645,2645,82,nn,B,46,2,"no,  /","no/UH ,/,","(INTJ (UH no) (, ,) (-DFL- E_S))",126
sw05utt/sw_0595_2645.utt,2/sw2645,2645,83,sd^e,B,46,3,"I took a leave [ of, +  of ] T I back in November. /","[ I/PRP ] took/VBD  [ a/DT leave/NN ] of/IN ,/, of/IN  [ T/NNP I/NNP ] back/VB in/IN  [ November/NNP ] ./.","(S (NP-SBJ (PRP I)) (VP (VBD took) (NP (NP (DT a) (NN leave)) (EDITED (RM (-DFL- \[)) (PP-UNF (IN of)) (, ,) (IP (-DFL- \+))) (PP (IN of) (RS (-DFL- \])) (NP (NNP T) (NNP I)))) (PP-TMP (ADVP (VB back)) (IN in) (NP (NNP November)))) (. .) (-DFL- E_S))",127
sw05utt/sw_0595_2645.utt,2/sw2645,2645,84,b,A,47,1,Oh. /,Oh/UH ./.,(INTJ (UH Oh) (. .) (-DFL- E_S)),129
sw05utt/sw_0595_2645.utt,2/sw2645,2645,85,sd,B,48,1,"Actually, December was my first month away from them. /","Actually/RB ,/,  [ December/NNP ] was/VBD  [ my/PRP$ first/JJ month/NN ] away/RB from/IN  [ them/PRP ] ./.","(S (ADVP (RB Actually)) (, ,) (NP-SBJ (NNP December)) (VP (VBD was) (NP-PRD (NP (PRP$ my) (JJ first) (NN month)) (ADVP-LOC (RB away) (PP (IN from) (NP (PRP them)))))) (. .) (-DFL- E_S))",131
sw05utt/sw_0595_2645.utt,2/sw2645,2645,86,qr,A,49,1,Exempt or ((   )) ? /,[ Exempt/JJ ] or/CC  [ MUMBLEx/XX ] ?/.,(FRAG (ADJP (JJ Exempt)) (CC or) (X (XX MUMBLEx)) (. ?) (-DFL- E_S)),133
sw05utt/sw_0595_2645.utt,2/sw2645,2645,87,sd,B,50,1,Exempt. /,[ Exempt/JJ ] ./.,(ADJP (JJ Exempt) (. .) (-DFL- E_S)),135
sw05utt/sw_0595_2645.utt,2/sw2645,2645,88,bk,A,51,1,"{F Oh, } yes. /","Oh/UH ,/, yes/UH ./.","(INTJ (INTJ (UH Oh)) (, ,) (INTJ (UH yes)) (. .) (-DFL- E_S))",137
sw05utt/sw_0595_2645.utt,2/sw2645,2645,89,sd,B,52,1,"[ [ It, +  {F uh, }   unfortunately I guess for myself it  wasn't, ] +    {F uh, } it was ] purely by my own choice.  /","[ It/PRP ] ,/,  [ uh/UH ] ,/, unfortunately/RB  [ I/PRP ] guess/VBP for/IN  [ myself/PRP ] [ it/PRP ] [ was/VBD n't/RB ] ,/,  [ uh/UH ] ,/,  [ it/PRP ] was/VBD purely/RB by/IN  [ my/PRP$ own/JJ choice/NN ] ./.","(S (RM (-DFL- \[)) (EDITED (RM (-DFL- \[)) (NP-SBJ (PRP It)) (, ,) (IP (-DFL- \+))) (INTJ (UH uh)) (, ,) (ADVP-1 (RB unfortunately) (PRN (S (NP-SBJ (PRP I)) (VP (VBP guess) (FRAG (ADVP (-NONE- *T*-1)))))) (PP (IN for) (NP (PRP myself)))) (EDITED (S (NP-SBJ (PRP it)) (VP-UNF (VBD was) (RB n't))) (, ,) (RS (-DFL- \])) (IP (-DFL- \+))) (INTJ (UH uh)) (, ,) (NP-SBJ (PRP it)) (VP (VBD was) (RS (-DFL- \])) (PP-PRD (ADVP (RB purely)) (IN by) (NP (PRP$ my) (JJ own) (NN choice)))) (. .) (-DFL- E_S))",139
sw05utt/sw_0595_2645.utt,2/sw2645,2645,90,sd,B,52,2,"[ It wasn't, +  {F uh, } there was no ]  incentive for myself to leave,  /","[ It/PRP ] [ was/VBD n't/RB ] ,/,  [ uh/UH ] ,/,  [ there/EX ] was/VBD  [ no/DT incentive/NN ] for/IN  [ myself/PRP ] to/TO leave/VB ,/,","(S (EDITED (RM (-DFL- \[)) (S (NP-SBJ (PRP It)) (VP-UNF (VBD was) (RB n't))) (, ,) (IP (-DFL- \+))) (INTJ (UH uh)) (, ,) (NP-SBJ (EX there)) (VP (VBD was) (NP-PRD (NP (DT no) (RS (-DFL- \])) (NN incentive)) (SBAR (IN for) (S (NP-SBJ (PRP myself)) (VP (TO to) (VP (VB leave))))))) (, ,) (-DFL- E_S))",140
sw05utt/sw_0595_2645.utt,2/sw2645,2645,91,sd,B,52,3,{C but } it was just an opportunity arose  /,but/CC  [ it/PRP ] was/VBD just/RB  [ an/DT opportunity/NN ] arose/VBD,(S (CC but) (NP-SBJ (PRP it)) (VP (VBD was) (ADVP (RB just)) (S-PRD (NP-SBJ (DT an) (NN opportunity)) (VP (VBD arose)))) (-DFL- E_S)),141
sw05utt/sw_0595_2645.utt,2/sw2645,2645,92,sd,B,52,4,{C and } decided to take it. /,and/CC decided/VBD to/TO take/VB  [ it/PRP ] ./.,(S (CC and) (NP-SBJ-1 (-NONE- *)) (VP (VBD decided) (S (NP-SBJ (-NONE- *-1)) (VP (TO to) (VP (VB take) (NP (PRP it)))))) (. .) (-DFL- E_S)),142
sw05utt/sw_0595_2645.utt,2/sw2645,2645,93,qy^d,A,53,1,"{F Oh, } {C so, } you didn't even get the severance package. /","Oh/UH ,/, so/UH ,/,  [ you/PRP ] did/VBD n't/RB even/RB get/VB  [ the/DT severance/NN package/NN ] ./.","(S (INTJ (UH Oh)) (, ,) (RB so) (, ,) (NP-SBJ (PRP you)) (VP (VBD did) (RB n't) (ADVP (RB even)) (VP (VB get) (NP (DT the) (NN severance) (NN package)))) (. .) (-DFL- E_S))",144
sw05utt/sw_0595_2645.utt,2/sw2645,2645,94,nn,B,54,1,No.  /,[ No/UH ] ./.,(INTJ (UH No) (. .) (-DFL- E_S)),146
sw05utt/sw_0595_2645.utt,2/sw2645,2645,95,sd,B,54,2,"I should have taken [ [ the, +  the, ] +   the, ] {D you know, } {F uh, } option when that was there,  /","[ I/PRP ] should/MD have/VB taken/VBN  [ the/DT ] ,/,  [ the/DT ] ,/,  [ the/DT ] ,/,  [ you/PRP ] know/VBP ,/,  [ uh/UH ] ,/,  [ option/NN ] when/WRB  [ that/DT ] was/VBD there/RB ,/,","(S (NP-SBJ (PRP I)) (VP (MD should) (VP (VB have) (VP (VBN taken) (EDITED (RM (-DFL- \[)) (EDITED (RM (-DFL- \[)) (NP-UNF (DT the)) (, ,) (IP (-DFL- \+))) (NP-UNF (DT the)) (, ,) (RS (-DFL- \])) (IP (-DFL- \+))) (NP (DT the) (, ,) (RS (-DFL- \])) (PRN (S (NP-SBJ (PRP you)) (VP (VBP know))) (, ,)) (INTJ (UH uh)) (, ,) (NN option)) (SBAR-TMP (WHADVP-1 (WRB when)) (S (NP-SBJ (DT that)) (VP (VBD was) (ADVP-LOC-PRD (RB there)) (ADVP-TMP (-NONE- *T*-1)))))))) (, ,) (-DFL- E_S))",147
sw05utt/sw_0595_2645.utt,2/sw2645,2645,96,sd,B,54,3,"{C but } it was just,   I missed it by a couple months.  /","but/CC  [ it/PRP ] was/VBD just/RB ,/,  [ I/PRP ] missed/VBD  [ it/PRP ] by/IN  [ a/DT couple/NN months/NNS ] ./.","(S (CC but) (NP-SBJ (PRP it)) (VP (VBD was) (ADVP (RB just)) (, ,) (S-PRD (NP-SBJ (PRP I)) (VP (VBD missed) (NP (PRP it)) (PP (IN by) (NP (DT a) (NN couple) (NNS months)))))) (. .) (-DFL- E_S))",148
sw05utt/sw_0595_2645.utt,2/sw2645,2645,97,qh,B,54,4,"{C But, } {D you know, } what can one do.  /","But/CC ,/,  [ you/PRP ] know/VBP ,/,  [ what/WP ] can/MD  [ one/PRP ] do/VB ./.","(SBARQ (CC But) (PRN (, ,) (S (NP-SBJ (PRP you)) (VP (VBP know))) (, ,)) (WHNP-1 (WP what)) (SQ (MD can) (NP-SBJ (PRP one)) (VP (VB do) (NP (-NONE- *T*-1)))) (. .) (-DFL- E_S))",149
sw05utt/sw_0595_2645.utt,2/sw2645,2645,98,sd,B,54,5,I'm just happy still to have a job. /,[ I/PRP ] 'm/VBP just/RB happy/JJ still/RB to/TO have/VB  [ a/DT job/NN ] ./.,(S (NP-SBJ (PRP I)) (VP (VBP 'm) (ADVP (RB just)) (ADJP-PRD (JJ happy) (S (NP-SBJ (-NONE- *)) (ADVP-TMP (RB still)) (VP (TO to) (VP (VB have) (NP (DT a) (NN job))))))) (. .) (-DFL- E_S)),150
sw05utt/sw_0595_2645.utt,2/sw2645,2645,99,qy,A,55,1,"{D So, } are you happy with what you are doing now? /","So/UH ,/, are/VBP  [ you/PRP ] happy/JJ with/IN  [ what/WP ] [ you/PRP ] are/VBP doing/VBG now/RB ?/.","(SQ (INTJ (UH So)) (, ,) (VBP are) (NP-SBJ (PRP you)) (ADJP-PRD (JJ happy) (PP (IN with) (SBAR-NOM (WHNP-1 (WP what)) (S (NP-SBJ (PRP you)) (VP (VBP are) (VP (VBG doing) (NP (-NONE- *T*-1)) (ADVP-TMP (RB now)))))))) (. ?) (-DFL- E_S))",152
sw05utt/sw_0595_2645.utt,2/sw2645,2645,100,ny,B,56,1,"Yeah,  /","[ Yeah/UH ] ,/,","(INTJ (UH Yeah) (, ,) (-DFL- E_S))",154
sw05utt/sw_0595_2645.utt,2/sw2645,2645,101,sd^e,B,56,2,"I am kind of happy with it,  /","[ I/PRP ] am/VBP kind/RB of/RB  [ happy/JJ ] with/IN  [ it/PRP ] ,/,","(S (NP-SBJ (PRP I)) (VP (VBP am) (ADJP-PRD (ADVP (RB kind) (RB of)) (JJ happy) (PP (IN with) (NP (PRP it))))) (, ,) (-DFL- E_S))",155
sw05utt/sw_0595_2645.utt,2/sw2645,2645,102,sd,B,56,3,"it's getting better all the time,  /","[ it/PRP ] 's/BES getting/VBG better/RB  [ all/PDT the/DT time/NN ] ,/,","(S (NP-SBJ (PRP it)) (VP (BES 's) (VP (VBG getting) (ADJP-PRD (RB better)) (NP-TMP (PDT all) (DT the) (NN time)))) (, ,) (-DFL- E_S))",156
sw05utt/sw_0595_2645.utt,2/sw2645,2645,103,sd,B,56,4,"I knew it would be different from the very beginning,  /","[ I/PRP ] knew/VBD  [ it/PRP ] would/MD be/VB different/JJ from/IN  [ the/DT very/JJ beginning/NN ] ,/,","(S (NP-SBJ (PRP I)) (VP (VBD knew) (SBAR (-NONE- 0) (S (NP-SBJ (PRP it)) (VP (MD would) (VP (VB be) (ADJP-PRD (JJ different)))))) (PP-TMP (IN from) (NP (DT the) (JJ very) (NN beginning)))) (, ,) (-DFL- E_S))",157
sw05utt/sw_0595_2645.utt,2/sw2645,2645,104,sd,B,56,5,"{C but, } {D you know, } as you get to know more of the people that work there and  more of what's going on with the system, - /","but/CC ,/,  [ you/PRP ] know/VBP ,/, as/IN  [ you/PRP ] get/VB to/TO know/VB more/RBR of/IN  [ the/DT people/NNS ] [ that/WDT ] work/VBP there/RB and/CC more/RBR of/IN  [ what/WP ] 's/BES going/VBG on/RP with/IN  [ the/DT system/NN ] ,/,","(S-UNF (CC but) (PRN (, ,) (S (NP-SBJ (PRP you)) (VP (VBP know))) (, ,)) (SBAR-ADV (IN as) (S (NP-SBJ-1 (PRP you)) (VP (VB get) (S (NP-SBJ (-NONE- *-1)) (VP (TO to) (VP (VB know) (NP (NP (NP (RBR more)) (PP (IN of) (NP (NP (DT the) (NNS people)) (SBAR (WHNP-2 (WDT that)) (S (NP-SBJ (-NONE- *T*-2)) (VP (VBP work) (ADVP-LOC (RB there)))))))) (CC and) (NP (NP (RBR more)) (PP (IN of) (SBAR-NOM (WHNP-3 (WP what)) (S (NP-SBJ (-NONE- *T*-3)) (VP (BES 's) (VP (VBG going) (PRT (RP on)) (PP (IN with) (NP (DT the) (NN system)))))))))))))))) (, ,) (-DFL- N_S))",158
sw05utt/sw_0595_2645.utt,2/sw2645,2645,105,sd,B,56,6,{D so } I was in the computer operations  /,so/RB  [ I/PRP ] was/VBD in/IN  [ the/DT computer/NN operations/NNS ],(S (INTJ (UH so)) (NP-SBJ (PRP I)) (VP (VBD was) (PP-PRD (IN in) (NP (DT the) (NN computer) (NNS operations)))) (-DFL- E_S)),159
sw05utt/sw_0595_2645.utt,2/sw2645,2645,106,sd,B,56,7,"[ it's, +  {F uh, } {D you know, } it all starts ] to become similar  /","[ it/PRP ] 's/BES ,/,  [ uh/UH ] ,/,  [ you/PRP ] know/VBP ,/,  [ it/PRP ] [ all/DT ] starts/VBZ to/TO become/VB  [ similar/JJ ]","(S (EDITED (RM (-DFL- \[)) (S (NP-SBJ (PRP it)) (VP-UNF (BES 's))) (, ,) (IP (-DFL- \+))) (INTJ (UH uh)) (PRN (, ,) (S (NP-SBJ (PRP you)) (VP (VBP know))) (, ,)) (NP-SBJ-1 (NP (PRP it)) (NP (DT all))) (VP (VBZ starts) (RS (-DFL- \])) (S (NP-SBJ (-NONE- *-1)) (VP (TO to) (VP (VB become) (ADJP-PRD (JJ similar)))))) (-DFL- E_S))",160
sw05utt/sw_0595_2645.utt,2/sw2645,2645,107,sd,B,56,8,"[ there's, +  {D you know, } there's ]  benefits  /","[ there/EX ] 's/BES ,/,  [ you/PRP ] know/VBP ,/,  [ there/EX ] [ 's/BES benefits/NNS ]","(S (EDITED (RM (-DFL- \[)) (S (NP-SBJ (EX there)) (VP-UNF (BES 's))) (, ,) (IP (-DFL- \+))) (PRN (S (NP-SBJ (PRP you)) (VP (VBP know))) (, ,)) (NP-SBJ (EX there)) (VP (BES 's) (RS (-DFL- \])) (NP-PRD (NNS benefits))) (-DFL- E_S))",161
sw05utt/sw_0595_2645.utt,2/sw2645,2645,108,sd,B,56,9,"{C and } there's things that weren't as good, /","and/CC  [ there/EX ] 's/BES  [ things/NNS ] [ that/WDT ] were/VBD n't/RB as/RB good/JJ ,/,","(S (CC and) (NP-SBJ (EX there)) (VP (BES 's) (NP-PRD (NP (NNS things)) (SBAR (WHNP-1 (WDT that)) (S (NP-SBJ (-NONE- *T*-1)) (VP (VBD were) (RB n't) (ADJP-PRD (RB as) (JJ good))))))) (, ,) (-DFL- E_S))",162
sw05utt/sw_0595_2645.utt,2/sw2645,2645,109,b,A,57,1,# Yeah. # /,Yeah/UH ./.,(INTJ (UH Yeah) (. .) (-DFL- E_S)),164
sw05utt/sw_0595_2645.utt,2/sw2645,2645,110,sd,B,58,1,"# {C but } # as an overall package,   (( I'd say ))  I'm pretty happy so far with the way it's turned out. /","but/CC as/IN  [ an/DT overall/JJ package/NN ] ,/,  [ I/PRP ] 'd/MD say/VB  [ I/PRP ] 'm/VBP pretty/RB happy/JJ so/RB far/RB with/IN  [ the/DT way/NN ] [ it/PRP ] 's/HVS turned/VBN out/RP ./.","(S (CC but) (PP (IN as) (NP (DT an) (JJ overall) (NN package))) (, ,) (NP-SBJ (PRP I)) (VP (MD 'd) (VP (VB say) (SBAR (-NONE- 0) (S (NP-SBJ (PRP I)) (VP (VBP 'm) (ADJP-PRD (RB pretty) (JJ happy) (PP (-NONE- *ICH*-1))) (ADVP (RB so) (RB far)) (PP-1 (IN with) (NP (NP (DT the) (NN way)) (SBAR (WHADVP-2 (-NONE- 0)) (S (NP-SBJ (PRP it)) (VP (HVS 's) (VP (VBN turned) (PRT (RP out)) (ADVP-MNR (-NONE- *T*-2))))))))))))) (. .) (-DFL- E_S))",166
sw05utt/sw_0595_2645.utt,2/sw2645,2645,111,ba,A,59,1,"Good,  /","[ Good/JJ ] ,/,","(INTJ (JJ Good) (, ,) (-DFL- E_S))",168
sw05utt/sw_0595_2645.utt,2/sw2645,2645,112,ba^r,A,59,2,good.   /,[ good/JJ ] ./.,(INTJ (JJ good) (. .) (-DFL- E_S)),169
sw05utt/sw_0595_2645.utt,2/sw2645,2645,113,sd,A,59,3,"{D Well, } it hasn't   been a long time  ((   ))  T I  /","Well/UH ,/,  [ it/PRP ] has/VBZ n't/RB been/VBN  [ a/DT long/JJ time/NN MUMBLEx/XX T/NNP I/NNP ]","(S (INTJ (UH Well)) (, ,) (NP-SBJ (PRP it)) (VP (VBZ has) (RB n't) (VP (VBN been) (NP-PRD (DT a) (JJ long) (NN time)) (X (X (XX MUMBLEx)) (NP (NNP T) (NNP I))))) (-DFL- E_S))",170
sw05utt/sw_0595_2645.utt,2/sw2645,2645,114,sd,A,59,4,"{C or } [ I, +","or/CC  [ I/PRP ] ,/,","(S (CC or) (EDITED (RM (-DFL- \[)) (NP-SBJ (PRP I)) (, ,) (IP (-DFL- \+))) (NP-SBJ-1 (PRP I)) (VP (VBP 'm) (RS (-DFL- \])) (ADVP (RB significantly)) (VP (VBN shaken) (NP (-NONE- *-1)) (PP (IN by) (NP-LGS (DT the) (NN situation))) (, ,) (NAC (CC but) (RB not) (VP (JJ devastated) (NP (-NONE- *-1)))))) (. .) (-DFL- E_S))",171
sw05utt/sw_0595_2645.utt,2/sw2645,2645,115,b,B,60,1,# Uh-huh. # /,[ Uh-huh/UH ] ./.,(INTJ (UH Uh-huh) (. .) (-DFL- E_S)),173
sw05utt/sw_0595_2645.utt,2/sw2645,2645,116,+,A,61,1,"# I'm # ] significantly shaken by the situation,","[ I/PRP ] 'm/VBP significantly/RB shaken/VBN by/IN  [ the/DT situation/NN ] ,/,","(S (CC or) (EDITED (RM (-DFL- \[)) (NP-SBJ (PRP I)) (, ,) (IP (-DFL- \+))) (NP-SBJ-1 (PRP I)) (VP (VBP 'm) (RS (-DFL- \])) (ADVP (RB significantly)) (VP (VBN shaken) (NP (-NONE- *-1)) (PP (IN by) (NP-LGS (DT the) (NN situation))) (, ,) (NAC (CC but) (RB not) (VP (JJ devastated) (NP (-NONE- *-1)))))) (. .) (-DFL- E_S))",171
sw05utt/sw_0595_2645.utt,2/sw2645,2645,117,b,B,62,1,# Right. # /,[ Right/UH ] ./.,(INTJ (UH Right) (. .) (-DFL- E_S)),176
sw05utt/sw_0595_2645.utt,2/sw2645,2645,118,+,A,63,1,# but # not devastated. /,but/CC not/RB devastated/JJ ./.,"(S (CC or) (EDITED (RM (-DFL- \[)) (NP-SBJ (PRP I)) (, ,) (IP (-DFL- \+))) (NP-SBJ-1 (PRP I)) (VP (VBP 'm) (RS (-DFL- \])) (ADVP (RB significantly)) (VP (VBN shaken) (NP (-NONE- *-1)) (PP (IN by) (NP-LGS (DT the) (NN situation))) (, ,) (NAC (CC but) (RB not) (VP (JJ devastated) (NP (-NONE- *-1)))))) (. .) (-DFL- E_S))",171
sw05utt/sw_0595_2645.utt,2/sw2645,2645,119,b,B,64,1,Uh-huh.  /,[ Uh-huh/UH ] ./.,(INTJ (UH Uh-huh) (. .) (-DFL- E_S)),173
sw05utt/sw_0595_2645.utt,2/sw2645,2645,120,sv,B,64,2,"{D Well, } the one thing  I guess at least in your favor is [ the, +  the ] fact that, that is more in the support of  the manufacturing  /","Well/UH ,/,  [ the/DT one/DT thing/NN ] [ I/PRP ] guess/VBP at/IN  [ least/JJS ] in/IN  [ your/PRP$ favor/NN ] is/VBZ  [ the/DT ] ,/,  [ the/DT fact/NN ] that/IN ,/,  [ that/DT ] is/VBZ more/RBR in/IN  [ the/DT support/NN ] of/IN  [ the/DT manufacturing/NN ]","(S-1 (INTJ (UH Well)) (, ,) (NP-SBJ (NP (DT the) (DT one) (NN thing)) (PRN (S (NP-SBJ (PRP I)) (VP (VBP guess) (SBAR (-NONE- 0) (S (-NONE- *T*-1)))))) (ADVP (IN at) (JJS least)) (PP (IN in) (NP (PRP$ your) (NN favor)))) (VP (VBZ is) (EDITED (RM (-DFL- \[)) (NP-UNF-PRD (DT the)) (, ,) (IP (-DFL- \+))) (NP-PRD (DT the) (RS (-DFL- \])) (NN fact) (SBAR (IN that) (, ,) (S (NP-SBJ (DT that)) (VP (VBZ is) (ADVP-PRD (RBR more) (PP (IN in) (NP (NP (DT the) (NN support)) (PP (IN of) (NP (DT the) (NN manufacturing))))))))))) (-DFL- E_S))",180
sw05utt/sw_0595_2645.utt,2/sw2645,2645,121,sv,B,64,3,"{C and } there's lots  and lots of companies that have maybe not  in [ the de-, +  the defense ] area but  manufacturing in general. -/","and/CC  [ there/EX ] [ 's/BES lots/NNS ] and/CC  [ lots/NNS ] of/IN  [ companies/NNS ] [ that/WDT ] have/VBP maybe/RB not/RB in/IN  [ the/DT de-/NN ] ,/,  [ the/DT defense/NN area/NN ] but/CC manufacturing/NN in/IN  [ general/NN ] ./.","(S (CC and) (NP-SBJ (EX there)) (VP (BES 's) (NP-PRD (NP (NNS lots) (CC and) (NNS lots)) (PP (IN of) (NP (NNS companies))) (SBAR (WHNP-1 (WDT that)) (S (NP-SBJ (-NONE- *T*-1)) (VP-UNF (VBP have) (PRN (PP (ADVP (RB maybe) (RB not)) (IN in) (EDITED (RM (-DFL- \[)) (NP-UNF (DT the) (NN de-)) (, ,) (IP (-DFL- \+))) (NP (NP (DT the) (NN defense) (RS (-DFL- \])) (NN area)) (CC but) (NP (NP (NN manufacturing)) (PP (IN in) (NP (NN general)))))))))))) (. .) (-DFL- N_S))",181
sw05utt/sw_0595_2645.utt,2/sw2645,2645,122,sd,A,65,1,"To tell you the truth, [ [ I'm, +  I'm, ] +   I'm ] not really worried. /","To/TO tell/VB  [ you/PRP ] [ the/DT truth/NN ] ,/,  [ I/PRP ] 'm/VBP ,/,  [ I/PRP ] 'm/VBP ,/,  [ I/PRP ] 'm/VBP not/RB really/RB worried/VBN ./.","(S (S-ADV (NP-SBJ (-NONE- *)) (VP (TO To) (VP (VB tell) (NP (PRP you)) (NP (DT the) (NN truth))))) (, ,) (EDITED (RM (-DFL- \[)) (EDITED (RM (-DFL- \[)) (S (NP-SBJ (PRP I)) (VP-UNF (VBP 'm))) (, ,) (IP (-DFL- \+))) (S (NP-SBJ (PRP I)) (VP-UNF (VBP 'm))) (, ,) (RS (-DFL- \])) (IP (-DFL- \+))) (NP-SBJ (PRP I)) (VP (VBP 'm) (RS (-DFL- \])) (RB not) (ADJP-PRD (RB really) (VBN worried))) (. .) (-DFL- E_S))",183
sw05utt/sw_0595_2645.utt,2/sw2645,2645,123,b,B,66,1,Uh-huh.  /,[ Uh-huh/UH ] ./.,(INTJ (UH Uh-huh) (. .) (-DFL- E_S)),173
sw05utt/sw_0595_2645.utt,2/sw2645,2645,124,ba,B,66,2,That's great.  /,[ That/DT ] 's/BES great/JJ ./.,(S (NP-SBJ (DT That)) (VP (BES 's) (ADJP-PRD (JJ great))) (. .) (-DFL- E_S)),186
sw05utt/sw_0595_2645.utt,2/sw2645,2645,125,ba,B,66,3,That's good. /,[ That/DT ] 's/BES good/JJ ./.,(S (NP-SBJ (DT That)) (VP (BES 's) (ADJP-PRD (JJ good))) (. .) (-DFL- E_S)),187
sw05utt/sw_0595_2645.utt,2/sw2645,2645,126,sd,A,67,1,"[ {C And, } +  {C and } ]  I seem rather happy about it most of the time,","And/CC ,/, and/CC  [ I/PRP ] seem/VBP rather/RB happy/JJ about/IN  [ it/PRP ] most/RBS of/IN  [ the/DT time/NN ] ,/,","(S (EDITED (RM (-DFL- \[)) (CC And) (, ,) (IP (-DFL- \+))) (CC and) (RS (-DFL- \])) (NP-SBJ-3 (PRP I)) (VP (VBP seem) (ADJP-PRD (RB rather) (JJ happy) (PP (IN about) (NP (PRP it))) (S (-NONE- *ICH*-2))) (NP-TMP (NP (RBS most)) (PP (IN of) (NP (DT the) (NN time)))) (, ,) (S-2 (NP-SBJ (-NONE- *-3)) (EDITED (RM (-DFL- \[)) (ADVP (RB just)) (, ,) (IP (-DFL- \+))) (ADVP (RB just)) (RS (-DFL- \])) (VP (TO to) (VP (VB know) (, ,) (EDITED (SBAR (WHNP-1 (WP what) (X (BES 's)) (, ,) (NNS possibilities)) (S (NP-SBJ (-NONE- *T*-1)) (VP-UNF (VBP are))))) (PRN (, ,) (S (NP-SBJ (PRP you)) (VP (VBP know))) (, ,)) (SBAR (WHNP-4 (WP what)) (S (NP-SBJ (-NONE- *T*-4)) (VP (MD might) (VP (VB happen))))))))) (. .) (-DFL- E_S))",189
sw05utt/sw_0595_2645.utt,2/sw2645,2645,127,b,B,68,1,# Uh-huh. # /,[ Uh-huh/UH ] ./.,(INTJ (UH Uh-huh) (. .) (-DFL- E_S)),173
sw05utt/sw_0595_2645.utt,2/sw2645,2645,128,+,A,69,1,"# [ just, +  # just ] to know, what's, possibilities are,","just/RB ,/, just/RB to/TO know/VB ,/,  [ what/WP ] 's/BES ,/,  [ possibilities/NNS ] are/VBP ,/,","(S (EDITED (RM (-DFL- \[)) (CC And) (, ,) (IP (-DFL- \+))) (CC and) (RS (-DFL- \])) (NP-SBJ-3 (PRP I)) (VP (VBP seem) (ADJP-PRD (RB rather) (JJ happy) (PP (IN about) (NP (PRP it))) (S (-NONE- *ICH*-2))) (NP-TMP (NP (RBS most)) (PP (IN of) (NP (DT the) (NN time)))) (, ,) (S-2 (NP-SBJ (-NONE- *-3)) (EDITED (RM (-DFL- \[)) (ADVP (RB just)) (, ,) (IP (-DFL- \+))) (ADVP (RB just)) (RS (-DFL- \])) (VP (TO to) (VP (VB know) (, ,) (EDITED (SBAR (WHNP-1 (WP what) (X (BES 's)) (, ,) (NNS possibilities)) (S (NP-SBJ (-NONE- *T*-1)) (VP-UNF (VBP are))))) (PRN (, ,) (S (NP-SBJ (PRP you)) (VP (VBP know))) (, ,)) (SBAR (WHNP-4 (WP what)) (S (NP-SBJ (-NONE- *T*-4)) (VP (MD might) (VP (VB happen))))))))) (. .) (-DFL- E_S))",189
sw05utt/sw_0595_2645.utt,2/sw2645,2645,129,b,B,70,1,"# Sure,  /","Sure/UH ,/,","(INTJ (UH Sure) (, ,) (-DFL- E_S))",194
sw05utt/sw_0595_2645.utt,2/sw2645,2645,130,b,B,70,2,yeah. # /,yeah/UH ./.,(INTJ (UH yeah) (. .) (-DFL- E_S)),195
sw05utt/sw_0595_2645.utt,2/sw2645,2645,131,+,A,71,1,"# {D you know, } # what might happen. /","[ you/PRP ] know/VBP ,/,  [ what/WP ] might/MD happen/VB ./.","(S (EDITED (RM (-DFL- \[)) (CC And) (, ,) (IP (-DFL- \+))) (CC and) (RS (-DFL- \])) (NP-SBJ-3 (PRP I)) (VP (VBP seem) (ADJP-PRD (RB rather) (JJ happy) (PP (IN about) (NP (PRP it))) (S (-NONE- *ICH*-2))) (NP-TMP (NP (RBS most)) (PP (IN of) (NP (DT the) (NN time)))) (, ,) (S-2 (NP-SBJ (-NONE- *-3)) (EDITED (RM (-DFL- \[)) (ADVP (RB just)) (, ,) (IP (-DFL- \+))) (ADVP (RB just)) (RS (-DFL- \])) (VP (TO to) (VP (VB know) (, ,) (EDITED (SBAR (WHNP-1 (WP what) (X (BES 's)) (, ,) (NNS possibilities)) (S (NP-SBJ (-NONE- *T*-1)) (VP-UNF (VBP are))))) (PRN (, ,) (S (NP-SBJ (PRP you)) (VP (VBP know))) (, ,)) (SBAR (WHNP-4 (WP what)) (S (NP-SBJ (-NONE- *T*-4)) (VP (MD might) (VP (VB happen))))))))) (. .) (-DFL- E_S))",189
sw05utt/sw_0595_2645.utt,2/sw2645,2645,132,ba,B,72,1,Sometimes it's good just to have everything out on the table. /,Sometimes/RB  [ it/PRP ] 's/BES good/JJ just/RB to/TO have/VB  [ everything/NN ] out/IN on/IN  [ the/DT table/NN ] ./.,(S (ADVP-TMP (RB Sometimes)) (NP-SBJ (NP (PRP it)) (S (-NONE- *EXP*-1))) (VP (BES 's) (ADJP-PRD (JJ good)) (S-1 (NP-SBJ (-NONE- *)) (ADVP (RB just)) (VP (TO to) (VP (VB have) (NP (NN everything)) (PP (IN out) (PP (IN on) (NP (DT the) (NN table)))))))) (. .) (-DFL- E_S)),198
sw05utt/sw_0595_2645.utt,2/sw2645,2645,133,sd,A,73,1,"{C But } still in all,","But/CC still/RB in/IN  [ all/DT ] ,/,","(S (CC But) (ADVP (RB still) (PP (IN in) (NP (DT all)))) (, ,) (NP-SBJ (PRP it)) (VP (VBZ feels) (ADJP-PRD (JJ funny))) (. .) (-DFL- E_S))",200
sw05utt/sw_0595_2645.utt,2/sw2645,2645,134,sv,B,74,1,# It may be a blessing in disguise. # /,[ It/PRP ] may/MD be/VB  [ a/DT blessing/NN ] in/IN  [ disguise/NN ] ./.,(S (NP-SBJ (PRP It)) (VP (MD may) (VP (VB be) (NP-PRD (NP (DT a) (NN blessing)) (PP (IN in) (NP (NN disguise)))))) (. .) (-DFL- E_S)),202
sw05utt/sw_0595_2645.utt,2/sw2645,2645,135,+,A,75,1,# it feels funny.  # /,[ it/PRP ] feels/VBZ  [ funny/JJ ] ./.,"(S (CC But) (ADVP (RB still) (PP (IN in) (NP (DT all)))) (, ,) (NP-SBJ (PRP it)) (VP (VBZ feels) (ADJP-PRD (JJ funny))) (. .) (-DFL- E_S))",200
sw05utt/sw_0595_2645.utt,2/sw2645,2645,136,sd,B,76,1,"I know a number of people who are, {F uh, }  surplused  /","[ I/PRP ] know/VBP  [ a/DT number/NN ] of/IN  [ people/NNS ] [ who/WP ] are/VBP ,/,  [ uh/UH ] ,/, surplused/VBN","(S (NP-SBJ (PRP I)) (VP (VBP know) (NP (NP (DT a) (NN number)) (PP (IN of) (NP (NP (NNS people)) (SBAR (WHNP-1 (WP who)) (S (NP-SBJ (-NONE- *T*-1)) (VP (VBP are) (, ,) (INTJ (UH uh)) (, ,) (ADJP-PRD (VBN surplused))))))))) (-DFL- E_S))",205
sw05utt/sw_0595_2645.utt,2/sw2645,2645,137,%,B,76,2,"{C and } they're just, - /","and/CC  [ they/PRP ] 're/VBP just/RB ,/,","(S (CC and) (NP-SBJ (PRP they)) (VP-UNF (VBP 're) (ADVP (RB just))) (, ,) (-DFL- N_S))",206
sw05utt/sw_0595_2645.utt,2/sw2645,2645,138,sv,B,76,3,"actually, what the positions that they  found outside of the company were much, much better than the ones that they currently had inside. /","actually/RB ,/,  [ what/WP ] [ the/DT positions/NNS ] that/WDT  [ they/PRP ] found/VBD outside/IN of/IN  [ the/DT company/NN ] were/VBD much/RB ,/, much/RB better/RB than/IN  [ the/DT ones/NNS ] that/WDT  [ they/PRP ] currently/RB had/VBD  [ inside/RB ] ./.","(S (ADVP (RB actually)) (, ,) (EDITED (WHNP (WP what))) (NP-SBJ (NP (DT the) (NNS positions)) (SBAR (WHNP-1 (WDT that)) (S (NP-SBJ (PRP they)) (VP (VBD found) (NP (-NONE- *T*-1)) (PP-LOC (IN outside) (PP (IN of) (NP (DT the) (NN company)))))))) (VP (VBD were) (ADJP-PRD (ADJP (RB much) (, ,) (RB much) (RB better)) (PP (IN than) (NP (NP (DT the) (NNS ones)) (SBAR (WHNP-2 (WDT that)) (S (NP-SBJ (PRP they)) (ADVP-TMP (RB currently)) (VP (VBD had) (NP (-NONE- *T*-2)) (ADVP-DIR (RB inside))))))))) (. .) (-DFL- E_S))",207
sw05utt/sw_0595_2645.utt,2/sw2645,2645,139,sd,A,77,1,"{C So, } despite the fact that I should  be tying flies or fly fishing [ or, +  or ] going for walks in the mountains,","So/UH ,/, despite/IN  [ the/DT fact/NN ] that/IN  [ I/PRP ] should/MD be/VB tying/VBG  [ flies/NNS ] or/CC fly/NN fishing/VBG or/CC ,/, or/CC going/VBG for/IN  [ walks/NNS ] in/IN  [ the/DT mountains/NNS ] ,/,","(S (RB So) (, ,) (PP (IN despite) (NP (DT the) (NN fact) (SBAR (IN that) (S (NP-SBJ (PRP I)) (VP (MD should) (VP (VB be) (VP (VP (VBG tying) (NP (NNS flies))) (CC or) (VP (NN fly) (VBG fishing)) (EDITED (RM (-DFL- \[)) (CC or) (, ,) (IP (-DFL- \+))) (CC or) (RS (-DFL- \])) (VP (VBG going) (PP (IN for) (NP (NNS walks))) (PP-LOC (IN in) (NP (DT the) (NNS mountains))))))))))) (, ,) (NP-SBJ-1 (PRP I)) (VP (MD ca) (RB n't) (VP (VB seem) (S (NP-SBJ (-NONE- *-1)) (VP (TO to) (VP (VB get) (PP (IN into) (NP (PRP it))) (ADVP-TMP (RB right) (RB now))))))) (. .) (-DFL- E_S))",209
sw05utt/sw_0595_2645.utt,2/sw2645,2645,140,ba,B,78,1,# Exactly.  # /,Exactly/UH ./.,(INTJ (UH Exactly) (. .) (-DFL- E_S)),211
sw05utt/sw_0595_2645.utt,2/sw2645,2645,141,+,A,79,1,# I # can't seem to get into it right now. /,[ I/PRP ] ca/MD n't/RB seem/VB to/TO get/VB into/IN  [ it/PRP ] right/RB now/RB ./.,"(S (RB So) (, ,) (PP (IN despite) (NP (DT the) (NN fact) (SBAR (IN that) (S (NP-SBJ (PRP I)) (VP (MD should) (VP (VB be) (VP (VP (VBG tying) (NP (NNS flies))) (CC or) (VP (NN fly) (VBG fishing)) (EDITED (RM (-DFL- \[)) (CC or) (, ,) (IP (-DFL- \+))) (CC or) (RS (-DFL- \])) (VP (VBG going) (PP (IN for) (NP (NNS walks))) (PP-LOC (IN in) (NP (DT the) (NNS mountains))))))))))) (, ,) (NP-SBJ-1 (PRP I)) (VP (MD ca) (RB n't) (VP (VB seem) (S (NP-SBJ (-NONE- *-1)) (VP (TO to) (VP (VB get) (PP (IN into) (NP (PRP it))) (ADVP-TMP (RB right) (RB now))))))) (. .) (-DFL- E_S))",209
sw05utt/sw_0595_2645.utt,2/sw2645,2645,142,b,B,80,1,"Uh-huh,  /","[ Uh-huh/UH ] ,/,","(INTJ (UH Uh-huh) (, ,) (-DFL- E_S))",214
sw05utt/sw_0595_2645.utt,2/sw2645,2645,143,sv,B,80,2,"{D well, } I'm sure it's just  with [ [ [ the, + the, ] the, ] + the ] way that things are so topsy-turvy right now as soon as you [ dec-, +   decide ] on a  (( pass )) , -/","well/UH ,/,  [ I/PRP ] 'm/VBP sure/JJ  [ it/PRP ] 's/BES just/RB with/IN  [ the/DT ] ,/,  [ the/DT ] ,/,  [ the/DT ] ,/,  [ the/DT way/NN ] that/WDT  [ things/NNS ] are/VBP so/RB topsy-turvy/JJ right/RB now/RB as/IN soon/RB as/IN  [ you/PRP ] dec/VBP ,/, decide/VBP on/IN  [ a/DT pass/NN ] ,/,","(S (INTJ (UH well)) (, ,) (NP-SBJ (PRP I)) (VP (VBP 'm) (ADJP-PRD (JJ sure) (SBAR (-NONE- 0) (S (NP-SBJ (PRP it)) (VP (BES 's) (ADVP (RB just)) (S-UNF-PRD (PP (IN with) (EDITED (RM (-DFL- \[)) (EDITED (RM (-DFL- \[)) (EDITED (RM (-DFL- \[)) (NP-UNF (DT the)) (, ,) (IP (-DFL- \+))) (NP-UNF (DT the)) (, ,) (RS (-DFL- \]))) (NP-UNF (DT the)) (, ,) (RS (-DFL- \])) (IP (-DFL- \+))) (NP (NP (DT the) (RS (-DFL- \])) (NN way)) (SBAR (WHADVP-1 (WDT that)) (S (NP-SBJ (NNS things)) (VP (VBP are) (ADJP-PRD (RB so) (JJ topsy-turvy)) (ADVP-TMP (RB right) (RB now)) (ADVP-MNR (-NONE- *T*-1))))))) (ADVP-TMP (ADVP (IN as) (RB soon)) (SBAR (IN as) (S (NP-SBJ (PRP you)) (EDITED (RM (-DFL- \[)) (VP-UNF (VBP dec-)) (, ,) (IP (-DFL- \+))) (VP (VBP decide) (RS (-DFL- \])) (PP (IN on) (NP (DT a) (NN pass))))))))))))) (, ,) (-DFL- N_S))",215
sw05utt/sw_0595_2645.utt,2/sw2645,2645,144,%,A,81,1,"{F Uh, } situational.  /","[ Uh/UH ] ,/,  [ situational/JJ ] ./.","(FRAG (INTJ (UH Uh)) (, ,) (ADJP (JJ situational)) (. .) (-DFL- E_S))",217
sw05utt/sw_0595_2645.utt,2/sw2645,2645,145,sd,A,81,2,"[ I've, +  I doubt  I'll ] be here in six months. /","[ I/PRP ] 've/VBP ,/,  [ I/PRP ] doubt/VBP  [ I/PRP ] 'll/MD be/VB here/RB in/IN  [ six/CD months/NNS ] ./.","(S (EDITED (RM (-DFL- \[)) (S (NP-SBJ (PRP I)) (VP-UNF (VBP 've))) (, ,) (IP (-DFL- \+))) (NP-SBJ (PRP I)) (VP (VBP doubt) (SBAR (-NONE- 0) (S (NP-SBJ (PRP I)) (VP (MD 'll) (RS (-DFL- \])) (VP (VB be) (ADVP-LOC-PRD (RB here)) (PP-TMP (IN in) (NP (CD six) (NNS months)))))))) (. .) (-DFL- E_S))",218
sw05utt/sw_0595_2645.utt,2/sw2645,2645,146,b,B,82,1,Uh-huh.  /,[ Uh-huh/UH ] ./.,(INTJ (UH Uh-huh) (. .) (-DFL- E_S)),220
sw05utt/sw_0595_2645.utt,2/sw2645,2645,147,qy,B,82,2,"{D Well, } would you like to be there? /","Well/UH ,/, would/MD  [ you/PRP ] like/VB to/TO be/VB there/RB ?/.","(SQ (INTJ (UH Well)) (, ,) (MD would) (NP-SBJ-1 (PRP you)) (VP (VB like) (S (NP-SBJ (-NONE- *-1)) (VP (TO to) (VP (VB be) (ADVP-LOC-PRD (RB there)))))) (. ?) (-DFL- E_S))",221
sw05utt/sw_0595_2645.utt,2/sw2645,2645,148,%,A,83,1,"I, <breathing> - /","[ I/PRP ] ,/,","(S-UNF (NP-SBJ (PRP I)) (, ,) (-DFL- N_S))",223
sw05utt/sw_0595_2645.utt,2/sw2645,2645,149,na,A,83,2,"all things being equal, yes. /","[ all/DT things/NNS ] being/VBG  [ equal/JJ ] ,/, yes/UH ./.","(FRAG (S-ADV (NP-SBJ (DT all) (NNS things)) (VP (VBG being) (ADJP-PRD (JJ equal)))) (, ,) (INTJ (UH yes)) (. .) (-DFL- E_S))",224
sw05utt/sw_0595_2645.utt,2/sw2645,2645,150,b,B,84,1,Uh-huh. /,[ Uh-huh/UH ] ./.,(INTJ (UH Uh-huh) (. .) (-DFL- E_S)),220
sw05utt/sw_0595_2645.utt,2/sw2645,2645,151,sd^e,A,85,1,"[ [ {C But, } + {C or, } ] + {C or } ] even somewhere better, /","But/CC ,/, or/CC ,/, or/CC even/RB somewhere/RB  [ better/RBR ] ,/,","(FRAG (EDITED (RM (-DFL- \[)) (EDITED (RM (-DFL- \[)) (CC But) (, ,) (IP (-DFL- \+))) (CC or) (, ,) (RS (-DFL- \])) (IP (-DFL- \+))) (CC or) (RS (-DFL- \])) (ADVP (RB even)) (ADVP-LOC (ADVP (RB somewhere)) (ADJP (RBR better))) (, ,) (-DFL- E_S))",228
sw05utt/sw_0595_2645.utt,2/sw2645,2645,152,ba,B,86,1,# Sure.  # /,[ Sure/UH ] ./.,(INTJ (UH Sure) (. .) (-DFL- E_S)),230
sw05utt/sw_0595_2645.utt,2/sw2645,2645,153,sv,A,87,1,"# {C but, } # God this is much better than west Texas. /","but/CC ,/,  [ God/UH ] [ this/DT ] is/VBZ much/RB better/JJR than/IN  [ west/JJ Texas/NNP ] ./.","(S (CC but) (, ,) (INTJ (UH God)) (NP-SBJ (DT this)) (VP (VBZ is) (ADJP-PRD (ADJP (RB much) (JJR better)) (PP (IN than) (NP (JJ west) (NNP Texas))))) (. .) (-DFL- E_S))",232
sw05utt/sw_0595_2645.utt,2/sw2645,2645,154,b,B,88,1,Uh-huh <laughter>.  /,[ Uh-huh/UH ] ./.,(INTJ (UH Uh-huh) (. .) (-DFL- E_S)),220
sw05utt/sw_0595_2645.utt,2/sw2645,2645,155,%,B,88,2,"{D Well, } just take the day, -/","Well/UH ,/, just/RB take/VB  [ the/DT day/NN ] ,/,","(S-IMP (INTJ (UH Well)) (, ,) (NP-SBJ (-NONE- *)) (ADVP (RB just)) (VP-UNF (VB take) (NP (DT the) (NN day))) (, ,) (-DFL- N_S))",235
sw05utt/sw_0595_2645.utt,2/sw2645,2645,156,sd,A,89,1,"{C But   then } [ they, + they ]  tell me Hell is much better than west Texas. /","But/CC then/RB  [ they/PRP ] ,/,  [ they/PRP ] tell/VBP  [ me/PRP ] [ Hell/NNP ] is/VBZ much/RB better/JJR than/IN  [ west/JJ Texas/NNP ] ./.","(S (CONJP (CC But) (RB then)) (EDITED (RM (-DFL- \[)) (NP-SBJ (PRP they)) (, ,) (IP (-DFL- \+))) (NP-SBJ (PRP they)) (RS (-DFL- \])) (VP (VBP tell) (NP (PRP me)) (SBAR (-NONE- 0) (S (NP-SBJ (NNP Hell)) (VP (VBZ is) (ADJP-PRD (ADJP (RB much) (JJR better)) (PP (IN than) (NP (JJ west) (NNP Texas)))))))) (. .) (-DFL- E_S))",237
sw05utt/sw_0595_2645.utt,2/sw2645,2645,157,sv,B,90,1,"<Laughter>  {D Well, } actually, {F uh, }  [ the, +  the ] Plano, Dallas, Houston, {D you know, } Austin that whole area [ is, +  is ]  actually [ quite, + quite ] nice. /","Well/UH ,/, actually/RB ,/,  [ uh/UH ] ,/,  [ the/DT ] ,/,  [ the/DT Plano/NNP ] ,/,  [ Dallas/NNP ] ,/,  [ Houston/NNP ] ,/,  [ you/PRP ] know/VBP ,/,  [ Austin/NNP ] that/DT  [ whole/JJ area/NN ] is/VBZ ,/, is/VBZ actually/RB quite/RB ,/, quite/RB nice/JJ ./.","(S (INTJ (UH Well)) (, ,) (INTJ (RB actually)) (, ,) (INTJ (UH uh)) (, ,) (EDITED (RM (-DFL- \[)) (NP-SBJ-UNF (DT the)) (, ,) (IP (-DFL- \+))) (EDITED (NP-SBJ-UNF (DT the) (RS (-DFL- \])) (NNP Plano) (, ,) (NNP Dallas) (, ,) (NNP Houston) (PRN (, ,) (S (NP-SBJ (PRP you)) (VP (VBP know))) (, ,)) (NNP Austin))) (NP-SBJ (DT that) (JJ whole) (NN area)) (EDITED (RM (-DFL- \[)) (VP-UNF (VBZ is)) (, ,) (IP (-DFL- \+))) (VP (VBZ is) (RS (-DFL- \])) (ADVP (RB actually)) (EDITED (RM (-DFL- \[)) (ADJP-PRD-UNF (RB quite)) (, ,) (IP (-DFL- \+))) (ADJP-PRD (RB quite) (RS (-DFL- \])) (JJ nice))) (. .) (-DFL- E_S))",239
sw05utt/sw_0595_2645.utt,2/sw2645,2645,158,sd,A,91,1,"[ I, +  my ] little brother lives in Austin right now. /","[ I/PRP ] ,/,  [ my/PRP$ little/JJ brother/NN lives/NNS ] in/IN  [ Austin/NNP ] right/RB now/RB ./.","(S (EDITED (RM (-DFL- \[)) (NP-SBJ (PRP I)) (, ,) (IP (-DFL- \+))) (NP-SBJ (PRP$ my) (RS (-DFL- \])) (JJ little) (NN brother)) (VP (NNS lives) (PP-LOC (IN in) (NP (NNP Austin))) (ADVP-TMP (RB right) (RB now))) (. .) (-DFL- E_S))",241
sw05utt/sw_0595_2645.utt,2/sw2645,2645,159,sd,B,92,1,"{F Oh, } that's a beautiful place. /","Oh/UH ,/,  [ that/DT ] 's/BES  [ a/DT beautiful/JJ place/NN ] ./.","(S (INTJ (UH Oh)) (, ,) (NP-SBJ (DT that)) (VP (BES 's) (NP-PRD (DT a) (JJ beautiful) (NN place))) (. .) (-DFL- E_S))",243
sw05utt/sw_0595_2645.utt,2/sw2645,2645,160,sd,A,93,1,Goes to U T. /,Goes/VBZ to/IN  [ U/NNP T/NNP ] ./.,(S (NP-SBJ (-NONE- *)) (VP (VBZ Goes) (PP (IN to) (NP (NNP U) (NNP T)))) (. .) (-DFL- E_S)),245
sw05utt/sw_0595_2645.utt,2/sw2645,2645,161,b,B,94,1,Uh-huh.  /,[ Uh-huh/UH ] ./.,(INTJ (UH Uh-huh) (. .) (-DFL- E_S)),220
sw05utt/sw_0595_2645.utt,2/sw2645,2645,162,sd,B,94,2,That's just fantastic down there.  /,[ That/DT ] 's/BES just/RB fantastic/JJ down/IN there/RB ./.,(S (NP-SBJ (DT That)) (VP (BES 's) (ADJP-PRD (RB just) (JJ fantastic)) (PP-LOC (IN down) (ADVP (RB there)))) (. .) (-DFL- E_S)),248
sw05utt/sw_0595_2645.utt,2/sw2645,2645,163,%,B,94,3,"Take it more as a, - /","Take/VB  [ it/PRP ] more/JJR as/IN  [ a/DT ] ,/,","(S-IMP (NP-SBJ (-NONE- *)) (VP (VB Take) (NP (PRP it)) (ADVP (JJR more)) (PP (IN as) (NP-UNF (DT a)))) (, ,) (-DFL- N_S))",249
sw05utt/sw_0595_2645.utt,2/sw2645,2645,164,sv,B,94,4,"this is your opportunity to do whatever you want,  /","[ this/DT ] is/VBZ  [ your/PRP$ opportunity/NN ] to/TO do/VB  [ whatever/WDT ] [ you/PRP ] want/VBP ,/,","(S (NP-SBJ (DT this)) (VP (VBZ is) (NP-PRD (PRP$ your) (NN opportunity) (S (NP-SBJ (-NONE- *)) (VP (TO to) (VP (VB do) (SBAR-NOM (WHNP-1 (WDT whatever)) (S (NP-SBJ (PRP you)) (VP (VBP want) (NP (-NONE- *T*-1)))))))))) (, ,) (-DFL- E_S))",250
sw05utt/sw_0595_2645.utt,2/sw2645,2645,165,ad,B,94,5,"pick out where you want to live,  /","pick/VB out/RP where/WRB  [ you/PRP ] want/VBP to/TO live/VB ,/,","(S-IMP (NP-SBJ (-NONE- *)) (VP (VB pick) (PRT (RP out)) (SBAR (WHADVP-2 (WRB where)) (S (NP-SBJ-1 (PRP you)) (VP (VBP want) (S (NP-SBJ (-NONE- *-1)) (VP (TO to) (VP (VB live) (ADVP-LOC (-NONE- *T*-2))))))))) (, ,) (-DFL- E_S))",251
sw05utt/sw_0595_2645.utt,2/sw2645,2645,166,ad,B,94,6,"{C and then } once you pick that spot out, pick out what you want to do. /","and/CC then/RB once/IN  [ you/PRP ] pick/VBP  [ that/DT spot/NN ] out/RP ,/, pick/VB out/RP  [ what/WP ] [ you/PRP ] want/VBP to/TO do/VB ./.","(S-IMP (CONJP (CC and) (RB then)) (SBAR-TMP (IN once) (S (NP-SBJ (PRP you)) (VP (VBP pick) (NP (DT that) (NN spot)) (PRT (RP out))))) (, ,) (NP-SBJ (-NONE- *)) (VP (VB pick) (PRT (RP out)) (SBAR (WHNP-1 (WP what)) (S (NP-SBJ-2 (PRP you)) (VP (VBP want) (S (NP-SBJ (-NONE- *-2)) (VP (TO to) (VP (VB do) (NP (-NONE- *T*-1))))))))) (. .) (-DFL- E_S))",252
sw05utt/sw_0595_2645.utt,2/sw2645,2645,167,sd,A,95,1,"I <breathing>, {D see } that's the problem.  /","[ I/PRP ] ,/, see/VBP  [ that/DT ] 's/BES  [ the/DT problem/NN ] ./.","(S (EDITED (NP-SBJ (PRP I))) (, ,) (INTJ (VBP see)) (NP-SBJ (DT that)) (VP (BES 's) (NP-PRD (DT the) (NN problem))) (. .) (-DFL- E_S))",254
sw05utt/sw_0595_2645.utt,2/sw2645,2645,168,sd,A,95,2,"For the last many years I've more or less let them direct what I want to do,","For/IN  [ the/DT last/JJ many/JJ years/NNS I/PRP ] 've/VBP more/RBR or/CC less/RBR let/VB  [ them/PRP ] direct/VB  [ what/WP ] [ I/PRP ] want/VBP to/TO do/VB ,/,","(S (PP-TMP (IN For) (NP (DT the) (JJ last) (JJ many) (NNS years))) (NP-SBJ (PRP I)) (VP (VP (VBP 've) (ADVP (RBR more) (CC or) (RBR less)) (VP (VB let) (S (NP-SBJ (PRP them)) (VP (VB direct) (SBAR (SBAR (WHNP-2 (WP what)) (S (NP-SBJ-1 (PRP I)) (VP (VBP want) (S (NP-SBJ (-NONE- *-1)) (VP (TO to) (VP (VB do) (NP (-NONE- *T*-2)))))))) (, ,) (CC and) (SBAR (WHADVP-4 (WRB where)) (S (NP-SBJ-3 (PRP I)) (VP (VBP want) (S (NP-SBJ (-NONE- *-3)) (VP (TO to) (VP (VB go) (ADVP-DIR (-NONE- *T*-4))))))))))))) (. .) (CC And) (ADVP (RB just)) (ADVP (RB kind) (RB of)) (VP (VB go) (PP (IN with) (NP (DT the) (NNS punches))))) (. .) (-DFL- E_S))",255
sw05utt/sw_0595_2645.utt,2/sw2645,2645,169,b,B,96,1,# Uh-huh. # /,[ Uh-huh/UH ] ./.,(INTJ (UH Uh-huh) (. .) (-DFL- E_S)),226
sw05utt/sw_0595_2645.utt,2/sw2645,2645,170,+,A,97,1,# and # where I want to go.,and/CC where/WRB  [ I/PRP ] want/VBP to/TO go/VB ./.,"(S (PP-TMP (IN For) (NP (DT the) (JJ last) (JJ many) (NNS years))) (NP-SBJ (PRP I)) (VP (VP (VBP 've) (ADVP (RBR more) (CC or) (RBR less)) (VP (VB let) (S (NP-SBJ (PRP them)) (VP (VB direct) (SBAR (SBAR (WHNP-2 (WP what)) (S (NP-SBJ-1 (PRP I)) (VP (VBP want) (S (NP-SBJ (-NONE- *-1)) (VP (TO to) (VP (VB do) (NP (-NONE- *T*-2)))))))) (, ,) (CC and) (SBAR (WHADVP-4 (WRB where)) (S (NP-SBJ-3 (PRP I)) (VP (VBP want) (S (NP-SBJ (-NONE- *-3)) (VP (TO to) (VP (VB go) (ADVP-DIR (-NONE- *T*-4))))))))))))) (. .) (CC And) (ADVP (RB just)) (ADVP (RB kind) (RB of)) (VP (VB go) (PP (IN with) (NP (DT the) (NNS punches))))) (. .) (-DFL- E_S))",255
sw05utt/sw_0595_2645.utt,2/sw2645,2645,171,b,B,98,1,Uh-huh. /,[ Uh-huh/UH ] ./.,(INTJ (UH Uh-huh) (. .) (-DFL- E_S)),234
sw05utt/sw_0595_2645.utt,2/sw2645,2645,172,+,A,99,1,And just kind of go with the punches. /,And/CC just/RB  [ kind/RB ] of/RB  [ go/VB ] with/IN  [ the/DT punches/NNS ] ./.,"(S (PP-TMP (IN For) (NP (DT the) (JJ last) (JJ many) (NNS years))) (NP-SBJ (PRP I)) (VP (VP (VBP 've) (ADVP (RBR more) (CC or) (RBR less)) (VP (VB let) (S (NP-SBJ (PRP them)) (VP (VB direct) (SBAR (SBAR (WHNP-2 (WP what)) (S (NP-SBJ-1 (PRP I)) (VP (VBP want) (S (NP-SBJ (-NONE- *-1)) (VP (TO to) (VP (VB do) (NP (-NONE- *T*-2)))))))) (, ,) (CC and) (SBAR (WHADVP-4 (WRB where)) (S (NP-SBJ-3 (PRP I)) (VP (VBP want) (S (NP-SBJ (-NONE- *-3)) (VP (TO to) (VP (VB go) (ADVP-DIR (-NONE- *T*-4))))))))))))) (. .) (CC And) (ADVP (RB just)) (ADVP (RB kind) (RB of)) (VP (VB go) (PP (IN with) (NP (DT the) (NNS punches))))) (. .) (-DFL- E_S))",255
sw05utt/sw_0595_2645.utt,2/sw2645,2645,173,ba,B,100,1,Sure. /,[ Sure/UH ] ./.,(INTJ (UH Sure) (. .) (-DFL- E_S)),263
sw05utt/sw_0595_2645.utt,2/sw2645,2645,174,sd,A,101,1,{C And } now I feel lost. /,And/CC now/RB  [ I/PRP ] feel/VBP lost/JJ ./.,(S (CC And) (ADVP-TMP (RB now)) (NP-SBJ (PRP I)) (VP (VBP feel) (ADJP-PRD (JJ lost))) (. .) (-DFL- E_S)),265
sw05utt/sw_0595_2645.utt,2/sw2645,2645,175,b,B,102,1,Uh-huh.  /,[ Uh-huh/UH ] ./.,(INTJ (UH Uh-huh) (. .) (-DFL- E_S)),247
sw05utt/sw_0595_2645.utt,2/sw2645,2645,176,b,B,102,2,"Yeah,  /","Yeah/UH ,/,","(INTJ (UH Yeah) (, ,) (-DFL- E_S))",268
sw05utt/sw_0595_2645.utt,2/sw2645,2645,177,%,B,102,3,"that's a, - /","[ that/DT ] 's/BES  [ a/DT ] ,/,","(S (NP-SBJ (DT that)) (VP (BES 's) (NP-PRD-UNF (DT a))) (, ,) (-DFL- N_S))",269
sw05utt/sw_0595_2645.utt,2/sw2645,2645,178,qy^g,B,102,4,"[ it, + it ] takes a bit of a shift doesn't it. /","[ it/PRP ] ,/,  [ it/PRP ] takes/VBZ  [ a/DT bit/NN ] of/IN  [ a/DT shift/NN ] does/VBZ n't/RB  [ it/PRP ] ./.","(SQ (S (EDITED (RM (-DFL- \[)) (NP-SBJ (PRP it)) (, ,) (IP (-DFL- \+))) (NP-SBJ (PRP it)) (RS (-DFL- \])) (VP (VBZ takes) (NP (NP (DT a) (NN bit)) (PP (IN of) (NP (DT a) (NN shift)))))) (SQ (VBZ does) (RB n't) (NP-SBJ (PRP it))) (. .) (-DFL- E_S))",270
sw05utt/sw_0595_2645.utt,2/sw2645,2645,179,no,A,103,1,"{F Oh, } I had job offers. /","Oh/UH ,/,  [ I/PRP ] had/VBD  [ job/NN ] offers/NNS ./.","(S (INTJ (UH Oh)) (, ,) (NP-SBJ (PRP I)) (VP (VBD had) (NP (NN job) (NNS offers))) (. .) (-DFL- E_S))",272
sw05utt/sw_0595_2645.utt,2/sw2645,2645,180,b,B,104,1,Uh-huh. /,[ Uh-huh/UH ] ./.,(INTJ (UH Uh-huh) (. .) (-DFL- E_S)),247
sw05utt/sw_0595_2645.utt,2/sw2645,2645,181,sd,A,105,1,"{C But, } <breathing> I never found  the one that was worth it for me to leave.  /","But/CC ,/,  [ I/PRP ] never/RB found/VBD  [ the/DT one/NN ] [ that/WDT ] was/VBD worth/JJ  [ it/PRP ] for/IN  [ me/PRP ] to/TO leave/VB ./.","(S (CC But) (, ,) (NP-SBJ (PRP I)) (ADVP-TMP (RB never)) (VP (VBD found) (NP (NP (DT the) (NN one)) (SBAR (WHNP-1 (WDT that)) (S (NP-SBJ (-NONE- *T*-1)) (VP (VBD was) (ADJP-PRD (JJ worth) (NP (PRP it))) (X (SBAR (IN for) (S (NP-SBJ (PRP me)) (VP (TO to) (VP (VB leave))))))))))) (. .) (-DFL- E_S))",276
sw05utt/sw_0595_2645.utt,2/sw2645,2645,182,%,A,105,2,"{C And } that, -/","And/CC  [ that/DT ] ,/,","(S-UNF (CC And) (NP-SBJ (DT that)) (, ,) (-DFL- N_S))",277
sw05utt/sw_0595_2645.utt,2/sw2645,2645,183,b,B,106,1,Uh-huh.  /,[ Uh-huh/UH ] ./.,(INTJ (UH Uh-huh) (. .) (-DFL- E_S)),247
sw05utt/sw_0595_2645.utt,2/sw2645,2645,184,sv,B,106,2,"{D Well, } the best thing  about it is that you can, {F uh, } try something  /","Well/UH ,/,  [ the/DT best/JJS thing/NN ] about/IN  [ it/PRP ] is/VBZ that/IN  [ you/PRP ] can/MD ,/,  [ uh/UH ] ,/, try/VB  [ something/NN ]","(S (INTJ (UH Well)) (, ,) (NP-SBJ (NP (DT the) (JJS best) (NN thing)) (PP (IN about) (NP (PRP it)))) (VP (VBZ is) (SBAR-PRD (IN that) (S (NP-SBJ (PRP you)) (VP (MD can) (, ,) (INTJ (UH uh)) (, ,) (VP (VB try) (NP (NN something))))))) (-DFL- E_S))",280
sw05utt/sw_0595_2645.utt,2/sw2645,2645,185,ad,B,106,3,"if you don't like it, shoot, move on to something else.  /","if/IN  [ you/PRP ] do/VBP n't/RB like/VB  [ it/PRP ] ,/, shoot/UH ,/, move/VB on/IN to/IN  [ something/NN ] else/RB ./.","(S-IMP (SBAR-ADV (IN if) (S (NP-SBJ (PRP you)) (VP (VBP do) (RB n't) (VP (VB like) (NP (PRP it)))))) (, ,) (INTJ (UH shoot)) (, ,) (NP-SBJ (-NONE- *)) (VP (VB move) (PP (IN on) (PP (IN to) (NP (NP (NN something)) (ADVP (RB else)))))) (. .) (-DFL- E_S))",281
sw05utt/sw_0595_2645.utt,2/sw2645,2645,186,sd,B,106,4,"That's the way  (( I would have ))  looked at the whole thing here,  /","[ That/DT ] 's/BES  [ the/DT way/NN ] [ I/PRP ] would/MD have/VB looked/VBD at/IN  [ the/DT whole/JJ thing/NN ] here/RB ,/,","(S (NP-SBJ (DT That)) (VP (BES 's) (NP-PRD (NP (DT the) (NN way)) (SBAR (WHADVP-1 (-NONE- 0)) (S (NP-SBJ (PRP I)) (VP (MD would) (VP (VB have) (VP (VBD looked) (PP (IN at) (NP (DT the) (JJ whole) (NN thing))) (ADVP (RB here)) (ADVP-MNR (-NONE- *T*-1))))))))) (, ,) (-DFL- E_S))",282
sw05utt/sw_0595_2645.utt,2/sw2645,2645,187,sd,B,106,5,"I'll take a chance,  /","[ I/PRP ] 'll/MD take/VB  [ a/DT chance/NN ] ,/,","(S (NP-SBJ (PRP I)) (VP (MD 'll) (VP (VB take) (NP (DT a) (NN chance)))) (, ,) (-DFL- E_S))",283
sw05utt/sw_0595_2645.utt,2/sw2645,2645,188,sd,B,106,6,"if I don't like it, I'll go someplace else, do something different. /","if/IN  [ I/PRP ] do/VBP n't/RB like/VB  [ it/PRP ] ,/,  [ I/PRP ] 'll/MD go/VB someplace/RB else/RB ,/, do/VBP  [ something/NN ] different/JJ ./.","(S (SBAR-ADV (IN if) (S (NP-SBJ (PRP I)) (VP (VBP do) (RB n't) (VP (VB like) (NP (PRP it)))))) (, ,) (NP-SBJ (PRP I)) (VP (MD 'll) (VP (VP (VB go) (ADVP-DIR (RB someplace) (RB else))) (, ,) (VP (VBP do) (NP (NP (NN something)) (ADJP (JJ different)))))) (. .) (-DFL- E_S))",284
sw05utt/sw_0595_2645.utt,2/sw2645,2645,189,qy,A,107,1,"{F Oh } {D so, } had you been with T I long when you changed? /","Oh/UH so/RB ,/, had/VBD you/PRP been/VBN with/IN  [ T/NNP I/NNP ] long/RB when/WRB  [ you/PRP ] changed/VBD ?/.","(SQ (INTJ (UH Oh)) (INTJ (UH so)) (, ,) (VBD had) (NP-SBJ (PRP you)) (VP (VBN been) (PP-PRD (IN with) (NP (NNP T) (NNP I))) (ADVP-TMP (RB long)) (SBAR-TMP (WHADVP-1 (WRB when)) (S (NP-SBJ (PRP you)) (VP (VBD changed) (ADVP-TMP (-NONE- *T*-1)))))) (. ?) (-DFL- E_S))",286
sw05utt/sw_0595_2645.utt,2/sw2645,2645,190,no,B,108,1,Five years. /,[ Five/CD years/NNS ] ./.,(NP (CD Five) (NNS years) (. .) (-DFL- E_S)),288
sw05utt/sw_0595_2645.utt,2/sw2645,2645,191,sv@,A,109,1,"{F Huh. }  {D Well, } there's a noticeable difference there. /  *[[two utts?]]","Huh/UH ./.  Well/UH ,/,  [ there/EX ] 's/BES  [ a/DT noticeable/JJ difference/NN ] there/RB ./.","(S (INTJ (UH Huh)) (. .) (INTJ (UH Well)) (, ,) (NP-SBJ (EX there)) (VP (BES 's) (NP-PRD (DT a) (JJ noticeable) (NN difference)) (ADVP (RB there))) (. .) (-DFL- E_S))",290
sw05utt/sw_0595_2645.utt,2/sw2645,2645,192,b,B,110,1,Yeah. /,Yeah/UH ./.,(INTJ (UH Yeah) (. .) (-DFL- E_S)),292
sw05utt/sw_0595_2645.utt,2/sw2645,2645,193,sd,A,111,1,I've been with them sixteen. /,[ I/PRP ] 've/VBP been/VBN with/IN  [ them/PRP ] [ sixteen/CD ] ./.,(S (NP-SBJ (PRP I)) (VP (VBP 've) (VP (VBN been) (PP-PRD (IN with) (NP (PRP them))) (NP-TMP (CD sixteen)))) (. .) (-DFL- E_S)),294
sw05utt/sw_0595_2645.utt,2/sw2645,2645,194,b,B,112,1,"Yeah,  /","[ Yeah/UH ] ,/,","(INTJ (UH Yeah) (, ,) (-DFL- E_S))",268
sw05utt/sw_0595_2645.utt,2/sw2645,2645,195,sv,B,112,2,"I can imagine, {D you know, }  the longer and longer it goes, -/","[ I/PRP ] can/MD imagine/VB ,/,  [ you/PRP ] know/VBP ,/,  [ the/DT ] longer/RB and/CC longer/RB  [ it/PRP ] goes/VBZ ,/,","(S (NP-SBJ (PRP I)) (VP (MD can) (VP (VB imagine) (PRN (, ,) (S (NP-SBJ (PRP you)) (VP (VBP know))) (, ,)) (SBAR (-NONE- 0) (S-UNF (ADVP (ADVP (DT the) (RB longer) (CC and) (RB longer)) (SBAR (WHADVP-1 (-NONE- 0)) (S (NP-SBJ (PRP it)) (VP (VBZ goes) (ADVP (-NONE- *T*-1)))))))))) (, ,) (-DFL- N_S))",297
sw05utt/sw_0595_2645.utt,2/sw2645,2645,196,sd,A,113,1,"Actually, seventeen now,  /","Actually/RB ,/,  [ seventeen/CD ] now/RB ,/,","(FRAG (ADVP (RB Actually)) (, ,) (NP (CD seventeen)) (ADVP-TMP (RB now)) (, ,) (-DFL- E_S))",299
sw05utt/sw_0595_2645.utt,2/sw2645,2645,197,aa,A,113,2,"{C and, } {F oh, } yeah,  /","and/CC ,/, oh/UH ,/, yeah/UH ,/,","(S-UNF (CC and) (, ,) (INTJ (UH oh)) (, ,) (INTJ (UH yeah)) (, ,) (-DFL- E_S))",300
sw05utt/sw_0595_2645.utt,2/sw2645,2645,198,sv,A,113,3,"momentum is, {F uh, }   driving force in our lives. /","[ momentum/NN ] is/VBZ ,/,  [ uh/^DT ]  ,/, driving/VBG  [ force/NN ] in/IN  [ our/PRP$ lives/NNS ] ./.","(S (NP-SBJ (NN momentum)) (VP (VBZ is) (, ,) (NP-PRD (TYPO (^DT uh)) (, ,) (VBG driving) (NN force)) (PP (IN in) (NP (PRP$ our) (NNS lives)))) (. .) (-DFL- E_S))",301
sw05utt/sw_0595_2645.utt,2/sw2645,2645,199,b,B,114,1,Uh-huh. /,[ Uh-huh/UH ] ./.,(INTJ (UH Uh-huh) (. .) (-DFL- E_S)),267
sw05utt/sw_0595_2645.utt,2/sw2645,2645,200,%,A,115,1,"[ {C But } +  <breathing>, {C so, } ] yeah,  /","But/CC ,/, so/UH ,/, yeah/UH ,/,","(S-UNF (EDITED (RM (-DFL- \[)) (CC But) (IP (-DFL- \+))) (, ,) (RB so) (, ,) (RS (-DFL- \])) (INTJ (UH yeah)) (, ,) (-DFL- E_S))",305
sw05utt/sw_0595_2645.utt,2/sw2645,2645,201,sd,A,115,2,"I'm looking [ as, +  as ] a opportunity. /","[ I/PRP ] 'm/VBP looking/VBG as/IN ,/, as/IN  [ a/DT opportunity/NN ] ./.","(S (NP-SBJ (PRP I)) (VP (VBP 'm) (VP (VBG looking) (X (EDITED (RM (-DFL- \[)) (PP-UNF (IN as)) (, ,) (IP (-DFL- \+))) (PP (IN as) (RS (-DFL- \])) (NP (DT a) (NN opportunity)))))) (. .) (-DFL- E_S))",306
sw05utt/sw_0595_2645.utt,2/sw2645,2645,202,ba,B,116,1,"{D Well, } that's good,  /","Well/UH ,/,  [ that/DT ] 's/BES good/JJ ,/,","(S (INTJ (UH Well)) (, ,) (NP-SBJ (DT that)) (VP (BES 's) (ADJP-PRD (JJ good))) (, ,) (-DFL- E_S))",308
sw05utt/sw_0595_2645.utt,2/sw2645,2645,203,sv,B,116,2,you've got a good attitude about it. /,[ you/PRP ] 've/VBP got/VBN  [ a/DT good/JJ attitude/NN ] about/IN  [ it/PRP ] ./.,(S (NP-SBJ (PRP you)) (VP (VBP 've) (VP (VBN got) (NP (NP (DT a) (JJ good) (NN attitude)) (PP (IN about) (NP (PRP it)))))) (. .) (-DFL- E_S)),309
sw05utt/sw_0595_2645.utt,2/sw2645,2645,204,sd,A,117,1,"[ {C And, } + {C and } ] I'm looking at it as a change. /","And/CC ,/, and/CC  [ I/PRP ] 'm/VBP looking/VBG at/IN  [ it/PRP ] as/IN  [ a/DT change/NN ] ./.","(S (EDITED (RM (-DFL- \[)) (CC And) (, ,) (IP (-DFL- \+))) (CC and) (RS (-DFL- \])) (NP-SBJ (PRP I)) (VP (VBP 'm) (VP (VBG looking) (PP (IN at) (NP (PRP it))) (PP (IN as) (NP (DT a) (NN change))))) (. .) (-DFL- E_S))",311
sw05utt/sw_0595_2645.utt,2/sw2645,2645,205,b,B,118,1,Uh-huh. /,[ Uh-huh/UH ] ./.,(INTJ (UH Uh-huh) (. .) (-DFL- E_S)),279
sw05utt/sw_0595_2645.utt,2/sw2645,2645,206,sd,A,119,1,"{C And } I'm looking at it [ as, +  as ] an adventure. /","And/CC  [ I/PRP ] 'm/VBP looking/VBG at/IN  [ it/PRP ] as/IN ,/, as/IN  [ an/DT adventure/NN ] ./.","(S (CC And) (NP-SBJ (PRP I)) (VP (VBP 'm) (VP (VBG looking) (PP (IN at) (NP (PRP it))) (EDITED (RM (-DFL- \[)) (PP-UNF (IN as)) (, ,) (IP (-DFL- \+))) (PP (IN as) (RS (-DFL- \])) (NP (DT an) (NN adventure))))) (. .) (-DFL- E_S))",315
sw05utt/sw_0595_2645.utt,2/sw2645,2645,207,ba,B,120,1,"Right,  /","Right/UH ,/,","(INTJ (UH Right) (, ,) (-DFL- E_S))",317
sw05utt/sw_0595_2645.utt,2/sw2645,2645,208,ba,B,120,2,there you go.  /,there/RB  [ you/PRP ] go/VBP ./.,(S (ADVP-TPC-1 (RB there)) (NP-SBJ (PRP you)) (VP (VBP go) (ADVP (-NONE- *T*-1))) (. .) (-DFL- E_S)),318
sw05utt/sw_0595_2645.utt,2/sw2645,2645,209,ba,B,120,3,That's the way to do it. /,[ That/DT ] 's/BES  [ the/DT way/NN ] to/TO do/VB  [ it/PRP ] ./.,(S (NP-SBJ (DT That)) (VP (BES 's) (NP-PRD (NP (DT the) (NN way)) (SBAR (WHADVP-1 (-NONE- 0)) (S (NP-SBJ (-NONE- *)) (VP (TO to) (VP (VB do) (NP (PRP it)) (ADVP-MNR (-NONE- *T*-1)))))))) (. .) (-DFL- E_S)),319
sw05utt/sw_0595_2645.utt,2/sw2645,2645,210,sd,A,121,1,{C And } maybe I'll wet a fly line this year  and do some camping if I don't get laid off between now and then. /,And/CC maybe/RB  [ I/PRP ] 'll/MD wet/VB  [ a/DT fly/NN line/NN ] [ this/DT year/NN ] and/CC do/VB  [ some/DT ] camping/NN if/IN  [ I/PRP ] do/VBP n't/RB get/VB laid/VBN off/RP between/IN  now/RB and/CC then/RB ./.,(S (CC And) (ADVP (RB maybe)) (NP-SBJ (PRP I)) (VP (MD 'll) (VP (VP (VB wet) (NP (DT a) (NN fly) (NN line)) (NP-TMP (DT this) (NN year))) (CC and) (VP (VB do) (NP (DT some) (NN camping))) (SBAR-ADV (IN if) (S (NP-SBJ-1 (PRP I)) (VP (VBP do) (RB n't) (VP (VB get) (VP (VBN laid) (NP (-NONE- *-1)) (PRT (RP off)) (PP-TMP (IN between) (ADVP (RB now) (CC and) (RB then)))))))))) (. .) (-DFL- E_S)),321
sw05utt/sw_0595_2645.utt,2/sw2645,2645,211,ba,B,122,1,"There you go,  /","There/RB  [ you/PRP ] go/VBP ,/,","(S (ADVP-TPC-1 (RB There)) (NP-SBJ (PRP you)) (VP (VBP go) (ADVP (-NONE- *T*-1))) (, ,) (-DFL- E_S))",323
sw05utt/sw_0595_2645.utt,2/sw2645,2645,212,ba,B,122,2,that's the thing to do.  /,[ that/DT ] 's/BES  [ the/DT thing/NN ] to/TO do/VB ./.,(S (NP-SBJ (DT that)) (VP (BES 's) (NP-PRD (NP (DT the) (NN thing)) (SBAR (WHNP-1 (-NONE- 0)) (S (NP-SBJ (-NONE- *)) (VP (TO to) (VP (VB do) (NP (-NONE- *T*-1)))))))) (. .) (-DFL- E_S)),324
sw05utt/sw_0595_2645.utt,2/sw2645,2645,213,ba,B,122,3,That's much funner than doing any kind of job. /,[ That/DT ] 's/BES much/RB funner/JJR than/IN doing/VBG  [ any/DT kind/NN ] of/IN  [ job/NN ] ./.,(S (NP-SBJ (DT That)) (VP (BES 's) (ADJP-PRD (ADJP (RB much) (JJR funner)) (PP (IN than) (S-NOM (NP-SBJ (-NONE- *)) (VP (VBG doing) (NP (NP (DT any) (NN kind)) (PP (IN of) (NP (NN job))))))))) (. .) (-DFL- E_S)),325
sw05utt/sw_0595_2645.utt,2/sw2645,2645,214,qy,A,123,1,"{F Ha, }  how about we end this? /","Ha/UH ,/, how/WRB about/IN  [ we/PRP ] end/VBP  [ this/DT ] ?/.","(FRAG (EDITED (X (UH Ha))) (, ,) (WHADVP (WRB how)) (PP (IN about) (SBAR (-NONE- 0) (S (NP-SBJ (PRP we)) (VP (VBP end) (NP (DT this)))))) (. ?) (-DFL- E_S))",327
sw05utt/sw_0595_2645.utt,2/sw2645,2645,215,no,B,124,1,That will work out just fine. /,[ That/DT ] will/MD work/VB out/RP just/RB fine/JJ ./.,(S (NP-SBJ (DT That)) (VP (MD will) (VP (VB work) (PRT (RP out)) (ADVP (RB just) (JJ fine)))) (. .) (-DFL- E_S)),329
sw05utt/sw_0595_2645.utt,2/sw2645,2645,216,fc,A,125,1,Nice talking to you. /,[ Nice/JJ ] talking/VBG to/IN  [ you/PRP ] ./.,(FRAG (ADJP-PRD (JJ Nice)) (S (NP-SBJ (-NONE- *)) (VP (VBG talking) (PP (IN to) (NP (PRP you))))) (. .) (-DFL- E_S)),331
sw05utt/sw_0595_2645.utt,2/sw2645,2645,217,fc,B,126,1,"All right,  /","All/RB right/JJ ,/,","(INTJ (RB All) (JJ right) (, ,) (-DFL- E_S))",333
sw05utt/sw_0595_2645.utt,2/sw2645,2645,218,fc,B,126,2,nice talking to you. /,[ nice/JJ ] talking/VBG to/IN  [ you/PRP ] ./.,(FRAG (ADJP-PRD (JJ nice)) (S (NP-SBJ (-NONE- *)) (VP (VBG talking) (PP (IN to) (NP (PRP you))))) (. .) (-DFL- E_S)),334
sw05utt/sw_0595_2645.utt,2/sw2645,2645,219,fc,A,127,1,Bye. /,[ Bye/UH ] ./.,(INTJ (UH Bye) (. .) (-DFL- E_S)),336
sw05utt/sw_0595_2645.utt,2/sw2645,2645,220,fc,B,128,1,Good-bye. /,[ Good-bye/UH ] ./.,(INTJ (UH Good-bye) (. .) (-DFL- E_S)),338
