swda_filename,ptb_basename,conversation_no,transcript_index,act_tag,caller,utterance_index,subutterance_index,text,pos,trees,ptb_treenumbers
sw05utt/sw_0526_2160.utt,2/sw2160,2160,0,fp,A,1,1,Hello. /,Hello/UH ./.,(INTJ (UH Hello) (. .) (-DFL- E_S)),1
sw05utt/sw_0526_2160.utt,2/sw2160,2160,1,fp,B,2,1,Hello there. /,Hello/UH there/RB ./.,(FRAG (INTJ (UH Hello)) (ADVP-LOC (RB there)) (. .) (-DFL- E_S)),3
sw05utt/sw_0526_2160.utt,2/sw2160,2160,2,qy,A,3,1,Did I reach the Dallas area? /,Did/VBD  [ I/PRP ] reach/VB  [ the/DT Dallas/NNP area/NN ] ?/.,(SQ (VBD Did) (NP-SBJ (PRP I)) (VP (VB reach) (NP (DT the) (NNP Dallas) (NN area))) (. ?) (-DFL- E_S)),5
sw05utt/sw_0526_2160.utt,2/sw2160,2160,3,br,B,4,1,I beg your pardon? /,[ I/PRP ] beg/VBP  [ your/PRP$ pardon/NN ] ?/.,(S (NP-SBJ (PRP I)) (VP (VBP beg) (NP (PRP$ your) (NN pardon))) (. ?) (-DFL- E_S)),7
sw05utt/sw_0526_2160.utt,2/sw2160,2160,4,qy^r,A,5,1,Did I reach the Dallas area? /,Did/VBD  [ I/PRP ] reach/VB  [ the/DT Dallas/NNP area/NN ] ?/.,(SQ (VBD Did) (NP-SBJ (PRP I)) (VP (VB reach) (NP (DT the) (NNP Dallas) (NN area))) (. ?) (-DFL- E_S)),5
sw05utt/sw_0526_2160.utt,2/sw2160,2160,5,nn,B,6,1,"No,  /","No/UH ,/,","(INTJ (UH No) (, ,) (-DFL- E_S))",11
sw05utt/sw_0526_2160.utt,2/sw2160,2160,6,sd^e,B,6,2,"you've reached Dayton, Ohio. /","[ you/PRP ] 've/VBP reached/VBN  [ Dayton/NNP ] ,/,  [ Ohio/NNP ] ./.","(S (NP-SBJ (PRP you)) (VP (VBP 've) (VP (VBN reached) (NP (NP (NNP Dayton)) (, ,) (NP (NNP Ohio))))) (. .) (-DFL- E_S))",12
sw05utt/sw_0526_2160.utt,2/sw2160,2160,7,b^m,A,7,1,"Dayton, Ohio,  /","[ Dayton/NNP ] ,/,  [ Ohio/NNP ] ,/,","(NP (NP (NNP Dayton)) (, ,) (NP (NNP Ohio)) (, ,) (-DFL- E_S))",14
sw05utt/sw_0526_2160.utt,2/sw2160,2160,8,sd,A,7,2,I'm  from North Carolina. /,[ I/PRP ] 'm/VBP from/IN  [ North/NNP Carolina/NNP ] ./.,(S (NP-SBJ (PRP I)) (VP (VBP 'm) (PP-PRD (IN from) (NP (NNP North) (NNP Carolina)))) (. .) (-DFL- E_S)),15
sw05utt/sw_0526_2160.utt,2/sw2160,2160,9,sd,B,8,1,"{F Oh, } you're from North Carolina.  /","Oh/UH ,/,  [ you/PRP ] 're/VBP from/IN  [ North/NNP Carolina/NNP ] ./.","(S (INTJ (UH Oh)) (, ,) (NP-SBJ (PRP you)) (VP (VBP 're) (PP-PRD (IN from) (NP (NNP North) (NNP Carolina)))) (. .) (-DFL- E_S))",17
sw05utt/sw_0526_2160.utt,2/sw2160,2160,10,qw,B,8,2,Where in North Carolina? /,Where/WRB in/IN  [ North/NNP Carolina/NNP ] ?/.,(FRAG (WHADVP (WRB Where)) (PP-LOC (IN in) (NP (NNP North) (NNP Carolina))) (. ?) (-DFL- E_S)),18
sw05utt/sw_0526_2160.utt,2/sw2160,2160,11,sd,A,9,1,In Raleigh. /,In/IN  [ Raleigh/NNP ] ./.,(PP-LOC (IN In) (NP (NNP Raleigh)) (. .) (-DFL- E_S)),20
sw05utt/sw_0526_2160.utt,2/sw2160,2160,12,b^m,B,10,1,"Raleigh,  /","[ Raleigh/NN ] ,/,","(NP (NN Raleigh) (, ,) (-DFL- E_S))",22
sw05utt/sw_0526_2160.utt,2/sw2160,2160,13,ba,B,10,2,great.  /,[ great/JJ ] ./.,(INTJ (JJ great) (. .) (-DFL- E_S)),23
sw05utt/sw_0526_2160.utt,2/sw2160,2160,14,b,A,11,1,"Yeah,  /","Yeah/UH ,/,","(INTJ (UH Yeah) (, ,) (-DFL- E_S))",25
sw05utt/sw_0526_2160.utt,2/sw2160,2160,15,%@,A,11,2,{C so } <talking> <noise>.   *[[need slash]],so/UH ./.,(S (RB so) (. .) (NP-SBJ (PRP$ My) (NN name)) (VP (VBZ is) (NP-PRD (NN Fernando))) (. .) (-DFL- E_S)),26
sw05utt/sw_0526_2160.utt,2/sw2160,2160,16,sd,B,12,1,"{D Well, } my name's Mary. /","Well/UH ,/,  [ my/PRP$ name/NN 's/POS Mary/NNP ] ./.","(S (INTJ (UH Well)) (, ,) (NP-SBJ (PRP$ my) (NN name)) (VP (POS 's) (NP-PRD (NNP Mary))) (. .) (-DFL- E_S))",28
sw05utt/sw_0526_2160.utt,2/sw2160,2160,17,+,A,13,1,My name is Fernando. /  *[[sd]],[ My/PRP$ name/NN ] is/VBZ  [ Fernando/NN ] ./.,(S (RB so) (. .) (NP-SBJ (PRP$ My) (NN name)) (VP (VBZ is) (NP-PRD (NN Fernando))) (. .) (-DFL- E_S)),26
sw05utt/sw_0526_2160.utt,2/sw2160,2160,18,fo,B,14,1,"Fernando, glad to know you. /","[ Fernando/NN ] ,/, glad/JJ to/TO know/VB  [ you/PRP ] ./.","(FRAG (NP-VOC (NN Fernando)) (, ,) (ADJP-PRD (JJ glad)) (S (NP-SBJ (-NONE- *)) (VP (TO to) (VP (VB know) (NP (PRP you))))) (. .) (-DFL- E_S))",31
sw05utt/sw_0526_2160.utt,2/sw2160,2160,19,%,A,15,1,"{C So, } {F um, } do you, {D well, } - /","So/UH ,/, um/UH ,/, do/VBP  [ you/PRP ] ,/, well/UH ,/,","(SQ-UNF (RB So) (, ,) (INTJ (UH um)) (, ,) (VBP do) (NP-SBJ (PRP you)) (, ,) (INTJ (UH well)) (, ,) (-DFL- N_S))",33
sw05utt/sw_0526_2160.utt,2/sw2160,2160,20,qw^t,A,15,2,how'd you find out about this? /,how/WRB 'd/MD  [ you/PRP ] find/VB out/RP about/IN  [ this/DT ] ?/.,(SBARQ (WHADVP-1 (WRB how)) (SQ (MD 'd) (NP-SBJ (PRP you)) (VP (VB find) (PRT (RP out)) (PP (IN about) (NP (DT this))) (ADVP (-NONE- *T*-1)))) (. ?) (-DFL- E_S)),34
sw05utt/sw_0526_2160.utt,2/sw2160,2160,21,sd^t,B,16,1,"{F Uh, } I was visiting my son down in Dallas,  /","[ Uh/UH ] ,/,  [ I/PRP ] was/VBD visiting/VBG  [ my/PRP$ son/NN ] down/IN in/IN  [ Dallas/NNP ] ,/,","(S (INTJ (UH Uh)) (, ,) (NP-SBJ (PRP I)) (VP (VBD was) (VP (VBG visiting) (NP (PRP$ my) (NN son)) (PP-LOC (IN down) (PP (IN in) (NP (NNP Dallas)))))) (, ,) (-DFL- E_S))",36
sw05utt/sw_0526_2160.utt,2/sw2160,2160,22,%,B,16,2,{C and. } -/,and/CC ./.,(S-UNF (CC and) (. .) (-DFL- N_S)),37
sw05utt/sw_0526_2160.utt,2/sw2160,2160,23,bk^t,A,17,1,"{F Oh, } okay,  /","Oh/UH ,/, okay/UH ,/,","(INTJ (INTJ (UH Oh)) (, ,) (INTJ (UH okay)) (, ,) (-DFL- E_S))",39
sw05utt/sw_0526_2160.utt,2/sw2160,2160,24,bf^t,A,17,2,he works for T I. /,[ he/PRP ] works/VBZ for/IN  [ T/NNP I/NNP ] ./.,(S (NP-SBJ (PRP he)) (VP (VBZ works) (PP (IN for) (NP (NNP T) (NNP I)))) (. .) (-DFL- E_S)),40
sw05utt/sw_0526_2160.utt,2/sw2160,2160,25,nn^t,B,18,1,"No,  /","No/UH ,/,","(INTJ (UH No) (, ,) (-DFL- E_S))",11
sw05utt/sw_0526_2160.utt,2/sw2160,2160,26,nn^r^t,B,18,2,"no,  /","no/UH ,/,","(INTJ (UH no) (, ,) (-DFL- E_S))",43
sw05utt/sw_0526_2160.utt,2/sw2160,2160,27,sd^e^t,B,18,3,"{C but } his wife has a contract with T I,  /","but/CC  [ his/PRP$ wife/NN ] has/VBZ  [ a/DT contract/NN ] with/IN  [ T/NNP I/NNP ] ,/,","(S (CC but) (NP-SBJ (PRP$ his) (NN wife)) (VP (VBZ has) (NP (NP (DT a) (NN contract)) (PP (IN with) (NP (NNP T) (NNP I))))) (, ,) (-DFL- E_S))",44
sw05utt/sw_0526_2160.utt,2/sw2160,2160,28,sd^t,B,18,4,"{C and } that's how we learned about it,  /","and/CC  [ that/DT ] 's/BES how/WRB  [ we/PRP ] learned/VBD about/IN  [ it/PRP ] ,/,","(S (CC and) (NP-SBJ (DT that)) (VP (BES 's) (SBAR-PRD (WHADVP-1 (WRB how)) (S (NP-SBJ (PRP we)) (VP (VBD learned) (PP (IN about) (NP (PRP it))) (ADVP-MNR (-NONE- *T*-1)))))) (, ,) (-DFL- E_S))",45
sw05utt/sw_0526_2160.utt,2/sw2160,2160,29,%,B,18,5,uh-huh. /,[ uh-huh/NNP ] ./.,(INTJ (NNP uh-huh) (. .) (-DFL- E_S)),46
sw05utt/sw_0526_2160.utt,2/sw2160,2160,30,bk,A,19,1,"{F Oh, } okay,  /","Oh/UH ,/, okay/UH ,/,","(INTJ (INTJ (UH Oh)) (, ,) (INTJ (UH okay)) (, ,) (-DFL- E_S))",39
sw05utt/sw_0526_2160.utt,2/sw2160,2160,31,sd,A,19,2,{C because } I'm down at N C State. /,because/RB  [ I/PRP ] 'm/VBP down/RB at/IN  [ N/NNP C/NNP State/NNP ] ./.,(SBAR-PRP (RB because) (S (NP-SBJ (PRP I)) (VP (VBP 'm) (PP-LOC-PRD (RB down) (PP (IN at) (NP (NNP N) (NNP C) (NNP State)))))) (. .) (-DFL- E_S)),49
sw05utt/sw_0526_2160.utt,2/sw2160,2160,32,b,B,20,1,"Yeah,  /","Yeah/UH ,/,","(INTJ (UH Yeah) (, ,) (-DFL- E_S))",25
sw05utt/sw_0526_2160.utt,2/sw2160,2160,33,b,B,20,2,uh-huh. /,[ uh-huh/UH ] ./.,(INTJ (NNP uh-huh) (. .) (-DFL- E_S)),46
sw05utt/sw_0526_2160.utt,2/sw2160,2160,34,sd,A,21,1,"{C And so } I took a class,  /","And/CC so/RB  [ I/PRP ] took/VBD  [ a/DT class/NN ] ,/,","(S (CONJP (CC And) (RB so)) (NP-SBJ (PRP I)) (VP (VBD took) (NP (DT a) (NN class))) (, ,) (-DFL- E_S))",54
sw05utt/sw_0526_2160.utt,2/sw2160,2160,35,sd(^q)^t,A,21,2,"{C and } he said, sign up and get some money --","and/CC  [ he/PRP ] said/VBD ,/, sign/VB up/RP and/CC get/VB  [ some/DT money/NN ] --/:","(S (CC and) (NP-SBJ (PRP he)) (VP (VBD said) (, ,) (S-SEZ-IMP (NP-SBJ (-NONE- *)) (VP (VP (VB sign) (PRT (RP up))) (CC and) (VP (VB get) (NP (DT some) (NN money))) (CC and) (VP (ADVP (RB just)) (VB talk) (PP-TMP (IN for) (NP (CD five) (NNS minutes))))))) (. .) (-DFL- E_S))",55
sw05utt/sw_0526_2160.utt,2/sw2160,2160,36,ba,B,22,1,Right <laughter>. /,[ Right/UH ] ./.,(INTJ (UH Right) (. .) (-DFL- E_S)),57
sw05utt/sw_0526_2160.utt,2/sw2160,2160,37,+,A,23,1,-- and just talk for five minutes.  /,--/: and/CC just/RB talk/VB for/IN  [ five/CD minutes/NNS ] ./.,"(S (CC and) (NP-SBJ (PRP he)) (VP (VBD said) (, ,) (S-SEZ-IMP (NP-SBJ (-NONE- *)) (VP (VP (VB sign) (PRT (RP up))) (CC and) (VP (VB get) (NP (DT some) (NN money))) (CC and) (VP (ADVP (RB just)) (VB talk) (PP-TMP (IN for) (NP (CD five) (NNS minutes))))))) (. .) (-DFL- E_S))",55
sw05utt/sw_0526_2160.utt,2/sw2160,2160,38,qy^t,A,23,2,<talking> {C So } are you ready? /,So/UH are/VBP  [ you/PRP ] ready/JJ ?/.,(SQ (RB So) (VBP are) (NP-SBJ (PRP you)) (ADJP-PRD (JJ ready)) (. ?) (-DFL- E_S)),59
sw05utt/sw_0526_2160.utt,2/sw2160,2160,39,na^t,B,24,1,I'm ready. /,[ I/PRP ] 'm/VBP ready/JJ ./.,(S (NP-SBJ (PRP I)) (VP (VBP 'm) (ADJP-PRD (JJ ready))) (. .) (-DFL- E_S)),61
sw05utt/sw_0526_2160.utt,2/sw2160,2160,40,%,A,25,1,"Okay,  /","Okay/UH ,/,","(INTJ (UH Okay) (, ,) (-DFL- E_S))",63
sw05utt/sw_0526_2160.utt,2/sw2160,2160,41,ad^t,A,25,2,let's get started.  <beep> <<Sounds like a phone beeping in.>> /,let/VB  [ 's/PRP ] get/VB started/VBN ./.,(S-IMP (NP-SBJ (-NONE- *)) (VP (VB let) (S (NP-SBJ (PRP 's)) (VP (VB get) (VP (VBN started))))) (. .) (-DFL- E_S)),64
sw05utt/sw_0526_2160.utt,2/sw2160,2160,42,aa,B,26,1,"All  right,  /","All/UH right/UH ,/,","(INTJ (UH All) (UH right) (, ,) (-DFL- E_S))",66
sw05utt/sw_0526_2160.utt,2/sw2160,2160,43,aa,B,26,2,okay. /,[ okay/UH ] ./.,(INTJ (UH okay) (. .) (-DFL- E_S)),67
sw05utt/sw_0526_2160.utt,2/sw2160,2160,44,%,A,27,1,"Okay,  /","Okay/UH ,/,","(INTJ (UH Okay) (, ,) (-DFL- E_S))",63
sw05utt/sw_0526_2160.utt,2/sw2160,2160,45,qo,A,27,2,"{C so, } {F uh, } what do you think, that, {F uh, } - /","so/UH ,/,  [ uh/UH ] ,/,  [ what/WP ] do/VBP  [ you/PRP ] think/VB ,/, that/IN ,/,  [ uh/UH ] ,/,","(SBARQ (RB so) (, ,) (INTJ (UH uh)) (, ,) (WHNP (WP what)) (SQ (VBP do) (NP-SBJ (PRP you)) (VP (VB think) (, ,) (SBAR-UNF (IN that) (, ,) (INTJ (UH uh))))) (, ,) (-DFL- N_S))",70
sw05utt/sw_0526_2160.utt,2/sw2160,2160,46,qo,A,27,3,"[ [ what do, + what do, ] + what do ] you think we can do to solve the crime in America? /","[ what/WP ] do/VBP ,/,  [ what/WP ] do/VBP ,/,  [ what/WP ] do/VBP  [ you/PRP ] think/VBP  [ we/PRP ] can/MD do/VB to/TO solve/VB  [ the/DT crime/NN ] in/IN  [ America/NNP ] ?/.","(SBARQ (EDITED (RM (-DFL- \[)) (EDITED (RM (-DFL- \[)) (SBARQ (WHNP (WP what)) (SQ-UNF (VBP do))) (, ,) (IP (-DFL- \+))) (SBARQ (WHNP (WP what)) (SQ-UNF (VBP do))) (, ,) (RS (-DFL- \])) (IP (-DFL- \+))) (WHNP-1 (WP what)) (SQ (VBP do) (RS (-DFL- \])) (NP-SBJ (PRP you)) (VP (VBP think) (SBAR (-NONE- 0) (S (NP-SBJ (PRP we)) (VP (MD can) (VP (VB do) (NP (-NONE- *T*-1)) (S-PRP (NP-SBJ (-NONE- *)) (VP (TO to) (VP (VB solve) (NP (NP (DT the) (NN crime)) (PP-LOC (IN in) (NP (NNP America))))))))))))) (. ?) (-DFL- E_S))",71
sw05utt/sw_0526_2160.utt,2/sw2160,2160,47,sv,B,28,1,"{F Oh, } if I knew that I'd be a very wealthy person. /","Oh/UH ,/, if/IN  [ I/PRP ] knew/VBD that/DT  [ I/PRP ] 'd/MD be/VB  [ a/DT very/RB wealthy/JJ person/NN ] ./.","(S (INTJ (UH Oh)) (, ,) (SBAR-ADV (IN if) (S (NP-SBJ (PRP I)) (VP (VBD knew) (NP (DT that))))) (NP-SBJ (PRP I)) (VP (MD 'd) (VP (VB be) (NP-PRD (DT a) (ADJP (RB very) (JJ wealthy)) (NN person)))) (. .) (-DFL- E_S))",73
sw05utt/sw_0526_2160.utt,2/sw2160,2160,48,b,A,29,1,"Yeah,  /","Yeah/UH ,/,","(INTJ (UH Yeah) (, ,) (-DFL- E_S))",51
sw05utt/sw_0526_2160.utt,2/sw2160,2160,49,qo,A,29,2,"{C but } [ [ what, + what, ] + what ] are the steps? /","but/CC  [ what/WP ] ,/,  [ what/WP ] ,/,  [ what/WP ] are/VBP  [ the/DT steps/NNS ] ?/.","(SBARQ (CC but) (EDITED (RM (-DFL- \[)) (EDITED (RM (-DFL- \[)) (WHNP (WP what)) (, ,) (IP (-DFL- \+))) (WHNP (WP what)) (, ,) (RS (-DFL- \])) (IP (-DFL- \+))) (WHNP-1 (WP what)) (RS (-DFL- \])) (SQ (VBP are) (NP-SBJ (DT the) (NNS steps)) (NP-PRD (-NONE- *T*-1))) (. ?) (-DFL- E_S))",76
sw05utt/sw_0526_2160.utt,2/sw2160,2160,50,sv,B,30,1,"{D Well, } you have to see,  /","Well/UH ,/,  [ you/PRP ] have/VBP to/TO see/VB ,/,","(S (INTJ (UH Well)) (, ,) (NP-SBJ-1 (PRP you)) (VP (VBP have) (S (NP-SBJ (-NONE- *-1)) (VP (TO to) (VP (VB see))))) (, ,) (-DFL- E_S))",78
sw05utt/sw_0526_2160.utt,2/sw2160,2160,51,o*,B,30,2,"[ I, + the way I ] look  at it, you have to think first of all  why,  /  *[[listen]]","[ I/PRP ] ,/,  [ the/DT way/NN ] [ I/PRP ] look/VBP at/IN  [ it/PRP ] ,/,  [ you/PRP ] have/VBP to/TO think/VB first/RB of/IN  [ all/DT ] why/WRB ,/,","(S (EDITED (RM (-DFL- \[)) (NP-SBJ (PRP I)) (, ,) (IP (-DFL- \+))) (NP-ADV (NP (DT the) (NN way)) (SBAR (WHADVP-1 (-NONE- 0)) (S (NP-SBJ (PRP I)) (RS (-DFL- \])) (VP (VBP look) (PP (IN at) (NP (PRP it))) (ADVP-MNR (-NONE- *T*-1)))))) (, ,) (NP-SBJ-2 (PRP you)) (VP (VBP have) (S (NP-SBJ (-NONE- *-2)) (VP (TO to) (VP (VB think) (ADVP (RB first) (PP (IN of) (NP (DT all)))) (FRAG (WRB why)))))) (, ,) (-DFL- E_S))",79
sw05utt/sw_0526_2160.utt,2/sw2160,2160,52,qh,B,30,3,"{C or } [ ha-, + has ] ] crime increased,  /","or/CC  [ ha/VBZ ] ,/, has/VBZ  [ crime/NN ] increased/VBN ,/,","(SQ (CC or) (EDITED (RM (-DFL- \[)) (SQ-UNF (VBZ ha-)) (, ,) (IP (-DFL- \+))) (VBZ has) (RS (-DFL- \])) (RS (-DFL- \])) (NP-SBJ (NN crime)) (VP (VBN increased)) (, ,) (-DFL- E_S))",80
sw05utt/sw_0526_2160.utt,2/sw2160,2160,53,qh,B,30,4,"{C and } if so, why has crime increased? /","and/CC if/IN so/RB ,/, why/WRB has/VBZ  [ crime/NN ] increased/VBN ?/.","(SBARQ (CC and) (SBAR-ADV (IN if) (FRAG (ADVP (RB so)))) (, ,) (WHADVP-1 (WRB why)) (SQ (VBZ has) (NP-SBJ (NN crime)) (VP (VBN increased) (ADVP-PRP (-NONE- *T*-1)))) (. ?) (-DFL- E_S))",81
sw05utt/sw_0526_2160.utt,2/sw2160,2160,54,sv,A,31,1,"{D Well, } {D see } the problem [ is, + is ] that, {F um, } <clicking> what happens is [ as, + ] that [ you're, +  {F uh, } {D you know, } as you ] go from the country to a city, crime always increases, right? /","Well/UH ,/, see/UH  [ the/DT problem/NN ] is/VBZ ,/, is/VBZ that/IN ,/, um/UH ,/,  [ what/WP ] happens/VBZ is/VBZ as/IN ,/, that/IN  [ you/PRP ] 're/VBP ,/,  [ uh/UH ] ,/,  [ you/PRP ] know/VBP ,/, as/IN  [ you/PRP ] go/VBP from/IN  [ the/DT country/NN ] to/IN  [ a/DT city/NN ] ,/,  [ crime/NN ] always/RB increases/VBZ ,/, right/JJ ?/.","(S (INTJ (UH Well)) (, ,) (INTJ (UH see)) (NP-SBJ (DT the) (NN problem)) (EDITED (RM (-DFL- \[)) (VP-UNF (VBZ is)) (, ,) (IP (-DFL- \+))) (VP (VBZ is) (RS (-DFL- \])) (SBAR-PRD (IN that) (, ,) (INTJ (UH um)) (, ,) (S (SBAR-SBJ (WHNP-1 (WP what)) (S (NP-SBJ (-NONE- *T*-1)) (VP (VBZ happens)))) (VP (VBZ is) (SBAR-PRD (EDITED (RM (-DFL- \[)) (SBAR-ADV-UNF (IN as)) (, ,) (IP (-DFL- \+)) (RS (-DFL- \]))) (IN that) (S (EDITED (RM (-DFL- \[)) (S (NP-SBJ (PRP you)) (VP-UNF (VBP 're))) (, ,) (IP (-DFL- \+))) (INTJ (UH uh)) (PRN (, ,) (S (NP-SBJ (PRP you)) (VP (VBP know))) (, ,)) (SBAR-ADV (IN as) (S (NP-SBJ (PRP you)) (RS (-DFL- \])) (VP (VBP go) (PP-DIR (IN from) (NP (DT the) (NN country))) (PP-DIR (IN to) (NP (DT a) (NN city)))))) (, ,) (NP-SBJ (NN crime)) (ADVP-TMP (RB always)) (VP (VBZ increases))))))) (, ,) (INTJ (JJ right))) (. ?) (-DFL- E_S))",83
sw05utt/sw_0526_2160.utt,2/sw2160,2160,55,b,B,32,1,Uh-huh. /,[ Uh-huh/UH ] ./.,(INTJ (UH Uh-huh) (. .) (-DFL- E_S)),85
sw05utt/sw_0526_2160.utt,2/sw2160,2160,56,sv,A,33,1,"{C Because } in the country, people still respect, {F uh, } the property of other people. /","Because/RB in/IN  [ the/DT country/NN ] ,/,  [ people/NNS ] still/RB  [ respect/VBP ] ,/,  [ uh/UH ] ,/,  [ the/DT property/NN ] of/IN  [ other/JJ people/NNS ] ./.","(SBAR-PRP (RB Because) (S (PP-LOC (IN in) (NP (DT the) (NN country))) (, ,) (NP-SBJ (NNS people)) (ADVP-TMP (RB still)) (VP (VBP respect) (, ,) (INTJ (UH uh)) (, ,) (NP (NP (DT the) (NN property)) (PP (IN of) (NP (JJ other) (NNS people)))))) (. .) (-DFL- E_S))",87
sw05utt/sw_0526_2160.utt,2/sw2160,2160,57,b,B,34,1,Right. /,[ Right/UH ] ./.,(INTJ (UH Right) (. .) (-DFL- E_S)),57
sw05utt/sw_0526_2160.utt,2/sw2160,2160,58,%,A,35,1,"{C And so, } [ as, + as, ] - /","And/CC so/RB ,/, as/RB ,/, as/RB ,/,","(S (CONJP (CC And) (RB so)) (, ,) (EDITED (RM (-DFL- \[)) (PP-UNF (RB as)) (, ,) (IP (-DFL- \+))) (PP-UNF (RB as)) (, ,) (RS (-DFL- \])) (-DFL- N_S))",91
sw05utt/sw_0526_2160.utt,2/sw2160,2160,59,sv,A,35,2,{C and } the people in the country don't want as much as the people in the city. /,and/CC  [ the/DT people/NNS ] in/IN  [ the/DT country/NN ] do/VBP n't/RB want/VB as/RB much/RB as/IN  [ the/DT people/NNS ] in/IN  [ the/DT city/NN ] ./.,(S (CC and) (NP-SBJ (NP (DT the) (NNS people)) (PP-LOC (IN in) (NP (DT the) (NN country)))) (VP (VBP do) (RB n't) (VP (VB want) (NP (NP (ADJP (RB as) (RB much))) (PP (IN as) (NP (NP (DT the) (NNS people)) (PP-LOC (IN in) (NP (DT the) (NN city)))))))) (. .) (-DFL- E_S)),92
sw05utt/sw_0526_2160.utt,2/sw2160,2160,60,b,B,36,1,Uh-huh. /,[ Uh-huh/UH ] ./.,(INTJ (UH Uh-huh) (. .) (-DFL- E_S)),85
sw05utt/sw_0526_2160.utt,2/sw2160,2160,61,sv,A,37,1,"{D Now } what happens is all those that don't have any money in the country move to the cities,  /","Now/UH  [ what/WP ] happens/VBZ is/VBZ  [ all/PDT those/DT ] [ that/WDT ] do/VBP n't/RB have/VB  [ any/DT money/NN ] in/IN  [ the/DT country/NN move/VBP ] to/IN  [ the/DT cities/NNS ] ,/,","(S (INTJ (UH Now)) (SBAR-SBJ (WHNP-1 (WP what)) (S (NP-SBJ (-NONE- *T*-1)) (VP (VBZ happens)))) (VP (VBZ is) (SBAR-PRD (-NONE- 0) (S (NP-SBJ (NP (PDT all) (DT those)) (SBAR (WHNP-2 (WDT that)) (S (NP-SBJ (-NONE- *T*-2)) (VP (VBP do) (RB n't) (VP (VB have) (NP (DT any) (NN money)) (PP-LOC (IN in) (NP (DT the) (NN country)))))))) (VP (VBP move) (PP-DIR (IN to) (NP (DT the) (NNS cities))))))) (, ,) (-DFL- E_S))",96
sw05utt/sw_0526_2160.utt,2/sw2160,2160,62,sv,A,37,2,{C and } they rush to get the same thing.  /,and/CC  [ they/PRP ] rush/VBP to/TO get/VB  [ the/DT same/JJ thing/NN ] ./.,(S (CC and) (NP-SBJ-1 (PRP they)) (VP (VBP rush) (S (NP-SBJ (-NONE- *-1)) (VP (TO to) (VP (VB get) (NP (DT the) (JJ same) (NN thing)))))) (. .) (-DFL- E_S)),97
sw05utt/sw_0526_2160.utt,2/sw2160,2160,63,sv,A,37,3,"They say, why can't we have the same things that these other people have,  /","[ They/PRP ] say/VBP ,/, why/WRB ca/MD n't/RB  [ we/PRP ] have/VBP  [ the/DT same/JJ things/NNS ] that/IN  [ these/DT other/JJ people/NNS ] have/VBP ,/,","(S (NP-SBJ (PRP They)) (VP (VBP say) (, ,) (SBARQ-SEZ (WHADVP-2 (WRB why)) (SQ (MD ca) (RB n't) (NP-SBJ (PRP we)) (VP (VBP have) (NP (NP (DT the) (JJ same) (NNS things)) (SBAR (WHNP-1 (IN that)) (S (NP-SBJ (DT these) (JJ other) (NNS people)) (VP (VBP have) (NP (-NONE- *T*-1)))))) (ADVP-PRP (-NONE- *T*-2)))))) (, ,) (-DFL- E_S))",98
sw05utt/sw_0526_2160.utt,2/sw2160,2160,64,sv,A,37,4,"{C and } the thing that we can do is, we need money for drugs,  /","and/CC  [ the/DT thing/NN ] that/WDT  [ we/PRP ] can/MD do/VB is/VBZ ,/,  [ we/PRP ] need/VBP  [ money/NN ] for/IN  [ drugs/NNS ] ,/,","(S (CC and) (NP-SBJ (NP (DT the) (NN thing)) (SBAR (WHNP-1 (WDT that)) (S (NP-SBJ (PRP we)) (VP (MD can) (VP (VB do) (NP (-NONE- *T*-1))))))) (VP (VBZ is) (, ,) (SBAR-PRD (-NONE- 0) (S (NP-SBJ (PRP we)) (VP (VBP need) (NP (NN money)) (PP-PRP (IN for) (NP (NNS drugs))))))) (, ,) (-DFL- E_S))",99
sw05utt/sw_0526_2160.utt,2/sw2160,2160,65,sv,A,37,5,"{C and } what we have to do is, we have to go, {F uh, } get some stuff, steal it, and then, {D you know, } just resell it. /","and/CC  [ what/WP ] [ we/PRP ] have/VBP to/TO do/VB is/VBZ ,/,  [ we/PRP ] have/VBP to/TO go/VB ,/, uh/UH ,/, get/VB  [ some/DT stuff/NN ] ,/, steal/VB  [ it/PRP ] ,/, and/CC then/RB ,/,  [ you/PRP ] know/VBP ,/, just/RB resell/VB  [ it/PRP ] ./.","(S (CC and) (SBAR-NOM-SBJ (WHNP-2 (WP what)) (S (NP-SBJ-1 (PRP we)) (VP (VBP have) (S (NP-SBJ (-NONE- *-1)) (VP (TO to) (VP (VB do) (NP (-NONE- *T*-2)))))))) (VP (VBZ is) (, ,) (SBAR-PRD (-NONE- 0) (S (NP-SBJ-3 (PRP we)) (VP (VBP have) (S (NP-SBJ-4 (-NONE- *-3)) (VP (TO to) (VP (VP (VB go) (, ,) (INTJ (UH uh)) (, ,) (S (NP-SBJ (-NONE- *-4)) (VP (VB get) (NP (DT some) (NN stuff))))) (, ,) (VP (VB steal) (NP (PRP it))) (, ,) (CONJP (CC and) (RB then)) (PRN (, ,) (S (NP-SBJ (PRP you)) (VP (VBP know))) (, ,)) (VP (ADVP (RB just)) (VB resell) (NP (PRP it)))))))))) (. .) (-DFL- E_S))",100
sw05utt/sw_0526_2160.utt,2/sw2160,2160,66,bf,B,38,1,"It's easy,  /","[ It/PRP ] 's/BES easy/JJ ,/,","(S (NP-SBJ (PRP It)) (VP (BES 's) (ADJP-PRD (JJ easy))) (, ,) (-DFL- E_S))",102
sw05utt/sw_0526_2160.utt,2/sw2160,2160,67,sv,B,38,2,you said the magic word there. /,[ you/PRP ] said/VBD  [ the/DT magic/JJ word/NN ] there/RB ./.,(S (NP-SBJ (PRP you)) (VP (VBD said) (NP (DT the) (JJ magic) (NN word)) (ADVP-LOC (RB there))) (. .) (-DFL- E_S)),103
sw05utt/sw_0526_2160.utt,2/sw2160,2160,68,qw,A,39,1,# Which one? # /,[ Which/WDT ] [ one/NN ] ?/.,(WHNP (WDT Which) (NN one) (. ?) (-DFL- E_S)),105
sw05utt/sw_0526_2160.utt,2/sw2160,2160,69,sd,B,40,1,# Drugs. # /,[ Drugs/NNS ] ./.,(NP (NNS Drugs) (. .) (-DFL- E_S)),107
sw05utt/sw_0526_2160.utt,2/sw2160,2160,70,b,A,41,1,Yeah. /,Yeah/UH ./.,(INTJ (UH Yeah) (. .) (-DFL- E_S)),109
sw05utt/sw_0526_2160.utt,2/sw2160,2160,71,sv,B,42,1,{C And } that certainly is one reason why crime here has increased. /,And/CC  [ that/DT ] certainly/RB is/VBZ  [ one/CD reason/NN ] why/WRB  [ crime/NN ] here/RB has/VBZ increased/VBN ./.,(S (CC And) (NP-SBJ (DT that)) (ADVP (RB certainly)) (VP (VBZ is) (NP-PRD (NP (CD one) (NN reason)) (SBAR (WHADVP-1 (WRB why)) (S (NP-SBJ (NP (NN crime)) (ADVP-LOC (RB here))) (VP (VBZ has) (VP (VBN increased) (ADVP-PRP (-NONE- *T*-1)))))))) (. .) (-DFL- E_S)),111
sw05utt/sw_0526_2160.utt,2/sw2160,2160,72,sv,A,43,1,"[ That's, + {F uh, } that's, ] {F uh, } the main reason I think, {F uh, } everywhere  /","[ That/DT ] 's/BES ,/,  [ uh/UH ] ,/,  [ that/DT ] 's/BES ,/,  [ uh/UH ] ,/,  [ the/DT main/JJ reason/NN ] [ I/PRP ] think/VBP ,/,  [ uh/UH ] ,/, everywhere/RB","(S (EDITED (RM (-DFL- \[)) (S (NP-SBJ (DT That)) (VP-UNF (BES 's))) (, ,) (IP (-DFL- \+))) (INTJ (UH uh)) (, ,) (NP-SBJ (DT that)) (VP (BES 's) (, ,) (RS (-DFL- \])) (INTJ (UH uh)) (, ,) (NP-PRD (NP (DT the) (JJ main) (NN reason)) (SBAR (WHADVP-1 (-NONE- 0)) (S (NP-SBJ (PRP I)) (VP (VBP think) (, ,) (INTJ (UH uh)) (, ,) (ADVP-LOC (RB everywhere)) (ADVP-PRP (-NONE- *T*-1))))))) (-DFL- E_S))",113
sw05utt/sw_0526_2160.utt,2/sw2160,2160,73,sv,A,43,2,"{C because, } {F uh, } you have deaths.  /","because/RB ,/,  [ uh/UH ] ,/,  [ you/PRP ] have/VBP  [ deaths/NNS ] ./.","(SBAR-PRP (RB because) (, ,) (INTJ (UH uh)) (, ,) (S (NP-SBJ (PRP you)) (VP (VBP have) (NP (NNS deaths)))) (. .) (-DFL- E_S))",114
sw05utt/sw_0526_2160.utt,2/sw2160,2160,74,sv,A,43,3,"{E I mean, }  {E I mean, }  you have murders  /","[ I/PRP ] mean/VBP ,/,  [ I/PRP ] mean/VBP ,/,  [ you/PRP ] have/VBP  [ murders/NNS ]","(S (PRN (S (NP-SBJ (PRP I)) (VP (VBP mean))) (, ,)) (PRN (S (NP-SBJ (PRP I)) (VP (VBP mean))) (, ,)) (NP-SBJ (PRP you)) (VP (VBP have) (NP (NNS murders))) (-DFL- E_S))",115
sw05utt/sw_0526_2160.utt,2/sw2160,2160,75,sv,A,43,4,"{C and } you have, {D you know, } people stealing other people's stuff,  /","and/CC  [ you/PRP ] have/VBP ,/,  [ you/PRP ] know/VBP ,/,  [ people/NNS ] stealing/VBG  [ other/JJ people/NNS 's/POS stuff/NN ] ,/,","(S (CC and) (NP-SBJ (PRP you)) (VP (VBP have) (PRN (, ,) (S (NP-SBJ (PRP you)) (VP (VBP know))) (, ,)) (NP (NP (NNS people)) (VP (VBG stealing) (NP (NP (JJ other) (NNS people) (POS 's)) (NN stuff))))) (, ,) (-DFL- E_S))",116
sw05utt/sw_0526_2160.utt,2/sw2160,2160,76,%,A,43,5,{C and } that's - /,and/CC  [ that/DT ] 's/BES,(S (CC and) (NP-SBJ (DT that)) (VP-UNF (BES 's)) (-DFL- N_S)),117
sw05utt/sw_0526_2160.utt,2/sw2160,2160,77,sv,A,43,6,a lot of it has to do with drugs. /,[ a/DT lot/NN ] of/IN  [ it/PRP ] has/VBZ to/TO do/VB with/IN  [ drugs/NNS ] ./.,(S (NP-SBJ-1 (NP (DT a) (NN lot)) (PP (IN of) (NP (PRP it)))) (VP (VBZ has) (S (NP-SBJ (-NONE- *-1)) (VP (TO to) (VP (VB do) (PP (IN with) (NP (NNS drugs))))))) (. .) (-DFL- E_S)),118
sw05utt/sw_0526_2160.utt,2/sw2160,2160,78,aa,B,44,1,"{F Oh, } yes. /","Oh/UH ,/, yes/UH ./.","(INTJ (INTJ (UH Oh)) (, ,) (INTJ (UH yes)) (. .) (-DFL- E_S))",120
sw05utt/sw_0526_2160.utt,2/sw2160,2160,79,%,A,45,1,"It doesn't have to do, - /","[ It/PRP ] does/VBZ n't/RB have/VB to/TO do/VB ,/,","(S (NP-SBJ-1 (PRP It)) (VP (VBZ does) (RB n't) (VP (VB have) (S (NP-SBJ (-NONE- *-1)) (VP (TO to) (VP-UNF (VB do)))))) (, ,) (-DFL- N_S))",122
sw05utt/sw_0526_2160.utt,2/sw2160,2160,80,sv,A,45,2,"{E I mean, } the thing [ is + is ] that, {D you know, } it's like  you might be standing somewhere, right,  /","[ I/PRP ] mean/VBP ,/,  [ the/DT thing/NN ] is/VBZ is/VBZ  [ that/DT ] ,/,  [ you/PRP ] know/VBP ,/,  [ it/PRP ] 's/BES like/UH  [ you/PRP ] might/MD be/VB standing/VBG somewhere/RB ,/, right/UH ,/,","(S (PRN (S (NP-SBJ (PRP I)) (VP (VBP mean))) (, ,)) (NP-SBJ (DT the) (NN thing)) (EDITED (RM (-DFL- \[)) (VP-UNF (VBZ is)) (IP (-DFL- \+))) (VP (VBZ is) (RS (-DFL- \])) (SBAR-PRD (DT that) (PRN (, ,) (S (NP-SBJ (PRP you)) (VP (VBP know))) (, ,)) (S (NP-SBJ (PRP it)) (VP (BES 's) (SBAR-PRD (UH like) (S (NP-SBJ (PRP you)) (VP (MD might) (VP (VB be) (VP (VBG standing) (ADVP-LOC (RB somewhere)))))))))) (, ,) (INTJ (UH right))) (, ,) (-DFL- E_S))",123
sw05utt/sw_0526_2160.utt,2/sw2160,2160,81,sv,A,45,3,"{C and } {D like } let's say    [ [ [ you, +   you're, ] +  you're, ] +   {D you know, } you're ]   driving out  /","and/CC like/IN let/VB  [ 's/PRP ] say/VB  [ you/PRP ] ,/,  [ you/PRP ] 're/VBP ,/,  [ you/PRP ] 're/VBP ,/,  [ you/PRP ] know/VBP ,/,  [ you/PRP ] 're/VBP driving/VBG out/RB","(S-IMP (CC and) (INTJ (UH like)) (NP-SBJ (-NONE- *)) (VP (VB let) (S (NP-SBJ (PRP 's)) (VP (VB say) (SBAR (-NONE- 0) (S (EDITED (RM (-DFL- \[)) (EDITED (RM (-DFL- \[)) (EDITED (RM (-DFL- \[)) (NP-SBJ (PRP you)) (, ,) (IP (-DFL- \+))) (S (NP-SBJ (PRP you)) (VP-UNF (VBP 're))) (, ,) (RS (-DFL- \])) (IP (-DFL- \+))) (S (NP-SBJ (PRP you)) (VP-UNF (VBP 're))) (, ,) (RS (-DFL- \])) (IP (-DFL- \+))) (PRN (S (NP-SBJ (PRP you)) (VP (VBP know))) (, ,)) (NP-SBJ (PRP you)) (VP (VBP 're) (RS (-DFL- \])) (VP (VBG driving) (ADVP-DIR (RB out))))))))) (-DFL- E_S))",124
sw05utt/sw_0526_2160.utt,2/sw2160,2160,82,sv,A,45,4,{C and } you're driving back home  /,and/CC  [ you/PRP ] 're/VBP driving/VBG back/RB  [ home/NN ],(S (CC and) (NP-SBJ (PRP you)) (VP (VBP 're) (VP (VBG driving) (ADVP-DIR (RB back) (NN home)))) (-DFL- E_S)),125
sw05utt/sw_0526_2160.utt,2/sw2160,2160,83,sv,A,45,5,{C and } it's late at night.  /,and/CC  [ it/PRP ] 's/BES late/JJ at/IN  [ night/NN ] ./.,(S (CC and) (NP-SBJ (PRP it)) (VP (BES 's) (ADJP-PRD (JJ late) (PP-TMP (IN at) (NP (NN night))))) (. .) (-DFL- E_S)),126
sw05utt/sw_0526_2160.utt,2/sw2160,2160,84,sv,A,45,6,"{C And } you stop by one of these, {D you know, } twenty-four hour, {D you know, } gas stations joints. /","And/CC  [ you/PRP ] stop/VBP by/RP  [ one/NN ] of/IN  [ these/DT ] ,/,  [ you/PRP ] know/VBP ,/,  [ twenty-four/CD hour/NN ] ,/,  [ you/PRP ] know/VBP ,/,  [ gas/NN stations/NNS joints/NNS ] ./.","(S (CC And) (NP-SBJ (PRP you)) (VP (VBP stop) (ADVP (RP by)) (NP (NP (NN one)) (PP (IN of) (NP (DT these) (PRN (, ,) (S (NP-SBJ (PRP you)) (VP (VBP know))) (, ,)) (ADJP (CD twenty-four) (NN hour)) (PRN (, ,) (S (NP-SBJ (PRP you)) (VP (VBP know))) (, ,)) (NN gas) (NNS stations) (NNS joints))))) (. .) (-DFL- E_S))",127
sw05utt/sw_0526_2160.utt,2/sw2160,2160,85,b,B,46,1,Yeah. /,Yeah/UH ./.,(INTJ (UH Yeah) (. .) (-DFL- E_S)),109
sw05utt/sw_0526_2160.utt,2/sw2160,2160,86,sv,A,47,1,"{C And, } {F uh, } somebody walks in there with a gun.  /","And/CC ,/,  [ uh/UH ] ,/,  [ somebody/NN ] walks/VBZ in/IN there/RB with/IN  [ a/DT gun/NN ] ./.","(S (CC And) (, ,) (INTJ (UH uh)) (, ,) (NP-SBJ (NN somebody)) (VP (VBZ walks) (PP-DIR (IN in) (ADVP (RB there))) (PP (IN with) (NP (DT a) (NN gun)))) (. .) (-DFL- E_S))",131
sw05utt/sw_0526_2160.utt,2/sw2160,2160,87,sv,A,47,2,"{E I mean, } they're going to want the money,  /","[ I/PRP ] mean/VBP ,/,  [ they/PRP ] 're/VBP going/VBG to/TO want/VB  [ the/DT money/NN ] ,/,","(S (PRN (S (NP-SBJ (PRP I)) (VP (VBP mean))) (, ,)) (NP-SBJ-1 (PRP they)) (VP (VBP 're) (VP (VBG going) (S (NP-SBJ (-NONE- *-1)) (VP (TO to) (VP (VB want) (NP (DT the) (NN money))))))) (, ,) (-DFL- E_S))",132
sw05utt/sw_0526_2160.utt,2/sw2160,2160,88,sv,A,47,3,"{C and } you can tell by the people who are always caught, that these people are there to get money for drugs.  /","and/CC  [ you/PRP ] can/MD tell/VB by/IN  [ the/DT people/NNS ] [ who/WP ] are/VBP always/RB caught/VBN ,/, that/IN  [ these/DT people/NNS ] are/VBP there/RB to/TO get/VB  [ money/NN ] for/IN  [ drugs/NNS ] ./.","(S (CC and) (NP-SBJ (PRP you)) (VP (MD can) (VP (VB tell) (PP (IN by) (NP (NP (DT the) (NNS people)) (SBAR (WHNP-1 (WP who)) (S (NP-SBJ-2 (-NONE- *T*-1)) (VP (VBP are) (ADVP-TMP (RB always)) (VP (VBN caught) (NP (-NONE- *-2)))))))) (, ,) (SBAR (IN that) (S (NP-SBJ-3 (DT these) (NNS people)) (VP (VBP are) (ADVP-LOC-PRD (RB there)) (S-PRP (NP-SBJ (-NONE- *-3)) (VP (TO to) (VP (VB get) (NP (NN money)) (PP-PRP (IN for) (NP (NNS drugs))))))))))) (. .) (-DFL- E_S))",133
sw05utt/sw_0526_2160.utt,2/sw2160,2160,89,sv,A,47,4,"{E I mean, } they don't want the money [ so, + {F uh, } so ] they can do something else with it. /","[ I/PRP ] mean/VBP ,/,  [ they/PRP ] do/VBP n't/RB want/VB  [ the/DT money/NN ] so/IN ,/,  [ uh/UH ] ,/, so/IN  [ they/PRP ] can/MD do/VB  [ something/NN ] else/RB with/IN  [ it/PRP ] ./.","(S (PRN (S (NP-SBJ (PRP I)) (VP (VBP mean))) (, ,)) (NP-SBJ (PRP they)) (VP (VBP do) (RB n't) (VP (VB want) (NP (DT the) (NN money)) (SBAR-PRP (EDITED (RM (-DFL- \[)) (SBAR-PRP-UNF (IN so)) (, ,) (IP (-DFL- \+))) (INTJ (UH uh)) (, ,) (IN so) (RS (-DFL- \])) (S (NP-SBJ (PRP they)) (VP (MD can) (VP (VB do) (NP (NP (NN something)) (ADVP (RB else) (PP (IN with) (NP (PRP it))))))))))) (. .) (-DFL- E_S))",134
sw05utt/sw_0526_2160.utt,2/sw2160,2160,90,aa,B,48,1,"No,  /","No/UH ,/,","(INTJ (UH No) (, ,) (-DFL- E_S))",136
sw05utt/sw_0526_2160.utt,2/sw2160,2160,91,sv,B,48,2,"they don't want the money for food,  /","[ they/PRP ] do/VBP n't/RB want/VB  [ the/DT money/NN ] for/IN  [ food/NN ] ,/,","(S (NP-SBJ (PRP they)) (VP (VBP do) (RB n't) (VP (VB want) (NP (DT the) (NN money)) (PP-PRP (IN for) (NP (NN food))))) (, ,) (-DFL- E_S))",137
sw05utt/sw_0526_2160.utt,2/sw2160,2160,92,sv,B,48,3,that's for sure. /,[ that/DT ] 's/BES for/IN sure/JJ ./.,(S (NP-SBJ (DT that)) (VP (BES 's) (PP-PRD (IN for) (ADJP (JJ sure)))) (. .) (-DFL- E_S)),138
sw05utt/sw_0526_2160.utt,2/sw2160,2160,93,aa,A,49,1,"Right,  /","Right/UH ,/,","(INTJ (UH Right) (, ,) (-DFL- E_S))",140
sw05utt/sw_0526_2160.utt,2/sw2160,2160,94,aa,A,49,2,"right, #  /","right/UH ,/,","(INTJ (UH right) (, ,) (-DFL- E_S))",141
sw05utt/sw_0526_2160.utt,2/sw2160,2160,95,%,A,49,3,{C and so. } # -/,and/CC so/RB ./.,(S-UNF (CONJP (CC and) (RB so)) (. .) (-DFL- N_S)),142
sw05utt/sw_0526_2160.utt,2/sw2160,2160,96,sv,B,50,1,"# {D Well, } {C but } {D you know, } [ the, + # the ] [ strange thing, +  {F uh, } perhaps, not strange, but  something that many people don't realize, ] is that you can go back as far as nineteen fifty-one and fifty-two and find that there were drug dealers at that time trying to influence the high school kids,  /","Well/UH ,/, but/CC  [ you/PRP ] know/VBP ,/,  [ the/DT ] ,/,  [ the/DT strange/JJ thing/NN ] ,/,  [ uh/UH ] ,/, perhaps/RB ,/, not/RB  [ strange/JJ ] ,/, but/CC  [ something/NN ] that/IN  [ many/JJ people/NNS ] do/VBP n't/RB realize/VB ,/, is/VBZ that/IN  [ you/PRP ] can/MD go/VB back/RB as/RB far/RB as/IN  [ nineteen/CD fifty-one/CD ] and/CC  [ fifty-two/CD ] and/CC find/VB that/IN  [ there/EX ] were/VBD  [ drug/NN dealers/NNS ] at/IN  [ that/DT time/NN ] trying/VBG to/TO influence/VB  [ the/DT high/JJ school/NN kids/NNS ] ,/,","(S (INTJ (UH Well)) (, ,) (CC but) (PRN (S (NP-SBJ (PRP you)) (VP (VBP know))) (, ,)) (EDITED (RM (-DFL- \[)) (NP-SBJ-UNF (DT the)) (, ,) (IP (-DFL- \+))) (EDITED (NP-SBJ-UNF (DT the) (RS (-DFL- \])) (RM (-DFL- \[)) (JJ strange) (NN thing) (, ,) (IP (-DFL- \+)) (INTJ (UH uh)))) (PRN (, ,) (ADVP (RB perhaps)) (, ,) (ADJP (RB not) (JJ strange)) (, ,)) (EDITED (CC but)) (NP-SBJ (NP (NN something)) (SBAR (WHNP-1 (IN that)) (S (NP-SBJ (JJ many) (NNS people)) (VP (VBP do) (RB n't) (VP (VB realize) (NP (-NONE- *T*-1))))))) (, ,) (RS (-DFL- \])) (VP (VBZ is) (SBAR-PRD (IN that) (S (NP-SBJ (PRP you)) (VP (MD can) (VP (VP (VB go) (ADVP (RB back)) (ADVP (ADVP (RB as) (RB far)) (PP (IN as) (NP (NP (CD nineteen) (CD fifty-one)) (CC and) (NP (CD fifty-two)))))) (CC and) (VP (VB find) (SBAR (IN that) (S (NP-SBJ (EX there)) (VP (VBD were) (S-PRD (NP-SBJ-2 (NN drug) (NNS dealers)) (PP-TMP (IN at) (NP (DT that) (NN time))) (VP (VBG trying) (S (NP-SBJ (-NONE- *-2)) (VP (TO to) (VP (VB influence) (NP (DT the) (JJ high) (NN school) (NNS kids)))))))))))))))) (, ,) (-DFL- E_S))",144
sw05utt/sw_0526_2160.utt,2/sw2160,2160,97,sd,B,50,2,"{C because, } {F uh, } I'm a retired educator. /","because/RB ,/,  [ uh/UH ] ,/,  [ I/PRP ] 'm/VBP  [ a/DT retired/VBN educator/NN ] ./.","(SBAR-PRP (RB because) (, ,) (INTJ (UH uh)) (, ,) (S (NP-SBJ (PRP I)) (VP (VBP 'm) (NP-PRD (DT a) (VBN retired) (NN educator)))) (. .) (-DFL- E_S))",145
sw05utt/sw_0526_2160.utt,2/sw2160,2160,98,bk,A,51,1,Okay <noise>. /,Okay/UH ./.,(INTJ (UH Okay) (. .) (-DFL- E_S)),147
sw05utt/sw_0526_2160.utt,2/sw2160,2160,99,sd,B,52,1,"{C And, } in fifty-one and fifty-two, the police came to the high school where I was and were telling us how to recognize when kids were on drugs, how to recognize the pushers --","And/CC ,/, in/IN  [ fifty-one/CD ] and/CC  [ fifty-two/CD ] ,/,  [ the/DT police/NN ] came/VBD to/IN  [ the/DT high/JJ school/NN ] where/WRB  [ I/PRP ] was/VBD and/CC were/VBD telling/VBG  [ us/PRP ] how/WRB to/TO recognize/VB when/WRB  [ kids/NNS ] were/VBD on/IN  [ drugs/NNS ] ,/, how/WRB to/TO recognize/VB  [ the/DT pushers/NNS ] --/:","(S (CC And) (, ,) (PP-TMP (IN in) (NP (CD fifty-one) (CC and) (CD fifty-two))) (, ,) (NP-SBJ (DT the) (NN police)) (VP (VP (VBD came) (PP-DIR (IN to) (NP (NP (DT the) (JJ high) (NN school)) (SBAR (WHADVP-1 (WRB where)) (S (NP-SBJ (PRP I)) (VP (VBD was) (ADVP-PRD-LOC (-NONE- *T*-1)))))))) (CC and) (VP (VBD were) (VP (VBG telling) (NP (PRP us)) (SBAR (SBAR (WHADVP-3 (WRB how)) (S (NP-SBJ (-NONE- *)) (VP (TO to) (VP (VB recognize) (SBAR (WHADVP-2 (WRB when)) (S (NP-SBJ (NNS kids)) (VP (VBD were) (PP-PRD (IN on) (NP (NNS drugs))) (ADVP-TMP (-NONE- *T*-2))))) (ADVP-MNR (-NONE- *T*-3)))))) (, ,) (SBAR (WHADVP-5 (WRB how)) (S (NP-SBJ (-NONE- *)) (VP (TO to) (VP (VB recognize) (UCP (NP (NP (DT the) (NNS pushers)) (PP-LOC (IN outside) (NP (DT the) (CD one) (NN entrance)))) (, ,) (SBAR (IN that) (S (NP-SBJ-4 (PRP they)) (VP (VBD were) (VP (VBG giving) (NP (PRP$ their) (NNS drugs)) (ADVP (RP away)) (SBAR-PRP (IN in) (NN order) (S (NP-SBJ (-NONE- *-4)) (VP (TO to) (VP (VB get) (S (NP-SBJ (DT the) (NNS kids)) (VP (VBN started) (NP (-NONE- *))))))))))))) (ADVP-MNR (-NONE- *T*-5))))))))) (, ,) (CC and) (ADVP-ETC (RB so) (RB on)) (, ,) (CC and) (ADVP-ETC (RB so) (RB on))) (. .) (-DFL- E_S))",149
sw05utt/sw_0526_2160.utt,2/sw2160,2160,100,b,A,53,1,Yeah. /,Yeah/UH ./.,(INTJ (UH Yeah) (. .) (-DFL- E_S)),109
sw05utt/sw_0526_2160.utt,2/sw2160,2160,101,+,B,54,1,"-- outside the one entrance, that they were giving their drugs away in order to get the kids started,  and so on, and so on.  /","--/: outside/IN  [ the/DT one/CD entrance/NN ] ,/, that/IN  [ they/PRP ] were/VBD giving/VBG  [ their/PRP$ drugs/NNS ] away/RP in/IN  [ order/NN ] to/TO get/VB  [ the/DT kids/NNS ] started/VBN ,/, and/CC so/RB on/RB ,/, and/CC so/RB on/RB ./.","(S (CC And) (, ,) (PP-TMP (IN in) (NP (CD fifty-one) (CC and) (CD fifty-two))) (, ,) (NP-SBJ (DT the) (NN police)) (VP (VP (VBD came) (PP-DIR (IN to) (NP (NP (DT the) (JJ high) (NN school)) (SBAR (WHADVP-1 (WRB where)) (S (NP-SBJ (PRP I)) (VP (VBD was) (ADVP-PRD-LOC (-NONE- *T*-1)))))))) (CC and) (VP (VBD were) (VP (VBG telling) (NP (PRP us)) (SBAR (SBAR (WHADVP-3 (WRB how)) (S (NP-SBJ (-NONE- *)) (VP (TO to) (VP (VB recognize) (SBAR (WHADVP-2 (WRB when)) (S (NP-SBJ (NNS kids)) (VP (VBD were) (PP-PRD (IN on) (NP (NNS drugs))) (ADVP-TMP (-NONE- *T*-2))))) (ADVP-MNR (-NONE- *T*-3)))))) (, ,) (SBAR (WHADVP-5 (WRB how)) (S (NP-SBJ (-NONE- *)) (VP (TO to) (VP (VB recognize) (UCP (NP (NP (DT the) (NNS pushers)) (PP-LOC (IN outside) (NP (DT the) (CD one) (NN entrance)))) (, ,) (SBAR (IN that) (S (NP-SBJ-4 (PRP they)) (VP (VBD were) (VP (VBG giving) (NP (PRP$ their) (NNS drugs)) (ADVP (RP away)) (SBAR-PRP (IN in) (NN order) (S (NP-SBJ (-NONE- *-4)) (VP (TO to) (VP (VB get) (S (NP-SBJ (DT the) (NNS kids)) (VP (VBN started) (NP (-NONE- *))))))))))))) (ADVP-MNR (-NONE- *T*-5))))))))) (, ,) (CC and) (ADVP-ETC (RB so) (RB on)) (, ,) (CC and) (ADVP-ETC (RB so) (RB on))) (. .) (-DFL- E_S))",149
sw05utt/sw_0526_2160.utt,2/sw2160,2160,102,sv,B,54,2,"{C So } it's a problem that's been around for over forty years,  /","So/RB  [ it/PRP ] 's/BES  [ a/DT problem/NN ] [ that/WDT ] 's/HVS been/VBN around/RB for/IN over/RB  [ forty/CD years/NNS ] ,/,","(S (RB So) (NP-SBJ (PRP it)) (VP (BES 's) (NP-PRD (NP (DT a) (NN problem)) (SBAR (WHNP-1 (WDT that)) (S (NP-SBJ (-NONE- *T*-1)) (VP (HVS 's) (VP (VBN been) (ADVP-LOC-PRD (RB around)) (PP-TMP (IN for) (NP (QP (RB over) (CD forty)) (NNS years))))))))) (, ,) (-DFL- E_S))",153
sw05utt/sw_0526_2160.utt,2/sw2160,2160,103,sv,B,54,3,"{C and } we're just really, {F uh, } {F uh, } now, trying to, {F uh, } figure out how to cope with the problem because it has grown so huge. /","and/CC  [ we/PRP ] 're/VBP just/RB really/RB ,/,  [ uh/UH ] ,/,  [ uh/UH ] ,/, now/RB ,/, trying/VBG to/TO ,/,  [ uh/UH ] ,/,  [ figure/VB ] out/RP how/WRB to/TO cope/VB with/IN  [ the/DT problem/NN ] because/IN  [ it/PRP ] has/VBZ grown/VBN so/RB huge/JJ ./.","(S (CC and) (NP-SBJ-1 (PRP we)) (VP (VBP 're) (ADVP (RB just)) (ADVP (RB really)) (, ,) (INTJ (UH uh)) (, ,) (INTJ (UH uh)) (, ,) (ADVP-TMP (RB now)) (, ,) (VP (VBG trying) (S (NP-SBJ (-NONE- *-1)) (VP (TO to) (, ,) (INTJ (UH uh)) (, ,) (VP (VB figure) (PRT (RP out)) (SBAR (WHADVP-3 (WRB how)) (S (NP-SBJ (-NONE- *)) (VP (TO to) (VP (VB cope) (PP (IN with) (NP (DT the) (NN problem))) (ADVP-MNR (-NONE- *T*-3)))))) (SBAR-PRP (IN because) (S (NP-SBJ (PRP it)) (VP (VBZ has) (VP (VBN grown) (ADJP-PRD (RB so) (JJ huge))))))))))) (. .) (-DFL- E_S))",154
sw05utt/sw_0526_2160.utt,2/sw2160,2160,104,b,A,55,1,"Yeah,  /","Yeah/UH ,/,","(INTJ (UH Yeah) (, ,) (-DFL- E_S))",156
sw05utt/sw_0526_2160.utt,2/sw2160,2160,105,sd,A,55,2,"[ there's a, + there's [ a, +   {F uh, }  a ] ] song that I know which says, {D you know, } tha-, - /","[ there/EX ] 's/BES  [ a/DT ] ,/,  [ there/EX ] 's/BES  [ a/DT ] ,/,  [ uh/UH ] ,/,  [ a/DT song/NN ] that/WDT  [ I/PRP ] know/VBP  [ which/WDT ] says/VBZ ,/,  [ you/PRP ] know/VBP ,/,  [ tha-/IN ] ,/,","(S (EDITED (RM (-DFL- \[)) (S (NP-SBJ (EX there)) (VP (BES 's) (NP-PRD-UNF (DT a)))) (, ,) (IP (-DFL- \+))) (NP-SBJ (EX there)) (VP (BES 's) (EDITED (RM (-DFL- \[)) (NP-PRD-UNF (DT a)) (, ,) (IP (-DFL- \+))) (INTJ (UH uh)) (, ,) (NP-PRD (NP (DT a) (RS (-DFL- \])) (RS (-DFL- \])) (NN song)) (SBAR (WHNP-1 (WDT that)) (S (NP-SBJ (PRP I)) (VP (VBP know) (NP (-NONE- *T*-1))))) (SBAR (WHNP-2 (WDT which)) (S (NP-SBJ (-NONE- *T*-2)) (VP (VBZ says) (PRN (, ,) (S (NP-SBJ (PRP you)) (VP (VBP know))) (, ,)) (SBAR-UNF (IN tha-))))))) (, ,) (-DFL- N_S))",157
sw05utt/sw_0526_2160.utt,2/sw2160,2160,106,sd,A,55,3,"it's like, in, {F uh, } nineteen eighty-eight, nineteen eighty-nine, the local, state, and federal governments spent the least amount of money on crime in America,  /","[ it/PRP ] 's/BES like/UH ,/, in/IN ,/,  [ uh/UH ] ,/,  [ nineteen/CD eighty-eight/CD ] ,/,  [ nineteen/CD eighty-nine/CD ] ,/,  [ the/DT local/JJ ] ,/,  [ state/NN ] ,/, and/CC  [ federal/JJ governments/NNS ] spent/VBD  [ the/DT least/JJS amount/NN ] of/IN  [ money/NN ] on/IN  [ crime/NN ] in/IN  [ America/NNP ] ,/,","(S (NP-SBJ (PRP it)) (VP (BES 's) (SBAR-PRD (UH like) (, ,) (S (PP-TMP (IN in) (, ,) (INTJ (UH uh)) (, ,) (NP (CD nineteen) (CD eighty-eight) (, ,) (CD nineteen) (CD eighty-nine))) (, ,) (NP-SBJ (DT the) (UCP (JJ local) (, ,) (NN state) (, ,) (CC and) (JJ federal)) (NNS governments)) (VP (VBD spent) (NP (NP (DT the) (JJS least) (NN amount)) (PP (IN of) (NP (NN money)))) (PP (IN on) (NP (NN crime))) (PP-LOC (IN in) (NP (NNP America))))))) (, ,) (-DFL- E_S))",158
sw05utt/sw_0526_2160.utt,2/sw2160,2160,107,sv,A,55,4,"{C and, } {F uh, } their figures, I think are [ too, +  so ] - /","and/CC ,/,  [ uh/UH ] ,/,  [ their/PRP$ figures/NNS ] ,/,  [ I/PRP ] think/VBP are/VBP too/RB ,/, so/RB","(S-1 (CC and) (, ,) (INTJ (UH uh)) (, ,) (NP-SBJ (PRP$ their) (NNS figures)) (PRN (, ,) (S (NP-SBJ (PRP I)) (VP (VBP think) (SBAR (-NONE- 0) (S (-NONE- *T*-1)))))) (VP (VBP are) (EDITED (RM (-DFL- \[)) (ADJP-PRD-UNF (RB too)) (, ,) (IP (-DFL- \+))) (ADJP-PRD-UNF (RB so))) (RS (-DFL- \])) (-DFL- N_S))",159
sw05utt/sw_0526_2160.utt,2/sw2160,2160,108,sv,A,55,5,"{E I mean } it's like,  [ compared to, + {D you know, } compared to, ] weapons or stuff like that, {E I mean, } you're spending nothing [ on, + on ] crime in the country itself.  /","[ I/PRP ] mean/VBP  [ it/PRP ] 's/BES like/JJ ,/, compared/VBN to/IN ,/,  [ you/PRP ] know/VBP ,/, compared/VBN to/IN ,/,  [ weapons/NNS ] or/CC stuff/NN like/IN  [ that/DT ] ,/,  [ I/PRP ] mean/VBP ,/,  [ you/PRP ] 're/VBP spending/VBG  [ nothing/NN ] on/IN ,/, on/IN  [ crime/NN ] in/IN  [ the/DT country/NN ] [ itself/PRP ] ./.","(S (PRN (S (NP-SBJ (PRP I)) (VP (VBP mean)))) (NP-SBJ (PRP it)) (VP (BES 's) (SBAR-PRD (JJ like) (, ,) (S (EDITED (RM (-DFL- \[)) (PP (VBN compared) (PP-UNF (IN to))) (, ,) (IP (-DFL- \+))) (PRN (S (NP-SBJ (PRP you)) (VP (VBP know))) (, ,)) (PP (VBN compared) (PP (IN to) (, ,) (RS (-DFL- \])) (NP (NP (NNS weapons)) (CC or) (NP (NP (NN stuff)) (PP (IN like) (NP (DT that))))))) (PRN (, ,) (S (NP-SBJ (PRP I)) (VP (VBP mean))) (, ,)) (NP-SBJ (PRP you)) (VP (VBP 're) (VP (VBG spending) (NP (NN nothing)) (EDITED (RM (-DFL- \[)) (PP-UNF (IN on)) (, ,) (IP (-DFL- \+))) (PP (IN on) (RS (-DFL- \])) (NP (NN crime))) (PP-LOC (IN in) (NP (DT the) (NN country))) (NP-ADV (PRP itself))))))) (. .) (-DFL- E_S))",160
sw05utt/sw_0526_2160.utt,2/sw2160,2160,109,%,A,55,6,"What you're doing is, you, {D you know, } - /","[ What/WP ] [ you/PRP ] 're/VBP doing/VBG is/VBZ ,/,  [ you/PRP ] ,/,  [ you/PRP ] know/VBP ,/,","(S (SBAR-NOM-SBJ (WHNP-1 (WP What)) (S (NP-SBJ (PRP you)) (VP (VBP 're) (VP (VBG doing) (NP (-NONE- *T*-1)))))) (VP (VBZ is) (, ,) (SBAR-PRD (-NONE- 0) (S-UNF (NP-SBJ (PRP you)) (PRN (, ,) (S (NP-SBJ (PRP you)) (VP (VBP know))))))) (, ,) (-DFL- N_S))",161
sw05utt/sw_0526_2160.utt,2/sw2160,2160,110,sv,A,55,7,"it's like, you have other things, {D you know, }  /","[ it/PRP ] 's/BES like/UH ,/,  [ you/PRP ] have/VBP  [ other/JJ things/NNS ] ,/,  [ you/PRP ] know/VBP ,/,","(S (NP-SBJ (PRP it)) (VP (BES 's) (SBAR-PRD (UH like) (, ,) (S (NP-SBJ (PRP you)) (VP (VBP have) (NP (JJ other) (NNS things))))) (PRN (, ,) (S (NP-SBJ (PRP you)) (VP (VBP know))))) (, ,) (-DFL- E_S))",162
sw05utt/sw_0526_2160.utt,2/sw2160,2160,111,sv,A,55,8,you have the AIDS  /,[ you/PRP ] have/VBP  [ the/DT AIDS/NN,(S (NP-SBJ (PRP you)) (VP (VBP have) (NP (DT the) (NN AIDS))) (-DFL- E_S)),163
sw05utt/sw_0526_2160.utt,2/sw2160,2160,112,sv,A,55,9,"we're going to solve, try to solve --","we/PRP ] 're/VBP going/VBG to/TO solve/VB ,/, try/VB to/TO solve/VB --/:","(S (NP-SBJ-1 (PRP we)) (VP (VBP 're) (VP (VBG going) (S (NP-SBJ-2 (-NONE- *-1)) (VP (TO to) (EDITED (VP (VB solve))) (, ,) (VP (VB try) (S (NP-SBJ (-NONE- *-2)) (VP (TO to) (VP (VB solve) (NP (DT the) (NN AIDS) (NN problem)) (SBAR-TMP (EDITED (RM (-DFL- \[)) (SBAR-TMP-UNF (IN while)) (, ,) (IP (-DFL- \+))) (IN while) (, ,) (RS (-DFL- \])) (PRN (S (NP-SBJ (PRP you)) (VP (VBP know))) (, ,)) (S (NP-SBJ-3 (DT some) (NNS people)) (VP (VBP are) (VP (VBG getting) (VP (VBN killed) (NP (-NONE- *-3)) (ADVP-LOC (RB here) (CC and) (RB there))))))))))))))) (-DFL- E_S))",164
sw05utt/sw_0526_2160.utt,2/sw2160,2160,113,b,B,56,1,Uh-huh. /,[ Uh-huh/UH ] ./.,(INTJ (UH Uh-huh) (. .) (-DFL- E_S)),166
sw05utt/sw_0526_2160.utt,2/sw2160,2160,114,+,A,57,1,"-- the AIDS problem [ while, + while,  ] {D you know, } some people are getting killed here and there  /","--/:  [ the/DT AIDS/NN problem/NN ] while/IN ,/, while/IN ,/,  [ you/PRP ] know/VBP ,/,  [ some/DT people/NNS ] are/VBP getting/VBG killed/VBN here/RB and/CC there/RB","(S (NP-SBJ-1 (PRP we)) (VP (VBP 're) (VP (VBG going) (S (NP-SBJ-2 (-NONE- *-1)) (VP (TO to) (EDITED (VP (VB solve))) (, ,) (VP (VB try) (S (NP-SBJ (-NONE- *-2)) (VP (TO to) (VP (VB solve) (NP (DT the) (NN AIDS) (NN problem)) (SBAR-TMP (EDITED (RM (-DFL- \[)) (SBAR-TMP-UNF (IN while)) (, ,) (IP (-DFL- \+))) (IN while) (, ,) (RS (-DFL- \])) (PRN (S (NP-SBJ (PRP you)) (VP (VBP know))) (, ,)) (S (NP-SBJ-3 (DT some) (NNS people)) (VP (VBP are) (VP (VBG getting) (VP (VBN killed) (NP (-NONE- *-3)) (ADVP-LOC (RB here) (CC and) (RB there))))))))))))))) (-DFL- E_S))",164
sw05utt/sw_0526_2160.utt,2/sw2160,2160,115,%,A,57,2,{C and then } <noise>. -/,and/CC then/RB ./.,(S-UNF (CONJP (CC and) (RB then)) (. .) (-DFL- N_S)),168
sw05utt/sw_0526_2160.utt,2/sw2160,2160,116,b,B,58,1,Yeah  /,Yeah/UH,(INTJ (UH Yeah) (-DFL- E_S)),170
sw05utt/sw_0526_2160.utt,2/sw2160,2160,117,sv,B,58,2,"{C and } another one of the problems is that the people who are the dealers, the big dealers in drugs,","and/CC  [ another/DT one/CD ] of/IN  [ the/DT problems/NNS ] is/VBZ that/IN  [ the/DT people/NNS ] [ who/WDT ] are/VBP  [ the/DT dealers/NNS ] ,/,  [ the/DT big/JJ dealers/NNS ] in/IN  [ drugs/NNS ] ,/,","(S (CC and) (NP-SBJ (NP (DT another) (CD one)) (PP (IN of) (NP (DT the) (NNS problems)))) (VP (VBZ is) (SBAR-PRD (IN that) (S (NP-SBJ (NP (DT the) (NNS people)) (SBAR (WHNP-1 (WDT who)) (S (NP-SBJ (-NONE- *T*-1)) (VP (VBP are) (NP-PRD (NP (DT the) (NNS dealers)) (, ,) (NP (NP (DT the) (JJ big) (NNS dealers)) (PP (IN in) (NP (NNS drugs))))))))) (, ,) (EDITED (RM (-DFL- \[)) (VP (MD may) (VP-UNF (VB be))) (, ,) (IP (-DFL- \+))) (VP (MD may) (VP (VB be) (RS (-DFL- \])) (NP-PRD (NP (NN part)) (PP (IN of) (NP (NP (DT the) (NN power) (NN structure)) (SBAR (WHNP-2 (WDT that)) (S (NP-SBJ (-NONE- *T*-2)) (VP (BES 's) (VP (VBG keeping) (NP (PRP us)) (PP (IN from) (S-NOM (NP-SBJ (-NONE- *)) (VP (VBG spending) (NP (DT the) (NN money)) (PP (IN in) (NP (DT that) (NN direction)))))))))))))))))) (. .) (-DFL- E_S))",171
sw05utt/sw_0526_2160.utt,2/sw2160,2160,118,b,A,59,1,Uh-huh. /,[ Uh-huh/UH ] ./.,(INTJ (UH Uh-huh) (. .) (-DFL- E_S)),166
sw05utt/sw_0526_2160.utt,2/sw2160,2160,119,+,B,60,1,"[ may be, + may be ] part of the power structure that's keeping us from spending the money in that direction. /","may/MD be/VB ,/, may/MD be/VB  [ part/NN ] of/IN  [ the/DT power/NN structure/NN ] [ that/WDT ] 's/BES keeping/VBG  [ us/PRP ] from/IN spending/VBG  [ the/DT money/NN ] in/IN  [ that/DT direction/NN ] ./.","(S (CC and) (NP-SBJ (NP (DT another) (CD one)) (PP (IN of) (NP (DT the) (NNS problems)))) (VP (VBZ is) (SBAR-PRD (IN that) (S (NP-SBJ (NP (DT the) (NNS people)) (SBAR (WHNP-1 (WDT who)) (S (NP-SBJ (-NONE- *T*-1)) (VP (VBP are) (NP-PRD (NP (DT the) (NNS dealers)) (, ,) (NP (NP (DT the) (JJ big) (NNS dealers)) (PP (IN in) (NP (NNS drugs))))))))) (, ,) (EDITED (RM (-DFL- \[)) (VP (MD may) (VP-UNF (VB be))) (, ,) (IP (-DFL- \+))) (VP (MD may) (VP (VB be) (RS (-DFL- \])) (NP-PRD (NP (NN part)) (PP (IN of) (NP (NP (DT the) (NN power) (NN structure)) (SBAR (WHNP-2 (WDT that)) (S (NP-SBJ (-NONE- *T*-2)) (VP (BES 's) (VP (VBG keeping) (NP (PRP us)) (PP (IN from) (S-NOM (NP-SBJ (-NONE- *)) (VP (VBG spending) (NP (DT the) (NN money)) (PP (IN in) (NP (DT that) (NN direction)))))))))))))))))) (. .) (-DFL- E_S))",171
sw05utt/sw_0526_2160.utt,2/sw2160,2160,120,sv,A,61,1,{C But } those people never get caught.  /,But/CC  [ those/DT people/NNS ] never/RB get/VBP caught/VBN ./.,(S (CC But) (NP-SBJ-1 (DT those) (NNS people)) (ADVP-TMP (RB never)) (VP (VBP get) (VP (VBN caught) (NP (-NONE- *-1)))) (. .) (-DFL- E_S)),176
sw05utt/sw_0526_2160.utt,2/sw2160,2160,121,%,A,61,2,The people  [ [ that -- +,[ The/DT people/NNS ] that/WDT --/:,"(S (NP-SBJ (NP (DT The) (NNS people)) (SBAR (EDITED (RM (-DFL- \[)) (EDITED (RM (-DFL- \[)) (WHNP (WDT that)) (IP (-DFL- \+))) (WHNP (WDT that)) (, ,) (RS (-DFL- \])) (IP (-DFL- \+))) (WHNP (WDT that)) (RS (-DFL- \])) (S-UNF (NP-SBJ (PRP I))))) (, ,) (-DFL- N_S))",177
sw05utt/sw_0526_2160.utt,2/sw2160,2160,122,aa,B,62,1,"That's right,  /","[ That/DT ] 's/BES right/JJ ,/,","(S (NP-SBJ (DT That)) (VP (BES 's) (ADJP-PRD (JJ right))) (, ,) (-DFL- E_S))",179
sw05utt/sw_0526_2160.utt,2/sw2160,2160,123,sv,B,62,2,they'll never get caught. /,[ they/PRP ] 'll/MD never/RB get/VB caught/VBN ./.,(S (NP-SBJ-1 (PRP they)) (VP (MD 'll) (ADVP-TMP (RB never)) (VP (VB get) (VP (VBN caught) (NP (-NONE- *-1))))) (. .) (-DFL- E_S)),180
sw05utt/sw_0526_2160.utt,2/sw2160,2160,124,+,A,63,1,"-- that,  ] + that ] I, - /","--/: that/WDT ,/, that/WDT  [ I/PRP ] ,/,","(S (NP-SBJ (NP (DT The) (NNS people)) (SBAR (EDITED (RM (-DFL- \[)) (EDITED (RM (-DFL- \[)) (WHNP (WDT that)) (IP (-DFL- \+))) (WHNP (WDT that)) (, ,) (RS (-DFL- \])) (IP (-DFL- \+))) (WHNP (WDT that)) (RS (-DFL- \])) (S-UNF (NP-SBJ (PRP I))))) (, ,) (-DFL- N_S))",177
sw05utt/sw_0526_2160.utt,2/sw2160,2160,125,sv,A,63,2,"{D see, } their theory is that if I'm surrounded,   and  I'm going to be caught,  I'm going to try to find my way through,  /","see/UH ,/,  [ their/PRP$ theory/NN ] is/VBZ that/IN if/IN  [ I/PRP ] 'm/VBP surrounded/VBN ,/, and/CC  [ I/PRP ] 'm/VBP going/VBG to/TO be/VB caught/VBN ,/,  [ I/PRP ] 'm/VBP going/VBG to/TO try/VB to/TO find/VB  [ my/PRP$ way/NN ] through/IN ,/,","(S (INTJ (UH see)) (, ,) (NP-SBJ (PRP$ their) (NN theory)) (VP (VBZ is) (SBAR-PRD (IN that) (S (SBAR-ADV (IN if) (S (S (NP-SBJ-5 (PRP I)) (VP (VBP 'm) (VP (VBN surrounded) (NP (-NONE- *-5))))) (, ,) (CC and) (S (NP-SBJ-1 (PRP I)) (VP (VBP 'm) (VP (VBG going) (S (NP-SBJ-2 (-NONE- *-1)) (VP (TO to) (VP (VB be) (VP (VBN caught) (NP (-NONE- *-2))))))))))) (, ,) (NP-SBJ-3 (PRP I)) (VP (VBP 'm) (VP (VBG going) (S (NP-SBJ-4 (-NONE- *-3)) (VP (TO to) (VP (VB try) (S (NP-SBJ (-NONE- *-4)) (VP (TO to) (VP (VB find) (NP (PRP$ my) (NN way)) (ADVP (IN through))))))))))))) (, ,) (-DFL- E_S))",182
sw05utt/sw_0526_2160.utt,2/sw2160,2160,126,sv,A,63,3,{C and } they're not going to take me alive. /,and/CC  [ they/PRP ] 're/VBP not/RB going/VBG to/TO take/VB  [ me/PRP ] alive/JJ ./.,(S (CC and) (NP-SBJ-1 (PRP they)) (VP (VBP 're) (RB not) (VP (VBG going) (S (NP-SBJ (-NONE- *-1)) (VP (TO to) (VP (VB take) (S (NP-SBJ (PRP me)) (ADJP-PRD (JJ alive)))))))) (. .) (-DFL- E_S)),183
sw05utt/sw_0526_2160.utt,2/sw2160,2160,127,b,B,64,1,Uh-huh. /,[ Uh-huh/UH ] ./.,(INTJ (UH Uh-huh) (. .) (-DFL- E_S)),166
sw05utt/sw_0526_2160.utt,2/sw2160,2160,128,sv,A,65,1,"{C But } I have such a big army outside of my place, that nobody can touch me. /","But/CC  [ I/PRP ] have/VBP  [ such/PDT a/DT big/JJ army/NN outside/IN ] of/IN  [ my/PRP$ place/NN ] ,/, that/IN  [ nobody/NN ] can/MD touch/VB  [ me/PRP ] ./.","(S (CC But) (NP-SBJ (PRP I)) (VP (VBP have) (NP (PDT such) (DT a) (JJ big) (NN army)) (PP-LOC (IN outside) (PP (IN of) (NP (PRP$ my) (NN place)))) (, ,) (SBAR (IN that) (S (NP-SBJ (NN nobody)) (VP (MD can) (VP (VB touch) (NP (PRP me))))))) (. .) (-DFL- E_S))",187
sw05utt/sw_0526_2160.utt,2/sw2160,2160,129,aa,B,66,1,That's right.   /,[ That/DT ] 's/BES right/JJ ./.,(S (NP-SBJ (DT That)) (VP (BES 's) (ADJP-PRD (JJ right))) (. .) (-DFL- E_S)),189
sw05utt/sw_0526_2160.utt,2/sw2160,2160,130,%,B,66,2,"{C But } they'll, -/","But/CC  [ they/PRP ] 'll/MD ,/,","(S (CC But) (NP-SBJ (PRP they)) (VP-UNF (MD 'll)) (, ,) (-DFL- N_S))",190
sw05utt/sw_0526_2160.utt,2/sw2160,2160,131,sv,A,67,1,"{D You know, } it's like, - /","[ You/PRP ] know/VBP ,/,  [ it/PRP ] 's/BES like/IN ,/,","(S (PRN (S (NP-SBJ (PRP You)) (VP (VBP know))) (, ,)) (NP-SBJ (PRP it)) (VP (BES 's) (SBAR-PRD-UNF (IN like))) (, ,) (-DFL- N_S))",192
sw05utt/sw_0526_2160.utt,2/sw2160,2160,132,sv,A,67,2,"of course, {E I mean } I might be, {D you know, } [ the + the  ] leading drug dealer here,  /","of/IN  [ course/NN ] ,/,  [ I/PRP ] mean/VBP  [ I/PRP ] might/MD be/VB ,/,  [ you/PRP ] know/VBP ,/,  [ the/DT ] [ the/DT leading/JJ drug/NN dealer/NN ] here/RB ,/,","(S (PP (IN of) (NP (NN course))) (PRN (, ,) (S (NP-SBJ (PRP I)) (VP (VBP mean)))) (NP-SBJ (PRP I)) (VP (MD might) (VP (VB be) (PRN (, ,) (S (NP-SBJ (PRP you)) (VP (VBP know))) (, ,)) (EDITED (RM (-DFL- \[)) (NP-PRD-UNF (DT the)) (IP (-DFL- \+))) (NP-PRD (DT the) (RS (-DFL- \])) (JJ leading) (NN drug) (NN dealer)) (ADVP-LOC (RB here)))) (, ,) (-DFL- E_S))",193
sw05utt/sw_0526_2160.utt,2/sw2160,2160,133,sv,A,67,3,"{C but } you won't find me dealing in drugs,  /","but/CC  [ you/PRP ] wo/MD n't/RB find/VB  [ me/PRP ] dealing/VBG in/IN  [ drugs/NNS ] ,/,","(S (CC but) (NP-SBJ (PRP you)) (VP (MD wo) (RB n't) (VP (VB find) (S (NP-SBJ (PRP me)) (VP (VBG dealing) (PP (IN in) (NP (NNS drugs))))))) (, ,) (-DFL- E_S))",194
sw05utt/sw_0526_2160.utt,2/sw2160,2160,134,sv,A,67,4,"{E I mean, } there's no connection --","[ I/PRP ] mean/VBP ,/,  [ there/EX ] 's/BES  [ no/DT connection/NN ] --/:","(S (PRN (S (NP-SBJ (PRP I)) (VP (VBP mean))) (, ,)) (NP-SBJ (EX there)) (VP (BES 's) (NP-PRD (NP (DT no) (NN connection)) (PP (IN between) (NP (NP (PRP me)) (CC and) (NP (NP (DT the) (NNS people)) (SBAR (WHNP-1 (WDT that)) (S (NP-SBJ-2 (-NONE- *T*-1)) (VP (VBD were) (VP (VBN caught) (NP (-NONE- *-2)))))))))) (PRN (, ,) (S (NP-SBJ (PRP you)) (VP (VBP know))))) (. .) (-DFL- E_S))",195
sw05utt/sw_0526_2160.utt,2/sw2160,2160,135,aa,B,68,1,That's right. /,[ That/DT ] 's/BES right/JJ ./.,(S (NP-SBJ (DT That)) (VP (BES 's) (ADJP-PRD (JJ right))) (. .) (-DFL- E_S)),189
sw05utt/sw_0526_2160.utt,2/sw2160,2160,136,+,A,69,1,"-- between me and the people that were caught, {D you know. }  /","--/: between/IN  [ me/PRP ] and/CC  [ the/DT people/NNS ] [ that/WDT ] were/VBD caught/VBN ,/,  [ you/PRP ] know/VBP ./.","(S (PRN (S (NP-SBJ (PRP I)) (VP (VBP mean))) (, ,)) (NP-SBJ (EX there)) (VP (BES 's) (NP-PRD (NP (DT no) (NN connection)) (PP (IN between) (NP (NP (PRP me)) (CC and) (NP (NP (DT the) (NNS people)) (SBAR (WHNP-1 (WDT that)) (S (NP-SBJ-2 (-NONE- *T*-1)) (VP (VBD were) (VP (VBN caught) (NP (-NONE- *-2)))))))))) (PRN (, ,) (S (NP-SBJ (PRP you)) (VP (VBP know))))) (. .) (-DFL- E_S))",195
sw05utt/sw_0526_2160.utt,2/sw2160,2160,137,aa,B,70,1,"That's right,  /","[ That/DT ] 's/BES right/JJ ,/,","(S (NP-SBJ (DT That)) (VP (BES 's) (ADJP-PRD (JJ right))) (, ,) (-DFL- E_S))",179
sw05utt/sw_0526_2160.utt,2/sw2160,2160,138,%,B,70,2,"{C and, } they, - /","and/CC ,/,  [ they/PRP ] ,/,","(S-UNF (CC and) (, ,) (NP-SBJ (PRP they)) (, ,) (-DFL- N_S))",201
sw05utt/sw_0526_2160.utt,2/sw2160,2160,139,sv,B,70,3,one person doesn't know the other person down the line. /,[ one/CD person/NN ] does/VBZ n't/RB know/VB  [ the/DT other/JJ person/NN ] down/IN  [ the/DT line/NN ] ./.,(S (NP-SBJ (CD one) (NN person)) (VP (VBZ does) (RB n't) (VP (VB know) (NP (NP (DT the) (JJ other) (NN person)) (PP (IN down) (NP (DT the) (NN line)))))) (. .) (-DFL- E_S)),202
sw05utt/sw_0526_2160.utt,2/sw2160,2160,140,aa,A,71,1,Right. /,[ Right/UH ] ./.,(INTJ (UH Right) (. .) (-DFL- E_S)),204
sw05utt/sw_0526_2160.utt,2/sw2160,2160,141,sv,B,72,1,"{C But } the guy at the very top, the one [ who's, + who's ] really making  the millions  and the millions  is  the one who also many times is part of the power structure, {F uh, } [ the, + ] {F uh, } and had the political --","But/CC  [ the/DT guy/NN ] at/IN  [ the/DT very/JJ top/NN ] ,/,  [ the/DT one/NN ] [ who/WP ] [ 's/BES ] ,/,  [ who/WP ] 's/BES really/RB making/VBG  [ the/DT millions/NNS ] and/CC  [ the/DT millions/NNS ] is/VBZ  [ the/DT one/NN ] [ who/WP ] also/RB  [ many/JJ times/NNS ] is/VBZ  [ part/NN ] of/IN  [ the/DT power/NN structure/NN ] ,/,  [ uh/UH ] ,/,  [ the/DT ] ,/,  [ uh/UH ] ,/, and/CC had/VBD  [ the/DT political/JJ ] --/:","(S (CC But) (NP-SBJ (NP (NP (DT the) (NN guy)) (PP (IN at) (NP (DT the) (JJ very) (NN top)))) (, ,) (NP (NP (DT the) (NN one)) (SBAR (EDITED (RM (-DFL- \[)) (SBAR (WHNP-1 (WP who)) (S (NP-SBJ (-NONE- *T*-1)) (VP-UNF (BES 's)))) (, ,) (IP (-DFL- \+))) (WHNP-2 (WP who)) (S (NP-SBJ (-NONE- *T*-2)) (VP (BES 's) (RS (-DFL- \])) (VP (ADVP (RB really)) (VBG making) (NP (NP (DT the) (NNS millions)) (CC and) (NP (DT the) (NNS millions))))))))) (VP (VP (VBZ is) (NP-PRD (NP (DT the) (NN one)) (SBAR (WHNP-3 (WP who)) (S (NP-SBJ (-NONE- *T*-3)) (ADVP (RB also)) (NP-TMP (JJ many) (NNS times)) (VP (VBZ is) (NP-PRD (NP (NN part)) (PP (IN of) (NP (DT the) (NN power) (NN structure))))))))) (, ,) (INTJ (UH uh)) (, ,) (EDITED (RM (-DFL- \[)) (NP-UNF (DT the)) (, ,) (IP (-DFL- \+)) (RS (-DFL- \]))) (INTJ (UH uh)) (, ,) (CC and) (VP (VBD had) (S (NP-SBJ (DT the) (JJ political) (INTJ (UH uh)) (, ,) (NN pull)) (VP (TO to) (EDITED (RM (-DFL- \[)) (VP (VB keep) (NP (NNS things)) (PP-UNF (IN from))) (, ,) (IP (-DFL- \+))) (INTJ (UH uh)) (, ,) (VP (VB keep) (RS (-DFL- \])) (NP (NP (DT the) (NN interest)) (CC or) (NP (DT the) (NN emphasis))) (PP (IN in) (NP (NP (DT some) (JJ other) (NN direction)) (, ,) (ADVP (JJ other) (PP (IN than) (PP (IN on) (NP (DT the) (NN drug) (NN dealing)))))))))))) (, ,) (-DFL- E_S))",206
sw05utt/sw_0526_2160.utt,2/sw2160,2160,142,b,A,73,1,Yeah. /,Yeah/UH ./.,(INTJ (UH Yeah) (. .) (-DFL- E_S)),208
sw05utt/sw_0526_2160.utt,2/sw2160,2160,143,+,B,74,1,"-- {F uh, } pull to [ keep things from, + {F uh, } keep ] the interest or the emphasis in some other direction, other than on the drug dealing,  /","--/:  [ uh/UH ] ,/, pull/NN to/TO keep/VB  [ things/NNS ] from/IN ,/,  [ uh/UH ] ,/, keep/VB  [ the/DT interest/NN ] or/CC  [ the/DT emphasis/NN ] in/IN  [ some/DT other/JJ direction/NN ] ,/, other/JJ than/IN on/IN  [ the/DT drug/NN ] dealing/NN ,/,","(S (CC But) (NP-SBJ (NP (NP (DT the) (NN guy)) (PP (IN at) (NP (DT the) (JJ very) (NN top)))) (, ,) (NP (NP (DT the) (NN one)) (SBAR (EDITED (RM (-DFL- \[)) (SBAR (WHNP-1 (WP who)) (S (NP-SBJ (-NONE- *T*-1)) (VP-UNF (BES 's)))) (, ,) (IP (-DFL- \+))) (WHNP-2 (WP who)) (S (NP-SBJ (-NONE- *T*-2)) (VP (BES 's) (RS (-DFL- \])) (VP (ADVP (RB really)) (VBG making) (NP (NP (DT the) (NNS millions)) (CC and) (NP (DT the) (NNS millions))))))))) (VP (VP (VBZ is) (NP-PRD (NP (DT the) (NN one)) (SBAR (WHNP-3 (WP who)) (S (NP-SBJ (-NONE- *T*-3)) (ADVP (RB also)) (NP-TMP (JJ many) (NNS times)) (VP (VBZ is) (NP-PRD (NP (NN part)) (PP (IN of) (NP (DT the) (NN power) (NN structure))))))))) (, ,) (INTJ (UH uh)) (, ,) (EDITED (RM (-DFL- \[)) (NP-UNF (DT the)) (, ,) (IP (-DFL- \+)) (RS (-DFL- \]))) (INTJ (UH uh)) (, ,) (CC and) (VP (VBD had) (S (NP-SBJ (DT the) (JJ political) (INTJ (UH uh)) (, ,) (NN pull)) (VP (TO to) (EDITED (RM (-DFL- \[)) (VP (VB keep) (NP (NNS things)) (PP-UNF (IN from))) (, ,) (IP (-DFL- \+))) (INTJ (UH uh)) (, ,) (VP (VB keep) (RS (-DFL- \])) (NP (NP (DT the) (NN interest)) (CC or) (NP (DT the) (NN emphasis))) (PP (IN in) (NP (NP (DT some) (JJ other) (NN direction)) (, ,) (ADVP (JJ other) (PP (IN than) (PP (IN on) (NP (DT the) (NN drug) (NN dealing)))))))))))) (, ,) (-DFL- E_S))",206
sw05utt/sw_0526_2160.utt,2/sw2160,2160,144,sv,B,74,2,{C because } it sure is monstrous in this country. /,because/RB  [ it/PRP ] sure/RB is/VBZ monstrous/JJ in/IN  [ this/DT country/NN ] ./.,(SBAR-PRP (RB because) (S (NP-SBJ (PRP it)) (ADVP (RB sure)) (VP (VBZ is) (ADJP-PRD (JJ monstrous)) (PP-LOC (IN in) (NP (DT this) (NN country))))) (. .) (-DFL- E_S)),210
sw05utt/sw_0526_2160.utt,2/sw2160,2160,145,b,A,75,1,"Yeah,  /","[ Yeah/UH ] ,/,","(INTJ (UH Yeah) (, ,) (-DFL- E_S))",212
sw05utt/sw_0526_2160.utt,2/sw2160,2160,146,sd,A,75,2,"[ I was, + I was ] [ at a, + at a ] party on Saturday,  /","[ I/PRP ] was/VBD ,/,  [ I/PRP ] was/VBD at/IN  [ a/DT ] ,/, at/IN  [ a/DT party/NN ] on/IN  [ Saturday/NNP ] ,/,","(S (EDITED (RM (-DFL- \[)) (S (NP-SBJ (PRP I)) (VP-UNF (VBD was))) (, ,) (IP (-DFL- \+))) (NP-SBJ (PRP I)) (VP (VBD was) (RS (-DFL- \])) (EDITED (RM (-DFL- \[)) (PP-PRD-LOC (IN at) (NP-UNF (DT a))) (, ,) (IP (-DFL- \+))) (PP-LOC-PRD (IN at) (NP (DT a) (RS (-DFL- \])) (NN party))) (PP-TMP (IN on) (NP (NNP Saturday)))) (, ,) (-DFL- E_S))",213
sw05utt/sw_0526_2160.utt,2/sw2160,2160,147,sd,A,75,3,"{C and } this guy comes over,  /","and/CC  [ this/DT guy/NN ] comes/VBZ over/RP ,/,","(S (CC and) (NP-SBJ (DT this) (NN guy)) (VP (VBZ comes) (ADVP-DIR (RP over))) (, ,) (-DFL- E_S))",214
sw05utt/sw_0526_2160.utt,2/sw2160,2160,148,sd(^q),A,75,4,"he goes, hey, how you doing,  ((   ))  /","[ he/PRP ] goes/VBZ ,/, hey/UH ,/, how/WRB  [ you/PRP ] doing/VBG ,/,  [ MUMBLEx/XX ]","(S (NP-SBJ (PRP he)) (VP (VBZ goes) (, ,) (SBARQ-SEZ (INTJ (UH hey)) (, ,) (WHADVP-1 (WRB how)) (SQ (NP-SBJ (PRP you)) (VP (VBG doing) (ADVP (-NONE- *T*-1)))))) (, ,))|||(X (XX MUMBLEx) (-DFL- E_S))",215|||216
sw05utt/sw_0526_2160.utt,2/sw2160,2160,149,sd,A,75,5,"he started talking to me,  /","[ he/PRP ] started/VBD talking/VBG to/IN  [ me/PRP ] ,/,","(S (NP-SBJ-1 (PRP he)) (VP (VBD started) (S (NP-SBJ (-NONE- *-1)) (VP (VBG talking) (PP (IN to) (NP (PRP me)))))) (, ,) (-DFL- E_S))",217
sw05utt/sw_0526_2160.utt,2/sw2160,2160,150,sd,A,75,6,"{C and } this guy was from Jamaica, right. /","and/CC  [ this/DT guy/NN ] was/VBD from/IN  [ Jamaica/NNP ] ,/, right/UH ./.","(S (CC and) (NP-SBJ (DT this) (NN guy)) (VP (VBD was) (PP-PRD (IN from) (NP (NNP Jamaica))) (, ,) (INTJ (UH right))) (. .) (-DFL- E_S))",218
sw05utt/sw_0526_2160.utt,2/sw2160,2160,151,b,B,76,1,Uh-huh. /,[ Uh-huh/UH ] ./.,(INTJ (UH Uh-huh) (. .) (-DFL- E_S)),185
sw05utt/sw_0526_2160.utt,2/sw2160,2160,152,sd,A,77,1,{C And } he's got his little brother selling drugs <talking> <<Voices in background>>. /,And/CC  [ he/PRP ] [ 's/HVS ] got/VBN  [ his/PRP$ little/JJ brother/NN ] selling/VBG  [ drugs/NNS ] ./.,(S (CC And) (NP-SBJ (PRP he)) (VP (HVS 's) (VP (VBN got) (S (NP-SBJ (PRP$ his) (JJ little) (NN brother)) (VP (VBG selling) (NP (NNS drugs)))))) (. .) (-DFL- E_S)),222
sw05utt/sw_0526_2160.utt,2/sw2160,2160,153,b,B,78,1,Uh-huh. /,[ Uh-huh/UH ] ./.,(INTJ (UH Uh-huh) (. .) (-DFL- E_S)),220
sw05utt/sw_0526_2160.utt,2/sw2160,2160,154,sd(^q),A,79,1,"{D You know, } {C and } he goes, yeah,  I just came up here to work,  /","[ You/PRP ] know/VBP ,/, and/CC  [ he/PRP ] goes/VBZ ,/, yeah/UH ,/,  [ I/PRP ] just/RB came/VBD up/IN here/RB to/TO work/VB ,/,","(S (PRN (S (NP-SBJ (PRP You)) (VP (VBP know))) (, ,)) (CC and) (NP-SBJ (PRP he)) (VP (VBZ goes) (, ,) (S-SEZ (INTJ (UH yeah)) (, ,) (NP-SBJ (PRP I)) (ADVP (RB just)) (VP (VBD came) (PP-DIR (IN up) (ADVP (RB here))) (S-PRP (NP-SBJ (-NONE- *)) (VP (TO to) (VP (VB work))))))) (, ,) (-DFL- E_S))",226
sw05utt/sw_0526_2160.utt,2/sw2160,2160,155,sd(^q),A,79,2,"{C and } I go, oh you did,  ((   ))  you make very good money up here.  /","and/CC  [ I/PRP ] go/VBP ,/, oh/UH  [ you/PRP ] did/VBD ,/, MUMBLEx/XX  [ you/PRP ] make/VB  [ very/RB good/JJ money/NN ] up/IN here/RB ./.","(S (CC and) (NP-SBJ (PRP I)) (VP (VBP go) (, ,) (S-SEZ (INTJ (UH oh)) (NP-SBJ (PRP you)) (VP (VBD did)))) (, ,))|||(S (X (XX MUMBLEx)) (NP-SBJ (PRP you)) (VP (VB make) (NP (ADJP (RB very) (JJ good)) (NN money)) (PP-LOC (IN up) (ADVP (RB here)))) (. .) (-DFL- E_S))",227|||228
sw05utt/sw_0526_2160.utt,2/sw2160,2160,156,sd(^q),A,79,3,"He goes, yeah,  I make a lot, a lot of money,  /","[ He/PRP ] goes/VBZ ,/, yeah/UH ,/,  [ I/PRP ] make/VBP  [ a/DT lot/NN ] ,/,  [ a/DT lot/NN ] of/IN  [ money/NN ] ,/,","(S (NP-SBJ (PRP He)) (VP (VBZ goes) (, ,) (S-SEZ (INTJ (UH yeah)) (, ,) (NP-SBJ (PRP I)) (VP (VBP make) (EDITED (NP-UNF (DT a) (NN lot))) (, ,) (NP (NP (DT a) (NN lot)) (PP (IN of) (NP (NN money))))))) (, ,) (-DFL- E_S))",229
sw05utt/sw_0526_2160.utt,2/sw2160,2160,157,%,A,79,4,"he goes, {D you know. }  /","[ he/PRP ] goes/VBZ ,/,  [ you/PRP ] know/VBP ./.","(S (NP-SBJ (PRP he)) (VP-UNF (VBZ goes) (PRN (, ,) (S (NP-SBJ (PRP you)) (VP (VBP know))))) (. .) (-DFL- E_S))",230
sw05utt/sw_0526_2160.utt,2/sw2160,2160,158,%,A,79,5,"{C And, } {F uh, } in the movie GOOD FELLOWS. -/","And/CC ,/,  [ uh/UH ] ,/, in/IN  [ the/DT movie/NN GOOD/JJ FELLOWS/NNS ] ./.","(FRAG (CC And) (, ,) (INTJ (UH uh)) (, ,) (PP (IN in) (NP (NP (DT the) (NN movie)) (NP-TTL (JJ GOOD) (NNS FELLOWS)))) (. .) (-DFL- N_S))",231
sw05utt/sw_0526_2160.utt,2/sw2160,2160,159,aa,B,80,1,"Yeah,  /","Yeah/UH ,/,","(INTJ (UH Yeah) (, ,) (-DFL- E_S))",212
sw05utt/sw_0526_2160.utt,2/sw2160,2160,160,aa*,B,80,2,might. /  *[[spelling??]],might/MD ./.,(VP-UNF (MD might) (. .) (-DFL- E_S)),234
sw05utt/sw_0526_2160.utt,2/sw2160,2160,161,qy,A,81,1,Did you see it? /,Did/VBD  [ you/PRP ] see/VB  [ it/PRP ] ?/.,(SQ (VBD Did) (NP-SBJ (PRP you)) (VP (VB see) (NP (PRP it))) (. ?) (-DFL- E_S)),236
sw05utt/sw_0526_2160.utt,2/sw2160,2160,162,nn,B,82,1,"Nope,  /","[ Nope/UH ] ,/,","(INTJ (UH Nope) (, ,) (-DFL- E_S))",238
sw05utt/sw_0526_2160.utt,2/sw2160,2160,163,sd^e,B,82,2,I only heard about it. /,[ I/PRP ] only/RB heard/VBD about/IN  [ it/PRP ] ./.,(S (NP-SBJ (PRP I)) (ADVP (RB only)) (VP (VBD heard) (PP (IN about) (NP (PRP it)))) (. .) (-DFL- E_S)),239
sw05utt/sw_0526_2160.utt,2/sw2160,2160,164,bk,A,83,1,"Okay,  /","Okay/UH ,/,","(INTJ (UH Okay) (, ,) (-DFL- E_S))",241
sw05utt/sw_0526_2160.utt,2/sw2160,2160,165,sd,A,83,2,"in one part, the guy goes out of jail,  /","in/IN  [ one/CD part/NN ] ,/,  [ the/DT guy/NN ] goes/VBZ out/IN of/IN  [ jail/NN ] ,/,","(S (PP (IN in) (NP (CD one) (NN part))) (, ,) (NP-SBJ (DT the) (NN guy)) (VP (VBZ goes) (PP (IN out) (PP (IN of) (NP (NN jail))))) (, ,) (-DFL- E_S))",242
sw05utt/sw_0526_2160.utt,2/sw2160,2160,166,sd,A,83,3,"{C and } within, {F uh, } two months, he has all his house payments gone --","and/CC within/IN ,/,  [ uh/UH ] ,/,  [ two/CD months/NNS ] ,/,  [ he/PRP ] has/VBZ  [ all/PDT his/PRP$ house/NN payments/NNS ] gone/VBN --/:","(S (CC and) (PP-TMP (IN within) (, ,) (INTJ (UH uh)) (, ,) (NP (CD two) (NNS months))) (, ,) (NP-SBJ (PRP he)) (VP (VBZ has) (NP (NP (NP (PDT all) (PRP$ his) (NN house) (NNS payments)) (VP (VBN gone) (NP (-NONE- *)))) (NP (NP (NN everything)) (VP (VBN paid) (NP (-NONE- *))))) (PRN (, ,) (S (NP-SBJ (PRP you)) (VP (VBP know))))) (, ,) (-DFL- E_S))",243
sw05utt/sw_0526_2160.utt,2/sw2160,2160,167,b,B,84,1,Uh-huh. /,[ Uh-huh/UH ] ./.,(INTJ (UH Uh-huh) (. .) (-DFL- E_S)),220
sw05utt/sw_0526_2160.utt,2/sw2160,2160,168,+,A,85,1,"-- everything paid, {D you know, }  /","--/:  [ everything/NN ] paid/VBN ,/,  [ you/PRP ] know/VBP ,/,","(S (CC and) (PP-TMP (IN within) (, ,) (INTJ (UH uh)) (, ,) (NP (CD two) (NNS months))) (, ,) (NP-SBJ (PRP he)) (VP (VBZ has) (NP (NP (NP (PDT all) (PRP$ his) (NN house) (NNS payments)) (VP (VBN gone) (NP (-NONE- *)))) (NP (NP (NN everything)) (VP (VBN paid) (NP (-NONE- *))))) (PRN (, ,) (S (NP-SBJ (PRP you)) (VP (VBP know))))) (, ,) (-DFL- E_S))",243
sw05utt/sw_0526_2160.utt,2/sw2160,2160,169,sd,A,85,2,"{C and } he had enough money to, {D you know, } - /","and/CC  [ he/PRP ] had/VBD  [ enough/JJ money/NN ] to/TO ,/,  [ you/PRP ] know/VBP ,/,","(S (CC and) (NP-SBJ (PRP he)) (VP (VBD had) (NP (JJ enough) (NN money) (S (NP-SBJ (-NONE- *)) (VP-UNF (TO to) (PRN (, ,) (S (NP-SBJ (PRP you)) (VP (VBP know)))))))) (, ,) (-DFL- N_S))",247
sw05utt/sw_0526_2160.utt,2/sw2160,2160,170,sd,A,85,3,"it's like, those guys, at one point, {D you know, } they had so much money that they didn't know what to do with it </talking>. /","[ it/PRP ] 's/BES like/IN ,/,  [ those/DT guys/NNS ] ,/, at/IN  [ one/CD point/NN ] ,/,  [ you/PRP ] know/VBP ,/,  [ they/PRP ] had/VBD  [ so/RB much/JJ money/NN ] that/IN  [ they/PRP ] did/VBD n't/RB know/VB  [ what/WP ] to/TO do/VB with/IN  [ it/PRP ] ./.","(S (NP-SBJ (PRP it)) (VP (BES 's) (SBAR-PRD (IN like) (, ,) (S (NP-TPC (DT those) (NNS guys)) (, ,) (PP (IN at) (NP (CD one) (NN point))) (PRN (, ,) (S (NP-SBJ (PRP you)) (VP (VBP know))) (, ,)) (NP-SBJ (PRP they)) (VP (VBD had) (NP (ADJP (RB so) (JJ much)) (NN money) (SBAR (IN that) (S (NP-SBJ (PRP they)) (VP (VBD did) (RB n't) (VP (VB know) (SBAR (WHNP-1 (WP what)) (S (NP-SBJ (-NONE- *)) (VP (TO to) (VP (VB do) (NP (-NONE- *T*-1)) (PP (IN with) (NP (PRP it)))))))))))))))) (. .) (-DFL- E_S))",248
sw05utt/sw_0526_2160.utt,2/sw2160,2160,171,b,B,86,1,"Yeah,  /","Yeah/UH ,/,","(INTJ (UH Yeah) (, ,) (-DFL- E_S))",212
sw05utt/sw_0526_2160.utt,2/sw2160,2160,172,%,B,86,2,"really,  {D you know, }  /","really/RB ,/,  [ you/PRP ] know/VBP ,/,","(S-UNF (ADVP (RB really)) (PRN (, ,) (S (NP-SBJ (PRP you)) (VP (VBP know)))) (, ,) (-DFL- E_S))",251
sw05utt/sw_0526_2160.utt,2/sw2160,2160,173,sv,B,86,3,"even in our prison systems they're finding that [ they're, + they're ] having drugs smuggled into them. /","even/RB in/IN  [ our/PRP$ prison/NN systems/NNS they/PRP ] 're/VBP finding/VBG that/IN  [ they/PRP ] 're/VBP ,/,  [ they/PRP ] 're/VBP having/VBG  [ drugs/NNS ] smuggled/VBN into/IN  [ them/PRP ] ./.","(S (PP (ADVP (RB even)) (IN in) (NP (PRP$ our) (NN prison) (NNS systems))) (NP-SBJ (PRP they)) (VP (VBP 're) (VP (VBG finding) (SBAR (IN that) (S (EDITED (RM (-DFL- \[)) (S (NP-SBJ (PRP they)) (VP-UNF (VBP 're))) (, ,) (IP (-DFL- \+))) (NP-SBJ (PRP they)) (VP (VBP 're) (RS (-DFL- \])) (VP (VBG having) (NP (NP (NNS drugs)) (VP (VBN smuggled) (NP (-NONE- *)) (PP (IN into) (NP (PRP them))))))))))) (. .) (-DFL- E_S))",252
sw05utt/sw_0526_2160.utt,2/sw2160,2160,174,b,A,87,1,"Yeah,  /","Yeah/UH ,/,","(INTJ (UH Yeah) (, ,) (-DFL- E_S))",212
sw05utt/sw_0526_2160.utt,2/sw2160,2160,175,b^r,A,87,2,"yeah,  /","yeah/UH ,/,","(INTJ (UH yeah) (, ,) (-DFL- E_S))",255
sw05utt/sw_0526_2160.utt,2/sw2160,2160,176,sd,A,87,3,"[ that's, + [ that, + that ] was  ] also in the movie. /","[ that/DT ] 's/BES ,/, that/IN ,/,  [ that/WDT ] was/VBD also/RB in/IN  [ the/DT movie/NN ] ./.","(S (EDITED (RM (-DFL- \[)) (S (NP-SBJ (DT that)) (VP-UNF (BES 's))) (, ,) (IP (-DFL- \+))) (EDITED (RM (-DFL- \[)) (NP-SBJ (IN that)) (, ,) (IP (-DFL- \+))) (NP-SBJ (WDT that)) (RS (-DFL- \])) (VP (VBD was) (RS (-DFL- \])) (ADVP (RB also)) (PP-PRD (IN in) (NP (DT the) (NN movie)))) (. .) (-DFL- E_S))",256
sw05utt/sw_0526_2160.utt,2/sw2160,2160,177,b,B,88,1,Right. /,[ Right/UH ] ./.,(INTJ (UH Right) (. .) (-DFL- E_S)),258
sw05utt/sw_0526_2160.utt,2/sw2160,2160,178,b,A,89,1,Yeah.  /,Yeah/UH ./.,(INTJ (UH Yeah) (. .) (-DFL- E_S)),260
sw05utt/sw_0526_2160.utt,2/sw2160,2160,179,fp,A,89,2,{D So } hello Mary. /,So/RB hello/UH  [ Mary/NNP ] ./.,(FRAG (INTJ (UH So)) (INTJ (UH hello)) (NP-VOC (NNP Mary)) (. .) (-DFL- E_S)),261
sw05utt/sw_0526_2160.utt,2/sw2160,2160,180,fc,B,90,1,Been nice talking with you. /,Been/VBN  [ nice/JJ ] talking/VBG with/IN  [ you/PRP ] ./.,(S (NP-SBJ (NP (-NONE- *)) (S (-NONE- *EXP*-1))) (VP (VBN Been) (ADJP-PRD (JJ nice)) (S-1 (NP-SBJ (-NONE- *)) (VP (VBG talking) (PP (IN with) (NP (PRP you)))))) (. .) (-DFL- E_S)),263
sw05utt/sw_0526_2160.utt,2/sw2160,2160,181,fc,A,91,1,We've been talking for five minutes? /,[ We/PRP ] 've/VBP been/VBN talking/VBG for/IN  [ five/CD minutes/NNS ] ?/.,(S (NP-SBJ-1 (PRP We)) (VP (VBP 've) (VP (VBN been) (S (NP-SBJ (-NONE- *-1)) (VP (VBG talking) (PP-TMP (IN for) (NP (CD five) (NNS minutes))))))) (. ?) (-DFL- E_S)),265
sw05utt/sw_0526_2160.utt,2/sw2160,2160,182,fc,B,92,1,"I beg your, - /","[ I/PRP ] beg/VBP  [ your/PRP$ ] ,/,","(S (NP-SBJ (PRP I)) (VP (VBP beg) (NP-UNF (PRP$ your))) (, ,) (-DFL- N_S))",267
sw05utt/sw_0526_2160.utt,2/sw2160,2160,183,fc,B,92,2,we've been talking for a little bit.  /,[ we/PRP ] 've/VBP been/VBN talking/VBG for/IN  [ a/DT little/JJ bit/NN ] ./.,(S (NP-SBJ-1 (PRP we)) (VP (VBP 've) (VP (VBN been) (S (NP-SBJ (-NONE- *-1)) (VP (VBG talking) (PP-TMP (IN for) (NP (DT a) (JJ little) (NN bit))))))) (. .) (-DFL- E_S)),268
sw05utt/sw_0526_2160.utt,2/sw2160,2160,184,fc,B,92,3,I appreciate the call.  /,[ I/PRP ] appreciate/VBP  [ the/DT call/NN ] ./.,(S (NP-SBJ (PRP I)) (VP (VBP appreciate) (NP (DT the) (NN call))) (. .) (-DFL- E_S)),269
sw05utt/sw_0526_2160.utt,2/sw2160,2160,185,fc,B,92,4,# I enjoyed talking with you. # /,[ I/PRP ] enjoyed/VBD talking/VBG with/IN  [ you/PRP ] ./.,(S (NP-SBJ-1 (PRP I)) (VP (VBD enjoyed) (S (NP-SBJ (-NONE- *-1)) (VP (VBG talking) (PP (IN with) (NP (PRP you)))))) (. .) (-DFL- E_S)),270
sw05utt/sw_0526_2160.utt,2/sw2160,2160,186,fc,A,93,1,"# All right, # okay,  /","All/UH right/UH ,/,  [ okay/UH ] ,/,","(INTJ (INTJ (UH All) (UH right)) (, ,) (INTJ (UH okay)) (, ,) (-DFL- E_S))",272
sw05utt/sw_0526_2160.utt,2/sw2160,2160,187,fc,A,93,2,same here. /,[ same/JJ ] here/RB ./.,(FRAG (NP (JJ same)) (ADVP (RB here)) (. .) (-DFL- E_S)),273
sw05utt/sw_0526_2160.utt,2/sw2160,2160,188,fc,B,94,1,"Uh-huh,  /","[ Uh-huh/UH ] ,/,","(INTJ (UH Uh-huh) (, ,) (-DFL- E_S))",275
sw05utt/sw_0526_2160.utt,2/sw2160,2160,189,fc,B,94,2,# bye-bye. # /,[ bye-bye/UH ] ./.,(INTJ (UH bye-bye) (. .) (-DFL- E_S)),276
sw05utt/sw_0526_2160.utt,2/sw2160,2160,190,fc,A,95,1,# Bye-bye. # /,[ Bye-bye/UH ] ./.,(INTJ (UH Bye-bye) (. .) (-DFL- E_S)),278
