swda_filename,ptb_basename,conversation_no,transcript_index,act_tag,caller,utterance_index,subutterance_index,text,pos,trees,ptb_treenumbers
sw05utt/sw_0567_3574.utt,3/sw3574,3574,0,qy^g,A,1,1,"[ Up, + up ] there, [ maybe, + maybe ] you guys don't have as, {F uh, } big a problem with air pollution as many, do you? /","Up/IN ,/, up/IN there/RB ,/, maybe/RB ,/, maybe/RB  [ you/PRP ] [ guys/NNS ] do/VBP n't/RB have/VB as/RB ,/,  [ uh/UH ] ,/,  [ big/JJ a/DT problem/NN ] with/IN  [ air/NN pollution/NN ] as/IN  [ many/JJ ] ,/, do/VBP  [ you/PRP ] ?/.","(SQ (S (EDITED (RM (-DFL- \[)) (PP-LOC-UNF (IN Up)) (, ,) (IP (-DFL- \+))) (PP-LOC (IN up) (RS (-DFL- \])) (ADVP (RB there))) (, ,) (EDITED (RM (-DFL- \[)) (ADVP (RB maybe)) (, ,) (IP (-DFL- \+))) (ADVP (RB maybe)) (RS (-DFL- \])) (NP-SBJ (PRP you) (NNS guys)) (VP (VBP do) (RB n't) (VP (VB have) (NP (ADJP (RB as) (, ,) (INTJ (UH uh)) (, ,) (JJ big)) (NP (DT a) (NN problem)) (PP (IN with) (NP (NN air) (NN pollution)))) (PP (IN as) (NP (JJ many)))))) (, ,) (SQ (VBP do) (NP-SBJ (PRP you))) (. ?) (-DFL- E_S))",1
sw05utt/sw_0567_3574.utt,3/sw3574,3574,1,sd,B,2,1,"[ [ We, + we,  ] + we ] have a terrible air pollution problem. /","[ We/PRP ] ,/,  [ we/PRP ] ,/,  [ we/PRP ] have/VBP  [ a/DT terrible/JJ air/NN pollution/NN problem/NN ] ./.","(S (EDITED (RM (-DFL- \[)) (EDITED (RM (-DFL- \[)) (NP-SBJ (PRP We)) (, ,) (IP (-DFL- \+))) (NP-SBJ (PRP we)) (, ,) (RS (-DFL- \])) (IP (-DFL- \+))) (NP-SBJ (PRP we)) (RS (-DFL- \])) (VP (VBP have) (NP (DT a) (JJ terrible) (NN air) (NN pollution) (NN problem))) (. .) (-DFL- E_S))",3
sw05utt/sw_0567_3574.utt,3/sw3574,3574,2,bh,A,3,1,Do you really? /,Do/VBP  [ you/PRP ] really/RB ?/.,(SQ (VBP Do) (NP-SBJ (PRP you)) (ADVP (RB really)) (. ?) (-DFL- E_S)),5
sw05utt/sw_0567_3574.utt,3/sw3574,3574,3,sd,B,4,1,"Our summers are extremely, {F uh, } hazardous -- /","[ Our/PRP$ summers/NNS ] are/VBP extremely/RB ,/,  [ uh/UH ] ,/,  [ hazardous/JJ ] --/:","(S (NP-SBJ (PRP$ Our) (NNS summers)) (VP (VBP are) (ADJP-PRD (RB extremely) (, ,) (INTJ (UH uh)) (, ,) (JJ hazardous))) (-DFL- E_S))",7
sw05utt/sw_0567_3574.utt,3/sw3574,3574,4,b,A,5,1,Uh-huh. /,[ Uh-huh/UH ] ./.,(INTJ (UH Uh-huh) (. .) (-DFL- E_S)),9
sw05utt/sw_0567_3574.utt,3/sw3574,3574,5,sd,B,6,1,"--  {C and } during, {F uh, } certain wind directions because we get the, {F uh, } Gary, Indiana --","--/: and/CC during/IN ,/,  [ uh/UH ] ,/,  [ certain/JJ wind/NN directions/NNS ] because/IN  [ we/PRP ] get/VBP  [ the/DT ] ,/,  [ uh/UH ] ,/,  [ Gary/NNP ] ,/,  [ Indiana/NNP ] --/:","(FRAG (CC and) (PP (IN during) (, ,) (INTJ (UH uh)) (, ,) (NP (JJ certain) (NN wind) (NNS directions))) (SBAR-PRP (IN because) (S (NP-SBJ (PRP we)) (VP (VBP get) (NP (DT the) (, ,) (INTJ (UH uh)) (, ,) (NNP Gary) (, ,) (NNP Indiana) (NNP Chicago) (NN pollution))))) (-DFL- E_S))",11
sw05utt/sw_0567_3574.utt,3/sw3574,3574,6,b,A,7,1,Uh-huh. /,[ Uh-huh/UH ] ./.,(INTJ (UH Uh-huh) (. .) (-DFL- E_S)),9
sw05utt/sw_0567_3574.utt,3/sw3574,3574,7,+,B,8,1,-- Chicago pollution -- /,--/:  [ Chicago/NNP pollution/NN ] --/:,"(FRAG (CC and) (PP (IN during) (, ,) (INTJ (UH uh)) (, ,) (NP (JJ certain) (NN wind) (NNS directions))) (SBAR-PRP (IN because) (S (NP-SBJ (PRP we)) (VP (VBP get) (NP (DT the) (, ,) (INTJ (UH uh)) (, ,) (NNP Gary) (, ,) (NNP Indiana) (NNP Chicago) (NN pollution))))) (-DFL- E_S))",11
sw05utt/sw_0567_3574.utt,3/sw3574,3574,8,b,A,9,1,Uh-huh. /,[ Uh-huh/UH ] ./.,(INTJ (UH Uh-huh) (. .) (-DFL- E_S)),9
sw05utt/sw_0567_3574.utt,3/sw3574,3574,9,sd,B,10,1,"-- {C and } we can look out on the lake and just see the brown haze, {F uh } --","--/: and/CC  [ we/PRP ] can/MD look/VB out/RB on/IN  [ the/DT lake/NN ] and/CC just/RB see/VB  [ the/DT brown/JJ haze/NN ] ,/,  [ uh/UH ] --/:","(S (CC and) (NP-SBJ (PRP we)) (VP (MD can) (VP (VP (VB look) (PP (RB out) (PP (IN on) (NP (DT the) (NN lake))))) (CC and) (ADVP (RB just)) (VP (VB see) (S (NP-SBJ (DT the) (JJ brown) (NN haze)) (, ,) (INTJ (UH uh)) (VP (VBG coming) (PP-DIR (RB up) (PP (IN along) (NP (DT the) (NN lake))))))))) (. .) (-DFL- E_S))",18
sw05utt/sw_0567_3574.utt,3/sw3574,3574,10,ba,A,11,1,That's horrible. /,[ That/DT ] 's/BES horrible/JJ ./.,(S (NP-SBJ (DT That)) (VP (BES 's) (ADJP-PRD (JJ horrible))) (. .) (-DFL- E_S)),20
sw05utt/sw_0567_3574.utt,3/sw3574,3574,11,+,B,12,1,-- coming up along the lake. /,--/: coming/VBG up/RB along/IN  [ the/DT lake/NN ] ./.,"(S (CC and) (NP-SBJ (PRP we)) (VP (MD can) (VP (VP (VB look) (PP (RB out) (PP (IN on) (NP (DT the) (NN lake))))) (CC and) (ADVP (RB just)) (VP (VB see) (S (NP-SBJ (DT the) (JJ brown) (NN haze)) (, ,) (INTJ (UH uh)) (VP (VBG coming) (PP-DIR (RB up) (PP (IN along) (NP (DT the) (NN lake))))))))) (. .) (-DFL- E_S))",18
sw05utt/sw_0567_3574.utt,3/sw3574,3574,12,b,A,13,1,Uh-huh. /,[ Uh-huh/UH ] ./.,(INTJ (UH Uh-huh) (. .) (-DFL- E_S)),9
sw05utt/sw_0567_3574.utt,3/sw3574,3574,13,sd,B,14,1,"{C And } they do post, {F uh, } {F uh, } warnings for people who have, {F uh, } heart diseases or respiratory problems --","And/CC  [ they/PRP ] do/VBP post/VB ,/,  [ uh/UH ] ,/,  [ uh/UH ] ,/,  [ warnings/NNS ] for/IN  [ people/NNS ] [ who/WP ] have/VBP ,/,  [ uh/UH ] ,/,  [ heart/NN diseases/NNS ] or/CC  [ respiratory/JJ problems/NNS ] --/:","(S (CC And) (NP-SBJ (PRP they)) (VP (VBP do) (VP (VB post) (, ,) (INTJ (UH uh)) (, ,) (INTJ (UH uh)) (, ,) (NP (NNS warnings)) (PP (IN for) (NP (NP (NNS people)) (SBAR (WHNP-1 (WP who)) (S (NP-SBJ (-NONE- *T*-1)) (VP (VBP have) (, ,) (INTJ (UH uh)) (, ,) (NP (NP (NN heart) (NNS diseases)) (CC or) (NP (JJ respiratory) (NNS problems)))))))) (PP-TMP (IN during) (NP (DT that) (NN summer) (NN season))))) (. .) (-DFL- E_S))",25
sw05utt/sw_0567_3574.utt,3/sw3574,3574,14,b,A,15,1,Uh-huh. /,[ Uh-huh/UH ] ./.,(INTJ (UH Uh-huh) (. .) (-DFL- E_S)),9
sw05utt/sw_0567_3574.utt,3/sw3574,3574,15,+,B,16,1,-- during that summer season.  /,--/: during/IN  [ that/DT summer/NN season/NN ] ./.,"(S (CC And) (NP-SBJ (PRP they)) (VP (VBP do) (VP (VB post) (, ,) (INTJ (UH uh)) (, ,) (INTJ (UH uh)) (, ,) (NP (NNS warnings)) (PP (IN for) (NP (NP (NNS people)) (SBAR (WHNP-1 (WP who)) (S (NP-SBJ (-NONE- *T*-1)) (VP (VBP have) (, ,) (INTJ (UH uh)) (, ,) (NP (NP (NN heart) (NNS diseases)) (CC or) (NP (JJ respiratory) (NNS problems)))))))) (PP-TMP (IN during) (NP (DT that) (NN summer) (NN season))))) (. .) (-DFL- E_S))",25
sw05utt/sw_0567_3574.utt,3/sw3574,3574,16,sd,B,16,2,In the winter it's not as severe. /,In/IN  [ the/DT winter/NN ] [ it/PRP ] 's/BES not/RB as/RB severe/JJ ./.,(S (PP-TMP (IN In) (NP (DT the) (NN winter))) (NP-SBJ (PRP it)) (VP (BES 's) (RB not) (ADJP-PRD (RB as) (JJ severe))) (. .) (-DFL- E_S)),29
sw05utt/sw_0567_3574.utt,3/sw3574,3574,17,b,A,17,1,Right. /,[ Right/UH ] ./.,(INTJ (UH Right) (. .) (-DFL- E_S)),31
sw05utt/sw_0567_3574.utt,3/sw3574,3574,18,sd,B,18,1,"{C But, } {F uh, } if the wind comes basically from the south it can be really bad. /","But/CC ,/,  [ uh/UH ] ,/, if/IN  [ the/DT wind/NN ] comes/VBZ basically/RB from/IN  [ the/DT south/NN ] [ it/PRP ] can/MD be/VB really/RB bad/JJ ./.","(S (CC But) (, ,) (INTJ (UH uh)) (, ,) (SBAR-ADV (IN if) (S (NP-SBJ (DT the) (NN wind)) (VP (VBZ comes) (ADVP (RB basically)) (PP (IN from) (NP (DT the) (NN south)))))) (NP-SBJ (PRP it)) (VP (MD can) (VP (VB be) (ADJP-PRD (RB really) (JJ bad)))) (. .) (-DFL- E_S))",33
sw05utt/sw_0567_3574.utt,3/sw3574,3574,19,b,A,19,1,Uh-huh. /,[ Uh-huh/UH ] ./.,(INTJ (UH Uh-huh) (. .) (-DFL- E_S)),13
sw05utt/sw_0567_3574.utt,3/sw3574,3574,20,sd,B,20,1,"{F Uh, } the State of Wisconsin, as a matter of fact, {F uh, } started some litigation against Illinois because of the air pollution we were getting. /","[ Uh/UH ] ,/,  [ the/DT State/NN ] of/IN  [ Wisconsin/NNP ] ,/, as/IN  [ a/DT matter/NN ] of/IN  [ fact/NN ] ,/,  [ uh/UH ] ,/, started/VBD  [ some/DT litigation/NN ] against/IN  [ Illinois/NNP ] because/IN of/IN  [ the/DT air/NN pollution/NN ] [ we/PRP ] were/VBD getting/VBG ./.","(S (INTJ (UH Uh)) (, ,) (NP-SBJ (NP (DT the) (NN State)) (PP (IN of) (NP (NNP Wisconsin)))) (, ,) (PP (IN as) (NP (NP (DT a) (NN matter)) (PP (IN of) (NP (NN fact))))) (, ,) (INTJ (UH uh)) (, ,) (VP (VBD started) (NP (NP (DT some) (NN litigation)) (PP (IN against) (NP (NNP Illinois)))) (PP-PRP (IN because) (IN of) (NP (NP (DT the) (NN air) (NN pollution)) (SBAR (WHNP-1 (-NONE- 0)) (S (NP-SBJ (PRP we)) (VP (VBD were) (VP (VBG getting) (NP (-NONE- *T*-1))))))))) (. .) (-DFL- E_S))",37
sw05utt/sw_0567_3574.utt,3/sw3574,3574,21,b,A,21,1,Uh-huh. /,[ Uh-huh/UH ] ./.,(INTJ (UH Uh-huh) (. .) (-DFL- E_S)),16
sw05utt/sw_0567_3574.utt,3/sw3574,3574,22,sv,B,22,1,"{F Uh, } I don't think it's going to go very far,  /","[ Uh/UH ] ,/,  [ I/PRP ] do/VBP n't/RB think/VB  [ it/PRP ] 's/BES going/VBG to/TO go/VB very/RB far/RB ,/,","(S (INTJ (UH Uh)) (, ,) (NP-SBJ (PRP I)) (VP (VBP do) (RB n't) (VP (VB think) (SBAR (-NONE- 0) (S (NP-SBJ-1 (PRP it)) (VP (BES 's) (VP (VBG going) (S (NP-SBJ (-NONE- *-1)) (VP (TO to) (VP (VB go) (ADVP (RB very) (RB far))))))))))) (, ,) (-DFL- E_S))",41
sw05utt/sw_0567_3574.utt,3/sw3574,3574,23,sv,B,22,2,"{C but } [ it, + it  ] was, {F uh, } a way of, {F uh, } triggering, {F uh, } awareness. /","but/CC  [ it/PRP ] ,/,  [ it/PRP ] was/VBD ,/,  [ uh/UH ] ,/,  [ a/DT way/NN ] of/IN ,/,  [ uh/UH ] ,/, triggering/VBG ,/,  [ uh/UH ] ,/,  [ awareness/NN ] ./.","(S (CC but) (EDITED (RM (-DFL- \[)) (NP-SBJ (PRP it)) (, ,) (IP (-DFL- \+))) (NP-SBJ (PRP it)) (RS (-DFL- \])) (VP (VBD was) (, ,) (INTJ (UH uh)) (, ,) (NP-PRD (NP (DT a) (NN way)) (PP (IN of) (, ,) (INTJ (UH uh)) (, ,) (S-NOM (NP-SBJ (-NONE- *)) (VP (VBG triggering) (, ,) (INTJ (UH uh)) (, ,) (NP (NN awareness))))))) (. .) (-DFL- E_S))",42
sw05utt/sw_0567_3574.utt,3/sw3574,3574,24,aa,A,23,1,"Right,  /","Right/UH ,/,","(INTJ (UH Right) (, ,) (-DFL- E_S))",44
sw05utt/sw_0567_3574.utt,3/sw3574,3574,25,aa^r,A,23,2,right. /,right/UH ./.,(INTJ (UH right) (. .) (-DFL- E_S)),45
sw05utt/sw_0567_3574.utt,3/sw3574,3574,26,qw,B,24,1,{C So } what's the conditions like in Dallas? /,So/UH  [ what/WP ] 's/BES  [ the/DT conditions/NNS ] like/IN in/IN  [ Dallas/NNP ] ?/.,(SBARQ (RB So) (WHNP-1 (WP what)) (SQ (BES 's) (NP-SBJ (DT the) (NNS conditions)) (PP (IN like) (NP (-NONE- *T*-1))) (PP-LOC (IN in) (NP (NNP Dallas)))) (. ?) (-DFL- E_S)),47
sw05utt/sw_0567_3574.utt,3/sw3574,3574,27,sd,A,25,1,"{D Well, } {F uh, } in Dallas, [ I, + I  ] haven't seen air pollution [ quite on a, + quite on a  ] level that we had in Denver.  /","Well/UH ,/,  [ uh/UH ] ,/, in/IN  [ Dallas/NNP ] ,/,  [ I/PRP ] ,/,  [ I/PRP ] have/VBP n't/RB seen/VBN  [ air/NN pollution/NN ] quite/RB on/IN  [ a/DT ] ,/, quite/RB on/IN  [ a/DT level/NN ] that/IN  [ we/PRP ] had/VBD in/IN  [ Denver/NNP ] ./.","(S (INTJ (UH Well)) (, ,) (INTJ (UH uh)) (, ,) (PP-LOC (IN in) (NP (NNP Dallas))) (, ,) (EDITED (RM (-DFL- \[)) (NP-SBJ (PRP I)) (, ,) (IP (-DFL- \+))) (NP-SBJ (PRP I)) (RS (-DFL- \])) (VP (VBP have) (RB n't) (VP (VBN seen) (NP (NP (NN air) (NN pollution)) (EDITED (RM (-DFL- \[)) (PP (ADVP (RB quite)) (IN on) (NP-UNF (DT a))) (, ,) (IP (-DFL- \+))) (PP (ADVP (RB quite)) (IN on) (NP (NP (DT a) (RS (-DFL- \])) (NN level)) (SBAR (WHNP-1 (IN that)) (S (NP-SBJ (PRP we)) (VP (VBD had) (NP (-NONE- *T*-1)) (PP-LOC (IN in) (NP (NNP Denver))))))))))) (. .) (-DFL- E_S))",49
sw05utt/sw_0567_3574.utt,3/sw3574,3574,28,sd,A,25,2,"I grew up in Denver,  /","[ I/PRP ] grew/VBD up/RP in/IN  [ Denver/NNP ] ,/,","(S (NP-SBJ (PRP I)) (VP (VBD grew) (PRT (RP up)) (PP-LOC (IN in) (NP (NNP Denver)))) (, ,) (-DFL- E_S))",50
sw05utt/sw_0567_3574.utt,3/sw3574,3574,29,sd,A,25,3,"[ {C and, } + {C and }  ] I've lived there most of my life,  /","and/CC ,/, and/CC  [ I/PRP ] 've/VBP lived/VBN there/RB most/JJS of/IN  [ my/PRP$ life/NN ] ,/,","(S (EDITED (RM (-DFL- \[)) (CC and) (, ,) (IP (-DFL- \+))) (CC and) (RS (-DFL- \])) (NP-SBJ (PRP I)) (VP (VBP 've) (VP (VBN lived) (ADVP-LOC (RB there)) (NP-TMP (NP (JJS most)) (PP (IN of) (NP (PRP$ my) (NN life)))))) (, ,) (-DFL- E_S))",51
sw05utt/sw_0567_3574.utt,3/sw3574,3574,30,sd,A,25,4,"{C and } we used to have [ those, + {F uh, } {D you know, } the  ] posted warning days.  /","and/CC  [ we/PRP ] used/VBD to/TO have/VB  [ those/DT ] ,/,  [ uh/UH ] ,/,  [ you/PRP ] know/VBP ,/,  [ the/DT posted/VBN warning/NN days/NNS ] ./.","(S (CC and) (NP-SBJ-1 (PRP we)) (VP (VBD used) (S (NP-SBJ (-NONE- *-1)) (VP (TO to) (VP (VB have) (EDITED (RM (-DFL- \[)) (NP (DT those)) (, ,) (IP (-DFL- \+))) (INTJ (UH uh)) (PRN (, ,) (S (NP-SBJ (PRP you)) (VP (VBP know))) (, ,)) (NP (DT the) (RS (-DFL- \])) (VBN posted) (NN warning) (NNS days)))))) (. .) (-DFL- E_S))",52
sw05utt/sw_0567_3574.utt,3/sw3574,3574,31,sd,A,25,5,"{F Uh, } however, in Colorado now, they have the emissions control law, which has really cut down, - /","[ Uh/UH ] ,/, however/RB ,/, in/IN  [ Colorado/NNP ] now/RB ,/,  [ they/PRP ] have/VBP  [ the/DT emissions/NNS control/NN law/NN ] ,/,  [ which/WDT ] has/VBZ really/RB cut/VBN down/RP ,/,","(S (INTJ (UH Uh)) (, ,) (ADVP (RB however)) (, ,) (PP-LOC (IN in) (NP (NNP Colorado))) (ADVP-TMP (RB now)) (, ,) (NP-SBJ (PRP they)) (VP (VBP have) (NP (NP (DT the) (NNS emissions) (NN control) (NN law)) (, ,) (SBAR (WHNP-1 (WDT which)) (S (NP-SBJ (-NONE- *T*-1)) (VP (VBZ has) (ADVP (RB really)) (VP (VBN cut) (PRT (RP down)))))))) (, ,) (-DFL- N_S))",53
sw05utt/sw_0567_3574.utt,3/sw3574,3574,32,sd,A,25,6,"probably only once every couple of years do we ever have pollution so bad that they have to [ po-, + post  ] warnings now, {D you know, } as far as health concerns. /","probably/RB only/RB once/RB  [ every/DT couple/NN ] of/IN  [ years/NNS ] do/VBP  [ we/PRP ] ever/RB have/VB  [ pollution/NN ] so/RB bad/JJ that/IN  [ they/PRP ] have/VBP to/TO  [ po/VB ] ,/,  [ post/VB warnings/NNS ] now/RB ,/,  [ you/PRP ] know/VBP ,/, as/RB far/RB as/IN  [ health/NN concerns/NNS ] ./.","(SINV (ADVP (RB probably)) (ADVP (RB only)) (ADVP-TMP (RB once) (NP (NP (DT every) (NN couple)) (PP (IN of) (NP (NNS years))))) (VBP do) (NP-SBJ (PRP we)) (ADVP-TMP (RB ever)) (VP (VB have) (NP (NP (NN pollution)) (ADJP (ADJP (RB so) (JJ bad)) (SBAR (IN that) (S (NP-SBJ-1 (PRP they)) (VP (VBP have) (S (NP-SBJ (-NONE- *-1)) (VP (TO to) (EDITED (RM (-DFL- \[)) (VP-UNF (VB po-)) (, ,) (IP (-DFL- \+))) (VP (VB post) (RS (-DFL- \])) (NP (NP (NNS warnings)) (ADVP (-NONE- *ICH*-2))))))))))) (ADVP-TMP (RB now)) (PRN (, ,) (S (NP-SBJ (PRP you)) (VP (VBP know))) (, ,)) (ADVP-2 (ADVP (RB as) (RB far)) (PP (IN as) (NP (NN health) (NNS concerns))))) (. .) (-DFL- E_S))",54
sw05utt/sw_0567_3574.utt,3/sw3574,3574,33,b,B,26,1,{F Um. } /,Um/UH ./.,(INTJ (UH Um) (. .) (-DFL- E_S)),56
sw05utt/sw_0567_3574.utt,3/sw3574,3574,34,sd,A,27,1,"{F Uh, } due to [ that emi-, + [ the, + the  ] emissions,  ]  {F uh, } <throat_clearing> {F uh, } control on the vehicles, seems that [ all of our, + all of our,  ] {F uh, } smog was caused by vehicles rather than industry. /","[ Uh/UH ] ,/, due/IN to/IN that/DT  [ emi-/NNS ] ,/,  [ the/DT ] ,/,  [ the/DT emissions/NNS ] ,/,  [ uh/UH ] ,/,  [ uh/UH ] ,/,  [ control/NN ] on/IN  [ the/DT vehicles/NNS ] ,/, seems/VBZ that/IN  [ all/DT ] of/IN  [ our/PRP$ ] ,/,  [ all/DT ] of/IN  [ our/PRP$ ] ,/,  [ uh/UH ] ,/,  [ smog/NN ] was/VBD caused/VBN by/IN  [ vehicles/NNS ] rather/IN than/IN  [ industry/NN ] ./.","(S (INTJ (UH Uh)) (, ,) (PP-PRP (IN due) (PP (IN to) (EDITED (RM (-DFL- \[)) (NP-UNF (DT that) (NNS emi-)) (, ,) (IP (-DFL- \+))) (EDITED (RM (-DFL- \[)) (NP-UNF (DT the)) (, ,) (IP (-DFL- \+))) (NP (NP (DT the) (RS (-DFL- \])) (NNS emissions) (, ,) (RS (-DFL- \])) (INTJ (UH uh)) (, ,) (INTJ (UH uh)) (, ,) (NN control)) (PP (IN on) (NP (DT the) (NNS vehicles)))))) (, ,) (NP-SBJ (-NONE- *)) (VP (VBZ seems) (SBAR (IN that) (S (EDITED (RM (-DFL- \[)) (NP (NP (DT all)) (PP (IN of) (NP-UNF (PRP$ our)))) (, ,) (IP (-DFL- \+))) (NP-SBJ-1 (NP (DT all)) (PP (IN of) (NP (PRP$ our) (, ,) (RS (-DFL- \])) (INTJ (UH uh)) (, ,) (NN smog)))) (VP (VBD was) (VP (VBN caused) (NP (-NONE- *-1)) (PP (IN by) (NP-LGS (NP (NNS vehicles)) (CONJP (IN rather) (IN than)) (NP (NN industry))))))))) (. .) (-DFL- E_S))",58
sw05utt/sw_0567_3574.utt,3/sw3574,3574,35,sd,B,28,1,"Wisconsin has [ a, + a ] law in which we need to take our cars in every year when we apply for a new license tag --","[ Wisconsin/NNP ] has/VBZ  [ a/DT ] ,/,  [ a/DT law/NN ] in/IN  [ which/WDT ] [ we/PRP ] need/VBP to/TO take/VB  [ our/PRP$ cars/NNS ] in/RB  [ every/DT year/NN ] when/WRB  [ we/PRP ] apply/VBP for/IN  [ a/DT new/JJ license/NN tag/NN ] --/:","(S (NP-SBJ (NNP Wisconsin)) (VP (VBZ has) (EDITED (RM (-DFL- \[)) (NP-UNF (DT a)) (, ,) (IP (-DFL- \+))) (NP (NP (DT a) (RS (-DFL- \])) (NN law)) (SBAR (WHPP-4 (IN in) (WHNP (WDT which))) (S (S (NP-SBJ-1 (PRP we)) (VP (VBP need) (S (NP-SBJ (-NONE- *-1)) (VP (TO to) (VP (VB take) (NP (PRP$ our) (NNS cars)) (PRT (RB in)) (NP-TMP (DT every) (NN year)) (SBAR-TMP (WHADVP-2 (WRB when)) (S (NP-SBJ (PRP we)) (VP (VBP apply) (PP (IN for) (NP (DT a) (JJ new) (NN license) (NN tag))) (ADVP-TMP (-NONE- *T*-2)))))))))) (CC and) (S (NP-SBJ-3 (PRP they)) (VP (VBP are) (VP (VBN tested) (NP (-NONE- *-3)) (PP (IN for) (, ,) (INTJ (UH uh)) (, ,) (NP (PRP$ their) (NN pollution) (NN control) (NN equipment)))))) (PP (-NONE- *T*-4)))))) (, ,) (-DFL- E_S))",60
sw05utt/sw_0567_3574.utt,3/sw3574,3574,36,b,A,29,1,Uh-huh. /,[ Uh-huh/UH ] ./.,(INTJ (UH Uh-huh) (. .) (-DFL- E_S)),35
sw05utt/sw_0567_3574.utt,3/sw3574,3574,37,+,B,30,1,"-- and they are tested for, {F uh, } their pollution control equipment,  /","--/: and/CC  [ they/PRP ] are/VBP tested/VBN for/IN ,/,  [ uh/UH ] ,/,  [ their/PRP$ pollution/NN control/NN equipment/NN ] ,/,","(S (NP-SBJ (NNP Wisconsin)) (VP (VBZ has) (EDITED (RM (-DFL- \[)) (NP-UNF (DT a)) (, ,) (IP (-DFL- \+))) (NP (NP (DT a) (RS (-DFL- \])) (NN law)) (SBAR (WHPP-4 (IN in) (WHNP (WDT which))) (S (S (NP-SBJ-1 (PRP we)) (VP (VBP need) (S (NP-SBJ (-NONE- *-1)) (VP (TO to) (VP (VB take) (NP (PRP$ our) (NNS cars)) (PRT (RB in)) (NP-TMP (DT every) (NN year)) (SBAR-TMP (WHADVP-2 (WRB when)) (S (NP-SBJ (PRP we)) (VP (VBP apply) (PP (IN for) (NP (DT a) (JJ new) (NN license) (NN tag))) (ADVP-TMP (-NONE- *T*-2)))))))))) (CC and) (S (NP-SBJ-3 (PRP they)) (VP (VBP are) (VP (VBN tested) (NP (-NONE- *-3)) (PP (IN for) (, ,) (INTJ (UH uh)) (, ,) (NP (PRP$ their) (NN pollution) (NN control) (NN equipment)))))) (PP (-NONE- *T*-4)))))) (, ,) (-DFL- E_S))",60
sw05utt/sw_0567_3574.utt,3/sw3574,3574,38,sd,B,30,2,"{C and } if they don't qualify then they have to take it to a mechanic and have it gone over and then verify that [ it, + it ] is drivable. /","and/CC if/IN  [ they/PRP ] do/VBP n't/RB qualify/VB then/RB  [ they/PRP ] have/VBP to/TO take/VB  [ it/PRP ] to/IN  [ a/DT mechanic/NN ] and/CC have/VB  [ it/PRP ] gone/VBN over/RP and/CC then/RB verify/VB that/IN  [ it/PRP ] ,/,  [ it/PRP ] is/VBZ drivable/JJ ./.","(S (CC and) (SBAR-ADV (IN if) (S (NP-SBJ (PRP they)) (VP (VBP do) (RB n't) (VP (VB qualify))))) (ADVP (RB then)) (NP-SBJ-1 (PRP they)) (VP (VBP have) (S (NP-SBJ (-NONE- *-1)) (VP (TO to) (VP (VP (VB take) (NP (PRP it)) (PP (IN to) (NP (DT a) (NN mechanic)))) (CC and) (VP (VB have) (S (NP-SBJ-2 (PRP it)) (VP (VBN gone) (PP (RP over) (NP (-NONE- *-2)))))) (CONJP (CC and) (RB then)) (VP (VB verify) (SBAR (IN that) (S (EDITED (RM (-DFL- \[)) (NP-SBJ (PRP it)) (, ,) (IP (-DFL- \+))) (NP-SBJ (PRP it)) (RS (-DFL- \])) (VP (VBZ is) (ADJP-PRD (JJ drivable)))))))))) (. .) (-DFL- E_S))",64
sw05utt/sw_0567_3574.utt,3/sw3574,3574,39,b,A,31,1,{F Um. } /,Um/UH ./.,(INTJ (UH Um) (. .) (-DFL- E_S)),56
sw05utt/sw_0567_3574.utt,3/sw3574,3574,40,sd,B,32,1,"{C So, } [ they've, + they've ] tried to do a lot of that -- /","So/UH ,/,  [ they/PRP ] 've/VBP ,/,  [ they/PRP ] 've/VBP tried/VBN to/TO do/VB  [ a/DT lot/NN ] of/IN  [ that/DT ] --/:","(S (RB So) (, ,) (EDITED (RM (-DFL- \[)) (S (NP-SBJ (PRP they)) (VP-UNF (VBP 've))) (, ,) (IP (-DFL- \+))) (NP-SBJ-1 (PRP they)) (VP (VBP 've) (RS (-DFL- \])) (VP (VBN tried) (S (NP-SBJ (-NONE- *-1)) (VP (TO to) (VP (VB do) (NP (NP (DT a) (NN lot)) (PP (IN of) (NP (DT that))))))))) (-DFL- E_S))",68
sw05utt/sw_0567_3574.utt,3/sw3574,3574,41,b,A,33,1,Uh-huh. /,[ Uh-huh/UH ] ./.,(INTJ (UH Uh-huh) (. .) (-DFL- E_S)),39
sw05utt/sw_0567_3574.utt,3/sw3574,3574,42,%,B,34,1,"-- {C and } I thi-, - /","--/: and/CC  [ I/PRP thi/VBP ] ,/,","(S (CC and) (NP-SBJ (PRP I)) (VP-UNF (VBP thi-)) (, ,) (-DFL- N_S))",72
sw05utt/sw_0567_3574.utt,3/sw3574,3574,43,sd,B,34,2,"{D you know, } there seem to be, at least in certain little pockets, - /","[ you/PRP ] know/VBP ,/, there/RB seem/VB to/TO be/VB ,/, at/IN  [ least/JJS ] in/IN  [ certain/JJ little/JJ pockets/NNS ] ,/,","(S (PRN (S (NP-SBJ (PRP you)) (VP (VBP know))) (, ,)) (NP-SBJ-1 (RB there)) (VP (VB seem) (S (NP-SBJ (-NONE- *-1)) (VP (TO to) (VP-UNF (VB be) (, ,) (ADVP (IN at) (JJS least)) (PP-LOC (IN in) (NP (JJ certain) (JJ little) (NNS pockets))))))) (, ,) (-DFL- N_S))",73
sw05utt/sw_0567_3574.utt,3/sw3574,3574,44,sd,B,34,3,{C and } we were talking earlier about Madison -- /,and/CC  [ we/PRP ] were/VBD talking/VBG earlier/RBR about/IN  [ Madison/NNP ] --/:,(S (CC and) (NP-SBJ (PRP we)) (VP (VBD were) (VP (VBG talking) (ADVP-TMP (RBR earlier)) (PP (IN about) (NP (NNP Madison))))) (-DFL- E_S)),74
sw05utt/sw_0567_3574.utt,3/sw3574,3574,45,b,A,35,1,Uh-huh. /,[ Uh-huh/UH ] ./.,(INTJ (UH Uh-huh) (. .) (-DFL- E_S)),62
sw05utt/sw_0567_3574.utt,3/sw3574,3574,46,sd,B,36,1,"-- Madison has one of the nicest, {F uh, } bike, {F uh, } road, {F uh, } sharing programs [ of, + of  ] any city in Wisconsin -- /","--/:  [ Madison/NNP ] has/VBZ  [ one/CD ] of/IN  [ the/DT nicest/JJS ] ,/,  [ uh/UH ] ,/,  [ bike/NN ] ,/,  [ uh/UH ] ,/,  [ road/NN ] ,/,  [ uh/UH ] ,/, sharing/NN  [ programs/NNS ] of/IN ,/, of/IN  [ any/DT city/NN ] in/IN  [ Wisconsin/NNP ] --/:","(S (NP-SBJ (NNP Madison)) (VP (VBZ has) (NP (NP (CD one)) (PP (IN of) (NP (NP (DT the) (JJS nicest) (, ,) (INTJ (UH uh)) (, ,) (NN bike) (, ,) (INTJ (UH uh)) (, ,) (NN road) (, ,) (INTJ (UH uh)) (, ,) (NN sharing) (NNS programs)) (EDITED (RM (-DFL- \[)) (PP-UNF (IN of)) (, ,) (IP (-DFL- \+))) (PP (IN of) (RS (-DFL- \])) (NP (NP (DT any) (NN city)) (PP-LOC (IN in) (NP (NNP Wisconsin))))))))) (-DFL- E_S))",78
sw05utt/sw_0567_3574.utt,3/sw3574,3574,47,b,A,37,1,"{F Oh, } really. /","Oh/UH ,/, really/UH ./.","(INTJ (INTJ (UH Oh)) (, ,) (INTJ (UH really)) (. .) (-DFL- E_S))",80
sw05utt/sw_0567_3574.utt,3/sw3574,3574,48,sd,B,38,1,"-- {C and } all Wisconsin has probably the most extensive number of, {F uh, } bike trails for recreational use --","--/: and/CC  [ all/DT Wisconsin/NNP ] has/VBZ probably/RB  [ the/DT most/RBS extensive/JJ number/NN ] of/IN ,/,  [ uh/UH ] ,/,  [ bike/NN trails/NNS ] for/IN  [ recreational/JJ use/NN ] --/:","(S (CC and) (NP-SBJ (DT all) (NNP Wisconsin)) (VP (VBZ has) (ADVP (RB probably)) (NP (NP (DT the) (ADJP (RBS most) (JJ extensive)) (NN number)) (PP (IN of) (, ,) (INTJ (UH uh)) (, ,) (NP (NP (NN bike) (NNS trails)) (PP (IN for) (NP (JJ recreational) (NN use))))) (PP (IN of) (NP (NP (DT any)) (PP (IN of) (NP (DT the) (NNS states))))))) (. .) (-DFL- E_S))",82
sw05utt/sw_0567_3574.utt,3/sw3574,3574,49,b,A,39,1,Uh-huh. /,[ Uh-huh/UH ] ./.,(INTJ (UH Uh-huh) (. .) (-DFL- E_S)),62
sw05utt/sw_0567_3574.utt,3/sw3574,3574,50,+,B,40,1,-- of any of the states. /,--/: of/IN  [ any/DT ] of/IN  [ the/DT states/NNS ] ./.,"(S (CC and) (NP-SBJ (DT all) (NNP Wisconsin)) (VP (VBZ has) (ADVP (RB probably)) (NP (NP (DT the) (ADJP (RBS most) (JJ extensive)) (NN number)) (PP (IN of) (, ,) (INTJ (UH uh)) (, ,) (NP (NP (NN bike) (NNS trails)) (PP (IN for) (NP (JJ recreational) (NN use))))) (PP (IN of) (NP (NP (DT any)) (PP (IN of) (NP (DT the) (NNS states))))))) (. .) (-DFL- E_S))",82
sw05utt/sw_0567_3574.utt,3/sw3574,3574,51,b,A,41,1,Uh-huh. /,[ Uh-huh/UH ] ./.,(INTJ (UH Uh-huh) (. .) (-DFL- E_S)),62
sw05utt/sw_0567_3574.utt,3/sw3574,3574,52,sd,B,42,1,"{C And } there is [ a, + a  ] real promotion [ of, + of  ] biking -- /","And/CC  [ there/EX ] is/VBZ  [ a/DT ] ,/,  [ a/DT real/JJ promotion/NN ] of/IN ,/, of/IN biking/NN --/:","(S (CC And) (NP-SBJ (EX there)) (VP (VBZ is) (EDITED (RM (-DFL- \[)) (NP-UNF (DT a)) (, ,) (IP (-DFL- \+))) (NP-PRD (NP (DT a) (RS (-DFL- \])) (JJ real) (NN promotion)) (EDITED (RM (-DFL- \[)) (PP-UNF (IN of)) (, ,) (IP (-DFL- \+))) (PP (IN of) (RS (-DFL- \])) (NP (NN biking))))) (-DFL- E_S))",89
sw05utt/sw_0567_3574.utt,3/sw3574,3574,53,b,A,43,1,Uh-huh. /,[ Uh-huh/UH ] ./.,(INTJ (UH Uh-huh) (. .) (-DFL- E_S)),70
sw05utt/sw_0567_3574.utt,3/sw3574,3574,54,sd,B,44,1,"-- {C but, } {F um, } there are still a lot of people who insist [ on, + on  ] driving their own automobiles --","--/: but/CC ,/, um/UH ,/,  [ there/EX ] are/VBP still/RB  [ a/DT lot/NN ] of/IN  [ people/NNS ] [ who/WP ] insist/VBP on/IN ,/, on/IN driving/VBG  [ their/PRP$ own/JJ automobiles/NNS ] --/:","(S (CC but) (, ,) (INTJ (UH um)) (, ,) (NP-SBJ (EX there)) (VP (VBP are) (ADVP-TMP (RB still)) (NP-PRD (NP (DT a) (NN lot)) (PP (IN of) (NP (NP (NNS people)) (SBAR (WHNP-1 (WP who)) (S (NP-SBJ-2 (-NONE- *T*-1)) (VP (VBP insist) (EDITED (RM (-DFL- \[)) (PP-UNF (IN on)) (, ,) (IP (-DFL- \+))) (PP (IN on) (RS (-DFL- \])) (S-NOM (NP-SBJ-3 (-NONE- *-2)) (VP (VBG driving) (NP (PRP$ their) (JJ own) (NNS automobiles)) (INTJ (UH uh)) (, ,) (S-PRP (NP-SBJ (-NONE- *-3)) (VP (TO to) (VP (VB go) (ADVP-DIR (RB everywhere))))))))))))))) (. .) (-DFL- E_S))",93
sw05utt/sw_0567_3574.utt,3/sw3574,3574,55,b,A,45,1,Right. /,[ Right/UH ] ./.,(INTJ (UH Right) (. .) (-DFL- E_S)),95
sw05utt/sw_0567_3574.utt,3/sw3574,3574,56,+,B,46,1,"-- {F uh, } to go everywhere.  /","--/:  [ uh/UH ] ,/, to/TO go/VB everywhere/RB ./.","(S (CC but) (, ,) (INTJ (UH um)) (, ,) (NP-SBJ (EX there)) (VP (VBP are) (ADVP-TMP (RB still)) (NP-PRD (NP (DT a) (NN lot)) (PP (IN of) (NP (NP (NNS people)) (SBAR (WHNP-1 (WP who)) (S (NP-SBJ-2 (-NONE- *T*-1)) (VP (VBP insist) (EDITED (RM (-DFL- \[)) (PP-UNF (IN on)) (, ,) (IP (-DFL- \+))) (PP (IN on) (RS (-DFL- \])) (S-NOM (NP-SBJ-3 (-NONE- *-2)) (VP (VBG driving) (NP (PRP$ their) (JJ own) (NNS automobiles)) (INTJ (UH uh)) (, ,) (S-PRP (NP-SBJ (-NONE- *-3)) (VP (TO to) (VP (VB go) (ADVP-DIR (RB everywhere))))))))))))))) (. .) (-DFL- E_S))",93
sw05utt/sw_0567_3574.utt,3/sw3574,3574,57,sv,B,46,2,"I find that a little irritating, because --","[ I/PRP ] find/VBP that/DT  [ a/DT little/RB irritating/JJ ] ,/, because/IN --/:","(S (NP-SBJ (PRP I)) (VP (VBP find) (S (NP-SBJ (DT that)) (ADJP-PRD (NP-ADV (DT a) (RB little)) (JJ irritating))) (, ,) (SBAR-PRP (IN because) (S (NP-SBJ (PRP I)) (VP (VBP do) (RB n't) (VP (VB think) (SBAR (-NONE- 0) (S (NP-SBJ (PRP it)) (VP (BES 's) (ADVP-TMP (RB always)) (ADJP-PRD (RB so) (JJ necessary)))))))))) (. .) (-DFL- E_S))",97
sw05utt/sw_0567_3574.utt,3/sw3574,3574,58,b,A,47,1,Uh-huh. /,[ Uh-huh/UH ] ./.,(INTJ (UH Uh-huh) (. .) (-DFL- E_S)),76
sw05utt/sw_0567_3574.utt,3/sw3574,3574,59,+,B,48,1,-- I don't think it's always so necessary. /,--/:  [ I/PRP ] do/VBP n't/RB think/VB  [ it/PRP ] 's/BES always/RB so/RB necessary/JJ ./.,"(S (NP-SBJ (PRP I)) (VP (VBP find) (S (NP-SBJ (DT that)) (ADJP-PRD (NP-ADV (DT a) (RB little)) (JJ irritating))) (, ,) (SBAR-PRP (IN because) (S (NP-SBJ (PRP I)) (VP (VBP do) (RB n't) (VP (VB think) (SBAR (-NONE- 0) (S (NP-SBJ (PRP it)) (VP (BES 's) (ADVP-TMP (RB always)) (ADJP-PRD (RB so) (JJ necessary)))))))))) (. .) (-DFL- E_S))",97
sw05utt/sw_0567_3574.utt,3/sw3574,3574,60,aa,A,49,1,"Yeah,  /","Yeah/UH ,/,","(INTJ (UH Yeah) (, ,) (-DFL- E_S))",102
sw05utt/sw_0567_3574.utt,3/sw3574,3574,61,aa^r,A,49,2,"yeah,  /","yeah/UH ,/,","(INTJ (UH yeah) (, ,) (-DFL- E_S))",103
sw05utt/sw_0567_3574.utt,3/sw3574,3574,62,%,A,49,3,"[ it, + it ] becomes, {F uh, } - /","[ it/PRP ] ,/,  [ it/PRP ] becomes/VBZ ,/,  [ uh/UH ] ,/,","(S (EDITED (RM (-DFL- \[)) (NP-SBJ (PRP it)) (, ,) (IP (-DFL- \+))) (NP-SBJ (PRP it)) (RS (-DFL- \])) (VP-UNF (VBZ becomes) (, ,) (INTJ (UH uh))) (, ,) (-DFL- N_S))",104
sw05utt/sw_0567_3574.utt,3/sw3574,3574,63,sv,A,49,4,"maybe to you and I who have grown up [ in some + in, {F uh, }  {F uh, } some  ]   more beautiful parts of the country, {F uh, } I think  [ that, + that,  ] {F uh, } we become a little more aware, {F uh, } rather quickly [ of, + of ] what's happening with air pollution and [ how, + {F uh, } how  ] horrible it really is.  /","maybe/RB to/IN  [ you/PRP ] and/CC  [ I/PRP ] [ who/WP ] have/VBP grown/VBN up/RP in/IN  [ some/DT ] in/IN ,/,  [ uh/UH ] ,/,  [ uh/UH ] ,/,  [ some/DT ] [ more/RBR beautiful/JJ parts/NNS ] of/IN  [ the/DT country/NN ] ,/,  [ uh/UH ] ,/,  [ I/PRP ] think/VBP that/IN ,/, that/IN ,/,  [ uh/UH ] ,/,  [ we/PRP ] become/VBP  [ a/DT little/RB ] [ more/RBR aware/JJ ] ,/,  [ uh/UH ] ,/, rather/RB quickly/RB of/IN ,/, of/IN  [ what/WP ] 's/BES happening/VBG with/IN  [ air/NN pollution/NN ] and/CC how/WRB ,/,  [ uh/UH ] ,/, how/WRB  [ horrible/JJ ] [ it/PRP ] really/RB is/VBZ ./.","(S (ADVP (RB maybe)) (PP (IN to) (NP (NP (PRP you) (CC and) (PRP I)) (SBAR (WHNP-1 (WP who)) (S (NP-SBJ (-NONE- *T*-1)) (VP (VBP have) (VP (VBN grown) (PRT (RP up)) (EDITED (RM (-DFL- \[)) (PP-LOC (IN in) (NP-UNF (DT some))) (IP (-DFL- \+))) (PP-LOC (IN in) (, ,) (INTJ (UH uh)) (, ,) (INTJ (UH uh)) (, ,) (NP (NP (DT some) (RS (-DFL- \])) (ADJP (RBR more) (JJ beautiful)) (NNS parts)) (PP (IN of) (NP (DT the) (NN country))))))))))) (, ,) (INTJ (UH uh)) (, ,) (NP-SBJ (PRP I)) (VP (VBP think) (SBAR (EDITED (RM (-DFL- \[)) (SBAR-UNF (IN that)) (, ,) (IP (-DFL- \+))) (IN that) (, ,) (RS (-DFL- \])) (INTJ (UH uh)) (, ,) (S (NP-SBJ (PRP we)) (VP (VBP become) (ADJP-PRD (ADVP (NP (DT a) (RB little)) (RBR more)) (JJ aware) (PP (-NONE- *ICH*-2))) (, ,) (INTJ (UH uh)) (, ,) (ADVP-MNR (RB rather) (RB quickly)) (EDITED (RM (-DFL- \[)) (PP-UNF (IN of)) (, ,) (IP (-DFL- \+))) (PP-2 (IN of) (RS (-DFL- \])) (SBAR (SBAR (WHNP-3 (WP what)) (S (NP-SBJ (-NONE- *T*-3)) (VP (BES 's) (VP (VBG happening) (PP (IN with) (NP (NN air) (NN pollution))))))) (CC and) (SBAR (EDITED (RM (-DFL- \[)) (WHADJP-UNF (WRB how)) (, ,) (IP (-DFL- \+))) (INTJ (UH uh)) (, ,) (WHADJP-4 (WRB how) (RS (-DFL- \])) (JJ horrible)) (S (NP-SBJ (PRP it)) (ADVP (RB really)) (VP (VBZ is) (ADJP-PRD (-NONE- *T*-4))))))))))) (. .) (-DFL- E_S))",105
sw05utt/sw_0567_3574.utt,3/sw3574,3574,64,sd(^q),A,49,5,"{F Um, } [ I, + I  ] notice people [ in, + in  ] Dallas seem to say, {D Well, } sure, there's air pollution, but, {D you know, } really, [ how bad is, + how bad   could ] this problem really be. /","[ Um/UH ] ,/,  [ I/PRP ] ,/,  [ I/PRP ] notice/VBP  [ people/NNS ] in/IN ,/, in/IN  [ Dallas/NNP ] seem/VBP to/TO say/VB ,/, Well/UH ,/, sure/UH ,/,  [ there/EX ] 's/BES  [ air/NN pollution/NN ] ,/, but/CC ,/,  [ you/PRP ] know/VBP ,/, really/RB ,/, how/WRB  [ bad/JJ ] is/VBZ ,/, how/WRB  [ bad/JJ ] could/MD  [ this/DT problem/NN ] really/RB be/VB ./.","(S (INTJ (UH Um)) (, ,) (EDITED (RM (-DFL- \[)) (NP-SBJ (PRP I)) (, ,) (IP (-DFL- \+))) (NP-SBJ (PRP I)) (RS (-DFL- \])) (VP (VBP notice) (SBAR (-NONE- 0) (S (NP-SBJ-1 (NP (NNS people)) (EDITED (RM (-DFL- \[)) (PP-LOC-UNF (IN in)) (, ,) (IP (-DFL- \+))) (PP-LOC (IN in) (RS (-DFL- \])) (NP (NNP Dallas)))) (VP (VBP seem) (S (NP-SBJ (-NONE- *-1)) (VP (TO to) (VP (VB say) (, ,) (S-SEZ (INTJ (UH Well)) (, ,) (INTJ (UH sure)) (, ,) (NP-SBJ (EX there)) (VP (BES 's) (NP-PRD (NN air) (NN pollution))))))))))) (, ,))|||(SBARQ (CC but) (PRN (, ,) (S (NP-SBJ (PRP you)) (VP (VBP know))) (, ,)) (INTJ (RB really)) (, ,) (EDITED (RM (-DFL- \[)) (SBARQ (WHADJP (WRB how) (JJ bad)) (SQ-UNF (VBZ is))) (, ,) (IP (-DFL- \+))) (WHADJP-2 (WRB how) (JJ bad)) (SQ (MD could) (RS (-DFL- \])) (NP-SBJ (DT this) (NN problem)) (ADVP (RB really)) (VP (VB be) (ADJP-PRD (-NONE- *T*-2)))) (. .) (-DFL- E_S))",106|||107
sw05utt/sw_0567_3574.utt,3/sw3574,3574,65,ad,B,50,1,"[ Send, + send  ] them to Wisconsin, /","Send/VB ,/, send/VB  [ them/PRP ] to/IN  [ Wisconsin/NNP ] ,/,","(S-IMP (NP-SBJ (-NONE- *)) (EDITED (RM (-DFL- \[)) (VP-UNF (VB Send)) (, ,) (IP (-DFL- \+))) (VP (VB send) (RS (-DFL- \])) (NP (PRP them)) (PP-DIR (IN to) (NP (NNP Wisconsin)))) (, ,) (-DFL- E_S))",109
sw05utt/sw_0567_3574.utt,3/sw3574.pos,3574,66,x,A,51,1,<Laughter>.,./.
sw05utt/sw_0567_3574.utt,3/sw3574,3574,67,co,B,52,1,{C and } we'll let them try to drink out of some of the lakes --,and/CC  [ we/PRP ] 'll/MD let/VB  [ them/PRP ] try/VB to/TO drink/VB out/IN of/IN  [ some/DT ] of/IN  [ the/DT lakes/NNS ] --/:,"(S (CC and) (NP-SBJ (PRP we)) (VP (MD 'll) (VP (VB let) (S (NP-SBJ-1 (PRP them)) (VP (VP (VB try) (S (NP-SBJ (-NONE- *-1)) (VP (TO to) (VP (VB drink) (PP (IN out) (PP (IN of) (NP (NP (DT some)) (PP (IN of) (NP (DT the) (NNS lakes)))))))))) (CC and) (VP (VB try) (S (NP-SBJ (-NONE- *-1)) (VP (TO to) (VP (VB fish) (PP-LOC (IN in) (NP (NP (DT some)) (PP (IN of) (NP (NP (DT the) (NNS lakes)) (SBAR (WHNP-2 (WDT that)) (S (NP-SBJ (-NONE- *T*-2)) (VP (VBP have) (VP (VBN been) (VP (VBG suffering) (PP (IN from) (, ,) (INTJ (UH uh)) (, ,) (NP (DT the) (, ,) (INTJ (UH uh)) (, ,) (NN acid) (NN rain)))))))))))))))))))) (-DFL- E_S))",112
sw05utt/sw_0567_3574.utt,3/sw3574,3574,68,b,A,53,1,{F Oh } really <laughter>. /,Oh/UH really/UH ./.,(INTJ (INTJ (UH Oh)) (INTJ (UH really)) (. .) (-DFL- E_S)),114
sw05utt/sw_0567_3574.utt,3/sw3574,3574,69,+,B,54,1,"-- and try to fish in some of the lakes that have been suffering from, {F uh, } the, {F uh, } acid rain -- /","--/: and/CC try/VB to/TO fish/VB in/IN  [ some/DT ] of/IN  [ the/DT lakes/NNS ] [ that/WDT ] have/VBP been/VBN suffering/VBG from/IN ,/,  [ uh/UH ] ,/,  [ the/DT ] ,/,  [ uh/UH ] ,/,  [ acid/NN rain/NN ] --/:","(S (CC and) (NP-SBJ (PRP we)) (VP (MD 'll) (VP (VB let) (S (NP-SBJ-1 (PRP them)) (VP (VP (VB try) (S (NP-SBJ (-NONE- *-1)) (VP (TO to) (VP (VB drink) (PP (IN out) (PP (IN of) (NP (NP (DT some)) (PP (IN of) (NP (DT the) (NNS lakes)))))))))) (CC and) (VP (VB try) (S (NP-SBJ (-NONE- *-1)) (VP (TO to) (VP (VB fish) (PP-LOC (IN in) (NP (NP (DT some)) (PP (IN of) (NP (NP (DT the) (NNS lakes)) (SBAR (WHNP-2 (WDT that)) (S (NP-SBJ (-NONE- *T*-2)) (VP (VBP have) (VP (VBN been) (VP (VBG suffering) (PP (IN from) (, ,) (INTJ (UH uh)) (, ,) (NP (DT the) (, ,) (INTJ (UH uh)) (, ,) (NN acid) (NN rain)))))))))))))))))))) (-DFL- E_S))",112
sw05utt/sw_0567_3574.utt,3/sw3574,3574,70,b,A,55,1,Uh-huh. /,[ Uh-huh/UH ] ./.,(INTJ (UH Uh-huh) (. .) (-DFL- E_S)),91
sw05utt/sw_0567_3574.utt,3/sw3574,3574,71,sv,B,56,1,-- {C and } --,--/: and/CC --/:,"(S (ADVP (RB maybe)) (PP (IN to) (NP (NP (PRP you) (CC and) (PRP I)) (SBAR (WHNP-1 (WP who)) (S (NP-SBJ (-NONE- *T*-1)) (VP (VBP have) (VP (VBN grown) (PRT (RP up)) (EDITED (RM (-DFL- \[)) (PP-LOC (IN in) (NP-UNF (DT some))) (IP (-DFL- \+))) (PP-LOC (IN in) (, ,) (INTJ (UH uh)) (, ,) (INTJ (UH uh)) (, ,) (NP (NP (DT some) (RS (-DFL- \])) (ADJP (RBR more) (JJ beautiful)) (NNS parts)) (PP (IN of) (NP (DT the) (NN country))))))))))) (, ,) (INTJ (UH uh)) (, ,) (NP-SBJ (PRP I)) (VP (VBP think) (SBAR (EDITED (RM (-DFL- \[)) (SBAR-UNF (IN that)) (, ,) (IP (-DFL- \+))) (IN that) (, ,) (RS (-DFL- \])) (INTJ (UH uh)) (, ,) (S (NP-SBJ (PRP we)) (VP (VBP become) (ADJP-PRD (ADVP (NP (DT a) (RB little)) (RBR more)) (JJ aware) (PP (-NONE- *ICH*-2))) (, ,) (INTJ (UH uh)) (, ,) (ADVP-MNR (RB rather) (RB quickly)) (EDITED (RM (-DFL- \[)) (PP-UNF (IN of)) (, ,) (IP (-DFL- \+))) (PP-2 (IN of) (RS (-DFL- \])) (SBAR (SBAR (WHNP-3 (WP what)) (S (NP-SBJ (-NONE- *T*-3)) (VP (BES 's) (VP (VBG happening) (PP (IN with) (NP (NN air) (NN pollution))))))) (CC and) (SBAR (EDITED (RM (-DFL- \[)) (WHADJP-UNF (WRB how)) (, ,) (IP (-DFL- \+))) (INTJ (UH uh)) (, ,) (WHADJP-4 (WRB how) (RS (-DFL- \])) (JJ horrible)) (S (NP-SBJ (PRP it)) (ADVP (RB really)) (VP (VBZ is) (ADJP-PRD (-NONE- *T*-4))))))))))) (. .) (-DFL- E_S))",105
sw05utt/sw_0567_3574.utt,3/sw3574,3574,72,%,A,57,1,Uh-huh. /,[ Uh-huh/UH ] ./.,(INTJ (UH Uh-huh) (. .) (-DFL- E_S)),99
sw05utt/sw_0567_3574.utt,3/sw3574,3574,73,+,B,58,1,"-- [ [ they'll, + they'll,  ] + they   may ] wake up, {D you know, }  /","--/:  [ they/PRP ] 'll/MD ,/,  [ they/PRP ] 'll/MD ,/,  [ they/PRP ] may/MD wake/VB up/RP ,/,  [ you/PRP ] know/VBP ,/,","(S (CC and) (EDITED (RM (-DFL- \[)) (EDITED (RM (-DFL- \[)) (S (NP-SBJ (PRP they)) (VP-UNF (MD 'll))) (, ,) (IP (-DFL- \+))) (S (NP-SBJ (PRP they)) (VP-UNF (MD 'll))) (, ,) (RS (-DFL- \])) (IP (-DFL- \+))) (NP-SBJ (PRP they)) (VP (MD may) (RS (-DFL- \])) (VP (VB wake) (PRT (RP up)) (PRN (, ,) (S (NP-SBJ (PRP you)) (VP (VBP know)))))) (, ,) (-DFL- E_S))",119
sw05utt/sw_0567_3574.utt,3/sw3574,3574,74,qh,B,58,2,how'd you like to own a piece of property where your lake is going sour --,how/WRB 'd/MD  [ you/PRP ] like/VB to/TO own/VB  [ a/DT piece/NN ] of/IN  [ property/NN ] where/WRB  [ your/PRP$ lake/NN ] is/VBZ going/VBG  [ sour/JJ ] --/:,(SBARQ (WHADVP-2 (WRB how)) (SQ (MD 'd) (NP-SBJ-1 (PRP you)) (VP (VB like) (S (NP-SBJ (-NONE- *-1)) (VP (TO to) (VP (VB own) (NP (NP (DT a) (NN piece)) (PP (IN of) (NP (NP (NN property)) (SBAR (WHADVP-3 (WRB where)) (S (NP-SBJ (PRP$ your) (NN lake)) (VP (VBZ is) (VP (VBG going) (ADJP-PRD (JJ sour)) (PP-PRP (IN because) (IN of) (NP (NN acid) (NN rain))) (ADVP-LOC (-NONE- *T*-3)))))))))))) (ADVP-MNR (-NONE- *T*-2)))) (. .) (-DFL- E_S)),123
sw05utt/sw_0567_3574.utt,3/sw3574,3574,75,b,A,59,1,Right. /,[ Right/UH ] ./.,(INTJ (UH Right) (. .) (-DFL- E_S)),125
sw05utt/sw_0567_3574.utt,3/sw3574,3574,76,+,B,60,1,-- because of acid rain. /,--/: because/IN of/IN  [ acid/NN rain/NN ] ./.,(SBARQ (WHADVP-2 (WRB how)) (SQ (MD 'd) (NP-SBJ-1 (PRP you)) (VP (VB like) (S (NP-SBJ (-NONE- *-1)) (VP (TO to) (VP (VB own) (NP (NP (DT a) (NN piece)) (PP (IN of) (NP (NP (NN property)) (SBAR (WHADVP-3 (WRB where)) (S (NP-SBJ (PRP$ your) (NN lake)) (VP (VBZ is) (VP (VBG going) (ADJP-PRD (JJ sour)) (PP-PRP (IN because) (IN of) (NP (NN acid) (NN rain))) (ADVP-LOC (-NONE- *T*-3)))))))))))) (ADVP-MNR (-NONE- *T*-2)))) (. .) (-DFL- E_S)),123
sw05utt/sw_0567_3574.utt,3/sw3574,3574,77,b,A,61,1,Right. /,[ Right/UH ] ./.,(INTJ (UH Right) (. .) (-DFL- E_S)),125
sw05utt/sw_0567_3574.utt,3/sw3574,3574,78,sv,B,62,1,"It's, {F uh, } really a serious issue for those of us up in this, {F uh, } sector [ up, +  up ] here. /","[ It/PRP ] [ 's/BES ] ,/,  [ uh/UH ] ,/, really/RB  [ a/DT serious/JJ issue/NN ] for/IN  [ those/DT ] of/IN  [ us/PRP ] up/IN in/IN  [ this/DT ] ,/,  [ uh/UH ] ,/,  [ sector/NN ] up/IN ,/, up/IN here/RB ./.","(S (NP-SBJ (PRP It)) (VP (BES 's) (, ,) (INTJ (UH uh)) (, ,) (ADVP (RB really)) (NP-PRD (NP (DT a) (JJ serious) (NN issue)) (PP (IN for) (NP (NP (DT those)) (PP (IN of) (NP (PRP us))) (PP-LOC (IN up) (PP (IN in) (NP (DT this) (, ,) (INTJ (UH uh)) (, ,) (NN sector))))))) (EDITED (RM (-DFL- \[)) (PP-LOC-UNF (IN up)) (, ,) (IP (-DFL- \+))) (PP-LOC (IN up) (RS (-DFL- \])) (ADVP (RB here)))) (. .) (-DFL- E_S))",130
sw05utt/sw_0567_3574.utt,3/sw3574,3574,79,qy,A,63,1,"[ Do you find that, + {F um, } [ {E or, } + {E or } ] do you hypothesize [ that, + that ] ] most of the, {F uh, } smog [ or, + or  ] air pollution comes from vehicles  /","Do/VBP  [ you/PRP ] find/VB that/IN ,/, um/UH ,/, or/CC ,/, or/CC do/VBP  [ you/PRP ] hypothesize/VB that/IN ,/, that/IN  [ most/JJS ] of/IN  [ the/DT ] ,/,  [ uh/UH ] ,/,  [ smog/NN ] or/CC ,/, or/CC  [ air/NN pollution/NN ] comes/VBZ from/IN vehicles/NNS","(SQ (EDITED (RM (-DFL- \[)) (SQ-UNF (VBP Do) (NP-SBJ (PRP you)) (VP (VB find) (SBAR-UNF (IN that)))) (, ,) (IP (-DFL- \+))) (INTJ (UH um)) (, ,) (EDITED (RM (-DFL- \[)) (CC or) (, ,) (IP (-DFL- \+))) (CC or) (RS (-DFL- \])) (VBP do) (NP-SBJ (PRP you)) (VP (VB hypothesize) (EDITED (RM (-DFL- \[)) (SBAR-UNF (IN that)) (, ,) (IP (-DFL- \+))) (SBAR (IN that) (RS (-DFL- \])) (RS (-DFL- \])) (S (NP-SBJ (NP (JJS most)) (PP (IN of) (NP (NP (DT the) (, ,) (INTJ (UH uh)) (, ,) (NN smog)) (EDITED (RM (-DFL- \[)) (CC or) (, ,) (IP (-DFL- \+))) (CC or) (RS (-DFL- \])) (NP (NN air) (NN pollution))))) (VP (VBZ comes) (PP (IN from) (NP (NNS vehicles))))))) (-DFL- E_S))",132
sw05utt/sw_0567_3574.utt,3/sw3574,3574,80,qr,A,63,2,{C or } does it come mostly from industry up there? /,or/CC does/VBZ  [ it/PRP ] come/VB mostly/RB from/IN  [ industry/NN ] up/IN there/RB ?/.,(SQ (CC or) (VBZ does) (NP-SBJ (PRP it)) (VP (VB come) (ADVP (RB mostly)) (PP (IN from) (NP (NN industry))) (PP-LOC (IN up) (ADVP (RB there)))) (. ?) (-DFL- E_S)),133
sw05utt/sw_0567_3574.utt,3/sw3574,3574,81,sv,B,64,1,I think it's mostly vehicles --,[ I/PRP ] think/VBP  [ it/PRP ] 's/BES mostly/RB  [ vehicles/NNS ] --/:,"(S (NP-SBJ (PRP I)) (VP (VBP think) (SBAR (-NONE- 0) (S (NP-SBJ (PRP it)) (VP (BES 's) (NP-PRD (RB mostly) (NNS vehicles))))) (SBAR-ADV (IN although) (S (NP-SBJ (PRP it)) (VP (VBZ does) (VP (VB come) (PP (IN from) (NP (NP (DT some)) (PP (IN of) (NP (NP (DT the) (NN industry)) (EDITED (RM (-DFL- \[)) (PP-UNF (IN of)) (, ,) (IP (-DFL- \+))) (PP-UNF (IN of) (RS (-DFL- \])) (NP (DT the) (NNP Gary) (NN area)))))))))))) (-DFL- E_S))",135
sw05utt/sw_0567_3574.utt,3/sw3574,3574,82,b,A,65,1,Yeah. /,Yeah/UH ./.,(INTJ (UH Yeah) (. .) (-DFL- E_S)),137
sw05utt/sw_0567_3574.utt,3/sw3574,3574,83,+,B,66,1,"-- although <throat_clearing> it does come from some of the industry [ of, + of  ] the Gary area -- /","--/: although/IN  [ it/PRP ] does/VBZ come/VB from/IN  [ some/DT ] of/IN  [ the/DT industry/NN ] of/IN ,/, of/IN  [ the/DT Gary/NNP area/NN ] --/:","(S (NP-SBJ (PRP I)) (VP (VBP think) (SBAR (-NONE- 0) (S (NP-SBJ (PRP it)) (VP (BES 's) (NP-PRD (RB mostly) (NNS vehicles))))) (SBAR-ADV (IN although) (S (NP-SBJ (PRP it)) (VP (VBZ does) (VP (VB come) (PP (IN from) (NP (NP (DT some)) (PP (IN of) (NP (NP (DT the) (NN industry)) (EDITED (RM (-DFL- \[)) (PP-UNF (IN of)) (, ,) (IP (-DFL- \+))) (PP-UNF (IN of) (RS (-DFL- \])) (NP (DT the) (NNP Gary) (NN area)))))))))))) (-DFL- E_S))",135
sw05utt/sw_0567_3574.utt,3/sw3574,3574,84,b,A,67,1,Uh-huh. /,[ Uh-huh/UH ] ./.,(INTJ (UH Uh-huh) (. .) (-DFL- E_S)),117
sw05utt/sw_0567_3574.utt,3/sw3574,3574,85,sd@,B,68,1,"-- {C and, } {F uh, } I don't know exactly where it emerges from when [ it, + it's  ] up in the, {F uh, } northern sectors of Wisconsin -- /  *[[slash error with b.70: one utt]]","--/: and/CC ,/,  [ uh/UH ] ,/,  [ I/PRP ] do/VBP n't/RB know/VB exactly/RB where/WRB  [ it/PRP ] emerges/VBZ from/IN when/WRB  [ it/PRP ] ,/,  [ it/PRP ] 's/BES up/IN in/IN  [ the/DT ] ,/,  [ uh/UH ] ,/,  [ northern/JJ sectors/NNS ] of/IN  [ Wisconsin/NNP ] --/:","(S (CC and) (, ,) (INTJ (UH uh)) (, ,) (NP-SBJ (PRP I)) (VP (VBP do) (RB n't) (VP (VB know) (ADVP (RB exactly)) (SBAR (WHADVP-1 (WRB where)) (S (NP-SBJ (PRP it)) (VP (VBZ emerges) (PP-DIR (IN from) (ADVP (-NONE- *T*-1))) (SBAR-TMP (WHADVP-2 (WRB when)) (S (EDITED (RM (-DFL- \[)) (NP-SBJ (PRP it)) (, ,) (IP (-DFL- \+))) (NP-SBJ (PRP it)) (VP (BES 's) (RS (-DFL- \])) (PP-LOC-PRD (IN up) (PP (IN in) (NP (NP (DT the) (, ,) (INTJ (UH uh)) (, ,) (JJ northern) (NNS sectors)) (PP (IN of) (NP (NNP Wisconsin)))))) (ADVP-TMP (-NONE- *T*-2)))))))))) (-DFL- E_S))",142
sw05utt/sw_0567_3574.utt,3/sw3574,3574,86,b,A,69,1,Uh-huh. /,[ Uh-huh/UH ] ./.,(INTJ (UH Uh-huh) (. .) (-DFL- E_S)),121
sw05utt/sw_0567_3574.utt,3/sw3574,3574,87,%,B,70,1,-- that causes the acid rain.  /,--/:  [ that/WDT ] causes/VBZ  [ the/DT acid/NN rain/NN ] ./.,(S (NP-SBJ (WDT that)) (VP (VBZ causes) (NP (DT the) (NN acid) (NN rain))) (. .) (-DFL- E_S)),146
sw05utt/sw_0567_3574.utt,3/sw3574,3574,88,sd,B,70,2,"That I'm a little uncertain of,  /","That/IN  [ I/PRP ] 'm/VBP  [ a/DT little/RB uncertain/JJ ] of/IN ,/,","(S (NP-TPC-1 (IN That)) (NP-SBJ (PRP I)) (VP (VBP 'm) (ADJP-PRD (NP-ADV (DT a) (RB little)) (JJ uncertain) (PP (IN of) (NP (-NONE- *T*-1))))) (, ,) (-DFL- E_S))",147
sw05utt/sw_0567_3574.utt,3/sw3574,3574,89,sv,B,70,3,{C but } --,but/CC --/:,"(S (CC but) (NP-SBJ (PRP I)) (VP (VBP do) (VP (VB know) (SBAR (IN that) (, ,) (INTJ (UH uh)) (, ,) (S (NP-SBJ (PRP it)) (VP (VBZ is) (NP-PRD (DT a) (NN problem))))))) (. .) (-DFL- E_S))",148
sw05utt/sw_0567_3574.utt,3/sw3574,3574,90,b,A,71,1,Uh-huh. /,[ Uh-huh/UH ] ./.,(INTJ (UH Uh-huh) (. .) (-DFL- E_S)),140
sw05utt/sw_0567_3574.utt,3/sw3574,3574,91,+,B,72,1,"-- I do know that, {F uh, } it is a problem. /","--/:  [ I/PRP ] do/VBP know/VB  [ that/IN ] ,/,  [ uh/UH ] ,/,  [ it/PRP ] is/VBZ  [ a/DT problem/NN ] ./.","(S (CC but) (NP-SBJ (PRP I)) (VP (VBP do) (VP (VB know) (SBAR (IN that) (, ,) (INTJ (UH uh)) (, ,) (S (NP-SBJ (PRP it)) (VP (VBZ is) (NP-PRD (DT a) (NN problem))))))) (. .) (-DFL- E_S))",148
sw05utt/sw_0567_3574.utt,3/sw3574,3574,92,b,A,73,1,Uh-huh.  /,[ Uh-huh/UH ] ./.,(INTJ (UH Uh-huh) (. .) (-DFL- E_S)),140
sw05utt/sw_0567_3574.utt,3/sw3574,3574,93,sd,A,73,2,I had talked with my parents.  /,[ I/PRP ] had/VBD talked/VBN with/IN  [ my/PRP$ parents/NNS ] ./.,(S (NP-SBJ (PRP I)) (VP (VBD had) (VP (VBN talked) (PP (IN with) (NP (PRP$ my) (NNS parents))))) (. .) (-DFL- E_S)),154
sw05utt/sw_0567_3574.utt,3/sw3574,3574,94,sd,A,73,3,"[ [ I, +  I  grew up, ] +  {F uh, } I was born ] in, {F uh, } Muncie, Indiana, [ and, + and  ] grew up a little bit in Terre Haute,  /","[ I/PRP ] ,/,  [ I/PRP ] grew/VBD up/RP ,/,  [ uh/UH ] ,/,  [ I/PRP ] was/VBD born/VBN in/IN ,/,  [ uh/UH ] ,/,  [ Muncie/NNP ] ,/,  [ Indiana/NNP ] ,/, and/CC ,/, and/CC grew/VBD up/RP  [ a/DT little/JJ bit/NN ] in/IN  [ Terre/NNP Haute/NNP ] ,/,","(S (EDITED (RM (-DFL- \[)) (EDITED (RM (-DFL- \[)) (NP-SBJ (PRP I)) (, ,) (IP (-DFL- \+))) (S (NP-SBJ (PRP I)) (VP (VBD grew) (PRT (RP up)))) (, ,) (RS (-DFL- \])) (IP (-DFL- \+))) (INTJ (UH uh)) (, ,) (NP-SBJ-1 (PRP I)) (VP (VP (VBD was) (VP (VBN born) (NP (-NONE- *-1)) (RS (-DFL- \])) (PP-LOC (IN in) (, ,) (INTJ (UH uh)) (, ,) (NP (NP (NNP Muncie)) (, ,) (NP (NNP Indiana)))))) (, ,) (EDITED (RM (-DFL- \[)) (CC and) (, ,) (IP (-DFL- \+))) (CC and) (RS (-DFL- \])) (VP (VBD grew) (PRT (RP up)) (NP-ADV (DT a) (JJ little) (NN bit)) (PP-LOC (IN in) (NP (NNP Terre) (NNP Haute))))) (, ,) (-DFL- E_S))",155
sw05utt/sw_0567_3574.utt,3/sw3574,3574,95,sd,A,73,4,"{C and } I had asked them before, {F uh, } - /","and/CC  [ I/PRP ] had/VBD asked/VBN  [ them/PRP ] before/IN ,/,  [ uh/UH ] ,/,","(S (CC and) (NP-SBJ (PRP I)) (VP (VBD had) (VP (VBN asked) (NP (PRP them)) (ADVP-TMP (IN before)) (, ,) (INTJ (UH uh)))) (, ,) (-DFL- N_S))",156
sw05utt/sw_0567_3574.utt,3/sw3574,3574,96,sd,A,73,5,"I went back to visit recently, about a year ago,  /","[ I/PRP ] went/VBD back/RB to/TO visit/VB recently/RB ,/, about/RB  [ a/DT year/NN ] ago/RB ,/,","(S (NP-SBJ-1 (PRP I)) (VP (VBD went) (ADVP-DIR (RB back)) (S-PRP (NP-SBJ (-NONE- *-1)) (VP (TO to) (VP (VB visit)))) (ADVP-TMP (RB recently)) (, ,) (ADVP-TMP (NP (QP (RB about) (DT a)) (NN year)) (RB ago))) (, ,) (-DFL- E_S))",157
sw05utt/sw_0567_3574.utt,3/sw3574,3574,97,sd,A,73,6,"{C and } I asked them,  /","and/CC  [ I/PRP ] asked/VBD  [ them/PRP ] ,/,","(S (CC and) (NP-SBJ (PRP I)) (VP (VBD asked) (NP (PRP them))) (, ,) (-DFL- E_S))",158
sw05utt/sw_0567_3574.utt,3/sw3574,3574,98,sd(^q),A,73,7,"I said, did you ever realize the air pollution that was, -/","[ I/PRP ] said/VBD ,/, did/VBD  [ you/PRP ] ever/RB realize/VB  [ the/DT air/NN pollution/NN ] [ that/WDT ] was/VBD ,/,","(S (NP-SBJ (PRP I)) (VP (VBD said) (, ,) (SQ-SEZ (VBD did) (NP-SBJ (PRP you)) (ADVP-TMP (RB ever)) (VP (VB realize) (NP (NP (DT the) (NN air) (NN pollution)) (SBAR (WHNP-1 (WDT that)) (S (NP-SBJ (-NONE- *T*-1)) (VP-UNF (VBD was)))))))) (, ,) (-DFL- N_S))",159
