swda_filename,ptb_basename,conversation_no,transcript_index,act_tag,caller,utterance_index,subutterance_index,text,pos,trees,ptb_treenumbers
sw05utt/sw_0516_4618.utt,4/sw4618,4618,0,ad,A,1,1,Go ahead <laughter>. /,Go/VB ahead/RB ./.,(S-IMP (NP-SBJ (-NONE- *)) (VP (VB Go) (ADVP (RB ahead))) (. .) (-DFL- E_S)),1
sw05utt/sw_0516_4618.utt,4/sw4618,4618,1,qr,B,2,1,"{F Uh, } have you every been tested for a new job or anything? /","[ Uh/UH ] ,/, have/VBP  [ you/PRP ] [ every/^RB ]  been/VBN tested/VBN for/IN  [ a/DT new/JJ job/NN ] or/CC  [ anything/NN ] ?/.","(SQ (INTJ (UH Uh)) (, ,) (VBP have) (NP-SBJ-1 (PRP you)) (ADVP-TMP (TYPO (^RB every))) (VP (VBN been) (VP (VBN tested) (NP (-NONE- *-1)) (PP (IN for) (NP (NP (DT a) (JJ new) (NN job)) (CC or) (NP (NN anything)))))) (. ?) (-DFL- E_S))",3
sw05utt/sw_0516_4618.utt,4/sw4618,4618,2,nn,A,3,1,"{F Uh, } no  /","[ Uh/UH ] ,/, no/UH","(INTJ (INTJ (UH Uh)) (, ,) (INTJ (UH no)) (-DFL- E_S))",5
sw05utt/sw_0516_4618.utt,4/sw4618,4618,3,sd^e,A,3,2,I haven't.   /,[ I/PRP ] have/VBP n't/RB ./.,(S (NP-SBJ (PRP I)) (VP (VBP have) (RB n't) (VP (-NONE- *?*))) (. .) (-DFL- E_S)),6
sw05utt/sw_0516_4618.utt,4/sw4618,4618,4,sd,A,3,3,"{C But, } in my job, {A I'm a nurse,  and } we are allowed to be.  /","But/CC ,/, in/IN  [ my/PRP$ job/NN ] ,/,  [ I/PRP ] 'm/VBP  [ a/DT nurse/NN ] ,/, and/CC  [ we/PRP ] are/VBP allowed/VBN to/TO be/VB ./.","(S (CC But) (, ,) (PP (IN in) (NP (PRP$ my) (NN job))) (, ,) (NP-SBJ (PRP I)) (VP (VBP 'm) (NP-PRD (DT a) (NN nurse))) (, ,))|||(S (CC and) (NP-SBJ-1 (PRP we)) (VP (VBP are) (VP (VBN allowed) (S (NP-SBJ (-NONE- *-1)) (VP (TO to) (VP-UNF (VB be)))))) (. .) (-DFL- E_S))",7|||8
sw05utt/sw_0516_4618.utt,4/sw4618,4618,5,sd,A,3,4,"{E I mean, } {D you know, } this is the rules that they can do this anytime.  /","[ I/PRP ] mean/VBP ,/,  [ you/PRP ] know/VBP ,/,  [ this/DT ] is/VBZ  [ the/DT rules/NNS ] that/IN  [ they/PRP ] can/MD do/VB  [ this/DT ] anytime/RB ./.","(S (PRN (S (NP-SBJ (PRP I)) (VP (VBP mean))) (, ,)) (PRN (S (NP-SBJ (PRP you)) (VP (VBP know))) (, ,)) (NP-SBJ (DT this)) (VP (VBZ is) (NP-PRD (DT the) (NNS rules)) (SBAR-TPC (IN that) (S (NP-SBJ (PRP they)) (VP (MD can) (VP (VB do) (NP (DT this)) (ADVP-TMP (RB anytime))))))) (. .) (-DFL- E_S))",9
sw05utt/sw_0516_4618.utt,4/sw4618,4618,6,sd,A,3,5,"{F Uh, }  I don't know of anyone who ever has been picked out and been tested. /","[ Uh/UH ] ,/,  [ I/PRP ] do/VBP n't/RB know/VB of/IN  [ anyone/NN ] [ who/WDT ] ever/RB has/VBZ been/VBN picked/VBN out/RP and/CC been/VBN tested/VBN ./.","(S (INTJ (UH Uh)) (, ,) (NP-SBJ (PRP I)) (VP (VBP do) (RB n't) (VP (VB know) (PP (IN of) (NP (NP (NN anyone)) (SBAR (WHNP-1 (WDT who)) (S (NP-SBJ-2 (-NONE- *T*-1)) (ADVP-TMP (RB ever)) (VP (VBZ has) (VP (VP (VBN been) (VP (VBN picked) (NP (-NONE- *-2)) (PRT (RP out)))) (CC and) (VP (VBN been) (VP (VBN tested) (NP (-NONE- *-2)))))))))))) (. .) (-DFL- E_S))",10
sw05utt/sw_0516_4618.utt,4/sw4618,4618,7,%,B,4,1,"{C So } it's just sort of, {F uh, } - /","So/RB  [ it/PRP ] 's/BES just/RB  [ sort/RB ] of/RB ,/,  [ uh/UH ] ,/,","(S (RB So) (NP-SBJ (PRP it)) (VP-UNF (BES 's) (ADVP (RB just)) (ADVP (RB sort) (RB of)) (, ,) (INTJ (UH uh))) (, ,) (-DFL- N_S))",12
sw05utt/sw_0516_4618.utt,4/sw4618,4618,8,%,B,4,2,"they  can if they, -/","[ they/PRP ] can/MD if/IN  [ they/PRP ] ,/,","(S (NP-SBJ (PRP they)) (VP (MD can) (VP (-NONE- *?*) (SBAR-ADV (IN if) (S-UNF (NP-SBJ (PRP they)))))) (, ,) (-DFL- N_S))",13
sw05utt/sw_0516_4618.utt,4/sw4618,4618,9,sd^m,A,5,1,They can if they choose to. /,[ They/PRP ] can/MD if/IN  [ they/PRP ] choose/VBP to/TO ./.,(S (NP-SBJ (PRP They)) (VP (MD can) (VP (-NONE- *?*) (SBAR-ADV (IN if) (S (NP-SBJ-1 (PRP they)) (VP (VBP choose) (S (NP-SBJ (-NONE- *-1)) (VP (TO to) (VP (-NONE- *?*))))))))) (. .) (-DFL- E_S)),15
sw05utt/sw_0516_4618.utt,4/sw4618,4618,10,b,B,6,1,"{F Oh, } okay. /","Oh/UH ,/, okay/UH ./.","(INTJ (INTJ (UH Oh)) (, ,) (INTJ (UH okay)) (. .) (-DFL- E_S))",17
sw05utt/sw_0516_4618.utt,4/sw4618,4618,11,b,A,7,1,Right.  /,[ Right/UH ] ./.,(INTJ (UH Right) (. .) (-DFL- E_S)),19
sw05utt/sw_0516_4618.utt,4/sw4618,4618,12,qy,A,7,2,"[ Have you, + {D well }  (( {F wai-, } ))  have you  ] had any experience with it at all? /","Have/VB  [ you/VBP ] ,/, well/UH  [ wai-/XX ] ,/, have/VBP  [ you/PRP ] had/VBN  [ any/DT experience/NN ] with/IN  [ it/PRP ] at/IN  [ all/DT ] ?/.","(SQ (EDITED (RM (-DFL- \[)) (SQ-UNF (VB Have) (NP-SBJ (VBP you))) (, ,) (IP (-DFL- \+))) (INTJ (UH well)) (EDITED (X (XX wai-)) (, ,)) (VBP have) (NP-SBJ (PRP you)) (RS (-DFL- \])) (VP (VBN had) (NP (NP (DT any) (NN experience)) (PP (IN with) (NP (PRP it)))) (ADVP (IN at) (DT all))) (. ?) (-DFL- E_S))",20
sw05utt/sw_0516_4618.utt,4/sw4618,4618,13,ng,B,8,1,"{F Uh, } not really  /","[ Uh/UH ] ,/, not/RB really/RB","(FRAG (INTJ (UH Uh)) (, ,) (RB not) (ADVP (RB really)) (-DFL- E_S))",22
sw05utt/sw_0516_4618.utt,4/sw4618,4618,14,sd,B,8,2,{C but } I've always worked on a university level  /,but/CC  [ I/PRP ] 've/VBP always/RB worked/VBN on/IN  [ a/DT university/NN level/NN ],(S (CC but) (NP-SBJ (PRP I)) (VP (VBP 've) (ADVP-TMP (RB always)) (VP (VBN worked) (PP (IN on) (NP (DT a) (NN university) (NN level))))) (-DFL- E_S)),23
sw05utt/sw_0516_4618.utt,4/sw4618,4618,15,sd,B,8,3,{C but } a lot of my friends had to be tested before they got summer jobs and stuff. /,but/CC  [ a/DT lot/NN ] of/IN  [ my/PRP$ friends/NNS ] had/VBD to/TO be/VB tested/VBN before/IN  [ they/PRP ] got/VBD  [ summer/NN jobs/NNS ] and/CC  [ stuff/NN ] ./.,(S (CC but) (NP-SBJ-1 (NP (DT a) (NN lot)) (PP (IN of) (NP (PRP$ my) (NNS friends)))) (VP (VBD had) (S (NP-SBJ-2 (-NONE- *-1)) (VP (TO to) (VP (VB be) (VP (VBN tested) (NP (-NONE- *-2)) (SBAR-TMP (IN before) (S (NP-SBJ (PRP they)) (VP (VP (VBD got) (NP (NN summer) (NNS jobs))) (CC and) (NP-ETC (NN stuff)))))))))) (. .) (-DFL- E_S)),24
sw05utt/sw_0516_4618.utt,4/sw4618,4618,16,b,A,9,1,Uh-huh.  /,[ Uh-huh/UH ] ./.,(INTJ (UH Uh-huh) (. .) (-DFL- E_S)),26
sw05utt/sw_0516_4618.utt,4/sw4618,4618,17,qo,A,9,2,{C So } what do you think about that? /,So/RB  [ what/WP ] do/VB  [ you/PRP ] think/VB about/IN  [ that/DT ] ?/.,(SBARQ (RB So) (WHNP-1 (WP what)) (SQ (VB do) (NP-SBJ (PRP you)) (VP (VB think) (NP (-NONE- *T*-1)) (PP (IN about) (NP (DT that))))) (. ?) (-DFL- E_S)),27
sw05utt/sw_0516_4618.utt,4/sw4618,4618,18,sv,B,10,1,"{F Uh, } [ I don't, + I don't  ] think they're very accurate  /","[ Uh/UH ] ,/,  [ I/PRP ] do/VBP n't/RB ,/,  [ I/PRP ] do/VBP n't/RB think/VB  [ they/PRP ] 're/VBP very/RB accurate/JJ","(S (INTJ (UH Uh)) (, ,) (EDITED (RM (-DFL- \[)) (S (NP-SBJ (PRP I)) (VP-UNF (VBP do) (RB n't))) (, ,) (IP (-DFL- \+))) (NP-SBJ (PRP I)) (VP (VBP do) (RB n't) (RS (-DFL- \])) (VP (VB think) (SBAR (-NONE- 0) (S (NP-SBJ (PRP they)) (VP (VBP 're) (ADJP-PRD (RB very) (JJ accurate))))))) (-DFL- E_S))",29
sw05utt/sw_0516_4618.utt,4/sw4618,4618,19,sd,B,10,2,"{C because, } {E I mean, } I know their lifestyles changed [ p-, + prior  ] to the drug test  /","because/IN ,/,  [ I/PRP ] mean/VBP ,/,  [ I/PRP ] know/VBP  [ their/PRP$ lifestyles/NNS ] changed/VBN  [ p-/IN ] ,/, prior/IN to/IN  [ the/DT drug/NN test/NN ]","(SBAR-PRP (IN because) (PRN (, ,) (S (NP-SBJ (PRP I)) (VP (VBP mean))) (, ,)) (S (NP-SBJ (PRP I)) (VP (VBP know) (SBAR (-NONE- 0) (S (NP-SBJ (PRP$ their) (NNS lifestyles)) (VP (VBN changed) (EDITED (RM (-DFL- \[)) (PP-TMP-UNF (IN p-)) (, ,) (IP (-DFL- \+))) (PP-TMP (IN prior) (RS (-DFL- \])) (PP (IN to) (NP (DT the) (NN drug) (NN test))))))))) (-DFL- E_S))",30
sw05utt/sw_0516_4618.utt,4/sw4618,4618,20,sd,B,10,3,{C and } I know they changed afterwards. /,and/CC  [ I/PRP ] know/VBP  [ they/PRP ] changed/VBD afterwards/RB ./.,(S (CC and) (NP-SBJ (PRP I)) (VP (VBP know) (SBAR (-NONE- 0) (S (NP-SBJ (PRP they)) (VP (VBD changed) (ADVP-TMP (RB afterwards)))))) (. .) (-DFL- E_S)),31
sw05utt/sw_0516_4618.utt,4/sw4618,4618,21,aa,A,11,1,"Right,  /","Right/UH ,/,","(INTJ (UH Right) (, ,) (-DFL- E_S))",33
sw05utt/sw_0516_4618.utt,4/sw4618,4618,22,aa^r,A,11,2,right.   /,right/UH ./.,(INTJ (UH right) (. .) (-DFL- E_S)),34
sw05utt/sw_0516_4618.utt,4/sw4618,4618,23,sd,A,11,3,{D See } I know of that too.  /,See/UH  [ I/PRP ] know/VBP of/IN that/DT too/RB ./.,(S (INTJ (UH See)) (NP-SBJ (PRP I)) (VP (VBP know) (PP (IN of) (NP (DT that))) (ADVP (RB too))) (. .) (-DFL- E_S)),35
sw05utt/sw_0516_4618.utt,4/sw4618,4618,24,sd,A,11,4,"{C And } I also know that things like  antihistamines, Sudafeds, things like that, can really throw it off.  /","And/CC  [ I/PRP ] also/RB know/VBP that/IN  [ things/NNS ] like/IN  [ antihistamines/NNS ] ,/,  [ Sudafeds/NNS ] ,/,  [ things/NNS ] like/IN that/DT ,/, can/MD really/RB throw/VB  [ it/PRP ] off/RP ./.","(S (CC And) (NP-SBJ (PRP I)) (ADVP (RB also)) (VP (VBP know) (SBAR (IN that) (S (NP-SBJ (NP (NP (NNS things)) (PP (IN like) (NP (NP (NNS antihistamines)) (, ,) (NP (NNS Sudafeds))))) (, ,) (NP (NP (NNS things)) (PP (IN like) (NP (DT that))))) (, ,) (VP (MD can) (ADVP (RB really)) (VP (VB throw) (NP (PRP it)) (PRT (RP off))))))) (. .) (-DFL- E_S))",36
sw05utt/sw_0516_4618.utt,4/sw4618,4618,25,sd,A,11,5,{C And } you cannot get a job because of it  /,And/CC  [ you/PRP ] can/MD not/RB get/VB  [ a/DT job/NN ] because/IN of/IN  [ it/PRP ],(S (CC And) (NP-SBJ (PRP you)) (VP (MD can) (RB not) (VP (VB get) (NP (DT a) (NN job)) (PP-PRP (IN because) (IN of) (NP (PRP it))))) (-DFL- E_S)),37
sw05utt/sw_0516_4618.utt,4/sw4618,4618,26,sv@,A,11,6,{C and } they may not tell you the reason why.   *[[slash error]],and/CC  [ they/PRP ] may/MD not/RB tell/VB  [ you/PRP ] [ the/DT reason/NN ] why/WRB ./.,(S (CC and) (NP-SBJ (PRP they)) (VP (MD may) (RB not) (VP (VB tell) (NP (PRP you)) (NP (DT the) (NN reason) (WRB why)))) (. .)),38
sw05utt/sw_0516_4618.utt,4/sw4618,4618,27,b,B,12,1,"Yeah,  /","[ Yeah/UH ] ,/,","(INTJ (UH Yeah) (, ,) (-DFL- E_S))",41
sw05utt/sw_0516_4618.utt,4/sw4618,4618,28,sd,B,12,2,"[ I, + I ] had a friend,  /","[ I/PRP ] ,/,  [ I/PRP ] had/VBD  [ a/DT friend/NN ] ,/,","(S (EDITED (RM (-DFL- \[)) (NP-SBJ (PRP I)) (, ,) (IP (-DFL- \+))) (NP-SBJ (PRP I)) (RS (-DFL- \])) (VP (VBD had) (NP (DT a) (NN friend))) (, ,) (-DFL- E_S))",42
sw05utt/sw_0516_4618.utt,4/sw4618,4618,29,sd,B,12,3,it didn't cause her any problems with her job  /,[ it/PRP ] did/VBD n't/RB cause/VB  [ her/PRP ] [ any/DT problems/NNS ] with/IN  [ her/PRP$ job/NN ],(S (NP-SBJ (PRP it)) (VP (VBD did) (RB n't) (VP (VB cause) (NP-BNF (PRP her)) (NP (NP (DT any) (NNS problems)) (PP (IN with) (NP (PRP$ her) (NN job)))))) (-DFL- E_S)),43
sw05utt/sw_0516_4618.utt,4/sw4618,4618,30,sd,B,12,4,{C but } it came back that she tested positive for using a hallucinogen. /,but/CC  [ it/PRP ] came/VBD back/RB that/IN  [ she/PRP ] tested/VBD  [ positive/RB ] for/IN using/VBG  [ a/DT hallucinogen/NN ] ./.,(S (CC but) (NP-SBJ (PRP it)) (VP (VBD came) (ADVP (RB back)) (SBAR (IN that) (S (NP-SBJ-1 (PRP she)) (VP (VBD tested) (ADJP-PRD (RB positive) (PP (IN for) (S-NOM (NP-SBJ (-NONE- *-1)) (VP (VBG using) (NP (DT a) (NN hallucinogen)))))))))) (. .) (-DFL- E_S)),44
sw05utt/sw_0516_4618.utt,4/sw4618,4618,31,+,A,13,1,Uh-huh. /,[ Uh-huh/UH ] ./.,(INTJ (UH Uh-huh) (. .) (-DFL- E_S)),26
sw05utt/sw_0516_4618.utt,4/sw4618,4618,32,sd,B,14,1,"{C But } what it was, was [ she had been u-, + she had been, ] {F uh, } in the jungle  /","But/CC  [ what/WP ] [ it/PRP ] was/VBD ,/, was/VBD  [ she/PRP ] had/VBD been/VBN u-/UH ,/,  [ she/PRP ] had/VBD been/VBN ,/,  [ uh/UH ] ,/, in/IN  [ the/DT jungle/NN ]","(S (CC But) (SBAR-NOM-SBJ (WHNP-1 (WP what)) (S (NP-SBJ (PRP it)) (VP (VBD was) (NP-PRD (-NONE- *T*-1))))) (, ,) (VP (VBD was) (SBAR-PRD (-NONE- 0) (S (EDITED (RM (-DFL- \[)) (S (NP-SBJ (PRP she)) (VP (VBD had) (VP-UNF (VBN been) (X (UH u-))))) (, ,) (IP (-DFL- \+))) (NP-SBJ (PRP she)) (VP (VBD had) (VP (VBN been) (, ,) (RS (-DFL- \])) (INTJ (UH uh)) (, ,) (PP-LOC-PRD (IN in) (NP (DT the) (NN jungle)))))))) (-DFL- E_S))",47
sw05utt/sw_0516_4618.utt,4/sw4618,4618,33,sd,B,14,2,{C and }  it was some Malaria medication  /,and/CC  [ it/PRP ] was/VBD  [ some/DT Malaria/NN medication/NN ],(S (CC and) (NP-SBJ (PRP it)) (VP (VBD was) (NP-PRD (DT some) (NN Malaria) (NN medication))) (-DFL- E_S)),48
sw05utt/sw_0516_4618.utt,4/sw4618,4618,34,sd,B,14,3,{C and } she tested positive for that. /,and/CC  [ she/PRP ] tested/VBD  [ positive/RB ] for/IN  [ that/DT ] ./.,(S (CC and) (NP-SBJ (PRP she)) (VP (VBD tested) (ADJP-PRD (RB positive) (PP (IN for) (NP (DT that))))) (. .) (-DFL- E_S)),49
sw05utt/sw_0516_4618.utt,4/sw4618,4618,35,sv,A,15,1,"{D See, } {C and so } it really is a dangerous thing that way  /","See/UH ,/, and/CC so/IN  [ it/PRP ] really/RB is/VBZ  [ a/DT dangerous/JJ thing/NN ] [ that/DT way/NN ]","(S (INTJ (UH See)) (, ,) (CONJP (CC and) (IN so)) (NP-SBJ (PRP it)) (ADVP (RB really)) (VP (VBZ is) (NP-PRD (DT a) (JJ dangerous) (NN thing)) (NP-MNR (DT that) (NN way))) (-DFL- E_S))",51
sw05utt/sw_0516_4618.utt,4/sw4618,4618,36,sd,A,15,2,{C because } I know of somebody that tested for an airline  and  didn't get the job  /,because/IN  [ I/PRP ] know/VBP of/IN  [ somebody/NN ] [ that/WDT ] tested/VBD for/IN  [ an/DT airline/NN ] and/CC did/VBD n't/RB get/VB  [ the/DT job/NN ],(SBAR-PRP (IN because) (S (NP-SBJ (PRP I)) (VP (VBP know) (PP (IN of) (NP (NP (NN somebody)) (SBAR (WHNP-1 (WDT that)) (S (NP-SBJ (-NONE- *T*-1)) (VP (VP (VBD tested) (PP (IN for) (NP (DT an) (NN airline)))) (CC and) (VP (VBD did) (RB n't) (VP (VB get) (NP (DT the) (NN job))))))))))) (-DFL- E_S)),52
sw05utt/sw_0516_4618.utt,4/sw4618,4618,37,sd,A,15,3,{C and } they weren't told why.   /,and/CC  [ they/PRP ] were/VBD n't/RB told/VBN why/WRB ./.,(S (CC and) (NP-SBJ (PRP they)) (VP (VBD were) (RB n't) (VP (VBN told) (NP (WRB why)))) (. .) (-DFL- E_S)),53
sw05utt/sw_0516_4618.utt,4/sw4618,4618,38,sv,A,15,4,"{C But } a lot of people say the reason why, after  you take a physical, will be because of the drug testing  /","But/CC  [ a/DT lot/NN ] of/IN  [ people/NNS ] say/VBP  [ the/DT reason/NN ] why/WRB ,/, after/IN  [ you/PRP ] take/VBP  [ a/DT physical/NN ] ,/, will/MD be/VB because/IN of/IN  [ the/DT drug/NN testing/NN ]","(S (CC But) (NP-SBJ (NP (DT a) (NN lot)) (PP (IN of) (NP (NNS people)))) (VP (VBP say) (SBAR (-NONE- 0) (S (NP-SBJ (DT the) (NN reason) (WRB why)) (, ,) (SBAR-TMP (IN after) (S (NP-SBJ (PRP you)) (VP (VBP take) (NP (DT a) (NN physical))))) (, ,) (VP (MD will) (VP (VB be) (PP-PRP-PRD (IN because) (IN of) (NP (DT the) (NN drug) (NN testing)))))))) (-DFL- E_S))",54
sw05utt/sw_0516_4618.utt,4/sw4618,4618,39,sv,A,15,5,or they would tell you.  /,or/CC  [ they/PRP ] would/MD tell/VB  [ you/PRP ] ./.,(S (CC or) (NP-SBJ (PRP they)) (VP (MD would) (VP (VB tell) (NP (PRP you)))) (. .) (-DFL- E_S)),55
sw05utt/sw_0516_4618.utt,4/sw4618,4618,40,sv,A,15,6,Or  this person never use any drugs. /,Or/CC  [ this/DT person/NN ] never/RB use/VB  [ any/DT drugs/NNS ] ./.,(S (CC Or) (NP-SBJ (DT this) (NN person)) (ADVP-TMP (RB never)) (VP (TYPO (VB use)) (NP (DT any) (NNS drugs))) (. .) (-DFL- E_S)),56
sw05utt/sw_0516_4618.utt,4/sw4618,4618,41,%,B,16,1,"{D See, } I always, - /","See/UH ,/,  [ I/PRP ] always/RB ,/,","(S-UNF (INTJ (UH See)) (, ,) (NP-SBJ (PRP I)) (ADVP-TMP (RB always)) (, ,) (-DFL- N_S))",58
sw05utt/sw_0516_4618.utt,4/sw4618,4618,42,sv,B,16,2,"I  thought [ they got, + you got ] called back if you tested positive, for more tests. /","[ I/PRP ] thought/VBD  [ they/PRP ] got/VBD ,/,  [ you/PRP ] got/VBD called/VBN back/RB if/IN  [ you/PRP ] tested/VBD  [ positive/RB ] ,/, for/IN  [ more/JJR tests/NNS ] ./.","(S (NP-SBJ (PRP I)) (VP (VBD thought) (SBAR (-NONE- 0) (S (EDITED (RM (-DFL- \[)) (S (NP-SBJ (PRP they)) (VP-UNF (VBD got))) (, ,) (IP (-DFL- \+))) (NP-SBJ (PRP you)) (VP (VBD got) (RS (-DFL- \])) (VP (VBN called) (ADVP (RB back)) (SBAR-ADV (IN if) (S (NP-SBJ (PRP you)) (VP (VBD tested) (ADJP-PRD (RB positive))))) (, ,) (PP-PRP (IN for) (NP (JJR more) (NNS tests)))))))) (. .) (-DFL- E_S))",59
sw05utt/sw_0516_4618.utt,4/sw4618,4618,43,sv,A,17,1,"{F Uh, } you should.  /","[ Uh/UH ] ,/,  [ you/PRP ] should/MD ./.","(S (INTJ (UH Uh)) (, ,) (NP-SBJ (PRP you)) (VP (MD should) (VP (-NONE- *?*))) (. .) (-DFL- E_S))",61
sw05utt/sw_0516_4618.utt,4/sw4618,4618,44,sv,A,17,2,{C Because } you should be given another chance or at least be able to justify it or something.  /,Because/RB  [ you/PRP ] should/MD be/VB given/VBN  [ another/DT chance/NN ] or/CC at/IN  [ least/JJS ] be/VB able/JJ to/TO justify/VB  [ it/PRP ] or/CC  [ something/NN ] ./.,(SBAR-PRP (RB Because) (S (NP-SBJ-1 (PRP you)) (VP (MD should) (VP (VP (VB be) (VP (VBN given) (NP (-NONE- *-1)) (NP (DT another) (NN chance)))) (CC or) (ADVP (IN at) (JJS least)) (VP (VB be) (ADJP-PRD (JJ able) (S (NP-SBJ (-NONE- *-1)) (VP (TO to) (VP (VP (VB justify) (NP (PRP it))) (CC or) (NP-ETC (NN something)))))))))) (. .) (-DFL- E_S)),62
sw05utt/sw_0516_4618.utt,4/sw4618,4618,45,sd,A,17,3,I have real mixed feelings about it.  /,[ I/PRP ] have/VBP real/RB mixed/JJ  [ feelings/NNS ] about/IN  [ it/PRP ] ./.,(S (NP-SBJ (PRP I)) (VP (VBP have) (NP (NP (ADJP (RB real) (JJ mixed)) (NNS feelings)) (PP (IN about) (NP (PRP it))))) (. .) (-DFL- E_S)),63
sw05utt/sw_0516_4618.utt,4/sw4618,4618,46,sd,A,17,4,I don't know. /,[ I/PRP ] do/VBP n't/RB know/VB ./.,(S (NP-SBJ (PRP I)) (VP (VBP do) (RB n't) (VP (VB know))) (. .) (-DFL- E_S)),64
sw05utt/sw_0516_4618.utt,4/sw4618,4618,47,qy,B,18,1,"[ How, + do you know how  ] wrong they are?  /","How/WRB ,/, do/VBP  [ you/PRP ] know/VBP how/WRB  [ wrong/JJ they/PRP ] are/VBP ?/.","(SQ (EDITED (RM (-DFL- \[)) (SBARQ-UNF (WHADJP-UNF (WRB How))) (, ,) (IP (-DFL- \+))) (VBP do) (NP-SBJ (PRP you)) (VP (VBP know) (SBAR (WHADJP-1 (WRB how) (RS (-DFL- \])) (JJ wrong)) (S (NP-SBJ (PRP they)) (VP (VBP are) (ADJP-PRD (-NONE- *T*-1)))))) (. ?) (-DFL- E_S))",66
sw05utt/sw_0516_4618.utt,4/sw4618,4618,48,qy,B,18,2,"[ Are they, + {E I mean, }  is  there ] a # margin of error? # /","[ Are/VBP they/PRP ] ,/,  [ I/PRP ] mean/VBP ,/, is/VBZ there/EX  [ a/DT margin/NN ] of/IN  [ error/NN ] ?/.","(SQ (EDITED (RM (-DFL- \[)) (SQ-UNF (VBP Are) (NP-SBJ (PRP they))) (, ,) (IP (-DFL- \+))) (PRN (S (NP-SBJ (PRP I)) (VP (VBP mean))) (, ,)) (VBZ is) (NP-SBJ (EX there)) (RS (-DFL- \])) (NP-PRD (NP (DT a) (NN margin)) (PP (IN of) (NP (NN error)))) (. ?) (-DFL- E_S))",67
sw05utt/sw_0516_4618.utt,4/sw4618,4618,49,br,A,19,1,# The accuracy? #  /,[ The/DT accuracy/NN ] ?/.,(NP (DT The) (NN accuracy) (. ?) (-DFL- E_S)),69
sw05utt/sw_0516_4618.utt,4/sw4618,4618,50,no,A,19,2,I don't know.  /,[ I/PRP ] do/VBP n't/RB know/VB ./.,(S (NP-SBJ (PRP I)) (VP (VBP do) (RB n't) (VP (VB know))) (. .) (-DFL- E_S)),64
sw05utt/sw_0516_4618.utt,4/sw4618,4618,51,no^r,A,19,3,I don't know.  /,[ I/PRP ] do/VBP n't/RB know/VB ./.,(S (NP-SBJ (PRP I)) (VP (VBP do) (RB n't) (VP (VB know))) (. .) (-DFL- E_S)),64
sw05utt/sw_0516_4618.utt,4/sw4618,4618,52,sd,A,19,4,"{C But, } I know there are a lot of things that can influence them  /","But/CC ,/,  [ I/PRP ] know/VBP  [ there/EX ] are/VBP  [ a/DT lot/NN ] of/IN  [ things/NNS ] [ that/WDT ] can/MD influence/VB  [ them/PRP ]","(S (CC But) (, ,) (NP-SBJ (PRP I)) (VP (VBP know) (SBAR (-NONE- 0) (S (NP-SBJ (EX there)) (VP (VBP are) (NP-PRD (NP (DT a) (NN lot)) (PP (IN of) (NP (NP (NNS things)) (SBAR (WHNP-1 (WDT that)) (S (NP-SBJ (-NONE- *T*-1)) (VP (MD can) (VP (VB influence) (NP (PRP them))))))))))))) (-DFL- E_S))",72
sw05utt/sw_0516_4618.utt,4/sw4618,4618,53,sv,A,19,5,{C and } I think that a person deserves a second chance with it or something  because  most things will stay in your system for a long time. /,and/CC  [ I/PRP ] think/VBP that/IN  [ a/DT person/NN ] deserves/VBZ  [ a/DT second/JJ chance/NN ] with/IN  [ it/PRP ] or/CC  [ something/NN ] because/IN  [ most/JJS things/NNS ] will/MD stay/VB in/IN  [ your/PRP$ system/NN ] for/IN  [ a/DT long/JJ time/NN ] ./.,(S (CC and) (NP-SBJ (PRP I)) (VP (VBP think) (SBAR (IN that) (S (NP-SBJ (DT a) (NN person)) (VP (VBZ deserves) (NP (NP (NP (DT a) (JJ second) (NN chance)) (PP (IN with) (NP (PRP it)))) (CC or) (NP (NN something))) (SBAR-PRP (IN because) (S (NP-SBJ (JJS most) (NNS things)) (VP (MD will) (VP (VB stay) (PP-LOC (IN in) (NP (PRP$ your) (NN system))) (PP-TMP (IN for) (NP (DT a) (JJ long) (NN time))))))))))) (. .) (-DFL- E_S)),73
sw05utt/sw_0516_4618.utt,4/sw4618,4618,54,b,B,20,1,Yeah. /,Yeah/UH ./.,(INTJ (UH Yeah) (. .) (-DFL- E_S)),75
sw05utt/sw_0516_4618.utt,4/sw4618,4618,55,sv,A,21,1,"{C And } if you could show that, - /","And/CC if/IN  [ you/PRP ] could/MD show/VB  [ that/DT ] ,/,","(S-UNF (CC And) (SBAR-ADV (IN if) (S (NP-SBJ (PRP you)) (VP (MD could) (VP (VB show) (NP (DT that)))))) (, ,) (-DFL- N_S))",77
sw05utt/sw_0516_4618.utt,4/sw4618,4618,56,sd,A,21,2,"[ I, + I ] interviewed for a job recently  /","[ I/PRP ] ,/,  [ I/PRP ] interviewed/VBD for/IN  [ a/DT job/NN ] recently/RB","(S (EDITED (RM (-DFL- \[)) (NP-SBJ (PRP I)) (, ,) (IP (-DFL- \+))) (NP-SBJ (PRP I)) (RS (-DFL- \])) (VP (VBD interviewed) (PP (IN for) (NP (DT a) (NN job))) (ADVP-TMP (RB recently))) (-DFL- E_S))",78
sw05utt/sw_0516_4618.utt,4/sw4618,4618,57,sd,A,21,3,{C and } I was taking Entex.,and/CC  [ I/PRP ] was/VBD taking/VBG  [ Entex/NNP ] ./.,(S (CC and) (NP-SBJ (PRP I)) (VP (VBD was) (VP (VBG taking) (NP (NNP Entex)))) (. .)),79
sw05utt/sw_0516_4618.utt,4/sw4618,4618,58,b,B,22,1,Uh-huh. /,[ Uh-huh/UH ] ./.,(INTJ (UH Uh-huh) (. .) (-DFL- E_S)),39
sw05utt/sw_0516_4618.utt,4/sw4618,4618,59,+,A,23,1,{C And } my doctor gave me a prescription for it.  /,And/CC  [ my/PRP$ doctor/NN ] gave/VBD  [ me/PRP ] [ a/DT prescription/NN ] for/IN  [ it/PRP ] ./.,(S (CC And) (NP-SBJ (PRP$ my) (NN doctor)) (VP (VBD gave) (NP (PRP me)) (NP (NP (DT a) (NN prescription)) (PP (IN for) (NP (PRP it))))) (. .) (-DFL- E_S)),80
sw05utt/sw_0516_4618.utt,4/sw4618,4618,60,sd(^q),A,23,2,"{C And } he said this way if it were to make the drug test positive, you have proof that your doctor ordered this for you, {D you know. }  /","And/CC  [ he/PRP ] said/VBD  [ this/DT way/NN ] if/IN  [ it/PRP ] were/VBD to/TO make/VB  [ the/DT drug/NN test/NN positive/JJ ] ,/,  [ you/PRP ] have/VBP  [ proof/NN ] that/IN  [ your/PRP$ doctor/NN ] ordered/VBD  [ this/DT ] for/IN  [ you/PRP ] ,/,  [ you/PRP ] know/VBP ./.","(S (CC And) (NP-SBJ (PRP he)) (VP (VBD said) (S-SEZ (NP-MNR (DT this) (NN way)) (SBAR-ADV (IN if) (S (NP-SBJ-1 (PRP it)) (VP (VBD were) (S (NP-SBJ (-NONE- *-1)) (VP (TO to) (VP (VB make) (S (NP-SBJ (DT the) (NN drug) (NN test)) (ADJP-PRD (JJ positive))))))))) (, ,) (NP-SBJ (PRP you)) (VP (VBP have) (NP (NN proof) (SBAR (IN that) (S (NP-SBJ (PRP$ your) (NN doctor)) (VP (VBD ordered) (NP (DT this)) (PP-BNF (IN for) (NP (PRP you))))))))) (PRN (, ,) (S (NP-SBJ (PRP you)) (VP (VBP know))))) (. .) (-DFL- E_S))",84
sw05utt/sw_0516_4618.utt,4/sw4618,4618,61,sd,A,23,3,{C And } it didn't come up that I needed to do it  /,And/CC  [ it/PRP ] did/VBD n't/RB come/VBN up/RP that/IN  [ I/PRP ] needed/VBD to/TO do/VB  [ it/PRP ],(S (CC And) (NP-SBJ (NP (PRP it)) (SBAR (-NONE- *EXP*-1))) (VP (VBD did) (RB n't) (VP (VBN come) (PRT (RP up)) (SBAR-1 (IN that) (S (NP-SBJ-2 (PRP I)) (VP (VBD needed) (S (NP-SBJ (-NONE- *-2)) (VP (TO to) (VP (VB do) (NP (PRP it)))))))))) (-DFL- E_S)),85
sw05utt/sw_0516_4618.utt,4/sw4618,4618,62,sv,A,23,4,{C but } this could happen to anybody  /,but/CC  [ this/DT ] could/MD happen/VB to/IN  [ anybody/NN ],(S (CC but) (NP-SBJ (DT this)) (VP (MD could) (VP (VB happen) (PP (IN to) (NP (NN anybody))))) (-DFL- E_S)),86
sw05utt/sw_0516_4618.utt,4/sw4618,4618,63,sv,A,23,5,"{C and } if they would just say {F oh, } this person's drug test is positive we won't hire them --","and/CC if/IN  [ they/PRP ] would/MD just/RB say/VB oh/UH ,/,  [ this/DT person/NN 's/POS drug/NN test/NN ] is/VBZ positive/JJ  [ we/PRP ] wo/MD n't/RB hire/VB  [ them/PRP ] --/:","(S (CC and) (SBAR-ADV (IN if) (S (NP-SBJ (PRP they)) (VP (MD would) (ADVP (RB just)) (VP (VB say) (S-SEZ (S (INTJ (UH oh)) (, ,) (NP-SBJ (NP (DT this) (NN person) (POS 's)) (NN drug) (NN test)) (VP (VBZ is) (ADJP-PRD (JJ positive)))) (S (NP-SBJ (PRP we)) (VP (MD wo) (RB n't) (VP (VB hire) (NP (PRP them)))))))))) (PRN (S (NP-SBJ (PRP you)) (VP (VBP know))) (. .)) (ADVP (RB Then)) (NP-SBJ (PRP you)) (VP (MD could) (VP (VB lose) (PRT (RP out)) (PP (IN on) (NP (DT a) (NN job))) (SBAR-TMP (WHADVP-1 (WRB when)) (S (ADVP (RB really)) (NP-SBJ (PRP you)) (VP (VBD did) (RB n't) (VP (VB do) (NP (NN anything)) (ADVP-TMP (-NONE- *T*-1)))))))) (. .) (-DFL- E_S))",87
sw05utt/sw_0516_4618.utt,4/sw4618,4618,64,b,B,24,1,Yeah. /,Yeah/UH ./.,(INTJ (UH Yeah) (. .) (-DFL- E_S)),75
sw05utt/sw_0516_4618.utt,4/sw4618,4618,65,+,A,25,1,-- {D you know. }  Then you could lose out on a job when really you didn't do anything. /,--/:  [ you/PRP ] know/VBP ./.  Then/RB  [ you/PRP ] could/MD lose/VB out/RP on/IN  [ a/DT job/NN ] when/WRB really/RB  [ you/PRP ] did/VBD n't/RB do/VB  [ anything/NN ] ./.,"(S (CC and) (SBAR-ADV (IN if) (S (NP-SBJ (PRP they)) (VP (MD would) (ADVP (RB just)) (VP (VB say) (S-SEZ (S (INTJ (UH oh)) (, ,) (NP-SBJ (NP (DT this) (NN person) (POS 's)) (NN drug) (NN test)) (VP (VBZ is) (ADJP-PRD (JJ positive)))) (S (NP-SBJ (PRP we)) (VP (MD wo) (RB n't) (VP (VB hire) (NP (PRP them)))))))))) (PRN (S (NP-SBJ (PRP you)) (VP (VBP know))) (. .)) (ADVP (RB Then)) (NP-SBJ (PRP you)) (VP (MD could) (VP (VB lose) (PRT (RP out)) (PP (IN on) (NP (DT a) (NN job))) (SBAR-TMP (WHADVP-1 (WRB when)) (S (ADVP (RB really)) (NP-SBJ (PRP you)) (VP (VBD did) (RB n't) (VP (VB do) (NP (NN anything)) (ADVP-TMP (-NONE- *T*-1)))))))) (. .) (-DFL- E_S))",87
sw05utt/sw_0516_4618.utt,4/sw4618,4618,66,b,B,26,1,Yeah. /,Yeah/UH ./.,(INTJ (UH Yeah) (. .) (-DFL- E_S)),75
sw05utt/sw_0516_4618.utt,4/sw4618,4618,67,h,A,27,1,# {C So } I don't know. # /,So/RB  [ I/PRP ] do/VBP n't/RB know/VB ./.,(S (RB So) (NP-SBJ (PRP I)) (VP (VBP do) (RB n't) (VP (VB know))) (. .) (-DFL- E_S)),94
sw05utt/sw_0516_4618.utt,4/sw4618,4618,68,sv,B,28,1,"# {C And } [ I, + I'm ] not # so sure they are that needed. /","And/CC  [ I/PRP ] ,/,  [ I/PRP ] 'm/VBP not/RB so/RB sure/JJ  [ they/PRP ] are/VBP that/RB needed/VBN ./.","(S (CC And) (EDITED (RM (-DFL- \[)) (NP-SBJ (PRP I)) (, ,) (IP (-DFL- \+))) (NP-SBJ (PRP I)) (VP (VBP 'm) (RS (-DFL- \])) (RB not) (ADJP-PRD (RB so) (JJ sure) (SBAR (-NONE- 0) (S (NP-SBJ (PRP they)) (VP (VBP are) (ADJP-PRD (RB that) (VBN needed))))))) (. .) (-DFL- E_S))",96
sw05utt/sw_0516_4618.utt,4/sw4618,4618,69,aa,A,29,1,"Yeah,  /","[ Yeah/UH ] ,/,","(INTJ (UH Yeah) (, ,) (-DFL- E_S))",98
sw05utt/sw_0516_4618.utt,4/sw4618,4618,70,sd,A,29,2,# I'm not # --,[ I/PRP ] 'm/VBP not/RB --/:,"(S (CC And) (EDITED (RM (-DFL- \[)) (NP-SBJ (PRP I)) (, ,) (IP (-DFL- \+))) (NP-SBJ (PRP I)) (VP (VBP 'm) (RS (-DFL- \])) (RB not) (ADJP-PRD (RB so) (JJ sure) (SBAR (-NONE- 0) (S (NP-SBJ (PRP they)) (VP (VBP are) (ADJP-PRD (RB that) (VBN needed))))))) (. .) (-DFL- E_S))",96
sw05utt/sw_0516_4618.utt,4/sw4618,4618,71,%@,B,30,1,"# {E I mean, } #   *[[need a slash]]","[ I/PRP ] mean/VBP ,/,","(SQ (EDITED (RM (-DFL- \[)) (SQ-UNF (VBP Are) (NP-SBJ (PRP they))) (, ,) (IP (-DFL- \+))) (PRN (S (NP-SBJ (PRP I)) (VP (VBP mean))) (, ,)) (VBZ is) (NP-SBJ (EX there)) (RS (-DFL- \])) (NP-PRD (NP (DT a) (NN margin)) (PP (IN of) (NP (NN error)))) (. ?) (-DFL- E_S))",67
sw05utt/sw_0516_4618.utt,4/sw4618,4618,72,+,A,31,1,-- sure either.  /,--/:  [ sure/JJ ] either/RB ./.,(S (NP-SBJ (PRP I)) (VP (VBP 'm) (RB not) (ADJP-PRD (JJ sure)) (ADVP (RB either))) (. .) (-DFL- E_S)),99
sw05utt/sw_0516_4618.utt,4/sw4618,4618,73,sv,A,31,2,"The only way I can see it is that if they really suspect a person of using it, then they have the right to go ahead and prove it  /","[ The/DT only/JJ way/NN ] [ I/PRP ] can/MD see/VB  [ it/PRP ] is/VBZ that/IN if/IN  [ they/PRP ] really/RB suspect/VBP  [ a/DT person/NN ] of/IN using/VBG  [ it/PRP ] ,/, then/RB  [ they/PRP ] have/VBP  [ the/DT right/NN ] to/TO go/VB ahead/RB and/CC prove/VB  [ it/PRP ]","(S (NP-SBJ (NP (DT The) (JJ only) (NN way)) (SBAR (WHADVP-1 (-NONE- 0)) (S (NP-SBJ (PRP I)) (VP (MD can) (VP (VB see) (NP (PRP it)) (ADVP-MNR (-NONE- *T*-1))))))) (VP (VBZ is) (SBAR-PRD (IN that) (S (SBAR-ADV (IN if) (S (NP-SBJ (PRP they)) (ADVP (RB really)) (VP (VBP suspect) (NP-2 (DT a) (NN person)) (PP (IN of) (S-NOM (NP-SBJ (-NONE- *-2)) (VP (VBG using) (NP (PRP it)))))))) (, ,) (ADVP (RB then)) (NP-SBJ-3 (PRP they)) (VP (VBP have) (NP (DT the) (NN right) (S (NP-SBJ (-NONE- *-3)) (VP (TO to) (VP (VP (VB go) (ADVP (RB ahead))) (CC and) (VP (VB prove) (NP (PRP it))))))))))) (-DFL- E_S))",103
sw05utt/sw_0516_4618.utt,4/sw4618,4618,74,sd,A,31,3,{C because } they say they can spot check. /,because/IN  [ they/PRP ] say/VBP  [ they/PRP ] can/MD spot/GW  [ check/^VB ] ./.,(SBAR-PRP (IN because) (S (NP-SBJ (PRP they)) (VP (VBP say) (SBAR (-NONE- 0) (S (NP-SBJ (PRP they)) (VP (MD can) (VP (GW spot) (^VB check))))))) (. .) (-DFL- E_S)),104
sw05utt/sw_0516_4618.utt,4/sw4618,4618,75,+,B,32,1,"Ye-, - /  *[[b]]","Ye-/UH ,/,","(S-UNF (PRN (S (NP-SBJ (PRP I)) (VP (VBP mean))) (, ,)) (X (UH Ye-)) (, ,) (-DFL- N_S))",101
sw05utt/sw_0516_4618.utt,4/sw4618,4618,76,sv,B,32,2,"if you're using it while at a job, I can see a problem. /","if/IN  [ you/PRP ] 're/VBP using/VBG  [ it/PRP ] while/IN at/IN  [ a/DT job/NN ] ,/,  [ I/PRP ] can/MD see/VB  [ a/DT problem/NN ] ./.","(S (SBAR-ADV (IN if) (S (NP-SBJ-1 (PRP you)) (VP (VBP 're) (VP (VBG using) (NP (PRP it)) (SBAR-TMP (IN while) (S (NP-SBJ (-NONE- *-1)) (PP-PRD (IN at) (NP (DT a) (NN job))))))))) (, ,) (NP-SBJ (PRP I)) (VP (MD can) (VP (VB see) (NP (DT a) (NN problem)))) (. .) (-DFL- E_S))",106
sw05utt/sw_0516_4618.utt,4/sw4618,4618,77,b,A,33,1,Yeah. /,Yeah/UH ./.,(INTJ (UH Yeah) (. .) (-DFL- E_S)),89
sw05utt/sw_0516_4618.utt,4/sw4618,4618,78,sv,B,34,1,"{C But } the occasional person, then [ it's almost + {D like, } it's almost ] an infringement of your privacy. /","But/CC  [ the/DT occasional/JJ person/NN ] ,/, then/RB  [ it/PRP ] 's/BES almost/RB like/IN ,/,  [ it/PRP ] 's/BES almost/RB  [ an/DT infringement/NN ] of/IN  [ your/PRP$ privacy/NN ] ./.","(S (CC But) (NP-ADV (DT the) (JJ occasional) (NN person)) (, ,) (ADVP (RB then)) (EDITED (RM (-DFL- \[)) (S (NP-SBJ (PRP it)) (VP-UNF (BES 's) (ADVP (RB almost)))) (IP (-DFL- \+))) (INTJ (UH like)) (, ,) (NP-SBJ (PRP it)) (VP (BES 's) (ADVP (RB almost)) (RS (-DFL- \])) (NP-PRD (NP (DT an) (NN infringement)) (PP (IN of) (NP (PRP$ your) (NN privacy))))) (. .) (-DFL- E_S))",110
sw05utt/sw_0516_4618.utt,4/sw4618,4618,79,aap,A,35,1,"{D Well, } it sort of is.  /","Well/UH ,/,  [ it/PRP ] [ sort/RB ] of/RB is/VBZ ./.","(S (INTJ (UH Well)) (, ,) (NP-SBJ (PRP it)) (ADVP (RB sort) (RB of)) (VP (VBZ is) (NP-PRD (-NONE- *?*))) (. .) (-DFL- E_S))",112
sw05utt/sw_0516_4618.utt,4/sw4618,4618,80,o,A,35,2,"{C And } this is it,  /","And/CC  [ this/DT ] is/VBZ  [ it/PRP ] ,/,","(S (CC And) (NP-SBJ (DT this)) (VP (VBZ is) (NP-PRD (PRP it))) (, ,) (-DFL- E_S))",113
sw05utt/sw_0516_4618.utt,4/sw4618,4618,81,%,A,35,3,"this, - /","[ this/DT ] ,/,","(S-UNF (NP-SBJ (DT this)) (, ,) (-DFL- N_S))",114
sw05utt/sw_0516_4618.utt,4/sw4618,4618,82,sd,A,35,4,I'm not real sure how I feel about it because I can see it from two ways.  /,[ I/PRP ] 'm/VBP not/RB real/RB sure/JJ how/WRB  [ I/PRP ] feel/VBP about/IN  [ it/PRP ] because/IN  [ I/PRP ] can/MD see/VB  [ it/PRP ] from/IN  [ two/CD ways/NNS ] ./.,(S (NP-SBJ (PRP I)) (VP (VBP 'm) (RB not) (ADJP-PRD (RB real) (JJ sure) (SBAR (WHADVP-1 (WRB how)) (S (NP-SBJ (PRP I)) (VP (VBP feel) (ADVP-MNR (-NONE- *T*-1)) (PP (IN about) (NP (PRP it))))))) (SBAR-PRP (IN because) (S (NP-SBJ (PRP I)) (VP (MD can) (VP (VB see) (NP (PRP it)) (PP (IN from) (NP (CD two) (NNS ways)))))))) (. .) (-DFL- E_S)),115
sw05utt/sw_0516_4618.utt,4/sw4618,4618,83,sv,A,35,5,"{D You know, }  as a health professional, I wouldn't want somebody to take care of me that was using drugs. /","[ You/PRP ] know/VBP ,/, as/IN  [ a/DT health/NN professional/NN ] ,/,  [ I/PRP ] would/MD n't/RB want/VB  [ somebody/NN ] to/TO take/VB care/VB of/IN  [ me/PRP ] [ that/WDT ] was/VBD using/VBG  [ drugs/NNS ] ./.","(S (PRN (S (NP-SBJ (PRP You)) (VP (VBP know))) (, ,)) (PP (IN as) (NP (DT a) (NN health) (NN professional))) (, ,) (NP-SBJ (PRP I)) (VP (MD would) (RB n't) (VP (VB want) (S (NP-SBJ (NP (NN somebody)) (SBAR (-NONE- *ICH*-1))) (VP (TO to) (VP (VB take) (NP (VB care)) (PP (IN of) (NP (PRP me))) (SBAR-1 (WHNP-2 (WDT that)) (S (NP-SBJ (-NONE- *T*-2)) (VP (VBD was) (VP (VBG using) (NP (NNS drugs))))))))))) (. .) (-DFL- E_S))",116
sw05utt/sw_0516_4618.utt,4/sw4618,4618,84,b,B,36,1,Yeah. /,Yeah/UH ./.,(INTJ (UH Yeah) (. .) (-DFL- E_S)),89
sw05utt/sw_0516_4618.utt,4/sw4618,4618,85,sv,A,37,1,"{D You know, } {C so } as a patient, I feel {D well, } {D yeah, }  we probably should be protected.  /","[ You/PRP ] know/VBP ,/, so/RB as/IN  [ a/DT patient/NN ] ,/,  [ I/PRP ] feel/VBP well/UH ,/, yeah/UH ,/,  [ we/PRP ] probably/RB should/MD be/VB protected/VBN ./.","(S (PRN (S (NP-SBJ (PRP You)) (VP (VBP know))) (, ,)) (RB so) (PP (IN as) (NP (DT a) (NN patient))) (, ,) (NP-SBJ (PRP I)) (VP (VBP feel) (SBAR (-NONE- 0) (INTJ (UH well)) (, ,) (INTJ (UH yeah)) (, ,) (S (NP-SBJ-1 (PRP we)) (ADVP (RB probably)) (VP (MD should) (VP (VB be) (VP (VBN protected) (NP (-NONE- *-1)))))))) (. .) (-DFL- E_S))",120
sw05utt/sw_0516_4618.utt,4/sw4618,4618,86,sv,A,37,2,"{C But, } on the other hand, there's a lot of things I should be protected from that they don't test my patients for too.  /","But/CC ,/, on/IN  [ the/DT other/JJ hand/NN ] ,/,  [ there/EX ] 's/BES  [ a/DT lot/NN ] of/IN  [ things/NNS I/PRP ] should/MD be/VB protected/VBN from/IN that/WDT  [ they/PRP ] do/VBP n't/RB test/VB  [ my/PRP$ patients/NNS ] for/IN too/RB ./.","(S (CC But) (, ,) (PP (IN on) (NP (DT the) (JJ other) (NN hand))) (, ,) (NP-SBJ (EX there)) (VP (BES 's) (NP-PRD (NP (DT a) (NN lot)) (PP (IN of) (NP (NP (NNS things)) (SBAR (WHNP-2 (-NONE- 0)) (S (NP-SBJ-1 (PRP I)) (VP (MD should) (VP (VB be) (VP (VBN protected) (NP (-NONE- *-1)) (PP (IN from) (NP (-NONE- *T*-2)))))))) (SBAR (WHNP-3 (WDT that)) (S (NP-SBJ (PRP they)) (VP (VBP do) (RB n't) (VP (VB test) (NP (PRP$ my) (NNS patients)) (PP (IN for) (NP (-NONE- *T*-3)))))))))) (ADVP (RB too))) (. .) (-DFL- E_S))",121
sw05utt/sw_0516_4618.utt,4/sw4618,4618,87,sv,A,37,3,{C So } <laughter> --,So/UH --/:,(S (RB So) (NP-SBJ (PRP I)) (VP (VBP do) (RB n't) (VP (VB know))) (. .) (-DFL- E_S)),94
sw05utt/sw_0516_4618.utt,4/sw4618,4618,88,b,B,38,1,Yeah. /,Yeah/UH ./.,(INTJ (UH Yeah) (. .) (-DFL- E_S)),92
sw05utt/sw_0516_4618.utt,4/sw4618,4618,89,+,A,39,1,"-- {D you know, } I guess [ you sort  of, +  you ] have to have trust some place along the way.  /","--/:  [ you/PRP ] know/VBP ,/,  [ I/PRP ] guess/VBP  [ you/PRP ] sort/RB of/RB ,/,  [ you/PRP ] have/VBP to/TO have/VB trust/NN  [ some/DT place/NN ] along/IN  [ the/DT way/NN ] ./.","(S (RB So) (PRN (S (NP-SBJ (PRP you)) (VP (VBP know))) (, ,)) (NP-SBJ (PRP I)) (VP (VBP guess) (SBAR (-NONE- 0) (S (EDITED (RM (-DFL- \[)) (NP-SBJ (PRP you)) (ADVP (RB sort) (RB of)) (, ,) (IP (-DFL- \+))) (NP-SBJ-1 (PRP you)) (RS (-DFL- \])) (VP (VBP have) (S (NP-SBJ (-NONE- *-1)) (VP (TO to) (VP (VB have) (NP (NN trust)) (NP-LOC (NP (DT some) (NN place)) (PP (IN along) (NP (DT the) (NN way))))))))))) (. .) (-DFL- E_S))",122
sw05utt/sw_0516_4618.utt,4/sw4618,4618,90,sv,A,39,2,You can't go around testing everybody for everything. /,[ You/PRP ] ca/MD n't/RB go/VB around/IN testing/VBG  [ everybody/NN ] for/IN  [ everything/NN ] ./.,(S (NP-SBJ-1 (PRP You)) (VP (MD ca) (RB n't) (VP (VB go) (ADVP (IN around)) (S-ADV (NP-SBJ (-NONE- *-1)) (VP (VBG testing) (NP (NN everybody)) (PP (IN for) (NP (NN everything))))))) (. .) (-DFL- E_S)),126
sw05utt/sw_0516_4618.utt,4/sw4618,4618,91,b,B,40,1,Yeah  <sniffing>. /,Yeah/UH ./.,(INTJ (UH Yeah) (. .) (-DFL- E_S)),108
sw05utt/sw_0516_4618.utt,4/sw4618,4618,92,sd,A,41,1,"{C So, } I don't know.  /","So/UH ,/,  [ I/PRP ] do/VBP n't/RB know/VB ./.","(S (RB So) (, ,) (NP-SBJ (PRP I)) (VP (VBP do) (RB n't) (VP (VB know))) (. .) (-DFL- E_S))",130
sw05utt/sw_0516_4618.utt,4/sw4618,4618,93,sv,A,41,2,"{C And } [ I, + I ] think it could be used to hassle somebody.  /","And/CC  [ I/PRP ] ,/,  [ I/PRP ] think/VBP  [ it/PRP ] could/MD be/VB used/VBN to/TO hassle/VB  [ somebody/NN ] ./.","(S (CC And) (EDITED (RM (-DFL- \[)) (NP-SBJ (PRP I)) (, ,) (IP (-DFL- \+))) (NP-SBJ (PRP I)) (RS (-DFL- \])) (VP (VBP think) (SBAR (-NONE- 0) (S (NP-SBJ-1 (PRP it)) (VP (MD could) (VP (VB be) (VP (VBN used) (NP-2 (-NONE- *-1)) (S-PRP (NP-SBJ (-NONE- *-2)) (VP (TO to) (VP (VB hassle) (NP (NN somebody))))))))))) (. .) (-DFL- E_S))",131
sw05utt/sw_0516_4618.utt,4/sw4618,4618,94,sv,A,41,3,"If someone was out to get you, I think that a company or a boss could use this.  /","If/IN  [ someone/NN ] was/VBD out/RP to/TO get/VB  [ you/PRP ] ,/,  [ I/PRP ] think/VBP that/IN  [ a/DT company/NN ] or/CC  [ a/DT boss/NN ] could/MD use/VB  [ this/DT ] ./.","(S (SBAR-ADV (IN If) (S (NP-SBJ-1 (NN someone)) (VP (VBD was) (ADVP (RP out)) (S-PRP (NP-SBJ (-NONE- *-1)) (VP (TO to) (VP (VB get) (NP (PRP you)))))))) (, ,) (NP-SBJ (PRP I)) (VP (VBP think) (SBAR (IN that) (S (NP-SBJ (NP (DT a) (NN company)) (CC or) (NP (DT a) (NN boss))) (VP (MD could) (VP (VB use) (NP (DT this))))))) (. .) (-DFL- E_S))",132
sw05utt/sw_0516_4618.utt,4/sw4618,4618,95,sv,A,41,4,"{D You know, } they could keep on doing this to you or something, I guess.  /","[ You/PRP ] know/VBP ,/,  [ they/PRP ] could/MD keep/VB on/RP doing/VBG  [ this/DT ] to/IN  [ you/PRP ] or/CC  [ something/NN ] ,/,  [ I/PRP ] guess/VBP ./.","(S (S-TPC-2 (PRN (S (NP-SBJ (PRP You)) (VP (VBP know))) (, ,)) (NP-SBJ-1 (PRP they)) (VP (MD could) (VP (VP (VB keep) (PRT (RP on)) (S (NP-SBJ (-NONE- *-1)) (VP (VBG doing) (NP (DT this)) (PP (IN to) (NP (PRP you)))))) (CC or) (NP-ETC (NN something))))) (, ,) (NP-SBJ (PRP I)) (VP (VBP guess) (SBAR (-NONE- 0) (S (-NONE- *T*-2)))) (. .) (-DFL- E_S))",133
sw05utt/sw_0516_4618.utt,4/sw4618,4618,96,sv,A,41,5,I can see where it could become a problem. /,[ I/PRP ] can/MD see/VB where/WRB  [ it/PRP ] could/MD become/VB  [ a/DT problem/NN ] ./.,(S (NP-SBJ (PRP I)) (VP (MD can) (VP (VB see) (SBAR (WHADVP-1 (WRB where)) (S (NP-SBJ (PRP it)) (VP (MD could) (VP (VB become) (NP-PRD (DT a) (NN problem)) (ADVP (-NONE- *T*-1)))))))) (. .) (-DFL- E_S)),134
sw05utt/sw_0516_4618.utt,4/sw4618,4618,97,sv,B,42,1,"{C And } [ [ it, + it's ] like, + it seems like ] now they have tests <<mispronounced>>  /","And/CC  [ it/PRP ] ,/,  [ it/PRP ] 's/BES like/IN ,/,  [ it/PRP ] seems/VBZ like/IN now/RB  [ they/PRP ] have/VBP  [ tests/NNS","(S (CC And) (EDITED (RM (-DFL- \[)) (EDITED (RM (-DFL- \[)) (NP-SBJ (PRP it)) (, ,) (IP (-DFL- \+))) (S (NP-SBJ (PRP it)) (VP-UNF (BES 's) (RS (-DFL- \])) (SBAR-PRD-UNF (IN like)))) (, ,) (IP (-DFL- \+))) (NP-SBJ (PRP it)) (VP (VBZ seems) (SBAR (IN like) (RS (-DFL- \])) (S (ADVP-TMP (RB now)) (NP-SBJ (PRP they)) (VP (VBP have) (NP (NNS tests)))))) (-DFL- E_S))",136
sw05utt/sw_0516_4618.utt,4/sw4618,4618,98,sd,B,42,2,I guess they can test your hair  /,I/PRP ] guess/VBP  [ they/PRP ] can/MD test/VB  [ your/PRP$ hair/NN ],(S (NP-SBJ (PRP I)) (VP (VBP guess) (SBAR (-NONE- 0) (S (NP-SBJ (PRP they)) (VP (MD can) (VP (VB test) (NP (PRP$ your) (NN hair))))))) (-DFL- E_S)),137
sw05utt/sw_0516_4618.utt,4/sw4618,4618,99,sd,B,42,3,and they can find out if you use drugs --,and/CC  [ they/PRP ] can/MD find/VB out/RP if/IN  [ you/PRP ] use/VBP  [ drugs/NNS ] --/:,(S (CC and) (NP-SBJ (PRP they)) (VP (MD can) (VP (VB find) (PRT (RP out)) (SBAR (IN if) (S (NP-SBJ (PRP you)) (VP (TYPO (VBP use)) (NP (NNS drugs)) (PP-TMP (IN up) (PP (IN to) (ADVP-TMP (NP (JJ several) (NNS years)) (RB ago))))))))) (. .) (-DFL- E_S)),138
sw05utt/sw_0516_4618.utt,4/sw4618,4618,100,b,A,43,1,Really. /,Really/UH ./.,(INTJ (UH Really) (. .) (-DFL- E_S)),140
sw05utt/sw_0516_4618.utt,4/sw4618,4618,101,+,B,44,1,-- up to several years ago. /,--/: up/IN to/IN  [ several/JJ years/NNS ] ago/RB ./.,(S (CC and) (NP-SBJ (PRP they)) (VP (MD can) (VP (VB find) (PRT (RP out)) (SBAR (IN if) (S (NP-SBJ (PRP you)) (VP (TYPO (VBP use)) (NP (NNS drugs)) (PP-TMP (IN up) (PP (IN to) (ADVP-TMP (NP (JJ several) (NNS years)) (RB ago))))))))) (. .) (-DFL- E_S)),138
sw05utt/sw_0516_4618.utt,4/sw4618,4618,102,ba@,A,45,1,"{F Oh, } wow!  #  {C But } # --   *[[two utts]]","Oh/UH ,/, wow/UH !/.  But/CC --/:","(INTJ (INTJ (UH Oh)) (, ,) (INTJ (UH wow)) (. !))|||(S (CC But) (ADVP (RB maybe)) (NP-SBJ-1 (PRP you)) (VP (MD should) (RB n't) (VP (VB be) (VP (VBN held) (S (NP-SBJ (-NONE- *-1)) (ADJP-PRD (JJ responsible) (PP (IN for) (NP (NP (NN something)) (SBAR (WHNP-2 (-NONE- 0)) (S (NP-SBJ (PRP you)) (VP (VBD did) (NP (-NONE- *T*-2)) (ADVP-TMP (NP (JJ several) (NNS years)) (RB ago)))))))))))) (. .) (-DFL- E_S))",143|||144
sw05utt/sw_0516_4618.utt,4/sw4618,4618,103,%,B,46,1,"# {C So, } # -/","So/UH ,/,","(S-UNF (RB So) (, ,) (-DFL- N_S))",146
sw05utt/sw_0516_4618.utt,4/sw4618,4618,104,+,A,47,1,-- maybe you shouldn't be held responsible for something you did several years ago. /  *[[sv]],--/: maybe/RB  [ you/PRP ] should/MD n't/RB be/VB held/VBN responsible/JJ for/IN  [ something/NN ] [ you/PRP ] did/VBD  [ several/JJ years/NNS ] ago/RB ./.,(S (CC But) (ADVP (RB maybe)) (NP-SBJ-1 (PRP you)) (VP (MD should) (RB n't) (VP (VB be) (VP (VBN held) (S (NP-SBJ (-NONE- *-1)) (ADJP-PRD (JJ responsible) (PP (IN for) (NP (NP (NN something)) (SBAR (WHNP-2 (-NONE- 0)) (S (NP-SBJ (PRP you)) (VP (VBD did) (NP (-NONE- *T*-2)) (ADVP-TMP (NP (JJ several) (NNS years)) (RB ago)))))))))))) (. .) (-DFL- E_S)),144
sw05utt/sw_0516_4618.utt,4/sw4618,4618,105,aa,B,48,1,I know. /,[ I/PRP ] know/VBP ./.,(S (NP-SBJ (PRP I)) (VP (VBP know)) (. .) (-DFL- E_S)),149
sw05utt/sw_0516_4618.utt,4/sw4618,4618,106,o,A,49,1,That's the other thing.   /,[ That/DT ] 's/BES  [ the/DT other/JJ thing/NN ] ./.,(S (NP-SBJ (DT That)) (VP (BES 's) (NP-PRD (DT the) (JJ other) (NN thing))) (. .) (-DFL- E_S)),151
sw05utt/sw_0516_4618.utt,4/sw4618,4618,107,sd,A,49,2,"{E I mean } [ a lot of, + a lot of ] people as kids or,  {D you know, } young people get into some things that they get out of later on  /","[ I/PRP ] mean/VBP  [ a/DT lot/NN ] of/IN ,/,  [ a/DT lot/NN ] of/IN  [ people/NNS ] as/IN  [ kids/NNS ] or/CC ,/,  [ you/PRP ] know/VBP ,/,  [ young/JJ people/NNS ] get/VBP into/IN  [ some/DT things/NNS ] that/WDT  [ they/PRP ] get/VBP out/RP of/IN later/RB on/RB","(S (PRN (S (NP-SBJ (PRP I)) (VP (VBP mean)))) (EDITED (RM (-DFL- \[)) (NP-SBJ (NP (DT a) (NN lot)) (PP-UNF (IN of))) (, ,) (IP (-DFL- \+))) (NP-SBJ (NP (DT a) (NN lot)) (PP (IN of) (RS (-DFL- \])) (NP (NNS people)))) (PP (IN as) (NP (NP (NNS kids)) (CC or) (PRN (, ,) (S (NP-SBJ (PRP you)) (VP (VBP know))) (, ,)) (NP (JJ young) (NNS people)))) (VP (VBP get) (PP (IN into) (NP (NP (DT some) (NNS things)) (SBAR (WHNP-1 (WDT that)) (S (NP-SBJ (PRP they)) (VP (VBP get) (PP (RP out) (PP (IN of) (NP (-NONE- *T*-1)))) (ADVP-TMP (RB later) (RB on)))))))) (-DFL- E_S))",152
sw05utt/sw_0516_4618.utt,4/sw4618,4618,108,sv,A,49,3,{C and } I don't think they should really have to pay for that forever. /,and/CC  [ I/PRP ] do/VBP n't/RB think/VB  [ they/PRP ] should/MD really/RB have/VB to/TO pay/VB for/IN  [ that/DT ] forever/RB ./.,(S (CC and) (NP-SBJ (PRP I)) (VP (VBP do) (RB n't) (VP (VB think) (SBAR (-NONE- 0) (S (NP-SBJ-1 (PRP they)) (VP (MD should) (ADVP (RB really)) (VP (VB have) (S (NP-SBJ (-NONE- *-1)) (VP (TO to) (VP (VB pay) (PP (IN for) (NP (DT that))) (ADVP-TMP (RB forever))))))))))) (. .) (-DFL- E_S)),153
sw05utt/sw_0516_4618.utt,4/sw4618,4618,109,aa,B,50,1,Yeah.  /,Yeah/UH ./.,(INTJ (UH Yeah) (. .) (-DFL- E_S)),124
sw05utt/sw_0516_4618.utt,4/sw4618,4618,110,sd,B,50,2,There's a lot of things you do as a kid # that # --,[ There/EX ] 's/BES  [ a/DT lot/NN ] of/IN  [ things/NNS you/PRP ] do/VBP as/IN  [ a/DT kid/NN ] that/IN --/:,(S (NP-SBJ (EX There)) (VP (BES 's) (NP-PRD (NP (DT a) (NN lot)) (PP (IN of) (NP (NP (NNS things)) (SBAR (WHNP-1 (-NONE- 0)) (S (NP-SBJ (PRP you)) (VP (VBP do) (NP (-NONE- *T*-1)) (PP (IN as) (NP (DT a) (NN kid)))))) (SBAR (WHNP-2 (IN that)) (S (NP-SBJ (PRP you)) (VP (MD would) (RB n't) (VP (VB do) (NP (-NONE- *T*-2)) (PP (IN as) (NP (DT an) (NN adult))))))))))) (-DFL- E_S)),156
sw05utt/sw_0516_4618.utt,4/sw4618,4618,111,b,A,51,1,# Yeah. # /,Yeah/UH ./.,(INTJ (UH Yeah) (. .) (-DFL- E_S)),128
sw05utt/sw_0516_4618.utt,4/sw4618,4618,112,+,B,52,1,-- you wouldn't do as an adult  /,--/:  [ you/PRP ] would/MD n't/RB do/VB as/IN  [ an/DT adult/NN ],(S (NP-SBJ (EX There)) (VP (BES 's) (NP-PRD (NP (DT a) (NN lot)) (PP (IN of) (NP (NP (NNS things)) (SBAR (WHNP-1 (-NONE- 0)) (S (NP-SBJ (PRP you)) (VP (VBP do) (NP (-NONE- *T*-1)) (PP (IN as) (NP (DT a) (NN kid)))))) (SBAR (WHNP-2 (IN that)) (S (NP-SBJ (PRP you)) (VP (MD would) (RB n't) (VP (VB do) (NP (-NONE- *T*-2)) (PP (IN as) (NP (DT an) (NN adult))))))))))) (-DFL- E_S)),156
sw05utt/sw_0516_4618.utt,4/sw4618,4618,113,sv,B,52,2,{C but } --,but/CC --/:,(S (CC but) (NP-SBJ (PRP you)) (VP (MD ca) (RB n't) (VP (VB say) (SBAR (-NONE- 0) (S (NP-SBJ (PRP it)) (VP (VBD was) (ADJP-PRD (JJ wrong)) (PP-TMP (IN at) (NP (DT the) (NN time)))))))) (. .) (-DFL- E_S)),160
sw05utt/sw_0516_4618.utt,4/sw4618,4618,114,aa,A,53,1,# I think that's true. # /,[ I/PRP ] think/VBP  [ that/DT ] 's/BES true/JJ ./.,(S (NP-SBJ (PRP I)) (VP (VBP think) (SBAR (-NONE- 0) (S (NP-SBJ (DT that)) (VP (BES 's) (ADJP-PRD (JJ true)))))) (. .) (-DFL- E_S)),162
sw05utt/sw_0516_4618.utt,4/sw4618,4618,115,+,B,54,1,-- # you can't say it was # wrong at the time. /,--/:  [ you/PRP ] ca/MD n't/RB say/VB  [ it/PRP ] was/VBD wrong/JJ at/IN  [ the/DT time/NN ] ./.,(S (CC but) (NP-SBJ (PRP you)) (VP (MD ca) (RB n't) (VP (VB say) (SBAR (-NONE- 0) (S (NP-SBJ (PRP it)) (VP (VBD was) (ADJP-PRD (JJ wrong)) (PP-TMP (IN at) (NP (DT the) (NN time)))))))) (. .) (-DFL- E_S)),160
sw05utt/sw_0516_4618.utt,4/sw4618,4618,116,aa,A,55,1,"Yeah,  /","Yeah/UH ,/,","(INTJ (UH Yeah) (, ,) (-DFL- E_S))",165
sw05utt/sw_0516_4618.utt,4/sw4618,4618,117,aa,A,55,2,yeah.  /,yeah/UH ./.,(INTJ (UH yeah) (. .) (-DFL- E_S)),166
sw05utt/sw_0516_4618.utt,4/sw4618,4618,118,sv,A,55,3,{C So } that probably wouldn't be too good either. /,So/RB that/DT probably/RB would/MD n't/RB be/VB too/RB good/JJ either/RB ./.,(S (RB So) (NP-SBJ (DT that)) (ADVP (RB probably)) (VP (MD would) (RB n't) (VP (VB be) (ADJP-PRD (RB too) (JJ good)) (ADVP (RB either)))) (. .) (-DFL- E_S)),167
