swda_filename,ptb_basename,conversation_no,transcript_index,act_tag,caller,utterance_index,subutterance_index,text,pos,trees,ptb_treenumbers
sw05utt/sw_0549_3111.utt,3/sw3111,3111,0,qw,B,1,1,"{D Well, } Hal, [ what's, + {F uh, } what's  ] crime like in Dallas? /","Well/UH ,/,  [ Hal/NNP ] ,/,  [ what/WP ] 's/BES ,/,  [ uh/UH ] ,/,  [ what/WP ] 's/BES  [ crime/NN ] like/IN in/IN  [ Dallas/NNP ] ?/.","(SBARQ (INTJ (UH Well)) (, ,) (NP-VOC (NNP Hal)) (, ,) (EDITED (RM (-DFL- \[)) (SBARQ (WHNP (WP what)) (SQ-UNF (BES 's))) (, ,) (IP (-DFL- \+))) (INTJ (UH uh)) (, ,) (WHNP-1 (WP what)) (SQ (BES 's) (RS (-DFL- \])) (NP-SBJ (NN crime)) (PP-PRD (IN like) (NP (-NONE- *T*-1))) (PP-LOC (IN in) (NP (NNP Dallas)))) (. ?) (-DFL- E_S))",1
sw05utt/sw_0549_3111.utt,3/sw3111,3111,1,sd,A,2,1,"{D Well, } it depends where in Dallas you are. /","Well/UH ,/,  [ it/PRP ] depends/VBZ where/WRB in/IN  [ Dallas/NNP you/PRP ] are/VBP ./.","(S (INTJ (UH Well)) (, ,) (NP-SBJ (PRP it)) (VP (VBZ depends) (FRAG (SBAR-LOC (WHADVP-1 (WHADVP (WRB where)) (PP-LOC (IN in) (NP (NNP Dallas)))) (S (NP-SBJ (PRP you)) (VP (VBP are) (ADVP-PRD-LOC (-NONE- *T*-1))))))) (. .) (-DFL- E_S))",3
sw05utt/sw_0549_3111.utt,3/sw3111,3111,2,b,B,3,1,Uh-huh. /,[ Uh-huh/UH ] ./.,(INTJ (UH Uh-huh) (. .) (-DFL- E_S)),5
sw05utt/sw_0549_3111.utt,3/sw3111,3111,3,sd,A,4,1,There are certainly parts of town I would not want to <laughter> live in. /,[ There/EX ] are/VBP certainly/RB  [ parts/NNS ] of/IN  [ town/NN ] [ I/PRP ] would/MD not/RB want/VB to/TO live/VB in/IN ./.,(S (NP-SBJ (EX There)) (VP (VBP are) (ADVP (RB certainly)) (NP-PRD (NP (NNS parts)) (PP (IN of) (NP (NN town))) (SBAR (WHNP-2 (-NONE- 0)) (S (NP-SBJ-1 (PRP I)) (VP (MD would) (RB not) (VP (VB want) (S (NP-SBJ (-NONE- *-1)) (VP (TO to) (VP (VB live) (PP-LOC (IN in) (NP (-NONE- *T*-2)))))))))))) (. .) (-DFL- E_S)),7
sw05utt/sw_0549_3111.utt,3/sw3111,3111,4,b,B,5,1,Yeah. /,Yeah/UH ./.,(INTJ (UH Yeah) (. .) (-DFL- E_S)),9
sw05utt/sw_0549_3111.utt,3/sw3111,3111,5,sd,A,6,1,{C Because } it's the situation  /,Because/IN  [ it/PRP ] 's/BES  [ the/DT situation/NN ],(SBAR-PRP (IN Because) (S (NP-SBJ (PRP it)) (VP (BES 's) (NP-PRD (DT the) (NN situation)))) (-DFL- E_S)),11
sw05utt/sw_0549_3111.utt,3/sw3111,3111,6,sd,A,6,2,it is very location dependent -- /,[ it/PRP ] is/VBZ  [ very/JJ location/NN dependent/JJ ] --/:,(S (NP-SBJ (PRP it)) (VP (VBZ is) (ADJP-PRD (JJ very) (NN location) (JJ dependent))) (-DFL- E_S)),12
sw05utt/sw_0549_3111.utt,3/sw3111,3111,7,b,B,7,1,Uh-huh. /,[ Uh-huh/UH ] ./.,(INTJ (UH Uh-huh) (. .) (-DFL- E_S)),5
sw05utt/sw_0549_3111.utt,3/sw3111,3111,8,sd,A,8,1,"-- {C and } there are parts of town here where, when they talk about the nightly gunfire. -/","--/: and/CC  [ there/EX ] are/VBP  [ parts/NNS ] of/IN  [ town/NN ] here/RB where/WRB ,/, when/WRB  [ they/PRP ] talk/VBP about/IN  [ the/DT nightly/JJ gunfire/NN ] ./.","(S (CC and) (NP-SBJ (EX there)) (VP (VBP are) (NP-PRD (NP (NNS parts)) (PP (IN of) (NP (NN town))) (ADVP-LOC (RB here)) (SBAR-LOC (WHADVP (WRB where)) (, ,) (S-UNF (SBAR-TMP (WHADVP-1 (WRB when)) (S (NP-SBJ (PRP they)) (VP (VBP talk) (PP (IN about) (NP (DT the) (JJ nightly) (NN gunfire))) (ADVP-TMP (-NONE- *T*-1))))))))) (. .) (-DFL- N_S))",16
sw05utt/sw_0549_3111.utt,3/sw3111,3111,9,aa,B,9,1,"{F Oh, } yeah.  /","Oh/UH ,/, yeah/UH ./.","(INTJ (INTJ (UH Oh)) (, ,) (INTJ (UH yeah)) (. .) (-DFL- E_S))",18
sw05utt/sw_0549_3111.utt,3/sw3111,3111,10,aa,B,9,2,"Yeah,  /","[ Yeah/UH ] ,/,","(INTJ (UH Yeah) (, ,) (-DFL- E_S))",19
sw05utt/sw_0549_3111.utt,3/sw3111,3111,11,sd,B,9,3,in Baltimore we have similar. - /,in/IN  [ Baltimore/NNP we/PRP ] have/VBP  [ similar/JJ ] ./.,(S (PP-LOC (IN in) (NP (NNP Baltimore))) (NP-SBJ (PRP we)) (VP (VBP have) (NP-UNF (JJ similar))) (. .) (-DFL- N_S)),20
sw05utt/sw_0549_3111.utt,3/sw3111,3111,12,sd,B,9,4,"{F Uh, } I live on the outskirts of Baltimore  /","[ Uh/UH ] ,/,  [ I/PRP ] live/VBP on/IN  [ the/DT outskirts/NNS ] of/IN  [ Baltimore/NNP ]","(S (INTJ (UH Uh)) (, ,) (NP-SBJ (PRP I)) (VP (VBP live) (PP-LOC (IN on) (NP (NP (DT the) (NNS outskirts)) (PP (IN of) (NP (NNP Baltimore)))))) (-DFL- E_S))",21
sw05utt/sw_0549_3111.utt,3/sw3111,3111,13,sd,B,9,5,"{C and, } {F uh, } we live right outside the city  /","and/CC ,/,  [ uh/UH ] ,/,  [ we/PRP ] live/VBP right/RB outside/IN  [ the/DT city/NN ]","(S (CC and) (, ,) (INTJ (UH uh)) (, ,) (NP-SBJ (PRP we)) (VP (VBP live) (PP-LOC (ADVP (RB right)) (IN outside) (NP (DT the) (NN city)))) (-DFL- E_S))",22
sw05utt/sw_0549_3111.utt,3/sw3111,3111,14,sd,B,9,6,"{C and } our neighborhood is pretty much working class people, though I'm in graduate school, {F uh, }  /","and/CC  [ our/PRP$ neighborhood/NN ] is/VBZ  [ pretty/RB much/RB working/VBG class/NN people/NNS ] ,/, though/IN  [ I/PRP ] 'm/VBP in/IN  [ graduate/NN school/NN ] ,/,  [ uh/UH ] ,/,","(S (CC and) (NP-SBJ (PRP$ our) (NN neighborhood)) (VP (VBZ is) (ADVP (RB pretty) (RB much)) (NP-PRD (VBG working) (NN class) (NNS people)) (, ,) (SBAR (IN though) (S (NP-SBJ (PRP I)) (VP (VBP 'm) (PP-PRD (IN in) (NP (NN graduate) (NN school)))))) (, ,) (INTJ (UH uh))) (, ,) (-DFL- E_S))",23
sw05utt/sw_0549_3111.utt,3/sw3111,3111,15,sd,B,9,7,I live here because it's close to the university. /,[ I/PRP ] live/VBP here/RB because/IN  [ it/PRP ] 's/BES close/RB to/IN  [ the/DT university/NN ] ./.,(S (NP-SBJ (PRP I)) (VP (VBP live) (ADVP-LOC (RB here)) (SBAR-PRP (IN because) (S (NP-SBJ (PRP it)) (VP (BES 's) (ADVP-LOC-PRD (RB close) (PP (IN to) (NP (DT the) (NN university)))))))) (. .) (-DFL- E_S)),24
sw05utt/sw_0549_3111.utt,3/sw3111,3111,16,b,A,10,1,Uh-huh. /,[ Uh-huh/UH ] ./.,(INTJ (UH Uh-huh) (. .) (-DFL- E_S)),5
sw05utt/sw_0549_3111.utt,3/sw3111,3111,17,%,B,11,1,"{C But, } {D you know, } we have, {F uh, } - /","But/CC ,/,  [ you/PRP ] know/VBP ,/,  [ we/PRP ] have/VBP ,/,  [ uh/UH ] ,/,","(S (CC But) (PRN (, ,) (S (NP-SBJ (PRP you)) (VP (VBP know))) (, ,)) (NP-SBJ (PRP we)) (VP-UNF (VBP have) (, ,) (INTJ (UH uh))) (, ,) (-DFL- N_S))",28
sw05utt/sw_0549_3111.utt,3/sw3111,3111,18,sd,B,11,2,"[ it, + it's  ] really funny,  /","[ it/PRP ] ,/,  [ it/PRP ] 's/BES really/RB  [ funny/JJ ] ,/,","(S (EDITED (RM (-DFL- \[)) (NP-SBJ (PRP it)) (, ,) (IP (-DFL- \+))) (NP-SBJ (PRP it)) (VP (BES 's) (RS (-DFL- \])) (ADJP-PRD (RB really) (JJ funny))) (, ,) (-DFL- E_S))",29
sw05utt/sw_0549_3111.utt,3/sw3111,3111,19,sd,B,11,3,"the only crime we really see is, {F uh, } just the kids being malicious. /","[ the/DT only/JJ crime/NN ] [ we/PRP ] really/RB see/VBP is/VBZ ,/,  [ uh/UH ] ,/, just/RB  [ the/DT kids/NNS ] being/VBG  [ malicious/JJ ] ./.","(S (NP-SBJ (NP (DT the) (JJ only) (NN crime)) (SBAR (WHNP-1 (-NONE- 0)) (S (NP-SBJ (PRP we)) (ADVP (RB really)) (VP (VBP see) (NP (-NONE- *T*-1)))))) (VP (VBZ is) (, ,) (INTJ (UH uh)) (, ,) (ADVP (RB just)) (NP-PRD (NP (DT the) (NNS kids)) (VP (VBG being) (ADJP-PRD (JJ malicious))))) (. .) (-DFL- E_S))",30
sw05utt/sw_0549_3111.utt,3/sw3111,3111,20,b,A,12,1,Uh-huh. /,[ Uh-huh/UH ] ./.,(INTJ (UH Uh-huh) (. .) (-DFL- E_S)),5
sw05utt/sw_0549_3111.utt,3/sw3111,3111,21,sv,B,13,1,"{D You know, } {C and } I think most of that is because their parents aren't around.  /","[ You/PRP ] know/VBP ,/, and/CC  [ I/PRP ] think/VBP  [ most/JJS ] of/IN  [ that/DT ] is/VBZ because/IN  [ their/PRP$ parents/NNS ] are/VBP n't/RB around/IN ./.","(S (PRN (S (NP-SBJ (PRP You)) (VP (VBP know))) (, ,)) (CC and) (NP-SBJ (PRP I)) (VP (VBP think) (SBAR (-NONE- 0) (S (NP-SBJ (NP (JJS most)) (PP (IN of) (NP (DT that)))) (VP (VBZ is) (SBAR-PRD-PRP (IN because) (S (NP-SBJ (PRP$ their) (NNS parents)) (VP (VBP are) (RB n't) (ADVP-LOC-PRD (IN around))))))))) (. .) (-DFL- E_S))",34
sw05utt/sw_0549_3111.utt,3/sw3111,3111,22,o,B,13,2,That make sense? /,That/DT make/VB  [ sense/NN ] ?/.,(SQ (NP-SBJ (DT That)) (VP (VB make) (NP (NN sense))) (. ?) (-DFL- E_S)),35
sw05utt/sw_0549_3111.utt,3/sw3111,3111,23,aa,A,14,1,Yeah. /,Yeah/UH ./.,(INTJ (UH Yeah) (. .) (-DFL- E_S)),9
sw05utt/sw_0549_3111.utt,3/sw3111,3111,24,b,B,15,1,Yeah. /,Yeah/UH ./.,(INTJ (UH Yeah) (. .) (-DFL- E_S)),9
sw05utt/sw_0549_3111.utt,3/sw3111,3111,25,bf,A,16,1,"[ [ That, +  {F uh, } the, ] +  what  they call the ] latchkey children. /","[ That/DT ] ,/,  [ uh/UH ] ,/,  [ the/DT ] ,/,  [ what/WP ] [ they/PRP ] call/VBP  [ the/DT latchkey/NN children/NNS ] ./.","(SBAR-NOM-SBJ (EDITED (RM (-DFL- \[)) (EDITED (RM (-DFL- \[)) (NP-SBJ (DT That)) (, ,) (IP (-DFL- \+))) (INTJ (UH uh)) (, ,) (NP-SBJ-UNF (DT the)) (, ,) (RS (-DFL- \])) (IP (-DFL- \+))) (WHNP-1 (WP what)) (S (NP-SBJ (PRP they)) (VP (VBP call) (S (NP-SBJ (-NONE- *T*-1)) (NP-PRD (DT the) (RS (-DFL- \])) (NN latchkey) (NNS children))))) (. .) (-DFL- E_S))",41
sw05utt/sw_0549_3111.utt,3/sw3111,3111,26,b,B,17,1,"Yeah,  /","Yeah/UH ,/,","(INTJ (UH Yeah) (, ,) (-DFL- E_S))",19
sw05utt/sw_0549_3111.utt,3/sw3111,3111,27,h,B,17,2,something like that.  /,[ something/NN ] like/IN  [ that/DT ] ./.,(NP (NP (NN something)) (PP (IN like) (NP (DT that))) (. .) (-DFL- E_S)),44
sw05utt/sw_0549_3111.utt,3/sw3111,3111,28,%,B,17,3,"No one's, {D you know, } - /","[ No/DT one/NN ] 's/BES ,/,  [ you/PRP ] know/VBP ,/,","(S (NP-SBJ (DT No) (NN one)) (VP-UNF (BES 's) (PRN (, ,) (S (NP-SBJ (PRP you)) (VP (VBP know))))) (, ,) (-DFL- N_S))",45
sw05utt/sw_0549_3111.utt,3/sw3111,3111,29,sv,B,17,4,"[ {C or, } + {C or } ] fathers are just missing, {D you know, }  /","or/CC ,/, or/CC  [ fathers/NNS ] are/VBP just/RB missing/JJ ,/,  [ you/PRP ] know/VBP ,/,","(S (EDITED (RM (-DFL- \[)) (CC or) (, ,) (IP (-DFL- \+))) (CC or) (RS (-DFL- \])) (NP-SBJ (NNS fathers)) (VP (VBP are) (ADVP (RB just)) (ADJP-PRD (JJ missing)) (PRN (, ,) (S (NP-SBJ (PRP you)) (VP (VBP know))))) (, ,) (-DFL- E_S))",46
sw05utt/sw_0549_3111.utt,3/sw3111,3111,30,sv,B,17,5,"{C so } there's [ no, + {F uh, } no  ] consistency there in the home or  whatever.  /","so/RB  [ there/EX ] 's/BES no/DT ,/,  [ uh/UH ] ,/,  [ no/DT consistency/NN ] there/RB in/IN  [ the/DT home/NN ] or/CC  [ whatever/WDT ] ./.","(S (RB so) (NP-SBJ (EX there)) (VP (VP (BES 's) (EDITED (RM (-DFL- \[)) (NP-PRD-UNF (DT no)) (, ,) (IP (-DFL- \+))) (INTJ (UH uh)) (, ,) (NP-PRD (NP (DT no) (RS (-DFL- \])) (NN consistency)) (ADVP-LOC (RB there)) (PP-LOC (IN in) (NP (DT the) (NN home))))) (CC or) (NP-ETC (WDT whatever))) (. .) (-DFL- E_S))",47
sw05utt/sw_0549_3111.utt,3/sw3111,3111,31,sv,B,17,6,"There's no one to tell them what's right and what's wrong,  {D you know. } /","[ There/EX ] 's/BES  [ no/DT one/CD ] to/TO tell/VB  [ them/PRP ] [ what/WP ] 's/BES right/JJ and/CC  [ what/WP ] 's/BES wrong/JJ ,/,  [ you/PRP ] know/VBP ./.","(S (NP-SBJ (EX There)) (VP (BES 's) (NP-PRD-1 (DT no) (CD one)) (S (NP-SBJ (-NONE- *-1)) (VP (TO to) (VP (VB tell) (NP (PRP them)) (SBAR-NOM (SBAR (WHNP-2 (WP what)) (S (NP-SBJ (-NONE- *T*-2)) (VP (BES 's) (ADJP-PRD (JJ right))))) (CC and) (SBAR (WHNP-3 (WP what)) (S (NP-SBJ (-NONE- *T*-3)) (VP (BES 's) (ADJP-PRD (JJ wrong))))))))) (PRN (, ,) (S (NP-SBJ (PRP you)) (VP (VBP know))))) (. .) (-DFL- E_S))",48
sw05utt/sw_0549_3111.utt,3/sw3111,3111,32,b,A,18,1,Yeah.  /,Yeah/UH ./.,(INTJ (UH Yeah) (. .) (-DFL- E_S)),37
sw05utt/sw_0549_3111.utt,3/sw3111,3111,33,sd,A,18,2,[ The +   (( sort of ))  on my end is more of the ] upper middle class  /,[ The/DT sort/NN ] of/IN on/IN  [ my/PRP$ end/NN ] is/VBZ more/JJR of/IN  [ the/DT upper/JJ middle/JJ class/NN ],(SINV (EDITED (RM (-DFL- \[)) (NP-SBJ-UNF (DT The)) (IP (-DFL- \+))) (PP-TPC-1 (ADVP (NN sort) (IN of)) (IN on) (NP (PRP$ my) (NN end))) (VP (VBZ is) (PP-PRD (-NONE- *T*-1))) (NP-SBJ (NP (JJR more)) (PP (IN of) (NP (DT the) (RS (-DFL- \])) (JJ upper) (JJ middle) (NN class)))) (-DFL- E_S)),51
sw05utt/sw_0549_3111.utt,3/sw3111,3111,34,sv,A,18,3,{C so } --,so/UH --/:,"(S (RB so) (NP-SBJ (EX there)) (VP (VP (BES 's) (EDITED (RM (-DFL- \[)) (NP-PRD-UNF (DT no)) (, ,) (IP (-DFL- \+))) (INTJ (UH uh)) (, ,) (NP-PRD (NP (DT no) (RS (-DFL- \])) (NN consistency)) (ADVP-LOC (RB there)) (PP-LOC (IN in) (NP (DT the) (NN home))))) (CC or) (NP-ETC (WDT whatever))) (. .) (-DFL- E_S))",47
sw05utt/sw_0549_3111.utt,3/sw3111,3111,35,b,B,19,1,Uh-huh. /,[ Uh-huh/UH ] ./.,(INTJ (UH Uh-huh) (. .) (-DFL- E_S)),14
sw05utt/sw_0549_3111.utt,3/sw3111,3111,36,+,A,20,1,"-- I think our, {F uh, } - /","--/:  [ I/PRP ] think/VBP  [ our/PRP$ ] ,/,  [ uh/UH ] ,/,","(S (RB so) (NP-SBJ (PRP I)) (VP (VBP think) (SBAR (-NONE- 0) (S (NP-SBJ-UNF (PRP$ our) (, ,) (INTJ (UH uh)))))) (, ,) (-DFL- N_S))",52
sw05utt/sw_0549_3111.utt,3/sw3111,3111,37,sd,A,20,2,not that we don't have a certain amount of local problems --  /,not/RB that/IN  [ we/PRP ] do/VBP n't/RB have/VB  [ a/DT certain/JJ amount/NN ] of/IN  [ local/JJ problems/NNS ] --/:,(SBAR (RB not) (IN that) (S (NP-SBJ (PRP we)) (VP (VBP do) (RB n't) (VP (VB have) (NP (NP (DT a) (JJ certain) (NN amount)) (PP (IN of) (NP (JJ local) (NNS problems))))))) (-DFL- E_S)),56
sw05utt/sw_0549_3111.utt,3/sw3111,3111,38,b,B,21,1,Uh-huh <<faint>>.   /,[ Uh-huh/UH ] ./.,(INTJ (UH Uh-huh) (. .) (-DFL- E_S)),26
sw05utt/sw_0549_3111.utt,3/sw3111,3111,39,sd,A,22,1,"-- {C but } on the other hand, {F uh, } we get the, {F uh, } affect of [ the, + {F uh, } the  ] city  /","--/: but/CC on/IN  [ the/DT other/JJ hand/NN ] ,/,  [ uh/UH ] ,/,  [ we/PRP ] get/VBP  [ the/DT ] ,/,  [ uh/UH ] ,/, affect/NN of/IN  [ the/DT ] ,/,  [ uh/UH ] ,/,  [ the/DT city/NN ]","(S (CC but) (PP (IN on) (NP (DT the) (JJ other) (NN hand))) (, ,) (INTJ (UH uh)) (, ,) (NP-SBJ (PRP we)) (VP (VBP get) (NP (NP (DT the) (, ,) (INTJ (UH uh)) (, ,) (TYPO (NN affect))) (PP (IN of) (EDITED (RM (-DFL- \[)) (NP-UNF (DT the)) (, ,) (IP (-DFL- \+))) (INTJ (UH uh)) (, ,) (NP (DT the) (RS (-DFL- \])) (NN city))))) (-DFL- E_S))",60
sw05utt/sw_0549_3111.utt,3/sw3111,3111,40,sd,A,22,2,"{C and, } {F uh, } the main crimes within the suburb here are [ the, + the  ] theft crimes.","and/CC ,/,  [ uh/UH ] ,/,  [ the/DT main/JJ crimes/NNS ] within/IN  [ the/DT suburb/NN ] here/RB are/VBP  [ the/DT ] ,/,  [ the/DT theft/NN crimes/NNS ] ./.","(S (CC and) (, ,) (INTJ (UH uh)) (, ,) (NP-SBJ (NP (DT the) (JJ main) (NNS crimes)) (PP-LOC (IN within) (NP (DT the) (NN suburb))) (ADVP-LOC (RB here))) (VP (VBP are) (EDITED (RM (-DFL- \[)) (NP-PRD-UNF (DT the)) (, ,) (IP (-DFL- \+))) (NP-PRD (NP (DT the) (RS (-DFL- \])) (NN theft) (NNS crimes)) (. .) (NP (NP (DT A) (JJ small) (NN number)) (PP (IN of) (NP (NNS assaults)))))) (, ,) (-DFL- E_S))",61
sw05utt/sw_0549_3111.utt,3/sw3111,3111,41,b,B,23,1,Uh-huh. /,[ Uh-huh/UH ] ./.,(INTJ (UH Uh-huh) (. .) (-DFL- E_S)),32
sw05utt/sw_0549_3111.utt,3/sw3111,3111,42,+,A,24,1,"A small number of assaults,  /","[ A/DT small/JJ number/NN ] of/IN  [ assaults/NNS ] ,/,","(S (CC and) (, ,) (INTJ (UH uh)) (, ,) (NP-SBJ (NP (DT the) (JJ main) (NNS crimes)) (PP-LOC (IN within) (NP (DT the) (NN suburb))) (ADVP-LOC (RB here))) (VP (VBP are) (EDITED (RM (-DFL- \[)) (NP-PRD-UNF (DT the)) (, ,) (IP (-DFL- \+))) (NP-PRD (NP (DT the) (RS (-DFL- \])) (NN theft) (NNS crimes)) (. .) (NP (NP (DT A) (JJ small) (NN number)) (PP (IN of) (NP (NNS assaults)))))) (, ,) (-DFL- E_S))",61
sw05utt/sw_0549_3111.utt,3/sw3111,3111,43,sd,A,24,2,"{F uh, } {D well, } if we have one murder a year --","[ uh/UH ] ,/, well/UH ,/, if/IN  [ we/PRP ] have/VBP  [ one/CD murder/NN ] [ a/DT year/NN ] --/:","(S (INTJ (UH uh)) (, ,) (INTJ (UH well)) (, ,) (SBAR-ADV (IN if) (S (NP-SBJ (PRP we)) (VP (VBP have) (NP (NP (CD one) (NN murder)) (NP-ADV (DT a) (NN year)))))) (NP-SBJ (DT that)) (VP (BES 's) (ADVP (RB probably)) (NP-PRD-UNF (ADJP (RB as) (JJ many)))) (, ,) (-DFL- N_S))",65
sw05utt/sw_0549_3111.utt,3/sw3111,3111,44,b,B,25,1,Yeah. /,Yeah/UH ./.,(INTJ (UH Yeah) (. .) (-DFL- E_S)),37
sw05utt/sw_0549_3111.utt,3/sw3111,3111,45,+,A,26,1,"-- that's probably as many, - /","--/:  [ that/DT ] 's/BES probably/RB as/RB many/JJ ,/,","(S (INTJ (UH uh)) (, ,) (INTJ (UH well)) (, ,) (SBAR-ADV (IN if) (S (NP-SBJ (PRP we)) (VP (VBP have) (NP (NP (CD one) (NN murder)) (NP-ADV (DT a) (NN year)))))) (NP-SBJ (DT that)) (VP (BES 's) (ADVP (RB probably)) (NP-PRD-UNF (ADJP (RB as) (JJ many)))) (, ,) (-DFL- N_S))",65
sw05utt/sw_0549_3111.utt,3/sw3111,3111,46,sd,A,26,2,"{C but then, } {D you know, } you go into Dallas  and they are, unfortunately --","but/CC then/RB ,/,  [ you/PRP ] know/VBP ,/,  [ you/PRP ] go/VBP into/IN  [ Dallas/NNP ] and/CC  [ they/PRP ] are/VBP ,/, unfortunately/RB --/:","(S (CONJP (CC but) (RB then)) (PRN (, ,) (S (NP-SBJ (PRP you)) (VP (VBP know))) (, ,)) (NP-SBJ (PRP you)) (VP (VBP go) (PP-DIR (IN into) (NP (NNP Dallas)))))|||(S (CC and) (NP-SBJ (PRP they)) (VP (VBP are) (, ,) (ADVP (RB unfortunately)) (INTJ (UH uh)) (, ,) (VP (VBG having) (NP (NNS murders)) (PP (IN at) (NP (NP (DT a) (NN rate) (JJR greater)) (PP (IN than) (NP (NP (CD one)) (NP-ADV (DT a) (NN day)))))))) (. .) (-DFL- E_S))",69|||70
sw05utt/sw_0549_3111.utt,3/sw3111,3111,47,b,B,27,1,Uh-huh. /,[ Uh-huh/UH ] ./.,(INTJ (UH Uh-huh) (. .) (-DFL- E_S)),54
sw05utt/sw_0549_3111.utt,3/sw3111,3111,48,+,A,28,1,"-- {F uh, } having murders --","--/:  [ uh/UH ] ,/, having/VBG  [ murders/NNS ] --/:","(S (CC and) (NP-SBJ (PRP they)) (VP (VBP are) (, ,) (ADVP (RB unfortunately)) (INTJ (UH uh)) (, ,) (VP (VBG having) (NP (NNS murders)) (PP (IN at) (NP (NP (DT a) (NN rate) (JJR greater)) (PP (IN than) (NP (NP (CD one)) (NP-ADV (DT a) (NN day)))))))) (. .) (-DFL- E_S))",70
sw05utt/sw_0549_3111.utt,3/sw3111,3111,49,b,B,29,1,Yeah. /,Yeah/UH ./.,(INTJ (UH Yeah) (. .) (-DFL- E_S)),50
sw05utt/sw_0549_3111.utt,3/sw3111,3111,50,+,A,30,1,-- at a rate greater than one a day. /,--/: at/IN  [ a/DT rate/NN ] greater/JJR than/IN  [ one/CD ] [ a/DT day/NN ] ./.,"(S (CC and) (NP-SBJ (PRP they)) (VP (VBP are) (, ,) (ADVP (RB unfortunately)) (INTJ (UH uh)) (, ,) (VP (VBG having) (NP (NNS murders)) (PP (IN at) (NP (NP (DT a) (NN rate) (JJR greater)) (PP (IN than) (NP (NP (CD one)) (NP-ADV (DT a) (NN day)))))))) (. .) (-DFL- E_S))",70
sw05utt/sw_0549_3111.utt,3/sw3111,3111,51,b,B,31,1,"Yeah,  /","[ Yeah/UH ] ,/,","(INTJ (UH Yeah) (, ,) (-DFL- E_S))",78
sw05utt/sw_0549_3111.utt,3/sw3111,3111,52,sd,B,31,2,"I think [ that's, +  we're ] about the same in Baltimore.  /","[ I/PRP ] think/VBP  [ that/DT ] 's/BES ,/,  [ we/PRP ] 're/VBP about/IN  [ the/DT same/JJ ] in/IN  [ Baltimore/NNP ] ./.","(S (NP-SBJ (PRP I)) (VP (VBP think) (SBAR (-NONE- 0) (S (EDITED (RM (-DFL- \[)) (S (NP-SBJ (DT that)) (VP-UNF (BES 's))) (, ,) (IP (-DFL- \+))) (NP-SBJ (PRP we)) (VP (VBP 're) (RS (-DFL- \])) (PP-PRD (IN about) (NP (DT the) (JJ same))) (PP-LOC (IN in) (NP (NNP Baltimore))))))) (. .) (-DFL- E_S))",79
sw05utt/sw_0549_3111.utt,3/sw3111,3111,53,sd,B,31,3,"Though, {F uh, } Washington, I think is, {F uh, } close by  /","Though/RB ,/,  [ uh/UH ] ,/,  [ Washington/NNP ] ,/,  [ I/PRP ] think/VBP is/VBZ ,/,  [ uh/UH ] ,/, close/RB by/RB","(S (ADVP (RB Though)) (, ,) (INTJ (UH uh)) (, ,) (NP-SBJ (NNP Washington)) (PRN (, ,) (S (NP-SBJ (PRP I)) (VP (VBP think)))) (VP (VBZ is) (, ,) (INTJ (UH uh)) (, ,) (ADVP-LOC-PRD (RB close) (RB by))) (-DFL- E_S))",80
sw05utt/sw_0549_3111.utt,3/sw3111,3111,54,sd,B,31,4,"{C and, } {D you know, } they experience a lot more. /","and/CC ,/,  [ you/PRP ] know/VBP ,/,  [ they/PRP ] experience/VBP  [ a/DT lot/NN ] more/RBR ./.","(S (CC and) (PRN (, ,) (S (NP-SBJ (PRP you)) (VP (VBP know))) (, ,)) (NP-SBJ (PRP they)) (VP (VBP experience) (NP (ADJP (NP-ADV (DT a) (NN lot)) (RBR more)))) (. .) (-DFL- E_S))",81
sw05utt/sw_0549_3111.utt,3/sw3111,3111,55,b,A,32,1,Uh-huh. /,[ Uh-huh/UH ] ./.,(INTJ (UH Uh-huh) (. .) (-DFL- E_S)),63
sw05utt/sw_0549_3111.utt,3/sw3111,3111,56,sd,B,33,1,"I think they definitely have more problems [ that, + ] {F uh, } [ in, + in ] the area.  /","[ I/PRP ] think/VBP  [ they/PRP ] definitely/RB have/VBP  [ more/JJR problems/NNS ] [ that/WDT ] ,/,  [ uh/UH ] ,/, in/IN ,/, in/IN  [ the/DT area/NN ] ./.","(S (NP-SBJ (PRP I)) (VP (VBP think) (SBAR (-NONE- 0) (S (NP-SBJ (PRP they)) (ADVP (RB definitely)) (VP (VBP have) (NP (JJR more) (NNS problems)) (EDITED (RM (-DFL- \[)) (WHNP (WDT that)) (, ,) (IP (-DFL- \+)) (RS (-DFL- \]))) (INTJ (UH uh)) (, ,) (EDITED (RM (-DFL- \[)) (PP-LOC-UNF (IN in)) (, ,) (IP (-DFL- \+))) (PP-LOC (IN in) (RS (-DFL- \])) (NP (DT the) (NN area))))))) (. .) (-DFL- E_S))",85
sw05utt/sw_0549_3111.utt,3/sw3111,3111,57,qw,B,33,2,"[ What, + what  ] do you think can prevent crime? /","[ What/WP ] ,/,  [ what/WP ] do/VBP  [ you/PRP ] think/VB can/MD prevent/VB  [ crime/NN ] ?/.","(SBARQ (EDITED (RM (-DFL- \[)) (WHNP (WP What)) (, ,) (IP (-DFL- \+))) (WHNP-1 (WP what)) (RS (-DFL- \])) (SQ (VBP do) (NP-SBJ (PRP you)) (VP (VB think) (SBAR (-NONE- 0) (S (NP-SBJ (-NONE- *T*-1)) (VP (MD can) (VP (VB prevent) (NP (NN crime)))))))) (. ?) (-DFL- E_S))",86
sw05utt/sw_0549_3111.utt,3/sw3111,3111,58,%,A,34,1,"{D Well, } the thing is, I don't, - /","Well/UH ,/,  [ the/DT thing/NN ] is/VBZ ,/,  [ I/PRP ] do/VBP n't/RB ,/,","(S (INTJ (UH Well)) (, ,) (NP-SBJ (DT the) (NN thing)) (VP (VBZ is) (, ,) (SBAR-PRD (-NONE- 0) (S (NP-SBJ (PRP I)) (VP-UNF (VBP do) (RB n't))))) (, ,) (-DFL- N_S))",88
sw05utt/sw_0549_3111.utt,3/sw3111,3111,59,sd,A,34,2,"it's one of those things where, if you're a grad student you can appreciate the statistics on -- -/","[ it/PRP ] 's/BES  [ one/CD ] of/IN  [ those/DT things/NNS ] where/WRB ,/, if/IN  [ you/PRP ] 're/VBP  [ a/DT grad/NN student/NN ] [ you/PRP ] can/MD appreciate/VB  [ the/DT statistics/NNS ] on/IN --/:","(S (NP-SBJ (PRP it)) (VP (BES 's) (NP-PRD (NP (CD one)) (PP (IN of) (NP (DT those) (NNS things))) (SBAR (WHADVP (WRB where)) (, ,) (S (SBAR-ADV (IN if) (S (NP-SBJ (PRP you)) (VP (VBP 're) (NP-PRD (DT a) (NN grad) (NN student))))) (NP-SBJ (PRP you)) (VP (MD can) (VP (VB appreciate) (NP (NP (DT the) (NNS statistics)) (PP-UNF (IN on))))))))) (-DFL- N_S))",89
sw05utt/sw_0549_3111.utt,3/sw3111,3111,60,b,B,35,1,Uh-huh. /,[ Uh-huh/UH ] ./.,(INTJ (UH Uh-huh) (. .) (-DFL- E_S)),63
sw05utt/sw_0549_3111.utt,3/sw3111,3111,61,sd,A,36,1,"-- Unfortunately there are often these correlations that are inverse of what they should be like, {F uh, } wherever there are more, {F uh, } criminals, there are more policemen -- /","--/: Unfortunately/RB  [ there/EX ] are/VBP often/RB  [ these/DT correlations/NNS ] [ that/WDT ] are/VBP inverse/NN of/IN  [ what/WP ] [ they/PRP ] should/MD be/VB like/IN ,/,  [ uh/UH ] ,/, wherever/WRB  [ there/EX ] are/VBP more/JJR ,/,  [ uh/UH ] ,/,  [ criminals/NNS ] ,/,  [ there/EX ] are/VBP  [ more/JJR policemen/NNS ] --/:","(S (ADVP (RB Unfortunately)) (NP-SBJ (EX there)) (VP (VBP are) (ADVP-TMP (RB often)) (NP-PRD (NP (DT these) (NNS correlations)) (SBAR (WHNP-1 (WDT that)) (S (NP-SBJ (-NONE- *T*-1)) (VP (VBP are) (NP-PRD (NP (NN inverse)) (PP (IN of) (SBAR-NOM (WHNP-2 (WP what)) (S (NP-SBJ (PRP they)) (VP (MD should) (VP (VB be) (NP-PRD (-NONE- *T*-2))))))))))) (SBAR (IN like) (, ,) (INTJ (UH uh)) (, ,) (S (SBAR-LOC (WHADVP-3 (WRB wherever)) (S (NP-SBJ (EX there)) (VP (VBP are) (NP-PRD (JJR more) (, ,) (INTJ (UH uh)) (, ,) (NNS criminals)) (ADVP-LOC (-NONE- *T*-3))))) (, ,) (NP-SBJ (EX there)) (VP (VBP are) (NP-PRD (JJR more) (NNS policemen))))))) (-DFL- E_S))",93
sw05utt/sw_0549_3111.utt,3/sw3111,3111,62,b,B,37,1,Yeah. /,Yeah/UH ./.,(INTJ (UH Yeah) (. .) (-DFL- E_S)),67
sw05utt/sw_0549_3111.utt,3/sw3111,3111,63,sd,A,38,1,-- {C but } that's which came first. /,--/: but/CC  [ that/DT ] 's/BES  [ which/WDT ] came/VBD  [ first/RB ] ./.,(S (CC but) (NP-SBJ (DT that)) (VP (BES 's) (SBAR-NOM-PRD (WHNP-1 (WDT which)) (S (NP-SBJ (-NONE- *T*-1)) (VP (VBD came) (ADVP (RB first)))))) (. .) (-DFL- E_S)),97
sw05utt/sw_0549_3111.utt,3/sw3111,3111,64,b,B,39,1,Yeah <laughter>. /,Yeah/UH ./.,(INTJ (UH Yeah) (. .) (-DFL- E_S)),75
sw05utt/sw_0549_3111.utt,3/sw3111,3111,65,%,A,40,1,"{C But, } on the other side of it is - /","But/CC ,/, on/IN  [ the/DT other/JJ side/NN ] of/IN  [ it/PRP ] is/VBZ","(S (CC But) (, ,) (PP-SBJ (IN on) (NP (NP (DT the) (JJ other) (NN side)) (PP (IN of) (NP (PRP it))))) (VP-UNF (VBZ is)) (-DFL- N_S))",101
sw05utt/sw_0549_3111.utt,3/sw3111,3111,66,sv,A,40,2,"[ [ it's, + it's  ] +  basically [ the, + the  ] problem is ]  [ within the, + in the  ] society --","[ it/PRP ] 's/BES ,/,  [ it/PRP ] 's/BES basically/RB  [ the/DT ] ,/,  [ the/DT problem/NN ] is/VBZ within/IN  [ the/DT ] ,/, in/IN  [ the/DT society/NN ] --/:","(S (EDITED (RM (-DFL- \[)) (EDITED (RM (-DFL- \[)) (S (NP-SBJ (PRP it)) (VP-UNF (BES 's))) (, ,) (IP (-DFL- \+))) (S (NP-SBJ (PRP it)) (VP-UNF (BES 's))) (RS (-DFL- \])) (IP (-DFL- \+))) (ADVP (RB basically)) (EDITED (RM (-DFL- \[)) (NP-SBJ-UNF (DT the)) (, ,) (IP (-DFL- \+))) (NP-SBJ (DT the) (RS (-DFL- \])) (NN problem)) (VP (VBZ is) (RS (-DFL- \])) (EDITED (RM (-DFL- \[)) (PP-PRD (IN within) (NP-UNF (DT the))) (, ,) (IP (-DFL- \+))) (PP-PRD (IN in) (NP (NP (DT the) (RS (-DFL- \])) (NP (NN society))) (CC and) (NP (NP (DT the) (NN society) (POS 's)) (NNS views))))) (-DFL- E_S))",102
sw05utt/sw_0549_3111.utt,3/sw3111,3111,67,b,B,41,1,Uh-huh. /,[ Uh-huh/UH ] ./.,(INTJ (UH Uh-huh) (. .) (-DFL- E_S)),83
sw05utt/sw_0549_3111.utt,3/sw3111,3111,68,+,A,42,1,-- and the society's views  /,--/: and/CC  [ the/DT society/NN 's/POS views/NNS ],"(S (EDITED (RM (-DFL- \[)) (EDITED (RM (-DFL- \[)) (S (NP-SBJ (PRP it)) (VP-UNF (BES 's))) (, ,) (IP (-DFL- \+))) (S (NP-SBJ (PRP it)) (VP-UNF (BES 's))) (RS (-DFL- \])) (IP (-DFL- \+))) (ADVP (RB basically)) (EDITED (RM (-DFL- \[)) (NP-SBJ-UNF (DT the)) (, ,) (IP (-DFL- \+))) (NP-SBJ (DT the) (RS (-DFL- \])) (NN problem)) (VP (VBZ is) (RS (-DFL- \])) (EDITED (RM (-DFL- \[)) (PP-PRD (IN within) (NP-UNF (DT the))) (, ,) (IP (-DFL- \+))) (PP-PRD (IN in) (NP (NP (DT the) (RS (-DFL- \])) (NP (NN society))) (CC and) (NP (NP (DT the) (NN society) (POS 's)) (NNS views))))) (-DFL- E_S))",102
sw05utt/sw_0549_3111.utt,3/sw3111,3111,69,sd,A,42,2,"{C and, } {D well, } {F uh, } since now I'm in my mid-forties, when I was in grad school or when I was an undergraduate growing up in a more rural area --","and/CC ,/, well/UH ,/,  [ uh/UH ] ,/, since/IN now/RB  [ I/PRP ] 'm/VBP in/IN  [ my/PRP$ mid-forties/NNS ] ,/, when/WRB  [ I/PRP ] was/VBD in/IN  [ grad/NN school/NN ] or/CC when/WRB  [ I/PRP ] was/VBD  [ an/DT undergraduate/NN ] growing/VBG up/RP in/IN  [ a/DT more/RBR rural/JJ area/NN ] --/:","(S (CC and) (, ,) (INTJ (UH well)) (, ,) (INTJ (UH uh)) (, ,) (SBAR-PRP (IN since) (S (ADVP-TMP (RB now)) (NP-SBJ (PRP I)) (VP (VBP 'm) (PP-PRD (IN in) (NP (PRP$ my) (NNS mid-forties)))))) (, ,) (SBAR-TMP (SBAR (WHADVP-1 (WRB when)) (S (NP-SBJ (PRP I)) (VP (VBD was) (PP-PRD (IN in) (NP (NN grad) (NN school))) (ADVP-TMP (-NONE- *T*-1))))) (CC or) (SBAR (WHADVP-2 (WRB when)) (S (NP-SBJ (PRP I)) (VP (VBD was) (NP-PRD (DT an) (NN undergraduate)) (ADVP-TMP (-NONE- *T*-2))))) (S-ADV (NP-SBJ (-NONE- *)) (VP (VBG growing) (PRT (RP up)) (PP-LOC (IN in) (NP (DT a) (ADJP (RBR more) (JJ rural)) (NN area)))))) (NP-SBJ (PRP I)) (VP (VBD thought) (SBAR (-NONE- 0) (PRN (, ,) (S (NP-SBJ (PRP you)) (VP (VBP know))) (, ,)) (S (S (NP-SBJ (NN crime)) (EDITED (RM (-DFL- \[)) (VP-UNF (VBD was)) (, ,) (IP (-DFL- \+))) (VP (VBD was) (RS (-DFL- \])) (ADJP-PRD (RB reasonably) (JJ unknown)))) (CC and) (S-UNF (NP-SBJ (NP (RB just) (DT the) (NN situation)) (SBAR (WHNP-3 (WDT that)) (S (NP-SBJ-4 (-NONE- *T*-3)) (VP (HVS 's) (VP (VBN developed) (NP (-NONE- *-4)) (PP (IN with) (EDITED (RM (-DFL- \[)) (NP-UNF (DT the)) (, ,) (IP (-DFL- \+))) (NP (NP (DT the) (RS (-DFL- \])) (NN drug) (NN aspect)) (PP (IN of) (, ,) (INTJ (UH uh)) (INTJ (UH uh)) (, ,) (NP (NP (DT the) (NNS pushers)) (, ,) (NP (DT the) (NNS dealers)) (CC and) (NP (DT the) (NNS addicts))))))))))) (, ,) (INTJ (UH uh)))))) (, ,) (-DFL- E_S))",106
sw05utt/sw_0549_3111.utt,3/sw3111,3111,70,b,B,43,1,Uh-huh. /,[ Uh-huh/UH ] ./.,(INTJ (UH Uh-huh) (. .) (-DFL- E_S)),83
sw05utt/sw_0549_3111.utt,3/sw3111,3111,71,+,A,44,1,"-- I thought, {D you know, } crime [ was, + was  ] reasonably unknown --","--/:  [ I/PRP ] thought/VBD ,/,  [ you/PRP ] know/VBP ,/,  [ crime/NN ] was/VBD ,/, was/VBD reasonably/RB  [ unknown/JJ ] --/:","(S (CC and) (, ,) (INTJ (UH well)) (, ,) (INTJ (UH uh)) (, ,) (SBAR-PRP (IN since) (S (ADVP-TMP (RB now)) (NP-SBJ (PRP I)) (VP (VBP 'm) (PP-PRD (IN in) (NP (PRP$ my) (NNS mid-forties)))))) (, ,) (SBAR-TMP (SBAR (WHADVP-1 (WRB when)) (S (NP-SBJ (PRP I)) (VP (VBD was) (PP-PRD (IN in) (NP (NN grad) (NN school))) (ADVP-TMP (-NONE- *T*-1))))) (CC or) (SBAR (WHADVP-2 (WRB when)) (S (NP-SBJ (PRP I)) (VP (VBD was) (NP-PRD (DT an) (NN undergraduate)) (ADVP-TMP (-NONE- *T*-2))))) (S-ADV (NP-SBJ (-NONE- *)) (VP (VBG growing) (PRT (RP up)) (PP-LOC (IN in) (NP (DT a) (ADJP (RBR more) (JJ rural)) (NN area)))))) (NP-SBJ (PRP I)) (VP (VBD thought) (SBAR (-NONE- 0) (PRN (, ,) (S (NP-SBJ (PRP you)) (VP (VBP know))) (, ,)) (S (S (NP-SBJ (NN crime)) (EDITED (RM (-DFL- \[)) (VP-UNF (VBD was)) (, ,) (IP (-DFL- \+))) (VP (VBD was) (RS (-DFL- \])) (ADJP-PRD (RB reasonably) (JJ unknown)))) (CC and) (S-UNF (NP-SBJ (NP (RB just) (DT the) (NN situation)) (SBAR (WHNP-3 (WDT that)) (S (NP-SBJ-4 (-NONE- *T*-3)) (VP (HVS 's) (VP (VBN developed) (NP (-NONE- *-4)) (PP (IN with) (EDITED (RM (-DFL- \[)) (NP-UNF (DT the)) (, ,) (IP (-DFL- \+))) (NP (NP (DT the) (RS (-DFL- \])) (NN drug) (NN aspect)) (PP (IN of) (, ,) (INTJ (UH uh)) (INTJ (UH uh)) (, ,) (NP (NP (DT the) (NNS pushers)) (, ,) (NP (DT the) (NNS dealers)) (CC and) (NP (DT the) (NNS addicts))))))))))) (, ,) (INTJ (UH uh)))))) (, ,) (-DFL- E_S))",106
sw05utt/sw_0549_3111.utt,3/sw3111,3111,72,b,B,45,1,Yeah. /,Yeah/UH ./.,(INTJ (UH Yeah) (. .) (-DFL- E_S)),95
sw05utt/sw_0549_3111.utt,3/sw3111,3111,73,+,A,46,1,"-- and just the situation that's developed with [ the, +  the ] drug --   *[[new slash unit?]]","--/: and/CC just/RB  [ the/DT situation/NN ] [ that/WDT ] 's/HVS developed/VBN with/IN  [ the/DT ] ,/,  [ the/DT drug/NN ] --/:","(S (CC and) (, ,) (INTJ (UH well)) (, ,) (INTJ (UH uh)) (, ,) (SBAR-PRP (IN since) (S (ADVP-TMP (RB now)) (NP-SBJ (PRP I)) (VP (VBP 'm) (PP-PRD (IN in) (NP (PRP$ my) (NNS mid-forties)))))) (, ,) (SBAR-TMP (SBAR (WHADVP-1 (WRB when)) (S (NP-SBJ (PRP I)) (VP (VBD was) (PP-PRD (IN in) (NP (NN grad) (NN school))) (ADVP-TMP (-NONE- *T*-1))))) (CC or) (SBAR (WHADVP-2 (WRB when)) (S (NP-SBJ (PRP I)) (VP (VBD was) (NP-PRD (DT an) (NN undergraduate)) (ADVP-TMP (-NONE- *T*-2))))) (S-ADV (NP-SBJ (-NONE- *)) (VP (VBG growing) (PRT (RP up)) (PP-LOC (IN in) (NP (DT a) (ADJP (RBR more) (JJ rural)) (NN area)))))) (NP-SBJ (PRP I)) (VP (VBD thought) (SBAR (-NONE- 0) (PRN (, ,) (S (NP-SBJ (PRP you)) (VP (VBP know))) (, ,)) (S (S (NP-SBJ (NN crime)) (EDITED (RM (-DFL- \[)) (VP-UNF (VBD was)) (, ,) (IP (-DFL- \+))) (VP (VBD was) (RS (-DFL- \])) (ADJP-PRD (RB reasonably) (JJ unknown)))) (CC and) (S-UNF (NP-SBJ (NP (RB just) (DT the) (NN situation)) (SBAR (WHNP-3 (WDT that)) (S (NP-SBJ-4 (-NONE- *T*-3)) (VP (HVS 's) (VP (VBN developed) (NP (-NONE- *-4)) (PP (IN with) (EDITED (RM (-DFL- \[)) (NP-UNF (DT the)) (, ,) (IP (-DFL- \+))) (NP (NP (DT the) (RS (-DFL- \])) (NN drug) (NN aspect)) (PP (IN of) (, ,) (INTJ (UH uh)) (INTJ (UH uh)) (, ,) (NP (NP (DT the) (NNS pushers)) (, ,) (NP (DT the) (NNS dealers)) (CC and) (NP (DT the) (NNS addicts))))))))))) (, ,) (INTJ (UH uh)))))) (, ,) (-DFL- E_S))",106
sw05utt/sw_0549_3111.utt,3/sw3111,3111,74,b,B,47,1,"Yeah,  /","[ Yeah/UH ] ,/,","(INTJ (UH Yeah) (, ,) (-DFL- E_S))",114
sw05utt/sw_0549_3111.utt,3/sw3111,3111,75,%@,B,47,2,"I think,   *[[slash error]]","[ I/PRP ] think/VBP ,/,","(S (NP-SBJ (PRP I)) (VP-UNF (VBP think) (, ,) (INTJ (UH Uh-huh))) (. .) (-DFL- E_S))",115
sw05utt/sw_0549_3111.utt,3/sw3111,3111,76,+,A,48,1,"-- aspect of, {F uh } --","--/:  [ aspect/NN ] of/IN ,/,  [ uh/UH ] --/:","(S (CC and) (, ,) (INTJ (UH well)) (, ,) (INTJ (UH uh)) (, ,) (SBAR-PRP (IN since) (S (ADVP-TMP (RB now)) (NP-SBJ (PRP I)) (VP (VBP 'm) (PP-PRD (IN in) (NP (PRP$ my) (NNS mid-forties)))))) (, ,) (SBAR-TMP (SBAR (WHADVP-1 (WRB when)) (S (NP-SBJ (PRP I)) (VP (VBD was) (PP-PRD (IN in) (NP (NN grad) (NN school))) (ADVP-TMP (-NONE- *T*-1))))) (CC or) (SBAR (WHADVP-2 (WRB when)) (S (NP-SBJ (PRP I)) (VP (VBD was) (NP-PRD (DT an) (NN undergraduate)) (ADVP-TMP (-NONE- *T*-2))))) (S-ADV (NP-SBJ (-NONE- *)) (VP (VBG growing) (PRT (RP up)) (PP-LOC (IN in) (NP (DT a) (ADJP (RBR more) (JJ rural)) (NN area)))))) (NP-SBJ (PRP I)) (VP (VBD thought) (SBAR (-NONE- 0) (PRN (, ,) (S (NP-SBJ (PRP you)) (VP (VBP know))) (, ,)) (S (S (NP-SBJ (NN crime)) (EDITED (RM (-DFL- \[)) (VP-UNF (VBD was)) (, ,) (IP (-DFL- \+))) (VP (VBD was) (RS (-DFL- \])) (ADJP-PRD (RB reasonably) (JJ unknown)))) (CC and) (S-UNF (NP-SBJ (NP (RB just) (DT the) (NN situation)) (SBAR (WHNP-3 (WDT that)) (S (NP-SBJ-4 (-NONE- *T*-3)) (VP (HVS 's) (VP (VBN developed) (NP (-NONE- *-4)) (PP (IN with) (EDITED (RM (-DFL- \[)) (NP-UNF (DT the)) (, ,) (IP (-DFL- \+))) (NP (NP (DT the) (RS (-DFL- \])) (NN drug) (NN aspect)) (PP (IN of) (, ,) (INTJ (UH uh)) (INTJ (UH uh)) (, ,) (NP (NP (DT the) (NNS pushers)) (, ,) (NP (DT the) (NNS dealers)) (CC and) (NP (DT the) (NNS addicts))))))))))) (, ,) (INTJ (UH uh)))))) (, ,) (-DFL- E_S))",106
sw05utt/sw_0549_3111.utt,3/sw3111,3111,77,+,B,49,1,Uh-huh. /,[ Uh-huh/UH ] ./.,(INTJ (UH Uh-huh) (. .) (-DFL- E_S)),104
sw05utt/sw_0549_3111.utt,3/sw3111,3111,78,+,A,50,1,"-- {F uh, } the pushers, the dealers and the addicts, {F uh, } /","--/:  [ uh/UH ] ,/,  [ the/DT pushers/NNS ] ,/,  [ the/DT dealers/NNS ] and/CC  [ the/DT addicts/NNS ] ,/,  [ uh/UH ] ,/,","(S (CC and) (, ,) (INTJ (UH well)) (, ,) (INTJ (UH uh)) (, ,) (SBAR-PRP (IN since) (S (ADVP-TMP (RB now)) (NP-SBJ (PRP I)) (VP (VBP 'm) (PP-PRD (IN in) (NP (PRP$ my) (NNS mid-forties)))))) (, ,) (SBAR-TMP (SBAR (WHADVP-1 (WRB when)) (S (NP-SBJ (PRP I)) (VP (VBD was) (PP-PRD (IN in) (NP (NN grad) (NN school))) (ADVP-TMP (-NONE- *T*-1))))) (CC or) (SBAR (WHADVP-2 (WRB when)) (S (NP-SBJ (PRP I)) (VP (VBD was) (NP-PRD (DT an) (NN undergraduate)) (ADVP-TMP (-NONE- *T*-2))))) (S-ADV (NP-SBJ (-NONE- *)) (VP (VBG growing) (PRT (RP up)) (PP-LOC (IN in) (NP (DT a) (ADJP (RBR more) (JJ rural)) (NN area)))))) (NP-SBJ (PRP I)) (VP (VBD thought) (SBAR (-NONE- 0) (PRN (, ,) (S (NP-SBJ (PRP you)) (VP (VBP know))) (, ,)) (S (S (NP-SBJ (NN crime)) (EDITED (RM (-DFL- \[)) (VP-UNF (VBD was)) (, ,) (IP (-DFL- \+))) (VP (VBD was) (RS (-DFL- \])) (ADJP-PRD (RB reasonably) (JJ unknown)))) (CC and) (S-UNF (NP-SBJ (NP (RB just) (DT the) (NN situation)) (SBAR (WHNP-3 (WDT that)) (S (NP-SBJ-4 (-NONE- *T*-3)) (VP (HVS 's) (VP (VBN developed) (NP (-NONE- *-4)) (PP (IN with) (EDITED (RM (-DFL- \[)) (NP-UNF (DT the)) (, ,) (IP (-DFL- \+))) (NP (NP (DT the) (RS (-DFL- \])) (NN drug) (NN aspect)) (PP (IN of) (, ,) (INTJ (UH uh)) (INTJ (UH uh)) (, ,) (NP (NP (DT the) (NNS pushers)) (, ,) (NP (DT the) (NNS dealers)) (CC and) (NP (DT the) (NNS addicts))))))))))) (, ,) (INTJ (UH uh)))))) (, ,) (-DFL- E_S))",106
sw05utt/sw_0549_3111.utt,3/sw3111,3111,79,aa,B,51,1,"Yeah,  /","[ Yeah/UH ] ,/,","(INTJ (UH Yeah) (, ,) (-DFL- E_S))",114
sw05utt/sw_0549_3111.utt,3/sw3111,3111,80,aa,B,51,2,"[ [ I, + I,  ] + I  ] think, I agree with you there. /","[ I/PRP ] ,/,  [ I/PRP ] ,/,  [ I/PRP ] think/VBP ,/,  [ I/PRP ] agree/VBP with/IN  [ you/PRP ] there/RB ./.","(S (EDITED (RM (-DFL- \[)) (EDITED (RM (-DFL- \[)) (NP-SBJ (PRP I)) (, ,) (IP (-DFL- \+))) (NP-SBJ (PRP I)) (, ,) (RS (-DFL- \])) (IP (-DFL- \+))) (NP-SBJ (PRP I)) (RS (-DFL- \])) (VP (VBP think) (, ,) (SBAR (-NONE- 0) (S (NP-SBJ (PRP I)) (VP (VBP agree) (PP (IN with) (NP (PRP you))) (ADVP-LOC (RB there)))))) (. .) (-DFL- E_S))",121
sw05utt/sw_0549_3111.utt,3/sw3111,3111,81,sd,A,52,1,"{C Because } it just was not, {F uh, } something back in the sixties that --","Because/IN  [ it/PRP ] just/RB was/VBD not/RB ,/,  [ uh/UH ] ,/,  [ something/NN ] back/RB in/IN  [ the/DT sixties/NNS ] that/IN --/:","(SBAR-PRP (IN Because) (S (NP-SBJ (PRP it)) (ADVP (RB just)) (VP (VBD was) (RB not) (, ,) (INTJ (UH uh)) (, ,) (NP-PRD (NP (NN something)) (PP-TMP (ADVP (RB back)) (IN in) (NP (DT the) (NNS sixties))) (SBAR (WHNP-2 (IN that)) (INTJ (UH uh)) (, ,) (S (NP-SBJ-1 (PRP I)) (ADVP (RB even)) (VP (VBD had) (S (NP-SBJ (-NONE- *-1)) (VP (TO to) (VP (VB worry) (PP (IN about) (NP (-NONE- *T*-2)))))))))))) (. .) (-DFL- E_S))",123
sw05utt/sw_0549_3111.utt,3/sw3111,3111,82,b,B,53,1,Uh-huh. /,[ Uh-huh/UH ] ./.,(INTJ (UH Uh-huh) (. .) (-DFL- E_S)),104
sw05utt/sw_0549_3111.utt,3/sw3111,3111,83,+,A,54,1,"-- {F uh, } I even had to worry about.  /","--/:  [ uh/UH ] ,/,  [ I/PRP ] even/RB had/VBD to/TO worry/VB about/IN ./.","(SBAR-PRP (IN Because) (S (NP-SBJ (PRP it)) (ADVP (RB just)) (VP (VBD was) (RB not) (, ,) (INTJ (UH uh)) (, ,) (NP-PRD (NP (NN something)) (PP-TMP (ADVP (RB back)) (IN in) (NP (DT the) (NNS sixties))) (SBAR (WHNP-2 (IN that)) (INTJ (UH uh)) (, ,) (S (NP-SBJ-1 (PRP I)) (ADVP (RB even)) (VP (VBD had) (S (NP-SBJ (-NONE- *-1)) (VP (TO to) (VP (VB worry) (PP (IN about) (NP (-NONE- *T*-2)))))))))))) (. .) (-DFL- E_S))",123
sw05utt/sw_0549_3111.utt,3/sw3111,3111,84,sv,A,54,2,"{C But } I think, {D you know, } that there is a lot in the society where things have changed,  /","But/CC  [ I/PRP ] think/VBP ,/,  [ you/PRP ] know/VBP ,/, that/IN  [ there/EX ] is/VBZ  [ a/DT lot/NN ] in/IN  [ the/DT society/NN ] where/WRB  [ things/NNS ] have/VB changed/VBN ,/,","(S (CC But) (NP-SBJ (PRP I)) (VP (VBP think) (PRN (, ,) (S (NP-SBJ (PRP you)) (VP (VBP know))) (, ,)) (SBAR (IN that) (S (NP-SBJ (EX there)) (VP (VBZ is) (NP-PRD (NP (DT a) (NN lot)) (PP (IN in) (NP (DT the) (NN society))) (SBAR (WHADVP-1 (WRB where)) (S (NP-SBJ (NNS things)) (VP (VB have) (VP (VBN changed) (ADVP (-NONE- *T*-1))))))))))) (, ,) (-DFL- E_S))",127
sw05utt/sw_0549_3111.utt,3/sw3111,3111,85,sv,A,54,3,"{F uh, } {C so } it's effected all of us. /","[ uh/UH ] ,/, so/RB  [ it/PRP ] 's/HVS effected/VBN  [ all/DT ] of/IN  [ us/PRP ] ./.","(S (INTJ (UH uh)) (, ,) (RB so) (NP-SBJ (PRP it)) (VP (HVS 's) (VP (TYPO (VBN effected)) (NP (NP (DT all)) (PP (IN of) (NP (PRP us)))))) (. .) (-DFL- E_S))",128
sw05utt/sw_0549_3111.utt,3/sw3111,3111,86,b,B,55,1,Uh-huh.  /,[ Uh-huh/UH ] ./.,(INTJ (UH Uh-huh) (. .) (-DFL- E_S)),108
sw05utt/sw_0549_3111.utt,3/sw3111,3111,87,b,B,55,2,"Yeah,  /","[ Yeah/UH ] ,/,","(INTJ (UH Yeah) (, ,) (-DFL- E_S))",114
sw05utt/sw_0549_3111.utt,3/sw3111,3111,88,sv,B,55,3,"I think [ they, +  the drug culture ] definitely [ has, + {F uh, } is  ] one of the main problems.  /","[ I/PRP ] think/VBP  [ they/PRP ] ,/,  [ the/DT drug/NN culture/NN ] definitely/RB has/VBZ ,/,  [ uh/UH ] ,/, is/VBZ  [ one/CD ] of/IN  [ the/DT main/JJ problems/NNS ] ./.","(S (NP-SBJ (PRP I)) (VP (VBP think) (SBAR (-NONE- 0) (S (EDITED (RM (-DFL- \[)) (NP-SBJ (PRP they)) (, ,) (IP (-DFL- \+))) (NP-SBJ (DT the) (NN drug) (NN culture)) (RS (-DFL- \])) (ADVP (RB definitely)) (EDITED (RM (-DFL- \[)) (VP-UNF (VBZ has)) (, ,) (IP (-DFL- \+))) (INTJ (UH uh)) (, ,) (VP (VBZ is) (RS (-DFL- \])) (NP-PRD (NP (CD one)) (PP (IN of) (NP (DT the) (JJ main) (NNS problems)))))))) (. .) (-DFL- E_S))",132
sw05utt/sw_0549_3111.utt,3/sw3111,3111,89,%,B,55,4,"Yeah,  /","[ Yeah/UH ] ,/,","(INTJ (UH Yeah) (, ,) (-DFL- E_S))",114
sw05utt/sw_0549_3111.utt,3/sw3111,3111,90,sd@,B,55,5,"[ our, + {F uh, } our  ] mayor in, {F uh, } <lipsmack> Baltimore is one of the people that goes on national television and says they should, {F uh, } legalize drugs.    *[[slash error]]","[ our/PRP$ ] ,/,  [ uh/UH ] ,/,  [ our/PRP$ mayor/NN ] in/IN ,/,  [ uh/UH ] ,/,  [ Baltimore/NNP ] is/VBZ  [ one/CD ] of/IN  [ the/DT people/NNS ] [ that/WDT ] goes/VBZ on/IN  [ national/JJ television/NN ] and/CC says/VBZ  [ they/PRP ] should/MD ,/,  [ uh/UH ] ,/, legalize/VB  [ drugs/NNS ] ./.","(S-3 (EDITED (RM (-DFL- \[)) (NP-SBJ (PRP$ our)) (, ,) (IP (-DFL- \+))) (INTJ (UH uh)) (, ,) (NP-SBJ (NP (PRP$ our) (RS (-DFL- \])) (NN mayor)) (PP-LOC (IN in) (, ,) (INTJ (UH uh)) (, ,) (NP (NNP Baltimore)))) (VP (VBZ is) (NP-PRD (NP (CD one)) (PP (IN of) (NP (DT the) (NNS people))) (SBAR (WHNP-1 (WDT that)) (S (NP-SBJ (-NONE- *T*-1)) (VP (VP (VBZ goes) (PP (IN on) (NP (JJ national) (NN television)))) (CC and) (VP (VBZ says) (SBAR (-NONE- 0) (S (NP-SBJ (PRP they)) (VP (MD should) (, ,) (INTJ (UH uh)) (, ,) (VP (VB legalize) (NP (NNS drugs)) (. .) (SBAR-PRP (IN Because) (S (NP-SBJ (PRP it)) (VP (MD would) (VP (VB eliminate) (EDITED (RM (-DFL- \[)) (NP-UNF (DT the)) (, ,) (IP (-DFL- \+))) (INTJ (UH uh)) (, ,) (NP (NP (DT the) (RS (-DFL- \])) (NN violence)) (CC and) (EDITED (RM (-DFL- \[)) (EDITED (RM (-DFL- \[)) (EDITED (RM (-DFL- \[)) (NP-UNF (DT the)) (, ,) (IP (-DFL- \+))) (INTJ (UH uh)) (, ,) (NP-UNF (DT the) (XX under-)) (, ,) (RS (-DFL- \])) (IP (-DFL- \+))) (NP-UNF (DT the)) (, ,) (RS (-DFL- \])) (IP (-DFL- \+))) (NP (DT the) (NN market)) (PRN (, ,) (RS (-DFL- \])) (S (NP-SBJ (PRP I)) (VP (VBP guess) (SBAR (-NONE- 0) (S (-NONE- *T*-3))))) (, ,)) (EDITED (RM (-DFL- \[)) (NP-UNF (DT the)) (, ,) (IP (-DFL- \+))) (NP (NP (DT the) (RS (-DFL- \])) (VBN hidden) (NN market)) (PP (IN of) (NP (NP (DT the) (NNS drugs)) (CC and) (NP (NP (NN everything)) (SBAR (WHNP-2 (WDT that)) (S (NP-SBJ (-NONE- *T*-2)) (VP (VBZ goes) (PP (IN along) (PP (IN with) (NP (PRP it)))))))))))))))))))))))))) (. .) (-DFL- E_S))",134
sw05utt/sw_0549_3111.utt,3/sw3111,3111,91,b,A,56,1,Uh-huh. /,[ Uh-huh/UH ] ./.,(INTJ (UH Uh-huh) (. .) (-DFL- E_S)),125
sw05utt/sw_0549_3111.utt,3/sw3111,3111,92,+,B,57,1,"<Lipsmack> Because it would eliminate [ the, + {F uh, } the  ] violence and     [ [ [ the, +  {F uh, }  the   under-, ] +  <lipsmack>  the, ] +  the   market, ] I guess, [ the, + the  ] hidden market of the drugs and everything that goes along with it. /  *[[sv]]","Because/IN  [ it/PRP ] would/MD eliminate/VB  [ the/DT ] ,/,  [ uh/UH ] ,/,  [ the/DT violence/NN ] and/CC  [ the/DT ] ,/,  [ uh/UH ] ,/,  [ the/DT under-/XX ] ,/,  [ the/DT ] ,/,  [ the/DT market/NN ] ,/,  [ I/PRP ] guess/VBP ,/,  [ the/DT ] ,/,  [ the/DT hidden/VBN market/NN ] of/IN  [ the/DT drugs/NNS ] and/CC  [ everything/NN ] [ that/WDT ] goes/VBZ along/IN with/IN  [ it/PRP ] ./.","(S-3 (EDITED (RM (-DFL- \[)) (NP-SBJ (PRP$ our)) (, ,) (IP (-DFL- \+))) (INTJ (UH uh)) (, ,) (NP-SBJ (NP (PRP$ our) (RS (-DFL- \])) (NN mayor)) (PP-LOC (IN in) (, ,) (INTJ (UH uh)) (, ,) (NP (NNP Baltimore)))) (VP (VBZ is) (NP-PRD (NP (CD one)) (PP (IN of) (NP (DT the) (NNS people))) (SBAR (WHNP-1 (WDT that)) (S (NP-SBJ (-NONE- *T*-1)) (VP (VP (VBZ goes) (PP (IN on) (NP (JJ national) (NN television)))) (CC and) (VP (VBZ says) (SBAR (-NONE- 0) (S (NP-SBJ (PRP they)) (VP (MD should) (, ,) (INTJ (UH uh)) (, ,) (VP (VB legalize) (NP (NNS drugs)) (. .) (SBAR-PRP (IN Because) (S (NP-SBJ (PRP it)) (VP (MD would) (VP (VB eliminate) (EDITED (RM (-DFL- \[)) (NP-UNF (DT the)) (, ,) (IP (-DFL- \+))) (INTJ (UH uh)) (, ,) (NP (NP (DT the) (RS (-DFL- \])) (NN violence)) (CC and) (EDITED (RM (-DFL- \[)) (EDITED (RM (-DFL- \[)) (EDITED (RM (-DFL- \[)) (NP-UNF (DT the)) (, ,) (IP (-DFL- \+))) (INTJ (UH uh)) (, ,) (NP-UNF (DT the) (XX under-)) (, ,) (RS (-DFL- \])) (IP (-DFL- \+))) (NP-UNF (DT the)) (, ,) (RS (-DFL- \])) (IP (-DFL- \+))) (NP (DT the) (NN market)) (PRN (, ,) (RS (-DFL- \])) (S (NP-SBJ (PRP I)) (VP (VBP guess) (SBAR (-NONE- 0) (S (-NONE- *T*-3))))) (, ,)) (EDITED (RM (-DFL- \[)) (NP-UNF (DT the)) (, ,) (IP (-DFL- \+))) (NP (NP (DT the) (RS (-DFL- \])) (VBN hidden) (NN market)) (PP (IN of) (NP (NP (DT the) (NNS drugs)) (CC and) (NP (NP (NN everything)) (SBAR (WHNP-2 (WDT that)) (S (NP-SBJ (-NONE- *T*-2)) (VP (VBZ goes) (PP (IN along) (PP (IN with) (NP (PRP it)))))))))))))))))))))))))) (. .) (-DFL- E_S))",134
sw05utt/sw_0549_3111.utt,3/sw3111,3111,93,b,A,58,1,Uh-huh. /,[ Uh-huh/UH ] ./.,(INTJ (UH Uh-huh) (. .) (-DFL- E_S)),125
sw05utt/sw_0549_3111.utt,3/sw3111,3111,94,o,B,59,1,That make sense?  /,That/DT make/VB  [ sense/NN ] ?/.,(SQ (NP-SBJ (DT That)) (VP (VB make) (NP (NN sense))) (. ?) (-DFL- E_S)),141
sw05utt/sw_0549_3111.utt,3/sw3111,3111,95,sd,B,59,2,He's one of the big proponents of that.  /,[ He/PRP ] [ 's/BES ] [ one/NN ] of/IN  [ the/DT big/JJ proponents/NNS ] of/IN  [ that/DT ] ./.,(S (NP-SBJ (PRP He)) (VP (BES 's) (NP-PRD (NP (NN one)) (PP (IN of) (NP (NP (DT the) (JJ big) (NNS proponents)) (PP (IN of) (NP (DT that))))))) (. .) (-DFL- E_S)),142
sw05utt/sw_0549_3111.utt,3/sw3111,3111,96,sd,B,59,3,"He gets on national television [ and, + and  ] says that, {D you know. }  /","[ He/PRP ] gets/VBZ on/IN  [ national/JJ television/NN ] and/CC ,/, and/CC says/VBZ  [ that/DT ] ,/,  [ you/PRP ] know/VBP ./.","(S (NP-SBJ (PRP He)) (VP (VP (VBZ gets) (PP (IN on) (NP (JJ national) (NN television)))) (EDITED (RM (-DFL- \[)) (CC and) (, ,) (IP (-DFL- \+))) (CC and) (RS (-DFL- \])) (VP (VBZ says) (SBAR-UNF (DT that) (PRN (, ,) (S (NP-SBJ (PRP you)) (VP (VBP know))))))) (. .) (-DFL- E_S))",143
sw05utt/sw_0549_3111.utt,3/sw3111,3111,97,%,B,59,4,"{C So } it's, {F uh } <lipsmack>, - /","So/UH  [ it/PRP ] 's/BES ,/,  [ uh/UH ] ,/,","(S (RB So) (NP-SBJ (PRP it)) (VP-UNF (BES 's) (, ,) (INTJ (UH uh))) (, ,) (-DFL- N_S))",144
sw05utt/sw_0549_3111.utt,3/sw3111,3111,98,sd,B,59,5,"{C and } he was  [ [ a  d-, +  d-, ] +  a District ] Attorney before, and a prosecutor before  [ becoming, + becoming  ] mayor.  /","and/CC  [ he/PRP ] was/VBD  [ a/DT d-/NN ] ,/,  [ d-/NN ] ,/,  [ a/DT District/NN Attorney/NN ] before/RB ,/, and/CC  [ a/DT prosecutor/NN ] before/IN becoming/VBG ,/, becoming/VBG  [ mayor/NN ] ./.","(S (CC and) (NP-SBJ-2 (PRP he)) (VP (VP (VBD was) (EDITED (RM (-DFL- \[)) (EDITED (RM (-DFL- \[)) (NP-PRD-UNF (DT a) (NN d-)) (, ,) (IP (-DFL- \+))) (NP-PRD-UNF (NN d-)) (, ,) (RS (-DFL- \])) (IP (-DFL- \+))) (NP-PRD-1 (DT a) (NN District) (RS (-DFL- \])) (NN Attorney)) (ADVP-TMP (RB before))) (, ,) (CC and) (VP (NP-PRD=1 (DT a) (NN prosecutor)) (PP-TMP (IN before) (S-NOM (NP-SBJ (-NONE- *-2)) (EDITED (RM (-DFL- \[)) (VP-UNF (VBG becoming)) (, ,) (IP (-DFL- \+))) (VP (VBG becoming) (RS (-DFL- \])) (NP-PRD (NN mayor))))))) (. .) (-DFL- E_S))",145
sw05utt/sw_0549_3111.utt,3/sw3111,3111,99,sv,B,59,6,"{C So } that's a really stran-, - /","So/RB  [ that/DT ] 's/BES  [ a/DT ] really/RB  [ stran/JJ ] ,/,","(S (RB So) (NP-SBJ (DT that)) (VP (BES 's) (NP-PRD (DT a) (ADJP-UNF (RB really) (JJ stran-)))) (, ,) (-DFL- N_S))",146
sw05utt/sw_0549_3111.utt,3/sw3111,3111,100,sv,B,59,7,"{D you know, } it's a different viewpoint.  /","[ you/PRP ] know/VBP ,/,  [ it/PRP ] 's/BES  [ a/DT different/JJ viewpoint/NN ] ./.","(S (PRN (S (NP-SBJ (PRP you)) (VP (VBP know))) (, ,)) (NP-SBJ (PRP it)) (VP (BES 's) (NP-PRD (DT a) (JJ different) (NN viewpoint))) (. .) (-DFL- E_S))",147
sw05utt/sw_0549_3111.utt,3/sw3111,3111,101,%,B,59,8,"I, {F uh, } -/","[ I/PRP ] ,/,  [ uh/UH ] ,/,","(S-UNF (NP-SBJ (PRP I)) (, ,) (INTJ (UH uh)) (, ,) (-DFL- N_S))",148
sw05utt/sw_0549_3111.utt,3/sw3111,3111,102,sd,A,60,1,"{D You know, } in a sense [ [ I don't, +  I'm n-, ] +  I have ] real mixed feelings on that -- /","[ You/PRP ] know/VBP ,/, in/IN  [ a/DT sense/NN ] [ I/PRP ] do/VBP n't/RB ,/,  [ I/PRP ] 'm/VBP  [ n-/XX ] ,/,  [ I/PRP ] have/VBP real/RB mixed/JJ  [ feelings/NNS ] on/IN  [ that/DT ] --/:","(S (PRN (S (NP-SBJ (PRP You)) (VP (VBP know))) (, ,)) (PP (IN in) (NP (DT a) (NN sense))) (EDITED (RM (-DFL- \[)) (EDITED (RM (-DFL- \[)) (S (NP-SBJ (PRP I)) (VP-UNF (VBP do) (RB n't))) (, ,) (IP (-DFL- \+))) (S (NP-SBJ (PRP I)) (VP (VBP 'm) (ADJP-PRD-UNF (XX n-)))) (, ,) (RS (-DFL- \])) (IP (-DFL- \+))) (NP-SBJ (PRP I)) (VP (VBP have) (RS (-DFL- \])) (NP-PRD (NP (ADJP (RB real) (JJ mixed)) (NNS feelings)) (PP (IN on) (NP (DT that))))) (-DFL- E_S))",150
sw05utt/sw_0549_3111.utt,3/sw3111,3111,103,b,B,61,1,Yeah. /,Yeah/UH ./.,(INTJ (UH Yeah) (. .) (-DFL- E_S)),152
sw05utt/sw_0549_3111.utt,3/sw3111,3111,104,%,A,62,1,"-- {C because } it comes a bit from the angle that the, {F uh, } {F uh, } - /","--/: because/RB  [ it/PRP ] comes/VBZ  [ a/DT bit/NN ] from/IN  [ the/DT angle/NN ] that/IN  [ the/DT ] ,/,  [ uh/UH ] ,/,  [ uh/UH ] ,/,","(SBAR-PRP (RB because) (S (NP-SBJ (PRP it)) (VP (VBZ comes) (NP (DT a) (NN bit)) (PP (IN from) (NP (NP (DT the) (NN angle)) (SBAR (WHADVP (IN that)) (S (NP-SBJ-UNF (DT the) (, ,) (INTJ (UH uh)) (, ,) (INTJ (UH uh))))))))) (, ,) (-DFL- N_S))",154
sw05utt/sw_0549_3111.utt,3/sw3111,3111,105,sd,A,62,2,it would certainly be an interesting test -- /,[ it/PRP ] would/MD certainly/RB be/VB  [ an/DT interesting/JJ test/NN ] --/:,(S (NP-SBJ (PRP it)) (VP (MD would) (ADVP (RB certainly)) (VP (VB be) (NP-PRD (DT an) (JJ interesting) (NN test)))) (-DFL- E_S)),155
sw05utt/sw_0549_3111.utt,3/sw3111,3111,106,b,B,63,1,Uh-huh. /,[ Uh-huh/UH ] ./.,(INTJ (UH Uh-huh) (. .) (-DFL- E_S)),125
sw05utt/sw_0549_3111.utt,3/sw3111,3111,107,%,A,64,1,"-- {C but } the other side of it, to me, -/","--/: but/CC  [ the/DT other/JJ side/NN ] of/IN  [ it/PRP ] ,/, to/IN  [ me/PRP ] ,/,","(S-UNF (CC but) (NP-SBJ (NP (DT the) (JJ other) (NN side)) (PP (IN of) (NP (PRP it))) (, ,) (PP (IN to) (NP (PRP me)))) (, ,) (-DFL- N_S))",159
sw05utt/sw_0549_3111.utt,3/sw3111,3111,108,qh,B,65,1,What happens if we lose worse. /,[ What/WP ] happens/VBZ if/IN  [ we/PRP ] lose/VBP  [ worse/RBR ] ./.,(SBARQ (WHNP-1 (WP What)) (SQ (NP-SBJ (-NONE- *T*-1)) (VP (VBZ happens) (SBAR-ADV (IN if) (S (NP-SBJ (PRP we)) (VP (VBP lose) (ADVP (RBR worse))))))) (. .) (-DFL- E_S)),161
sw05utt/sw_0549_3111.utt,3/sw3111,3111,109,%,A,66,1,"{F Uh, } y-, - /","[ Uh/UH ] ,/,  [ y-/XX ] ,/,","(INTJ (INTJ (UH Uh)) (, ,) (INTJ-UNF (XX y-)) (, ,) (-DFL- N_S))",163
sw05utt/sw_0549_3111.utt,3/sw3111,3111,110,%,A,66,2,"{D well, } the other side is that unfortunately some of the down side, - /","well/UH ,/,  [ the/DT other/JJ side/NN ] is/VBZ  [ that/IN ] unfortunately/RB  [ some/DT ] of/IN  [ the/DT down/GW side/^NN ] ,/,","(S (INTJ (UH well)) (, ,) (NP-SBJ (DT the) (JJ other) (NN side)) (VP (VBZ is) (SBAR-PRD (IN that) (S-UNF (ADVP (RB unfortunately)) (NP-SBJ (NP (DT some)) (PP (IN of) (NP (DT the) (GW down) (^NN side))))))) (, ,) (-DFL- N_S))",164
sw05utt/sw_0549_3111.utt,3/sw3111,3111,111,sd,A,66,3,"{C and } I think if I look back fifty or a hundred years I'd say, {D you know, } back then there were the opium dens -- /","and/CC  [ I/PRP ] think/VBP if/IN  [ I/PRP ] look/VBP back/RB  [ fifty/CD ] or/CC  [ a/DT hundred/CD years/NNS I/PRP ] 'd/MD say/VB ,/,  [ you/PRP ] know/VBP ,/, back/RB then/RB  [ there/EX ] were/VBD  [ the/DT opium/NN ] dens/NNS --/:","(S (CC and) (NP-SBJ (PRP I)) (VP (VBP think) (SBAR (-NONE- 0) (S (SBAR-ADV (IN if) (S (NP-SBJ (PRP I)) (VP (VBP look) (ADVP (RB back)) (NP (QP (CD fifty) (CC or) (DT a) (CD hundred)) (NNS years))))) (NP-SBJ (PRP I)) (VP (MD 'd) (VP (VB say) (SBAR (-NONE- 0) (PRN (, ,) (S (NP-SBJ (PRP you)) (VP (VBP know))) (, ,)) (S (ADVP-TMP (RB back) (RB then)) (NP-SBJ (EX there)) (VP (VBD were) (NP-PRD (DT the) (NN opium) (NNS dens)))))))))) (-DFL- E_S))",165
sw05utt/sw_0549_3111.utt,3/sw3111,3111,112,b,B,67,1,Right. /,[ Right/JJ ] ./.,(INTJ (JJ Right) (. .) (-DFL- E_S)),167
sw05utt/sw_0549_3111.utt,3/sw3111,3111,113,sd,A,68,1,"-- {C but } the thing is, if somebody ruined their life, {F uh, } society didn't try to then save themselves from it,  /","--/: but/CC  [ the/DT thing/NN ] is/VBZ ,/, if/IN  [ somebody/NN ] ruined/VBD  [ their/PRP$ life/NN ] ,/,  [ uh/UH ] ,/,  [ society/NN ] did/VBD n't/RB try/VB to/TO then/RB save/VB  [ themselves/PRP ] from/IN  [ it/PRP ] ,/,","(S (CC but) (NP-SBJ (DT the) (NN thing)) (VP (VBZ is) (, ,) (SBAR-PRD (-NONE- 0) (S (SBAR-ADV (IN if) (S (NP-SBJ (NN somebody)) (VP (VBD ruined) (NP (PRP$ their) (NN life))))) (, ,) (INTJ (UH uh)) (, ,) (NP-SBJ-1 (NN society)) (VP (VBD did) (RB n't) (VP (VB try) (S (NP-SBJ (-NONE- *-1)) (VP (TO to) (ADVP (RB then)) (VP (VB save) (NP (PRP themselves)) (PP (IN from) (NP (PRP it))))))))))) (, ,) (-DFL- E_S))",169
sw05utt/sw_0549_3111.utt,3/sw3111,3111,114,sd,A,68,2,they let this person who had ruined it --,[ they/PRP ] let/VBD  [ this/DT person/NN ] [ who/WP ] had/VBD ruined/VBN  [ it/PRP ] --/:,"(S (NP-SBJ (PRP they)) (VP (VBD let) (S (NP-SBJ (NP (DT this) (NN person)) (SBAR (WHNP-1 (WP who)) (S (NP-SBJ (-NONE- *T*-1)) (VP (VBD had) (VP (VBN ruined) (NP (PRP it))))))) (INTJ (UH uh)) (, ,) (EDITED (RM (-DFL- \[)) (VP (VB become)) (, ,) (IP (-DFL- \+))) (INTJ (UH well)) (, ,) (VP (VP (VB die)) (RS (-DFL- \])) (CC or) (NP-ETC (WDT whatever))))) (. .) (-DFL- E_S))",170
sw05utt/sw_0549_3111.utt,3/sw3111,3111,115,b,B,69,1,Uh-huh. /,[ Uh-huh/UH ] ./.,(INTJ (UH Uh-huh) (. .) (-DFL- E_S)),139
sw05utt/sw_0549_3111.utt,3/sw3111,3111,116,+,A,70,1,"-- {F uh, } [ become, + {D well, } die  ] or whatever.  /","--/:  [ uh/UH ] ,/, become/VB ,/, well/UH ,/, die/VB or/CC  [ whatever/WDT ] ./.","(S (NP-SBJ (PRP they)) (VP (VBD let) (S (NP-SBJ (NP (DT this) (NN person)) (SBAR (WHNP-1 (WP who)) (S (NP-SBJ (-NONE- *T*-1)) (VP (VBD had) (VP (VBN ruined) (NP (PRP it))))))) (INTJ (UH uh)) (, ,) (EDITED (RM (-DFL- \[)) (VP (VB become)) (, ,) (IP (-DFL- \+))) (INTJ (UH well)) (, ,) (VP (VP (VB die)) (RS (-DFL- \])) (CC or) (NP-ETC (WDT whatever))))) (. .) (-DFL- E_S))",170
sw05utt/sw_0549_3111.utt,3/sw3111,3111,117,sd,A,70,2,{E I mean } --,[ I/PRP ] mean/VBP --/:,"(S (PRN (S (NP-SBJ (PRP I)) (VP (VBP mean)))) (NP-SBJ (PRP they)) (ADVP (RB probably)) (VP (VP (VBD became) (ADJP-PRD (JJ weakened) (RB physically) (PP (-NONE- *ICH*-1)))) (CC and) (NP-ETC (JJ other) (NNS things)) (PP-1 (IN to) (NP (NP (DT the) (NN point)) (SBAR (WHADVP-2 (IN that)) (S (NP-SBJ (PRP$ their) (NN life) (NN expectancy)) (VP (VBD was) (ADJP-PRD (RB real) (JJ short)) (ADVP (-NONE- *T*-2)))))))) (, ,) (-DFL- E_S))",174
sw05utt/sw_0549_3111.utt,3/sw3111,3111,118,b,B,71,1,"Right,  /","Right/UH ,/,","(INTJ (UH Right) (, ,) (-DFL- E_S))",176
sw05utt/sw_0549_3111.utt,3/sw3111,3111,119,b,B,71,2,yeah. /,yeah/UH ./.,(INTJ (UH yeah) (. .) (-DFL- E_S)),177
sw05utt/sw_0549_3111.utt,3/sw3111,3111,120,+,A,72,1,"-- they probably became weakened physically and other things to the point that their life expectancy was real short,  /","--/:  [ they/PRP ] probably/RB became/VBD weakened/JJ physically/RB and/CC  [ other/JJ things/NNS ] to/IN  [ the/DT point/NN ] that/IN  [ their/PRP$ life/NN expectancy/NN ] was/VBD real/RB short/JJ ,/,","(S (PRN (S (NP-SBJ (PRP I)) (VP (VBP mean)))) (NP-SBJ (PRP they)) (ADVP (RB probably)) (VP (VP (VBD became) (ADJP-PRD (JJ weakened) (RB physically) (PP (-NONE- *ICH*-1)))) (CC and) (NP-ETC (JJ other) (NNS things)) (PP-1 (IN to) (NP (NP (DT the) (NN point)) (SBAR (WHADVP-2 (IN that)) (S (NP-SBJ (PRP$ their) (NN life) (NN expectancy)) (VP (VBD was) (ADJP-PRD (RB real) (JJ short)) (ADVP (-NONE- *T*-2)))))))) (, ,) (-DFL- E_S))",174
sw05utt/sw_0549_3111.utt,3/sw3111,3111,121,sv,A,72,2,"{C but } now we tend to believe somewhere in the health care system otherwise,  /","but/CC now/RB  [ we/PRP ] tend/VBP to/TO believe/VB somewhere/RB in/IN  [ the/DT health/NN care/NN system/NN ] otherwise/RB ,/,","(S (CC but) (ADVP-TMP (RB now)) (NP-SBJ-1 (PRP we)) (VP (VBP tend) (S (NP-SBJ (-NONE- *-1)) (VP (TO to) (VP (VB believe) (SBAR (-NONE- 0) (S (ADVP-LOC (RB somewhere) (PP (IN in) (NP (DT the) (NN health) (NN care) (NN system)))) (ADVP (RB otherwise)) (, ,) (-DFL- E_S) (NP-SBJ-2 (PRP we)) (VP (VBP need) (S (NP-SBJ (-NONE- *-2)) (VP (TO to) (VP (VB take) (NP (NN care)) (PP (IN of) (NP (NNS people))) (SBAR-ADV (RB even) (IN if) (S (NP-SBJ (PRP they)) (VP (VBP have) (PRN (, ,) (S (NP-SBJ (PRP you)) (VP (VBP know))) (, ,)) (ADVP (RB physically)) (VP (VBN ruined) (NP (PRP themselves)))))))))))))))) (. .) (-DFL- E_S))",179
sw05utt/sw_0549_3111.utt,3/sw3111,3111,122,sv,A,72,3,"we need to take care of people even if they have, {D you know, } physically ruined themselves. /","[ we/PRP ] need/VBP to/TO take/VB care/NN of/IN  [ people/NNS ] even/RB if/IN  [ they/PRP ] have/VBP ,/,  [ you/PRP ] know/VBP ,/, physically/RB ruined/VBN  [ themselves/PRP ] ./.","(S (CC but) (ADVP-TMP (RB now)) (NP-SBJ-1 (PRP we)) (VP (VBP tend) (S (NP-SBJ (-NONE- *-1)) (VP (TO to) (VP (VB believe) (SBAR (-NONE- 0) (S (ADVP-LOC (RB somewhere) (PP (IN in) (NP (DT the) (NN health) (NN care) (NN system)))) (ADVP (RB otherwise)) (, ,) (-DFL- E_S) (NP-SBJ-2 (PRP we)) (VP (VBP need) (S (NP-SBJ (-NONE- *-2)) (VP (TO to) (VP (VB take) (NP (NN care)) (PP (IN of) (NP (NNS people))) (SBAR-ADV (RB even) (IN if) (S (NP-SBJ (PRP they)) (VP (VBP have) (PRN (, ,) (S (NP-SBJ (PRP you)) (VP (VBP know))) (, ,)) (ADVP (RB physically)) (VP (VBN ruined) (NP (PRP themselves)))))))))))))))) (. .) (-DFL- E_S))",179
sw05utt/sw_0549_3111.utt,3/sw3111,3111,123,aa,B,73,1,"Yeah,  /","Yeah/UH ,/,","(INTJ (UH Yeah) (, ,) (-DFL- E_S))",181
sw05utt/sw_0549_3111.utt,3/sw3111,3111,124,sv,B,73,2,they have induced it themselves. /,[ they/PRP ] have/VBP induced/VBN  [ it/PRP ] [ themselves/PRP ] ./.,(S (NP-SBJ (PRP they)) (VP (VBP have) (VP (VBN induced) (NP (PRP it)) (NP-ADV (PRP themselves)))) (. .) (-DFL- E_S)),182
sw05utt/sw_0549_3111.utt,3/sw3111,3111,125,b,A,74,1,Yeah -- /,Yeah/UH --/:,(INTJ (UH Yeah) (-DFL- E_S)),184
sw05utt/sw_0549_3111.utt,3/sw3111,3111,126,aa,B,75,1,"Yeah,  /","Yeah/UH ,/,","(INTJ (UH Yeah) (, ,) (-DFL- E_S))",181
sw05utt/sw_0549_3111.utt,3/sw3111,3111,127,aa,B,75,2,that's true. /,[ that/DT ] 's/BES true/JJ ./.,(S (NP-SBJ (DT that)) (VP (BES 's) (ADJP-PRD (JJ true))) (. .) (-DFL- E_S)),187
sw05utt/sw_0549_3111.utt,3/sw3111,3111,128,%,A,76,1,"-- {C and so, } to me that's, - /","--/: and/CC so/RB ,/, to/IN  [ me/PRP ] [ that/DT ] 's/BES ,/,","(S (CONJP (CC and) (RB so)) (, ,) (PP (IN to) (NP (PRP me))) (NP-SBJ (DT that)) (VP-UNF (BES 's)) (, ,) (-DFL- N_S))",189
sw05utt/sw_0549_3111.utt,3/sw3111,3111,129,sd,A,76,2,"[ I, + {F uh, } I  ] would certainly like to see a real test [  of, +  of  ] making drugs real cheap --","[ I/PRP ] ,/,  [ uh/UH ] ,/,  [ I/PRP ] would/MD certainly/RB like/VB to/TO see/VB  [ a/DT real/JJ test/NN ] of/IN ,/, of/IN making/VBG  [ drugs/NNS ] real/RB cheap/JJ --/:","(S (EDITED (RM (-DFL- \[)) (NP-SBJ (PRP I)) (, ,) (IP (-DFL- \+))) (INTJ (UH uh)) (, ,) (NP-SBJ-1 (PRP I)) (RS (-DFL- \])) (VP (MD would) (ADVP (RB certainly)) (VP (VB like) (S (NP-SBJ (-NONE- *-1)) (VP (TO to) (VP (VB see) (NP (NP (DT a) (JJ real) (NN test)) (EDITED (RM (-DFL- \[)) (PP-UNF (IN of)) (, ,) (IP (-DFL- \+))) (PP (IN of) (RS (-DFL- \])) (S-NOM (NP-SBJ (-NONE- *)) (VP (VBG making) (S (NP-SBJ (NNS drugs)) (ADJP-PRD (RB real) (JJ cheap)) (S-PRP (NP-SBJ (-NONE- *)) (VP (TO to) (VP (VB see) (SBAR (IN if) (S (SBAR-TMP (WHADVP-2 (WRB when)) (S (NP-SBJ (PRP you)) (VP (VBP make) (S (NP-SBJ (PRP them)) (ADJP-PRD (JJ available))) (ADVP-TMP (-NONE- *T*-2))))) (NP-SBJ (NNS people)) (ADVP (RB then)) (VP (VBP do) (RB n't) (VP (VB use) (NP (PRP them))))))))))))))))))) (. .) (-DFL- E_S))",190
sw05utt/sw_0549_3111.utt,3/sw3111,3111,130,b,B,77,1,Uh-huh. /,[ Uh-huh/UH ] ./.,(INTJ (UH Uh-huh) (. .) (-DFL- E_S)),172
sw05utt/sw_0549_3111.utt,3/sw3111,3111,131,+,A,78,1,-- to see if when you make them available people then don't use them. /,--/: to/TO see/VB if/IN when/WRB  [ you/PRP ] make/VBP  [ them/PRP available/JJ people/NNS ] then/RB do/VBP n't/RB use/VB  [ them/PRP ] ./.,"(S (EDITED (RM (-DFL- \[)) (NP-SBJ (PRP I)) (, ,) (IP (-DFL- \+))) (INTJ (UH uh)) (, ,) (NP-SBJ-1 (PRP I)) (RS (-DFL- \])) (VP (MD would) (ADVP (RB certainly)) (VP (VB like) (S (NP-SBJ (-NONE- *-1)) (VP (TO to) (VP (VB see) (NP (NP (DT a) (JJ real) (NN test)) (EDITED (RM (-DFL- \[)) (PP-UNF (IN of)) (, ,) (IP (-DFL- \+))) (PP (IN of) (RS (-DFL- \])) (S-NOM (NP-SBJ (-NONE- *)) (VP (VBG making) (S (NP-SBJ (NNS drugs)) (ADJP-PRD (RB real) (JJ cheap)) (S-PRP (NP-SBJ (-NONE- *)) (VP (TO to) (VP (VB see) (SBAR (IN if) (S (SBAR-TMP (WHADVP-2 (WRB when)) (S (NP-SBJ (PRP you)) (VP (VBP make) (S (NP-SBJ (PRP them)) (ADJP-PRD (JJ available))) (ADVP-TMP (-NONE- *T*-2))))) (NP-SBJ (NNS people)) (ADVP (RB then)) (VP (VBP do) (RB n't) (VP (VB use) (NP (PRP them))))))))))))))))))) (. .) (-DFL- E_S))",190
sw05utt/sw_0549_3111.utt,3/sw3111,3111,132,b,B,79,1,Uh-huh.  /,[ Uh-huh/UH ] ./.,(INTJ (UH Uh-huh) (. .) (-DFL- E_S)),172
sw05utt/sw_0549_3111.utt,3/sw3111,3111,133,sd,B,79,2,{D Well } I think --,Well/UH  [ I/PRP ] think/VBP --/:,"(S (INTJ (UH Well)) (NP-SBJ (PRP I)) (VP (VBP think) (SBAR (-NONE- 0) (PRN (S (NP-SBJ (PRP you)) (VP (VBP know))) (, ,)) (S (NP-SBJ (PRP they)) (VP (VBD did) (NP (DT that)) (PP-LOC (IN in) (NP (NNP Alaska)))))) (. .) (SBAR (EDITED (RM (-DFL- \[)) (SBAR-UNF (IN That)) (, ,) (IP (-DFL- \+))) (IN that) (RS (-DFL- \])) (S (ADVP (RB actually)) (, ,) (NP-SBJ (NNP Alaska)) (ADVP (RB just)) (ADVP-TMP (RB recently)) (VP (VBD legalized) (NP (NN marijuana)))))) (. .) (-DFL- E_S))",196
sw05utt/sw_0549_3111.utt,3/sw3111,3111,134,%@,A,80,1,"{F Uh, }   *[[slash error]]","[ Uh/UH ] ,/,","(INTJ (INTJ (UH Uh)) (, ,) (INTJ (UH Uh-huh)) (. .) (-DFL- E_S))",198
sw05utt/sw_0549_3111.utt,3/sw3111,3111,135,+,B,81,1,"-- {D you know, } they did that in Alaska.   [ That, + that ] actually, Alaska just recently legalized marijuana. /  *[[two utts]]","--/:  [ you/PRP ] know/VBP ,/,  [ they/PRP ] did/VBD that/DT in/IN  [ Alaska/NNP ] ./.  That/IN ,/, that/IN actually/RB ,/,  [ Alaska/NNP ] just/RB recently/RB legalized/VBD  [ marijuana/NN ] ./.","(S (INTJ (UH Well)) (NP-SBJ (PRP I)) (VP (VBP think) (SBAR (-NONE- 0) (PRN (S (NP-SBJ (PRP you)) (VP (VBP know))) (, ,)) (S (NP-SBJ (PRP they)) (VP (VBD did) (NP (DT that)) (PP-LOC (IN in) (NP (NNP Alaska)))))) (. .) (SBAR (EDITED (RM (-DFL- \[)) (SBAR-UNF (IN That)) (, ,) (IP (-DFL- \+))) (IN that) (RS (-DFL- \])) (S (ADVP (RB actually)) (, ,) (NP-SBJ (NNP Alaska)) (ADVP (RB just)) (ADVP-TMP (RB recently)) (VP (VBD legalized) (NP (NN marijuana)))))) (. .) (-DFL- E_S))",196
sw05utt/sw_0549_3111.utt,3/sw3111,3111,136,+,A,82,1,Uh-huh. /,[ Uh-huh/UH ] ./.,(INTJ (UH Uh-huh) (. .) (-DFL- E_S)),192
sw05utt/sw_0549_3111.utt,3/sw3111,3111,137,sd,B,83,1,"{C But } [ I never, + I never  ] heard results or anything like that,  /","But/CC  [ I/PRP ] never/RB ,/,  [ I/PRP ] never/RB heard/VBD  [ results/NNS ] or/CC  [ anything/NN ] like/IN  [ that/DT ] ,/,","(S (CC But) (EDITED (RM (-DFL- \[)) (S-UNF (NP-SBJ (PRP I)) (ADVP-TMP (RB never))) (, ,) (IP (-DFL- \+))) (NP-SBJ (PRP I)) (ADVP-TMP (RB never)) (RS (-DFL- \])) (VP (VBD heard) (NP (NP (NNS results)) (CC or) (NP (NP (NN anything)) (PP (IN like) (NP (DT that)))))) (, ,) (-DFL- E_S))",202
sw05utt/sw_0549_3111.utt,3/sw3111,3111,138,%,B,83,2,"{C so } I never,  {D you know, } - /","so/RB  [ I/PRP ] never/RB ,/,  [ you/PRP ] know/VBP ,/,","(S-UNF (RB so) (NP-SBJ (PRP I)) (ADVP-TMP (RB never)) (PRN (, ,) (S (NP-SBJ (PRP you)) (VP (VBP know)))) (, ,) (-DFL- N_S))",203
sw05utt/sw_0549_3111.utt,3/sw3111,3111,139,sv,B,83,3,"plus, [ [ that's such a, +  that's not a ] true, +  {F uh, } <lipsmack> {D you know, } it really couldn't be a good ] test because Alaska's so different than every other part of the country. /","plus/CC ,/,  [ that/DT ] 's/BES such/PDT  [ a/DT ] ,/,  [ that/DT ] 's/BES not/RB  [ a/DT true/JJ ] ,/,  [ uh/UH ] ,/,  [ you/PRP ] know/VBP ,/,  [ it/PRP ] really/RB could/MD n't/RB be/VB  [ a/DT good/JJ test/NN ] because/IN  [ Alaska/NNP ] 's/BES so/RB different/JJ than/IN  [ every/DT other/JJ part/NN ] of/IN  [ the/DT country/NN ] ./.","(S (ADVP (CC plus)) (, ,) (EDITED (RM (-DFL- \[)) (EDITED (RM (-DFL- \[)) (S (NP-SBJ (DT that)) (VP (BES 's) (NP-PRD-UNF (PDT such) (DT a)))) (, ,) (IP (-DFL- \+))) (S (NP-SBJ (DT that)) (VP (BES 's) (RB not) (NP-PRD-UNF (DT a) (RS (-DFL- \])) (JJ true)))) (, ,) (IP (-DFL- \+))) (INTJ (UH uh)) (PRN (, ,) (S (NP-SBJ (PRP you)) (VP (VBP know))) (, ,)) (NP-SBJ (PRP it)) (ADVP (RB really)) (VP (MD could) (RB n't) (VP (VB be) (NP-PRD (DT a) (JJ good) (RS (-DFL- \])) (NN test)) (SBAR-PRP (IN because) (S (NP-SBJ (NNP Alaska)) (VP (BES 's) (ADJP-PRD (ADJP (RB so) (JJ different)) (PP (IN than) (NP (NP (DT every) (JJ other) (NN part)) (PP (IN of) (NP (DT the) (NN country))))))))))) (. .) (-DFL- E_S))",204
sw05utt/sw_0549_3111.utt,3/sw3111,3111,140,b,A,84,1,Uh-huh. /,[ Uh-huh/UH ] ./.,(INTJ (UH Uh-huh) (. .) (-DFL- E_S)),192
sw05utt/sw_0549_3111.utt,3/sw3111,3111,141,sd,B,85,1,"{D You know, } [ {C so } that, +  {C but } that ] was interesting, {D you know, }  /","[ You/PRP ] know/VBP ,/, so/RB  [ that/DT ] ,/, but/CC  [ that/DT ] was/VBD interesting/JJ ,/,  [ you/PRP ] know/VBP ,/,","(S (PRN (S (NP-SBJ (PRP You)) (VP (VBP know))) (, ,)) (EDITED (RM (-DFL- \[)) (S-UNF (RB so) (NP-SBJ (DT that))) (, ,) (IP (-DFL- \+))) (CC but) (NP-SBJ (DT that)) (RS (-DFL- \])) (VP (VBD was) (ADJP-PRD (JJ interesting)) (PRN (, ,) (S (NP-SBJ (PRP you)) (VP (VBP know))))) (, ,) (-DFL- E_S))",208
sw05utt/sw_0549_3111.utt,3/sw3111,3111,142,%,B,85,2,"[ I, + I  ] don't, - /","[ I/PRP ] ,/,  [ I/PRP ] do/VBP n't/RB ,/,","(S (EDITED (RM (-DFL- \[)) (NP-SBJ (PRP I)) (, ,) (IP (-DFL- \+))) (NP-SBJ (PRP I)) (RS (-DFL- \])) (VP-UNF (VBP do) (RB n't)) (, ,) (-DFL- N_S))",209
sw05utt/sw_0549_3111.utt,3/sw3111,3111,143,%,B,85,3,"crime is one of those things that's, {F uh, } <lipsmack> - /","[ crime/NN ] is/VBZ  [ one/CD ] of/IN  [ those/DT things/NNS ] [ that/WDT ] [ 's/BES ] ,/,  [ uh/UH ] ,/,","(S (NP-SBJ (NN crime)) (VP (VBZ is) (NP-PRD (NP (CD one)) (PP (IN of) (NP (DT those) (NNS things))) (SBAR (WHNP-1 (WDT that)) (S (NP-SBJ (-NONE- *T*-1)) (VP-UNF (BES 's) (, ,) (INTJ (UH uh))))))) (, ,) (-DFL- N_S))",210
sw05utt/sw_0549_3111.utt,3/sw3111,3111,144,h,B,85,4,"[ I, + I  ] don't know, {D you know, }  /","[ I/PRP ] ,/,  [ I/PRP ] do/VBP n't/RB know/VB ,/,  [ you/PRP ] know/VBP ,/,","(S (EDITED (RM (-DFL- \[)) (NP-SBJ (PRP I)) (, ,) (IP (-DFL- \+))) (NP-SBJ (PRP I)) (RS (-DFL- \])) (VP (VBP do) (RB n't) (VP (VB know) (PRN (, ,) (S (NP-SBJ (PRP you)) (VP (VBP know)))))) (, ,) (-DFL- E_S))",211
sw05utt/sw_0549_3111.utt,3/sw3111,3111,145,%,B,85,5,"the drug culture, - /","[ the/DT drug/NN culture/NN ] ,/,","(NP (DT the) (NN drug) (NN culture) (, ,) (-DFL- N_S))",212
sw05utt/sw_0549_3111.utt,3/sw3111,3111,146,%,B,85,6,"[ the, + {F uh, } the,  ] {F uh, } {D you know, } - /","[ the/DT ] ,/,  [ uh/UH ] ,/,  [ the/DT ] ,/,  [ uh/UH ] ,/,  [ you/PRP ] know/VBP ,/,","(S (EDITED (RM (-DFL- \[)) (NP-SBJ-UNF (DT the)) (, ,) (IP (-DFL- \+))) (INTJ (UH uh)) (, ,) (NP-SBJ-UNF (DT the) (, ,) (RS (-DFL- \])) (INTJ (UH uh)) (PRN (, ,) (S (NP-SBJ (PRP you)) (VP (VBP know))))) (, ,) (-DFL- N_S))",213
sw05utt/sw_0549_3111.utt,3/sw3111,3111,147,sd,B,85,7,"[ I, +  I ] see it with the kids in the neighborhood just stealing things, not thinking anything wrong with it. /","[ I/PRP ] ,/,  [ I/PRP ] see/VBP  [ it/PRP ] with/IN  [ the/DT kids/NNS ] in/IN  [ the/DT neighborhood/NN ] just/RB stealing/VBG  [ things/NNS ] ,/, not/RB thinking/VBG  [ anything/NN ] wrong/JJ with/IN  [ it/PRP ] ./.","(S (EDITED (RM (-DFL- \[)) (NP-SBJ (PRP I)) (, ,) (IP (-DFL- \+))) (NP-SBJ (PRP I)) (RS (-DFL- \])) (VP (VBP see) (NP (PRP it)) (PP (IN with) (NP (NP (DT the) (NNS kids)) (PP-LOC (IN in) (NP (DT the) (NN neighborhood))) (ADVP (RB just)) (VP (VP (VBG stealing) (NP (NNS things))) (, ,) (VP (RB not) (VBG thinking) (S (NP-SBJ (NN anything)) (ADJP-PRD (JJ wrong) (PP (IN with) (NP (PRP it)))))))))) (. .) (-DFL- E_S))",214
sw05utt/sw_0549_3111.utt,3/sw3111,3111,148,b,A,86,1,"Yeah,  /","Yeah/UH ,/,","(INTJ (UH Yeah) (, ,) (-DFL- E_S))",186
sw05utt/sw_0549_3111.utt,3/sw3111,3111,149,%,A,86,2,"{D well, } [ th-, +  some of that, ] - /","well/UH ,/, th-/XX ,/,  [ some/DT ] of/IN  [ that/DT ] ,/,","(S-UNF (INTJ (UH well)) (, ,) (EDITED (RM (-DFL- \[)) (NP-SBJ-UNF (XX th-)) (, ,) (IP (-DFL- \+))) (NP-SBJ (NP (DT some)) (PP (IN of) (NP (DT that)))) (, ,) (RS (-DFL- \])) (-DFL- N_S))",217
sw05utt/sw_0549_3111.utt,3/sw3111,3111,150,sd,A,86,3,"{C and, } of course, I'm a baby of the old school -- /","and/CC ,/, of/IN  [ course/NN ] ,/,  [ I/PRP ] 'm/VBP  [ a/DT baby/NN ] of/IN  [ the/DT old/JJ school/NN ] --/:","(S (CC and) (, ,) (PP (IN of) (NP (NN course))) (, ,) (NP-SBJ (PRP I)) (VP (VBP 'm) (NP-PRD (NP (DT a) (NN baby)) (PP (IN of) (NP (DT the) (JJ old) (NN school))))) (-DFL- E_S))",218
sw05utt/sw_0549_3111.utt,3/sw3111,3111,151,b,B,87,1,Yeah. /,Yeah/UH ./.,(INTJ (UH Yeah) (. .) (-DFL- E_S)),220
sw05utt/sw_0549_3111.utt,3/sw3111,3111,152,sd,A,88,1,"-- {C but, } [ it, + it  ] bothers me from the fifties on,  /","--/: but/CC ,/,  [ it/PRP ] ,/,  [ it/PRP ] bothers/VBZ  [ me/PRP ] from/IN  [ the/DT fifties/NNS ] on/IN ,/,","(S (CC but) (, ,) (EDITED (RM (-DFL- \[)) (NP-SBJ (PRP it)) (, ,) (IP (-DFL- \+))) (NP-SBJ (PRP it)) (RS (-DFL- \])) (VP (VBZ bothers) (NP (PRP me)) (PP-TMP (IN from) (NP (DT the) (NNS fifties))) (ADVP (IN on))) (, ,) (-DFL- E_S))",222
sw05utt/sw_0549_3111.utt,3/sw3111,3111,153,h,A,88,2,not that I'd remember that much --,not/RB that/IN  [ I/PRP ] 'd/MD remember/VB that/IN much/RB --/:,(SBAR (RB not) (IN that) (S (NP-SBJ (PRP I)) (VP (MD 'd) (VP (VB remember) (NP (NP (ADJP (IN that) (RB much))) (PP-TMP (IN from) (NP (DT the) (NNS fifties))))))) (-DFL- E_S)),223
sw05utt/sw_0549_3111.utt,3/sw3111,3111,154,b,B,89,1,Uh-huh. /,[ Uh-huh/UH ] ./.,(INTJ (UH Uh-huh) (. .) (-DFL- E_S)),192
sw05utt/sw_0549_3111.utt,3/sw3111,3111,155,+,A,90,1,-- from the fifties  /,--/: from/IN  [ the/DT fifties/NNS ],"(S (CC but) (, ,) (EDITED (RM (-DFL- \[)) (NP-SBJ (PRP it)) (, ,) (IP (-DFL- \+))) (NP-SBJ (PRP it)) (RS (-DFL- \])) (VP (VBZ bothers) (NP (PRP me)) (PP-TMP (IN from) (NP (DT the) (NNS fifties))) (ADVP (IN on))) (, ,) (-DFL- E_S))",222
sw05utt/sw_0549_3111.utt,3/sw3111,3111,156,sv,A,90,2,"[ {C but, } + {C but }  ] basically we have so much more of the something for nothing mentality. /","but/IN ,/, but/CC basically/RB  [ we/PRP ] have/VBP so/RB much/RB more/JJR of/IN  [ the/DT something/NN ] for/IN  [ nothing/NN ] [ mentality/NN ] ./.","(S (EDITED (RM (-DFL- \[)) (IN but) (, ,) (IP (-DFL- \+))) (CC but) (RS (-DFL- \])) (ADVP (RB basically)) (NP-SBJ (PRP we)) (VP (VBP have) (NP (NP (ADJP (RB so) (RB much)) (JJR more)) (PP (IN of) (NP (DT the) (NAC (NN something) (PP (IN for) (NP (NN nothing)))) (NN mentality))))) (. .) (-DFL- E_S))",227
sw05utt/sw_0549_3111.utt,3/sw3111,3111,157,aa,B,91,1,"Yeah,  /","Yeah/UH ,/,","(INTJ (UH Yeah) (, ,) (-DFL- E_S))",216
sw05utt/sw_0549_3111.utt,3/sw3111,3111,158,aa,B,91,2,that's true.  /,[ that/DT ] 's/BES true/JJ ./.,(S (NP-SBJ (DT that)) (VP (BES 's) (ADJP-PRD (JJ true))) (. .) (-DFL- E_S)),230
sw05utt/sw_0549_3111.utt,3/sw3111,3111,159,aa^r,B,91,3,That's true.  /,[ That/DT ] 's/BES true/JJ ./.,(S (NP-SBJ (DT That)) (VP (BES 's) (ADJP-PRD (JJ true))) (. .) (-DFL- E_S)),231
sw05utt/sw_0549_3111.utt,3/sw3111,3111,160,sd,B,91,4,We worked hard for everything.  /,[ We/PRP ] worked/VBD hard/RB for/IN  [ everything/NN ] ./.,(S (NP-SBJ (PRP We)) (VP (VBD worked) (ADVP (RB hard)) (PP (IN for) (NP (NN everything)))) (. .) (-DFL- E_S)),232
sw05utt/sw_0549_3111.utt,3/sw3111,3111,161,aa,B,91,5,That's very true. /,[ That/DT ] 's/BES very/RB true/JJ ./.,(S (NP-SBJ (DT That)) (VP (BES 's) (ADJP-PRD (RB very) (JJ true))) (. .) (-DFL- E_S)),233
sw05utt/sw_0549_3111.utt,3/sw3111,3111,162,%,A,92,1,{C And so } they -- -/,And/CC so/IN  [ they/PRP ] --/:,(S-UNF (CONJP (CC And) (IN so)) (NP-SBJ (PRP they)) (-DFL- N_S)),235
sw05utt/sw_0549_3111.utt,3/sw3111,3111,163,b,B,93,1,Uh-huh. /,[ Uh-huh/UH ] ./.,(INTJ (UH Uh-huh) (. .) (-DFL- E_S)),206
sw05utt/sw_0549_3111.utt,3/sw3111,3111,164,%,A,94,1,"-- in the, - /","--/: in/IN  [ the/DT ] ,/,","(PP (IN in) (NP-UNF (DT the)) (, ,) (-DFL- N_S))",239
sw05utt/sw_0549_3111.utt,3/sw3111,3111,165,sd,A,94,2,"there were the sixty-four thousand dollar question shows in the fifties,  /","[ there/EX ] were/VBD  [ the/DT sixty-four/CD thousand/CD dollar/NN question/NN ] shows/NNS in/IN  [ the/DT fifties/NNS ] ,/,","(S (NP-SBJ (EX there)) (VP (VBD were) (NP-PRD (DT the) (QP (CD sixty-four) (CD thousand)) (NN dollar) (NN question) (NNS shows)) (PP-TMP (IN in) (NP (DT the) (NNS fifties)))) (, ,) (-DFL- E_S))",240
sw05utt/sw_0549_3111.utt,3/sw3111,3111,166,sd,A,94,3,"{C but } nowadays, there's so much on TV [ where, + where  ] people seem to have the idea they can get something for nothing.  /","but/CC nowadays/RB ,/,  [ there/EX ] 's/BES so/RB much/RB on/IN  [ TV/NN ] where/WRB ,/, where/WRB  [ people/NNS ] seem/VBP to/TO have/VB  [ the/DT idea/NN ] [ they/PRP ] can/MD get/VB  [ something/NN ] for/IN  [ nothing/NN ] ./.","(S (CC but) (ADVP-TMP (RB nowadays)) (, ,) (NP-SBJ (EX there)) (VP (BES 's) (NP-PRD (NP (ADJP (RB so) (RB much))) (PP (IN on) (NP (NN TV))) (SBAR (EDITED (RM (-DFL- \[)) (WHADVP (WRB where)) (, ,) (IP (-DFL- \+))) (WHADVP-2 (WRB where)) (RS (-DFL- \])) (S (NP-SBJ-1 (NNS people)) (VP (VBP seem) (S (NP-SBJ (-NONE- *-1)) (VP (TO to) (VP (VB have) (NP (DT the) (NN idea) (SBAR (-NONE- 0) (S (NP-SBJ (PRP they)) (VP (MD can) (VP (VB get) (NP (NP (NN something)) (PP (IN for) (NP (NN nothing)))))))))))) (ADVP (-NONE- *T*-2))))))) (. .) (-DFL- E_S))",241
sw05utt/sw_0549_3111.utt,3/sw3111,3111,167,sd,A,94,4,Of course --,Of/IN  [ course/NN ] --/:,"(S (PP (IN Of) (NP (NN course))) (INTJ (UH uh)) (, ,) (NP-SBJ (PRP I)) (VP (VBP work) (PP (IN for) (NP (NNS lawyers))) (NP-ADV (DT a) (NN lot))) (-DFL- E_S))",242
sw05utt/sw_0549_3111.utt,3/sw3111,3111,168,b,B,95,1,Uh-huh. /,[ Uh-huh/UH ] ./.,(INTJ (UH Uh-huh) (. .) (-DFL- E_S)),206
sw05utt/sw_0549_3111.utt,3/sw3111,3111,169,+,A,96,1,"-- {F uh, } I work for lawyers a lot  /","--/:  [ uh/UH ] ,/,  [ I/PRP ] work/VBP for/IN  [ lawyers/NNS ] [ a/DT lot/NN ]","(S (PP (IN Of) (NP (NN course))) (INTJ (UH uh)) (, ,) (NP-SBJ (PRP I)) (VP (VBP work) (PP (IN for) (NP (NNS lawyers))) (NP-ADV (DT a) (NN lot))) (-DFL- E_S))",242
sw05utt/sw_0549_3111.utt,3/sw3111,3111,170,sd,A,96,2,"{C and } I see, unfortunately, we have this whole mentality that somehow there are these pots of money out there that you can sue somebody and, {D you know, } there's a million dollars you can have --","and/CC  [ I/PRP ] see/VBP ,/, unfortunately/RB ,/,  [ we/PRP ] have/VBP  [ this/DT whole/JJ mentality/NN ] that/IN somehow/RB  [ there/EX ] are/VBP  [ these/DT pots/NNS ] of/IN  [ money/NN ] out/IN there/RB that/WDT  [ you/PRP ] can/MD sue/VB  [ somebody/NN ] and/CC ,/,  [ you/PRP ] know/VBP ,/,  [ there/EX ] 's/BES  [ a/DT million/CD dollars/NNS you/PRP ] can/MD have/VB --/:","(S (CC and) (NP-SBJ (PRP I)) (VP (VBP see) (, ,) (SBAR (-NONE- 0) (S (ADVP (RB unfortunately)) (, ,) (NP-SBJ (PRP we)) (VP (VBP have) (NP (NP (DT this) (JJ whole) (NN mentality)) (SBAR (WHADVP-3 (IN that)) (S (ADVP (RB somehow)) (NP-SBJ (EX there)) (VP (VBP are) (NP-PRD (NP (DT these) (NNS pots)) (PP (IN of) (NP (NN money))) (PP-LOC (IN out) (ADVP (RB there))) (SBAR (WHADVP-2 (WDT that)) (S (S (NP-SBJ (PRP you)) (VP (MD can) (VP (VB sue) (NP (NN somebody))))) (CC and) (PRN (, ,) (S (NP-SBJ (PRP you)) (VP (VBP know))) (, ,)) (S (NP-SBJ (EX there)) (VP (BES 's) (NP-PRD (NP (QP (DT a) (CD million)) (NNS dollars)) (SBAR (WHNP-1 (-NONE- 0)) (S (NP-SBJ (PRP you)) (VP (MD can) (VP (VP (VB have) (NP (-NONE- *T*-1)) (INTJ (UH uh)) (, ,) (PP-TMP (IN for) (NP (JJ mental) (NN duress)))) (CC or) (NP-ETC (WDT whatever))))))))) (ADVP (-NONE- *T*-2))))) (ADVP (-NONE- *T*-3)))))))))) (. .) (-DFL- E_S))",246
sw05utt/sw_0549_3111.utt,3/sw3111,3111,171,b,B,97,1,Uh-huh. /,[ Uh-huh/UH ] ./.,(INTJ (UH Uh-huh) (. .) (-DFL- E_S)),225
sw05utt/sw_0549_3111.utt,3/sw3111,3111,172,+,A,98,1,"-- {F uh, } for mental duress or whatever. /","--/:  [ uh/UH ] ,/, for/IN  [ mental/JJ duress/NN ] or/CC  [ whatever/WDT ] ./.","(S (CC and) (NP-SBJ (PRP I)) (VP (VBP see) (, ,) (SBAR (-NONE- 0) (S (ADVP (RB unfortunately)) (, ,) (NP-SBJ (PRP we)) (VP (VBP have) (NP (NP (DT this) (JJ whole) (NN mentality)) (SBAR (WHADVP-3 (IN that)) (S (ADVP (RB somehow)) (NP-SBJ (EX there)) (VP (VBP are) (NP-PRD (NP (DT these) (NNS pots)) (PP (IN of) (NP (NN money))) (PP-LOC (IN out) (ADVP (RB there))) (SBAR (WHADVP-2 (WDT that)) (S (S (NP-SBJ (PRP you)) (VP (MD can) (VP (VB sue) (NP (NN somebody))))) (CC and) (PRN (, ,) (S (NP-SBJ (PRP you)) (VP (VBP know))) (, ,)) (S (NP-SBJ (EX there)) (VP (BES 's) (NP-PRD (NP (QP (DT a) (CD million)) (NNS dollars)) (SBAR (WHNP-1 (-NONE- 0)) (S (NP-SBJ (PRP you)) (VP (MD can) (VP (VP (VB have) (NP (-NONE- *T*-1)) (INTJ (UH uh)) (, ,) (PP-TMP (IN for) (NP (JJ mental) (NN duress)))) (CC or) (NP-ETC (WDT whatever))))))))) (ADVP (-NONE- *T*-2))))) (ADVP (-NONE- *T*-3)))))))))) (. .) (-DFL- E_S))",246
sw05utt/sw_0549_3111.utt,3/sw3111,3111,173,b,B,99,1,Yeah <laughter>. /,Yeah/UH ./.,(INTJ (UH Yeah) (. .) (-DFL- E_S)),220
sw05utt/sw_0549_3111.utt,3/sw3111,3111,174,sd,A,100,1,"{C But, } {D you know, } the other thing that bothers me in the crime is the, {F uh, } - /","But/CC ,/,  [ you/PRP ] know/VBP ,/,  [ the/DT other/JJ thing/NN ] [ that/WDT ] bothers/VBZ  [ me/PRP ] in/IN  [ the/DT crime/NN ] is/VBZ  [ the/DT ] ,/,  [ uh/UH ] ,/,","(S (CC But) (PRN (, ,) (S (NP-SBJ (PRP you)) (VP (VBP know))) (, ,)) (NP-SBJ (NP (DT the) (JJ other) (NN thing)) (SBAR (WHNP-1 (WDT that)) (S (NP-SBJ (-NONE- *T*-1)) (VP (VBZ bothers) (NP (PRP me))))) (PP (IN in) (NP (DT the) (NN crime)))) (VP (VBZ is) (NP-PRD-UNF (DT the) (, ,) (INTJ (UH uh)))) (, ,) (-DFL- N_S))",253
sw05utt/sw_0549_3111.utt,3/sw3111,3111,175,%,A,100,2,"in Europe, they seem to have mentality,  /","in/IN  [ Europe/NNP ] ,/,  [ they/PRP ] seem/VBP to/TO have/VB  [ mentality/NN ] ,/,","(S (PP-LOC (IN in) (NP (NNP Europe))) (, ,) (NP-SBJ-1 (PRP they)) (VP (VBP seem) (S (NP-SBJ (-NONE- *-1)) (VP (TO to) (VP (VB have) (NP (NN mentality)))))) (, ,) (-DFL- E_S))",254
sw05utt/sw_0549_3111.utt,3/sw3111,3111,176,%,A,100,3,"{C and } drunk driving is a good one,  /","and/CC  [ drunk/NN driving/NN ] is/VBZ  [ a/DT good/JJ one/CD ] ,/,","(S (CC and) (NP-SBJ (NN drunk) (NN driving)) (VP (VBZ is) (NP-PRD (DT a) (JJ good) (CD one))) (, ,) (-DFL- E_S))",255
sw05utt/sw_0549_3111.utt,3/sw3111,3111,177,sd,A,100,4,is that  people are well indoctrinated in their society that drunken driving is unacceptable. /,is/VBZ that/IN  [ people/NNS ] are/VBP well/RB indoctrinated/VBN in/IN  [ their/PRP$ society/NN ] that/IN  [ drunken/JJ driving/NN ] is/VBZ unacceptable/JJ ./.,(S (NP-SBJ (-NONE- *)) (VP (VBZ is) (SBAR-PRD (IN that) (S (NP-SBJ-1 (NNS people)) (VP (VBP are) (VP (ADVP (RB well)) (VBN indoctrinated) (NP (-NONE- *-1)) (PP-LOC (IN in) (NP (PRP$ their) (NN society))) (SBAR (IN that) (S (NP-SBJ (JJ drunken) (NN driving)) (VP (VBZ is) (ADJP-PRD (JJ unacceptable)))))))))) (. .) (-DFL- E_S)),256
sw05utt/sw_0549_3111.utt,3/sw3111,3111,178,aa,B,101,1,Right. /,[ Right/UH ] ./.,(INTJ (UH Right) (. .) (-DFL- E_S)),258
sw05utt/sw_0549_3111.utt,3/sw3111,3111,179,%,A,102,1,"{C And, } yeah,  /","And/CC ,/, yeah/UH ,/,","(FRAG (CC And) (, ,) (INTJ (UH yeah)) (, ,) (-DFL- E_S))",260
sw05utt/sw_0549_3111.utt,3/sw3111,3111,180,sv,A,102,2,"if you're going to drink, and you may drink, you better have your designated driver. /","if/IN  [ you/PRP ] 're/VBP going/VBG to/TO drink/VB ,/, and/CC  [ you/PRP ] may/MD drink/VB ,/,  [ you/PRP ] better/RB have/VB  [ your/PRP$ designated/VBN driver/NN ] ./.","(S (SBAR-ADV (IN if) (S (NP-SBJ-1 (PRP you)) (VP (VBP 're) (VP (VBG going) (S (NP-SBJ (-NONE- *-1)) (VP (TO to) (VP (VB drink)))))))) (PRN (, ,) (S (CC and) (NP-SBJ (PRP you)) (VP (MD may) (VP (VB drink)))) (, ,)) (NP-SBJ (PRP you)) (ADVP (RB better)) (VP (VB have) (NP (PRP$ your) (VBN designated) (NN driver))) (. .) (-DFL- E_S))",261
sw05utt/sw_0549_3111.utt,3/sw3111,3111,181,b,B,103,1,Uh-huh. /,[ Uh-huh/UH ] ./.,(INTJ (UH Uh-huh) (. .) (-DFL- E_S)),237
sw05utt/sw_0549_3111.utt,3/sw3111,3111,182,sv@,A,104,1,"In this country,  and for example with alcohol or with drugs [ is, + ] we don't seem to understand how to handle it as a society to say [ okay, + it is okay  ] under these circumstances, but if you step outside these bounds, the punishment is extreme.   *[[slash error]]","In/IN  [ this/DT country/NN ] ,/, and/CC for/IN  [ example/NN ] with/IN  [ alcohol/NN ] or/CC with/IN  [ drugs/NNS ] is/VBZ ,/,  [ we/PRP ] do/VBP n't/RB seem/VB to/TO understand/VB how/WRB to/TO handle/VB  [ it/PRP ] as/IN  [ a/DT society/NN ] to/TO say/VB  [ okay/UH ] ,/,  [ it/PRP ] is/VBZ okay/UH under/IN  [ these/DT circumstances/NNS ] ,/, but/CC if/IN  [ you/PRP ] step/VBP outside/IN  [ these/DT bounds/NNS ] ,/,  [ the/DT punishment/NN ] is/VBZ extreme/JJ ./.","(S (PP-LOC (IN In) (NP (DT this) (NN country))) (, ,) (CC and) (PP (IN for) (NP (NN example))) (PP (PP (IN with) (NP (NN alcohol))) (CC or) (PP (IN with) (NP (NNS drugs)))) (EDITED (RM (-DFL- \[)) (VP-UNF (VBZ is)) (, ,) (IP (-DFL- \+)) (RS (-DFL- \]))) (NP-SBJ-1 (PRP we)) (VP (VBP do) (RB n't) (VP (VB seem) (S (NP-SBJ (-NONE- *-1)) (VP (TO to) (VP (VB understand) (SBAR (WHADVP-2 (WRB how)) (S (NP-SBJ (-NONE- *)) (VP (VP (TO to) (VP (VB handle) (NP (PRP it)) (PP (IN as) (NP (DT a) (NN society))))) (VP (TO to) (VP (VB say) (S-SEZ (S (RM (-DFL- \[)) (INTJ (UH okay)) (, ,) (IP (-DFL- \+)) (NP-SBJ (PRP it)) (VP (VBZ is) (ADJP-PRD (UH okay)) (RS (-DFL- \])) (PP (IN under) (NP (DT these) (NNS circumstances))))) (, ,) (CC but) (S (SBAR-ADV (IN if) (S (NP-SBJ (PRP you)) (VP (VBP step) (PP (IN outside) (NP (DT these) (NNS bounds)))))) (, ,) (NP-SBJ (DT the) (NN punishment)) (VP (VBZ is) (ADJP-PRD (JJ extreme))))))) (ADVP-MNR (-NONE- *T*-2)))))))))) (. .))",265
sw05utt/sw_0549_3111.utt,3/sw3111,3111,183,b,B,105,1,Yeah. /,Yeah/UH ./.,(INTJ (UH Yeah) (. .) (-DFL- E_S)),251
sw05utt/sw_0549_3111.utt,3/sw3111,3111,184,+,A,106,1,And we mean it. /,And/CC  [ we/PRP ] mean/VBP  [ it/PRP ] ./.,(S (CC And) (NP-SBJ (PRP we)) (VP (VBP mean) (NP (PRP it))) (. .) (-DFL- E_S)),266
sw05utt/sw_0549_3111.utt,3/sw3111,3111,185,b,B,107,1,Yeah.  /,Yeah/UH ./.,(INTJ (UH Yeah) (. .) (-DFL- E_S)),251
sw05utt/sw_0549_3111.utt,3/sw3111,3111,186,sv,B,107,2,"[ That, + I think that,  ] {F uh, } the drunk driving has [ just + actually, just  ] caught on.  /","[ That/DT ] ,/,  [ I/PRP ] think/VBP  [ that/DT ] ,/,  [ uh/UH ] ,/,  [ the/DT drunk/JJ driving/NN ] has/VBZ just/RB actually/RB ,/, just/RB caught/VBD on/RP ./.","(S (EDITED (RM (-DFL- \[)) (NP-SBJ (DT That)) (, ,) (IP (-DFL- \+))) (NP-SBJ (PRP I)) (VP (VBP think) (SBAR (DT that) (, ,) (RS (-DFL- \])) (INTJ (UH uh)) (, ,) (S (NP-SBJ (DT the) (JJ drunk) (NN driving)) (VP (VBZ has) (EDITED (RM (-DFL- \[)) (ADVP (RB just)) (IP (-DFL- \+))) (ADVP (RB actually)) (, ,) (ADVP (RB just)) (RS (-DFL- \])) (VP (VBD caught) (PRT (RP on))))))) (. .) (-DFL- E_S))",272
sw05utt/sw_0549_3111.utt,3/sw3111,3111,187,%,B,107,3,"{F Uh, }","[ Uh/UH ] ,/,","(S-UNF (INTJ (UH Uh)) (, ,) (EDITED (RM (-DFL- \[)) (CC A-) (, ,) (IP (-DFL- \+))) (CC and) (RS (-DFL- \])) (EDITED (RM (-DFL- \[)) (EDITED (RM (-DFL- \[)) (NP-SBJ (PRP I)) (, ,) (IP (-DFL- \+))) (NP-SBJ (PRP I)) (, ,) (RS (-DFL- \])) (IP (-DFL- \+))) (NP-SBJ (PRP I)) (RS (-DFL- \])) (ADVP (RB really)) (, ,) (INTJ (UH uh)) (, ,) (-DFL- N_S))",273
sw05utt/sw_0549_3111.utt,3/sw3111,3111,188,b,A,108,1,Uh-huh. /,[ Uh-huh/UH ] ./.,(INTJ (UH Uh-huh) (. .) (-DFL- E_S)),248
sw05utt/sw_0549_3111.utt,3/sw3111,3111,189,+,B,109,1,"[ {C A-, } +  {C and } ] [ [ I, + I, ] + I ] really, {F uh, } - /","[ A-/CC ] ,/, and/CC  [ I/PRP ] ,/,  [ I/PRP ] ,/,  [ I/PRP ] really/RB ,/,  [ uh/UH ] ,/,","(S-UNF (INTJ (UH Uh)) (, ,) (EDITED (RM (-DFL- \[)) (CC A-) (, ,) (IP (-DFL- \+))) (CC and) (RS (-DFL- \])) (EDITED (RM (-DFL- \[)) (EDITED (RM (-DFL- \[)) (NP-SBJ (PRP I)) (, ,) (IP (-DFL- \+))) (NP-SBJ (PRP I)) (, ,) (RS (-DFL- \])) (IP (-DFL- \+))) (NP-SBJ (PRP I)) (RS (-DFL- \])) (ADVP (RB really)) (, ,) (INTJ (UH uh)) (, ,) (-DFL- N_S))",273
sw05utt/sw_0549_3111.utt,3/sw3111,3111,190,sd,B,109,2,my father was hit by a drunk driver when I was in high school -- /,[ my/PRP$ father/NN ] was/VBD hit/VBN by/IN  [ a/DT drunk/JJ driver/NN ] when/WRB  [ I/PRP ] was/VBD in/IN  [ high/JJ school/NN ] --/:,(S (NP-SBJ-1 (PRP$ my) (NN father)) (VP (VBD was) (VP (VBN hit) (NP (-NONE- *-1)) (PP (IN by) (NP-LGS (DT a) (JJ drunk) (NN driver))) (SBAR-TMP (WHADVP-2 (WRB when)) (S (NP-SBJ (PRP I)) (VP (VBD was) (PP-PRD (IN in) (NP (JJ high) (NN school))) (ADVP-TMP (-NONE- *T*-2))))))) (-DFL- E_S)),277
sw05utt/sw_0549_3111.utt,3/sw3111,3111,191,b,A,110,1,Uh-huh. /,[ Uh-huh/UH ] ./.,(INTJ (UH Uh-huh) (. .) (-DFL- E_S)),263
sw05utt/sw_0549_3111.utt,3/sw3111,3111,192,sd,B,111,1,"-- {C and, } {F uh, } [ that was a very, + {F uh, } [ that, + that  ] was   an awful ] three years afterwards.  {D You know, } of recovery --","--/: and/CC ,/,  [ uh/UH ] ,/,  [ that/DT ] was/VBD  [ a/DT ] very/RB ,/,  [ uh/UH ] ,/, that/DT ,/, that/DT was/VBD  [ an/DT awful/JJ three/CD years/NNS ] afterwards/RB ./.  [ You/PRP ] know/VBP ,/, of/IN  [ recovery/NN ] --/:","(S (CC and) (, ,) (INTJ (UH uh)) (, ,) (EDITED (RM (-DFL- \[)) (S (NP-SBJ (DT that)) (VP (VBD was) (NP-PRD-UNF (DT a) (RB very)))) (, ,) (IP (-DFL- \+))) (INTJ (UH uh)) (, ,) (EDITED (RM (-DFL- \[)) (NP-SBJ (DT that)) (, ,) (IP (-DFL- \+))) (NP-SBJ (DT that)) (RS (-DFL- \])) (VP (VBD was) (NP-PRD (NP (DT an) (JJ awful) (RS (-DFL- \])) (CD three) (NNS years)) (PP (-NONE- *ICH*-1))) (ADVP-TMP (RB afterwards)) (PRN (. .) (S (NP-SBJ (PRP You)) (VP (VBP know))) (, ,)) (PP-1 (IN of) (NP (NP (NN recovery)) (CC and) (NP (DT the) (NNS difficulties)) (CC and) (, ,) (INTJ (UH uh)) (, ,) (NP (NP (NN everything)) (SBAR (WHNP-2 (-NONE- 0)) (S (NP-SBJ (PRP we)) (VP (VBD did) (NP (-NONE- *T*-2))))))))) (-DFL- E_S))",281
sw05utt/sw_0549_3111.utt,3/sw3111,3111,193,b,A,112,1,Uh-huh. /,[ Uh-huh/UH ] ./.,(INTJ (UH Uh-huh) (. .) (-DFL- E_S)),263
sw05utt/sw_0549_3111.utt,3/sw3111,3111,194,+,B,113,1,"-- and the difficulties and, {F uh, } everything we did  /","--/: and/CC  [ the/DT difficulties/NNS ] and/CC ,/,  [ uh/UH ] ,/,  [ everything/NN ] [ we/PRP ] did/VBD","(S (CC and) (, ,) (INTJ (UH uh)) (, ,) (EDITED (RM (-DFL- \[)) (S (NP-SBJ (DT that)) (VP (VBD was) (NP-PRD-UNF (DT a) (RB very)))) (, ,) (IP (-DFL- \+))) (INTJ (UH uh)) (, ,) (EDITED (RM (-DFL- \[)) (NP-SBJ (DT that)) (, ,) (IP (-DFL- \+))) (NP-SBJ (DT that)) (RS (-DFL- \])) (VP (VBD was) (NP-PRD (NP (DT an) (JJ awful) (RS (-DFL- \])) (CD three) (NNS years)) (PP (-NONE- *ICH*-1))) (ADVP-TMP (RB afterwards)) (PRN (. .) (S (NP-SBJ (PRP You)) (VP (VBP know))) (, ,)) (PP-1 (IN of) (NP (NP (NN recovery)) (CC and) (NP (DT the) (NNS difficulties)) (CC and) (, ,) (INTJ (UH uh)) (, ,) (NP (NP (NN everything)) (SBAR (WHNP-2 (-NONE- 0)) (S (NP-SBJ (PRP we)) (VP (VBD did) (NP (-NONE- *T*-2))))))))) (-DFL- E_S))",281
sw05utt/sw_0549_3111.utt,3/sw3111,3111,195,sd,B,113,2,"{C and, } {D you know, } the guy went free because this was twelve years ago --","and/CC ,/,  [ you/PRP ] know/VBP ,/,  [ the/DT guy/NN ] went/VBD free/JJ because/IN  [ this/DT ] was/VBD  [ twelve/CD years/NNS ] ago/RB --/:","(S (CC and) (PRN (, ,) (S (NP-SBJ (PRP you)) (VP (VBP know))) (, ,)) (NP-SBJ (DT the) (NN guy)) (VP (VBD went) (ADJP-PRD (JJ free)) (SBAR-PRP (IN because) (S (NP-SBJ (DT this)) (VP (VBD was) (ADVP-TMP-PRD (ADVP (NP (CD twelve) (NNS years)) (RB ago)) (ADVP (NP (CD thirteen) (NNS years)) (RB ago))))))) (, ,) (-DFL- E_S))",285
sw05utt/sw_0549_3111.utt,3/sw3111,3111,196,b,A,114,1,Uh-huh. /,[ Uh-huh/UH ] ./.,(INTJ (UH Uh-huh) (. .) (-DFL- E_S)),263
sw05utt/sw_0549_3111.utt,3/sw3111,3111,197,+,B,115,1,"-- thirteen years ago,  /","--/:  [ thirteen/CD years/NNS ] ago/RB ,/,","(S (CC and) (PRN (, ,) (S (NP-SBJ (PRP you)) (VP (VBP know))) (, ,)) (NP-SBJ (DT the) (NN guy)) (VP (VBD went) (ADJP-PRD (JJ free)) (SBAR-PRP (IN because) (S (NP-SBJ (DT this)) (VP (VBD was) (ADVP-TMP-PRD (ADVP (NP (CD twelve) (NNS years)) (RB ago)) (ADVP (NP (CD thirteen) (NNS years)) (RB ago))))))) (, ,) (-DFL- E_S))",285
sw05utt/sw_0549_3111.utt,3/sw3111,3111,198,%,B,115,2,"there was no, - /","[ there/EX ] was/VBD no/RB ,/,","(S (NP-SBJ (EX there)) (VP (VBD was) (NP-PRD-UNF (RB no))) (, ,) (-DFL- N_S))",289
sw05utt/sw_0549_3111.utt,3/sw3111,3111,199,sd,B,115,3,"his father was even, the, {F uh, } police chief of the town. /","[ his/PRP$ father/NN ] was/VBD even/RB ,/,  [ the/DT ] ,/,  [ uh/UH ] ,/,  [ police/NN chief/NN ] of/IN  [ the/DT town/NN ] ./.","(S (NP-SBJ (PRP$ his) (NN father)) (VP (VBD was) (ADVP (RB even)) (, ,) (NP-PRD (NP (DT the) (, ,) (INTJ (UH uh)) (, ,) (NN police) (NN chief)) (PP (IN of) (NP (DT the) (NN town))))) (. .) (-DFL- E_S))",290
sw05utt/sw_0549_3111.utt,3/sw3111,3111,200,b,A,116,1,Uh-huh. /,[ Uh-huh/UH ] ./.,(INTJ (UH Uh-huh) (. .) (-DFL- E_S)),275
sw05utt/sw_0549_3111.utt,3/sw3111,3111,201,sd,B,117,1,"{C So } there was no repercussion at all.  {D You know, } other than insurance,  /","So/RB  [ there/EX ] was/VBD  [ no/DT repercussion/NN ] at/IN  [ all/DT ] ./.  [ You/PRP ] know/VBP ,/, other/JJ than/IN  [ insurance/NN ] ,/,","(S (RB So) (NP-SBJ (EX there)) (VP (VBD was) (NP-PRD (DT no) (NN repercussion)) (ADVP (IN at) (DT all)) (PRN (. .) (S (NP-SBJ (PRP You)) (VP (VBP know))) (, ,)) (ADJP (JJ other) (PP (IN than) (NP (NN insurance))))) (, ,) (-DFL- E_S))",294
sw05utt/sw_0549_3111.utt,3/sw3111,3111,202,sd,B,117,2,{C but }  he was uninsured. /,but/CC  [ he/PRP ] was/VBD uninsured/JJ ./.,(S (CC but) (NP-SBJ (PRP he)) (VP (VBD was) (ADJP-PRD (JJ uninsured))) (. .) (-DFL- E_S)),295
sw05utt/sw_0549_3111.utt,3/sw3111,3111,203,b,A,118,1,Yeah. /,Yeah/UH ./.,(INTJ (UH Yeah) (. .) (-DFL- E_S)),271
sw05utt/sw_0549_3111.utt,3/sw3111,3111,204,sd,B,119,1,"{C So, } {F uh, } our insurance paid for everything,  /","So/UH ,/,  [ uh/UH ] ,/,  [ our/PRP$ insurance/NN ] paid/VBD for/IN  [ everything/NN ] ,/,","(S (RB So) (, ,) (INTJ (UH uh)) (, ,) (NP-SBJ (PRP$ our) (NN insurance)) (VP (VBD paid) (PP (IN for) (NP (NN everything)))) (, ,) (-DFL- E_S))",299
sw05utt/sw_0549_3111.utt,3/sw3111,3111,205,sd,B,119,2,{C but } it was a very difficult time  /,but/CC  [ it/PRP ] was/VBD  [ a/DT very/RB difficult/JJ time/NN ],(S (CC but) (NP-SBJ (PRP it)) (VP (VBD was) (NP-PRD (DT a) (ADJP (RB very) (JJ difficult)) (NN time))) (-DFL- E_S)),300
sw05utt/sw_0549_3111.utt,3/sw3111,3111,206,sd,B,119,3,"[ {C and, } +  {C and then } ] later, {A this was actually funny, }  my brother and I were picked up by the police for questioning because this fellow had bought [ a, + a  ] new car  /","and/CC ,/, and/CC then/RB later/RB ,/,  [ this/DT ] was/VBD actually/RB  [ funny/JJ ] ,/,  [ my/PRP$ brother/NN ] and/CC  [ I/PRP ] were/VBD picked/VBN up/RP by/IN  [ the/DT police/NN ] for/IN questioning/VBG because/IN  [ this/DT fellow/NN ] had/VBD bought/VBN  [ a/DT ] ,/,  [ a/DT new/JJ car/NN ]","(S (EDITED (RM (-DFL- \[)) (CC and) (, ,) (IP (-DFL- \+))) (CONJP (CC and) (RB then)) (RS (-DFL- \])) (ADVP-TMP (RB later)) (PRN (, ,) (S (NP-SBJ (DT this)) (VP (VBD was) (ADVP (RB actually)) (ADJP-PRD (JJ funny)))) (, ,)) (NP-SBJ-1 (NP (PRP$ my) (NN brother)) (CC and) (NP (PRP I))) (VP (VBD were) (VP (VBN picked) (NP (-NONE- *-1)) (PRT (RP up)) (PP (IN by) (NP-LGS (DT the) (NN police))) (PP-TMP (IN for) (NP (VBG questioning))) (SBAR-PRP (IN because) (S (NP-SBJ (DT this) (NN fellow)) (VP (VBD had) (VP (VBN bought) (EDITED (RM (-DFL- \[)) (NP-UNF (DT a)) (, ,) (IP (-DFL- \+))) (NP (DT a) (RS (-DFL- \])) (JJ new) (NN car)))))))) (-DFL- E_S))",301
sw05utt/sw_0549_3111.utt,3/sw3111,3111,207,sd,B,119,4,{C and } somebody had taken {D like } a baseball bat to it --,and/CC  [ somebody/NN ] had/VBD taken/VBN like/UH  [ a/DT baseball/NN bat/NN ] to/IN  [ it/PRP ] --/:,"(S (CC and) (NP-SBJ (NN somebody)) (VP (VP (VBD had) (VP (VBN taken) (INTJ (UH like)) (NP (DT a) (NN baseball) (NN bat)) (PP (IN to) (NP (PRP it))))) (CC and) (VP (VP (VBD broke) (NP (NP (PDT all) (PRP$ his) (NNS windows)) (CC and) (NP (PRP$ his) (NNS lights)))) (CC and) (EDITED (RM (-DFL- \[)) (NP-UNF (PRP$ his)) (, ,) (IP (-DFL- \+)) (RS (-DFL- \]))) (VP (VBD dented) (NP (PRP it)) (ADVP-LOC (RB everywhere))))) (, ,) (-DFL- E_S))",302
sw05utt/sw_0549_3111.utt,3/sw3111,3111,208,b,A,120,1,Uh-huh. /,[ Uh-huh/UH ] ./.,(INTJ (UH Uh-huh) (. .) (-DFL- E_S)),275
sw05utt/sw_0549_3111.utt,3/sw3111,3111,209,+,B,121,1,"-- and broke all his windows and his lights and [ his, + ] dented it everywhere,  /","--/: and/CC broke/VBD  [ all/PDT his/PRP$ windows/NNS ] and/CC  [ his/PRP$ lights/NNS ] and/CC  [ his/PRP$ ] ,/, dented/VBD  [ it/PRP ] everywhere/RB ,/,","(S (CC and) (NP-SBJ (NN somebody)) (VP (VP (VBD had) (VP (VBN taken) (INTJ (UH like)) (NP (DT a) (NN baseball) (NN bat)) (PP (IN to) (NP (PRP it))))) (CC and) (VP (VP (VBD broke) (NP (NP (PDT all) (PRP$ his) (NNS windows)) (CC and) (NP (PRP$ his) (NNS lights)))) (CC and) (EDITED (RM (-DFL- \[)) (NP-UNF (PRP$ his)) (, ,) (IP (-DFL- \+)) (RS (-DFL- \]))) (VP (VBD dented) (NP (PRP it)) (ADVP-LOC (RB everywhere))))) (, ,) (-DFL- E_S))",302
sw05utt/sw_0549_3111.utt,3/sw3111,3111,210,sd,B,121,2,{C and } they came and questioned us. /,and/CC  [ they/PRP ] came/VBD and/CC questioned/VBD  [ us/PRP ] ./.,(S (CC and) (NP-SBJ (PRP they)) (VP (VP (VBD came)) (CC and) (VP (VBD questioned) (NP (PRP us)))) (. .) (-DFL- E_S)),306
sw05utt/sw_0549_3111.utt,3/sw3111,3111,211,b,A,122,1,Yeah. /,Yeah/UH ./.,(INTJ (UH Yeah) (. .) (-DFL- E_S)),297
sw05utt/sw_0549_3111.utt,3/sw3111,3111,212,%,B,123,1,"{D You know, } {C and, } -/","[ You/PRP ] know/VBP ,/, and/CC ,/,","(S-UNF (PRN (S (NP-SBJ (PRP You)) (VP (VBP know))) (, ,)) (CC and) (, ,) (-DFL- N_S))",310
sw05utt/sw_0549_3111.utt,3/sw3111,3111,213,sv,A,124,1,"{C But, } that kind of shows how our attitude toward drinking --","But/CC ,/, that/IN  [ kind/RB ] of/RB  [ shows/VBZ ] how/WRB  [ our/PRP$ attitude/NN ] toward/IN drinking/NN --/:","(S (CC But) (, ,) (NP-SBJ (IN that)) (ADVP (RB kind) (RB of)) (VP (VBZ shows) (SBAR (WHADVP-2 (WRB how)) (S (NP-SBJ-1 (NP (PRP$ our) (NN attitude)) (PP (IN toward) (NP (NN drinking) (CC and) (NN driving)))) (VP (VBD was) (, ,) (INTJ (UH uh)) (, ,) (VP (JJ misplaced) (NP (-NONE- *-1)) (PP-TMP (IN for) (NP (NNS years))) (ADVP-MNR (-NONE- *T*-2))))))) (-DFL- E_S))",312
sw05utt/sw_0549_3111.utt,3/sw3111,3111,214,b,B,125,1,Right. /,[ Right/UH ] ./.,(INTJ (UH Right) (. .) (-DFL- E_S)),314
sw05utt/sw_0549_3111.utt,3/sw3111,3111,215,+,A,126,1,"-- and driving was, {F uh, } misplaced --","--/: and/CC driving/NN was/VBD ,/,  [ uh/UH ] ,/, misplaced/JJ --/:","(S (CC But) (, ,) (NP-SBJ (IN that)) (ADVP (RB kind) (RB of)) (VP (VBZ shows) (SBAR (WHADVP-2 (WRB how)) (S (NP-SBJ-1 (NP (PRP$ our) (NN attitude)) (PP (IN toward) (NP (NN drinking) (CC and) (NN driving)))) (VP (VBD was) (, ,) (INTJ (UH uh)) (, ,) (VP (JJ misplaced) (NP (-NONE- *-1)) (PP-TMP (IN for) (NP (NNS years))) (ADVP-MNR (-NONE- *T*-2))))))) (-DFL- E_S))",312
sw05utt/sw_0549_3111.utt,3/sw3111,3111,216,b,B,127,1,Uh-huh. /,[ Uh-huh/UH ] ./.,(INTJ (UH Uh-huh) (. .) (-DFL- E_S)),292
sw05utt/sw_0549_3111.utt,3/sw3111,3111,217,+,A,128,1,-- for years -- /,--/: for/IN  [ years/NNS ] --/:,"(S (CC But) (, ,) (NP-SBJ (IN that)) (ADVP (RB kind) (RB of)) (VP (VBZ shows) (SBAR (WHADVP-2 (WRB how)) (S (NP-SBJ-1 (NP (PRP$ our) (NN attitude)) (PP (IN toward) (NP (NN drinking) (CC and) (NN driving)))) (VP (VBD was) (, ,) (INTJ (UH uh)) (, ,) (VP (JJ misplaced) (NP (-NONE- *-1)) (PP-TMP (IN for) (NP (NNS years))) (ADVP-MNR (-NONE- *T*-2))))))) (-DFL- E_S))",312
sw05utt/sw_0549_3111.utt,3/sw3111,3111,218,aa@,B,129,1,Yep.   *[[slash error]],[ Yep/UH ] ./.,(INTJ (INTJ (UH Yep)) (. .) (INTJ (UH Uh-huh)) (. .) (-DFL- E_S)),320
sw05utt/sw_0549_3111.utt,3/sw3111,3111,219,sd,A,130,1,"-- [ that, + {D you know, }  it  ] was an acceptable social behavior. /","--/:  [ that/DT ] ,/,  [ you/PRP ] know/VBP ,/,  [ it/PRP ] was/VBD  [ an/DT acceptable/JJ social/JJ behavior/NN ] ./.","(S (EDITED (RM (-DFL- \[)) (NP-SBJ (DT that)) (, ,) (IP (-DFL- \+))) (PRN (S (NP-SBJ (PRP you)) (VP (VBP know))) (, ,)) (NP-SBJ (PRP it)) (RS (-DFL- \])) (VP (VBD was) (NP-PRD (DT an) (JJ acceptable) (JJ social) (NN behavior))) (. .) (-DFL- E_S))",322
sw05utt/sw_0549_3111.utt,3/sw3111,3111,220,+,B,131,1,Uh-huh.  /,[ Uh-huh/UH ] ./.,(INTJ (UH Uh-huh) (. .) (-DFL- E_S)),304
sw05utt/sw_0549_3111.utt,3/sw3111,3111,221,aa,B,131,2,"Yeah,  /","[ Yeah/UH ] ,/,","(INTJ (UH Yeah) (, ,) (-DFL- E_S))",324
sw05utt/sw_0549_3111.utt,3/sw3111,3111,222,aa,B,131,3,very much so.  /,very/RB much/RB so/RB ./.,(ADVP (RB very) (RB much) (RB so) (. .) (-DFL- E_S)),325
sw05utt/sw_0549_3111.utt,3/sw3111,3111,223,aa,B,131,4,"Yeah,  /","[ Yeah/UH ] ,/,","(INTJ (UH Yeah) (, ,) (-DFL- E_S))",324
sw05utt/sw_0549_3111.utt,3/sw3111,3111,224,sv,B,131,5,"[ that, +  those ] are some important points.  /","[ that/WDT ] ,/,  [ those/DT ] are/VBP  [ some/DT important/JJ points/NNS ] ./.","(S (EDITED (RM (-DFL- \[)) (WHNP (WDT that)) (, ,) (IP (-DFL- \+))) (NP-SBJ (DT those)) (RS (-DFL- \])) (VP (VBP are) (NP-PRD (DT some) (JJ important) (NNS points))) (. .) (-DFL- E_S))",327
sw05utt/sw_0549_3111.utt,3/sw3111,3111,225,%,B,131,6,"Yeah,  /","[ Yeah/UH ] ,/,","(INTJ (UH Yeah) (, ,) (-DFL- E_S))",324
sw05utt/sw_0549_3111.utt,3/sw3111,3111,226,%,B,131,7,"I, - /","[ I/PRP ] ,/,","(S-UNF (NP-SBJ (PRP I)) (, ,) (-DFL- N_S))",329
sw05utt/sw_0549_3111.utt,3/sw3111,3111,227,%,B,131,8,"[ that's, + those   are, ] -/","[ that/DT ] 's/BES ,/,  [ those/DT ] are/VBP ,/,","(S (EDITED (RM (-DFL- \[)) (S (NP-SBJ (DT that)) (VP-UNF (BES 's))) (, ,) (IP (-DFL- \+))) (NP-SBJ (DT those)) (VP-UNF (VBP are)) (, ,) (RS (-DFL- \])) (-DFL- N_S))",330
sw05utt/sw_0549_3111.utt,3/sw3111,3111,228,qw,A,132,1,"[ What are, +  what does ] your city have for gun control if anything? /","[ What/WP ] are/VBP ,/,  [ what/WP ] does/VBZ  [ your/PRP$ city/NN ] have/VB for/IN  [ gun/NN control/NN ] if/IN  [ anything/NN ] ?/.","(SBARQ (EDITED (RM (-DFL- \[)) (SBARQ (WHNP (WP What)) (SQ-UNF (VBP are))) (, ,) (IP (-DFL- \+))) (WHNP-1 (WP what)) (SQ (VBZ does) (RS (-DFL- \])) (NP-SBJ (PRP$ your) (NN city)) (VP (VB have) (NP (-NONE- *T*-1)) (PP (IN for) (NP (NN gun) (NN control))) (SBAR-ADV (IN if) (FRAG (NP (NN anything)))))) (. ?) (-DFL- E_S))",332
sw05utt/sw_0549_3111.utt,3/sw3111,3111,229,%,B,133,1,"{D Well, } {D see } Maryland is one of the most, - /","Well/UH ,/, see/UH  [ Maryland/NNP ] is/VBZ  [ one/CD ] of/IN  [ the/DT most/JJS ] ,/,","(S (INTJ (UH Well)) (, ,) (INTJ (UH see)) (NP-SBJ (NNP Maryland)) (VP (VBZ is) (NP-PRD (NP (CD one)) (PP (IN of) (NP-UNF (DT the) (JJS most))))) (, ,) (-DFL- N_S))",334
sw05utt/sw_0549_3111.utt,3/sw3111,3111,230,sd,B,133,2,"we just voted in, {F uh, } [ gun control, +  strong gun control ] here in the state of Maryland.  /","[ we/PRP ] just/RB voted/VBD in/RP ,/,  [ uh/UH ] ,/,  [ gun/NN control/NN ] ,/,  [ strong/JJ gun/NN control/NN ] here/RB in/IN  [ the/DT state/NN ] of/IN  [ Maryland/NNP ] ./.","(S (NP-SBJ (PRP we)) (ADVP (RB just)) (VP (VBD voted) (PP (RP in) (, ,) (INTJ (UH uh)) (, ,) (EDITED (RM (-DFL- \[)) (NP (NN gun) (NN control)) (, ,) (IP (-DFL- \+))) (NP (JJ strong) (NN gun) (NN control))) (RS (-DFL- \])) (ADVP-LOC (RB here) (PP (IN in) (NP (NP (DT the) (NN state)) (PP (IN of) (NP (NNP Maryland))))))) (. .) (-DFL- E_S))",335
sw05utt/sw_0549_3111.utt,3/sw3111,3111,231,%,B,133,3,"[ I, + I  ] think, -/","[ I/PRP ] ,/,  [ I/PRP ] think/VBP ,/,","(S (EDITED (RM (-DFL- \[)) (NP-SBJ (PRP I)) (, ,) (IP (-DFL- \+))) (NP-SBJ (PRP I)) (RS (-DFL- \])) (VP-UNF (VBP think)) (, ,) (-DFL- N_S))",336
