swda_filename,ptb_basename,conversation_no,transcript_index,act_tag,caller,utterance_index,subutterance_index,text,pos,trees,ptb_treenumbers
sw05utt/sw_0531_2365.utt,2/sw2365,2365,0,fp,A,1,1,Hi. /,[ Hi/UH ] ./.,(INTJ (UH Hi) (. .) (-DFL- E_S)),1
sw05utt/sw_0531_2365.utt,2/sw2365,2365,1,fp,B,2,1,"<Children> <TV> <noise> <<kitchen>> Hi, {F uh, }  /","[ Hi/UH ] ,/,  [ uh/UH ] ,/,","(INTJ (INTJ (UH Hi)) (, ,) (INTJ (UH uh)) (, ,) (-DFL- E_S))",3
sw05utt/sw_0531_2365.utt,2/sw2365,2365,2,sd,B,2,2,"as a matter of fact this past weekend, since we had a long weekend, I, {F uh, } took on a painting project in my bathroom  /","as/IN  [ a/DT matter/NN ] of/IN  [ fact/NN ] [ this/DT past/JJ weekend/NN ] ,/, since/IN  [ we/PRP ] had/VBD  [ a/DT long/JJ weekend/NN ] ,/,  [ I/PRP ] ,/,  [ uh/UH ] ,/, took/VBD on/RP  [ a/DT painting/NN project/NN ] in/IN  [ my/PRP$ bathroom/NN ]","(S (PP (IN as) (NP (NP (DT a) (NN matter)) (PP (IN of) (NP (NN fact))))) (NP-TMP (DT this) (JJ past) (NN weekend)) (, ,) (SBAR-PRP (IN since) (S (NP-SBJ (PRP we)) (VP (VBD had) (NP (DT a) (JJ long) (NN weekend))))) (, ,) (NP-SBJ (PRP I)) (, ,) (INTJ (UH uh)) (, ,) (VP (VBD took) (PRT (RP on)) (NP (NP (DT a) (NN painting) (NN project)) (PP-LOC (IN in) (NP (PRP$ my) (NN bathroom))))) (-DFL- E_S))",4
sw05utt/sw_0531_2365.utt,2/sw2365,2365,3,sd,B,2,3,"{C and } I had wallpaper up,  /","and/CC  [ I/PRP ] had/VBD  [ wallpaper/NN ] up/RB ,/,","(S (CC and) (NP-SBJ (PRP I)) (VP (VBD had) (NP (NN wallpaper)) (ADVP-LOC (RB up))) (, ,) (-DFL- E_S))",5
sw05utt/sw_0531_2365.utt,2/sw2365,2365,4,sd,B,2,4,I had to completely strip the wallpaper off and then spackle holes and then paint that  /,[ I/PRP ] had/VBD to/TO completely/RB strip/VB  [ the/DT wallpaper/NN ] off/RB and/CC then/RB  [ spackle/VB holes/NNS ] and/CC then/RB paint/VB that/DT,(S (NP-SBJ-1 (PRP I)) (VP (VBD had) (S (NP-SBJ (-NONE- *-1)) (VP (TO to) (ADVP (RB completely)) (VP (VP (VB strip) (NP (DT the) (NN wallpaper)) (ADVP-DIR (RB off))) (CONJP (CC and) (RB then)) (VP (VB spackle) (NP (NNS holes))) (CONJP (CC and) (RB then)) (VP (VB paint) (NP (DT that))))))) (-DFL- E_S)),6
sw05utt/sw_0531_2365.utt,2/sw2365,2365,5,sd,B,2,5,{C and } it took me all weekend  /,and/CC  [ it/PRP ] took/VBD  [ me/PRP ] [ all/DT weekend/NN ],(S (CC and) (NP-SBJ (PRP it)) (VP (VBD took) (NP (PRP me)) (NP (DT all) (NN weekend))) (-DFL- E_S)),7
sw05utt/sw_0531_2365.utt,2/sw2365,2365,6,sd,B,2,6,"{C because, } {F uh, } the wallpaper, getting it off, I had to wet the walls down  /","because/RB ,/,  [ uh/UH ] ,/,  [ the/DT wallpaper/NN ] ,/, getting/VBG  [ it/PRP ] off/RB ,/,  [ I/PRP ] had/VBD to/TO wet/VB  [ the/DT walls/NNS ] down/RP","(SBAR-PRP (RB because) (, ,) (INTJ (UH uh)) (, ,) (S (NP-TPC (DT the) (NN wallpaper)) (, ,) (S-ADV (NP-SBJ (-NONE- *-1)) (VP (VBG getting) (NP (PRP it)) (ADVP-LOC (RB off)))) (, ,) (NP-SBJ-1 (PRP I)) (VP (VBD had) (S (NP-SBJ (-NONE- *-1)) (VP (TO to) (VP (VB wet) (NP (DT the) (NNS walls)) (PRT (RP down))))))) (-DFL- E_S))",8
sw05utt/sw_0531_2365.utt,2/sw2365,2365,7,sd,B,2,7,{C and } that had to dry.  /,and/CC  [ that/DT ] had/VBD to/TO dry/VB ./.,(S (CC and) (NP-SBJ-1 (DT that)) (VP (VBD had) (S (NP-SBJ (-NONE- *-1)) (VP (TO to) (VP (VB dry))))) (. .) (-DFL- E_S)),9
sw05utt/sw_0531_2365.utt,2/sw2365,2365,8,sd,B,2,8,{C And then } the spackling had to dry a day  /,And/CC then/RB  [ the/DT spackling/NN ] had/VBD to/TO dry/VB  [ a/DT day/NN ],(S (CONJP (CC And) (RB then)) (NP-SBJ-1 (DT the) (NN spackling)) (VP (VBD had) (S (NP-SBJ (-NONE- *-1)) (VP (TO to) (VP (VB dry) (NP-TMP (DT a) (NN day)))))) (-DFL- E_S)),10
sw05utt/sw_0531_2365.utt,2/sw2365,2365,9,sd,B,2,9,{C and then } the painting took another day. /,and/CC then/RB  [ the/DT painting/NN ] took/VBD  [ another/DT day/NN ] ./.,(S (CONJP (CC and) (RB then)) (NP-SBJ (DT the) (NN painting)) (VP (VBD took) (NP (DT another) (NN day))) (. .) (-DFL- E_S)),11
sw05utt/sw_0531_2365.utt,2/sw2365,2365,10,qy,A,3,1,"You didn't try [ re-, + rewallpapering?  ]  /","[ You/PRP ] did/VBD n't/RB try/VB  [ re/VBG ] ,/, rewallpapering/VBG ?/.","(S (NP-SBJ-1 (PRP You)) (VP (VBD did) (RB n't) (VP (VB try) (S (NP-SBJ (-NONE- *-1)) (EDITED (RM (-DFL- \[)) (VP-UNF (VBG re-)) (, ,) (IP (-DFL- \+))) (VP (VBG rewallpapering))))) (. ?) (RS (-DFL- \])) (-DFL- E_S))",13
sw05utt/sw_0531_2365.utt,2/sw2365,2365,11,%,A,3,2,"You just, {F uh, } -/","[ You/PRP ] just/RB ,/,  [ uh/UH ] ,/,","(S-UNF (NP-SBJ (PRP You)) (ADVP (RB just)) (, ,) (INTJ (UH uh)) (, ,) (-DFL- N_S))",14
sw05utt/sw_0531_2365.utt,2/sw2365,2365,12,nn,B,4,1,No.  /,[ No/UH ] ./.,(INTJ (UH No) (. .) (-DFL- E_S)),16
sw05utt/sw_0531_2365.utt,2/sw2365,2365,13,sd^e,B,4,2,"[ I, + I ] just painted. /","[ I/PRP ] ,/,  [ I/PRP ] just/RB painted/VBD ./.","(S (EDITED (RM (-DFL- \[)) (NP-SBJ (PRP I)) (, ,) (IP (-DFL- \+))) (NP-SBJ (PRP I)) (RS (-DFL- \])) (ADVP (RB just)) (VP (VBD painted)) (. .) (-DFL- E_S))",17
sw05utt/sw_0531_2365.utt,2/sw2365,2365,14,qy,A,5,1,Did you use a textured paint  /,Did/VBD  [ you/PRP ] use/VB  [ a/DT textured/JJ paint/NN ],(SQ (VBD Did) (NP-SBJ (PRP you)) (VP (VB use) (NP (DT a) (JJ textured) (NN paint))) (-DFL- E_S)),19
sw05utt/sw_0531_2365.utt,2/sw2365,2365,15,%,A,5,2,"{C or, } -/","or/CC ,/,","(S-UNF (CC or) (, ,) (-DFL- N_S))",20
sw05utt/sw_0531_2365.utt,2/sw2365,2365,16,nn,B,6,1,"{F Uh, } no.  /","[ Uh/UH ] ,/, no/UH ./.","(INTJ (INTJ (UH Uh)) (, ,) (INTJ (UH no)) (. .) (-DFL- E_S))",22
sw05utt/sw_0531_2365.utt,2/sw2365,2365,17,sd^e,B,6,2,"Actually, the wall behind the paper was smooth  /","Actually/UH ,/,  [ the/DT wall/NN ] behind/IN  [ the/DT paper/NN ] was/VBD smooth/JJ","(S (INTJ (UH Actually)) (, ,) (NP-SBJ (NP (DT the) (NN wall)) (PP-LOC (IN behind) (NP (DT the) (NN paper)))) (VP (VBD was) (ADJP-PRD (JJ smooth))) (-DFL- E_S))",23
sw05utt/sw_0531_2365.utt,2/sw2365,2365,18,sd,B,6,3,"{C so, } I just used  [ a, + {D like } a  ] semigloss. /","so/RB ,/,  [ I/PRP ] just/RB used/VBD  [ a/DT ] ,/, like/IN  [ a/DT semigloss/NNS ] ./.","(S (RB so) (, ,) (NP-SBJ (PRP I)) (ADVP (RB just)) (VP (VBD used) (EDITED (RM (-DFL- \[)) (NP-UNF (DT a)) (, ,) (IP (-DFL- \+))) (INTJ (UH like)) (NP (DT a) (RS (-DFL- \])) (NNS semigloss))) (. .) (-DFL- E_S))",24
sw05utt/sw_0531_2365.utt,2/sw2365,2365,19,b,A,7,1,{F Um. } /,Um/UH ./.,(INTJ (UH Um) (. .) (-DFL- E_S)),26
sw05utt/sw_0531_2365.utt,2/sw2365,2365,20,%,B,8,1,"{C And, } -/","And/CC ,/,","(S-UNF (CC And) (, ,) (-DFL- N_S))",28
sw05utt/sw_0531_2365.utt,2/sw2365,2365,21,qy,A,9,1,"{D Well, } did you get good results? /","Well/UH ,/, did/VBD  [ you/PRP ] get/VB  [ good/JJ results/NNS ] ?/.","(SQ (INTJ (UH Well)) (, ,) (VBD did) (NP-SBJ (PRP you)) (VP (VB get) (NP (JJ good) (NNS results))) (. ?) (-DFL- E_S))",30
sw05utt/sw_0531_2365.utt,2/sw2365,2365,22,nn,B,10,1,"{D Well, } no,  /","Well/UH ,/, no/UH ,/,","(INTJ (INTJ (UH Well)) (, ,) (INTJ (UH no)) (, ,) (-DFL- E_S))",32
sw05utt/sw_0531_2365.utt,2/sw2365,2365,23,ng,B,10,2,not really.  /,not/RB really/RB ./.,(FRAG (RB not) (ADVP (RB really)) (. .) (-DFL- E_S)),33
sw05utt/sw_0531_2365.utt,2/sw2365,2365,24,sd^e,B,10,3,"I need to, - /","[ I/PRP ] need/VBP to/TO ,/,","(S (NP-SBJ-1 (PRP I)) (VP (VBP need) (S (NP-SBJ (-NONE- *-1)) (VP-UNF (TO to)))) (, ,) (-DFL- N_S))",34
sw05utt/sw_0531_2365.utt,2/sw2365,2365,25,sd,B,10,4,"[ it, + it  ] looks so,","[ it/PRP ] ,/,  [ it/PRP ] looks/VBZ so/RB ,/,","(S (EDITED (RM (-DFL- \[)) (NP-SBJ (PRP it)) (, ,) (IP (-DFL- \+))) (NP-SBJ (PRP it)) (RS (-DFL- \])) (VP (VBZ looks) (ADJP-PRD (RB so) (, ,) (JJ bad))))",35
sw05utt/sw_0531_2365.utt,2/sw2365.pos,2365,26,x,A,11,1,<Noise> <<Sounds like paper shuffling>>.,./.
sw05utt/sw_0531_2365.utt,2/sw2365,2365,27,+,B,12,1,bad you can see where those spackling marks were. /,bad/JJ  [ you/PRP ] can/MD see/VB where/WRB  [ those/DT ] spackling/NN  [ marks/NNS ] were/VBD ./.,"(S (EDITED (RM (-DFL- \[)) (NP-SBJ (PRP it)) (, ,) (IP (-DFL- \+))) (NP-SBJ (PRP it)) (RS (-DFL- \])) (VP (VBZ looks) (ADJP-PRD (RB so) (, ,) (JJ bad))))|||(S (NP-SBJ (PRP you)) (VP (MD can) (VP (VB see) (SBAR-LOC (WHADVP-1 (WRB where)) (S (NP-SBJ (DT those) (NN spackling) (NNS marks)) (VP (VBD were) (ADVP-LOC-PRD (-NONE- *T*-1))))))) (. .) (-DFL- E_S))",35|||36
sw05utt/sw_0531_2365.utt,2/sw2365,2365,28,b,A,13,1,Yeah. /,Yeah/UH ./.,(INTJ (UH Yeah) (. .) (-DFL- E_S)),40
sw05utt/sw_0531_2365.utt,2/sw2365,2365,29,sd,B,14,1,"I need to, {F uh, } either paper back over it or do something <sniffing>. /","[ I/PRP ] need/VBP to/TO ,/,  [ uh/UH ] ,/, either/CC  [ paper/VB ] back/RB over/IN  [ it/PRP ] or/CC do/VB  [ something/NN ] ./.","(S (NP-SBJ-1 (PRP I)) (VP (VBP need) (S (NP-SBJ (-NONE- *-1)) (VP (TO to) (, ,) (INTJ (UH uh)) (, ,) (VP (CC either) (VP (VB paper) (ADVP (RB back)) (PP (IN over) (NP (PRP it)))) (CC or) (VP (VB do) (NP (NN something))))))) (. .) (-DFL- E_S))",42
sw05utt/sw_0531_2365.utt,2/sw2365,2365,30,qy,A,15,1,"{C But } [ it just didn't, + [ it didn't, + it didn't  ]  ] cover it? /","But/CC  [ it/PRP ] just/RB did/VBD n't/RB ,/,  [ it/PRP ] did/VBD n't/RB ,/,  [ it/PRP ] did/VBD n't/RB cover/VB  [ it/PRP ] ?/.","(S (CC But) (EDITED (RM (-DFL- \[)) (S (NP-SBJ (PRP it)) (ADVP (RB just)) (VP-UNF (VBD did) (RB n't))) (, ,) (IP (-DFL- \+))) (EDITED (RM (-DFL- \[)) (S (NP-SBJ (PRP it)) (VP-UNF (VBD did) (RB n't))) (, ,) (IP (-DFL- \+))) (NP-SBJ (PRP it)) (VP (VBD did) (RB n't) (RS (-DFL- \])) (RS (-DFL- \])) (VP (VB cover) (NP (PRP it)))) (. ?) (-DFL- E_S))",44
sw05utt/sw_0531_2365.utt,2/sw2365,2365,31,ny,B,16,1,Yeah.  /,Yeah/UH ./.,(INTJ (UH Yeah) (. .) (-DFL- E_S)),40
sw05utt/sw_0531_2365.utt,2/sw2365,2365,32,sd^e,B,16,2,It covered the spots pretty good  /,[ It/PRP ] covered/VBD  [ the/DT spots/NNS ] pretty/RB good/RB,(S (NP-SBJ (PRP It)) (VP (VBD covered) (NP (DT the) (NNS spots)) (ADVP-MNR (RB pretty) (RB good))) (-DFL- E_S)),47
sw05utt/sw_0531_2365.utt,2/sw2365,2365,33,sd,B,16,3,"{C but }  [ [ it didn't, + {E excuse me, } it didn't,  ] + {F uh, } {F uh, } it just didn't ] look  as smooth as I wanted it to. /","but/CC  [ it/PRP ] did/VBD n't/RB ,/, excuse/VB  [ me/PRP ] ,/,  [ it/PRP ] did/VBD n't/RB ,/,  [ uh/UH ] ,/,  [ uh/UH ] ,/,  [ it/PRP ] just/RB did/VBD n't/RB look/VB as/RB smooth/JJ as/IN  [ I/PRP ] wanted/VBD  [ it/PRP ] to/TO ./.","(S (CC but) (EDITED (RM (-DFL- \[)) (EDITED (RM (-DFL- \[)) (S (NP-SBJ (PRP it)) (VP-UNF (VBD did) (RB n't))) (, ,) (IP (-DFL- \+))) (PRN (S-IMP (NP-SBJ (-NONE- *)) (VP (VB excuse) (NP (PRP me)))) (, ,)) (S (NP-SBJ (PRP it)) (VP-UNF (VBD did) (RB n't))) (, ,) (RS (-DFL- \])) (IP (-DFL- \+))) (INTJ (UH uh)) (, ,) (INTJ (UH uh)) (, ,) (NP-SBJ (PRP it)) (ADVP (RB just)) (VP (VBD did) (RB n't) (RS (-DFL- \])) (VP (VB look) (ADJP-PRD (ADJP (RB as) (JJ smooth)) (SBAR (IN as) (S (NP-SBJ (PRP I)) (VP (VBD wanted) (S (NP-SBJ (PRP it)) (VP (TO to) (VP (-NONE- *?*)))))))))) (. .) (-DFL- E_S))",48
sw05utt/sw_0531_2365.utt,2/sw2365,2365,34,sd,A,17,1,"</Noise> {D Well, } we did a, {F uh, } - /","Well/UH ,/,  [ we/PRP ] did/VBD  [ a/DT ] ,/,  [ uh/UH ] ,/,","(S (INTJ (UH Well)) (, ,) (NP-SBJ (PRP we)) (VP (VBD did) (NP-UNF (DT a)) (, ,) (INTJ (UH uh))) (, ,) (-DFL- N_S))",50
sw05utt/sw_0531_2365.utt,2/sw2365,2365,35,sd,A,17,2,"we moved, {F oh, } last August  /","[ we/PRP ] moved/VBD ,/, oh/UH ,/,  [ last/JJ August/NNP ]","(S (NP-SBJ (PRP we)) (VP (VBD moved) (, ,) (INTJ (UH oh)) (, ,) (NP-TMP (JJ last) (NNP August))) (-DFL- E_S))",51
sw05utt/sw_0531_2365.utt,2/sw2365,2365,36,sd,A,17,3,"{C and } we're getting a house,  /","and/CC  [ we/PRP ] 're/VBP getting/VBG  [ a/DT house/NN ] ,/,","(S (CC and) (NP-SBJ (PRP we)) (VP (VBP 're) (VP (VBG getting) (NP (DT a) (NN house)))) (, ,) (-DFL- E_S))",52
sw05utt/sw_0531_2365.utt,2/sw2365,2365,37,sd,A,17,4,my house had this dark wood paneling at the end of the den  /,[ my/PRP$ house/NN ] had/VBD  [ this/DT dark/JJ wood/NN paneling/NN ] at/IN  [ the/DT end/NN ] of/IN  [ the/DT den/NN ],(S (NP-SBJ (PRP$ my) (NN house)) (VP (VBD had) (NP (DT this) (JJ dark) (NN wood) (NN paneling)) (PP-LOC (IN at) (NP (NP (DT the) (NN end)) (PP (IN of) (NP (DT the) (NN den)))))) (-DFL- E_S)),53
sw05utt/sw_0531_2365.utt,2/sw2365,2365,38,%,A,17,6,"{C and } we decided, - /","and/CC  [ we/PRP ] decided/VBD ,/,","(S (CC and) (NP-SBJ (PRP we)) (VP-UNF (VBD decided)) (, ,) (-DFL- N_S))",54
sw05utt/sw_0531_2365.utt,2/sw2365,2365,39,sd,A,17,7,"we went to,  (( I've forgotten )) , one of the paint stores  /","[ we/PRP ] went/VBD to/TO ,/,  [ I/PRP ] 've/VBP forgotten/VBN ,/,  [ one/CD ] of/IN  [ the/DT paint/NN stores/NNS ]","(S (NP-SBJ (PRP we)) (VP (VBD went) (PP-DIR (TO to) (PRN (, ,) (S (NP-SBJ (PRP I)) (VP (VBP 've) (VP (VBN forgotten)))) (, ,)) (NP (NP (CD one)) (PP (IN of) (NP (DT the) (NN paint) (NNS stores)))))) (-DFL- E_S))",55
sw05utt/sw_0531_2365.utt,2/sw2365,2365,40,sd(^q),A,17,8,"{C and } they just said, {F oh, } you can get by,   /","and/CC  [ they/PRP ] just/RB said/VBD ,/, oh/UH ,/,  [ you/PRP ] can/MD get/VB by/RP ,/,","(S (CC and) (NP-SBJ (PRP they)) (ADVP (RB just)) (VP (VBD said) (, ,) (S-SEZ (INTJ (UH oh)) (, ,) (NP-SBJ (PRP you)) (VP (MD can) (VP (VB get) (ADVP (RP by)))))) (, ,) (-DFL- E_S))",56
sw05utt/sw_0531_2365.utt,2/sw2365,2365,41,sd,A,17,9,"{C and } I forgotten what it was you put down,  and then  you can just paint right over the dark. /","and/CC  [ I/PRP ] forgotten/VBN  [ what/WP ] [ it/PRP ] was/VBD  [ you/PRP ] put/VBD down/RP ,/, and/CC then/RB  [ you/PRP ] can/MD just/RB paint/VB right/RB over/IN  [ the/DT dark/NN ] ./.","(S (CC and) (NP-SBJ (PRP I)) (X (VP (VBN forgotten) (SBAR (WHNP-1 (WP what)) (S-CLF (NP-SBJ (PRP it)) (VP (VBD was) (NP-PRD (-NONE- *T*-1)) (SBAR (WHNP-2 (-NONE- 0)) (S (S (NP-SBJ (PRP you)) (VP (VBD put) (NP (-NONE- *T*-2)) (ADVP-PUT (RP down))) (, ,)) (CONJP (CC and) (RB then)) (S (NP-SBJ (PRP you)) (VP (MD can) (ADVP (RB just)) (VP (VB paint) (PP-LOC (ADVP (RB right)) (IN over) (NP (DT the) (NN dark))))))))))))) (. .) (-DFL- E_S))",57
sw05utt/sw_0531_2365.utt,2/sw2365,2365,42,b,B,18,1,Uh-huh. /,[ Uh-huh/UH ] ./.,(INTJ (UH Uh-huh) (. .) (-DFL- E_S)),59
sw05utt/sw_0531_2365.utt,2/sw2365,2365,43,arp,A,19,1,"{D Well, } more or less.  /","Well/UH ,/,  [ more/RBR ] or/CC  [ less/RBR ] ./.","(FRAG (INTJ (UH Well)) (, ,) (ADVP (RBR more) (CC or) (RBR less)) (. .) (-DFL- E_S))",61
sw05utt/sw_0531_2365.utt,2/sw2365,2365,44,sv,A,19,2,"After about, {F uh, } half dozen coats it looks reasonable  /","After/IN about/RB ,/,  [ uh/UH ] ,/,  [ half/DT dozen/NN coats/NNS ] [ it/PRP ] looks/VBZ  [ reasonable/JJ ]","(S (PP-TMP (IN After) (NP (QP (RB about) (, ,) (TYPO (UH uh)) (, ,) (DT half) (NN dozen)) (NNS coats))) (NP-SBJ (PRP it)) (VP (VBZ looks) (ADJP-PRD (JJ reasonable))) (-DFL- E_S))",62
sw05utt/sw_0531_2365.utt,2/sw2365,2365,45,%,A,19,3,"{C  but } it kept, - /","but/CC  [ it/PRP ] kept/VBD ,/,","(S (CC but) (NP-SBJ (PRP it)) (VP-UNF (VBD kept)) (, ,) (-DFL- N_S))",63
sw05utt/sw_0531_2365.utt,2/sw2365,2365,46,%,A,19,4,"[ the, + the  ] dark - /","[ the/DT ] ,/,  [ the/DT dark/NN ]","(S-UNF (EDITED (RM (-DFL- \[)) (NP-SBJ-UNF (DT the)) (, ,) (IP (-DFL- \+))) (NP-SBJ-UNF (DT the) (RS (-DFL- \])) (NN dark)) (-DFL- N_S))",64
sw05utt/sw_0531_2365.utt,2/sw2365,2365,47,sd,A,19,5,"it was, {F uh, } just a real dark, {F uh, } wood grain type paneling -- /","[ it/PRP ] was/VBD ,/,  [ uh/UH ] ,/, just/RB  [ a/DT real/RB dark/JJ ] ,/,  [ uh/UH ] ,/,  [ wood/NN grain/NN type/NN paneling/NN ] --/:","(S (NP-SBJ (PRP it)) (VP (VBD was) (, ,) (INTJ (UH uh)) (, ,) (ADVP (RB just)) (NP-PRD (DT a) (ADJP (RB real) (JJ dark)) (, ,) (INTJ (UH uh)) (, ,) (NN wood) (NN grain) (NN type) (NN paneling))) (-DFL- E_S))",65
sw05utt/sw_0531_2365.utt,2/sw2365,2365,48,b,B,20,1,Uh-huh. /,[ Uh-huh/UH ] ./.,(INTJ (UH Uh-huh) (. .) (-DFL- E_S)),59
sw05utt/sw_0531_2365.utt,2/sw2365,2365,49,sd,A,21,1,-- {C and } it was smooth  /,--/: and/CC  [ it/PRP ] was/VBD smooth/JJ,(S (CC and) (NP-SBJ (PRP it)) (VP (VBD was) (ADJP-PRD (JJ smooth))) (-DFL- E_S)),69
sw05utt/sw_0531_2365.utt,2/sw2365,2365,50,sd,A,21,2,"[ {C and, } +  {F uh, } {C and } ] [ we would, + we put  ] this stuff on  /","and/CC ,/,  [ uh/UH ] ,/, and/CC  [ we/PRP ] would/MD ,/,  [ we/PRP ] put/VBD  [ this/DT stuff/NN ] on/RP","(S (EDITED (RM (-DFL- \[)) (CC and) (, ,) (IP (-DFL- \+))) (INTJ (UH uh)) (, ,) (CC and) (RS (-DFL- \])) (EDITED (RM (-DFL- \[)) (S (NP-SBJ (PRP we)) (VP-UNF (MD would))) (, ,) (IP (-DFL- \+))) (NP-SBJ (PRP we)) (VP (VBD put) (RS (-DFL- \])) (NP (DT this) (NN stuff)) (ADVP-PUT (RP on))) (-DFL- E_S))",70
sw05utt/sw_0531_2365.utt,2/sw2365,2365,51,sd,A,21,3,"[ {C and, } +  {C and } ] it supposedly textured it or did something to it  /","and/CC ,/, and/CC  [ it/PRP ] supposedly/RB textured/VBD  [ it/PRP ] or/CC did/VBD  [ something/NN ] to/IN  [ it/PRP ]","(S (EDITED (RM (-DFL- \[)) (CC and) (, ,) (IP (-DFL- \+))) (CC and) (RS (-DFL- \])) (NP-SBJ (PRP it)) (ADVP (RB supposedly)) (VP (VP (VBD textured) (NP (PRP it))) (CC or) (VP (VBD did) (NP (NN something)) (PP (IN to) (NP (PRP it))))) (-DFL- E_S))",71
sw05utt/sw_0531_2365.utt,2/sw2365,2365,52,sd,A,21,4,"[ {C and, } +  {C but } ] because of the [ b-, + ] dark behind it, it was really hard to cover  /","and/CC ,/, but/CC because/IN of/IN  [ the/DT b-/XX ] ,/,  [ dark/NN ] behind/IN  [ it/PRP ] ,/,  [ it/PRP ] was/VBD really/RB hard/JJ to/TO cover/VB","(S (EDITED (RM (-DFL- \[)) (CC and) (, ,) (IP (-DFL- \+))) (CC but) (RS (-DFL- \])) (PP-PRP (IN because) (IN of) (NP (NP (DT the) (EDITED (RM (-DFL- \[)) (XX b-) (, ,) (IP (-DFL- \+)) (RS (-DFL- \]))) (NN dark)) (PP-LOC (IN behind) (NP (PRP it))))) (, ,) (NP-SBJ (PRP it)) (VP (VBD was) (ADVP (RB really)) (ADJP-PRD (JJ hard) (SBAR (WHNP-1 (-NONE- 0)) (S (NP-SBJ (-NONE- *)) (VP (TO to) (VP (VB cover) (NP (-NONE- *T*-1)))))))) (-DFL- E_S))",72
sw05utt/sw_0531_2365.utt,2/sw2365,2365,53,%,A,21,5,"{C and } <noise> <<sounds like pages turning>>, -/","and/CC ,/,","(S-UNF (CC and) (, ,) (-DFL- N_S))",73
sw05utt/sw_0531_2365.utt,2/sw2365,2365,54,qy,B,22,1,Was it like a primer? /,Was/VBD  [ it/PRP ] like/IN  [ a/DT primer/NN ] ?/.,(SQ (VBD Was) (NP-SBJ (PRP it)) (PP-PRD (IN like) (NP (DT a) (NN primer))) (. ?) (-DFL- E_S)),75
sw05utt/sw_0531_2365.utt,2/sw2365,2365,55,ny,A,23,1,Yeah.  /,Yeah/UH ./.,(INTJ (UH Yeah) (. .) (-DFL- E_S)),40
sw05utt/sw_0531_2365.utt,2/sw2365,2365,56,sd,A,23,2,"It was something like that, although, [ we sort of, + ]  when we got through I wished we hadn't done it  /","[ It/PRP ] was/VBD  [ something/NN ] like/IN  [ that/DT ] ,/, although/IN ,/,  [ we/PRP ] sort/RB of/RB ,/, when/WRB  [ we/PRP ] got/VBD through/RP  [ I/PRP ] wished/VBD  [ we/PRP ] had/VBD n't/RB done/VBN  [ it/PRP ]","(S (NP-SBJ (PRP It)) (VP (VBD was) (NP-PRD (NP (NN something)) (PP (IN like) (NP (DT that))))) (, ,))|||(S (ADVP (IN although)) (, ,) (EDITED (RM (-DFL- \[)) (NP-SBJ (PRP we)) (ADVP (RB sort) (RB of)) (, ,) (IP (-DFL- \+)) (RS (-DFL- \]))) (SBAR-TMP (WHADVP-1 (WRB when)) (S (NP-SBJ (PRP we)) (VP (VBD got) (ADVP (RP through)) (ADVP-TMP (-NONE- *T*-1))))) (NP-SBJ (PRP I)) (VP (VBD wished) (SBAR (-NONE- 0) (S (NP-SBJ (PRP we)) (VP (VBD had) (RB n't) (VP (VBN done) (NP (PRP it))))))) (-DFL- E_S))",78|||79
sw05utt/sw_0531_2365.utt,2/sw2365,2365,57,sd,A,23,3,"{C because } [ we were, + {D you know, } we were  ] trying to make the house look nice to sell it  /","because/IN  [ we/PRP ] were/VBD ,/,  [ you/PRP ] know/VBP ,/,  [ we/PRP ] were/VBD trying/VBG to/TO make/VB  [ the/DT house/NN look/IN ] nice/JJ to/TO sell/VB  [ it/PRP ]","(SBAR-PRP (IN because) (S (EDITED (RM (-DFL- \[)) (S (NP-SBJ (PRP we)) (VP-UNF (VBD were))) (, ,) (IP (-DFL- \+))) (PRN (S (NP-SBJ (PRP you)) (VP (VBP know))) (, ,)) (NP-SBJ-1 (PRP we)) (VP (VBD were) (RS (-DFL- \])) (VP (VBG trying) (S (NP-SBJ-2 (-NONE- *-1)) (VP (TO to) (VP (VB make) (S (NP-SBJ (DT the) (NN house)) (VP (IN look) (ADJP-PRD (JJ nice)))) (S-PRP (NP-SBJ (-NONE- *-2)) (VP (TO to) (VP (VB sell) (NP (PRP it))))))))))) (-DFL- E_S))",80
sw05utt/sw_0531_2365.utt,2/sw2365,2365,58,sd,A,23,4,"{C and } we were painting it and trying to [ do, + {F uh, } {D you know, } make  ] it, - /","and/CC  [ we/PRP ] were/VBD painting/VBG  [ it/PRP ] and/CC trying/VBG to/TO do/VB ,/,  [ uh/UH ] ,/,  [ you/PRP ] know/VBP ,/, make/VB  [ it/PRP ] ,/,","(S (CC and) (NP-SBJ-1 (PRP we)) (VP (VBD were) (VP (VP (VBG painting) (NP (PRP it))) (CC and) (VP (VBG trying) (S (NP-SBJ (-NONE- *-1)) (VP (TO to) (EDITED (RM (-DFL- \[)) (VP-UNF (VB do)) (, ,) (IP (-DFL- \+))) (INTJ (UH uh)) (PRN (, ,) (S (NP-SBJ (PRP you)) (VP (VBP know))) (, ,)) (VP (VB make) (RS (-DFL- \])) (S-UNF (NP-SBJ (PRP it))))))))) (, ,) (-DFL- N_S))",81
sw05utt/sw_0531_2365.utt,2/sw2365,2365,59,sd,A,23,5,"{C and } [ it, + it ] really was, {D you know, } - /","and/CC  [ it/PRP ] ,/,  [ it/PRP ] really/RB was/VBD ,/,  [ you/PRP ] know/VBP ,/,","(S (CC and) (EDITED (RM (-DFL- \[)) (NP-SBJ (PRP it)) (, ,) (IP (-DFL- \+))) (NP-SBJ (PRP it)) (RS (-DFL- \])) (ADVP (RB really)) (VP-UNF (VBD was) (PRN (, ,) (S (NP-SBJ (PRP you)) (VP (VBP know))))) (, ,) (-DFL- N_S))",82
sw05utt/sw_0531_2365.utt,2/sw2365,2365,60,%,A,23,6,"the advice they give you is, {F uh, } - /","[ the/DT advice/NN ] [ they/PRP ] give/VBP  [ you/PRP ] is/VBZ ,/,  [ uh/UH ] ,/,","(S (NP-SBJ (NP (DT the) (NN advice)) (SBAR (WHNP-1 (-NONE- 0)) (S (NP-SBJ (PRP they)) (VP (VBP give) (NP (PRP you)) (NP (-NONE- *T*-1)))))) (VP-UNF (VBZ is) (, ,) (INTJ (UH uh))) (, ,) (-DFL- N_S))",83
sw05utt/sw_0531_2365.utt,2/sw2365,2365,61,sd,A,23,7,the job was considerably tougher than we thought. /,[ the/DT job/NN ] was/VBD considerably/RB tougher/JJR than/IN  [ we/PRP ] thought/VBD ./.,(S (NP-SBJ (DT the) (NN job)) (VP (VBD was) (ADJP-PRD (ADJP (RB considerably) (JJR tougher)) (SBAR (IN than) (S (NP-SBJ (PRP we)) (VP (VBD thought)))))) (. .) (-DFL- E_S)),84
sw05utt/sw_0531_2365.utt,2/sw2365,2365,62,b,B,24,1,Yeah. /,Yeah/UH ./.,(INTJ (UH Yeah) (. .) (-DFL- E_S)),40
sw05utt/sw_0531_2365.utt,2/sw2365,2365,63,%,A,25,1,"{F Uh, } particularly when you try to, - /","[ Uh/UH ] ,/, particularly/RB when/WRB  [ you/PRP ] try/VBP to/TO ,/,","(FRAG (INTJ (UH Uh)) (, ,) (ADVP (RB particularly)) (SBAR-TMP (WHADVP (WRB when)) (S (NP-SBJ-1 (PRP you)) (VP (VBP try) (S (NP-SBJ (-NONE- *-1)) (VP-UNF (TO to)))))) (, ,) (-DFL- N_S))",88
sw05utt/sw_0531_2365.utt,2/sw2365,2365,64,sd,A,25,2,"I was talking to somebody else [ who, + who  ] had a lot of wood panelling  /","[ I/PRP ] was/VBD talking/VBG to/IN  [ somebody/NN ] else/RB  [ who/WP ] ,/,  [ who/WP ] had/VBD  [ a/DT lot/NN ] of/IN  [ wood/NN panelling/NN ]","(S (NP-SBJ (PRP I)) (VP (VBD was) (VP (VBG talking) (PP (IN to) (NP (NP (NN somebody)) (ADVP (RB else)) (SBAR (EDITED (RM (-DFL- \[)) (WHNP (WP who)) (, ,) (IP (-DFL- \+))) (WHNP-1 (WP who)) (RS (-DFL- \])) (S (NP-SBJ (-NONE- *T*-1)) (VP (VBD had) (NP (NP (DT a) (NN lot)) (PP (IN of) (NP (NN wood) (NN panelling))))))))))) (-DFL- E_S))",89
sw05utt/sw_0531_2365.utt,2/sw2365,2365,65,sd,A,25,3,"{C and, } {F uh, } they had gotten somebody to come in with an estimate  /","and/CC ,/,  [ uh/UH ] ,/,  [ they/PRP ] had/VBD gotten/VBN  [ somebody/NN ] to/TO come/VB in/RB with/IN  [ an/DT estimate/NN ]","(S (CC and) (, ,) (INTJ (UH uh)) (, ,) (NP-SBJ (PRP they)) (VP (VBD had) (VP (VBN gotten) (S (NP-SBJ (NN somebody)) (VP (TO to) (VP (VB come) (ADVP-DIR (RB in)) (PP (IN with) (NP (DT an) (NN estimate)))))))) (-DFL- E_S))",90
sw05utt/sw_0531_2365.utt,2/sw2365,2365,66,sd,A,25,4,"{C and } it seemed like [ there was, + it was ] a good sized den with a lot panelling  /","and/CC  [ it/PRP ] seemed/VBD like/IN  [ there/EX ] was/VBD ,/,  [ it/PRP ] was/VBD  [ a/DT good/RB sized/JJ den/NN ] with/IN  [ a/DT lot/NN panelling/NN ]","(S (CC and) (NP-SBJ (PRP it)) (VP (VBD seemed) (SBAR (IN like) (S (EDITED (RM (-DFL- \[)) (S (NP-SBJ (EX there)) (VP-UNF (VBD was))) (, ,) (IP (-DFL- \+))) (NP-SBJ (PRP it)) (VP (VBD was) (RS (-DFL- \])) (NP-PRD (NP (DT a) (ADJP (RB good) (JJ sized)) (NN den)) (PP (IN with) (NP (DT a) (NN lot) (NN panelling)))))))) (-DFL- E_S))",91
sw05utt/sw_0531_2365.utt,2/sw2365,2365,67,sd,A,25,5,{C and } the people quoted thirty thousand dollars to paint it or  something. /,and/CC  [ the/DT people/NNS ] quoted/VBD  [ thirty/CD thousand/CD dollars/NNS ] to/TO paint/VB  [ it/PRP ] or/CC  [ something/NN ] ./.,(S (CC and) (NP-SBJ-2 (DT the) (NNS people)) (VP (VBD quoted) (NP (NP (QP (CD thirty) (CD thousand)) (NNS dollars)) (NAC (-NONE- *ICH*-1))) (S-PRP (NP-SBJ (-NONE- *-2)) (VP (TO to) (VP (VB paint) (NP (PRP it))))) (NAC-1 (CC or) (NP (NN something)))) (. .) (-DFL- E_S)),92
sw05utt/sw_0531_2365.utt,2/sw2365,2365,68,ba,B,26,1,"{F Oh, } my goodness,  /","Oh/UH ,/,  [ my/PRP$ goodness/NN ] ,/,","(INTJ (INTJ (UH Oh)) (, ,) (INTJ (PRP$ my) (NN goodness)) (, ,) (-DFL- E_S))",94
sw05utt/sw_0531_2365.utt,2/sw2365,2365,69,ba,B,26,2,that's an awful lot. /,[ that/DT ] 's/BES  [ an/DT awful/JJ lot/NN ] ./.,(S (NP-SBJ (DT that)) (VP (BES 's) (NP-PRD (DT an) (JJ awful) (NN lot))) (. .) (-DFL- E_S)),95
sw05utt/sw_0531_2365.utt,2/sw2365,2365,70,qy,A,27,1,"[ Have you, + have you  ] tried getting outside estimates to see what it costs to have something painted? /","Have/VBP  [ you/PRP ] ,/, have/VBP  [ you/PRP ] tried/VBN getting/VBG  [ outside/JJ estimates/NNS ] to/TO see/VB  [ what/WP ] [ it/PRP ] costs/VBZ to/TO have/VB  [ something/NN ] painted/VBN ?/.","(SQ (EDITED (RM (-DFL- \[)) (SQ-UNF (VBP Have) (NP-SBJ (PRP you))) (, ,) (IP (-DFL- \+))) (VBP have) (NP-SBJ-1 (PRP you)) (RS (-DFL- \])) (VP (VBN tried) (S (NP-SBJ-2 (-NONE- *-1)) (VP (VBG getting) (NP (JJ outside) (NNS estimates)) (S-PRP (NP-SBJ (-NONE- *-2)) (VP (TO to) (VP (VB see) (SBAR (WHNP-3 (WP what)) (S (NP-SBJ (NP (PRP it)) (S (-NONE- *EXP*-4))) (VP (VBZ costs) (NP (-NONE- *T*-3)) (S-4 (NP-SBJ (-NONE- *)) (VP (TO to) (VP (VB have) (S (NP-SBJ-5 (NN something)) (VP (VBN painted) (NP (-NONE- *-5)))))))))))))))) (. ?) (-DFL- E_S))",97
sw05utt/sw_0531_2365.utt,2/sw2365,2365,71,ng,B,28,1,Not inside.  /,Not/RB inside/IN ./.,(FRAG (RB Not) (ADVP-LOC (IN inside)) (. .) (-DFL- E_S)),99
sw05utt/sw_0531_2365.utt,2/sw2365,2365,72,sd^e,B,28,2,"{D Now, } {F uh, } when we bought the house that we live in right now we had a company that came out and painted it.   /","Now/RB ,/,  [ uh/UH ] ,/, when/WRB  [ we/PRP ] bought/VBD  [ the/DT house/NN ] that/IN  [ we/PRP ] live/VBP in/IN right/RB now/RB  [ we/PRP ] had/VBD  [ a/DT company/NN ] [ that/WDT ] came/VBD out/IN and/CC painted/VBD  [ it/PRP ] ./.","(S (INTJ (RB Now)) (, ,) (INTJ (UH uh)) (, ,) (SBAR-TMP (WHADVP-3 (WRB when)) (S (NP-SBJ (PRP we)) (VP (VBD bought) (NP (NP (DT the) (NN house)) (SBAR (WHNP-1 (IN that)) (S (NP-SBJ (PRP we)) (VP (VBP live) (PP-LOC (IN in) (NP (-NONE- *T*-1))) (ADVP-TMP (RB right) (RB now)))))) (ADVP-TMP (-NONE- *T*-3))))) (NP-SBJ (PRP we)) (VP (VBD had) (NP (NP (DT a) (NN company)) (SBAR (WHNP-2 (WDT that)) (S (NP-SBJ (-NONE- *T*-2)) (VP (VP (VBD came) (ADVP-DIR (IN out))) (CC and) (VP (VBD painted) (NP (PRP it)))))))) (. .) (-DFL- E_S))",100
sw05utt/sw_0531_2365.utt,2/sw2365,2365,73,sd,B,28,3,"That was one of the requirements from, {D you know, } F H A --","[ That/DT ] was/VBD  [ one/CD ] of/IN  [ the/DT requirements/NNS ] from/IN ,/,  [ you/PRP ] know/VBP ,/,  [ F/NNP H/NNP ] [ A/NNP ] --/:","(S (NP-SBJ (DT That)) (VP (VBD was) (NP-PRD (NP (CD one)) (PP (IN of) (NP (NP (DT the) (NNS requirements)) (PP (IN from) (PRN (, ,) (S (NP-SBJ (PRP you)) (VP (VBP know))) (, ,)) (NP (NNP F) (NNP H) (NNP A)))))) (SBAR-TPC (IN that) (S (NP-SBJ-1 (DT the) (NN house)) (VP (VB be) (VP (VBN painted) (NP (-NONE- *-1)) (SBAR-TMP (IN before) (S (NP-SBJ (PRP we)) (VP (VBD bought) (NP (PRP it)))))))))) (-DFL- E_S))",101
sw05utt/sw_0531_2365.utt,2/sw2365,2365,74,b,A,29,1,Yeah. /,Yeah/UH ./.,(INTJ (UH Yeah) (. .) (-DFL- E_S)),77
sw05utt/sw_0531_2365.utt,2/sw2365,2365,75,+,B,30,1,-- that the house be painted before we bought it  /,--/: that/IN  [ the/DT house/NN ] be/VB painted/VBN before/IN  [ we/PRP ] bought/VBD  [ it/PRP ],"(S (NP-SBJ (DT That)) (VP (VBD was) (NP-PRD (NP (CD one)) (PP (IN of) (NP (NP (DT the) (NNS requirements)) (PP (IN from) (PRN (, ,) (S (NP-SBJ (PRP you)) (VP (VBP know))) (, ,)) (NP (NNP F) (NNP H) (NNP A)))))) (SBAR-TPC (IN that) (S (NP-SBJ-1 (DT the) (NN house)) (VP (VB be) (VP (VBN painted) (NP (-NONE- *-1)) (SBAR-TMP (IN before) (S (NP-SBJ (PRP we)) (VP (VBD bought) (NP (PRP it)))))))))) (-DFL- E_S))",101
sw05utt/sw_0531_2365.utt,2/sw2365,2365,76,sd,B,30,2,{C and } it was fairly reasonable.   /,and/CC  [ it/PRP ] was/VBD fairly/RB reasonable/JJ ./.,(S (CC and) (NP-SBJ (PRP it)) (VP (VBD was) (ADJP-PRD (RB fairly) (JJ reasonable))) (. .) (-DFL- E_S)),105
sw05utt/sw_0531_2365.utt,2/sw2365,2365,77,sd,B,30,3,We have a brick house  /,[ We/PRP ] have/VBP  [ a/DT brick/NN house/NN ],(S (NP-SBJ (PRP We)) (VP (VBP have) (NP (DT a) (NN brick) (NN house))) (-DFL- E_S)),106
sw05utt/sw_0531_2365.utt,2/sw2365,2365,78,sd,B,30,4,{C but } all the trim --,but/CC  [ all/PDT the/DT trim/NN ] --/:,"(S (CC but) (NP-SBJ (NP (PDT all) (DT the) (NN trim)) (PP-LOC (IN around) (NP (DT the) (NN house)))) (VP-UNF (VBD was) (, ,) (INTJ (UH uh))) (, ,) (-DFL- N_S))",107
sw05utt/sw_0531_2365.utt,2/sw2365,2365,79,b,A,31,1,Yeah. /,Yeah/UH ./.,(INTJ (UH Yeah) (. .) (-DFL- E_S)),77
sw05utt/sw_0531_2365.utt,2/sw2365,2365,80,+,B,32,1,"-- around the house was, {F uh, } - /","--/: around/IN  [ the/DT house/NN ] was/VBD ,/,  [ uh/UH ] ,/,","(S (CC but) (NP-SBJ (NP (PDT all) (DT the) (NN trim)) (PP-LOC (IN around) (NP (DT the) (NN house)))) (VP-UNF (VBD was) (, ,) (INTJ (UH uh))) (, ,) (-DFL- N_S))",107
sw05utt/sw_0531_2365.utt,2/sw2365,2365,81,sd,B,32,2,"if I remember right, <noise>  it was   like five hundred dollars.  /","if/IN  [ I/PRP ] remember/VBP right/RB ,/,  [ it/PRP ] was/VBD like/IN  [ five/CD hundred/CD dollars/NNS ] ./.","(S (SBAR-ADV (IN if) (S (NP-SBJ (PRP I)) (VP (VBP remember) (ADVP (RB right))))) (, ,) (NP-SBJ (PRP it)) (VP (VBD was) (NP-PRD (QP (IN like) (CD five) (CD hundred)) (NNS dollars))) (. .) (-DFL- E_S))",111
sw05utt/sw_0531_2365.utt,2/sw2365,2365,82,ba,A,33,1,"{F Oh, } that's quite reasonable. /","Oh/UH ,/,  [ that/DT ] 's/BES quite/RB reasonable/JJ ./.","(S (INTJ (UH Oh)) (, ,) (NP-SBJ (DT that)) (VP (BES 's) (ADJP-PRD (RB quite) (JJ reasonable))) (. .) (-DFL- E_S))",113
sw05utt/sw_0531_2365.utt,2/sw2365,2365,83,aa,B,34,1,Yeah.  /,[ Yeah/UH ] ./.,(INTJ (UH Yeah) (. .) (-DFL- E_S)),77
sw05utt/sw_0531_2365.utt,2/sw2365,2365,84,aa^r,B,34,2,Yeah. /,[ Yeah/UH ] ./.,(INTJ (UH Yeah) (. .) (-DFL- E_S)),77
sw05utt/sw_0531_2365.utt,2/sw2365,2365,85,x,A,35,1,((   )) .,[ MUMBLEx/XX ] ./.,(X (XX MUMBLEx) (. .)),118
sw05utt/sw_0531_2365.utt,2/sw2365,2365,86,sd,B,36,1,{C so } that wasn't too bad. /,so/RB  [ that/DT was/VBD n't/RB ] too/RB bad/JJ ./.,(S (RB so) (NP-SBJ (DT that)) (VP (VBD was) (RB n't) (ADJP-PRD (RB too) (JJ bad))) (. .) (-DFL- E_S)),120
sw05utt/sw_0531_2365.utt,2/sw2365,2365,87,%,A,37,1,"{F Um, } problem i-, - /","Um/UH ,/,  [ problem/NN i/VBZ ] ,/,","(S (INTJ (UH Um)) (, ,) (NP-SBJ (NN problem)) (VP-UNF (VBZ i-)) (, ,) (-DFL- N_S))",122
sw05utt/sw_0531_2365.utt,2/sw2365,2365,88,qy,A,37,2,"[ have you, + have you  ] tried matching paint lately? /","have/VBP  [ you/PRP ] ,/, have/VBP  [ you/PRP ] tried/VBN  [ matching/VBG paint/NN ] lately/RB ?/.","(SQ (EDITED (RM (-DFL- \[)) (SQ-UNF (VBP have) (NP-SBJ (PRP you))) (, ,) (IP (-DFL- \+))) (VBP have) (NP-SBJ-1 (PRP you)) (RS (-DFL- \])) (VP (VBN tried) (S (NP-SBJ (-NONE- *-1)) (VP (VBG matching) (NP (NN paint)) (ADVP-TMP (RB lately))))) (. ?) (-DFL- E_S))",123
sw05utt/sw_0531_2365.utt,2/sw2365,2365,89,nn,B,38,1,"No,  /","No/UH ,/,","(INTJ (UH No) (, ,) (-DFL- E_S))",125
sw05utt/sw_0531_2365.utt,2/sw2365,2365,90,sd^e,B,38,2,I haven't. /,[ I/PRP ] have/VBP n't/RB ./.,(S (NP-SBJ (PRP I)) (VP (VBP have) (RB n't) (VP (-NONE- *?*))) (. .) (-DFL- E_S)),126
sw05utt/sw_0531_2365.utt,2/sw2365,2365,91,%,A,39,1,"My wife, - /","[ My/PRP$ wife/NN ] ,/,","(S-UNF (NP-SBJ (PRP$ My) (NN wife)) (, ,) (-DFL- N_S))",128
sw05utt/sw_0531_2365.utt,2/sw2365,2365,92,sd,A,39,2,"[ we, + we  ] built a shed over the  (( long way )) ,  /","[ we/PRP ] ,/,  [ we/PRP ] built/VBD  [ a/DT shed/NN ] over/IN  [ the/DT long/JJ way/NN ] ,/,","(S (EDITED (RM (-DFL- \[)) (NP-SBJ (PRP we)) (, ,) (IP (-DFL- \+))) (NP-SBJ (PRP we)) (RS (-DFL- \])) (VP (VBD built) (NP (DT a) (NN shed)) (PP-LOC (IN over) (NP (DT the) (JJ long) (NN way)))) (, ,) (-DFL- E_S))",129
sw05utt/sw_0531_2365.utt,2/sw2365,2365,93,sd,A,39,3,"actually, it took, - /","actually/RB ,/,  [ it/PRP ] took/VBD ,/,","(S (ADVP (RB actually)) (, ,) (NP-SBJ (PRP it)) (VP-UNF (VBD took)) (, ,) (-DFL- N_S))",130
sw05utt/sw_0531_2365.utt,2/sw2365,2365,94,sd^t,A,39,4,this is not on the topic  /,[ this/DT ] is/VBZ not/RB on/IN  [ the/DT topic/NN ],(S (NP-SBJ (DT this)) (VP (VBZ is) (RB not) (PP-PRD (IN on) (NP (DT the) (NN topic)))) (-DFL- E_S)),131
sw05utt/sw_0531_2365.utt,2/sw2365,2365,95,sd,A,39,5,{C but } I did finish it.  /,but/CC  [ I/PRP ] did/VBD finish/VB  [ it/PRP ] ./.,(S (CC but) (NP-SBJ (PRP I)) (VP (VBD did) (VP (VB finish) (NP (PRP it)))) (. .) (-DFL- E_S)),132
sw05utt/sw_0531_2365.utt,2/sw2365,2365,96,sd,A,39,6,"{C But } my wife went to the, {F uh, } Home Depot, I think it was, [ and, + and ] took [ a, + {F uh, } a ] copy, took a piece of brick -- /","But/CC  [ my/PRP$ wife/NN ] went/VBD to/IN  [ the/DT ] ,/,  [ uh/UH ] ,/,  [ Home/NNP Depot/NNP ] ,/,  [ I/PRP ] think/VBP  [ it/PRP ] was/VBD ,/, and/CC ,/, and/CC took/VBD  [ a/DT ] ,/,  [ uh/UH ] ,/,  [ a/DT copy/NN ] ,/, took/VBD  [ a/DT piece/NN ] of/IN  [ brick/NN ] --/:","(S (CC But) (NP-SBJ (PRP$ my) (NN wife)) (VP (VP (VBD went) (PP-DIR (IN to) (NP (DT the) (, ,) (INTJ (UH uh)) (, ,) (NNP Home) (NNP Depot)))) (PRN (, ,) (S (NP-SBJ (PRP I)) (VP (VBP think) (SBAR (-NONE- 0) (S (NP-SBJ (PRP it)) (VP (VBD was) (NP-PRD (-NONE- *?*))))))) (, ,)) (EDITED (RM (-DFL- \[)) (CC and) (, ,) (IP (-DFL- \+))) (CC and) (RS (-DFL- \])) (EDITED (VP (VBD took) (EDITED (RM (-DFL- \[)) (NP-UNF (DT a)) (, ,) (IP (-DFL- \+))) (INTJ (UH uh)) (, ,) (NP (DT a) (RS (-DFL- \])) (NN copy))) (, ,)) (VP (VBD took) (NP (NP (DT a) (NN piece)) (PP (IN of) (NP (NN brick)))))) (-DFL- E_S))",133
sw05utt/sw_0531_2365.utt,2/sw2365,2365,97,b,B,40,1,Uh-huh. /,[ Uh-huh/UH ] ./.,(INTJ (UH Uh-huh) (. .) (-DFL- E_S)),135
sw05utt/sw_0531_2365.utt,2/sw2365,2365,98,sd,A,41,1,-- {C and } she wanted to paint the shed  /,--/: and/CC  [ she/PRP ] wanted/VBD to/TO paint/VB  [ the/DT shed/NN ],(S (CC and) (NP-SBJ-1 (PRP she)) (VP (VBD wanted) (S (NP-SBJ (-NONE- *-1)) (VP (TO to) (VP (VB paint) (NP (DT the) (NN shed)))))) (-DFL- E_S)),137
sw05utt/sw_0531_2365.utt,2/sw2365,2365,99,sd,A,41,2,"[ it's, + it's ] a wooden shed, {F uh, }  /","[ it/PRP ] 's/BES ,/,  [ it/PRP ] 's/BES  [ a/DT wooden/JJ shed/NN ] ,/,  [ uh/UH ] ,/,","(S (EDITED (RM (-DFL- \[)) (S (NP-SBJ (PRP it)) (VP-UNF (BES 's))) (, ,) (IP (-DFL- \+))) (NP-SBJ (PRP it)) (VP (BES 's) (RS (-DFL- \])) (NP-PRD (DT a) (JJ wooden) (NN shed)) (, ,) (INTJ (UH uh))) (, ,) (-DFL- E_S))",138
sw05utt/sw_0531_2365.utt,2/sw2365,2365,100,sd,A,41,3,{C and } she took it  /,and/CC  [ she/PRP ] took/VBD  [ it/PRP ],(S (CC and) (NP-SBJ (PRP she)) (VP (VBD took) (NP (PRP it))) (-DFL- E_S)),139
sw05utt/sw_0531_2365.utt,2/sw2365,2365,101,sd,A,41,4,{C and } they've got this machine that matches the color of paint. /,and/CC  [ they/PRP ] 've/VBP got/VBN  [ this/DT machine/NN ] [ that/WDT ] matches/VBZ  [ the/DT color/NN ] of/IN  [ paint/NN ] ./.,(S (CC and) (NP-SBJ (PRP they)) (VP (VBP 've) (VP (VBN got) (NP (NP (DT this) (NN machine)) (SBAR (WHNP-1 (WDT that)) (S (NP-SBJ (-NONE- *T*-1)) (VP (VBZ matches) (NP (NP (DT the) (NN color)) (PP (IN of) (NP (NN paint)))))))))) (. .) (-DFL- E_S)),140
sw05utt/sw_0531_2365.utt,2/sw2365,2365,102,b,B,42,1,Uh-huh. /,[ Uh-huh/UH ] ./.,(INTJ (UH Uh-huh) (. .) (-DFL- E_S)),135
sw05utt/sw_0531_2365.utt,2/sw2365,2365,103,sd,A,43,1,"{C And, } {F uh, } they got, - /","And/CC ,/,  [ uh/UH ] ,/,  [ they/PRP ] got/VBD ,/,","(S (CC And) (, ,) (INTJ (UH uh)) (, ,) (NP-SBJ (PRP they)) (VP-UNF (VBD got)) (, ,) (-DFL- N_S))",144
sw05utt/sw_0531_2365.utt,2/sw2365,2365,104,sd,A,43,2,"[ {C and, } +  {F uh, } {C and, } ] in fact she put some right ba-, - /","and/CC ,/,  [ uh/UH ] ,/, and/CC ,/, in/IN  [ fact/NN ] [ she/PRP ] put/VBD  [ some/DT right/JJ ba-/XX ] ,/,","(S (EDITED (RM (-DFL- \[)) (CC and) (, ,) (IP (-DFL- \+))) (INTJ (UH uh)) (, ,) (CC and) (, ,) (RS (-DFL- \])) (PP (IN in) (NP (NN fact))) (NP-SBJ (PRP she)) (VP (VBD put) (NP (DT some)) (ADVP-PUT-UNF (JJ right) (XX ba-))) (, ,) (-DFL- N_S))",145
sw05utt/sw_0531_2365.utt,2/sw2365,2365,105,sd,A,43,3,"she got, - /","[ she/PRP ] got/VBD ,/,","(S (NP-SBJ (PRP she)) (VP-UNF (VBD got)) (, ,) (-DFL- N_S))",146
sw05utt/sw_0531_2365.utt,2/sw2365,2365,106,sd,A,43,4,"they mixed, {F uh, } a gallon of it  /","[ they/PRP ] mixed/VBD ,/,  [ uh/UH ] ,/,  [ a/DT gallon/NN ] of/IN  [ it/PRP ]","(S (NP-SBJ (PRP they)) (VP (VBD mixed) (, ,) (INTJ (UH uh)) (, ,) (NP (NP (DT a) (NN gallon)) (PP (IN of) (NP (PRP it))))) (-DFL- E_S))",147
sw05utt/sw_0531_2365.utt,2/sw2365,2365,107,sd,A,43,5,"{C and, } {F uh, } it's just remarkable how close it will match the paint, {F uh, }  /","and/CC ,/,  [ uh/UH ] ,/,  [ it/PRP ] 's/BES just/RB remarkable/JJ how/WRB  [ close/RB ] [ it/PRP ] will/MD match/VB  [ the/DT paint/NN ] ,/,  [ uh/UH ] ,/,","(S (CC and) (, ,) (INTJ (UH uh)) (, ,) (NP-SBJ (NP (PRP it)) (SBAR (-NONE- *EXP*-1))) (VP (BES 's) (ADJP-PRD (RB just) (JJ remarkable)) (SBAR-1 (WHADVP-2 (WRB how) (RB close)) (S (NP-SBJ (PRP it)) (VP (MD will) (VP (VB match) (NP (DT the) (NN paint)) (ADVP (-NONE- *T*-2)))))) (, ,) (INTJ (UH uh))) (, ,) (-DFL- E_S))",148
sw05utt/sw_0531_2365.utt,2/sw2365,2365,108,sd,A,43,6,"{C and } it does it, {F uh, } {F oh, } electronically [ some, + something,  ]","and/CC  [ it/PRP ] does/VBZ  [ it/PRP ] ,/,  [ uh/UH ] ,/, oh/UH ,/, electronically/RB some/RB ,/,  [ something/NN ] ,/,","(S (CC and) (NP-SBJ (PRP it)) (VP (VBZ does) (NP (PRP it)) (, ,) (INTJ (UH uh)) (, ,) (INTJ (UH oh)) (, ,) (ADVP (RB electronically)) (X (EDITED (RM (-DFL- \[)) (NP-UNF (RB some)) (, ,) (IP (-DFL- \+))) (NP (NN something)) (, ,) (RS (-DFL- \])) (NP (NN magic)))) (. .) (-DFL- E_S))",149
sw05utt/sw_0531_2365.utt,2/sw2365,2365,109,b,B,44,1,"# Oh,  /","Oh/UH ,/,","(INTJ (UH Oh) (, ,) (-DFL- E_S))",151
sw05utt/sw_0531_2365.utt,2/sw2365,2365,110,qy^d,B,44,2,"{C so, } #","so/UH ,/,","(S (RB so) (, ,) (NP-SBJ (PRP they)) (VP (VBD did) (VP (VB do) (NP (DT a) (JJ good) (NN job)))) (. ?) (-DFL- E_S))",152
sw05utt/sw_0531_2365.utt,2/sw2365,2365,111,+,A,45,1,# magic. # /,[ magic/NN ] ./.,"(S (CC and) (NP-SBJ (PRP it)) (VP (VBZ does) (NP (PRP it)) (, ,) (INTJ (UH uh)) (, ,) (INTJ (UH oh)) (, ,) (ADVP (RB electronically)) (X (EDITED (RM (-DFL- \[)) (NP-UNF (RB some)) (, ,) (IP (-DFL- \+))) (NP (NN something)) (, ,) (RS (-DFL- \])) (NP (NN magic)))) (. .) (-DFL- E_S))",149
sw05utt/sw_0531_2365.utt,2/sw2365,2365,112,+,B,46,1,they did do a good job? /,[ they/PRP ] did/VBD do/VB  [ a/DT good/JJ job/NN ] ?/.,"(S (RB so) (, ,) (NP-SBJ (PRP they)) (VP (VBD did) (VP (VB do) (NP (DT a) (JJ good) (NN job)))) (. ?) (-DFL- E_S))",152
sw05utt/sw_0531_2365.utt,2/sw2365,2365,113,ny,A,47,1,"Yeah,  /","Yeah/UH ,/,","(INTJ (UH Yeah) (, ,) (-DFL- E_S))",156
sw05utt/sw_0531_2365.utt,2/sw2365,2365,114,sd^e,A,47,2,"{D you know, } they, - /","[ you/PRP ] know/VBP ,/,  [ they/PRP ] ,/,","(S-UNF (PRN (S (NP-SBJ (PRP you)) (VP (VBP know))) (, ,)) (NP-SBJ (PRP they)) (, ,) (-DFL- N_S))",157
sw05utt/sw_0531_2365.utt,2/sw2365,2365,115,sd,A,47,3,{C but } it's electronic. /,but/CC  [ it/PRP ] 's/BES electronic/JJ ./.,(S (CC but) (NP-SBJ (PRP it)) (VP (BES 's) (ADJP-PRD (JJ electronic))) (. .) (-DFL- E_S)),158
sw05utt/sw_0531_2365.utt,2/sw2365,2365,116,b,B,48,1,Yeah. /,Yeah/UH ./.,(INTJ (UH Yeah) (. .) (-DFL- E_S)),160
sw05utt/sw_0531_2365.utt,2/sw2365,2365,117,sd,A,49,1,"{F Uh, } you put your sample under this thing  /","[ Uh/UH ] ,/,  [ you/PRP ] put/VBP  [ your/PRP$ sample/NN ] under/IN  [ this/DT thing/NN ]","(S (INTJ (UH Uh)) (, ,) (NP-SBJ (PRP you)) (VP (VBP put) (NP (PRP$ your) (NN sample)) (PP-PUT (IN under) (NP (DT this) (NN thing)))) (-DFL- E_S))",162
sw05utt/sw_0531_2365.utt,2/sw2365,2365,118,sd,A,49,2,"{C and } it looks at it [ in-, + ]  [ and, + {F uh, } and  ] determines the, - /","and/CC  [ it/PRP ] looks/VBZ at/IN  [ it/PRP ] [ in-/XX ] ,/, and/CC ,/,  [ uh/UH ] ,/, and/CC determines/VBZ  [ the/DT ] ,/,","(S (CC and) (NP-SBJ (PRP it)) (VP (VP (VBZ looks) (PP (IN at) (NP (PRP it)))) (EDITED (RM (-DFL- \[)) (X (XX in-)) (, ,) (IP (-DFL- \+)) (RS (-DFL- \]))) (EDITED (RM (-DFL- \[)) (CC and) (, ,) (IP (-DFL- \+))) (INTJ (UH uh)) (, ,) (CC and) (RS (-DFL- \])) (VP (VBZ determines) (NP-UNF (DT the)))) (, ,) (-DFL- N_S))",163
sw05utt/sw_0531_2365.utt,2/sw2365,2365,119,sd,A,49,3,"{C and } [ it, + it's ] really remarkable.   /","and/CC  [ it/PRP ] ,/,  [ it/PRP ] 's/BES really/RB remarkable/JJ ./.","(S (CC and) (EDITED (RM (-DFL- \[)) (NP-SBJ (PRP it)) (, ,) (IP (-DFL- \+))) (NP-SBJ (PRP it)) (VP (BES 's) (RS (-DFL- \])) (ADJP-PRD (RB really) (JJ remarkable))) (. .) (-DFL- E_S))",164
sw05utt/sw_0531_2365.utt,2/sw2365,2365,120,sd,A,49,4,"{F Uh, }  the problem they had  - /","[ Uh/UH ] ,/,  [ the/DT problem/NN ] [ they/PRP ] had/VBD","(S-UNF (INTJ (UH Uh)) (, ,) (NP-SBJ (NP (DT the) (NN problem)) (SBAR (WHNP-1 (-NONE- 0)) (S (NP-SBJ (PRP they)) (VP (VBD had) (NP (-NONE- *T*-1)))))) (-DFL- N_S))",165
sw05utt/sw_0531_2365.utt,2/sw2365,2365,121,sd,A,49,5,"{C and then } they wanted some gray [ to do the, + to do the  ] trim. /","and/CC then/RB  [ they/PRP ] wanted/VBD  [ some/DT gray/JJ ] to/TO do/VB  [ the/DT ] ,/, to/TO do/VB  [ the/DT trim/NN ] ./.","(S (CONJP (CC and) (RB then)) (NP-SBJ-1 (PRP they)) (VP (VBD wanted) (NP (DT some) (JJ gray)) (S-PRP (EDITED (RM (-DFL- \[)) (S-PRP (NP-SBJ (-NONE- *)) (VP (TO to) (VP (VB do) (NP-UNF (DT the))))) (, ,) (IP (-DFL- \+))) (NP-SBJ (-NONE- *-1)) (VP (TO to) (VP (VB do) (NP (DT the) (RS (-DFL- \])) (NN trim)))))) (. .) (-DFL- E_S))",166
sw05utt/sw_0531_2365.utt,2/sw2365,2365,122,b,B,50,1,Uh-huh. /,[ Uh-huh/UH ] ./.,(INTJ (UH Uh-huh) (. .) (-DFL- E_S)),135
sw05utt/sw_0531_2365.utt,2/sw2365,2365,123,sd,A,51,1,"[ {C And, } +  {F uh, } {C but } ] [ they didn't, + didn't  ] occur to them [ that, + {F um, } that ] they could have taken a sample --","And/CC ,/,  [ uh/UH ] ,/, but/CC  [ they/PRP ] did/VBD n't/RB ,/, did/VBD n't/RB occur/VB to/IN  [ them/PRP ] that/IN ,/, um/UH ,/, that/IN  [ they/PRP ] could/MD have/VB taken/VBN  [ a/DT sample/NN ] --/:","(S (EDITED (RM (-DFL- \[)) (CC And) (, ,) (IP (-DFL- \+))) (INTJ (UH uh)) (, ,) (CC but) (RS (-DFL- \])) (EDITED (RM (-DFL- \[)) (S (NP-SBJ (PRP they)) (VP-UNF (VBD did) (RB n't))) (, ,) (IP (-DFL- \+))) (NP-SBJ (NP (-NONE- *)) (SBAR (-NONE- *EXP*-1))) (VP (VBD did) (RB n't) (RS (-DFL- \])) (VP (VB occur) (PP (IN to) (NP (PRP them))) (SBAR-1 (EDITED (RM (-DFL- \[)) (SBAR-UNF (IN that)) (, ,) (IP (-DFL- \+))) (INTJ (UH um)) (, ,) (IN that) (RS (-DFL- \])) (S (NP-SBJ (PRP they)) (VP (MD could) (VP (VB have) (VP (VBN taken) (NP (DT a) (NN sample)) (INTJ (UH um)) (, ,) (PP-UNF (IN from))))))))) (, ,) (-DFL- N_S))",170
sw05utt/sw_0531_2365.utt,2/sw2365,2365,124,b,B,52,1,Uh-huh. /,[ Uh-huh/UH ] ./.,(INTJ (UH Uh-huh) (. .) (-DFL- E_S)),135
sw05utt/sw_0531_2365.utt,2/sw2365,2365,125,+,A,53,1,"-- {F um, } from, - /","--/: um/UH ,/, from/IN ,/,","(S (EDITED (RM (-DFL- \[)) (CC And) (, ,) (IP (-DFL- \+))) (INTJ (UH uh)) (, ,) (CC but) (RS (-DFL- \])) (EDITED (RM (-DFL- \[)) (S (NP-SBJ (PRP they)) (VP-UNF (VBD did) (RB n't))) (, ,) (IP (-DFL- \+))) (NP-SBJ (NP (-NONE- *)) (SBAR (-NONE- *EXP*-1))) (VP (VBD did) (RB n't) (RS (-DFL- \])) (VP (VB occur) (PP (IN to) (NP (PRP them))) (SBAR-1 (EDITED (RM (-DFL- \[)) (SBAR-UNF (IN that)) (, ,) (IP (-DFL- \+))) (INTJ (UH um)) (, ,) (IN that) (RS (-DFL- \])) (S (NP-SBJ (PRP they)) (VP (MD could) (VP (VB have) (VP (VBN taken) (NP (DT a) (NN sample)) (INTJ (UH um)) (, ,) (PP-UNF (IN from))))))))) (, ,) (-DFL- N_S))",170
sw05utt/sw_0531_2365.utt,2/sw2365,2365,126,sd*,A,53,2,"I forgotten,  /  *[[listen]]","[ I/PRP ] forgotten/VBN ,/,","(S-UNF (NP-SBJ (PRP I)) (X (VP (VBN forgotten))) (, ,) (-DFL- E_S))",174
sw05utt/sw_0531_2365.utt,2/sw2365,2365,127,sd,A,53,3,this is Sherwin Williams Paint or something  /,[ this/DT ] is/VBZ  [ Sherwin/NNP Williams/NNP Paint/NN ] or/CC  [ something/NN ],(S (NP-SBJ (DT this)) (VP (VBZ is) (NP-PRD (NP (NNP Sherwin) (NNP Williams) (NN Paint)) (CC or) (NP (NN something)))) (-DFL- E_S)),175
sw05utt/sw_0531_2365.utt,2/sw2365,2365,128,sd,A,53,4,"{C but } anyway.  [ It's, + it's ] remarkable.  /","but/CC anyway/RB ./.  [ It/PRP ] 's/BES ,/,  [ it/PRP ] 's/BES remarkable/JJ ./.","(S (CC but) (INTJ (RB anyway)) (. .) (EDITED (RM (-DFL- \[)) (S (NP-SBJ (PRP It)) (VP-UNF (BES 's))) (, ,) (IP (-DFL- \+))) (NP-SBJ (PRP it)) (VP (BES 's) (RS (-DFL- \])) (ADJP-PRD (JJ remarkable))) (. .) (-DFL- E_S))",176
sw05utt/sw_0531_2365.utt,2/sw2365,2365,129,sd,A,53,5,"That's one of the problems though when you start painting to try to get the, {D you know, } - /","[ That/DT ] 's/BES  [ one/CD ] of/IN  [ the/DT problems/NNS ] though/IN when/WRB  [ you/PRP ] start/VBP painting/VBG to/TO try/VB to/TO get/VB  [ the/DT ] ,/,  [ you/PRP ] know/VBP ,/,","(S (NP-SBJ (DT That)) (VP (BES 's) (NP-PRD (NP (CD one)) (PP (IN of) (NP (DT the) (NNS problems)))) (ADVP (IN though)) (SBAR-TMP (WHADVP-2 (WRB when)) (S (NP-SBJ-3 (PRP you)) (VP (VBP start) (S (NP-SBJ (-NONE- *-3)) (VP (VBG painting))) (ADVP-TMP (-NONE- *T*-2))))) (S-TPC (NP-SBJ-1 (-NONE- *)) (VP (TO to) (VP (VB try) (S (NP-SBJ (-NONE- *-1)) (VP (TO to) (VP (VB get) (NP-UNF (DT the)))))))) (PRN (, ,) (S (NP-SBJ (PRP you)) (VP (VBP know))))) (, ,) (-DFL- N_S))",177
sw05utt/sw_0531_2365.utt,2/sw2365,2365,130,sd,A,53,6,"[ you want this, + you want this  ] to look like this  /","[ you/PRP ] want/VBP  [ this/DT ] ,/,  [ you/PRP ] want/VBP  [ this/DT ] to/TO look/VB like/IN  [ this/DT ]","(S (EDITED (RM (-DFL- \[)) (S (NP-SBJ (PRP you)) (VP (VBP want) (NP (DT this)))) (, ,) (IP (-DFL- \+))) (NP-SBJ (PRP you)) (VP (VBP want) (S (NP-SBJ (DT this)) (RS (-DFL- \])) (VP (TO to) (VP (VB look) (PP (IN like) (NP (DT this))))))) (-DFL- E_S))",178
sw05utt/sw_0531_2365.utt,2/sw2365,2365,131,sd,A,53,7,{C and } you want that to look like that  /,and/CC  [ you/PRP ] want/VBP that/DT to/TO look/VB like/IN  [ that/DT ],(S (CC and) (NP-SBJ (PRP you)) (VP (VBP want) (S (NP-SBJ (DT that)) (VP (TO to) (VP (VB look) (PP (IN like) (NP (DT that))))))) (-DFL- E_S)),179
sw05utt/sw_0531_2365.utt,2/sw2365,2365,132,sv,A,53,8,"{C and, }","and/CC ,/,","(S (EDITED (RM (-DFL- \[)) (CC and) (, ,) (IP (-DFL- \+))) (INTJ (UH uh)) (, ,) (CC and) (, ,) (RS (-DFL- \])) (PP (IN in) (NP (NN fact))) (NP-SBJ (PRP she)) (VP (VBD put) (NP (DT some)) (ADVP-PUT-UNF (JJ right) (XX ba-))) (, ,) (-DFL- N_S))",145
sw05utt/sw_0531_2365.utt,2/sw2365,2365,133,b,B,54,1,Uh-huh. /,[ Uh-huh/UH ] ./.,(INTJ (UH Uh-huh) (. .) (-DFL- E_S)),142
sw05utt/sw_0531_2365.utt,2/sw2365,2365,134,+,A,55,1,"of course, if it's all white you're all right  /","of/IN  [ course/NN ] ,/, if/IN  [ it/PRP ] 's/BES all/RB white/JJ  [ you/PRP ] 're/VBP all/RB right/JJ","(S (CC and) (, ,) (PP (IN of) (NP (NN course))) (, ,) (SBAR-ADV (IN if) (S (NP-SBJ (PRP it)) (VP (BES 's) (RB all) (ADJP-PRD (JJ white))))) (NP-SBJ (PRP you)) (VP (VBP 're) (ADJP-PRD (RB all) (JJ right))) (-DFL- E_S))",180
sw05utt/sw_0531_2365.utt,2/sw2365,2365,135,sv,A,55,2,"{C but } when you start getting into   colors, - /","but/CC when/WRB  [ you/PRP ] start/VBP getting/VBG into/IN  [ colors/NNS ] ,/,","(S-UNF (CC but) (SBAR-TMP (WHADVP-2 (WRB when)) (S (NP-SBJ-1 (PRP you)) (VP (VBP start) (S (NP-SBJ (-NONE- *-1)) (VP (VBG getting) (PP (IN into) (NP (NNS colors))))) (ADVP-TMP (-NONE- *T*-2))))) (, ,) (-DFL- N_S))",184
sw05utt/sw_0531_2365.utt,2/sw2365,2365,136,qy,A,55,3,have you had problems getting colors to match? /,have/VBP  [ you/PRP ] had/VBD  [ problems/NNS ] getting/VBG  [ colors/NNS ] to/TO match/VB ?/.,(SQ (VBP have) (NP-SBJ-1 (PRP you)) (VP (VBD had) (NP (NNS problems)) (S-ADV (NP-SBJ (-NONE- *-1)) (VP (VBG getting) (S (NP-SBJ (NNS colors)) (VP (TO to) (VP (VB match))))))) (. ?) (-DFL- E_S)),185
sw05utt/sw_0531_2365.utt,2/sw2365,2365,137,ny,B,56,1,Yeah.  /,[ Yeah/UH ] ./.,(INTJ (UH Yeah) (. .) (-DFL- E_S)),160
sw05utt/sw_0531_2365.utt,2/sw2365,2365,138,ny^r,B,56,2,Yeah.  /,[ Yeah/UH ] ./.,(INTJ (UH Yeah) (. .) (-DFL- E_S)),160
sw05utt/sw_0531_2365.utt,2/sw2365,2365,139,sd,B,56,3,"As a matter of fact, {F uh, }  what we've got ours painted now is kind of a light creamy color and [ a, + {F uh, } a  ] blue  /","As/IN  [ a/DT matter/NN ] of/IN  [ fact/NN ] ,/,  [ uh/UH ] ,/,  [ what/WP ] [ we/PRP ] 've/VBP got/VBD  [ ours/JJ ] painted/VBN now/RB is/VBZ  [ kind/RB ] of/RB  [ a/DT light/JJ creamy/JJ color/NN ] and/CC  [ a/DT ] ,/,  [ uh/UH ] ,/,  [ a/DT blue/NN ]","(S (PP (IN As) (NP (NP (DT a) (NN matter)) (PP (IN of) (NP (NN fact))))) (, ,) (INTJ (UH uh)) (, ,) (SBAR-NOM-SBJ (WHNP-2 (WP what)) (S (NP-SBJ (PRP we)) (VP (VBP 've) (VP (VBD got) (S (NP-SBJ-1 (JJ ours)) (VP (VBN painted) (NP-3 (-NONE- *-1)) (S (NP-SBJ (-NONE- *-3)) (NP-PRD (-NONE- *T*-2))) (ADVP-TMP (RB now)))))))) (VP (VBZ is) (ADVP (RB kind) (RB of)) (NP-PRD (NP (DT a) (JJ light) (JJ creamy) (NN color)) (CC and) (EDITED (RM (-DFL- \[)) (NP-UNF (DT a)) (, ,) (IP (-DFL- \+))) (INTJ (UH uh)) (, ,) (NP (DT a) (RS (-DFL- \])) (NN blue)))) (-DFL- E_S))",189
sw05utt/sw_0531_2365.utt,2/sw2365,2365,140,sd,B,56,4,"{C and } the blue, even [ so many years, +  two years later or so ] it doesn't match,","and/CC  [ the/DT blue/NN ] ,/, even/RB so/RB  [ many/JJ years/NNS ] ,/,  [ two/CD years/NNS ] later/RB or/CC so/RB  [ it/PRP ] does/VBZ n't/RB match/VB ,/,","(S (CC and) (NP-TPC (DT the) (NN blue)) (, ,) (ADVP (RB even)) (EDITED (RM (-DFL- \[)) (ADVP-TMP-UNF (NP (ADJP (RB so) (JJ many)) (NNS years))) (, ,) (IP (-DFL- \+))) (ADVP-TMP (NP (CD two) (NNS years) (QP (-NONE- *ICH*-1))) (RB later) (QP-1 (CC or) (RB so))) (RS (-DFL- \])) (NP-SBJ (PRP it)) (VP (VBZ does) (RB n't) (VP (VB match) (PRN (, ,) (S (NP-SBJ (PRP you)) (VP (VBP know)))))) (, ,) (-DFL- E_S))",190
sw05utt/sw_0531_2365.utt,2/sw2365,2365,141,b,A,57,1,{F Um. } /,Um/UH ./.,(INTJ (UH Um) (. .) (-DFL- E_S)),192
sw05utt/sw_0531_2365.utt,2/sw2365,2365,142,+,B,58,1,"{D you know, } /","[ you/PRP ] know/VBP ,/,","(S-UNF (PRN (S (NP-SBJ (PRP you)) (VP (VBP know))) (, ,)) (NP-SBJ (PRP they)) (, ,) (-DFL- N_S))",157
sw05utt/sw_0531_2365.utt,2/sw2365,2365,143,%,A,59,1,"{D So, } /","So/UH ,/,","(INTJ (UH So) (, ,) (-DFL- E_S))",195
sw05utt/sw_0531_2365.utt,2/sw2365,2365,144,sd,B,60,1,"it's the very same type of paint and everything,  /","[ it/PRP ] 's/BES  [ the/DT very/RB same/JJ type/NN ] of/IN  [ paint/NN ] and/CC  [ everything/NN ] ,/,","(S (NP-SBJ (PRP it)) (VP (VP (BES 's) (NP-PRD (NP (DT the) (ADJP (RB very) (JJ same)) (NN type)) (PP (IN of) (NP (NN paint))))) (CC and) (NP-ETC (NN everything))) (, ,) (-DFL- E_S))",197
sw05utt/sw_0531_2365.utt,2/sw2365,2365,145,ba,A,61,1,Gosh. /,Gosh/UH ./.,(INTJ (UH Gosh) (. .) (-DFL- E_S)),199
sw05utt/sw_0531_2365.utt,2/sw2365,2365,146,%,B,62,1,"{D So, } /","So/UH ,/,","(INTJ (UH So) (, ,) (-DFL- E_S))",195
sw05utt/sw_0531_2365.utt,2/sw2365,2365,147,%,A,63,1,"{C So } you, - /","So/UH  [ you/PRP ] ,/,","(S-UNF (RB So) (NP-SBJ (PRP you)) (, ,) (-DFL- N_S))",203
sw05utt/sw_0531_2365.utt,2/sw2365,2365,148,qw,A,63,2,"{C so } what's your, - /","so/UH  [ what/WP ] 's/BES your/PRP$ ,/,","(SBARQ (RB so) (WHNP (WP what)) (SQ (BES 's) (NP-SBJ-UNF (PRP$ your))) (, ,) (-DFL- N_S))",204
sw05utt/sw_0531_2365.utt,2/sw2365,2365,149,qw,A,63,3,what's the solution then? /,[ what/WP ] 's/BES  [ the/DT solution/NN ] then/RB ?/.,(SBARQ (WHNP-1 (WP what)) (SQ (BES 's) (NP-SBJ (DT the) (NN solution)) (NP-PRD (-NONE- *T*-1)) (ADVP (RB then))) (. ?) (-DFL- E_S)),205
sw05utt/sw_0531_2365.utt,2/sw2365,2365,150,no,B,64,1,"{F Oh, } I have no idea.  /","Oh/UH ,/,  [ I/PRP ] have/VBP  [ no/DT idea/NN ] ./.","(S (INTJ (UH Oh)) (, ,) (NP-SBJ (PRP I)) (VP (VBP have) (NP (DT no) (NN idea))) (. .) (-DFL- E_S))",207
sw05utt/sw_0531_2365.utt,2/sw2365,2365,151,sd^e,B,64,2,I repainted the whole thing. /,[ I/PRP ] repainted/VBD  [ the/DT whole/JJ thing/NN ] ./.,(S (NP-SBJ (PRP I)) (VP (VBD repainted) (NP (DT the) (JJ whole) (NN thing))) (. .) (-DFL- E_S)),208
sw05utt/sw_0531_2365.utt,2/sw2365,2365,152,ba,A,65,1,"{F Oh, } my <laughter>. /","Oh/UH ,/,  [ my/UH ] ./.","(INTJ (INTJ (UH Oh)) (, ,) (INTJ (UH my)) (. .) (-DFL- E_S))",210
sw05utt/sw_0531_2365.utt,2/sw2365.pos,2365,153,x,B,66,1,<Laughter>.,./.
sw05utt/sw_0531_2365.utt,2/sw2365,2365,154,qy^g,A,67,1,"{D Well, } at least you'll get very good at it, right? /","Well/UH ,/, at/IN  [ least/JJS you/PRP ] 'll/MD get/VB very/RB good/JJ at/IN  [ it/PRP ] ,/, right/JJ ?/.","(S (INTJ (UH Well)) (, ,) (ADVP (IN at) (JJS least)) (NP-SBJ (PRP you)) (VP (MD 'll) (VP (VB get) (ADJP-PRD (RB very) (JJ good) (PP (IN at) (NP (PRP it)))) (, ,) (INTJ (JJ right)))) (. ?) (-DFL- E_S))",213
sw05utt/sw_0531_2365.utt,2/sw2365,2365,155,ny,B,68,1,Yeah. /,Yeah/UH ./.,(INTJ (UH Yeah) (. .) (-DFL- E_S)),187
sw05utt/sw_0531_2365.utt,2/sw2365,2365,156,sv,A,69,1,"You could go back [ and, + and  ] paint,","[ You/PRP ] could/MD go/VB back/RB and/CC ,/, and/CC paint/VB ,/,","(S (NP-SBJ (PRP You)) (VP (MD could) (VP (VP (VB go) (ADVP (RB back))) (EDITED (RM (-DFL- \[)) (CC and) (, ,) (IP (-DFL- \+))) (CC and) (RS (-DFL- \])) (VP (VB paint) (, ,) (NP (DT the) (JJ whole) (NN thing)) (ADVP (RP over))))) (-DFL- E_S))",217
sw05utt/sw_0531_2365.utt,2/sw2365,2365,157,aa,B,70,1,Yeah. /,Yeah/UH ./.,(INTJ (UH Yeah) (. .) (-DFL- E_S)),215
sw05utt/sw_0531_2365.utt,2/sw2365,2365,158,+,A,71,1,the whole thing over  /,[ the/DT whole/JJ thing/NN ] over/RP,"(S (NP-SBJ (PRP You)) (VP (MD could) (VP (VP (VB go) (ADVP (RB back))) (EDITED (RM (-DFL- \[)) (CC and) (, ,) (IP (-DFL- \+))) (CC and) (RS (-DFL- \])) (VP (VB paint) (, ,) (NP (DT the) (JJ whole) (NN thing)) (ADVP (RP over))))) (-DFL- E_S))",217
sw05utt/sw_0531_2365.utt,2/sw2365,2365,159,sv^t,A,71,2,"[ that's, + {F uh, } this is  ] an interesting topic that they would bring up painting  /","[ that/DT ] 's/BES ,/,  [ uh/UH ] ,/,  [ this/DT ] is/VBZ  [ an/DT interesting/JJ topic/NN ] that/IN  [ they/PRP ] would/MD bring/VB up/RP painting/NN","(S (EDITED (RM (-DFL- \[)) (S (NP-SBJ (DT that)) (VP-UNF (BES 's))) (, ,) (IP (-DFL- \+))) (INTJ (UH uh)) (, ,) (NP-SBJ (DT this)) (VP (VBZ is) (RS (-DFL- \])) (NP-PRD (DT an) (JJ interesting) (NN topic)) (SBAR-TPC (IN that) (S (NP-SBJ (PRP they)) (VP (MD would) (VP (VB bring) (PRT (RP up)) (NP (NN painting))))))) (-DFL- E_S))",221
sw05utt/sw_0531_2365.utt,2/sw2365,2365,160,sv^t,A,71,3,"{C because } [ it, + {F uh, } it  ] seems like everybody  has [ a, + ]  {D you know, }  to go in and do, - /","because/RB  [ it/PRP ] ,/,  [ uh/UH ] ,/,  [ it/PRP ] seems/VBZ like/IN  [ everybody/NN ] has/VBZ  [ a/DT ] ,/,  [ you/PRP ] know/VBP ,/, to/TO go/VB in/RP and/CC do/VB ,/,","(SBAR-PRP (RB because) (S (EDITED (RM (-DFL- \[)) (NP-SBJ (PRP it)) (, ,) (IP (-DFL- \+))) (INTJ (UH uh)) (, ,) (NP-SBJ (PRP it)) (RS (-DFL- \])) (VP (VBZ seems) (SBAR (IN like) (S (NP-SBJ-1 (NN everybody)) (VP (VBZ has) (EDITED (RM (-DFL- \[)) (NP-UNF (DT a)) (, ,) (IP (-DFL- \+)) (RS (-DFL- \]))) (PRN (S (NP-SBJ (PRP you)) (VP (VBP know))) (, ,)) (S (NP-SBJ (-NONE- *-1)) (VP (TO to) (VP (VP (VB go) (ADVP-DIR (RP in))) (CC and) (VP-UNF (VB do)))))))))) (, ,) (-DFL- N_S))",222
sw05utt/sw_0531_2365.utt,2/sw2365,2365,161,sd,A,71,4,I'll just do a little bit here and (( a little there )) . /,[ I/PRP ] 'll/MD just/RB do/VB  [ a/DT little/JJ bit/NN ] here/RB and/CC  [ a/DT ] little/RB there/RB ./.,(S (NP-SBJ (PRP I)) (VP (MD 'll) (ADVP (RB just)) (VP (VP (VB do) (NP-1 (DT a) (JJ little) (NN bit)) (ADVP-LOC-2 (RB here))) (CC and) (VP (NP=1 (DT a) (RB little)) (ADVP-LOC=2 (RB there))))) (. .) (-DFL- E_S)),223
sw05utt/sw_0531_2365.utt,2/sw2365,2365,162,b,B,72,1,Yeah. /,Yeah/UH ./.,(INTJ (UH Yeah) (. .) (-DFL- E_S)),215
sw05utt/sw_0531_2365.utt,2/sw2365,2365,163,%,A,73,1,"Although, the, {F uh, } - /","Although/IN ,/,  [ the/DT ] ,/,  [ uh/UH ] ,/,","(S-UNF (ADVP (IN Although)) (, ,) (NP-SBJ-UNF (DT the)) (, ,) (INTJ (UH uh)) (, ,) (-DFL- N_S))",227
sw05utt/sw_0531_2365.utt,2/sw2365,2365,164,%,A,73,2,"[ it's + {F uh, } it,  ] - /","[ it/PRP ] [ 's/BES uh/UH ] ,/,  [ it/PRP ] ,/,","(S-UNF (EDITED (RM (-DFL- \[)) (S (NP-SBJ (PRP it)) (VP-UNF (BES 's))) (IP (-DFL- \+))) (INTJ (UH uh)) (, ,) (NP-SBJ (PRP it)) (, ,) (RS (-DFL- \])) (-DFL- N_S))",228
sw05utt/sw_0531_2365.utt,2/sw2365,2365,165,%,A,73,3,"we almost one day, - /","[ we/PRP ] almost/RB  [ one/CD day/NN ] ,/,","(S-UNF (NP-SBJ (PRP we)) (ADVP (RB almost)) (NP-TMP (CD one) (NN day)) (, ,) (-DFL- N_S))",229
sw05utt/sw_0531_2365.utt,2/sw2365,2365,166,sd,A,73,4,"we painted the house to,   {F uh, } - /","[ we/PRP ] painted/VBD  [ the/DT house/NN ] to/TO ,/,  [ uh/UH ] ,/,","(S (NP-SBJ (PRP we)) (VP (VBD painted) (NP (DT the) (NN house)) (ADVP (TYPO (TO to))) (, ,) (INTJ (UH uh))) (, ,) (-DFL- N_S))",230
sw05utt/sw_0531_2365.utt,2/sw2365,2365,167,sd,A,73,5,"[ we painted, + we painted  ] the whole inside  /","[ we/PRP ] painted/VBD ,/,  [ we/PRP ] painted/VBD  [ the/DT whole/JJ inside/NN ]","(S (EDITED (RM (-DFL- \[)) (S (NP-SBJ (PRP we)) (VP-UNF (VBD painted))) (, ,) (IP (-DFL- \+))) (NP-SBJ (PRP we)) (VP (VBD painted) (RS (-DFL- \])) (NP (DT the) (JJ whole) (NN inside))) (-DFL- E_S))",231
sw05utt/sw_0531_2365.utt,2/sw2365,2365,168,sd,A,73,6,{C and } it had all this dark trim.  /,and/CC  [ it/PRP ] had/VBD  [ all/PDT this/DT dark/JJ trim/NN ] ./.,(S (CC and) (NP-SBJ (PRP it)) (VP (VBD had) (NP (PDT all) (DT this) (JJ dark) (NN trim))) (. .) (-DFL- E_S)),232
sw05utt/sw_0531_2365.utt,2/sw2365,2365,169,sd,A,73,7,"We thought, {F uh, } {D you know, } - /","[ We/PRP ] thought/VBD ,/,  [ uh/UH ] ,/,  [ you/PRP ] know/VBP ,/,","(S (NP-SBJ (PRP We)) (VP-UNF (VBD thought) (, ,) (INTJ (UH uh)) (PRN (, ,) (S (NP-SBJ (PRP you)) (VP (VBP know))))) (, ,) (-DFL- N_S))",233
sw05utt/sw_0531_2365.utt,2/sw2365,2365,170,sd,A,73,8,"we did the one wall but the other trim, - /","[ we/PRP ] did/VBD  [ the/DT one/CD wall/NN ] but/CC  [ the/DT other/JJ ] trim/NN ,/,","(S (NP-SBJ (PRP we)) (VP (VBD did) (NP (DT the) (CD one) (NN wall))))|||(S (CC but) (NP-TPC (DT the) (JJ other) (NN trim)) (, ,) (-DFL- N_S) (PRN (S (NP-SBJ-1 (PRP I)) (VP (VBP 'm) (VBG trying) (S (NP-SBJ (-NONE- *-1)) (VP (TO to) (VP (VB think)))))) (, ,)) (-DFL- E_S) (EDITED (RM (-DFL- \[)) (S (NP-SBJ (PRP I)) (VP-UNF (VBP think))) (, ,) (IP (-DFL- \+))) (NP-SBJ (PRP I)) (VP (VBP think) (RS (-DFL- \])) (SBAR (-NONE- 0) (S (NP-SBJ (PRP we)) (VP (VBD left) (NP (NP (JJS most)) (PP (IN of) (NP (PRP it)))) (SBAR-PRP (IN because) (S (NP-SBJ-2 (PRP it)) (VP (VBZ gets) (S (NP-SBJ (-NONE- *-2)) (VP (TO to) (VP-UNF (VB be)))))))))) (, ,) (INTJ (UH uh))) (, ,) (-DFL- N_S))",234|||235
sw05utt/sw_0531_2365.utt,2/sw2365,2365,171,^h,A,73,9,"I'm trying to think,  /","[ I/PRP ] 'm/VBP trying/VBG to/TO think/VB ,/,","(S (CC but) (NP-TPC (DT the) (JJ other) (NN trim)) (, ,) (-DFL- N_S) (PRN (S (NP-SBJ-1 (PRP I)) (VP (VBP 'm) (VBG trying) (S (NP-SBJ (-NONE- *-1)) (VP (TO to) (VP (VB think)))))) (, ,)) (-DFL- E_S) (EDITED (RM (-DFL- \[)) (S (NP-SBJ (PRP I)) (VP-UNF (VBP think))) (, ,) (IP (-DFL- \+))) (NP-SBJ (PRP I)) (VP (VBP think) (RS (-DFL- \])) (SBAR (-NONE- 0) (S (NP-SBJ (PRP we)) (VP (VBD left) (NP (NP (JJS most)) (PP (IN of) (NP (PRP it)))) (SBAR-PRP (IN because) (S (NP-SBJ-2 (PRP it)) (VP (VBZ gets) (S (NP-SBJ (-NONE- *-2)) (VP (TO to) (VP-UNF (VB be)))))))))) (, ,) (INTJ (UH uh))) (, ,) (-DFL- N_S))",235
sw05utt/sw_0531_2365.utt,2/sw2365,2365,172,sd,A,73,10,"[ I think, + I think  ] we left most of it  because  it gets to be, {F uh, } - /","[ I/PRP ] think/VBP ,/,  [ I/PRP ] think/VBP  [ we/PRP ] left/VBD most/JJS of/IN  [ it/PRP ] because/IN  [ it/PRP ] gets/VBZ to/TO be/VB ,/,  [ uh/UH ] ,/,","(S (CC but) (NP-TPC (DT the) (JJ other) (NN trim)) (, ,) (-DFL- N_S) (PRN (S (NP-SBJ-1 (PRP I)) (VP (VBP 'm) (VBG trying) (S (NP-SBJ (-NONE- *-1)) (VP (TO to) (VP (VB think)))))) (, ,)) (-DFL- E_S) (EDITED (RM (-DFL- \[)) (S (NP-SBJ (PRP I)) (VP-UNF (VBP think))) (, ,) (IP (-DFL- \+))) (NP-SBJ (PRP I)) (VP (VBP think) (RS (-DFL- \])) (SBAR (-NONE- 0) (S (NP-SBJ (PRP we)) (VP (VBD left) (NP (NP (JJS most)) (PP (IN of) (NP (PRP it)))) (SBAR-PRP (IN because) (S (NP-SBJ-2 (PRP it)) (VP (VBZ gets) (S (NP-SBJ (-NONE- *-2)) (VP (TO to) (VP-UNF (VB be)))))))))) (, ,) (INTJ (UH uh))) (, ,) (-DFL- N_S))",235
sw05utt/sw_0531_2365.utt,2/sw2365,2365,173,sd,A,73,11,they don't do that in the newer houses now  /,[ they/PRP ] do/VBP n't/RB do/VB  [ that/DT ] in/IN  [ the/DT newer/JJR houses/NNS ] now/RB,(S (NP-SBJ (PRP they)) (VP (VBP do) (RB n't) (VP (VB do) (NP (DT that)) (PP-LOC (IN in) (NP (DT the) (JJR newer) (NNS houses))) (ADVP-TMP (RB now)))) (-DFL- E_S)),236
sw05utt/sw_0531_2365.utt,2/sw2365,2365,174,%,A,73,12,"we don't, -/","[ we/PRP ] do/VBP n't/RB ,/,","(S (NP-SBJ (PRP we)) (VP-UNF (VBP do) (RB n't)) (, ,) (-DFL- N_S))",237
sw05utt/sw_0531_2365.utt,2/sw2365,2365,175,b,B,74,1,Yeah. /,Yeah/UH ./.,(INTJ (UH Yeah) (. .) (-DFL- E_S)),215
sw05utt/sw_0531_2365.utt,2/sw2365,2365,176,sd,A,75,1,"the  (( mold )) ,","[ the/DT mold/NN ] ,/,","(S (NP-SBJ (NP (DT the) (NN mold)) (, ,) (NP (NN everything))) (VP (VBZ is) (ADJP-PRD (JJ white))) (. .) (-DFL- E_S))",241
sw05utt/sw_0531_2365.utt,2/sw2365,2365,177,x,B,76,1,((   )) .,[ MUMBLEx/XX ] ./.,(X (XX MUMBLEx) (. .)),243
sw05utt/sw_0531_2365.utt,2/sw2365,2365,178,+,A,77,1,everything is  (( white )) .  /,[ everything/NN ] is/VBZ white/JJ ./.,"(S (NP-SBJ (NP (DT the) (NN mold)) (, ,) (NP (NN everything))) (VP (VBZ is) (ADJP-PRD (JJ white))) (. .) (-DFL- E_S))",241
sw05utt/sw_0531_2365.utt,2/sw2365,2365,179,sd,A,77,2,In a new house everything is white. /,In/IN  [ a/DT new/JJ house/NN ] [ everything/NN ] is/VBZ white/JJ ./.,(S (PP-LOC (IN In) (NP (DT a) (JJ new) (NN house))) (NP-SBJ (NN everything)) (VP (VBZ is) (ADJP-PRD (JJ white))) (. .) (-DFL- E_S)),245
sw05utt/sw_0531_2365.utt,2/sw2365,2365,180,aa^m,B,78,1,"White,  /","[ White/JJ ] ,/,","(ADJP (JJ White) (, ,) (-DFL- E_S))",247
sw05utt/sw_0531_2365.utt,2/sw2365,2365,181,aa,B,78,2,yeah.  /,yeah/UH ./.,(INTJ (UH yeah) (. .) (-DFL- E_S)),248
sw05utt/sw_0531_2365.utt,2/sw2365,2365,182,sd,B,78,3,That's what we're trying to get ours to look like. /,[ That/DT ] 's/BES  [ what/WP ] [ we/PRP ] 're/VBP trying/VBG to/TO get/VB ours/PRP to/TO look/VB  [ like/JJ ] ./.,(S (NP-SBJ (DT That)) (VP (BES 's) (SBAR-NOM-PRD (WHNP-2 (WP what)) (S (NP-SBJ-1 (PRP we)) (VP (VBP 're) (VP (VBG trying) (S (NP-SBJ (-NONE- *-1)) (VP (TO to) (VP (VB get) (S (NP-SBJ (PRP ours)) (VP (TO to) (VP (VB look) (PP (JJ like) (NP (-NONE- *T*-2)))))))))))))) (. .) (-DFL- E_S)),249
sw05utt/sw_0531_2365.utt,2/sw2365,2365,183,ba,A,79,1,"{F Oh, } good luck <laughter>.  /","Oh/UH ,/,  [ good/JJ luck/NN ] ./.","(FRAG (INTJ (UH Oh)) (, ,) (NP (JJ good) (NN luck)) (. .) (-DFL- E_S))",251
sw05utt/sw_0531_2365.utt,2/sw2365,2365,184,sd,A,79,2,We wound up selling the house. /,[ We/PRP ] wound/VBD up/RP selling/VBG  [ the/DT house/NN ] ./.,(S (NP-SBJ-1 (PRP We)) (VP (VBD wound) (PRT (RP up)) (S (NP-SBJ (-NONE- *-1)) (VP (VBG selling) (NP (DT the) (NN house))))) (. .) (-DFL- E_S)),252
sw05utt/sw_0531_2365.utt,2/sw2365,2365,185,b,B,80,1,Yeah. /,Yeah/UH ./.,(INTJ (UH Yeah) (. .) (-DFL- E_S)),215
sw05utt/sw_0531_2365.utt,2/sw2365,2365,186,sd,A,81,1,"Actually, [ I, + I  ] don't know whether it made, - /","Actually/UH ,/,  [ I/PRP ] ,/,  [ I/PRP ] do/VBP n't/RB know/VB whether/IN  [ it/PRP ] made/VBD ,/,","(S (INTJ (UH Actually)) (, ,) (EDITED (RM (-DFL- \[)) (NP-SBJ (PRP I)) (, ,) (IP (-DFL- \+))) (NP-SBJ (PRP I)) (RS (-DFL- \])) (VP (VBP do) (RB n't) (VP (VB know) (SBAR (IN whether) (S (NP-SBJ (PRP it)) (VP-UNF (VBD made)))))) (, ,) (-DFL- N_S))",256
sw05utt/sw_0531_2365.utt,2/sw2365,2365,187,sv,A,81,2,"actually it does,  /","actually/UH  [ it/PRP ] does/VBZ ,/,","(S (INTJ (UH actually)) (NP-SBJ (PRP it)) (VP (VBZ does)) (, ,) (-DFL- E_S))",257
sw05utt/sw_0531_2365.utt,2/sw2365,2365,188,sv,A,81,3,"it's interesting that the white, {F um, } makes the rooms look bigger.  /","[ it/PRP ] 's/BES interesting/JJ that/IN  [ the/DT white/NN ] ,/, um/UH ,/, makes/VBZ  [ the/DT rooms/NNS ] look/VB  [ bigger/JJR ] ./.","(S (NP-SBJ (NP (PRP it)) (SBAR (-NONE- *EXP*-1))) (VP (BES 's) (ADJP-PRD (JJ interesting)) (SBAR-1 (IN that) (S (NP-SBJ (DT the) (NN white)) (, ,) (INTJ (UH um)) (, ,) (VP (VBZ makes) (S (NP-SBJ (DT the) (NNS rooms)) (VP (VB look) (ADJP-PRD (JJR bigger)))))))) (. .) (-DFL- E_S))",258
sw05utt/sw_0531_2365.utt,2/sw2365,2365,189,%,A,81,4,"One of the, - /","[ One/CD ] of/IN  [ the/DT ] ,/,","(S-UNF (NP-SBJ-UNF (NP (CD One)) (PP (IN of) (NP-UNF (DT the)))) (, ,) (-DFL- N_S))",259
sw05utt/sw_0531_2365.utt,2/sw2365,2365,190,sd,A,81,5,"in our down stairs in our dining room  {A we have a formal dining room, }  it has molding, {F uh, } like picture frames,  I don't know what you [ call that -- +","in/IN  [ our/PRP$ ] down/GW  [ stairs/^NN ] in/IN  [ our/PRP$ dining/NN room/NN ] [ we/PRP ] have/VBP  [ a/DT formal/JJ dining/NN room/NN ] ,/,  [ it/PRP ] has/VBZ  [ molding/NN ] ,/,  [ uh/UH ] ,/, like/IN  [ picture/NN frames/NNS ] ,/,  [ I/PRP ] do/VBP n't/RB know/VB  [ what/WP ] [ you/PRP ] call/VBP  [ that/DT ] --/:","(S (PP-LOC (IN in) (NP (PRP$ our) (GW down) (^NN stairs))) (PP-LOC (IN in) (NP (PRP$ our) (NN dining) (NN room))) (PRN (S (NP-SBJ (PRP we)) (VP (VBP have) (NP (DT a) (JJ formal) (NN dining) (NN room)))) (, ,)) (NP-SBJ (PRP it)) (VP (VBZ has) (NP (NP (NN molding)) (, ,) (INTJ (UH uh)) (, ,) (PP (IN like) (NP (NN picture) (NNS frames))) (PRN (, ,) (S (NP-SBJ (PRP I)) (VP (VBP do) (RB n't) (VP (VB know) (SBAR (WHNP-1 (WP what)) (S (NP-SBJ (PRP you)) (RM (-DFL- \[)) (VP (VBP call) (S (NP-SBJ (DT that)) (NP-PRD (-NONE- *T*-1)))))))))) (IP (-DFL- \+)) (SBAR (EDITED (SBAR (WHNP-2 (WDT that)) (RS (-DFL- \])) (S-UNF (NP-SBJ (-NONE- *T*-2)) (ADVP (UH actually)))) (, ,)) (WHNP-3 (WDT that)) (S (NP-SBJ (-NONE- *T*-3)) (VP (VBP are) (PP-LOC-PRD (PP (IN along) (NP (DT the) (NNS walls))) (PRN (, ,) (S (NP-SBJ (PRP you)) (VP (VBP know))) (, ,)) (PP (IN up) (NP (NP (DT a) (NN couple)) (PP (IN of) (NP (NNS feet))))))))))) (. .) (-DFL- E_S))",260
sw05utt/sw_0531_2365.utt,2/sw2365,2365,191,b,B,82,1,Uh-huh. /,[ Uh-huh/UH ] ./.,(INTJ (UH Uh-huh) (. .) (-DFL- E_S)),262
sw05utt/sw_0531_2365.utt,2/sw2365,2365,192,+,A,83,1,"-- that  ] actually, that are along the walls, {D you know, } up a couple of feet. /","--/: that/WDT actually/UH ,/, that/WDT are/VBP along/IN  [ the/DT walls/NNS ] ,/,  [ you/PRP ] know/VBP ,/, up/IN  [ a/DT couple/NN ] of/IN  [ feet/NNS ] ./.","(S (PP-LOC (IN in) (NP (PRP$ our) (GW down) (^NN stairs))) (PP-LOC (IN in) (NP (PRP$ our) (NN dining) (NN room))) (PRN (S (NP-SBJ (PRP we)) (VP (VBP have) (NP (DT a) (JJ formal) (NN dining) (NN room)))) (, ,)) (NP-SBJ (PRP it)) (VP (VBZ has) (NP (NP (NN molding)) (, ,) (INTJ (UH uh)) (, ,) (PP (IN like) (NP (NN picture) (NNS frames))) (PRN (, ,) (S (NP-SBJ (PRP I)) (VP (VBP do) (RB n't) (VP (VB know) (SBAR (WHNP-1 (WP what)) (S (NP-SBJ (PRP you)) (RM (-DFL- \[)) (VP (VBP call) (S (NP-SBJ (DT that)) (NP-PRD (-NONE- *T*-1)))))))))) (IP (-DFL- \+)) (SBAR (EDITED (SBAR (WHNP-2 (WDT that)) (RS (-DFL- \])) (S-UNF (NP-SBJ (-NONE- *T*-2)) (ADVP (UH actually)))) (, ,)) (WHNP-3 (WDT that)) (S (NP-SBJ (-NONE- *T*-3)) (VP (VBP are) (PP-LOC-PRD (PP (IN along) (NP (DT the) (NNS walls))) (PRN (, ,) (S (NP-SBJ (PRP you)) (VP (VBP know))) (, ,)) (PP (IN up) (NP (NP (DT a) (NN couple)) (PP (IN of) (NP (NNS feet))))))))))) (. .) (-DFL- E_S))",260
sw05utt/sw_0531_2365.utt,2/sw2365,2365,193,b,B,84,1,Uh-huh. /,[ Uh-huh/UH ] ./.,(INTJ (UH Uh-huh) (. .) (-DFL- E_S)),262
sw05utt/sw_0531_2365.utt,2/sw2365,2365,194,sd,A,85,1,"{C And } my wife <noise> painted [ those, + the insides of those  ] dark blue. /","And/CC  [ my/PRP$ wife/NN ] painted/VBD  [ those/DT ] ,/,  [ the/DT insides/NNS ] of/IN  [ those/DT dark/JJ blue/JJ ] ./.","(S (CC And) (NP-SBJ (PRP$ my) (NN wife)) (VP (VBD painted) (EDITED (RM (-DFL- \[)) (NP (DT those)) (, ,) (IP (-DFL- \+))) (NP-1 (NP (DT the) (NNS insides)) (PP (IN of) (NP (DT those)))) (RS (-DFL- \])) (S-ADV (NP-SBJ (-NONE- *-1)) (ADJP-PRD (JJ dark) (JJ blue)))) (. .) (-DFL- E_S))",267
sw05utt/sw_0531_2365.utt,2/sw2365,2365,195,ba,B,86,1,"{F Oh, } I see. /","Oh/UH ,/,  [ I/PRP ] see/VBP ./.","(S (INTJ (UH Oh)) (, ,) (NP-SBJ (PRP I)) (VP (VBP see)) (. .) (-DFL- E_S))",269
sw05utt/sw_0531_2365.utt,2/sw2365,2365,196,sd,A,87,1,"{C And, } {F uh, } it makes the room look remarkably smaller. /","And/CC ,/,  [ uh/UH ] ,/,  [ it/PRP ] makes/VBZ  [ the/DT room/NN ] look/VB remarkably/RB smaller/JJR ./.","(S (CC And) (, ,) (INTJ (UH uh)) (, ,) (NP-SBJ (PRP it)) (VP (VBZ makes) (S (NP-SBJ (DT the) (NN room)) (VP (VB look) (ADJP-PRD (RB remarkably) (JJR smaller))))) (. .) (-DFL- E_S))",271
sw05utt/sw_0531_2365.utt,2/sw2365,2365,197,qw^d,B,88,1,"{F Huh. }  She painted the insides dark blue and then the trim,","Huh/UH ./.  [ She/PRP ] painted/VBD  [ the/DT insides/NNS dark/JJ blue/NN ] and/CC then/RB  [ the/DT trim/NN ] ,/,","(S (INTJ (UH Huh)) (. .) (NP-SBJ (PRP She)) (VP (VP (VBD painted) (NP-1 (DT the) (NNS insides)) (S-ADV (NP-SBJ (-NONE- *-1)) (NP-PRD-2 (JJ dark) (NN blue)))) (CONJP (CC and) (RB then)) (VP (NP=1 (DT the) (NN trim)) (, ,) (NP=2 (WP what) (NN color)))) (. ?) (-DFL- E_S))",273
sw05utt/sw_0531_2365.utt,2/sw2365,2365,198,sd,A,89,1,"The trim,","[ The/DT trim/NN ] ,/,","(S (NP-SBJ (DT The) (NN trim)) (, ,) (VP (VBZ is) (ADVP-TMP (RB still)) (ADJP-PRD (JJ white))) (. .) (-DFL- E_S))",275
sw05utt/sw_0531_2365.utt,2/sw2365,2365,199,+,B,90,1,(( what color )) ? /,[ what/WP color/NN ] ?/.,"(S (INTJ (UH Huh)) (. .) (NP-SBJ (PRP She)) (VP (VP (VBD painted) (NP-1 (DT the) (NNS insides)) (S-ADV (NP-SBJ (-NONE- *-1)) (NP-PRD-2 (JJ dark) (NN blue)))) (CONJP (CC and) (RB then)) (VP (NP=1 (DT the) (NN trim)) (, ,) (NP=2 (WP what) (NN color)))) (. ?) (-DFL- E_S))",273
sw05utt/sw_0531_2365.utt,2/sw2365,2365,200,+,A,91,1,is still white. /,is/VBZ still/RB white/JJ ./.,"(S (NP-SBJ (DT The) (NN trim)) (, ,) (VP (VBZ is) (ADVP-TMP (RB still)) (ADJP-PRD (JJ white))) (. .) (-DFL- E_S))",275
sw05utt/sw_0531_2365.utt,2/sw2365,2365,201,bk,B,92,1,Okay. /,Okay/UH ./.,(INTJ (UH Okay) (. .) (-DFL- E_S)),279
sw05utt/sw_0531_2365.utt,2/sw2365,2365,202,%,A,93,1,"[ The, +","[ The/DT ] ,/,","(NP (EDITED (RM (-DFL- \[)) (DT The) (, ,) (IP (-DFL- \+))) (DT the) (RS (-DFL- \])) (NN molding) (-DFL- N_S))",281
sw05utt/sw_0531_2365.utt,2/sw2365,2365,203,b^m,B,94,1,White. /,[ White/JJ ] ./.,(ADJP (JJ White) (. .) (-DFL- E_S)),283
sw05utt/sw_0531_2365.utt,2/sw2365,2365,204,+,A,95,1,the  ] molding -- -/,[ the/DT molding/NN ] --/:,"(NP (EDITED (RM (-DFL- \[)) (DT The) (, ,) (IP (-DFL- \+))) (DT the) (RS (-DFL- \])) (NN molding) (-DFL- N_S))",281
sw05utt/sw_0531_2365.utt,2/sw2365,2365,205,b,B,96,1,Uh-huh. /,[ Uh-huh/UH ] ./.,(INTJ (UH Uh-huh) (. .) (-DFL- E_S)),265
sw05utt/sw_0531_2365.utt,2/sw2365,2365,206,%,A,97,1,"-- {C but } by, - /","--/: but/CC by/IN ,/,","(S-UNF (CC but) (PP-UNF (IN by)) (, ,) (-DFL- N_S))",288
sw05utt/sw_0531_2365.utt,2/sw2365,2365,207,sd,A,97,2,"{C and } she did that all the way around the room which makes it look very attractive, /","and/CC  [ she/PRP ] did/VBD that/DT  [ all/PDT the/DT way/NN ] around/IN  [ the/DT room/NN ] [ which/WDT ] makes/VBZ  [ it/PRP ] look/VB very/RB attractive/JJ ,/,","(S (CC and) (NP-SBJ (PRP she)) (VP (VP (VBD did) (NP (DT that)) (NP-MNR (PDT all) (DT the) (NN way)) (PP-LOC (IN around) (NP (DT the) (NN room)))) (SBAR (WHNP-1 (WDT which)) (S (NP-SBJ (-NONE- *T*-1)) (VP (VBZ makes) (S (NP-SBJ (PRP it)) (VP (VB look) (ADJP-PRD (RB very) (JJ attractive)))))))) (, ,) (-DFL- E_S))",289
sw05utt/sw_0531_2365.utt,2/sw2365,2365,208,b,B,98,1,Yeah. /,Yeah/UH ./.,(INTJ (UH Yeah) (. .) (-DFL- E_S)),291
sw05utt/sw_0531_2365.utt,2/sw2365,2365,209,sd,A,99,1,"{C but } it makes the room look smaller [ which is, + {F uh } --","but/CC  [ it/PRP ] makes/VBZ  [ the/DT room/NN ] look/VB  [ smaller/JJR ] [ which/WDT ] is/VBZ ,/,  [ uh/UH ] --/:","(S (CC but) (NP-SBJ (PRP it)) (VP (VP (VBZ makes) (S (NP-SBJ (DT the) (NN room)) (VP (VB look) (ADJP-PRD (JJR smaller))))) (EDITED (RM (-DFL- \[)) (SBAR (WHNP-1 (WDT which)) (S (NP-SBJ (-NONE- *T*-1)) (VP-UNF (VBZ is)))) (, ,) (IP (-DFL- \+))) (INTJ (UH uh)) (INTJ (UH uh)) (, ,) (SBAR (WHNP-2 (WDT which)) (S (NP-SBJ (-NONE- *T*-2)) (VP-UNF (VBZ is))))) (, ,) (RS (-DFL- \])) (-DFL- N_S))",293
sw05utt/sw_0531_2365.utt,2/sw2365,2365,210,b,B,100,1,Yeah. /,Yeah/UH ./.,(INTJ (UH Yeah) (. .) (-DFL- E_S)),291
sw05utt/sw_0531_2365.utt,2/sw2365,2365,211,+,A,101,1,"-- {F uh, } which is,  ] -/","--/:  [ uh/UH ] ,/,  [ which/WDT ] is/VBZ ,/,","(S (CC but) (NP-SBJ (PRP it)) (VP (VP (VBZ makes) (S (NP-SBJ (DT the) (NN room)) (VP (VB look) (ADJP-PRD (JJR smaller))))) (EDITED (RM (-DFL- \[)) (SBAR (WHNP-1 (WDT which)) (S (NP-SBJ (-NONE- *T*-1)) (VP-UNF (VBZ is)))) (, ,) (IP (-DFL- \+))) (INTJ (UH uh)) (INTJ (UH uh)) (, ,) (SBAR (WHNP-2 (WDT which)) (S (NP-SBJ (-NONE- *T*-2)) (VP-UNF (VBZ is))))) (, ,) (RS (-DFL- \])) (-DFL- N_S))",293
sw05utt/sw_0531_2365.utt,2/sw2365.pos,2365,212,x,B,102,1,<Sniffing>.,./.
sw05utt/sw_0531_2365.utt,2/sw2365,2365,213,sv,A,103,1,"it explains [ why they, + why they  ] have everything white  /","[ it/PRP ] explains/VBZ why/WRB  [ they/PRP ] ,/, why/WRB  [ they/PRP ] have/VBP  [ everything/NN ] white/JJ","(S (NP-SBJ (PRP it)) (VP (VBZ explains) (SBAR (EDITED (RM (-DFL- \[)) (SBAR (WHADVP (WRB why)) (S-UNF (NP-SBJ (PRP they)))) (, ,) (IP (-DFL- \+))) (WHADVP-1 (WRB why)) (S (NP-SBJ (PRP they)) (RS (-DFL- \])) (VP (VBP have) (S (NP-SBJ (NN everything)) (ADJP-PRD (JJ white))) (ADVP-PRP (-NONE- *T*-1)))))) (-DFL- E_S))",299
sw05utt/sw_0531_2365.utt,2/sw2365,2365,214,sv,A,103,2,"{C but } [ I, +","but/CC  [ I/PRP ] ,/,","(S (CC but) (EDITED (RM (-DFL- \[)) (NP-SBJ (PRP I)) (, ,) (IP (-DFL- \+))) (NP-SBJ (PRP you)) (VP (MD would) (RB n't) (VP (VB think) (SBAR (IN that) (S-UNF (NP-SBJ (PRP I)))))) (, ,) (-DFL- N_S))",300
sw05utt/sw_0531_2365.utt,2/sw2365,2365,215,b,B,104,1,Yeah. /,Yeah/UH ./.,(INTJ (UH Yeah) (. .) (-DFL- E_S)),291
sw05utt/sw_0531_2365.utt,2/sw2365,2365,216,+,A,105,1,"you wouldn't think that I, - /","[ you/PRP ] would/MD n't/RB think/VB that/IN  [ I/PRP ] ,/,","(S (CC but) (EDITED (RM (-DFL- \[)) (NP-SBJ (PRP I)) (, ,) (IP (-DFL- \+))) (NP-SBJ (PRP you)) (VP (MD would) (RB n't) (VP (VB think) (SBAR (IN that) (S-UNF (NP-SBJ (PRP I)))))) (, ,) (-DFL- N_S))",300
sw05utt/sw_0531_2365.utt,2/sw2365,2365,217,sv,A,105,2,"{D well, }  [ maybe, +","well/UH ,/, maybe/RB ,/,","(S-UNF (INTJ (UH well)) (, ,) (EDITED (RM (-DFL- \[)) (ADVP (RB maybe)) (, ,) (IP (-DFL- \+))) (ADVP (RB maybe)) (RS (-DFL- \])) (X (SBAR (WHNP-1 (DT that)) (S (NP-SBJ (-NONE- *T*-1)) (VP (VBZ understands) (NP (NNS colors))))) (VP (MD would) (VP (VB know) (NP (NP (DT all)) (PP (IN of) (NP (DT that) (NN stuff))))))) (-DFL- E_S))",304
sw05utt/sw_0531_2365.utt,2/sw2365,2365,218,b,B,106,1,Yeah. /,Yeah/UH ./.,(INTJ (UH Yeah) (. .) (-DFL- E_S)),291
sw05utt/sw_0531_2365.utt,2/sw2365,2365,219,+,A,107,1,maybe  ] that understands colors would know all of that stuff  /,maybe/RB  [ that/DT ] understands/VBZ  [ colors/NNS ] would/MD know/VB  [ all/DT ] of/IN  [ that/DT stuff/NN ],"(S-UNF (INTJ (UH well)) (, ,) (EDITED (RM (-DFL- \[)) (ADVP (RB maybe)) (, ,) (IP (-DFL- \+))) (ADVP (RB maybe)) (RS (-DFL- \])) (X (SBAR (WHNP-1 (DT that)) (S (NP-SBJ (-NONE- *T*-1)) (VP (VBZ understands) (NP (NNS colors))))) (VP (MD would) (VP (VB know) (NP (NP (DT all)) (PP (IN of) (NP (DT that) (NN stuff))))))) (-DFL- E_S))",304
sw05utt/sw_0531_2365.utt,2/sw2365,2365,220,%,A,107,2,"{C but, } -/","but/CC ,/,","(S-UNF (CC but) (, ,) (-DFL- N_S))",308
sw05utt/sw_0531_2365.utt,2/sw2365,2365,221,qw,B,108,1,"{D Well, } {F uh, } what about the lighting?  /","Well/UH ,/,  [ uh/UH ] ,/,  [ what/WP ] about/IN  [ the/DT lighting/NN ] ?/.","(FRAG (INTJ (UH Well)) (, ,) (INTJ (UH uh)) (, ,) (WHNP (WP what)) (PP (IN about) (NP (DT the) (NN lighting))) (. ?) (-DFL- E_S))",310
sw05utt/sw_0531_2365.utt,2/sw2365,2365,222,qy,B,108,2,Did it make a big difference? /,Did/VBD  [ it/PRP ] make/VB  [ a/DT big/JJ difference/NN ] ?/.,(SQ (VBD Did) (NP-SBJ (PRP it)) (VP (VB make) (NP (DT a) (JJ big) (NN difference))) (. ?) (-DFL- E_S)),311
sw05utt/sw_0531_2365.utt,2/sw2365,2365,223,ng,A,109,1,"{F Uh, } not particularly  /","[ Uh/UH ] ,/, not/RB particularly/RB","(FRAG (INTJ (UH Uh)) (, ,) (RB not) (ADVP (RB particularly)) (-DFL- E_S))",313
sw05utt/sw_0531_2365.utt,2/sw2365,2365,224,sd^e,A,109,2,{C because } the house has so many windows -- /,because/RB  [ the/DT house/NN ] has/VBZ  [ so/RB many/JJ windows/NNS ] --/:,(SBAR-PRP (RB because) (S (NP-SBJ (DT the) (NN house)) (VP (VBZ has) (NP (ADJP (RB so) (JJ many)) (NNS windows)))) (-DFL- E_S)),314
sw05utt/sw_0531_2365.utt,2/sw2365,2365,225,bk,B,110,1,"{F Oh, } uh-huh. /","Oh/UH ,/,  [ uh-huh/UH ] ./.","(INTJ (INTJ (UH Oh)) (, ,) (INTJ (UH uh-huh)) (. .) (-DFL- E_S))",316
sw05utt/sw_0531_2365.utt,2/sw2365,2365,226,%,A,111,1,"-- {F uh, } it has - /","--/:  [ uh/UH ] ,/,  [ it/PRP ] has/VBZ","(S (INTJ (UH uh)) (, ,) (NP-SBJ (PRP it)) (VP-UNF (VBZ has)) (-DFL- N_S))",318
sw05utt/sw_0531_2365.utt,2/sw2365,2365,227,sd,A,111,2,"[ [ the, + the,  ] +  the  ] living room has four, {F uh, } good size windows  /","[ the/DT ] ,/,  [ the/DT ] ,/,  [ the/DT living/NN room/NN ] has/VBZ  [ four/CD ] ,/,  [ uh/UH ] ,/,  [ good/JJ size/NN windows/NNS ]","(S (EDITED (RM (-DFL- \[)) (EDITED (RM (-DFL- \[)) (NP-SBJ-UNF (DT the)) (, ,) (IP (-DFL- \+))) (NP-SBJ-UNF (DT the)) (, ,) (RS (-DFL- \])) (IP (-DFL- \+))) (NP-SBJ (DT the) (RS (-DFL- \])) (NN living) (NN room)) (VP (VBZ has) (NP (CD four) (, ,) (INTJ (UH uh)) (, ,) (ADJP (JJ good) (NN size)) (NNS windows))) (-DFL- E_S))",319
sw05utt/sw_0531_2365.utt,2/sw2365,2365,228,sd,A,111,3,"{C and, } {F uh, } {D well, } of course, at night - /","and/CC ,/,  [ uh/UH ] ,/, well/UH ,/, of/IN  [ course/NN ] ,/, at/IN  [ night/NN ]","(FRAG (CC and) (, ,) (INTJ (UH uh)) (, ,) (INTJ (UH well)) (, ,) (PP (IN of) (NP (NN course))) (, ,) (PP-TMP (IN at) (NP (NN night))) (-DFL- N_S))",320
sw05utt/sw_0531_2365.utt,2/sw2365,2365,229,%,A,111,4,"{C but } with the, - /","but/CC with/IN  [ the/DT ] ,/,","(S-UNF (CC but) (PP (IN with) (NP-UNF (DT the))) (, ,) (-DFL- N_S))",321
sw05utt/sw_0531_2365.utt,2/sw2365,2365,230,sd,A,111,5,"[ we have, + <laughter> we have  ] a soccer field --","[ we/PRP ] have/VBP ,/,  [ we/PRP ] have/VBP  [ a/DT soccer/NN field/NN ] --/:","(S (EDITED (RM (-DFL- \[)) (S (NP-SBJ (PRP we)) (VP-UNF (VBP have))) (, ,) (IP (-DFL- \+))) (NP-SBJ (PRP we)) (VP (VBP have) (RS (-DFL- \])) (NP (NP (DT a) (NN soccer) (NN field)) (SBAR (WHNP-1 (WDT that)) (S (NP-SBJ (-NONE- *T*-1)) (VP (BES 's) (, ,) (INTJ (UH um)) (, ,) (INTJ (UH oh)) (, ,) (PP-LOC-PRD (NP-ADV (QP (IN about) (DT a) (CD hundred)) (NNS yards)) (IN from) (NP (PRP$ our) (NN house)))))))) (-DFL- E_S))",322
sw05utt/sw_0531_2365.utt,2/sw2365,2365,231,b,B,112,1,Uh-huh. /,[ Uh-huh/UH ] ./.,(INTJ (UH Uh-huh) (. .) (-DFL- E_S)),324
sw05utt/sw_0531_2365.utt,2/sw2365,2365,232,+,A,113,1,"-- that's, {F um, } {F oh, } about a hundred yards from our house  /","--/:  [ that/WDT ] 's/BES ,/, um/UH ,/, oh/UH ,/, about/IN  [ a/DT hundred/CD yards/NNS ] from/IN  [ our/PRP$ house/NN ]","(S (EDITED (RM (-DFL- \[)) (S (NP-SBJ (PRP we)) (VP-UNF (VBP have))) (, ,) (IP (-DFL- \+))) (NP-SBJ (PRP we)) (VP (VBP have) (RS (-DFL- \])) (NP (NP (DT a) (NN soccer) (NN field)) (SBAR (WHNP-1 (WDT that)) (S (NP-SBJ (-NONE- *T*-1)) (VP (BES 's) (, ,) (INTJ (UH um)) (, ,) (INTJ (UH oh)) (, ,) (PP-LOC-PRD (NP-ADV (QP (IN about) (DT a) (CD hundred)) (NNS yards)) (IN from) (NP (PRP$ our) (NN house)))))))) (-DFL- E_S))",322
sw05utt/sw_0531_2365.utt,2/sw2365,2365,233,sd,A,113,2,{C and } the lights shine right at our house.  /,and/CC  [ the/DT lights/NNS ] shine/VBP right/RB at/IN  [ our/PRP$ house/NN ] ./.,(S (CC and) (NP-SBJ (DT the) (NNS lights)) (VP (VBP shine) (PP (ADVP (RB right)) (IN at) (NP (PRP$ our) (NN house)))) (. .) (-DFL- E_S)),326
sw05utt/sw_0531_2365.utt,2/sw2365,2365,234,%,A,113,3,"It's kind of, - /","[ It/PRP ] [ 's/BES kind/RB ] of/RB ,/,","(S (NP-SBJ (PRP It)) (VP-UNF (BES 's) (ADVP (RB kind) (RB of))) (, ,) (-DFL- N_S))",327
sw05utt/sw_0531_2365.utt,2/sw2365,2365,235,sd,A,113,4,we didn't know that when we bought the house  /,[ we/PRP ] did/VBD n't/RB know/VB that/DT when/WRB  [ we/PRP ] bought/VBD  [ the/DT house/NN ],(S (NP-SBJ (PRP we)) (VP (VBD did) (RB n't) (VP (VB know) (NP (DT that)) (SBAR-TMP (WHADVP-1 (WRB when)) (S (NP-SBJ (PRP we)) (VP (VBD bought) (NP (DT the) (NN house)) (ADVP-TMP (-NONE- *T*-1))))))) (-DFL- E_S)),328
sw05utt/sw_0531_2365.utt,2/sw2365,2365,236,%,A,113,5,"{C but, } -/","but/CC ,/,","(S-UNF (CC but) (, ,) (-DFL- N_S))",308
sw05utt/sw_0531_2365.utt,2/sw2365,2365,237,%,B,114,1,"{C So } that, {F uh, } - /","So/IN  [ that/IN ] ,/,  [ uh/UH ] ,/,","(S-UNF (RB So) (NP-SBJ (IN that)) (, ,) (INTJ (UH uh)) (, ,) (-DFL- N_S))",331
sw05utt/sw_0531_2365.utt,2/sw2365,2365,238,%,B,114,2,"you get some, - /","[ you/PRP ] get/VBP  [ some/DT ] ,/,","(S (NP-SBJ (PRP you)) (VP (VBP get) (NP-UNF (DT some))) (, ,) (-DFL- N_S))",332
sw05utt/sw_0531_2365.utt,2/sw2365,2365,239,qy^d,B,114,3,"the  color doesn't really matter [ for, + ]  because you have that light. /","[ the/DT color/NN ] does/VBZ n't/RB really/RB matter/VB for/IN ,/, because/IN  [ you/PRP ] have/VBP  [ that/DT light/NN ] ./.","(S (NP-SBJ (DT the) (NN color)) (VP (VBZ does) (RB n't) (ADVP (RB really)) (VP (VB matter) (EDITED (RM (-DFL- \[)) (PP-UNF (IN for)) (, ,) (IP (-DFL- \+)) (RS (-DFL- \]))) (SBAR-PRP (IN because) (S (NP-SBJ (PRP you)) (VP (VBP have) (NP (DT that) (NN light))))))) (. .) (-DFL- E_S))",333
sw05utt/sw_0531_2365.utt,2/sw2365,2365,240,ny,A,115,1,Yeah.  /,Yeah/UH ./.,(INTJ (UH Yeah) (. .) (-DFL- E_S)),302
sw05utt/sw_0531_2365.utt,2/sw2365,2365,241,sd^e,A,115,2,"We have a lot of light,  /","[ We/PRP ] have/VBP  [ a/DT lot/NN ] of/IN  [ light/NN ] ,/,","(S (NP-SBJ (PRP We)) (VP (VBP have) (NP (NP (DT a) (NN lot)) (PP (IN of) (NP (NN light))))) (, ,) (-DFL- E_S))",336
sw05utt/sw_0531_2365.utt,2/sw2365,2365,242,ny,A,115,3,yeah.  /,yeah/UH ./.,(INTJ (UH yeah) (. .) (-DFL- E_S)),337
sw05utt/sw_0531_2365.utt,2/sw2365,2365,243,sd,A,115,4,"{C And, } {D well, } [ [ [ [ it, + it, ] + it, ] +  {F um, } {D well, } it's  ] just, + {F uh, } I think it's just  ] [ [ the, + the, ] + the ] dark blue to about three feet  /","And/CC ,/, well/UH ,/,  [ it/PRP ] ,/,  [ it/PRP ] ,/,  [ it/PRP ] ,/, um/UH ,/, well/UH ,/,  [ it/PRP ] 's/BES just/RB ,/,  [ uh/UH ] ,/,  [ I/PRP ] think/VBP  [ it/PRP ] 's/BES just/RB  [ the/DT ] ,/,  [ the/DT ] ,/,  [ the/DT dark/JJ blue/NN ] to/IN about/RB  [ three/CD feet/NNS ]","(S (CC And) (, ,) (INTJ (UH well)) (, ,) (EDITED (RM (-DFL- \[)) (EDITED (RM (-DFL- \[)) (EDITED (RM (-DFL- \[)) (EDITED (RM (-DFL- \[)) (NP-SBJ (PRP it)) (, ,) (IP (-DFL- \+))) (NP-SBJ (PRP it)) (, ,) (RS (-DFL- \])) (IP (-DFL- \+))) (NP-SBJ (PRP it)) (, ,) (RS (-DFL- \])) (IP (-DFL- \+))) (INTJ (UH um)) (, ,) (INTJ (UH well)) (, ,) (S (NP-SBJ (PRP it)) (VP-UNF (BES 's) (RS (-DFL- \])) (ADVP (RB just)))) (, ,) (IP (-DFL- \+))) (INTJ (UH uh)) (, ,) (NP-SBJ (PRP I)) (VP (VBP think) (SBAR (-NONE- 0) (S (NP-SBJ (PRP it)) (VP (BES 's) (ADVP (RB just)) (RS (-DFL- \])) (EDITED (RM (-DFL- \[)) (EDITED (RM (-DFL- \[)) (NP-UNF-PRD (DT the)) (, ,) (IP (-DFL- \+))) (NP-UNF-PRD (DT the)) (, ,) (RS (-DFL- \])) (IP (-DFL- \+))) (NP-PRD (DT the) (RS (-DFL- \])) (JJ dark) (NN blue)) (PP (IN to) (NP (QP (RB about) (CD three)) (NNS feet))))))) (-DFL- E_S))",338
sw05utt/sw_0531_2365.utt,2/sw2365,2365,244,sd,A,115,5,and  then above that we left it white  /,and/CC then/RB above/IN that/DT  [ we/PRP ] left/VBD  [ it/PRP ] white/JJ,(S (CONJP (CC and) (RB then)) (PP-LOC (IN above) (NP (DT that))) (NP-SBJ (PRP we)) (VP (VBD left) (S (NP-SBJ (PRP it)) (ADJP-PRD (JJ white)))) (-DFL- E_S)),339
sw05utt/sw_0531_2365.utt,2/sw2365,2365,245,sd,A,115,6,"{C so. }  Anyway, [ it didn't, +","so/UH ./.  Anyway/RB ,/,  [ it/PRP ] did/VBD n't/RB ,/,","(S (RB so) (. .) (INTJ (RB Anyway)) (, ,) (EDITED (RM (-DFL- \[)) (S (NP-SBJ (PRP it)) (VP-UNF (VBD did) (RB n't))) (, ,) (IP (-DFL- \+))) (NP-SBJ (PRP it)) (VP (VBD did) (RB n't) (RS (-DFL- \])) (VP (VB change))) (-DFL- E_S))",340
sw05utt/sw_0531_2365.utt,2/sw2365,2365,246,ba,B,116,1,(( I see )) . /,[ I/PRP ] see/VBP ./.,(S (NP-SBJ (PRP I)) (VP (VBP see)) (. .) (-DFL- E_S)),342
sw05utt/sw_0531_2365.utt,2/sw2365,2365,247,+,A,117,1,it didn't  ] change  /,[ it/PRP ] did/VBD n't/RB  [ change/VB ],"(S (RB so) (. .) (INTJ (RB Anyway)) (, ,) (EDITED (RM (-DFL- \[)) (S (NP-SBJ (PRP it)) (VP-UNF (VBD did) (RB n't))) (, ,) (IP (-DFL- \+))) (NP-SBJ (PRP it)) (VP (VBD did) (RB n't) (RS (-DFL- \])) (VP (VB change))) (-DFL- E_S))",340
sw05utt/sw_0531_2365.utt,2/sw2365,2365,248,sd,A,117,2,"{C but } [ the, + the ] interesting thing is that paint we wound up having to go back and scrape some of that away  /","but/CC  [ the/DT ] ,/,  [ the/DT interesting/JJ thing/NN ] is/VBZ  [ that/DT paint/NN ] [ we/PRP ] wound/VBD up/RP having/VBG to/TO go/VB back/RB and/CC scrape/VB  [ some/DT ] of/IN  [ that/DT ] away/RB","(S (CC but) (EDITED (RM (-DFL- \[)) (NP-SBJ-UNF (DT the)) (, ,) (IP (-DFL- \+))) (NP-SBJ (DT the) (RS (-DFL- \])) (JJ interesting) (NN thing)) (VP (VBZ is) (SBAR-PRD (-NONE- 0) (S (NP-TPC (DT that) (NN paint)) (NP-SBJ-1 (PRP we)) (VP (VBD wound) (PRT (RP up)) (S (NP-SBJ-2 (-NONE- *-1)) (VP (VBG having) (S (NP-SBJ (-NONE- *-2)) (VP (TO to) (VP (VP (VB go) (ADVP (RB back))) (CC and) (VP (VB scrape) (NP (NP (DT some)) (PP (IN of) (NP (DT that)))) (ADVP (RB away)))))))))))) (-DFL- E_S))",344
sw05utt/sw_0531_2365.utt,2/sw2365,2365,249,%,A,117,3,"it didn't, - /","[ it/PRP ] did/VBD n't/RB ,/,","(S (NP-SBJ (PRP it)) (VP-UNF (VBD did) (RB n't)) (, ,) (-DFL- N_S))",345
sw05utt/sw_0531_2365.utt,2/sw2365,2365,250,sd,A,117,4,"it kind of bled under the masking tape which, I guess, is probably the topic  [ we're -- +","[ it/PRP ] [ kind/RB ] of/RB bled/VBD under/IN  [ the/DT masking/NN tape/NN ] [ which/WDT ] ,/,  [ I/PRP ] guess/VBP ,/, is/VBZ probably/RB  [ the/DT topic/NN ] [ we/PRP ] 're/VBP --/:","(S (NP-SBJ (PRP it)) (ADVP (RB kind) (RB of)) (VP (VP (VBD bled) (PP-LOC (IN under) (NP (DT the) (NN masking) (NN tape)))) (SBAR (WHNP-1 (WDT which)) (PRN (, ,) (S (NP-SBJ (PRP I)) (VP (VBP guess))) (, ,)) (S (NP-SBJ (-NONE- *T*-1)) (VP (VBZ is) (ADVP (RB probably)) (NP-PRD (NP (DT the) (NN topic)) (SBAR (WHNP-2 (-NONE- 0)) (S (EDITED (RM (-DFL- \[)) (S (NP-SBJ (PRP we)) (VP-UNF (VBP 're))) (IP (-DFL- \+))) (NP-SBJ (PRP we)) (VP (VBP 're) (RS (-DFL- \])) (ADVP (RB really)) (PP-PRD (IN on) (PP (IN to) (NP (-NONE- *T*-2)))))))) (SBAR-TPC (EDITED (RM (-DFL- \[)) (IN that) (, ,) (IP (-DFL- \+))) (IN that) (RS (-DFL- \])) (S (NP-SBJ (DT the) (NN masking)) (VP-UNF (VBZ is)))))))) (, ,) (-DFL- N_S))",346
sw05utt/sw_0531_2365.utt,2/sw2365,2365,251,b,B,118,1,Uh-huh. /,[ Uh-huh/UH ] ./.,(INTJ (UH Uh-huh) (. .) (-DFL- E_S)),324
sw05utt/sw_0531_2365.utt,2/sw2365,2365,252,+,A,119,1,"-- we're  ] really on to [ that, + that  ] the masking is, - /","--/:  [ we/PRP ] 're/VBP really/RB on/IN to/IN that/IN ,/, that/IN  [ the/DT masking/NN ] is/VBZ ,/,","(S (NP-SBJ (PRP it)) (ADVP (RB kind) (RB of)) (VP (VP (VBD bled) (PP-LOC (IN under) (NP (DT the) (NN masking) (NN tape)))) (SBAR (WHNP-1 (WDT which)) (PRN (, ,) (S (NP-SBJ (PRP I)) (VP (VBP guess))) (, ,)) (S (NP-SBJ (-NONE- *T*-1)) (VP (VBZ is) (ADVP (RB probably)) (NP-PRD (NP (DT the) (NN topic)) (SBAR (WHNP-2 (-NONE- 0)) (S (EDITED (RM (-DFL- \[)) (S (NP-SBJ (PRP we)) (VP-UNF (VBP 're))) (IP (-DFL- \+))) (NP-SBJ (PRP we)) (VP (VBP 're) (RS (-DFL- \])) (ADVP (RB really)) (PP-PRD (IN on) (PP (IN to) (NP (-NONE- *T*-2)))))))) (SBAR-TPC (EDITED (RM (-DFL- \[)) (IN that) (, ,) (IP (-DFL- \+))) (IN that) (RS (-DFL- \])) (S (NP-SBJ (DT the) (NN masking)) (VP-UNF (VBZ is)))))))) (, ,) (-DFL- N_S))",346
sw05utt/sw_0531_2365.utt,2/sw2365,2365,253,sd,A,119,2,"you have to do that very, very carefully. /","[ you/PRP ] have/VBP to/TO do/VB  [ that/DT ] very/RB ,/, very/RB carefully/RB ./.","(S (NP-SBJ-1 (PRP you)) (VP (VBP have) (S (NP-SBJ (-NONE- *-1)) (VP (TO to) (VP (VB do) (NP (DT that)) (ADVP-MNR (RB very) (, ,) (RB very) (RB carefully)))))) (. .) (-DFL- E_S))",350
sw05utt/sw_0531_2365.utt,2/sw2365,2365,254,sd,B,120,1,"{C And } it takes a long time, /","And/CC  [ it/PRP ] takes/VBZ  [ a/DT long/JJ time/NN ] ,/,","(S (CC And) (NP-SBJ (PRP it)) (VP (VBZ takes) (NP (DT a) (JJ long) (NN time))) (, ,) (-DFL- E_S))",352
sw05utt/sw_0531_2365.utt,2/sw2365,2365,255,aa,A,121,1,That's right.  /,[ That/DT ] 's/BES right/JJ ./.,(S (NP-SBJ (DT That)) (VP (BES 's) (ADJP-PRD (JJ right))) (. .) (-DFL- E_S)),354
sw05utt/sw_0531_2365.utt,2/sw2365,2365,256,sv,A,121,2,You can work yourself to death.  /,[ You/PRP ] can/MD work/VB  [ yourself/PRP ] to/IN  [ death/NN ] ./.,(S (NP-SBJ (PRP You)) (VP (MD can) (VP (VB work) (NP (PRP yourself)) (PP (IN to) (NP (NN death))))) (. .) (-DFL- E_S)),355
sw05utt/sw_0531_2365.utt,2/sw2365,2365,257,fo,A,121,3,"{D Well, } I'm sorry to hear your color didn't come out so good over the weekend. /","Well/UH ,/,  [ I/PRP ] 'm/VBP sorry/JJ to/TO hear/VB  [ your/PRP$ color/NN ] did/VBD n't/RB come/VB out/RP so/RB good/JJ over/IN  [ the/DT weekend/NN ] ./.","(S (INTJ (UH Well)) (, ,) (NP-SBJ-1 (PRP I)) (VP (VBP 'm) (ADJP-PRD (JJ sorry) (S (NP-SBJ (-NONE- *-1)) (VP (TO to) (VP (VB hear) (SBAR (-NONE- 0) (S (NP-SBJ (PRP$ your) (NN color)) (VP (VBD did) (RB n't) (VP (VB come) (PRT (RP out)) (ADVP-MNR (RB so) (JJ good)) (PP-TMP (IN over) (NP (DT the) (NN weekend)))))))))))) (. .) (-DFL- E_S))",356
sw05utt/sw_0531_2365.utt,2/sw2365,2365,258,aa,B,122,1,Yeah.  /,Yeah/UH ./.,(INTJ (UH Yeah) (. .) (-DFL- E_S)),335
sw05utt/sw_0531_2365.utt,2/sw2365,2365,259,aa,B,122,2,"Really,  /","Really/UH ,/,","(INTJ (UH Really) (, ,) (-DFL- E_S))",359
sw05utt/sw_0531_2365.utt,2/sw2365,2365,260,aa,B,122,3,no  kidding. /,[ no/DT kidding/NN ] ./.,(NP (DT no) (NN kidding) (. .) (-DFL- E_S)),360
sw05utt/sw_0531_2365.utt,2/sw2365,2365,261,sv,A,123,1,It's kind of frustrating. /,[ It/PRP ] [ 's/BES kind/RB ] of/RB frustrating/JJ ./.,(S (NP-SBJ (PRP It)) (VP (BES 's) (ADVP (RB kind) (RB of)) (ADJP-PRD (JJ frustrating))) (. .) (-DFL- E_S)),362
sw05utt/sw_0531_2365.utt,2/sw2365,2365,262,aa,B,124,1,It is.  /,[ It/PRP ] is/VBZ ./.,(S (NP-SBJ (PRP It)) (VP (VBZ is) (ADJP-PRD (-NONE- *?*))) (. .) (-DFL- E_S)),364
sw05utt/sw_0531_2365.utt,2/sw2365,2365,263,sv,B,124,2,"A lot of work,  /","[ A/DT lot/NN ] of/IN  [ work/NN ] ,/,","(NP (NP (DT A) (NN lot)) (PP (IN of) (NP (NN work))) (, ,) (-DFL- E_S))",365
sw05utt/sw_0531_2365.utt,2/sw2365,2365,264,sv^r,B,124,3,a lot of work. /,[ a/DT lot/NN ] of/IN  [ work/NN ] ./.,(NP (NP (DT a) (NN lot)) (PP (IN of) (NP (NN work))) (. .) (-DFL- E_S)),366
sw05utt/sw_0531_2365.utt,2/sw2365,2365,265,sd,A,125,1,"{D Well, } I've got to go to a meeting.  /","Well/UH ,/,  [ I/PRP ] 've/VBP got/VBN to/TO go/VB to/IN  [ a/DT meeting/NN ] ./.","(S (INTJ (UH Well)) (, ,) (NP-SBJ-1 (PRP I)) (VP (VBP 've) (VP (VBN got) (S (NP-SBJ (-NONE- *-1)) (VP (TO to) (VP (VB go) (PP-DIR (IN to) (NP (DT a) (NN meeting)))))))) (. .) (-DFL- E_S))",368
sw05utt/sw_0531_2365.utt,2/sw2365,2365,266,fc,A,125,2,It's been good talking to you. /,[ It/PRP ] 's/HVS been/VBN  [ good/JJ ] talking/VBG to/IN  [ you/PRP ] ./.,(S (NP-SBJ (NP (PRP It)) (S (-NONE- *EXP*-1))) (VP (HVS 's) (VP (VBN been) (ADJP-PRD (JJ good)) (S-1 (NP-SBJ (-NONE- *)) (VP (VBG talking) (PP (IN to) (NP (PRP you))))))) (. .) (-DFL- E_S)),369
sw05utt/sw_0531_2365.utt,2/sw2365,2365,267,fc,B,126,1,Nice talking to you. /,[ Nice/JJ ] talking/VBG to/IN  [ you/PRP ] ./.,(FRAG (ADJP-PRD (JJ Nice)) (S (NP-SBJ (-NONE- *)) (VP (VBG talking) (PP (IN to) (NP (PRP you))))) (. .) (-DFL- E_S)),371
sw05utt/sw_0531_2365.utt,2/sw2365,2365,268,fc,A,127,1,Okay.  /,Okay/UH ./.,(INTJ (UH Okay) (. .) (-DFL- E_S)),373
sw05utt/sw_0531_2365.utt,2/sw2365,2365,269,fc,A,127,2,Good-bye. /,[ Good-bye/UH ] ./.,(INTJ (UH Good-bye) (. .) (-DFL- E_S)),374
sw05utt/sw_0531_2365.utt,2/sw2365,2365,270,fc,B,128,1,Bye </Children> </TV> </noises> <<kitchen sounds in background>>. /,[ Bye/UH ] ./.,(INTJ (UH Bye) (. .) (-DFL- E_S)),376
