swda_filename,ptb_basename,conversation_no,transcript_index,act_tag,caller,utterance_index,subutterance_index,text,pos,trees,ptb_treenumbers
sw05utt/sw_0511_3746.utt,3/sw3746,3746,0,o,A,1,1,"Okay, {F uh, }  /","Okay/UH ,/,  [ uh/UH ] ,/,","(INTJ (INTJ (UH Okay)) (, ,) (INTJ (UH uh)) (, ,) (-DFL- E_S))",1
sw05utt/sw_0511_3746.utt,3/sw3746,3746,1,qo,A,1,2,what kind of hobbies do you have Lori? /,[ what/WP kind/NN ] of/IN  [ hobbies/NNS ] do/VBP  [ you/PRP ] have/VB  [ Lori/NNP ] ?/.,(SBARQ (WHNP-1 (WHNP (WP what) (NN kind)) (PP (IN of) (NP (NNS hobbies)))) (SQ (VBP do) (NP-SBJ (PRP you)) (VP (VB have) (NP (-NONE- *T*-1)) (NP-VOC (NNP Lori)))) (. ?) (-DFL- E_S)),2
sw05utt/sw_0511_3746.utt,3/sw3746,3746,2,sd,B,2,1,"{F Uh, } I guess, [ I, + {F uh, } I ] like to play golf. /","[ Uh/UH ] ,/,  [ I/PRP ] guess/VBP ,/,  [ I/PRP ] ,/,  [ uh/UH ] ,/,  [ I/PRP ] like/VBP to/TO play/VB  [ golf/NN ] ./.","(S (INTJ (UH Uh)) (, ,) (NP-SBJ (PRP I)) (VP (VBP guess) (, ,) (SBAR (-NONE- 0) (S (EDITED (RM (-DFL- \[)) (NP-SBJ (PRP I)) (, ,) (IP (-DFL- \+))) (INTJ (UH uh)) (, ,) (NP-SBJ-1 (PRP I)) (RS (-DFL- \])) (VP (VBP like) (S (NP-SBJ (-NONE- *-1)) (VP (TO to) (VP (VB play) (NP (NN golf))))))))) (. .) (-DFL- E_S))",4
sw05utt/sw_0511_3746.utt,3/sw3746,3746,3,b,A,3,1,Uh-huh. /,[ Uh-huh/UH ] ./.,(INTJ (UH Uh-huh) (. .) (-DFL- E_S)),6
sw05utt/sw_0511_3746.utt,3/sw3746,3746,4,sd,B,4,1,"{C And, } {F uh, } I also like to plant flowers and [ do + do ] some gardening and do arts and crafts. /","And/CC ,/,  [ uh/UH ] ,/,  [ I/PRP ] also/RB like/VBP to/TO  [ plant/VB flowers/NNS ] and/CC do/VB do/VB  [ some/DT ] gardening/NN and/CC do/VB  [ arts/NNS ] and/CC  [ crafts/NNS ] ./.","(S (CC And) (, ,) (INTJ (UH uh)) (, ,) (NP-SBJ-1 (PRP I)) (ADVP (RB also)) (VP (VBP like) (S (NP-SBJ (-NONE- *-1)) (VP (TO to) (VP (VP (VB plant) (NP (NNS flowers))) (CC and) (EDITED (RM (-DFL- \[)) (VP-UNF (VB do)) (IP (-DFL- \+))) (VP (VB do) (RS (-DFL- \])) (NP (DT some) (NN gardening))) (CC and) (VP (VB do) (NP (NNS arts) (CC and) (NNS crafts))))))) (. .) (-DFL- E_S))",8
sw05utt/sw_0511_3746.utt,3/sw3746,3746,5,b,A,5,1,Uh-huh.  /,[ Uh-huh/UH ] ./.,(INTJ (UH Uh-huh) (. .) (-DFL- E_S)),6
sw05utt/sw_0511_3746.utt,3/sw3746,3746,6,qw,A,5,2,Where do you play golf in this area? /,Where/WRB do/VBP  [ you/PRP ] play/VBP  [ golf/NN ] in/IN  [ this/DT area/NN ] ?/.,(SBARQ (WHADVP-1 (WRB Where)) (SQ (VBP do) (NP-SBJ (PRP you)) (VP (VBP play) (NP (NN golf)) (ADVP-LOC (-NONE- *T*-1)) (PP-LOC (IN in) (NP (DT this) (NN area))))) (. ?) (-DFL- E_S)),11
sw05utt/sw_0511_3746.utt,3/sw3746,3746,7,sd,B,6,1,"{D Well, } <inhaling> we live, {F uh, } pretty close,","Well/UH ,/,  [ we/PRP ] live/VBP ,/,  [ uh/UH ] ,/, pretty/RB close/RB ,/,","(S (INTJ (UH Well)) (, ,) (NP-SBJ (PRP we)) (VP (VBP live) (, ,) (INTJ (UH uh)) (, ,) (ADVP-LOC (RB pretty) (RB close) (, ,) (PP (IN to) (NP (DT the) (NNP Mesquite) (NN Golf) (NN Course))))) (. .) (-DFL- E_S))",13
sw05utt/sw_0511_3746.utt,3/sw3746.pos,3746,8,x,A,7,1,<Sneezing>.,./.
sw05utt/sw_0511_3746.utt,3/sw3746,3746,9,+,B,8,1,to the Mesquite Golf Course. /,to/IN  [ the/DT Mesquite/NNP Golf/NN Course/NN ] ./.,"(S (INTJ (UH Well)) (, ,) (NP-SBJ (PRP we)) (VP (VBP live) (, ,) (INTJ (UH uh)) (, ,) (ADVP-LOC (RB pretty) (RB close) (, ,) (PP (IN to) (NP (DT the) (NNP Mesquite) (NN Golf) (NN Course))))) (. .) (-DFL- E_S))",13
sw05utt/sw_0511_3746.utt,3/sw3746,3746,10,b,A,9,1,Uh-huh. /,[ Uh-huh/UH ] ./.,(INTJ (UH Uh-huh) (. .) (-DFL- E_S)),6
sw05utt/sw_0511_3746.utt,3/sw3746,3746,11,sd,B,10,1,"{D So, } we will play either out there or at Firewheel.  /","So/UH ,/,  [ we/PRP ] will/MD play/VB either/CC out/IN  [ there/EX ] or/CC at/IN  [ Firewheel/NNP ] ./.","(S (INTJ (UH So)) (, ,) (NP-SBJ (PRP we)) (VP (MD will) (VP (VB play) (CC either) (PP-LOC (PP (IN out) (NP (EX there))) (CC or) (PP (IN at) (NP (NNP Firewheel)))))) (. .) (-DFL- E_S))",19
sw05utt/sw_0511_3746.utt,3/sw3746,3746,12,sd,B,10,2,"That is usually where we play,  /","[ That/DT ] is/VBZ usually/RB where/WRB  [ we/PRP ] play/VBP ,/,","(S (NP-SBJ (DT That)) (VP (VBZ is) (ADVP-TMP (RB usually)) (SBAR-LOC-PRD (WHADVP-1 (WRB where)) (S (NP-SBJ (PRP we)) (VP (VBP play) (ADVP-LOC (-NONE- *T*-1)))))) (, ,) (-DFL- E_S))",20
sw05utt/sw_0511_3746.utt,3/sw3746,3746,13,sd,B,10,3,{C but } I have played {D you know } different courses in in the Dallas area. /,but/CC  [ I/PRP ] have/VBP played/VBN  [ you/PRP ] know/VBP  [ different/JJ courses/NNS ] in/IN in/IN  [ the/DT Dallas/NNP area/NN ] ./.,(S (CC but) (NP-SBJ (PRP I)) (VP (VBP have) (VP (VBN played) (PRN (S (NP-SBJ (PRP you)) (VP (VBP know)))) (NP (NP (JJ different) (NNS courses)) (EDITED (PP-LOC-UNF (IN in))) (PP-LOC (IN in) (NP (DT the) (NNP Dallas) (NN area)))))) (. .) (-DFL- E_S)),21
sw05utt/sw_0511_3746.utt,3/sw3746,3746,14,qr,A,11,1,"[ Do you, + {F uh, } do you ] ride or do you pull a cart when you play golf? /","Do/VBP  [ you/PRP ] ,/,  [ uh/UH ] ,/, do/VBP  [ you/PRP ] ride/VB or/CC do/VBP  [ you/PRP ] pull/VB  [ a/DT cart/NN ] when/WRB  [ you/PRP ] play/VBP  [ golf/NN ] ?/.","(SQ (EDITED (RM (-DFL- \[)) (SQ-UNF (VBP Do) (NP-SBJ (PRP you))) (, ,) (IP (-DFL- \+))) (INTJ (UH uh)) (, ,) (VBP do) (NP-SBJ (PRP you)) (RS (-DFL- \])) (VP (VB ride)))|||(SQ (CC or) (VBP do) (NP-SBJ (PRP you)) (VP (VB pull) (NP (DT a) (NN cart)) (SBAR-TMP (WHADVP-1 (WRB when)) (S (NP-SBJ (PRP you)) (VP (VBP play) (NP (NN golf)) (ADVP-TMP (-NONE- *T*-1)))))) (. ?) (-DFL- E_S))",23|||24
sw05utt/sw_0511_3746.utt,3/sw3746,3746,15,sd,B,12,1,"{F Uh, } both <laughter>. /","[ Uh/UH ] ,/,  [ both/DT ] ./.","(FRAG (INTJ (UH Uh)) (, ,) (ADVP (DT both)) (. .) (-DFL- E_S))",26
sw05utt/sw_0511_3746.utt,3/sw3746,3746,16,b,A,13,1,Oh. /,Oh/UH ./.,(INTJ (UH Oh) (. .) (-DFL- E_S)),28
sw05utt/sw_0511_3746.utt,3/sw3746,3746,17,sd,B,14,1,Not at the same time. /,Not/RB at/IN  [ the/DT same/JJ time/NN ] ./.,(FRAG (RB Not) (PP-TMP (IN at) (NP (DT the) (JJ same) (NN time))) (. .) (-DFL- E_S)),30
sw05utt/sw_0511_3746.utt,3/sw3746,3746,18,sd(^q),A,15,1,"I was going to say, that could be difficult <laughter>. /","[ I/PRP ] was/VBD going/VBG to/TO say/VB ,/, that/DT could/MD be/VB difficult/JJ ./.","(S (NP-SBJ-1 (PRP I)) (VP (VBD was) (VP (VBG going) (S (NP-SBJ (-NONE- *-1)) (VP (TO to) (VP (VB say) (, ,) (SBAR (-NONE- 0) (S (NP-SBJ (DT that)) (VP (MD could) (VP (VB be) (ADJP-PRD (JJ difficult))))))))))) (. .) (-DFL- E_S))",32
sw05utt/sw_0511_3746.utt,3/sw3746,3746,19,sd,B,16,1,"<Laughter> {D No, }  sometimes we ride  /","No/UH ,/, sometimes/RB  [ we/PRP ] ride/VBP","(S (INTJ (UH No)) (, ,) (ADVP-TMP (RB sometimes)) (NP-SBJ (PRP we)) (VP (VBP ride)) (-DFL- E_S))",34
sw05utt/sw_0511_3746.utt,3/sw3746,3746,20,sd,B,16,2,"{C and } sometimes, {F uh, } we, pull,  /","and/CC sometimes/RB ,/,  [ uh/UH ] ,/,  [ we/PRP ] ,/, pull/VBP ,/,","(S (CC and) (ADVP-TMP (RB sometimes)) (, ,) (INTJ (UH uh)) (, ,) (NP-SBJ (PRP we)) (, ,) (VP (VBP pull)) (, ,) (-DFL- E_S))",35
sw05utt/sw_0511_3746.utt,3/sw3746,3746,21,sd,B,16,3,"we like to, to, {F uh, } a lot of the times just walk, {F uh, } for the exercise.  /","[ we/PRP ] like/VBP to/TO ,/, to/TO ,/,  [ uh/UH ] ,/,  [ a/DT lot/NN ] of/IN  [ the/DT times/NNS ] just/RB walk/VB ,/,  [ uh/UH ] ,/, for/IN  [ the/DT exercise/NN ] ./.","(S (NP-SBJ-1 (PRP we)) (VP (VBP like) (S (NP-SBJ (-NONE- *-1)) (EDITED (VP-UNF (TO to))) (, ,) (VP (TO to) (, ,) (INTJ (UH uh)) (, ,) (NP-TMP (NP (DT a) (NN lot)) (PP (IN of) (NP (DT the) (NNS times)))) (ADVP (RB just)) (VP (VB walk) (, ,) (INTJ (UH uh)) (, ,) (PP-PRP (IN for) (NP (DT the) (NN exercise))))))) (. .) (-DFL- E_S))",36
sw05utt/sw_0511_3746.utt,3/sw3746,3746,22,%,B,16,4,# {C But } # -- -/,But/CC --/:,(S-UNF (CC But) (-DFL- N_S)),37
sw05utt/sw_0511_3746.utt,3/sw3746,3746,23,b,A,17,1,# Uh-huh. # /,[ Uh-huh/UH ] ./.,(INTJ (UH Uh-huh) (. .) (-DFL- E_S)),10
sw05utt/sw_0511_3746.utt,3/sw3746,3746,24,sd,B,18,1,"-- I find that when I ride in a cart, I play better  /","--/:  [ I/PRP ] find/VBP that/IN when/WRB  [ I/PRP ] ride/VBP in/IN  [ a/DT cart/NN ] ,/,  [ I/PRP ] play/VBP better/RBR","(S (NP-SBJ (PRP I)) (VP (VBP find) (SBAR (IN that) (S (SBAR-TMP (WHADVP-1 (WRB when)) (S (NP-SBJ (PRP I)) (VP (VBP ride) (PP-LOC (IN in) (NP (DT a) (NN cart))) (ADVP-TMP (-NONE- *T*-1))))) (, ,) (NP-SBJ (PRP I)) (VP (VBP play) (ADVP-MNR (RBR better)))))) (-DFL- E_S))",41
sw05utt/sw_0511_3746.utt,3/sw3746,3746,25,sv,B,18,2,{C and } I think it is cause I don't get as tired <laughter>. /,and/CC  [ I/PRP ] think/VBP  [ it/PRP ] is/VBZ  [ cause/IN ] [ I/PRP ] do/VBP n't/RB get/VB as/RB tired/VBN ./.,(S (CC and) (NP-SBJ (PRP I)) (VP (VBP think) (SBAR (-NONE- 0) (S (NP-SBJ (PRP it)) (VP (VBZ is) (SBAR-PRP-PRD (IN cause) (S (NP-SBJ (PRP I)) (VP (VBP do) (RB n't) (VP (VB get) (ADJP-PRD (RB as) (VBN tired)))))))))) (. .) (-DFL- E_S)),42
sw05utt/sw_0511_3746.utt,3/sw3746,3746,26,sv,A,19,1,I think that might be true. /,[ I/PRP ] think/VBP  [ that/DT ] might/MD be/VB true/JJ ./.,(S (NP-SBJ (PRP I)) (VP (VBP think) (SBAR (-NONE- 0) (S (NP-SBJ (DT that)) (VP (MD might) (VP (VB be) (ADJP-PRD (JJ true))))))) (. .) (-DFL- E_S)),44
sw05utt/sw_0511_3746.utt,3/sw3746,3746,27,b,B,20,1,Yeah. /,Yeah/UH ./.,(INTJ (UH Yeah) (. .) (-DFL- E_S)),46
sw05utt/sw_0511_3746.utt,3/sw3746,3746,28,sd,A,21,1,I don't like pulling a cart on Firewell golf course because they want you to pull the cart on the path. /,[ I/PRP ] do/VBP n't/RB like/VB pulling/VBG  [ a/DT cart/NN ] on/IN  [ Firewell/JJ golf/NN course/NN ] because/IN  [ they/PRP ] want/VBP  [ you/PRP ] to/TO pull/VB  [ the/DT cart/NN ] on/IN  [ the/DT path/NN ] ./.,(S (NP-SBJ-1 (PRP I)) (VP (VBP do) (RB n't) (VP (VB like) (S (NP-SBJ (-NONE- *-1)) (VP (VBG pulling) (NP (DT a) (NN cart)) (PP-LOC (IN on) (NP (TYPO (JJ Firewell)) (NN golf) (NN course))))) (SBAR-PRP (IN because) (S (NP-SBJ (PRP they)) (VP (VBP want) (S (NP-SBJ (PRP you)) (VP (TO to) (VP (VB pull) (NP (DT the) (NN cart)) (PP-LOC (IN on) (NP (DT the) (NN path))))))))))) (. .) (-DFL- E_S)),48
sw05utt/sw_0511_3746.utt,3/sw3746,3746,29,aa,B,22,1,"I know,  /","[ I/PRP ] know/VBP ,/,","(S (NP-SBJ (PRP I)) (VP (VBP know)) (, ,) (-DFL- E_S))",50
sw05utt/sw_0511_3746.utt,3/sw3746,3746,30,sd,B,22,2,{C and } that makes me so mad <<louder>>. /,and/CC  [ that/DT ] makes/VBZ  [ me/PRP ] so/RB mad/JJ ./.,(S (CC and) (NP-SBJ (DT that)) (VP (VBZ makes) (S (NP-SBJ (PRP me)) (ADJP-PRD (RB so) (JJ mad)))) (. .) (-DFL- E_S)),51
sw05utt/sw_0511_3746.utt,3/sw3746.pos,3746,31,x,A,23,1,<Laughter>.,./.
sw05utt/sw_0511_3746.utt,3/sw3746,3746,32,sv,B,24,1,"{D You know, } [ it is + {D like } it is ] not going to do that much damage to the course, but apparently they think differently <laughter>. /","[ You/PRP ] know/VBP ,/,  [ it/PRP ] is/VBZ like/UH  [ it/PRP ] is/VBZ not/RB going/VBG to/TO do/VB  [ that/RB much/JJ damage/NN ] to/IN  [ the/DT course/NN ] ,/, but/CC apparently/RB  [ they/PRP ] think/VBP differently/RB ./.","(S (PRN (S (NP-SBJ (PRP You)) (VP (VBP know))) (, ,)) (EDITED (RM (-DFL- \[)) (S (NP-SBJ (PRP it)) (VP-UNF (VBZ is))) (IP (-DFL- \+))) (INTJ (UH like)) (NP-SBJ-1 (PRP it)) (VP (VBZ is) (RS (-DFL- \])) (RB not) (VP (VBG going) (S (NP-SBJ (-NONE- *-1)) (VP (TO to) (VP (VB do) (NP (ADJP (RB that) (JJ much)) (NN damage)) (PP-DTV (IN to) (NP (DT the) (NN course)))))))) (, ,))|||(S (CC but) (ADVP (RB apparently)) (NP-SBJ (PRP they)) (VP (VBP think) (ADVP (RB differently))) (. .) (-DFL- E_S))",54|||55
sw05utt/sw_0511_3746.utt,3/sw3746,3746,33,sd,A,25,1,"That is the reason, I don't play over there. /","[ That/DT ] is/VBZ  [ the/DT reason/NN ] ,/,  [ I/PRP ] do/VBP n't/RB play/VB over/IN there/RB ./.","(S (NP-SBJ (DT That)) (VP (VBZ is) (NP-PRD (NP (DT the) (NN reason)) (, ,) (SBAR (WHADVP-1 (-NONE- 0)) (S (NP-SBJ (PRP I)) (VP (VBP do) (RB n't) (VP (VB play) (PP-LOC (IN over) (ADVP (RB there))) (ADVP-PRP (-NONE- *T*-1)))))))) (. .) (-DFL- E_S))",57
sw05utt/sw_0511_3746.utt,3/sw3746,3746,34,b,B,26,1,Yeah. /,Yeah/UH ./.,(INTJ (UH Yeah) (. .) (-DFL- E_S)),46
sw05utt/sw_0511_3746.utt,3/sw3746,3746,35,sd,A,27,1,"I like the course,  but I don't play over there because, [ you, + they ] don't, {F uh, } {D you know } don't allow you to pull a cart. /","[ I/PRP ] like/VBP  [ the/DT course/NN ] ,/, but/CC  [ I/PRP ] do/VBP n't/RB play/VB over/IN there/RB because/IN ,/,  [ you/PRP ] ,/,  [ they/PRP ] do/VBP n't/RB ,/,  [ uh/UH ] ,/,  [ you/PRP ] know/VBP do/VBP n't/RB allow/VB  [ you/PRP ] to/TO pull/VB  [ a/DT cart/NN ] ./.","(S (NP-SBJ (PRP I)) (VP (VBP like) (NP (DT the) (NN course))) (, ,))|||(S (CC but) (NP-SBJ (PRP I)) (VP (VBP do) (RB n't) (VP (VB play) (PP-LOC (IN over) (ADVP (RB there))) (SBAR-PRP (IN because) (, ,) (S (EDITED (RM (-DFL- \[)) (NP-SBJ (PRP you)) (, ,) (IP (-DFL- \+))) (NP-SBJ (PRP they)) (RS (-DFL- \])) (EDITED (VP-UNF (VBP do) (RB n't)) (, ,)) (INTJ (UH uh)) (PRN (, ,) (S (NP-SBJ (PRP you)) (VP (VBP know)))) (VP (VBP do) (RB n't) (VP (VB allow) (S (NP-SBJ (PRP you)) (VP (TO to) (VP (VB pull) (NP (DT a) (NN cart))))))))))) (. .) (-DFL- E_S))",61|||62
sw05utt/sw_0511_3746.utt,3/sw3746,3746,36,b,B,28,1,Right. /,[ Right/UH ] ./.,(INTJ (UH Right) (. .) (-DFL- E_S)),64
sw05utt/sw_0511_3746.utt,3/sw3746,3746,37,sv,A,29,1,"{C And, } I don't think a cart damages the turf. /","And/CC ,/,  [ I/PRP ] do/VBP n't/RB think/VB  [ a/DT cart/NN ] damages/VBZ  [ the/DT turf/NN ] ./.","(S (CC And) (, ,) (NP-SBJ (PRP I)) (VP (VBP do) (RB n't) (VP (VB think) (SBAR (-NONE- 0) (S (NP-SBJ (DT a) (NN cart)) (VP (VBZ damages) (NP (DT the) (NN turf))))))) (. .) (-DFL- E_S))",66
sw05utt/sw_0511_3746.utt,3/sw3746,3746,38,b,B,30,1,Right.  /,[ Right/UH ] ./.,(INTJ (UH Right) (. .) (-DFL- E_S)),64
sw05utt/sw_0511_3746.utt,3/sw3746,3746,39,sd,B,30,2,"{D Well, } the reason why we play over there is because its where, since we are a Garland resident, they gave us a special deal where you can get, {F uh, } ten rounds of golf for a hundred dollars,  /","Well/UH ,/,  [ the/DT reason/NN ] why/WRB  [ we/PRP ] play/VBP over/IN  [ there/RB ] is/VBZ because/IN it/PRP 's/BES   where/WRB ,/, since/IN  [ we/PRP ] are/VBP  [ a/DT Garland/NNP resident/NN ] ,/,  [ they/PRP ] gave/VBD  [ us/PRP ] [ a/DT special/JJ deal/NN ] where/WRB  [ you/PRP ] can/MD get/VB ,/,  [ uh/UH ] ,/,  [ ten/CD rounds/NNS ] of/IN  [ golf/NN ] for/IN  [ a/DT hundred/CD dollars/NNS ] ,/,","(S (INTJ (UH Well)) (, ,) (NP-SBJ (NP (DT the) (NN reason)) (SBAR (WHADVP-1 (WRB why)) (S (NP-SBJ (PRP we)) (VP (VBP play) (PP-LOC (IN over) (ADVP (RB there))) (ADVP-PRP (-NONE- *T*-1)))))) (VP (VBZ is) (SBAR-PRP-PRD (IN because) (S (EDITED (S (NP-SBJ (PRP it)) (VP (BES 's) (SBAR-PRD-UNF (WHADVP (WRB where)))))) (, ,) (SBAR-PRP (IN since) (S (NP-SBJ (PRP we)) (VP (VBP are) (NP-PRD (DT a) (NNP Garland) (NN resident))))) (, ,) (NP-SBJ (PRP they)) (VP (VBD gave) (NP (PRP us)) (NP (NP (DT a) (JJ special) (NN deal)) (SBAR (WHADVP-2 (WRB where)) (S (NP-SBJ (PRP you)) (VP (MD can) (VP (VB get) (, ,) (INTJ (UH uh)) (, ,) (NP (NP (CD ten) (NNS rounds)) (PP (IN of) (NP (NN golf)))) (PP (IN for) (NP (DT a) (CD hundred) (NNS dollars))) (ADVP (-NONE- *T*-2))))))))))) (, ,) (-DFL- E_S))",69
sw05utt/sw_0511_3746.utt,3/sw3746,3746,40,%,B,30,3,"yeah,  /","yeah/UH ,/,","(INTJ (UH yeah) (, ,) (-DFL- E_S))",70
sw05utt/sw_0511_3746.utt,3/sw3746,3746,41,sd,B,30,4,a hundred dollars  /,[ a/DT hundred/CD dollars/NNS ],(NP (DT a) (CD hundred) (NNS dollars) (-DFL- E_S)),71
sw05utt/sw_0511_3746.utt,3/sw3746,3746,42,sd,B,30,5,{C cause } it is half price what the normal green fees are. /,cause/IN  [ it/PRP ] is/VBZ  [ half/JJ price/NN ] [ what/WP ] [ the/DT normal/JJ green/NN fees/NNS ] are/VBP ./.,(SBAR-PRP (IN cause) (S (NP-SBJ (PRP it)) (VP (VBZ is) (SBAR-NOM-PRD (NP-ADV (JJ half) (NN price)) (WHNP-1 (WP what)) (S (NP-SBJ (DT the) (JJ normal) (NN green) (NNS fees)) (VP (VBP are) (NP-PRD (-NONE- *T*-1))))))) (. .) (-DFL- E_S)),72
sw05utt/sw_0511_3746.utt,3/sw3746,3746,43,b,A,31,1,Uh-huh. /,[ Uh-huh/UH ] ./.,(INTJ (UH Uh-huh) (. .) (-DFL- E_S)),74
sw05utt/sw_0511_3746.utt,3/sw3746,3746,44,sd,B,32,1,{C So } that is <noise> why we <noise> {D you know } play over there  /,So/RB  [ that/DT ] is/VBZ why/WRB  [ we/PRP ] [ you/PRP ] know/VBP play/VBP over/IN there/RB,(S (RB So) (NP-SBJ (DT that)) (VP (VBZ is) (SBAR-PRP-PRD (WHADVP-1 (WRB why)) (S (NP-SBJ (PRP we)) (PRN (S (NP-SBJ (PRP you)) (VP (VBP know)))) (VP (VBP play) (PP-LOC (IN over) (ADVP (RB there))) (ADVP-PRP (-NONE- *T*-1)))))) (-DFL- E_S)),76
sw05utt/sw_0511_3746.utt,3/sw3746,3746,45,sd,B,32,2,{C cause } we have got our card <laughter>. /,cause/IN  [ we/PRP ] have/VBP got/VBN  [ our/PRP$ card/NN ] ./.,(SBAR-PRP (IN cause) (S (NP-SBJ (PRP we)) (VP (VBP have) (VP (VBN got) (NP (PRP$ our) (NN card))))) (. .) (-DFL- E_S)),77
sw05utt/sw_0511_3746.utt,3/sw3746,3746,46,sv,A,33,1,"{D Well, } I guess I could use a card too.  /","Well/UH ,/,  [ I/PRP ] guess/VBP  [ I/PRP ] could/MD use/VB  [ a/DT card/NN ] too/RB ./.","(S (INTJ (UH Well)) (, ,) (NP-SBJ (PRP I)) (VP (VBP guess) (SBAR (-NONE- 0) (S (NP-SBJ (PRP I)) (VP (MD could) (VP (VB use) (NP (DT a) (NN card)) (ADVP (RB too))))))) (. .) (-DFL- E_S))",79
sw05utt/sw_0511_3746.utt,3/sw3746,3746,47,sd,A,33,2,"I live, {F uh, } [ very near, + {F uh, } very close ] to the Firewheel Golf Course. /","[ I/PRP ] live/VBP ,/,  [ uh/UH ] ,/, very/RB near/RB ,/,  [ uh/UH ] ,/, very/RB close/RB to/IN  [ the/DT Firewheel/NNP Golf/NN Course/NN ] ./.","(S (NP-SBJ (PRP I)) (VP (VBP live) (, ,) (INTJ (UH uh)) (, ,) (EDITED (RM (-DFL- \[)) (ADVP-UNF (RB very) (RB near)) (, ,) (IP (-DFL- \+))) (INTJ (UH uh)) (, ,) (ADVP-LOC (RB very) (RB close) (RS (-DFL- \])) (PP (IN to) (NP (DT the) (NNP Firewheel) (NN Golf) (NN Course))))) (. .) (-DFL- E_S))",80
sw05utt/sw_0511_3746.utt,3/sw3746,3746,48,bh,B,34,1,"{F Oh, } do you?  /","Oh/UH ,/, do/VBP  [ you/PRP ] ?/.","(SQ (INTJ (UH Oh)) (, ,) (VBP do) (NP-SBJ (PRP you)) (. ?) (-DFL- E_S))",82
sw05utt/sw_0511_3746.utt,3/sw3746,3746,49,qy^d,B,34,2,{C So } you live in Garland then. /,So/RB  [ you/PRP ] live/VBP in/IN  [ Garland/NNP ] then/RB ./.,(S (RB So) (NP-SBJ (PRP you)) (VP (VBP live) (PP-LOC (IN in) (NP (NNP Garland))) (ADVP (RB then))) (. .) (-DFL- E_S)),83
sw05utt/sw_0511_3746.utt,3/sw3746,3746,50,ny,A,35,1,"Yes,  /","Yes/UH ,/,","(INTJ (UH Yes) (, ,) (-DFL- E_S))",85
sw05utt/sw_0511_3746.utt,3/sw3746,3746,51,sd^e,A,35,2,I live in northwest Garland.  /,[ I/PRP ] live/VBP in/IN  [ northwest/NN Garland/NNP ] ./.,(S (NP-SBJ (PRP I)) (VP (VBP live) (PP-LOC (IN in) (NP (NN northwest) (NNP Garland)))) (. .) (-DFL- E_S)),86
sw05utt/sw_0511_3746.utt,3/sw3746,3746,52,sd,A,35,3,Right up there near the golf course. /,Right/RB up/IN there/RB near/RB  [ the/DT golf/NN course/NN ] ./.,(FRAG (PP-LOC (ADVP (RB Right)) (IN up) (ADVP (RB there))) (ADVP-LOC (RB near) (NP (DT the) (NN golf) (NN course))) (. .) (-DFL- E_S)),87
sw05utt/sw_0511_3746.utt,3/sw3746,3746,53,bk,B,36,1,"Okay,  /","Okay/UH ,/,","(INTJ (UH Okay) (, ,) (-DFL- E_S))",89
sw05utt/sw_0511_3746.utt,3/sw3746,3746,54,sd,B,36,2,"{D well } we are in south Garland,  /","well/UH  [ we/PRP ] are/VBP in/IN  [ south/JJ Garland/NNP ] ,/,","(S (INTJ (UH well)) (NP-SBJ (PRP we)) (VP (VBP are) (PP-LOC-PRD (IN in) (NP (JJ south) (NNP Garland)))) (, ,) (-DFL- E_S))",90
sw05utt/sw_0511_3746.utt,3/sw3746,3746,55,ad,B,36,3,"{C but } {D yeah, }  next time you go, {F uh, } {D you know, } check into it,  /","but/CC yeah/UH ,/,  [ next/JJ time/NN ] [ you/PRP ] go/VBP ,/, uh/UH ,/,  [ you/PRP ] know/VBP ,/, check/VB into/IN  [ it/PRP ] ,/,","(S-IMP (CC but) (INTJ (UH yeah)) (, ,) (NP-TMP (NP (JJ next) (NN time)) (SBAR (WHADVP-1 (-NONE- 0)) (S (NP-SBJ (PRP you)) (VP (VBP go) (ADVP-TMP (-NONE- *T*-1)))))) (, ,) (INTJ (UH uh)) (PRN (, ,) (S (NP-SBJ (PRP you)) (VP (VBP know))) (, ,)) (NP-SBJ (-NONE- *)) (VP (VB check) (PP (IN into) (NP (PRP it)))) (, ,) (-DFL- E_S))",91
sw05utt/sw_0511_3746.utt,3/sw3746,3746,56,%,B,36,4,"they have, {F uh, } - /","[ they/PRP ] have/VBP ,/,  [ uh/UH ] ,/,","(S (NP-SBJ (PRP they)) (VP-UNF (VBP have) (, ,) (INTJ (UH uh))) (, ,) (-DFL- N_S))",92
sw05utt/sw_0511_3746.utt,3/sw3746,3746,57,sd,B,36,5,"it is just like, {F uh, } a bus card  /","[ it/PRP ] is/VBZ just/RB  [ like/IN ] ,/,  [ uh/UH ] ,/,  [ a/DT bus/NN card/NN ]","(S (NP-SBJ (PRP it)) (VP (VBZ is) (ADVP (RB just)) (PP-PRD (IN like) (, ,) (INTJ (UH uh)) (, ,) (NP (DT a) (NN bus) (NN card)))) (-DFL- E_S))",93
sw05utt/sw_0511_3746.utt,3/sw3746,3746,58,sd,B,36,6,"{C and } they just punch it.  {D You know, }  /","and/CC  [ they/PRP ] just/RB punch/VBP  [ it/PRP ] ./.  [ You/PRP ] know/VBP ,/,","(S (CC and) (NP-SBJ (PRP they)) (ADVP (RB just)) (VP (VBP punch) (NP (PRP it)) (PRN (. .) (S (NP-SBJ (PRP You)) (VP (VBP know))))) (, ,) (-DFL- E_S))",94
sw05utt/sw_0511_3746.utt,3/sw3746,3746,59,sd,B,36,7,it has got one through ten on it  /,[ it/PRP ] has/VBZ got/VBN  [ one/CD ] through/IN  [ ten/CD ] on/IN  [ it/PRP ],(S (NP-SBJ (PRP it)) (VP (VBZ has) (VP (VBN got) (NP (NP (CD one)) (PP (IN through) (NP (CD ten)))) (PP-LOC (IN on) (NP (PRP it))))) (-DFL- E_S)),95
sw05utt/sw_0511_3746.utt,3/sw3746,3746,60,sd,B,36,8,{C and } every time you go they just punch it for you. /,and/CC  [ every/DT time/NN ] [ you/PRP ] go/VBP  [ they/PRP ] just/RB punch/VBP  [ it/PRP ] for/IN  [ you/PRP ] ./.,(S (CC and) (NP-TMP (NP (DT every) (NN time)) (SBAR (WHADVP-1 (-NONE- 0)) (S (NP-SBJ (PRP you)) (VP (VBP go) (ADVP-TMP (-NONE- *T*-1)))))) (NP-SBJ (PRP they)) (ADVP (RB just)) (VP (VBP punch) (NP (PRP it)) (PP (IN for) (NP (PRP you)))) (. .) (-DFL- E_S)),96
sw05utt/sw_0511_3746.utt,3/sw3746,3746,61,sd,A,37,1,"{D Well, } in the last two years, I have not played very much golf because I am involved in Boy Scouts. /","Well/UH ,/, in/IN  [ the/DT last/JJ two/CD years/NNS ] ,/,  [ I/PRP ] have/VBP not/RB played/VBN  [ very/RB much/JJ golf/NN ] because/IN  [ I/PRP ] am/VBP involved/JJ in/IN  [ Boy/NNP Scouts/NNP ] ./.","(S (INTJ (UH Well)) (, ,) (PP-TMP (IN in) (NP (DT the) (JJ last) (CD two) (NNS years))) (, ,) (NP-SBJ (PRP I)) (VP (VBP have) (RB not) (VP (VBN played) (NP (ADJP (RB very) (JJ much)) (NN golf)) (SBAR-PRP (IN because) (S (NP-SBJ (PRP I)) (VP (VBP am) (ADJP-PRD (JJ involved) (PP (IN in) (NP (NNP Boy) (NNP Scouts))))))))) (. .) (-DFL- E_S))",98
sw05utt/sw_0511_3746.utt,3/sw3746,3746,62,bk,B,38,1,"{F Oh, } okay. /","Oh/UH ,/, okay/UH ./.","(INTJ (INTJ (UH Oh)) (, ,) (INTJ (UH okay)) (. .) (-DFL- E_S))",100
sw05utt/sw_0511_3746.utt,3/sw3746,3746,63,sd,A,39,1,"{C So, } [ [ I have, + {F uh, } I have, ] + # {F uh, } I have ] children # --","So/RB ,/,  [ I/PRP ] have/VBP ,/,  [ uh/UH ] ,/,  [ I/PRP ] have/VBP ,/,  [ uh/UH ] ,/,  [ I/PRP ] have/VBP  [ children/NNS ] --/:","(S (RB So) (, ,) (EDITED (RM (-DFL- \[)) (EDITED (RM (-DFL- \[)) (S (NP-SBJ (PRP I)) (VP-UNF (VBP have))) (, ,) (IP (-DFL- \+))) (INTJ (UH uh)) (, ,) (S (NP-SBJ (PRP I)) (VP-UNF (VBP have))) (, ,) (RS (-DFL- \])) (IP (-DFL- \+))) (INTJ (UH uh)) (, ,) (NP-SBJ (PRP I)) (VP (VBP have) (RS (-DFL- \])) (NP (NP (NNS children)) (SBAR (WHNP-1 (-NONE- 0)) (S (NP-SBJ (-NONE- *T*-1)) (NP-PRD (NNP Boy) (NNP Scout) (NN age)))))) (. .) (-DFL- E_S))",102
sw05utt/sw_0511_3746.utt,3/sw3746,3746,64,qy^d,B,40,1,"# You must have [ a, + a ] son. # /","[ You/PRP ] must/MD have/VB  [ a/DT ] ,/,  [ a/DT son/NN ] ./.","(S (NP-SBJ (PRP You)) (VP (MD must) (VP (VB have) (EDITED (RM (-DFL- \[)) (NP-UNF (DT a)) (, ,) (IP (-DFL- \+))) (NP (DT a) (RS (-DFL- \])) (NN son)))) (. .) (-DFL- E_S))",104
sw05utt/sw_0511_3746.utt,3/sw3746,3746,65,+,A,41,1,-- Boy Scout age.  /,--/:  [ Boy/NNP Scout/NNP age/NN ] ./.,"(S (RB So) (, ,) (EDITED (RM (-DFL- \[)) (EDITED (RM (-DFL- \[)) (S (NP-SBJ (PRP I)) (VP-UNF (VBP have))) (, ,) (IP (-DFL- \+))) (INTJ (UH uh)) (, ,) (S (NP-SBJ (PRP I)) (VP-UNF (VBP have))) (, ,) (RS (-DFL- \])) (IP (-DFL- \+))) (INTJ (UH uh)) (, ,) (NP-SBJ (PRP I)) (VP (VBP have) (RS (-DFL- \])) (NP (NP (NNS children)) (SBAR (WHNP-1 (-NONE- 0)) (S (NP-SBJ (-NONE- *T*-1)) (NP-PRD (NNP Boy) (NNP Scout) (NN age)))))) (. .) (-DFL- E_S))",102
sw05utt/sw_0511_3746.utt,3/sw3746,3746,66,na,A,41,2,"I have two boys that are boy scout age,  /","[ I/PRP ] have/VBP  [ two/CD boys/NNS ] [ that/WDT ] are/VBP  [ boy/NN scout/NN age/NN ] ,/,","(S (NP-SBJ (PRP I)) (VP (VBP have) (NP (NP (CD two) (NNS boys)) (SBAR (WHNP-1 (WDT that)) (S (NP-SBJ (-NONE- *T*-1)) (VP (VBP are) (NP-PRD (NN boy) (NN scout) (NN age))))))) (, ,) (-DFL- E_S))",106
sw05utt/sw_0511_3746.utt,3/sw3746,3746,67,sd,A,41,3,"{C and, } {F uh, } {C so } --","and/CC ,/,  [ uh/UH ] ,/, so/RB --/:","(S (CC and) (, ,) (INTJ (UH uh)) (, ,) (RB so) (NP-SBJ (PRP I)) (VP (VBP am) (ADJP-PRD (RB very) (JJ active) (PP (IN in) (NP (NNP Boy) (NNP Scouts))))) (-DFL- E_S))",107
sw05utt/sw_0511_3746.utt,3/sw3746,3746,68,bk,B,42,1,"{F Oh, } okay. /","Oh/UH ,/, okay/UH ./.","(INTJ (INTJ (UH Oh)) (, ,) (INTJ (UH okay)) (. .) (-DFL- E_S))",100
sw05utt/sw_0511_3746.utt,3/sw3746,3746,69,+,A,43,1,-- I am very active in Boy Scouts  /,--/:  [ I/PRP ] am/VBP very/RB active/JJ in/IN  [ Boy/NNP Scouts/NNP ],"(S (CC and) (, ,) (INTJ (UH uh)) (, ,) (RB so) (NP-SBJ (PRP I)) (VP (VBP am) (ADJP-PRD (RB very) (JJ active) (PP (IN in) (NP (NNP Boy) (NNP Scouts))))) (-DFL- E_S))",107
sw05utt/sw_0511_3746.utt,3/sw3746,3746,70,sd,A,43,2,{C so } I would have to say that camping and  hiking and canoeing and Boy Scouts is my hobby. /,so/RB  [ I/PRP ] would/MD have/VB to/TO say/VB that/IN camping/NN and/CC hiking/NN and/CC canoeing/NN and/CC  [ Boy/NNP Scouts/NNP ] is/VBZ  [ my/PRP$ hobby/NN ] ./.,(S (RB so) (NP-SBJ-1 (PRP I)) (VP (MD would) (VP (VB have) (S (NP-SBJ (-NONE- *-1)) (VP (TO to) (VP (VB say) (SBAR (IN that) (S (NP-SBJ (NP (NN camping) (CC and) (NN hiking) (CC and) (NN canoeing)) (CC and) (NP (NNP Boy) (NNP Scouts))) (VP (VBZ is) (NP-PRD (PRP$ my) (NN hobby)))))))))) (. .) (-DFL- E_S)),111
sw05utt/sw_0511_3746.utt,3/sw3746,3746,71,b,B,44,1,Yeah. /,Yeah/UH ./.,(INTJ (UH Yeah) (. .) (-DFL- E_S)),113
sw05utt/sw_0511_3746.utt,3/sw3746,3746,72,%,A,45,1,# {C But } I # -- -/,But/CC  [ I/PRP ] --/:,(S-UNF (CC But) (NP-SBJ (PRP I)) (-DFL- N_S)),115
sw05utt/sw_0511_3746.utt,3/sw3746,3746,73,ba,B,46,1,# {F Oh } # {D well } that sounds like fun too <laughter>. /,Oh/UH well/UH  [ that/DT ] sounds/VBZ like/IN  [ fun/NN ] too/RB ./.,(S (INTJ (UH Oh)) (INTJ (UH well)) (NP-SBJ (DT that)) (VP (VBZ sounds) (PP (IN like) (NP (NN fun))) (ADVP (RB too))) (. .) (-DFL- E_S)),117
sw05utt/sw_0511_3746.utt,3/sw3746,3746,74,sd,A,47,1,-- {C but } my golf clubs will probably rust before I get to use them again  /,--/: but/CC  [ my/PRP$ golf/NN clubs/NNS ] will/MD probably/RB rust/VB before/IN  [ I/PRP ] get/VBP to/TO use/VB  [ them/PRP ] again/RB,(S (CC but) (NP-SBJ (PRP$ my) (NN golf) (NNS clubs)) (VP (MD will) (ADVP (RB probably)) (VP (VB rust) (SBAR-TMP (IN before) (S (NP-SBJ-1 (PRP I)) (VP (VBP get) (S (NP-SBJ (-NONE- *-1)) (VP (TO to) (VP (VB use) (NP (PRP them)) (ADVP (RB again)))))))))) (-DFL- E_S)),119
sw05utt/sw_0511_3746.utt,3/sw3746,3746,75,sd,A,47,2,{C because } my boys are still right at the beginning age  /,because/IN  [ my/PRP$ boys/NNS ] are/VBP still/RB right/RB at/IN  [ the/DT beginning/NN age/NN ],(SBAR-PRP (IN because) (S (NP-SBJ (PRP$ my) (NNS boys)) (VP (VBP are) (ADVP-TMP (RB still)) (PP-PRD (ADVP (RB right)) (IN at) (NP (DT the) (NN beginning) (NN age))))) (-DFL- E_S)),120
sw05utt/sw_0511_3746.utt,3/sw3746,3746,76,sd,A,47,3,{C and } it is probably going to be six to eight years before they go to college. /,and/CC  [ it/PRP ] is/VBZ probably/RB going/VBG to/TO be/VB  [ six/CD ] to/TO  [ eight/CD years/NNS ] before/IN  [ they/PRP ] go/VBP to/IN  [ college/NN ] ./.,(S (CC and) (NP-SBJ-1 (PRP it)) (VP (VBZ is) (ADVP (RB probably)) (VP (VBG going) (S (NP-SBJ (-NONE- *-1)) (VP (TO to) (VP (VB be) (NP-PRD (QP (CD six) (TO to) (CD eight)) (NNS years)) (SBAR-TMP (IN before) (S (NP-SBJ (PRP they)) (VP (VBP go) (PP (IN to) (NP (NN college))))))))))) (. .) (-DFL- E_S)),121
sw05utt/sw_0511_3746.utt,3/sw3746,3746,77,b,B,48,1,Uh-huh.  /,[ Uh-huh/UH ] ./.,(INTJ (UH Uh-huh) (. .) (-DFL- E_S)),123
sw05utt/sw_0511_3746.utt,3/sw3746,3746,78,sv,B,48,2,"{D Well, } you need to, {F uh, } teach them how to play and take them out on the course with you <laughter>. /","Well/UH ,/,  [ you/PRP ] need/VBP to/TO ,/,  [ uh/UH ] ,/, teach/VB  [ them/PRP ] how/WRB to/TO play/VB and/CC take/VB  [ them/PRP ] out/IN on/IN  [ the/DT course/NN ] with/IN  [ you/PRP ] ./.","(S (INTJ (UH Well)) (, ,) (NP-SBJ-1 (PRP you)) (VP (VBP need) (S (NP-SBJ (-NONE- *-1)) (VP (TO to) (, ,) (INTJ (UH uh)) (, ,) (VP (VP (VB teach) (NP (PRP them)) (SBAR (WHADVP-2 (WRB how)) (S (NP-SBJ (-NONE- *)) (VP (TO to) (VP (VB play) (ADVP-MNR (-NONE- *T*-2))))))) (CC and) (VP (VB take) (NP (PRP them)) (PP-LOC (IN out) (PP (IN on) (NP (DT the) (NN course)))) (PP (IN with) (NP (PRP you)))))))) (. .) (-DFL- E_S))",124
sw05utt/sw_0511_3746.utt,3/sw3746,3746,79,aa,A,49,1,That's right.  /,[ That/DT ] 's/BES right/JJ ./.,(S (NP-SBJ (DT That)) (VP (BES 's) (ADJP-PRD (JJ right))) (. .) (-DFL- E_S)),126
sw05utt/sw_0511_3746.utt,3/sw3746,3746,80,sv,A,49,2,Lessons are expensive though. /,[ Lessons/NNS ] are/VBP expensive/JJ though/RB ./.,(S (NP-SBJ (NNS Lessons)) (VP (VBP are) (ADJP-PRD (JJ expensive)) (ADVP (RB though))) (. .) (-DFL- E_S)),127
sw05utt/sw_0511_3746.utt,3/sw3746,3746,81,aa,B,50,1,"{F Oh, } yeah.  /","Oh/UH ,/, yeah/UH ./.","(INTJ (INTJ (UH Oh)) (, ,) (INTJ (UH yeah)) (. .) (-DFL- E_S))",129
sw05utt/sw_0511_3746.utt,3/sw3746,3746,82,sv,B,50,2,Well you can teach them <laughter>. /,Well/UH  [ you/PRP ] can/MD teach/VB  [ them/PRP ] ./.,(S (INTJ (UH Well)) (NP-SBJ (PRP you)) (VP (MD can) (VP (VB teach) (NP (PRP them)))) (. .) (-DFL- E_S)),130
sw05utt/sw_0511_3746.utt,3/sw3746,3746,83,ar,A,51,1,"{D Well, } they would probably never make it then  /","Well/UH ,/,  [ they/PRP ] would/MD probably/RB never/RB make/VB  [ it/PRP ] then/RB","(S (INTJ (UH Well)) (, ,) (NP-SBJ (PRP they)) (VP (MD would) (ADVP (RB probably)) (ADVP-TMP (RB never)) (VP (VB make) (NP (PRP it)) (ADVP (RB then)))) (-DFL- E_S))",132
sw05utt/sw_0511_3746.utt,3/sw3746,3746,84,sd,A,51,2,"{C because } I don't think, {F uh, } - /","because/IN  [ I/PRP ] do/VBP n't/RB think/VB ,/, uh/UH ,/,","(SBAR-PRP (IN because) (S (NP-SBJ (PRP I)) (VP (VBP do) (RB n't) (VP-UNF (VB think) (, ,) (INTJ (UH uh))))) (, ,) (-DFL- N_S))",133
sw05utt/sw_0511_3746.utt,3/sw3746,3746,85,sd,A,51,3,I only took lessons for golf when I was in college. /,[ I/PRP ] only/RB took/VBD  [ lessons/NNS ] for/IN  [ golf/NN ] when/WRB  [ I/PRP ] was/VBD in/IN  [ college/NN ] ./.,(S (NP-SBJ (PRP I)) (ADVP (RB only)) (VP (VBD took) (NP (NP (NNS lessons)) (PP (IN for) (NP (NN golf)))) (SBAR-TMP (WHADVP-1 (WRB when)) (S (NP-SBJ (PRP I)) (VP (VBD was) (PP-PRD (IN in) (NP (NN college))) (ADVP-TMP (-NONE- *T*-1)))))) (. .) (-DFL- E_S)),134
sw05utt/sw_0511_3746.utt,3/sw3746,3746,86,b,B,52,1,Uh-huh. /,[ Uh-huh/UH ] ./.,(INTJ (UH Uh-huh) (. .) (-DFL- E_S)),123
sw05utt/sw_0511_3746.utt,3/sw3746,3746,87,sd,A,53,1,"{F Uh, } as a course for P E you know <laughter> --","[ Uh/UH ] ,/, as/IN  [ a/DT course/NN ] for/IN  [ P/NNP E/NNP you/PRP ] know/VBP --/:","(FRAG (INTJ (UH Uh)) (, ,) (PP (IN as) (NP (NP (DT a) (NN course)) (PP (IN for) (NP (NNP P) (NNP E))))) (PRN (S (NP-SBJ (PRP you)) (VP (VBP know)))) (SBAR-PRP (IN so) (S (NP-SBJ (PRP I)) (VP (MD could) (VP (VB graduate))))) (. .) (-DFL- E_S))",138
sw05utt/sw_0511_3746.utt,3/sw3746,3746,88,b,B,54,1,"Right,  /","[ Right/UH ] ,/,","(INTJ (UH Right) (, ,) (-DFL- E_S))",140
sw05utt/sw_0511_3746.utt,3/sw3746,3746,89,b^r,B,54,2,Right. /,[ Right/UH ] ./.,(INTJ (UH Right) (. .) (-DFL- E_S)),141
sw05utt/sw_0511_3746.utt,3/sw3746,3746,90,+,A,55,1,-- so I could graduate. /,--/: so/IN  [ I/PRP ] could/MD graduate/VB ./.,"(FRAG (INTJ (UH Uh)) (, ,) (PP (IN as) (NP (NP (DT a) (NN course)) (PP (IN for) (NP (NNP P) (NNP E))))) (PRN (S (NP-SBJ (PRP you)) (VP (VBP know)))) (SBAR-PRP (IN so) (S (NP-SBJ (PRP I)) (VP (MD could) (VP (VB graduate))))) (. .) (-DFL- E_S))",138
sw05utt/sw_0511_3746.utt,3/sw3746,3746,91,b,B,56,1,Uh-huh. /,[ Uh-huh/UH ] ./.,(INTJ (UH Uh-huh) (. .) (-DFL- E_S)),123
sw05utt/sw_0511_3746.utt,3/sw3746,3746,92,sd,A,57,1,"{C But, } {F uh, } that is the only time I think I have ever really taken golf lessons  /","But/CC ,/,  [ uh/UH ] ,/,  [ that/DT ] is/VBZ  [ the/DT only/JJ time/NN ] [ I/PRP ] think/VBP  [ I/PRP ] have/VBP ever/RB really/RB taken/VBN  [ golf/NN lessons/NNS ]","(S (CC But) (, ,) (INTJ (UH uh)) (, ,) (NP-SBJ (DT that)) (VP (VBZ is) (NP-PRD (NP (DT the) (JJ only) (NN time)) (SBAR (WHADVP-1 (-NONE- 0)) (S (NP-SBJ (PRP I)) (VP (VBP think) (SBAR (-NONE- 0) (S (NP-SBJ (PRP I)) (VP (VBP have) (ADVP-TMP (RB ever)) (ADVP (RB really)) (VP (VBN taken) (NP (NN golf) (NNS lessons)) (ADVP-TMP (-NONE- *T*-1))))))))))) (-DFL- E_S))",146
sw05utt/sw_0511_3746.utt,3/sw3746,3746,93,sd,A,57,2,{C and } that was kind of a group --,and/CC  [ that/DT ] was/VBD  [ kind/RB ] of/RB  [ a/DT group/NN ] --/:,(S (CC and) (NP-SBJ (DT that)) (VP (VBD was) (ADVP (RB kind) (RB of)) (NP-PRD (NP (DT a) (NN group) (NN scenario)) (NAC (CC and) (RB not) (ADJP (JJ individual))))) (. .) (-DFL- E_S)),147
sw05utt/sw_0511_3746.utt,3/sw3746,3746,94,b,B,58,1,Uh-huh. /,[ Uh-huh/UH ] ./.,(INTJ (UH Uh-huh) (. .) (-DFL- E_S)),123
sw05utt/sw_0511_3746.utt,3/sw3746,3746,95,+,A,59,1,-- scenario --,--/:  [ scenario/NN ] --/:,(S (CC and) (NP-SBJ (DT that)) (VP (VBD was) (ADVP (RB kind) (RB of)) (NP-PRD (NP (DT a) (NN group) (NN scenario)) (NAC (CC and) (RB not) (ADJP (JJ individual))))) (. .) (-DFL- E_S)),147
sw05utt/sw_0511_3746.utt,3/sw3746,3746,96,b,B,60,1,Right. /,[ Right/UH ] ./.,(INTJ (UH Right) (. .) (-DFL- E_S)),141
sw05utt/sw_0511_3746.utt,3/sw3746,3746,97,+,A,61,1,-- and not individual. /,--/: and/CC not/RB individual/JJ ./.,(S (CC and) (NP-SBJ (DT that)) (VP (VBD was) (ADVP (RB kind) (RB of)) (NP-PRD (NP (DT a) (NN group) (NN scenario)) (NAC (CC and) (RB not) (ADJP (JJ individual))))) (. .) (-DFL- E_S)),147
sw05utt/sw_0511_3746.utt,3/sw3746,3746,98,b,B,62,1,Right. /,[ Right/UH ] ./.,(INTJ (UH Right) (. .) (-DFL- E_S)),141
sw05utt/sw_0511_3746.utt,3/sw3746,3746,99,sd,A,63,1,I took one lesson one other time.  /,[ I/PRP ] took/VBD  [ one/CD lesson/NN one/CD other/JJ time/NN ] ./.,(S (NP-SBJ (PRP I)) (VP (VBD took) (NP (CD one) (NN lesson)) (NP-TMP (CD one) (JJ other) (NN time))) (. .) (-DFL- E_S)),157
sw05utt/sw_0511_3746.utt,3/sw3746,3746,100,sd,A,63,2,"Besides that, {F uh, } I just, {F uh, } try to make the club hit the ball. /","Besides/IN  [ that/DT ] ,/,  [ uh/UH ] ,/,  [ I/PRP ] just/RB ,/,  [ uh/UH ] ,/, try/VBP to/TO make/VB  [ the/DT club/NN ] hit/VBD  [ the/DT ball/NN ] ./.","(S (PP (IN Besides) (NP (DT that))) (, ,) (INTJ (UH uh)) (, ,) (NP-SBJ-1 (PRP I)) (ADVP (RB just)) (, ,) (INTJ (UH uh)) (, ,) (VP (VBP try) (S (NP-SBJ (-NONE- *-1)) (VP (TO to) (VP (VB make) (S (NP-SBJ (DT the) (NN club)) (VP (VBD hit) (NP (DT the) (NN ball)))))))) (. .) (-DFL- E_S))",158
sw05utt/sw_0511_3746.utt,3/sw3746,3746,101,aa,B,64,1,Right. /,[ Right/UH ] ./.,(INTJ (UH Right) (. .) (-DFL- E_S)),141
sw05utt/sw_0511_3746.utt,3/sw3746.pos,3746,102,x,A,65,1,<Laughter>.,./.
sw05utt/sw_0511_3746.utt,3/sw3746,3746,103,aa,B,66,1,"Yeah,  /","[ Yeah/UH ] ,/,","(INTJ (UH Yeah) (, ,) (-DFL- E_S))",163
sw05utt/sw_0511_3746.utt,3/sw3746,3746,104,sd,B,66,2,I know what you mean <laughter>. /,[ I/PRP ] know/VBP  [ what/WP ] [ you/PRP ] mean/VBP ./.,(S (NP-SBJ (PRP I)) (VP (VBP know) (SBAR-NOM (WHNP-1 (WP what)) (S (NP-SBJ (PRP you)) (VP (VBP mean) (NP (-NONE- *T*-1)))))) (. .) (-DFL- E_S)),164
sw05utt/sw_0511_3746.utt,3/sw3746,3746,105,sd,A,67,1,"I don't want to play strike out, {D you know. } /","[ I/PRP ] do/VBP n't/RB want/VB to/TO play/VB strike/GW out/^NN ,/,  [ you/PRP ] know/VBP ./.","(S (NP-SBJ-1 (PRP I)) (VP (VBP do) (RB n't) (VP (VB want) (S (NP-SBJ (-NONE- *-1)) (VP (TO to) (VP (VB play) (NP (GW strike) (^NN out))))) (PRN (, ,) (S (NP-SBJ (PRP you)) (VP (VBP know)))))) (. .) (-DFL- E_S))",166
sw05utt/sw_0511_3746.utt,3/sw3746,3746,106,b,B,68,1,Uh-huh. /,[ Uh-huh/UH ] ./.,(INTJ (UH Uh-huh) (. .) (-DFL- E_S)),144
sw05utt/sw_0511_3746.utt,3/sw3746,3746,107,sd,A,69,1,"{C But } I have fun doing it,  /","But/CC  [ I/PRP ] have/VBP  [ fun/NN ] doing/VBG  [ it/PRP ] ,/,","(S (CC But) (NP-SBJ-1 (PRP I)) (VP (VBP have) (NP (NN fun)) (S-ADV (NP-SBJ (-NONE- *-1)) (VP (VBG doing) (NP (PRP it))))) (, ,) (-DFL- E_S))",170
sw05utt/sw_0511_3746.utt,3/sw3746,3746,108,sd,A,69,2,"[ some, + {F uh, } {D you know, } I have some ] good shots and  some bad shots. /","[ some/DT ] ,/,  [ uh/UH ] ,/,  [ you/PRP ] know/VBP ,/,  [ I/PRP ] have/VBP  [ some/DT good/JJ shots/NNS ] and/CC  [ some/DT bad/JJ shots/NNS ] ./.","(S (EDITED (RM (-DFL- \[)) (NP-UNF (DT some)) (, ,) (IP (-DFL- \+))) (INTJ (UH uh)) (PRN (, ,) (S (NP-SBJ (PRP you)) (VP (VBP know))) (, ,)) (NP-SBJ (PRP I)) (VP (VBP have) (NP (NP (DT some) (RS (-DFL- \])) (JJ good) (NNS shots)) (CC and) (NP (DT some) (JJ bad) (NNS shots)))) (. .) (-DFL- E_S))",171
sw05utt/sw_0511_3746.utt,3/sw3746,3746,109,b,B,70,1,{D Oh } yeah.  /,Oh/UH yeah/UH ./.,(INTJ (INTJ (UH Oh)) (INTJ (UH yeah)) (. .) (-DFL- E_S)),173
sw05utt/sw_0511_3746.utt,3/sw3746,3746,110,sv,B,70,2,"[ It, + it ] is just nice to get outdoors and do something. /","[ It/PRP ] ,/,  [ it/PRP ] is/VBZ just/RB nice/JJ to/TO get/VB outdoors/RB and/CC do/VB  [ something/NN ] ./.","(S (EDITED (RM (-DFL- \[)) (NP-SBJ (PRP It)) (, ,) (IP (-DFL- \+))) (NP-SBJ (NP (PRP it)) (S (-NONE- *EXP*-1))) (RS (-DFL- \])) (VP (VBZ is) (ADVP (RB just)) (ADJP-PRD (JJ nice)) (S-1 (NP-SBJ (-NONE- *)) (VP (TO to) (VP (VP (VB get) (ADVP-LOC (RB outdoors))) (CC and) (VP (VB do) (NP (NN something))))))) (. .) (-DFL- E_S))",174
sw05utt/sw_0511_3746.utt,3/sw3746,3746,111,sd,A,71,1,"{C So } you said you work, {F uh, } in the gardens too.  /","So/UH  [ you/PRP ] said/VBD  [ you/PRP ] [ work/NN ] ,/,  [ uh/UH ] ,/, in/IN  [ the/DT gardens/NNS ] too/RB ./.","(S (RB So) (NP-SBJ (PRP you)) (VP (VBD said) (SBAR (-NONE- 0) (S (NP-SBJ (PRP you)) (VP (NN work) (, ,) (INTJ (UH uh)) (, ,) (PP-LOC (IN in) (NP (DT the) (NNS gardens))) (ADVP (RB too)))))) (. .) (-DFL- E_S))",176
sw05utt/sw_0511_3746.utt,3/sw3746,3746,112,qy,A,71,2,"Do you have, {F uh, } [ a + ] special # flowers? # /","Do/VBP  [ you/PRP ] have/VB ,/,  [ uh/UH ] ,/,  [ a/DT special/JJ flowers/NNS ] ?/.","(SQ (VBP Do) (NP-SBJ (PRP you)) (VP (VB have) (, ,) (INTJ (UH uh)) (, ,) (RM (-DFL- \[)) (INTJ (TYPO (DT a))) (IP (-DFL- \+)) (RS (-DFL- \])) (NP (JJ special) (NNS flowers))) (. ?) (-DFL- E_S))",177
sw05utt/sw_0511_3746.utt,3/sw3746,3746,113,no,B,72,1,# {D Well } # flower gardens.  /,Well/UH  [ flower/NN gardens/NNS ] ./.,(FRAG (INTJ (UH Well)) (NP (NN flower) (NNS gardens)) (. .) (-DFL- E_S)),179
sw05utt/sw_0511_3746.utt,3/sw3746,3746,114,sd,B,72,2,"I like to have, - /","[ I/PRP ] like/VBP to/TO have/VB ,/,","(S (NP-SBJ-1 (PRP I)) (VP (VBP like) (S (NP-SBJ (-NONE- *-1)) (VP (TO to) (VP-UNF (VB have))))) (, ,) (-DFL- N_S))",180
sw05utt/sw_0511_3746.utt,3/sw3746,3746,115,sd,B,72,3,matter of fact this past weekend I just got finished planting a bunch of tulips and daffodil bulbs.  /,[ matter/NN ] of/IN  [ fact/NN ] [ this/DT past/JJ weekend/NN ] [ I/PRP ] just/RB got/VBD finished/VBN planting/VBG  [ a/DT bunch/NN ] of/IN  [ tulips/NNS ] and/CC  [ daffodil/NN bulbs/NNS ] ./.,(S (NP-ADV (NP (NN matter)) (PP (IN of) (NP (NN fact)))) (NP-TMP (DT this) (JJ past) (NN weekend)) (NP-SBJ-1 (PRP I)) (ADVP (RB just)) (VP (VBD got) (VP (VBN finished) (S (NP-SBJ (-NONE- *-1)) (VP (VBG planting) (NP (NP (DT a) (NN bunch)) (PP (IN of) (NP (NP (NNS tulips)) (CC and) (NP (NN daffodil) (NNS bulbs))))))))) (. .) (-DFL- E_S)),181
sw05utt/sw_0511_3746.utt,3/sw3746,3746,116,sd,B,72,4,"{C So, } those ought to be coming up around spring time <laughter>. /","So/UH ,/,  [ those/DT ] ought/MD to/TO be/VB coming/VBG up/RP around/IN  [ spring/NN time/NN ] ./.","(S (RB So) (, ,) (NP-SBJ-1 (DT those)) (VP (MD ought) (S (NP-SBJ (-NONE- *-1)) (VP (TO to) (VP (VB be) (VP (VBG coming) (ADVP-DIR (RP up)) (PP-TMP (IN around) (NP (NN spring) (NN time)))))))) (. .) (-DFL- E_S))",182
sw05utt/sw_0511_3746.utt,3/sw3746,3746,117,sd,A,73,1,"My wife had, {F uh, } just put in a bunch of, I want to say,  they are pansies. /","[ My/PRP$ wife/NN ] had/VBD ,/,  [ uh/UH ] ,/, just/RB put/VBN in/IN  [ a/DT bunch/NN ] of/IN ,/,  [ I/PRP ] want/VBP to/TO say/VB ,/,  [ they/PRP ] are/VBP  [ pansies/NNS ] ./.","(S (NP-SBJ (PRP$ My) (NN wife)) (VP (VBD had) (, ,) (INTJ (UH uh)) (, ,) (ADVP (RB just)) (VP (VBN put) (PRT (IN in)) (NP (NP (DT a) (NN bunch)) (PP (IN of) (PRN (, ,) (S (NP-SBJ-1 (PRP I)) (VP (VBP want) (S (NP-SBJ (-NONE- *-1)) (VP (TO to) (VP (VB say) (, ,) (SBAR (-NONE- 0) (S (NP-SBJ (PRP they)) (VP (VBP are) (NP-PRD (-NONE- *RNR*-2))))))))))) (NP-2 (NNS pansies)))))) (. .) (-DFL- E_S))",184
sw05utt/sw_0511_3746.utt,3/sw3746,3746,118,b,B,74,1,Uh-huh. /,[ Uh-huh/UH ] ./.,(INTJ (UH Uh-huh) (. .) (-DFL- E_S)),168
sw05utt/sw_0511_3746.utt,3/sw3746,3746,119,sd,A,75,1,She put them in like two months ago cause they are winter plants. /,[ She/PRP ] put/VBD  [ them/PRP ] in/IN like/IN  [ two/CD months/NNS ] ago/RB cause/IN  [ they/PRP ] are/VBP  [ winter/NN plants/NNS ] ./.,(S (NP-SBJ (PRP She)) (VP (VBD put) (NP (PRP them)) (PRT (IN in)) (INTJ (IN like)) (ADVP-TMP (NP (CD two) (NNS months)) (RB ago)) (SBAR-PRP (IN cause) (S (NP-SBJ (PRP they)) (VP (VBP are) (NP-PRD (NN winter) (NNS plants)))))) (. .) (-DFL- E_S)),188
sw05utt/sw_0511_3746.utt,3/sw3746,3746,120,b,B,76,1,Right. /,[ Right/UH ] ./.,(INTJ (UH Right) (. .) (-DFL- E_S)),160
sw05utt/sw_0511_3746.utt,3/sw3746,3746,121,sd,A,77,1,"{C And } they have been, - /","And/CC  [ they/PRP ] have/VBP been/VBN ,/,","(S (CC And) (NP-SBJ (PRP they)) (VP (VBP have) (VP-UNF (VBN been))) (, ,) (-DFL- N_S))",192
sw05utt/sw_0511_3746.utt,3/sw3746,3746,122,sv,A,77,2,we thought even with all the cold weather weather we have had they have been blooming just fine. /,[ we/PRP ] thought/VBD even/RB with/IN  [ all/PDT the/DT cold/JJ weather/NN weather/NN ] [ we/PRP ] have/VBP had/VBN  [ they/PRP ] have/VBP been/VBN blooming/VBG just/RB fine/RB ./.,(S (NP-SBJ (PRP we)) (VP (VBD thought) (SBAR (-NONE- 0) (S (ADVP (RB even)) (PP (IN with) (NP (NP (PDT all) (DT the) (JJ cold) (EDITED (NN weather)) (NN weather)) (SBAR (WHNP-1 (-NONE- 0)) (S (NP-SBJ (PRP we)) (VP (VBP have) (VP (VBN had) (NP (-NONE- *T*-1)))))))) (NP-SBJ (PRP they)) (VP (VBP have) (VP (VBN been) (VP (VBG blooming) (ADVP-MNR (RB just) (RB fine)))))))) (. .) (-DFL- E_S)),193
sw05utt/sw_0511_3746.utt,3/sw3746,3746,123,sd,B,78,1,"{F Oh, } they do great.  /","Oh/UH ,/,  [ they/PRP ] do/VBP  [ great/JJ ] ./.","(S (INTJ (UH Oh)) (, ,) (NP-SBJ (PRP they)) (VP (VBP do) (ADVP-MNR (JJ great))) (. .) (-DFL- E_S))",195
sw05utt/sw_0511_3746.utt,3/sw3746,3746,124,sd,B,78,2,I put mine in probably in November. /,[ I/PRP ] put/VBP  [ mine/JJ ] in/IN probably/RB in/IN  [ November/NNP ] ./.,(S (NP-SBJ (PRP I)) (VP (VBP put) (NP (JJ mine)) (PRT (IN in)) (ADVP (RB probably)) (PP-TMP (IN in) (NP (NNP November)))) (. .) (-DFL- E_S)),196
sw05utt/sw_0511_3746.utt,3/sw3746,3746,125,sd,A,79,1,"That is when she did, I think. /","[ That/DT ] is/VBZ when/WRB  [ she/PRP ] did/VBD ,/,  [ I/PRP ] think/VBP ./.","(S (S-TPC-2 (NP-SBJ (DT That)) (VP (VBZ is) (SBAR-TMP-PRD (WHADVP-1 (WRB when)) (S (NP-SBJ (PRP she)) (VP (VBD did) (ADVP-TMP (-NONE- *T*-1))))))) (, ,) (NP-SBJ (PRP I)) (VP (VBP think) (SBAR (-NONE- 0) (S (-NONE- *T*-2)))) (. .) (-DFL- E_S))",198
sw05utt/sw_0511_3746.utt,3/sw3746,3746,126,b,B,80,1,"Yeah,  /","[ Yeah/UH ] ,/,","(INTJ (UH Yeah) (, ,) (-DFL- E_S))",200
sw05utt/sw_0511_3746.utt,3/sw3746,3746,127,sd,B,80,2,I think it was November  /,[ I/PRP ] think/VBP  [ it/PRP ] was/VBD  [ November/NNP ],(S (NP-SBJ (PRP I)) (VP (VBP think) (SBAR (-NONE- 0) (S (NP-SBJ (PRP it)) (VP (VBD was) (NP-PRD (NNP November)))))) (-DFL- E_S)),201
sw05utt/sw_0511_3746.utt,3/sw3746,3746,128,sd,B,80,3,"{C and } I don't do anything to mine, water them or anything <laughter>.  /","and/CC  [ I/PRP ] do/VBP n't/RB do/VB  [ anything/NN ] to/TO mine/PRP ,/, water/VB  [ them/PRP ] or/CC  [ anything/NN ] ./.","(S (CC and) (NP-SBJ (PRP I)) (VP (VBP do) (RB n't) (VP (VP (VB do) (NP (NN anything)) (PP (TO to) (NP (PRP mine)))) (, ,) (VP (VB water) (NP (PRP them))) (CC or) (NP-ETC (NN anything)))) (. .) (-DFL- E_S))",202
sw05utt/sw_0511_3746.utt,3/sw3746,3746,129,sd,B,80,4,"{C And } they just, - /","And/CC  [ they/PRP ] just/RB ,/,","(S-UNF (CC And) (NP-SBJ (PRP they)) (ADVP (RB just)) (, ,) (-DFL- N_S))",203
sw05utt/sw_0511_3746.utt,3/sw3746,3746,130,sd,B,80,5,they do really good  /,[ they/PRP ] do/VBP really/RB good/JJ,(S (NP-SBJ (PRP they)) (VP (VBP do) (ADVP-MNR (RB really) (JJ good))) (-DFL- E_S)),204
sw05utt/sw_0511_3746.utt,3/sw3746,3746,131,sd,B,80,6,"{C and } I even had, {F uh, } I guess it was last year or the year before, I had some out  /","and/CC  [ I/PRP ] even/RB had/VBD ,/,  [ uh/UH ] ,/,  [ I/PRP ] guess/VBP  [ it/PRP ] was/VBD  [ last/JJ year/NN ] or/CC  [ the/DT year/NN ] before/RB ,/,  [ I/PRP ] had/VBD  [ some/DT ] out/RB","(S (CC and) (EDITED (S (NP-SBJ (PRP I)) (ADVP (RB even)) (VP-UNF (VBD had))) (, ,)) (INTJ (UH uh)) (PRN (, ,) (S (NP-SBJ (PRP I)) (VP (VBP guess) (SBAR (-NONE- 0) (S (NP-SBJ (PRP it)) (VP (VBD was) (NP-PRD (-NONE- *RNR*-1)))))))) (NP-TMP-1 (NP (JJ last) (NN year)) (CC or) (NP (NP (DT the) (NN year)) (ADVP-TMP (RB before)))) (, ,) (NP-SBJ (PRP I)) (VP (VBD had) (NP (DT some)) (ADVP-LOC (RB out))) (-DFL- E_S))",205
sw05utt/sw_0511_3746.utt,3/sw3746,3746,132,sd,B,80,7,{C and } it froze  /,and/CC  [ it/PRP ] froze/VBD,(S (CC and) (NP-SBJ (PRP it)) (VP (VBD froze)) (-DFL- E_S)),206
sw05utt/sw_0511_3746.utt,3/sw3746,3746,133,sd,B,80,8,"{C and } the pansies looked terrible,  but they came back later.  /","and/CC  [ the/DT pansies/NNS ] looked/VBD  [ terrible/JJ ] ,/, but/CC  [ they/PRP ] came/VBD back/RB later/RB ./.","(S (CC and) (NP-SBJ (DT the) (NNS pansies)) (VP (VBD looked) (ADJP-PRD (JJ terrible))) (, ,))|||(S (CC but) (NP-SBJ (PRP they)) (VP (VBD came) (ADVP (RB back)) (ADVP-TMP (RB later))) (. .) (-DFL- E_S))",207|||208
sw05utt/sw_0511_3746.utt,3/sw3746,3746,134,sd,B,80,9,I didn't do anything to them  /,[ I/PRP ] did/VBD n't/RB do/VB  [ anything/NN ] to/IN  [ them/PRP ],(S (NP-SBJ (PRP I)) (VP (VBD did) (RB n't) (VP (VB do) (NP (NN anything)) (PP (IN to) (NP (PRP them))))) (-DFL- E_S)),209
sw05utt/sw_0511_3746.utt,3/sw3746,3746,135,sd,B,80,10,"{C so } [ they are, + {F uh, } they are ] good to plant in the winter time.  /","so/RB  [ they/PRP ] are/VBP ,/,  [ uh/UH ] ,/,  [ they/PRP ] are/VBP good/JJ to/TO plant/VB in/IN  [ the/DT winter/NN time/NN ] ./.","(S (RB so) (EDITED (RM (-DFL- \[)) (S (NP-SBJ (PRP they)) (VP-UNF (VBP are))) (, ,) (IP (-DFL- \+))) (INTJ (UH uh)) (, ,) (NP-SBJ (PRP they)) (VP (VBP are) (RS (-DFL- \])) (ADJP-PRD (JJ good) (S (NP-SBJ (-NONE- *)) (VP (TO to) (VP (VB plant) (PP-TMP (IN in) (NP (DT the) (NN winter) (NN time)))))))) (. .) (-DFL- E_S))",210
sw05utt/sw_0511_3746.utt,3/sw3746,3746,136,sd,B,80,11,They last for a long time then.  /,[ They/PRP ] last/VBP for/IN  [ a/DT long/JJ time/NN ] then/RB ./.,(S (NP-SBJ (PRP They)) (VP (VBP last) (PP-TMP (IN for) (NP (DT a) (JJ long) (NN time))) (ADVP-TMP (RB then))) (. .) (-DFL- E_S)),211
sw05utt/sw_0511_3746.utt,3/sw3746,3746,137,sd,B,80,12,"{C So, } if you start putting them, {D you know, } you can put them out in the spring too,  /","So/UH ,/, if/IN  [ you/PRP ] start/VBP putting/VBG  [ them/PRP ] ,/,  [ you/PRP ] know/VBP ,/,  [ you/PRP ] can/MD put/VB  [ them/PRP ] out/RB in/IN  [ the/DT spring/NN ] too/RB ,/,","(S (RB So) (, ,) (EDITED (SBAR-ADV (IN if) (S (NP-SBJ-1 (PRP you)) (VP (VBP start) (S (NP-SBJ (-NONE- *-1)) (VP-UNF (VBG putting) (NP (PRP them)))))))) (PRN (, ,) (S (NP-SBJ (PRP you)) (VP (VBP know))) (, ,)) (NP-SBJ (PRP you)) (VP (MD can) (VP (VB put) (NP (PRP them)) (ADVP-PUT (RB out)) (PP-TMP (IN in) (NP (DT the) (NN spring))) (ADVP (RB too)))) (, ,) (-DFL- E_S))",212
sw05utt/sw_0511_3746.utt,3/sw3746,3746,138,sd,B,80,13,{C but } once it starts getting real hot --,but/CC once/IN  [ it/PRP ] starts/VBZ getting/VBG real/RB hot/JJ --/:,(S (CC but) (SBAR-TMP (IN once) (S (NP-SBJ-1 (PRP it)) (VP (VBZ starts) (S (NP-SBJ (-NONE- *-1)) (VP (VBG getting) (ADJP-PRD (RB real) (JJ hot))))))) (ADVP-TMP (RB then)) (NP-SBJ (PRP it)) (ADVP (RB just)) (VP (VBZ kills) (NP (PRP them)) (SBAR-PRP (IN cause) (S (NP-SBJ (PRP they)) (VP (MD ca) (RB n't) (VP (VB stand) (NP (DT the) (JJ hot) (NN weather))))))) (. .) (-DFL- E_S)),213
sw05utt/sw_0511_3746.utt,3/sw3746,3746,139,b,A,81,1,Uh-huh. /,[ Uh-huh/UH ] ./.,(INTJ (UH Uh-huh) (. .) (-DFL- E_S)),186
sw05utt/sw_0511_3746.utt,3/sw3746,3746,140,+,B,82,1,-- then it just kills them cause they can't stand the hot weather. /,--/: then/RB  [ it/PRP ] just/RB kills/VBZ  [ them/PRP ] cause/IN  [ they/PRP ] ca/MD n't/RB stand/VB  [ the/DT hot/JJ weather/NN ] ./.,(S (CC but) (SBAR-TMP (IN once) (S (NP-SBJ-1 (PRP it)) (VP (VBZ starts) (S (NP-SBJ (-NONE- *-1)) (VP (VBG getting) (ADJP-PRD (RB real) (JJ hot))))))) (ADVP-TMP (RB then)) (NP-SBJ (PRP it)) (ADVP (RB just)) (VP (VBZ kills) (NP (PRP them)) (SBAR-PRP (IN cause) (S (NP-SBJ (PRP they)) (VP (MD ca) (RB n't) (VP (VB stand) (NP (DT the) (JJ hot) (NN weather))))))) (. .) (-DFL- E_S)),213
sw05utt/sw_0511_3746.utt,3/sw3746,3746,141,qy,A,83,1,Do they survive longer if you plant them in the winter time?  /,Do/VBP  [ they/PRP ] survive/VB longer/RBR if/IN  [ you/PRP ] plant/VBP  [ them/PRP ] in/IN  [ the/DT winter/NN time/NN ] ?/.,(SQ (VBP Do) (NP-SBJ (PRP they)) (VP (VB survive) (ADVP-TMP (RBR longer)) (SBAR-ADV (IN if) (S (NP-SBJ (PRP you)) (VP (VBP plant) (NP (PRP them)) (PP-TMP (IN in) (NP (DT the) (NN winter) (NN time))))))) (. ?) (-DFL- E_S)),218
sw05utt/sw_0511_3746.utt,3/sw3746,3746,142,qy,A,83,2,Will they make it through the summer sun? /,Will/MD  [ they/PRP ] make/VB  [ it/PRP ] through/IN  [ the/DT summer/NN sun/NN ] ?/.,(SQ (MD Will) (NP-SBJ (PRP they)) (VP (VB make) (NP (PRP it)) (PP (IN through) (NP (DT the) (NN summer) (NN sun)))) (. ?) (-DFL- E_S)),219
sw05utt/sw_0511_3746.utt,3/sw3746,3746,143,nn,B,84,1,"No,  /","No/UH ,/,","(INTJ (UH No) (, ,) (-DFL- E_S))",221
sw05utt/sw_0511_3746.utt,3/sw3746,3746,144,sd^e,B,84,2,"they won't make it through the summer because it gets too hot,  /","[ they/PRP ] wo/MD n't/RB make/VB  [ it/PRP ] through/IN  [ the/DT summer/NN ] because/IN  [ it/PRP ] gets/VBZ too/RB hot/JJ ,/,","(S (NP-SBJ (PRP they)) (VP (MD wo) (RB n't) (VP (VB make) (NP (PRP it)) (PP (IN through) (NP (DT the) (NN summer))) (SBAR-PRP (IN because) (S (NP-SBJ (PRP it)) (VP (VBZ gets) (ADJP-PRD (RB too) (JJ hot))))))) (, ,) (-DFL- E_S))",222
sw05utt/sw_0511_3746.utt,3/sw3746,3746,145,sd,B,84,3,{C but } they make it through probably winter and spring.  /,but/CC  [ they/PRP ] make/VBP  [ it/PRP ] through/IN probably/RB  [ winter/NN ] and/CC  [ spring/NN ] ./.,(S (CC but) (NP-SBJ (PRP they)) (VP (VBP make) (NP (PRP it)) (PP (IN through) (ADVP (RB probably)) (NP (NN winter) (CC and) (NN spring)))) (. .) (-DFL- E_S)),223
sw05utt/sw_0511_3746.utt,3/sw3746,3746,146,%,B,84,4,"{C So, } -/","So/UH ,/,","(S-UNF (RB So) (, ,) (-DFL- N_S))",224
sw05utt/sw_0511_3746.utt,3/sw3746,3746,147,%,A,85,1,{D Well. } /,Well/RB ./.,(INTJ (RB Well) (. .) (-DFL- E_S)),226
sw05utt/sw_0511_3746.utt,3/sw3746,3746,148,%,B,86,1,"Yeah,  /","[ Yeah/UH ] ,/,","(INTJ (UH Yeah) (, ,) (-DFL- E_S))",200
sw05utt/sw_0511_3746.utt,3/sw3746,3746,149,sd,B,86,2,"I have got some of those too,  /","[ I/PRP ] have/VBP got/VBN  [ some/DT ] of/IN  [ those/DT ] too/RB ,/,","(S (NP-SBJ (PRP I)) (VP (VBP have) (VP (VBN got) (NP (NP (DT some)) (PP (IN of) (NP (DT those)))) (ADVP (RB too)))) (, ,) (-DFL- E_S))",229
sw05utt/sw_0511_3746.utt,3/sw3746,3746,150,sd,B,86,3,{C cause } I love flowers <laughter>. /,cause/RB  [ I/PRP ] love/VBP  [ flowers/NNS ] ./.,(SBAR-PRP (RB cause) (S (NP-SBJ (PRP I)) (VP (VBP love) (NP (NNS flowers)))) (. .) (-DFL- E_S)),230
sw05utt/sw_0511_3746.utt,3/sw3746,3746,151,ba,A,87,1,"{D Well, } that is good.  /","Well/UH ,/,  [ that/DT ] is/VBZ good/JJ ./.","(S (INTJ (UH Well)) (, ,) (NP-SBJ (DT that)) (VP (VBZ is) (ADJP-PRD (JJ good))) (. .) (-DFL- E_S))",232
sw05utt/sw_0511_3746.utt,3/sw3746,3746,152,b,B,88,1,Yeah.  /,Yeah/UH ./.,(INTJ (UH Yeah) (. .) (-DFL- E_S)),234
sw05utt/sw_0511_3746.utt,3/sw3746,3746,153,sd,B,88,2,"{C And } [ I do, + I try to do ] some arts and crafts  /","And/CC  [ I/PRP ] do/VBP ,/,  [ I/PRP ] try/VBP to/TO do/VB  [ some/DT arts/NNS ] and/CC  [ crafts/NNS ]","(S (CC And) (EDITED (RM (-DFL- \[)) (S (NP-SBJ (PRP I)) (VP-UNF (VBP do))) (, ,) (IP (-DFL- \+))) (NP-SBJ-1 (PRP I)) (VP (VBP try) (S (NP-SBJ (-NONE- *-1)) (VP (TO to) (VP (VB do) (RS (-DFL- \])) (NP (DT some) (NNS arts) (CC and) (NNS crafts)))))) (-DFL- E_S))",235
sw05utt/sw_0511_3746.utt,3/sw3746,3746,154,sd,B,88,3,"{C and } I love to go, -/","and/CC  [ I/PRP ] love/VBP to/TO go/VB ,/,","(S (CC and) (NP-SBJ-1 (PRP I)) (VP (VBP love) (S (NP-SBJ (-NONE- *-1)) (VP (TO to) (VP-UNF (VB go))))) (, ,) (-DFL- N_S))",236
