swda_filename,ptb_basename,conversation_no,transcript_index,act_tag,caller,utterance_index,subutterance_index,text,pos,trees,ptb_treenumbers
sw05utt/sw_0510_3680.utt,3/sw3680,3680,0,ad,A,1,1,tell me what you think about the Vietnam war. /,tell/VB  [ me/PRP ] [ what/WP ] [ you/PRP ] think/VB about/IN  [ the/DT Vietnam/NNP war/NN ] ./.,(S-IMP (NP-SBJ (-NONE- *)) (VP (VB tell) (NP (PRP me)) (SBAR-NOM (WHNP-1 (WP what)) (S (NP-SBJ (PRP you)) (VP (VB think) (NP (-NONE- *T*-1)) (PP (IN about) (NP (DT the) (NNP Vietnam) (NN war))))))) (. .) (-DFL- E_S)),1
sw05utt/sw_0510_3680.utt,3/sw3680,3680,1,aa,B,2,1,Okay.  /,Okay/UH ./.,(INTJ (UH Okay) (. .) (-DFL- E_S)),3
sw05utt/sw_0510_3680.utt,3/sw3680,3680,2,sd,B,2,2,"{D Well, } I'm a Vietnam era veteran,  /","Well/RB ,/,  [ I/PRP ] 'm/VBP  [ a/DT Vietnam/NNP era/NN veteran/NN ] ,/,","(S (INTJ (RB Well)) (, ,) (NP-SBJ (PRP I)) (VP (VBP 'm) (NP-PRD (DT a) (NNP Vietnam) (NN era) (NN veteran))) (, ,) (-DFL- E_S))",4
sw05utt/sw_0510_3680.utt,3/sw3680,3680,3,sd,B,2,3,"{C and, } {F uh, } I was, {F uh, } fortunate not to have to serve in the theater,  /","and/CC ,/,  [ uh/UH ] ,/,  [ I/PRP ] was/VBD ,/,  [ uh/UH ] ,/,  [ fortunate/JJ ] not/RB to/TO have/VB to/TO serve/VB in/IN  [ the/DT theater/NN ] ,/,","(S (CC and) (, ,) (INTJ (UH uh)) (, ,) (NP-SBJ-1 (PRP I)) (VP (VBD was) (, ,) (INTJ (UH uh)) (, ,) (ADJP-PRD (JJ fortunate) (RB not) (S (NP-SBJ-2 (-NONE- *-1)) (VP (TO to) (VP (VB have) (S (NP-SBJ (-NONE- *-2)) (VP (TO to) (VP (VB serve) (PP-LOC (IN in) (NP (DT the) (NN theater))))))))))) (, ,) (-DFL- E_S))",5
sw05utt/sw_0510_3680.utt,3/sw3680,3680,4,sd,B,2,4,"however, my support roll in the service was to support those in the theater of operation.  {F Uh, }  /","however/RB ,/,  [ my/PRP$ support/NN roll/^NN ]  in/IN  [ the/DT service/NN ] was/VBD to/TO support/VB  [ those/DT ] in/IN  [ the/DT theater/NN ] of/IN  [ operation/NN ] ./.  [ Uh/UH ] ,/,","(S (ADVP (RB however)) (, ,) (NP-SBJ (NP (PRP$ my) (NN support) (TYPO (^NN roll))) (PP (IN in) (NP (DT the) (NN service)))) (VP (VBD was) (S-PRD (NP-SBJ (-NONE- *)) (VP (TO to) (VP (VB support) (NP (NP (DT those)) (PP-LOC (IN in) (NP (NP (DT the) (NN theater)) (PP (IN of) (NP (NN operation)))))))))) (. .))|||(S (INTJ (UH Uh)) (, ,) (-DFL- E_S) (NP-SBJ (PRP I)) (VP (VBP 'm) (PP-PRD (IN of) (NP (NP (DT the) (JJ old) (NN school)) (SBAR (WHNP-1 (WDT that)) (S (NP-SBJ (-NONE- *T*-1)) (VP (VBZ believes) (SBAR (DT that) (, ,) (INTJ (UH uh)) (, ,) (S (NP-SBJ-3 (NP (DT the) (, ,) (INTJ (UH uh)) (, ,) (INTJ (UH uh)) (, ,) (VBZ contracts)) (SBAR (WHNP-2 (IN that)) (S (NP-SBJ (PRP we)) (VP (VBD made) (NP (-NONE- *T*-2)) (ADVP-TMP (RB back) (NP (NNS years)) (RB ago)))))) (VP (VBN needed) (S (NP-SBJ-4 (-NONE- *-3)) (VP (TO to) (VP (VB be) (VP (VBN honored) (NP (-NONE- *-4))))))))))))))) (. .) (-DFL- E_S))",6|||7
sw05utt/sw_0510_3680.utt,3/sw3680,3680,5,sd,B,2,5,"I'm of the old school that believes that, {F uh, } the, {F uh, } {F uh, } contracts that we made back years ago needed to be honored.  /","[ I/PRP ] 'm/VBP of/IN  [ the/DT old/JJ school/NN ] [ that/WDT ] believes/VBZ  [ that/DT ] ,/,  [ uh/UH ] ,/,  [ the/DT ] ,/,  [ uh/UH ] ,/,  [ uh/UH ] ,/, contracts/VBZ that/IN  [ we/PRP ] made/VBD back/RB  [ years/NNS ] ago/RB needed/VBN to/TO be/VB honored/VBN ./.","(S (INTJ (UH Uh)) (, ,) (-DFL- E_S) (NP-SBJ (PRP I)) (VP (VBP 'm) (PP-PRD (IN of) (NP (NP (DT the) (JJ old) (NN school)) (SBAR (WHNP-1 (WDT that)) (S (NP-SBJ (-NONE- *T*-1)) (VP (VBZ believes) (SBAR (DT that) (, ,) (INTJ (UH uh)) (, ,) (S (NP-SBJ-3 (NP (DT the) (, ,) (INTJ (UH uh)) (, ,) (INTJ (UH uh)) (, ,) (VBZ contracts)) (SBAR (WHNP-2 (IN that)) (S (NP-SBJ (PRP we)) (VP (VBD made) (NP (-NONE- *T*-2)) (ADVP-TMP (RB back) (NP (NNS years)) (RB ago)))))) (VP (VBN needed) (S (NP-SBJ-4 (-NONE- *-3)) (VP (TO to) (VP (VB be) (VP (VBN honored) (NP (-NONE- *-4))))))))))))))) (. .) (-DFL- E_S))",7
sw05utt/sw_0510_3680.utt,3/sw3680,3680,6,sv,B,2,6,"However, {F uh, } I think we could have executed the war {C and } gotten it over a whole lot quicker.  {F Uh, }  /","However/RB ,/,  [ uh/UH ] ,/,  [ I/PRP ] think/VB  [ we/PRP ] could/MD have/VB executed/VBN  [ the/DT war/NN ] and/CC gotten/VBN  [ it/PRP ] over/IN  [ a/DT whole/JJ lot/NN ] quicker/RB ./.  [ Uh/UH ] ,/,","(S (ADVP (RB However)) (, ,) (INTJ (UH uh)) (, ,) (NP-SBJ (PRP I)) (VP (VB think) (SBAR (-NONE- 0) (S (NP-SBJ (PRP we)) (VP (MD could) (VP (VB have) (VP (VP (VBN executed) (NP (DT the) (NN war))) (CC and) (VP (VBN gotten) (NP (PRP it)) (ADVP (IN over)) (ADVP-MNR (NP (DT a) (JJ whole) (NN lot)) (RB quicker))))))))) (. .))|||(S (INTJ (UH Uh)) (, ,) (-DFL- E_S) (CC but) (NP-SBJ (DT those)) (VP (VBP are) (NP-PRD (PRP$ my) (NN personal) (NNS thoughts))) (, ,) (-DFL- E_S))",8|||9
sw05utt/sw_0510_3680.utt,3/sw3680,3680,7,sd,B,2,7,"{C but } those are my personal thoughts,  /","but/CC  [ those/DT ] are/VBP  [ my/PRP$ personal/NN thoughts/NNS ] ,/,","(S (INTJ (UH Uh)) (, ,) (-DFL- E_S) (CC but) (NP-SBJ (DT those)) (VP (VBP are) (NP-PRD (PRP$ my) (NN personal) (NNS thoughts))) (, ,) (-DFL- E_S))",9
sw05utt/sw_0510_3680.utt,3/sw3680,3680,8,sv,B,2,8,{C and } I think that if we'd let the generals run the war like we let the generals run World War Two we'd had got it over a whole lot quicker and lost a lot fewer people.  /,and/CC  [ I/PRP ] think/VB that/IN if/IN  [ we/PRP ] 'd/MD let/VB  [ the/DT generals/NNS ] run/VB  [ the/DT war/NN ] like/IN  [ we/PRP ] let/VB  [ the/DT generals/NNS ] run/VB  [ World/NNP War/NNP Two/CD ] [ we/PRP ] 'd/MD had/VBD got/VBD  [ it/PRP ] over/IN  [ a/DT whole/JJ lot/NN ] quicker/RB and/CC lost/VBD  [ a/DT lot/NN fewer/JJR people/NNS ] ./.,(S (CC and) (NP-SBJ (PRP I)) (VP (VB think) (SBAR (IN that) (S (SBAR-ADV (IN if) (S (NP-SBJ (PRP we)) (VP (MD 'd) (VP (VB let) (S (NP-SBJ (DT the) (NNS generals)) (VP (VB run) (NP (DT the) (NN war)))) (SBAR-ADV (IN like) (S (NP-SBJ (PRP we)) (VP (VB let) (S (NP-SBJ (DT the) (NNS generals)) (VP (VB run) (NP (NNP World) (NNP War) (CD Two))))))))))) (NP-SBJ (PRP we)) (VP (MD 'd) (VP (VBD had) (VP (VP (VBD got) (NP (PRP it)) (ADVP (IN over)) (ADVP-MNR (NP (DT a) (JJ whole) (NN lot)) (RB quicker))) (CC and) (VP (VBD lost) (NP (ADJP (NP-ADV (DT a) (NN lot)) (JJR fewer)) (NNS people))))))))) (. .) (-DFL- E_S)),10
sw05utt/sw_0510_3680.utt,3/sw3680,3680,9,sv,B,2,9,"{C But } as it was, the politicians ran [ the, + the ] Korean conflict and  ultimately the Vietnam thing,  /","But/CC as/IN  [ it/PRP ] was/VBD ,/,  [ the/DT politicians/NNS ] ran/VBD  [ the/DT ] ,/,  [ the/DT Korean/NNP conflict/NN ] and/CC ultimately/RB  [ the/DT Vietnam/NNP thing/NN ] ,/,","(S (CC But) (SBAR-ADV (IN as) (S (NP-SBJ (PRP it)) (VP (VBD was)))) (, ,) (NP-SBJ (DT the) (NNS politicians)) (VP (VBD ran) (EDITED (RM (-DFL- \[)) (NP-UNF (DT the)) (, ,) (IP (-DFL- \+))) (NP (NP (DT the) (RS (-DFL- \])) (NNP Korean) (NN conflict)) (CC and) (ADVP-TMP (RB ultimately)) (NP (DT the) (NNP Vietnam) (NN thing)))) (, ,) (-DFL- E_S))",11
sw05utt/sw_0510_3680.utt,3/sw3680,3680,10,sv,B,2,10,"{C and } we managed to come out, {F uh, } losers all the way around.  /","and/CC  [ we/PRP ] managed/VBD to/TO come/VB out/IN ,/,  [ uh/UH ] ,/,  [ losers/NNS all/DT the/DT way/NN ] around/IN ./.","(S (CC and) (NP-SBJ-1 (PRP we)) (VP (VBD managed) (S (NP-SBJ (-NONE- *-1)) (VP (TO to) (VP (VB come) (PRT (IN out)) (, ,) (INTJ (UH uh)) (, ,) (NP-PRD (NNS losers)) (ADVP (NP (DT all) (DT the) (NN way)) (IN around)))))) (. .) (-DFL- E_S))",12
sw05utt/sw_0510_3680.utt,3/sw3680,3680,11,sv,B,2,11,"{C And } {C so } this is what [ trigger-, + ultimately triggered  ] us, {F uh, } United States, {F uh, } per se, [ being, +  {F uh, } deciding ] to get out of the role of world policeman.  /","And/CC so/IN  [ this/DT ] is/VBZ  [ what/WP trigger-/XX ] ,/, ultimately/RB triggered/VBN  [ us/PRP ] ,/,  [ uh/UH ] ,/,  [ United/NNP States/NNP ] ,/,  [ uh/UH ] ,/, per/IN  [ se/PRP ] ,/, being/VBG ,/,  [ uh/UH ] ,/, deciding/VBG to/TO get/VB out/IN of/IN  [ the/DT role/NN ] of/IN  [ world/NN policeman/NN ] ./.","(S (CONJP (CC And) (RB so)) (NP-SBJ (DT this)) (VP (VBZ is) (SBAR-NOM-PRD (WHNP-1 (WP what)) (S (NP-SBJ (-NONE- *T*-1)) (EDITED (RM (-DFL- \[)) (VP-UNF (XX trigger-)) (, ,) (IP (-DFL- \+))) (ADVP-TMP (RB ultimately)) (VP (VBN triggered) (RS (-DFL- \])) (S (NP-SBJ-2 (NP (PRP us)) (, ,) (INTJ (UH uh)) (, ,) (NP (NNP United) (NNP States))) (, ,) (INTJ (UH uh)) (, ,) (ADVP (IN per) (PRP se)) (, ,) (EDITED (RM (-DFL- \[)) (VP-UNF (VBG being)) (, ,) (IP (-DFL- \+))) (INTJ (UH uh)) (, ,) (VP (VBG deciding) (RS (-DFL- \])) (S (NP-SBJ (-NONE- *-2)) (VP (TO to) (VP (VB get) (PP (IN out) (PP (IN of) (NP (NP (DT the) (NN role)) (PP (IN of) (NP (NN world) (NN policeman))))))))))))))) (. .) (-DFL- E_S))",13
sw05utt/sw_0510_3680.utt,3/sw3680,3680,12,ad,B,2,12,"Your views, -/","[ Your/PRP$ views/NNS ] ,/,","(NP (PRP$ Your) (NNS views) (, ,) (-DFL- N_S))",14
sw05utt/sw_0510_3680.utt,3/sw3680,3680,13,sv,A,3,1,"{F Uh, } as I understand it, {A {C and } I, {F uh, } <barking> don't know a lot about it, } {F uh, } we got in there because of <barking> France -- /","[ Uh/UH ] ,/, as/IN  [ I/PRP ] understand/VB  [ it/PRP ] ,/, and/CC  [ I/PRP ] ,/,  [ uh/UH ] ,/, do/VBP n't/RB know/VB  [ a/DT lot/NN ] about/IN  [ it/PRP ] ,/,  [ uh/UH ] ,/,  [ we/PRP ] got/VBD in/IN there/RB because/IN of/IN  [ France/NNP ] --/:","(S (INTJ (UH Uh)) (, ,) (SBAR-ADV (IN as) (S (NP-SBJ (PRP I)) (VP (VB understand) (NP (PRP it))))) (PRN (, ,) (S (CC and) (NP-SBJ (PRP I)) (, ,) (INTJ (UH uh)) (, ,) (VP (VBP do) (RB n't) (VP (VB know) (NP (NP (DT a) (NN lot)) (PP (IN about) (NP (PRP it))))))) (, ,)) (INTJ (UH uh)) (, ,) (NP-SBJ (PRP we)) (VP (VBD got) (PP-LOC (IN in) (ADVP (RB there))) (PP-PRP (IN because) (IN of) (NP (NNP France)))) (-DFL- E_S))",16
sw05utt/sw_0510_3680.utt,3/sw3680,3680,14,%,B,4,1,{D Well. } /,Well/RB ./.,(INTJ (RB Well) (. .) (-DFL- E_S)),18
sw05utt/sw_0510_3680.utt,3/sw3680,3680,15,sd,A,5,1,"-- {F uh, } France was there first.  /","--/:  [ uh/UH ] ,/,  [ France/NNP ] was/VBD there/RB  [ first/JJ ] ./.","(S (INTJ (UH uh)) (, ,) (NP-SBJ (NNP France)) (VP (VBD was) (ADVP-LOC-PRD (RB there)) (ADVP-TMP (JJ first))) (. .) (-DFL- E_S))",20
sw05utt/sw_0510_3680.utt,3/sw3680,3680,16,%,A,5,2,"They had, -/","[ They/PRP ] had/VBD ,/,","(S (NP-SBJ (PRP They)) (VP-UNF (VBD had)) (, ,) (-DFL- N_S))",21
sw05utt/sw_0510_3680.utt,3/sw3680,3680,17,sd,B,6,1,"We got into it because of SEATO agreement, back just right after World War Two that, <noise> {F uh, } we pledged a mutual, {F uh, } {F uh, } defense [ of, + of ] the South Vietnamese,  /","[ We/PRP ] got/VBD into/IN  [ it/PRP ] because/RB of/IN  [ SEATO/NNP agreement/NN ] ,/, back/RB just/RB right/JJ after/IN  [ World/NNP War/NNP Two/CD that/DT ] ,/,  [ uh/UH ] ,/,  [ we/PRP ] pledged/VBD  [ a/DT mutual/JJ ] ,/,  [ uh/UH ] ,/,  [ uh/UH ] ,/,  [ defense/NN ] of/IN ,/, of/IN  [ the/DT South/NNP Vietnamese/NNP ] ,/,","(S (NP-SBJ (PRP We)) (VP (VBD got) (PP (IN into) (NP (PRP it))) (PP-PRP (RB because) (IN of) (NP (NP (NNP SEATO) (NN agreement)) (SBAR-UNF (-NONE- *ICH*-1)))) (, ,) (PP-TMP (ADVP (RB back) (RB just) (JJ right)) (IN after) (NP (NNP World) (NNP War) (CD Two))) (SBAR-UNF-1 (WHNP (DT that)))) (, ,))|||(S (INTJ (UH uh)) (, ,) (NP-SBJ (PRP we)) (VP (VBD pledged) (NP (NP (DT a) (JJ mutual) (, ,) (INTJ (UH uh)) (, ,) (INTJ (UH uh)) (, ,) (NN defense)) (EDITED (RM (-DFL- \[)) (PP-UNF (IN of)) (, ,) (IP (-DFL- \+))) (PP (IN of) (RS (-DFL- \])) (NP (DT the) (NNP South) (NNP Vietnamese))))) (, ,) (-DFL- E_S))",23|||24
sw05utt/sw_0510_3680.utt,3/sw3680,3680,18,sd,B,6,2,"{C and } as it turned out they were in a civil war one with another,  /","and/CC as/IN  [ it/PRP ] turned/VBD out/IN  [ they/PRP ] were/VBD in/IN  [ a/DT civil/JJ war/NN one/CD ] with/IN  [ another/DT ] ,/,","(S (CC and) (SBAR-ADV (IN as) (S (NP-SBJ (PRP it)) (VP (VBD turned) (PRT (IN out))))) (NP-SBJ (PRP they)) (VP (VBD were) (PP-PRD (IN in) (NP (DT a) (JJ civil) (NN war))) (NP-ADV (NP (CD one)) (PP (IN with) (NP (DT another))))) (, ,) (-DFL- E_S))",25
sw05utt/sw_0510_3680.utt,3/sw3680,3680,19,%,B,6,3,{C and } really we <laughter> <noise> - /,and/CC really/RB  [ we/PRP ],(S-UNF (CC and) (ADVP (RB really)) (NP-SBJ (PRP we)) (-DFL- N_S)),26
sw05utt/sw_0510_3680.utt,3/sw3680,3680,20,sd,B,6,4,"[ I, + I ] question us, {D you know, } now,  /","[ I/PRP ] ,/,  [ I/PRP ] question/VB  [ us/PRP ] ,/,  [ you/PRP ] know/VBP ,/, now/RB ,/,","(S (EDITED (RM (-DFL- \[)) (NP-SBJ (PRP I)) (, ,) (IP (-DFL- \+))) (NP-SBJ (PRP I)) (RS (-DFL- \])) (VP (VB question) (NP (PRP us)) (PRN (, ,) (S (NP-SBJ (PRP you)) (VP (VBP know))) (, ,)) (ADVP-TMP (RB now))) (, ,) (-DFL- E_S))",27
sw05utt/sw_0510_3680.utt,3/sw3680,3680,21,sd,B,6,5,of course hindsight is all too clear. /,of/IN  [ course/NN hindsight/NN ] is/VBZ all/RB too/RB clear/JJ ./.,(S (PP (IN of) (NP (NN course))) (NP-SBJ (NN hindsight)) (VP (VBZ is) (ADJP-PRD (RB all) (RB too) (JJ clear))) (. .) (-DFL- E_S)),28
sw05utt/sw_0510_3680.utt,3/sw3680,3680,22,b,A,7,1,Sure. /,[ Sure/JJ ] ./.,(INTJ (JJ Sure) (. .) (-DFL- E_S)),30
sw05utt/sw_0510_3680.utt,3/sw3680,3680,23,sv,B,8,1,"{F Uh, } {C so, } [ we're, + [ we, + we ] ] [ have to, + have to ] deal [ with, + with  ] the, {F uh, } situation [ as, + as ] we played it. /","[ Uh/UH ] ,/, so/RB ,/,  [ we/PRP ] 're/VBP ,/,  [ we/PRP ] ,/,  [ we/PRP ] have/VB to/TO ,/, have/VB to/TO deal/VB with/IN ,/, with/IN  [ the/DT ] ,/,  [ uh/UH ] ,/,  [ situation/NN ] as/IN ,/, as/IN  [ we/PRP ] played/VBD  [ it/PRP ] ./.","(S (INTJ (UH Uh)) (, ,) (RB so) (, ,) (EDITED (RM (-DFL- \[)) (S (NP-SBJ (PRP we)) (VP-UNF (VBP 're))) (, ,) (IP (-DFL- \+))) (EDITED (RM (-DFL- \[)) (NP-SBJ (PRP we)) (, ,) (IP (-DFL- \+))) (NP-SBJ-1 (PRP we)) (RS (-DFL- \])) (RS (-DFL- \])) (EDITED (RM (-DFL- \[)) (VP (VB have) (S (NP-SBJ (-NONE- *)) (VP-UNF (TO to)))) (, ,) (IP (-DFL- \+))) (VP (VB have) (S (NP-SBJ (-NONE- *-1)) (VP (TO to) (RS (-DFL- \])) (VP (VB deal) (EDITED (RM (-DFL- \[)) (PP-UNF (IN with)) (, ,) (IP (-DFL- \+))) (PP (IN with) (RS (-DFL- \])) (NP (DT the) (, ,) (INTJ (UH uh)) (, ,) (NN situation))) (SBAR-ADV (EDITED (RM (-DFL- \[)) (SBAR-ADV-UNF (IN as)) (, ,) (IP (-DFL- \+))) (IN as) (RS (-DFL- \])) (S (NP-SBJ (PRP we)) (VP (VBD played) (NP (PRP it))))))))) (. .) (-DFL- E_S))",32
sw05utt/sw_0510_3680.utt,3/sw3680,3680,24,qw,A,9,1,"Jerry, what did you think of people like, {F uh, } Jane Fonda, another [ war an-, + anti-war ] activist. /","[ Jerry/NNP ] ,/,  [ what/WP ] did/VBD  [ you/PRP ] think/VB of/IN  [ people/NNS ] like/JJ ,/,  [ uh/UH ] ,/,  [ Jane/NNP Fonda/NNP ] ,/,  [ another/DT war/NN an-/XX ] ,/,  [ anti-war/JJ activist/NN ] ./.","(SBARQ (NP-VOC (NNP Jerry)) (, ,) (WHNP-1 (WP what)) (SQ (VBD did) (NP-SBJ (PRP you)) (VP (VB think) (NP (-NONE- *T*-1)) (PP (IN of) (NP (NP (NNS people)) (PP (JJ like) (, ,) (INTJ (UH uh)) (, ,) (NP (NP (NNP Jane) (NNP Fonda)) (, ,) (NP (TYPO (DT another)) (EDITED (RM (-DFL- \[)) (NN war) (XX an-) (, ,) (IP (-DFL- \+))) (JJ anti-war) (RS (-DFL- \])) (TYPO (NN activist))))))))) (. .) (-DFL- E_S))",34
sw05utt/sw_0510_3680.utt,3/sw3680,3680,25,%,B,10,1,"I, <laughter> - /","[ I/PRP ] ,/,","(S-UNF (NP-SBJ (PRP I)) (, ,) (-DFL- N_S))",36
sw05utt/sw_0510_3680.utt,3/sw3680,3680,26,sv,B,10,2,don't get me started on those people.  /,do/VBP n't/RB get/VB  [ me/PRP ] started/VBN on/IN  [ those/DT people/NNS ] ./.,(S-IMP (NP-SBJ (-NONE- *)) (VP (VBP do) (RB n't) (VP (VB get) (S (NP-SBJ-1 (PRP me)) (VP (VBN started) (NP (-NONE- *-1)) (PP (IN on) (NP (DT those) (NNS people))))))) (. .) (-DFL- E_S)),37
sw05utt/sw_0510_3680.utt,3/sw3680,3680,27,sv,B,10,3,"{D You know, } [ before she, + before Jane Fonda  ] [ did, + did ] what she did, I thought she was a wonderful person,  /","[ You/PRP ] know/VBP ,/, before/IN  [ she/PRP ] ,/, before/IN  [ Jane/NNP Fonda/NNP ] did/VBD ,/, did/VBD  [ what/WP ] [ she/PRP ] did/VBD ,/,  [ I/PRP ] thought/VBD  [ she/PRP ] was/VBD  [ a/DT wonderful/JJ person/NN ] ,/,","(S (PRN (S (NP-SBJ (PRP You)) (VP (VBP know))) (, ,)) (EDITED (RM (-DFL- \[)) (SBAR-TMP (IN before) (S-UNF (NP-SBJ (PRP she)))) (, ,) (IP (-DFL- \+))) (SBAR-TMP (IN before) (S (NP-SBJ (NNP Jane) (NNP Fonda)) (RS (-DFL- \])) (EDITED (RM (-DFL- \[)) (VP-UNF (VBD did)) (, ,) (IP (-DFL- \+))) (VP (VBD did) (RS (-DFL- \])) (SBAR-NOM (WHNP-1 (WP what)) (S (NP-SBJ (PRP she)) (VP (VBD did) (NP (-NONE- *T*-1)))))))) (, ,) (NP-SBJ (PRP I)) (VP (VBD thought) (SBAR (-NONE- 0) (S (NP-SBJ (PRP she)) (VP (VBD was) (NP-PRD (DT a) (JJ wonderful) (NN person)))))) (, ,) (-DFL- E_S))",38
sw05utt/sw_0510_3680.utt,3/sw3680,3680,28,%,B,10,4,"{C but } after, {F uh, } {F uh, } {D well, } - /","but/CC after/IN ,/,  [ uh/UH ] ,/,  [ uh/UH ] ,/, well/RB ,/,","(S-UNF (CC but) (PP-TMP-UNF (IN after)) (, ,) (INTJ (UH uh)) (, ,) (INTJ (UH uh)) (, ,) (INTJ (RB well)) (, ,) (-DFL- N_S))",39
sw05utt/sw_0510_3680.utt,3/sw3680,3680,29,sd,B,10,5,"[ I, + I  ] just don't [ have anything, + want anything ] to do with her any more,  /","[ I/PRP ] ,/,  [ I/PRP ] just/RB do/VBP n't/RB have/VB  [ anything/NN ] ,/, want/VB  [ anything/NN ] to/TO do/VB with/IN  [ her/PRP ] [ any/DT more/JJR ] ,/,","(S (EDITED (RM (-DFL- \[)) (NP-SBJ (PRP I)) (, ,) (IP (-DFL- \+))) (NP-SBJ (PRP I)) (RS (-DFL- \])) (ADVP (RB just)) (VP (VBP do) (RB n't) (EDITED (RM (-DFL- \[)) (VP (VB have) (NP-UNF (NN anything))) (, ,) (IP (-DFL- \+))) (VP (VB want) (NP (NP (NN anything)) (RS (-DFL- \])) (SBAR (WHNP-1 (-NONE- 0)) (S (NP-SBJ (-NONE- *)) (VP (TO to) (VP (VB do) (NP (-NONE- *T*-1)) (PP (IN with) (NP (PRP her)))))))) (ADVP-TMP (TYPO (DT any) (JJR more))))) (, ,) (-DFL- E_S))",40
sw05utt/sw_0510_3680.utt,3/sw3680,3680,30,sv,B,10,6,"{C because } [ you support, +  {F uh, } you support ] your government. /","because/IN  [ you/PRP ] support/VB ,/, uh/UH ,/,  [ you/PRP ] support/VB  [ your/PRP$ government/NN ] ./.","(SBAR-PRP (IN because) (S (EDITED (RM (-DFL- \[)) (S (NP-SBJ (PRP you)) (VP-UNF (VB support))) (, ,) (IP (-DFL- \+))) (INTJ (UH uh)) (, ,) (NP-SBJ (PRP you)) (VP (VB support) (RS (-DFL- \])) (NP (PRP$ your) (NN government)))) (. .) (-DFL- E_S))",41
sw05utt/sw_0510_3680.utt,3/sw3680,3680,31,qy,A,11,1,Right or wrong? /,[ Right/JJ ] or/CC  [ wrong/JJ ] ?/.,(ADJP (JJ Right) (CC or) (JJ wrong) (. ?) (-DFL- E_S)),43
sw05utt/sw_0510_3680.utt,3/sw3680,3680,32,na,B,12,1,"{F Uh, } okay,  /","[ Uh/UH ] ,/,  [ okay/JJ ] ,/,","(INTJ (INTJ (UH Uh)) (, ,) (INTJ (JJ okay)) (, ,) (-DFL- E_S))",45
sw05utt/sw_0510_3680.utt,3/sw3680,3680,33,sd^m,B,12,2,"right or wrong,  /","[ right/JJ ] or/CC  [ wrong/JJ ] ,/,","(ADJP (JJ right) (CC or) (JJ wrong) (, ,) (-DFL- E_S))",46
sw05utt/sw_0510_3680.utt,3/sw3680,3680,34,sv,B,12,3,"I don't think [ [ is, + is, ] + ] we can determine whether we were right or wrong,  /","[ I/PRP ] do/VBP n't/RB think/VB is/VBZ ,/, is/VBZ ,/,  [ we/PRP ] can/MD determine/VB whether/IN  [ we/PRP ] were/VBD right/JJ or/CC  [ wrong/JJ ] ,/,","(S (NP-SBJ (PRP I)) (VP (VBP do) (RB n't) (VP (VB think) (EDITED (RM (-DFL- \[)) (EDITED (RM (-DFL- \[)) (VP-UNF (VBZ is)) (, ,) (IP (-DFL- \+))) (VP-UNF (VBZ is)) (, ,) (RS (-DFL- \])) (IP (-DFL- \+)) (RS (-DFL- \]))) (SBAR (-NONE- 0) (S (NP-SBJ (PRP we)) (VP (MD can) (VP (VB determine) (SBAR (IN whether) (S (NP-SBJ (PRP we)) (VP (VBD were) (ADJP-PRD (JJ right) (CC or) (JJ wrong))))))))))) (, ,) (-DFL- E_S))",47
sw05utt/sw_0510_3680.utt,3/sw3680,3680,35,sv,B,12,4,"{C because, } [ you're, + you're  ] having to deal with, again, {F uh, } - /","because/RB ,/,  [ you/PRP ] 're/VBP ,/,  [ you/PRP ] 're/VBP having/VBG to/TO deal/VB with/IN ,/, again/RB ,/,  [ uh/UH ] ,/,","(SBAR-PRP (RB because) (, ,) (S (EDITED (RM (-DFL- \[)) (S (NP-SBJ (PRP you)) (VP-UNF (VBP 're))) (, ,) (IP (-DFL- \+))) (NP-SBJ-1 (PRP you)) (VP (VBP 're) (RS (-DFL- \])) (VP (VBG having) (S (NP-SBJ (-NONE- *-1)) (VP (TO to) (VP (VB deal) (PP-UNF (IN with)) (, ,) (ADVP (RB again))))) (, ,) (INTJ (UH uh))))) (, ,) (-DFL- N_S))",48
sw05utt/sw_0510_3680.utt,3/sw3680,3680,36,sv,B,12,5,I think we could have made a different agreement --,[ I/PRP ] think/VB  [ we/PRP ] could/MD have/VB made/VBN  [ a/DT different/JJ agreement/NN ] --/:,"(S (NP-SBJ (PRP I)) (VP (VB think) (SBAR (-NONE- 0) (S (NP-SBJ (PRP we)) (VP (MD could) (VP (VB have) (VP (VBN made) (NP (NP (DT a) (JJ different) (NN agreement)) (SBAR (-NONE- *ICH*-1))) (PP-TMP (ADVP (RB back)) (IN in) (EDITED (RM (-DFL- \[)) (EDITED (RM (-DFL- \[)) (NP-UNF (XX for-)) (, ,) (IP (-DFL- \+))) (NP-UNF (DT the) (XX for-)) (, ,) (RS (-DFL- \])) (IP (-DFL- \+))) (NP (DT the) (JJ late) (NNS forties) (RS (-DFL- \])) (NN era))) (SBAR-1 (WHNP-2 (WDT that)) (S (NP-SBJ (-NONE- *T*-2)) (VP (MD would) (VP (VB have) (VP (VBD kept) (X (XX MUMBLEx)) (X (PP (IN of) (ADVP-LOC (RB there))))))))))))))) (. .) (-DFL- E_S))",49
sw05utt/sw_0510_3680.utt,3/sw3680,3680,37,b,A,13,1,Uh-huh. /,[ Uh-huh/UH ] ./.,(INTJ (UH Uh-huh) (. .) (-DFL- E_S)),51
sw05utt/sw_0510_3680.utt,3/sw3680,3680,38,+,B,14,1,"-- back in [ [ for-, + the for-, ] + the late forties ] era that would have kept  ((   )) of there. /","--/: back/RB in/IN  [ for-/XX ] ,/,  [ the/DT for-/XX ] ,/,  [ the/DT late/JJ forties/NNS era/NN ] [ that/WDT ] would/MD have/VB kept/VBD  [ MUMBLEx/XX ] of/IN there/RB ./.","(S (NP-SBJ (PRP I)) (VP (VB think) (SBAR (-NONE- 0) (S (NP-SBJ (PRP we)) (VP (MD could) (VP (VB have) (VP (VBN made) (NP (NP (DT a) (JJ different) (NN agreement)) (SBAR (-NONE- *ICH*-1))) (PP-TMP (ADVP (RB back)) (IN in) (EDITED (RM (-DFL- \[)) (EDITED (RM (-DFL- \[)) (NP-UNF (XX for-)) (, ,) (IP (-DFL- \+))) (NP-UNF (DT the) (XX for-)) (, ,) (RS (-DFL- \])) (IP (-DFL- \+))) (NP (DT the) (JJ late) (NNS forties) (RS (-DFL- \])) (NN era))) (SBAR-1 (WHNP-2 (WDT that)) (S (NP-SBJ (-NONE- *T*-2)) (VP (MD would) (VP (VB have) (VP (VBD kept) (X (XX MUMBLEx)) (X (PP (IN of) (ADVP-LOC (RB there))))))))))))))) (. .) (-DFL- E_S))",49
sw05utt/sw_0510_3680.utt,3/sw3680,3680,39,sd,A,15,1,"{F Uh, } {D you know, } [ I, + I ] didn't  realize that we'd signed some type of deal like  that.  /","[ Uh/UH ] ,/,  [ you/PRP ] know/VBP ,/,  [ I/PRP ] ,/,  [ I/PRP ] did/VBD n't/RB realize/VB that/IN  [ we/PRP ] 'd/MD signed/VBN  [ some/DT type/NN ] of/IN  [ deal/NN ] like/IN  [ that/DT ] ./.","(S (INTJ (UH Uh)) (PRN (, ,) (S (NP-SBJ (PRP you)) (VP (VBP know))) (, ,)) (EDITED (RM (-DFL- \[)) (NP-SBJ (PRP I)) (, ,) (IP (-DFL- \+))) (NP-SBJ (PRP I)) (RS (-DFL- \])) (VP (VBD did) (RB n't) (VP (VB realize) (SBAR (IN that) (S (NP-SBJ (PRP we)) (VP (MD 'd) (VP (VBN signed) (NP (NP (DT some) (NN type)) (PP (IN of) (NP (NP (NN deal)) (PP (IN like) (NP (DT that)))))))))))) (. .) (-DFL- E_S))",54
sw05utt/sw_0510_3680.utt,3/sw3680,3680,40,sd,A,15,2,"I thought we came in as first advisors to the French, and then they decided to pull out  /","[ I/PRP ] thought/VBD  [ we/PRP ] came/VBD in/IN as/IN  [ first/JJ advisors/NNS ] to/TO  [ the/DT French/NNP ] ,/, and/CC then/RB  [ they/PRP ] decided/VBD to/TO pull/VB out/IN","(S (NP-SBJ (PRP I)) (VP (VBD thought) (SBAR (-NONE- 0) (S (S (NP-SBJ (PRP we)) (VP (VBD came) (ADVP (IN in)) (PP (IN as) (ADVP-TMP (JJ first)) (NP (NP (NNS advisors)) (PP (TO to) (NP (DT the) (NNP French))))))) (, ,) (CONJP (CC and) (RB then)) (S (NP-SBJ-1 (PRP they)) (VP (VBD decided) (S (NP-SBJ (-NONE- *-1)) (VP (TO to) (VP (VB pull) (ADVP (IN out)))))))))) (-DFL- E_S))",55
sw05utt/sw_0510_3680.utt,3/sw3680,3680,41,%,A,15,3,"{C and, } -/","and/CC ,/,","(S-UNF (CC and) (, ,) (-DFL- N_S))",56
sw05utt/sw_0510_3680.utt,3/sw3680,3680,42,ad,B,16,1,"Can you hold just a second, Terry? /","Can/MD  [ you/PRP ] hold/VB just/RB  [ a/DT second/NN ] ,/,  [ Terry/NNP ] ?/.","(SQ (MD Can) (NP-SBJ (PRP you)) (VP (VB hold) (NP-TMP (ADVP (RB just)) (DT a) (NN second)) (, ,) (NP-VOC (NNP Terry))) (. ?) (-DFL- E_S))",58
sw05utt/sw_0510_3680.utt,3/sw3680,3680,43,aa,A,17,1,Sure. /,[ Sure/JJ ] ./.,(INTJ (JJ Sure) (. .) (-DFL- E_S)),30
sw05utt/sw_0510_3680.utt,3/sw3680,3680,44,ad,B,18,1,One moment please. /,[ One/CD moment/NN ] please/VB ./.,(FRAG (NP (CD One) (NN moment)) (INTJ (VB please)) (. .) (-DFL- E_S)),62
sw05utt/sw_0510_3680.utt,3/sw3680,3680,45,aa,A,19,1,Sure <clicking> <beep>.  <<Talking to someone else or himself.>>  /,[ Sure/JJ ] ./.,(INTJ (JJ Sure) (. .) (-DFL- E_S)),30
sw05utt/sw_0510_3680.utt,3/sw3680,3680,46,t1,A,19,2,Wonder what happens to this little beastie on call waiting or something.  /,Wonder/VB  [ what/WP ] happens/VBZ to/TO  [ this/DT little/JJ beastie/NN ] on/IN  [ call/NN ] waiting/VBG or/CC  [ something/NN ] ./.,(S (NP-SBJ (-NONE- *)) (VP (VB Wonder) (SBAR (WHNP-1 (WP what)) (S (NP-SBJ (-NONE- *T*-1)) (VP (VBZ happens) (PP (TO to) (NP (DT this) (JJ little) (NN beastie))) (PP (IN on) (NP (NP (NN call) (VBG waiting)) (CC or) (NP (NN something)))))))) (. .) (-DFL- E_S)),65
sw05utt/sw_0510_3680.utt,3/sw3680,3680,47,t1,A,19,3,"{F Huh, } fascinating.  /","Huh/UH ,/,  [ fascinating/JJ ] ./.","(FRAG (INTJ (UH Huh)) (, ,) (ADJP (JJ fascinating)) (. .) (-DFL- E_S))",66
sw05utt/sw_0510_3680.utt,3/sw3680,3680,48,t1,A,19,4,"Well that's not, -/","Well/RB  [ that/DT ] 's/BES not/RB ,/,","(S (INTJ (RB Well)) (NP-SBJ (DT that)) (VP-UNF (BES 's) (RB not)) (, ,) (-DFL- N_S))",67
sw05utt/sw_0510_3680.utt,3/sw3680,3680,49,fa,B,20,1,Sorry for the delay. /,[ Sorry/JJ ] for/IN  [ the/DT delay/NN ] ./.,(ADJP (JJ Sorry) (PP (IN for) (NP (DT the) (NN delay))) (. .) (-DFL- E_S)),69
sw05utt/sw_0510_3680.utt,3/sw3680,3680,50,bd,A,21,1,That's okay. /,[ That/DT ] 's/BES okay/JJ ./.,(S (NP-SBJ (DT That)) (VP (BES 's) (ADJP-PRD (JJ okay))) (. .) (-DFL- E_S)),71
sw05utt/sw_0510_3680.utt,3/sw3680,3680,51,%,B,22,1,"{F Uh, } yeah,  /","[ Uh/UH ] ,/, yeah/UH ,/,","(INTJ (INTJ (UH Uh)) (, ,) (INTJ (UH yeah)) (, ,) (-DFL- E_S))",73
sw05utt/sw_0510_3680.utt,3/sw3680,3680,52,%,B,22,2,"this is, - /","[ this/DT ] is/VBZ ,/,","(S (NP-SBJ (DT this)) (VP-UNF (VBZ is)) (, ,) (-DFL- N_S))",74
sw05utt/sw_0510_3680.utt,3/sw3680,3680,53,sd,B,22,3,"[ [ the, + {F uh, } the, ] + the, ] {F uh, } mutual defense thing was, {F uh, } - /","[ the/DT ] ,/,  [ uh/UH ] ,/,  [ the/DT ] ,/,  [ the/DT ] ,/,  [ uh/UH ] ,/,  [ mutual/JJ defense/NN thing/NN ] was/VBD ,/,  [ uh/UH ] ,/,","(S (EDITED (RM (-DFL- \[)) (EDITED (RM (-DFL- \[)) (NP-SBJ-UNF (DT the)) (, ,) (IP (-DFL- \+))) (INTJ (UH uh)) (, ,) (NP-SBJ-UNF (DT the)) (, ,) (RS (-DFL- \])) (IP (-DFL- \+))) (NP-SBJ (DT the) (, ,) (RS (-DFL- \])) (INTJ (UH uh)) (, ,) (JJ mutual) (NN defense) (NN thing)) (VP-UNF (VBD was) (, ,) (INTJ (UH uh))) (, ,) (-DFL- N_S))",75
sw05utt/sw_0510_3680.utt,3/sw3680,3680,54,%,B,22,4,"[ we, + we, ] - /","[ we/PRP ] ,/,  [ we/PRP ] ,/,","(S-UNF (EDITED (RM (-DFL- \[)) (NP-SBJ (PRP we)) (, ,) (IP (-DFL- \+))) (NP-SBJ (PRP we)) (, ,) (RS (-DFL- \])) (-DFL- N_S))",76
sw05utt/sw_0510_3680.utt,3/sw3680,3680,55,sv,B,22,5,"it was complicated,  /","[ it/PRP ] was/VBD complicated/VBN ,/,","(S (NP-SBJ (PRP it)) (VP (VBD was) (ADJP-PRD (VBN complicated))) (, ,) (-DFL- E_S))",77
sw05utt/sw_0510_3680.utt,3/sw3680,3680,56,sv,B,22,6,{C and } I don't think everybody knows the whole situation.  /,and/CC  [ I/PRP ] do/VBP n't/RB think/VB  [ everybody/NN ] knows/VBZ  [ the/DT whole/JJ situation/NN ] ./.,(S (CC and) (NP-SBJ (PRP I)) (VP (VBP do) (RB n't) (VP (VB think) (SBAR (-NONE- 0) (S (NP-SBJ (NN everybody)) (VP (VBZ knows) (NP (DT the) (JJ whole) (NN situation))))))) (. .) (-DFL- E_S)),78
sw05utt/sw_0510_3680.utt,3/sw3680,3680,57,sd,B,22,7,I don't.  /,[ I/PRP ] do/VBP n't/RB ./.,(S (NP-SBJ (PRP I)) (VP (VBP do) (RB n't)) (. .) (-DFL- E_S)),79
sw05utt/sw_0510_3680.utt,3/sw3680,3680,58,sd(^q),B,22,8,"{C But } from what I can gather, is we went and said yeah,  we will help the South Vietnamese, {F uh, } should they ask.  /","But/CC from/IN  [ what/WP ] [ I/PRP ] can/MD gather/VB ,/, is/VBZ  [ we/PRP ] went/VBD and/CC said/VBD yeah/UH ,/,  [ we/PRP ] will/MD help/VB  [ the/DT South/NNP Vietnamese/NNP ] ,/,  [ uh/UH ] ,/, should/MD  [ they/PRP ] ask/VB ./.","(S (CC But) (EDITED (PP-UNF (IN from))) (SBAR-NOM-SBJ (WHNP-1 (WP what)) (S (NP-SBJ (PRP I)) (VP (MD can) (VP (VB gather) (NP (-NONE- *T*-1)))))) (, ,) (VP (VBZ is) (S-PRD (NP-SBJ (PRP we)) (VP (VP (VBD went)) (CC and) (VP (VBD said) (S-SEZ (INTJ (UH yeah)) (, ,) (NP-SBJ (PRP we)) (VP (MD will) (VP (VB help) (NP (DT the) (NNP South) (NNP Vietnamese)) (, ,) (INTJ (UH uh)) (, ,) (SBAR-ADV (SINV (MD should) (NP-SBJ (PRP they)) (VP (VB ask))))))))))) (. .) (-DFL- E_S))",80
sw05utt/sw_0510_3680.utt,3/sw3680,3680,59,sd,B,22,9,"{D Well, } the French went in and tried their old style warfare, and, {F uh, } got soundly thrashed.  /","Well/RB ,/,  [ the/DT French/NNP ] went/VBD in/IN and/CC tried/VBD  [ their/PRP$ old/JJ style/NN warfare/NN ] ,/, and/CC ,/,  [ uh/UH ] ,/, got/VBD soundly/RB thrashed/VBN ./.","(S (INTJ (RB Well)) (, ,) (NP-SBJ-1 (DT the) (NNP French)) (VP (VP (VBD went) (ADVP-DIR (IN in))) (CC and) (VP (VBD tried) (NP (PRP$ their) (ADJP (JJ old) (NN style)) (NN warfare))) (, ,) (CC and) (, ,) (INTJ (UH uh)) (, ,) (VP (VBD got) (ADVP-MNR (RB soundly)) (VP (VBN thrashed) (NP (-NONE- *-1))))) (. .) (-DFL- E_S))",81
sw05utt/sw_0510_3680.utt,3/sw3680,3680,60,sd,B,22,10,{C And } we didn't do a whole lot better. /,And/CC  [ we/PRP ] did/VBD n't/RB do/VB  [ a/DT whole/JJ lot/NN ] better/RB ./.,(S (CC And) (NP-SBJ (PRP we)) (VP (VBD did) (RB n't) (VP (VB do) (ADVP-MNR (NP (DT a) (JJ whole) (NN lot)) (RB better)))) (. .) (-DFL- E_S)),82
sw05utt/sw_0510_3680.utt,3/sw3680,3680,61,aa,A,23,1,"{F Um. }  No,  /","Um/UH ./.  No/RB ,/,","(INTJ (UH Um) (. .))|||(INTJ (RB No) (, ,) (-DFL- E_S))",84|||85
sw05utt/sw_0510_3680.utt,3/sw3680,3680,62,qy^d,A,23,2,"[ I + ] had thought that they had, {F uh, } colonies there, or something. /","[ I/PRP ] had/VBD thought/VBN that/IN  [ they/PRP ] had/VBD ,/,  [ uh/UH ] ,/,  [ colonies/NNS ] [ there/EX ] ,/, or/CC  [ something/NN ] ./.","(S (RM (-DFL- \[)) (NP-SBJ (PRP I)) (IP (-DFL- \+)) (RS (-DFL- \])) (VP (VBD had) (VP (VBN thought) (SBAR (IN that) (S (NP-SBJ (PRP they)) (VP (VP (VBD had) (, ,) (INTJ (UH uh)) (, ,) (NP (NNS colonies)) (ADVP-LOC (EX there))) (, ,) (CC or) (NP-ETC (NN something))))))) (. .) (-DFL- E_S))",86
sw05utt/sw_0510_3680.utt,3/sw3680,3680,63,ny,B,24,1,"{D Well, } yeah,  /","Well/RB ,/, yeah/UH ,/,","(INTJ (INTJ (RB Well)) (, ,) (INTJ (UH yeah)) (, ,) (-DFL- E_S))",88
sw05utt/sw_0510_3680.utt,3/sw3680,3680,64,sd^e,B,24,2,"that was the old French colony, but see, [ the French, + the French ] were our, {F uh, } allies in NATO -- /","[ that/DT ] was/VBD  [ the/DT old/JJ French/NNP colony/NN ] ,/, but/CC see/VB ,/,  [ the/DT French/NNP ] ,/,  [ the/DT French/NNP ] were/VBD our/PRP$ ,/,  [ uh/UH ] ,/,  [ allies/NNS ] in/IN  [ NATO/NNP ] --/:","(S (NP-SBJ (DT that)) (VP (VBD was) (NP-PRD (DT the) (JJ old) (NNP French) (NN colony))) (, ,))|||(S (CC but) (INTJ (VB see)) (, ,) (EDITED (RM (-DFL- \[)) (NP-SBJ (DT the) (NNP French)) (, ,) (IP (-DFL- \+))) (NP-SBJ (DT the) (NNP French)) (RS (-DFL- \])) (VP (VBD were) (NP-PRD (NP (PRP$ our) (, ,) (INTJ (UH uh)) (, ,) (NNS allies)) (PP (IN in) (NP (NNP NATO))))) (-DFL- E_S))",89|||90
sw05utt/sw_0510_3680.utt,3/sw3680,3680,65,bk,A,25,1,Right. /,[ Right/JJ ] ./.,(INTJ (JJ Right) (. .) (-DFL- E_S)),92
sw05utt/sw_0510_3680.utt,3/sw3680,3680,66,sd,B,26,1,"-- {C and } they're also our allies in SEATO, which was the Southeast Asia Treaty Organization, which has since been, {F uh, } disbanded as far as I know,  /","--/: and/CC  [ they/PRP ] 're/VBP also/RB  [ our/PRP$ allies/NNS ] in/IN  [ SEATO/NNP ] ,/,  [ which/WDT ] was/VBD  [ the/DT Southeast/NNP Asia/NNP Treaty/NNP Organization/NNP ] ,/,  [ which/WDT ] has/VBZ  [ since/IN ] been/VBN ,/,  [ uh/UH ] ,/, disbanded/VBD as/RB far/RB as/IN  [ I/PRP ] know/VBP ,/,","(S (CC and) (NP-SBJ (PRP they)) (VP (VBP 're) (ADVP (RB also)) (NP-PRD (NP (PRP$ our) (NNS allies)) (PP (IN in) (NP (NP (NNP SEATO)) (, ,) (SBAR (WHNP-1 (WDT which)) (S (NP-SBJ (-NONE- *T*-1)) (VP (VBD was) (NP-PRD (DT the) (NNP Southeast) (NNP Asia) (NNP Treaty) (NNP Organization))))) (, ,) (SBAR (WHNP-2 (WDT which)) (S (NP-SBJ-3 (-NONE- *T*-2)) (VP (VBZ has) (ADVP-TMP (IN since)) (VP (VBN been) (, ,) (INTJ (UH uh)) (, ,) (VP (VBD disbanded) (NP (-NONE- *-3)) (ADVP (ADVP (RB as) (RB far)) (SBAR (IN as) (S (NP-SBJ (PRP I)) (VP (VBP know)))))))))))))) (, ,) (-DFL- E_S))",94
sw05utt/sw_0510_3680.utt,3/sw3680,3680,67,sd,B,26,2,"{D you know, } NATO [ is, + is ] on the way of being disbanded.  {F Uh, }  /","[ you/PRP ] know/VBP ,/,  [ NATO/NNP ] is/VBZ ,/, is/VBZ on/IN  [ the/DT way/NN ] of/IN being/VBG disbanded/VBN ./.  [ Uh/UH ] ,/,","(S (PRN (S (NP-SBJ (PRP you)) (VP (VBP know))) (, ,)) (NP-SBJ (NNP NATO)) (EDITED (RM (-DFL- \[)) (VP-UNF (VBZ is)) (, ,) (IP (-DFL- \+))) (VP (VBZ is) (RS (-DFL- \])) (PP-PRD (IN on) (NP (NP (DT the) (NN way)) (PP (IN of) (S-NOM (NP-SBJ-1 (-NONE- *)) (VP (VBG being) (VP (VBN disbanded) (NP (-NONE- *-1))))))))) (. .))|||(S-UNF (INTJ (UH Uh)) (, ,) (-DFL- E_S) (CC but) (, ,) (INTJ (UH uh)) (, ,) (EDITED (RM (-DFL- \[)) (NP-SBJ-UNF (DT the)) (, ,) (IP (-DFL- \+))) (PRN (S (NP-SBJ (PRP you)) (VP (VBP know))) (, ,)) (NP-SBJ (DT the) (RS (-DFL- \])) (NP (NNP French))) (, ,))",95|||96
sw05utt/sw_0510_3680.utt,3/sw3680,3680,68,%,B,26,3,"{C but, } {F uh, } [ the, + {D you know, } the ] French, {D yeah }  /","but/CC ,/,  [ uh/UH ] ,/,  [ the/DT ] ,/,  [ you/PRP ] know/VBP ,/,  [ the/DT French/NNP ] ,/, yeah/UH","(S-UNF (INTJ (UH Uh)) (, ,) (-DFL- E_S) (CC but) (, ,) (INTJ (UH uh)) (, ,) (EDITED (RM (-DFL- \[)) (NP-SBJ-UNF (DT the)) (, ,) (IP (-DFL- \+))) (PRN (S (NP-SBJ (PRP you)) (VP (VBP know))) (, ,)) (NP-SBJ (DT the) (RS (-DFL- \])) (NP (NNP French))) (, ,))|||(INTJ (UH yeah) (-DFL- E_S))",96|||97
sw05utt/sw_0510_3680.utt,3/sw3680,3680,69,sd(^q),B,26,4,"we go in as an ally to the French and says yeah,  [ we'll, + we'll ] help you out, if you get in a bind.   /","[ we/PRP ] go/VB in/IN as/IN  [ an/DT ally/NN ] to/TO  [ the/DT French/NNP ] and/CC says/VBZ yeah/UH ,/,  [ we/PRP ] 'll/MD ,/,  [ we/PRP ] 'll/MD help/VB  [ you/PRP ] out/IN ,/, if/IN  [ you/PRP ] get/VB in/IN  [ a/DT bind/NN ] ./.","(S (NP-SBJ (PRP we)) (VP (VP (VB go) (ADVP (IN in)) (PP (IN as) (NP (NP (DT an) (NN ally)) (PP (TO to) (NP (DT the) (NNP French)))))) (CC and) (VP (VBZ says) (S-SEZ (INTJ (UH yeah)) (, ,) (EDITED (RM (-DFL- \[)) (S (NP-SBJ (PRP we)) (VP-UNF (MD 'll))) (, ,) (IP (-DFL- \+))) (NP-SBJ (PRP we)) (VP (MD 'll) (RS (-DFL- \])) (VP (VB help) (NP (PRP you)) (PRT (IN out)) (, ,) (SBAR-ADV (IN if) (S (NP-SBJ (PRP you)) (VP (VB get) (PP (IN in) (NP (DT a) (NN bind))))))))))) (. .) (-DFL- E_S))",98
sw05utt/sw_0510_3680.utt,3/sw3680,3680,70,sd(^q),B,26,5,"{D Well, } they got in a bind and says we don't want to, {D you know, } play any more -- /","Well/RB ,/,  [ they/PRP ] got/VBD in/IN  [ a/DT bind/NN ] and/CC says/VBZ  [ we/PRP ] do/VBP n't/RB want/VB to/TO ,/,  [ you/PRP ] know/VBP ,/, play/VB  [ any/DT ] more/RBR --/:","(S (INTJ (RB Well)) (, ,) (NP-SBJ (PRP they)) (VP (VP (VBD got) (PP (IN in) (NP (DT a) (NN bind)))) (CC and) (VP (VBZ says) (S-SEZ (NP-SBJ-1 (PRP we)) (VP (VBP do) (RB n't) (VP (VB want) (S (NP-SBJ (-NONE- *-1)) (VP (TO to) (PRN (, ,) (S (NP-SBJ (PRP you)) (VP (VBP know))) (, ,)) (VP (VB play) (ADVP-TMP (TYPO (DT any) (RBR more))))))))))) (-DFL- E_S))",99
sw05utt/sw_0510_3680.utt,3/sw3680,3680,71,b,A,27,1,Uh-huh. /,[ Uh-huh/UH ] ./.,(INTJ (UH Uh-huh) (. .) (-DFL- E_S)),101
sw05utt/sw_0510_3680.utt,3/sw3680,3680,72,sd,B,28,1,"-- {C so, } {F uh, } [ [ we, + we ] kind of, + we kind of ] [ got, + got ] the ball rolling ourselves versus a bunch of top secret silly [ organi-, + {F uh, } {F um, } {F oh, } operations ] and then the [ full scale, + {D you know, } full scale ] troops, et cetera, et cetera, et cetera. /","--/: so/RB ,/,  [ uh/UH ] ,/,  [ we/PRP ] ,/,  [ we/PRP ] [ kind/NN ] of/IN ,/,  [ we/PRP ] [ kind/NN ] of/IN got/VBD ,/, got/VBD  [ the/DT ball/NN ] rolling/VBG  [ ourselves/PRP ] versus/IN  [ a/DT bunch/NN ] of/IN  [ top/JJ secret/JJ silly/NN organi-/XX ] ,/,  [ uh/UH ] ,/, um/UH ,/, oh/UH ,/,  [ operations/NNS ] and/CC then/RB  [ the/DT full/JJ scale/NN ] ,/,  [ you/PRP ] know/VBP ,/,  [ full/JJ scale/NN troops/NNS ] ,/, et/CC  [ cetera/NN ] ,/, et/CC  [ cetera/NN ] ,/, et/CC  [ cetera/NN ] ./.","(S (RB so) (, ,) (INTJ (UH uh)) (, ,) (EDITED (RM (-DFL- \[)) (EDITED (RM (-DFL- \[)) (NP-SBJ (PRP we)) (, ,) (IP (-DFL- \+))) (NP-SBJ (PRP we)) (RS (-DFL- \])) (ADVP (NN kind) (IN of)) (, ,) (IP (-DFL- \+))) (NP-SBJ (PRP we)) (ADVP (NN kind) (IN of)) (RS (-DFL- \])) (EDITED (RM (-DFL- \[)) (VP-UNF (VBD got)) (, ,) (IP (-DFL- \+))) (VP (VBD got) (RS (-DFL- \])) (S (NP-SBJ (DT the) (NN ball)) (VP (VBG rolling))) (NP-ADV (PRP ourselves)) (PP (IN versus) (NP (NP (NP (DT a) (NN bunch)) (PP (IN of) (NP (ADJP (JJ top) (JJ secret)) (NN silly) (EDITED (RM (-DFL- \[)) (XX organi-) (, ,) (IP (-DFL- \+))) (INTJ (UH uh)) (, ,) (INTJ (UH um)) (, ,) (INTJ (UH oh)) (, ,) (NNS operations)))) (RS (-DFL- \])) (CONJP (CC and) (RB then)) (NP (DT the) (EDITED (RM (-DFL- \[)) (ADJP (JJ full) (NN scale)) (, ,) (IP (-DFL- \+))) (PRN (S (NP-SBJ (PRP you)) (VP (VBP know))) (, ,)) (ADJP (JJ full) (NN scale)) (RS (-DFL- \])) (NNS troops)))) (, ,) (ADVP (CC et) (NN cetera)) (, ,) (NP (CC et) (NN cetera)) (, ,) (ADVP (CC et) (NN cetera))) (. .) (-DFL- E_S))",103
sw05utt/sw_0510_3680.utt,3/sw3680,3680,73,b,A,29,1,"Yeah,  /","[ Yeah/UH ] ,/,","(INTJ (UH Yeah) (, ,) (-DFL- E_S))",105
sw05utt/sw_0510_3680.utt,3/sw3680,3680,74,sd,A,29,2,"I'm thirty-two,  /","[ I/PRP ] 'm/VBP thirty-two/JJ ,/,","(S (NP-SBJ (PRP I)) (VP (VBP 'm) (NP-PRD (JJ thirty-two))) (, ,) (-DFL- E_S))",106
sw05utt/sw_0510_3680.utt,3/sw3680,3680,75,%,A,29,3,"{C so, } {F uh, } I bar-, - /","so/RB ,/,  [ uh/UH ] ,/,  [ I/PRP bar-/XX ] ,/,","(S-UNF (RB so) (, ,) (INTJ (UH uh)) (, ,) (NP-SBJ (PRP I)) (ADVP-UNF (XX bar-)) (, ,) (-DFL- N_S))",107
sw05utt/sw_0510_3680.utt,3/sw3680,3680,76,sd,A,29,4,"{D well, } I missed it.  /","well/RB ,/,  [ I/PRP ] missed/VBD  [ it/PRP ] ./.","(S (INTJ (RB well)) (, ,) (NP-SBJ (PRP I)) (VP (VBD missed) (NP (PRP it))) (. .) (-DFL- E_S))",108
sw05utt/sw_0510_3680.utt,3/sw3680,3680,77,sd,A,29,5,Seventy-four is when they quit sending troops. /,[ Seventy-four/NN ] is/VBZ when/WRB  [ they/PRP ] quit/VB sending/VBG  [ troops/NNS ] ./.,(S (NP-SBJ (NN Seventy-four)) (VP (VBZ is) (SBAR-TMP-PRD (WHADVP-1 (WRB when)) (S (NP-SBJ (PRP they)) (VP (VB quit) (S (NP-SBJ (-NONE- *)) (VP (VBG sending) (NP (NNS troops)) (ADVP-TMP (-NONE- *T*-1)))))))) (. .) (-DFL- E_S)),109
sw05utt/sw_0510_3680.utt,3/sw3680,3680,78,aa,B,30,1,"{F Uh, } yeah,  /","[ Uh/UH ] ,/, yeah/UH ,/,","(INTJ (INTJ (UH Uh)) (, ,) (INTJ (UH yeah)) (, ,) (-DFL- E_S))",73
sw05utt/sw_0510_3680.utt,3/sw3680,3680,79,aa,B,30,2,yeah  /,yeah/UH,(INTJ (UH yeah) (-DFL- E_S)),97
sw05utt/sw_0510_3680.utt,3/sw3680,3680,80,aap,B,30,3,roughly. /,roughly/RB ./.,(ADVP (RB roughly) (. .) (-DFL- E_S)),113
sw05utt/sw_0510_3680.utt,3/sw3680,3680,81,aa,A,31,1,Yeah.  /,Yeah/UH ./.,(INTJ (UH Yeah) (. .) (-DFL- E_S)),115
sw05utt/sw_0510_3680.utt,3/sw3680,3680,82,sd,A,31,2,"I was just probably three or four years, /","[ I/PRP ] was/VBD just/RB probably/RB  [ three/CD ] or/CC  [ four/CD years/NNS ] ,/,","(S (NP-SBJ (PRP I)) (VP (VBD was) (ADVP (RB just)) (ADVP (RB probably)) (NP-PRD (QP (CD three) (CC or) (CD four)) (NNS years))) (, ,) (-DFL- E_S))",116
