swda_filename,ptb_basename,conversation_no,transcript_index,act_tag,caller,utterance_index,subutterance_index,text,pos,trees,ptb_treenumbers
sw05utt/sw_0501_3450.utt,3/sw3450,3450,0,qy,A,1,1,"{D Well, } {F uh, } guess it's logical to ask,  do you exercise any? /","Well/UH ,/,  [ uh/UH ] ,/, guess/VBP  [ it/PRP ] 's/BES logical/JJ to/TO ask/VB ,/, do/VBP  [ you/PRP ] exercise/VB  [ any/RB ] ?/.","(S (INTJ (UH Well)) (, ,) (INTJ (UH uh)) (, ,) (NP-SBJ (-NONE- *)) (VP (VBP guess) (SBAR (-NONE- 0) (S (NP-SBJ (NP (PRP it)) (S (-NONE- *EXP*-1))) (VP (BES 's) (ADJP-PRD (JJ logical)) (S-1 (NP-SBJ (-NONE- *)) (VP (TO to) (VP (VB ask) (, ,) (SQ (VBP do) (NP-SBJ (PRP you)) (VP (VB exercise) (NP-ADV (RB any))))))))))) (. ?) (-DFL- E_S))",1
sw05utt/sw_0501_3450.utt,3/sw3450,3450,1,ng,B,2,1,"{D Well, } unfortunately very little.  /","Well/UH ,/, unfortunately/RB very/RB little/RB ./.","(FRAG (INTJ (UH Well)) (, ,) (ADVP (RB unfortunately)) (NP-ADV (RB very) (RB little)) (. .) (-DFL- E_S))",3
sw05utt/sw_0501_3450.utt,3/sw3450,3450,2,sd^e,B,2,2,"{F Uh, } much less than what I need to. /","[ Uh/UH ] ,/, much/RB less/RBR than/IN  [ what/WP ] [ I/PRP ] need/VBP to/TO ./.","(FRAG (INTJ (UH Uh)) (, ,) (ADVP (ADVP (RB much) (RBR less)) (PP (IN than) (SBAR (WHADVP-2 (WP what)) (S (NP-SBJ-1 (PRP I)) (VP (VBP need) (S (NP-SBJ (-NONE- *-1)) (VP (TO to) (VP (-NONE- *?*) (ADVP (-NONE- *T*-2)))))))))) (. .) (-DFL- E_S))",4
sw05utt/sw_0501_3450.utt,3/sw3450,3450,3,sd,A,3,1,"I'm about the same way,  /","[ I/PRP ] 'm/VBP about/RB  [ the/DT same/JJ way/NN ] ,/,","(S (NP-SBJ (PRP I)) (VP (VBP 'm) (ADVP (RB about)) (NP-PRD (DT the) (JJ same) (NN way))) (, ,) (-DFL- E_S))",6
sw05utt/sw_0501_3450.utt,3/sw3450,3450,4,sd,A,3,2,"[ I, + I ] do a little bit.  /","[ I/PRP ] ,/,  [ I/PRP ] do/VBP  [ a/DT little/JJ bit/NN ] ./.","(S (EDITED (RM (-DFL- \[)) (NP-SBJ (PRP I)) (, ,) (IP (-DFL- \+))) (NP-SBJ (PRP I)) (RS (-DFL- \])) (VP (VBP do) (NP-ADV (DT a) (JJ little) (NN bit))) (. .) (-DFL- E_S))",7
sw05utt/sw_0501_3450.utt,3/sw3450,3450,5,sd,A,3,3,My job kind of hinders me from exercising.  /,[ My/PRP$ job/NN kind/RB ] of/RB hinders/VBZ  [ me/PRP ] from/IN exercising/VBG ./.,(S (NP-SBJ (PRP$ My) (NN job)) (ADVP (RB kind) (RB of)) (VP (VBZ hinders) (NP-1 (PRP me)) (PP (IN from) (S-NOM (NP-SBJ (-NONE- *-1)) (VP (VBG exercising))))) (. .) (-DFL- E_S)),8
sw05utt/sw_0501_3450.utt,3/sw3450,3450,6,sd,A,3,4,I'm a night operator here at a industry down here  /,[ I/PRP ] 'm/VBP  [ a/DT night/NN operator/NN ] here/RB at/IN  [ a/DT industry/NN ] down/IN here/RB,(S (NP-SBJ (PRP I)) (VP (VBP 'm) (NP-PRD (DT a) (NN night) (NN operator)) (ADVP-LOC (RB here)) (PP-LOC (IN at) (NP (DT a) (NN industry))) (PP-LOC (IN down) (ADVP (RB here)))) (-DFL- E_S)),9
sw05utt/sw_0501_3450.utt,3/sw3450,3450,7,sd,A,3,5,"{C and } I don't really get out a lot [ [ to, + because my job, to, ] + to ] exercise. /","and/CC  [ I/PRP ] do/VBP n't/RB really/RB get/VB out/RP  [ a/DT lot/NN ] to/TO ,/, because/IN  [ my/PRP$ job/NN ] ,/, to/TO ,/, to/TO exercise/VB ./.","(S (CC and) (NP-SBJ-1 (PRP I)) (VP (VBP do) (RB n't) (ADVP (RB really)) (VP (VB get) (ADVP (RP out)) (NP-ADV (DT a) (NN lot)) (EDITED (RM (-DFL- \[)) (EDITED (RM (-DFL- \[)) (VP-UNF (TO to)) (, ,) (IP (-DFL- \+))) (SBAR-PRP (IN because) (S-UNF (NP-SBJ (PRP$ my) (NN job))))) (, ,) (S-PRP (NP-SBJ (-NONE- *-1)) (EDITED (VP-UNF (TO to)) (, ,) (RS (-DFL- \])) (IP (-DFL- \+))) (VP (TO to) (RS (-DFL- \])) (VP (VB exercise)))))) (. .) (-DFL- E_S))",10
sw05utt/sw_0501_3450.utt,3/sw3450,3450,8,sd,B,4,1,"{D Well, } I, {F uh, } am an assistant teacher [ and, + ] {F uh, } in business technology  /","Well/UH ,/,  [ I/PRP ] ,/,  [ uh/UH ] ,/, am/VBP  [ an/DT assistant/JJ teacher/NN ] and/CC ,/,  [ uh/UH ] ,/, in/IN  [ business/NN technology/NN ]","(S (INTJ (UH Well)) (, ,) (NP-SBJ (PRP I)) (, ,) (INTJ (UH uh)) (, ,) (VP (VBP am) (NP-PRD (NP (DT an) (JJ assistant) (NN teacher)) (EDITED (RM (-DFL- \[)) (CC and) (, ,) (IP (-DFL- \+)) (RS (-DFL- \]))) (INTJ (UH uh)) (, ,) (PP (IN in) (NP (NN business) (NN technology))))) (-DFL- E_S))",12
sw05utt/sw_0501_3450.utt,3/sw3450,3450,9,sd,B,4,2,"{C and } [ I've, + I think the most exercise I've  ] gotten in the last three to four month is jumping up and down to go answer the kids' questions.  /","and/CC  [ I/PRP ] 've/VBP ,/,  [ I/PRP ] think/VBP  [ the/DT most/JJS exercise/NN ] [ I/PRP ] 've/VBP gotten/VBN in/IN  [ the/DT last/JJ three/CD ] to/IN  [ four/CD month/NN ] is/VBZ jumping/VBG up/RB and/CC down/RB to/TO go/VB answer/VB  [ the/DT kids/NNS '/POS questions/NNS ] ./.","(S (CC and) (EDITED (RM (-DFL- \[)) (S (NP-SBJ (PRP I)) (VP-UNF (VBP 've))) (, ,) (IP (-DFL- \+))) (NP-SBJ-4 (PRP I)) (VP (VBP think) (SBAR (-NONE- 0) (S (NP-SBJ (NP (DT the) (JJS most) (NN exercise)) (SBAR (WHNP-1 (-NONE- 0)) (S (NP-SBJ (PRP I)) (VP (VBP 've) (RS (-DFL- \])) (VP (VBN gotten) (NP (-NONE- *T*-1)) (PP-TMP (IN in) (NP (DT the) (JJ last) (QP (CD three) (IN to) (CD four)) (NN month)))))))) (VP (VBZ is) (S-PRD (NP-SBJ-2 (-NONE- *-4)) (VP (VBG jumping) (ADVP (RB up) (CC and) (RB down)) (S-PRP (NP-SBJ-3 (-NONE- *-2)) (VP (TO to) (VP (VB go) (S (NP-SBJ (-NONE- *-3)) (VP (VB answer) (NP (NP (DT the) (NNS kids) (POS ')) (NNS questions))))))))))))) (. .) (-DFL- E_S))",13
sw05utt/sw_0501_3450.utt,3/sw3450,3450,10,sd,B,4,3,"It keeps me pretty busy,  /","[ It/PRP ] keeps/VBZ  [ me/PRP ] pretty/RB busy/JJ ,/,","(S (NP-SBJ (PRP It)) (VP (VBZ keeps) (S (NP-SBJ (PRP me)) (ADJP-PRD (RB pretty) (JJ busy)))) (, ,) (-DFL- E_S))",14
sw05utt/sw_0501_3450.utt,3/sw3450,3450,11,sv,B,4,4,{C but } it's not really the kind of exercise that gets your heart rate going. /,but/CC  [ it/PRP ] 's/BES not/RB really/RB  [ the/DT kind/NN ] of/IN  [ exercise/NN ] [ that/WDT ] gets/VBZ  [ your/PRP$ heart/NN rate/NN ] going/VBG ./.,(S (CC but) (NP-SBJ (PRP it)) (VP (BES 's) (RB not) (ADVP (RB really)) (NP-PRD (NP (DT the) (NN kind)) (PP (IN of) (NP (NN exercise))) (SBAR (WHNP-1 (WDT that)) (S (NP-SBJ (-NONE- *-1)) (VP (VBZ gets) (S (NP-SBJ (PRP$ your) (NN heart) (NN rate)) (VP (VBG going)))))))) (. .) (-DFL- E_S)),15
sw05utt/sw_0501_3450.utt,3/sw3450,3450,12,b,A,5,1,Right. /,[ Right/UH ] ./.,(INTJ (UH Right) (. .) (-DFL- E_S)),17
sw05utt/sw_0501_3450.utt,3/sw3450,3450,13,%,B,6,1,"{C And, } {F uh, } {D you know, } it really, - /","And/CC ,/,  [ uh/UH ] ,/,  [ you/PRP ] know/VBP ,/,  [ it/PRP ] really/RB ,/,","(S-UNF (CC And) (, ,) (INTJ (UH uh)) (PRN (, ,) (S (NP-SBJ (PRP you)) (VP (VBP know))) (, ,)) (NP-SBJ (PRP it)) (ADVP (RB really)) (, ,) (-DFL- N_S))",19
sw05utt/sw_0501_3450.utt,3/sw3450,3450,14,sv,B,6,2,exercise  is so important. /,[ exercise/NN ] is/VBZ so/RB important/JJ ./.,(S (NP-SBJ (NN exercise)) (VP (VBZ is) (ADJP-PRD (RB so) (JJ important))) (. .) (-DFL- E_S)),20
sw05utt/sw_0501_3450.utt,3/sw3450,3450,15,aa,A,7,1,It is. /,[ It/PRP ] is/VBZ ./.,(S (NP-SBJ (PRP It)) (VP (VBZ is) (ADJP-PRD (-NONE- *?*))) (. .) (-DFL- E_S)),22
sw05utt/sw_0501_3450.utt,3/sw3450,3450,16,sd,B,8,1,{C And } I realize that. /,And/CC  [ I/PRP ] realize/VBP  [ that/DT ] ./.,(S (CC And) (NP-SBJ (PRP I)) (VP (VBP realize) (NP (DT that))) (. .) (-DFL- E_S)),24
sw05utt/sw_0501_3450.utt,3/sw3450,3450,17,aa,A,9,1,"[ That's, + that's ] the way I feel.  /","[ That/DT ] 's/BES ,/,  [ that/DT ] 's/BES  [ the/DT way/NN ] [ I/PRP ] feel/VBP ./.","(S (EDITED (RM (-DFL- \[)) (S (NP-SBJ (DT That)) (VP-UNF (BES 's))) (, ,) (IP (-DFL- \+))) (NP-SBJ (DT that)) (VP (BES 's) (RS (-DFL- \])) (NP-PRD (NP (DT the) (NN way)) (SBAR (WHADVP-1 (-NONE- 0)) (S (NP-SBJ (PRP I)) (VP (VBP feel) (ADVP-MNR (-NONE- *T*-1))))))) (. .) (-DFL- E_S))",26
sw05utt/sw_0501_3450.utt,3/sw3450,3450,18,sd,A,9,2,"I'm used to being in pretty good shape  because  when I was in high school I stayed in pretty good shape, played a little basketball and stuff like that,  /","[ I/PRP ] 'm/VBP used/JJ to/TO being/VBG in/IN  [ pretty/RB good/JJ shape/NN ] because/IN when/WRB  [ I/PRP ] was/VBD in/IN  [ high/JJ school/NN ] [ I/PRP ] stayed/VBD in/IN  [ pretty/RB good/JJ shape/NN ] ,/, played/VBD  [ a/DT little/RB basketball/NN ] and/CC  [ stuff/NN ] like/IN  [ that/DT ] ,/,","(S (NP-SBJ-1 (PRP I)) (VP (VBP 'm) (ADJP-PRD (JJ used) (PP (TO to) (S-NOM (NP-SBJ (-NONE- *-1)) (VP (VBG being) (PP-PRD (IN in) (NP (ADJP (RB pretty) (JJ good)) (NN shape))))))) (SBAR-PRP (IN because) (S (SBAR-TMP (WHADVP-2 (WRB when)) (S (NP-SBJ (PRP I)) (VP (VBD was) (PP-PRD (IN in) (NP (JJ high) (NN school))) (ADVP-TMP (-NONE- *T*-2))))) (NP-SBJ (PRP I)) (VP (VP (VBD stayed) (PP (IN in) (NP (ADJP (RB pretty) (JJ good)) (NN shape)))) (, ,) (VP (VP (VBD played) (NP (DT a) (RB little) (NN basketball))) (CC and) (NP-ETC (NP (NN stuff)) (PP (IN like) (NP (DT that))))))))) (, ,) (-DFL- E_S))",27
sw05utt/sw_0501_3450.utt,3/sw3450,3450,19,sd,A,9,3,"{C but } I've got, - /","but/CC  [ I/PRP ] 've/VBP got/VBN ,/,","(S (CC but) (NP-SBJ (PRP I)) (VP (VBP 've) (VP-UNF (VBN got))) (, ,) (-DFL- N_S))",28
sw05utt/sw_0501_3450.utt,3/sw3450,3450,20,sd,A,9,4,"now, I'm in college  /","now/RB ,/,  [ I/PRP ] 'm/VBP in/IN  [ college/NN ]","(S (ADVP-TMP (RB now)) (, ,) (NP-SBJ (PRP I)) (VP (VBP 'm) (PP-PRD (IN in) (NP (NN college)))) (-DFL- E_S))",29
sw05utt/sw_0501_3450.utt,3/sw3450,3450,21,sd,A,9,5,{C and } I go to school during the day and work at night.  /,and/CC  [ I/PRP ] go/VBP to/IN school/VB during/IN  [ the/DT day/NN ] and/CC  [ work/VBP ] at/IN  [ night/NN ] ./.,(S (CC and) (NP-SBJ (PRP I)) (VP (VP (VBP go) (PP (IN to) (NP (VB school))) (PP-TMP (IN during) (NP (DT the) (NN day)))) (CC and) (VP (VBP work) (PP-TMP (IN at) (NP (NN night))))) (. .) (-DFL- E_S)),30
sw05utt/sw_0501_3450.utt,3/sw3450,3450,22,sd,A,9,6,I can tell that I've not really done a whole lot. /,[ I/PRP ] can/MD tell/VB that/IN  [ I/PRP ] 've/VBP not/RB really/RB done/VBN  [ a/DT whole/JJ lot/NN ] ./.,(S (NP-SBJ (PRP I)) (VP (MD can) (VP (VB tell) (SBAR (IN that) (S (NP-SBJ (PRP I)) (VP (VBP 've) (RB not) (ADVP (RB really)) (VP (VBN done) (NP (DT a) (JJ whole) (NN lot)))))))) (. .) (-DFL- E_S)),31
sw05utt/sw_0501_3450.utt,3/sw3450,3450,23,qw,B,10,1,"When you, {F uh, } exercise, what do you do?  /","When/WRB  [ you/PRP ] ,/,  [ uh/UH ] ,/,  [ exercise/VBP ] ,/,  [ what/WP ] do/VBP  [ you/PRP ] do/VB ?/.","(SBARQ (SBAR-TMP (WHADVP-1 (WRB When)) (S (NP-SBJ (PRP you)) (, ,) (INTJ (UH uh)) (, ,) (VP (VBP exercise) (ADVP-TMP (-NONE- *T*-1))))) (, ,) (WHNP-2 (WP what)) (SQ (VBP do) (NP-SBJ (PRP you)) (VP (VB do) (NP (-NONE- *T*-2)))) (. ?) (-DFL- E_S))",33
sw05utt/sw_0501_3450.utt,3/sw3450,3450,24,qr,B,10,2,Do you do it at home or a club  /,Do/VBP  [ you/PRP ] do/VB  [ it/PRP ] at/IN  [ home/NN ] or/CC  [ a/DT club/NN ],(SQ (VBP Do) (NP-SBJ (PRP you)) (VP (VB do) (NP (PRP it)) (PP-LOC (IN at) (NP (NP (NN home)) (CC or) (NP (DT a) (NN club))))) (-DFL- E_S)),34
sw05utt/sw_0501_3450.utt,3/sw3450,3450,25,%,B,10,3,"{C or, } -/","or/CC ,/,","(S-UNF (CC or) (, ,) (-DFL- N_S))",35
sw05utt/sw_0501_3450.utt,3/sw3450,3450,26,sd,A,11,1,"{D Well, } {F uh, } [ I usually, + I usually ] play at home.  /","Well/UH ,/,  [ uh/UH ] ,/,  [ I/PRP ] usually/RB ,/,  [ I/PRP ] usually/RB play/VBP at/IN  [ home/NN ] ./.","(S (INTJ (UH Well)) (, ,) (INTJ (UH uh)) (, ,) (EDITED (RM (-DFL- \[)) (NP-SBJ (PRP I)) (ADVP-TMP (RB usually)) (, ,) (IP (-DFL- \+))) (NP-SBJ (PRP I)) (ADVP-TMP (RB usually)) (RS (-DFL- \])) (VP (VBP play) (PP-LOC (IN at) (NP (NN home)))) (. .) (-DFL- E_S))",37
sw05utt/sw_0501_3450.utt,3/sw3450,3450,27,sd,A,11,2,We live out in the country  /,[ We/PRP ] live/VBP out/IN in/IN  [ the/DT country/NN ],(S (NP-SBJ (PRP We)) (VP (VBP live) (PP-LOC (IN out) (PP (IN in) (NP (DT the) (NN country))))) (-DFL- E_S)),38
sw05utt/sw_0501_3450.utt,3/sw3450,3450,28,sd,A,11,3,{C so }  me and my brother play basketball  and have a bunch of guys come over and play  /,so/RB  [ me/PRP ] and/CC  [ my/PRP$ brother/NN play/VBP basketball/NN ] and/CC have/VBP  [ a/DT bunch/NN ] of/IN  [ guys/NNS ] come/VBN over/RP and/CC play/VB,(S (RB so) (NP-SBJ (NP (PRP me)) (CC and) (NP (PRP$ my) (NN brother))) (VP (VP (VBP play) (NP (NN basketball))) (CC and) (VP (VBP have) (S (NP-SBJ (NP (DT a) (NN bunch)) (PP (IN of) (NP (NNS guys)))) (VP (VP (VBN come) (ADVP-DIR (RP over))) (CC and) (VP (VB play)))))) (-DFL- E_S)),39
sw05utt/sw_0501_3450.utt,3/sw3450,3450,29,sd,A,11,4,"{C or } a lot of times [ we're, + we're ] up at the church  /","or/CC  [ a/DT lot/NN ] of/IN  [ times/NNS we/PRP ] 're/VBP ,/,  [ we/PRP ] 're/VBP up/IN at/IN  [ the/DT church/NN ]","(S (CC or) (NP-TMP (NP (DT a) (NN lot)) (PP (IN of) (NP (NNS times)))) (EDITED (RM (-DFL- \[)) (S (NP-SBJ (PRP we)) (VP-UNF (VBP 're))) (, ,) (IP (-DFL- \+))) (NP-SBJ (PRP we)) (VP (VBP 're) (RS (-DFL- \])) (PP-LOC-PRD (IN up) (PP (IN at) (NP (DT the) (NN church))))) (-DFL- E_S))",40
sw05utt/sw_0501_3450.utt,3/sw3450,3450,30,sd,A,11,5,we'll play volleyball  /,[ we/PRP ] 'll/MD play/VB  [ volleyball/NN,(S (NP-SBJ (PRP we)) (VP (MD 'll) (VP (VB play) (NP (NN volleyball)))) (-DFL- E_S)),41
sw05utt/sw_0501_3450.utt,3/sw3450,3450,31,sd,A,11,6,stuff like that. /,stuff/NN ] like/IN  [ that/DT ] ./.,(NP (NP (NN stuff)) (PP (IN like) (NP (DT that))) (. .) (-DFL- E_S)),42
sw05utt/sw_0501_3450.utt,3/sw3450,3450,32,sd,B,12,1,"I got a hold of, {F uh, } Richard Simmons' tape, {F uh } -- /","[ I/PRP ] got/VBD  [ a/DT hold/NN ] of/IN ,/,  [ uh/UH ] ,/,  [ Richard/NNP Simmons/NNP '/POS tape/NN ] ,/,  [ uh/UH ] --/:","(S (NP-SBJ (PRP I)) (VP (VBD got) (NP (NP (DT a) (NN hold)) (PP (IN of) (, ,) (INTJ (UH uh)) (, ,) (NP (NP (NNP Richard) (NNP Simmons) (POS ')) (NN tape)))) (, ,) (INTJ (UH uh))) (-DFL- E_S))",44
sw05utt/sw_0501_3450.utt,3/sw3450,3450,33,bh,A,13,1,"{F Oh, } really? /","Oh/UH ,/, really/RB ?/.","(FRAG (INTJ (UH Oh)) (, ,) (ADVP (RB really)) (. ?) (-DFL- E_S))",46
sw05utt/sw_0501_3450.utt,3/sw3450,3450,34,t1,B,14,1,"-- what is it, {F uh, }  /","--/:  [ what/WP ] is/VBZ  [ it/PRP ] ,/,  [ uh/UH ] ,/,","(SBARQ (WHNP-1 (WP what)) (SQ (VBZ is) (NP-SBJ (PRP it)) (NP-PRD (-NONE- *T*-1)) (, ,) (INTJ (UH uh))) (, ,) (-DFL- E_S))",48
sw05utt/sw_0501_3450.utt,3/sw3450,3450,35,sd,B,14,2,"I can't even think of the name of it right offhand, with the oldies. /","[ I/PRP ] ca/MD n't/RB even/RB think/VB of/IN  [ the/DT name/NN ] of/IN  [ it/PRP ] right/RB offhand/RB ,/, with/IN  [ the/DT oldies/NNS ] ./.","(S (NP-SBJ (PRP I)) (VP (MD ca) (RB n't) (ADVP (RB even)) (VP (VB think) (PP (IN of) (NP (NP (DT the) (NN name)) (PP (IN of) (NP (NP (PRP it)) (PP (-NONE- *ICH*-1)))))) (ADVP (RB right) (RB offhand)) (, ,) (PP-1 (IN with) (NP (DT the) (NNS oldies))))) (. .) (-DFL- E_S))",49
sw05utt/sw_0501_3450.utt,3/sw3450,3450,36,qy,A,15,1,"{F Oh, } the SWEATING TO THE OLDIES? /","Oh/UH ,/,  [ the/DT SWEATING/VBG ] TO/IN  [ THE/DT OLDIES/NNS ] ?/.","(FRAG (INTJ (UH Oh)) (, ,) (NP (DT the) (NX-TTL (NX (VBG SWEATING)) (PP (IN TO) (NP (DT THE) (NNS OLDIES))))) (. ?) (-DFL- E_S))",51
sw05utt/sw_0501_3450.utt,3/sw3450,3450,37,b^m,B,16,1,"Sweating [ with the, + to the  ] oldies,  / *[[title]]","Sweating/NNP with/IN  [ the/DT ] ,/, to/IN  [ the/DT oldies/NNPS ] ,/,","(NP-TTL (NP (NNP Sweating)) (EDITED (RM (-DFL- \[)) (PP (IN with) (NP-UNF (DT the))) (, ,) (IP (-DFL- \+))) (PP (IN to) (NP (DT the) (RS (-DFL- \])) (NNPS oldies))) (, ,) (-DFL- E_S))",53
sw05utt/sw_0501_3450.utt,3/sw3450,3450,38,ny,B,16,2,yeah  /,yeah/UH,(INTJ (UH yeah) (-DFL- E_S)),54
sw05utt/sw_0501_3450.utt,3/sw3450,3450,39,sd,B,16,3,{C and } that's not bad. /,and/CC  [ that/DT ] 's/BES not/RB bad/JJ ./.,(S (CC and) (NP-SBJ (DT that)) (VP (BES 's) (RB not) (ADJP-PRD (JJ bad))) (. .) (-DFL- E_S)),55
sw05utt/sw_0501_3450.utt,3/sw3450,3450,40,bh,A,17,1,"{F Oh, } really? /","Oh/UH ,/, really/UH ?/.","(FRAG (INTJ (UH Oh)) (, ,) (ADVP (RB really)) (. ?) (-DFL- E_S))",46
sw05utt/sw_0501_3450.utt,3/sw3450,3450,41,sd,B,18,1,"That's pretty upbeat,  /","[ That/DT ] 's/BES pretty/RB upbeat/JJ ,/,","(S (NP-SBJ (DT That)) (VP (BES 's) (ADJP-PRD (RB pretty) (JJ upbeat))) (, ,) (-DFL- E_S))",59
sw05utt/sw_0501_3450.utt,3/sw3450,3450,42,sd,B,18,2,"{C so, } {D you know, } [ I, + every once in a while I'll  ] put the cassette in and go with it. /","so/UH ,/,  [ you/PRP ] know/VBP ,/,  [ I/PRP ] ,/,  [ every/DT ] once/RB in/IN  [ a/DT while/NN ] [ I/PRP ] 'll/MD put/VB  [ the/DT cassette/NN ] in/IN and/CC go/VB with/IN  [ it/PRP ] ./.","(S (RB so) (PRN (, ,) (S (NP-SBJ (PRP you)) (VP (VBP know))) (, ,)) (EDITED (RM (-DFL- \[)) (NP-SBJ (PRP I)) (, ,) (IP (-DFL- \+))) (NP-TMP (NP (DT every) (RB once)) (PP (IN in) (NP (DT a) (NN while)))) (NP-SBJ (PRP I)) (VP (MD 'll) (RS (-DFL- \])) (VP (VP (VB put) (NP (DT the) (NN cassette)) (ADVP-PUT (IN in))) (CC and) (VP (VB go) (PP (IN with) (NP (PRP it)))))) (. .) (-DFL- E_S))",60
sw05utt/sw_0501_3450.utt,3/sw3450,3450,43,b,A,19,1,Right. /,[ Right/UH ] ./.,(INTJ (UH Right) (. .) (-DFL- E_S)),62
sw05utt/sw_0501_3450.utt,3/sw3450,3450,44,sd,B,20,1,Not often enough to have a routine <laughter>. /,Not/RB often/RB enough/RB to/TO have/VB  [ a/DT routine/NN ] ./.,(FRAG (RB Not) (ADVP-TMP (RB often) (RB enough) (S (NP-SBJ (-NONE- *)) (VP (TO to) (VP (VB have) (NP (DT a) (NN routine)))))) (. .) (-DFL- E_S)),64
sw05utt/sw_0501_3450.utt,3/sw3450,3450,45,b,A,21,1,Right.  /,[ Right/UH ] ./.,(INTJ (UH Right) (. .) (-DFL- E_S)),62
sw05utt/sw_0501_3450.utt,3/sw3450,3450,46,%,A,21,2,"I'll, -/","[ I/PRP ] 'll/MD ,/,","(S (NP-SBJ (PRP I)) (VP-UNF (MD 'll)) (, ,) (-DFL- N_S))",67
sw05utt/sw_0501_3450.utt,3/sw3450,3450,47,sd,B,22,1,My little Schnauzer wishes I would get out and walk with her. /,[ My/PRP$ little/JJ Schnauzer/NNP ] wishes/VBZ  [ I/PRP ] would/MD get/VB out/RP and/CC walk/VB with/IN  [ her/PRP ] ./.,(S (NP-SBJ (PRP$ My) (JJ little) (NNP Schnauzer)) (VP (VBZ wishes) (SBAR (-NONE- 0) (S (NP-SBJ (PRP I)) (VP (MD would) (VP (VP (VB get) (ADVP (RP out))) (CC and) (VP (VB walk) (PP (IN with) (NP (PRP her))))))))) (. .) (-DFL- E_S)),69
sw05utt/sw_0501_3450.utt,3/sw3450,3450,48,bh,A,23,1,"{F Oh, } really? /","Oh/UH ,/, really/UH ?/.","(FRAG (INTJ (UH Oh)) (, ,) (ADVP (RB really)) (. ?) (-DFL- E_S))",46
sw05utt/sw_0501_3450.utt,3/sw3450,3450,49,sd,B,24,1,"{C But, } {F uh, } I don't know,  /","But/CC ,/,  [ uh/UH ] ,/,  [ I/PRP ] do/VBP n't/RB know/VB ,/,","(S (CC But) (, ,) (INTJ (UH uh)) (, ,) (NP-SBJ (PRP I)) (VP (VBP do) (RB n't) (VP (VB know))) (, ,) (-DFL- E_S))",73
sw05utt/sw_0501_3450.utt,3/sw3450,3450,50,sd,B,24,2,"by the time I get home, all I want to do is just collapse or sit down at my computer  /","by/IN  [ the/DT time/NN ] [ I/PRP ] get/VBP  [ home/RB ] ,/,  [ all/DT ] [ I/PRP ] want/VBP to/TO do/VB is/VBZ just/RB  [ collapse/VB ] or/CC sit/VB down/RP at/IN  [ my/PRP$ computer/NN ]","(S (PP-TMP (IN by) (NP (NP (DT the) (NN time)) (SBAR (WHADVP-1 (-NONE- 0)) (S (NP-SBJ (PRP I)) (VP (VBP get) (ADVP-LOC (RB home)) (ADVP-TMP (-NONE- *T*-1))))))) (, ,) (NP-SBJ (NP (DT all)) (SBAR (WHNP-3 (-NONE- 0)) (S (NP-SBJ-2 (PRP I)) (VP (VBP want) (S (NP-SBJ (-NONE- *-2)) (VP (TO to) (VP (VB do) (NP (-NONE- *T*-3))))))))) (VP (VBZ is) (ADVP (RB just)) (S-PRD (NP-SBJ (-NONE- *)) (VP (VP (VB collapse)) (CC or) (VP (VB sit) (ADVP (RP down)) (PP-LOC (IN at) (NP (PRP$ my) (NN computer))))))) (-DFL- E_S))",74
sw05utt/sw_0501_3450.utt,3/sw3450,3450,51,sd,B,24,3,{C and } my fingers exercise more than anything now. /,and/CC  [ my/PRP$ fingers/NNS ] exercise/VBP more/RBR than/IN  [ anything/NN ] now/RB ./.,(S (CC and) (NP-SBJ (PRP$ my) (NNS fingers)) (VP (VBP exercise) (ADVP (ADVP (RBR more)) (PP (IN than) (NP (NN anything)))) (ADVP-TMP (RB now))) (. .) (-DFL- E_S)),75
sw05utt/sw_0501_3450.utt,3/sw3450,3450,52,b,A,25,1,"Right,  /","Right/UH ,/,","(INTJ (UH Right) (, ,) (-DFL- E_S))",77
sw05utt/sw_0501_3450.utt,3/sw3450,3450,53,sd,A,25,2,that's the way I am.  /,[ that/DT ] 's/BES  [ the/DT way/NN ] [ I/PRP ] am/VBP ./.,(S (NP-SBJ (DT that)) (VP (BES 's) (NP-PRD (NP (DT the) (NN way)) (SBAR (WHADVP-1 (-NONE- 0)) (S (NP-SBJ (PRP I)) (VP (VBP am) (ADVP-MNR-PRD (-NONE- *T*-1))))))) (. .) (-DFL- E_S)),78
sw05utt/sw_0501_3450.utt,3/sw3450,3450,54,sd,A,25,3,I just want to sit down and relax.  /,[ I/PRP ] just/RB want/VBP to/TO sit/VB down/RP and/CC relax/VB ./.,(S (NP-SBJ-1 (PRP I)) (ADVP (RB just)) (VP (VBP want) (S (NP-SBJ (-NONE- *-1)) (VP (TO to) (VP (VP (VB sit) (ADVP (RP down))) (CC and) (VP (VB relax)))))) (. .) (-DFL- E_S)),79
sw05utt/sw_0501_3450.utt,3/sw3450,3450,55,sd,A,25,4,Too tired to exercise.   *[[slash error]],Too/RB tired/JJ to/TO exercise/VB ./.,(ADJP (RB Too) (JJ tired) (S (NP-SBJ (-NONE- *)) (VP (TO to) (VP (VB exercise)))) (. .)),80
sw05utt/sw_0501_3450.utt,3/sw3450,3450,56,b,B,26,1,Yes.  /,Yes/UH ./.,(INTJ (UH Yes) (. .) (-DFL- E_S)),83
sw05utt/sw_0501_3450.utt,3/sw3450,3450,57,qy,B,26,2,"{F Uh, }  do you ever ride a bike or anything like that? /","[ Uh/UH ] ,/, do/VBP  [ you/PRP ] ever/RB ride/VB  [ a/DT bike/NN ] or/CC  [ anything/NN ] like/IN  [ that/DT ] ?/.","(SQ (INTJ (UH Uh)) (, ,) (VBP do) (NP-SBJ (PRP you)) (ADVP-TMP (RB ever)) (VP (VP (VB ride) (NP (DT a) (NN bike))) (CC or) (NP-ETC (NP (NN anything)) (PP (IN like) (NP (DT that))))) (. ?) (-DFL- E_S))",84
sw05utt/sw_0501_3450.utt,3/sw3450,3450,58,+,A,27,1,I did.  /,[ I/PRP ] did/VBD ./.,(S (NP-SBJ (PRP I)) (VP (VBD did)) (. .) (-DFL- E_S)),81
sw05utt/sw_0501_3450.utt,3/sw3450,3450,59,sd,A,27,2,I started riding my bike about a couple of months ago  /,[ I/PRP ] started/VBD riding/VBG  [ my/PRP$ bike/NN ] about/IN  [ a/DT couple/NN ] of/IN  [ months/NNS ] ago/RB,(S (NP-SBJ-1 (PRP I)) (VP (VBD started) (S (NP-SBJ (-NONE- *-1)) (VP (VBG riding) (NP (PRP$ my) (NN bike)))) (ADVP-TMP (NP (ADVP (IN about)) (NP (DT a) (NN couple)) (PP (IN of) (NP (NNS months)))) (RB ago))) (-DFL- E_S)),86
sw05utt/sw_0501_3450.utt,3/sw3450,3450,60,sd,A,27,3,"{C and } I'd ride about two or three miles a day,  /","and/CC  [ I/PRP ] 'd/MD ride/VB about/RB  [ two/CD ] or/CC  [ three/CD miles/NNS ] [ a/DT day/NN ] ,/,","(S (CC and) (NP-SBJ (PRP I)) (VP (MD 'd) (VP (VB ride) (NP (NP (QP (RB about) (CD two) (CC or) (CD three)) (NNS miles)) (NP-ADV (DT a) (NN day))))) (, ,) (-DFL- E_S))",87
sw05utt/sw_0501_3450.utt,3/sw3450,3450,61,sd,A,27,4,"[ {C but, } + {C but } ] it would last about a couple of weeks  /","but/CC ,/, but/CC  [ it/PRP ] would/MD last/VB about/RB  [ a/DT couple/NN ] of/IN  [ weeks/NNS ]","(S (EDITED (RM (-DFL- \[)) (CC but) (, ,) (IP (-DFL- \+))) (CC but) (RS (-DFL- \])) (NP-SBJ (PRP it)) (VP (MD would) (VP (VB last) (NP-TMP (ADVP (RB about)) (NP (DT a) (NN couple)) (PP (IN of) (NP (NNS weeks)))))) (-DFL- E_S))",88
sw05utt/sw_0501_3450.utt,3/sw3450,3450,62,sd,A,27,5,{C and } it got real cold for a little while  /,and/CC  [ it/PRP ] got/VBD  [ real/RB cold/JJ ] for/IN  [ a/DT little/JJ while/NN ],(S (CC and) (NP-SBJ (PRP it)) (VP (VBD got) (ADJP-PRD (RB real) (JJ cold)) (PP-TMP (IN for) (NP (DT a) (JJ little) (NN while)))) (-DFL- E_S)),89
sw05utt/sw_0501_3450.utt,3/sw3450,3450,63,sd,A,27,6,{C so } I gave it up. /,so/RB  [ I/PRP ] gave/VBD  [ it/PRP ] up/RP ./.,(S (RB so) (NP-SBJ (PRP I)) (VP (VBD gave) (NP (PRP it)) (PRT (RP up))) (. .) (-DFL- E_S)),90
sw05utt/sw_0501_3450.utt,3/sw3450,3450,64,sd,B,28,1,"Here, about [ the, + the ] most common exercise for people is to go to the malls and walk, {F uh, } /","Here/RB ,/, about/RB  [ the/DT ] ,/,  [ the/DT most/RBS common/JJ exercise/NN ] for/IN  [ people/NNS ] is/VBZ to/TO go/VB to/IN  [ the/DT malls/NNS ] and/CC  [ walk/VB ] ,/,  [ uh/UH ] ,/,","(S (ADVP-LOC (RB Here)) (, ,) (ADVP (RB about)) (EDITED (RM (-DFL- \[)) (NP-SBJ-UNF (DT the)) (, ,) (IP (-DFL- \+))) (NP-SBJ (NP (DT the) (RS (-DFL- \])) (ADJP (RBS most) (JJ common)) (NN exercise)) (PP (IN for) (NP (NNS people)))) (VP (VBZ is) (S-PRD (NP-SBJ (-NONE- *)) (VP (TO to) (VP (VP (VB go) (PP-DIR (IN to) (NP (DT the) (NNS malls)))) (CC and) (VP (VB walk))))) (, ,) (INTJ (UH uh))) (, ,) (-DFL- E_S))",92
sw05utt/sw_0501_3450.utt,3/sw3450,3450,65,^2,A,29,1,Walk around. /,Walk/VB around/RP ./.,(VP (VB Walk) (ADVP (RP around)) (. .) (-DFL- E_S)),94
sw05utt/sw_0501_3450.utt,3/sw3450,3450,66,sd,B,30,1,Because they're enclosed  /,Because/RB  [ they/PRP ] 're/VBP enclosed/JJ,(SBAR-PRP (RB Because) (S (NP-SBJ (PRP they)) (VP (VBP 're) (ADJP-PRD (JJ enclosed)))) (-DFL- E_S)),96
sw05utt/sw_0501_3450.utt,3/sw3450,3450,67,sd,B,30,2,{C and } no matter what the weather is they can walk --,and/CC  [ no/DT matter/NN ] [ what/WP ] [ the/DT weather/NN ] is/VBZ  [ they/PRP ] can/MD walk/VB --/:,"(S (CC and) (ADVP (DT no) (NN matter) (SBAR (WHNP-1 (WP what)) (S (NP-SBJ (DT the) (NN weather)) (VP (VBZ is) (NP-PRD (-NONE- *T*-1)))))) (NP-SBJ-2 (PRP they)) (VP (MD can) (VP (VP (VB walk) (PP-TMP (IN at) (NP (DT a) (ADJP (RB pretty) (JJ good)) (NN clip)))) (EDITED (RM (-DFL- \[)) (CC and) (, ,) (IP (-DFL- \+))) (CC and) (RS (-DFL- \])) (RB not) (VP (VB have) (S (NP-SBJ (-NONE- *-2)) (VP (TO to) (VP (VB worry) (PP (IN about) (NP (DT the) (NN weather))))))) (NP-TMP (NN summer) (CC or) (NN winter)))) (. .) (-DFL- E_S))",97
sw05utt/sw_0501_3450.utt,3/sw3450,3450,68,b,A,31,1,Right. /,[ Right/UH ] ./.,(INTJ (UH Right) (. .) (-DFL- E_S)),62
sw05utt/sw_0501_3450.utt,3/sw3450,3450,69,+,B,32,1,"-- at a pretty good clip [ and, + and ] not have to worry about the weather summer or winter. /","--/: at/IN  [ a/DT pretty/RB good/JJ clip/NN ] and/CC ,/, and/CC not/RB have/VB to/TO worry/VB about/IN  [ the/DT weather/NN summer/NN ] or/CC  [ winter/NN ] ./.","(S (CC and) (ADVP (DT no) (NN matter) (SBAR (WHNP-1 (WP what)) (S (NP-SBJ (DT the) (NN weather)) (VP (VBZ is) (NP-PRD (-NONE- *T*-1)))))) (NP-SBJ-2 (PRP they)) (VP (MD can) (VP (VP (VB walk) (PP-TMP (IN at) (NP (DT a) (ADJP (RB pretty) (JJ good)) (NN clip)))) (EDITED (RM (-DFL- \[)) (CC and) (, ,) (IP (-DFL- \+))) (CC and) (RS (-DFL- \])) (RB not) (VP (VB have) (S (NP-SBJ (-NONE- *-2)) (VP (TO to) (VP (VB worry) (PP (IN about) (NP (DT the) (NN weather))))))) (NP-TMP (NN summer) (CC or) (NN winter)))) (. .) (-DFL- E_S))",97
sw05utt/sw_0501_3450.utt,3/sw3450,3450,70,b,A,33,1,"Right,  /","[ Right/UH ] ,/,","(INTJ (UH Right) (, ,) (-DFL- E_S))",77
sw05utt/sw_0501_3450.utt,3/sw3450,3450,71,sd,A,33,2,"I've noticed people doing that down here, too.  /","[ I/PRP ] 've/VBP noticed/VBN  [ people/NNS ] doing/VBG that/IN down/IN here/RB ,/, too/RB ./.","(S (NP-SBJ (PRP I)) (VP (VBP 've) (VP (VBN noticed) (S (NP-SBJ (NNS people)) (VP (VBG doing) (NP (IN that)) (PP-LOC (IN down) (ADVP (RB here))))) (, ,) (ADVP (RB too)))) (. .) (-DFL- E_S))",103
sw05utt/sw_0501_3450.utt,3/sw3450,3450,72,sd,A,33,3,I'll be in town or  something  /,[ I/PRP ] 'll/MD be/VB in/IN  [ town/NN ] or/CC  [ something/NN ],(S (NP-SBJ (PRP I)) (VP (MD 'll) (VP (VP (VB be) (PP-LOC-PRD (IN in) (NP (NN town)))) (CC or) (NP-ETC (NN something)))) (-DFL- E_S)),104
sw05utt/sw_0501_3450.utt,3/sw3450,3450,73,sd,A,33,4,{C and } people will walk around the mall. /,and/CC  [ people/NNS ] will/MD walk/VB around/IN  [ the/DT mall/NN ] ./.,(S (CC and) (NP-SBJ (NNS people)) (VP (MD will) (VP (VB walk) (PP-DIR (IN around) (NP (DT the) (NN mall))))) (. .) (-DFL- E_S)),105
sw05utt/sw_0501_3450.utt,3/sw3450,3450,74,sv,B,34,1,{C And } it's safe. /,And/CC  [ it/PRP ] 's/BES safe/JJ ./.,(S (CC And) (NP-SBJ (PRP it)) (VP (BES 's) (ADJP-PRD (JJ safe))) (. .) (-DFL- E_S)),107
sw05utt/sw_0501_3450.utt,3/sw3450,3450,75,aap,A,35,1,"[  It, + it  ] is fairly safe. /","[ It/PRP ] ,/,  [ it/PRP ] is/VBZ fairly/RB safe/JJ ./.","(S (EDITED (RM (-DFL- \[)) (NP-SBJ (PRP It)) (, ,) (IP (-DFL- \+))) (NP-SBJ (PRP it)) (RS (-DFL- \])) (VP (VBZ is) (ADJP-PRD (RB fairly) (JJ safe))) (. .) (-DFL- E_S))",109
sw05utt/sw_0501_3450.utt,3/sw3450,3450,76,sd,B,36,1,"That's, {F uh, } {D you know, } inside the mall  /","[ That/DT ] 's/BES ,/,  [ uh/UH ] ,/,  [ you/PRP ] know/VBP ,/, inside/IN  [ the/DT mall/NN ]","(S (NP-SBJ (DT That)) (VP (BES 's) (, ,) (INTJ (UH uh)) (PRN (, ,) (S (NP-SBJ (PRP you)) (VP (VBP know))) (, ,)) (PP-LOC-PRD (IN inside) (NP (DT the) (NN mall)))) (-DFL- E_S))",111
sw05utt/sw_0501_3450.utt,3/sw3450,3450,77,sv,B,36,2,may be not safe going to the parking garage <laughter>. /,may/MD be/VB not/RB  [ safe/JJ ] going/VBG to/IN  [ the/DT parking/NN garage/NN ] ./.,(S (NP-SBJ (NP (-NONE- *)) (S (-NONE- *EXP*-1))) (VP (MD may) (VP (VB be) (ADJP-PRD (RB not) (JJ safe)) (S-1 (NP-SBJ (-NONE- *)) (VP (VBG going) (PP-DIR (IN to) (NP (DT the) (NN parking) (NN garage))))))) (. .) (-DFL- E_S)),112
sw05utt/sw_0501_3450.utt,3/sw3450,3450,78,aa,A,37,1,"<Laughter> Yeah,  /","Yeah/UH ,/,","(INTJ (UH Yeah) (, ,) (-DFL- E_S))",114
sw05utt/sw_0501_3450.utt,3/sw3450,3450,79,sv,A,37,2,certain parts of it. /,[ certain/JJ parts/NNS ] of/IN  [ it/PRP ] ./.,(NP (NP (JJ certain) (NNS parts)) (PP (IN of) (NP (PRP it))) (. .) (-DFL- E_S)),115
sw05utt/sw_0501_3450.utt,3/sw3450,3450,80,sd,B,38,1,"I know a doctor once told me [ it, + it, ] - /","[ I/PRP ] know/VBP  [ a/DT doctor/NN ] once/RB told/VBD  [ me/PRP ] [ it/PRP ] ,/,  [ it/PRP ] ,/,","(S (NP-SBJ (PRP I)) (VP (VBP know) (SBAR (-NONE- 0) (S (NP-SBJ (DT a) (NN doctor)) (ADVP-TMP (RB once)) (VP (VBD told) (NP (PRP me)) (SBAR (-NONE- 0) (S-UNF (EDITED (RM (-DFL- \[)) (NP-SBJ (PRP it)) (, ,) (IP (-DFL- \+))) (NP-SBJ (PRP it)))))))) (, ,) (RS (-DFL- \])) (-DFL- N_S))",117
sw05utt/sw_0501_3450.utt,3/sw3450,3450,81,sd,B,38,2,"a friend of mine, {F uh, } suggested swimming --","[ a/DT friend/NN ] of/IN  [ mine/PRP ] ,/,  [ uh/UH ] ,/, suggested/VBD swimming/NN --/:","(S (NP-SBJ (NP (DT a) (NN friend)) (PP (IN of) (NP (PRP mine)))) (, ,) (INTJ (UH uh)) (, ,) (VP (VBD suggested) (NP-1 (NN swimming)) (SBAR-ADV (IN as) (S (NP-SBJ (-NONE- *-1)) (VP (VBG being) (NP-PRD (NP (DT the) (JJS best) (NN exercise)) (SBAR (WHNP-2 (-NONE- 0)) (S (NP-SBJ (EX there)) (VP (VBZ is) (NP-PRD (-NONE- *T*-2)))))))))) (. .) (-DFL- E_S))",118
sw05utt/sw_0501_3450.utt,3/sw3450,3450,82,b,A,39,1,Right. /,[ Right/UH ] ./.,(INTJ (UH Right) (. .) (-DFL- E_S)),99
sw05utt/sw_0501_3450.utt,3/sw3450,3450,83,+,B,40,1,-- as being the best exercise there is. /,--/: as/IN being/VBG  [ the/DT best/JJS exercise/NN ] there/EX is/VBZ ./.,"(S (NP-SBJ (NP (DT a) (NN friend)) (PP (IN of) (NP (PRP mine)))) (, ,) (INTJ (UH uh)) (, ,) (VP (VBD suggested) (NP-1 (NN swimming)) (SBAR-ADV (IN as) (S (NP-SBJ (-NONE- *-1)) (VP (VBG being) (NP-PRD (NP (DT the) (JJS best) (NN exercise)) (SBAR (WHNP-2 (-NONE- 0)) (S (NP-SBJ (EX there)) (VP (VBZ is) (NP-PRD (-NONE- *T*-2)))))))))) (. .) (-DFL- E_S))",118
sw05utt/sw_0501_3450.utt,3/sw3450,3450,84,b,A,41,1,"Right,  /","[ Right/UH ] ,/,","(INTJ (UH Right) (, ,) (-DFL- E_S))",102
sw05utt/sw_0501_3450.utt,3/sw3450,3450,85,sd,A,41,2,"I used to do a lot of swimming,  /","[ I/PRP ] used/VBD to/TO do/VB  [ a/DT lot/NN ] of/IN swimming/NN ,/,","(S (NP-SBJ-1 (PRP I)) (VP (VBD used) (S (NP-SBJ (-NONE- *-1)) (VP (TO to) (VP (VB do) (NP (NP (DT a) (NN lot)) (PP (IN of) (NP (NN swimming)))))))) (, ,) (-DFL- E_S))",124
sw05utt/sw_0501_3450.utt,3/sw3450,3450,86,sd,A,41,3,"[ we have, + we have ] a swimming pool,  /","[ we/PRP ] have/VBP ,/,  [ we/PRP ] have/VBP  [ a/DT swimming/NN pool/NN ] ,/,","(S (EDITED (RM (-DFL- \[)) (S (NP-SBJ (PRP we)) (VP-UNF (VBP have))) (, ,) (IP (-DFL- \+))) (NP-SBJ (PRP we)) (VP (VBP have) (RS (-DFL- \])) (NP (DT a) (NN swimming) (NN pool))) (, ,) (-DFL- E_S))",125
sw05utt/sw_0501_3450.utt,3/sw3450,3450,87,sd,A,41,4,{C but } it's an old concrete pool.  /,but/CC  [ it/PRP ] 's/BES  [ an/DT old/JJ concrete/NN pool/NN ] ./.,(S (CC but) (NP-SBJ (PRP it)) (VP (BES 's) (NP-PRD (DT an) (JJ old) (NN concrete) (NN pool))) (. .) (-DFL- E_S)),126
sw05utt/sw_0501_3450.utt,3/sw3450,3450,88,sd,A,41,5,"We've been having trouble with it the past few years,  /","[ We/PRP ] 've/VBP been/VBN having/VBG  [ trouble/NN ] with/IN  [ it/PRP ] [ the/DT past/JJ few/JJ years/NNS ] ,/,","(S (NP-SBJ (PRP We)) (VP (VBP 've) (VP (VBN been) (VP (VBG having) (NP (NN trouble)) (PP (IN with) (NP (PRP it))) (NP-TMP (DT the) (JJ past) (JJ few) (NNS years))))) (, ,) (-DFL- E_S))",127
sw05utt/sw_0501_3450.utt,3/sw3450,3450,89,sd,A,41,6,"{C so } we haven't got to use it much,  /","so/RB  [ we/PRP ] have/VBP n't/RB got/VBN to/TO use/VB  [ it/PRP ] much/RB ,/,","(S (RB so) (NP-SBJ-1 (PRP we)) (VP (VBP have) (RB n't) (VP (VBN got) (S (NP-SBJ (-NONE- *-1)) (VP (TO to) (VP (VB use) (NP (PRP it)) (ADVP (RB much))))))) (, ,) (-DFL- E_S))",128
sw05utt/sw_0501_3450.utt,3/sw3450,3450,90,sd,A,41,7,{C but } I love to swim and water ski and  stuff like that. /,but/CC  [ I/PRP ] love/VBP to/TO swim/VB and/CC  [ water/GW ] ski/^VB and/CC stuff/NN like/IN  [ that/DT ] ./.,(S (CC but) (NP-SBJ-1 (PRP I)) (VP (VBP love) (S (NP-SBJ (-NONE- *-1)) (VP (TO to) (VP (VP (VB swim)) (CC and) (VP (GW water) (^VB ski)) (CC and) (NP-ETC (NP (NN stuff)) (PP (IN like) (NP (DT that)))))))) (. .) (-DFL- E_S)),129
sw05utt/sw_0501_3450.utt,3/sw3450,3450,91,sv,B,42,1,"The, {F uh, } swimming, they say, uses more muscles than any other exercise with, - /","[ The/DT ] ,/,  [ uh/UH ] ,/, swimming/NN ,/,  [ they/PRP ] say/VBP ,/, uses/VBZ  [ more/JJR muscles/NNS ] than/IN  [ any/DT other/JJ exercise/NN ] with/IN ,/,","(S-1 (NP-SBJ (DT The) (, ,) (INTJ (UH uh)) (, ,) (NN swimming)) (PRN (, ,) (S (NP-SBJ (PRP they)) (VP (VBP say) (SBAR (-NONE- 0) (S (-NONE- *T*-1))))) (, ,)) (VP (VBZ uses) (NP (NP (JJR more) (NNS muscles)) (PP (IN than) (NP (DT any) (JJ other) (NN exercise)))) (PP-UNF (IN with))) (, ,) (-DFL- N_S))",131
sw05utt/sw_0501_3450.utt,3/sw3450,3450,92,sv,B,42,2,{C and } the water takes the resistance. /,and/CC  [ the/DT water/NN ] takes/VBZ  [ the/DT resistance/NN ] ./.,(S (CC and) (NP-SBJ (DT the) (NN water)) (VP (VBZ takes) (NP (DT the) (NN resistance))) (. .) (-DFL- E_S)),132
sw05utt/sw_0501_3450.utt,3/sw3450,3450,93,b,A,43,1,Right. /,[ Right/UH ] ./.,(INTJ (UH Right) (. .) (-DFL- E_S)),99
sw05utt/sw_0501_3450.utt,3/sw3450,3450,94,b,B,44,1,"Right,  /","Right/UH ,/,","(INTJ (UH Right) (, ,) (-DFL- E_S))",102
sw05utt/sw_0501_3450.utt,3/sw3450,3450,95,sv,B,44,2,{C and } you don't get the soreness.  /,and/CC  [ you/PRP ] do/VBP n't/RB get/VB  [ the/DT soreness/NN ] ./.,(S (CC and) (NP-SBJ (PRP you)) (VP (VBP do) (RB n't) (VP (VB get) (NP (DT the) (NN soreness)))) (. .) (-DFL- E_S)),137
sw05utt/sw_0501_3450.utt,3/sw3450,3450,96,sd,B,44,3,"[ I've, + I've ] done some water exercises,  /","[ I/PRP ] 've/VBP ,/,  [ I/PRP ] 've/VBP done/VBN  [ some/DT water/NN exercises/NNS ] ,/,","(S (EDITED (RM (-DFL- \[)) (S (NP-SBJ (PRP I)) (VP-UNF (VBP 've))) (, ,) (IP (-DFL- \+))) (NP-SBJ (PRP I)) (VP (VBP 've) (RS (-DFL- \])) (VP (VBN done) (NP (DT some) (NN water) (NNS exercises)))) (, ,) (-DFL- E_S))",138
sw05utt/sw_0501_3450.utt,3/sw3450,3450,97,sd,B,44,4,"{C but } our pool [ is not, +  is not ] heated  /","but/CC  [ our/PRP$ pool/NN ] is/VBZ not/RB ,/, is/VBZ not/RB heated/VBN","(S (CC but) (NP-SBJ-1 (PRP$ our) (NN pool)) (EDITED (RM (-DFL- \[)) (VP-UNF (VBZ is) (RB not)) (, ,) (IP (-DFL- \+))) (VP (VBZ is) (RB not) (RS (-DFL- \])) (VP (VBN heated) (NP (-NONE- *-1)))) (-DFL- E_S))",139
sw05utt/sw_0501_3450.utt,3/sw3450,3450,98,%,B,44,5,"{C so } it's, -/","so/IN  [ it/PRP ] 's/BES ,/,","(S (RB so) (NP-SBJ (PRP it)) (VP-UNF (BES 's)) (, ,) (-DFL- N_S))",140
sw05utt/sw_0501_3450.utt,3/sw3450,3450,99,aa,A,45,1,"Right,  /","Right/UH ,/,","(INTJ (UH Right) (, ,) (-DFL- E_S))",102
sw05utt/sw_0501_3450.utt,3/sw3450,3450,100,bf,A,45,2,you can't do it year round. /,[ you/PRP ] ca/MD n't/RB do/VB  [ it/PRP ] [ year/NN round/RB ] ./.,(S (NP-SBJ (PRP you)) (VP (MD ca) (RB n't) (VP (VB do) (NP (PRP it)) (ADVP-TMP (NN year) (RB round)))) (. .) (-DFL- E_S)),143
sw05utt/sw_0501_3450.utt,3/sw3450,3450,101,sd,B,46,1,Summertime only. /,[ Summertime/NN ] only/RB ./.,(FRAG (NP-TMP (NN Summertime)) (ADVP (RB only)) (. .) (-DFL- E_S)),145
sw05utt/sw_0501_3450.utt,3/sw3450,3450,102,aa,A,47,1,"Right,  /","Right/UH ,/,","(INTJ (UH Right) (, ,) (-DFL- E_S))",123
sw05utt/sw_0501_3450.utt,3/sw3450,3450,103,sd,A,47,2,that's  the way ours is. /,[ that/DT ] 's/BES  [ the/DT way/RB ours/PRP ] is/VBZ ./.,(S (NP-SBJ (DT that)) (VP (BES 's) (NP-PRD (NP (DT the) (RB way)) (SBAR (WHADVP-1 (-NONE- 0)) (S (NP-SBJ (PRP ours)) (VP (VBZ is) (ADVP-MNR-PRD (-NONE- *T*-1))))))) (. .) (-DFL- E_S)),148
sw05utt/sw_0501_3450.utt,3/sw3450,3450,104,sv,B,48,1,"You don't go out when it's twenty some odd degrees,","[ You/PRP ] do/VBP n't/RB go/VB out/RB when/WRB  [ it/PRP ] 's/BES  [ twenty/CD ] [ some/DT odd/JJ degrees/NNS ] ,/,","(S (NP-SBJ (PRP You)) (VP (VBP do) (RB n't) (EDITED (VP (VB go) (ADVP-DIR (RB out)))) (SBAR-TMP (WHADVP-1 (WRB when)) (S (NP-SBJ (PRP it)) (VP (BES 's) (NP-PRD (QP (CD twenty) (DT some) (JJ odd)) (NNS degrees)) (ADVP-TMP (-NONE- *T*-1))))) (, ,) (VP (VB go) (PP-DIR (RB out) (PP (IN to) (NP (DT the) (NN swimming) (NN pool)))))) (. .) (-DFL- E_S))",150
sw05utt/sw_0501_3450.utt,3/sw3450.pos,3450,105,x,A,49,1,<Laughter>.,./.
sw05utt/sw_0501_3450.utt,3/sw3450,3450,106,+,B,50,1,go out to the swimming pool. /,go/VB out/RB to/IN  [ the/DT swimming/NN pool/NN ] ./.,"(S (NP-SBJ (PRP You)) (VP (VBP do) (RB n't) (EDITED (VP (VB go) (ADVP-DIR (RB out)))) (SBAR-TMP (WHADVP-1 (WRB when)) (S (NP-SBJ (PRP it)) (VP (BES 's) (NP-PRD (QP (CD twenty) (DT some) (JJ odd)) (NNS degrees)) (ADVP-TMP (-NONE- *T*-1))))) (, ,) (VP (VB go) (PP-DIR (RB out) (PP (IN to) (NP (DT the) (NN swimming) (NN pool)))))) (. .) (-DFL- E_S))",150
sw05utt/sw_0501_3450.utt,3/sw3450,3450,107,aa,A,51,1,"{F Oh, } no,  /","Oh/UH ,/, no/UH ,/,","(INTJ (INTJ (UH Oh)) (, ,) (INTJ (UH no)) (, ,) (-DFL- E_S))",154
sw05utt/sw_0501_3450.utt,3/sw3450,3450,108,sv,A,51,2,it's too cold. /,[ it/PRP ] 's/BES too/RB cold/JJ ./.,(S (NP-SBJ (PRP it)) (VP (BES 's) (ADJP-PRD (RB too) (JJ cold))) (. .) (-DFL- E_S)),155
sw05utt/sw_0501_3450.utt,3/sw3450,3450,109,sv,B,52,1,"Hot tubs are [ not, + {F uh, } not  ] too bad,  /","[ Hot/JJ tubs/NNS ] are/VBP not/RB ,/,  [ uh/UH ] ,/, not/RB too/RB bad/JJ ,/,","(S (NP-SBJ (JJ Hot) (NNS tubs)) (VP (VBP are) (EDITED (RM (-DFL- \[)) (RB not) (, ,) (IP (-DFL- \+))) (INTJ (UH uh)) (, ,) (RB not) (RS (-DFL- \])) (ADJP-PRD (RB too) (JJ bad))) (, ,) (-DFL- E_S))",157
sw05utt/sw_0501_3450.utt,3/sw3450,3450,110,%,B,52,2,{C but } <laughter>. -/,but/CC ./.,(S-UNF (CC but) (. .) (-DFL- N_S)),158
sw05utt/sw_0501_3450.utt,3/sw3450,3450,111,sd,A,53,1,<Laughter> I could deal with a hot tub.  /,[ I/PRP ] could/MD deal/VB with/IN  [ a/DT hot/JJ tub/NN ] ./.,(S (NP-SBJ (PRP I)) (VP (MD could) (VP (VB deal) (PP (IN with) (NP (DT a) (JJ hot) (NN tub))))) (. .) (-DFL- E_S)),160
sw05utt/sw_0501_3450.utt,3/sw3450,3450,112,sv,A,53,2,Those are nice. /,[ Those/DT ] are/VBP nice/JJ ./.,(S (NP-SBJ (DT Those)) (VP (VBP are) (ADJP-PRD (JJ nice))) (. .) (-DFL- E_S)),161
sw05utt/sw_0501_3450.utt,3/sw3450,3450,113,qw,B,54,1,"{D So, } what part of Mississippi are you from? /","So/UH ,/,  [ what/WP part/NN ] of/IN  [ Mississippi/NNP ] are/VBP  [ you/PRP ] from/IN ?/.","(SBARQ (INTJ (UH So)) (, ,) (WHNP-1 (WHNP (WP what) (NN part)) (PP (IN of) (NP (NNP Mississippi)))) (SQ (VBP are) (NP-SBJ (PRP you)) (PP-PRD (IN from) (NP (-NONE- *T*-1)))) (. ?) (-DFL- E_S))",163
sw05utt/sw_0501_3450.utt,3/sw3450,3450,114,sd,A,55,1,I'm from Laurel. /,[ I/PRP ] 'm/VBP from/IN  [ Laurel/NNP ] ./.,(S (NP-SBJ (PRP I)) (VP (VBP 'm) (PP-PRD (IN from) (NP (NNP Laurel)))) (. .) (-DFL- E_S)),165
sw05utt/sw_0501_3450.utt,3/sw3450,3450,115,qw,B,56,1,Whereabouts is that? /,[ Whereabouts/RB ] is/VBZ  [ that/DT ] ?/.,(SBARQ (WHADVP-1 (RB Whereabouts)) (SQ (VBZ is) (NP-SBJ (DT that)) (ADVP-LOC-PRD (-NONE- *T*-1))) (. ?) (-DFL- E_S)),167
sw05utt/sw_0501_3450.utt,3/sw3450,3450,116,sd,A,57,1,That's way down towards the south.   /,[ That/DT ] 's/BES  [ way/NN ] down/RB towards/IN  [ the/DT south/NN ] ./.,(S (NP-SBJ (DT That)) (VP (BES 's) (PP-LOC-PRD (ADVP (NN way)) (RB down) (PP (IN towards) (NP (DT the) (NN south))))) (. .) (-DFL- E_S)),169
sw05utt/sw_0501_3450.utt,3/sw3450,3450,117,sd,A,57,2,"Not quite on the coast,  /","Not/RB quite/RB on/IN  [ the/DT coast/NN ] ,/,","(PP-LOC (ADVP (RB Not) (RB quite)) (IN on) (NP (DT the) (NN coast)) (, ,) (-DFL- E_S))",170
sw05utt/sw_0501_3450.utt,3/sw3450,3450,118,sd,A,57,3,{C but } we're about two hours from the coast. /,but/CC  [ we/PRP ] 're/VBP about/RB  [ two/CD hours/NNS ] from/IN  [ the/DT coast/NN ] ./.,(S (CC but) (NP-SBJ (PRP we)) (VP (VBP 're) (PP-LOC-PRD (NP-ADV (QP (RB about) (CD two)) (NNS hours)) (IN from) (NP (DT the) (NN coast)))) (. .) (-DFL- E_S)),171
sw05utt/sw_0501_3450.utt,3/sw3450,3450,119,b,B,58,1,"Oh,  /","Oh/UH ,/,","(INTJ (UH Oh) (, ,) (-DFL- E_S))",173
sw05utt/sw_0501_3450.utt,3/sw3450,3450,120,qy,B,58,2,{C and } you do have cold weather down there? /,and/CC  [ you/PRP ] do/VBP have/VB  [ cold/JJ weather/NN ] down/IN there/RB ?/.,(S (CC and) (NP-SBJ (PRP you)) (VP (VBP do) (VP (VB have) (NP (JJ cold) (NN weather)) (PP-LOC (IN down) (ADVP (RB there))))) (. ?) (-DFL- E_S)),174
sw05utt/sw_0501_3450.utt,3/sw3450,3450,121,ny,A,59,1,"Yes,  ma'am,  /","Yes/UH ,/,  [ ma'am/NN ]  ,/,","(FRAG (INTJ (UH Yes)) (, ,) (NP-VOC (NN ma'am)) (, ,) (-DFL- E_S))",176
sw05utt/sw_0501_3450.utt,3/sw3450,3450,122,sd^e,A,59,2,"[ it, +  it ] started about yesterday, I believe.  /","[ it/PRP ] ,/,  [ it/PRP ] started/VBD about/RB yesterday/RB ,/,  [ I/PRP ] believe/VBP ./.","(S (S-TPC-1 (EDITED (RM (-DFL- \[)) (NP-SBJ (PRP it)) (, ,) (IP (-DFL- \+))) (NP-SBJ (PRP it)) (RS (-DFL- \])) (VP (VBD started) (NP-TMP (ADVP (RB about)) (RB yesterday)))) (, ,) (NP-SBJ (PRP I)) (VP (VBP believe) (SBAR (-NONE- 0) (S (-NONE- *T*-1)))) (. .) (-DFL- E_S))",177
sw05utt/sw_0501_3450.utt,3/sw3450,3450,123,sd,A,59,3,It started raining and got real cold. /,[ It/PRP ] started/VBD raining/VBG and/CC got/VBD  [ real/RB cold/NN ] ./.,(S (NP-SBJ-1 (PRP It)) (VP (VP (VBD started) (S (NP-SBJ (-NONE- *-1)) (VP (VBG raining)))) (CC and) (VP (VBD got) (ADJP-PRD (RB real) (NN cold)))) (. .) (-DFL- E_S)),178
sw05utt/sw_0501_3450.utt,3/sw3450,3450,124,sd,B,60,1,Ours started Thanksgiving. /,[ Ours/PRP started/VBD Thanksgiving/NNP ] ./.,(S (NP-SBJ (PRP Ours)) (VP (VBD started) (NP-TMP (NNP Thanksgiving))) (. .) (-DFL- E_S)),180
sw05utt/sw_0501_3450.utt,3/sw3450,3450,125,b,A,61,1,Oh. /,Oh/UH ./.,(INTJ (UH Oh) (. .) (-DFL- E_S)),182
sw05utt/sw_0501_3450.utt,3/sw3450,3450,126,sd,B,62,1,"{C And, } {F uh, } from there just, {F well, } - /","And/CC ,/,  [ uh/UH ] ,/, from/IN there/RB just/RB ,/, well/UH ,/,","(S-UNF (CC And) (, ,) (INTJ (UH uh)) (, ,) (PP (IN from) (ADVP (RB there))) (ADVP (RB just)) (, ,) (INTJ (UH well)) (, ,) (-DFL- N_S))",184
sw05utt/sw_0501_3450.utt,3/sw3450,3450,127,sd,B,62,2,"today was pretty,  /","[ today/NN ] was/VBD pretty/JJ|RB ,/,","(S (NP-SBJ (NN today)) (VP (VBD was) (ADJP-PRD (JJ|RB pretty))) (, ,) (-DFL- E_S))",185
sw05utt/sw_0501_3450.utt,3/sw3450,3450,128,sd,B,62,3,"{C but, } {F uh, } {F oh, } Sunday the snow and ice came in. /","but/CC ,/,  [ uh/UH ] ,/, oh/UH ,/,  [ Sunday/NNP ] [ the/DT snow/NN ] and/CC  [ ice/NN ] came/VBD in/RB ./.","(S (CC but) (, ,) (INTJ (UH uh)) (, ,) (INTJ (UH oh)) (, ,) (NP-TMP (NNP Sunday)) (NP-SBJ (DT the) (NN snow) (CC and) (NN ice)) (VP (VBD came) (ADVP-DIR (RB in))) (. .) (-DFL- E_S))",186
sw05utt/sw_0501_3450.utt,3/sw3450,3450,129,b,A,63,1,Right. /,[ Right/UH ] ./.,(INTJ (UH Right) (. .) (-DFL- E_S)),188
sw05utt/sw_0501_3450.utt,3/sw3450,3450,130,sd,B,64,1,"{C And, } {F uh, } there was no exercise. /","And/CC ,/,  [ uh/UH ] ,/,  [ there/EX ] was/VBD  [ no/DT exercise/NN ] ./.","(S (CC And) (, ,) (INTJ (UH uh)) (, ,) (NP-SBJ (EX there)) (VP (VBD was) (NP-PRD (DT no) (NN exercise))) (. .) (-DFL- E_S))",190
