swda_filename,ptb_basename,conversation_no,transcript_index,act_tag,caller,utterance_index,subutterance_index,text,pos,trees,ptb_treenumbers
sw05utt/sw_0542_2782.utt,2/sw2782,2782,0,qy^t,A,1,1,Ready to talk? /,[ Ready/JJ ] to/TO talk/VB ?/.,(FRAG (ADJP-PRD (JJ Ready)) (S (NP-SBJ (-NONE- *)) (VP (TO to) (VP (VB talk)))) (. ?) (-DFL- E_S)),1
sw05utt/sw_0542_2782.utt,2/sw2782,2782,1,no,B,2,1,I guess so <laughter>. /,[ I/PRP ] guess/VBP so/RB ./.,(S (NP-SBJ (PRP I)) (VP (VBP guess) (ADVP (RB so))) (. .) (-DFL- E_S)),3
sw05utt/sw_0542_2782.utt,2/sw2782,2782,2,^h,A,3,1,Okay. /,Okay/UH ./.,(INTJ (UH Okay) (. .) (-DFL- E_S)),5
sw05utt/sw_0542_2782.utt,2/sw2782,2782,3,^h,B,4,1,Okay. /,Okay/UH ./.,(INTJ (UH Okay) (. .) (-DFL- E_S)),5
sw05utt/sw_0542_2782.utt,2/sw2782,2782,4,sd^t,A,5,1,"{F Uh, } I want to talk about, {F um, } our family budget,","[ Uh/UH ] ,/,  [ I/PRP ] want/VBP to/TO talk/VB about/IN ,/, um/UH ,/,  [ our/PRP$ family/NN budget/NN ] ,/,","(S (INTJ (UH Uh)) (, ,) (NP-SBJ-1 (PRP I)) (VP (VP (VBP want) (S (NP-SBJ (-NONE- *-1)) (VP (TO to) (VP (VB talk) (PP (IN about) (, ,) (INTJ (UH um)) (, ,) (NP (NP (PRP$ our) (NN family) (NN budget)) (, ,) (CC and) (NP (NP (DT the) (NNS times)) (SBAR (WHADVP-3 (IN that)) (S (NP-SBJ (PRP it)) (VP (HVS 's) (VP (VBN worked) (ADVP-TMP (-NONE- *T*-3))))))) (CC and) (NP (NP (DT the) (NNS times)) (SBAR (WHADVP-4 (IN that)) (S (NP-SBJ (PRP it)) (VP (VBZ has) (RB n't) (VP (VBN worked) (ADVP-TMP (-NONE- *T*-4))))))))))))) (CC and) (, ,) (VP (VB give) (NP (PRP you)) (NP (NP (DT a) (JJ general) (NN description)) (PP (IN of) (NP (PRP it)))))) (-DFL- E_S))",9
sw05utt/sw_0542_2782.utt,2/sw2782,2782,5,bk,B,6,1,# Okay.  # /,Okay/UH ./.,(INTJ (UH Okay) (. .) (-DFL- E_S)),5
sw05utt/sw_0542_2782.utt,2/sw2782,2782,6,+,A,7,1,"# and # the times that it's worked and the times that it hasn't worked  and,","and/CC  [ the/DT times/NNS ] that/IN  [ it/PRP ] 's/HVS worked/VBN and/CC  [ the/DT times/NNS ] that/IN  [ it/PRP ] [ has/VBZ n't/RB ] worked/VBN and/CC ,/,","(S (INTJ (UH Uh)) (, ,) (NP-SBJ-1 (PRP I)) (VP (VP (VBP want) (S (NP-SBJ (-NONE- *-1)) (VP (TO to) (VP (VB talk) (PP (IN about) (, ,) (INTJ (UH um)) (, ,) (NP (NP (PRP$ our) (NN family) (NN budget)) (, ,) (CC and) (NP (NP (DT the) (NNS times)) (SBAR (WHADVP-3 (IN that)) (S (NP-SBJ (PRP it)) (VP (HVS 's) (VP (VBN worked) (ADVP-TMP (-NONE- *T*-3))))))) (CC and) (NP (NP (DT the) (NNS times)) (SBAR (WHADVP-4 (IN that)) (S (NP-SBJ (PRP it)) (VP (VBZ has) (RB n't) (VP (VBN worked) (ADVP-TMP (-NONE- *T*-4))))))))))))) (CC and) (, ,) (VP (VB give) (NP (PRP you)) (NP (NP (DT a) (JJ general) (NN description)) (PP (IN of) (NP (PRP it)))))) (-DFL- E_S))",9
sw05utt/sw_0542_2782.utt,2/sw2782,2782,7,b,B,8,1,# Yeah. # /,Yeah/UH ./.,(INTJ (UH Yeah) (. .) (-DFL- E_S)),14
sw05utt/sw_0542_2782.utt,2/sw2782,2782,8,+,A,9,1,# give # you a general description of it  /,give/VB  [ you/PRP ] [ a/DT general/JJ description/NN ] of/IN  [ it/PRP ],"(S (INTJ (UH Uh)) (, ,) (NP-SBJ-1 (PRP I)) (VP (VP (VBP want) (S (NP-SBJ (-NONE- *-1)) (VP (TO to) (VP (VB talk) (PP (IN about) (, ,) (INTJ (UH um)) (, ,) (NP (NP (PRP$ our) (NN family) (NN budget)) (, ,) (CC and) (NP (NP (DT the) (NNS times)) (SBAR (WHADVP-3 (IN that)) (S (NP-SBJ (PRP it)) (VP (HVS 's) (VP (VBN worked) (ADVP-TMP (-NONE- *T*-3))))))) (CC and) (NP (NP (DT the) (NNS times)) (SBAR (WHADVP-4 (IN that)) (S (NP-SBJ (PRP it)) (VP (VBZ has) (RB n't) (VP (VBN worked) (ADVP-TMP (-NONE- *T*-4))))))))))))) (CC and) (, ,) (VP (VB give) (NP (PRP you)) (NP (NP (DT a) (JJ general) (NN description)) (PP (IN of) (NP (PRP it)))))) (-DFL- E_S))",9
sw05utt/sw_0542_2782.utt,2/sw2782,2782,9,ad@,A,9,2,{C and } you can help me out a little  /  *[[slash error--utt2 and 3 should be one unit]],and/CC  [ you/PRP ] can/MD help/VB  [ me/PRP ] out/RP  [ a/DT little/JJ,(S (CC and) (NP-SBJ (PRP you)) (VP (MD can) (VP (VB help) (NP (PRP me)) (PRT (RP out)) (NP-ADV (DT a) (JJ little)))) (-DFL- E_S)),16
sw05utt/sw_0542_2782.utt,2/sw2782,2782,10,ad,A,9,3,bit. /,bit/NN ] ./.,(NP (NN bit) (. .) (-DFL- E_S)),17
sw05utt/sw_0542_2782.utt,2/sw2782.pos,2782,11,o@,B,10,1,<Laughter>.   *[[slash error]],./.
sw05utt/sw_0542_2782.utt,2/sw2782,2782,12,ad,A,11,1,Tell me how yours works. /,Tell/VB  [ me/PRP ] how/WRB  [ yours/PRP works/NNS ] ./.,(S-IMP (NP-SBJ (-NONE- *)) (VP (VB Tell) (NP (PRP me)) (SBAR (WHADVP-1 (WRB how)) (S (NP-SBJ (PRP yours)) (VP (NNS works) (ADVP-MNR (-NONE- *T*-1)))))) (. .) (-DFL- E_S)),20
sw05utt/sw_0542_2782.utt,2/sw2782,2782,13,+@,B,12,1,<Laughter>  Okay. /  *[[slash error should be 'aa']],Okay/UH ./.,(INTJ (UH Okay) (. .) (-DFL- E_S)),5
sw05utt/sw_0542_2782.utt,2/sw2782,2782,14,%,A,13,1,"{D Well, } at the my-, - /","Well/UH ,/, at/IN  [ the/DT my-/XX ] ,/,","(S (INTJ (UH Well)) (, ,) (PP-LOC (IN at) (NP-UNF (DT the) (XX my-))) (, ,) (-DFL- N_S))",24
sw05utt/sw_0542_2782.utt,2/sw2782,2782,15,sd,A,13,2,"I introduced you a little bit to it, a few minutes ago, when I said that [ we are, + {F uh, } we're  ] on the east coast now. /","[ I/PRP ] introduced/VBD  [ you/PRP ] [ a/DT little/JJ bit/NN ] to/IN  [ it/PRP ] ,/,  [ a/DT few/JJ minutes/NNS ] ago/RB ,/, when/WRB  [ I/PRP ] said/VBD that/IN  [ we/PRP ] are/VBP ,/,  [ uh/UH ] ,/,  [ we/PRP ] 're/VBP on/IN  [ the/DT east/JJ coast/NN ] now/RB ./.","(S (NP-SBJ (PRP I)) (VP (VBD introduced) (NP (PRP you)) (NP-ADV (DT a) (JJ little) (NN bit)) (PP (IN to) (NP (PRP it))) (, ,) (ADVP-TMP (NP (DT a) (JJ few) (NNS minutes)) (RB ago)) (, ,) (SBAR-TMP (WHADVP-1 (WRB when)) (S (NP-SBJ (PRP I)) (VP (VBD said) (SBAR (IN that) (S (EDITED (RM (-DFL- \[)) (S (NP-SBJ (PRP we)) (VP-UNF (VBP are))) (, ,) (IP (-DFL- \+))) (INTJ (UH uh)) (, ,) (NP-SBJ (PRP we)) (VP (VBP 're) (RS (-DFL- \])) (PP-LOC-PRD (IN on) (NP (DT the) (JJ east) (NN coast))) (ADVP-TMP (RB now))))) (ADVP-TMP (-NONE- *T*-1)))))) (. .) (-DFL- E_S))",25
sw05utt/sw_0542_2782.utt,2/sw2782,2782,16,b,B,14,1,Uh-huh. /,[ Uh-huh/UH ] ./.,(INTJ (UH Uh-huh) (. .) (-DFL- E_S)),27
sw05utt/sw_0542_2782.utt,2/sw2782,2782,17,sd,A,15,1,"My husband quit a perfectly wonderful job and decided that, - /","[ My/PRP$ husband/NN ] quit/VBD  [ a/DT ] perfectly/RB  [ wonderful/JJ job/NN ] and/CC decided/VBD that/IN ,/,","(S (NP-SBJ (PRP$ My) (NN husband)) (VP (VP (VBD quit) (NP (DT a) (ADJP (RB perfectly) (JJ wonderful)) (NN job))) (CC and) (VP (VBD decided) (SBAR-UNF (IN that)))) (, ,) (-DFL- N_S))",29
sw05utt/sw_0542_2782.utt,2/sw2782,2782,18,sd,A,15,2,"{D well,  }  we both decided we wanted to move to North Carolina. /","well/UH ,/,  [ we/PRP ] [ both/DT ] decided/VBD  [ we/PRP ] wanted/VBD to/TO move/VB to/IN  [ North/NNP Carolina/NNP ] ./.","(S (INTJ (UH well)) (, ,) (NP-SBJ (NP (PRP we)) (NP (DT both))) (VP (VBD decided) (SBAR (-NONE- 0) (S (NP-SBJ-1 (PRP we)) (VP (VBD wanted) (S (NP-SBJ (-NONE- *-1)) (VP (TO to) (VP (VB move) (PP-DIR (IN to) (NP (NNP North) (NNP Carolina)))))))))) (. .) (-DFL- E_S))",30
sw05utt/sw_0542_2782.utt,2/sw2782,2782,19,b,B,16,1,Uh-huh. /,[ Uh-huh/UH ] ./.,(INTJ (UH Uh-huh) (. .) (-DFL- E_S)),27
sw05utt/sw_0542_2782.utt,2/sw2782,2782,20,sd,A,17,1,"{C And so } naturally we put ourselves, - /","And/CC so/RB naturally/RB  [ we/PRP ] put/VBD  [ ourselves/PRP ] ,/,","(S (CONJP (CC And) (RB so)) (ADVP (RB naturally)) (NP-SBJ (PRP we)) (VP-UNF (VBD put) (NP (PRP ourselves))) (, ,) (-DFL- N_S))",34
sw05utt/sw_0542_2782.utt,2/sw2782,2782,21,sd,A,17,2,"we looked at our budget, /","[ we/PRP ] looked/VBD at/IN  [ our/PRP$ budget/NN ] ,/,","(S (NP-SBJ (PRP we)) (VP (VBD looked) (PP (IN at) (NP (PRP$ our) (NN budget)))) (, ,) (-DFL- E_S))",35
sw05utt/sw_0542_2782.utt,2/sw2782,2782,22,b,B,18,1,# Yeah. # /,Yeah/UH ./.,(INTJ (UH Yeah) (. .) (-DFL- E_S)),14
sw05utt/sw_0542_2782.utt,2/sw2782,2782,23,sd,A,19,1,"# {C and # so, } what we did was draw up a budget that we thought, {F uh, } was realistic. /","and/CC so/RB ,/,  [ what/WP ] [ we/PRP ] did/VBD was/VBD  [ draw/VB ] up/RP  [ a/DT budget/NN ] that/WDT  [ we/PRP ] thought/VBD ,/,  [ uh/UH ] ,/, was/VBD realistic/JJ ./.","(S (CONJP (CC and) (RB so)) (, ,) (SBAR-NOM-SBJ (WHNP-1 (WP what)) (S (NP-SBJ (PRP we)) (VP (VBD did) (NP (-NONE- *T*-1))))) (VP (VBD was) (VP (VB draw) (PRT (RP up)) (NP (NP (DT a) (NN budget)) (SBAR (WHNP-2 (WDT that)) (S (NP-SBJ (PRP we)) (VP (VBD thought) (, ,) (INTJ (UH uh)) (, ,) (SBAR (-NONE- 0) (S (NP-SBJ (-NONE- *T*-2)) (VP (VBD was) (ADJP-PRD (JJ realistic))))))))))) (. .) (-DFL- E_S))",39
sw05utt/sw_0542_2782.utt,2/sw2782,2782,24,b,B,20,1,Uh-huh. /,[ Uh-huh/UH ] ./.,(INTJ (UH Uh-huh) (. .) (-DFL- E_S)),27
sw05utt/sw_0542_2782.utt,2/sw2782,2782,25,sd,A,21,1,"{C And, } {F uh, } {C so, } we had to make some adjustments  /","And/CC ,/,  [ uh/UH ] ,/, so/RB ,/,  [ we/PRP ] had/VBD to/TO make/VB  [ some/DT adjustments/NNS ]","(S (CC And) (, ,) (INTJ (UH uh)) (, ,) (ADVP (RB so)) (, ,) (NP-SBJ-1 (PRP we)) (VP (VBD had) (S (NP-SBJ (-NONE- *-1)) (VP (TO to) (VP (VB make) (NP (DT some) (NNS adjustments)))))) (-DFL- E_S))",43
sw05utt/sw_0542_2782.utt,2/sw2782,2782,26,sd,A,21,2,"{C because } we really are kind of looking for something that we want to do  and he wants to do that's satisfactory,  /","because/IN  [ we/PRP ] really/RB are/VBP kind/RB of/RB looking/VBG for/IN  [ something/NN ] that/WDT  [ we/PRP ] want/VBP to/TO do/VB and/CC  [ he/PRP ] wants/VBZ to/TO do/VB  [ that/DT ] 's/BES satisfactory/JJ ,/,","(SBAR-PRP (IN because) (S (NP-SBJ (PRP we)) (ADVP (RB really)) (VP (VBP are) (ADVP (RB kind) (RB of)) (VP (VBG looking) (PP (IN for) (NP (NP (NN something)) (SBAR (WHNP-1 (WDT that)) (S (S (NP-SBJ-4 (PRP we)) (VP (VBP want) (S (NP-SBJ (-NONE- *-4)) (VP (TO to) (VP (VB do) (NP (-NONE- *T*-1))))))) (CC and) (S (NP-SBJ-2 (PRP he)) (VP (VBZ wants) (S (NP-SBJ (-NONE- *-2)) (VP (TO to) (VP (VB do) (NP (-NONE- *T*-1))))))))) (SBAR (WHNP-3 (DT that)) (S (NP-SBJ (-NONE- *T*-3)) (VP (BES 's) (ADJP-PRD (JJ satisfactory)))))))))) (, ,) (-DFL- E_S))",44
sw05utt/sw_0542_2782.utt,2/sw2782,2782,27,sd,A,21,3,{C and } we've been here seven months  /,and/CC  [ we/PRP ] 've/VBP been/VBN here/RB  [ seven/CD months/NNS ],(S (CC and) (NP-SBJ (PRP we)) (VP (VBP 've) (VP (VBN been) (ADVP-LOC-PRD (RB here)) (NP-TMP (CD seven) (NNS months)))) (-DFL- E_S)),45
sw05utt/sw_0542_2782.utt,2/sw2782,2782,28,sd,A,21,4,{C and } he's still hasn't hit up on anything permanently. /,and/CC  [ he/PRP ] 's/HVS still/RB  [ has/VBZ n't/RB ] hit/VBD up/RP on/IN  [ anything/NN ] permanently/RB ./.,(S (CC and) (NP-SBJ (PRP he)) (VP (HVS 's) (ADVP-TMP (RB still)) (VP (VBZ has) (RB n't) (VP (VBD hit) (PP (RP up) (PP (IN on) (NP (NN anything)))) (ADVP (RB permanently))))) (. .) (-DFL- E_S)),46
sw05utt/sw_0542_2782.utt,2/sw2782,2782,29,ba,B,22,1,"{F Oh, } no. /","Oh/UH ,/, no/UH ./.","(INTJ (INTJ (UH Oh)) (, ,) (INTJ (UH no)) (. .) (-DFL- E_S))",48
sw05utt/sw_0542_2782.utt,2/sw2782,2782,30,%,A,23,1,"{C So, } you see, -/","So/UH ,/,  [ you/PRP ] see/VBP ,/,","(S (RB So) (, ,) (NP-SBJ (PRP you)) (VP (VBP see)) (, ,) (-DFL- N_S))",50
sw05utt/sw_0542_2782.utt,2/sw2782,2782,31,bf,B,24,1,That throws the budget out of whack real fast. /,[ That/DT ] throws/VBZ  [ the/DT budget/NN ] out/IN of/IN  [ whack/NN ] real/RB fast/RB ./.,(S (NP-SBJ (DT That)) (VP (VBZ throws) (NP (DT the) (NN budget)) (PP (IN out) (PP (IN of) (NP (NN whack)))) (ADVP (RB real) (RB fast))) (. .) (-DFL- E_S)),52
sw05utt/sw_0542_2782.utt,2/sw2782,2782,32,arp,A,25,1,"{D Well, } we actually planned for about one year. /","Well/UH ,/,  [ we/PRP ] actually/RB planned/VBD for/IN about/RB  [ one/CD year/NN ] ./.","(S (INTJ (UH Well)) (, ,) (NP-SBJ (PRP we)) (ADVP (RB actually)) (VP (VBD planned) (PP-TMP (IN for) (NP (QP (RB about) (CD one)) (NN year)))) (. .) (-DFL- E_S))",54
sw05utt/sw_0542_2782.utt,2/sw2782,2782,33,ba,B,26,1,"{F Oh, } good. /","Oh/UH ,/,  [ good/UH ] ./.","(INTJ (INTJ (UH Oh)) (, ,) (INTJ (UH good)) (. .) (-DFL- E_S))",56
sw05utt/sw_0542_2782.utt,2/sw2782,2782,34,sd,A,27,1,"{F Uh, } that God   because,   *[[listen]]","[ Uh/UH ] ,/, that/IN  [ God/NNP ] because/RB ,/,","(FRAG (INTJ (UH Uh)) (, ,) (X (SBAR-UNF (IN that) (INTJ (NNP God)))) (SBAR-PRP (RB because) (, ,) (S (EDITED (RM (-DFL- \[)) (S (NP-SBJ (PRP it)) (ADVP-TMP (RB never)) (VP (VBD occurred) (PP-UNF (IN to)))) (IP (-DFL- \+))) (, ,) (NP-SBJ (PRP it)) (ADVP-TMP (RB never)) (VP (VBD occurred) (PP (IN to) (RS (-DFL- \])) (NP (PRP us))) (SBAR (IN that) (S (NP-SBJ (PRP it)) (VP (MD would) (VP (VB take) (NP (CD seven) (NNS months))))))))) (. .) (-DFL- E_S))",58
sw05utt/sw_0542_2782.utt,2/sw2782,2782,35,aa,B,28,1,# Really.  # /,Really/UH ./.,(INTJ (UH Really) (. .) (-DFL- E_S)),60
sw05utt/sw_0542_2782.utt,2/sw2782,2782,36,+,A,29,1,"# [ it # never occurred to + <laughter>,","[ it/PRP ] never/RB occurred/VBD to/IN ,/,","(FRAG (INTJ (UH Uh)) (, ,) (X (SBAR-UNF (IN that) (INTJ (NNP God)))) (SBAR-PRP (RB because) (, ,) (S (EDITED (RM (-DFL- \[)) (S (NP-SBJ (PRP it)) (ADVP-TMP (RB never)) (VP (VBD occurred) (PP-UNF (IN to)))) (IP (-DFL- \+))) (, ,) (NP-SBJ (PRP it)) (ADVP-TMP (RB never)) (VP (VBD occurred) (PP (IN to) (RS (-DFL- \])) (NP (PRP us))) (SBAR (IN that) (S (NP-SBJ (PRP it)) (VP (MD would) (VP (VB take) (NP (CD seven) (NNS months))))))))) (. .) (-DFL- E_S))",58
sw05utt/sw_0542_2782.utt,2/sw2782,2782,37,ba,B,30,1,# That was smart.  # /,[ That/DT ] was/VBD smart/JJ ./.,(S (NP-SBJ (DT That)) (VP (VBD was) (ADJP-PRD (JJ smart))) (. .) (-DFL- E_S)),63
sw05utt/sw_0542_2782.utt,2/sw2782,2782,38,+,A,31,1,# it never occurred # to  ] us that it would take seven months.  /,[ it/PRP ] never/RB occurred/VBD to/IN  [ us/PRP ] that/IN  [ it/PRP ] would/MD take/VB  [ seven/CD months/NNS ] ./.,"(FRAG (INTJ (UH Uh)) (, ,) (X (SBAR-UNF (IN that) (INTJ (NNP God)))) (SBAR-PRP (RB because) (, ,) (S (EDITED (RM (-DFL- \[)) (S (NP-SBJ (PRP it)) (ADVP-TMP (RB never)) (VP (VBD occurred) (PP-UNF (IN to)))) (IP (-DFL- \+))) (, ,) (NP-SBJ (PRP it)) (ADVP-TMP (RB never)) (VP (VBD occurred) (PP (IN to) (RS (-DFL- \])) (NP (PRP us))) (SBAR (IN that) (S (NP-SBJ (PRP it)) (VP (MD would) (VP (VB take) (NP (CD seven) (NNS months))))))))) (. .) (-DFL- E_S))",58
sw05utt/sw_0542_2782.utt,2/sw2782,2782,39,b,B,32,1,Yeah. /,Yeah/UH ./.,(INTJ (UH Yeah) (. .) (-DFL- E_S)),66
sw05utt/sw_0542_2782.utt,2/sw2782,2782,40,sd,A,33,1,"{C And, } {F uh, } what we did was just, {F uh, } decide [ wh-, + how  ] we had been spending our money before, /","And/CC ,/,  [ uh/UH ] ,/,  [ what/WP ] [ we/PRP ] did/VBD was/VBD just/RB ,/,  [ uh/UH ] ,/, decide/VB  [ wh-/XX ] ,/, how/WRB  [ we/PRP ] had/VBD been/VBN spending/VBG  [ our/PRP$ money/NN ] before/RB ,/,","(S (CC And) (, ,) (INTJ (UH uh)) (, ,) (SBAR-NOM-SBJ (WHNP-1 (WP what)) (S (NP-SBJ (PRP we)) (VP (VBD did) (NP (-NONE- *T*-1))))) (VP (VBD was) (ADVP (RB just)) (, ,) (INTJ (UH uh)) (, ,) (S-PRD (NP-SBJ (-NONE- *)) (VP (VB decide) (SBAR (EDITED (RM (-DFL- \[)) (WHNP-UNF (XX wh-)) (, ,) (IP (-DFL- \+))) (WHADVP-3 (WRB how)) (RS (-DFL- \])) (S (NP-SBJ-2 (PRP we)) (VP (VBD had) (VP (VBN been) (S (NP-SBJ (-NONE- *-2)) (VP (VBG spending) (NP (PRP$ our) (NN money)) (ADVP-TMP (RB before)) (ADVP-MNR (-NONE- *T*-3))))))))))) (, ,) (-DFL- E_S))",68
sw05utt/sw_0542_2782.utt,2/sw2782,2782,41,b,B,34,1,# Uh-huh. # /,[ Uh-huh/UH ] ./.,(INTJ (UH Uh-huh) (. .) (-DFL- E_S)),70
sw05utt/sw_0542_2782.utt,2/sw2782,2782,42,sd,A,35,1,# {C and # then } we put that on the computer  /,and/CC then/RB  [ we/PRP ] put/VBP that/DT on/IN  [ the/DT computer/NN ],(S (CONJP (CC and) (RB then)) (NP-SBJ (PRP we)) (VP (VBP put) (NP (DT that)) (PP-PUT (IN on) (NP (DT the) (NN computer)))) (-DFL- E_S)),72
sw05utt/sw_0542_2782.utt,2/sw2782,2782,43,sd,A,35,2,"{C and then } we took about three months [ and, + {F uh, } and ] adjusted,","and/CC then/RB  [ we/PRP ] took/VBD about/RB  [ three/CD months/NNS ] and/CC ,/,  [ uh/UH ] ,/, and/CC adjusted/VBD ,/,","(S (CONJP (CC and) (RB then)) (NP-SBJ (PRP we)) (VP (VP (VBD took) (NP (QP (RB about) (CD three)) (NNS months))) (EDITED (RM (-DFL- \[)) (CC and) (, ,) (IP (-DFL- \+))) (INTJ (UH uh)) (, ,) (CC and) (RS (-DFL- \])) (VP (VBD adjusted) (, ,) (SBAR (SBAR (WHADVP-1 (WRB where)) (S (NP-SBJ (PRP we)) (VP (MD could) (VP (VB come) (ADVP (RB down)) (ADVP (-NONE- *T*-1)))))) (CC and) (SBAR (WHADVP-3 (WRB where)) (S (NP-SBJ-2 (PRP we)) (VP (VBD did) (RB n't) (VP (VB want) (S (NP-SBJ (-NONE- *-2)) (VP (TO to) (VP (VB come) (ADVP (RB down)) (ADVP (-NONE- *T*-3)))))))))))) (, ,) (-DFL- E_S))",73
sw05utt/sw_0542_2782.utt,2/sw2782,2782,44,b,B,36,1,"# {F Oh, } uh-huh. # /","Oh/UH ,/,  [ uh-huh/UH ] ./.","(INTJ (INTJ (UH Oh)) (, ,) (INTJ (UH uh-huh)) (. .) (-DFL- E_S))",75
sw05utt/sw_0542_2782.utt,2/sw2782,2782,45,+,A,37,1,"# where we # could come down and where we didn't want to come down, /","where/WRB  [ we/PRP ] could/MD come/VB down/RB and/CC where/WRB  [ we/PRP ] did/VBD n't/RB want/VB to/TO come/VB down/RB ,/,","(S (CONJP (CC and) (RB then)) (NP-SBJ (PRP we)) (VP (VP (VBD took) (NP (QP (RB about) (CD three)) (NNS months))) (EDITED (RM (-DFL- \[)) (CC and) (, ,) (IP (-DFL- \+))) (INTJ (UH uh)) (, ,) (CC and) (RS (-DFL- \])) (VP (VBD adjusted) (, ,) (SBAR (SBAR (WHADVP-1 (WRB where)) (S (NP-SBJ (PRP we)) (VP (MD could) (VP (VB come) (ADVP (RB down)) (ADVP (-NONE- *T*-1)))))) (CC and) (SBAR (WHADVP-3 (WRB where)) (S (NP-SBJ-2 (PRP we)) (VP (VBD did) (RB n't) (VP (VB want) (S (NP-SBJ (-NONE- *-2)) (VP (TO to) (VP (VB come) (ADVP (RB down)) (ADVP (-NONE- *T*-3)))))))))))) (, ,) (-DFL- E_S))",73
sw05utt/sw_0542_2782.utt,2/sw2782,2782,46,b,B,38,1,# Yeah. # /,Yeah/UH ./.,(INTJ (UH Yeah) (. .) (-DFL- E_S)),66
sw05utt/sw_0542_2782.utt,2/sw2782,2782,47,sd,A,39,1,"# {C and } # we really, {F uh, } lessened [ it, +  {F uh, } our living expenses, ] {F uh, } more than what we thought we would. /","and/CC  [ we/PRP ] really/RB ,/,  [ uh/UH ] ,/, lessened/VBD  [ it/PRP ] ,/,  [ uh/UH ] ,/,  [ our/PRP$ living/NN expenses/NNS ] ,/,  [ uh/UH ] ,/, more/RBR than/IN  [ what/WP ] [ we/PRP ] thought/VBD  [ we/PRP ] would/MD ./.","(S (CC and) (NP-SBJ (PRP we)) (ADVP (RB really)) (, ,) (INTJ (UH uh)) (, ,) (VP (VBD lessened) (EDITED (RM (-DFL- \[)) (NP (PRP it)) (, ,) (IP (-DFL- \+))) (INTJ (UH uh)) (, ,) (NP (PRP$ our) (NN living) (NNS expenses)) (, ,) (RS (-DFL- \])) (INTJ (UH uh)) (, ,) (ADVP (ADVP (RBR more)) (PP (IN than) (SBAR-NOM (WHADVP-1 (WP what)) (S (NP-SBJ (PRP we)) (VP (VBD thought) (SBAR (-NONE- 0) (S (NP-SBJ (PRP we)) (VP (MD would) (VP (-NONE- *?*) (ADVP-MNR (-NONE- *T*-1)))))))))))) (. .) (-DFL- E_S))",80
sw05utt/sw_0542_2782.utt,2/sw2782,2782,48,ba,B,40,1,"Wow,  that's great. /","Wow/UH ,/,  [ that/DT ] 's/BES great/JJ ./.","(S (INTJ (UH Wow)) (, ,) (NP-SBJ (DT that)) (VP (BES 's) (ADJP-PRD (JJ great))) (. .) (-DFL- E_S))",82
sw05utt/sw_0542_2782.utt,2/sw2782,2782,49,%,A,41,1,"{C But, } -/","But/CC ,/,","(S-UNF (CC But) (, ,) (-DFL- N_S))",84
sw05utt/sw_0542_2782.utt,2/sw2782,2782,50,qr,B,42,1,Did you have a special program on your computer to do that  /,Did/VBD  [ you/PRP ] have/VB  [ a/DT special/JJ program/NN ] on/IN  [ your/PRP$ computer/NN ] to/TO do/VB  [ that/DT ],(SQ (VBD Did) (NP-SBJ (PRP you)) (VP (VB have) (NP (NP (DT a) (JJ special) (NN program)) (PP (IN on) (NP (PRP$ your) (NN computer))) (SBAR (WHADVP-1 (-NONE- 0)) (S (NP-SBJ (-NONE- *)) (VP (TO to) (VP (VB do) (NP (DT that)) (ADVP (-NONE- *T*-1)))))))) (-DFL- E_S)),86
sw05utt/sw_0542_2782.utt,2/sw2782,2782,51,qr,B,42,2,"{C or } was this just your own design of, -/","or/CC was/VBD  [ this/DT ] just/RB  [ your/PRP$ own/JJ design/NN ] of/IN ,/,","(SQ (CC or) (VBD was) (NP-SBJ (DT this)) (ADVP (RB just)) (NP-PRD (NP (PRP$ your) (JJ own) (NN design)) (PP-UNF (IN of))) (, ,) (-DFL- N_S))",87
sw05utt/sw_0542_2782.utt,2/sw2782,2782,52,sd,A,43,1,"{F Oh, } just our own design. /","Oh/UH ,/, just/RB  [ our/PRP$ own/JJ design/NN ] ./.","(FRAG (INTJ (UH Oh)) (, ,) (NP (RB just) (PRP$ our) (JJ own) (NN design)) (. .) (-DFL- E_S))",89
sw05utt/sw_0542_2782.utt,2/sw2782,2782,53,b,B,44,1,Uh-huh. /,[ Uh-huh/UH ] ./.,(INTJ (UH Uh-huh) (. .) (-DFL- E_S)),70
sw05utt/sw_0542_2782.utt,2/sw2782,2782,54,b,A,45,1,Uh-huh. /,[ Uh-huh/UH ] ./.,(INTJ (UH Uh-huh) (. .) (-DFL- E_S)),70
sw05utt/sw_0542_2782.utt,2/sw2782,2782,55,ba,B,46,1,Gosh. /,Gosh/UH ./.,(INTJ (UH Gosh) (. .) (-DFL- E_S)),95
sw05utt/sw_0542_2782.utt,2/sw2782,2782,56,%,A,47,1,"{C And } the, - /","And/CC  [ the/DT ] ,/,","(S (CC And) (NP-SBJ-UNF (DT the)) (, ,) (-DFL- N_S))",97
sw05utt/sw_0542_2782.utt,2/sw2782,2782,57,sd,A,47,2,"{D so, } {C but } we've had budgets that didn't work  when  our,  {F uh, } {D you know, } - /","so/UH ,/, but/CC  [ we/PRP ] 've/VBP had/VBN  [ budgets/NNS ] [ that/WDT ] did/VBD n't/RB  [ work/NN ] when/WRB  [ our/PRP$ ] ,/,  [ uh/UH ] ,/,  [ you/PRP ] know/VBP ,/,","(S (INTJ (UH so)) (, ,) (CC but) (NP-SBJ (PRP we)) (VP (VBP 've) (VP (VBN had) (NP (NP (NNS budgets)) (SBAR (WHNP-1 (WDT that)) (S (NP-SBJ (-NONE- *T*-1)) (VP (VBD did) (RB n't) (VP (NN work) (SBAR-TMP (WHADVP (WRB when)) (S (NP-SBJ-UNF (PRP$ our) (, ,) (INTJ (UH uh)) (PRN (, ,) (S (NP-SBJ (PRP you)) (VP (VBP know)))))))))))))) (, ,) (-DFL- N_S))",98
sw05utt/sw_0542_2782.utt,2/sw2782,2782,58,%,A,47,3,of - /,of/IN,(PP-UNF (IN of) (-DFL- N_S)),99
sw05utt/sw_0542_2782.utt,2/sw2782,2782,59,sd,A,47,4,our   first fifteen years or eighteen years of being married nothing worked <laughter>. /,[ our/PRP$ first/JJ fifteen/CD years/NNS ] or/CC  [ eighteen/CD years/NNS ] of/IN being/VBG married/JJ  [ nothing/NN ] worked/VBD ./.,(S (NP-TMP (NP (PRP$ our) (JJ first) (CD fifteen) (NNS years)) (CC or) (NP (NP (CD eighteen) (NNS years)) (PP (IN of) (S-NOM (NP-SBJ (-NONE- *)) (VP (VBG being) (ADJP-PRD (JJ married))))))) (NP-SBJ (NN nothing)) (VP (VBD worked)) (. .) (-DFL- E_S)),100
sw05utt/sw_0542_2782.utt,2/sw2782,2782,60,b,B,48,1,Yeah  /,Yeah/UH,(INTJ (UH Yeah) (-DFL- E_S)),102
sw05utt/sw_0542_2782.utt,2/sw2782.pos,2782,61,o@,B,48,2,<laughter>.   *[[slash error]],./.
sw05utt/sw_0542_2782.utt,2/sw2782,2782,62,sd,A,49,1,"We spent too much money,","[ We/PRP ] spent/VBD  [ too/RB much/JJ money/NN ] ,/,","(S (NP-SBJ (PRP We)) (VP (VBD spent) (NP (ADJP (RB too) (JJ much)) (NN money)) (, ,) (SBAR-PRP (IN until) (S (NP-SBJ (PRP$ our) (NNS children)) (VP (VBD went) (PP (IN to) (NP (NN college))))))) (, ,) (-DFL- E_S))",104
sw05utt/sw_0542_2782.utt,2/sw2782,2782,63,+@,B,50,1,# Yeah. # /   *[[slash error]],Yeah/UH ./.,(INTJ (UH Yeah) (. .) (-DFL- E_S)),78
sw05utt/sw_0542_2782.utt,2/sw2782,2782,64,+,A,51,1,"# until # our children went to college,  /","until/IN  [ our/PRP$ children/NNS ] went/VBD to/IN  [ college/NN ] ,/,","(S (NP-SBJ (PRP We)) (VP (VBD spent) (NP (ADJP (RB too) (JJ much)) (NN money)) (, ,) (SBAR-PRP (IN until) (S (NP-SBJ (PRP$ our) (NNS children)) (VP (VBD went) (PP (IN to) (NP (NN college))))))) (, ,) (-DFL- E_S))",104
sw05utt/sw_0542_2782.utt,2/sw2782,2782,65,ad,A,51,2,[ {C so. } +,so/UH ./.,"(S-IMP (EDITED (RM (-DFL- \[)) (RB so) (. .) (IP (-DFL- \+))) (RB So) (, ,) (RS (-DFL- \])) (NP-SBJ (-NONE- *)) (VP (VB tell) (NP (PRP me)) (PP-UNF (IN about))) (, ,) (-DFL- N_S))",108
sw05utt/sw_0542_2782.utt,2/sw2782,2782,66,b,B,52,1,Yeah. /,Yeah/UH ./.,(INTJ (UH Yeah) (. .) (-DFL- E_S)),106
sw05utt/sw_0542_2782.utt,2/sw2782,2782,67,+,A,53,1,"{C So, } ] tell me about, - /","So/UH ,/, tell/VB  [ me/PRP ] about/IN ,/,","(S-IMP (EDITED (RM (-DFL- \[)) (RB so) (. .) (IP (-DFL- \+))) (RB So) (, ,) (RS (-DFL- \])) (NP-SBJ (-NONE- *)) (VP (VB tell) (NP (PRP me)) (PP-UNF (IN about))) (, ,) (-DFL- N_S))",108
sw05utt/sw_0542_2782.utt,2/sw2782,2782,68,qy,A,53,2,"do you all, {F uh, } have a budget? /","do/VBP  [ you/PRP ] [ all/DT ] ,/,  [ uh/UH ] ,/, have/VB  [ a/DT budget/NN ] ?/.","(SQ (VBP do) (NP-SBJ (NP (PRP you)) (NP (DT all))) (, ,) (INTJ (UH uh)) (, ,) (VP (VB have) (NP (DT a) (NN budget))) (. ?) (-DFL- E_S))",112
sw05utt/sw_0542_2782.utt,2/sw2782,2782,69,sd,B,54,1,"{D Well, } we've been married for five and a half years  /","Well/UH ,/,  [ we/PRP ] 've/VBP been/VBN married/JJ for/IN  [ five/CD ] and/CC  [ a/DT half/DT years/NNS ]","(S (INTJ (UH Well)) (, ,) (NP-SBJ (PRP we)) (VP (VBP 've) (VP (VBN been) (ADJP-PRD (JJ married)) (PP-TMP (IN for) (NP (QP (CD five) (CC and) (DT a) (DT half)) (NNS years))))) (-DFL- E_S))",114
sw05utt/sw_0542_2782.utt,2/sw2782,2782,70,sd,B,54,2,"{C and } we started out without kids, of course, and found it much easier to save and used to do a lot <noise>, more fun kinds of of things and, {F uh, } did really, {F um, } {D you know, } have a real strict [ budg-, + {E but, }     budget  ]  /","and/CC  [ we/PRP ] started/VBD out/RP without/IN  [ kids/NNS ] ,/, of/IN  [ course/NN ] ,/, and/CC found/VBD  [ it/PRP ] much/RB easier/JJR to/TO save/VB and/CC used/VBD to/TO do/VB  [ a/DT lot/NN ] ,/,  [ more/JJR fun/NN kinds/NNS ] of/IN of/IN  [ things/NNS ] and/CC ,/,  [ uh/UH ] ,/, did/VBD really/RB ,/, um/UH ,/,  [ you/PRP ] know/VBP ,/, have/VB  [ a/DT real/JJ strict/JJ budg-/NN ] ,/, but/CC ,/,  [ budget/NN ]","(S (CC and) (NP-SBJ-2 (PRP we)) (VP (VP (VBD started) (PRT (RP out)) (PP (IN without) (NP (NNS kids)))) (PRN (, ,) (PP (IN of) (NP (NN course))) (, ,)) (CC and) (VP (VBD found) (S (NP-SBJ (NP (PRP it)) (S (-NONE- *EXP*-1))) (ADJP-PRD (RB much) (JJR easier)) (S-1 (NP-SBJ (-NONE- *)) (VP (TO to) (VP (VB save)))))) (CC and) (VP (VBD used) (S (NP-SBJ (-NONE- *-2)) (VP (TO to) (VP (VB do) (NP (NP (ADVP (NP (DT a) (NN lot)) (, ,) (JJR more)) (NN fun) (NNS kinds)) (EDITED (PP-UNF (IN of))) (PP (IN of) (NP (NNS things)))))))) (CC and) (, ,) (INTJ (UH uh)) (, ,) (VP (VBD did) (ADVP (RB really)) (, ,) (INTJ (UH um)) (PRN (, ,) (S (NP-SBJ (PRP you)) (VP (VBP know))) (, ,)) (VP (VB have) (NP (DT a) (ADJP (JJ real) (JJ strict)) (EDITED (RM (-DFL- \[)) (NN budg-) (, ,) (IP (-DFL- \+))) (EDITED (CC but)) (, ,) (NN budget))))) (RS (-DFL- \])) (-DFL- E_S))",115
sw05utt/sw_0542_2782.utt,2/sw2782,2782,71,%,B,54,3,"{C but, } {F uh, } the - /","but/CC ,/,  [ uh/UH ] ,/,  [ the/DT ]","(S (CC but) (, ,) (INTJ (UH uh)) (, ,) (NP-SBJ-UNF (DT the)) (-DFL- N_S))",116
sw05utt/sw_0542_2782.utt,2/sw2782,2782,72,%,B,54,4,(( about and )) - /,about/RB and/CC,(X (PP-UNF (RB about)) (CC and) (-DFL- N_S)),117
sw05utt/sw_0542_2782.utt,2/sw2782,2782,73,%,B,54,5,"to our, - /","to/IN  [ our/PRP$ ] ,/,","(X (PP (IN to) (NP-UNF (PRP$ our))) (, ,) (-DFL- N_S))",118
sw05utt/sw_0542_2782.utt,2/sw2782,2782,74,sd,B,54,6,"[ [ [ [ wh-, + wh-,  ] + wh-,  ] + wh-, ] + when ] we first got married we were in graduate school  /","[ wh/WRB ] ,/,  [ wh/WRB ] ,/,  [ wh/WRB ] ,/,  [ wh/WRB ] ,/, when/WRB  [ we/PRP ] first/RB got/VBD married/JJ  [ we/PRP ] were/VBD in/IN  [ graduate/JJ school/NN ]","(S (SBAR-TMP (EDITED (RM (-DFL- \[)) (EDITED (RM (-DFL- \[)) (EDITED (RM (-DFL- \[)) (EDITED (RM (-DFL- \[)) (WHADVP-UNF (WRB wh-)) (, ,) (IP (-DFL- \+))) (WHADVP-UNF (WRB wh-)) (, ,) (RS (-DFL- \])) (IP (-DFL- \+))) (WHADVP-UNF (WRB wh-)) (, ,) (RS (-DFL- \])) (IP (-DFL- \+))) (WHADVP-UNF (WRB wh-)) (, ,) (RS (-DFL- \])) (IP (-DFL- \+))) (WHADVP-1 (WRB when)) (RS (-DFL- \])) (S (NP-SBJ (PRP we)) (ADVP (RB first)) (VP (VBD got) (ADJP-PRD (JJ married)) (ADVP-TMP (-NONE- *T*-1))))) (NP-SBJ (PRP we)) (VP (VBD were) (PP-PRD (IN in) (NP (JJ graduate) (NN school)))) (-DFL- E_S))",119
sw05utt/sw_0542_2782.utt,2/sw2782,2782,75,sd,B,54,7,"{C and } we were just, {D you know, } dirt poor.  /","and/CC  [ we/PRP ] were/VBD just/RB ,/,  [ you/PRP ] know/VBP ,/,  [ dirt/NN ] poor/JJ ./.","(S (CC and) (NP-SBJ (PRP we)) (VP (VBD were) (ADVP (RB just)) (PRN (, ,) (S (NP-SBJ (PRP you)) (VP (VBP know))) (, ,)) (ADJP-PRD (NN dirt) (JJ poor))) (. .) (-DFL- E_S))",120
sw05utt/sw_0542_2782.utt,2/sw2782,2782,76,sd,B,54,8,Then when we got our first jobs after about a year of marriage we decided we'd bank my salary so we could buy a house.  /,Then/RB when/WRB  [ we/PRP ] got/VBD  [ our/PRP$ first/JJ jobs/NNS ] after/IN about/RB  [ a/DT year/NN ] of/IN  [ marriage/NN ] [ we/PRP ] decided/VBD  [ we/PRP ] 'd/MD bank/VB  [ my/PRP$ salary/NN ] so/RB  [ we/PRP ] could/MD buy/VB  [ a/DT house/NN ] ./.,(S (ADVP (RB Then)) (SBAR-TMP (WHADVP-1 (WRB when)) (S (NP-SBJ (PRP we)) (VP (VBD got) (NP (PRP$ our) (JJ first) (NNS jobs)) (PP-TMP (IN after) (NP (NP (RB about) (DT a) (NN year)) (PP (IN of) (NP (NN marriage))))) (ADVP-TMP (-NONE- *T*-1))))) (NP-SBJ (PRP we)) (VP (VBD decided) (SBAR (-NONE- 0) (S (NP-SBJ (PRP we)) (VP (MD 'd) (VP (VB bank) (NP (PRP$ my) (NN salary)) (SBAR-PRP (RB so) (S (NP-SBJ (PRP we)) (VP (MD could) (VP (VB buy) (NP (DT a) (NN house))))))))))) (. .) (-DFL- E_S)),121
sw05utt/sw_0542_2782.utt,2/sw2782,2782,77,sd,B,54,9,"{C So, } we virtually did that for about two years,","So/UH ,/,  [ we/PRP ] virtually/RB did/VBD that/DT for/IN about/RB  [ two/CD years/NNS ] ,/,","(S (RB So) (, ,) (NP-SBJ (PRP we)) (ADVP (RB virtually)) (VP (VP (VBD did) (NP (DT that)) (PP-TMP (IN for) (NP (QP (RB about) (CD two)) (NNS years)))) (, ,) (SBAR (WHNP-1 (WDT which)) (S (NP-SBJ (-NONE- *T*-1)) (VP (VBD worked) (ADVP-MNR (RB real) (RB well))))) (, ,) (CONJP (CC and) (RB then)) (VP (VBD moved) (PP (IN from) (NP (NP (NNP California)) (SBAR (WHADVP-6 (WRB where)) (S (NP-SBJ (PRP we)) (VP (VBD realized) (SBAR (-NONE- 0) (S (NP-SBJ (PRP we)) (VP (MD could) (ADVP-TMP (RB never)) (VP (VB buy) (NP (DT a) (NN house)) (ADVP (RB anyway)) (ADVP (DT no) (NN matter) (SBAR (WHNP-2 (WHADJP (WRB how) (JJ much))) (S (NP-SBJ (PRP we)) (VP (VBD saved) (NP (-NONE- *T*-2)))))))))) (ADVP-TMP (-NONE- *T*-6)))))))) (, ,) (CC and) (VP (VBD moved) (PP-DIR (IN to) (NP (NNP Texas)))) (, ,) (VP (VBD bought) (NP (NP (DT a) (NN house)) (SBAR (-NONE- *ICH*-5))) (ADVP-TMP (RB immediately)) (PRN (, ,) (S (NP-SBJ (PRP you)) (VP (VBP know))) (, ,)) (SBAR-5 (WHNP-3 (WDT which)) (S (NP-SBJ-4 (-NONE- *T*-3)) (, ,) (PP (IN of) (NP (NN course))) (, ,) (VP (VBZ is) (ADVP-TMP (RB now)) (VP (VBN devalued) (NP (-NONE- *-4)) (PP (IN with) (NP (DT the) (NN housing) (NN market))))))))) (, ,) (-DFL- E_S))",122
sw05utt/sw_0542_2782.utt,2/sw2782,2782,78,ba,A,55,1,# Wonderful.  # /,[ Wonderful/JJ ] ./.,(ADJP (JJ Wonderful) (. .) (-DFL- E_S)),124
sw05utt/sw_0542_2782.utt,2/sw2782,2782,79,+,B,56,1,"# which # worked real well, and then moved from California where we realized we could never buy a house anyway <laughter> no matter how much we saved,","[ which/WDT ] worked/VBD  [ real/RB ] well/RB ,/, and/CC then/RB moved/VBD from/IN  [ California/NNP ] where/WRB  [ we/PRP ] realized/VBD  [ we/PRP ] could/MD never/RB buy/VB  [ a/DT house/NN ] anyway/RB  [ no/DT matter/NN ] how/WRB  [ much/JJ we/PRP ] saved/VBD ,/,","(S (RB So) (, ,) (NP-SBJ (PRP we)) (ADVP (RB virtually)) (VP (VP (VBD did) (NP (DT that)) (PP-TMP (IN for) (NP (QP (RB about) (CD two)) (NNS years)))) (, ,) (SBAR (WHNP-1 (WDT which)) (S (NP-SBJ (-NONE- *T*-1)) (VP (VBD worked) (ADVP-MNR (RB real) (RB well))))) (, ,) (CONJP (CC and) (RB then)) (VP (VBD moved) (PP (IN from) (NP (NP (NNP California)) (SBAR (WHADVP-6 (WRB where)) (S (NP-SBJ (PRP we)) (VP (VBD realized) (SBAR (-NONE- 0) (S (NP-SBJ (PRP we)) (VP (MD could) (ADVP-TMP (RB never)) (VP (VB buy) (NP (DT a) (NN house)) (ADVP (RB anyway)) (ADVP (DT no) (NN matter) (SBAR (WHNP-2 (WHADJP (WRB how) (JJ much))) (S (NP-SBJ (PRP we)) (VP (VBD saved) (NP (-NONE- *T*-2)))))))))) (ADVP-TMP (-NONE- *T*-6)))))))) (, ,) (CC and) (VP (VBD moved) (PP-DIR (IN to) (NP (NNP Texas)))) (, ,) (VP (VBD bought) (NP (NP (DT a) (NN house)) (SBAR (-NONE- *ICH*-5))) (ADVP-TMP (RB immediately)) (PRN (, ,) (S (NP-SBJ (PRP you)) (VP (VBP know))) (, ,)) (SBAR-5 (WHNP-3 (WDT which)) (S (NP-SBJ-4 (-NONE- *T*-3)) (, ,) (PP (IN of) (NP (NN course))) (, ,) (VP (VBZ is) (ADVP-TMP (RB now)) (VP (VBN devalued) (NP (-NONE- *-4)) (PP (IN with) (NP (DT the) (NN housing) (NN market))))))))) (, ,) (-DFL- E_S))",122
sw05utt/sw_0542_2782.utt,2/sw2782,2782,80,aa,A,57,1,# Yes.  # /,Yes/UH ./.,(INTJ (UH Yes) (. .) (-DFL- E_S)),127
sw05utt/sw_0542_2782.utt,2/sw2782,2782,81,+,B,58,1,"# and # moved to Texas, bought a house immediately, {D you know, } which, of course, is now devalued with the housing market,  /","and/CC moved/VBD to/IN  [ Texas/NNP ] ,/, bought/VBD  [ a/DT house/NN ] immediately/RB ,/,  [ you/PRP ] know/VBP ,/,  [ which/WDT ] ,/, of/IN  [ course/NN ] ,/, is/VBZ now/RB devalued/VBN with/IN  [ the/DT housing/NN market/NN ] ,/,","(S (RB So) (, ,) (NP-SBJ (PRP we)) (ADVP (RB virtually)) (VP (VP (VBD did) (NP (DT that)) (PP-TMP (IN for) (NP (QP (RB about) (CD two)) (NNS years)))) (, ,) (SBAR (WHNP-1 (WDT which)) (S (NP-SBJ (-NONE- *T*-1)) (VP (VBD worked) (ADVP-MNR (RB real) (RB well))))) (, ,) (CONJP (CC and) (RB then)) (VP (VBD moved) (PP (IN from) (NP (NP (NNP California)) (SBAR (WHADVP-6 (WRB where)) (S (NP-SBJ (PRP we)) (VP (VBD realized) (SBAR (-NONE- 0) (S (NP-SBJ (PRP we)) (VP (MD could) (ADVP-TMP (RB never)) (VP (VB buy) (NP (DT a) (NN house)) (ADVP (RB anyway)) (ADVP (DT no) (NN matter) (SBAR (WHNP-2 (WHADJP (WRB how) (JJ much))) (S (NP-SBJ (PRP we)) (VP (VBD saved) (NP (-NONE- *T*-2)))))))))) (ADVP-TMP (-NONE- *T*-6)))))))) (, ,) (CC and) (VP (VBD moved) (PP-DIR (IN to) (NP (NNP Texas)))) (, ,) (VP (VBD bought) (NP (NP (DT a) (NN house)) (SBAR (-NONE- *ICH*-5))) (ADVP-TMP (RB immediately)) (PRN (, ,) (S (NP-SBJ (PRP you)) (VP (VBP know))) (, ,)) (SBAR-5 (WHNP-3 (WDT which)) (S (NP-SBJ-4 (-NONE- *T*-3)) (, ,) (PP (IN of) (NP (NN course))) (, ,) (VP (VBZ is) (ADVP-TMP (RB now)) (VP (VBN devalued) (NP (-NONE- *-4)) (PP (IN with) (NP (DT the) (NN housing) (NN market))))))))) (, ,) (-DFL- E_S))",122
sw05utt/sw_0542_2782.utt,2/sw2782,2782,82,sd,B,58,2,"{C so, } I don't know if  [ we, + <laughter>  we  ] did a good thing to buy a house or not  /","so/UH ,/,  [ I/PRP ] do/VBP n't/RB know/VB if/IN  [ we/PRP ] ,/,  [ we/PRP ] did/VBD  [ a/DT good/JJ thing/NN ] to/TO buy/VB  [ a/DT house/NN ] or/CC not/RB","(S (RB so) (, ,) (NP-SBJ (PRP I)) (VP (VBP do) (RB n't) (VP (VB know) (SBAR (IN if) (S (EDITED (RM (-DFL- \[)) (NP-SBJ (PRP we)) (, ,) (IP (-DFL- \+))) (NP-SBJ (PRP we)) (RS (-DFL- \])) (VP (VP (VBD did) (NP (DT a) (JJ good) (NN thing)) (S-ADV (NP-SBJ (-NONE- *)) (VP (TO to) (VP (VB buy) (NP (DT a) (NN house)) (ADVP (-NONE- *T*-1)))))) (CC or) (VP (FRAG (RB not)))))))) (-DFL- E_S))",129
sw05utt/sw_0542_2782.utt,2/sw2782,2782,83,sd,B,58,3,{C but } at least we've got a place to live.  /,but/CC at/IN  [ least/JJS we/PRP ] 've/VBP got/VBD  [ a/DT place/NN ] to/TO live/VB ./.,(S (CC but) (ADVP (IN at) (JJS least)) (NP-SBJ (PRP we)) (VP (VBP 've) (VP (VBD got) (NP (NP (DT a) (NN place)) (SBAR (WHADVP-1 (-NONE- 0)) (S (NP-SBJ (-NONE- *)) (VP (TO to) (VP (VB live) (ADVP-LOC (-NONE- *T*-1))))))))) (. .) (-DFL- E_S)),130
sw05utt/sw_0542_2782.utt,2/sw2782,2782,84,sd,B,58,4,"{F Um, } {C so, } now, since, {F uh, } we have a three year old and a two year old now, {F um, } -/","Um/UH ,/, so/UH ,/, now/UH ,/, since/IN ,/,  [ uh/UH ] ,/,  [ we/PRP ] have/VBP  [ a/DT three/CD year/NN ] old/NN and/CC  [ a/DT two/CD year/NN old/NN ] now/RB ,/, um/UH ,/,","(S-UNF (INTJ (UH Um)) (, ,) (RB so) (, ,) (INTJ (UH now)) (, ,) (SBAR-PRP (IN since) (, ,) (INTJ (UH uh)) (, ,) (S (NP-SBJ (PRP we)) (VP (VBP have) (NP (NP (DT a) (CD three) (NN year) (NN old)) (CC and) (NP (DT a) (CD two) (NN year) (NN old))) (ADVP-TMP (RB now))))) (, ,) (INTJ (UH um)) (, ,) (-DFL- N_S))",131
sw05utt/sw_0542_2782.utt,2/sw2782,2782,85,b^m,A,59,1,Three and a two year old. /,[ Three/CD ] and/CC  [ a/DT two/CD year/NN ] old/NN ./.,(NP (NP (CD Three)) (CC and) (NP (DT a) (CD two) (NN year) (NN old)) (. .) (-DFL- E_S)),133
sw05utt/sw_0542_2782.utt,2/sw2782,2782,86,b,B,60,1,Uh-huh. /,[ Uh-huh/UH ] ./.,(INTJ (UH Uh-huh) (. .) (-DFL- E_S)),135
sw05utt/sw_0542_2782.utt,2/sw2782,2782,87,ba,A,61,1,"Bang,  /  *[[one utt??]]","Bang/UH ,/,","(INTJ (UH Bang) (, ,) (-DFL- E_S))",137
sw05utt/sw_0542_2782.utt,2/sw2782,2782,88,ba,A,61,2,bang. /,bang/UH ./.,(INTJ (UH bang) (. .) (-DFL- E_S)),138
sw05utt/sw_0542_2782.utt,2/sw2782,2782,89,sd,B,62,1,"[ [ That's, + that's,  ] + that  ] threw our budget really <laughter>  out of whack too.  /","[ That/DT ] 's/BES ,/,  [ that/DT ] 's/BES ,/,  [ that/WDT ] threw/VBD  [ our/PRP$ budget/NN ] really/RB out/IN of/IN  [ whack/NN ] too/RB ./.","(S (EDITED (RM (-DFL- \[)) (EDITED (RM (-DFL- \[)) (S (NP-SBJ (DT That)) (VP-UNF (BES 's))) (, ,) (IP (-DFL- \+))) (S (NP-SBJ (DT that)) (VP-UNF (BES 's))) (, ,) (RS (-DFL- \])) (IP (-DFL- \+))) (NP-SBJ (WDT that)) (RS (-DFL- \])) (VP (VBD threw) (NP (PRP$ our) (NN budget)) (PP (ADVP (RB really)) (IN out) (PP (IN of) (NP (NN whack)))) (ADVP (RB too))) (. .) (-DFL- E_S))",140
sw05utt/sw_0542_2782.utt,2/sw2782,2782,90,sd,B,62,2,"An we, {F um, } have been just forced to budget much more  because I quit working to be home with the kids.  /","[ An/CC ] [ we/PRP ] ,/, um/UH ,/, have/VBP been/VBN just/RB forced/VBN to/TO  [ budget/VB ] much/RB more/RBR because/IN  [ I/PRP ] quit/VBD working/VBG to/TO be/VB  [ home/RB ] with/IN  [ the/DT kids/NNS ] ./.","(S (TYPO (CC An)) (NP-SBJ-1 (PRP we)) (, ,) (INTJ (UH um)) (, ,) (VP (VBP have) (VP (VBN been) (VP (ADVP (RB just)) (VBN forced) (S (NP-SBJ (-NONE- *-1)) (VP (TO to) (VP (VB budget) (NP (ADJP (RB much) (RBR more))) (SBAR-PRP (IN because) (S (NP-SBJ-2 (PRP I)) (VP (VBD quit) (S (NP-SBJ-3 (-NONE- *-2)) (VP (VBG working) (S-PRP (NP-SBJ (-NONE- *-3)) (VP (TO to) (VP (VB be) (ADVP-LOC-PRD (RB home)) (PP (IN with) (NP (DT the) (NNS kids))))))))))))))))) (. .) (-DFL- E_S))",141
sw05utt/sw_0542_2782.utt,2/sw2782,2782,91,sd,B,62,3,"{C And, } {F um, } we just really have, {F uh, } <breathing> - /","And/CC ,/, um/UH ,/,  [ we/PRP ] just/RB really/RB have/VBP ,/,  [ uh/UH ] ,/,","(S (CC And) (, ,) (INTJ (UH um)) (, ,) (NP-SBJ (PRP we)) (ADVP (RB just)) (ADVP (RB really)) (VP-UNF (VBP have) (, ,) (INTJ (UH uh))) (, ,) (-DFL- N_S))",142
sw05utt/sw_0542_2782.utt,2/sw2782,2782,92,h,B,62,4,"I don't know,  /","[ I/PRP ] do/VBP n't/RB know/VB ,/,","(S (NP-SBJ (PRP I)) (VP (VBP do) (RB n't) (VP (VB know))) (, ,) (-DFL- E_S))",143
sw05utt/sw_0542_2782.utt,2/sw2782,2782,93,sd,B,62,5,"[ we, + we've  ] tried different times,  /","[ we/PRP ] ,/,  [ we/PRP ] 've/VBP tried/VBN  [ different/JJ times/NNS ] ,/,","(S (EDITED (RM (-DFL- \[)) (NP-SBJ (PRP we)) (, ,) (IP (-DFL- \+))) (NP-SBJ (PRP we)) (VP (VBP 've) (RS (-DFL- \])) (VP (VBN tried) (NP (JJ different) (NNS times)))) (, ,) (-DFL- E_S))",144
sw05utt/sw_0542_2782.utt,2/sw2782,2782,94,sd,B,62,6,"we've done {D like } a survey of {D like } taking, {D you know, } the past three months of where all the money went. /","[ we/PRP ] 've/VBP done/VBN like/UH  [ a/DT survey/NN ] of/IN  [ like/UH ] taking/VBG ,/,  [ you/PRP ] know/VBP ,/,  [ the/DT past/JJ three/CD months/NNS ] of/IN where/WRB  [ all/PDT the/DT money/NN ] went/VBD ./.","(S (NP-SBJ (PRP we)) (VP (VBP 've) (VP (VBN done) (INTJ (UH like)) (NP (NP (DT a) (NN survey)) (PP (IN of) (INTJ (UH like)) (S-NOM (NP-SBJ (-NONE- *)) (VP (VBG taking) (PRN (, ,) (S (NP-SBJ (PRP you)) (VP (VBP know))) (, ,)) (NP (NP (DT the) (JJ past) (CD three) (NNS months)) (PP (IN of) (SBAR-NOM (WHADVP-1 (WRB where)) (S (NP-SBJ (PDT all) (DT the) (NN money)) (VP (VBD went) (ADVP (-NONE- *T*-1))))))))))))) (. .) (-DFL- E_S))",145
sw05utt/sw_0542_2782.utt,2/sw2782,2782,95,b,A,63,1,Uh-huh. /,[ Uh-huh/UH ] ./.,(INTJ (UH Uh-huh) (. .) (-DFL- E_S)),135
sw05utt/sw_0542_2782.utt,2/sw2782,2782,96,sd,B,64,1,"{C And } we really don't spend on anything much of a luxury or anything at all,  /","And/CC  [ we/PRP ] really/RB do/VBP n't/RB spend/VB on/IN  [ anything/NN ] much/JJ of/IN  [ a/DT luxury/NN ] or/CC  [ anything/NN ] at/IN  [ all/DT ] ,/,","(S (CC And) (NP-SBJ (PRP we)) (ADVP (RB really)) (VP (VBP do) (RB n't) (VP (VB spend) (PP (IN on) (NP (NP (NP (NN anything) (JJ much)) (PP (IN of) (NP (DT a) (NN luxury)))) (CC or) (NP (NN anything)))) (ADVP (IN at) (DT all)))) (, ,) (-DFL- E_S))",149
sw05utt/sw_0542_2782.utt,2/sw2782,2782,97,sd,B,64,2,"{C but } it seems like there's, {F um, } times when we just have to get out where we'll go and {D like } get a baby-sitter and we'll go and we'll blow, {D you know, } fifty, sixty dollars in one night going out to eat, going to a show or doing something, {D you know. } /","but/CC  [ it/PRP ] seems/VBZ like/IN  [ there/EX ] 's/BES ,/, um/UH ,/,  [ times/NNS ] when/WRB  [ we/PRP ] just/RB have/VBP to/TO get/VB out/RP where/WRB  [ we/PRP ] 'll/MD go/VB and/CC like/UH get/VB  [ a/DT baby-sitter/NN ] and/CC  [ we/PRP ] 'll/MD go/VB and/CC  [ we/PRP ] 'll/MD blow/VB ,/,  [ you/PRP ] know/VBP ,/,  [ fifty/CD ] ,/,  [ sixty/CD dollars/NNS ] in/IN  [ one/CD night/NN ] going/VBG out/RP to/TO eat/VB ,/, going/VBG to/IN  [ a/DT show/NN ] or/CC doing/VBG  [ something/NN ] ,/,  [ you/PRP ] know/VBP ./.","(S (CC but) (NP-SBJ (PRP it)) (VP (VBZ seems) (SBAR (IN like) (S (NP-SBJ (EX there)) (VP (BES 's) (, ,) (INTJ (UH um)) (, ,) (NP-PRD (NP (NNS times)) (SBAR (WHADVP-3 (WRB when)) (S (NP-SBJ-1 (PRP we)) (ADVP (RB just)) (VP (VBP have) (S (NP-SBJ (-NONE- *-1)) (VP (TO to) (VP (VB get) (ADVP (RP out)) (ADVP-TMP (-NONE- *T*-3)))))))) (SBAR (WHADVP-4 (WRB where)) (S (S (NP-SBJ (PRP we)) (VP (MD 'll) (VP (VP (VB go)) (CC and) (INTJ (UH like)) (VP (VB get) (NP (DT a) (NN baby-sitter)))))) (CC and) (S (NP-SBJ (PRP we)) (VP (MD 'll) (VP (VB go)))) (CC and) (S (NP-SBJ (PRP we)) (VP (MD 'll) (VP (VB blow) (PRN (, ,) (S (NP-SBJ (PRP you)) (VP (VBP know))) (, ,)) (NP (QP (CD fifty) (, ,) (CD sixty)) (NNS dollars)) (PP-TMP (IN in) (NP (CD one) (NN night))) (S-ADV (NP-SBJ-2 (-NONE- *)) (VP (VP (VBG going) (ADVP (RP out)) (S-ADV (NP-SBJ (-NONE- *-2)) (VP (TO to) (VP (VB eat))))) (, ,) (VP (VBG going) (PP (IN to) (NP (DT a) (NN show)))) (CC or) (VP (VBG doing) (NP (NN something)))))))) (ADVP-TMP (-NONE- *T*-4)))))))) (PRN (, ,) (S (NP-SBJ (PRP you)) (VP (VBP know))))) (. .) (-DFL- E_S))",150
sw05utt/sw_0542_2782.utt,2/sw2782,2782,98,sv,A,65,1,"{D Well, } I think that's important  for your budget to be realis-, - /","Well/UH ,/,  [ I/PRP ] think/VBP  [ that/DT ] 's/BES important/JJ for/IN  [ your/PRP$ budget/NN ] to/TO be/VB realis/JJ ,/,","(S (INTJ (UH Well)) (, ,) (NP-SBJ (PRP I)) (VP (VBP think) (SBAR (-NONE- 0) (S (NP-SBJ (DT that)) (VP (BES 's) (ADJP-PRD (JJ important) (PP (IN for) (NP (PRP$ your) (NN budget)))) (S-TPC (NP-SBJ (-NONE- *)) (VP (TO to) (VP (VB be) (ADJP-PRD-UNF (JJ realis-))))))))) (, ,) (-DFL- N_S))",152
sw05utt/sw_0542_2782.utt,2/sw2782,2782,99,sv,A,65,2,"for   it to work though, you have to do something. /","for/IN  [ it/PRP ] to/TO work/VB though/IN ,/,  [ you/PRP ] have/VBP to/TO do/VB  [ something/NN ] ./.","(S (SBAR-PRP (IN for) (S (NP-SBJ (PRP it)) (VP (TO to) (VP (VB work))))) (ADVP (IN though)) (, ,) (NP-SBJ-1 (PRP you)) (VP (VBP have) (S (NP-SBJ (-NONE- *-1)) (VP (TO to) (VP (VB do) (NP (NN something)))))) (. .) (-DFL- E_S))",153
sw05utt/sw_0542_2782.utt,2/sw2782,2782,100,b,B,66,1,"Yeah,  /","Yeah/UH ,/,","(INTJ (UH Yeah) (, ,) (-DFL- E_S))",155
sw05utt/sw_0542_2782.utt,2/sw2782,2782,101,sv,B,66,2,"that's the hard part because when we sit down to make it, we try to make it real spartan and real narrow so we can put a certain amount in savings every week  /","[ that/DT ] 's/BES  [ the/DT hard/JJ part/NN ] because/IN when/WRB  [ we/PRP ] sit/VBP down/RB to/TO make/VB  [ it/PRP ] ,/,  [ we/PRP ] try/VBP to/TO make/VB  [ it/PRP ] real/RB spartan/JJ and/CC real/RB narrow/JJ so/IN  [ we/PRP ] can/MD put/VB  [ a/DT certain/JJ amount/NN ] in/IN  [ savings/NNS ] [ every/DT week/NN ]","(S (NP-SBJ (DT that)) (VP (BES 's) (NP-PRD (DT the) (JJ hard) (NN part)) (SBAR-PRP (IN because) (S (SBAR-TMP (WHADVP-2 (WRB when)) (S (NP-SBJ-1 (PRP we)) (VP (VBP sit) (ADVP (RB down)) (S (NP-SBJ (-NONE- *-1)) (VP (TO to) (VP (VB make) (NP (PRP it))))) (ADVP-TMP (-NONE- *T*-2))))) (, ,) (NP-SBJ-3 (PRP we)) (VP (VBP try) (S (NP-SBJ (-NONE- *-3)) (VP (TO to) (VP (VB make) (S (NP-SBJ (PRP it)) (ADJP-PRD (ADJP (RB real) (JJ spartan)) (CC and) (ADJP (RB real) (JJ narrow))) (SBAR-PRP (IN so) (S (NP-SBJ (PRP we)) (VP (MD can) (VP (VB put) (NP (DT a) (JJ certain) (NN amount)) (PP-PUT (IN in) (NP (NNS savings))) (NP-TMP (DT every) (NN week)))))))))))))) (-DFL- E_S))",156
sw05utt/sw_0542_2782.utt,2/sw2782,2782,102,sv,B,66,3,{C and then } it's not really that realistic  /,and/CC then/RB  [ it/PRP ] 's/BES not/RB really/RB that/RB realistic/JJ,(S (CONJP (CC and) (RB then)) (NP-SBJ (PRP it)) (VP (BES 's) (RB not) (ADVP (RB really)) (ADJP-PRD (RB that) (JJ realistic))) (-DFL- E_S)),157
sw05utt/sw_0542_2782.utt,2/sw2782,2782,103,sd,B,66,4,"{C because } we do find that we want to go and do something or splurge for, {D you know, } birthday for somebody  /","because/IN  [ we/PRP ] do/VBP find/VB that/IN  [ we/PRP ] want/VBP to/TO go/VB and/CC do/VB  [ something/NN ] or/CC splurge/VB for/IN ,/,  [ you/PRP ] know/VBP ,/,  [ birthday/NN ] for/IN  [ somebody/NN ]","(SBAR-PRP (IN because) (S (NP-SBJ (PRP we)) (VP (VBP do) (VP (VB find) (SBAR (IN that) (S (NP-SBJ-1 (PRP we)) (VP (VBP want) (S (NP-SBJ (-NONE- *-1)) (VP (TO to) (VP (VP (VB go)) (CC and) (VP (VB do) (NP (NN something))) (CC or) (VP (VB splurge) (PP (IN for) (PRN (, ,) (S (NP-SBJ (PRP you)) (VP (VBP know))) (, ,)) (NP (NP (NN birthday)) (PP (IN for) (NP (NN somebody))))))))))))))) (-DFL- E_S))",158
sw05utt/sw_0542_2782.utt,2/sw2782,2782,104,sd,B,66,5,"{C or, } {D you know, } [ even  we, + we even  ] do things real frugally for the kids,  /","or/CC ,/,  [ you/PRP ] know/VBP ,/, even/RB  [ we/PRP ] ,/,  [ we/PRP ] even/RB do/VBP  [ things/NNS ] real/RB frugally/RB for/IN  [ the/DT kids/NNS ] ,/,","(S (CC or) (PRN (, ,) (S (NP-SBJ (PRP you)) (VP (VBP know))) (, ,)) (EDITED (RM (-DFL- \[)) (NP-SBJ (RB even) (PRP we)) (, ,) (IP (-DFL- \+))) (NP-SBJ (PRP we)) (ADVP (RB even)) (RS (-DFL- \])) (VP (VBP do) (NP (NNS things)) (ADVP (RB real) (RB frugally)) (PP (IN for) (NP (DT the) (NNS kids)))) (, ,) (-DFL- E_S))",159
sw05utt/sw_0542_2782.utt,2/sw2782,2782,105,sd*,B,66,6,"we get a lot of toys and clothes and stuff at garage sales or from friends because they don't know the difference at this age, {D you know, } whether they're JORDACHE new or whether they're <laughter>,   *[[listen; ""because"" may start new utt unit]]","[ we/PRP ] get/VBP  [ a/DT lot/NN ] of/IN  [ toys/NNS ] and/CC  [ clothes/NNS ] and/CC  [ stuff/NN ] at/IN  [ garage/NN sales/NNS ] or/CC from/IN  [ friends/NNS ] because/IN  [ they/PRP ] do/VBP n't/RB know/VB  [ the/DT difference/NN ] at/IN  [ this/DT age/NN ] ,/,  [ you/PRP ] know/VBP ,/, whether/IN  [ they/PRP ] 're/VBP  [ JORDACHE/NNP new/JJ ] or/CC whether/IN  [ they/PRP ] 're/VBP ,/,","(S (NP-SBJ (PRP we)) (VP (VBP get) (NP (NP (DT a) (NN lot)) (PP (IN of) (NP (NNS toys) (CC and) (NNS clothes) (CC and) (NN stuff)))) (PP (IN at) (NP (NN garage) (NNS sales))) (CC or) (PP (IN from) (NP (NNS friends))) (SBAR-PRP (IN because) (S (NP-SBJ (PRP they)) (VP (VBP do) (RB n't) (VP (VB know) (NP (DT the) (NN difference)) (PP (IN at) (NP (DT this) (NN age))) (PRN (, ,) (S (NP-SBJ (PRP you)) (VP (VBP know))) (, ,)) (SBAR (SBAR (IN whether) (S (NP-SBJ (PRP they)) (VP (VBP 're) (NP-PRD (NNP JORDACHE) (JJ new))))) (CC or) (SBAR (IN whether) (S (NP-SBJ (PRP they)) (VP (VBP 're) (PRN (, ,) (S (NP-SBJ (PRP you)) (VP (VBP know))) (, ,)) (NP-PRD-UNF (NN something))))))))))) (-DFL- E_S))",160
sw05utt/sw_0542_2782.utt,2/sw2782,2782,106,aa,A,67,1,# Of course not.  # /,Of/IN  [ course/NN ] not/RB ./.,(FRAG (PP (IN Of) (NP (NN course))) (RB not) (. .) (-DFL- E_S)),162
sw05utt/sw_0542_2782.utt,2/sw2782,2782,107,+,B,68,1,"# {D you know, } something #  /","[ you/PRP ] know/VBP ,/,  [ something/NN ]","(S (NP-SBJ (PRP we)) (VP (VBP get) (NP (NP (DT a) (NN lot)) (PP (IN of) (NP (NNS toys) (CC and) (NNS clothes) (CC and) (NN stuff)))) (PP (IN at) (NP (NN garage) (NNS sales))) (CC or) (PP (IN from) (NP (NNS friends))) (SBAR-PRP (IN because) (S (NP-SBJ (PRP they)) (VP (VBP do) (RB n't) (VP (VB know) (NP (DT the) (NN difference)) (PP (IN at) (NP (DT this) (NN age))) (PRN (, ,) (S (NP-SBJ (PRP you)) (VP (VBP know))) (, ,)) (SBAR (SBAR (IN whether) (S (NP-SBJ (PRP they)) (VP (VBP 're) (NP-PRD (NNP JORDACHE) (JJ new))))) (CC or) (SBAR (IN whether) (S (NP-SBJ (PRP they)) (VP (VBP 're) (PRN (, ,) (S (NP-SBJ (PRP you)) (VP (VBP know))) (, ,)) (NP-PRD-UNF (NN something))))))))))) (-DFL- E_S))",160
sw05utt/sw_0542_2782.utt,2/sw2782,2782,108,sd,B,68,2,{C and } they're both boys  /,and/CC  [ they/PRP ] 're/VBP  [ both/DT ] [ boys/NNS ],(S (CC and) (NP-SBJ (PRP they)) (VP (VBP 're) (NP-PRD (DT both) (NNS boys))) (-DFL- E_S)),164
sw05utt/sw_0542_2782.utt,2/sw2782,2782,109,sd,B,68,3,"{C so } they just  ((   ))  one year after the other in each other's clothes, - /","so/RB  [ they/PRP ] just/RB MUMBLEx/XX  [ one/CD year/NN ] after/IN  [ the/DT other/JJ ] in/IN  [ each/DT other/JJ ] [ 's/POS clothes/NNS ] ,/,","(S (RB so) (NP-SBJ (PRP they)) (ADVP (RB just)) (X (X (XX MUMBLEx)) (NP (NP (CD one) (NN year)) (PP (IN after) (NP (DT the) (JJ other)))) (PP (IN in) (NP (NP (DT each) (JJ other) (POS 's)) (NNS clothes)))) (, ,) (-DFL- N_S))",165
sw05utt/sw_0542_2782.utt,2/sw2782,2782,110,sd,B,68,4,"{D so. }  {C But, } {F um, } that's the hardest part for us is that it's really, {F um, } {D you know, } budgeting and some extra things,  {D you know, } [ for-, + ] that are more, {D you know, } nonessential items. /","so/UH ./.  But/CC ,/, um/UH ,/,  [ that/DT ] 's/BES  [ the/DT hardest/JJS part/NN ] for/IN  [ us/PRP ] is/VBZ that/IN  [ it/PRP ] 's/BES really/RB ,/, um/UH ,/,  [ you/PRP ] know/VBP ,/, budgeting/NN and/CC  [ some/DT extra/JJ things/NNS ] ,/,  [ you/PRP ] know/VBP ,/,  [ for-/XX ] ,/,  [ that/WDT ] are/VBP more/JJR ,/,  [ you/PRP ] know/VBP ,/,  [ nonessential/JJ items/NNS ] ./.","(S (INTJ (UH so)) (. .) (CC But) (, ,) (INTJ (UH um)) (, ,) (S-SBJ (NP-SBJ (DT that)) (VP (BES 's) (NP-PRD (DT the) (JJS hardest) (NN part)) (PP (IN for) (NP (PRP us))))) (VP (VBZ is) (SBAR-PRD (IN that) (S (NP-SBJ (PRP it)) (VP (BES 's) (ADVP (RB really)) (, ,) (INTJ (UH um)) (PRN (, ,) (S (NP-SBJ (PRP you)) (VP (VBP know))) (, ,)) (NP-PRD (NP (NN budgeting)) (CC and) (NP (NP (DT some) (JJ extra) (NNS things)) (PRN (, ,) (S (NP-SBJ (PRP you)) (VP (VBP know))) (, ,)) (SBAR (EDITED (RM (-DFL- \[)) (NP-UNF (XX for-)) (, ,) (IP (-DFL- \+))) (RS (-DFL- \])) (WHNP-1 (WDT that)) (S (NP-SBJ (-NONE- *T*-1)) (VP (VBP are) (NP-PRD (JJR more) (PRN (, ,) (S (NP-SBJ (PRP you)) (VP (VBP know))) (, ,)) (JJ nonessential) (NNS items))))))))))) (. .) (-DFL- E_S))",166
sw05utt/sw_0542_2782.utt,2/sw2782,2782,111,sd,A,69,1,"{D Well, } I found, {F uh, } that, in the place that it was harder for me to stick to a budget was not where we were concerned,","Well/UH ,/,  [ I/PRP ] found/VBD ,/,  [ uh/UH ] ,/, that/IN ,/, in/IN  [ the/DT place/NN ] that/IN  [ it/PRP ] was/VBD harder/JJR for/IN  [ me/PRP ] to/TO stick/VB to/IN  [ a/DT budget/NN ] was/VBD not/RB where/WRB  [ we/PRP ] were/VBD concerned/JJ ,/,","(S (INTJ (UH Well)) (, ,) (NP-SBJ (PRP I)) (VP (VBD found) (, ,) (INTJ (UH uh)) (, ,) (SBAR (IN that) (, ,) (S (EDITED (PP-UNF (IN in))) (NP-SBJ (NP (DT the) (NN place)) (SBAR (WHADVP-6 (IN that)) (S (NP-SBJ (PRP it)) (VP (VBD was) (ADJP-PRD (JJR harder) (SBAR (IN for) (S (NP-SBJ (PRP me)) (VP (TO to) (VP (VB stick) (PP (IN to) (NP (DT a) (NN budget)))))))) (ADVP (-NONE- *T*-6)))))) (VP (VBD was) (RB not) (SBAR-PRD (SBAR (WHADVP-2 (WRB where)) (S (NP-SBJ-5 (PRP we)) (VP (VBD were) (VP (JJ concerned) (NP (-NONE- *-5)) (ADVP (-NONE- *T*-2)))))) (, ,) (CC but) (SBAR (WHADVP-3 (WRB where)) (S (ADVP (RB maybe)) (NP-SBJ-4 (NP (PRP$ our) (NNS friends)) (NAC (-NONE- *ICH*-1))) (VP (VBD were) (VP (JJ concerned) (NP (-NONE- *-4)) (NAC-1 (CC and) (NP (PRP$ our) (NNS relatives) (CC and) (NNS parents))) (ADVP (-NONE- *T*-3))))))))))) (. .) (-DFL- E_S))",168
sw05utt/sw_0542_2782.utt,2/sw2782,2782,112,b,B,70,1,# <<Very faint>> Uh-huh. # /,[ Uh-huh/UH ] ./.,(INTJ (UH Uh-huh) (. .) (-DFL- E_S)),135
sw05utt/sw_0542_2782.utt,2/sw2782,2782,113,+,A,71,1,# but where maybe # our friends were concerned and our relatives and  parents.   /,but/CC where/WRB maybe/RB  [ our/PRP$ friends/NNS ] were/VBD concerned/JJ and/CC  [ our/PRP$ relatives/NNS ] and/CC  [ parents/NNS ] ./.,"(S (INTJ (UH Well)) (, ,) (NP-SBJ (PRP I)) (VP (VBD found) (, ,) (INTJ (UH uh)) (, ,) (SBAR (IN that) (, ,) (S (EDITED (PP-UNF (IN in))) (NP-SBJ (NP (DT the) (NN place)) (SBAR (WHADVP-6 (IN that)) (S (NP-SBJ (PRP it)) (VP (VBD was) (ADJP-PRD (JJR harder) (SBAR (IN for) (S (NP-SBJ (PRP me)) (VP (TO to) (VP (VB stick) (PP (IN to) (NP (DT a) (NN budget)))))))) (ADVP (-NONE- *T*-6)))))) (VP (VBD was) (RB not) (SBAR-PRD (SBAR (WHADVP-2 (WRB where)) (S (NP-SBJ-5 (PRP we)) (VP (VBD were) (VP (JJ concerned) (NP (-NONE- *-5)) (ADVP (-NONE- *T*-2)))))) (, ,) (CC but) (SBAR (WHADVP-3 (WRB where)) (S (ADVP (RB maybe)) (NP-SBJ-4 (NP (PRP$ our) (NNS friends)) (NAC (-NONE- *ICH*-1))) (VP (VBD were) (VP (JJ concerned) (NP (-NONE- *-4)) (NAC-1 (CC and) (NP (PRP$ our) (NNS relatives) (CC and) (NNS parents))) (ADVP (-NONE- *T*-3))))))))))) (. .) (-DFL- E_S))",168
sw05utt/sw_0542_2782.utt,2/sw2782,2782,114,sd,A,71,2,"{F Uh, }  [ we, + we  ] tended to want to keep on giving lavish,","[ Uh/UH ] ,/,  [ we/PRP ] ,/,  [ we/PRP ] tended/VBD to/TO want/VB to/TO keep/VB on/RP giving/VBG  [ lavish/JJ ] ,/,","(S (INTJ (UH Uh)) (, ,) (EDITED (RM (-DFL- \[)) (NP-SBJ (PRP we)) (, ,) (IP (-DFL- \+))) (NP-SBJ-1 (PRP we)) (RS (-DFL- \])) (VP (VBD tended) (S (NP-SBJ-2 (-NONE- *-1)) (VP (TO to) (VP (VB want) (S (NP-SBJ-3 (-NONE- *-2)) (VP (TO to) (VP (VB keep) (PRT (RP on)) (S (NP-SBJ (-NONE- *-3)) (VP (VBG giving) (NP (JJ lavish) (, ,) (NNS gifts)) (SBAR-ADV (IN as) (, ,) (S (NP-SBJ (PRP we)) (VP (VBD had) (VP (VBN done) (ADVP-TMP (RB before))))))))))))))) (. .) (-DFL- E_S))",172
sw05utt/sw_0542_2782.utt,2/sw2782,2782,115,b,B,72,1,# Yeah. # /,Yeah/UH ./.,(INTJ (UH Yeah) (. .) (-DFL- E_S)),174
sw05utt/sw_0542_2782.utt,2/sw2782,2782,116,+,A,73,1,"# gifts # as,","[ gifts/NNS ] as/IN ,/,","(S (INTJ (UH Uh)) (, ,) (EDITED (RM (-DFL- \[)) (NP-SBJ (PRP we)) (, ,) (IP (-DFL- \+))) (NP-SBJ-1 (PRP we)) (RS (-DFL- \])) (VP (VBD tended) (S (NP-SBJ-2 (-NONE- *-1)) (VP (TO to) (VP (VB want) (S (NP-SBJ-3 (-NONE- *-2)) (VP (TO to) (VP (VB keep) (PRT (RP on)) (S (NP-SBJ (-NONE- *-3)) (VP (VBG giving) (NP (JJ lavish) (, ,) (NNS gifts)) (SBAR-ADV (IN as) (, ,) (S (NP-SBJ (PRP we)) (VP (VBD had) (VP (VBN done) (ADVP-TMP (RB before))))))))))))))) (. .) (-DFL- E_S))",172
sw05utt/sw_0542_2782.utt,2/sw2782,2782,117,b,B,74,1,# Yeah. # /,Yeah/UH ./.,(INTJ (UH Yeah) (. .) (-DFL- E_S)),174
sw05utt/sw_0542_2782.utt,2/sw2782,2782,118,+,A,75,1,# we # had done before. /,[ we/PRP ] had/VBD done/VBN before/RB ./.,"(S (INTJ (UH Uh)) (, ,) (EDITED (RM (-DFL- \[)) (NP-SBJ (PRP we)) (, ,) (IP (-DFL- \+))) (NP-SBJ-1 (PRP we)) (RS (-DFL- \])) (VP (VBD tended) (S (NP-SBJ-2 (-NONE- *-1)) (VP (TO to) (VP (VB want) (S (NP-SBJ-3 (-NONE- *-2)) (VP (TO to) (VP (VB keep) (PRT (RP on)) (S (NP-SBJ (-NONE- *-3)) (VP (VBG giving) (NP (JJ lavish) (, ,) (NNS gifts)) (SBAR-ADV (IN as) (, ,) (S (NP-SBJ (PRP we)) (VP (VBD had) (VP (VBN done) (ADVP-TMP (RB before))))))))))))))) (. .) (-DFL- E_S))",172
sw05utt/sw_0542_2782.utt,2/sw2782,2782,119,b,B,76,1,Uh-huh. /,[ Uh-huh/UH ] ./.,(INTJ (UH Uh-huh) (. .) (-DFL- E_S)),170
sw05utt/sw_0542_2782.utt,2/sw2782,2782,120,sv,A,77,1,"{C And } I really believe that if you're going to cut down on yourself, you need to cut down somewhat on your <laughter>  friends. /","And/CC  [ I/PRP ] really/RB believe/VBP that/IN if/IN  [ you/PRP ] 're/VBP going/VBG to/TO cut/VB down/RP on/IN  [ yourself/PRP ] ,/,  [ you/PRP ] need/VBP to/TO cut/VB down/RP somewhat/RB on/IN  [ your/PRP$ friends/NNS ] ./.","(S (CC And) (NP-SBJ (PRP I)) (ADVP (RB really)) (VP (VBP believe) (SBAR (IN that) (S (SBAR-ADV (IN if) (S (NP-SBJ-1 (PRP you)) (VP (VBP 're) (VP (VBG going) (S (NP-SBJ (-NONE- *-1)) (VP (TO to) (VP (VB cut) (PRT (RP down)) (PP (IN on) (NP (PRP yourself)))))))))) (, ,) (NP-SBJ-2 (PRP you)) (VP (VBP need) (S (NP-SBJ (-NONE- *-2)) (VP (TO to) (VP (VB cut) (PRT (RP down)) (ADVP (RB somewhat)) (PP (IN on) (NP (PRP$ your) (NNS friends)))))))))) (. .) (-DFL- E_S))",182
sw05utt/sw_0542_2782.utt,2/sw2782,2782,121,aa,B,78,1,"<Laughter>  On your friends,  /","On/IN  [ your/PRP$ friends/NNS ] ,/,","(PP (IN On) (NP (PRP$ your) (NNS friends)) (, ,) (-DFL- E_S))",184
sw05utt/sw_0542_2782.utt,2/sw2782,2782,122,aa,B,78,2,"that's true,  /","[ that/WDT ] 's/BES true/JJ ,/,","(S (NP-SBJ (WDT that)) (VP (BES 's) (ADJP-PRD (JJ true))) (, ,) (-DFL- E_S))",185
sw05utt/sw_0542_2782.utt,2/sw2782,2782,123,aa^r,B,78,3,that's true.   /,[ that/DT ] 's/BES true/JJ ./.,(S (NP-SBJ (DT that)) (VP (BES 's) (ADJP-PRD (JJ true))) (. .) (-DFL- E_S)),186
sw05utt/sw_0542_2782.utt,2/sw2782,2782,124,sd,B,78,4,"{D Well, }  we have so  many unexpected things come up so often it seems with, - /","Well/UH ,/,  [ we/PRP ] have/VBP  [ so/RB many/JJ unexpected/JJ things/NNS ] come/VBN up/RP so/RB often/RB  [ it/PRP ] seems/VBZ with/IN ,/,","(S-1 (INTJ (UH Well)) (, ,) (NP-SBJ (PRP we)) (VP (VBP have) (NP (NP (ADJP (RB so) (JJ many)) (JJ unexpected) (NNS things)) (VP (VBN come) (NP (-NONE- *)) (PRT (RP up)) (ADVP-TMP (RB so) (RB often)) (PRN (S (NP-SBJ (PRP it)) (VP (VBZ seems) (SBAR (-NONE- 0) (S (-NONE- *T*-1)))))) (PP-UNF (IN with))))) (, ,) (-DFL- N_S))",187
sw05utt/sw_0542_2782.utt,2/sw2782,2782,125,sd,B,78,5,we both have older cars  /,[ we/PRP ] [ both/DT ] have/VBP  [ older/JJR cars/NNS ],(S (NP-SBJ (NP (PRP we)) (NP (DT both))) (VP (VBP have) (NP-PRD (JJR older) (NNS cars))) (-DFL- E_S)),188
sw05utt/sw_0542_2782.utt,2/sw2782,2782,126,sd,B,78,6,"{C and } something will come up and wind up having to spend a thousand dollars,  {D you know, } on the car in two months or something, /","and/CC  [ something/NN ] will/MD come/VB up/RP and/CC wind/VB up/RP having/VBG to/TO spend/VB  [ a/DT thousand/CD dollars/NNS ] ,/,  [ you/PRP ] know/VBP ,/, on/IN  [ the/DT car/NN ] in/IN  [ two/CD months/NNS ] or/CC  [ something/NN ] ,/,","(S (CC and) (NP-SBJ (NN something)) (VP (MD will) (VP (VP (VB come) (PRT (RP up))) (CC and) (VP (VB wind) (PRT (RP up)) (S-ADV (NP-SBJ-1 (-NONE- *)) (VP (VBG having) (S (NP-SBJ (-NONE- *-1)) (VP (TO to) (VP (VP (VB spend) (NP (QP (DT a) (CD thousand)) (NNS dollars)) (PRN (, ,) (S (NP-SBJ (PRP you)) (VP (VBP know))) (, ,)) (PP (IN on) (NP (DT the) (NN car))) (PP-TMP (IN in) (NP (CD two) (NNS months)))) (CC or) (NP-ETC (NN something)))))))))) (, ,) (-DFL- E_S))",189
sw05utt/sw_0542_2782.utt,2/sw2782,2782,127,aa,A,79,1,# Yes.  # /,Yes/UH ./.,(INTJ (UH Yes) (. .) (-DFL- E_S)),191
sw05utt/sw_0542_2782.utt,2/sw2782,2782,128,sv,B,80,1,"# {C and, } # {D you know, } a lot of things like that that really [ ar-, + are ] hard to plan for.  /","and/CC ,/,  [ you/PRP ] know/VBP ,/,  [ a/DT lot/NN ] of/IN  [ things/NNS ] like/IN  [ that/DT ] that/WDT really/RB  [ ar/VBP ] ,/, are/VBP hard/JJ to/TO plan/VB for/IN ./.","(S (CC and) (PRN (, ,) (S (NP-SBJ (PRP you)) (VP (VBP know))) (, ,)) (NP-SBJ (NP (DT a) (NN lot)) (PP (IN of) (NP (NP (NNS things)) (PP (IN like) (NP (DT that)))))) (EDITED (NP (WDT that))) (ADVP (RB really)) (EDITED (RM (-DFL- \[)) (VP-UNF (VBP ar-)) (, ,) (IP (-DFL- \+))) (VP (VBP are) (RS (-DFL- \])) (ADJP-PRD (JJ hard) (SBAR (WHNP-1 (-NONE- 0)) (S (NP-SBJ (-NONE- *)) (VP (TO to) (VP (VB plan) (PP (IN for) (NP (-NONE- *T*-1))))))))) (. .) (-DFL- E_S))",193
sw05utt/sw_0542_2782.utt,2/sw2782,2782,129,%,B,80,2,"{C And, } {F uh, } -/","And/CC ,/,  [ uh/UH ] ,/,","(S-UNF (CC And) (, ,) (INTJ (UH uh)) (, ,) (-DFL- N_S))",194
sw05utt/sw_0542_2782.utt,2/sw2782,2782,130,aa,A,81,1,"{D Well, } I really do,  /","Well/UH ,/,  [ I/PRP ] really/RB do/VBP ,/,","(S (INTJ (UH Well)) (, ,) (NP-SBJ (PRP I)) (ADVP (RB really)) (VP (VBP do)) (, ,) (-DFL- E_S))",196
sw05utt/sw_0542_2782.utt,2/sw2782,2782,131,sv,A,81,2,I think you have to budget those things though. /,[ I/PRP ] think/VBP  [ you/PRP ] have/VBP to/TO budget/VB  [ those/DT things/NNS ] though/RB ./.,(S (NP-SBJ (PRP I)) (VP (VBP think) (SBAR (-NONE- 0) (S (NP-SBJ-1 (PRP you)) (VP (VBP have) (S (NP-SBJ (-NONE- *-1)) (VP (TO to) (VP (VB budget) (NP (DT those) (NNS things))))) (ADVP (RB though)))))) (. .) (-DFL- E_S)),197
sw05utt/sw_0542_2782.utt,2/sw2782,2782,132,aa,B,82,1,"Yeah,  /","Yeah/UH ,/,","(INTJ (UH Yeah) (, ,) (-DFL- E_S))",199
sw05utt/sw_0542_2782.utt,2/sw2782,2782,133,sv,B,82,2,"kind of put in a certain amount per year, /  *[[82 and 84 same utt?]]","[ kind/RB ] of/RB put/VB in/RP  [ a/DT certain/JJ amount/NN ] per/IN  [ year/NN ] ,/,","(S (NP-SBJ (-NONE- *)) (ADVP (RB kind) (RB of)) (VP (VB put) (PRT (RP in)) (NP (NP (DT a) (JJ certain) (NN amount)) (PP (IN per) (NP (NN year))))) (, ,) (-DFL- E_S))",200
sw05utt/sw_0542_2782.utt,2/sw2782,2782,134,aa,A,83,1,# Yes.  # /,Yes/UH ./.,(INTJ (UH Yes) (. .) (-DFL- E_S)),191
sw05utt/sw_0542_2782.utt,2/sw2782,2782,135,sv,B,84,1,# you're # going to have   on extra expenses for car. -/,[ you/PRP ] 're/VBP going/VBG to/TO have/VB on/IN  [ extra/JJ expenses/NNS ] for/IN  [ car/NN ] ./.,(S (NP-SBJ-1 (PRP you)) (VP (VBP 're) (VP (VBG going) (S (NP-SBJ (-NONE- *-1)) (VP (TO to) (VP (VB have) (X (PP (IN on) (NP (NP (JJ extra) (NNS expenses)) (PP (IN for) (NP (NN car))))))))))) (. .) (-DFL- N_S)),204
sw05utt/sw_0542_2782.utt,2/sw2782,2782,136,aa,A,85,1,"Exactly,  /","Exactly/RB ,/,","(INTJ (RB Exactly) (, ,) (-DFL- E_S))",206
sw05utt/sw_0542_2782.utt,2/sw2782,2782,137,sv,A,85,2,(( although ))   so much per month anyway. -/,although/IN so/RB much/RB per/IN  [ month/NN ] anyway/RB ./.,(S-UNF (ADVP (IN although)) (NP-SBJ (NP (ADJP (RB so) (RB much))) (PP (IN per) (NP (NN month)))) (ADVP (RB anyway)) (. .) (-DFL- N_S)),207
sw05utt/sw_0542_2782.utt,2/sw2782,2782,138,b,B,86,1,"Yeah,  /","Yeah/UH ,/,","(INTJ (UH Yeah) (, ,) (-DFL- E_S))",199
sw05utt/sw_0542_2782.utt,2/sw2782,2782,139,b^r,B,86,2,yeah. /,yeah/UH ./.,(INTJ (UH yeah) (. .) (-DFL- E_S)),210
sw05utt/sw_0542_2782.utt,2/sw2782,2782,140,sv,A,87,1,"{C And, } {F uh, } that really should be in your bu-, - /","And/CC ,/,  [ uh/UH ] ,/,  [ that/WDT ] really/RB should/MD be/VB in/IN  [ your/PRP$ bu-/NN ] ,/,","(S (CC And) (, ,) (INTJ (UH uh)) (, ,) (NP-SBJ (WDT that)) (ADVP (RB really)) (VP (MD should) (VP (VB be) (PP-PRD (IN in) (NP-UNF (PRP$ your) (NN bu-))))) (, ,) (-DFL- N_S))",212
sw05utt/sw_0542_2782.utt,2/sw2782,2782,141,sv,A,87,2,"{C but } if you don't spend it, it should be in your bank account at the end of the month <laughter>. /","but/CC if/IN  [ you/PRP ] do/VBP n't/RB spend/VB  [ it/PRP ] ,/,  [ it/PRP ] should/MD be/VB in/IN  [ your/PRP$ bank/NN account/NN ] at/IN  [ the/DT end/NN ] of/IN  [ the/DT month/NN ] ./.","(S (CC but) (SBAR-ADV (IN if) (S (NP-SBJ (PRP you)) (VP (VBP do) (RB n't) (VP (VB spend) (NP (PRP it)))))) (, ,) (NP-SBJ (PRP it)) (VP (MD should) (VP (VB be) (PP-PRD (IN in) (NP (PRP$ your) (NN bank) (NN account))) (PP-TMP (IN at) (NP (NP (DT the) (NN end)) (PP (IN of) (NP (DT the) (NN month))))))) (. .) (-DFL- E_S))",213
sw05utt/sw_0542_2782.utt,2/sw2782,2782,142,b,B,88,1,Yeah  /,Yeah/UH,(INTJ (UH Yeah) (-DFL- E_S)),215
sw05utt/sw_0542_2782.utt,2/sw2782,2782,143,sd,B,88,2,"<laughter>  our biggest way of saving money is then to stop all these deductions, {F um, } {D you know, } is to, - /","[ our/PRP$ biggest/JJS way/NN ] of/IN  [ saving/VBG money/NN ] is/VBZ then/RB to/TO stop/VB  [ all/PDT these/DT deductions/NNS ] ,/, um/UH ,/,  [ you/PRP ] know/VBP ,/, is/VBZ to/TO ,/,","(S (NP-SBJ (NP (PRP$ our) (JJS biggest) (NN way)) (PP (IN of) (S-NOM (NP-SBJ (-NONE- *)) (VP (VBG saving) (NP (NN money)))))) (VP (VP (VBZ is) (ADVP (RB then)) (S-PRD (NP-SBJ (-NONE- *)) (VP (TO to) (VP (VB stop) (NP (PDT all) (DT these) (NNS deductions)))))) (, ,) (INTJ (UH um)) (PRN (, ,) (S (NP-SBJ (PRP you)) (VP (VBP know))) (, ,)) (VP (VBZ is) (S-PRD (NP-SBJ (-NONE- *)) (VP-UNF (TO to))))) (, ,) (-DFL- N_S))",216
sw05utt/sw_0542_2782.utt,2/sw2782,2782,144,^h,B,88,3,"let's see,  /","let/VB  [ 's/PRP ] see/VB ,/,","(S-IMP (NP-SBJ (-NONE- *)) (VP (VB let) (S (NP-SBJ (PRP 's)) (VP (VB see)))) (, ,) (-DFL- E_S))",217
sw05utt/sw_0542_2782.utt,2/sw2782,2782,145,sd,B,88,4,"{D now, } I forget which way we do it.  /","now/RB ,/,  [ I/PRP ] forget/VBP  [ which/WDT way/NN ] [ we/PRP ] do/VBP  [ it/PRP ] ./.","(S (INTJ (RB now)) (, ,) (NP-SBJ (PRP I)) (VP (VBP forget) (NP (NP (WDT which) (NN way)) (SBAR (WHADVP-1 (-NONE- 0)) (S (NP-SBJ (PRP we)) (VP (VBP do) (NP (PRP it)) (ADVP-MNR (-NONE- *T*-1))))))) (. .) (-DFL- E_S))",218
sw05utt/sw_0542_2782.utt,2/sw2782,2782,146,sd,B,88,5,We don't list all the deductions  /,[ We/PRP ] do/VBP n't/RB list/VB  [ all/PRP the/DT deductions/NNS ],(S (NP-SBJ (PRP We)) (VP (VBP do) (RB n't) (VP (VB list) (NP (PRP all) (DT the) (NNS deductions)))) (-DFL- E_S)),219
sw05utt/sw_0542_2782.utt,2/sw2782,2782,147,sd,B,88,6,"{C and then } we get more money back, {D you know, } at the end of the year, /","and/CC then/RB  [ we/PRP ] get/VBP  [ more/JJR money/NN ] back/RB ,/,  [ you/PRP ] know/VBP ,/, at/IN  [ the/DT end/NN ] of/IN  [ the/DT year/NN ] ,/,","(S (CONJP (CC and) (RB then)) (NP-SBJ (PRP we)) (VP (VBP get) (NP (JJR more) (NN money)) (ADVP (RB back)) (PRN (, ,) (S (NP-SBJ (PRP you)) (VP (VBP know))) (, ,)) (PP-TMP (IN at) (NP (NP (DT the) (NN end)) (PP (IN of) (NP (DT the) (NN year)))))) (, ,) (-DFL- E_S))",220
sw05utt/sw_0542_2782.utt,2/sw2782,2782,148,ar,A,89,1,"# {F Oh, } no,  /","Oh/UH ,/, no/UH ,/,","(INTJ (INTJ (UH Oh)) (, ,) (INTJ (UH no)) (, ,) (-DFL- E_S))",222
sw05utt/sw_0542_2782.utt,2/sw2782,2782,149,ar^r,A,89,2,"no,  /","no/UH ,/,","(INTJ (UH no) (, ,) (-DFL- E_S))",223
sw05utt/sw_0542_2782.utt,2/sw2782,2782,150,ar^r,A,89,3,"no,  /","no/UH ,/,","(INTJ (UH no) (, ,) (-DFL- E_S))",223
sw05utt/sw_0542_2782.utt,2/sw2782,2782,151,ar^r,A,89,4,no. # /,no/UH ./.,(INTJ (UH no) (. .) (-DFL- E_S)),225
sw05utt/sw_0542_2782.utt,2/sw2782,2782,152,qy^d,B,90,1,"# {C so, } that's not a good # way to <laughter>, -/","so/UH ,/,  [ that/DT ] 's/BES not/RB  [ a/DT good/JJ way/NN ] to/TO ,/,","(S (RB so) (, ,) (NP-SBJ (DT that)) (VP (BES 's) (RB not) (NP-PRD (NP (DT a) (JJ good) (NN way)) (SBAR (WHADVP (-NONE- 0)) (S (NP-SBJ (-NONE- *)) (VP-UNF (TO to)))))) (, ,) (-DFL- N_S))",227
sw05utt/sw_0542_2782.utt,2/sw2782,2782,153,sd,A,91,1,You don't want the government to spend your money.  /,[ You/PRP ] do/VBP n't/RB want/VB  [ the/DT government/NN ] to/TO spend/VB  [ your/PRP$ money/NN ] ./.,(S (NP-SBJ (PRP You)) (VP (VBP do) (RB n't) (VP (VB want) (S (NP-SBJ (DT the) (NN government)) (VP (TO to) (VP (VB spend) (NP (PRP$ your) (NN money))))))) (. .) (-DFL- E_S)),229
sw05utt/sw_0542_2782.utt,2/sw2782,2782,154,%,A,91,2,"You want to be able, -/","[ You/PRP ] want/VBP to/TO be/VB able/JJ ,/,","(S (NP-SBJ-1 (PRP You)) (VP (VBP want) (S (NP-SBJ (-NONE- *-1)) (VP (TO to) (VP-UNF (VB be) (ADJP-PRD (JJ able)))))) (, ,) (-DFL- N_S))",230
sw05utt/sw_0542_2782.utt,2/sw2782,2782,155,sd,B,92,1,"<Laughter> that's what my husband said,  /","[ that/DT ] 's/BES  [ what/WP ] [ my/PRP$ husband/NN ] said/VBD ,/,","(S (NP-SBJ (DT that)) (VP (BES 's) (SBAR-NOM-PRD (WHNP-1 (WP what)) (S (NP-SBJ (PRP$ my) (NN husband)) (VP (VBD said) (NP (-NONE- *T*-1)))))) (, ,) (-DFL- E_S))",232
sw05utt/sw_0542_2782.utt,2/sw2782,2782,156,sd,B,92,2,"{C so } this last year he changed it, of course,  /","so/RB  [ this/DT last/JJ year/NN ] [ he/PRP ] changed/VBD  [ it/PRP ] ,/, of/IN  [ course/NN ] ,/,","(S (RB so) (NP-TMP (DT this) (JJ last) (NN year)) (NP-SBJ (PRP he)) (VP (VBD changed) (NP (PRP it)) (, ,) (PP (IN of) (NP (NN course)))) (, ,) (-DFL- E_S))",233
sw05utt/sw_0542_2782.utt,2/sw2782,2782,157,sd,B,92,3,we didn't get [ hardly  and then + ]  nearly    as much back  /,[ we/PRP ] did/VBD n't/RB get/VB hardly/RB and/CC then/RB nearly/RB as/IN much/JJ back/RB,(S (NP-SBJ (PRP we)) (VP (VBD did) (RB n't) (VP (VB get) (EDITED (RM (-DFL- \[)) (ADVP (RB hardly)) (CONJP (CC and) (RB then)) (IP (-DFL- \+)) (RS (-DFL- \]))) (ADVP (RB nearly)) (NP (ADJP (IN as) (JJ much))) (ADVP (RB back)))) (-DFL- E_S)),234
sw05utt/sw_0542_2782.utt,2/sw2782,2782,158,sd(^q),B,92,4,"{C and } it was like oh,  no.  /","and/CC  [ it/PRP ] was/VBD like/IN oh/UH ,/, no/UH ./.","(S (CC and) (NP-SBJ (PRP it)) (VP (VBD was) (INTJ (IN like)) (INTJ-SEZ (INTJ (UH oh)) (, ,) (INTJ (UH no)))) (. .) (-DFL- E_S))",235
sw05utt/sw_0542_2782.utt,2/sw2782,2782,159,^q,B,92,5,Better find another way of saving money <laughter>. /,Better/RB find/VB  [ another/DT way/NN ] of/IN  [ saving/VBG money/NN ] ./.,(S (NP-SBJ (-NONE- *)) (ADVP (RB Better)) (VP (VB find) (NP (NP (DT another) (NN way)) (PP (IN of) (S-NOM (NP-SBJ (-NONE- *)) (VP (VBG saving) (NP (NN money))))))) (. .) (-DFL- E_S)),236
sw05utt/sw_0542_2782.utt,2/sw2782,2782,160,sd,A,93,1,"{D Well, } {F uh, } {C but } I do realize  that,  that   is realistic for some people, /","Well/UH ,/,  [ uh/UH ] ,/, but/CC  [ I/PRP ] do/VBP realize/VB that/IN ,/,  [ that/DT ] is/VBZ realistic/JJ for/IN  [ some/DT people/NNS ] ,/,","(S (INTJ (UH Well)) (, ,) (INTJ (UH uh)) (, ,) (CC but) (NP-SBJ (PRP I)) (VP (VBP do) (VP (VB realize) (SBAR (IN that) (, ,) (S (NP-SBJ (DT that)) (VP (VBZ is) (ADJP-PRD (JJ realistic) (PP (IN for) (NP (DT some) (NNS people))))))))) (, ,) (-DFL- E_S))",238
sw05utt/sw_0542_2782.utt,2/sw2782,2782,161,b,B,94,1,# Yeah. # /,Yeah/UH ./.,(INTJ (UH Yeah) (. .) (-DFL- E_S)),240
sw05utt/sw_0542_2782.utt,2/sw2782,2782,162,sd,A,95,1,"# {C and } # it was for us many years,","and/CC  [ it/PRP ] was/VBD for/IN  [ us/PRP many/JJ years/NNS ] ,/,","(S (CC and) (NP-SBJ (PRP it)) (VP (VBD was) (ADJP-PRD (-NONE- *?*)) (PP (IN for) (NP (PRP us))) (EDITED (NP (JJ many) (NNS years))) (, ,) (PP-TMP (IN for) (NP (JJ many) (NNS years)))) (. .) (-DFL- E_S))",242
sw05utt/sw_0542_2782.utt,2/sw2782,2782,163,b,B,96,1,# Yeah. # /,Yeah/UH ./.,(INTJ (UH Yeah) (. .) (-DFL- E_S)),240
sw05utt/sw_0542_2782.utt,2/sw2782,2782,164,+,A,97,1,# for # many years. /,for/IN  [ many/JJ years/NNS ] ./.,"(S (CC and) (NP-SBJ (PRP it)) (VP (VBD was) (ADJP-PRD (-NONE- *?*)) (PP (IN for) (NP (PRP us))) (EDITED (NP (JJ many) (NNS years))) (, ,) (PP-TMP (IN for) (NP (JJ many) (NNS years)))) (. .) (-DFL- E_S))",242
sw05utt/sw_0542_2782.utt,2/sw2782,2782,165,b,B,98,1,Yeah. /,Yeah/UH ./.,(INTJ (UH Yeah) (. .) (-DFL- E_S)),240
sw05utt/sw_0542_2782.utt,2/sw2782,2782,166,sv,A,99,1,"{F Uh, } [ {C and } if, + {C and } if  ] that's the only way that [ will, it + will  ] make you save and  have a little nest egg at the end of [ the, + the ] year then doggone it that's what you should do. /","[ Uh/UH ] ,/, and/CC if/IN ,/, and/CC if/IN  [ that/DT ] 's/BES  [ the/DT only/JJ way/NN ] [ that/IN ] will/MD ,/,  [ it/PRP ] will/MD make/VB  [ you/PRP ] save/VBP and/CC have/VBP  [ a/DT little/JJ nest/NN egg/NN ] at/IN  [ the/DT end/NN ] of/IN  [ the/DT ] ,/,  [ the/DT year/NN ] then/RB doggone/UH  [ it/PRP ] [ that/DT ] 's/BES  [ what/WP ] [ you/PRP ] should/MD do/VB ./.","(SBAR-ADV (INTJ (UH Uh)) (, ,) (EDITED (RM (-DFL- \[)) (CC and) (SBAR-ADV-UNF (IN if)) (, ,) (IP (-DFL- \+))) (CC and) (IN if) (RS (-DFL- \])) (S (NP-SBJ (DT that)) (VP (BES 's) (NP-PRD (NP (DT the) (JJ only) (NN way)) (SBAR (WHADVP-1 (IN that)) (S (EDITED (RM (-DFL- \[)) (VP-UNF (MD will))) (, ,) (NP-SBJ (PRP it)) (IP (-DFL- \+)) (VP (MD will) (RS (-DFL- \])) (VP (VB make) (S (NP-SBJ (PRP you)) (VP (VP (VBP save)) (CC and) (VP (VBP have) (NP (DT a) (JJ little) (NN nest) (NN egg)) (PP-TMP (IN at) (NP (NP (DT the) (NN end)) (PP (IN of) (EDITED (RM (-DFL- \[)) (NP-UNF (DT the)) (, ,) (IP (-DFL- \+))) (NP (DT the) (RS (-DFL- \])) (NN year)))))))) (ADVP-MNR (-NONE- *T*-1))))))))))|||(S (RB then) (NP-SBJ (-NONE- *)) (VP (UH doggone) (NP (PRP it))))|||(S (NP-SBJ (DT that)) (VP (BES 's) (SBAR-PRD (WHNP-1 (WP what)) (S (NP-SBJ (PRP you)) (VP (MD should) (VP (VB do) (NP (-NONE- *T*-1))))))) (. .) (-DFL- E_S))",249|||250|||251
sw05utt/sw_0542_2782.utt,2/sw2782,2782,167,aa,B,100,1,"Yeah,  /","Yeah/UH ,/,","(INTJ (UH Yeah) (, ,) (-DFL- E_S))",253
sw05utt/sw_0542_2782.utt,2/sw2782,2782,168,sd,B,100,2,"{C because } we don't miss it,  /","because/IN  [ we/PRP ] do/VBP n't/RB miss/VB  [ it/PRP ] ,/,","(SBAR-PRP (IN because) (S (NP-SBJ (PRP we)) (VP (VBP do) (RB n't) (VP (VB miss) (NP (PRP it))))) (, ,) (-DFL- E_S))",254
sw05utt/sw_0542_2782.utt,2/sw2782,2782,169,sd,B,100,3,"we really don't, when it's just taking   out of the paycheck and stuff,  /","[ we/PRP ] really/RB do/VBP n't/RB ,/, when/WRB  [ it/PRP ] 's/BES just/RB taking/VBG out/IN of/IN  [ the/DT paycheck/NN ] and/CC  [ stuff/NN ] ,/,","(S (NP-SBJ (PRP we)) (ADVP (RB really)) (VP (VBP do) (RB n't) (, ,) (SBAR-TMP (WHADVP-1 (WRB when)) (S (NP-SBJ-2 (PRP it)) (VP (BES 's) (ADVP (RB just)) (VP (TYPO (VBG taking)) (NP (-NONE- *-2)) (PP (IN out) (PP (IN of) (NP (DT the) (NN paycheck) (CC and) (NN stuff)))) (ADVP-TMP (-NONE- *T*-1))))))) (, ,) (-DFL- E_S))",255
sw05utt/sw_0542_2782.utt,2/sw2782,2782,170,sd,B,100,4,[ {C so. } +,so/UH ./.,"(S (EDITED (RM (-DFL- \[)) (RB so) (. .) (IP (-DFL- \+))) (CC But) (RS (-DFL- \])) (NP-SBJ-1 (PRP we)) (VP (VBP 're) (VP (VBG trying) (S (NP-SBJ (-NONE- *-1)) (VP (TO to) (VP (VB put) (NP (DT a) (JJ little) (NN money)) (ADVP (RP away)) (PP (IN for) (NP (DT the) (NNS kids))) (SBAR-PRP (IN because) (S (NP-SBJ (PRP we)) (VP (MD can) (EDITED (RM (-DFL- \[)) (VP-UNF (VB en-)) (, ,) (IP (-DFL- \+))) (VP (VP (VB envision) (RS (-DFL- \])) (NP (NP (DT the) (, ,) (INTJ (UH uh)) (, ,) (NNS expenses)) (PP (IN for) (NP (NN college)))) (ADVP-TMP (RB already)) (PRN (, ,) (S (NP-SBJ (PRP you)) (VP (VBP know))) (, ,)) (ADVP-TMP (NP (CD eighteen) (NNS years)) (RB away))) (CC or) (NP-ETC (RB whatever))))))))))) (. .) (-DFL- E_S))",256
sw05utt/sw_0542_2782.utt,2/sw2782,2782,171,b,A,101,1,"Uh-huh,  /","[ Uh-huh/UH ] ,/,","(INTJ (UH Uh-huh) (, ,) (-DFL- E_S))",258
sw05utt/sw_0542_2782.utt,2/sw2782,2782,172,b^r,A,101,2,uh-huh. /,[ uh-huh/UH ] ./.,(INTJ (UH uh-huh) (. .) (-DFL- E_S)),259
sw05utt/sw_0542_2782.utt,2/sw2782,2782,173,+,B,102,1,"{C But } ] we're trying to put a little money away for the kids because we can [ en-, + envision  ] the, {F uh, } expenses for college already, {D you know, } <laughter> eighteen years away or whatever. /","But/CC  [ we/PRP ] 're/VBP trying/VBG to/TO put/VB  [ a/DT little/JJ money/NN ] away/RP for/IN  [ the/DT kids/NNS ] because/IN  [ we/PRP ] can/MD en/VB ,/, envision/VB  [ the/DT ] ,/,  [ uh/UH ] ,/,  [ expenses/NNS ] for/IN  [ college/NN ] already/RB ,/,  [ you/PRP ] know/VBP ,/,  [ eighteen/CD years/NNS ] away/RB or/CC whatever/RB ./.","(S (EDITED (RM (-DFL- \[)) (RB so) (. .) (IP (-DFL- \+))) (CC But) (RS (-DFL- \])) (NP-SBJ-1 (PRP we)) (VP (VBP 're) (VP (VBG trying) (S (NP-SBJ (-NONE- *-1)) (VP (TO to) (VP (VB put) (NP (DT a) (JJ little) (NN money)) (ADVP (RP away)) (PP (IN for) (NP (DT the) (NNS kids))) (SBAR-PRP (IN because) (S (NP-SBJ (PRP we)) (VP (MD can) (EDITED (RM (-DFL- \[)) (VP-UNF (VB en-)) (, ,) (IP (-DFL- \+))) (VP (VP (VB envision) (RS (-DFL- \])) (NP (NP (DT the) (, ,) (INTJ (UH uh)) (, ,) (NNS expenses)) (PP (IN for) (NP (NN college)))) (ADVP-TMP (RB already)) (PRN (, ,) (S (NP-SBJ (PRP you)) (VP (VBP know))) (, ,)) (ADVP-TMP (NP (CD eighteen) (NNS years)) (RB away))) (CC or) (NP-ETC (RB whatever))))))))))) (. .) (-DFL- E_S))",256
sw05utt/sw_0542_2782.utt,2/sw2782,2782,174,sd,A,103,1,"{D Well, } I was just reading an article in, {F uh, } a North Carolina [ pap-, + paper  ] today where a high school student obtained over two hundred thousand dollars worth of scholarships for herself by sitting up at night and typing at, {F uh, } letters of applications to universities. /","Well/UH ,/,  [ I/PRP ] was/VBD just/RB reading/VBG  [ an/DT article/NN ] in/IN ,/,  [ uh/UH ] ,/,  [ a/DT North/NNP Carolina/NNP pap-/NN ] ,/,  [ paper/NN today/RB ] where/WRB  [ a/DT high/JJ school/NN student/NN ] obtained/VBD over/IN  [ two/CD hundred/CD thousand/CD dollars/NNS ] worth/JJ of/IN  [ scholarships/NNS ] for/IN  [ herself/PRP ] by/IN sitting/VBG up/RB at/IN  [ night/NN ] and/CC typing/VBG at/IN ,/,  [ uh/UH ] ,/,  [ letters/NNS ] of/IN  [ applications/NNS ] to/IN  [ universities/NNS ] ./.","(S (INTJ (UH Well)) (, ,) (NP-SBJ (PRP I)) (VP (VBD was) (ADVP (RB just)) (VP (VBG reading) (NP (NP (DT an) (NN article)) (SBAR (-NONE- *ICH*-1)) (PP (IN in) (, ,) (INTJ (UH uh)) (, ,) (NP (DT a) (NNP North) (NNP Carolina) (EDITED (RM (-DFL- \[)) (NN pap-) (, ,) (IP (-DFL- \+))) (NN paper)))) (RS (-DFL- \])) (NP-TMP (RB today)) (SBAR-1 (WHADVP-2 (WRB where)) (S (NP-SBJ-3 (DT a) (JJ high) (NN school) (NN student)) (VP (VBD obtained) (NP (NP (NP (QP (IN over) (CD two) (CD hundred) (CD thousand)) (NNS dollars)) (JJ worth)) (PP (IN of) (NP (NP (NNS scholarships)) (PP (IN for) (NP (PRP herself)))))) (PP-PRP (IN by) (S-NOM (NP-SBJ (-NONE- *-3)) (VP (VP (VBG sitting) (PRT (RB up)) (PP-TMP (IN at) (NP (NN night)))) (CC and) (VP (VBG typing) (EDITED (PP-UNF (IN at))) (, ,) (INTJ (UH uh)) (, ,) (NP (NP (NNS letters)) (PP (IN of) (NP (NNS applications))) (PP (IN to) (NP (NNS universities)))))))) (ADVP (-NONE- *T*-2))))))) (. .) (-DFL- E_S))",262
sw05utt/sw_0542_2782.utt,2/sw2782,2782,175,ba,B,104,1,Gosh. /,Gosh/UH ./.,(INTJ (UH Gosh) (. .) (-DFL- E_S)),264
sw05utt/sw_0542_2782.utt,2/sw2782,2782,176,sd,A,105,1,"[ She was o-, + she was  ] third out of a class of two hundred and twenty,  /","[ She/PRP ] was/VBD o-/XX ,/,  [ she/PRP ] was/VBD  [ third/JJ ] out/IN of/IN  [ a/DT class/NN ] of/IN  [ two/CD hundred/CD ] and/CC  [ twenty/CD ] ,/,","(S (EDITED (RM (-DFL- \[)) (S (NP-SBJ (PRP She)) (VP (VBD was) (ADJP-PRD-UNF (XX o-)))) (, ,) (IP (-DFL- \+))) (NP-SBJ (PRP she)) (VP (VBD was) (RS (-DFL- \])) (NP-PRD (JJ third)) (PP (IN out) (PP (IN of) (NP (NP (DT a) (NN class)) (PP (IN of) (NP (QP (CD two) (CD hundred) (CC and) (CD twenty)))))))) (, ,) (-DFL- E_S))",266
sw05utt/sw_0542_2782.utt,2/sw2782,2782,177,sd,A,105,2,"{C so, } it can be done. /","so/RB ,/,  [ it/PRP ] can/MD be/VB done/VBN ./.","(S (RB so) (, ,) (NP-SBJ-1 (PRP it)) (VP (MD can) (VP (VB be) (VP (VBN done) (NP (-NONE- *-1))))) (. .) (-DFL- E_S))",267
sw05utt/sw_0542_2782.utt,2/sw2782,2782,178,am,B,106,1,"I guess, /","[ I/PRP ] guess/VBP ,/,","(S (NP-SBJ (PRP I)) (VP (VBP guess)) (, ,) (-DFL- E_S))",269
sw05utt/sw_0542_2782.utt,2/sw2782,2782,179,qy^g,A,107,1,"[ # Where there's a will, # +","Where/WRB  [ there/EX ] 's/BES  [ a/DT will/NN ] ,/,","(S (SBAR-ADV (EDITED (RM (-DFL- \[)) (SBAR-ADV (WHADVP-1 (WRB Where)) (S (NP-SBJ (EX there)) (VP (BES 's) (NP-PRD (DT a) (NN will)) (ADVP (-NONE- *T*-1))))) (, ,) (IP (-DFL- \+))) (WHADVP-2 (WRB where)) (S (NP-SBJ (EX there)) (VP (BES 's) (NP-PRD (DT a) (NN will)) (ADVP (-NONE- *T*-2))))) (, ,) (RS (-DFL- \])) (NP-SBJ (EX there)) (VP (BES 's) (NP-PRD (DT a) (NN way)) (, ,) (INTJ (JJ right))) (. ?) (. .) (-DFL- E_S))",271
sw05utt/sw_0542_2782.utt,2/sw2782,2782,180,ba,B,108,1,# that's fantastic.  # /,[ that/DT ] 's/BES fantastic/JJ ./.,(S (NP-SBJ (DT that)) (VP (BES 's) (ADJP-PRD (JJ fantastic))) (. .) (-DFL- E_S)),273
sw05utt/sw_0542_2782.utt,2/sw2782,2782,181,+,A,109,1,"where there's a will, ] there's a way, right? <Laughter>. /","where/WRB  [ there/EX ] 's/BES  [ a/DT will/NN ] ,/,  [ there/EX ] 's/BES  [ a/DT way/NN ] ,/, right/JJ ?/.  ./.","(S (SBAR-ADV (EDITED (RM (-DFL- \[)) (SBAR-ADV (WHADVP-1 (WRB Where)) (S (NP-SBJ (EX there)) (VP (BES 's) (NP-PRD (DT a) (NN will)) (ADVP (-NONE- *T*-1))))) (, ,) (IP (-DFL- \+))) (WHADVP-2 (WRB where)) (S (NP-SBJ (EX there)) (VP (BES 's) (NP-PRD (DT a) (NN will)) (ADVP (-NONE- *T*-2))))) (, ,) (RS (-DFL- \])) (NP-SBJ (EX there)) (VP (BES 's) (NP-PRD (DT a) (NN way)) (, ,) (INTJ (JJ right))) (. ?) (. .) (-DFL- E_S))",271
sw05utt/sw_0542_2782.utt,2/sw2782,2782,182,ny,B,110,1,Yeah  <laughter>. /,Yeah/UH ./.,(INTJ (UH Yeah) (. .) (-DFL- E_S)),247
sw05utt/sw_0542_2782.utt,2/sw2782,2782,183,fc,A,111,1,"{D Well, } I have enjoyed talking to you. /","Well/UH ,/,  [ I/PRP ] have/VBP enjoyed/VBN talking/VBG to/IN  [ you/PRP ] ./.","(S (INTJ (UH Well)) (, ,) (NP-SBJ-1 (PRP I)) (VP (VBP have) (VP (VBN enjoyed) (S (NP-SBJ (-NONE- *-1)) (VP (VBG talking) (PP (IN to) (NP (PRP you))))))) (. .) (-DFL- E_S))",278
sw05utt/sw_0542_2782.utt,2/sw2782,2782,184,fc,B,112,1,"{D Well, } I enjoyed talking to you too,  /","Well/UH ,/,  [ I/PRP ] enjoyed/VBD talking/VBG to/IN  [ you/PRP ] too/RB ,/,","(S (INTJ (UH Well)) (, ,) (NP-SBJ-1 (PRP I)) (VP (VBD enjoyed) (S (NP-SBJ (-NONE- *-1)) (VP (VBG talking) (PP (IN to) (NP (PRP you))) (ADVP (RB too))))) (, ,) (-DFL- E_S))",280
sw05utt/sw_0542_2782.utt,2/sw2782,2782,185,fc,B,112,2,good luck  /,[ good/JJ luck/NN ],(INTJ (JJ good) (NN luck) (-DFL- E_S)),281
sw05utt/sw_0542_2782.utt,2/sw2782,2782,186,fc,B,112,3,{C and } don't spend any money this weekend <laughter>. /,and/CC do/VBP n't/RB spend/VB  [ any/DT money/NN ] [ this/DT weekend/NN ] ./.,(S-IMP (CC and) (NP-SBJ (-NONE- *)) (VP (VBP do) (RB n't) (VP (VB spend) (NP (DT any) (NN money)) (NP-TMP (DT this) (NN weekend)))) (. .) (-DFL- E_S)),282
sw05utt/sw_0542_2782.utt,2/sw2782,2782,187,fc,A,113,1,"{F Oh, } I know   /","Oh/UH ,/,  [ I/PRP ] know/VBP","(S (INTJ (UH Oh)) (, ,) (NP-SBJ (PRP I)) (VP (VBP know)) (-DFL- E_S))",284
sw05utt/sw_0542_2782.utt,2/sw2782,2782,188,fc,A,113,2,(( we'll ))  have to stay home and mow the yard <laughter>. /,[ we/PRP ] 'll/MD have/VB to/TO stay/VB  [ home/NN ] and/CC mow/VB  [ the/DT yard/NN ] ./.,(S (NP-SBJ-1 (PRP we)) (VP (MD 'll) (VP (VB have) (S (NP-SBJ (-NONE- *-1)) (VP (TO to) (VP (VP (VB stay) (ADVP-LOC (NN home))) (CC and) (VP (VB mow) (NP (DT the) (NN yard)))))))) (. .) (-DFL- E_S)),285
sw05utt/sw_0542_2782.utt,2/sw2782,2782,189,fc,B,114,1,"{F Oh, } boy. /","Oh/UH ,/,  [ boy/UH ] ./.","(INTJ (INTJ (UH Oh)) (, ,) (INTJ (UH boy)) (. .) (-DFL- E_S))",287
sw05utt/sw_0542_2782.utt,2/sw2782,2782,190,fc,A,115,1,Bye-bye. /,[ Bye-bye/UH ] ./.,(INTJ (UH Bye-bye) (. .) (-DFL- E_S)),289
sw05utt/sw_0542_2782.utt,2/sw2782,2782,191,fc,B,116,1,Bye. /,[ Bye/UH ] ./.,(INTJ (UH Bye) (. .) (-DFL- E_S)),291
