swda_filename,ptb_basename,conversation_no,transcript_index,act_tag,caller,utterance_index,subutterance_index,text,pos,trees,ptb_treenumbers
sw05utt/sw_0523_2092.utt,2/sw2092,2092,0,o,A,1,1,"{D Well, } the thing [ is, + is ]  that I, {F um, } - /","Well/UH ,/,  [ the/DT thing/NN ] is/VBZ ,/, is/VBZ that/IN  [ I/PRP ] ,/, um/UH ,/,","(S (INTJ (UH Well)) (, ,) (NP-SBJ (DT the) (NN thing)) (EDITED (RM (-DFL- \[)) (VP-UNF (VBZ is)) (, ,) (IP (-DFL- \+))) (VP (VBZ is) (RS (-DFL- \])) (SBAR-PRD (IN that) (S-UNF (NP-SBJ (PRP I)) (, ,) (INTJ (UH um))))) (, ,) (-DFL- N_S))",1
sw05utt/sw_0523_2092.utt,2/sw2092,2092,1,sd,A,1,2,"since I'm in school I don't, {D like, }  basically have a monthly budget because I'm living off my dad,  /","since/IN  [ I/PRP ] 'm/VBP in/IN  [ school/NN ] [ I/PRP ] do/VBP n't/RB ,/, like/UH ,/, basically/RB have/VB  [ a/DT monthly/JJ budget/NN ] because/IN  [ I/PRP ] 'm/VBP living/VBG off/IN  [ my/PRP$ dad/NN ] ,/,","(S (SBAR-PRP (IN since) (S (NP-SBJ (PRP I)) (VP (VBP 'm) (PP-PRD (IN in) (NP (NN school)))))) (NP-SBJ (PRP I)) (VP (VBP do) (RB n't) (, ,) (INTJ (UH like)) (, ,) (ADVP (RB basically)) (VP (VB have) (NP (DT a) (JJ monthly) (NN budget)) (SBAR-PRP (IN because) (S (NP-SBJ (PRP I)) (VP (VBP 'm) (VP (VBG living) (PP (IN off) (NP (PRP$ my) (NN dad))))))))) (, ,) (-DFL- E_S))",2
sw05utt/sw_0523_2092.utt,2/sw2092,2092,2,sd,A,1,3,"<throat_clearing> {C but } the thing [ is, + is ] that,  {F um, } I have to keep it under control  because,  for example, {D you know, }  it's like [ the, + the ] beginning of the semester when you go to pay for everything,  everything is pretty rough,  /","but/CC  [ the/DT thing/NN ] is/VBZ ,/, is/VBZ that/IN ,/, um/UH ,/,  [ I/PRP ] have/VBP to/TO keep/VB  [ it/PRP ] under/IN  [ control/NN ] because/IN ,/, for/IN  [ example/NN ] ,/,  [ you/PRP ] know/VBP ,/,  [ it/PRP ] 's/BES like/IN  [ the/DT ] ,/,  [ the/DT beginning/NN ] of/IN  [ the/DT semester/NN ] when/WRB  [ you/PRP ] go/VBP to/TO pay/VB for/IN  [ everything/NN ] ,/,  [ everything/NN ] is/VBZ pretty/RB rough/JJ ,/,","(S (CC but) (NP-SBJ (DT the) (NN thing)) (EDITED (RM (-DFL- \[)) (VP-UNF (VBZ is)) (, ,) (IP (-DFL- \+))) (VP (VBZ is) (RS (-DFL- \])) (SBAR-PRD (IN that) (, ,) (INTJ (UH um)) (, ,) (S (NP-SBJ-1 (PRP I)) (VP (VBP have) (S (NP-SBJ (-NONE- *-1)) (VP (TO to) (VP (VB keep) (NP (PRP it)) (PP (IN under) (NP (NN control))) (SBAR-PRP (IN because) (, ,) (S (PP (IN for) (NP (NN example))) (PRN (, ,) (S (NP-SBJ (PRP you)) (VP (VBP know))) (, ,)) (NP-SBJ (PRP it)) (VP (BES 's) (SBAR-PRD (IN like) (S (EDITED (RM (-DFL- \[)) (NP-TMP-UNF (DT the)) (, ,) (IP (-DFL- \+))) (NP-TMP (NP (DT the) (RS (-DFL- \])) (NN beginning)) (PP (IN of) (NP (DT the) (NN semester)))) (SBAR-TMP (WHADVP-3 (WRB when)) (S (NP-SBJ-2 (PRP you)) (VP (VBP go) (S (NP-SBJ (-NONE- *-2)) (VP (TO to) (VP (VB pay) (PP (IN for) (NP (NN everything))) (ADVP-TMP (-NONE- *T*-3))))))) (, ,)) (NP-SBJ (NN everything)) (VP (VBZ is) (ADJP-PRD (RB pretty) (JJ rough))))))))))))))) (, ,) (-DFL- E_S))",3
sw05utt/sw_0523_2092.utt,2/sw2092,2092,3,sd,A,1,4,{C but } he controls that part  /,but/CC  [ he/PRP ] controls/VBZ that/DT  [ part/NN ],(S (CC but) (NP-SBJ (PRP he)) (VP (VBZ controls) (NP (DT that) (NN part))) (-DFL- E_S)),4
sw05utt/sw_0523_2092.utt,2/sw2092,2092,4,%,A,1,5,"{C but, } then whenever, {D you know, } - /","but/CC ,/, then/RB whenever/WRB ,/,  [ you/PRP ] know/VBP ,/,","(SBAR-TMP-UNF (CONJP (CC but) (, ,) (RB then)) (WHADVP (WRB whenever)) (PRN (, ,) (S (NP-SBJ (PRP you)) (VP (VBP know)))) (, ,) (-DFL- N_S))",5
sw05utt/sw_0523_2092.utt,2/sw2092,2092,5,sd,A,1,6,"it's like, once the semester starts I'm the one who has to control how much spending there is.  /","[ it/PRP ] 's/BES like/IN ,/, once/IN  [ the/DT semester/NN ] starts/VBZ  [ I/PRP ] 'm/VBP  [ the/DT one/NN ] [ who/WDT ] has/VBZ to/TO control/VB how/WRB  [ much/JJ spending/NN ] there/EX is/VBZ ./.","(S (NP-SBJ (PRP it)) (VP (BES 's) (SBAR-PRD (IN like) (, ,) (S (SBAR-TMP (IN once) (S (NP-SBJ (DT the) (NN semester)) (VP (VBZ starts)))) (NP-SBJ (PRP I)) (VP (VBP 'm) (NP-PRD (NP (DT the) (NN one)) (SBAR (WHNP-1 (WDT who)) (S (NP-SBJ-2 (-NONE- *T*-1)) (VP (VBZ has) (S (NP-SBJ (-NONE- *-2)) (VP (TO to) (VP (VB control) (SBAR-NOM (WHNP-3 (WHADJP (WRB how) (JJ much)) (NN spending)) (S (NP-SBJ (EX there)) (VP (VBZ is) (NP-PRD (-NONE- *T*-3)))))))))))))))) (. .) (-DFL- E_S))",6
sw05utt/sw_0523_2092.utt,2/sw2092,2092,6,sd,A,1,7,"{C And } the only thing that [ I, + I ] basically spend my money on is just food  /","And/CC  [ the/DT only/JJ thing/NN ] that/WDT  [ I/PRP ] ,/,  [ I/PRP ] basically/RB spend/VBP  [ my/PRP$ money/NN ] on/IN is/VBZ just/RB  [ food/NN ]","(S (CC And) (NP-SBJ (NP (DT the) (JJ only) (NN thing)) (SBAR (WHNP-1 (WDT that)) (S (EDITED (RM (-DFL- \[)) (NP-SBJ (PRP I)) (, ,) (IP (-DFL- \+))) (NP-SBJ (PRP I)) (RS (-DFL- \])) (ADVP (RB basically)) (VP (VBP spend) (NP (PRP$ my) (NN money)) (PP (IN on) (NP (-NONE- *T*-1))))))) (VP (VBZ is) (ADVP (RB just)) (NP-PRD (NN food))) (-DFL- E_S))",7
sw05utt/sw_0523_2092.utt,2/sw2092,2092,7,%,A,1,8,"[ {C and, } +  {F um, } {C so, } ] -/","and/CC ,/, um/UH ,/, so/UH ,/,","(S-UNF (EDITED (RM (-DFL- \[)) (CC and)) (, ,) (IP (-DFL- \+)) (INTJ (UH um)) (, ,) (RB so) (, ,) (RS (-DFL- \])) (-DFL- N_S))",8
sw05utt/sw_0523_2092.utt,2/sw2092,2092,8,qw,B,2,1,What about tuition and rent?  /,[ What/WP ] about/IN  [ tuition/NN ] and/CC  [ rent/NN ] ?/.,(FRAG (WHNP (WP What)) (PP (IN about) (NP (NN tuition) (CC and) (NN rent))) (. ?) (-DFL- E_S)),10
sw05utt/sw_0523_2092.utt,2/sw2092,2092,9,qw,B,2,2,Who takes care of that? /,[ Who/WP ] takes/VBZ  [ care/NN ] of/IN  [ that/DT ] ?/.,(SBARQ (WHNP-1 (WP Who)) (SQ (NP-SBJ (-NONE- *T*-1)) (VP (VBZ takes) (NP (NN care)) (PP (IN of) (NP (DT that))))) (. ?) (-DFL- E_S)),11
sw05utt/sw_0523_2092.utt,2/sw2092,2092,10,sd,A,3,1,"{D Well, } the thing [ is, + is ] that I live in a dorm. /","Well/UH ,/,  [ the/DT thing/NN ] is/VBZ ,/, is/VBZ that/IN  [ I/PRP ] live/VBP in/IN  [ a/DT dorm/NN ] ./.","(S (INTJ (UH Well)) (, ,) (NP-SBJ (DT the) (NN thing)) (EDITED (RM (-DFL- \[)) (VP-UNF (VBZ is)) (, ,) (IP (-DFL- \+))) (VP (VBZ is) (RS (-DFL- \])) (SBAR-PRD (IN that) (S (NP-SBJ (PRP I)) (VP (VBP live) (PP-LOC (IN in) (NP (DT a) (NN dorm))))))) (. .) (-DFL- E_S))",13
sw05utt/sw_0523_2092.utt,2/sw2092,2092,11,b,B,4,1,{F Uh. } /,[ Uh/UH ] ./.,(INTJ (UH Uh) (. .) (-DFL- E_S)),15
sw05utt/sw_0523_2092.utt,2/sw2092,2092,12,sd,A,5,1,"{C So, } {F uh, } what happens is you pay six hundred dollars at the beginning or  even before school starts. /","So/UH ,/,  [ uh/UH ] ,/,  [ what/WP ] happens/VBZ is/VBZ  [ you/PRP ] pay/VBP  [ six/CD hundred/CD dollars/NNS ] at/IN  [ the/DT beginning/NN ] or/CC even/RB before/IN  [ school/NN starts/VBZ ] ./.","(S (RB So) (, ,) (INTJ (UH uh)) (, ,) (SBAR-NOM-SBJ (WHNP-1 (WP what)) (S (NP-SBJ (-NONE- *T*-1)) (VP (VBZ happens)))) (VP (VBZ is) (SBAR-PRD (-NONE- 0) (S (NP-SBJ (PRP you)) (VP (VBP pay) (NP (QP (CD six) (CD hundred)) (NNS dollars)) (UCP-TMP (PP (IN at) (NP (DT the) (NN beginning))) (CC or) (SBAR (ADVP (RB even)) (IN before) (S (NP-SBJ (NN school)) (VP (VBZ starts))))))))) (. .) (-DFL- E_S))",17
sw05utt/sw_0523_2092.utt,2/sw2092,2092,13,b,B,6,1,Yeah. /,Yeah/UH ./.,(INTJ (UH Yeah) (. .) (-DFL- E_S)),19
sw05utt/sw_0523_2092.utt,2/sw2092,2092,14,sd,A,7,1,{C And then } the tuition is also the same thing.  /,And/CC then/RB  [ the/DT tuition/NN ] is/VBZ also/RB  [ the/DT same/JJ thing/NN ] ./.,(S (CONJP (CC And) (RB then)) (NP-SBJ (DT the) (NN tuition)) (VP (VBZ is) (ADVP (RB also)) (NP-PRD (DT the) (JJ same) (NN thing))) (. .) (-DFL- E_S)),21
sw05utt/sw_0523_2092.utt,2/sw2092,2092,15,sd,A,7,2,"{C So, } the thing [ is, + is ] basically that I spend, {D like, } maybe thirty-five, forty dollars every two weeks [ on, + on ] groceries  /","So/UH ,/,  [ the/DT thing/NN ] is/VBZ ,/, is/VBZ basically/RB that/IN  [ I/PRP ] spend/VBP ,/, like/UH ,/, maybe/RB  [ thirty-five/CD ] ,/,  [ forty/CD dollars/NNS ] [ every/DT two/CD weeks/NNS ] on/IN ,/, on/IN  [ groceries/NNS ]","(S (RB So) (, ,) (NP-SBJ (DT the) (NN thing)) (EDITED (RM (-DFL- \[)) (VP-UNF (VBZ is)) (, ,) (IP (-DFL- \+))) (VP (VBZ is) (RS (-DFL- \])) (ADVP (RB basically)) (SBAR-PRD (IN that) (S (NP-SBJ (PRP I)) (VP (VBP spend) (, ,) (INTJ (UH like)) (, ,) (ADVP (RB maybe)) (NP (NP (QP (CD thirty-five) (, ,) (CD forty)) (NNS dollars)) (NP-ADV (DT every) (CD two) (NNS weeks))) (EDITED (RM (-DFL- \[)) (PP-UNF (IN on)) (, ,) (IP (-DFL- \+))) (PP (IN on) (RS (-DFL- \])) (NP (NNS groceries))))))) (-DFL- E_S))",22
sw05utt/sw_0523_2092.utt,2/sw2092,2092,16,sd,A,7,3,{C and } that's about it.  /,and/CC  [ that/DT ] 's/BES about/IN  [ it/PRP ] ./.,(S (CC and) (NP-SBJ (DT that)) (VP (BES 's) (PP-PRD (IN about) (NP (PRP it)))) (. .) (-DFL- E_S)),23
sw05utt/sw_0523_2092.utt,2/sw2092,2092,17,sd,A,7,4,"{C But } the thing, {F uh, } also is that,  {D you know, } {D like } if you want to go out {D like } if you want to go to a restaurant or  something, then I have to moderate that because it's like I can't go eat out at a nice restaurant and spend twenty dollars, {F um, } {D you know, } three times a week. /","But/CC  [ the/DT thing/NN ] ,/,  [ uh/UH ] ,/, also/RB is/VBZ  [ that/DT ] ,/,  [ you/PRP ] know/VBP ,/, like/IN if/IN  [ you/PRP ] want/VBP to/TO go/VB out/RP like/UH if/IN  [ you/PRP ] want/VBP to/TO go/VB to/IN  [ a/DT restaurant/NN ] or/CC  [ something/NN ] ,/, then/RB  [ I/PRP ] have/VBP to/TO moderate/VB that/DT because/IN  [ it/PRP ] 's/BES like/IN  [ I/PRP ] ca/MD n't/RB go/VB eat/VB out/RP at/IN  [ a/DT nice/JJ restaurant/NN ] and/CC spend/VB  [ twenty/CD dollars/NNS ] ,/, um/UH ,/,  [ you/PRP ] know/VBP ,/,  [ three/CD times/NNS ] [ a/DT week/NN ] ./.","(S (CC But) (NP-SBJ (DT the) (NN thing)) (, ,) (INTJ (UH uh)) (, ,) (ADVP (RB also)) (VP (VBZ is) (SBAR-PRD (DT that) (PRN (, ,) (S (NP-SBJ (PRP you)) (VP (VBP know))) (, ,)) (INTJ (UH like)) (S (SBAR-ADV (IN if) (S (NP-SBJ-1 (PRP you)) (VP (VBP want) (S (NP-SBJ (-NONE- *-1)) (VP (TO to) (VP (VB go) (ADVP-DIR (RP out)))))))) (INTJ (UH like)) (SBAR-ADV (IN if) (S (NP-SBJ-2 (PRP you)) (VP (VBP want) (S (NP-SBJ (-NONE- *-2)) (VP (TO to) (VP (VB go) (PP-DIR (IN to) (NP (DT a) (NN restaurant) (CC or) (NN something))))))))) (, ,) (ADVP (RB then)) (NP-SBJ-3 (PRP I)) (VP (VBP have) (S (NP-SBJ (-NONE- *-3)) (VP (TO to) (VP (VB moderate) (NP (DT that)) (SBAR-PRP (IN because) (S (NP-SBJ (PRP it)) (VP (BES 's) (SBAR-PRD (IN like) (S (NP-SBJ-4 (PRP I)) (VP (MD ca) (RB n't) (VP (VB go) (S (NP-SBJ (-NONE- *-4)) (VP (VP (VB eat) (ADVP-LOC (RP out)) (PP-LOC (IN at) (NP (DT a) (JJ nice) (NN restaurant)))) (CC and) (VP (VB spend) (NP (CD twenty) (NNS dollars)) (, ,) (INTJ (UH um)) (PRN (, ,) (S (NP-SBJ (PRP you)) (VP (VBP know))) (, ,)) (NP-TMP (NP (CD three) (NNS times)) (NP-ADV (DT a) (NN week)))))))))))))))))))) (. .) (-DFL- E_S))",24
sw05utt/sw_0523_2092.utt,2/sw2092,2092,18,aa,B,8,1,"No,  /","No/UH ,/,","(INTJ (UH No) (, ,) (-DFL- E_S))",26
sw05utt/sw_0523_2092.utt,2/sw2092,2092,19,sv,B,8,2,you can't do that very often. /,[ you/PRP ] ca/MD n't/RB do/VB  [ that/DT ] very/RB often/RB ./.,(S (NP-SBJ (PRP you)) (VP (MD ca) (RB n't) (VP (VB do) (NP (DT that)) (ADVP-TMP (RB very) (RB often)))) (. .) (-DFL- E_S)),27
sw05utt/sw_0523_2092.utt,2/sw2092,2092,20,%,A,9,1,"{C So, } {E I mean, } it's, - /","So/UH ,/,  [ I/PRP ] mean/VBP ,/,  [ it/PRP ] 's/BES ,/,","(S (RB So) (PRN (, ,) (S (NP-SBJ (PRP I)) (VP (VBP mean))) (, ,)) (NP-SBJ (PRP it)) (VP-UNF (BES 's)) (, ,) (-DFL- N_S))",29
sw05utt/sw_0523_2092.utt,2/sw2092,2092,21,sd,A,9,2,"[ for, + for ] us, {D you know, }   it's like, [ [ I,  I + ] can spend, + I can spend ] that money  /","for/IN ,/, for/IN  [ us/PRP ] ,/,  [ you/PRP ] know/VBP ,/,  [ it/PRP ] 's/BES like/UH ,/,  [ I/PRP ] ,/,  [ I/PRP ] can/MD spend/VB ,/,  [ I/PRP ] can/MD spend/VB  [ that/DT money/NN ]","(S (EDITED (RM (-DFL- \[)) (PP-UNF (IN for)) (, ,) (IP (-DFL- \+))) (PP (IN for) (RS (-DFL- \])) (NP (PRP us))) (PRN (, ,) (S (NP-SBJ (PRP you)) (VP (VBP know))) (, ,)) (NP-SBJ (PRP it)) (VP (BES 's) (INTJ (UH like)) (, ,) (RM (-DFL- \[)) (S-SEZ (EDITED (RM (-DFL- \[)) (NP-SBJ (PRP I)) (, ,) (EDITED (S (NP-SBJ (PRP I)) (IP (-DFL- \+)) (RS (-DFL- \])) (VP (MD can) (VP-UNF (VB spend))))) (, ,) (IP (-DFL- \+))) (NP-SBJ (PRP I)) (VP (MD can) (VP (VB spend) (RS (-DFL- \])) (NP (DT that) (NN money)))))) (-DFL- E_S))",30
sw05utt/sw_0523_2092.utt,2/sw2092,2092,22,sd,A,9,3,"{C but } [ it's not, + it's not ] what I want to spend it on, {D you know. } /","but/CC  [ it/PRP ] 's/BES not/RB ,/,  [ it/PRP ] 's/BES not/RB  [ what/WP ] [ I/PRP ] want/VBP to/TO spend/VB  [ it/PRP ] on/IN ,/,  [ you/PRP ] know/VBP ./.","(S (CC but) (EDITED (RM (-DFL- \[)) (S (NP-SBJ (PRP it)) (VP-UNF (BES 's) (RB not))) (, ,) (IP (-DFL- \+))) (NP-SBJ (PRP it)) (VP (BES 's) (RB not) (RS (-DFL- \])) (SBAR-NOM-PRD (WHNP-2 (WP what)) (S (NP-SBJ-1 (PRP I)) (VP (VBP want) (S (NP-SBJ (-NONE- *-1)) (VP (TO to) (VP (VB spend) (NP (PRP it)) (PP (IN on) (NP (-NONE- *T*-2))))))))) (PRN (, ,) (S (NP-SBJ (PRP you)) (VP (VBP know))))) (. .) (-DFL- E_S))",31
sw05utt/sw_0523_2092.utt,2/sw2092,2092,23,qy,B,10,1,"[ Are, + are ] you working anywhere while you are going to school? /","Are/VBP ,/, are/VBP  [ you/PRP ] working/VBG anywhere/RB while/IN  [ you/PRP ] are/VBP going/VBG to/IN school/NN ?/.","(SQ (EDITED (RM (-DFL- \[)) (SQ-UNF (VBP Are)) (, ,) (IP (-DFL- \+))) (VBP are) (RS (-DFL- \])) (NP-SBJ (PRP you)) (VP (VBG working) (ADVP-LOC (RB anywhere)) (SBAR-TMP (IN while) (S (NP-SBJ (PRP you)) (VP (VBP are) (VP (VBG going) (PP (IN to) (NP (NN school)))))))) (. ?) (-DFL- E_S))",33
sw05utt/sw_0523_2092.utt,2/sw2092,2092,24,nn,A,11,1,No. /,[ No/UH ] ./.,(INTJ (UH No) (. .) (-DFL- E_S)),35
sw05utt/sw_0523_2092.utt,2/sw2092,2092,25,bk,B,12,1,Okay. /,Okay/UH ./.,(INTJ (UH Okay) (. .) (-DFL- E_S)),37
sw05utt/sw_0523_2092.utt,2/sw2092,2092,26,sd,A,13,1,"{C Because, } {F um, } they don't allow me to work since, {F uh, } I'm a foreign student. /","Because/RB ,/, um/UH ,/,  [ they/PRP ] do/VBP n't/RB allow/VB  [ me/PRP ] to/TO work/VB since/IN ,/,  [ uh/UH ] ,/,  [ I/PRP ] 'm/VBP  [ a/DT foreign/JJ student/NN ] ./.","(SBAR-PRP (RB Because) (, ,) (INTJ (UH um)) (, ,) (S (NP-SBJ (PRP they)) (VP (VBP do) (RB n't) (VP (VB allow) (S (NP-SBJ (PRP me)) (VP (TO to) (VP (VB work) (SBAR-PRP (IN since) (, ,) (INTJ (UH uh)) (, ,) (S (NP-SBJ (PRP I)) (VP (VBP 'm) (NP-PRD (DT a) (JJ foreign) (NN student))))))))))) (. .) (-DFL- E_S))",39
sw05utt/sw_0523_2092.utt,2/sw2092,2092,27,bk,B,14,1,"{F Oh, } okay. /","Oh/UH ,/, okay/UH ./.","(INTJ (INTJ (UH Oh)) (, ,) (INTJ (UH okay)) (. .) (-DFL- E_S))",41
sw05utt/sw_0523_2092.utt,2/sw2092,2092,28,sd,A,15,1,"{C And } {C so } [ they, + the government ] doesn't allow me to work. /","And/CC so/RB  [ they/PRP ] ,/,  [ the/DT government/NN ] does/VBZ n't/RB allow/VB  [ me/PRP ] to/TO work/VB ./.","(S (CONJP (CC And) (RB so)) (EDITED (RM (-DFL- \[)) (NP-SBJ (PRP they)) (, ,) (IP (-DFL- \+))) (NP-SBJ (DT the) (NN government)) (RS (-DFL- \])) (VP (VBZ does) (RB n't) (VP (VB allow) (S (NP-SBJ (PRP me)) (VP (TO to) (VP (VB work)))))) (. .) (-DFL- E_S))",43
sw05utt/sw_0523_2092.utt,2/sw2092,2092,29,b,B,16,1,"Yeah,  /","Yeah/UH ,/,","(INTJ (UH Yeah) (, ,) (-DFL- E_S))",45
sw05utt/sw_0523_2092.utt,2/sw2092,2092,30,bf,B,16,2,{C so } all the money comes from home. /,so/IN  [ all/DT the/DT money/NN ] comes/VBZ from/IN  [ home/NN ] ./.,(S (RB so) (NP-SBJ (DT all) (DT the) (NN money)) (VP (VBZ comes) (PP (IN from) (NP (NN home)))) (. .) (-DFL- E_S)),46
sw05utt/sw_0523_2092.utt,2/sw2092,2092,31,aa,A,17,1,Uh-huh. /,[ Uh-huh/UH ] ./.,(INTJ (UH Uh-huh) (. .) (-DFL- E_S)),48
sw05utt/sw_0523_2092.utt,2/sw2092,2092,32,bf,B,18,1,"{C So, } you got to make, {F uh, } - /","So/UH ,/,  [ you/PRP ] got/VBD to/TO make/VB ,/,  [ uh/UH ] ,/,","(S (RB So) (, ,) (NP-SBJ-1 (PRP you)) (VP (VBD got) (S (NP-SBJ (-NONE- *-1)) (VP (TO to) (VP-UNF (VB make) (, ,) (INTJ (UH uh)))))) (, ,) (-DFL- N_S))",50
sw05utt/sw_0523_2092.utt,2/sw2092,2092,33,qw,B,18,2,"{C so } how do you keep track of where you are [ in, + in ] your monthly spending? /","so/RB how/WRB do/VBP  [ you/PRP ] keep/VB  [ track/NN ] of/IN where/WRB  [ you/PRP ] are/VBP in/IN ,/, in/IN  [ your/PRP$ monthly/JJ spending/NN ] ?/.","(SBARQ (RB so) (WHADVP-2 (WRB how)) (SQ (VBP do) (NP-SBJ (PRP you)) (VP (VB keep) (NP (NP (NN track)) (PP (IN of) (SBAR (WHADVP-1 (WRB where)) (S (NP-SBJ (PRP you)) (VP (VBP are) (ADVP-PRD (-NONE- *T*-1)) (EDITED (RM (-DFL- \[)) (PP-UNF (IN in)) (, ,) (IP (-DFL- \+))) (PP (IN in) (RS (-DFL- \])) (NP (PRP$ your) (JJ monthly) (NN spending)))))))) (ADVP (-NONE- *T*-2)))) (. ?) (-DFL- E_S))",51
sw05utt/sw_0523_2092.utt,2/sw2092,2092,34,qy^g,A,19,1,"{D Well, } the thing [ is, + is ] that,  {F um, } [ I ba-, + I basically ] know how much I have, right? /","Well/UH ,/,  [ the/DT thing/NN ] is/VBZ ,/, is/VBZ that/IN ,/, um/UH ,/,  [ I/PRP ba-/RB ] ,/,  [ I/PRP ] basically/RB know/VBP how/WRB  [ much/JJ I/PRP ] have/VBP ,/, right/JJ ?/.","(S (INTJ (UH Well)) (, ,) (NP-SBJ (DT the) (NN thing)) (EDITED (RM (-DFL- \[)) (VP-UNF (VBZ is)) (, ,) (IP (-DFL- \+))) (VP (VBZ is) (RS (-DFL- \])) (SBAR-PRD (IN that) (, ,) (INTJ (UH um)) (, ,) (S (EDITED (RM (-DFL- \[)) (S (NP-SBJ (PRP I)) (ADVP-UNF (RB ba-))) (, ,) (IP (-DFL- \+))) (NP-SBJ (PRP I)) (ADVP (RB basically)) (RS (-DFL- \])) (VP (VBP know) (SBAR (WHNP-1 (WHADJP (WRB how) (JJ much))) (S (NP-SBJ (PRP I)) (VP (VBP have) (NP (-NONE- *T*-1)))))))) (, ,) (INTJ (JJ right))) (. ?) (-DFL- E_S))",53
sw05utt/sw_0523_2092.utt,2/sw2092,2092,35,na,B,20,1,Right. /,[ Right/JJ ] ./.,(INTJ (JJ Right) (. .) (-DFL- E_S)),55
sw05utt/sw_0523_2092.utt,2/sw2092,2092,36,%,A,21,1,"{C And so, } the thing [ is, + is ] that [ I, + I ] can tell {D like, } {F uh, } - /","And/CC so/RB ,/,  [ the/DT thing/NN ] is/VBZ ,/, is/VBZ that/IN  [ I/PRP ] ,/,  [ I/PRP ] can/MD tell/VB like/UH ,/,  [ uh/UH ] ,/,","(S (CONJP (CC And) (RB so)) (, ,) (NP-SBJ (DT the) (NN thing)) (EDITED (RM (-DFL- \[)) (VP-UNF (VBZ is)) (, ,) (IP (-DFL- \+))) (VP (VBZ is) (RS (-DFL- \])) (SBAR-PRD (IN that) (S (EDITED (RM (-DFL- \[)) (NP-SBJ (PRP I)) (, ,) (IP (-DFL- \+))) (NP-SBJ (PRP I)) (RS (-DFL- \])) (VP (MD can) (VP-UNF (VB tell) (INTJ (UH like)) (, ,) (INTJ (UH uh))))))) (, ,) (-DFL- N_S))",57
sw05utt/sw_0523_2092.utt,2/sw2092,2092,37,sd,A,21,2,"[ I, +  I ] get all my money out of the teller. /","[ I/PRP ] ,/,  [ I/PRP ] get/VBP  [ all/PDT my/PRP$ money/NN ] out/IN of/IN  [ the/DT teller/NN ] ./.","(S (EDITED (RM (-DFL- \[)) (NP-SBJ (PRP I)) (, ,) (IP (-DFL- \+))) (NP-SBJ (PRP I)) (RS (-DFL- \])) (VP (VBP get) (NP (PDT all) (PRP$ my) (NN money)) (PP (IN out) (PP (IN of) (NP (DT the) (NN teller))))) (. .) (-DFL- E_S))",58
sw05utt/sw_0523_2092.utt,2/sw2092,2092,38,b,B,22,1,Yeah. /,Yeah/UH ./.,(INTJ (UH Yeah) (. .) (-DFL- E_S)),60
sw05utt/sw_0523_2092.utt,2/sw2092,2092,39,sd,A,23,1,"{C And } besides {D see } one of my biggest expenses is telephone calls since I have to call, {D you know, } international. /","And/CC besides/RB see/UH  [ one/DT ] of/IN  [ my/PRP$ biggest/JJS expenses/NNS ] is/VBZ  [ telephone/NN ] calls/NNS since/IN  [ I/PRP ] have/VBP to/TO call/VB ,/,  [ you/PRP ] know/VBP ,/,  [ international/JJ ] ./.","(S (CC And) (ADVP (RB besides)) (INTJ (UH see)) (NP-SBJ (NP (DT one)) (PP (IN of) (NP (PRP$ my) (JJS biggest) (NNS expenses)))) (VP (VBZ is) (NP-PRD (NN telephone) (NNS calls)) (SBAR-PRP (IN since) (S (NP-SBJ-1 (PRP I)) (VP (VBP have) (S (NP-SBJ (-NONE- *-1)) (VP (TO to) (VP (VB call) (PRN (, ,) (S (NP-SBJ (PRP you)) (VP (VBP know))) (, ,)) (ADVP (JJ international))))))))) (. .) (-DFL- E_S))",62
sw05utt/sw_0523_2092.utt,2/sw2092,2092,40,qw,B,24,1,Where do you call to? /,Where/WRB do/VB  [ you/PRP ] call/VBP to/IN ?/.,(SBARQ (WHADVP-1 (WRB Where)) (SQ (VB do) (NP-SBJ (PRP you)) (VP (VBP call) (PP (IN to) (ADVP (-NONE- *T*-1))))) (. ?) (-DFL- E_S)),64
sw05utt/sw_0523_2092.utt,2/sw2092,2092,41,sd,A,25,1,Argentina. /,[ Argentina/NNP ] ./.,(NP (NNP Argentina) (. .) (-DFL- E_S)),66
sw05utt/sw_0523_2092.utt,2/sw2092,2092,42,br,B,26,1,Argentina? /,[ Argentina/NNP ] ?/.,(NP (NNP Argentina) (. ?) (-DFL- E_S)),68
sw05utt/sw_0523_2092.utt,2/sw2092,2092,43,aa,A,27,1,Yeah. /,Yeah/UH ./.,(INTJ (UH Yeah) (. .) (-DFL- E_S)),60
sw05utt/sw_0523_2092.utt,2/sw2092,2092,44,ba,B,28,1,Wow. /,[ Wow/UH ] ./.,(INTJ (UH Wow) (. .) (-DFL- E_S)),72
sw05utt/sw_0523_2092.utt,2/sw2092,2092,45,%,A,29,1,"{C And so } the bas-, - /","And/CC so/RB  [ the/DT bas-/XX ] ,/,","(S (CONJP (CC And) (RB so)) (NP-SBJ-UNF (DT the) (XX bas-)) (, ,) (-DFL- N_S))",74
sw05utt/sw_0523_2092.utt,2/sw2092,2092,46,sd,A,29,2,one of the problems is that I spend too much money on phone bills. /,[ one/CD ] of/IN  [ the/DT problems/NNS ] is/VBZ that/IN  [ I/PRP ] spend/VBP  [ too/RB much/JJ money/NN ] on/IN  [ phone/NN bills/NNS ] ./.,(S (NP-SBJ (NP (CD one)) (PP (IN of) (NP (DT the) (NNS problems)))) (VP (VBZ is) (SBAR-PRD (IN that) (S (NP-SBJ (PRP I)) (VP (VBP spend) (NP (ADJP (RB too) (JJ much)) (NN money)) (PP (IN on) (NP (NN phone) (NNS bills))))))) (. .) (-DFL- E_S)),75
sw05utt/sw_0523_2092.utt,2/sw2092,2092,47,aa,B,30,1,"Yeah,  /","Yeah/UH ,/,","(INTJ (UH Yeah) (, ,) (-DFL- E_S))",77
sw05utt/sw_0523_2092.utt,2/sw2092,2092,48,bf,B,30,2,talk too long. /,talk/VB too/RB long/RB ./.,(S (NP-SBJ (-NONE- *)) (VP (VB talk) (ADVP (RB too) (RB long))) (. .) (-DFL- E_S)),78
sw05utt/sw_0523_2092.utt,2/sw2092,2092,49,%,A,31,1,"{D Well, } that's, - /","Well/UH ,/,  [ that/DT ] 's/BES ,/,","(S (INTJ (UH Well)) (, ,) (NP-SBJ (DT that)) (VP-UNF (BES 's)) (, ,) (-DFL- N_S))",80
sw05utt/sw_0523_2092.utt,2/sw2092,2092,50,sd,A,31,2,"[ they, + they ] want me to call down there every so often. /","[ they/PRP ] ,/,  [ they/PRP ] want/VBP  [ me/PRP ] to/TO call/VB down/IN there/RB  [ every/DT ] so/RB often/RB ./.","(S (EDITED (RM (-DFL- \[)) (NP-SBJ (PRP they)) (, ,) (IP (-DFL- \+))) (NP-SBJ (PRP they)) (RS (-DFL- \])) (VP (VBP want) (S (NP-SBJ (PRP me)) (VP (TO to) (VP (VB call) (PP-LOC (IN down) (ADVP (RB there))) (ADVP-TMP (DT every) (RB so) (RB often)))))) (. .) (-DFL- E_S))",81
sw05utt/sw_0523_2092.utt,2/sw2092,2092,51,b,B,32,1,Yeah. /,Yeah/UH ./.,(INTJ (UH Yeah) (. .) (-DFL- E_S)),60
sw05utt/sw_0523_2092.utt,2/sw2092,2092,52,sd(^q),A,33,1,"{E I mean, } I told my dad, [ li-, + Dad listen ] if you want to save money I won't call so often, {D you know, }  /","[ I/PRP ] mean/VBP ,/,  [ I/PRP ] told/VBD  [ my/PRP$ dad/NN ] ,/,  [ li-/UH ] ,/,  [ Dad/NNP ] listen/VB if/IN  [ you/PRP ] want/VBP to/TO save/VB  [ money/NN ] [ I/PRP ] wo/MD n't/RB call/VB so/RB often/RB ,/,  [ you/PRP ] know/VBP ,/,","(S (PRN (S (NP-SBJ (PRP I)) (VP (VBP mean))) (, ,)) (NP-SBJ (PRP I)) (VP (VBD told) (NP (PRP$ my) (NN dad)) (, ,) (S-IMP-SEZ (EDITED (RM (-DFL- \[)) (S-IMP (NP-SBJ (-NONE- *)) (VP-UNF (UH li-))) (, ,) (IP (-DFL- \+))) (NP-VOC (NNP Dad)) (NP-SBJ (-NONE- *)) (VP (VB listen) (RS (-DFL- \]))))))|||(S (SBAR-ADV (IN if) (S (NP-SBJ-1 (PRP you)) (VP (VBP want) (S (NP-SBJ (-NONE- *-1)) (VP (TO to) (VP (VB save) (NP (NN money)))))))) (NP-SBJ (PRP I)) (VP (MD wo) (RB n't) (VP (VB call) (ADVP-TMP (RB so) (RB often)) (PRN (, ,) (S (NP-SBJ (PRP you)) (VP (VBP know)))))) (, ,) (-DFL- E_S))",85|||86
sw05utt/sw_0523_2092.utt,2/sw2092,2092,53,sd(^q),A,33,2,"he goes, we want to keep in touch  /","[ he/PRP ] goes/VBZ ,/,  [ we/PRP ] want/VBP to/TO keep/VB in/IN  [ touch/NN ]","(S (NP-SBJ (PRP he)) (VP (VBZ goes) (, ,) (S-SEZ (NP-SBJ-1 (PRP we)) (VP (VBP want) (S (NP-SBJ (-NONE- *-1)) (VP (TO to) (VP (VB keep) (PP (IN in) (NP (NN touch))))))))) (-DFL- E_S))",87
sw05utt/sw_0523_2092.utt,2/sw2092,2092,54,^q,A,33,3,{C so } I doesn't matter  about the money because we need to hear from you. /,so/RB  [ I/^PRP ]  does/VBZ n't/RB matter/VB about/IN  [ the/DT money/NN ] because/IN  [ we/PRP ] need/VBP to/TO hear/VB from/IN  [ you/PRP ] ./.,(S (RB so) (NP-SBJ (^PRP I)) (VP (VBZ does) (RB n't) (VP (VB matter) (PP (IN about) (NP (DT the) (NN money))) (SBAR-PRP (IN because) (S (NP-SBJ-1 (PRP we)) (VP (VBP need) (S (NP-SBJ (-NONE- *-1)) (VP (TO to) (VP (VB hear) (PP (IN from) (NP (PRP you))))))))))) (. .) (-DFL- E_S)),88
sw05utt/sw_0523_2092.utt,2/sw2092,2092,55,b,B,34,1,"Yeah,  /","Yeah/UH ,/,","(INTJ (UH Yeah) (, ,) (-DFL- E_S))",77
sw05utt/sw_0523_2092.utt,2/sw2092,2092,56,qy,B,34,2,{C so } you call him collect?  /,so/RB  [ you/PRP ] call/VBP  [ him/PRP ] collect/RB ?/.,(S (RB so) (NP-SBJ (PRP you)) (VP (VBP call) (NP (PRP him)) (ADVP (RB collect))) (. ?) (-DFL- E_S)),91
sw05utt/sw_0523_2092.utt,2/sw2092,2092,57,nn,A,35,1,No.  /,[ No/UH ] ./.,(INTJ (UH No) (. .) (-DFL- E_S)),93
sw05utt/sw_0523_2092.utt,2/sw2092,2092,58,sd^e,A,35,2,Because it is more expensive that way. /,Because/IN  [ it/PRP ] is/VBZ more/RBR expensive/JJ that/DT  [ way/NN ] ./.,(SBAR-PRP (IN Because) (S (NP-SBJ (PRP it)) (VP (VBZ is) (ADJP-PRD (RBR more) (JJ expensive)) (NP-MNR (DT that) (NN way)))) (. .) (-DFL- E_S)),94
sw05utt/sw_0523_2092.utt,2/sw2092,2092,59,qo,B,36,1,"(( What makes you )) ,","[ What/WP ] makes/VBZ  [ you/PRP ] ,/,","(SBARQ (WHNP-1 (WP What)) (SQ (NP-SBJ (-NONE- *T*-1)) (VP (VBZ makes) (S (NP-SBJ (PRP you)) (, ,) (VP (VB think) (ADVP (RB so)))))) (. ?) (-DFL- E_S))",96
sw05utt/sw_0523_2092.utt,2/sw2092,2092,60,%,A,37,1,"[ Any, + any, ] {F um, } -/","[ Any/DT ] ,/,  [ any/DT ] ,/, um/UH ,/,","(S (EDITED (RM (-DFL- \[)) (NP-SBJ-UNF (DT Any)) (, ,) (IP (-DFL- \+))) (NP-SBJ-UNF (DT any) (, ,) (RS (-DFL- \])) (INTJ (UH um))) (, ,) (-DFL- N_S))",98
sw05utt/sw_0523_2092.utt,2/sw2092,2092,61,+,B,38,1,think so? /,think/VB so/RB ?/.,"(SBARQ (WHNP-1 (WP What)) (SQ (NP-SBJ (-NONE- *T*-1)) (VP (VBZ makes) (S (NP-SBJ (PRP you)) (, ,) (VP (VB think) (ADVP (RB so)))))) (. ?) (-DFL- E_S))",96
sw05utt/sw_0523_2092.utt,2/sw2092,2092,62,sd,A,39,1,basically the United States is the cheapest country to call out of. /,basically/RB  [ the/DT United/NNP States/NNP ] is/VBZ  [ the/DT cheapest/JJS country/NN ] to/TO call/VB out/IN of/IN ./.,(S (ADVP (RB basically)) (NP-SBJ (DT the) (NNP United) (NNP States)) (VP (VBZ is) (NP-PRD (NP (DT the) (JJS cheapest) (NN country)) (SBAR (WHNP-1 (-NONE- 0)) (S (NP-SBJ (-NONE- *)) (VP (TO to) (VP (VB call) (PP (IN out) (PP (IN of) (NP (-NONE- *T*-1)))))))))) (. .) (-DFL- E_S)),101
sw05utt/sw_0523_2092.utt,2/sw2092,2092,63,b,B,40,1,Yeah. /,Yeah/UH ./.,(INTJ (UH Yeah) (. .) (-DFL- E_S)),83
sw05utt/sw_0523_2092.utt,2/sw2092,2092,64,sd,A,41,1,"{C And, } {F um, } {C because } it's considered a luxury in other countries. /","And/CC ,/, um/UH ,/, because/IN  [ it/PRP ] 's/BES considered/VBN  [ a/DT luxury/NN ] in/IN  [ other/JJ countries/NNS ] ./.","(SBAR-PRP (CC And) (, ,) (INTJ (UH um)) (, ,) (IN because) (S (NP-SBJ-1 (PRP it)) (VP (BES 's) (VP (VBN considered) (S (NP-SBJ (-NONE- *-1)) (NP-PRD (DT a) (NN luxury)) (PP-LOC (IN in) (NP (JJ other) (NNS countries))))))) (. .) (-DFL- E_S))",105
sw05utt/sw_0523_2092.utt,2/sw2092,2092,65,bk,B,42,1,"{F Oh, } okay.  /","Oh/UH ,/, okay/UH ./.","(INTJ (INTJ (UH Oh)) (, ,) (INTJ (UH okay)) (. .) (-DFL- E_S))",107
sw05utt/sw_0523_2092.utt,2/sw2092,2092,66,bf,B,42,2,"{D So, } you just call him direct  /","So/UH ,/,  [ you/PRP ] just/RB call/VBP  [ him/PRP ] direct/RB","(S (INTJ (UH So)) (, ,) (NP-SBJ (PRP you)) (ADVP (RB just)) (VP (VBP call) (NP (PRP him)) (ADVP (RB direct))) (-DFL- E_S))",108
sw05utt/sw_0523_2092.utt,2/sw2092,2092,67,%,B,42,3,"{C and then, } -/","and/CC then/RB ,/,","(S-UNF (CONJP (CC and) (RB then)) (, ,) (-DFL- N_S))",109
sw05utt/sw_0523_2092.utt,2/sw2092,2092,68,aa,A,43,1,Right.  /,[ Right/UH ] ./.,(INTJ (UH Right) (. .) (-DFL- E_S)),111
sw05utt/sw_0523_2092.utt,2/sw2092,2092,69,sd,A,43,2,"Since it's his money anyway, {D you know. } /","Since/IN  [ it/PRP ] 's/BES  [ his/PRP$ money/NN ] anyway/RB ,/,  [ you/PRP ] know/VBP ./.","(S-UNF (SBAR-PRP (IN Since) (S (NP-SBJ (PRP it)) (VP (BES 's) (NP-PRD (PRP$ his) (NN money)) (ADVP (RB anyway))))) (PRN (, ,) (S (NP-SBJ (PRP you)) (VP (VBP know)))) (. .) (-DFL- E_S))",112
sw05utt/sw_0523_2092.utt,2/sw2092,2092,70,b,B,44,1,Yeah.  /,Yeah/UH ./.,(INTJ (UH Yeah) (. .) (-DFL- E_S)),83
sw05utt/sw_0523_2092.utt,2/sw2092,2092,71,qy,B,44,2,"[ {C And }  he gets the, + {C and }  you get the  ] bill and send it to him? /","And/CC  [ he/PRP ] gets/VBZ  [ the/DT ] ,/, and/CC  [ you/PRP ] get/VBP  [ the/DT bill/NN ] and/CC send/VBP  [ it/PRP ] to/IN  [ him/PRP ] ?/.","(S (EDITED (RM (-DFL- \[)) (S (CC And) (NP-SBJ (PRP he)) (VP (VBZ gets) (NP-UNF (DT the)))) (, ,) (IP (-DFL- \+))) (CC and) (NP-SBJ (PRP you)) (VP (VP (VBP get) (NP (DT the) (RS (-DFL- \])) (NN bill))) (CC and) (VP (VBP send) (NP (PRP it)) (PP-DTV (IN to) (NP (PRP him))))) (. ?) (-DFL- E_S))",115
sw05utt/sw_0523_2092.utt,2/sw2092,2092,72,nn,A,45,1,No.   /,[ No/UH ] ./.,(INTJ (UH No) (. .) (-DFL- E_S)),93
sw05utt/sw_0523_2092.utt,2/sw2092,2092,73,sd^e,A,45,2,"{F Um, }  I got money to pay that, too. /","[ Um/UH ] ,/,  [ I/PRP ] got/VBN  [ money/NN ] to/TO pay/VB that/DT ,/, too/RB ./.","(S (INTJ (UH Um)) (, ,) (NP-SBJ (PRP I)) (VP (VBN got) (NP (NP (NN money)) (SBAR (WHADVP-1 (-NONE- 0)) (S (NP-SBJ (-NONE- *)) (VP (TO to) (VP (VB pay) (NP (DT that)) (, ,) (ADVP (RB too)) (ADVP (-NONE- *T*-1)))))))) (. .) (-DFL- E_S))",118
sw05utt/sw_0523_2092.utt,2/sw2092,2092,74,bk,B,46,1,Okay. /,Okay/UH ./.,(INTJ (UH Okay) (. .) (-DFL- E_S)),120
sw05utt/sw_0523_2092.utt,2/sw2092,2092,75,%,A,47,1,"{C So, } it's basically, {D you know, } - /","So/UH ,/,  [ it/PRP ] 's/BES basically/RB ,/,  [ you/PRP ] know/VBP ,/,","(S (RB So) (, ,) (NP-SBJ (PRP it)) (VP-UNF (BES 's) (ADVP (RB basically)) (PRN (, ,) (S (NP-SBJ (PRP you)) (VP (VBP know))))) (, ,) (-DFL- N_S))",122
sw05utt/sw_0523_2092.utt,2/sw2092,2092,76,sd,A,47,2,"[ it's + {D like, } it's ] not too much money,  /","[ it/PRP ] 's/BES like/UH ,/,  [ it/PRP ] 's/BES not/RB  [ too/RB much/JJ money/NN ] ,/,","(S (EDITED (RM (-DFL- \[)) (S (NP-SBJ (PRP it)) (VP-UNF (BES 's))) (IP (-DFL- \+))) (INTJ (UH like)) (, ,) (NP-SBJ (PRP it)) (VP (BES 's) (RS (-DFL- \])) (RB not) (NP-PRD (ADJP (RB too) (JJ much)) (NN money))) (, ,) (-DFL- E_S))",123
sw05utt/sw_0523_2092.utt,2/sw2092,2092,77,sd,A,47,3,"{C and } it's not too little money,  /","and/CC  [ it/PRP ] 's/BES not/RB  [ too/RB little/JJ money/NN ] ,/,","(S (CC and) (NP-SBJ (PRP it)) (VP (BES 's) (RB not) (NP-PRD (ADJP (RB too) (JJ little)) (NN money))) (, ,) (-DFL- E_S))",124
sw05utt/sw_0523_2092.utt,2/sw2092,2092,78,sd,A,47,4,{C so } --,so/UH --/:,"(SBARQ (WHNP-1 (WP What)) (SQ (NP-SBJ (-NONE- *T*-1)) (VP (VBZ makes) (S (NP-SBJ (PRP you)) (, ,) (VP (VB think) (ADVP (RB so)))))) (. ?) (-DFL- E_S))",96
sw05utt/sw_0523_2092.utt,2/sw2092,2092,79,b,B,48,1,Yeah. /,Yeah/UH ./.,(INTJ (UH Yeah) (. .) (-DFL- E_S)),103
sw05utt/sw_0523_2092.utt,2/sw2092,2092,80,+,A,49,1,"-- I won't have to, {D you know, } rush a letter to him or something,  /","--/:  [ I/PRP ] wo/MD n't/RB have/VB to/TO ,/,  [ you/PRP ] know/VBP ,/, rush/VB  [ a/DT letter/NN ] to/IN  [ him/PRP ] or/CC  [ something/NN ] ,/,","(S (RB so) (NP-SBJ-1 (PRP I)) (VP (MD wo) (RB n't) (VP (VB have) (S (NP-SBJ (-NONE- *-1)) (VP (TO to) (PRN (, ,) (S (NP-SBJ (PRP you)) (VP (VBP know))) (, ,)) (VP (VP (VB rush) (NP (DT a) (NN letter)) (PP (IN to) (NP (PRP him)))) (CC or) (NP-ETC (NN something))))))) (, ,) (-DFL- E_S))",125
sw05utt/sw_0523_2092.utt,2/sw2092,2092,81,sd,A,49,2,"{C because, } {F um, } he really wants me to concentrate on my studies. /","because/IN ,/, um/UH ,/,  [ he/PRP ] really/RB wants/VBZ  [ me/PRP ] to/TO concentrate/VB on/IN  [ my/PRP$ studies/NNS ] ./.","(SBAR-PRP (IN because) (, ,) (INTJ (UH um)) (, ,) (S (NP-SBJ (PRP he)) (ADVP (RB really)) (VP (VBZ wants) (S (NP-SBJ (PRP me)) (VP (TO to) (VP (VB concentrate) (PP (IN on) (NP (PRP$ my) (NNS studies)))))))) (. .) (-DFL- E_S))",129
sw05utt/sw_0523_2092.utt,2/sw2092,2092,82,b,B,50,1,Yeah.  /,Yeah/UH ./.,(INTJ (UH Yeah) (. .) (-DFL- E_S)),103
sw05utt/sw_0523_2092.utt,2/sw2092,2092,83,qw,B,50,2,"[ What are you, + what are you ] studying? /","[ What/WP ] are/VBP  [ you/PRP ] ,/,  [ what/WP ] are/VBP  [ you/PRP ] studying/VBG ?/.","(SBARQ (EDITED (RM (-DFL- \[)) (SBARQ (WHNP (WP What)) (SQ-UNF (VBP are) (NP-SBJ (PRP you)))) (, ,) (IP (-DFL- \+))) (WHNP-1 (WP what)) (SQ (VBP are) (NP-SBJ (PRP you)) (RS (-DFL- \])) (VP (VBG studying) (NP (-NONE- *T*-1)))) (. ?) (-DFL- E_S))",132
sw05utt/sw_0523_2092.utt,2/sw2092,2092,84,sd,A,51,1,I'm doing masters in computer science and computer engineering. /,[ I/PRP ] 'm/VBP doing/VBG  [ masters/NN ] in/IN  [ computer/NN science/NN ] and/CC  [ computer/NN engineering/NN ] ./.,(S (NP-SBJ (PRP I)) (VP (VBP 'm) (VP (VBG doing) (NP (NP (NN masters)) (PP (IN in) (NP (NP (NN computer) (NN science)) (CC and) (NP (NN computer) (NN engineering))))))) (. .) (-DFL- E_S)),134
sw05utt/sw_0523_2092.utt,2/sw2092,2092,85,qo,B,52,1,{C And } what do you think you'll do with that? /,And/CC  [ what/WP ] do/VBP  [ you/PRP ] think/VBP  [ you/PRP ] 'll/MD do/VB with/IN  [ that/DT ] ?/.,(SBARQ (CC And) (WHNP-1 (WP what)) (SQ (VBP do) (NP-SBJ (PRP you)) (VP (VBP think) (SBAR (-NONE- 0) (S (NP-SBJ (PRP you)) (VP (MD 'll) (VP (VB do) (NP (-NONE- *T*-1)) (PP (IN with) (NP (DT that))))))))) (. ?) (-DFL- E_S)),136
sw05utt/sw_0523_2092.utt,2/sw2092,2092,86,bf,A,53,1,With those degrees? /,With/IN  [ those/DT degrees/NNS ] ?/.,(PP (IN With) (NP (DT those) (NNS degrees)) (. ?) (-DFL- E_S)),138
sw05utt/sw_0523_2092.utt,2/sw2092,2092,87,aa,B,54,1,Uh-huh. /,[ Uh-huh/UH ] ./.,(INTJ (UH Uh-huh) (. .) (-DFL- E_S)),140
sw05utt/sw_0523_2092.utt,2/sw2092,2092,88,sd,A,55,1,"{D Well, } [ I can, + I can ] work [ up, +  {F um, } here up ] to a year. /","Well/UH ,/,  [ I/PRP ] can/MD ,/,  [ I/PRP ] can/MD work/VB up/IN ,/, um/UH ,/, here/RB up/IN to/IN  [ a/DT year/NN ] ./.","(S (INTJ (UH Well)) (, ,) (EDITED (RM (-DFL- \[)) (S (NP-SBJ (PRP I)) (VP-UNF (MD can))) (, ,) (IP (-DFL- \+))) (NP-SBJ (PRP I)) (VP (MD can) (RS (-DFL- \])) (VP (VB work) (EDITED (RM (-DFL- \[)) (PP-UNF (IN up)) (, ,) (IP (-DFL- \+))) (INTJ (UH um)) (, ,) (ADVP-LOC (RB here)) (PP (IN up) (RS (-DFL- \])) (PP (IN to) (NP (DT a) (NN year)))))) (. .) (-DFL- E_S))",142
sw05utt/sw_0523_2092.utt,2/sw2092,2092,89,qo,B,56,1,And? /,And/CC ?/.,(S-UNF (CC And) (. ?) (-DFL- E_S)),144
sw05utt/sw_0523_2092.utt,2/sw2092,2092,90,sd,A,57,1,And hopefully get a job after that. /,And/CC hopefully/RB get/VB  [ a/DT job/NN ] after/IN  [ that/DT ] ./.,(S (CC And) (ADVP (RB hopefully)) (NP-SBJ (-NONE- *)) (VP (VB get) (NP (DT a) (NN job)) (PP-TMP (IN after) (NP (DT that)))) (. .) (-DFL- E_S)),146
sw05utt/sw_0523_2092.utt,2/sw2092,2092,91,qr,B,58,1,"You want to get into some kind of manufacturing,  /","[ You/PRP ] want/VBP to/TO get/VB into/IN  [ some/DT kind/NN ] of/IN manufacturing/NN ,/,","(S (NP-SBJ-1 (PRP You)) (VP (VBP want) (S (NP-SBJ (-NONE- *-1)) (VP (TO to) (VP (VB get) (PP (IN into) (NP (NP (DT some) (NN kind)) (PP (IN of) (NP (NN manufacturing))))))))) (, ,) (-DFL- E_S))",148
sw05utt/sw_0523_2092.utt,2/sw2092,2092,92,"""",B,58,2,{C or } what's the specialty that your looking for? /,or/CC  [ what/WP ] 's/BES  [ the/DT specialty/NN ] that/IN  [ you/PRP 're/VBP ]  looking/VBG for/IN ?/.,(SBARQ (CC or) (WHNP-2 (WP what)) (SQ (BES 's) (NP-SBJ (NP (DT the) (NN specialty)) (SBAR (WHNP-1 (IN that)) (S (NP-SBJ (PRP you)) (VP (VBP 're) (VP (VBG looking) (PP (IN for) (NP (-NONE- *T*-1)))))))) (NP-PRD (-NONE- *T*-2))) (. ?) (-DFL- E_S)),149
sw05utt/sw_0523_2092.utt,2/sw2092,2092,93,sd,A,59,1,"{F Um, } computer communications and data transmissions. /","Um/UH ,/,  [ computer/NN communications/NNS ] and/CC  [ data/NN transmissions/NNS ] ./.","(FRAG (INTJ (UH Um)) (, ,) (NP (NN computer) (NNS communications)) (CC and) (NP (NN data) (NNS transmissions)) (. .) (-DFL- E_S))",151
sw05utt/sw_0523_2092.utt,2/sw2092,2092,94,bk,B,60,1,"{F Oh, } okay,  /","Oh/UH ,/, okay/UH ,/,","(INTJ (INTJ (UH Oh)) (, ,) (INTJ (UH okay)) (, ,) (-DFL- E_S))",153
sw05utt/sw_0523_2092.utt,2/sw2092,2092,95,qy^d,B,60,2,"{C so } you want to find a, {F uh, } data transmissions, - /","so/UH  [ you/PRP ] want/VBP to/TO find/VB  [ a/DT ] ,/,  [ uh/UH ] ,/,  [ data/NN transmissions/NNS ] ,/,","(S (RB so) (NP-SBJ-1 (PRP you)) (VP (VBP want) (S (NP-SBJ (-NONE- *-1)) (VP (TO to) (VP (VB find) (NP (DT a) (, ,) (INTJ (UH uh)) (, ,) (NN data) (NNS transmissions)))))) (, ,) (-DFL- N_S))",154
sw05utt/sw_0523_2092.utt,2/sw2092,2092,96,qy^d,B,60,3,"you're looking for, {F uh, } {F um, } long distance --","[ you/PRP ] 're/VBP looking/VBG for/IN ,/,  [ uh/UH ] ,/, um/UH ,/,  [ long/JJ distance/NN ] --/:","(S (NP-SBJ (PRP you)) (VP (VBP 're) (VP (VBG looking) (PP (IN for) (, ,) (INTJ (UH uh)) (, ,) (INTJ (UH um)) (, ,) (NP (JJ long) (NN distance) (NN type) (NN stuff))))) (. .) (-DFL- E_S))",155
sw05utt/sw_0523_2092.utt,2/sw2092,2092,97,na,A,61,1,Right. /,[ Right/UH ] ./.,(INTJ (UH Right) (. .) (-DFL- E_S)),157
sw05utt/sw_0523_2092.utt,2/sw2092,2092,98,+,B,62,1,-- type stuff. /,--/:  [ type/NN stuff/NN ] ./.,"(S (NP-SBJ (PRP you)) (VP (VBP 're) (VP (VBG looking) (PP (IN for) (, ,) (INTJ (UH uh)) (, ,) (INTJ (UH um)) (, ,) (NP (JJ long) (NN distance) (NN type) (NN stuff))))) (. .) (-DFL- E_S))",155
sw05utt/sw_0523_2092.utt,2/sw2092,2092,99,ny,A,63,1,"Yeah,  /","Yeah/UH ,/,","(INTJ (UH Yeah) (, ,) (-DFL- E_S))",160
sw05utt/sw_0523_2092.utt,2/sw2092,2092,100,sd^e,A,63,2,"{D you know, } anywhere from, {F um, } local area networks, metropolitan area networks, {D you know, } all that,  /","[ you/PRP ] know/VBP ,/, anywhere/RB from/IN ,/, um/UH ,/,  [ local/JJ area/NN networks/NNS ] ,/,  [ metropolitan/JJ area/NN networks/NNS ] ,/,  [ you/PRP ] know/VBP ,/,  [ all/PDT that/DT ] ,/,","(FRAG (PRN (S (NP-SBJ (PRP you)) (VP (VBP know))) (, ,)) (PP (ADVP (RB anywhere)) (IN from) (, ,) (INTJ (UH um)) (, ,) (NP (NP (JJ local) (NN area) (NNS networks)) (, ,) (NP (JJ metropolitan) (NN area) (NNS networks)) (PRN (, ,) (S (NP-SBJ (PRP you)) (VP (VBP know))) (, ,)) (NP (PDT all) (DT that)))) (, ,) (-DFL- E_S))",161
sw05utt/sw_0523_2092.utt,2/sw2092,2092,101,qy^g,A,63,3,"{C and so, } {D well, } you have a family, right? /","and/CC so/UH ,/, well/UH ,/,  [ you/PRP ] have/VBP  [ a/DT family/NN ] ,/, right/JJ ?/.","(S (CONJP (CC and) (UH so)) (, ,) (INTJ (UH well)) (, ,) (NP-SBJ (PRP you)) (VP (VBP have) (NP (DT a) (NN family)) (, ,) (INTJ (JJ right))) (. ?) (-DFL- E_S))",162
sw05utt/sw_0523_2092.utt,2/sw2092,2092,102,ny,B,64,1,"Yeah,  /","[ Yeah/UH ] ,/,","(INTJ (UH Yeah) (, ,) (-DFL- E_S))",160
sw05utt/sw_0523_2092.utt,2/sw2092,2092,103,sd^e,B,64,2,I have a wife and two children  /,[ I/PRP ] have/VBP  [ a/DT wife/NN ] and/CC  [ two/CD children/NNS ],(S (NP-SBJ (PRP I)) (VP (VBP have) (NP (NP (DT a) (NN wife)) (CC and) (NP (CD two) (NNS children)))) (-DFL- E_S)),165
sw05utt/sw_0523_2092.utt,2/sw2092,2092,104,%,B,64,3,"{C and, } {F um, } -/","and/CC ,/, um/UH ,/,","(S-UNF (CC and) (, ,) (INTJ (UH um)) (, ,) (-DFL- N_S))",166
sw05utt/sw_0523_2092.utt,2/sw2092,2092,105,qy,A,65,1,"{C And } [ does, +  does ] your wife work? /","And/CC does/VBZ ,/, does/VBZ  [ your/PRP$ wife/NN work/VB ] ?/.","(SQ (CC And) (EDITED (RM (-DFL- \[)) (SQ-UNF (VBZ does)) (, ,) (IP (-DFL- \+))) (VBZ does) (RS (-DFL- \])) (NP-SBJ (PRP$ your) (NN wife)) (VP (VB work)) (. ?) (-DFL- E_S))",168
sw05utt/sw_0523_2092.utt,2/sw2092,2092,106,nn,B,66,1,No.  /,[ No/UH ] ./.,(INTJ (UH No) (. .) (-DFL- E_S)),170
sw05utt/sw_0523_2092.utt,2/sw2092,2092,107,sd^e,B,66,2,"She doesn't work,  /","[ She/PRP ] does/VBZ n't/RB work/VB ,/,","(S (NP-SBJ (PRP She)) (VP (VBZ does) (RB n't) (VP (VB work))) (, ,) (-DFL- E_S))",171
sw05utt/sw_0523_2092.utt,2/sw2092,2092,108,sd,B,66,3,"she does, {F uh, } - /","[ she/PRP ] does/VBZ ,/,  [ uh/UH ] ,/,","(S (NP-SBJ (PRP she)) (VP-UNF (VBZ does) (, ,) (INTJ (UH uh))) (, ,) (-DFL- N_S))",172
sw05utt/sw_0523_2092.utt,2/sw2092,2092,109,sd,B,66,4,"{D well, } it's kind of hard to say now days, {F um, } other than taking care of the house, she does a lot of sewing herself. /","well/UH ,/,  [ it/PRP ] 's/BES  [ kind/RB ] of/RB hard/JJ to/TO say/VB now/RB  [ days/NNS ] ,/, um/UH ,/, other/JJ than/IN taking/VBG  [ care/NN ] of/IN  [ the/DT house/NN ] ,/,  [ she/PRP ] does/VBZ  [ a/DT lot/NN ] of/IN sewing/VBG  [ herself/PRP ] ./.","(S (INTJ (UH well)) (, ,) (NP-SBJ (PRP it)) (VP (BES 's) (ADVP (RB kind) (RB of)) (ADJP-PRD (JJ hard) (SBAR (WHNP-1 (-NONE- 0)) (S (NP-SBJ (-NONE- *)) (VP (TO to) (VP (VB say) (NP (-NONE- *T*-1)) (ADVP-TMP (TYPO (RB now) (NNS days))))))))) (, ,))|||(S (INTJ (UH um)) (, ,) (ADVP (ADVP (JJ other)) (PP (IN than) (S-NOM (NP-SBJ (-NONE- *)) (VP (VBG taking) (NP (NN care)) (PP (IN of) (NP (DT the) (NN house))))))) (, ,) (NP-SBJ (PRP she)) (VP (VBZ does) (NP (NP (DT a) (NN lot)) (PP (IN of) (NP (VBG sewing)))) (NP-ADV (PRP herself))) (. .) (-DFL- E_S))",173|||174
sw05utt/sw_0523_2092.utt,2/sw2092,2092,110,bk,A,67,1,"{F Oh, } okay. /","Oh/UH ,/, okay/UH ./.","(INTJ (INTJ (UH Oh)) (, ,) (INTJ (UH okay)) (. .) (-DFL- E_S))",176
sw05utt/sw_0523_2092.utt,2/sw2092,2092,111,sd,B,68,1,{C And } she gets paid for that  /,And/CC  [ she/PRP ] gets/VBZ paid/VBN for/IN  [ that/DT ],(S (CC And) (NP-SBJ-1 (PRP she)) (VP (VBZ gets) (VP (VBN paid) (NP (-NONE- *-1)) (PP (IN for) (NP (DT that))))) (-DFL- E_S)),178
sw05utt/sw_0523_2092.utt,2/sw2092,2092,112,sd,B,68,2,{C so } she brings some money in. /,so/RB  [ she/PRP ] brings/VBZ  [ some/DT money/NN ] in/RP ./.,(S (RB so) (NP-SBJ (PRP she)) (VP (VBZ brings) (NP (DT some) (NN money)) (PRT (RP in))) (. .) (-DFL- E_S)),179
sw05utt/sw_0523_2092.utt,2/sw2092,2092,113,b,A,69,1,Yeah. /,Yeah/UH ./.,(INTJ (UH Yeah) (. .) (-DFL- E_S)),181
sw05utt/sw_0523_2092.utt,2/sw2092,2092,114,sd,B,70,1,"She is trying to start [ he-, + her  ] own business where she does that full time.","[ She/PRP ] is/VBZ trying/VBG to/TO start/VB  [ he-/PRP$ ] ,/,  [ her/PRP$ own/JJ business/NN ] where/WRB  [ she/PRP ] does/VBZ that/DT  [ full/JJ time/NN ] ./.","(S (NP-SBJ-1 (PRP She)) (VP (VBZ is) (VP (VBG trying) (S (NP-SBJ (-NONE- *-1)) (VP (TO to) (VP (VB start) (EDITED (RM (-DFL- \[)) (NP-UNF (PRP$ he-)) (, ,) (IP (-DFL- \+))) (NP (NP (PRP$ her) (RS (-DFL- \])) (JJ own) (NN business)) (SBAR (WHADVP-3 (WRB where)) (S (NP-SBJ (PRP she)) (VP (VBZ does) (NP (NP (DT that)) (NP (-NONE- *ICH*-2))) (ADVP (JJ full) (NN time)) (. .) (NP-2 (NP (NNS Alterations) (CC and) (NN sewing)) (. .) (NP (NP (NN Stuff)) (PP (IN for) (NP (DT the) (NN public))))) (ADVP (-NONE- *T*-3))))))))))) (-DFL- E_S))",183
sw05utt/sw_0523_2092.utt,2/sw2092,2092,115,b,A,71,1,Okay. /,Okay/UH ./.,(INTJ (UH Okay) (. .) (-DFL- E_S)),185
sw05utt/sw_0523_2092.utt,2/sw2092,2092,116,+,B,72,1,Alterations and sewing.,[ Alterations/NNS ] and/CC sewing/NN ./.,"(S (NP-SBJ-1 (PRP She)) (VP (VBZ is) (VP (VBG trying) (S (NP-SBJ (-NONE- *-1)) (VP (TO to) (VP (VB start) (EDITED (RM (-DFL- \[)) (NP-UNF (PRP$ he-)) (, ,) (IP (-DFL- \+))) (NP (NP (PRP$ her) (RS (-DFL- \])) (JJ own) (NN business)) (SBAR (WHADVP-3 (WRB where)) (S (NP-SBJ (PRP she)) (VP (VBZ does) (NP (NP (DT that)) (NP (-NONE- *ICH*-2))) (ADVP (JJ full) (NN time)) (. .) (NP-2 (NP (NNS Alterations) (CC and) (NN sewing)) (. .) (NP (NP (NN Stuff)) (PP (IN for) (NP (DT the) (NN public))))) (ADVP (-NONE- *T*-3))))))))))) (-DFL- E_S))",183
sw05utt/sw_0523_2092.utt,2/sw2092,2092,117,b,A,73,1,Yeah. /,Yeah/UH ./.,(INTJ (UH Yeah) (. .) (-DFL- E_S)),181
sw05utt/sw_0523_2092.utt,2/sw2092,2092,118,+,B,74,1,Stuff for the public  /,[ Stuff/NN ] for/IN  [ the/DT public/NN ],"(S (NP-SBJ-1 (PRP She)) (VP (VBZ is) (VP (VBG trying) (S (NP-SBJ (-NONE- *-1)) (VP (TO to) (VP (VB start) (EDITED (RM (-DFL- \[)) (NP-UNF (PRP$ he-)) (, ,) (IP (-DFL- \+))) (NP (NP (PRP$ her) (RS (-DFL- \])) (JJ own) (NN business)) (SBAR (WHADVP-3 (WRB where)) (S (NP-SBJ (PRP she)) (VP (VBZ does) (NP (NP (DT that)) (NP (-NONE- *ICH*-2))) (ADVP (JJ full) (NN time)) (. .) (NP-2 (NP (NNS Alterations) (CC and) (NN sewing)) (. .) (NP (NP (NN Stuff)) (PP (IN for) (NP (DT the) (NN public))))) (ADVP (-NONE- *T*-3))))))))))) (-DFL- E_S))",183
sw05utt/sw_0523_2092.utt,2/sw2092,2092,119,sd,B,74,2,"{C and, } {F uh, } do that [ on a, +  on a ] full time basis here in town. /","and/CC ,/,  [ uh/UH ] ,/, do/VB  [ that/DT ] on/IN  [ a/DT ] ,/, on/IN  [ a/DT full/JJ time/NN basis/NN ] here/RB in/IN  [ town/NN ] ./.","(S (CC and) (, ,) (INTJ (UH uh)) (, ,) (NP-SBJ (-NONE- *)) (VP (VB do) (NP (DT that)) (EDITED (RM (-DFL- \[)) (PP (IN on) (NP-UNF (DT a))) (, ,) (IP (-DFL- \+))) (PP (IN on) (NP (DT a) (RS (-DFL- \])) (JJ full) (NN time) (NN basis))) (ADVP-LOC (RB here) (PP (IN in) (NP (NN town))))) (. .) (-DFL- E_S))",190
sw05utt/sw_0523_2092.utt,2/sw2092,2092,120,qy,A,75,1,"[ {C And so, } +  {C and } ] you have a monthly budget? /","And/CC so/RB ,/, and/CC  [ you/PRP ] have/VBP  [ a/DT monthly/JJ budget/NN ] ?/.","(S (EDITED (RM (-DFL- \[)) (CONJP (CC And) (RB so)) (, ,) (IP (-DFL- \+))) (CC and) (RS (-DFL- \])) (NP-SBJ (PRP you)) (VP (VBP have) (NP (DT a) (JJ monthly) (NN budget))) (. ?) (-DFL- E_S))",192
sw05utt/sw_0523_2092.utt,2/sw2092,2092,121,no,B,76,1,"{D Well, } [ s-, + sort  ] of.  /","Well/UH ,/,  [ s-/RB ] ,/,  [ sort/RB ] of/RB ./.","(FRAG (INTJ (UH Well)) (, ,) (EDITED (RM (-DFL- \[)) (ADVP-UNF (RB s-)) (, ,) (IP (-DFL- \+))) (ADVP (RB sort) (RS (-DFL- \])) (RB of)) (. .) (-DFL- E_S))",194
sw05utt/sw_0523_2092.utt,2/sw2092,2092,122,sd^e,B,76,2,"We're probably like most [ Am-, + American  ] families, I guess, that we sort of have a budget in that we know how much we've got at the end of the month, /","[ We/PRP ] 're/VBP probably/RB like/IN  [ most/JJS Am/JJ ] ,/,  [ American/JJ families/NNS ] ,/,  [ I/PRP ] guess/VBP ,/, that/IN  [ we/PRP ] sort/RB of/RB have/VBP  [ a/DT budget/NN ] in/IN that/IN  [ we/PRP ] know/VBP how/WRB  [ much/JJ we/PRP ] 've/VBP got/VBN at/IN  [ the/DT end/NN ] of/IN  [ the/DT month/NN ] ,/,","(S (NP-SBJ (PRP We)) (VP (VBP 're) (ADVP (RB probably)) (PP-PRD (IN like) (NP (JJS most) (EDITED (RM (-DFL- \[)) (JJ Am-) (, ,) (IP (-DFL- \+))) (JJ American) (RS (-DFL- \])) (NNS families)))) (, ,))|||(S (NP-SBJ (PRP I)) (VP (VBP guess) (, ,) (SBAR (IN that) (S (NP-SBJ (PRP we)) (ADVP (RB sort) (RB of)) (VP (VBP have) (NP (DT a) (NN budget)) (SBAR (IN in) (IN that) (S (NP-SBJ (PRP we)) (VP (VBP know) (SBAR (WHNP-1 (WHADJP (WRB how) (JJ much))) (S (NP-SBJ (PRP we)) (VP (VBP 've) (VP (VBN got) (NP (-NONE- *T*-1)) (PP-TMP (IN at) (NP (NP (DT the) (NN end)) (PP (IN of) (NP (DT the) (NN month)))))))))))))))) (, ,) (-DFL- E_S))",195|||196
sw05utt/sw_0523_2092.utt,2/sw2092,2092,123,b,A,77,1,Right. /,[ Right/UH ] ./.,(INTJ (UH Right) (. .) (-DFL- E_S)),198
sw05utt/sw_0523_2092.utt,2/sw2092,2092,124,sd,B,78,1,"{C and } we know what bills have to be paid,  /","and/CC  [ we/PRP ] know/VBP  [ what/WP bills/NNS ] have/VBP to/TO be/VB paid/VBN ,/,","(S (CC and) (NP-SBJ (PRP we)) (VP (VBP know) (SBAR (WHNP-1 (WP what) (NNS bills)) (S (NP-SBJ-2 (-NONE- *T*-1)) (VP (VBP have) (S (NP-SBJ-3 (-NONE- *-2)) (VP (TO to) (VP (VB be) (VP (VBN paid) (NP (-NONE- *-3)))))))))) (, ,) (-DFL- E_S))",200
sw05utt/sw_0523_2092.utt,2/sw2092,2092,125,sd,B,78,2,"{C and, } {F uh, } we pay as many of those bills that can be paid [ with, + with  ] the monthly budget,  /","and/CC ,/,  [ uh/UH ] ,/,  [ we/PRP ] pay/VBP as/RB  [ many/JJ ] of/IN  [ those/DT bills/NNS ] [ that/WDT ] can/MD be/VB paid/VBN with/IN ,/, with/IN  [ the/DT monthly/JJ budget/NN ] ,/,","(S (CC and) (, ,) (INTJ (UH uh)) (, ,) (NP-SBJ (PRP we)) (VP (VBP pay) (NP (NP (ADJP (RB as) (JJ many))) (PP (IN of) (NP (DT those) (NNS bills))) (SBAR (WHNP-1 (WDT that)) (S (NP-SBJ-2 (-NONE- *T*-1)) (VP (MD can) (VP (VB be) (VP (VBN paid) (NP (-NONE- *-2)) (EDITED (RM (-DFL- \[)) (PP-UNF (IN with)) (, ,) (IP (-DFL- \+))) (PP (IN with) (RS (-DFL- \])) (NP (DT the) (JJ monthly) (NN budget)))))))))) (, ,) (-DFL- E_S))",201
sw05utt/sw_0523_2092.utt,2/sw2092,2092,126,%,B,78,3,{C so. } -/,so/UH ./.,(S-UNF (RB so) (. .) (-DFL- N_S)),202
sw05utt/sw_0523_2092.utt,2/sw2092,2092,127,qy^d,A,79,1,"{D So, } you don't have any problem in, {F um, } overcharging on your credit card, and stuff like that. /","So/UH ,/,  [ you/PRP ] do/VBP n't/RB have/VB  [ any/DT problem/NN ] in/IN ,/, um/UH ,/, overcharging/VBG on/IN  [ your/PRP$ credit/NN card/NN ] ,/, and/CC stuff/NN like/IN  [ that/DT ] ./.","(S (INTJ (UH So)) (, ,) (NP-SBJ (PRP you)) (VP (VBP do) (RB n't) (VP (VB have) (NP (NP (DT any) (NN problem)) (PP (IN in) (, ,) (INTJ (UH um)) (, ,) (NP (S-NOM (NP-SBJ (-NONE- *)) (VP (VBG overcharging) (PP (IN on) (NP (PRP$ your) (NN credit) (NN card))))) (, ,) (CC and) (NP (NP (NN stuff)) (PP (IN like) (NP (DT that))))))))) (. .) (-DFL- E_S))",204
sw05utt/sw_0523_2092.utt,2/sw2092,2092,128,na,B,80,1,{F Oh } sure.  /,Oh/UH  [ sure/UH ] ./.,(INTJ (INTJ (UH Oh)) (INTJ (UH sure)) (. .) (-DFL- E_S)),206
sw05utt/sw_0523_2092.utt,2/sw2092,2092,129,sv,B,80,2,"We're like everybody else, {D you know, }  /","[ We/PRP ] 're/VBP like/IN  [ everybody/NN ] else/RB ,/,  [ you/PRP ] know/VBP ,/,","(S (NP-SBJ (PRP We)) (VP (VBP 're) (PP-PRD (IN like) (NP (NP (NN everybody)) (ADVP (RB else)))) (PRN (, ,) (S (NP-SBJ (PRP you)) (VP (VBP know))))) (, ,) (-DFL- E_S))",207
sw05utt/sw_0523_2092.utt,2/sw2092,2092,130,sv,B,80,3,"we've got [ a, + several  ] credit cards that sometimes, {F um, }  instead of paying them all off every month maybe you have to slip some  {C and } you pay part of it this month and part of it next month especially around Christmas time. /","[ we/PRP ] 've/VBP got/VBN  [ a/DT ] ,/,  [ several/JJ credit/NN cards/NNS ] that/WDT sometimes/RB ,/, um/UH ,/, instead/IN of/IN paying/VBG  [ them/PRP ] [ all/DT ] off/RP  [ every/DT month/NN ] maybe/RB  [ you/PRP ] have/VBP to/TO slip/VB  [ some/DT ] and/CC  [ you/PRP ] pay/VBP  [ part/NN ] of/IN  [ it/PRP ] [ this/DT month/NN ] and/CC  [ part/NN ] of/IN  [ it/PRP next/JJ month/NN ] especially/RB around/IN  [ Christmas/NNP time/NN ] ./.","(S (NP-SBJ (PRP we)) (VP (VBP 've) (VP (VBN got) (EDITED (RM (-DFL- \[)) (NP-UNF (DT a)) (, ,) (IP (-DFL- \+))) (NP (NP (JJ several) (RS (-DFL- \])) (NN credit) (NNS cards)) (SBAR (WHNP-2 (WDT that)) (S (ADVP-TMP (RB sometimes)) (, ,) (INTJ (UH um)) (, ,) (PP (IN instead) (IN of) (S-NOM (NP-SBJ (-NONE- *-1)) (VP (VBG paying) (NP (NP (NP (-NONE- *T*-2)) (NP (PRP them))) (NP (DT all))) (PRT (RP off)) (NP-TMP (DT every) (NN month))))) (S (ADVP (RB maybe)) (NP-SBJ-1 (PRP you)) (VP (VBP have) (S (NP-SBJ (-NONE- *-1)) (VP (TO to) (VP (VB slip) (ADVP (DT some))))))) (CC and) (S (NP-SBJ (PRP you)) (VP (VP (VBP pay) (NP-3 (NP (NN part)) (PP (IN of) (NP (PRP it)))) (NP-TMP-4 (DT this) (NN month))) (CC and) (VP (NP=3 (NP (NN part)) (PP (IN of) (NP (PRP it)))) (NP-TMP=4 (JJ next) (NN month))))) (PP-TMP (ADVP-TMP (RB especially)) (IN around) (NP (NNP Christmas) (NN time)))))))) (. .) (-DFL- E_S))",208
sw05utt/sw_0523_2092.utt,2/sw2092,2092,131,b,A,81,1,"Yeah,  /","Yeah/UH ,/,","(INTJ (UH Yeah) (, ,) (-DFL- E_S))",210
sw05utt/sw_0523_2092.utt,2/sw2092,2092,132,b^r,A,81,2,yeah. /,yeah/UH ./.,(INTJ (UH yeah) (. .) (-DFL- E_S)),211
sw05utt/sw_0523_2092.utt,2/sw2092,2092,133,sv,B,82,1,"{D You know, } that's when everybody goes crazy on charging stuff. /","[ You/PRP ] know/VBP ,/,  [ that/DT ] 's/BES when/WRB  [ everybody/NN ] goes/VBZ  [ crazy/JJ ] on/IN  [ charging/VBG stuff/NN ] ./.","(S (PRN (S (NP-SBJ (PRP You)) (VP (VBP know))) (, ,)) (NP-SBJ (DT that)) (VP (BES 's) (SBAR-TMP-PRD (WHADVP-1 (WRB when)) (S (NP-SBJ (NN everybody)) (VP (VBZ goes) (ADJP-PRD (JJ crazy) (PP (IN on) (S-NOM (NP-SBJ (-NONE- *)) (VP (VBG charging) (NP (NN stuff)))))) (ADVP-TMP (-NONE- *T*-1)))))) (. .) (-DFL- E_S))",213
sw05utt/sw_0523_2092.utt,2/sw2092,2092,134,sd,A,83,1,"{D Well } {D then, } {F uh, } {D see, } {F uh, } [ that's, + that's ] one of the points which I don't see,  /","Well/UH then/RB ,/,  [ uh/UH ] ,/, see/UH ,/,  [ uh/UH ] ,/,  [ that/DT ] 's/BES ,/,  [ that/DT ] 's/BES  [ one/CD ] of/IN  [ the/DT points/NNS ] [ which/WDT ] [ I/PRP ] do/VBP n't/RB see/VB ,/,","(S (INTJ (UH Well)) (ADVP (RB then)) (, ,) (INTJ (UH uh)) (, ,) (INTJ (UH see)) (, ,) (INTJ (UH uh)) (, ,) (EDITED (RM (-DFL- \[)) (S (NP-SBJ (DT that)) (VP-UNF (BES 's))) (, ,) (IP (-DFL- \+))) (NP-SBJ (DT that)) (VP (BES 's) (RS (-DFL- \])) (NP-PRD (NP (CD one)) (PP (IN of) (NP (DT the) (NNS points))) (SBAR (WHNP-1 (WDT which)) (S (NP-SBJ (PRP I)) (VP (VBP do) (RB n't) (VP (VB see) (NP (-NONE- *T*-1)))))))) (, ,) (-DFL- E_S))",215
sw05utt/sw_0523_2092.utt,2/sw2092,2092,135,sd,A,83,2,"{D like } [ I, + I ] don't give a lot of gifts during Christmas  /","like/UH  [ I/PRP ] ,/,  [ I/PRP ] do/VBP n't/RB give/VB  [ a/DT lot/NN ] of/IN  [ gifts/NNS ] during/IN  [ Christmas/NNP ]","(S (INTJ (UH like)) (EDITED (RM (-DFL- \[)) (NP-SBJ (PRP I)) (, ,) (IP (-DFL- \+))) (NP-SBJ (PRP I)) (RS (-DFL- \])) (VP (VBP do) (RB n't) (VP (VB give) (NP (NP (DT a) (NN lot)) (PP (IN of) (NP (NNS gifts)))) (PP-TMP (IN during) (NP (NNP Christmas))))) (-DFL- E_S))",216
sw05utt/sw_0523_2092.utt,2/sw2092,2092,136,sd,A,83,3,"{C and }  [ [ I, + {D you know, } I ] don't wa-, + I don't like ] to give any at all -- /","and/CC  [ I/PRP ] ,/,  [ you/PRP ] know/VBP ,/,  [ I/PRP ] do/VBP n't/RB  [ wa-/XX ] ,/,  [ I/PRP ] do/VBP n't/RB like/VB to/TO give/VB  [ any/DT ] at/IN  [ all/DT ] --/:","(S (CC and) (EDITED (RM (-DFL- \[)) (EDITED (RM (-DFL- \[)) (NP-SBJ (PRP I)) (, ,) (IP (-DFL- \+))) (S (PRN (S (NP-SBJ (PRP you)) (VP (VBP know))) (, ,)) (NP-SBJ (PRP I)) (RS (-DFL- \])) (VP (VBP do) (RB n't) (VP-UNF (XX wa-)))) (, ,) (IP (-DFL- \+))) (NP-SBJ-1 (PRP I)) (VP (VBP do) (RB n't) (VP (VB like) (RS (-DFL- \])) (S (NP-SBJ (-NONE- *-1)) (VP (TO to) (VP (VB give) (NP (DT any)) (ADVP (IN at) (DT all))))))) (-DFL- E_S))",217
sw05utt/sw_0523_2092.utt,2/sw2092,2092,137,b,B,84,1,Yeah. /,Yeah/UH ./.,(INTJ (UH Yeah) (. .) (-DFL- E_S)),188
sw05utt/sw_0523_2092.utt,2/sw2092,2092,138,sd,A,85,1,"-- {C because } the thing [ is, + is ] that, {D you know, }  it's like if I want something [ I'll, + I'll ] ask somebody, {D you know, } /","--/: because/IN  [ the/DT thing/NN ] is/VBZ ,/, is/VBZ  [ that/IN ] ,/,  [ you/PRP ] know/VBP ,/,  [ it/PRP ] 's/BES like/IN if/IN  [ I/PRP ] want/VBP  [ something/NN ] [ I/PRP ] 'll/MD ,/,  [ I/PRP ] 'll/MD ask/VB  [ somebody/NN ] ,/,  [ you/PRP ] know/VBP ,/,","(SBAR-PRP (IN because) (S (NP-SBJ (DT the) (NN thing)) (EDITED (RM (-DFL- \[)) (VP-UNF (VBZ is)) (, ,) (IP (-DFL- \+))) (VP (VBZ is) (RS (-DFL- \])) (SBAR-PRD (IN that) (PRN (, ,) (S (NP-SBJ (PRP you)) (VP (VBP know))) (, ,)) (S (NP-SBJ (PRP it)) (VP (BES 's) (SBAR-PRD (IN like) (S (SBAR-ADV (IN if) (S (NP-SBJ (PRP I)) (VP (VBP want) (NP (NN something))))) (EDITED (RM (-DFL- \[)) (S (NP-SBJ (PRP I)) (VP-UNF (MD 'll))) (, ,) (IP (-DFL- \+))) (NP-SBJ (PRP I)) (VP (MD 'll) (RS (-DFL- \])) (VP (VB ask) (NP (NN somebody))))))))) (PRN (, ,) (S (NP-SBJ (PRP you)) (VP (VBP know)))))) (, ,) (-DFL- E_S))",221
sw05utt/sw_0523_2092.utt,2/sw2092,2092,139,b,B,86,1,Yeah. /,Yeah/UH ./.,(INTJ (UH Yeah) (. .) (-DFL- E_S)),219
sw05utt/sw_0523_2092.utt,2/sw2092,2092,140,sd(^q),A,87,1,"{D like, }  {D like, }   {F uh, } [ for Chr-, + {F uh, } for Christmas  ] my roommate goes, what do you want.  /","like/UH ,/, like/UH ,/,  [ uh/UH ] ,/, for/IN  [ Chr-/NNP ] ,/,  [ uh/UH ] ,/, for/IN  [ Christmas/NNP my/PRP$ roommate/NN ] goes/VBZ ,/,  [ what/WP ] do/VBP  [ you/PRP ] want/VB ./.","(S (INTJ (UH like)) (, ,) (INTJ (UH like)) (, ,) (INTJ (UH uh)) (, ,) (EDITED (RM (-DFL- \[)) (PP (IN for) (NP-UNF (NNP Chr-))) (, ,) (IP (-DFL- \+))) (INTJ (UH uh)) (, ,) (PP (IN for) (NP (NNP Christmas))) (RS (-DFL- \])) (NP-SBJ (PRP$ my) (NN roommate)) (VP (VBZ goes) (, ,) (SBARQ-SEZ (WHNP-1 (WP what)) (SQ (VBP do) (NP-SBJ (PRP you)) (VP (VB want) (NP (-NONE- *T*-1)))))) (. .) (-DFL- E_S))",225
sw05utt/sw_0523_2092.utt,2/sw2092,2092,141,sd(^q),A,87,2,"{C And } I said, I want a backpack.  /","And/CC  [ I/PRP ] said/VBD ,/,  [ I/PRP ] want/VBP  [ a/DT backpack/NN ] ./.","(S (CC And) (NP-SBJ (PRP I)) (VP (VBD said) (, ,) (S-SEZ (NP-SBJ (PRP I)) (VP (VBP want) (NP (DT a) (NN backpack))))) (. .) (-DFL- E_S))",226
sw05utt/sw_0523_2092.utt,2/sw2092,2092,142,b,B,88,1,Yeah. /,Yeah/UH ./.,(INTJ (UH Yeah) (. .) (-DFL- E_S)),219
sw05utt/sw_0523_2092.utt,2/sw2092,2092,143,%,A,89,1,"{D You kno-, }  no,  /","[ You/PRP ] [ kno/VBP ] ,/, no/UH ,/,","(FRAG (PRN (S (NP-SBJ (PRP You)) (VP-UNF (VBP kno-))) (, ,)) (INTJ (UH no)) (, ,) (-DFL- E_S))",230
sw05utt/sw_0523_2092.utt,2/sw2092,2092,144,sd(^q),A,89,2,"I told him [ yo-, + ] if you want to give me a present for Christmas give me a backpack. /","[ I/PRP ] told/VBD  [ him/PRP ] [ yo-/PRP ] ,/, if/IN  [ you/PRP ] want/VBP to/TO give/VB  [ me/PRP ] [ a/DT present/NN ] for/IN  [ Christmas/NNP ] give/VB  [ me/PRP ] [ a/DT backpack/NN ] ./.","(S (NP-SBJ (PRP I)) (VP (VBD told) (NP (PRP him)) (S-IMP-SEZ (SBAR-ADV (EDITED (RM (-DFL- \[)) (NP-UNF (PRP yo-)) (, ,) (IP (-DFL- \+)) (RS (-DFL- \]))) (IN if) (S (NP-SBJ-1 (PRP you)) (VP (VBP want) (S (NP-SBJ (-NONE- *-1)) (VP (TO to) (VP (VB give) (NP (PRP me)) (NP (DT a) (NN present)) (PP (IN for) (NP (NNP Christmas))))))))) (NP-SBJ (-NONE- *)) (VP (VB give) (NP (PRP me)) (NP (DT a) (NN backpack))))) (. .) (-DFL- E_S))",231
sw05utt/sw_0523_2092.utt,2/sw2092,2092,145,aa,B,90,1,"Yeah,  /","Yeah/UH ,/,","(INTJ (UH Yeah) (, ,) (-DFL- E_S))",210
sw05utt/sw_0523_2092.utt,2/sw2092,2092,146,sv,B,90,2,that's something that you can use. /,[ that/DT ] 's/BES  [ something/NN ] that/WDT  [ you/PRP ] can/MD use/VB ./.,(S (NP-SBJ (DT that)) (VP (BES 's) (NP-PRD (NP (NN something)) (SBAR (WHNP-1 (WDT that)) (S (NP-SBJ (PRP you)) (VP (MD can) (VP (VB use) (NP (-NONE- *T*-1)))))))) (. .) (-DFL- E_S)),234
sw05utt/sw_0523_2092.utt,2/sw2092,2092,147,aa,A,91,1,"Right,  /","Right/UH ,/,","(INTJ (UH Right) (, ,) (-DFL- E_S))",236
sw05utt/sw_0523_2092.utt,2/sw2092,2092,148,sd,A,91,2,"{C because } [ I, + I ] needed a backpack.  /","because/IN  [ I/PRP ] ,/,  [ I/PRP ] needed/VBD  [ a/DT backpack/NN ] ./.","(SBAR-PRP (IN because) (S (EDITED (RM (-DFL- \[)) (NP-SBJ (PRP I)) (, ,) (IP (-DFL- \+))) (NP-SBJ (PRP I)) (RS (-DFL- \])) (VP (VBD needed) (NP (DT a) (NN backpack)))) (. .) (-DFL- E_S))",237
sw05utt/sw_0523_2092.utt,2/sw2092,2092,149,sd,A,91,3,"{C So, } he gave me a backpack,  /","So/UH ,/,  [ he/PRP ] gave/VBD  [ me/PRP ] [ a/DT backpack/NN ] ,/,","(S (RB So) (, ,) (NP-SBJ (PRP he)) (VP (VBD gave) (NP (PRP me)) (NP (DT a) (NN backpack))) (, ,) (-DFL- E_S))",238
sw05utt/sw_0523_2092.utt,2/sw2092,2092,150,sd,A,91,4,"{C and } [ I, + I  ] knew he needed an alarm clock. /","and/CC  [ I/PRP ] ,/,  [ I/PRP ] knew/VBD  [ he/PRP ] needed/VBD  [ an/DT alarm/NN clock/NN ] ./.","(S (CC and) (EDITED (RM (-DFL- \[)) (NP-SBJ (PRP I)) (, ,) (IP (-DFL- \+))) (NP-SBJ (PRP I)) (RS (-DFL- \])) (VP (VBD knew) (SBAR (-NONE- 0) (S (NP-SBJ (PRP he)) (VP (VBD needed) (NP (DT an) (NN alarm) (NN clock)))))) (. .) (-DFL- E_S))",239
sw05utt/sw_0523_2092.utt,2/sw2092,2092,151,b,B,92,1,Yeah. /,Yeah/UH ./.,(INTJ (UH Yeah) (. .) (-DFL- E_S)),219
sw05utt/sw_0523_2092.utt,2/sw2092,2092,152,sd,A,93,1,"{C So, } I bought him an alarm clock.  /","So/UH ,/,  [ I/PRP ] bought/VBD  [ him/PRP ] [ an/DT alarm/NN clock/NN ] ./.","(S (RB So) (, ,) (NP-SBJ (PRP I)) (VP (VBD bought) (NP-BNF (PRP him)) (NP (DT an) (NN alarm) (NN clock))) (. .) (-DFL- E_S))",243
sw05utt/sw_0523_2092.utt,2/sw2092,2092,153,%,A,93,2,"{C So, }","So/UH ,/,","(S (RB So) (, ,) (NP-SBJ (PRP he)) (VP (VBD gave) (NP (PRP me)) (NP (DT a) (NN backpack))) (, ,) (-DFL- E_S))",238
sw05utt/sw_0523_2092.utt,2/sw2092,2092,154,ba@,B,94,1,That's great.    *[[slash error]],[ That/DT ] 's/BES great/JJ ./.,(S (NP-SBJ (DT That)) (VP (BES 's) (ADJP-PRD (ADJP (JJ great)) (. .) (ADJP (JJ Utilitarian)))) (. .) (-DFL- E_S)),246
sw05utt/sw_0523_2092.utt,2/sw2092,2092,155,+,A,95,1,"the thing was [ that, + that, ] -/","[ the/DT thing/NN ] was/VBD that/WDT ,/, that/WDT ,/,","(S (RB So) (, ,) (NP-SBJ (DT the) (NN thing)) (VP (VBD was) (SBAR-PRD-UNF (EDITED (RM (-DFL- \[)) (WHNP (WDT that)) (, ,) (IP (-DFL- \+))) (WHNP (WDT that)))) (, ,) (RS (-DFL- \])) (-DFL- N_S))",244
sw05utt/sw_0523_2092.utt,2/sw2092,2092,156,+,B,96,1,Utilitarian. /,[ Utilitarian/JJ ] ./.,(S (NP-SBJ (DT That)) (VP (BES 's) (ADJP-PRD (ADJP (JJ great)) (. .) (ADJP (JJ Utilitarian)))) (. .) (-DFL- E_S)),246
sw05utt/sw_0523_2092.utt,2/sw2092,2092,157,aa,A,97,1,"Right,  /","Right/UH ,/,","(INTJ (UH Right) (, ,) (-DFL- E_S))",236
sw05utt/sw_0523_2092.utt,2/sw2092,2092,158,%,A,97,2,{C but } -- -/,but/CC --/:,(S-UNF (CC but) (-DFL- N_S)),251
sw05utt/sw_0523_2092.utt,2/sw2092,2092,159,bf,B,98,1,"(( Necessary things )) , no frivolous gifts. /","[ Necessary/JJ things/NNS ] ,/,  [ no/DT frivolous/JJ gifts/NNS ] ./.","(NP (NP (JJ Necessary) (NNS things)) (, ,) (NP (DT no) (JJ frivolous) (NNS gifts)) (. .) (-DFL- E_S))",253
sw05utt/sw_0523_2092.utt,2/sw2092,2092,160,aa,A,99,1,"-- right,  /","--/:  [ right/UH ] ,/,","(INTJ (UH right) (, ,) (-DFL- E_S))",255
sw05utt/sw_0523_2092.utt,2/sw2092,2092,161,sv,A,99,2,"{C but, } {F um, } the thing is, especially remember when I was down in Argentina [ it was, + to me it was ] ridiculous,  /","but/CC ,/, um/UH ,/,  [ the/DT thing/NN ] is/VBZ ,/, especially/RB remember/VB when/WRB  [ I/PRP ] was/VBD down/IN in/IN  [ Argentina/NNP ] [ it/PRP ] was/VBD ,/, to/IN  [ me/PRP ] [ it/PRP ] was/VBD ridiculous/JJ ,/,","(S (CC but) (, ,) (INTJ (UH um)) (, ,) (NP-SBJ (DT the) (NN thing)) (VP (VBZ is) (, ,) (S-PRD (NP-SBJ (-NONE- *)) (ADVP (RB especially)) (VP (VB remember) (SBAR-TMP (WHADVP-1 (WRB when)) (S (NP-SBJ (PRP I)) (VP (VBD was) (PP-PRD-LOC (IN down) (PP (IN in) (NP (NNP Argentina)))) (ADVP-TMP (-NONE- *T*-1)))))))))|||(S (EDITED (RM (-DFL- \[)) (S (NP-SBJ (PRP it)) (VP-UNF (VBD was))) (, ,) (IP (-DFL- \+))) (PP (IN to) (NP (PRP me))) (NP-SBJ (PRP it)) (VP (VBD was) (RS (-DFL- \])) (ADJP-PRD (JJ ridiculous)) (, ,) (-DFL- E_S) (SBAR-PRP (IN because) (PRN (S (NP-SBJ (PRP you)) (VP (VBP know))) (, ,)) (S (NP-SBJ-2 (PRP you)) (VP (VBP have) (S (NP-SBJ (-NONE- *-2)) (VP-UNF (TO to))))))) (, ,) (-DFL- N_S))",256|||257
sw05utt/sw_0523_2092.utt,2/sw2092,2092,162,sv,A,99,3,"{C because } {D you know, } you have to, - /","because/IN  [ you/PRP ] know/VBP ,/,  [ you/PRP ] have/VBP to/TO ,/,","(S (EDITED (RM (-DFL- \[)) (S (NP-SBJ (PRP it)) (VP-UNF (VBD was))) (, ,) (IP (-DFL- \+))) (PP (IN to) (NP (PRP me))) (NP-SBJ (PRP it)) (VP (VBD was) (RS (-DFL- \])) (ADJP-PRD (JJ ridiculous)) (, ,) (-DFL- E_S) (SBAR-PRP (IN because) (PRN (S (NP-SBJ (PRP you)) (VP (VBP know))) (, ,)) (S (NP-SBJ-2 (PRP you)) (VP (VBP have) (S (NP-SBJ (-NONE- *-2)) (VP-UNF (TO to))))))) (, ,) (-DFL- N_S))",257
sw05utt/sw_0523_2092.utt,2/sw2092,2092,163,sv,A,99,4,once a year you go out  /,once/RB  [ a/DT year/NN ] [ you/PRP ] go/VBP out/RP,(S (ADVP-TMP (RB once) (NP (DT a) (NN year))) (NP-SBJ (PRP you)) (VP (VBP go) (ADVP-DIR (RP out))) (-DFL- E_S)),258
sw05utt/sw_0523_2092.utt,2/sw2092,2092,164,sv,A,99,5,"{C and } you spend all this money on all these people,  /","and/CC  [ you/PRP ] spend/VBP  [ all/PDT this/DT money/NN ] on/IN  [ all/PDT these/DT people/NNS ] ,/,","(S (CC and) (NP-SBJ (PRP you)) (VP (VBP spend) (NP (PDT all) (DT this) (NN money)) (PP (IN on) (NP (PDT all) (DT these) (NNS people)))) (, ,) (-DFL- E_S))",259
sw05utt/sw_0523_2092.utt,2/sw2092,2092,165,sv,A,99,6,"{C and } some you don't care about, {D you know, }  /","and/CC  [ some/DT ] [ you/PRP ] do/VBP n't/RB care/VB about/IN ,/,  [ you/PRP ] know/VBP ,/,","(S (CC and) (NP-TPC-1 (DT some)) (NP-SBJ (PRP you)) (VP (VBP do) (RB n't) (VP (VB care) (PP (IN about) (NP (-NONE- *T*-1))) (PRN (, ,) (S (NP-SBJ (PRP you)) (VP (VBP know)))))) (, ,) (-DFL- E_S))",260
sw05utt/sw_0523_2092.utt,2/sw2092,2092,166,sv,A,99,7,"it's like, -/","[ it/PRP ] 's/BES like/IN ,/,","(S (NP-SBJ (PRP it)) (VP (BES 's) (SBAR-PRD-UNF (IN like))) (, ,) (-DFL- N_S))",261
sw05utt/sw_0523_2092.utt,2/sw2092,2092,167,aa,B,100,1,"That's true,  /","[ That/DT ] 's/BES true/JJ ,/,","(S (NP-SBJ (DT That)) (VP (BES 's) (ADJP-PRD (JJ true))) (, ,) (-DFL- E_S))",263
sw05utt/sw_0523_2092.utt,2/sw2092,2092,168,bf,B,100,2,why bother. /,why/WRB bother/VB ./.,(FRAG (WHADVP (WRB why)) (VP (VB bother)) (. .) (-DFL- E_S)),264
sw05utt/sw_0523_2092.utt,2/sw2092,2092,169,b,A,101,1,Yeah. /,Yeah/UH ./.,(INTJ (UH Yeah) (. .) (-DFL- E_S)),241
sw05utt/sw_0523_2092.utt,2/sw2092,2092,170,b,B,102,1,Yeah. /,Yeah/UH ./.,(INTJ (UH Yeah) (. .) (-DFL- E_S)),241
sw05utt/sw_0523_2092.utt,2/sw2092,2092,171,%,A,103,1,"[ {C And so, } +  {C but } ] the thing [ is, + is, ] that, {F um. } -/","And/CC so/UH ,/, but/CC  [ the/DT thing/NN ] is/VBZ ,/, is/VBZ ,/, that/IN ,/, um/UH ./.","(S (EDITED (RM (-DFL- \[)) (CONJP (CC And) (UH so)) (, ,) (IP (-DFL- \+))) (CC but) (RS (-DFL- \])) (NP-SBJ (DT the) (NN thing)) (EDITED (RM (-DFL- \[)) (VP-UNF (VBZ is)) (, ,) (IP (-DFL- \+))) (VP (VBZ is) (, ,) (RS (-DFL- \])) (SBAR-PRD-UNF (IN that) (, ,) (INTJ (UH um)))) (. .) (-DFL- N_S))",270
sw05utt/sw_0523_2092.utt,2/sw2092,2092,172,sv,B,104,1,"{D Well, } especially being a college student [ yo-, + your, ] - /","Well/UH ,/, especially/RB being/VBG  [ a/DT college/NN student/NN yo-/PRP ] ,/,  [ your/PRP$ ] ,/,","(S (S-ADV (INTJ (UH Well)) (, ,) (NP-SBJ (-NONE- *)) (ADVP (RB especially)) (VP (VBG being) (NP-PRD (DT a) (NN college) (NN student)))) (EDITED (RM (-DFL- \[)) (NP-SBJ-UNF (PRP yo-)) (, ,) (IP (-DFL- \+))) (NP-SBJ-UNF (PRP$ your)) (, ,) (RS (-DFL- \])) (-DFL- N_S))",272
sw05utt/sw_0523_2092.utt,2/sw2092,2092,173,sv,B,104,2,"I don't know that you need to be involved in a lot of frivolous gift giving, {D you know, } /","[ I/PRP ] do/VBP n't/RB know/VB that/IN  [ you/PRP ] need/VBP to/TO be/VB involved/JJ in/IN  [ a/DT lot/NN ] of/IN  [ frivolous/JJ gift/NN ] giving/VBG ,/,  [ you/PRP ] know/VBP ,/,","(S (NP-SBJ (PRP I)) (VP (VBP do) (RB n't) (VP (VB know) (SBAR (IN that) (S (NP-SBJ-1 (PRP you)) (VP (VBP need) (S (NP-SBJ (-NONE- *-1)) (VP (TO to) (VP (VB be) (ADJP-PRD (JJ involved) (PP (IN in) (NP (NP (DT a) (NN lot)) (PP (IN of) (NP (JJ frivolous) (NN gift) (VBG giving)))))))))))) (PRN (, ,) (S (NP-SBJ (PRP you)) (VP (VBP know)))))) (, ,) (-DFL- E_S))",273
sw05utt/sw_0523_2092.utt,2/sw2092,2092,174,b,A,105,1,Yeah. /,Yeah/UH ./.,(INTJ (UH Yeah) (. .) (-DFL- E_S)),266
sw05utt/sw_0523_2092.utt,2/sw2092,2092,175,sv,B,106,1,"that effects the budget especially around, {F uh, } Christmas time  /","[ that/DT ] effects/VBZ  [ the/DT budget/NN ] especially/RB around/IN ,/,  [ uh/UH ] ,/,  [ Christmas/NNP time/NN ]","(S (NP-SBJ (DT that)) (VP (VBZ effects) (NP (DT the) (NN budget)) (ADVP (RB especially)) (PP-TMP (IN around) (, ,) (INTJ (UH uh)) (, ,) (NP (NNP Christmas) (NN time)))) (-DFL- E_S))",277
sw05utt/sw_0523_2092.utt,2/sw2092,2092,176,qy^d,B,106,2,at the end of the semester you've got finals and lots of bills I would suspect. /,at/IN  [ the/DT end/NN ] of/IN  [ the/DT semester/NN ] [ you/PRP ] 've/VBP got/VBN  [ finals/NNS ] and/CC  [ lots/NNS ] of/IN  [ bills/NNS I/PRP ] would/MD suspect/VB ./.,(S (S-TPC-1 (PP (IN at) (NP (NP (DT the) (NN end)) (PP (IN of) (NP (DT the) (NN semester))))) (NP-SBJ (PRP you)) (VP (VBP 've) (VP (VBN got) (NP (NP (NNS finals)) (CC and) (NP (NP (NNS lots)) (PP (IN of) (NP (NNS bills)))))))) (NP-SBJ (PRP I)) (VP (MD would) (VP (VB suspect) (SBAR (-NONE- 0) (S (-NONE- *T*-1))))) (. .) (-DFL- E_S)),278
sw05utt/sw_0523_2092.utt,2/sw2092,2092,177,aa,A,107,1,Yeah. /,Yeah/UH ./.,(INTJ (UH Yeah) (. .) (-DFL- E_S)),266
sw05utt/sw_0523_2092.utt,2/sw2092,2092,178,qw,B,108,1,"What about when you have breaks like, {F um, } Christmas or between sessions? /","[ What/WP ] about/IN when/WRB  [ you/PRP ] have/VBP breaks/NNS like/IN ,/, um/UH ,/,  [ Christmas/NNP ] or/CC between/IN  [ sessions/NNS ] ?/.","(FRAG (WHNP (WP What)) (PP (IN about) (UCP-TMP (SBAR (WHADVP-1 (WRB when)) (S (NP-SBJ (PRP you)) (VP (VBP have) (NP (NNS breaks)) (ADVP-TMP (-NONE- *T*-1))))) (INTJ (IN like)) (, ,) (INTJ (UH um)) (, ,) (NP (NNP Christmas)) (CC or) (PP (IN between) (NP (NNS sessions))))) (. ?) (-DFL- E_S))",282
sw05utt/sw_0523_2092.utt,2/sw2092,2092,179,sd,A,109,1,"{D Well, } for example, we had spring break now,  /","Well/UH ,/, for/IN  [ example/NN ] ,/,  [ we/PRP ] had/VBD  [ spring/NN ] break/NN now/RB ,/,","(S (INTJ (UH Well)) (, ,) (PP (IN for) (NP (NN example))) (, ,) (NP-SBJ (PRP we)) (VP (VBD had) (NP (NN spring) (NN break)) (ADVP-TMP (RB now))) (, ,) (-DFL- E_S))",284
sw05utt/sw_0523_2092.utt,2/sw2092,2092,180,sd,A,109,2,{C and } I went skiing  /,and/CC  [ I/PRP ] went/VBD skiing/VBG,(S (CC and) (NP-SBJ-1 (PRP I)) (VP (VBD went) (S (NP-SBJ (-NONE- *-1)) (VP (VBG skiing)))) (-DFL- E_S)),285
sw05utt/sw_0523_2092.utt,2/sw2092,2092,181,sd,A,109,3,"{C and } I spent around like, maybe, two hundred dollars. /","and/CC  [ I/PRP ] spent/VBD around/IN like/IN ,/, maybe/RB ,/,  [ two/CD hundred/CD dollars/NNS ] ./.","(S (CC and) (NP-SBJ (PRP I)) (VP (VBD spent) (ADVP (IN around)) (INTJ (IN like)) (, ,) (NP (QP (RB maybe) (, ,) (CD two) (CD hundred)) (NNS dollars))) (. .) (-DFL- E_S))",286
sw05utt/sw_0523_2092.utt,2/sw2092,2092,182,ba,B,110,1,I expect so. /,[ I/PRP ] expect/VBP so/UH ./.,(S (NP-SBJ (PRP I)) (VP (VBP expect) (ADVP (UH so))) (. .) (-DFL- E_S)),288
sw05utt/sw_0523_2092.utt,2/sw2092,2092,183,%,A,111,1,"[ {C So, } +  {F uh, } {C but } ] {D you know, } its like, {F um. } -/","So/UH ,/,  [ uh/UH ] ,/, but/CC  [ you/PRP ] know/VBP ,/,  [ it/PRP 's/BES ]  like/UH ,/, um/UH ./.","(S-UNF (EDITED (RM (-DFL- \[)) (RB So) (, ,) (IP (-DFL- \+))) (INTJ (UH uh)) (, ,) (CC but) (RS (-DFL- \])) (PRN (S (NP-SBJ (PRP you)) (VP (VBP know))) (, ,)) (NP-SBJ (PRP it)) (VP-UNF (BES 's) (INTJ (UH like)) (, ,) (INTJ (UH um))) (. .) (-DFL- N_S))",290
sw05utt/sw_0523_2092.utt,2/sw2092,2092,184,sv,B,112,1,You've got to budget that though.  /,[ You/PRP ] 've/VBP got/VBN to/TO budget/VB that/DT though/RB ./.,(S (NP-SBJ-1 (PRP You)) (VP (VBP 've) (VP (VBN got) (S (NP-SBJ (-NONE- *-1)) (VP (TO to) (VP (VB budget) (NP (DT that)) (ADVP (RB though))))))) (. .) (-DFL- E_S)),292
sw05utt/sw_0523_2092.utt,2/sw2092,2092,185,sv,B,112,2,"You've got to save up  (( in able to do )) that, right? /","[ You/PRP ] 've/VBP got/VBN to/TO save/VB up/RP in/IN  [ able/JJ ] to/TO do/VB  [ that/DT ] ,/, right/JJ ?/.","(S (NP-SBJ-1 (PRP You)) (VP (VBP 've) (VP (VBN got) (S (NP-SBJ (-NONE- *-1)) (VP (TO to) (VP (VB save) (PRT (RP up)) (SBAR-PRP (IN in) (X (JJ able)) (S (NP-SBJ (-NONE- *)) (VP (TO to) (VP (VB do) (NP (DT that))))))))) (, ,) (INTJ (JJ right)))) (. ?) (-DFL- E_S))",293
sw05utt/sw_0523_2092.utt,2/sw2092,2092,186,aa,A,113,1,"Yeah,  /","Yeah/UH ,/,","(INTJ (UH Yeah) (, ,) (-DFL- E_S))",295
sw05utt/sw_0523_2092.utt,2/sw2092,2092,187,aa,A,113,2,yeah. /,yeah/UH ./.,(INTJ (UH yeah) (. .) (-DFL- E_S)),296
sw05utt/sw_0523_2092.utt,2/sw2092,2092,188,%,B,114,1,"{E I mean, } -/","[ I/PRP ] mean/VBP ,/,","(S-UNF (PRN (S (NP-SBJ (PRP I)) (VP (VBP mean)))) (, ,) (-DFL- N_S))",298
sw05utt/sw_0523_2092.utt,2/sw2092,2092,189,sd,A,115,1,"Because [ it's like, {D you know, } {D say, } + {D you know, } it's like,  we were saying, ] let's go eat out before spring break.  /","Because/RB  [ it/PRP ] 's/BES like/IN ,/,  [ you/PRP ] know/VBP ,/, say/VB ,/,  [ you/PRP ] know/VBP ,/,  [ it/PRP ] 's/BES like/IN ,/,  [ we/PRP ] were/VBD saying/VBG ,/, let/VB  [ 's/PRP ] go/VB eat/VB out/RP before/IN  [ spring/NN break/NN ] ./.","(SBAR-PRP (RB Because) (S (EDITED (RM (-DFL- \[)) (S (NP-SBJ (PRP it)) (VP (BES 's) (SBAR-PRD (IN like) (S-UNF (PRN (, ,) (S (NP-SBJ (PRP you)) (VP (VBP know))) (, ,)) (INTJ (VB say)))))) (, ,) (IP (-DFL- \+))) (PRN (S (NP-SBJ (PRP you)) (VP (VBP know))) (, ,)) (NP-SBJ (PRP it)) (VP (BES 's) (SBAR-PRD (IN like) (, ,) (S (NP-SBJ (PRP we)) (VP (VBD were) (VP (VBG saying) (, ,) (RS (-DFL- \])) (S-IMP-SEZ (NP-SBJ (-NONE- *)) (VP (VB let) (S (NP-SBJ-1 (PRP 's)) (VP (VB go) (S (NP-SBJ (-NONE- *-1)) (VP (VB eat) (ADVP (RP out)) (PP-TMP (IN before) (NP (NN spring) (NN break))))))))))))))) (. .) (-DFL- E_S))",300
sw05utt/sw_0523_2092.utt,2/sw2092,2092,190,sd(^q),A,115,2,"I go, let's not go eat out,","[ I/PRP ] go/VBP ,/, let/VB  [ 's/PRP ] not/RB go/VB eat/VB out/RP ,/,","(S (NP-SBJ (PRP I)) (VP (VBP go) (, ,) (S-SEZ-IMP (NP-SBJ (-NONE- *)) (VP (VB let) (S (NP-SBJ-1 (PRP 's)) (RB not) (VP (VB go) (S (NP-SBJ (-NONE- *-1)) (VP (VB eat) (ADVP (RP out)) (, ,) (PP-TMP (IN before) (NP (NN spring) (NN break)))))))))) (. .) (-DFL- E_S))",301
sw05utt/sw_0523_2092.utt,2/sw2092,2092,191,x,B,116,1,((   )) .,[ MUMBLEx/XX ] ./.,(X (XX MUMBLEx) (. .)),303
sw05utt/sw_0523_2092.utt,2/sw2092,2092,192,+,A,117,1,before spring break.  /,before/IN  [ spring/NN break/NN ] ./.,"(SBAR-PRP (RB Because) (S (EDITED (RM (-DFL- \[)) (S (NP-SBJ (PRP it)) (VP (BES 's) (SBAR-PRD (IN like) (S-UNF (PRN (, ,) (S (NP-SBJ (PRP you)) (VP (VBP know))) (, ,)) (INTJ (VB say)))))) (, ,) (IP (-DFL- \+))) (PRN (S (NP-SBJ (PRP you)) (VP (VBP know))) (, ,)) (NP-SBJ (PRP it)) (VP (BES 's) (SBAR-PRD (IN like) (, ,) (S (NP-SBJ (PRP we)) (VP (VBD were) (VP (VBG saying) (, ,) (RS (-DFL- \])) (S-IMP-SEZ (NP-SBJ (-NONE- *)) (VP (VB let) (S (NP-SBJ-1 (PRP 's)) (VP (VB go) (S (NP-SBJ (-NONE- *-1)) (VP (VB eat) (ADVP (RP out)) (PP-TMP (IN before) (NP (NN spring) (NN break))))))))))))))) (. .) (-DFL- E_S))",300
sw05utt/sw_0523_2092.utt,2/sw2092,2092,193,^q,A,117,2,Let's see how much money we have afterwards. /,Let/VB  [ 's/PRP ] see/VB how/WRB  [ much/JJ money/NN ] [ we/PRP ] have/VBP afterwards/RB ./.,(S-IMP (NP-SBJ (-NONE- *)) (VP (VB Let) (S (NP-SBJ (PRP 's)) (VP (VB see) (SBAR (WHNP-1 (WHADJP (WRB how) (JJ much)) (NN money)) (S (NP-SBJ (PRP we)) (VP (VBP have) (NP (-NONE- *T*-1)) (ADVP-TMP (RB afterwards)))))))) (. .) (-DFL- E_S)),305
sw05utt/sw_0523_2092.utt,2/sw2092,2092,194,b,B,118,1,"Right,  ((   )) . /","[ Right/UH ] ,/,  [ MUMBLEx/XX ] ./.","(FRAG (INTJ (UH Right)) (, ,) (X (XX MUMBLEx)) (. .) (-DFL- E_S))",307
sw05utt/sw_0523_2092.utt,2/sw2092,2092,195,sv,A,119,1,"{C And } if I felt like I spent way to much then, {F um, } I won't go out, {D you know, } /","And/CC if/IN  [ I/PRP ] felt/VBD like/IN  [ I/PRP ] spent/VBD  [ way/RB ] to/^RB   [ much/JJ ] then/RB ,/, um/UH ,/,  [ I/PRP ] wo/MD n't/RB go/VB out/RP ,/,  [ you/PRP ] know/VBP ,/,","(S (CC And) (SBAR-ADV (IN if) (S (NP-SBJ (PRP I)) (VP (VBD felt) (SBAR (IN like) (S (NP-SBJ (PRP I)) (VP (VBD spent) (NP (ADJP (RB way) (TYPO (^RB to)) (JJ much))))))))) (ADVP (RB then)) (, ,) (INTJ (UH um)) (, ,) (NP-SBJ (PRP I)) (VP (MD wo) (RB n't) (VP (VB go) (ADVP-DIR (RP out)) (PRN (, ,) (S (NP-SBJ (PRP you)) (VP (VBP know)))))) (, ,) (-DFL- E_S))",309
sw05utt/sw_0523_2092.utt,2/sw2092,2092,196,b,B,120,1,Right. /,[ Right/UH ] ./.,(INTJ (UH Right) (. .) (-DFL- E_S)),311
sw05utt/sw_0523_2092.utt,2/sw2092,2092,197,sd,A,121,1,"{C and so, } {D like } my roommate went home,  /","and/CC so/RB ,/, like/UH  [ my/PRP$ roommate/NN ] went/VBD  [ home/NN ] ,/,","(S (CONJP (CC and) (RB so)) (, ,) (INTJ (UH like)) (NP-SBJ (PRP$ my) (NN roommate)) (VP (VBD went) (ADVP-DIR (NN home))) (, ,) (-DFL- E_S))",313
sw05utt/sw_0523_2092.utt,2/sw2092,2092,198,sd,A,121,2,"I went skiing [ in, +  over ] the Carolina Mountains which aren't anything, /","[ I/PRP ] went/VBD skiing/VBG in/IN ,/, over/IN  [ the/DT Carolina/NNP Mountains/NNS ] [ which/WDT ] are/VBP n't/RB  [ anything/NN ] ,/,","(S (NP-SBJ-1 (PRP I)) (VP (VBD went) (S (NP-SBJ (-NONE- *-1)) (VP (VBG skiing) (EDITED (RM (-DFL- \[)) (PP-LOC-UNF (IN in)) (, ,) (IP (-DFL- \+))) (PP-LOC (IN over) (RS (-DFL- \])) (NP (NP (DT the) (NNP Carolina) (NNS Mountains)) (SBAR (WHNP-2 (WDT which)) (S (NP-SBJ (-NONE- *T*-2)) (VP (VBP are) (RB n't) (NP-PRD (NN anything)))))))))) (, ,) (-DFL- E_S))",314
sw05utt/sw_0523_2092.utt,2/sw2092,2092,199,b,B,122,1,{D Huh. } /,Huh/UH ./.,(INTJ (UH Huh) (. .) (-DFL- E_S)),316
sw05utt/sw_0523_2092.utt,2/sw2092,2092,200,sv,A,123,1,"[ {C but, } +  {F um, } {C but } ] [ [ it was, + {D you know, } it was, ] + I guess it was ] worth it, /","but/CC ,/, um/UH ,/, but/CC  [ it/PRP ] was/VBD ,/,  [ you/PRP ] know/VBP ,/,  [ it/PRP ] was/VBD ,/,  [ I/PRP ] guess/VBP  [ it/PRP ] was/VBD worth/JJ  [ it/PRP ] ,/,","(S (EDITED (RM (-DFL- \[)) (CC but) (, ,) (IP (-DFL- \+))) (INTJ (UH um)) (, ,) (CC but) (RS (-DFL- \])) (EDITED (RM (-DFL- \[)) (EDITED (RM (-DFL- \[)) (S (NP-SBJ (PRP it)) (VP-UNF (VBD was))) (, ,) (IP (-DFL- \+))) (S (PRN (S (NP-SBJ (PRP you)) (VP (VBP know))) (, ,)) (NP-SBJ (PRP it)) (VP-UNF (VBD was))) (, ,) (RS (-DFL- \])) (IP (-DFL- \+))) (NP-SBJ (PRP I)) (VP (VBP guess) (SBAR (-NONE- 0) (S (NP-SBJ (PRP it)) (VP (VBD was) (RS (-DFL- \])) (ADJP-PRD (JJ worth) (NP (PRP it))))))) (, ,) (-DFL- E_S))",318
sw05utt/sw_0523_2092.utt,2/sw2092,2092,201,ba,B,124,1,"Sure it is,  /","Sure/RB  [ it/PRP ] is/VBZ ,/,","(S (ADVP (RB Sure)) (NP-SBJ (PRP it)) (VP (VBZ is) (ADJP-PRD (-NONE- *?*))) (, ,) (-DFL- E_S))",320
sw05utt/sw_0523_2092.utt,2/sw2092,2092,202,sv,B,124,2,"any time you can get away, [ and, + and,  ]","[ any/DT time/NN ] [ you/PRP ] can/MD get/VB away/RB ,/, and/CC ,/, and/CC ,/,","(NP (NP (DT any) (NN time)) (SBAR (WHADVP-1 (-NONE- 0)) (S (NP-SBJ (PRP you)) (VP (MD can) (VP (VP (VB get) (ADVP (RB away))) (, ,) (EDITED (RM (-DFL- \[)) (CC and) (, ,) (IP (-DFL- \+))) (CC and) (, ,) (RS (-DFL- \])) (VP (VB get) (ADVP (RB away) (EDITED (RM (-DFL- \[)) (PP-UNF (IN from)) (, ,) (IP (-DFL- \+))) (PP (IN from) (RS (-DFL- \])) (NP (DT the) (JJ daily) (NN grind))))) (ADVP-TMP (-NONE- *T*-1)))))) (. .) (-DFL- E_S))",321
sw05utt/sw_0523_2092.utt,2/sw2092,2092,203,sd,A,125,1,"{D You know, } it was a nice place.  /","[ You/PRP ] know/VBP ,/,  [ it/PRP ] was/VBD  [ a/DT nice/JJ place/NN ] ./.","(S (PRN (S (NP-SBJ (PRP You)) (VP (VBP know))) (, ,)) (NP-SBJ (PRP it)) (VP (VBD was) (NP-PRD (DT a) (JJ nice) (NN place))) (. .) (-DFL- E_S))",323
sw05utt/sw_0523_2092.utt,2/sw2092,2092,204,aa,A,125,2,"Yeah,  /","Yeah/UH ,/,","(INTJ (UH Yeah) (, ,) (-DFL- E_S))",295
sw05utt/sw_0523_2092.utt,2/sw2092,2092,205,aa^r,A,125,3,yeah. /,yeah/UH ./.,(INTJ (UH yeah) (. .) (-DFL- E_S)),296
sw05utt/sw_0523_2092.utt,2/sw2092,2092,206,+,B,126,1,"get away [ from, +   from ] the daily grind. /","get/VB away/RB from/IN ,/, from/IN  [ the/DT daily/JJ grind/NN ] ./.","(NP (NP (DT any) (NN time)) (SBAR (WHADVP-1 (-NONE- 0)) (S (NP-SBJ (PRP you)) (VP (MD can) (VP (VP (VB get) (ADVP (RB away))) (, ,) (EDITED (RM (-DFL- \[)) (CC and) (, ,) (IP (-DFL- \+))) (CC and) (, ,) (RS (-DFL- \])) (VP (VB get) (ADVP (RB away) (EDITED (RM (-DFL- \[)) (PP-UNF (IN from)) (, ,) (IP (-DFL- \+))) (PP (IN from) (RS (-DFL- \])) (NP (DT the) (JJ daily) (NN grind))))) (ADVP-TMP (-NONE- *T*-1)))))) (. .) (-DFL- E_S))",321
sw05utt/sw_0523_2092.utt,2/sw2092,2092,207,aa,A,127,1,"Yeah,  /","Yeah/UH ,/,","(INTJ (UH Yeah) (, ,) (-DFL- E_S))",324
sw05utt/sw_0523_2092.utt,2/sw2092,2092,208,sv,A,127,2,"especially if you live on campus, and you don't have a car,  you just go crazy. /","especially/RB if/IN  [ you/PRP ] live/VBP on/IN  [ campus/NN ] ,/, and/CC  [ you/PRP ] do/VBP n't/RB have/VB  [ a/DT car/NN ] ,/,  [ you/PRP ] just/RB go/VBP  [ crazy/JJ ] ./.","(S (SBAR-ADV (ADVP (RB especially)) (IN if) (S (S (NP-SBJ (PRP you)) (VP (VBP live) (PP-LOC (IN on) (NP (NN campus))))) (, ,) (CC and) (S (NP-SBJ (PRP you)) (VP (VBP do) (RB n't) (VP (VB have) (NP (DT a) (NN car))))))) (, ,) (NP-SBJ (PRP you)) (ADVP (RB just)) (VP (VBP go) (ADJP-PRD (JJ crazy))) (. .) (-DFL- E_S))",329
sw05utt/sw_0523_2092.utt,2/sw2092,2092,209,aa,B,128,1,"Yeah,  /","[ Yeah/UH ] ,/,","(INTJ (UH Yeah) (, ,) (-DFL- E_S))",324
sw05utt/sw_0523_2092.utt,2/sw2092,2092,210,sd,B,128,2,I know the feeling. /,[ I/PRP ] know/VBP  [ the/DT feeling/NN ] ./.,(S (NP-SBJ (PRP I)) (VP (VBP know) (NP (DT the) (NN feeling))) (. .) (-DFL- E_S)),332
sw05utt/sw_0523_2092.utt,2/sw2092,2092,211,qw^d^t,A,129,1,"{C So, } {F oh } {D well, } let's see how long have we been talking here  /","So/UH ,/, oh/UH well/UH ,/, let/VB  [ 's/PRP ] see/VB how/WRB long/RB have/VBP  [ we/PRP ] been/VBN talking/VBG here/RB","(S-IMP (RB So) (, ,) (INTJ (UH oh)) (INTJ (UH well)) (, ,) (NP-SBJ (-NONE- *)) (VP (VB let) (S (NP-SBJ (PRP 's)) (VP (VB see) (SBARQ (WHADVP-1 (WRB how) (RB long)) (SQ (VBP have) (NP-SBJ (PRP we)) (VP (VBN been) (VP (VBG talking) (ADVP (RB here)) (ADVP (-NONE- *T*-1))))))))) (-DFL- E_S))",334
sw05utt/sw_0523_2092.utt,2/sw2092,2092,212,sd^t,A,129,2,six minutes and  a half.  /,[ six/CD minutes/NNS ] and/CC  [ a/DT half/DT ] ./.,(NP (CD six) (NNS minutes) (QP (CC and) (DT a) (DT half)) (. .) (-DFL- E_S)),335
sw05utt/sw_0523_2092.utt,2/sw2092,2092,213,fc,A,129,3,# Okay. # /,Okay/UH ./.,(INTJ (UH Okay) (. .) (-DFL- E_S)),336
sw05utt/sw_0523_2092.utt,2/sw2092,2092,214,fc,B,130,1,# Is that okay? # /,Is/VBZ  [ that/DT okay/NN ] ?/.,(SQ (VBZ Is) (NP-SBJ (DT that)) (ADJP-PRD (NN okay)) (. ?) (-DFL- E_S)),338
sw05utt/sw_0523_2092.utt,2/sw2092,2092,215,fc,A,131,1,Yeah. /,Yeah/UH ./.,(INTJ (UH Yeah) (. .) (-DFL- E_S)),340
sw05utt/sw_0523_2092.utt,2/sw2092,2092,216,fc,B,132,1,All right. /,[ All/RB right/JJ ] ./.,(INTJ (RB All) (JJ right) (. .) (-DFL- E_S)),342
sw05utt/sw_0523_2092.utt,2/sw2092,2092,217,fc,A,133,1,All right.  /,[ All/RB right/JJ ] ./.,(INTJ (RB All) (JJ right) (. .) (-DFL- E_S)),342
sw05utt/sw_0523_2092.utt,2/sw2092,2092,218,fc,A,133,2,"{D Well, } nice talking to you. /","Well/UH ,/, nice/JJ talking/VBG to/IN  [ you/PRP ] ./.","(FRAG (INTJ (UH Well)) (, ,) (ADJP-PRD (JJ nice)) (S (NP-SBJ (-NONE- *)) (VP (VBG talking) (PP (IN to) (NP (PRP you))))) (. .) (-DFL- E_S))",345
sw05utt/sw_0523_2092.utt,2/sw2092,2092,219,fc,B,134,1,Nice talking to you.   /,[ Nice/JJ ] talking/VBG to/IN  [ you/PRP ] ./.,(FRAG (ADJP-PRD (JJ Nice)) (S (NP-SBJ (-NONE- *)) (VP (VBG talking) (PP (IN to) (NP (PRP you))))) (. .) (-DFL- E_S)),347
sw05utt/sw_0523_2092.utt,2/sw2092,2092,220,fc,B,134,2,#  Have a good time. # /,Have/VB  [ a/DT good/JJ time/NN ] ./.,(S-IMP (NP-SBJ (-NONE- *)) (VP (VB Have) (NP (DT a) (JJ good) (NN time))) (. .) (-DFL- E_S)),348
sw05utt/sw_0523_2092.utt,2/sw2092,2092,221,fc,A,135,1,# All right.   /,[ All/RB right/JJ ] ./.,(INTJ (RB All) (JJ right) (. .) (-DFL- E_S)),342
sw05utt/sw_0523_2092.utt,2/sw2092,2092,222,fc,A,135,2,Bye-bye.  # /,[ Bye-bye/UH ] ./.,(INTJ (UH Bye-bye) (. .) (-DFL- E_S)),351
sw05utt/sw_0523_2092.utt,2/sw2092,2092,223,fc,B,136,1,Bye. /,[ Bye/UH ] ./.,(INTJ (UH Bye) (. .) (-DFL- E_S)),353
