swda_filename,ptb_basename,conversation_no,transcript_index,act_tag,caller,utterance_index,subutterance_index,text,pos,trees,ptb_treenumbers
sw05utt/sw_0596_2734.utt,2/sw2734,2734,0,%,A,1,1,"What's the, {F uh, } - /","[ What/WP ] 's/BES  [ the/DT ] ,/,  [ uh/UH ] ,/,","(SBARQ (WHNP (WP What)) (SQ-UNF (BES 's) (NP-SBJ-UNF (DT the) (, ,) (INTJ (UH uh)))) (, ,) (-DFL- N_S))",1
sw05utt/sw_0596_2734.utt,2/sw2734,2734,1,qy^g,A,1,2,"[ in Texas law has a, +  {F uh, } <<pause>> <breathing>   what does it have, it has a ] death penalty doesn't it? /","in/IN  [ Texas/NNP law/NN ] has/VBZ  [ a/DT ] ,/,  [ uh/UH ] ,/,  [ what/WP ] does/VBZ  [ it/PRP ] have/VB ,/,  [ it/PRP ] has/VBZ  [ a/DT death/NN penalty/NN ] does/VBZ n't/RB  [ it/PRP ] ?/.","(SQ (S (EDITED (RM (-DFL- \[)) (PP-UNF (IN in)) (S (NP-SBJ (NNP Texas) (NN law)) (VP (VBZ has) (NP-UNF (DT a)))) (, ,) (IP (-DFL- \+))) (INTJ (UH uh)) (PRN (, ,) (SBARQ (WHNP-1 (WP what)) (SQ (VBZ does) (NP-SBJ (PRP it)) (VP (VB have) (NP (-NONE- *T*-1))))) (, ,)) (NP-SBJ (PRP it)) (VP (VBZ has) (NP (DT a) (RS (-DFL- \])) (NN death) (NN penalty)))) (SQ (VBZ does) (RB n't) (NP-SBJ (PRP it))) (. ?) (-DFL- E_S))",2
sw05utt/sw_0596_2734.utt,2/sw2734,2734,2,ny,B,2,1,"{F Oh, } yes,  /","Oh/UH ,/, yes/UH ,/,","(INTJ (INTJ (UH Oh)) (, ,) (INTJ (UH yes)) (, ,) (-DFL- E_S))",4
sw05utt/sw_0596_2734.utt,2/sw2734,2734,3,ny,B,2,2,yeah.  /,yeah/UH ./.,(INTJ (UH yeah) (. .) (-DFL- E_S)),5
sw05utt/sw_0596_2734.utt,2/sw2734,2734,4,sd,B,2,3,"They just, {F uh, } started it again, too just late, or, within the past few years <breathing>.  /","[ They/PRP ] just/RB ,/,  [ uh/UH ] ,/, started/VBD  [ it/PRP ] again/RB ,/, too/RB just/RB  [ late/RB ] ,/, or/CC ,/, within/IN  [ the/DT past/JJ few/JJ years/NNS ] ./.","(S (NP-SBJ (PRP They)) (ADVP (RB just)) (, ,) (INTJ (UH uh)) (, ,) (VP (VBD started) (NP (PRP it)) (ADVP (RB again)) (, ,) (ADVP (RB too)) (UCP-TMP (ADVP (RB just) (RB late)) (, ,) (CC or) (, ,) (PP (IN within) (NP (DT the) (JJ past) (JJ few) (NNS years))))) (. .) (-DFL- E_S))",6
sw05utt/sw_0596_2734.utt,2/sw2734,2734,5,sd,B,2,4,"{D You know } for quite some time, just about every one of the states had given up the death penalty. /","[ You/PRP ] know/VBP for/IN quite/RB  [ some/DT time/NN ] ,/, just/RB about/RB  [ every/DT one/NN ] of/IN  [ the/DT states/NNS ] had/VBD given/VBN up/RP  [ the/DT death/NN penalty/NN ] ./.","(S (PRN (S (NP-SBJ (PRP You)) (VP (VBP know)))) (PP-TMP (IN for) (NP (RB quite) (DT some) (NN time))) (, ,) (NP-SBJ (NP (RB just) (RB about) (DT every) (NN one)) (PP (IN of) (NP (DT the) (NNS states)))) (VP (VBD had) (VP (VBN given) (PRT (RP up)) (NP (DT the) (NN death) (NN penalty)))) (. .) (-DFL- E_S))",7
sw05utt/sw_0596_2734.utt,2/sw2734,2734,6,sv,A,3,1,{C But } now it's coming back into favor. /,But/CC now/RB  [ it/PRP ] 's/BES coming/VBG back/RB into/IN  [ favor/NN ] ./.,(S (CC But) (ADVP-TMP (RB now)) (NP-SBJ (PRP it)) (VP (BES 's) (VP (VBG coming) (ADVP (RB back)) (PP (IN into) (NP (NN favor))))) (. .) (-DFL- E_S)),9
sw05utt/sw_0596_2734.utt,2/sw2734,2734,7,aa,B,4,1,"{F Uh, } yes.  /","[ Uh/UH ] ,/, yes/UH ./.","(INTJ (INTJ (UH Uh)) (, ,) (INTJ (UH yes)) (. .) (-DFL- E_S))",11
sw05utt/sw_0596_2734.utt,2/sw2734,2734,8,sd,B,4,2,"{D Well, } they find it is more deterrent. /","Well/UH ,/,  [ they/PRP ] find/VBP  [ it/PRP ] is/VBZ more/RBR deterrent/JJ ./.","(S (INTJ (UH Well)) (, ,) (NP-SBJ (PRP they)) (VP (VBP find) (SBAR (-NONE- 0) (S (NP-SBJ (PRP it)) (VP (VBZ is) (ADJP-PRD (RBR more) (JJ deterrent)))))) (. .) (-DFL- E_S))",12
sw05utt/sw_0596_2734.utt,2/sw2734,2734,9,sd,A,5,1,"{D Well, } my sociology class at S M U's  taught us that it was not a deterrent.  /","Well/UH ,/,  [ my/PRP$ sociology/NN class/NN ] at/IN  [ S/NNP M/NNP U/NNP ] 's/HVS taught/VBN  [ us/PRP ] that/IN  [ it/PRP ] was/VBD not/RB  [ a/DT deterrent/NN ] ./.","(S (INTJ (UH Well)) (, ,) (NP-SBJ (NP (PRP$ my) (NN sociology) (NN class)) (PP-LOC (IN at) (NP (NNP S) (NNP M) (NNP U)))) (VP (HVS 's) (VP (VBN taught) (NP (PRP us)) (SBAR (IN that) (S (NP-SBJ (PRP it)) (VP (VBD was) (RB not) (NP-PRD (DT a) (NN deterrent))))))) (. .) (-DFL- E_S))",14
sw05utt/sw_0596_2734.utt,2/sw2734,2734,10,h,A,5,2,"{F Uh, } {C but } {D now } that's just what they said.  /","[ Uh/UH ] ,/, but/CC now/RB  [ that/DT ] 's/BES just/RB  [ what/WP ] [ they/PRP ] said/VBD ./.","(S (INTJ (UH Uh)) (, ,) (CC but) (ADVP-TMP (RB now)) (NP-SBJ (DT that)) (VP (BES 's) (SBAR-NOM-PRD (WHNP-1 (RB just) (WP what)) (S (NP-SBJ (PRP they)) (VP (VBD said) (NP (-NONE- *T*-1)))))) (. .) (-DFL- E_S))",15
sw05utt/sw_0596_2734.utt,2/sw2734,2734,11,h,A,5,3,"{F Uh, }   I don't know [ maybe, +  maybe ] if I went back and took a sociology class now they'd say it is a deterrent. /","[ Uh/UH ] ,/,  [ I/PRP ] do/VBP n't/RB know/VB maybe/RB ,/, maybe/RB if/IN  [ I/PRP ] went/VBD back/RB and/CC took/VBD  [ a/DT sociology/NN class/NN ] now/RB  [ they/PRP ] 'd/MD say/VB  [ it/PRP ] is/VBZ  [ a/DT deterrent/NN ] ./.","(S (INTJ (UH Uh)) (, ,) (NP-SBJ (PRP I)) (VP (VBP do) (RB n't) (VP (VB know))))|||(S (EDITED (RM (-DFL- \[)) (ADVP (RB maybe)) (, ,) (IP (-DFL- \+))) (ADVP (RB maybe)) (RS (-DFL- \])) (SBAR-ADV (IN if) (S (NP-SBJ (PRP I)) (VP (VP (VBD went) (ADVP-DIR (RB back))) (CC and) (VP (VBD took) (NP (DT a) (NN sociology) (NN class))) (ADVP-TMP (RB now))))) (NP-SBJ (PRP they)) (VP (MD 'd) (VP (VB say) (SBAR (-NONE- 0) (S (NP-SBJ (PRP it)) (VP (VBZ is) (NP-PRD (DT a) (NN deterrent))))))) (. .) (-DFL- E_S))",16|||17
sw05utt/sw_0596_2734.utt,2/sw2734,2734,12,sv,B,6,1,"{D Well, } {F uh, } if you,","Well/UH ,/,  [ uh/UH ] ,/, if/IN  [ you/PRP ] ,/,","(S (INTJ (UH Well)) (, ,) (INTJ (UH uh)) (, ,) (SBAR-ADV (IN if) (S (NP-SBJ (PRP you)) (PRN (, ,) (S (NP-SBJ (PRP You)) (VP (VBP know))) (, ,)) (VP (VB compare) (NP (DT the) (NNS figures))))) (, ,) (NP-SBJ (PRP I)) (VP (VBP think) (SBAR (-NONE- 0) (S (NP-SBJ (DT that)) (VP (BES 's) (SBAR-PRD (WHADVP-1 (WRB where)) (S (EDITED (RM (-DFL- \[)) (S (NP-SBJ (PRP they)) (VP-UNF (VBP 're))) (, ,) (IP (-DFL- \+))) (INTJ (UH uh)) (, ,) (NP-SBJ (PRP they)) (VP (VBP 're) (RS (-DFL- \])) (VP (VBG coming) (PP (IN from) (ADVP (-NONE- *T*-1))))))))))) (. .) (-DFL- E_S))",19
sw05utt/sw_0596_2734.utt,2/sw2734,2734,13,h,A,7,1,Maybe they've changed their minds. /,Maybe/RB  [ they/PRP ] 've/VBP changed/VBN  [ their/PRP$ minds/NNS ] ./.,(S (ADVP (RB Maybe)) (NP-SBJ (PRP they)) (VP (VBP 've) (VP (VBN changed) (NP (PRP$ their) (NNS minds)))) (. .) (-DFL- E_S)),21
sw05utt/sw_0596_2734.utt,2/sw2734,2734,14,+,B,8,1,"{D You know, } compare the figures,  I think that's where [ they're, + {F uh, } they're ] coming from.  /","[ You/PRP ] know/VBP ,/, compare/VB  [ the/DT figures/NNS ] ,/,  [ I/PRP ] think/VBP  [ that/DT ] 's/BES where/WRB  [ they/PRP ] 're/VBP ,/,  [ uh/UH ] ,/,  [ they/PRP ] 're/VBP coming/VBG from/IN ./.","(S (INTJ (UH Well)) (, ,) (INTJ (UH uh)) (, ,) (SBAR-ADV (IN if) (S (NP-SBJ (PRP you)) (PRN (, ,) (S (NP-SBJ (PRP You)) (VP (VBP know))) (, ,)) (VP (VB compare) (NP (DT the) (NNS figures))))) (, ,) (NP-SBJ (PRP I)) (VP (VBP think) (SBAR (-NONE- 0) (S (NP-SBJ (DT that)) (VP (BES 's) (SBAR-PRD (WHADVP-1 (WRB where)) (S (EDITED (RM (-DFL- \[)) (S (NP-SBJ (PRP they)) (VP-UNF (VBP 're))) (, ,) (IP (-DFL- \+))) (INTJ (UH uh)) (, ,) (NP-SBJ (PRP they)) (VP (VBP 're) (RS (-DFL- \])) (VP (VBG coming) (PP (IN from) (ADVP (-NONE- *T*-1))))))))))) (. .) (-DFL- E_S))",19
sw05utt/sw_0596_2734.utt,2/sw2734,2734,15,%,B,8,2,"The, {F uh, } -/","[ The/DT ] ,/,  [ uh/UH ] ,/,","(S-UNF (NP-SBJ (DT The) (, ,) (INTJ (UH uh))) (, ,) (-DFL- N_S))",23
sw05utt/sw_0596_2734.utt,2/sw2734,2734,16,aap,A,9,1,Maybe that's it.  /,Maybe/RB  [ that/DT ] 's/BES  [ it/PRP ] ./.,(S (ADVP (RB Maybe)) (NP-SBJ (DT that)) (VP (BES 's) (NP-PRD (PRP it))) (. .) (-DFL- E_S)),25
sw05utt/sw_0596_2734.utt,2/sw2734,2734,17,aap^r,A,9,2,"Maybe that's it,  /","Maybe/RB  [ that/DT ] 's/BES  [ it/PRP ] ,/,","(S (RB Maybe) (NP-SBJ (DT that)) (VP (BES 's) (NP-PRD (PRP it))) (, ,) (-DFL- E_S))",26
sw05utt/sw_0596_2734.utt,2/sw2734,2734,18,sd,A,9,3,{C because } that was back in the seventies. /,because/IN  [ that/DT ] was/VBD back/RB in/IN  [ the/DT seventies/NNS ] ./.,(SBAR-PRP (IN because) (S (NP-SBJ (DT that)) (VP (VBD was) (PP-TMP-PRD (ADVP (RB back)) (IN in) (NP (DT the) (NNS seventies))))) (. .) (-DFL- E_S)),27
sw05utt/sw_0596_2734.utt,2/sw2734,2734,19,aa,B,10,1,"{F Oh, } [ they're +  {D yes. } They are. ]  /","Oh/UH ,/, they/PRP 're/VBP yes/UH ./.   [ They/PRP ] are/VBP ./.","(S (INTJ (UH Oh)) (, ,) (EDITED (RM (-DFL- \[)) (S (NP-SBJ (PRP they)) (VP-UNF (VBP 're))) (IP (-DFL- \+))) (INTJ (UH yes)) (. .) (NP-SBJ (PRP They)) (VP (VBP are) (VP (-NONE- *?*))) (. .) (RS (-DFL- \])) (-DFL- E_S))",29
sw05utt/sw_0596_2734.utt,2/sw2734,2734,20,sd,B,10,2,"That was before [ the, +  {F uh, } {F uh, } they adopted the ]  death law again <breathing>.  /","[ That/DT ] was/VBD before/IN  [ the/DT ] ,/,  [ uh/UH ] ,/,  [ uh/UH ] ,/,  [ they/PRP ] adopted/VBD  [ the/DT death/NN law/NN ] again/RB ./.","(S (NP-SBJ (DT That)) (VP (VBD was) (SBAR-TMP-PRD (IN before) (S (EDITED (RM (-DFL- \[)) (NP-SBJ-UNF (DT the)) (, ,) (IP (-DFL- \+))) (INTJ (UH uh)) (, ,) (INTJ (UH uh)) (, ,) (NP-SBJ (PRP they)) (VP (VBD adopted) (NP (DT the) (RS (-DFL- \])) (NN death) (NN law)) (ADVP (RB again)))))) (. .) (-DFL- E_S))",30
sw05utt/sw_0596_2734.utt,2/sw2734,2734,21,sd,B,10,3,"{C But, } {F uh, }  [ I, +  I ] myself am in favor of it, {F uh, } particularly for, {F uh, }   {A {D well } I think Texas has a [ good, + good ] law. }  {F Uh, } crimes, murders related with, {F uh, } drugs or killing a policemen. /","But/CC ,/,  [ uh/UH ] ,/,  [ I/PRP ] ,/,  [ I/PRP ] [ myself/PRP ] am/VBP in/IN  [ favor/NN ] of/IN  [ it/PRP ] ,/,  [ uh/UH ] ,/, particularly/RB for/IN ,/,  [ uh/UH ] ,/, well/UH  [ I/PRP ] think/VBP  [ Texas/NNP ] has/VBZ  [ a/DT good/JJ ] ,/,  [ good/JJ law/NN ] ./.  [ Uh/UH ] ,/,  [ crimes/NNS ] ,/,  [ murders/NNS ] related/VBN with/IN ,/,  [ uh/UH ] ,/,  [ drugs/NNS ] or/CC killing/NN  [ a/DT policemen/NNS ] ./.","(S (CC But) (, ,) (INTJ (UH uh)) (, ,) (EDITED (RM (-DFL- \[)) (NP-SBJ (PRP I)) (, ,) (IP (-DFL- \+))) (NP-SBJ (NP (PRP I)) (RS (-DFL- \])) (NP (PRP myself))) (VP (VBP am) (PP-PRD (IN in) (NP (NP (NN favor)) (PP (IN of) (NP (PRP it))))) (, ,) (INTJ (UH uh)) (, ,) (PP (ADVP (RB particularly)) (IN for) (, ,) (INTJ (UH uh)) (PRN (, ,) (S (INTJ (UH well)) (NP-SBJ (PRP I)) (VP (VBP think) (SBAR (-NONE- 0) (S (NP-SBJ (NNP Texas)) (VP (VBZ has) (NP (DT a) (EDITED (RM (-DFL- \[)) (JJ good) (, ,) (IP (-DFL- \+))) (JJ good) (RS (-DFL- \])) (NN law))))))) (. .)) (INTJ (UH Uh)) (, ,) (NP (NP (NP (NNS crimes)) (, ,) (NP (NNS murders))) (ADJP (VBN related) (PP (IN with) (, ,) (INTJ (UH uh)) (, ,) (NP (NP (NNS drugs)) (CC or) (S-NOM (NP-SBJ (-NONE- *)) (VP (NN killing) (NP (DT a) (TYPO (NNS policemen))))))))))) (. .) (-DFL- E_S))",31
sw05utt/sw_0596_2734.utt,2/sw2734,2734,22,%,A,11,1,"I think, - /","[ I/PRP ] think/VBP ,/,","(S (NP-SBJ (PRP I)) (VP-UNF (VBP think)) (, ,) (-DFL- N_S))",33
sw05utt/sw_0596_2734.utt,2/sw2734,2734,23,aa,A,11,2,I agree.  /,[ I/PRP ] agree/VBP ./.,(S (NP-SBJ (PRP I)) (VP (VBP agree)) (. .) (-DFL- E_S)),34
sw05utt/sw_0596_2734.utt,2/sw2734,2734,24,sv,A,11,3,{C But } I think it ought to be expanded to include children.  /,But/CC  [ I/PRP ] think/VBP  [ it/PRP ] ought/MD to/TO be/VB expanded/VBN to/TO include/VB  [ children/NNS ] ./.,(S (CC But) (NP-SBJ (PRP I)) (VP (VBP think) (SBAR (-NONE- 0) (S (NP-SBJ-1 (PRP it)) (VP (MD ought) (S (NP-SBJ-2 (-NONE- *-1)) (VP (TO to) (VP (VB be) (VP (VBN expanded) (NP-3 (-NONE- *-2)) (S-PRP (NP-SBJ (-NONE- *-3)) (VP (TO to) (VP (VB include) (NP (NNS children))))))))))))) (. .) (-DFL- E_S)),35
sw05utt/sw_0596_2734.utt,2/sw2734,2734,25,sd,A,11,4,"[ I, +  I ] think [ [ they're, +  they have ] +   they're ] working on, {F uh, } something in Austin now, /","[ I/PRP ] ,/,  [ I/PRP ] think/VBP  [ they/PRP ] 're/VBP ,/,  [ they/PRP ] have/VBP  [ they/PRP ] 're/VBP working/VBG on/IN ,/,  [ uh/UH ] ,/,  [ something/NN ] in/IN  [ Austin/NNP ] now/RB ,/,","(S (EDITED (RM (-DFL- \[)) (NP-SBJ (PRP I)) (, ,) (IP (-DFL- \+))) (NP-SBJ (PRP I)) (RS (-DFL- \])) (VP (VBP think) (SBAR (-NONE- 0) (S (EDITED (RM (-DFL- \[)) (EDITED (RM (-DFL- \[)) (S (NP-SBJ (PRP they)) (VP-UNF (VBP 're))) (, ,) (IP (-DFL- \+))) (S (NP-SBJ (PRP they)) (VP-UNF (VBP have))) (RS (-DFL- \])) (IP (-DFL- \+))) (NP-SBJ (PRP they)) (VP (VBP 're) (RS (-DFL- \])) (VP (VBG working) (PP (IN on) (, ,) (INTJ (UH uh)) (, ,) (NP (NN something))) (PP-LOC (IN in) (NP (NNP Austin))) (ADVP-TMP (RB now))))))) (, ,) (-DFL- E_S))",36
sw05utt/sw_0596_2734.utt,2/sw2734,2734,26,b,B,12,1,# Uh-huh.  # /,[ Uh-huh/UH ] ./.,(INTJ (UH Uh-huh) (. .) (-DFL- E_S)),38
sw05utt/sw_0596_2734.utt,2/sw2734,2734,27,sd,A,13,1,"# {C and } # I'm not sure what it is,  /","and/CC  [ I/PRP ] 'm/VBP not/RB sure/JJ  [ what/WP ] [ it/PRP ] is/VBZ ,/,","(S (CC and) (NP-SBJ (PRP I)) (VP (VBP 'm) (RB not) (ADJP-PRD (JJ sure) (SBAR (WHNP-1 (WP what)) (S (NP-SBJ (PRP it)) (VP (VBZ is) (NP-PRD (-NONE- *T*-1))))))) (, ,) (-DFL- E_S))",40
sw05utt/sw_0596_2734.utt,2/sw2734,2734,28,sd,A,13,2,"I just remember seeing a, {F uh, } kind of a synopsis of it. /","[ I/PRP ] just/RB remember/VBP seeing/VBG  [ a/DT ] ,/,  [ uh/UH ] ,/,  [ kind/NN ] of/IN  [ a/DT synopsis/NN ] of/IN  [ it/PRP ] ./.","(S (NP-SBJ-1 (PRP I)) (ADVP (RB just)) (VP (VBP remember) (S (NP-SBJ (-NONE- *-1)) (VP (VBG seeing) (NP (NP (DT a) (, ,) (INTJ (UH uh)) (, ,) (NN kind)) (PP (IN of) (NP (NP (DT a) (NN synopsis)) (PP (IN of) (NP (PRP it))))))))) (. .) (-DFL- E_S))",41
sw05utt/sw_0596_2734.utt,2/sw2734,2734,29,b,B,14,1,Uh-huh.  /,[ Uh-huh/UH ] ./.,(INTJ (UH Uh-huh) (. .) (-DFL- E_S)),38
sw05utt/sw_0596_2734.utt,2/sw2734,2734,30,qh,B,14,2,"{D Well, } why stop at children?  /","Well/UH ,/, why/WRB  [ stop/VB ] at/IN  [ children/NNS ] ?/.","(SBARQ (INTJ (UH Well)) (, ,) (SBARQ (WHADVP-1 (WRB why)) (SQ (NP-SBJ (-NONE- *)) (VP (VB stop) (PP (IN at) (NP (NNS children))) (ADVP-PRP (-NONE- *T*-1))))) (. ?) (-DFL- E_S))",44
sw05utt/sw_0596_2734.utt,2/sw2734,2734,31,qh,B,14,3,"Why not go to adults, too? /","Why/WRB not/RB go/VB to/IN  [ adults/NNS ] ,/, too/RB ?/.","(SBARQ (WHADVP-1 (WRB Why)) (SQ (NP-SBJ (-NONE- *)) (RB not) (VP (VB go) (PP (IN to) (NP (NNS adults))) (, ,) (ADVP (RB too)) (ADVP-PRP (-NONE- *T*-1)))) (. ?) (-DFL- E_S))",45
sw05utt/sw_0596_2734.utt,2/sw2734,2734,32,sd,A,15,1,"{D Well, } {F uh, } [ I'm, + I'm ]  personally very in favor of it. /","Well/UH ,/,  [ uh/UH ] ,/,  [ I/PRP ] 'm/VBP ,/,  [ I/PRP ] 'm/VBP personally/RB very/RB in/IN  [ favor/NN ] of/IN  [ it/PRP ] ./.","(S (INTJ (UH Well)) (, ,) (INTJ (UH uh)) (, ,) (EDITED (RM (-DFL- \[)) (S (NP-SBJ (PRP I)) (VP-UNF (VBP 'm))) (, ,) (IP (-DFL- \+))) (NP-SBJ (PRP I)) (VP (VBP 'm) (RS (-DFL- \])) (ADVP (RB personally)) (PP-PRD (ADVP (RB very)) (IN in) (NP (NP (NN favor)) (PP (IN of) (NP (PRP it)))))) (. .) (-DFL- E_S))",47
sw05utt/sw_0596_2734.utt,2/sw2734,2734,33,b,B,16,1,Uh-huh. /,[ Uh-huh/UH ] ./.,(INTJ (UH Uh-huh) (. .) (-DFL- E_S)),38
sw05utt/sw_0596_2734.utt,2/sw2734,2734,34,qh,A,17,1,"{F Uh, } why should we let them set in prison  and work on their college degrees after they've mowed down a class yard full of kids   [ or t-, +  or tried to, ] or [ done   their very, +  {D you know, }  given their ] best   effort at doing that. /","[ Uh/UH ] ,/, why/WRB should/MD  [ we/PRP ] let/VB  [ them/PRP ] set/VB in/IN  [ prison/NN ] and/CC  [ work/VB ] on/IN  [ their/PRP$ college/NN degrees/NNS ] after/IN  [ they/PRP ] 've/VBP mowed/VBN down/IN  [ a/DT class/NN yard/NN ] full/JJ of/IN  [ kids/NNS ] or/CC  [ t/VBD ] ,/, or/CC tried/VBD to/TO ,/, or/CC done/VBN  [ their/PRP$ very/JJ ] ,/,  [ you/PRP ] know/VBP ,/, given/VBN  [ their/PRP$ best/JJS effort/NN ] at/IN doing/VBG  [ that/DT ] ./.","(SBARQ (INTJ (UH Uh)) (, ,) (WHADVP-2 (WRB why)) (SQ (MD should) (NP-SBJ (PRP we)) (VP (VB let) (S (NP-SBJ (PRP them)) (VP (VP (VB set) (PP-LOC (IN in) (NP (NN prison)))) (CC and) (VP (VB work) (PP (IN on) (NP (PRP$ their) (NN college) (NNS degrees)))))) (SBAR-TMP (IN after) (S (NP-SBJ-1 (PRP they)) (VP (VBP 've) (VP (VP (VBN mowed) (PRT (IN down)) (NP (NP (DT a) (NN class) (NN yard) (JJ full)) (PP (IN of) (NP (NNS kids))))) (EDITED (RM (-DFL- \[)) (CC or) (VP-UNF (VBD t-)) (, ,) (IP (-DFL- \+))) (CC or) (VP (VBD tried) (S (NP-SBJ (-NONE- *-1)) (VP (TO to) (VP (-NONE- *?*))))) (, ,) (RS (-DFL- \])) (CC or) (EDITED (RM (-DFL- \[)) (VP (VBN done) (NP-UNF (PRP$ their) (JJ very))) (, ,) (IP (-DFL- \+))) (PRN (S (NP-SBJ (PRP you)) (VP (VBP know))) (, ,)) (VP (VBN given) (NP (NP (PRP$ their) (RS (-DFL- \])) (JJS best) (NN effort)) (PP (IN at) (S-NOM (NP-SBJ (-NONE- *-1)) (VP (VBG doing) (NP (DT that))))))))))) (ADVP-PRP (-NONE- *T*-2)))) (. .) (-DFL- E_S))",51
sw05utt/sw_0596_2734.utt,2/sw2734,2734,35,b,B,18,1,Uh-huh.  /,[ Uh-huh/UH ] ./.,(INTJ (UH Uh-huh) (. .) (-DFL- E_S)),38
sw05utt/sw_0596_2734.utt,2/sw2734,2734,36,aa,B,18,2,Yep. /,[ Yep/UH ] ./.,(INTJ (UH Yep) (. .) (-DFL- E_S)),54
sw05utt/sw_0596_2734.utt,2/sw2734,2734,37,sd,A,19,1,"[ I, +  I ] don't care to support them. /","[ I/PRP ] ,/,  [ I/PRP ] do/VBP n't/RB care/VB to/TO support/VB  [ them/PRP ] ./.","(S (EDITED (RM (-DFL- \[)) (NP-SBJ (PRP I)) (, ,) (IP (-DFL- \+))) (NP-SBJ-1 (PRP I)) (RS (-DFL- \])) (VP (VBP do) (RB n't) (VP (VB care) (S (NP-SBJ (-NONE- *-1)) (VP (TO to) (VP (VB support) (NP (PRP them))))))) (. .) (-DFL- E_S))",56
sw05utt/sw_0596_2734.utt,2/sw2734,2734,38,aa,B,20,1,"{D Well, } I don't either  /","Well/UH ,/,  [ I/PRP ] do/VBP n't/RB either/RB","(S (INTJ (UH Well)) (, ,) (NP-SBJ (PRP I)) (VP (VBP do) (RB n't) (ADVP (RB either))) (-DFL- E_S))",58
sw05utt/sw_0596_2734.utt,2/sw2734,2734,39,%,B,20,2,"[ {C but, } + {F uh, } {F uh, } {C but } ]  there is something to be said about <<pause>>, - /","but/CC ,/,  [ uh/UH ] ,/,  [ uh/UH ] ,/, but/CC  [ there/EX ] is/VBZ  [ something/NN ] to/TO be/VB said/VBD about/IN ,/,","(S (EDITED (RM (-DFL- \[)) (CC but) (, ,) (IP (-DFL- \+))) (INTJ (UH uh)) (, ,) (INTJ (UH uh)) (, ,) (CC but) (RS (-DFL- \])) (NP-SBJ (EX there)) (VP (VBZ is) (NP-PRD (NP (NN something)) (SBAR (WHNP-1 (-NONE- 0)) (S (NP-SBJ-2 (-NONE- *T*-1)) (VP (TO to) (VP (VB be) (VP (VBD said) (NP (-NONE- *-2)) (PP-UNF (IN about))))))))) (, ,) (-DFL- N_S))",59
sw05utt/sw_0596_2734.utt,2/sw2734,2734,40,co,B,20,3,"{C or, } {F uh, } {F uh, } [ j-, +  just ]  for the sake of argument, I'm taking [ the, +","or/CC ,/,  [ uh/UH ] ,/,  [ uh/UH ] ,/,  [ j-/RB ] ,/, just/RB for/IN  [ the/DT sake/NN ] of/IN  [ argument/NN ] ,/,  [ I/PRP ] 'm/VBP taking/VBG  [ the/DT ] ,/,","(S (CC or) (, ,) (INTJ (UH uh)) (, ,) (INTJ (UH uh)) (, ,) (EDITED (RM (-DFL- \[)) (ADVP-UNF (RB j-)) (, ,) (IP (-DFL- \+))) (PP-PRP (ADVP (RB just)) (RS (-DFL- \])) (IN for) (NP (NP (DT the) (NN sake)) (PP (IN of) (NP (NN argument))))) (, ,) (NP-SBJ (PRP I)) (VP (VBP 'm) (VP (VBG taking) (EDITED (RM (-DFL- \[)) (NP-UNF (DT the)) (, ,) (IP (-DFL- \+))) (NP (DT a) (RS (-DFL- \])) (NN con)))) (, ,) (-DFL- E_S))",60
sw05utt/sw_0596_2734.utt,2/sw2734,2734,41,aa,A,21,1,# Sure.  # /,[ Sure/UH ] ./.,(INTJ (UH Sure) (. .) (-DFL- E_S)),62
sw05utt/sw_0596_2734.utt,2/sw2734,2734,42,+,B,22,1,"# a # ] con,  /","[ a/DT con/NN ] ,/,","(S (CC or) (, ,) (INTJ (UH uh)) (, ,) (INTJ (UH uh)) (, ,) (EDITED (RM (-DFL- \[)) (ADVP-UNF (RB j-)) (, ,) (IP (-DFL- \+))) (PP-PRP (ADVP (RB just)) (RS (-DFL- \])) (IN for) (NP (NP (DT the) (NN sake)) (PP (IN of) (NP (NN argument))))) (, ,) (NP-SBJ (PRP I)) (VP (VBP 'm) (VP (VBG taking) (EDITED (RM (-DFL- \[)) (NP-UNF (DT the)) (, ,) (IP (-DFL- \+))) (NP (DT a) (RS (-DFL- \])) (NN con)))) (, ,) (-DFL- E_S))",60
sw05utt/sw_0596_2734.utt,2/sw2734,2734,43,sd,B,22,2,"[ I'm, +  I'm ] against it.  /","[ I/PRP ] 'm/VBP ,/,  [ I/PRP ] 'm/VBP against/IN  [ it/PRP ] ./.","(S (EDITED (RM (-DFL- \[)) (S (NP-SBJ (PRP I)) (VP-UNF (VBP 'm))) (, ,) (IP (-DFL- \+))) (NP-SBJ (PRP I)) (VP (VBP 'm) (RS (-DFL- \])) (PP-PRD (IN against) (NP (PRP it)))) (. .) (-DFL- E_S))",64
sw05utt/sw_0596_2734.utt,2/sw2734,2734,44,sd,B,22,3,"{F Uh, } {D you know } yourself how many times have you heard where, {F uh, } {F uh, } a citizen was wrongfully arrested,","[ Uh/UH ] ,/,  [ you/PRP ] know/VBP  [ yourself/PRP ] how/WRB  [ many/JJ times/NNS ] have/VBP  [ you/PRP ] heard/VBN where/WRB ,/,  [ uh/UH ] ,/,  [ uh/UH ] ,/,  [ a/DT citizen/NN ] was/VBD wrongfully/RB arrested/VBN ,/,","(S (INTJ (UH Uh)) (, ,) (NP-SBJ (PRP you)) (VP (VBP know) (NP-ADV (PRP yourself))))|||(SBARQ (WHADVP-3 (WHADJP (WRB how) (JJ many)) (NNS times)) (SQ (VBP have) (NP-SBJ (PRP you)) (VP (VBN heard) (SBAR (WHADVP-2 (WRB where)) (, ,) (INTJ (UH uh)) (, ,) (INTJ (UH uh)) (, ,) (S (NP-SBJ-1 (DT a) (NN citizen)) (VP (VP (VBD was) (ADVP (RB wrongfully)) (VP (VBN arrested) (NP (-NONE- *-1)))) (, ,) (CC and) (VP (VBN served) (NP (NN time)) (PP-LOC (IN at) (NP (DT a) (NN penitentiary)))) (ADVP (-NONE- *T*-2))))) (, ,) (INTJ (UH uh)) (ADVP-TMP (-NONE- *T*-3)))) (, ,) (-DFL- E_S))",65|||66
sw05utt/sw_0596_2734.utt,2/sw2734,2734,45,b,A,23,1,"# Uh-huh,  /","[ Uh-huh/UH ] ,/,","(INTJ (UH Uh-huh) (, ,) (-DFL- E_S))",68
sw05utt/sw_0596_2734.utt,2/sw2734,2734,46,b^r,A,23,2,uh-huh <breathing>.  # /,[ uh-huh/UH ] ./.,(INTJ (UH uh-huh) (. .) (-DFL- E_S)),69
sw05utt/sw_0596_2734.utt,2/sw2734,2734,47,+,B,24,1,"# and served time # at a penitentiary, {F uh, }  /","and/CC served/VBN  [ time/NN ] at/IN  [ a/DT penitentiary/NN ] ,/,  [ uh/UH ] ,/,","(SBARQ (WHADVP-3 (WHADJP (WRB how) (JJ many)) (NNS times)) (SQ (VBP have) (NP-SBJ (PRP you)) (VP (VBN heard) (SBAR (WHADVP-2 (WRB where)) (, ,) (INTJ (UH uh)) (, ,) (INTJ (UH uh)) (, ,) (S (NP-SBJ-1 (DT a) (NN citizen)) (VP (VP (VBD was) (ADVP (RB wrongfully)) (VP (VBN arrested) (NP (-NONE- *-1)))) (, ,) (CC and) (VP (VBN served) (NP (NN time)) (PP-LOC (IN at) (NP (DT a) (NN penitentiary)))) (ADVP (-NONE- *T*-2))))) (, ,) (INTJ (UH uh)) (ADVP-TMP (-NONE- *T*-3)))) (, ,) (-DFL- E_S))",66
sw05utt/sw_0596_2734.utt,2/sw2734,2734,48,sd,B,24,2,"just recently this, {F uh, } black man served nine years was it,","just/RB recently/RB  [ this/DT ] ,/,  [ uh/UH ] ,/,  [ black/JJ man/NN ] served/VBD  [ nine/CD years/NNS ] was/VBD  [ it/PRP ] ,/,","(S (ADVP-TMP (RB just) (RB recently)) (NP-SBJ (DT this) (, ,) (INTJ (UH uh)) (, ,) (JJ black) (NN man)) (VP (VBD served) (NP (CD nine) (NNS years)) (PRN (SQ (VBD was) (NP-SBJ (PRP it)) (NP-PRD (-NONE- *?*))) (, ,)) (PP (IN for) (NP (NN robbery)))) (. .) (-DFL- E_S))",71
sw05utt/sw_0596_2734.utt,2/sw2734,2734,49,sd,A,25,1,"# {C And then, } #","And/CC then/RB ,/,","(S (CONJP (CC And) (RB then)) (, ,) (NP-SBJ (EX there)) (VP (VBD was) (NP-PRD (NP (DT the) (JJ black) (NN woman)) (SBAR (WHNP-1 (WDT that)) (, ,) (S (NP-SBJ (-NONE- *T*-1)) (INTJ (UH uh)) (, ,) (VP (VBD robbed) (CC and) (VBD shot) (NP (DT the) (NN furrier))))))) (. .) (-DFL- E_S))",73
sw05utt/sw_0596_2734.utt,2/sw2734,2734,50,+,B,26,1,# for robbery.  # /,for/IN  [ robbery/NN ] ./.,"(S (ADVP-TMP (RB just) (RB recently)) (NP-SBJ (DT this) (, ,) (INTJ (UH uh)) (, ,) (JJ black) (NN man)) (VP (VBD served) (NP (CD nine) (NNS years)) (PRN (SQ (VBD was) (NP-SBJ (PRP it)) (NP-PRD (-NONE- *?*))) (, ,)) (PP (IN for) (NP (NN robbery)))) (. .) (-DFL- E_S))",71
sw05utt/sw_0596_2734.utt,2/sw2734,2734,51,+,A,27,1,"there was the black woman that, {F uh, } robbed  and shot the furrier.  /","[ there/EX ] was/VBD  [ the/DT black/JJ woman/NN ] that/WDT ,/,  [ uh/UH ] ,/, robbed/VBD and/CC shot/VBD  [ the/DT furrier/NN ] ./.","(S (CONJP (CC And) (RB then)) (, ,) (NP-SBJ (EX there)) (VP (VBD was) (NP-PRD (NP (DT the) (JJ black) (NN woman)) (SBAR (WHNP-1 (WDT that)) (, ,) (S (NP-SBJ (-NONE- *T*-1)) (INTJ (UH uh)) (, ,) (VP (VBD robbed) (CC and) (VBD shot) (NP (DT the) (NN furrier))))))) (. .) (-DFL- E_S))",73
sw05utt/sw_0596_2734.utt,2/sw2734,2734,52,sd,A,27,2,"{C And } she was set free, too, just in two examples in Texas recently. /","And/CC  [ she/PRP ] was/VBD set/VBN  [ free/JJ ] ,/, too/RB ,/, just/RB in/IN  [ two/CD examples/NNS ] in/IN  [ Texas/NNP ] recently/RB ./.","(S (CC And) (NP-SBJ-1 (PRP she)) (VP (VBD was) (VP (VBN set) (S (NP-SBJ (-NONE- *-1)) (ADJP-PRD (JJ free))) (, ,) (ADVP (RB too)) (, ,) (PP (ADVP (RB just)) (IN in) (NP (NP (CD two) (NNS examples)) (PP-LOC (IN in) (NP (NNP Texas))) (ADVP-TMP (RB recently)))))) (. .) (-DFL- E_S))",76
sw05utt/sw_0596_2734.utt,2/sw2734,2734,53,b,B,28,1,Uh-huh. /,[ Uh-huh/UH ] ./.,(INTJ (UH Uh-huh) (. .) (-DFL- E_S)),49
sw05utt/sw_0596_2734.utt,2/sw2734,2734,54,sd,A,29,1,"<Ringing> {C But } she actually killed the furrier.  Or someone,  /","But/CC  [ she/PRP ] actually/RB killed/VBD  [ the/DT furrier/NN ] ./.  Or/CC  [ someone/NN ] ,/,","(S (CC But) (NP-SBJ (PRP she)) (ADVP (RB actually)) (VP (VBD killed) (NP (NP (DT the) (NN furrier)) (. .) (CC Or) (NP (NN someone)))) (, ,) (-DFL- E_S))",80
sw05utt/sw_0596_2734.utt,2/sw2734,2734,55,sd,A,29,2,she was charged with murder <ringing>  /,[ she/PRP ] was/VBD charged/VBN with/IN  [ murder/NN ],(S (NP-SBJ-1 (PRP she)) (VP (VBD was) (VP (VBN charged) (NP (-NONE- *-1)) (PP (IN with) (NP (NN murder))))) (-DFL- E_S)),81
sw05utt/sw_0596_2734.utt,2/sw2734,2734,56,sd,A,29,3,"{C and then, } then   they decided it was a case of mistaken identity or something.  /","and/CC then/RB ,/, then/RB  [ they/PRP ] decided/VBD  [ it/PRP ] was/VBD  [ a/DT case/NN ] of/IN  [ mistaken/JJ identity/NN ] or/CC  [ something/NN ] ./.","(S (CONJP (CC and) (RB then)) (, ,) (ADVP-TMP (RB then)) (NP-SBJ (PRP they)) (VP (VBD decided) (SBAR (-NONE- 0) (S (NP-SBJ (PRP it)) (VP (VBD was) (NP-PRD (NP (NP (DT a) (NN case)) (PP (IN of) (NP (JJ mistaken) (NN identity)))) (CC or) (NP (NN something))))))) (. .) (-DFL- E_S))",82
sw05utt/sw_0596_2734.utt,2/sw2734,2734,57,sd,A,29,4,"[ [ I didn't, +  I don't, ] +   <ringing> I didn't ] retain all those facts very well.  /","[ I/PRP ] did/VBD n't/RB ,/,  [ I/PRP ] do/VBP n't/RB ,/,  [ I/PRP ] did/VBD n't/RB retain/VB  [ all/PDT those/DT facts/NNS ] very/RB well/RB ./.","(S (EDITED (RM (-DFL- \[)) (EDITED (RM (-DFL- \[)) (S (NP-SBJ (PRP I)) (VP-UNF (VBD did) (RB n't))) (, ,) (IP (-DFL- \+))) (S (NP-SBJ (PRP I)) (VP-UNF (VBP do) (RB n't))) (, ,) (RS (-DFL- \])) (IP (-DFL- \+))) (NP-SBJ (PRP I)) (VP (VBD did) (RB n't) (RS (-DFL- \])) (VP (VB retain) (NP (PDT all) (DT those) (NNS facts)) (ADVP-MNR (RB very) (RB well)))) (. .) (-DFL- E_S))",83
sw05utt/sw_0596_2734.utt,2/sw2734,2734,58,sd,A,29,5,"{C But } I know what you're, - /","But/CC  [ I/PRP ] know/VBP  [ what/WP ] [ you/PRP ] 're/VBP ,/,","(S (CC But) (NP-SBJ (PRP I)) (VP (VBP know) (SBAR (WHNP (WP what)) (S (NP-SBJ (PRP you)) (VP-UNF (VBP 're))))) (, ,) (-DFL- N_S))",84
sw05utt/sw_0596_2734.utt,2/sw2734,2734,59,qh,A,29,6,what if we make a mistake. /,[ what/WP ] if/IN  [ we/PRP ] make/VBP  [ a/DT mistake/NN ] ./.,(FRAG (WHNP (WP what)) (SBAR-ADV (IN if) (S (NP-SBJ (PRP we)) (VP (VBP make) (NP (DT a) (NN mistake))))) (. .) (-DFL- E_S)),85
sw05utt/sw_0596_2734.utt,2/sw2734,2734,60,aa,B,30,1,That's it. /,[ That/DT ] 's/BES  [ it/PRP ] ./.,(S (NP-SBJ (DT That)) (VP (BES 's) (NP-PRD (PRP it))) (. .) (-DFL- E_S)),87
sw05utt/sw_0596_2734.utt,2/sw2734,2734,61,sv,A,31,1,{C And } that's not one of those things  that you can turn the wheel back and  reverse everything. /,And/CC  [ that/DT ] 's/BES not/RB  [ one/CD ] of/IN  [ those/DT things/NNS ] that/WDT  [ you/PRP ] can/MD turn/VB  [ the/DT wheel/NN ] back/RB and/CC reverse/VB  [ everything/NN ] ./.,(S (CC And) (NP-SBJ (DT that)) (VP (BES 's) (RB not) (NP-PRD (NP (CD one)) (PP (IN of) (NP (NP (DT those) (NNS things)) (SBAR (WHADVP-1 (WDT that)) (S (NP-SBJ (PRP you)) (VP (MD can) (VP (VP (VB turn) (NP (DT the) (NN wheel)) (ADVP (RB back))) (CC and) (VP (VB reverse) (NP (NN everything))) (ADVP (-NONE- *T*-1)))))))))) (. .) (-DFL- E_S)),89
sw05utt/sw_0596_2734.utt,2/sw2734,2734,62,b,B,32,1,Uh-huh.  /,[ Uh-huh/UH ] ./.,(INTJ (UH Uh-huh) (. .) (-DFL- E_S)),78
sw05utt/sw_0596_2734.utt,2/sw2734,2734,63,sv,B,32,2,"{D Well, } right now our laws are so  liberal that, {F uh, } even with the death penalty in effect, I don't think that, {F uh, }  <lipsmack>  they're going to use it, {F uh, } too frequently, {F uh, } unfortunately.  /","Well/UH ,/, right/RB now/RB  [ our/PRP$ laws/NNS ] are/VBP so/RB liberal/JJ that/IN ,/,  [ uh/UH ] ,/, even/RB with/IN  [ the/DT death/NN penalty/NN ] in/IN  [ effect/NN ] ,/,  [ I/PRP ] do/VBP n't/RB think/VB  [ that/DT ] ,/,  [ uh/UH ] ,/,  [ they/PRP ] 're/VBP going/VBG to/TO use/VB  [ it/PRP ] ,/,  [ uh/UH ] ,/, too/RB frequently/RB ,/,  [ uh/UH ] ,/, unfortunately/RB ./.","(S (INTJ (UH Well)) (, ,) (ADVP-TMP (RB right) (RB now)) (NP-SBJ (PRP$ our) (NNS laws)) (VP (VBP are) (ADJP-PRD (ADJP (RB so) (JJ liberal)) (SBAR (IN that) (, ,) (INTJ (UH uh)) (, ,) (S (SBAR-ADV-TPC-2 (ADVP (RB even)) (IN with) (S (NP-SBJ (DT the) (NN death) (NN penalty)) (PP-PRD (IN in) (NP (NN effect))))) (, ,) (NP-SBJ (PRP I)) (VP (VBP do) (RB n't) (VP (VB think) (SBAR (DT that) (, ,) (INTJ (UH uh)) (, ,) (S (SBAR-ADV (-NONE- *T*-2)) (NP-SBJ-1 (PRP they)) (VP (VBP 're) (VP (VBG going) (S (NP-SBJ (-NONE- *-1)) (VP (TO to) (VP (VB use) (NP (PRP it)) (, ,) (INTJ (UH uh)) (, ,) (ADVP-TMP (RB too) (RB frequently)) (, ,) (INTJ (UH uh)) (, ,) (ADVP (RB unfortunately))))))))))))))) (. .) (-DFL- E_S))",92
sw05utt/sw_0596_2734.utt,2/sw2734,2734,64,aa,B,32,3,"I, like you, say yes  /","[ I/PRP ] ,/, like/IN  [ you/PRP ] ,/, say/VBP yes/UH","(S (NP-SBJ (PRP I)) (, ,) (PP (IN like) (NP (PRP you))) (, ,) (VP (VBP say) (INTJ-SEZ (UH yes))) (-DFL- E_S))",93
sw05utt/sw_0596_2734.utt,2/sw2734,2734,65,sv,B,32,4,"let's have it,","let/VB  [ 's/PRP ] have/VB  [ it/PRP ] ,/,","(S-IMP (NP-SBJ (-NONE- *)) (VP (VB let) (S (NP-SBJ-1 (PRP 's)) (VP (VP (VB have) (NP (PRP it))) (, ,) (EDITED (RM (-DFL- \[)) (VP (VB put) (NP (NP (PRP them)) (NP (DT all)))) (, ,) (IP (-DFL- \+))) (VP (VB give) (NP (NP (PRP them)) (NP (DT all))) (RS (-DFL- \])) (NP (DT a) (NN shot))) (, ,) (VP (VB get) (VP (VBN rid) (NP (-NONE- *-1)) (PP (IN of) (NP (PRP them)))))))) (. .) (-DFL- E_S))",94
sw05utt/sw_0596_2734.utt,2/sw2734,2734,66,sd,A,33,1,"# {D Well, } #","Well/UH ,/,","(S (INTJ (UH Well)) (, ,) (ADVP-TMP (RB right) (RB now)) (NP-SBJ (PRP$ our) (NNS laws)) (VP (VBP are) (ADJP-PRD (ADJP (RB so) (JJ liberal)) (SBAR (IN that) (, ,) (INTJ (UH uh)) (, ,) (S (SBAR-ADV-TPC-2 (ADVP (RB even)) (IN with) (S (NP-SBJ (DT the) (NN death) (NN penalty)) (PP-PRD (IN in) (NP (NN effect))))) (, ,) (NP-SBJ (PRP I)) (VP (VBP do) (RB n't) (VP (VB think) (SBAR (DT that) (, ,) (INTJ (UH uh)) (, ,) (S (SBAR-ADV (-NONE- *T*-2)) (NP-SBJ-1 (PRP they)) (VP (VBP 're) (VP (VBG going) (S (NP-SBJ (-NONE- *-1)) (VP (TO to) (VP (VB use) (NP (PRP it)) (, ,) (INTJ (UH uh)) (, ,) (ADVP-TMP (RB too) (RB frequently)) (, ,) (INTJ (UH uh)) (, ,) (ADVP (RB unfortunately))))))))))))))) (. .) (-DFL- E_S))",92
sw05utt/sw_0596_2734.utt,2/sw2734,2734,67,+,B,34,1,"# [ put # them all, + give them all ]  a shot, get rid of them.  /","put/VB  [ them/PRP ] [ all/DT ] ,/, give/VB  [ them/PRP ] [ all/DT a/DT shot/NN ] ,/, get/VB rid/VBN of/IN  [ them/PRP ] ./.","(S-IMP (NP-SBJ (-NONE- *)) (VP (VB let) (S (NP-SBJ-1 (PRP 's)) (VP (VP (VB have) (NP (PRP it))) (, ,) (EDITED (RM (-DFL- \[)) (VP (VB put) (NP (NP (PRP them)) (NP (DT all)))) (, ,) (IP (-DFL- \+))) (VP (VB give) (NP (NP (PRP them)) (NP (DT all))) (RS (-DFL- \])) (NP (DT a) (NN shot))) (, ,) (VP (VB get) (VP (VBN rid) (NP (-NONE- *-1)) (PP (IN of) (NP (PRP them)))))))) (. .) (-DFL- E_S))",94
sw05utt/sw_0596_2734.utt,2/sw2734,2734,68,qh,B,34,2,"Why should they be [ sit-, +  sitting ]  in, {F uh, } prison getting their college degree. /","Why/WRB should/MD  [ they/PRP ] be/VB sit/VBG ,/, sitting/VBG in/IN ,/,  [ uh/UH ] ,/,  [ prison/NN ] getting/VBG  [ their/PRP$ college/NN degree/NN ] ./.","(SBARQ (WHADVP-1 (WRB Why)) (SQ (MD should) (NP-SBJ (PRP they)) (VP (VB be) (EDITED (RM (-DFL- \[)) (VP-UNF (VBG sit-)) (, ,) (IP (-DFL- \+))) (VP (VP (VBG sitting) (RS (-DFL- \])) (PP-LOC (IN in) (, ,) (INTJ (UH uh)) (, ,) (NP (NN prison)))) (VP (VBG getting) (NP (PRP$ their) (NN college) (NN degree))) (ADVP-PRP (-NONE- *T*-1))))) (. .) (-DFL- E_S))",98
sw05utt/sw_0596_2734.utt,2/sw2734,2734,69,+,A,35,1,"{D Well, } I guess, though, where I would  have a problem with it if I were on the jury [ [ that, + that, put, ] + that handed ] down  the death sentence because it was my judgement the person's guilty. /","Well/UH ,/,  [ I/PRP ] guess/VBP ,/, though/RB ,/, where/WRB  [ I/PRP ] would/MD have/VB  [ a/DT problem/NN ] with/IN  [ it/PRP ] if/IN  [ I/PRP ] were/VBD on/IN  [ the/DT jury/NN ] that/WDT ,/, that/WDT ,/, put/VB ,/, that/WDT handed/VBN  down/RP  [ the/DT death/NN sentence/NN ] because/IN  [ it/PRP ] was/VBD  [ my/PRP$ judgement/NN ] [ the/DT person/NN ] 's/BES guilty/JJ ./.","(S (INTJ (UH Well)) (, ,) (INTJ (UH Well)) (, ,) (NP-SBJ (PRP I)) (VP (VBP guess) (, ,) (ADVP (RB though)) (, ,) (SBAR (-NONE- 0) (S (SBAR-NOM-SBJ (WRB where) (S (NP-SBJ (PRP I)) (VP (MD would) (VP (VB have) (NP (NP (DT a) (NN problem)) (PP (IN with) (NP (PRP it)))))))) (X (SBAR-ADV (IN if) (S (NP-SBJ (PRP I)) (VP (VBD were) (PP-PRD (IN on) (NP (NP (DT the) (NN jury)) (EDITED (RM (-DFL- \[)) (EDITED (RM (-DFL- \[)) (WHNP (WDT that)) (, ,) (IP (-DFL- \+))) (SBAR (WHNP-3 (WDT that)) (, ,) (S (NP-SBJ (-NONE- *T*-3)) (VP-UNF (VB put)))) (, ,) (RS (-DFL- \])) (IP (-DFL- \+))) (SBAR (WHNP-1 (WDT that)) (S (NP-SBJ (-NONE- *T*-1)) (VP (VBN handed) (RS (-DFL- \])) (PRT (RP down)) (NP (DT the) (NN death) (NN sentence)))))))))) (SBAR-PRP (IN because) (S (NP-SBJ (NP (PRP it)) (SBAR (-NONE- *EXP*-2))) (VP (VBD was) (NP-PRD (PRP$ my) (NN judgement)) (SBAR-2 (-NONE- 0) (S (NP-SBJ (DT the) (NN person)) (VP (BES 's) (ADJP-PRD (JJ guilty)))))))))))) (. .) (-DFL- E_S))",96
sw05utt/sw_0596_2734.utt,2/sw2734,2734,70,b,B,36,1,Uh-huh. /,[ Uh-huh/UH ] ./.,(INTJ (UH Uh-huh) (. .) (-DFL- E_S)),78
sw05utt/sw_0596_2734.utt,2/sw2734,2734,71,sv,A,37,1,Now that's tougher.  /,Now/RB  [ that/DT ] 's/BES tougher/JJR ./.,(S (INTJ (RB Now)) (NP-SBJ (DT that)) (VP (BES 's) (ADJP-PRD (JJR tougher))) (. .) (-DFL- E_S)),103
sw05utt/sw_0596_2734.utt,2/sw2734,2734,72,sv,A,37,2,It's easier to say it  on the telephone  /,[ It/PRP ] 's/BES easier/JJR to/TO say/VB  [ it/PRP ] on/IN  [ the/DT telephone/NN ],"(S (NP-SBJ (NP (PRP It)) (S (-NONE- *EXP*-1))) (VP (BES 's) (ADJP-PRD (JJR easier)) (S-1 (NP-SBJ (-NONE- *)) (VP (TO to) (VP (VP (VB say) (NP (PRP it)) (PP (IN on) (NP (DT the) (NN telephone)))) (-DFL- E_S) (CC and) (X (S (NP-SBJ (NN everyone)) (VP (VBP agree) (SBAR (IN that) (, ,) (S-SEZ (INTJ (UH yeah)) (, ,) (NP-SBJ (DT the) (NN death) (NN penalty)) (VP (BES 's) (NP-PRD (NP (DT the) (NN way)) (SBAR (WHADVP-2 (-NONE- 0)) (S (NP-SBJ (-NONE- *)) (VP (TO to) (VP (VB go) (ADVP-MNR (-NONE- *T*-2))))))))))))))))) (, ,) (-DFL- E_S))",104
sw05utt/sw_0596_2734.utt,2/sw2734,2734,73,sv,A,37,3,"{C and } everyone agree that, {D yeah, } the death penalty's the  way to go,  /","and/CC  [ everyone/NN ] agree/VBP that/IN ,/, yeah/UH ,/,  [ the/DT death/NN penalty/NN ] 's/BES  [ the/DT way/NN ] to/TO go/VB ,/,","(S (NP-SBJ (NP (PRP It)) (S (-NONE- *EXP*-1))) (VP (BES 's) (ADJP-PRD (JJR easier)) (S-1 (NP-SBJ (-NONE- *)) (VP (TO to) (VP (VP (VB say) (NP (PRP it)) (PP (IN on) (NP (DT the) (NN telephone)))) (-DFL- E_S) (CC and) (X (S (NP-SBJ (NN everyone)) (VP (VBP agree) (SBAR (IN that) (, ,) (S-SEZ (INTJ (UH yeah)) (, ,) (NP-SBJ (DT the) (NN death) (NN penalty)) (VP (BES 's) (NP-PRD (NP (DT the) (NN way)) (SBAR (WHADVP-2 (-NONE- 0)) (S (NP-SBJ (-NONE- *)) (VP (TO to) (VP (VB go) (ADVP-MNR (-NONE- *T*-2))))))))))))))))) (, ,) (-DFL- E_S))",104
sw05utt/sw_0596_2734.utt,2/sw2734,2734,74,sv,A,37,4,"it's a deterrent to crime,  /","[ it/PRP ] 's/BES  [ a/DT deterrent/NN ] to/IN  [ crime/NN ] ,/,","(S (NP-SBJ (PRP it)) (VP (BES 's) (NP-PRD (NP (DT a) (NN deterrent)) (PP (IN to) (NP (NN crime))))) (, ,) (-DFL- E_S))",105
sw05utt/sw_0596_2734.utt,2/sw2734,2734,75,sv,A,37,5,they shouldn't catch themselves in that circumstance anyway.  /,[ they/PRP ] should/MD n't/RB catch/VB  [ themselves/PRP ] in/IN  [ that/DT circumstance/NN ] anyway/RB ./.,(S (NP-SBJ (PRP they)) (VP (MD should) (RB n't) (VP (VB catch) (NP (PRP themselves)) (PP (IN in) (NP (DT that) (NN circumstance))) (ADVP (RB anyway)))) (. .) (-DFL- E_S)),106
sw05utt/sw_0596_2734.utt,2/sw2734,2734,76,sv,A,37,6,"{C But } to be the actual one of the ones that decide, that would be tougher for me. /","But/CC to/TO be/VB  [ the/DT actual/JJ one/NN ] of/IN  [ the/DT ones/NNS ] [ that/WDT ] decide/VBP ,/, that/DT would/MD be/VB tougher/JJR for/IN  [ me/PRP ] ./.","(S (CC But) (S-TPC (NP-SBJ (-NONE- *)) (VP (TO to) (VP (VB be) (EDITED (NP-PRD-UNF (DT the) (JJ actual))) (NP-PRD (NP (NN one)) (PP (IN of) (NP (NP (DT the) (NNS ones)) (SBAR (WHNP-1 (WDT that)) (S (NP-SBJ (-NONE- *T*-1)) (VP (VBP decide)))))))))) (, ,) (NP-SBJ (DT that)) (VP (MD would) (VP (VB be) (ADJP-PRD (JJR tougher)) (PP (IN for) (NP (PRP me))))) (. .) (-DFL- E_S))",107
sw05utt/sw_0596_2734.utt,2/sw2734,2734,77,aa,B,38,1,"Yes,  /","Yes/UH ,/,","(INTJ (UH Yes) (, ,) (-DFL- E_S))",109
sw05utt/sw_0596_2734.utt,2/sw2734,2734,78,aa,B,38,2,very true.  /,very/RB true/JJ ./.,(ADJP (RB very) (JJ true) (. .) (-DFL- E_S)),110
sw05utt/sw_0596_2734.utt,2/sw2734,2734,79,aa,B,38,3,"[ I, + {F uh, } I ]  agree with you there.  /","[ I/PRP ] ,/,  [ uh/UH ] ,/,  [ I/PRP ] agree/VBP with/IN  [ you/PRP ] there/RB ./.","(S (EDITED (RM (-DFL- \[)) (NP-SBJ (PRP I)) (, ,) (IP (-DFL- \+))) (INTJ (UH uh)) (, ,) (NP-SBJ (PRP I)) (RS (-DFL- \])) (VP (VBP agree) (PP (IN with) (NP (PRP you))) (ADVP (RB there))) (. .) (-DFL- E_S))",111
sw05utt/sw_0596_2734.utt,2/sw2734,2734,80,%@,B,38,4,"{F Uh, }    *[[slash error]]","[ Uh/UH ] ,/,","(INTJ (INTJ (UH Uh)) (, ,) (INTJ (UH Uh-huh)) (. .) (-DFL- E_S))",112
sw05utt/sw_0596_2734.utt,2/sw2734,2734,81,sd,A,39,1,I think I'd probably do it  /,[ I/PRP ] think/VBP  [ I/PRP ] 'd/MD probably/RB do/VB  [ it/PRP ],(S (NP-SBJ (PRP I)) (VP (VBP think) (SBAR (-NONE- 0) (S (NP-SBJ (PRP I)) (VP (MD 'd) (ADVP (RB probably)) (VP (VB do) (NP (PRP it))))))) (-DFL- E_S)),114
sw05utt/sw_0596_2734.utt,2/sw2734,2734,82,sv,A,39,2,{C but } we could never say what we would do if we're not in the circumstance.  /,but/CC  [ we/PRP ] could/MD never/RB say/VB  [ what/WP ] [ we/PRP ] would/MD do/VB if/IN  [ we/PRP ] 're/VBP not/RB in/IN  [ the/DT circumstance/NN ] ./.,(S (CC but) (NP-SBJ (PRP we)) (VP (MD could) (ADVP-TMP (RB never)) (VP (VB say) (SBAR (WHNP-1 (WP what)) (S (NP-SBJ (PRP we)) (VP (MD would) (VP (VB do) (NP (-NONE- *T*-1)))))) (SBAR-ADV (IN if) (S (NP-SBJ (PRP we)) (VP (VBP 're) (RB not) (PP-PRD (IN in) (NP (DT the) (NN circumstance)))))))) (. .) (-DFL- E_S)),115
sw05utt/sw_0596_2734.utt,2/sw2734,2734,83,sv,A,39,3,"[ [ [ It, + that's, ] +   that's, ] +  that's ] a real easy thing to say that, {F oh, } sure I would,  /","[ It/PRP ] ,/,  [ that/DT ] 's/BES ,/,  [ that/DT ] 's/BES ,/,  [ that/DT ] 's/BES  [ a/DT real/RB easy/JJ thing/NN ] to/TO say/VB that/IN ,/, oh/UH ,/, sure/RB  [ I/PRP ] would/MD ,/,","(S (EDITED (RM (-DFL- \[)) (EDITED (RM (-DFL- \[)) (EDITED (RM (-DFL- \[)) (NP-SBJ (PRP It)) (, ,) (IP (-DFL- \+))) (S (NP-SBJ (DT that)) (VP-UNF (BES 's))) (, ,) (RS (-DFL- \])) (IP (-DFL- \+))) (S (NP-SBJ (DT that)) (VP-UNF (BES 's))) (, ,) (RS (-DFL- \])) (IP (-DFL- \+))) (NP-SBJ (DT that)) (VP (BES 's) (RS (-DFL- \])) (NP-PRD (DT a) (ADJP (RB real) (JJ easy)) (NN thing)) (S-TPC (NP-SBJ (-NONE- *)) (VP (TO to) (VP (VB say) (SBAR (IN that) (, ,) (S-SEZ (INTJ (UH oh)) (, ,) (INTJ (RB sure)) (NP-SBJ (PRP I)) (VP (MD would) (VP (-NONE- *?*))))))))) (, ,) (-DFL- E_S))",116
sw05utt/sw_0596_2734.utt,2/sw2734,2734,84,h,A,39,4,{C but } I don't know <noise>. /,but/CC  [ I/PRP ] do/VBP n't/RB know/VB ./.,(S (CC but) (NP-SBJ (PRP I)) (VP (VBP do) (RB n't) (VP (VB know))) (. .) (-DFL- E_S)),117
sw05utt/sw_0596_2734.utt,2/sw2734,2734,85,+,B,40,1,Uh-huh.  /,[ Uh-huh/UH ] ./.,(INTJ (UH Uh-huh) (. .) (-DFL- E_S)),78
sw05utt/sw_0596_2734.utt,2/sw2734,2734,86,sd,B,40,2,"{D Well, } I myself wouldn't  want to be on the jury like that.  /","Well/UH ,/,  [ I/PRP ] [ myself/PRP ] would/MD n't/RB want/VB to/TO be/VB on/IN  [ the/DT jury/NN ] like/IN  [ that/DT ] ./.","(S (INTJ (UH Well)) (, ,) (NP-SBJ-1 (NP (PRP I)) (NP (PRP myself))) (VP (MD would) (RB n't) (VP (VB want) (S (NP-SBJ (-NONE- *-1)) (VP (TO to) (VP (VB be) (PP-PRD (IN on) (NP (DT the) (NN jury))) (PP (IN like) (NP (DT that)))))))) (. .) (-DFL- E_S))",119
sw05utt/sw_0596_2734.utt,2/sw2734,2734,87,sv,B,40,3,"{F Uh, } [ [ [ I, +     it, ] +  it's, ] +  {F uh, } that's ] an awful  lot [ to, + {F uh, } to ] expect of a person, [ to, +  {F uh, } to ] kill somebody is what it amounts to. /","[ Uh/UH ] ,/,  [ I/PRP ] ,/,  [ it/PRP ] ,/,  [ it/PRP ] 's/BES ,/,  [ uh/UH ] ,/,  [ that/DT ] 's/BES  [ an/DT awful/JJ lot/NN ] to/TO ,/,  [ uh/UH ] ,/, to/TO expect/VB of/IN  [ a/DT person/NN ] ,/, to/TO ,/,  [ uh/UH ] ,/, to/TO kill/VB  [ somebody/NN ] is/VBZ  [ what/WP ] [ it/PRP ] amounts/VBZ to/IN ./.","(S (INTJ (UH Uh)) (, ,) (EDITED (RM (-DFL- \[)) (EDITED (RM (-DFL- \[)) (EDITED (RM (-DFL- \[)) (NP-SBJ (PRP I)) (, ,) (IP (-DFL- \+))) (NP-SBJ (PRP it)) (, ,) (RS (-DFL- \])) (IP (-DFL- \+))) (S (NP-SBJ (PRP it)) (VP-UNF (BES 's))) (, ,) (RS (-DFL- \])) (IP (-DFL- \+))) (INTJ (UH uh)) (, ,) (NP-SBJ (DT that)) (VP (BES 's) (RS (-DFL- \])) (NP-PRD (NP (DT an) (JJ awful) (NN lot)) (SBAR (WHNP-1 (-NONE- 0)) (S (NP-SBJ (-NONE- *)) (EDITED (RM (-DFL- \[)) (VP-UNF (TO to)) (, ,) (IP (-DFL- \+))) (INTJ (UH uh)) (, ,) (VP (TO to) (RS (-DFL- \])) (VP (VB expect) (NP (-NONE- *T*-1)) (PP (IN of) (NP (DT a) (NN person))))))))) (, ,))|||(S (S-SBJ (NP-SBJ (-NONE- *)) (EDITED (RM (-DFL- \[)) (VP-UNF (TO to)) (, ,) (IP (-DFL- \+))) (INTJ (UH uh)) (, ,) (VP (TO to) (RS (-DFL- \])) (VP (VB kill) (NP (NN somebody))))) (VP (VBZ is) (SBAR-NOM-PRD (WHNP-2 (WP what)) (S (NP-SBJ (PRP it)) (VP (VBZ amounts) (PP (IN to) (NP (-NONE- *T*-2))))))) (. .) (-DFL- E_S))",120|||121
sw05utt/sw_0596_2734.utt,2/sw2734,2734,88,aa,A,41,1,"{D Well, } yes,  /","Well/UH ,/, yes/UH ,/,","(INTJ (INTJ (UH Well)) (, ,) (INTJ (UH yes)) (, ,) (-DFL- E_S))",123
sw05utt/sw_0596_2734.utt,2/sw2734,2734,89,sv,A,41,2,"{C but, } {D you know, } that's what they did. /","but/CC ,/,  [ you/PRP ] know/VBP ,/,  [ that/DT ] 's/BES  [ what/WP ] [ they/PRP ] did/VBD ./.","(S (CC but) (PRN (, ,) (S (NP-SBJ (PRP you)) (VP (VBP know))) (, ,)) (NP-SBJ (DT that)) (VP (BES 's) (SBAR-NOM-PRD (WHNP-1 (WP what)) (S (NP-SBJ (PRP they)) (VP (VBD did) (NP (-NONE- *T*-1)))))) (. .) (-DFL- E_S))",124
sw05utt/sw_0596_2734.utt,2/sw2734,2734,90,%,B,42,1,"It, - /","[ It/PRP ] ,/,","(S-UNF (NP-SBJ (PRP It)) (, ,) (-DFL- N_S))",126
sw05utt/sw_0596_2734.utt,2/sw2734,2734,91,aa,B,42,2,true.  /,[ true/UH ] ./.,(INTJ (UH true) (. .) (-DFL- E_S)),127
sw05utt/sw_0596_2734.utt,2/sw2734,2734,92,aa,B,42,3,Very true.  /,Very/RB true/JJ ./.,(INTJ (RB Very) (JJ true) (. .) (-DFL- E_S)),128
sw05utt/sw_0596_2734.utt,2/sw2734,2734,93,sv,B,42,4,"{C But } [ they, +  they ] did it because they have a warped mind for some reason. /","But/CC  [ they/PRP ] ,/,  [ they/PRP ] did/VBD  [ it/PRP ] because/IN  [ they/PRP ] have/VBP  [ a/DT warped/JJ mind/NN ] for/IN  [ some/DT reason/NN ] ./.","(S (CC But) (EDITED (RM (-DFL- \[)) (NP-SBJ (PRP they)) (, ,) (IP (-DFL- \+))) (NP-SBJ (PRP they)) (RS (-DFL- \])) (VP (VBD did) (NP (PRP it)) (SBAR-PRP (IN because) (S (NP-SBJ (PRP they)) (VP (VBP have) (NP (DT a) (JJ warped) (NN mind)) (PP-PRP (IN for) (NP (DT some) (NN reason))))))) (. .) (-DFL- E_S))",129
sw05utt/sw_0596_2734.utt,2/sw2734,2734,94,sv,A,43,1,{C Or } rather than have a warped mind  it was just the only way to get whatever they wanted. /,Or/CC rather/IN than/IN have/VBP  [ a/DT warped/JJ mind/NN ] [ it/PRP ] was/VBD just/RB  [ the/DT only/JJ way/NN ] to/TO get/VB  [ whatever/WP ] [ they/PRP ] wanted/VBD ./.,(S (CC Or) (ADVP (ADVP (IN rather)) (SBAR (IN than) (S (NP-SBJ (-NONE- *)) (VP (VBP have) (NP (DT a) (JJ warped) (NN mind)))))) (NP-SBJ (PRP it)) (VP (VBD was) (ADVP (RB just)) (NP-PRD (NP (DT the) (JJ only) (NN way)) (SBAR (WHADVP-2 (-NONE- 0)) (S (NP-SBJ (-NONE- *)) (VP (TO to) (VP (VB get) (SBAR-NOM (WHNP-1 (WP whatever)) (S (NP-SBJ (PRP they)) (VP (VBD wanted) (NP (-NONE- *T*-1))))) (ADVP-MNR (-NONE- *T*-2)))))))) (. .) (-DFL- E_S)),131
sw05utt/sw_0596_2734.utt,2/sw2734,2734,95,b,B,44,1,Yeah  /,Yeah/UH,(INTJ (UH Yeah) (-DFL- E_S)),133
sw05utt/sw_0596_2734.utt,2/sw2734,2734,96,%@,B,44,2,"{D well, } {F uh, }    *[[slash error]]","well/UH ,/,  [ uh/UH ] ,/,","(INTJ (INTJ (UH well)) (, ,) (INTJ (UH uh)) (, ,) (INTJ (UH Uh-huh)) (. .) (-DFL- E_S))",134
sw05utt/sw_0596_2734.utt,2/sw2734,2734,97,sv,A,45,1,"{C And } [ they, +  they ]  wanted something [ worse  than they, +  more than they ] respect the human life. /","And/CC  [ they/PRP ] ,/,  [ they/PRP ] wanted/VBD  [ something/NN ] worse/JJR than/IN  [ they/PRP ] ,/, more/RBR than/IN  [ they/PRP ] respect/VBP  [ the/DT human/JJ life/NN ] ./.","(S (CC And) (EDITED (RM (-DFL- \[)) (NP-SBJ (PRP they)) (, ,) (IP (-DFL- \+))) (NP-SBJ (PRP they)) (RS (-DFL- \])) (VP (VBD wanted) (NP (NN something)) (EDITED (RM (-DFL- \[)) (ADVP (ADVP (JJR worse)) (SBAR (IN than) (S-UNF (NP-SBJ (PRP they))))) (, ,) (IP (-DFL- \+))) (ADVP (ADVP (RBR more)) (SBAR (IN than) (S (NP-SBJ (PRP they)) (RS (-DFL- \])) (VP (VBP respect) (NP (DT the) (JJ human) (NN life))))))) (. .) (-DFL- E_S))",136
sw05utt/sw_0596_2734.utt,2/sw2734,2734,98,+,B,46,1,Uh-huh <<pause>>.  /,[ Uh-huh/UH ] ./.,(INTJ (UH Uh-huh) (. .) (-DFL- E_S)),101
sw05utt/sw_0596_2734.utt,2/sw2734,2734,99,aa,B,46,2,"Yeah,  /","Yeah/UH ,/,","(INTJ (UH Yeah) (, ,) (-DFL- E_S))",138
sw05utt/sw_0596_2734.utt,2/sw2734,2734,100,aa,B,46,3,exactly.  /,exactly/RB ./.,(INTJ (RB exactly) (. .) (-DFL- E_S)),139
sw05utt/sw_0596_2734.utt,2/sw2734,2734,101,sv,B,46,4,"{D Well, }   anyhow I guess we both agree [ that, +","Well/UH ,/, anyhow/RB  [ I/PRP ] guess/VBP  [ we/PRP ] [ both/DT ] agree/VBP that/IN ,/,","(S (INTJ (UH Well)) (, ,) (INTJ (RB anyhow)) (NP-SBJ (PRP I)) (VP (VBP guess) (SBAR (-NONE- 0) (S (NP-SBJ (NP (PRP we)) (NP (DT both))) (VP (VBP agree) (SBAR (EDITED (RM (-DFL- \[)) (SBAR-UNF (IN that)) (, ,) (IP (-DFL- \+))) (IN that) (RS (-DFL- \])) (S (EDITED (RM (-DFL- \[)) (S (NP-SBJ (PRP it)) (VP-UNF (VBZ is))) (, ,) (IP (-DFL- \+))) (NP-SBJ (PRP it)) (VP (MD should) (VP (VB be) (RS (-DFL- \])) (PP-PRD (IN in) (NP (NN effect))))))))))) (. .) (-DFL- E_S))",140
sw05utt/sw_0596_2734.utt,2/sw2734.pos,2734,102,x,A,47,1,# <Laughter>.  #,./.
sw05utt/sw_0596_2734.utt,2/sw2734,2734,103,+,B,48,1,"# that # ] [ it is, +","that/IN  [ it/PRP ] is/VBZ ,/,","(S (INTJ (UH Well)) (, ,) (INTJ (RB anyhow)) (NP-SBJ (PRP I)) (VP (VBP guess) (SBAR (-NONE- 0) (S (NP-SBJ (NP (PRP we)) (NP (DT both))) (VP (VBP agree) (SBAR (EDITED (RM (-DFL- \[)) (SBAR-UNF (IN that)) (, ,) (IP (-DFL- \+))) (IN that) (RS (-DFL- \])) (S (EDITED (RM (-DFL- \[)) (S (NP-SBJ (PRP it)) (VP-UNF (VBZ is))) (, ,) (IP (-DFL- \+))) (NP-SBJ (PRP it)) (VP (MD should) (VP (VB be) (RS (-DFL- \])) (PP-PRD (IN in) (NP (NN effect))))))))))) (. .) (-DFL- E_S))",140
sw05utt/sw_0596_2734.utt,2/sw2734,2734,104,ad,A,49,1,# Hang them.  # /,Hang/VB  [ them/PRP ] ./.,(S-IMP (NP-SBJ (-NONE- *)) (VP (VB Hang) (NP (PRP them))) (. .) (-DFL- E_S)),144
sw05utt/sw_0596_2734.utt,2/sw2734,2734,105,+,B,50,1,# it should  # be ] in effect. /,[ it/PRP ] should/MD be/VB in/IN  [ effect/NN ] ./.,"(S (INTJ (UH Well)) (, ,) (INTJ (RB anyhow)) (NP-SBJ (PRP I)) (VP (VBP guess) (SBAR (-NONE- 0) (S (NP-SBJ (NP (PRP we)) (NP (DT both))) (VP (VBP agree) (SBAR (EDITED (RM (-DFL- \[)) (SBAR-UNF (IN that)) (, ,) (IP (-DFL- \+))) (IN that) (RS (-DFL- \])) (S (EDITED (RM (-DFL- \[)) (S (NP-SBJ (PRP it)) (VP-UNF (VBZ is))) (, ,) (IP (-DFL- \+))) (NP-SBJ (PRP it)) (VP (MD should) (VP (VB be) (RS (-DFL- \])) (PP-PRD (IN in) (NP (NN effect))))))))))) (. .) (-DFL- E_S))",140
sw05utt/sw_0596_2734.utt,2/sw2734,2734,106,aa,A,51,1,"Yeah,  /","[ Yeah/UH ] ,/,","(INTJ (UH Yeah) (, ,) (-DFL- E_S))",138
sw05utt/sw_0596_2734.utt,2/sw2734,2734,107,aa,A,51,2,I agree it should be in effect.  /,[ I/PRP ] agree/VBP  [ it/PRP ] should/MD be/VB in/IN  [ effect/NN ] ./.,(S (NP-SBJ (PRP I)) (VP (VBP agree) (SBAR (-NONE- 0) (S (NP-SBJ (PRP it)) (VP (MD should) (VP (VB be) (PP-PRD (IN in) (NP (NN effect)))))))) (. .) (-DFL- E_S)),148
sw05utt/sw_0596_2734.utt,2/sw2734,2734,108,sv,A,51,3,"Also I agree there should be a lot of care in the enforcement, {F uh, }  /","Also/RB  [ I/PRP ] agree/VBP  [ there/EX ] should/MD be/VB  [ a/DT lot/NN ] of/IN  [ care/NN ] in/IN  [ the/DT enforcement/NN ] ,/,  [ uh/UH ] ,/,","(S (ADVP (RB Also)) (NP-SBJ (PRP I)) (VP (VBP agree) (SBAR (-NONE- 0) (S (NP-SBJ (EX there)) (VP (MD should) (VP (VB be) (NP-PRD (NP (DT a) (NN lot)) (PP (IN of) (NP (NN care)))) (PP (IN in) (NP (DT the) (NN enforcement))))))) (, ,) (INTJ (UH uh))) (, ,) (-DFL- E_S))",149
sw05utt/sw_0596_2734.utt,2/sw2734,2734,109,sd,A,51,4,{C so } I guess I would say I want it to be in effect  /,so/RB  [ I/PRP ] guess/VBP  [ I/PRP ] would/MD say/VB  [ I/PRP ] want/VBP  [ it/PRP ] to/TO be/VB in/IN  [ effect/NN ],(S (RB so) (NP-SBJ (PRP I)) (VP (VBP guess) (SBAR (-NONE- 0) (S (NP-SBJ (PRP I)) (VP (MD would) (VP (VB say) (SBAR (-NONE- 0) (S (NP-SBJ (PRP I)) (VP (VBP want) (S (NP-SBJ (PRP it)) (VP (TO to) (VP (VB be) (PP-PRD (IN in) (NP (NN effect)))))))))))))) (-DFL- E_S)),150
sw05utt/sw_0596_2734.utt,2/sw2734,2734,110,%,A,51,5,"{C but } I want <<pause>>, maybe - /","but/CC  [ I/PRP ] want/VBP ,/, maybe/RB","(S (CC but) (NP-SBJ (PRP I)) (VP-UNF (VBP want) (, ,) (ADVP (RB maybe))) (-DFL- N_S))",151
sw05utt/sw_0596_2734.utt,2/sw2734,2734,111,sd,A,51,6,"{D well, }    [ [ I'd, +   I, ] +  {D now } I ] have a problem with this, too.  /","well/UH ,/,  [ I/PRP ] 'd/MD ,/,  [ I/PRP ] ,/, now/RB  [ I/PRP ] have/VBP  [ a/DT problem/NN ] with/IN  [ this/DT ] ,/, too/RB ./.","(S (INTJ (UH well)) (, ,) (EDITED (RM (-DFL- \[)) (EDITED (RM (-DFL- \[)) (S (NP-SBJ (PRP I)) (VP-UNF (MD 'd))) (, ,) (IP (-DFL- \+))) (NP-SBJ (PRP I)) (, ,) (RS (-DFL- \])) (IP (-DFL- \+))) (INTJ (RB now)) (NP-SBJ (PRP I)) (RS (-DFL- \])) (VP (VBP have) (NP (NP (DT a) (NN problem)) (PP (IN with) (NP (DT this)))) (, ,) (ADVP (RB too))) (. .) (-DFL- E_S))",152
sw05utt/sw_0596_2734.utt,2/sw2734,2734,112,sv,A,51,7,I think our courts have too many  opportunities for them to go back and get one more chance. /,[ I/PRP ] think/VBP  [ our/PRP$ courts/NNS ] have/VBP  [ too/RB many/JJ opportunities/NNS ] for/IN  [ them/PRP ] to/TO go/VB back/RB and/CC get/VB  [ one/CD more/JJR chance/NN ] ./.,(S (NP-SBJ (PRP I)) (VP (VBP think) (SBAR (-NONE- 0) (S (NP-SBJ (PRP$ our) (NNS courts)) (VP (VBP have) (NP (NP (ADJP (RB too) (JJ many)) (NNS opportunities)) (SBAR (IN for) (S (NP-SBJ (PRP them)) (VP (TO to) (VP (VP (VB go) (ADVP (RB back))) (CC and) (VP (VB get) (NP (CD one) (JJR more) (NN chance)))))))))))) (. .) (-DFL- E_S)),153
sw05utt/sw_0596_2734.utt,2/sw2734,2734,113,aa,B,52,1,"{F Oh, } that's true.  /","Oh/UH ,/,  [ that/DT ] 's/BES true/JJ ./.","(S (INTJ (UH Oh)) (, ,) (NP-SBJ (DT that)) (VP (BES 's) (ADJP-PRD (JJ true))) (. .) (-DFL- E_S))",155
sw05utt/sw_0596_2734.utt,2/sw2734,2734,114,sd,B,52,2,"{D Well } {D now } [ any, +  {F uh, } just believe in just about any ] state in the union, {F uh, } {F uh, } a [ death, + {F uh, } {E or, } {F uh, } {D yeah, } death ] verdict is an automatic, {F uh, } appeal. /","Well/UH now/RB  [ any/DT ] ,/,  [ uh/UH ] ,/, just/RB believe/VBP in/IN just/RB about/RB  [ any/DT state/NN ] in/IN  [ the/DT union/NN ] ,/,  [ uh/UH ] ,/,  [ uh/UH ] ,/,  [ a/DT death/NN ] ,/,  [ uh/UH ] ,/, or/CC ,/,  [ uh/UH ] ,/, yeah/UH ,/,  [ death/NN verdict/NN ] is/VBZ  [ an/DT automatic/JJ ] ,/,  [ uh/UH ] ,/,  [ appeal/NN ] ./.","(S (INTJ (UH Well)) (INTJ (RB now)) (EDITED (RM (-DFL- \[)) (NP-SBJ-UNF (DT any)) (, ,) (IP (-DFL- \+))) (INTJ (UH uh)) (, ,) (ADVP (RB just)) (NP-SBJ (-NONE- *)) (VP (VBP believe) (SBAR (-NONE- 0) (S (PP-LOC (IN in) (NP (NP (RB just) (RB about) (DT any) (RS (-DFL- \])) (NN state)) (PP (IN in) (NP (DT the) (NN union))))) (, ,) (INTJ (UH uh)) (, ,) (INTJ (UH uh)) (, ,) (NP-SBJ (DT a) (EDITED (RM (-DFL- \[)) (NN death) (, ,) (IP (-DFL- \+)) (INTJ (UH uh)) (, ,) (CC or)) (, ,) (INTJ (UH uh)) (, ,) (INTJ (UH yeah)) (, ,) (NN death) (RS (-DFL- \])) (NN verdict)) (VP (VBZ is) (NP-PRD (DT an) (JJ automatic) (, ,) (INTJ (UH uh)) (, ,) (NN appeal)))))) (. .) (-DFL- E_S))",156
sw05utt/sw_0596_2734.utt,2/sw2734,2734,115,aa,A,53,1,That's correct.  /,[ That/DT ] 's/BES correct/JJ ./.,(S (NP-SBJ (DT That)) (VP (BES 's) (ADJP-PRD (JJ correct))) (. .) (-DFL- E_S)),158
sw05utt/sw_0596_2734.utt,2/sw2734,2734,116,sd,A,53,2,"It is, <noise>  /","[ It/PRP ] is/VBZ ,/,","(S (NP-SBJ (PRP It)) (VP (VBZ is) (NP-PRD (-NONE- *?*))) (, ,) (-DFL- E_S))",159
sw05utt/sw_0596_2734.utt,2/sw2734,2734,117,sd,A,53,3,it is. /,[ it/PRP ] is/VBZ ./.,(S (NP-SBJ (PRP it)) (VP (VBZ is) (NP-PRD (-NONE- *?*))) (. .) (-DFL- E_S)),160
sw05utt/sw_0596_2734.utt,2/sw2734,2734,118,aa,B,54,1,"{C And, } {F uh, } {F uh, } yes,  /","And/CC ,/,  [ uh/UH ] ,/,  [ uh/UH ] ,/, yes/UH ,/,","(S-UNF (CC And) (, ,) (INTJ (UH uh)) (, ,) (INTJ (UH uh)) (, ,) (INTJ (UH yes)) (, ,) (-DFL- E_S))",162
sw05utt/sw_0596_2734.utt,2/sw2734,2734,119,aa,B,54,2,I'm inclined to agree with you.  /,[ I/PRP ] 'm/VBP inclined/VBN to/TO agree/VB with/IN  [ you/PRP ] ./.,(S (NP-SBJ-1 (PRP I)) (VP (VBP 'm) (VP (VBN inclined) (S (NP-SBJ (-NONE- *-1)) (VP (TO to) (VP (VB agree) (PP (IN with) (NP (PRP you)))))))) (. .) (-DFL- E_S)),163
sw05utt/sw_0596_2734.utt,2/sw2734,2734,120,aa,B,54,3,"I think so,  /","[ I/PRP ] think/VBP so/RB ,/,","(S (NP-SBJ (PRP I)) (VP (VBP think) (ADVP (RB so))) (, ,) (-DFL- E_S))",164
sw05utt/sw_0596_2734.utt,2/sw2734,2734,121,sv,B,54,4,there should be a limit as to the number of appeals. /,[ there/EX ] should/MD be/VB  [ a/DT limit/NN ] as/IN to/IN  [ the/DT number/NN ] of/IN  [ appeals/NNS ] ./.,(S (NP-SBJ (EX there)) (VP (MD should) (VP (VB be) (NP-PRD (NP (DT a) (NN limit)) (PP (IN as) (PP (IN to) (NP (NP (DT the) (NN number)) (PP (IN of) (NP (NNS appeals))))))))) (. .) (-DFL- E_S)),165
sw05utt/sw_0596_2734.utt,2/sw2734,2734,122,sd,A,55,1,"{D Now, } there's some,  /","Now/UH ,/,  [ there/EX ] 's/BES  [ some/DT ] ,/,","(S (INTJ (UH Now)) (, ,) (NP-SBJ (EX there)) (VP (BES 's) (NP-PRD-UNF (DT some))) (, ,) (-DFL- E_S))",167
sw05utt/sw_0596_2734.utt,2/sw2734,2734,123,sd,A,55,2,"{C and } maybe, {D now, } <ringing>  I don't remember if this is Texas or not, that has something about all  drug dealers can be sentenced to the death sentence. /","and/CC maybe/RB ,/, now/UH ,/,  [ I/PRP ] do/VBP n't/RB remember/VB if/IN  [ this/DT ] is/VBZ  [ Texas/NNP ] or/CC not/RB ,/,  [ that/DT ] has/VBZ  [ something/NN ] about/IN  [ all/DT drug/NN dealers/NNS ] can/MD be/VB sentenced/VBN to/IN  [ the/DT death/NN sentence/NN ] ./.","(S (CC and) (ADVP (RB maybe)) (, ,) (INTJ (UH now)) (, ,) (NP-SBJ (PRP I)) (VP (VBP do) (RB n't) (VP (VB remember) (SBAR (IN if) (S (NP-SBJ (NP (DT this)) (SBAR (-NONE- *ICH*-3))) (VP (VP (VBZ is) (NP-PRD (NNP Texas))) (CC or) (VP (FRAG (RB not))) (, ,) (SBAR-3 (WHNP-1 (DT that)) (S (NP-SBJ (-NONE- *T*-1)) (VP (VBZ has) (NP (NP (NN something)) (PP (IN about) (SBAR (-NONE- 0) (S (NP-SBJ-2 (DT all) (NN drug) (NNS dealers)) (VP (MD can) (VP (VB be) (VP (VBN sentenced) (NP (-NONE- *-2)) (PP (IN to) (NP (DT the) (NN death) (NN sentence)))))))))))))))))) (. .) (-DFL- E_S))",168
sw05utt/sw_0596_2734.utt,2/sw2734,2734,124,arp,B,56,1,"{F Um, } {F um, } {D well, } [ n-, +","Um/UH ,/, um/UH ,/, well/UH ,/,  [ n-/XX ] ,/,","(FRAG (INTJ (UH Um)) (, ,) (INTJ (UH um)) (, ,) (INTJ (UH well)) (, ,) (EDITED (RM (-DFL- \[)) (XX n-) (, ,) (IP (-DFL- \+))) (RB Not) (RS (-DFL- \])) (PP (ADVP (RB just)) (IN for) (S-NOM (NP-SBJ (-NONE- *)) (VP (VBG dealing) (PP (IN in) (NP (NNS drugs)))))) (. .) (-DFL- E_S))",170
sw05utt/sw_0596_2734.utt,2/sw2734,2734,125,sd,A,57,1,Convicted drug dealers. /,Convicted/VBN  [ drug/NN dealers/NNS ] ./.,(NP (VBN Convicted) (NN drug) (NNS dealers) (. .) (-DFL- E_S)),172
sw05utt/sw_0596_2734.utt,2/sw2734,2734,126,+,B,58,1,Not ] just for dealing in drugs.  /,Not/RB just/RB for/IN dealing/VBG in/IN  [ drugs/NNS ] ./.,"(FRAG (INTJ (UH Um)) (, ,) (INTJ (UH um)) (, ,) (INTJ (UH well)) (, ,) (EDITED (RM (-DFL- \[)) (XX n-) (, ,) (IP (-DFL- \+))) (RB Not) (RS (-DFL- \])) (PP (ADVP (RB just)) (IN for) (S-NOM (NP-SBJ (-NONE- *)) (VP (VBG dealing) (PP (IN in) (NP (NNS drugs)))))) (. .) (-DFL- E_S))",170
sw05utt/sw_0596_2734.utt,2/sw2734,2734,127,%,B,58,2,"It, {F uh, } -/","[ It/PRP ] ,/,  [ uh/UH ] ,/,","(S-UNF (NP-SBJ (PRP It)) (, ,) (INTJ (UH uh)) (, ,) (-DFL- N_S))",174
sw05utt/sw_0596_2734.utt,2/sw2734,2734,128,%,A,59,1,"[ [ Is it, +  what is, ] + what's ] the ru-, -/","Is/VBZ  [ it/PRP ] ,/,  [ what/WP ] is/VBZ ,/,  [ what/WP ] 's/BES  [ the/DT ru-/XX ] ,/,","(SBARQ (EDITED (RM (-DFL- \[)) (EDITED (RM (-DFL- \[)) (SQ (VBZ Is) (NP-SBJ (PRP it))) (, ,) (IP (-DFL- \+))) (SBARQ (WHNP (WP what)) (SQ-UNF (VBZ is))) (, ,) (RS (-DFL- \])) (IP (-DFL- \+))) (WHNP (WP what)) (SQ-UNF (BES 's) (RS (-DFL- \])) (NP-SBJ-UNF (DT the) (XX ru-))) (, ,) (-DFL- N_S))",176
sw05utt/sw_0596_2734.utt,2/sw2734,2734,129,sd,B,60,1,"There are certain circumstances,  /","[ There/EX ] are/VBP  [ certain/JJ circumstances/NNS ] ,/,","(S (NP-SBJ (EX There)) (VP (VBP are) (NP-PRD (JJ certain) (NNS circumstances))) (, ,) (-DFL- E_S))",178
sw05utt/sw_0596_2734.utt,2/sw2734,2734,130,sd,B,60,2,{C and } I don't remember what they are. /,and/CC  [ I/PRP ] do/VBP n't/RB remember/VB  [ what/WP ] [ they/PRP ] are/VBP ./.,(S (CC and) (NP-SBJ (PRP I)) (VP (VBP do) (RB n't) (VP (VB remember) (SBAR (WHNP-1 (WP what)) (S (NP-SBJ (PRP they)) (VP (VBP are) (NP-PRD (-NONE- *T*-1))))))) (. .) (-DFL- E_S)),179
sw05utt/sw_0596_2734.utt,2/sw2734,2734,131,sd,A,61,1,"[ It's something of the dis-, +    they're on the distribution ] end. /","[ It/PRP ] [ 's/BES ] [ something/NN ] of/IN  [ the/DT dis-/NN ] ,/,  [ they/PRP ] 're/VBP on/IN  [ the/DT distribution/NN end/NN ] ./.","(S (EDITED (RM (-DFL- \[)) (S (NP-SBJ (PRP It)) (VP (BES 's) (NP-PRD (NP (NN something)) (PP (IN of) (NP-UNF (DT the) (NN dis-)))))) (, ,) (IP (-DFL- \+))) (NP-SBJ (PRP they)) (VP (VBP 're) (PP-PRD (IN on) (NP (DT the) (NN distribution) (RS (-DFL- \])) (NN end)))) (. .) (-DFL- E_S))",181
sw05utt/sw_0596_2734.utt,2/sw2734,2734,132,aa,B,62,1,"{F Uh, } yes. /","[ Uh/UH ] ,/, yes/UH ./.","(INTJ (INTJ (UH Uh)) (, ,) (INTJ (UH yes)) (. .) (-DFL- E_S))",183
sw05utt/sw_0596_2734.utt,2/sw2734,2734,133,sd,A,63,1,"They're not selling them,  /","[ They/PRP ] 're/VBP not/RB selling/VBG  [ them/PRP ] ,/,","(S (NP-SBJ (PRP They)) (VP (VBP 're) (RB not) (VP (VBG selling) (NP (PRP them)))) (, ,) (-DFL- E_S))",185
sw05utt/sw_0596_2734.utt,2/sw2734,2734,134,sd,A,63,2,they're distributing them.  /,[ they/PRP ] 're/VBP distributing/VBG  [ them/PRP ] ./.,(S (NP-SBJ (PRP they)) (VP (VBP 're) (VP (VBG distributing) (NP (PRP them)))) (. .) (-DFL- E_S)),186
sw05utt/sw_0596_2734.utt,2/sw2734,2734,135,sd,A,63,3,"It's for the large dealers is what,","[ It/PRP ] 's/BES for/IN  [ the/DT large/JJ dealers/NNS ] is/VBZ  [ what/WP ] ,/,","(S (S-SBJ (NP-SBJ (PRP It)) (VP (BES 's) (PP-PRD (IN for) (NP (DT the) (JJ large) (NNS dealers))))) (VP (VBZ is) (SBAR-NOM-PRD (WHNP-2 (WP what)) (, ,) (S (NP-SBJ-1 (PRP it)) (VP (BES 's) (VP (VBN reserved) (NP (-NONE- *-1)) (PP-BNF (IN for) (NP (-NONE- *T*-2)))))))) (. .) (-DFL- E_S))",187
sw05utt/sw_0596_2734.utt,2/sw2734,2734,136,b,B,64,1,# Uh-huh. # /,[ Uh-huh/UH ] ./.,(INTJ (UH Uh-huh) (. .) (-DFL- E_S)),189
sw05utt/sw_0596_2734.utt,2/sw2734,2734,137,+,A,65,1,# it's # reserved for.  /,[ it/PRP ] 's/BES reserved/VBN for/IN ./.,"(S (S-SBJ (NP-SBJ (PRP It)) (VP (BES 's) (PP-PRD (IN for) (NP (DT the) (JJ large) (NNS dealers))))) (VP (VBZ is) (SBAR-NOM-PRD (WHNP-2 (WP what)) (, ,) (S (NP-SBJ-1 (PRP it)) (VP (BES 's) (VP (VBN reserved) (NP (-NONE- *-1)) (PP-BNF (IN for) (NP (-NONE- *T*-2)))))))) (. .) (-DFL- E_S))",187
sw05utt/sw_0596_2734.utt,2/sw2734,2734,138,sd,A,65,2,"{C And } [ they, +  they ] are in effect killing people. /","And/CC  [ they/PRP ] ,/,  [ they/PRP ] are/VBP in/IN  [ effect/NN ] killing/VBG  [ people/NNS ] ./.","(S (CC And) (EDITED (RM (-DFL- \[)) (NP-SBJ (PRP they)) (, ,) (IP (-DFL- \+))) (NP-SBJ (PRP they)) (RS (-DFL- \])) (VP (VBP are) (PP (IN in) (NP (NN effect))) (VP (VBG killing) (NP (NNS people)))) (. .) (-DFL- E_S))",191
sw05utt/sw_0596_2734.utt,2/sw2734,2734,139,aa,B,66,1,"{F Oh, } {F oh, } yes,  /","Oh/UH ,/, oh/UH ,/, yes/UH ,/,","(INTJ (INTJ (UH Oh)) (, ,) (INTJ (UH oh)) (, ,) (INTJ (UH yes)) (, ,) (-DFL- E_S))",193
sw05utt/sw_0596_2734.utt,2/sw2734,2734,140,aa,B,66,2,yes.  /,yes/UH ./.,(INTJ (UH yes) (. .) (-DFL- E_S)),194
sw05utt/sw_0596_2734.utt,2/sw2734,2734,141,sv,B,66,3,"[ I, + I ]  believe it's any capital crime related to drugs. /","[ I/PRP ] ,/,  [ I/PRP ] believe/VBP  [ it/PRP ] 's/BES  [ any/DT capital/JJ crime/NN ] related/VBN to/IN  [ drugs/NNS ] ./.","(S (EDITED (RM (-DFL- \[)) (NP-SBJ (PRP I)) (, ,) (IP (-DFL- \+))) (NP-SBJ (PRP I)) (RS (-DFL- \])) (VP (VBP believe) (SBAR (-NONE- 0) (S (NP-SBJ (PRP it)) (VP (BES 's) (NP-PRD (NP (DT any) (JJ capital) (NN crime)) (VP (VBN related) (NP (-NONE- *)) (PP (IN to) (NP (NNS drugs))))))))) (. .) (-DFL- E_S))",195
sw05utt/sw_0596_2734.utt,2/sw2734,2734,142,bk,A,67,1,"{F Oh, } okay. /","Oh/UH ,/, okay/UH ./.","(INTJ (INTJ (UH Oh)) (, ,) (INTJ (UH okay)) (. .) (-DFL- E_S))",197
sw05utt/sw_0596_2734.utt,2/sw2734,2734,143,sd,B,68,1,I think that's the way it's worded. /,[ I/PRP ] think/VBP  [ that/DT ] 's/BES  [ the/DT way/NN ] [ it/PRP ] 's/BES worded/VBN ./.,(S (NP-SBJ (PRP I)) (VP (VBP think) (SBAR (-NONE- 0) (S (NP-SBJ (DT that)) (VP (BES 's) (NP-PRD (NP (DT the) (NN way)) (SBAR (WHADVP-2 (-NONE- 0)) (S (NP-SBJ-1 (PRP it)) (VP (BES 's) (VP (VBN worded) (NP (-NONE- *-1)) (ADVP-MNR (-NONE- *T*-2))))))))))) (. .) (-DFL- E_S)),199
sw05utt/sw_0596_2734.utt,2/sw2734,2734,144,qy,A,69,1,Is that how it's worded?  /,Is/VBZ that/DT how/WRB  [ it/PRP ] 's/BES worded/VBN ?/.,(SQ (VBZ Is) (NP-SBJ (DT that)) (SBAR-MNR-PRD (WHADVP-2 (WRB how)) (S (NP-SBJ-1 (PRP it)) (VP (BES 's) (VP (VBN worded) (NP (-NONE- *-1)) (ADVP-MNR (-NONE- *T*-2)))))) (. ?) (-DFL- E_S)),201
sw05utt/sw_0596_2734.utt,2/sw2734,2734,145,sd,A,69,2,I knew it was there  /,[ I/PRP ] knew/VBD  [ it/PRP ] was/VBD there/RB,(S (NP-SBJ (PRP I)) (VP (VBD knew) (SBAR (-NONE- 0) (S (NP-SBJ (PRP it)) (VP (VBD was) (ADVP-LOC-PRD (RB there)))))) (-DFL- E_S)),202
sw05utt/sw_0596_2734.utt,2/sw2734,2734,146,%,A,69,3,"{C but, } [ I, +  I, ] - /","but/CC ,/,  [ I/PRP ] ,/,  [ I/PRP ] ,/,","(S-UNF (CC but) (, ,) (EDITED (RM (-DFL- \[)) (NP-SBJ (PRP I)) (, ,) (IP (-DFL- \+))) (NP-SBJ (PRP I)) (, ,) (RS (-DFL- \])) (-DFL- N_S))",203
sw05utt/sw_0596_2734.utt,2/sw2734,2734,147,qr,A,69,4,"[ {C or } p-, +  {C or } is it proposed ]  /","or/CC  [ p-/XX ] ,/, or/CC is/VBZ  [ it/PRP ] proposed/VBN","(SQ (EDITED (RM (-DFL- \[)) (CC or) (X (XX p-)) (, ,) (IP (-DFL- \+))) (CC or) (VBZ is) (NP-SBJ (PRP it)) (ADJP-PRD (VBN proposed)) (RS (-DFL- \])) (-DFL- E_S))",204
sw05utt/sw_0596_2734.utt,2/sw2734,2734,148,qr,A,69,5,{C or } is it passed? /,or/CC is/VBZ  [ it/PRP ] passed/VBD ?/.,(SQ (CC or) (VBZ is) (NP-SBJ (PRP it)) (ADJP-PRD (VBD passed)) (. ?) (-DFL- E_S)),205
sw05utt/sw_0596_2734.utt,2/sw2734,2734,149,sd,B,70,1,I do believe that's in.  /,[ I/PRP ] do/VBP believe/VB  [ that/DT ] 's/BES in/IN ./.,(S (NP-SBJ (PRP I)) (VP (VBP do) (VP (VB believe) (SBAR (-NONE- 0) (S (NP-SBJ (DT that)) (VP (BES 's) (ADVP-PRD (IN in))))))) (. .) (-DFL- E_S)),207
sw05utt/sw_0596_2734.utt,2/sw2734,2734,150,h,B,70,2,"{F Uh, } I wouldn't swear to it myself. /","[ Uh/UH ] ,/,  [ I/PRP ] would/MD n't/RB swear/VB to/IN  [ it/PRP ] [ myself/PRP ] ./.","(S (INTJ (UH Uh)) (, ,) (NP-SBJ (PRP I)) (VP (MD would) (RB n't) (VP (VB swear) (PP (IN to) (NP (PRP it))) (NP-ADV (PRP myself)))) (. .) (-DFL- E_S))",208
sw05utt/sw_0596_2734.utt,2/sw2734,2734,151,sd,A,71,1,"I believe it is, /","[ I/PRP ] believe/VBP  [ it/PRP ] is/VBZ ,/,","(S (NP-SBJ (PRP I)) (VP (VBP believe) (SBAR (-NONE- 0) (S (NP-SBJ (PRP it)) (VP (VBZ is) (ADJP-PRD (-NONE- *?*)))))) (, ,) (-DFL- E_S))",210
sw05utt/sw_0596_2734.utt,2/sw2734,2734,152,sd,B,72,1,"{C But } [ I thought it, +  I thought it ] was in effect. /","But/CC  [ I/PRP ] thought/VBD  [ it/PRP ] ,/,  [ I/PRP ] thought/VBD  [ it/PRP ] was/VBD in/IN  [ effect/NN ] ./.","(S (CC But) (EDITED (RM (-DFL- \[)) (S (NP-SBJ (PRP I)) (VP (VBD thought) (SBAR (-NONE- 0) (S-UNF (NP-SBJ (PRP it)))))) (, ,) (IP (-DFL- \+))) (NP-SBJ (PRP I)) (VP (VBD thought) (SBAR (-NONE- 0) (S (NP-SBJ (PRP it)) (RS (-DFL- \])) (VP (VBD was) (PP-PRD (IN in) (NP (NN effect))))))) (. .) (-DFL- E_S))",212
sw05utt/sw_0596_2734.utt,2/sw2734,2734,153,sd,A,73,1,"I believe you're right, though.  /","[ I/PRP ] believe/VBP  [ you/PRP ] 're/VBP right/JJ ,/, though/RB ./.","(S (NP-SBJ (PRP I)) (VP (VBP believe) (SBAR (-NONE- 0) (S (NP-SBJ (PRP you)) (VP (VBP 're) (ADJP-PRD (JJ right))))) (, ,) (ADVP (RB though))) (. .) (-DFL- E_S))",214
sw05utt/sw_0596_2734.utt,2/sw2734,2734,154,sd,A,73,2,I think it is.  /,[ I/PRP ] think/VBP  [ it/PRP ] is/VBZ ./.,(S (NP-SBJ (PRP I)) (VP (VBP think) (SBAR (-NONE- 0) (S (NP-SBJ (PRP it)) (VP (VBZ is) (ADJP-PRD (-NONE- *?*)))))) (. .) (-DFL- E_S)),215
sw05utt/sw_0596_2734.utt,2/sw2734,2734,155,aa,A,73,3,{C And } I have to agree with that. /,And/CC  [ I/PRP ] have/VBP to/TO agree/VB with/IN  [ that/DT ] ./.,(S (CC And) (NP-SBJ-1 (PRP I)) (VP (VBP have) (S (NP-SBJ (-NONE- *-1)) (VP (TO to) (VP (VB agree) (PP (IN with) (NP (DT that))))))) (. .) (-DFL- E_S)),216
sw05utt/sw_0596_2734.utt,2/sw2734,2734,156,b,B,74,1,Uh-huh. /,[ Uh-huh/UH ] ./.,(INTJ (UH Uh-huh) (. .) (-DFL- E_S)),189
sw05utt/sw_0596_2734.utt,2/sw2734,2734,157,sv,A,75,1,"[ I, +  I ] think it certainly should  be one of the options.  /","[ I/PRP ] ,/,  [ I/PRP ] think/VBP  [ it/PRP ] certainly/RB should/MD be/VB  [ one/CD ] of/IN  [ the/DT options/NNS ] ./.","(S (EDITED (RM (-DFL- \[)) (NP-SBJ (PRP I)) (, ,) (IP (-DFL- \+))) (NP-SBJ (PRP I)) (RS (-DFL- \])) (VP (VBP think) (SBAR (-NONE- 0) (S (NP-SBJ (PRP it)) (ADVP (RB certainly)) (VP (MD should) (VP (VB be) (NP-PRD (NP (CD one)) (PP (IN of) (NP (DT the) (NNS options))))))))) (. .) (-DFL- E_S))",220
sw05utt/sw_0596_2734.utt,2/sw2734,2734,158,sd,A,75,2,"{F Uh, } I've been fortunate with my children and grandchildren, so  far that I know.  /","[ Uh/UH ] ,/,  [ I/PRP ] 've/VBP been/VBN fortunate/JJ with/IN  [ my/PRP$ children/NNS ] and/CC  [ grandchildren/NNS ] ,/, so/RB far/RB that/IN  [ I/PRP ] know/VBP ./.","(S (INTJ (UH Uh)) (, ,) (NP-SBJ (PRP I)) (VP (VBP 've) (VP (VBN been) (ADJP-PRD (JJ fortunate) (PP (IN with) (NP (PRP$ my) (NNS children) (CC and) (NNS grandchildren)))) (, ,) (ADVP (ADVP (RB so) (RB far)) (SBAR (IN that) (S (NP-SBJ (PRP I)) (VP (VBP know))))))) (. .) (-DFL- E_S))",221
sw05utt/sw_0596_2734.utt,2/sw2734,2734,159,sd,A,75,3,"I qualify that heavily, /","[ I/PRP ] qualify/VBP that/DT heavily/RB ,/,","(S (NP-SBJ (PRP I)) (VP (VBP qualify) (NP (DT that)) (ADVP (RB heavily))) (, ,) (-DFL- E_S))",222
sw05utt/sw_0596_2734.utt,2/sw2734.pos,2734,160,x,B,76,1,# <Laughter>.  #,./.
sw05utt/sw_0596_2734.utt,2/sw2734,2734,161,h,A,77,1,"# {C because } # you never know, <breathing>  /","because/IN  [ you/PRP ] never/RB know/VB ,/,","(SBAR-PRP (IN because) (S (NP-SBJ (PRP you)) (ADVP-TMP (RB never)) (VP (VB know))) (, ,) (-DFL- E_S))",225
sw05utt/sw_0596_2734.utt,2/sw2734,2734,162,sd,A,77,2,{C but } to the best of my knowledge we haven't had a major problem yet. /,but/CC to/IN  [ the/DT best/JJS ] of/IN  [ my/PRP$ knowledge/NN ] [ we/PRP ] have/VBP n't/RB had/VBD  [ a/DT major/JJ problem/NN ] yet/RB ./.,(S (CC but) (PP (IN to) (NP (NP (DT the) (JJS best)) (PP (IN of) (NP (PRP$ my) (NN knowledge))))) (NP-SBJ (PRP we)) (VP (VBP have) (RB n't) (VP (VBD had) (NP (DT a) (JJ major) (NN problem)) (ADVP-TMP (RB yet)))) (. .) (-DFL- E_S)),226
sw05utt/sw_0596_2734.utt,2/sw2734,2734,163,b,B,78,1,Uh-huh. /,[ Uh-huh/UH ] ./.,(INTJ (UH Uh-huh) (. .) (-DFL- E_S)),218
sw05utt/sw_0596_2734.utt,2/sw2734,2734,164,sv@,A,79,1,{C But } it just touches so many young people.   *[[slash error]],But/CC  [ it/PRP ] just/RB touches/VBZ  [ so/RB many/JJ young/JJ people/NNS ] ./.,(S (CC But) (NP-SBJ (PRP it)) (ADVP (RB just)) (VP (VBZ touches) (NP (ADJP (RB so) (JJ many)) (JJ young) (NNS people))) (. .)),230
sw05utt/sw_0596_2734.utt,2/sw2734,2734,165,aa,B,80,1,"{F Oh, } it does.  /","Oh/UH ,/,  [ it/PRP ] does/VBZ ./.","(S (INTJ (UH Oh)) (, ,) (NP-SBJ (PRP it)) (VP (VBZ does)) (. .) (-DFL- E_S))",234
sw05utt/sw_0596_2734.utt,2/sw2734,2734,166,sd,B,80,2,"{F Uh, } I have four sons myself <breathing>,   /","[ Uh/UH ] ,/,  [ I/PRP ] have/VBP  [ four/CD sons/NNS ] [ myself/PRP ] ,/,","(S (INTJ (UH Uh)) (, ,) (NP-SBJ (PRP I)) (VP (VBP have) (NP (CD four) (NNS sons)) (NP-ADV (PRP myself))) (, ,) (-DFL- E_S))",235
sw05utt/sw_0596_2734.utt,2/sw2734,2734,167,sd,B,80,3,"{C and } the youngest is  twenty-eight, /","and/CC  [ the/DT youngest/JJS ] is/VBZ twenty-eight/CD ,/,","(S (CC and) (NP-SBJ (DT the) (JJS youngest)) (VP (VBZ is) (NP-PRD (CD twenty-eight))) (, ,) (-DFL- E_S))",236
sw05utt/sw_0596_2734.utt,2/sw2734,2734,168,+@,A,81,1,# {F Um. }  #   *[[slash error]],Um/UH ./.,(INTJ (UH Um) (. .)),231
sw05utt/sw_0596_2734.utt,2/sw2734,2734,169,sd,B,82,1,# {C so } # they are all pretty well grown up  /,so/RB  [ they/PRP ] are/VBP all/RB pretty/RB well/RB grown/VBN up/RP,(S (RB so) (NP-SBJ (PRP they)) (VP (VBP are) (RB all) (ADJP-PRD (ADVP (RB pretty) (RB well)) (VBN grown) (RP up))) (-DFL- E_S)),239
sw05utt/sw_0596_2734.utt,2/sw2734,2734,170,sd,B,82,2,"{C and } they all went through it, {D you know, } going through high school  and everything <breathing>  /","and/CC  [ they/PRP ] [ all/DT ] went/VBD through/IN  [ it/PRP ] ,/,  [ you/PRP ] know/VBP ,/, going/VBG through/IN  [ high/JJ school/NN ] and/CC  [ everything/NN ]","(S (CC and) (NP-SBJ (NP (PRP they)) (NP (DT all))) (VP (VBD went) (PP (IN through) (NP (PRP it))) (PRN (, ,) (S (NP-SBJ (PRP you)) (VP (VBP know))) (, ,)) (S-ADV (NP-SBJ (-NONE- *)) (VP (VP (VBG going) (PP (IN through) (NP (JJ high) (NN school)))) (CC and) (NP-ETC (NN everything))))) (-DFL- E_S))",240
sw05utt/sw_0596_2734.utt,2/sw2734,2734,171,sd,B,82,3,"{C and } knock wood that, {F uh, } they have not, - /","and/CC knock/VBP  [ wood/NN ] that/WDT ,/,  [ uh/UH ] ,/,  [ they/PRP ] have/VBP not/RB ,/,","(S (CC and) (NP-SBJ (-NONE- *)) (VP (VBP knock) (NP (NN wood)) (SBAR (WDT that) (, ,) (INTJ (UH uh)) (, ,) (S (NP-SBJ (PRP they)) (VP-UNF (VBP have) (RB not))))) (, ,) (-DFL- N_S))",241
sw05utt/sw_0596_2734.utt,2/sw2734,2734,172,sd,B,82,4,"{D well } I won't say they didn't try it, {F uh, }  /","well/UH  [ I/PRP ] wo/MD n't/RB say/VB  [ they/PRP ] did/VBD n't/RB try/VB  [ it/PRP ] ,/,  [ uh/UH ] ,/,","(S (INTJ (UH well)) (NP-SBJ (PRP I)) (VP (MD wo) (RB n't) (VP (VB say) (SBAR (-NONE- 0) (S (NP-SBJ (PRP they)) (VP (VBD did) (RB n't) (VP (VB try) (NP (PRP it)))))) (, ,) (INTJ (UH uh)))) (, ,) (-DFL- E_S))",242
sw05utt/sw_0596_2734.utt,2/sw2734,2734,173,h,B,82,5,"I wouldn't know,  /","[ I/PRP ] would/MD n't/RB know/VB ,/,","(S (NP-SBJ (PRP I)) (VP (MD would) (RB n't) (VP (VB know))) (, ,) (-DFL- E_S))",243
sw05utt/sw_0596_2734.utt,2/sw2734,2734,174,%,B,82,6,"{C but, } {F uh, } they, - /","but/CC ,/,  [ uh/UH ] ,/,  [ they/PRP ] ,/,","(S-UNF (CC but) (, ,) (INTJ (UH uh)) (, ,) (NP-SBJ (PRP they)) (, ,) (-DFL- N_S))",244
sw05utt/sw_0596_2734.utt,2/sw2734,2734,175,sd,B,82,7,"I doubt very much that [ they're, +  they're ]  using it now.  /","[ I/PRP ] doubt/VBP very/RB much/RB that/IN  [ they/PRP ] 're/VBP ,/,  [ they/PRP ] 're/VBP using/VBG  [ it/PRP ] now/RB ./.","(S (NP-SBJ (PRP I)) (VP (VBP doubt) (ADVP (RB very) (RB much)) (SBAR (IN that) (S (EDITED (RM (-DFL- \[)) (S (NP-SBJ (PRP they)) (VP-UNF (VBP 're))) (, ,) (IP (-DFL- \+))) (NP-SBJ (PRP they)) (VP (VBP 're) (RS (-DFL- \])) (VP (VBG using) (NP (PRP it)) (ADVP-TMP (RB now))))))) (. .) (-DFL- E_S))",245
sw05utt/sw_0596_2734.utt,2/sw2734,2734,176,sd,B,82,8,In fact I'm sure they don't. /,In/IN  [ fact/NN ] [ I/PRP ] 'm/VBP sure/JJ  [ they/PRP ] do/VBP n't/RB ./.,(S (PP (IN In) (NP (NN fact))) (NP-SBJ (PRP I)) (VP (VBP 'm) (ADJP-PRD (JJ sure) (SBAR (-NONE- 0) (S (NP-SBJ (PRP they)) (VP (VBP do) (RB n't)))))) (. .) (-DFL- E_S)),246
sw05utt/sw_0596_2734.utt,2/sw2734,2734,177,+,A,83,1,"{D Well, } my children are about  in the same age bracket.  /","Well/UH ,/,  [ my/PRP$ children/NNS ] are/VBP about/RB in/IN  [ the/DT same/JJ age/NN bracket/NN ] ./.","(S (INTJ (UH Well)) (, ,) (NP-SBJ (PRP$ my) (NNS children)) (VP (VBP are) (PP-PRD (ADVP (RB about)) (IN in) (NP (DT the) (JJ same) (NN age) (NN bracket)))) (. .) (-DFL- E_S))",232
sw05utt/sw_0596_2734.utt,2/sw2734,2734,178,sd,A,83,2,"I think, let's see, the oldest is thirty-two  /","[ I/PRP ] think/VBP ,/, let/VB  [ 's/PRP ] see/VB ,/,  [ the/DT oldest/JJS ] is/VBZ thirty-two/CD","(S (NP-SBJ (PRP I)) (VP (VBP think) (, ,) (SBAR (-NONE- 0) (PRN (S-IMP (NP-SBJ (-NONE- *)) (VP (VB let) (S (NP-SBJ (PRP 's)) (VP (VB see))))) (, ,)) (S (NP-SBJ (DT the) (JJS oldest)) (VP (VBZ is) (NP-PRD (CD thirty-two)))))) (-DFL- E_S))",248
sw05utt/sw_0596_2734.utt,2/sw2734,2734,179,sd,A,83,3,"{C and } the youngest is probably twenty-seven, twenty-eight. /","and/CC  [ the/DT youngest/JJS ] is/VBZ probably/RB  [ twenty-seven/CD ] ,/,  [ twenty-eight/CD ] ./.","(S (CC and) (NP-SBJ (DT the) (JJS youngest)) (VP (VBZ is) (ADVP (RB probably)) (NP-PRD (CD twenty-seven) (, ,) (CD twenty-eight))) (. .) (-DFL- E_S))",249
sw05utt/sw_0596_2734.utt,2/sw2734,2734,180,b,B,84,1,{F Huh. } /,Huh/UH ./.,(INTJ (UH Huh) (. .) (-DFL- E_S)),251
sw05utt/sw_0596_2734.utt,2/sw2734,2734,181,sd,A,85,1,"{D So, } it's the same age bracket. /","So/UH ,/,  [ it/PRP ] 's/BES  [ the/DT same/JJ age/NN bracket/NN ] ./.","(S (INTJ (UH So)) (, ,) (NP-SBJ (PRP it)) (VP (BES 's) (NP-PRD (DT the) (JJ same) (NN age) (NN bracket))) (. .) (-DFL- E_S))",253
sw05utt/sw_0596_2734.utt,2/sw2734,2734,182,aa,B,86,1,Yes. /,Yes/UH ./.,(INTJ (UH Yes) (. .) (-DFL- E_S)),255
sw05utt/sw_0596_2734.utt,2/sw2734,2734,183,sd,A,87,1,"{C And } there's four, two girls and two boys.  /","And/CC  [ there/EX ] 's/BES  [ four/CD ] ,/,  [ two/CD girls/NNS ] and/CC  [ two/CD boys/NNS ] ./.","(S (CC And) (NP-SBJ (EX there)) (VP (BES 's) (NP-PRD (NP (CD four)) (, ,) (NP (NP (CD two) (NNS girls)) (CC and) (NP (CD two) (NNS boys))))) (. .) (-DFL- E_S))",257
sw05utt/sw_0596_2734.utt,2/sw2734,2734,184,sd,A,87,2,"{C And } I think one of each experimented very slightly with pot, /","And/CC  [ I/PRP ] think/VBP  [ one/CD ] of/IN  [ each/DT ] experimented/VBD very/RB slightly/RB with/IN  [ pot/NN ] ,/,","(S (CC And) (NP-SBJ (PRP I)) (VP (VBP think) (SBAR (-NONE- 0) (S (NP-SBJ (NP (CD one)) (PP (IN of) (NP (DT each)))) (VP (VBD experimented) (ADVP (RB very) (RB slightly)) (PP (IN with) (NP (NN pot))))))) (, ,) (-DFL- E_S))",258
sw05utt/sw_0596_2734.utt,2/sw2734,2734,185,b,B,88,1,# Uh-huh. # /,[ Uh-huh/UH ] ./.,(INTJ (UH Uh-huh) (. .) (-DFL- E_S)),228
sw05utt/sw_0596_2734.utt,2/sw2734,2734,186,sd,A,89,1,# {C and } # I think that was the extent  of it to the best of my knowledge. /,and/CC  [ I/PRP ] think/VBP  [ that/DT ] was/VBD  [ the/DT extent/NN ] of/IN  [ it/PRP ] to/IN  [ the/DT best/JJS ] of/IN  [ my/PRP$ knowledge/NN ] ./.,(S (CC and) (NP-SBJ (PRP I)) (VP (VBP think) (SBAR (-NONE- 0) (S (NP-SBJ (DT that)) (VP (VBD was) (NP-PRD (NP (DT the) (NN extent)) (PP (IN of) (NP (PRP it)))) (PP (IN to) (NP (NP (DT the) (JJS best)) (PP (IN of) (NP (PRP$ my) (NN knowledge))))))))) (. .) (-DFL- E_S)),262
sw05utt/sw_0596_2734.utt,2/sw2734,2734,187,aa,B,90,1,Yeah.  /,Yeah/UH ./.,(INTJ (UH Yeah) (. .) (-DFL- E_S)),264
sw05utt/sw_0596_2734.utt,2/sw2734,2734,188,sv,B,90,2,That's usually the way it is.  /,[ That/DT ] 's/BES usually/RB  [ the/DT way/NN ] [ it/PRP ] is/VBZ ./.,(S (NP-SBJ (DT That)) (VP (BES 's) (ADVP-TMP (RB usually)) (NP-PRD (NP (DT the) (NN way)) (SBAR (WHADVP-1 (-NONE- 0)) (S (NP-SBJ (PRP it)) (VP (VBZ is) (ADVP-MNR-PRD (-NONE- *T*-1))))))) (. .) (-DFL- E_S)),265
sw05utt/sw_0596_2734.utt,2/sw2734,2734,189,sv,B,90,3,"[ It, + it's ] just, {F uh, } try it out with their peers <breathing>.  /","[ It/PRP ] ,/,  [ it/PRP ] 's/BES just/RB ,/,  [ uh/UH ] ,/, try/VB  [ it/PRP ] out/RP with/IN  [ their/PRP$ peers/NNS ] ./.","(S (EDITED (RM (-DFL- \[)) (NP-SBJ (PRP It)) (, ,) (IP (-DFL- \+))) (NP-SBJ (PRP it)) (VP (BES 's) (RS (-DFL- \])) (ADVP (RB just)) (, ,) (INTJ (UH uh)) (, ,) (S-PRD (NP-SBJ (-NONE- *)) (VP (VB try) (NP (PRP it)) (PRT (RP out)) (PP (IN with) (NP (PRP$ their) (NNS peers)))))) (. .) (-DFL- E_S))",266
sw05utt/sw_0596_2734.utt,2/sw2734,2734,190,sd,B,90,4,{C And } none of them even smoke.  /,And/CC  [ none/NN ] of/IN  [ them/PRP ] even/RB  [ smoke/VBP ] ./.,(S (CC And) (NP-SBJ (NP (NN none)) (PP (IN of) (NP (PRP them)))) (ADVP (RB even)) (VP (VBP smoke)) (. .) (-DFL- E_S)),267
sw05utt/sw_0596_2734.utt,2/sw2734,2734,191,%,B,90,5,"They don't, {F uh, }  /","[ They/PRP ] do/VBP n't/RB ,/,  [ uh/UH ] ,/,","(S (NP-SBJ (PRP They)) (VP (VBP do) (RB n't) (, ,) (INTJ (UH uh))) (, ,) (-DFL- E_S))",268
sw05utt/sw_0596_2734.utt,2/sw2734,2734,192,%,B,90,6,"they never, - /","[ they/PRP ] never/RB ,/,","(S-UNF (NP-SBJ (PRP they)) (ADVP-TMP (RB never)) (, ,) (-DFL- N_S))",269
sw05utt/sw_0596_2734.utt,2/sw2734,2734,193,sd,B,90,7,"strangely enough, {F uh, } their mother  and I both smoked when they were growing up.  /","strangely/RB enough/RB ,/,  [ uh/UH ] ,/,  [ their/PRP$ mother/NN ] and/CC  [ I/PRP ] [ both/DT ] smoked/VBD when/WRB  [ they/PRP ] were/VBD growing/VBG up/RP ./.","(S (ADVP (RB strangely) (RB enough)) (, ,) (INTJ (UH uh)) (, ,) (NP-SBJ (NP (PRP$ their) (NN mother)) (CC and) (NP (PRP I)) (NP (DT both))) (VP (VBD smoked) (SBAR-TMP (WHADVP-1 (WRB when)) (S (NP-SBJ (PRP they)) (VP (VBD were) (VP (VBG growing) (PRT (RP up)) (ADVP-TMP (-NONE- *T*-1))))))) (. .) (-DFL- E_S))",270
sw05utt/sw_0596_2734.utt,2/sw2734,2734,194,sd,B,90,8,"Now, [ [ [ my, +  my, ] +  my wife, ] +   my ex-wife, ] she quit, {F uh, } <breathing>  {D well, } when she was pregnant with the last one  /","Now/RB ,/,  [ my/PRP$ ] ,/,  [ my/PRP$ ] ,/,  [ my/PRP$ wife/NN ] ,/,  [ my/PRP$ ex-wife/NN ] ,/,  [ she/PRP ] quit/VBD ,/,  [ uh/UH ] ,/, well/UH ,/, when/WRB  [ she/PRP ] was/VBD pregnant/JJ with/IN  [ the/DT last/JJ one/CD ]","(S (INTJ (RB Now)) (, ,) (EDITED (RM (-DFL- \[)) (EDITED (RM (-DFL- \[)) (EDITED (RM (-DFL- \[)) (NP-TPC-UNF (PRP$ my)) (, ,) (IP (-DFL- \+))) (NP-TPC-UNF (PRP$ my)) (, ,) (RS (-DFL- \])) (IP (-DFL- \+))) (NP-TPC (PRP$ my) (NN wife)) (, ,) (RS (-DFL- \])) (IP (-DFL- \+))) (NP-TPC (PRP$ my) (NN ex-wife)) (, ,) (RS (-DFL- \])) (NP-SBJ (PRP she)) (VP (VBD quit) (, ,) (INTJ (UH uh)) (, ,) (INTJ (UH well)) (, ,) (SBAR-TMP (WHADVP-1 (WRB when)) (S (NP-SBJ (PRP she)) (VP (VBD was) (ADJP-PRD (JJ pregnant) (PP (IN with) (NP (DT the) (JJ last) (CD one)))) (ADVP-TMP (-NONE- *T*-1)))))) (-DFL- E_S))",271
sw05utt/sw_0596_2734.utt,2/sw2734,2734,195,sd,B,90,9,{C and } she never started up again.  /,and/CC  [ she/PRP ] never/RB started/VBD up/RP again/RB ./.,(S (CC and) (NP-SBJ (PRP she)) (ADVP-TMP (RB never)) (VP (VBD started) (PRT (RP up)) (ADVP (RB again))) (. .) (-DFL- E_S)),272
sw05utt/sw_0596_2734.utt,2/sw2734,2734,196,sd,B,90,10,"{C And } I just quit, {F oh, } about fourteen months and two weeks ago. /","And/CC  [ I/PRP ] just/RB quit/VBD ,/, oh/UH ,/, about/RB  [ fourteen/CD months/NNS ] and/CC  [ two/CD weeks/NNS ] ago/RB ./.","(S (CC And) (NP-SBJ (PRP I)) (ADVP (RB just)) (VP (VBD quit) (, ,) (INTJ (UH oh)) (, ,) (ADVP-TMP (NP (NP (QP (RB about) (CD fourteen)) (NNS months)) (CC and) (NP (CD two) (NNS weeks))) (RB ago))) (. .) (-DFL- E_S))",273
sw05utt/sw_0596_2734.utt,2/sw2734,2734,197,ba,A,91,1,"Boy,  /","[ Boy/NN ] ,/,","(INTJ (NN Boy) (, ,) (-DFL- E_S))",275
sw05utt/sw_0596_2734.utt,2/sw2734,2734,198,ba,A,91,2,that's tough. /,[ that/WDT ] 's/BES tough/JJ ./.,(S (NP-SBJ (WDT that)) (VP (BES 's) (ADJP-PRD (JJ tough))) (. .) (-DFL- E_S)),276
sw05utt/sw_0596_2734.utt,2/sw2734,2734,199,aa,B,92,1,"Yes,  /","Yes/UH ,/,","(INTJ (UH Yes) (, ,) (-DFL- E_S))",278
sw05utt/sw_0596_2734.utt,2/sw2734,2734,200,aa,B,92,2,it is.  /,[ it/PRP ] is/VBZ ./.,(S (NP-SBJ (PRP it)) (VP (VBZ is) (ADJP-PRD (-NONE- *?*))) (. .) (-DFL- E_S)),279
sw05utt/sw_0596_2734.utt,2/sw2734,2734,201,%,B,92,3,"I, - /","[ I/PRP ] ,/,","(S-UNF (NP-SBJ (PRP I)) (, ,) (-DFL- N_S))",280
sw05utt/sw_0596_2734.utt,2/sw2734,2734,202,sv,B,92,4,{C and } it seems to be getting tougher as time goes by. /,and/CC  [ it/PRP ] seems/VBZ to/TO be/VB getting/VBG  [ tougher/JJR ] as/IN  [ time/NN ] goes/VBZ by/RB ./.,(S (CC and) (NP-SBJ-1 (PRP it)) (VP (VBZ seems) (S (NP-SBJ (-NONE- *-1)) (VP (TO to) (VP (VB be) (VP (VBG getting) (ADJP-PRD (JJR tougher)) (SBAR-TMP (IN as) (S (NP-SBJ (NN time)) (VP (VBZ goes) (ADVP (RB by)))))))))) (. .) (-DFL- E_S)),281
sw05utt/sw_0596_2734.utt,2/sw2734,2734,203,sd,A,93,1,"My husband hasn't quit, yet.  /","[ My/PRP$ husband/NN has/VBZ n't/RB ] quit/VBD ,/, yet/RB ./.","(S (NP-SBJ (PRP$ My) (NN husband)) (VP (VBZ has) (RB n't) (VP (VBD quit) (, ,) (ADVP-TMP (RB yet)))) (. .) (-DFL- E_S))",283
sw05utt/sw_0596_2734.utt,2/sw2734,2734,204,sd,A,93,2,{C And } he knows he has to  /,And/CC  [ he/PRP ] knows/VBZ  [ he/PRP ] has/VBZ to/TO,(S (CC And) (NP-SBJ (PRP he)) (VP (VBZ knows) (SBAR (-NONE- 0) (S (NP-SBJ-1 (PRP he)) (VP (VBZ has) (S (NP-SBJ (-NONE- *-1)) (VP (TO to) (VP (-NONE- *?*)))))))) (-DFL- E_S)),284
sw05utt/sw_0596_2734.utt,2/sw2734,2734,205,sd,A,93,3,{C and } he knows he should  /,and/CC  [ he/PRP ] knows/VBZ  [ he/PRP ] should/MD,(S (CC and) (NP-SBJ (PRP he)) (VP (VBZ knows) (SBAR (-NONE- 0) (S (NP-SBJ (PRP he)) (VP (MD should) (VP (-NONE- *?*)))))) (-DFL- E_S)),285
sw05utt/sw_0596_2734.utt,2/sw2734,2734,206,sd,A,93,4,{C and } he knows  /,and/CC  [ he/PRP ] knows/VBZ,(S (CC and) (NP-SBJ (PRP he)) (VP-UNF (VBZ knows)) (-DFL- E_S)),286
sw05utt/sw_0596_2734.utt,2/sw2734,2734,207,sd,A,93,5,"{C and } he knows, /","and/CC  [ he/PRP ] knows/VBZ ,/,","(S (CC and) (NP-SBJ (PRP he)) (VP-UNF (VBZ knows)) (, ,) (-DFL- E_S))",287
sw05utt/sw_0596_2734.utt,2/sw2734,2734,208,b,B,94,1,# {F Um. }  # /,Um/UH ./.,(INTJ (UH Um) (. .) (-DFL- E_S)),289
sw05utt/sw_0596_2734.utt,2/sw2734,2734,209,sd,A,95,1,# {C but } # he hasn't.  /,but/CC  [ he/PRP ] [ has/VBZ n't/RB ] ./.,(S (CC but) (NP-SBJ (PRP he)) (VP (VBZ has) (RB n't) (VP (-NONE- *?*))) (. .) (-DFL- E_S)),291
sw05utt/sw_0596_2734.utt,2/sw2734,2734,210,sd,A,95,2,"I do respect the fact, though, that he refuses to smoke in the same room with me.  /","[ I/PRP ] do/VBP respect/VB  [ the/DT fact/NN ] ,/, though/RB ,/, that/IN  [ he/PRP ] refuses/VBZ to/TO smoke/VB in/IN  [ the/DT same/JJ room/NN ] with/IN  [ me/PRP ] ./.","(S (NP-SBJ (PRP I)) (VP (VBP do) (VP (VB respect) (NP (DT the) (NN fact) (SBAR (-NONE- *ICH*-2))) (, ,) (ADVP (RB though)) (, ,) (SBAR-2 (IN that) (S (NP-SBJ-1 (PRP he)) (VP (VBZ refuses) (S (NP-SBJ (-NONE- *-1)) (VP (TO to) (VP (VB smoke) (PP-LOC (IN in) (NP (NP (DT the) (JJ same) (NN room)) (PP (IN with) (NP (PRP me))))))))))))) (. .) (-DFL- E_S))",292
sw05utt/sw_0596_2734.utt,2/sw2734,2734,211,sd,A,95,3,"[ He, +  he's ]  very conscious [ of, +  of ] passive smoking  /","[ He/PRP ] ,/,  [ he/PRP ] 's/BES very/RB conscious/JJ of/IN ,/, of/IN  [ passive/JJ ] smoking/NN","(S (EDITED (RM (-DFL- \[)) (NP-SBJ (PRP He)) (, ,) (IP (-DFL- \+))) (NP-SBJ (PRP he)) (VP (BES 's) (RS (-DFL- \])) (ADJP-PRD (RB very) (JJ conscious) (EDITED (RM (-DFL- \[)) (PP-UNF (IN of)) (, ,) (IP (-DFL- \+))) (PP (IN of) (RS (-DFL- \])) (NP (JJ passive) (NN smoking))))) (-DFL- E_S))",293
sw05utt/sw_0596_2734.utt,2/sw2734,2734,212,sd,A,95,4,"{C and } he's concerned about it but,","and/CC  [ he/PRP ] 's/BES concerned/VBN about/IN  [ it/PRP ] but/CC ,/,","(S (CC and) (NP-SBJ (PRP he)) (VP (VP (BES 's) (ADJP-PRD (VBN concerned) (PP (IN about) (NP (PRP it))))) (CC but) (, ,) (VP (VBZ has) (RB n't) (ADVP (RB quite)) (VP (VBD made) (NP (PRP it)) (ADVP-TMP (RB yet))))) (. .) (-DFL- E_S))",294
sw05utt/sw_0596_2734.utt,2/sw2734,2734,213,sd,B,96,1,"# [ {D Well, } +  #","Well/UH ,/,","(S (EDITED (RM (-DFL- \[)) (INTJ (UH Well)) (, ,) (IP (-DFL- \+))) (INTJ (UH Well)) (, ,) (RS (-DFL- \])) (SBAR-TMP (WHADVP-1 (WRB when)) (S (NP-SBJ (PRP I)) (VP (VBD was) (ADVP-TMP (RB still)) (VP (VBG smoking) (ADVP-TMP (-NONE- *T*-1)))))) (, ,) (EDITED (RM (-DFL- \[)) (NP-SBJ (PRP I)) (, ,) (IP (-DFL- \+))) (NP-SBJ (PRP I)) (RS (-DFL- \])) (VP (VBD felt) (NP-MNR (DT that) (NN way))) (. .) (-DFL- E_S))",296
sw05utt/sw_0596_2734.utt,2/sw2734,2734,214,+,A,97,1,# hasn't # quite made it yet <breathing>. /,[ has/VBZ n't/RB ] quite/RB made/VBD  [ it/PRP ] yet/RB ./.,"(S (CC and) (NP-SBJ (PRP he)) (VP (VP (BES 's) (ADJP-PRD (VBN concerned) (PP (IN about) (NP (PRP it))))) (CC but) (, ,) (VP (VBZ has) (RB n't) (ADVP (RB quite)) (VP (VBD made) (NP (PRP it)) (ADVP-TMP (RB yet))))) (. .) (-DFL- E_S))",294
sw05utt/sw_0596_2734.utt,2/sw2734,2734,215,+,B,98,1,"{D Well, } ] when I was still smoking,  [ I, + I ] felt that way.  /","Well/UH ,/, when/WRB  [ I/PRP ] was/VBD still/RB smoking/VBG ,/,  [ I/PRP ] ,/,  [ I/PRP ] felt/VBD  [ that/DT way/NN ] ./.","(S (EDITED (RM (-DFL- \[)) (INTJ (UH Well)) (, ,) (IP (-DFL- \+))) (INTJ (UH Well)) (, ,) (RS (-DFL- \])) (SBAR-TMP (WHADVP-1 (WRB when)) (S (NP-SBJ (PRP I)) (VP (VBD was) (ADVP-TMP (RB still)) (VP (VBG smoking) (ADVP-TMP (-NONE- *T*-1)))))) (, ,) (EDITED (RM (-DFL- \[)) (NP-SBJ (PRP I)) (, ,) (IP (-DFL- \+))) (NP-SBJ (PRP I)) (RS (-DFL- \])) (VP (VBD felt) (NP-MNR (DT that) (NN way))) (. .) (-DFL- E_S))",296
sw05utt/sw_0596_2734.utt,2/sw2734,2734,216,sd,B,98,2,"If I was in a public restaurant, seated at table with, {F uh, }  non smokers   I would try to pick    [ a s-, +  [ [ a, +   a ] +  my, ] seat ] where the smoke would blow away from them.  /","If/IN  [ I/PRP ] was/VBD in/IN  [ a/DT public/JJ restaurant/NN ] ,/, seated/VBN at/IN  [ table/NN ] with/IN ,/,  [ uh/UH ] ,/,  [ non/GW smokers/^NNS I/PRP ]  would/MD try/VB to/TO pick/VB  [ a/DT s-/XX ] ,/,  [ a/DT ] ,/,  [ a/DT my/PRP$ ] ,/,  [ seat/NN ] where/WRB  [ the/DT smoke/NN ] would/MD blow/VB away/RB from/IN  [ them/PRP ] ./.","(S (SBAR-ADV (IN If) (S (NP-SBJ (PRP I)) (VP (VBD was) (UCP-PRD (PP-LOC (IN in) (NP (DT a) (JJ public) (NN restaurant))) (, ,) (ADJP (VBN seated) (PP-LOC (IN at) (NP (NN table))) (PP (IN with) (, ,) (INTJ (UH uh)) (, ,) (NP (TYPO (GW non) (^NNS smokers))))))))) (NP-SBJ-1 (PRP I)) (VP (MD would) (VP (VB try) (S (NP-SBJ (-NONE- *-1)) (VP (TO to) (VP (VB pick) (EDITED (RM (-DFL- \[)) (NP-UNF (DT a) (XX s-)) (, ,) (IP (-DFL- \+))) (EDITED (RM (-DFL- \[)) (EDITED (RM (-DFL- \[)) (NP-UNF (DT a)) (, ,) (IP (-DFL- \+))) (NP-UNF (DT a)) (RS (-DFL- \])) (IP (-DFL- \+))) (NP (PRP$ my) (, ,) (RS (-DFL- \])) (NN seat)) (RS (-DFL- \])) (SBAR-LOC (WHADVP-2 (WRB where)) (S (NP-SBJ (DT the) (NN smoke)) (VP (MD would) (VP (VB blow) (ADVP-DIR (RB away) (PP (IN from) (NP (PRP them)))) (ADVP-LOC (-NONE- *T*-2))))))))))) (. .) (-DFL- E_S))",299
sw05utt/sw_0596_2734.utt,2/sw2734,2734,217,sd,B,98,3,{C Or } I'd hold the cigarette under the table. /,Or/CC  [ I/PRP ] 'd/MD hold/VB  [ the/DT cigarette/NN ] under/IN  [ the/DT table/NN ] ./.,(S (CC Or) (NP-SBJ (PRP I)) (VP (MD 'd) (VP (VB hold) (NP (DT the) (NN cigarette)) (PP-LOC (IN under) (NP (DT the) (NN table))))) (. .) (-DFL- E_S)),300
sw05utt/sw_0596_2734.utt,2/sw2734,2734,218,b,A,99,1,"Yeah,  /","[ Yeah/UH ] ,/,","(INTJ (UH Yeah) (, ,) (-DFL- E_S))",302
sw05utt/sw_0596_2734.utt,2/sw2734,2734,219,sd,A,99,2,"I've seen all of this,  /","[ I/PRP ] 've/VBP seen/VBN  [ all/DT ] of/IN  [ this/DT ] ,/,","(S (NP-SBJ (PRP I)) (VP (VBP 've) (VP (VBN seen) (NP (NP (DT all)) (PP (IN of) (NP (DT this)))))) (, ,) (-DFL- E_S))",303
sw05utt/sw_0596_2734.utt,2/sw2734,2734,220,%,A,99,3,yeah <breathing>. /,yeah/UH ./.,(INTJ (UH yeah) (. .) (-DFL- E_S)),304
sw05utt/sw_0596_2734.utt,2/sw2734,2734,221,sd,B,100,1,"[ {C And, } + {F uh, } {C but, } ]  {F uh, } now [ I'm on, +  the shoe's on ] the other foot <breathing>.  /","And/CC ,/,  [ uh/UH ] ,/, but/CC ,/,  [ uh/UH ] ,/, now/RB  [ I/PRP ] 'm/VBP on/RP ,/,  [ the/DT shoe/NN ] 's/BES on/IN  [ the/DT other/JJ foot/NN ] ./.","(S (EDITED (RM (-DFL- \[)) (CC And) (, ,) (IP (-DFL- \+))) (INTJ (UH uh)) (, ,) (CC but) (, ,) (RS (-DFL- \])) (INTJ (UH uh)) (, ,) (ADVP-TMP (RB now)) (EDITED (RM (-DFL- \[)) (S (NP-SBJ (PRP I)) (VP (VBP 'm) (PP-PRD-UNF (RP on)))) (, ,) (IP (-DFL- \+))) (NP-SBJ (DT the) (NN shoe)) (VP (BES 's) (PP-PRD (IN on) (RS (-DFL- \])) (NP (DT the) (JJ other) (NN foot)))) (. .) (-DFL- E_S))",306
sw05utt/sw_0596_2734.utt,2/sw2734,2734,222,sd,B,100,2,"{F Uh, } I'm aware of other people smoking now. /","[ Uh/UH ] ,/,  [ I/PRP ] 'm/VBP aware/JJ of/IN  [ other/JJ people/NNS ] smoking/VBG now/RB ./.","(S (INTJ (UH Uh)) (, ,) (NP-SBJ (PRP I)) (VP (VBP 'm) (ADJP-PRD (JJ aware) (PP (IN of) (S-NOM (NP-SBJ (JJ other) (NNS people)) (VP (VBG smoking))))) (ADVP-TMP (RB now))) (. .) (-DFL- E_S))",307
sw05utt/sw_0596_2734.utt,2/sw2734,2734,223,sd,A,101,1,"{D Well, } [ Charles will actually, +   Charles will ] not smoke in anyone else's house except our own. /","Well/UH ,/,  [ Charles/NNP ] will/MD actually/RB ,/,  [ Charles/NNP ] will/MD not/RB smoke/VB in/IN  [ anyone/NN ] else/RB  [ 's/POS house/NN ] except/IN  [ our/PRP$ own/JJ ] ./.","(S (INTJ (UH Well)) (, ,) (EDITED (RM (-DFL- \[)) (S (NP-SBJ (NNP Charles)) (VP-UNF (MD will) (ADVP (RB actually)))) (, ,) (IP (-DFL- \+))) (NP-SBJ (NNP Charles)) (VP (MD will) (RS (-DFL- \])) (RB not) (VP (VB smoke) (PP-LOC (IN in) (NP (NP (NP (NP (NN anyone)) (ADVP (RB else)) (POS 's)) (NN house)) (PP (IN except) (NP (PRP$ our) (JJ own))))))) (. .) (-DFL- E_S))",309
sw05utt/sw_0596_2734.utt,2/sw2734,2734,224,b,B,102,1,{F Um. } /,Um/UH ./.,(INTJ (UH Um) (. .) (-DFL- E_S)),289
sw05utt/sw_0596_2734.utt,2/sw2734,2734,225,sd,A,103,1,He will get up  /,[ He/PRP ] will/MD get/VB up/RB,(S (NP-SBJ (PRP He)) (VP (MD will) (VP (VB get) (PRT (RB up)))) (-DFL- E_S)),313
sw05utt/sw_0596_2734.utt,2/sw2734,2734,226,sd,A,103,2,"{C and } he'll go outside,  {D you know, }  /","and/CC  [ he/PRP ] 'll/MD go/VB outside/RB ,/,  [ you/PRP ] know/VBP ,/,","(S (CC and) (NP-SBJ (PRP he)) (VP (MD 'll) (VP (VB go) (ADVP-DIR (RB outside)) (PRN (, ,) (S (NP-SBJ (PRP you)) (VP (VBP know)))))) (, ,) (-DFL- E_S))",314
sw05utt/sw_0596_2734.utt,2/sw2734,2734,227,%,A,103,3,"{C and } [ he, +  he's ] - /","and/CC  [ he/PRP ] ,/,  [ he/PRP ] 's/BES","(S (CC and) (EDITED (RM (-DFL- \[)) (NP-SBJ (PRP he)) (, ,) (IP (-DFL- \+))) (NP-SBJ (PRP he)) (VP-UNF (BES 's) (RS (-DFL- \]))) (-DFL- N_S))",315
sw05utt/sw_0596_2734.utt,2/sw2734,2734,228,sd,A,103,4,"{C so, } when we're invited to people's house, he will not smoke in  their house. Which I think is good because there's a lot of people that are very, -/","so/RB ,/, when/WRB  [ we/PRP ] 're/VBP invited/VBN to/IN  [ people/NNS 's/POS house/NN ] ,/,  [ he/PRP ] will/MD not/RB smoke/VB in/IN  [ their/PRP$ house/NN ] ./.  [ Which/WDT ] [ I/PRP ] think/VBP is/VBZ good/JJ because/IN  [ there/EX ] 's/BES  [ a/DT lot/NN ] of/IN  [ people/NNS ] [ that/WDT ] are/VBP very/RB ,/,","(S (RB so) (, ,) (SBAR-TMP (WHADVP-1 (WRB when)) (S (NP-SBJ-4 (PRP we)) (VP (VBP 're) (VP (VBN invited) (NP (-NONE- *-4)) (PP (IN to) (NP (NP (NNS people) (POS 's)) (NN house))) (ADVP-TMP (-NONE- *T*-1)))))) (, ,) (NP-SBJ (PRP he)) (VP (MD will) (RB not) (VP (VP (VB smoke) (PP-LOC (IN in) (NP (PRP$ their) (NN house)))) (. .) (SBAR (WHNP-2 (WDT Which)) (S (NP-SBJ (PRP I)) (VP (VBP think) (SBAR (-NONE- 0) (S (NP-SBJ (-NONE- *T*-2)) (VP (VBZ is) (ADJP-PRD (JJ good)) (SBAR-PRP (IN because) (S (NP-SBJ (EX there)) (VP (BES 's) (NP-PRD (NP (DT a) (NN lot)) (PP (IN of) (NP (NP (NNS people)) (SBAR (WHNP-3 (WDT that)) (S (NP-SBJ (-NONE- *T*-3)) (VP (VBP are) (ADJP-PRD-UNF (RB very))))))))))))))))))) (, ,) (-DFL- N_S))",316
sw05utt/sw_0596_2734.utt,2/sw2734,2734,229,b,B,104,1,# Yes.  # /,Yes/UH ./.,(INTJ (UH Yes) (. .) (-DFL- E_S)),318
sw05utt/sw_0596_2734.utt,2/sw2734,2734,230,sd,A,105,1,# particularly # if they have children. /,particularly/RB if/IN  [ they/PRP ] have/VBP  [ children/NNS ] ./.,(FRAG (ADVP (RB particularly)) (SBAR-ADV (IN if) (S (NP-SBJ (PRP they)) (VP (VBP have) (NP (NNS children))))) (. .) (-DFL- E_S)),320
sw05utt/sw_0596_2734.utt,2/sw2734,2734,231,b,B,106,1,Uh-huh. /,[ Uh-huh/UH ] ./.,(INTJ (UH Uh-huh) (. .) (-DFL- E_S)),322
sw05utt/sw_0596_2734.utt,2/sw2734,2734,232,sd,A,107,1,"[ {C But, } + {F uh, } {C and } ]  [ he's, +  {D you know, } he tries ] his best,  /","But/CC ,/,  [ uh/UH ] ,/, and/CC  [ he/PRP ] 's/BES ,/,  [ you/PRP ] know/VBP ,/,  [ he/PRP ] tries/VBZ  [ his/PRP$ best/JJS ] ,/,","(S (EDITED (RM (-DFL- \[)) (CC But) (, ,) (IP (-DFL- \+))) (INTJ (UH uh)) (, ,) (CC and) (RS (-DFL- \])) (EDITED (RM (-DFL- \[)) (S (NP-SBJ (PRP he)) (VP-UNF (BES 's))) (, ,) (IP (-DFL- \+))) (PRN (S (NP-SBJ (PRP you)) (VP (VBP know))) (, ,)) (NP-SBJ (PRP he)) (VP (VBZ tries) (RS (-DFL- \])) (NP (PRP$ his) (JJS best))) (, ,) (-DFL- E_S))",324
sw05utt/sw_0596_2734.utt,2/sw2734,2734,233,sd,A,107,2,{C but } the actual quitting he hasn't done.  /,but/CC  [ the/DT actual/JJ ] quitting/NN  [ he/PRP ] [ has/VBZ n't/RB ] done/VBN ./.,(S (CC but) (NP-TPC-1 (DT the) (JJ actual) (NN quitting)) (NP-SBJ (PRP he)) (VP (VBZ has) (RB n't) (VP (VBN done) (NP (-NONE- *T*-1)))) (. .) (-DFL- E_S)),325
sw05utt/sw_0596_2734.utt,2/sw2734,2734,234,sd,A,107,3,He changed brands to a brand he doesn't  like.  /,[ He/PRP ] changed/VBD  [ brands/NNS ] to/IN  [ a/DT brand/NN ] [ he/PRP ] does/VBZ n't/RB like/VB ./.,(S (NP-SBJ (PRP He)) (VP (VBD changed) (NP (NNS brands)) (PP (IN to) (NP (NP (DT a) (NN brand)) (SBAR (WHNP-1 (-NONE- 0)) (S (NP-SBJ (PRP he)) (VP (VBZ does) (RB n't) (VP (VB like) (NP (-NONE- *T*-1))))))))) (. .) (-DFL- E_S)),326
sw05utt/sw_0596_2734.utt,2/sw2734,2734,235,sd,A,107,4,He put up all of his ash trays.  /,[ He/PRP ] put/VBD up/RB  [ all/DT ] of/IN  [ his/PRP$ ash/NN trays/NNS ] ./.,(S (NP-SBJ (PRP He)) (VP (VBD put) (PRT (RB up)) (NP (NP (DT all)) (PP (IN of) (NP (PRP$ his) (NN ash) (NNS trays))))) (. .) (-DFL- E_S)),327
sw05utt/sw_0596_2734.utt,2/sw2734,2734,236,sd,A,107,5,"He will not smoke in a comfortable  position, {D you know, }  /","[ He/PRP ] will/MD not/RB smoke/VB in/IN  [ a/DT comfortable/JJ position/NN ] ,/,  [ you/PRP ] know/VBP ,/,","(S (NP-SBJ (PRP He)) (VP (MD will) (RB not) (VP (VB smoke) (PP (IN in) (NP (DT a) (JJ comfortable) (NN position))) (PRN (, ,) (S (NP-SBJ (PRP you)) (VP (VBP know)))))) (, ,) (-DFL- E_S))",328
sw05utt/sw_0596_2734.utt,2/sw2734,2734,237,sd,A,107,6,{C but } --,but/CC --/:,(S (CC but) (NP-SBJ (PRP he)) (VP (VBZ has) (RB n't) (VP (-NONE- *?*))) (. .) (-DFL- E_S)),291
sw05utt/sw_0596_2734.utt,2/sw2734,2734,238,b,B,108,1,"{F Uh, } uh-huh. /","[ Uh/UH ] ,/,  [ uh-huh/UH ] ./.","(INTJ (INTJ (UH Uh)) (, ,) (INTJ (UH uh-huh)) (. .) (-DFL- E_S))",331
sw05utt/sw_0596_2734.utt,2/sw2734,2734,239,+,A,109,1,"-- still <laughter>, he's done everything  the Smokers Anonymous tell you to do except quit smoking <laughter>.  /","--/: still/RB ,/,  [ he/PRP ] 's/HVS done/VBN  [ everything/NN the/DT Smokers/NNP Anonymous/NNP ] tell/VBP  [ you/PRP ] to/TO do/VB except/IN  [ quit/VB ] smoking/NN ./.","(S (CC but) (ADVP (RB still)) (, ,) (NP-SBJ (PRP he)) (VP (HVS 's) (VP (VBN done) (NP (NP (NN everything)) (SBAR (WHNP-2 (-NONE- 0)) (S (NP-SBJ (DT the) (NNP Smokers) (NNP Anonymous)) (VP (VBP tell) (NP-1 (PRP you)) (S (NP-SBJ (-NONE- *-1)) (VP (TO to) (VP (VB do) (NP (-NONE- *T*-2)))))))) (PP (IN except) (SBAR (-NONE- 0) (S (NP-SBJ (-NONE- *)) (VP (VB quit) (NP (NN smoking))))))))) (. .) (-DFL- E_S))",329
sw05utt/sw_0596_2734.utt,2/sw2734,2734,240,sv,A,109,2,"It's a,","[ It/PRP ] 's/BES  [ a/DT ] ,/,","(S (NP-SBJ (PRP It)) (VP (BES 's) (NP-PRD (DT a) (, ,) (JJ long) (NN process))) (. .) (-DFL- E_S))",333
sw05utt/sw_0596_2734.utt,2/sw2734,2734,241,sd,B,110,1,"# {D Well, } [ the, +  #","Well/UH ,/,  [ the/DT ] ,/,","(S (INTJ (UH Well)) (, ,) (EDITED (RM (-DFL- \[)) (NP-SBJ-UNF (DT the)) (, ,) (IP (-DFL- \+))) (NP-SBJ (EX there)) (VP (BES 's) (RS (-DFL- \])) (NP-PRD (NP (DT a) (NN trick)) (SBAR (WHNP-1 (-NONE- 0)) (S (NP-SBJ (PRP I)) (VP (VBP use) (NP (-NONE- *T*-1))))))) (. .) (-DFL- E_S))",335
sw05utt/sw_0596_2734.utt,2/sw2734,2734,242,+,A,111,1,# long process.  # /,[ long/JJ process/NN ] ./.,"(S (NP-SBJ (PRP It)) (VP (BES 's) (NP-PRD (DT a) (, ,) (JJ long) (NN process))) (. .) (-DFL- E_S))",333
sw05utt/sw_0596_2734.utt,2/sw2734,2734,243,+,B,112,1,there's ] a trick I use.  /,[ there/EX ] 's/BES  [ a/DT trick/NN ] [ I/PRP ] use/VBP ./.,"(S (INTJ (UH Well)) (, ,) (EDITED (RM (-DFL- \[)) (NP-SBJ-UNF (DT the)) (, ,) (IP (-DFL- \+))) (NP-SBJ (EX there)) (VP (BES 's) (RS (-DFL- \])) (NP-PRD (NP (DT a) (NN trick)) (SBAR (WHNP-1 (-NONE- 0)) (S (NP-SBJ (PRP I)) (VP (VBP use) (NP (-NONE- *T*-1))))))) (. .) (-DFL- E_S))",335
sw05utt/sw_0596_2734.utt,2/sw2734,2734,244,sd,B,112,2,They used to leave my cigarettes in the glove compartment. /,[ They/PRP ] used/VBD to/TO leave/VB  [ my/PRP$ cigarettes/NNS ] in/IN  [ the/DT glove/NN compartment/NN ] ./.,(S (NP-SBJ-1 (PRP They)) (VP (VBD used) (S (NP-SBJ (-NONE- *-1)) (VP (TO to) (VP (VB leave) (NP (PRP$ my) (NNS cigarettes)) (PP-LOC (IN in) (NP (DT the) (NN glove) (NN compartment))))))) (. .) (-DFL- E_S)),338
sw05utt/sw_0596_2734.utt,2/sw2734,2734,245,ba,A,113,1,"{F Oh, } how neat. /","Oh/UH ,/, how/WRB neat/JJ ./.","(FRAG (INTJ (UH Oh)) (, ,) (WHADJP (WRB how) (JJ neat)) (. .) (-DFL- E_S))",340
sw05utt/sw_0596_2734.utt,2/sw2734,2734,246,sd,B,114,1,{C And } every time I wanted  one I have to go outside and just take one.   One at a time.  /,And/CC  [ every/DT time/NN ] [ I/PRP ] wanted/VBD  [ one/NN ] [ I/PRP ] have/VBP to/TO go/VB outside/RB and/CC just/RB take/VB  [ one/CD ] ./.  [ One/CD ] at/IN  [ a/DT time/NN ] ./.,(S (CC And) (NP-TMP (NP (DT every) (NN time)) (SBAR (WHADVP-1 (-NONE- 0)) (S (NP-SBJ (PRP I)) (VP (VBD wanted) (NP (NN one)) (ADVP-TMP (-NONE- *T*-1)))))) (NP-SBJ-2 (PRP I)) (VP (VBP have) (S (NP-SBJ (-NONE- *-2)) (VP (TO to) (VP (VP (VB go) (ADVP-DIR (RB outside))) (CC and) (ADVP (RB just)) (VP (VB take) (NP (NP (CD one)) (. .) (NP (NP (CD One)) (PP-TMP (IN at) (NP (DT a) (NN time)))))))))) (. .) (-DFL- E_S)),342
sw05utt/sw_0596_2734.utt,2/sw2734,2734,247,sd,B,114,2,"{C And, } {F uh, }  [ that, +   that ]  [ 's, +    gets to be, ] {F uh, } a deterrent. /","And/CC ,/,  [ uh/UH ] ,/, that/DT ,/,  [ that/DT ] 's/BES ,/, gets/VBZ to/TO be/VB ,/,  [ uh/UH ] ,/,  [ a/DT deterrent/NN ] ./.","(S (CC And) (, ,) (INTJ (UH uh)) (, ,) (EDITED (RM (-DFL- \[)) (NP-SBJ (DT that)) (, ,) (IP (-DFL- \+))) (NP-SBJ-1 (DT that)) (RS (-DFL- \])) (EDITED (RM (-DFL- \[)) (VP-UNF (BES 's)) (, ,) (IP (-DFL- \+))) (VP (VBZ gets) (S (NP-SBJ (-NONE- *-1)) (VP (TO to) (VP (VB be) (, ,) (RS (-DFL- \])) (INTJ (UH uh)) (, ,) (NP-PRD (DT a) (NN deterrent)))))) (. .) (-DFL- E_S))",343
sw05utt/sw_0596_2734.utt,2/sw2734,2734,248,sd,A,115,1,"He has his in the kitchen, /","[ He/PRP ] has/VBZ  [ his/PRP$ ] in/IN  [ the/DT kitchen/NN ] ,/,","(S (NP-SBJ (PRP He)) (VP (VBZ has) (NP (PRP$ his)) (PP-LOC (IN in) (NP (DT the) (NN kitchen)))) (, ,) (-DFL- E_S))",345
