swda_filename,ptb_basename,conversation_no,transcript_index,act_tag,caller,utterance_index,subutterance_index,text,pos,trees,ptb_treenumbers
sw05utt/sw_0590_2445.utt,2/sw2445,2445,0,h,A,1,1,"I don't know, {F um, }  /","[ I/PRP ] do/VBP n't/RB know/VB ,/, um/UH ,/,","(S (NP-SBJ (PRP I)) (VP (VBP do) (RB n't) (VP (VB know) (, ,) (INTJ (UH um)))) (, ,) (-DFL- E_S))",1
sw05utt/sw_0590_2445.utt,2/sw2445,2445,1,qy,A,1,2,do you do a lot of camping? /,do/VBP  [ you/PRP ] do/VB  [ a/DT lot/NN ] of/IN camping/NN ?/.,(SQ (VBP do) (NP-SBJ (PRP you)) (VP (VB do) (NP (NP (DT a) (NN lot)) (PP (IN of) (NP (NN camping))))) (. ?) (-DFL- E_S)),2
sw05utt/sw_0590_2445.utt,2/sw2445,2445,2,ng,B,2,1,"{D Well, } my husband and I haven't done  a whole lot of camping,  /","Well/UH ,/,  [ my/PRP$ husband/NN ] and/CC  [ I/PRP ] have/VBP n't/RB done/VBN  [ a/DT whole/JJ lot/NN ] of/IN camping/NN ,/,","(S (INTJ (UH Well)) (, ,) (NP-SBJ (NP (PRP$ my) (NN husband)) (CC and) (NP (PRP I))) (VP (VBP have) (RB n't) (VP (VBN done) (NP (NP (DT a) (JJ whole) (NN lot)) (PP (IN of) (NP (NN camping)))))) (, ,) (-DFL- E_S))",4
sw05utt/sw_0590_2445.utt,2/sw2445,2445,3,sd,B,2,2,"[ we, +  {C but } we ] bought a van last year, /","[ we/PRP ] ,/, but/CC  [ we/PRP ] bought/VBD  [ a/DT van/NN last/JJ year/NN ] ,/,","(S (EDITED (RM (-DFL- \[)) (NP-SBJ (PRP we)) (, ,) (IP (-DFL- \+))) (CC but) (NP-SBJ (PRP we)) (RS (-DFL- \])) (VP (VBD bought) (NP (DT a) (NN van)) (NP-TMP (JJ last) (NN year))) (, ,) (-DFL- E_S))",5
sw05utt/sw_0590_2445.utt,2/sw2445,2445,4,b,A,3,1,Yeah. /,Yeah/UH ./.,(INTJ (UH Yeah) (. .) (-DFL- E_S)),7
sw05utt/sw_0590_2445.utt,2/sw2445,2445,5,sd,B,4,1,"{C and } we were hoping, {F uh, } to do  some camping in the van, {F um, }  /","and/CC  [ we/PRP ] were/VBD hoping/VBG ,/,  [ uh/UH ] ,/, to/TO do/VB  [ some/DT ] camping/NN in/IN  [ the/DT van/NN ] ,/, um/UH ,/,","(S (CC and) (NP-SBJ-1 (PRP we)) (VP (VBD were) (VP (VBG hoping) (, ,) (INTJ (UH uh)) (, ,) (S (NP-SBJ (-NONE- *-1)) (VP (TO to) (VP (VB do) (NP (DT some) (NN camping)) (PP-LOC (IN in) (NP (DT the) (NN van)))))) (, ,) (INTJ (UH um)))) (, ,) (-DFL- E_S))",9
sw05utt/sw_0590_2445.utt,2/sw2445,2445,6,sd,B,4,2,"we did go camping  in [ [ Arkans-, +  not Arkansas, ] +  Oklahoma. ]  /","[ we/PRP ] did/VBD go/VB camping/VBG in/IN  [ Arkans-/NNP ] ,/, not/RB  [ Arkansas/NNP ] ,/,  [ Oklahoma/NNP ] ./.","(S (NP-SBJ-1 (PRP we)) (VP (VBD did) (VP (VB go) (S (NP-SBJ (-NONE- *-1)) (VP (VBG camping) (PP-LOC (IN in) (EDITED (RM (-DFL- \[)) (EDITED (RM (-DFL- \[)) (NP-UNF (NNP Arkans-)) (, ,) (IP (-DFL- \+))) (RB not) (NP (NNP Arkansas)) (, ,) (RS (-DFL- \])) (IP (-DFL- \+))) (NP (NNP Oklahoma))))))) (. .) (RS (-DFL- \])) (-DFL- E_S))",10
sw05utt/sw_0590_2445.utt,2/sw2445,2445,7,sd,B,4,3,"{F Uh, } last year [ in, +  we camped in ] a tent,  /","[ Uh/UH ] ,/,  [ last/JJ year/NN ] in/IN ,/,  [ we/PRP ] camped/VBD in/IN  [ a/DT tent/NN ] ,/,","(S (INTJ (UH Uh)) (, ,) (NP-TMP (JJ last) (NN year)) (EDITED (RM (-DFL- \[)) (PP-LOC-UNF (IN in)) (, ,) (IP (-DFL- \+))) (NP-SBJ (PRP we)) (VP (VBD camped) (PP-LOC (IN in) (RS (-DFL- \])) (NP (DT a) (NN tent)))) (, ,) (-DFL- E_S))",11
sw05utt/sw_0590_2445.utt,2/sw2445,2445,8,sd,B,4,4,"{C and, } {F uh, } there were two other  couples with us  /","and/CC ,/,  [ uh/UH ] ,/,  [ there/EX ] were/VBD  [ two/CD other/JJ couples/NNS ] with/IN  [ us/PRP ]","(S (CC and) (, ,) (INTJ (UH uh)) (, ,) (NP-SBJ (EX there)) (VP (VBD were) (NP-PRD (CD two) (JJ other) (NNS couples)) (PP (IN with) (NP (PRP us)))) (-DFL- E_S))",12
sw05utt/sw_0590_2445.utt,2/sw2445,2445,9,sd,B,4,5,"{C and } there was, {F uh, }   state park. /","and/CC  [ there/EX ] was/VBD ,/,  [ uh/^DT ]  ,/,  [ state/NN park/NN ] ./.","(S (CC and) (NP-SBJ (EX there)) (VP (VBD was) (, ,) (NP-PRD (TYPO (^DT uh)) (, ,) (NN state) (NN park))) (. .) (-DFL- E_S))",13
sw05utt/sw_0590_2445.utt,2/sw2445,2445,10,b,A,5,1,"{F Oh, } {C so }  ((   )) , -/","Oh/UH ,/, so/RB MUMBLEx/XX ,/,","(S-UNF (INTJ (UH Oh)) (, ,) (RB so) (X (XX MUMBLEx)) (, ,) (-DFL- N_S))",15
sw05utt/sw_0590_2445.utt,2/sw2445,2445,11,sd,B,6,1,{C And } it was really nice. /,And/CC  [ it/PRP ] was/VBD really/RB nice/JJ ./.,(S (CC And) (NP-SBJ (PRP it)) (VP (VBD was) (ADJP-PRD (RB really) (JJ nice))) (. .) (-DFL- E_S)),17
sw05utt/sw_0590_2445.utt,2/sw2445,2445,12,b,A,7,1,"Yeah,  /","Yeah/UH ,/,","(INTJ (UH Yeah) (, ,) (-DFL- E_S))",19
sw05utt/sw_0590_2445.utt,2/sw2445,2445,13,sd,A,7,2,"{F um, } up here some of the  state parks are really nice  /","um/UH ,/, up/IN here/RB  [ some/DT ] of/IN  [ the/DT state/NN parks/NNS ] are/VBP really/RB nice/JJ","(S (INTJ (UH um)) (, ,) (PP-LOC (IN up) (ADVP (RB here))) (NP-SBJ (NP (DT some)) (PP (IN of) (NP (DT the) (NN state) (NNS parks)))) (VP (VBP are) (ADJP-PRD (RB really) (JJ nice))) (-DFL- E_S))",20
sw05utt/sw_0590_2445.utt,2/sw2445,2445,14,sd,A,7,3,"{C and } some of them aren't,  /","and/CC  [ some/DT ] of/IN  [ them/PRP ] are/VBP n't/RB ,/,","(S (CC and) (NP-SBJ (NP (DT some)) (PP (IN of) (NP (PRP them)))) (VP (VBP are) (RB n't) (ADJP-PRD (-NONE- *?*))) (, ,) (-DFL- E_S))",21
sw05utt/sw_0590_2445.utt,2/sw2445,2445,15,sd,A,7,4,some of them are pretty rough. /,[ some/DT ] of/IN  [ them/PRP ] are/VBP pretty/RB rough/JJ ./.,(S (NP-SBJ (NP (DT some)) (PP (IN of) (NP (PRP them)))) (VP (VBP are) (ADJP-PRD (RB pretty) (JJ rough))) (. .) (-DFL- E_S)),22
sw05utt/sw_0590_2445.utt,2/sw2445,2445,16,bh,B,8,1,Really? /,Really/UH ?/.,(INTJ (UH Really) (. ?) (-DFL- E_S)),24
sw05utt/sw_0590_2445.utt,2/sw2445,2445,17,ny,A,9,1,"{F Um, } yeah,  /","Um/UH ,/, yeah/UH ,/,","(INTJ (INTJ (UH Um)) (, ,) (INTJ (UH yeah)) (, ,) (-DFL- E_S))",26
sw05utt/sw_0590_2445.utt,2/sw2445,2445,18,sd^e,A,9,2,"[ they, +  they ] just have  {D like } outhouses,  /","[ they/PRP ] ,/,  [ they/PRP ] just/RB have/VBP  [ like/UH outhouses/NNS ] ,/,","(S (EDITED (RM (-DFL- \[)) (NP-SBJ (PRP they)) (, ,) (IP (-DFL- \+))) (NP-SBJ (PRP they)) (RS (-DFL- \])) (ADVP (RB just)) (VP (VBP have) (INTJ (UH like)) (NP (NNS outhouses))) (, ,) (-DFL- E_S))",27
sw05utt/sw_0590_2445.utt,2/sw2445,2445,19,sd,A,9,3,"they don't have {D like } a shower room or anything,  /","[ they/PRP ] do/VBP n't/RB have/VB like/UH  [ a/DT shower/NN room/NN ] or/CC  [ anything/NN ] ,/,","(S (NP-SBJ (PRP they)) (VP (VBP do) (RB n't) (VP (VB have) (INTJ (UH like)) (NP-PRD (NP (DT a) (NN shower) (NN room)) (CC or) (NP (NN anything))))) (, ,) (-DFL- E_S))",28
sw05utt/sw_0590_2445.utt,2/sw2445,2445,20,%,A,9,4,"(( yeah )) ,  /","yeah/UH ,/,","(INTJ (UH yeah) (, ,) (-DFL- E_S))",29
sw05utt/sw_0590_2445.utt,2/sw2445,2445,21,sd,A,9,5,{C but } some of them are really nice  /,but/CC  [ some/DT ] of/IN  [ them/PRP ] are/VBP really/RB nice/JJ,(S (CC but) (NP-SBJ (NP (DT some)) (PP (IN of) (NP (PRP them)))) (VP (VBP are) (ADJP-PRD (RB really) (JJ nice))) (-DFL- E_S)),30
sw05utt/sw_0590_2445.utt,2/sw2445,2445,22,sd,A,9,6,"they have showers and full bathrooms, /","[ they/PRP ] have/VBP  [ showers/NNS ] and/CC  [ full/JJ bathrooms/NNS ] ,/,","(S (NP-SBJ (PRP they)) (VP (VBP have) (NP (NP (NNS showers)) (CC and) (NP (JJ full) (NNS bathrooms)))) (, ,) (-DFL- E_S))",31
sw05utt/sw_0590_2445.utt,2/sw2445,2445,23,b,B,10,1,{F Um. } /,Um/UH ./.,(INTJ (UH Um) (. .) (-DFL- E_S)),33
sw05utt/sw_0590_2445.utt,2/sw2445,2445,24,h,A,11,1,"{F um, } {C but } I don't know,  /","um/UH ,/, but/CC  [ I/PRP ] do/VBP n't/RB know/VB ,/,","(S (INTJ (UH um)) (, ,) (CC but) (NP-SBJ (PRP I)) (VP (VBP do) (RB n't) (VP (VB know))) (, ,) (-DFL- E_S))",35
sw05utt/sw_0590_2445.utt,2/sw2445,2445,25,sd,A,11,2,"[ I, +  I've ]  been camping a couple times  /","[ I/PRP ] ,/,  [ I/PRP ] 've/VBP been/VBN camping/VBG  [ a/DT couple/NN times/NNS ]","(S (EDITED (RM (-DFL- \[)) (NP-SBJ (PRP I)) (, ,) (IP (-DFL- \+))) (NP-SBJ-1 (PRP I)) (VP (VBP 've) (RS (-DFL- \])) (VP (VBN been) (S (NP-SBJ (-NONE- *-1)) (VP (VBG camping) (NP-TMP (DT a) (NN couple) (NNS times)))))) (-DFL- E_S))",36
sw05utt/sw_0590_2445.utt,2/sw2445,2445,26,sd,A,11,3,"{C but } I'm not a real avid camper, {F uh, }  /","but/CC  [ I/PRP ] 'm/VBP not/RB  [ a/DT real/RB avid/JJ camper/NN ] ,/,  [ uh/UH ] ,/,","(S (CC but) (NP-SBJ (PRP I)) (VP (VBP 'm) (RB not) (NP-PRD (DT a) (ADJP (RB real) (JJ avid)) (NN camper)) (, ,) (INTJ (UH uh))) (, ,) (-DFL- E_S))",37
sw05utt/sw_0590_2445.utt,2/sw2445,2445,27,sd,A,11,4,"a lot of people I know are,   /","[ a/DT lot/NN ] of/IN  [ people/NNS I/PRP ] know/VBP are/VBP ,/,","(S (NP-SBJ (NP (DT a) (NN lot)) (PP (IN of) (NP (NP (NNS people)) (SBAR (WHNP-1 (-NONE- 0)) (S (NP-SBJ (PRP I)) (VP (VBP know) (NP (-NONE- *T*-1)))))))) (VP (VBP are) (NP-PRD (-NONE- *?*))) (, ,) (-DFL- E_S))",38
sw05utt/sw_0590_2445.utt,2/sw2445,2445,28,%,A,11,5,"{C but, } {F um, } [ I don't, +  I don't ] (( )) . -/","but/CC ,/, um/UH ,/,  [ I/PRP ] do/VBP n't/RB ,/,  [ I/PRP ] do/VBP n't/RB MUMBLEx/XX ./.","(S (CC but) (, ,) (INTJ (UH um)) (, ,) (EDITED (RM (-DFL- \[)) (S (NP-SBJ (PRP I)) (VP-UNF (VBP do) (RB n't))) (, ,) (IP (-DFL- \+))) (NP-SBJ (PRP I)) (VP-UNF (VBP do) (RB n't) (RS (-DFL- \])) (X (XX MUMBLEx))) (. .) (-DFL- N_S))",39
sw05utt/sw_0590_2445.utt,2/sw2445,2445,29,sd,B,12,1,"[ I, +  I ] don't like really camping in the rough.  /","[ I/PRP ] ,/,  [ I/PRP ] do/VBP n't/RB like/VB really/RB camping/VBG in/IN  [ the/DT rough/JJ ] ./.","(S (EDITED (RM (-DFL- \[)) (NP-SBJ (PRP I)) (, ,) (IP (-DFL- \+))) (NP-SBJ-1 (PRP I)) (RS (-DFL- \])) (VP (VBP do) (RB n't) (VP (VB like) (S (NP-SBJ (-NONE- *-1)) (ADVP (RB really)) (VP (VBG camping) (PP (IN in) (NP (DT the) (JJ rough))))))) (. .) (-DFL- E_S))",41
sw05utt/sw_0590_2445.utt,2/sw2445,2445,30,sd,B,12,2,"I like [ [ the, +  the, ] +  the ] little necessities like having electricity available  and running water and showers and things like that. /","[ I/PRP ] like/VBP  [ the/DT ] ,/,  [ the/DT ] ,/,  [ the/DT little/JJ necessities/NNS ] like/IN having/VBG  [ electricity/NN ] available/JJ and/CC  [ running/VBG water/NN ] and/CC  [ showers/NNS ] and/CC  [ things/NNS ] like/IN  [ that/DT ] ./.","(S (NP-SBJ (PRP I)) (VP (VBP like) (EDITED (RM (-DFL- \[)) (EDITED (RM (-DFL- \[)) (NP-UNF (DT the)) (, ,) (IP (-DFL- \+))) (NP-UNF (DT the)) (, ,) (RS (-DFL- \])) (IP (-DFL- \+))) (NP (NP (DT the) (RS (-DFL- \])) (JJ little) (NNS necessities)) (PP (IN like) (S-NOM (NP-SBJ (-NONE- *)) (VP (VBG having) (S (NP-SBJ (NP (NN electricity)) (NAC (-NONE- *ICH*-1))) (ADJP-PRD (JJ available))) (NAC-1 (CC and) (NP (NP (VBG running) (NN water)) (CC and) (NP (NNS showers)) (CC and) (NP (NP (NNS things)) (PP (IN like) (NP (DT that))))))))))) (. .) (-DFL- E_S))",42
sw05utt/sw_0590_2445.utt,2/sw2445,2445,31,b,A,13,1,"Yeah,  /","[ Yeah/UH ] ,/,","(INTJ (UH Yeah) (, ,) (-DFL- E_S))",19
sw05utt/sw_0590_2445.utt,2/sw2445,2445,32,sd,A,13,2,"((   ))  [ we went, +  we went ]  once to a  (( lean-to ))  /","[ MUMBLEx/XX we/PRP ] went/VBD ,/,  [ we/PRP ] went/VBD once/RB to/IN  [ a/DT lean-to/NN ]","(S (X (XX MUMBLEx)) (EDITED (RM (-DFL- \[)) (S (NP-SBJ (PRP we)) (VP-UNF (VBD went))) (, ,) (IP (-DFL- \+))) (NP-SBJ (PRP we)) (VP (VBD went) (RS (-DFL- \])) (ADVP-TMP (RB once)) (PP (IN to) (NP (DT a) (NN lean-to)))) (-DFL- E_S))",45
sw05utt/sw_0590_2445.utt,2/sw2445,2445,33,%,A,13,3,"{C and } it, {F um, } - /","and/CC  [ it/PRP ] ,/, um/UH ,/,","(S-UNF (CC and) (NP-SBJ (PRP it)) (, ,) (INTJ (UH um)) (, ,) (-DFL- N_S))",46
sw05utt/sw_0590_2445.utt,2/sw2445,2445,34,sd,A,13,4,"{E I mean, }  there wasn't any electricity on the camp site  /","[ I/PRP ] mean/VBP ,/, there/RB was/VBD n't/RB  [ any/DT electricity/NN ] on/IN  [ the/DT camp/NN site/NN ]","(S (PRN (S (NP-SBJ (PRP I)) (VP (VBP mean))) (, ,)) (NP-SBJ (RB there)) (VP (VBD was) (RB n't) (NP-PRD (DT any) (NN electricity)) (PP-LOC (IN on) (NP (DT the) (NN camp) (NN site)))) (-DFL- E_S))",47
sw05utt/sw_0590_2445.utt,2/sw2445,2445,35,sd,A,13,5,"{C but } it was all right,  /","but/CC  [ it/PRP ] was/VBD all/RB right/JJ ,/,","(S (CC but) (NP-SBJ (PRP it)) (VP (VBD was) (ADJP-PRD (RB all) (JJ right))) (, ,) (-DFL- E_S))",48
sw05utt/sw_0590_2445.utt,2/sw2445,2445,36,sd,A,13,6,we only spent two nights there.  /,[ we/PRP ] only/RB spent/VBD  [ two/CD nights/NNS ] there/RB ./.,(S (NP-SBJ (PRP we)) (ADVP (RB only)) (VP (VBD spent) (NP (CD two) (NNS nights)) (ADVP-LOC (RB there))) (. .) (-DFL- E_S)),49
sw05utt/sw_0590_2445.utt,2/sw2445,2445,37,sd,A,13,7,I wouldn't want to spend more than two nights.  /,[ I/PRP ] would/MD n't/RB want/VB to/TO spend/VB more/JJR than/IN  [ two/CD nights/NNS ] ./.,(S (NP-SBJ-1 (PRP I)) (VP (MD would) (RB n't) (VP (VB want) (S (NP-SBJ (-NONE- *-1)) (VP (TO to) (VP (VB spend) (NP (QP (JJR more) (IN than) (CD two)) (NNS nights))))))) (. .) (-DFL- E_S)),50
sw05utt/sw_0590_2445.utt,2/sw2445,2445,38,sd,A,13,8,"I wouldn't want to go for {D like } a week,  /","[ I/PRP ] would/MD n't/RB want/VB to/TO go/VB for/IN like/UH  [ a/DT week/NN ] ,/,","(S (NP-SBJ-1 (PRP I)) (VP (MD would) (RB n't) (VP (VB want) (S (NP-SBJ (-NONE- *-1)) (VP (TO to) (VP (VB go) (PP-TMP (IN for) (INTJ (UH like)) (NP (DT a) (NN week)))))))) (, ,) (-DFL- E_S))",51
sw05utt/sw_0590_2445.utt,2/sw2445,2445,39,sv,A,13,9,"{C but, } {F um, }","but/CC ,/, um/UH ,/,","(S (CC but) (, ,) (INTJ (UH um)) (, ,) (EDITED (RM (-DFL- \[)) (S (NP-SBJ (PRP I)) (VP-UNF (VBP do) (RB n't))) (, ,) (IP (-DFL- \+))) (NP-SBJ (PRP I)) (VP-UNF (VBP do) (RB n't) (RS (-DFL- \])) (X (XX MUMBLEx))) (. .) (-DFL- N_S))",39
sw05utt/sw_0590_2445.utt,2/sw2445,2445,40,aa,B,14,1,"Yeah,  /","Yeah/UH ,/,","(INTJ (UH Yeah) (, ,) (-DFL- E_S))",19
sw05utt/sw_0590_2445.utt,2/sw2445,2445,41,sv,B,14,2,"[ that would, +  that would ] be much. /","[ that/DT ] would/MD ,/, that/DT would/MD be/VB much/JJ ./.","(S (EDITED (RM (-DFL- \[)) (S (NP-SBJ (DT that)) (VP-UNF (MD would))) (, ,) (IP (-DFL- \+))) (NP-SBJ (DT that)) (VP (MD would) (RS (-DFL- \])) (VP (VB be) (ADJP-PRD-UNF (JJ much)))) (. .) (-DFL- E_S))",55
sw05utt/sw_0590_2445.utt,2/sw2445,2445,42,+,A,15,1,two nights is good.  /,[ two/CD nights/NNS ] is/VBZ good/JJ ./.,"(S (CC but) (, ,) (INTJ (UH um)) (, ,) (NP-SBJ (CD two) (NNS nights)) (VP (VBZ is) (ADJP-PRD (JJ good))) (. .) (-DFL- E_S))",52
sw05utt/sw_0590_2445.utt,2/sw2445,2445,43,sd,A,15,2,"{F Um, }  especially there was a little store close by,  /","Um/UH ,/, especially/RB  [ there/EX ] was/VBD  [ a/DT little/JJ store/NN ] close/RB by/RB ,/,","(S (INTJ (UH Um)) (, ,) (ADVP (RB especially)) (NP-SBJ (EX there)) (VP (VBD was) (NP-PRD (DT a) (JJ little) (NN store)) (ADVP-LOC (RB close) (RB by))) (, ,) (-DFL- E_S))",57
sw05utt/sw_0590_2445.utt,2/sw2445,2445,44,sd,A,15,3,"{C so, } it was pretty nice. /","so/RB ,/,  [ it/PRP ] was/VBD pretty/RB nice/JJ ./.","(S (RB so) (, ,) (NP-SBJ (PRP it)) (VP (VBD was) (ADJP-PRD (RB pretty) (JJ nice))) (. .) (-DFL- E_S))",58
sw05utt/sw_0590_2445.utt,2/sw2445,2445,45,b,B,16,1,"Yeah,  /","Yeah/UH ,/,","(INTJ (UH Yeah) (, ,) (-DFL- E_S))",19
sw05utt/sw_0590_2445.utt,2/sw2445,2445,46,sd,B,16,2,"the campsite that we went to  was an area that, - /","[ the/DT campsite/NN ] that/WDT  [ we/PRP ] went/VBD to/IN was/VBD  [ an/DT area/NN ] that/WDT ,/,","(S (NP-SBJ (NP (DT the) (NN campsite)) (SBAR (WHNP-1 (WDT that)) (S (NP-SBJ (PRP we)) (VP (VBD went) (PP (IN to) (NP (-NONE- *T*-1))))))) (VP (VBD was) (NP-PRD (NP (DT an) (NN area)) (SBAR-UNF (WHNP (WDT that))))) (, ,) (-DFL- N_S))",61
sw05utt/sw_0590_2445.utt,2/sw2445,2445,47,sd,B,16,3,"it's right on a big lake,  /","[ it/PRP ] 's/BES right/JJ on/IN  [ a/DT big/JJ lake/NN ] ,/,","(S (NP-SBJ (PRP it)) (VP (BES 's) (PP-LOC-PRD (ADVP (JJ right)) (IN on) (NP (DT a) (JJ big) (NN lake)))) (, ,) (-DFL- E_S))",62
sw05utt/sw_0590_2445.utt,2/sw2445,2445,48,sd,B,16,4,"{C and } there's a lot of boating out there,  /","and/CC  [ there/EX ] 's/BES  [ a/DT lot/NN ] of/IN boating/NN out/IN there/RB ,/,","(S (CC and) (NP-SBJ (EX there)) (VP (BES 's) (NP-PRD (NP (DT a) (NN lot)) (PP (IN of) (NP (NN boating)))) (PP-LOC (IN out) (ADVP (RB there)))) (, ,) (-DFL- E_S))",63
sw05utt/sw_0590_2445.utt,2/sw2445,2445,49,sd,B,16,5,"{C and } [ we, +  we ] went up there to hopefully be able to get on the water a little bit  /","and/CC  [ we/PRP ] ,/,  [ we/PRP ] went/VBD up/IN there/RB to/TO hopefully/RB  be/VB able/JJ to/TO get/VB on/IN  [ the/DT water/NN ] [ a/DT little/JJ bit/NN ]","(S (CC and) (EDITED (RM (-DFL- \[)) (NP-SBJ (PRP we)) (, ,) (IP (-DFL- \+))) (NP-SBJ-1 (PRP we)) (RS (-DFL- \])) (VP (VBD went) (PP-DIR (IN up) (ADVP (RB there))) (S-PRP (NP-SBJ-2 (-NONE- *-1)) (VP (TO to) (ADVP (RB hopefully)) (VP (VB be) (ADJP-PRD (JJ able) (S (NP-SBJ (-NONE- *-2)) (VP (TO to) (VP (VB get) (PP-LOC (IN on) (NP (DT the) (NN water))) (NP-ADV (DT a) (JJ little) (NN bit)))))))))) (-DFL- E_S))",64
sw05utt/sw_0590_2445.utt,2/sw2445,2445,50,sd,B,16,6,"{C but } [ it was still, +  {F uh, } it was still, ] too, cold. /","but/CC  [ it/PRP ] was/VBD still/RB ,/,  [ uh/UH ] ,/,  [ it/PRP ] was/VBD still/RB ,/, too/RB ,/,  [ cold/JJ ] ./.","(S (CC but) (EDITED (RM (-DFL- \[)) (S (NP-SBJ (PRP it)) (VP-UNF (VBD was) (ADVP-TMP (RB still)))) (, ,) (IP (-DFL- \+))) (INTJ (UH uh)) (, ,) (NP-SBJ (PRP it)) (VP (VBD was) (ADVP-TMP (RB still)) (, ,) (RS (-DFL- \])) (ADJP-PRD (RB too) (, ,) (JJ cold))) (. .) (-DFL- E_S))",65
sw05utt/sw_0590_2445.utt,2/sw2445,2445,51,bh,A,17,1,"{F Oh, } really?  /","Oh/UH ,/, really/UH ?/.","(INTJ (INTJ (UH Oh)) (, ,) (INTJ (UH really)) (. ?) (-DFL- E_S))",67
sw05utt/sw_0590_2445.utt,2/sw2445,2445,52,b,A,17,2,Oh. /,Oh/UH ./.,(INTJ (UH Oh) (. .) (-DFL- E_S)),68
sw05utt/sw_0590_2445.utt,2/sw2445,2445,53,ny,B,18,1,"Yeah,  /","Yeah/UH ,/,","(INTJ (UH Yeah) (, ,) (-DFL- E_S))",19
sw05utt/sw_0590_2445.utt,2/sw2445,2445,54,sd^e,B,18,2,"[ it, +  it ] was pretty early in the year. /","[ it/PRP ] ,/,  [ it/PRP ] was/VBD pretty/RB early/JJ in/IN  [ the/DT year/NN ] ./.","(S (EDITED (RM (-DFL- \[)) (NP-SBJ (PRP it)) (, ,) (IP (-DFL- \+))) (NP-SBJ (PRP it)) (RS (-DFL- \])) (VP (VBD was) (ADVP-TMP-PRD (RB pretty) (JJ early) (PP (IN in) (NP (DT the) (NN year))))) (. .) (-DFL- E_S))",71
sw05utt/sw_0590_2445.utt,2/sw2445,2445,55,b,A,19,1,"{F Um, } yeah,  /","Um/UH ,/, yeah/UH ,/,","(INTJ (INTJ (UH Um)) (, ,) (INTJ (UH yeah)) (, ,) (-DFL- E_S))",26
sw05utt/sw_0590_2445.utt,2/sw2445,2445,56,sd,A,19,2,"up here you got to wait until,  [ Aug-, +  August, ]  (( until the water warms up )) . /","up/IN here/RB  [ you/PRP ] got/VBD to/TO wait/VB until/IN ,/,  [ Aug-/NNP ] ,/,  [ August/NNP ] ,/, until/IN  [ the/DT water/NN ] warms/VBZ up/RP ./.","(S (PP-LOC (IN up) (ADVP (RB here))) (NP-SBJ-1 (PRP you)) (VP (VBD got) (S (NP-SBJ (-NONE- *-1)) (VP (TO to) (VP (VB wait) (PP-TMP (IN until) (, ,) (EDITED (RM (-DFL- \[)) (NP-UNF (NNP Aug-)) (, ,) (IP (-DFL- \+))) (NP (NNP August))) (, ,) (RS (-DFL- \])) (SBAR-TMP (IN until) (S (NP-SBJ (DT the) (NN water)) (VP (VBZ warms) (PRT (RP up))))))))) (. .) (-DFL- E_S))",74
sw05utt/sw_0590_2445.utt,2/sw2445,2445,57,b,B,20,1,Yeah. /,Yeah/UH ./.,(INTJ (UH Yeah) (. .) (-DFL- E_S)),76
sw05utt/sw_0590_2445.utt,2/sw2445,2445,58,sd,A,21,1,"{D Well, } it's not that bad  /","Well/UH ,/,  [ it/PRP ] 's/BES not/RB that/RB  [ bad/JJ ]","(S (INTJ (UH Well)) (, ,) (NP-SBJ (PRP it)) (VP (BES 's) (RB not) (ADJP-PRD (RB that) (JJ bad))) (-DFL- E_S))",78
sw05utt/sw_0590_2445.utt,2/sw2445,2445,59,sd,A,21,2,{C but } it's still pretty chilly.  /,but/CC  [ it/PRP ] 's/BES still/RB pretty/RB chilly/JJ ./.,(S (CC but) (NP-SBJ (PRP it)) (VP (BES 's) (ADVP-TMP (RB still)) (ADJP-PRD (RB pretty) (JJ chilly))) (. .) (-DFL- E_S)),79
sw05utt/sw_0590_2445.utt,2/sw2445,2445,60,h,A,21,3,"{F Um, } I don't know,  /","[ Um/UH ] ,/,  [ I/PRP ] do/VBP n't/RB know/VB ,/,","(S (INTJ (UH Um)) (, ,) (NP-SBJ (PRP I)) (VP (VBP do) (RB n't) (VP (VB know))) (, ,) (-DFL- E_S))",80
sw05utt/sw_0590_2445.utt,2/sw2445,2445,61,sd,A,21,4,"[ I was, +  I have ] a tent  /","[ I/PRP ] was/VBD ,/,  [ I/PRP ] have/VBP  [ a/DT tent/NN ]","(S (EDITED (RM (-DFL- \[)) (S (NP-SBJ (PRP I)) (VP-UNF (VBD was))) (, ,) (IP (-DFL- \+))) (NP-SBJ (PRP I)) (VP (VBP have) (RS (-DFL- \])) (NP (DT a) (NN tent))) (-DFL- E_S))",81
sw05utt/sw_0590_2445.utt,2/sw2445,2445,62,sd,A,21,5,"{C and } I  (( fluff out ))  in it,   in the backyard and stuff,  /","and/CC  [ I/PRP ] fluff/VBP out/RP in/IN  [ it/PRP ] ,/, in/IN  [ the/DT backyard/NN ] and/CC  [ stuff/NN ] ,/,","(S (CC and) (NP-SBJ (PRP I)) (VP (VP (VBP fluff) (PRT (RP out)) (PP-LOC (IN in) (NP (PRP it))) (, ,) (PP-LOC (IN in) (NP (DT the) (NN backyard)))) (CC and) (NP-ETC (NN stuff))) (, ,) (-DFL- E_S))",82
sw05utt/sw_0590_2445.utt,2/sw2445,2445,63,sd,A,21,6,{C but } this thing about camping that bothers me  is you've got to pack everything  /,but/CC  [ this/DT thing/NN ] about/IN camping/NN  [ that/WDT ] bothers/VBZ  [ me/PRP ] is/VBZ  [ you/PRP ] 've/VBP got/VBN to/TO pack/VB  [ everything/NN ],(S (CC but) (NP-SBJ (NP (DT this) (NN thing)) (PP (IN about) (NP (NN camping))) (SBAR (WHNP-1 (WDT that)) (S (NP-SBJ (-NONE- *T*-1)) (VP (VBZ bothers) (NP (PRP me)))))) (VP (VBZ is) (SBAR-PRD (-NONE- 0) (S (NP-SBJ-2 (PRP you)) (VP (VBP 've) (VP (VBN got) (S (NP-SBJ (-NONE- *-2)) (VP (TO to) (VP (VB pack) (NP (NN everything)))))))))) (-DFL- E_S)),83
sw05utt/sw_0590_2445.utt,2/sw2445,2445,64,%,A,21,7,"{C and } another thing is the thing  seems to get, - /","and/CC  [ another/DT thing/NN ] is/VBZ  [ the/DT thing/NN ] seems/VBZ to/TO get/VB ,/,","(S (CC and) (NP-SBJ (DT another) (NN thing)) (VP (VBZ is) (SBAR-PRD (-NONE- 0) (S (NP-SBJ-1 (DT the) (NN thing)) (VP (VBZ seems) (S (NP-SBJ (-NONE- *-1)) (VP (TO to) (VP-UNF (VB get)))))))) (, ,) (-DFL- N_S))",84
sw05utt/sw_0590_2445.utt,2/sw2445,2445,65,sd,A,21,8,"it's   dirty <laughter> {D you know, } /","[ it/PRP ] 's/BES dirty/JJ  [ you/PRP ] know/VBP ,/,","(S (NP-SBJ (PRP it)) (VP (BES 's) (ADJP-PRD (JJ dirty)) (PRN (S (NP-SBJ (PRP you)) (VP (VBP know))))) (, ,) (-DFL- E_S))",85
sw05utt/sw_0590_2445.utt,2/sw2445,2445,66,b,B,22,1,Yeah. /,Yeah/UH ./.,(INTJ (UH Yeah) (. .) (-DFL- E_S)),76
sw05utt/sw_0590_2445.utt,2/sw2445,2445,67,sd,A,23,1,"{C so, } you can't keep the dirt out of the tent.  /","so/RB ,/,  [ you/PRP ] ca/MD n't/RB keep/VB  [ the/DT dirt/NN ] out/IN of/IN  [ the/DT tent/NN ] ./.","(S (RB so) (, ,) (NP-SBJ (PRP you)) (VP (MD ca) (RB n't) (VP (VB keep) (NP (DT the) (NN dirt)) (PP-LOC (IN out) (PP (IN of) (NP (DT the) (NN tent)))))) (. .) (-DFL- E_S))",89
sw05utt/sw_0590_2445.utt,2/sw2445,2445,68,h,A,23,2,I don't know  /,[ I/PRP ] do/VBP n't/RB know/VB,(S (NP-SBJ (PRP I)) (VP (VBP do) (RB n't) (VP (VB know))) (-DFL- E_S)),90
sw05utt/sw_0590_2445.utt,2/sw2445,2445,69,sd,A,23,3,"we have a seven year old,  /","[ we/PRP ] have/VBP  [ a/DT seven/CD year/NN old/NN ] ,/,","(S (NP-SBJ (PRP we)) (VP (VBP have) (NP (DT a) (CD seven) (NN year) (NN old))) (, ,) (-DFL- E_S))",91
sw05utt/sw_0590_2445.utt,2/sw2445,2445,70,sd,A,23,4,"it's pretty funny,  /","[ it/PRP ] 's/BES pretty/RB funny/JJ ,/,","(S (NP-SBJ (PRP it)) (VP (BES 's) (ADJP-PRD (RB pretty) (JJ funny))) (, ,) (-DFL- E_S))",92
sw05utt/sw_0590_2445.utt,2/sw2445,2445,71,%,A,23,5,# {D like } stay out. # /,like/UH stay/VB out/RB ./.,(S-IMP (INTJ (UH like)) (NP-SBJ (-NONE- *)) (VP (VB stay) (ADVP-LOC (RB out))) (. .) (-DFL- E_S)),93
sw05utt/sw_0590_2445.utt,2/sw2445,2445,72,b,B,24,1,"# Yeah,  /","Yeah/UH ,/,","(INTJ (UH Yeah) (, ,) (-DFL- E_S))",44
sw05utt/sw_0590_2445.utt,2/sw2445,2445,73,sd,B,24,2,"[ [ we, +  we have, ] +  # we have ]  a dog  /","[ we/PRP ] ,/,  [ we/PRP ] have/VBP ,/,  [ we/PRP ] have/VBP  [ a/DT dog/NN ]","(S (EDITED (RM (-DFL- \[)) (EDITED (RM (-DFL- \[)) (NP-SBJ (PRP we)) (, ,) (IP (-DFL- \+))) (S (NP-SBJ (PRP we)) (VP-UNF (VBP have))) (, ,) (RS (-DFL- \])) (IP (-DFL- \+))) (NP-SBJ (PRP we)) (VP (VBP have) (RS (-DFL- \])) (NP (DT a) (NN dog))) (-DFL- E_S))",96
sw05utt/sw_0590_2445.utt,2/sw2445,2445,74,sv,B,24,3,{C and } that's just about as bad as a kid <laughter>. /,and/CC  [ that/DT ] 's/BES just/RB about/RB as/RB bad/JJ as/IN  [ a/DT kid/NN ] ./.,(S (CC and) (NP-SBJ (DT that)) (VP (BES 's) (ADJP-PRD (ADJP (RB just) (RB about) (RB as) (JJ bad)) (PP (IN as) (NP (DT a) (NN kid))))) (. .) (-DFL- E_S)),97
sw05utt/sw_0590_2445.utt,2/sw2445,2445,75,b,A,25,1,"Yeah,  /","Yeah/UH ,/,","(INTJ (UH Yeah) (, ,) (-DFL- E_S))",44
sw05utt/sw_0590_2445.utt,2/sw2445,2445,76,sd,A,25,2,"(( boy, he doesn't go in and  out of the tent a hundred times )) .","[ boy/UH ] ,/,  [ he/PRP ] does/VBZ n't/RB go/VB in/IN and/CC out/IN of/IN  [ the/DT tent/NN ] [ a/DT hundred/CD times/NNS ] ./.","(S (INTJ (UH boy)) (, ,) (NP-SBJ (PRP he)) (VP (VBZ does) (RB n't) (VP (VP (VB go) (PP-DIR (IN in) (CC and) (IN out) (PP (IN of) (NP (DT the) (NN tent)))) (NP-TMP (DT a) (CD hundred) (NNS times))) (. .) (CC And) (VP (VB use) (NP (PRP it)) (PP (IN as) (NP-UNF (DT a) (NN play) (, ,) (INTJ (UH uh))))))) (, ,) (-DFL- N_S))",100
sw05utt/sw_0590_2445.utt,2/sw2445,2445,77,b,B,26,1,Uh-huh. /,[ Uh-huh/UH ] ./.,(INTJ (UH Uh-huh) (. .) (-DFL- E_S)),102
sw05utt/sw_0590_2445.utt,2/sw2445,2445,78,+,A,27,1,"And use it as a play, {F uh, } - /","And/CC use/VB  [ it/PRP ] as/IN  [ a/DT play/NN ] ,/,  [ uh/UH ] ,/,","(S (INTJ (UH boy)) (, ,) (NP-SBJ (PRP he)) (VP (VBZ does) (RB n't) (VP (VP (VB go) (PP-DIR (IN in) (CC and) (IN out) (PP (IN of) (NP (DT the) (NN tent)))) (NP-TMP (DT a) (CD hundred) (NNS times))) (. .) (CC And) (VP (VB use) (NP (PRP it)) (PP (IN as) (NP-UNF (DT a) (NN play) (, ,) (INTJ (UH uh))))))) (, ,) (-DFL- N_S))",100
sw05utt/sw_0590_2445.utt,2/sw2445,2445,79,sd,A,27,2,they  like to play in them. /,[ they/PRP ] like/VBP to/TO play/VB in/IN  [ them/PRP ] ./.,(S (NP-SBJ-1 (PRP they)) (VP (VBP like) (S (NP-SBJ (-NONE- *-1)) (VP (TO to) (VP (VB play) (PP-LOC (IN in) (NP (PRP them))))))) (. .) (-DFL- E_S)),104
sw05utt/sw_0590_2445.utt,2/sw2445,2445,80,b,B,28,1,"Yeah,  /","[ Yeah/UH ] ,/,","(INTJ (UH Yeah) (, ,) (-DFL- E_S))",60
sw05utt/sw_0590_2445.utt,2/sw2445,2445,81,sv,B,28,2,"I don't know how you can really keep, {F uh, }  the inside of a tent clean. /","[ I/PRP ] do/VBP n't/RB know/VB how/WRB  [ you/PRP ] can/MD really/RB keep/VB ,/,  [ uh/UH ] ,/,  [ the/DT inside/NN ] of/IN  [ a/DT tent/NN ] clean/JJ ./.","(S (NP-SBJ (PRP I)) (VP (VBP do) (RB n't) (VP (VB know) (SBAR (WHADVP-1 (WRB how)) (S (NP-SBJ (PRP you)) (VP (MD can) (ADVP (RB really)) (VP (VB keep) (, ,) (INTJ (UH uh)) (, ,) (S (NP-SBJ (NP (DT the) (NN inside)) (PP (IN of) (NP (DT a) (NN tent)))) (ADJP-PRD (JJ clean))) (ADVP-MNR (-NONE- *T*-1)))))))) (. .) (-DFL- E_S))",107
sw05utt/sw_0590_2445.utt,2/sw2445,2445,82,aa,A,29,1,"(( Yeah,  /","[ Yeah/UH ] ,/,","(INTJ (UH Yeah) (, ,) (-DFL- E_S))",70
sw05utt/sw_0590_2445.utt,2/sw2445,2445,83,aa,A,29,2,I don't know )) . /,[ I/PRP ] do/VBP n't/RB know/VB ./.,(S (NP-SBJ (PRP I)) (VP (VBP do) (RB n't) (VP (VB know))) (. .) (-DFL- E_S)),110
sw05utt/sw_0590_2445.utt,2/sw2445,2445,84,sv,B,30,1,"Other than, {D you know, } taking your shoes  off right before you walk in or  something [ and, + and ]  sweeping it out everyday, it's really hard [ to, + to ] keep the sand and dirt out of it. /","[ Other/JJ ] than/IN ,/,  [ you/PRP ] know/VBP ,/, taking/VBG  [ your/PRP$ shoes/NNS ] off/RP  [ right/RB ] before/IN  [ you/PRP ] walk/VBP in/IN or/CC  [ something/NN ] and/CC ,/, and/CC sweeping/VBG  [ it/PRP ] out/RP  [ everyday/RB ] ,/,  [ it/PRP ] 's/BES really/RB hard/JJ to/TO ,/, to/TO keep/VB  [ the/DT sand/NN ] and/CC  [ dirt/NN ] out/IN of/IN  [ it/PRP ] ./.","(S (ADVP (JJ Other) (PP (IN than) (PRN (, ,) (S (NP-SBJ (PRP you)) (VP (VBP know))) (, ,)) (S-NOM (NP-SBJ (-NONE- *)) (VP (VP (VBG taking) (NP (PRP$ your) (NNS shoes)) (PRT (RP off)) (SBAR-TMP (ADVP (RB right)) (IN before) (S (NP-SBJ (PRP you)) (VP (VBP walk) (PRT (IN in)))))) (CC or) (NP-ETC (NN something)) (EDITED (RM (-DFL- \[)) (CC and) (, ,) (IP (-DFL- \+))) (CC and) (RS (-DFL- \])) (VP (VBG sweeping) (NP (PRP it)) (PRT (RP out)) (NP-TMP (TYPO (RB everyday)))))))) (, ,) (NP-SBJ (NP (PRP it)) (S (-NONE- *EXP*-1))) (VP (BES 's) (ADJP-PRD (RB really) (JJ hard)) (S-1 (NP-SBJ (-NONE- *)) (EDITED (RM (-DFL- \[)) (VP-UNF (TO to)) (, ,) (IP (-DFL- \+))) (VP (TO to) (RS (-DFL- \])) (VP (VB keep) (NP (DT the) (NN sand) (CC and) (NN dirt)) (PP-LOC (IN out) (PP (IN of) (NP (PRP it)))))))) (. .) (-DFL- E_S))",112
sw05utt/sw_0590_2445.utt,2/sw2445,2445,85,b,A,31,1,"Yeah,  /","Yeah/UH ,/,","(INTJ (UH Yeah) (, ,) (-DFL- E_S))",95
sw05utt/sw_0590_2445.utt,2/sw2445,2445,86,sd,A,31,2,"{D well, } what [ [ we were doing, +   we were just going to say, ] +  we're just going to sleep ] in the tent and hang out at night, so,  {D you know, } no going in and out, [ and, + or ] what he wants to do,  /","well/UH ,/,  [ what/WP ] [ we/PRP ] were/VBD doing/VBG ,/,  [ we/PRP ] were/VBD just/RB going/VBG to/TO say/VB ,/,  [ we/PRP ] 're/VBP just/RB going/VBG to/TO sleep/VB in/IN  [ the/DT tent/NN ] and/CC hang/VB out/RP at/IN  [ night/NN ] ,/, so/RB ,/,  [ you/PRP ] know/VBP ,/, no/RB going/VBG in/IN and/CC out/IN ,/, and/CC ,/, or/CC  [ what/WP ] [ he/PRP ] wants/VBZ to/TO do/VB ,/,","(S (INTJ (UH well)) (, ,) (SBAR-ADV (WHNP-2 (WP what)) (RM (-DFL- \[)) (RM (-DFL- \[)) (S (NP-SBJ (PRP we)) (VP (VBD were) (VP (VBG doing) (NP (-NONE- *T*-2)))))) (, ,) (IP (-DFL- \+)) (NP-SBJ-1 (PRP we)) (VP (VBD were) (ADVP (RB just)) (VP (VBG going) (S (NP-SBJ (-NONE- *-1)) (VP (TO to) (VP (VB say) (, ,) (RS (-DFL- \])) (IP (-DFL- \+)) (S-SEZ (NP-SBJ-3 (PRP we)) (VP (VBP 're) (ADVP (RB just)) (VP (VBG going) (S (NP-SBJ (-NONE- *-3)) (VP (TO to) (VP (VP (VB sleep) (RS (-DFL- \])) (PP-LOC (IN in) (NP (DT the) (NN tent)))) (CC and) (VP (VB hang) (PRT (RP out)) (PP-TMP (IN at) (NP (NN night))))))) (, ,) (INTJ (RB so)) (PRN (, ,) (S (NP-SBJ (PRP you)) (VP (VBP know)))))))))))) (, ,))|||(NP (RB no) (S-NOM (NP-SBJ (-NONE- *)) (VP-UNF (VP (VBG going) (ADVP-DIR (IN in) (CC and) (IN out))) (, ,) (EDITED (RM (-DFL- \[)) (CC and) (, ,) (IP (-DFL- \+))) (CC or))) (RS (-DFL- \])))|||(S (SBAR-NOM-SBJ (WHNP-5 (WP what)) (S (NP-SBJ-4 (PRP he)) (VP (VBZ wants) (S (NP-SBJ (-NONE- *-4)) (VP (TO to) (VP (VB do) (NP (-NONE- *T*-5)))))))) (, ,) (-DFL- E_S) (PRN (S (NP-SBJ (PRP we)) (VP (VBD had) (VP (VBN brought) (NP (PRP$ his) (NN friend)) (ADVP (IN along))))) (, ,)) (VP (VBD was) (S-PRD (NP-SBJ (-NONE- *)) (VP (VB play) (PP-LOC (IN in) (NP (DT the) (NN tent)))))) (. .) (-DFL- E_S))",115|||116|||117
sw05utt/sw_0590_2445.utt,2/sw2445,2445,87,sd,A,31,3,"we had brought his friend along, was play in the tent.  /","[ we/PRP ] had/VBD brought/VBN  [ his/PRP$ friend/NN ] along/IN ,/, was/VBD  [ play/VB ] in/IN  [ the/DT tent/NN ] ./.","(S (SBAR-NOM-SBJ (WHNP-5 (WP what)) (S (NP-SBJ-4 (PRP he)) (VP (VBZ wants) (S (NP-SBJ (-NONE- *-4)) (VP (TO to) (VP (VB do) (NP (-NONE- *T*-5)))))))) (, ,) (-DFL- E_S) (PRN (S (NP-SBJ (PRP we)) (VP (VBD had) (VP (VBN brought) (NP (PRP$ his) (NN friend)) (ADVP (IN along))))) (, ,)) (VP (VBD was) (S-PRD (NP-SBJ (-NONE- *)) (VP (VB play) (PP-LOC (IN in) (NP (DT the) (NN tent)))))) (. .) (-DFL- E_S))",117
sw05utt/sw_0590_2445.utt,2/sw2445,2445,88,sd(^q),A,31,4,"It was like, no, this is not working, <laughter>,  /","[ It/PRP ] was/VBD like/IN ,/, no/UH ,/,  [ this/DT ] is/VBZ not/RB working/VBG ,/, ,/,","(S (NP-SBJ (PRP It)) (VP (VBD was) (INTJ (IN like)) (, ,) (S-SEZ (INTJ (UH no)) (, ,) (NP-SBJ (DT this)) (VP (VBZ is) (RB not) (VP (VBG working))))) (, ,) (, ,) (-DFL- E_S))",118
sw05utt/sw_0590_2445.utt,2/sw2445,2445,89,^q,A,31,5,"you can't do that,  /","[ you/PRP ] ca/MD n't/RB do/VB  [ that/DT ] ,/,","(S (NP-SBJ (PRP you)) (VP (MD ca) (RB n't) (VP (VB do) (NP (DT that)))) (, ,) (-DFL- E_S))",119
sw05utt/sw_0590_2445.utt,2/sw2445,2445,90,^q,A,31,6,you get the tent all dirty. /,[ you/PRP ] get/VBP  [ the/DT tent/NN ] all/RB dirty/JJ ./.,(S (NP-SBJ (PRP you)) (VP (VBP get) (S (NP-SBJ (DT the) (NN tent)) (ADJP-PRD (RB all) (JJ dirty)))) (. .) (-DFL- E_S)),120
sw05utt/sw_0590_2445.utt,2/sw2445,2445,91,%,B,32,1,"Did, -/","Did/VBD ,/,","(SQ-UNF (VBD Did) (, ,) (-DFL- N_S))",122
sw05utt/sw_0590_2445.utt,2/sw2445,2445,92,^q,A,33,1,"{C Plus } you get it all wet,  /","Plus/CC  [ you/PRP ] get/VBP  [ it/PRP ] all/RB wet/JJ ,/,","(S (CC Plus) (NP-SBJ (PRP you)) (VP (VBP get) (S (NP-SBJ (PRP it)) (ADJP-PRD (RB all) (JJ wet)))) (, ,) (-DFL- E_S))",124
sw05utt/sw_0590_2445.utt,2/sw2445,2445,93,sd,A,33,2,"we were at a beach site, too. /","[ we/PRP ] were/VBD at/IN  [ a/DT beach/NN site/NN ] ,/, too/RB ./.","(S (NP-SBJ (PRP we)) (VP (VBD were) (PP-LOC-PRD (IN at) (NP (DT a) (NN beach) (NN site))) (, ,) (ADVP (RB too))) (. .) (-DFL- E_S))",125
sw05utt/sw_0590_2445.utt,2/sw2445,2445,94,b,B,34,1,Uh-huh.  /,[ Uh-huh/UH ] ./.,(INTJ (UH Uh-huh) (. .) (-DFL- E_S)),102
sw05utt/sw_0590_2445.utt,2/sw2445,2445,95,qy,B,34,2,"{F Um, } did you have another,  a big tent, [ [ like +  {F uh, } {F um, } like  a, ] +  looks like a ] sitting area type, {D you know, }  like a two room type  ((   )) ? /","Um/UH ,/, did/VBD  [ you/PRP ] have/VBP  [ another/DT ] ,/,  [ a/DT big/JJ tent/NN ] ,/, like/IN  [ uh/UH ] ,/, um/UH ,/, like/IN  [ a/DT ] ,/, looks/VBZ like/IN  [ a/DT sitting/VBG area/NN type/NN ] ,/,  [ you/PRP ] know/VBP ,/, like/IN  [ a/DT two/CD room/NN type/NN MUMBLEx/XX ] ?/.","(SQ (INTJ (UH Um)) (, ,) (VBD did) (NP-SBJ (PRP you)) (VP (VBP have) (EDITED (NP-UNF (DT another))) (, ,) (NP (NP (DT a) (JJ big) (NN tent)) (, ,) (EDITED (RM (-DFL- \[)) (EDITED (RM (-DFL- \[)) (PP-UNF (IN like)) (IP (-DFL- \+))) (INTJ (UH uh)) (, ,) (INTJ (UH um)) (, ,) (PP (IN like) (NP-UNF (DT a))) (, ,) (RS (-DFL- \])) (IP (-DFL- \+))) (SBAR (WHNP-1 (-NONE- 0)) (S (NP-SBJ (-NONE- *T*-1)) (VP (VBZ looks) (PP (IN like) (NP (DT a) (RS (-DFL- \])) (VBG sitting) (NN area) (NN type))) (PRN (, ,) (S (NP-SBJ (PRP you)) (VP (VBP know))) (, ,)) (PP (IN like) (NP (DT a) (ADJP (CD two) (NN room)) (NN type))))))) (X (XX MUMBLEx))) (. ?) (-DFL- E_S))",128
sw05utt/sw_0590_2445.utt,2/sw2445,2445,96,nn,A,35,1,"No,  /","No/UH ,/,","(INTJ (UH No) (, ,) (-DFL- E_S))",130
sw05utt/sw_0590_2445.utt,2/sw2445,2445,97,sd^e,A,35,2,"{C but, } {D you know, } I was just  thinking of getting one those for the yard because they are really nice  /","but/CC ,/,  [ you/PRP ] know/VBP ,/,  [ I/PRP ] was/VBD just/RB thinking/VBG of/IN getting/VBG  [ one/NN ] [ those/DT ] for/IN  [ the/DT yard/NN ] because/IN  [ they/PRP ] are/VBP really/RB nice/JJ","(S (CC but) (PRN (, ,) (S (NP-SBJ (PRP you)) (VP (VBP know))) (, ,)) (NP-SBJ-1 (PRP I)) (VP (VBD was) (ADVP (RB just)) (VP (VBG thinking) (PP (IN of) (S-NOM (NP-SBJ (-NONE- *-1)) (VP (VBG getting) (NP (NN one) (DT those)) (PP-PRP (IN for) (NP (DT the) (NN yard)))))) (SBAR-PRP (IN because) (S (NP-SBJ (PRP they)) (VP (VBP are) (ADJP-PRD (RB really) (JJ nice))))))) (-DFL- E_S))",131
sw05utt/sw_0590_2445.utt,2/sw2445,2445,98,sd,A,35,3,"{C and, } {F um, } up here [ we have, +  {F uh, }  we have ] quite a few mosquitoes at nighttime. /","and/CC ,/, um/UH ,/, up/IN here/RB  [ we/PRP ] have/VBP ,/,  [ uh/UH ] ,/,  [ we/PRP ] have/VBP quite/RB  [ a/DT few/JJ mosquitoes/NNS ] at/IN  [ nighttime/NN ] ./.","(S (CC and) (, ,) (INTJ (UH um)) (, ,) (PP-LOC (IN up) (ADVP (RB here))) (EDITED (RM (-DFL- \[)) (S (NP-SBJ (PRP we)) (VP-UNF (VBP have))) (, ,) (IP (-DFL- \+))) (INTJ (UH uh)) (, ,) (NP-SBJ (PRP we)) (VP (VBP have) (RS (-DFL- \])) (NP (RB quite) (DT a) (JJ few) (NNS mosquitoes)) (PP-TMP (IN at) (NP (NN nighttime)))) (. .) (-DFL- E_S))",132
sw05utt/sw_0590_2445.utt,2/sw2445,2445,99,b,B,36,1,"Yeah,  /","Yeah/UH ,/,","(INTJ (UH Yeah) (, ,) (-DFL- E_S))",95
sw05utt/sw_0590_2445.utt,2/sw2445,2445,100,b^r,B,36,2,"yeah,  /","yeah/UH ,/,","(INTJ (UH yeah) (, ,) (-DFL- E_S))",135
sw05utt/sw_0590_2445.utt,2/sw2445,2445,101,sd,B,36,3,"we don't really have a   problem with that, {F um, } in these areas, {F um, }  /","[ we/PRP ] do/VBP n't/RB really/RB have/VB  [ a/DT problem/NN ] with/IN  [ that/DT ] ,/, um/UH ,/, in/IN  [ these/DT areas/NNS ] ,/, um/UH ,/,","(S (NP-SBJ (PRP we)) (VP (VBP do) (RB n't) (ADVP (RB really)) (VP (VB have) (NP (NP (DT a) (NN problem)) (PP (IN with) (NP (DT that)))) (, ,) (INTJ (UH um)) (, ,) (PP-LOC (IN in) (NP (DT these) (NNS areas))) (, ,) (INTJ (UH um)))) (, ,) (-DFL- E_S))",136
sw05utt/sw_0590_2445.utt,2/sw2445,2445,102,sd,B,36,4,"{C and } [ even, +  even ]  when in Oklahoma when we camped I really didn't notice a problem with bugs.  /","and/CC even/RB ,/, even/RB when/WRB in/IN  [ Oklahoma/NNP ] when/WRB  [ we/PRP ] camped/VBD  [ I/PRP ] really/RB did/VBD n't/RB notice/VB  [ a/DT problem/NN ] with/IN  [ bugs/NNS ] ./.","(S (CC and) (EDITED (EDITED (RM (-DFL- \[)) (ADVP (RB even)) (, ,) (IP (-DFL- \+))) (ADVP (RB even)) (RS (-DFL- \])) (SBAR-TMP-UNF (WHADVP (WRB when)))) (PP-LOC (IN in) (NP (NNP Oklahoma))) (SBAR-TMP (WHADVP-1 (WRB when)) (S (NP-SBJ (PRP we)) (VP (VBD camped) (ADVP-TMP (-NONE- *T*-1))))) (NP-SBJ (PRP I)) (ADVP (RB really)) (VP (VBD did) (RB n't) (VP (VB notice) (NP (NP (DT a) (NN problem)) (PP (IN with) (NP (NNS bugs)))))) (. .) (-DFL- E_S))",137
sw05utt/sw_0590_2445.utt,2/sw2445,2445,103,%,B,36,5,"{C And } I noticed that, - /","And/CC  [ I/PRP ] noticed/VBD  [ that/DT ] ,/,","(S (CC And) (NP-SBJ (PRP I)) (VP (VBD noticed) (NP (DT that))) (, ,) (-DFL- N_S))",138
sw05utt/sw_0590_2445.utt,2/sw2445,2445,104,%,B,36,6,"I know that I said, that's, - /","[ I/PRP ] know/VBP that/IN  [ I/PRP ] said/VBD ,/,  [ that/DT ] 's/BES ,/,","(S (NP-SBJ (PRP I)) (VP (VBP know) (SBAR (IN that) (S (NP-SBJ (PRP I)) (VP (VBD said) (, ,) (S-SEZ (NP-SBJ (DT that)) (VP-UNF (BES 's))))))) (, ,) (-DFL- N_S))",139
sw05utt/sw_0590_2445.utt,2/sw2445,2445,105,sd,B,36,7,"[ I've, +  I've ] lived back east before, {F um, } they, -/","[ I/PRP ] 've/VBP ,/,  [ I/PRP ] 've/VBP lived/VBN back/RB east/JJ before/IN ,/, um/UH ,/,  [ they/PRP ] ,/,","(S (EDITED (RM (-DFL- \[)) (S (NP-SBJ (PRP I)) (VP-UNF (VBP 've))) (, ,) (IP (-DFL- \+))) (NP-SBJ (PRP I)) (VP (VBP 've) (RS (-DFL- \])) (VP (VBN lived) (ADVP-LOC (RB back) (JJ east)) (ADVP-TMP (IN before)))) (, ,))|||(S-UNF (INTJ (UH um)) (, ,) (NP-SBJ (PRP they)) (, ,) (-DFL- N_S))",140|||141
sw05utt/sw_0590_2445.utt,2/sw2445,2445,106,sv,A,37,1,"(( They're ))  terrible,  /","[ They/PRP ] 're/VBP terrible/JJ ,/,","(S (NP-SBJ (PRP They)) (VP (VBP 're) (ADJP-PRD (JJ terrible))) (, ,) (-DFL- E_S))",143
sw05utt/sw_0590_2445.utt,2/sw2445,2445,107,sv,A,37,2,they're really terrible.  /,[ they/PRP ] 're/VBP really/RB terrible/JJ ./.,(S (NP-SBJ (PRP they)) (VP (VBP 're) (ADJP-PRD (RB really) (JJ terrible))) (. .) (-DFL- E_S)),144
sw05utt/sw_0590_2445.utt,2/sw2445,2445,108,%,A,37,3,"{F Uh, } {C but, } there's this one campsite, that it, - /","[ Uh/UH ] ,/, but/CC ,/,  [ there/EX ] 's/BES  [ this/PDT one/DT campsite/NN ] ,/, that/WDT  [ it/PRP ] ,/,","(S (INTJ (UH Uh)) (, ,) (CC but) (, ,) (NP-SBJ (EX there)) (VP (BES 's) (NP-PRD (NP (PDT this) (DT one) (NN campsite)) (, ,) (SBAR (WHNP-1 (WDT that)) (S-UNF (NP-SBJ (NP (-NONE- *T*-1)) (NP (PRP it))))))) (, ,) (-DFL- N_S))",145
sw05utt/sw_0590_2445.utt,2/sw2445,2445,109,sd,A,37,4,just some of them are known  /,just/RB  [ some/DT ] of/IN  [ them/PRP ] are/VBP known/JJ,(S (ADVP (RB just)) (NP-SBJ (NP (DT some)) (PP (IN of) (NP (PRP them)))) (VP (VBP are) (ADJP-PRD (JJ known))) (-DFL- E_S)),146
sw05utt/sw_0590_2445.utt,2/sw2445,2445,110,sd,A,37,5,{C but } there is one that's out in this big lake  /,but/CC  [ there/EX ] is/VBZ  [ one/CD ] [ that/WDT ] 's/BES out/IN in/IN  [ this/DT big/JJ lake/NN ],(S (CC but) (NP-SBJ (EX there)) (VP (VBZ is) (NP-PRD (NP (CD one)) (SBAR (WHNP-1 (WDT that)) (S (NP-SBJ (-NONE- *T*-1)) (VP (BES 's) (PP-LOC-PRD (IN out) (PP (IN in) (NP (DT this) (JJ big) (NN lake))))))))) (-DFL- E_S)),147
sw05utt/sw_0590_2445.utt,2/sw2445,2445,111,sd,A,37,6,"{C and } [ [ its, +  its, ] + its, ]  mosquitoes are terrible  /","and/CC  [ its/PRP$ ] ,/,  [ its/PRP$ ]  ,/,  [ its/PRP$ ] ,/,  [ mosquitoes/NNS ] are/VBP terrible/JJ","(S (CC and) (EDITED (RM (-DFL- \[)) (EDITED (RM (-DFL- \[)) (NP-SBJ-UNF (PRP$ its)) (, ,) (IP (-DFL- \+))) (NP-SBJ-UNF (PRP$ its)) (, ,) (RS (-DFL- \])) (IP (-DFL- \+))) (NP-SBJ (PRP$ its) (, ,) (RS (-DFL- \])) (NNS mosquitoes)) (VP (VBP are) (ADJP-PRD (JJ terrible))) (-DFL- E_S))",148
sw05utt/sw_0590_2445.utt,2/sw2445,2445,112,sd,A,37,7,"{C and then } [ there's this, +  there's this ] other one  (( that's ))   more up in the mountains  /","and/CC then/RB  [ there/EX ] 's/BES  [ this/DT ] ,/,  [ there/EX ] 's/BES  [ this/DT other/JJ ] [ one/NN ] [ that/WDT ] 's/BES more/RBR up/IN in/IN  [ the/DT mountains/NNS ]","(S (CONJP (CC and) (RB then)) (EDITED (RM (-DFL- \[)) (S (NP-SBJ (EX there)) (VP (BES 's) (NP-PRD-UNF (DT this)))) (, ,) (IP (-DFL- \+))) (NP-SBJ (EX there)) (VP (BES 's) (NP-PRD (NP (DT this) (RS (-DFL- \])) (JJ other) (NN one)) (SBAR (WHNP-1 (WDT that)) (S (NP-SBJ (-NONE- *T*-1)) (VP (BES 's) (ADVP (RBR more)) (PP-LOC-PRD (IN up) (PP (IN in) (NP (DT the) (NNS mountains))))))))) (-DFL- E_S))",149
sw05utt/sw_0590_2445.utt,2/sw2445,2445,113,sd,A,37,8,{C but } it surrounds a man-made reservoir  /,but/CC  [ it/PRP ] surrounds/VBZ  [ a/DT man-made/JJ reservoir/NN ],(S (CC but) (NP-SBJ (PRP it)) (VP (VBZ surrounds) (NP (DT a) (JJ man-made) (NN reservoir))) (-DFL- E_S)),150
sw05utt/sw_0590_2445.utt,2/sw2445,2445,114,sd,A,37,9,"{C and } there's no bugs,  /","and/CC  [ there/EX ] 's/BES  [ no/DT bugs/NNS ] ,/,","(S (CC and) (NP-SBJ (EX there)) (VP (BES 's) (NP-PRD (DT no) (NNS bugs))) (, ,) (-DFL- E_S))",151
sw05utt/sw_0590_2445.utt,2/sw2445,2445,115,sd,A,37,10,"that's the whole thing that everyone told me, {F oh, }  /","[ that/DT ] 's/BES  [ the/DT whole/JJ thing/NN ] that/WDT  [ everyone/NN ] told/VBD  [ me/PRP ] ,/, oh/UH ,/,","(S (NP-SBJ (DT that)) (VP (BES 's) (NP-PRD (NP (DT the) (JJ whole) (NN thing)) (SBAR (WHNP-1 (WDT that)) (S (NP-SBJ (NN everyone)) (VP (VBD told) (NP (PRP me)) (NP (-NONE- *T*-1)))))) (, ,) (INTJ (UH oh))) (, ,) (-DFL- E_S))",152
sw05utt/sw_0590_2445.utt,2/sw2445,2445,116,sd,A,37,11,"[ I'm, +  I was ]  going to go to, [ Lit-, +  Little ] River State Park,  /","[ I/PRP ] 'm/VBP ,/,  [ I/PRP ] was/VBD going/VBG to/TO go/VB to/IN ,/,  [ Lit-/NNP ] ,/,  [ Little/NNP River/NNP State/NNP Park/NNP ] ,/,","(S (EDITED (RM (-DFL- \[)) (S (NP-SBJ (PRP I)) (VP-UNF (VBP 'm))) (, ,) (IP (-DFL- \+))) (NP-SBJ-1 (PRP I)) (VP (VBD was) (RS (-DFL- \])) (VP (VBG going) (S (NP-SBJ (-NONE- *-1)) (VP (TO to) (VP (VB go) (PP-DIR (IN to) (, ,) (EDITED (RM (-DFL- \[)) (NP-UNF (NNP Lit-)) (, ,) (IP (-DFL- \+))) (NP (NNP Little) (RS (-DFL- \])) (NNP River) (NNP State) (NNP Park)))))))) (, ,) (-DFL- E_S))",153
sw05utt/sw_0590_2445.utt,2/sw2445,2445,117,sv,A,37,12,"(( )) that place is  great,  /","[ MUMBLEx/XX ] [ that/DT place/NN ] is/VBZ great/JJ ,/,","(X (XX MUMBLEx))|||(S (NP-SBJ (DT that) (NN place)) (VP (VBZ is) (ADJP-PRD (JJ great))) (, ,) (-DFL- E_S))",154|||155
sw05utt/sw_0590_2445.utt,2/sw2445,2445,118,sd,A,37,13,there's no bugs. /,[ there/EX ] 's/BES  [ no/DT bugs/NNS ] ./.,(S (NP-SBJ (EX there)) (VP (BES 's) (NP-PRD (DT no) (NNS bugs))) (. .) (-DFL- E_S)),156
sw05utt/sw_0590_2445.utt,2/sw2445,2445,119,b,B,38,1,{F Huh. } /,Huh/UH ./.,(INTJ (UH Huh) (. .) (-DFL- E_S)),158
sw05utt/sw_0590_2445.utt,2/sw2445,2445,120,%,A,39,1,"{C But, } {F oh, } - /","But/CC ,/, oh/UH ,/,","(S-UNF (CC But) (, ,) (INTJ (UH oh)) (, ,) (-DFL- N_S))",160
sw05utt/sw_0590_2445.utt,2/sw2445,2445,121,%,A,39,2,"okay,  /","okay/UH ,/,","(INTJ (UH okay) (, ,) (-DFL- E_S))",161
sw05utt/sw_0590_2445.utt,2/sw2445,2445,122,sd,A,39,3,"{C because, } {F uh, } we were having a really big  problem up here in certain areas,  /","because/RB ,/,  [ uh/UH ] ,/,  [ we/PRP ] were/VBD having/VBG  [ a/DT ] really/RB  [ big/JJ problem/NN ] up/IN here/RB in/IN  [ certain/JJ areas/NNS ] ,/,","(SBAR-PRP (RB because) (, ,) (INTJ (UH uh)) (, ,) (S (NP-SBJ (PRP we)) (VP (VBD were) (VP (VBG having) (NP (DT a) (ADJP (RB really) (JJ big)) (NN problem)) (PP-LOC (IN up) (ADVP (RB here))) (PP-LOC (IN in) (NP (JJ certain) (NNS areas)))))) (, ,) (-DFL- E_S))",162
sw05utt/sw_0590_2445.utt,2/sw2445,2445,123,sd,A,39,4,"we were really affected  (( bad by it )) ,   but really got it, {F um, } - /","[ we/PRP ] were/VBD really/RB affected/JJ  [ bad/RB ] by/IN  [ it/PRP ] ,/, but/CC really/RB got/VBD  [ it/PRP ] ,/, um/UH ,/,","(S (NP-SBJ-1 (PRP we)) (VP (VBD were) (ADVP (RB really)) (VP (VP (JJ affected) (NP (-NONE- *-1)) (ADVP (RB bad)) (PP (IN by) (NP-LGS (PRP it)))) (, ,) (CC but) (ADVP (RB really)) (VP-UNF (VBD got) (NP (PRP it))) (, ,) (INTJ (UH um)))) (, ,) (-DFL- N_S))",163
sw05utt/sw_0590_2445.utt,2/sw2445,2445,124,sd,A,39,5,"almost destroyed [ the ch-, +  the  (( tourism )) ]   in one town, because of the mosquitoes,  /","almost/RB destroyed/VBD  [ the/DT ch-/NN ] ,/,  [ the/DT tourism/NN ] in/IN  [ one/CD town/NN ] ,/, because/IN of/IN  [ the/DT mosquitoes/NNS ] ,/,","(S (NP-SBJ (-NONE- *)) (ADVP (RB almost)) (VP (VBD destroyed) (EDITED (RM (-DFL- \[)) (NP-UNF (DT the) (NN ch-)) (, ,) (IP (-DFL- \+))) (NP (NP (DT the) (NN tourism)) (RS (-DFL- \])) (PP-LOC (IN in) (NP (CD one) (NN town)))) (, ,) (PP-PRP (IN because) (IN of) (NP (DT the) (NNS mosquitoes)))) (, ,) (-DFL- E_S))",164
sw05utt/sw_0590_2445.utt,2/sw2445,2445,125,sd,A,39,6,"they're so, bad. /","[ they/PRP ] 're/VBP so/RB ,/,  [ bad/JJ ] ./.","(S (NP-SBJ (PRP they)) (VP (VBP 're) (ADJP-PRD (RB so) (, ,) (JJ bad))) (. .) (-DFL- E_S))",165
sw05utt/sw_0590_2445.utt,2/sw2445,2445,126,bh,B,40,1,Really? /,Really/UH ?/.,(INTJ (UH Really) (. ?) (-DFL- E_S)),167
sw05utt/sw_0590_2445.utt,2/sw2445,2445,127,ny,A,41,1,"Yeah,  /","Yeah/UH ,/,","(INTJ (UH Yeah) (, ,) (-DFL- E_S))",109
sw05utt/sw_0590_2445.utt,2/sw2445,2445,128,sd,A,41,2,"[ that was, +  it's ]  a really nice area,  /","that/DT was/VBD ,/,  [ it/PRP ] 's/BES  [ a/DT ] really/RB  [ nice/JJ area/NN ] ,/,","(S (EDITED (RM (-DFL- \[)) (S (NP-SBJ (DT that)) (VP-UNF (VBD was))) (, ,) (IP (-DFL- \+))) (NP-SBJ (PRP it)) (VP (BES 's) (RS (-DFL- \])) (NP-PRD (DT a) (ADJP (RB really) (JJ nice)) (NN area))) (, ,) (-DFL- E_S))",170
sw05utt/sw_0590_2445.utt,2/sw2445,2445,129,sd,A,41,3,I've been there before  /,[ I/PRP ] 've/VBP been/VBN there/RB before/IN,(S (NP-SBJ (PRP I)) (VP (VBP 've) (VP (VBN been) (ADVP-LOC-PRD (RB there)) (ADVP-TMP (IN before)))) (-DFL- E_S)),171
sw05utt/sw_0590_2445.utt,2/sw2445,2445,130,%,A,41,4,"{C and } it's, - /","and/CC  [ it/PRP ] 's/BES ,/,","(S (CC and) (NP-SBJ (PRP it)) (VP-UNF (BES 's)) (, ,) (-DFL- N_S))",172
sw05utt/sw_0590_2445.utt,2/sw2445,2445,131,sd,A,41,5,"[ I, +  I ] couldn't imagine [ ge-, + ] living just  sixty miles north of them  /","[ I/PRP ] ,/,  [ I/PRP ] could/MD n't/RB imagine/VB  [ ge-/XX ] ,/, living/VBG just/RB  [ sixty/CD miles/NNS ] north/RB of/IN  [ them/PRP ]","(S (EDITED (RM (-DFL- \[)) (NP-SBJ (PRP I)) (, ,) (IP (-DFL- \+))) (NP-SBJ-1 (PRP I)) (RS (-DFL- \])) (VP (MD could) (RB n't) (VP (VB imagine) (EDITED (RM (-DFL- \[)) (X (XX ge-)) (, ,) (IP (-DFL- \+)) (RS (-DFL- \]))) (S (NP-SBJ (-NONE- *-1)) (VP (VBG living) (ADVP-LOC (NP (QP (RB just) (CD sixty)) (NNS miles)) (RB north) (PP (IN of) (NP (PRP them)))))))) (-DFL- E_S))",173
sw05utt/sw_0590_2445.utt,2/sw2445,2445,132,sd,A,41,6,"{C but } [ they were plagued, +   they were plagued ] [ with them, +  with mosquitoes. ]  /","but/CC  [ they/PRP ] were/VBD plagued/VBN ,/,  [ they/PRP ] were/VBD plagued/VBN with/IN  [ them/PRP ] ,/, with/IN  [ mosquitoes/NNS ] ./.","(S (CC but) (EDITED (RM (-DFL- \[)) (S (NP-SBJ-1 (PRP they)) (VP (VBD were) (VP (VBN plagued) (NP (-NONE- *-1))))) (, ,) (IP (-DFL- \+))) (NP-SBJ-2 (PRP they)) (VP (VBD were) (VP (VBN plagued) (NP (-NONE- *-2)) (RS (-DFL- \])) (EDITED (RM (-DFL- \[)) (PP (IN with) (NP (PRP them))) (, ,) (IP (-DFL- \+))) (PP (IN with) (NP (NNS mosquitoes))))) (. .) (RS (-DFL- \])) (-DFL- E_S))",174
sw05utt/sw_0590_2445.utt,2/sw2445,2445,133,sd,A,41,7,"{C And } you can go [ out, +  outside ] in the daytime, all right,  /","And/CC  [ you/PRP ] can/MD go/VB out/IN ,/,  [ outside/RB ] in/IN  [ the/DT daytime/JJ ] ,/, all/RB right/JJ ,/,","(S (CC And) (NP-SBJ (PRP you)) (VP (MD can) (VP (VB go) (EDITED (RM (-DFL- \[)) (ADVP-DIR (IN out)) (, ,) (IP (-DFL- \+))) (ADVP-DIR (RB outside)) (RS (-DFL- \])) (PP-TMP (IN in) (NP (DT the) (JJ daytime))) (, ,) (ADVP (RB all) (JJ right)))) (, ,) (-DFL- E_S))",175
sw05utt/sw_0590_2445.utt,2/sw2445,2445,134,sd,A,41,8,"{C but } [ the minute the sun went down, +  {F um, } {A that's when it's usually, } the minute the sun sets ] the mosquitoes come out. /","but/CC  [ the/DT minute/NN ] [ the/DT sun/NN ] went/VBD down/RB ,/, um/UH ,/,  [ that/DT ] 's/BES when/WRB  [ it/PRP ] 's/BES usually/RB ,/,  [ the/DT minute/NN ] [ the/DT sun/NN ] sets/VBZ  [ the/DT mosquitoes/NNS ] come/VBN out/RB ./.","(S (CC but) (EDITED (RM (-DFL- \[)) (NP-TMP (NP (DT the) (NN minute)) (SBAR (WHADVP-1 (-NONE- 0)) (S (NP-SBJ (DT the) (NN sun)) (VP (VBD went) (ADVP-DIR (RB down)) (ADVP-TMP (-NONE- *T*-1)))))) (, ,) (IP (-DFL- \+))) (INTJ (UH um)) (PRN (, ,) (S (NP-SBJ (DT that)) (VP (BES 's) (SBAR-TMP-PRD (WHADVP (WRB when)) (S (NP-SBJ (PRP it)) (VP-UNF (BES 's) (ADVP-TMP (RB usually))))))) (, ,)) (NP-TMP (NP (DT the) (NN minute)) (SBAR (WHADVP-2 (-NONE- 0)) (S (NP-SBJ (DT the) (NN sun)) (VP (VBZ sets) (ADVP-TMP (-NONE- *T*-2)))))) (RS (-DFL- \])) (NP-SBJ (DT the) (NNS mosquitoes)) (VP (VBN come) (PRT (RB out))) (. .) (-DFL- E_S))",176
sw05utt/sw_0590_2445.utt,2/sw2445,2445,135,h,B,42,1,{F Huh. } /,Huh/UH ./.,(INTJ (UH Huh) (. .) (-DFL- E_S)),158
sw05utt/sw_0590_2445.utt,2/sw2445,2445,136,sd,A,43,1,"{E I mean, } just the very second,  /","[ I/PRP ] mean/VBP ,/, just/RB  [ the/DT very/RB second/JJ ] ,/,","(FRAG (PRN (S (NP-SBJ (PRP I)) (VP (VBP mean))) (, ,)) (NP-TMP (RB just) (DT the) (RB very) (JJ second)) (, ,) (-DFL- E_S))",180
sw05utt/sw_0590_2445.utt,2/sw2445,2445,137,sv,A,43,2,it's really strange.  /,[ it/PRP ] 's/BES really/RB strange/JJ ./.,(S (NP-SBJ (PRP it)) (VP (BES 's) (ADJP-PRD (RB really) (JJ strange))) (. .) (-DFL- E_S)),181
sw05utt/sw_0590_2445.utt,2/sw2445,2445,138,sd,A,43,3,"[ They, +  {F uh, } they ] must, {F uh, } work on that, {D you know, }  /","[ They/PRP ] ,/,  [ uh/UH ] ,/,  [ they/PRP ] must/MD ,/,  [ uh/UH ] ,/, work/VB on/IN  [ that/DT ] ,/,  [ you/PRP ] know/VBP ,/,","(S (EDITED (RM (-DFL- \[)) (NP-SBJ (PRP They)) (, ,) (IP (-DFL- \+))) (INTJ (UH uh)) (, ,) (NP-SBJ (PRP they)) (RS (-DFL- \])) (VP (MD must) (, ,) (INTJ (UH uh)) (, ,) (VP (VB work) (PP (IN on) (NP (DT that))) (PRN (, ,) (S (NP-SBJ (PRP you)) (VP (VBP know)))))) (, ,) (-DFL- E_S))",182
sw05utt/sw_0590_2445.utt,2/sw2445,2445,139,sd,A,43,4,"[ [ the, +  i-, ] +   it ] gets cooler when the sun sets  /","[ the/DT ] ,/,  [ i-/PRP ] ,/,  [ it/PRP ] gets/VBZ cooler/JJR when/WRB  [ the/DT sun/NN sets/NNS ]","(S (EDITED (RM (-DFL- \[)) (EDITED (RM (-DFL- \[)) (NP-SBJ-UNF (DT the)) (, ,) (IP (-DFL- \+))) (NP-SBJ-UNF (PRP i-)) (, ,) (RS (-DFL- \])) (IP (-DFL- \+))) (NP-SBJ (PRP it)) (RS (-DFL- \])) (VP (VBZ gets) (ADJP-PRD (JJR cooler)) (SBAR-TMP (WHADVP-1 (WRB when)) (S (NP-SBJ (DT the) (NN sun)) (VP (NNS sets) (ADVP-TMP (-NONE- *T*-1)))))) (-DFL- E_S))",183
sw05utt/sw_0590_2445.utt,2/sw2445,2445,140,sd,A,43,5,{C and then } they all come out. /,and/CC then/RB  [ they/PRP ] [ all/DT ] come/VBP out/RB ./.,(S (CONJP (CC and) (RB then)) (NP-SBJ (NP (PRP they)) (NP (DT all))) (VP (VBP come) (PRT (RB out))) (. .) (-DFL- E_S)),184
sw05utt/sw_0590_2445.utt,2/sw2445,2445,141,%,B,44,1,"{D Well, } [ have you ever, +  have you ever ]  taken any of those, {F um, } what do they call this,  ((   ))  lights,  /","Well/UH ,/, have/VBP  [ you/PRP ] ever/RB ,/, have/VBP  [ you/PRP ] ever/RB taken/VBN  [ any/DT ] of/IN  [ those/DT ] ,/, um/UH ,/,  [ what/WP ] do/VBP  [ they/PRP ] call/VB  [ this/DT ] ,/,  [ MUMBLEx/XX lights/NNS ] ,/,","(SQ (INTJ (UH Well)) (, ,) (EDITED (RM (-DFL- \[)) (SQ-UNF (VBP have) (NP-SBJ (PRP you)) (ADVP-TMP (RB ever))) (, ,) (IP (-DFL- \+))) (VBP have) (NP-SBJ (PRP you)) (ADVP-TMP (RB ever)) (RS (-DFL- \])) (VP (VBN taken) (NP (NP (DT any)) (PP (IN of) (NP (DT those) (, ,) (INTJ (UH um)) (PRN (, ,) (SBARQ (WHNP-1 (WP what)) (SQ (VBP do) (NP-SBJ (PRP they)) (VP (VB call) (S (NP-SBJ (DT this)) (NP-PRD (-NONE- *T*-1)))))) (, ,)) (X (XX MUMBLEx)) (NNS lights))))) (, ,) (-DFL- E_S))",186
sw05utt/sw_0590_2445.utt,2/sw2445,2445,142,qy,B,44,2,have you ever used those? /,have/VBP  [ you/PRP ] ever/RB used/VBN  [ those/DT ] ?/.,(SQ (VBP have) (NP-SBJ (PRP you)) (ADVP-TMP (RB ever)) (VP (VBN used) (NP (DT those))) (. ?) (-DFL- E_S)),187
sw05utt/sw_0590_2445.utt,2/sw2445,2445,143,ny,A,45,1,"{F Oh, } yeah,  /","Oh/UH ,/, yeah/UH ,/,","(INTJ (INTJ (UH Oh)) (, ,) (INTJ (UH yeah)) (, ,) (-DFL- E_S))",189
sw05utt/sw_0590_2445.utt,2/sw2445,2445,144,ny,A,45,2,"yeah,  /","yeah/UH ,/,","(INTJ (UH yeah) (, ,) (-DFL- E_S))",135
sw05utt/sw_0590_2445.utt,2/sw2445,2445,145,sd^e,A,45,3,"I never really   noticed how effective they were,  /","[ I/PRP ] never/RB really/RB noticed/VBN how/WRB  [ effective/JJ ] [ they/PRP ] were/VBD ,/,","(S (NP-SBJ (PRP I)) (ADVP-TMP (RB never)) (ADVP (RB really)) (VP (VBN noticed) (SBAR (WHADJP-1 (WRB how) (JJ effective)) (S (NP-SBJ (PRP they)) (VP (VBD were) (ADJP-PRD (-NONE- *T*-1)))))) (, ,) (-DFL- E_S))",191
sw05utt/sw_0590_2445.utt,2/sw2445,2445,146,%,A,45,4,"{C but, } {F um, } because that wasn't really, - /","but/CC ,/, um/UH ,/, because/IN  [ that/DT was/VBD n't/RB ] really/RB ,/,","(S-UNF (CC but) (, ,) (INTJ (UH um)) (, ,) (SBAR-PRP (IN because) (S (NP-SBJ (DT that)) (VP-UNF (VBD was) (RB n't) (ADVP (RB really))))) (, ,) (-DFL- N_S))",192
sw05utt/sw_0590_2445.utt,2/sw2445,2445,147,sd,A,45,5,"I bought them,  ((   ))  /","[ I/PRP ] bought/VBD  [ them/PRP ] ,/,  [ MUMBLEx/XX","(S (NP-SBJ (PRP I)) (VP (VBD bought) (NP (PRP them)) (, ,) (X (XX MUMBLEx))) (-DFL- E_S))",193
sw05utt/sw_0590_2445.utt,2/sw2445,2445,148,sd,A,45,6,"I really didn't get to use them like, {F oh, } there's mosquitoes  let's turn them.  /","I/PRP ] really/RB did/VBD n't/RB get/VB to/TO use/VB  [ them/PRP ] like/IN ,/, oh/UH ,/,  [ there/EX ] [ 's/BES mosquitoes/NNS ] let/VB  [ 's/PRP ] turn/VB  [ them/PRP ] ./.","(S (NP-SBJ-1 (PRP I)) (ADVP (RB really)) (VP (VBD did) (RB n't) (VP (VB get) (S (NP-SBJ (-NONE- *-1)) (VP (TO to) (VP (VB use) (NP (PRP them)) (PP (IN like) (, ,) (S-SEZ (INTJ (UH oh)) (, ,) (NP-SBJ (EX there)) (VP (BES 's) (NP-PRD (NNS mosquitoes)))))))))))|||(S-IMP (NP-SBJ (-NONE- *)) (VP (VB let) (S (NP-SBJ (PRP 's)) (VP-UNF (VB turn) (NP (PRP them))))) (. .) (-DFL- E_S))",194|||195
sw05utt/sw_0590_2445.utt,2/sw2445,2445,149,sd,A,45,7,We just sort of lit them. /,[ We/PRP ] just/RB sort/RB of/RB lit/VBD  [ them/PRP ] ./.,(S (NP-SBJ (PRP We)) (ADVP (RB just)) (ADVP (RB sort) (RB of)) (VP (VBD lit) (NP (PRP them))) (. .) (-DFL- E_S)),196
sw05utt/sw_0590_2445.utt,2/sw2445,2445,150,b,B,46,1,Uh-huh. /,[ Uh-huh/UH ] ./.,(INTJ (UH Uh-huh) (. .) (-DFL- E_S)),127
sw05utt/sw_0590_2445.utt,2/sw2445,2445,151,sd,A,47,1,"{C And, } {F um, } we weren't bothered  that much by mosquitoes,  /","And/CC ,/, um/UH ,/,  [ we/PRP ] were/VBD n't/RB bothered/VBN that/RB  [ much/RB ] by/IN  [ mosquitoes/NNS ] ,/,","(S (CC And) (, ,) (INTJ (UH um)) (, ,) (NP-SBJ-1 (PRP we)) (VP (VBD were) (RB n't) (VP (VBN bothered) (NP (-NONE- *-1)) (ADVP (RB that) (RB much)) (PP (IN by) (NP-LGS (NNS mosquitoes))))) (, ,) (-DFL- E_S))",200
sw05utt/sw_0590_2445.utt,2/sw2445,2445,152,sd,A,47,2,"{C so, } we didn't really contribute it to that.  /","so/RB ,/,  [ we/PRP ] did/VBD n't/RB really/RB contribute/VB  [ it/PRP ] to/IN  [ that/DT ] ./.","(S (RB so) (, ,) (NP-SBJ (PRP we)) (VP (VBD did) (RB n't) (ADVP (RB really)) (VP (VB contribute) (NP (PRP it)) (PP (IN to) (NP (DT that))))) (. .) (-DFL- E_S))",201
sw05utt/sw_0590_2445.utt,2/sw2445,2445,153,sd,A,47,3,"{C But, } {F um, }  I think in an area that's really thick with mosquitoes,  /","But/CC ,/, um/UH ,/,  [ I/PRP ] think/VBP in/IN  [ an/DT area/NN ] [ that/WDT ] 's/BES really/RB thick/JJ with/IN  [ mosquitoes/NNS ] ,/,","(S (CC But) (, ,) (INTJ (UH um)) (, ,) (NP-SBJ (PRP I)) (VP (VBP think) (SBAR (-NONE- 0) (S-UNF (PP-LOC (IN in) (NP (NP (DT an) (NN area)) (SBAR (WHNP-1 (WDT that)) (S (NP-SBJ (-NONE- *T*-1)) (VP (BES 's) (ADJP-PRD (RB really) (JJ thick) (PP (IN with) (NP (NNS mosquitoes)))))))))))) (, ,) (-DFL- E_S))",202
sw05utt/sw_0590_2445.utt,2/sw2445,2445,154,sd,A,47,4,"I can't see all this little, {F uh, }  smoke buckets I call them, /","[ I/PRP ] ca/MD n't/RB see/VB  [ all/PDT this/DT little/JJ ] ,/,  [ uh/UH ] ,/,  [ smoke/NN buckets/NNS I/PRP ] call/VBP  [ them/PRP ] ,/,","(S (NP-SBJ (PRP I)) (VP (MD ca) (RB n't) (VP (VB see) (NP (PDT all) (DT this) (JJ little) (, ,) (INTJ (UH uh)) (, ,) (NN smoke) (NNS buckets) (PRN (S (NP-SBJ (PRP I)) (VP (VBP call) (NP (PRP them)))))))) (, ,) (-DFL- E_S))",203
sw05utt/sw_0590_2445.utt,2/sw2445,2445,155,b,B,48,1,Yeah. /,Yeah/UH ./.,(INTJ (UH Yeah) (. .) (-DFL- E_S)),205
sw05utt/sw_0590_2445.utt,2/sw2445,2445,156,%,A,49,1,"((   ))  they work,  /","[ MUMBLEx/XX ] [ they/PRP ] work/VBP ,/,","(X (XX MUMBLEx))|||(S (NP-SBJ (PRP they)) (VP (VBP work)) (, ,) (-DFL- E_S))",207|||208
sw05utt/sw_0590_2445.utt,2/sw2445,2445,157,sd,A,49,2,{C but } they're suppose to work really well. /,but/CC  [ they/PRP ] 're/VBP suppose/^VBN to/TO work/VB really/RB well/RB ./.,(S (CC but) (NP-SBJ-1 (PRP they)) (VP (VBP 're) (VP (TYPO (^VBN suppose)) (S (NP-SBJ (-NONE- *-1)) (VP (TO to) (VP (VB work) (ADVP-MNR (RB really) (RB well))))))) (. .) (-DFL- E_S)),209
sw05utt/sw_0590_2445.utt,2/sw2445,2445,158,b,B,50,1,{F Huh. } /,Huh/UH ./.,(INTJ (UH Huh) (. .) (-DFL- E_S)),158
sw05utt/sw_0590_2445.utt,2/sw2445,2445,159,sd,A,51,1,"{F Oh, } I'm in my paperwork here,  /","Oh/UH ,/,  [ I/PRP ] 'm/VBP in/IN  [ my/PRP$ paperwork/NN ] here/RB ,/,","(S (INTJ (UH Oh)) (, ,) (NP-SBJ (PRP I)) (VP (VBP 'm) (PP-PRD (IN in) (NP (PRP$ my) (NN paperwork))) (ADVP-LOC (RB here))) (, ,) (-DFL- E_S))",213
sw05utt/sw_0590_2445.utt,2/sw2445,2445,160,sd^t,A,51,2,"that's what I do when I wait for a phone call,  /","[ that/DT ] 's/BES  [ what/WP ] [ I/PRP ] do/VBP when/WRB  [ I/PRP ] wait/VBP for/IN  [ a/DT phone/NN call/NN ] ,/,","(S (NP-SBJ (DT that)) (VP (BES 's) (SBAR-NOM-PRD (WHNP-1 (WP what)) (S (NP-SBJ (PRP I)) (VP (VBP do) (NP (-NONE- *T*-1)) (SBAR-TMP (WHADVP-2 (WRB when)) (S (NP-SBJ (PRP I)) (VP (VBP wait) (PP (IN for) (NP (DT a) (NN phone) (NN call))) (ADVP-TMP (-NONE- *T*-2))))))))) (, ,) (-DFL- E_S))",214
sw05utt/sw_0590_2445.utt,2/sw2445,2445,161,sd,A,51,3,"I get in my paperwork <laughter>.  {F Oh, } to find my most important parts.  /","[ I/PRP ] get/VBP in/IN  [ my/PRP$ paperwork/NN ] ./.  Oh/UH ,/, to/TO find/VB  [ my/PRP$ most/JJS important/JJ parts/NNS ] ./.","(S (NP-SBJ-1 (PRP I)) (VP (VBP get) (PP (IN in) (NP (PRP$ my) (NN paperwork))) (. .) (INTJ (UH Oh)) (, ,) (S-PRP (NP-SBJ (-NONE- *-1)) (VP (TO to) (VP (VB find) (NP (PRP$ my) (JJS most) (JJ important) (NNS parts)))))) (. .) (-DFL- E_S))",215
sw05utt/sw_0590_2445.utt,2/sw2445,2445,162,%,A,51,4,"{C But } [ I don't know, +  I don't know ]  if I'm going to go, - /","But/CC  [ I/PRP ] do/VBP n't/RB know/VB ,/,  [ I/PRP ] do/VBP n't/RB know/VB if/IN  [ I/PRP ] 'm/VBP going/VBG to/TO go/VB ,/,","(S (CC But) (EDITED (RM (-DFL- \[)) (S (NP-SBJ (PRP I)) (VP (VBP do) (RB n't) (VP (VB know)))) (, ,) (IP (-DFL- \+))) (NP-SBJ (PRP I)) (VP (VBP do) (RB n't) (VP (VB know) (RS (-DFL- \])) (SBAR (IN if) (S (NP-SBJ-1 (PRP I)) (VP (VBP 'm) (VP (VBG going) (S (NP-SBJ (-NONE- *-1)) (VP (TO to) (VP (VB go)))))))))) (, ,) (-DFL- N_S))",216
sw05utt/sw_0590_2445.utt,2/sw2445,2445,163,sd,A,51,5,I wish was an avid camper  /,[ I/PRP ] wish/VB was/VBD  [ an/DT avid/JJ camper/NN ],(S (NP-SBJ (PRP I)) (VP (VB wish) (X (VP (VBD was) (NP-PRD (DT an) (JJ avid) (NN camper))))) (-DFL- E_S)),217
sw05utt/sw_0590_2445.utt,2/sw2445,2445,164,sd,A,51,6,"{C and } I could really talk about  like gardening or something,  /","and/CC  [ I/PRP ] could/MD really/RB talk/VB about/IN like/IN  [ gardening/NN ] or/CC  [ something/NN ] ,/,","(S (CC and) (NP-SBJ (PRP I)) (VP (MD could) (ADVP (RB really)) (VP (VB talk) (PP (IN about) (INTJ (IN like)) (NP (NN gardening) (CC or) (NN something))))) (, ,) (-DFL- E_S))",218
sw05utt/sw_0590_2445.utt,2/sw2445,2445,165,sv,A,51,7,"you can talk about that a lot, /","[ you/PRP ] can/MD talk/VB about/IN that/DT  [ a/DT lot/NN ] ,/,","(S (NP-SBJ (PRP you)) (VP (MD can) (VP (VB talk) (PP (IN about) (NP (DT that))) (NP-ADV (DT a) (NN lot)))) (, ,) (-DFL- E_S))",219
sw05utt/sw_0590_2445.utt,2/sw2445,2445,166,b,B,52,1,Uh-huh. /,[ Uh-huh/UH ] ./.,(INTJ (UH Uh-huh) (. .) (-DFL- E_S)),198
sw05utt/sw_0590_2445.utt,2/sw2445,2445,167,sd,A,53,1,"{C but, } {F um, } I do want to go again.  /","but/CC ,/, um/UH ,/,  [ I/PRP ] do/VBP want/VB to/TO go/VB again/RB ./.","(S (CC but) (, ,) (INTJ (UH um)) (, ,) (NP-SBJ-1 (PRP I)) (VP (VBP do) (VP (VB want) (S (NP-SBJ (-NONE- *-1)) (VP (TO to) (VP (VB go) (ADVP (RB again))))))) (. .) (-DFL- E_S))",223
sw05utt/sw_0590_2445.utt,2/sw2445,2445,168,sd,A,53,2,"We just moved [ to a new hou-, +  into a house, ]  /","[ We/PRP ] just/RB moved/VBD to/IN  [ a/DT new/JJ hou-/NN ] ,/, into/IN  [ a/DT house/NN ] ,/,","(S (NP-SBJ (PRP We)) (ADVP (RB just)) (VP (VBD moved) (EDITED (RM (-DFL- \[)) (PP-DIR (IN to) (NP-UNF (DT a) (JJ new) (NN hou-))) (, ,) (IP (-DFL- \+))) (PP-DIR (IN into) (NP (DT a) (NN house)))) (, ,) (RS (-DFL- \])) (-DFL- E_S))",224
sw05utt/sw_0590_2445.utt,2/sw2445,2445,169,%,A,53,3,"{C so, } I don't think camping, - /","so/RB ,/,  [ I/PRP ] do/VBP n't/RB think/VB camping/NN ,/,","(S (RB so) (, ,) (NP-SBJ (PRP I)) (VP (VBP do) (RB n't) (VP (VB think) (SBAR (-NONE- 0) (S-UNF (NP-SBJ (NN camping)))))) (, ,) (-DFL- N_S))",225
sw05utt/sw_0590_2445.utt,2/sw2445,2445,170,%,A,53,4,"maybe in the backyard,  /","maybe/RB in/IN  [ the/DT backyard/NN ] ,/,","(FRAG (ADVP (RB maybe)) (PP-LOC (IN in) (NP (DT the) (NN backyard))) (, ,) (-DFL- E_S))",226
sw05utt/sw_0590_2445.utt,2/sw2445,2445,171,sd,A,53,5,{C but } I don't see going on a camping trip probably until next summer. /,but/CC  [ I/PRP ] do/VBP n't/RB see/VB going/VBG on/IN  [ a/DT camping/NN trip/NN ] probably/RB until/IN  [ next/JJ summer/NN ] ./.,(S (CC but) (NP-SBJ-1 (PRP I)) (VP (VBP do) (RB n't) (VP (VB see) (S (NP-SBJ (-NONE- *-1)) (VP (VBG going) (PP (IN on) (NP (DT a) (NN camping) (NN trip))) (ADVP (RB probably)) (PP-TMP (IN until) (NP (JJ next) (NN summer))))))) (. .) (-DFL- E_S)),227
sw05utt/sw_0590_2445.utt,2/sw2445,2445,172,b,B,54,1,"Yeah,  /","[ Yeah/UH ] ,/,","(INTJ (UH Yeah) (, ,) (-DFL- E_S))",229
sw05utt/sw_0590_2445.utt,2/sw2445,2445,173,sd,B,54,2,"[ I'd, +  I'd ] like to go  camping cross-country, {F um, }  /","[ I/PRP ] 'd/MD ,/,  [ I/PRP ] 'd/MD like/VB to/TO go/VB  [ camping/VBG cross-country/RB ] ,/, um/UH ,/,","(S (EDITED (RM (-DFL- \[)) (S (NP-SBJ (PRP I)) (VP-UNF (MD 'd))) (, ,) (IP (-DFL- \+))) (NP-SBJ-1 (PRP I)) (VP (MD 'd) (RS (-DFL- \])) (VP (VB like) (S (NP-SBJ-2 (-NONE- *-1)) (VP (TO to) (VP (VB go) (S (NP-SBJ (-NONE- *-2)) (VP (VBG camping) (ADVP (RB cross-country))))))) (, ,) (INTJ (UH um)))) (, ,) (-DFL- E_S))",230
sw05utt/sw_0590_2445.utt,2/sw2445,2445,174,sd,B,54,3,"I just got married less than two years ago,  /","[ I/PRP ] just/RB got/VBD married/JJ less/RBR than/IN  [ two/CD years/NNS ] ago/RB ,/,","(S (NP-SBJ-1 (PRP I)) (ADVP (RB just)) (VP (VBD got) (VP (JJ married) (NP (-NONE- *-1)) (ADVP-TMP (NP (QP (RBR less) (IN than) (CD two)) (NNS years)) (RB ago)))) (, ,) (-DFL- E_S))",231
sw05utt/sw_0590_2445.utt,2/sw2445,2445,175,sd,B,54,4,"{C so, } we don't have  [ any, +  any ] children yet, {F um, } /","so/RB ,/,  [ we/PRP ] do/VBP n't/RB have/VB  [ any/DT ] ,/,  [ any/DT children/NNS ] yet/RB ,/, um/UH ,/,","(S (RB so) (, ,) (NP-SBJ (PRP we)) (VP (VBP do) (RB n't) (VP (VB have) (EDITED (RM (-DFL- \[)) (NP-UNF (DT any)) (, ,) (IP (-DFL- \+))) (NP (DT any) (RS (-DFL- \])) (NNS children)) (ADVP-TMP (RB yet)) (, ,) (INTJ (UH um)))) (, ,) (-DFL- E_S))",232
sw05utt/sw_0590_2445.utt,2/sw2445,2445,176,sv,A,55,1,"{C So, } it's easy for you to go. /","So/RB ,/,  [ it/PRP ] 's/BES easy/JJ for/IN  [ you/PRP ] to/TO go/VB ./.","(S (RB So) (, ,) (NP-SBJ (NP (PRP it)) (SBAR (-NONE- *EXP*-1))) (VP (BES 's) (ADJP-PRD (JJ easy)) (SBAR-1 (IN for) (S (NP-SBJ (PRP you)) (VP (TO to) (VP (VB go)))))) (. .) (-DFL- E_S))",234
sw05utt/sw_0590_2445.utt,2/sw2445,2445,177,aa,B,56,1,"Yeah,  /","Yeah/UH ,/,","(INTJ (UH Yeah) (, ,) (-DFL- E_S))",229
sw05utt/sw_0590_2445.utt,2/sw2445,2445,178,sv,B,56,2,"{C so, } easy to pick up and go, and, s-, - /","so/RB ,/, easy/JJ to/TO pick/VB up/RP and/CC  go/VB ,/, and/CC ,/, s-/XX ,/,","(FRAG (INTJ (RB so)) (, ,) (ADJP (JJ easy) (S (NP-SBJ (-NONE- *)) (VP (TO to) (VP-UNF (VP (VB pick) (PRT (RP up))) (CC and) (VP (VB go)) (, ,) (CC and) (, ,) (X (XX s-)))))) (, ,) (-DFL- N_S))",237
sw05utt/sw_0590_2445.utt,2/sw2445,2445,179,sd,B,56,3,we have a van  /,[ we/PRP ] have/VBP  [ a/DT van/NN ],(S (NP-SBJ (PRP we)) (VP (VBP have) (NP (DT a) (NN van))) (-DFL- E_S)),238
sw05utt/sw_0590_2445.utt,2/sw2445,2445,180,sd,B,56,4,{C and } we can just throw a couple of sleeping bags in the back of it. /,and/CC  [ we/PRP ] can/MD just/RB throw/VB  [ a/DT couple/NN ] of/IN sleeping/NN  [ bags/NNS ] in/IN  [ the/DT back/NN ] of/IN  [ it/PRP ] ./.,(S (CC and) (NP-SBJ (PRP we)) (VP (MD can) (ADVP (RB just)) (VP (VB throw) (NP (NP (DT a) (NN couple)) (PP (IN of) (NP (NN sleeping) (NNS bags)))) (PP-DIR (IN in) (NP (NP (DT the) (NN back)) (PP (IN of) (NP (PRP it))))))) (. .) (-DFL- E_S)),239
sw05utt/sw_0590_2445.utt,2/sw2445,2445,181,ba,A,57,1,"{F Um, } {F oh, } God <<very faint>>. /","Um/UH ,/, oh/UH ,/,  [ God/UH ] ./.","(INTJ (INTJ (UH Um)) (, ,) (INTJ (UH oh)) (, ,) (INTJ (UH God)) (. .) (-DFL- E_S))",241
sw05utt/sw_0590_2445.utt,2/sw2445,2445,182,sv,B,58,1,"{D So, } it's not really, I guess,  camping the way [ peop-, +  most people ] picture camping in the tent  /","So/RB ,/,  [ it/PRP ] 's/BES not/RB really/RB ,/,  [ I/PRP ] guess/VBP ,/, camping/NN  [ the/DT way/NN peop-/NNS ] ,/,  [ most/JJS people/NNS picture/NN ] camping/NN in/IN  [ the/DT tent/NN ]","(S-2 (INTJ (UH So)) (, ,) (NP-SBJ (PRP it)) (VP (BES 's) (RB not) (ADVP (RB really)) (PRN (, ,) (S (NP-SBJ (PRP I)) (VP (VBP guess) (SBAR (-NONE- 0) (S (-NONE- *T*-2))))) (, ,)) (NP-PRD (NN camping)) (NP-MNR (NP (DT the) (NN way)) (SBAR (WHADVP-1 (-NONE- 0)) (S (EDITED (RM (-DFL- \[)) (NP-SBJ-UNF (NNS peop-)) (, ,) (IP (-DFL- \+))) (NP-SBJ (JJS most) (NNS people)) (RS (-DFL- \])) (VP (NN picture) (NP (NN camping)) (PP-LOC (IN in) (NP (DT the) (NN tent))) (ADVP-MNR (-NONE- *T*-1))))))) (-DFL- E_S))",243
sw05utt/sw_0590_2445.utt,2/sw2445,2445,183,%,B,58,2,"{C but, } -/","but/CC ,/,","(S-UNF (CC but) (, ,) (-DFL- N_S))",244
sw05utt/sw_0590_2445.utt,2/sw2445,2445,184,h,A,59,1,I don't know  /,[ I/PRP ] do/VBP n't/RB know/VB,(S (NP-SBJ (PRP I)) (VP (VBP do) (RB n't) (VP (VB know))) (-DFL- E_S)),246
sw05utt/sw_0590_2445.utt,2/sw2445,2445,185,sv,A,59,2,"{C but } that sounds that  [ my, +  my ] kind of camping, it really does.  /","but/CC  [ that/DT ] sounds/VBZ that/IN  [ my/PRP$ ] ,/,  [ my/PRP$ kind/NN ] of/IN camping/NN ,/,  [ it/PRP ] really/RB does/VBZ ./.","(S (CC but) (NP-SBJ (DT that)) (VP (VBZ sounds) (X (EDITED (SBAR-UNF (IN that))) (EDITED (RM (-DFL- \[)) (NP-UNF (PRP$ my)) (, ,) (IP (-DFL- \+))) (NP (NP (PRP$ my) (RS (-DFL- \])) (NN kind)) (PP (IN of) (NP (NN camping)))))) (, ,))|||(S (NP-SBJ (PRP it)) (ADVP (RB really)) (VP (VBZ does)) (. .) (-DFL- E_S))",247|||248
sw05utt/sw_0590_2445.utt,2/sw2445,2445,186,%,A,59,3,"Yeah,  /","Yeah/UH ,/,","(INTJ (UH Yeah) (, ,) (-DFL- E_S))",229
sw05utt/sw_0590_2445.utt,2/sw2445,2445,187,%,A,59,4,"okay, {F um, } {D well, } {F um, }  /","okay/UH ,/, um/UH ,/, well/UH ,/, um/UH ,/,","(INTJ (INTJ (UH okay)) (, ,) (INTJ (UH um)) (, ,) (INTJ (UH well)) (, ,) (INTJ (UH um)) (, ,) (-DFL- E_S))",250
sw05utt/sw_0590_2445.utt,2/sw2445,2445,188,sv,A,59,5,"that [ is +  ((   ))  is ] to have [ a, +  a ] nice vehicle where you can have everything in it, plus your tent. /","[ that/DT ] is/VBZ  [ MUMBLEx/XX ] is/VBZ to/TO have/VB  [ a/DT ] ,/,  [ a/DT nice/JJ vehicle/NN ] where/WRB  [ you/PRP ] can/MD have/VB  [ everything/NN ] in/IN  [ it/PRP ] ,/, plus/CC  [ your/PRP$ tent/NN ] ./.","(S (NP-SBJ (DT that)) (EDITED (RM (-DFL- \[)) (VP-UNF (VBZ is)) (IP (-DFL- \+))) (X (XX MUMBLEx)) (VP (VBZ is) (RS (-DFL- \])) (S-PRD (NP-SBJ (-NONE- *)) (VP (TO to) (VP (VB have) (EDITED (RM (-DFL- \[)) (NP-UNF (DT a)) (, ,) (IP (-DFL- \+))) (NP (NP (NP (DT a) (RS (-DFL- \])) (JJ nice) (NN vehicle)) (SBAR (WHADVP-1 (WRB where)) (S (NP-SBJ (PRP you)) (VP (MD can) (VP (VB have) (NP (NN everything)) (PP-LOC (IN in) (NP (PRP it))) (ADVP (-NONE- *T*-1))))))) (, ,) (CC plus) (NP (PRP$ your) (NN tent))))))) (. .) (-DFL- E_S))",251
sw05utt/sw_0590_2445.utt,2/sw2445,2445,189,b,B,60,1,"Yeah,  /","Yeah/UH ,/,","(INTJ (UH Yeah) (, ,) (-DFL- E_S))",229
sw05utt/sw_0590_2445.utt,2/sw2445,2445,190,%,B,60,2,"[ {C or, } +  {C or } ]  get, - /","or/CC ,/, or/CC get/VB ,/,","(S (EDITED (RM (-DFL- \[)) (CC or) (, ,) (IP (-DFL- \+))) (CC or) (RS (-DFL- \])) (NP-SBJ (-NONE- *)) (VP-UNF (VB get)) (, ,) (-DFL- N_S))",254
sw05utt/sw_0590_2445.utt,2/sw2445,2445,191,sd,B,60,3,my brother has a real nice pop-up. /,[ my/PRP$ brother/NN ] has/VBZ  [ a/DT real/RB nice/JJ pop-up/NN ] ./.,(S (NP-SBJ (PRP$ my) (NN brother)) (VP (VBZ has) (NP (DT a) (ADJP (RB real) (JJ nice)) (NN pop-up))) (. .) (-DFL- E_S)),255
sw05utt/sw_0590_2445.utt,2/sw2445,2445,192,b,A,61,1,Yep. /,[ Yep/UH ] ./.,(INTJ (UH Yep) (. .) (-DFL- E_S)),257
sw05utt/sw_0590_2445.utt,2/sw2445,2445,193,sd,B,62,1,"{C And } [ he just, +  he just ]  tows it behind his truck. /","And/CC  [ he/PRP ] just/RB ,/,  [ he/PRP ] just/RB tows/VBZ  [ it/PRP ] behind/IN  [ his/PRP$ truck/NN ] ./.","(S (CC And) (EDITED (RM (-DFL- \[)) (NP-SBJ (PRP he)) (ADVP (RB just)) (, ,) (IP (-DFL- \+))) (NP-SBJ (PRP he)) (ADVP (RB just)) (RS (-DFL- \])) (VP (VBZ tows) (NP (PRP it)) (PP-LOC (IN behind) (NP (PRP$ his) (NN truck)))) (. .) (-DFL- E_S))",259
sw05utt/sw_0590_2445.utt,2/sw2445,2445,194,%,A,63,1,"{F Um, } /","Um/UH ,/,","(INTJ (UH Um) (, ,) (-DFL- E_S))",261
sw05utt/sw_0590_2445.utt,2/sw2445,2445,195,sd,B,64,1,"{C And } [ he, +  he's ] got three kids,  /","And/CC  [ he/PRP ] ,/,  [ he/PRP ] 's/HVS got/VBN  [ three/CD kids/NNS ] ,/,","(S (CC And) (EDITED (RM (-DFL- \[)) (NP-SBJ (PRP he)) (, ,) (IP (-DFL- \+))) (NP-SBJ (PRP he)) (VP (HVS 's) (RS (-DFL- \])) (VP (VBN got) (NP (CD three) (NNS kids)))) (, ,) (-DFL- E_S))",263
sw05utt/sw_0590_2445.utt,2/sw2445,2445,196,sd,B,64,2,"{C so, } his kids will sleep in the truck, [ in the, +  in the ] back of the bed.  /","so/RB ,/,  [ his/PRP$ kids/NNS ] will/MD sleep/VB in/IN  [ the/DT truck/NN ] ,/, in/IN  [ the/DT ] ,/, in/IN  [ the/DT back/NN ] of/IN  [ the/DT bed/NN ] ./.","(S (RB so) (, ,) (NP-SBJ (PRP$ his) (NNS kids)) (VP (MD will) (VP (VB sleep) (PP-LOC (IN in) (NP (DT the) (NN truck))) (, ,) (EDITED (RM (-DFL- \[)) (PP-LOC (IN in) (NP-UNF (DT the))) (, ,) (IP (-DFL- \+))) (PP-LOC (IN in) (NP (NP (DT the) (RS (-DFL- \])) (NN back)) (PP (IN of) (NP (DT the) (NN bed))))))) (. .) (-DFL- E_S))",264
sw05utt/sw_0590_2445.utt,2/sw2445,2445,197,sd,B,64,3,"{F Um, }  {C and } they sleep in the pop-up. /","Um/UH ,/, and/CC  [ they/PRP ] sleep/VBP in/IN  [ the/DT pop-up/NN ] ./.","(S (INTJ (UH Um)) (, ,) (CC and) (NP-SBJ (PRP they)) (VP (VBP sleep) (PP-LOC (IN in) (NP (DT the) (NN pop-up)))) (. .) (-DFL- E_S))",265
sw05utt/sw_0590_2445.utt,2/sw2445,2445,198,sv,A,65,1,"{D Well, } [ those, +  they're ] kind of nice  /","Well/UH ,/,  [ those/DT ] ,/,  [ they/PRP ] 're/VBP  [ kind/RB ] of/RB  [ nice/JJ ]","(S (INTJ (UH Well)) (, ,) (RM (-DFL- \[)) (NP-TPC (DT those)) (, ,) (IP (-DFL- \+)) (NP-SBJ (PRP they)) (VP (VBP 're) (RS (-DFL- \])) (ADJP-PRD (ADVP (RB kind) (RB of)) (JJ nice))) (-DFL- E_S))",267
sw05utt/sw_0590_2445.utt,2/sw2445,2445,199,sv,A,65,2,"{C but } they're also, {F um, } flimsy when you really look at them.   /","but/CC  [ they/PRP ] 're/VBP also/RB ,/, um/UH ,/, flimsy/JJ when/WRB  [ you/PRP ] really/RB look/VBP at/IN  [ them/PRP ] ./.","(S (CC but) (NP-SBJ (PRP they)) (VP (VBP 're) (ADVP (RB also)) (, ,) (INTJ (UH um)) (, ,) (ADJP-PRD (JJ flimsy)) (SBAR-TMP (WHADVP-1 (WRB when)) (S (NP-SBJ (PRP you)) (ADVP (RB really)) (VP (VBP look) (PP (IN at) (NP (PRP them))) (ADVP-TMP (-NONE- *T*-1)))))) (. .) (-DFL- E_S))",268
sw05utt/sw_0590_2445.utt,2/sw2445,2445,200,sv,A,65,3,"{C But } when you get inside  they're really nice, {D you know, } /","But/CC when/WRB  [ you/PRP ] get/VBP  [ inside/RB they/PRP ] 're/VBP really/RB  [ nice/JJ ] ,/,  [ you/PRP ] know/VBP ,/,","(S (CC But) (SBAR-TMP (WHADVP-1 (WRB when)) (S (NP-SBJ (PRP you)) (VP (VBP get) (ADVP-LOC (RB inside)) (ADVP-TMP (-NONE- *T*-1))))) (NP-SBJ (PRP they)) (VP (VBP 're) (ADJP-PRD (RB really) (JJ nice)) (PRN (, ,) (S (NP-SBJ (PRP you)) (VP (VBP know))))) (, ,) (-DFL- E_S))",269
sw05utt/sw_0590_2445.utt,2/sw2445,2445,201,b,B,66,1,Yeah. /,Yeah/UH ./.,(INTJ (UH Yeah) (. .) (-DFL- E_S)),271
sw05utt/sw_0590_2445.utt,2/sw2445,2445,202,%,A,67,1,"everything's really, - /","[ everything/NN ] 's/BES really/RB ,/,","(S (NP-SBJ (NN everything)) (VP (BES 's) (ADJP-PRD-UNF (RB really))) (, ,) (-DFL- N_S))",273
sw05utt/sw_0590_2445.utt,2/sw2445,2445,203,sd,A,67,2,"{C but } then when you look underneath them, it's just got these little wheels and this  ((   ))  little axle,  /","but/CC then/RB when/WRB  [ you/PRP ] look/VBP underneath/IN  [ them/PRP ] ,/,  [ it/PRP ] 's/HVS just/RB got/VBN  [ these/DT little/JJ wheels/NNS ] and/CC  [ this/DT MUMBLEx/XX little/JJ axle/NN ] ,/,","(S (CONJP (CC but) (RB then)) (SBAR-TMP (WHADVP-1 (WRB when)) (S (NP-SBJ (PRP you)) (VP (VBP look) (PP-LOC (IN underneath) (NP (PRP them))) (ADVP-TMP (-NONE- *T*-1))))) (, ,) (NP-SBJ (PRP it)) (VP (HVS 's) (ADVP (RB just)) (VP (VBN got) (NP (NP (DT these) (JJ little) (NNS wheels)) (CC and) (NP (DT this) (X (XX MUMBLEx)) (JJ little) (NN axle))))) (, ,) (-DFL- E_S))",274
sw05utt/sw_0590_2445.utt,2/sw2445,2445,204,sv(^q),A,67,3,"it's like, {F oh, } my  /","[ it/PRP ] 's/BES like/IN ,/, oh/UH ,/,  [ my/PRP$ ]","(S (NP-SBJ (PRP it)) (VP (BES 's) (INTJ (IN like)) (, ,) (INTJ-SEZ (INTJ (UH oh)) (, ,) (INTJ (PRP$ my)))) (-DFL- E_S))",275
sw05utt/sw_0590_2445.utt,2/sw2445,2445,205,sv,A,67,4,{C and then } a big windstorm it would pick you up. /,and/CC then/RB  [ a/DT big/JJ windstorm/NN ] [ it/PRP ] would/MD pick/VB  [ you/PRP ] up/RP ./.,(S (CONJP (CC and) (RB then)) (NP-TPC (DT a) (JJ big) (NN windstorm)) (NP-SBJ (PRP it)) (VP (MD would) (VP (VB pick) (NP (PRP you)) (PRT (RP up)))) (. .) (-DFL- E_S)),276
sw05utt/sw_0590_2445.utt,2/sw2445,2445,206,b,B,68,1,"Yeah,  /","Yeah/UH ,/,","(INTJ (UH Yeah) (, ,) (-DFL- E_S))",236
sw05utt/sw_0590_2445.utt,2/sw2445,2445,207,sd,B,68,2,"he did have a problem, {F uh, }  when he went camping last year in Beavers Bend, [ Ok-, +  Oklahoma, ] {F um, }  /","[ he/PRP ] did/VBD have/VB  [ a/DT problem/NN ] ,/,  [ uh/UH ] ,/, when/WRB  [ he/PRP ] went/VBD camping/VBG  [ last/JJ year/NN ] in/IN  [ Beavers/NNP Bend/NNP ] ,/,  [ Ok-/NNP ] ,/,  [ Oklahoma/NNP ] ,/, um/UH ,/,","(S (NP-SBJ (PRP he)) (VP (VBD did) (VP (VB have) (NP (DT a) (NN problem)) (, ,) (INTJ (UH uh)) (, ,) (SBAR-TMP (WHADVP-2 (WRB when)) (S (NP-SBJ-1 (PRP he)) (VP (VBD went) (S (NP-SBJ (-NONE- *-1)) (VP (VBG camping) (NP-TMP (JJ last) (NN year)) (PP-LOC (IN in) (NP (NP (NNP Beavers) (NNP Bend)) (, ,) (EDITED (RM (-DFL- \[)) (NP-UNF (NNP Ok-)) (, ,) (IP (-DFL- \+))) (NP (NNP Oklahoma)))))) (ADVP-TMP (-NONE- *T*-2))))) (, ,) (RS (-DFL- \])) (INTJ (UH um)))) (, ,) (-DFL- E_S))",279
sw05utt/sw_0590_2445.utt,2/sw2445,2445,208,sd,B,68,3,"[ a, +  a ]  storm came in  /","[ a/DT ] ,/,  [ a/DT storm/NN ] came/VBD in/IN","(S (EDITED (RM (-DFL- \[)) (NP-SBJ-UNF (DT a)) (, ,) (IP (-DFL- \+))) (NP-SBJ (DT a) (RS (-DFL- \])) (NN storm)) (VP (VBD came) (PRT (IN in))) (-DFL- E_S))",280
sw05utt/sw_0590_2445.utt,2/sw2445,2445,209,sd,B,68,4,{C and } it started raining really heavy  /,and/CC  [ it/PRP ] started/VBD raining/VBG really/RB  [ heavy/RB ],(S (CC and) (NP-SBJ-1 (PRP it)) (VP (VBD started) (S (NP-SBJ (-NONE- *-1)) (VP (VBG raining) (ADVP-MNR (RB really) (RB heavy))))) (-DFL- E_S)),281
sw05utt/sw_0590_2445.utt,2/sw2445,2445,210,sd,B,68,5,"{C and } [ they were all, +  everybody was ]  trying to flee the campsite,  /","and/CC  [ they/PRP ] were/VBD  [ all/DT ] ,/,  [ everybody/NN ] was/VBD trying/VBG to/TO flee/VB  [ the/DT campsite/NN ] ,/,","(S (CC and) (EDITED (RM (-DFL- \[)) (S (NP-SBJ (PRP they)) (VP-UNF (VBD were) (DT all))) (, ,) (IP (-DFL- \+))) (NP-SBJ-1 (NN everybody)) (VP (VBD was) (RS (-DFL- \])) (VP (VBG trying) (S (NP-SBJ (-NONE- *-1)) (VP (TO to) (VP (VB flee) (NP (DT the) (NN campsite))))))) (, ,) (-DFL- E_S))",282
sw05utt/sw_0590_2445.utt,2/sw2445,2445,211,sd,B,68,6,"<laughter>, everybody was getting stuck in the mud. /",",/,  [ everybody/NN ] was/VBD getting/VBG stuck/VBN in/IN  [ the/DT mud/NN ] ./.","(S (CC and) (EDITED (RM (-DFL- \[)) (S (NP-SBJ (PRP they)) (VP-UNF (VBD were) (DT all))) (, ,) (IP (-DFL- \+))) (NP-SBJ-1 (NN everybody)) (VP (VBD was) (RS (-DFL- \])) (VP (VBG trying) (S (NP-SBJ (-NONE- *-1)) (VP (TO to) (VP (VB flee) (NP (DT the) (NN campsite))))))) (, ,) (-DFL- E_S))|||(S (NP-SBJ-1 (NN everybody)) (VP (VBD was) (VP (VBG getting) (VP (VBN stuck) (NP (-NONE- *-1)) (PP-LOC (IN in) (NP (DT the) (NN mud)))))) (. .) (-DFL- E_S))",282|||283
sw05utt/sw_0590_2445.utt,2/sw2445,2445,212,ba,A,69,1,"{F Oh, } jeez, /","Oh/UH ,/,  [ jeez/UH ] ,/,","(INTJ (INTJ (UH Oh)) (, ,) (INTJ (UH jeez)) (, ,) (-DFL- E_S))",285
sw05utt/sw_0590_2445.utt,2/sw2445,2445,213,%,B,70,1,"{C And, } {F uh, } -/","And/CC ,/,  [ uh/UH ] ,/,","(S-UNF (CC And) (, ,) (INTJ (UH uh)) (, ,) (-DFL- N_S))",287
sw05utt/sw_0590_2445.utt,2/sw2445,2445,214,b,A,71,1,"yeah,  /","yeah/UH ,/,","(INTJ (UH yeah) (, ,) (-DFL- E_S))",289
sw05utt/sw_0590_2445.utt,2/sw2445,2445,215,qw,A,71,2,"[ what do you, +  what do you ]  do when you get [ a, +  {E I mean, } {D like } a ]  really violent storm like a tornado,  /","[ what/WP ] do/VBP  [ you/PRP ] ,/,  [ what/WP ] do/VBP  [ you/PRP ] do/VB when/WRB  [ you/PRP ] get/VBP  [ a/DT ] ,/,  [ I/PRP ] mean/VBP ,/, like/IN  [ a/DT ] really/RB  [ violent/JJ storm/NN ] like/IN  [ a/DT tornado/NN ] ,/,","(SBARQ (EDITED (RM (-DFL- \[)) (SBARQ-UNF (WHNP (WP what)) (SQ (VBP do) (NP-SBJ (PRP you)))) (, ,) (IP (-DFL- \+))) (WHNP-1 (WP what)) (SQ (VBP do) (NP-SBJ (PRP you)) (RS (-DFL- \])) (VP (VB do) (NP (-NONE- *T*-1)) (SBAR-TMP (WHADVP-2 (WRB when)) (S (NP-SBJ (PRP you)) (VP (VBP get) (EDITED (RM (-DFL- \[)) (NP-UNF (DT a)) (, ,) (IP (-DFL- \+))) (PRN (S (NP-SBJ (PRP I)) (VP (VBP mean))) (, ,)) (INTJ (UH like)) (NP (NP (DT a) (RS (-DFL- \])) (ADJP (RB really) (JJ violent)) (NN storm)) (PP (IN like) (NP (DT a) (NN tornado)))) (ADVP-TMP (-NONE- *T*-2))))))) (, ,) (-DFL- E_S))",290
sw05utt/sw_0590_2445.utt,2/sw2445,2445,216,qw^d,A,71,3,just stay in your truck.  /,just/RB stay/VBP in/IN  [ your/PRP$ truck/NN ] ./.,(S (NP-SBJ (-NONE- *)) (ADVP (RB just)) (VP (VBP stay) (PP-LOC (IN in) (NP (PRP$ your) (NN truck)))) (. .) (-DFL- E_S)),291
sw05utt/sw_0590_2445.utt,2/sw2445,2445,217,%,A,71,4,"{E I mean, } I wouldn't stay in the, {F um, } -/","[ I/PRP ] mean/VBP ,/,  [ I/PRP ] would/MD n't/RB stay/VB in/IN  [ the/DT ] ,/, um/UH ,/,","(S (PRN (S (NP-SBJ (PRP I)) (VP (VBP mean))) (, ,)) (NP-SBJ (PRP I)) (VP (MD would) (RB n't) (VP (VB stay) (PP-LOC (IN in) (NP-UNF (DT the) (, ,) (INTJ (UH um)))))) (, ,) (-DFL- N_S))",292
sw05utt/sw_0590_2445.utt,2/sw2445,2445,218,sd,B,72,1,"{D Well, } theirs was so bad,  /","Well/UH ,/,  [ theirs/JJ ] was/VBD so/RB bad/JJ ,/,","(S (INTJ (UH Well)) (, ,) (NP-SBJ (JJ theirs)) (VP (VBD was) (ADJP-PRD (RB so) (JJ bad))) (, ,) (-DFL- E_S))",294
sw05utt/sw_0590_2445.utt,2/sw2445,2445,219,sd,B,72,2,"{C and } they were so  close to the water that the water was coming up, /","and/CC  [ they/PRP ] were/VBD so/RB close/RB to/IN  [ the/DT water/NN ] that/IN  [ the/DT water/NN ] was/VBD coming/VBG up/RP ,/,","(S (CC and) (NP-SBJ (PRP they)) (VP (VBD were) (ADVP-LOC-PRD (ADVP (RB so) (RB close) (PP (IN to) (NP (DT the) (NN water)))) (SBAR (IN that) (S (NP-SBJ (DT the) (NN water)) (VP (VBD was) (VP (VBG coming) (PRT (RP up)))))))) (, ,) (-DFL- E_S))",295
sw05utt/sw_0590_2445.utt,2/sw2445,2445,220,b,A,73,1,Oh. /,Oh/UH ./.,(INTJ (UH Oh) (. .) (-DFL- E_S)),297
sw05utt/sw_0590_2445.utt,2/sw2445,2445,221,sd,B,74,1,{C and } they had to get out of there. /,and/CC  [ they/PRP ] had/VBD to/TO get/VB out/IN of/IN there/RB ./.,(S (CC and) (NP-SBJ-1 (PRP they)) (VP (VBD had) (S (NP-SBJ (-NONE- *-1)) (VP (TO to) (VP (VB get) (PP-LOC (IN out) (PP (IN of) (ADVP (RB there)))))))) (. .) (-DFL- E_S)),299
sw05utt/sw_0590_2445.utt,2/sw2445,2445,222,qy,A,75,1,"{D So, } then, were they successful? /","So/UH ,/, then/RB ,/, were/VBD  [ they/PRP ] successful/JJ ?/.","(SQ (INTJ (UH So)) (, ,) (ADVP (RB then)) (, ,) (VBD were) (NP-SBJ (PRP they)) (ADJP-PRD (JJ successful)) (. ?) (-DFL- E_S))",301
sw05utt/sw_0590_2445.utt,2/sw2445,2445,223,ny,B,76,1,"Yeah,  /","Yeah/UH ,/,","(INTJ (UH Yeah) (, ,) (-DFL- E_S))",278
sw05utt/sw_0590_2445.utt,2/sw2445,2445,224,sd^e,B,76,2,"[ they, +  {D yeah, } they ] were. /","[ they/PRP ] ,/, yeah/UH ,/,  [ they/PRP ] were/VBD ./.","(S (EDITED (RM (-DFL- \[)) (NP-SBJ (PRP they)) (, ,) (IP (-DFL- \+))) (INTJ (UH yeah)) (, ,) (NP-SBJ (PRP they)) (RS (-DFL- \])) (VP (VBD were) (ADJP-PRD (-NONE- *?*))) (. .) (-DFL- E_S))",304
sw05utt/sw_0590_2445.utt,2/sw2445,2445,225,qy,A,77,1,{C But } it took them a little while? /,But/CC  [ it/PRP ] took/VBD  [ them/PRP ] [ a/DT little/JJ while/NN ] ?/.,(S (CC But) (NP-SBJ (PRP it)) (VP (VBD took) (NP (PRP them)) (NP (DT a) (JJ little) (NN while))) (. ?) (-DFL- E_S)),306
sw05utt/sw_0590_2445.utt,2/sw2445,2445,226,ny,B,78,1,"{C But, } yeah,  /","But/CC ,/, yeah/UH ,/,","(S-UNF (CC But) (, ,) (INTJ (UH yeah)) (, ,) (-DFL- E_S))",308
sw05utt/sw_0590_2445.utt,2/sw2445,2445,227,sd^e,B,78,2,"[ they +  <laughter> they ]  decided that, that was enough camping for the weekend. /","[ they/PRP ] [ they/PRP ] decided/VBD that/DT ,/,  [ that/WDT ] was/VBD enough/RB camping/NN for/IN  [ the/DT weekend/NN ] ./.","(S (EDITED (RM (-DFL- \[)) (NP-SBJ (PRP they)) (IP (-DFL- \+))) (NP-SBJ (PRP they)) (RS (-DFL- \])) (VP (VBD decided) (SBAR (DT that) (, ,) (S (NP-SBJ (WDT that)) (VP (VBD was) (NP-PRD (NP (RB enough) (NN camping)) (PP (IN for) (NP (DT the) (NN weekend)))))))) (. .) (-DFL- E_S))",309
sw05utt/sw_0590_2445.utt,2/sw2445,2445,228,b,A,79,1,"Yeah,  /","Yeah/UH ,/,","(INTJ (UH Yeah) (, ,) (-DFL- E_S))",278
sw05utt/sw_0590_2445.utt,2/sw2445,2445,229,qy,A,79,2,"{D so, } did they get stuck? /","so/UH ,/, did/VBD  [ they/PRP ] get/VB stuck/VBN ?/.","(SQ (INTJ (UH so)) (, ,) (VBD did) (NP-SBJ-1 (PRP they)) (VP (VB get) (VP (VBN stuck) (NP (-NONE- *-1)))) (. ?) (-DFL- E_S))",312
sw05utt/sw_0590_2445.utt,2/sw2445,2445,230,nn,B,80,1,"No,  /","No/UH ,/,","(INTJ (UH No) (, ,) (-DFL- E_S))",314
sw05utt/sw_0590_2445.utt,2/sw2445,2445,231,sd^e,B,80,2,they ended up getting out.  /,[ they/PRP ] ended/VBD up/RP getting/VBG out/RB ./.,(S (NP-SBJ-1 (PRP they)) (VP (VBD ended) (PRT (RP up)) (S (NP-SBJ (-NONE- *-1)) (VP (VBG getting) (PRT (RB out))))) (. .) (-DFL- E_S)),315
sw05utt/sw_0590_2445.utt,2/sw2445,2445,232,sd,B,80,3,"They ended up helping several other people though [ that were, + that were ] stuck. /","[ They/PRP ] ended/VBD up/RP helping/VBG  [ several/RB other/JJ people/NNS ] though/RB  [ that/WDT ] were/VBD ,/,  [ that/WDT ] were/VBD stuck/JJ ./.","(S (NP-SBJ-1 (PRP They)) (VP (VBD ended) (PRT (RP up)) (S (NP-SBJ (-NONE- *-1)) (VP (VBG helping) (NP (NP (RB several) (JJ other) (NNS people)) (SBAR (-NONE- *ICH*-2))) (ADVP (RB though)) (SBAR-2 (EDITED (RM (-DFL- \[)) (SBAR (WHNP-4 (WDT that)) (S (NP-SBJ (-NONE- *T*-4)) (VP-UNF (VBD were)))) (, ,) (IP (-DFL- \+))) (WHNP-3 (WDT that)) (S (NP-SBJ (-NONE- *T*-3)) (VP (VBD were) (RS (-DFL- \])) (ADJP-PRD (JJ stuck)))))))) (. .) (-DFL- E_S))",316
sw05utt/sw_0590_2445.utt,2/sw2445,2445,233,b,A,81,1,"Yeah,  {F huh. }  /","Yeah/UH ,/, huh/UH ./.","(INTJ (INTJ (UH Yeah)) (, ,) (INTJ (UH huh)) (. .) (-DFL- E_S))",318
sw05utt/sw_0590_2445.utt,2/sw2445,2445,234,bf,A,81,2,"{D Well, }  {C so, } they evacuated it <laughter>. /","Well/UH ,/, so/UH ,/,  [ they/PRP ] evacuated/VBD  [ it/PRP ] ./.","(S (INTJ (UH Well)) (, ,) (RB so) (, ,) (NP-SBJ (PRP they)) (VP (VBD evacuated) (NP (PRP it))) (. .) (-DFL- E_S))",319
sw05utt/sw_0590_2445.utt,2/sw2445,2445,235,aa,B,82,1,"Yeah,  /","Yeah/UH ,/,","(INTJ (UH Yeah) (, ,) (-DFL- E_S))",303
sw05utt/sw_0590_2445.utt,2/sw2445,2445,236,aa^r,B,82,2,"yeah,  /","yeah/UH ,/,","(INTJ (UH yeah) (, ,) (-DFL- E_S))",289
sw05utt/sw_0590_2445.utt,2/sw2445,2445,237,sd,B,82,3,"[ they, +  [ the whole, +   the whole ] campsite ] was evacuated. /","[ they/PRP ] ,/,  [ the/DT whole/NN ] ,/,  [ the/DT whole/JJ campsite/NN ] was/VBD evacuated/VBN ./.","(S (EDITED (RM (-DFL- \[)) (NP-SBJ (PRP they)) (, ,) (IP (-DFL- \+))) (EDITED (RM (-DFL- \[)) (NP-SBJ-UNF (DT the) (NN whole)) (, ,) (IP (-DFL- \+))) (NP-SBJ-1 (DT the) (JJ whole) (RS (-DFL- \])) (NN campsite)) (RS (-DFL- \])) (VP (VBD was) (VP (VBN evacuated) (NP (-NONE- *-1)))) (. .) (-DFL- E_S))",323
sw05utt/sw_0590_2445.utt,2/sw2445,2445,238,ba,A,83,1,Wow. /,[ Wow/UH ] ./.,(INTJ (UH Wow) (. .) (-DFL- E_S)),325
sw05utt/sw_0590_2445.utt,2/sw2445,2445,239,sd,B,84,1,"{E I mean } [ some, +  I think some ]  people that had fairly sturdy, {F um, } vehicles or  whatever if they had like a Winnebago or something  and they were farther in away from the water, I think they stayed. /","[ I/PRP ] mean/VBP  [ some/DT ] ,/,  [ I/PRP ] think/VBP  [ some/DT people/NNS ] [ that/WDT ] had/VBD fairly/RB  [ sturdy/JJ ] ,/, um/UH ,/,  [ vehicles/NNS ] or/CC  [ whatever/WDT ] if/IN  [ they/PRP ] had/VBD like/IN  [ a/DT Winnebago/NNP ] or/CC  [ something/NN ] and/CC  [ they/PRP ] were/VBD farther/RB in/IN away/RB from/IN  [ the/DT water/NN ] ,/,  [ I/PRP ] think/VBP  [ they/PRP ] stayed/VBD ./.","(S (PRN (S (NP-SBJ (PRP I)) (VP (VBP mean)))) (EDITED (RM (-DFL- \[)) (NP-SBJ-UNF (DT some)) (, ,) (IP (-DFL- \+))) (NP-SBJ (PRP I)) (VP (VBP think) (SBAR (-NONE- 0) (S (NP-TPC (NP (DT some) (RS (-DFL- \])) (NNS people)) (SBAR (WHNP-1 (WDT that)) (S (NP-SBJ (-NONE- *T*-1)) (VP (VP (VBD had) (NP (ADJP (RB fairly) (JJ sturdy)) (, ,) (INTJ (UH um)) (, ,) (NNS vehicles))) (CC or) (NP-ETC (WDT whatever)))))) (SBAR-ADV (IN if) (S (S (NP-SBJ (PRP they)) (VP (VBD had) (INTJ (IN like)) (NP (NP (DT a) (NNP Winnebago)) (CC or) (NP (NN something))))) (CC and) (S (NP-SBJ (PRP they)) (VP (VBD were) (ADVP-LOC-PRD (ADVP (RB farther) (IN in)) (ADVP (RB away) (PP (IN from) (NP (DT the) (NN water))))))))) (, ,) (NP-SBJ (PRP I)) (VP (VBP think) (SBAR (-NONE- 0) (S (NP-SBJ (PRP they)) (VP (VBD stayed)))))))) (. .) (-DFL- E_S))",327
sw05utt/sw_0590_2445.utt,2/sw2445,2445,240,b,A,85,1,Yeah. /,Yeah/UH ./.,(INTJ (UH Yeah) (. .) (-DFL- E_S)),329
sw05utt/sw_0590_2445.utt,2/sw2445,2445,241,%,B,86,1,"{C But } everybody that was real close  to the water ended up, - /","But/CC  [ everybody/NN ] [ that/WDT ] was/VBD real/JJ close/RB to/IN  [ the/DT water/NN ] ended/VBD up/RP ,/,","(S (CC But) (NP-SBJ (NP (NN everybody)) (SBAR (WHNP-1 (WDT that)) (S (NP-SBJ (-NONE- *T*-1)) (VP (VBD was) (ADVP-LOC-PRD (JJ real) (RB close) (PP (IN to) (NP (DT the) (NN water)))))))) (VP-UNF (VBD ended) (PRT (RP up))) (, ,) (-DFL- N_S))",331
sw05utt/sw_0590_2445.utt,2/sw2445,2445,242,sd,B,86,2,it was either that or their truck was going to go floating downstream. /,[ it/PRP ] was/VBD either/CC  [ that/DT ] or/CC  [ their/PRP$ truck/NN ] was/VBD going/VBG to/TO go/VB floating/VBG downstream/RB ./.,(S (NP-SBJ (PRP it)) (VP (VBD was) (UCP-PRD (CC either) (NP (DT that)) (CC or) (S (NP-SBJ-1 (PRP$ their) (NN truck)) (VP (VBD was) (VP (VBG going) (S (NP-SBJ-2 (-NONE- *-1)) (VP (TO to) (VP (VB go) (S (NP-SBJ (-NONE- *-2)) (VP (VBG floating) (ADVP-DIR (RB downstream)))))))))))) (. .) (-DFL- E_S)),332
sw05utt/sw_0590_2445.utt,2/sw2445,2445,243,sd,A,87,1,"I know [ I always +  I ] like ((   ))   to get right on the water,  /","[ I/PRP ] know/VBP  [ I/PRP ] always/RB  [ I/PRP ] like/VBP  [ MUMBLEx/XX ] to/TO get/VB right/RB on/IN  [ the/DT water/NN ] ,/,","(S (NP-SBJ (PRP I)) (VP (VBP know) (SBAR (-NONE- 0) (S (EDITED (RM (-DFL- \[)) (NP-SBJ (PRP I)) (ADVP-TMP (RB always)) (IP (-DFL- \+))) (NP-SBJ-1 (PRP I)) (RS (-DFL- \])) (VP (VBP like) (X (XX MUMBLEx)) (S (NP-SBJ (-NONE- *-1)) (VP (TO to) (VP (VB get) (PP-LOC (ADVP (RB right)) (IN on) (NP (DT the) (NN water)))))))))) (, ,) (-DFL- E_S))",334
sw05utt/sw_0590_2445.utt,2/sw2445,2445,244,%,A,87,2,"(( yeah,  /","yeah/UH ,/,","(INTJ (UH yeah) (, ,) (-DFL- E_S))",322
sw05utt/sw_0590_2445.utt,2/sw2445,2445,245,%,A,87,3,"by the )) campsite, it's so, -/","by/IN  [ the/DT campsite/NN ] ,/,  [ it/PRP ] 's/BES so/RB ,/,","(S (PP-LOC (IN by) (NP (DT the) (NN campsite))) (, ,) (NP-SBJ (PRP it)) (VP (BES 's) (ADJP-PRD-UNF (RB so))) (, ,) (-DFL- N_S))",336
sw05utt/sw_0590_2445.utt,2/sw2445,2445,246,b,B,88,1,Yeah. /,Yeah/UH ./.,(INTJ (UH Yeah) (. .) (-DFL- E_S)),329
sw05utt/sw_0590_2445.utt,2/sw2445,2445,247,sd,A,89,1,((   ))  we have lean-tos up here.  /,[ MUMBLEx/XX ] [ we/PRP ] have/VBP lean-tos/NNS up/IN here/RB ./.,(X (XX MUMBLEx))|||(S (NP-SBJ (PRP we)) (VP (VBP have) (NP (NNS lean-tos)) (PP-LOC (IN up) (ADVP (RB here)))) (. .) (-DFL- E_S)),340|||341
sw05utt/sw_0590_2445.utt,2/sw2445,2445,248,sd,A,89,2,"I really like them,  /","[ I/PRP ] really/RB like/VBP  [ them/PRP ] ,/,","(S (NP-SBJ (PRP I)) (ADVP (RB really)) (VP (VBP like) (NP (PRP them))) (, ,) (-DFL- E_S))",342
sw05utt/sw_0590_2445.utt,2/sw2445,2445,249,sd,A,89,3,"like I say, they're [ kind of, +  just kind of ] more  (( sturdy ))   than anything, {D you know, }  /","like/IN  [ I/PRP ] say/VBP ,/,  [ they/PRP ] 're/VBP kind/RB of/RB ,/, just/RB  [ kind/RB ] of/RB more/RBR sturdy/JJ than/IN  [ anything/NN ] ,/,  [ you/PRP ] know/VBP ,/,","(S (SBAR-ADV (IN like) (S (NP-SBJ (PRP I)) (VP (VBP say)))) (, ,) (NP-SBJ (PRP they)) (VP (VBP 're) (EDITED (RM (-DFL- \[)) (ADVP (RB kind) (RB of)) (, ,) (IP (-DFL- \+))) (ADJP-PRD (ADJP (RB just) (ADVP (RB kind) (RB of)) (RS (-DFL- \])) (RBR more) (JJ sturdy)) (PP (IN than) (NP (NN anything)))) (PRN (, ,) (S (NP-SBJ (PRP you)) (VP (VBP know))))) (, ,) (-DFL- E_S))",343
sw05utt/sw_0590_2445.utt,2/sw2445,2445,250,%,A,89,4,"[ just, +  just, ] -/","just/RB ,/, just/RB ,/,","(ADVP (EDITED (RM (-DFL- \[)) (ADVP (RB just)) (, ,) (IP (-DFL- \+))) (ADVP (RB just)) (, ,) (RS (-DFL- \])) (-DFL- N_S))",344
sw05utt/sw_0590_2445.utt,2/sw2445,2445,251,qy,B,90,1,They have them right at the campsites? /,[ They/PRP ] have/VBP  [ them/PRP ] right/RB at/IN  [ the/DT campsites/NNS ] ?/.,(S (NP-SBJ (PRP They)) (VP (VBP have) (NP (PRP them)) (PP-LOC (ADVP (RB right)) (IN at) (NP (DT the) (NNS campsites)))) (. ?) (-DFL- E_S)),346
sw05utt/sw_0590_2445.utt,2/sw2445,2445,252,ny,A,91,1,"Yeah,  /","Yeah/UH ,/,","(INTJ (UH Yeah) (, ,) (-DFL- E_S))",311
sw05utt/sw_0590_2445.utt,2/sw2445,2445,253,sd^e,A,91,2,"[ they're, +  they're ] lean-tos.  /","[ they/PRP ] 're/VBP ,/,  [ they/PRP ] 're/VBP lean-tos/NNS ./.","(S (EDITED (RM (-DFL- \[)) (S (NP-SBJ (PRP they)) (VP-UNF (VBP 're))) (, ,) (IP (-DFL- \+))) (NP-SBJ (PRP they)) (VP (VBP 're) (RS (-DFL- \])) (NP-PRD (NNS lean-tos))) (. .) (-DFL- E_S))",349
sw05utt/sw_0590_2445.utt,2/sw2445,2445,254,sd@,A,91,3,"[ They're, +  {F um, }   *[[slash error?]]","[ They/PRP ] 're/VBP ,/, um/UH ,/,","(S (EDITED (RM (-DFL- \[)) (S (NP-SBJ (PRP They)) (VP-UNF (VBP 're))) (, ,) (IP (-DFL- \+))) (INTJ (UH um)) (, ,) (INTJ (UH Yeah)) (, ,) (NP-SBJ (PRP they)) (VP (VBP 're) (RS (-DFL- \])) (ADJP-PRD (RB pretty) (JJ nice))) (, ,) (-DFL- E_S))",350
sw05utt/sw_0590_2445.utt,2/sw2445,2445,255,ba,B,92,1,Wow. /,[ Wow/UH ] ./.,(INTJ (UH Wow) (. .) (-DFL- E_S)),325
sw05utt/sw_0590_2445.utt,2/sw2445,2445,256,+,A,93,1,"{D Yeah, }  they're ] pretty nice,  /","Yeah/UH ,/,  [ they/PRP ] 're/VBP pretty/RB nice/JJ ,/,","(S (EDITED (RM (-DFL- \[)) (S (NP-SBJ (PRP They)) (VP-UNF (VBP 're))) (, ,) (IP (-DFL- \+))) (INTJ (UH um)) (, ,) (INTJ (UH Yeah)) (, ,) (NP-SBJ (PRP they)) (VP (VBP 're) (RS (-DFL- \])) (ADJP-PRD (RB pretty) (JJ nice))) (, ,) (-DFL- E_S))",350
sw05utt/sw_0590_2445.utt,2/sw2445,2445,257,sd,A,93,2,"[ [ they're, +  they're, ] +  {F uh, }   it's ] like a little house except the whole face is open,  /","[ they/PRP ] 're/VBP ,/,  [ they/PRP ] 're/VBP ,/,  [ uh/UH ] ,/,  [ it/PRP ] 's/BES like/IN  [ a/DT little/JJ house/NN ] except/IN  [ the/DT whole/JJ face/NN ] is/VBZ open/JJ ,/,","(S (EDITED (RM (-DFL- \[)) (EDITED (RM (-DFL- \[)) (S (NP-SBJ (PRP they)) (VP-UNF (VBP 're))) (, ,) (IP (-DFL- \+))) (S (NP-SBJ (PRP they)) (VP-UNF (VBP 're))) (, ,) (RS (-DFL- \])) (IP (-DFL- \+))) (INTJ (UH uh)) (, ,) (NP-SBJ (PRP it)) (VP (BES 's) (RS (-DFL- \])) (PP-PRD (IN like) (NP (DT a) (JJ little) (NN house))) (SBAR-ADV (IN except) (S (NP-SBJ (DT the) (JJ whole) (NN face)) (VP (VBZ is) (ADJP-PRD (JJ open)))))) (, ,) (-DFL- E_S))",354
sw05utt/sw_0590_2445.utt,2/sw2445,2445,258,sd,A,93,3,"{C and } the one time that we went, we got one,  /","and/CC  [ the/DT one/CD time/NN ] that/WDT  [ we/PRP ] went/VBD ,/,  [ we/PRP ] got/VBD  [ one/CD ] ,/,","(S (CC and) (NP-TMP (NP (DT the) (CD one) (NN time)) (SBAR (WHADVP-1 (WDT that)) (S (EDITED (S (NP-SBJ (PRP we)) (VP-UNF (VBD went)))) (, ,) (NP-SBJ (PRP we)) (VP (VBD got) (NP (CD one)) (ADVP-TMP (-NONE- *T*-1)))))) (, ,) (-DFL- E_S) (NP-SBJ (PRP it)) (VP (VBD was) (VP (VBG overlooking) (NP (DT the) (NN water)))) (-DFL- E_S))",355
sw05utt/sw_0590_2445.utt,2/sw2445,2445,259,sd,A,93,4,it was overlooking the water  /,[ it/PRP ] was/VBD overlooking/VBG  [ the/DT water/NN ],"(S (CC and) (NP-TMP (NP (DT the) (CD one) (NN time)) (SBAR (WHADVP-1 (WDT that)) (S (EDITED (S (NP-SBJ (PRP we)) (VP-UNF (VBD went)))) (, ,) (NP-SBJ (PRP we)) (VP (VBD got) (NP (CD one)) (ADVP-TMP (-NONE- *T*-1)))))) (, ,) (-DFL- E_S) (NP-SBJ (PRP it)) (VP (VBD was) (VP (VBG overlooking) (NP (DT the) (NN water)))) (-DFL- E_S))",355
sw05utt/sw_0590_2445.utt,2/sw2445,2445,260,sd,A,93,5,"{C but } it was a big embankment,  /","but/CC  [ it/PRP ] was/VBD  [ a/DT big/JJ embankment/NN ] ,/,","(S (CC but) (NP-SBJ (PRP it)) (VP (VBD was) (NP-PRD (DT a) (JJ big) (NN embankment))) (, ,) (-DFL- E_S))",356
sw05utt/sw_0590_2445.utt,2/sw2445,2445,261,sd,A,93,6,I wanted to get one  right on the water.  /,[ I/PRP ] wanted/VBD to/TO get/VB  [ one/CD ] right/RB on/IN  [ the/DT water/NN ] ./.,(S (NP-SBJ-1 (PRP I)) (VP (VBD wanted) (S (NP-SBJ (-NONE- *-1)) (VP (TO to) (VP (VB get) (NP (NP (CD one)) (PP-LOC (ADVP (RB right)) (IN on) (NP (DT the) (NN water)))))))) (. .) (-DFL- E_S)),357
sw05utt/sw_0590_2445.utt,2/sw2445,2445,262,sd,A,93,7,"((   ))  we had an electrical  storm too,  /","[ MUMBLEx/XX we/PRP ] had/VBD  [ an/DT electrical/JJ storm/NN ] too/RB ,/,","(X (XX MUMBLEx))|||(S (NP-SBJ (PRP we)) (VP (VBD had) (NP (DT an) (JJ electrical) (NN storm)) (ADVP (RB too))) (, ,) (-DFL- E_S))",358|||359
sw05utt/sw_0590_2445.utt,2/sw2445,2445,263,sd,A,93,8,"{C and } [ it was really, +  it was ] neat sitting there watching it,  /","and/CC  [ it/PRP ] was/VBD really/RB ,/,  [ it/PRP ] was/VBD  [ neat/JJ ] sitting/VBG  [ there/EX ] watching/VBG  [ it/PRP ] ,/,","(S (CC and) (EDITED (RM (-DFL- \[)) (S (NP-SBJ (PRP it)) (VP (VBD was) (ADJP-PRD-UNF (RB really)))) (, ,) (IP (-DFL- \+))) (NP-SBJ (NP (PRP it)) (S (-NONE- *ICH*-1))) (VP (VBD was) (RS (-DFL- \])) (ADJP-PRD (JJ neat)) (S-1 (NP-SBJ (-NONE- *)) (VP (VP (VBG sitting) (ADVP-LOC (EX there))) (VP (VBG watching) (NP (PRP it)))))) (, ,) (-DFL- E_S))",360
sw05utt/sw_0590_2445.utt,2/sw2445,2445,264,sd,A,93,9,"{E I mean, } it was raining,  /","[ I/PRP ] mean/VBP ,/,  [ it/PRP ] was/VBD raining/VBG ,/,","(S (PRN (S (NP-SBJ (PRP I)) (VP (VBP mean))) (, ,)) (NP-SBJ (PRP it)) (VP (VBD was) (VP (VBG raining))) (, ,) (-DFL- E_S))",361
sw05utt/sw_0590_2445.utt,2/sw2445,2445,265,sd(^q),A,93,10,"when we called ((   ))  home, everybody said, {F oh, }  we were worried about you in that storm ... /","when/WRB  [ we/PRP ] called/VBD  [ MUMBLEx/XX home/RB ] ,/,  [ everybody/NN ] said/VBD ,/, oh/UH ,/,  [ we/PRP ] were/VBD worried/VBN about/IN  [ you/PRP ] in/IN  [ that/DT storm/NN ] .../:","(S (SBAR-TMP (WHADVP-1 (WRB when)) (S (NP-SBJ (PRP we)) (VP (VBD called) (X (XX MUMBLEx)) (NP (RB home)) (ADVP-TMP (-NONE- *T*-1))))) (, ,) (NP-SBJ (NN everybody)) (VP (VBD said) (, ,) (S-SEZ (INTJ (UH oh)) (, ,) (NP-SBJ (PRP we)) (VP (VBD were) (ADJP-PRD (VBN worried) (PP (IN about) (NP (PRP you)))) (PP (IN in) (NP (DT that) (NN storm)))))) (: ...) (-DFL- E_S))",362
