swda_filename,ptb_basename,conversation_no,transcript_index,act_tag,caller,utterance_index,subutterance_index,text,pos,trees,ptb_treenumbers
sw05utt/sw_0525_2130.utt,2/sw2130,2130,0,o,A,1,1,"All right, {F uh, }  /","[ All/RB right/JJ ] ,/,  [ uh/UH ] ,/,","(INTJ (INTJ (RB All) (JJ right)) (, ,) (INTJ (UH uh)) (, ,) (-DFL- E_S))",1
sw05utt/sw_0525_2130.utt,2/sw2130,2130,1,sd,A,1,2,"[ I, + I ] would like to talk about, just briefly <throat_clearing> What happened over there in Saudi Arabia in the political context.  /","[ I/PRP ] ,/,  [ I/PRP ] would/MD like/VB to/TO talk/VB about/IN ,/, just/RB  [ briefly/NN ] [ What/WP ] happened/VBD over/IN there/RB in/IN  [ Saudi/NNP Arabia/NNP ] in/IN  [ the/DT political/JJ context/NN ] ./.","(S (EDITED (RM (-DFL- \[)) (NP-SBJ (PRP I)) (, ,) (IP (-DFL- \+))) (NP-SBJ-1 (PRP I)) (RS (-DFL- \])) (VP (MD would) (VP (VB like) (S (NP-SBJ (-NONE- *-1)) (VP (TO to) (VP (VB talk) (PP (IN about) (, ,) (ADVP (RB just) (NN briefly)) (SBAR-NOM (WHNP-2 (WP What)) (S (NP-SBJ (-NONE- *T*-2)) (VP (VBD happened) (PP-LOC (IN over) (ADVP (RB there))) (PP-LOC (IN in) (NP (NNP Saudi) (NNP Arabia))) (PP (IN in) (NP (DT the) (JJ political) (NN context)))))))))))) (. .) (-DFL- E_S))",2
sw05utt/sw_0525_2130.utt,2/sw2130,2130,2,sv,A,1,3,"I think it's, {F uh, } refreshing to see [ the, + {F uh, } the  ] support that the President got from the American people. /","[ I/PRP ] think/VBP  [ it/PRP ] 's/BES ,/,  [ uh/UH ] ,/, refreshing/JJ to/TO see/VB  [ the/DT ] ,/,  [ uh/UH ] ,/,  [ the/DT support/NN ] that/WDT  [ the/DT President/NN ] got/VBD from/IN  [ the/DT American/JJ people/NNS ] ./.","(S (NP-SBJ (PRP I)) (VP (VBP think) (SBAR (-NONE- 0) (S (NP-SBJ (NP (PRP it)) (S (-NONE- *EXP*-1))) (VP (BES 's) (, ,) (INTJ (UH uh)) (, ,) (ADJP-PRD (JJ refreshing)) (S-1 (NP-SBJ (-NONE- *)) (VP (TO to) (VP (VB see) (EDITED (RM (-DFL- \[)) (NP-UNF (DT the)) (, ,) (IP (-DFL- \+))) (INTJ (UH uh)) (, ,) (NP (NP (DT the) (RS (-DFL- \])) (NN support)) (SBAR (WHNP-2 (WDT that)) (S (NP-SBJ (DT the) (NN President)) (VP (VBD got) (NP (-NONE- *T*-2)) (PP (IN from) (NP (DT the) (JJ American) (NNS people)))))))))))))) (. .) (-DFL- E_S))",3
sw05utt/sw_0525_2130.utt,2/sw2130,2130,3,b,B,2,1,"Yeah,  /","Yeah/UH ,/,","(INTJ (UH Yeah) (, ,) (-DFL- E_S))",5
sw05utt/sw_0525_2130.utt,2/sw2130,2130,4,sd,B,2,2,"[ [ [ it, +  we, ] +   I, ] +  I ] read an interesting article in the paper  that discussed,  {F uh, } that, {F uh, }  /","[ it/PRP ] ,/,  [ we/PRP ] ,/,  [ I/PRP ] ,/,  [ I/PRP ] read/VBD  [ an/DT interesting/JJ article/NN ] in/IN  [ the/DT paper/NN ] that/WDT discussed/VBD ,/,  [ uh/UH ] ,/, that/WDT ,/,  [ uh/UH ] ,/,","(S-UNF (NP-SBJ (PRP it)) (, ,) (-DFL- N_S))|||(S-UNF (NP-SBJ (PRP we)) (, ,) (-DFL- N_S))|||(S (EDITED (RM (-DFL- \[)) (NP-SBJ (PRP I)) (, ,) (IP (-DFL- \+))) (NP-SBJ (PRP I)) (RS (-DFL- \])) (VP (VBD read) (NP (NP (DT an) (JJ interesting) (NN article)) (PP (IN in) (NP (DT the) (NN paper))) (SBAR (WHNP-1 (WDT that)) (S (NP-SBJ (-NONE- *T*-1)) (VP (VBD discussed) (, ,) (INTJ (UH uh)) (, ,) (NP (WDT that)))))) (, ,) (INTJ (UH uh))) (, ,) (-DFL- E_S))",6|||7|||8
sw05utt/sw_0525_2130.utt,2/sw2130,2130,5,sv,B,2,3,"seemed that every other time a President tried to get support for an action like, {F uh, } {F uh, } President Carter and his thing with [ the, + the ] hostage crisis,","seemed/VBD that/IN  [ every/DT other/JJ time/NN ] [ a/DT President/NNP ] tried/VBD to/TO get/VB  [ support/NN ] for/IN  [ an/DT action/NN ] like/IN ,/,  [ uh/UH ] ,/,  [ uh/UH ] ,/,  [ President/NNP Carter/NNP ] and/CC  [ his/PRP$ thing/NN ] with/IN  [ the/DT ] ,/,  [ the/DT hostage/NN crisis/NN ] ,/,","(S (NP-SBJ (-NONE- *)) (VP (VBD seemed) (SBAR (IN that) (S (NP-TMP (NP (DT every) (JJ other) (NN time)) (SBAR (WHADVP-3 (-NONE- 0)) (S (NP-SBJ-1 (NP (DT a) (NNP President)) (PP (-NONE- *ICH*-2))) (VP (VBD tried) (S (NP-SBJ (-NONE- *-1)) (VP (TO to) (VP (VB get) (NP (NN support)) (PP (IN for) (NP (DT an) (NN action))) (PP-2 (IN like) (, ,) (INTJ (UH uh)) (, ,) (INTJ (UH uh)) (, ,) (NP (NP (NNP President) (NNP Carter)) (CC and) (NP (NP (PRP$ his) (NN thing)) (PP (IN with) (EDITED (RM (-DFL- \[)) (NP-UNF (DT the)) (, ,) (IP (-DFL- \+))) (NP (DT the) (RS (-DFL- \])) (NN hostage) (NN crisis))))))))) (ADVP-TMP (-NONE- *T*-3)))))) (, ,) (EDITED (RM (-DFL- \[)) (CC and) (IP (-DFL- \+)) (RS (-DFL- \]))) (NP-SBJ (PRP he)) (ADVP-TMP (RB always)) (VP (VBD did) (NP (PRP it)) (PP (IN through) (NP (NN rhetoric))))))) (. .) (-DFL- E_S))",9
sw05utt/sw_0525_2130.utt,2/sw2130,2130,6,aa,A,3,1,Right. /,[ Right/UH ] ./.,(INTJ (UH Right) (. .) (-DFL- E_S)),11
sw05utt/sw_0525_2130.utt,2/sw2130,2130,7,+,B,4,1,[ and + ] he always did it through rhetoric. /,and/CC  [ he/PRP ] always/RB did/VBD  [ it/PRP ] through/IN  [ rhetoric/NN ] ./.,"(S (NP-SBJ (-NONE- *)) (VP (VBD seemed) (SBAR (IN that) (S (NP-TMP (NP (DT every) (JJ other) (NN time)) (SBAR (WHADVP-3 (-NONE- 0)) (S (NP-SBJ-1 (NP (DT a) (NNP President)) (PP (-NONE- *ICH*-2))) (VP (VBD tried) (S (NP-SBJ (-NONE- *-1)) (VP (TO to) (VP (VB get) (NP (NN support)) (PP (IN for) (NP (DT an) (NN action))) (PP-2 (IN like) (, ,) (INTJ (UH uh)) (, ,) (INTJ (UH uh)) (, ,) (NP (NP (NNP President) (NNP Carter)) (CC and) (NP (NP (PRP$ his) (NN thing)) (PP (IN with) (EDITED (RM (-DFL- \[)) (NP-UNF (DT the)) (, ,) (IP (-DFL- \+))) (NP (DT the) (RS (-DFL- \])) (NN hostage) (NN crisis))))))))) (ADVP-TMP (-NONE- *T*-3)))))) (, ,) (EDITED (RM (-DFL- \[)) (CC and) (IP (-DFL- \+)) (RS (-DFL- \]))) (NP-SBJ (PRP he)) (ADVP-TMP (RB always)) (VP (VBD did) (NP (PRP it)) (PP (IN through) (NP (NN rhetoric))))))) (. .) (-DFL- E_S))",9
sw05utt/sw_0525_2130.utt,2/sw2130,2130,8,aa,A,5,1,Right. /,[ Right/UH ] ./.,(INTJ (UH Right) (. .) (-DFL- E_S)),11
sw05utt/sw_0525_2130.utt,2/sw2130,2130,9,sv,B,6,1,{C And } this time President Bush did it through action  /,And/CC  [ this/DT time/NN President/NNP Bush/NNP ] did/VBD  [ it/PRP ] through/IN  [ action/NN ],(S (CC And) (NP-TMP (DT this) (NN time)) (NP-SBJ (NNP President) (NNP Bush)) (VP (VBD did) (NP (PRP it)) (PP (IN through) (NP (NN action)))) (-DFL- E_S)),16
sw05utt/sw_0525_2130.utt,2/sw2130,2130,10,sv,B,6,2,"{C and }  [ he, +","and/CC  [ he/PRP ] ,/,","(S (CC and) (EDITED (RM (-DFL- \[)) (NP-SBJ (PRP he)) (, ,) (IP (-DFL- \+))) (NP-SBJ (PRP he)) (RS (-DFL- \])) (VP (VP (VBD drove) (NP (NN policy)) (PP (IN by) (NP (NP (DT the) (NN course)) (SBAR (WHNP-1 (-NONE- 0)) (S (NP-SBJ (PRP he)) (VP (VBD took) (NP (-NONE- *T*-1)))))))) (CC and) (VP (ADVP (RB almost)) (VBD forced) (NP (JJ public) (NN support)))) (, ,) (-DFL- E_S))",17
sw05utt/sw_0525_2130.utt,2/sw2130,2130,11,b,A,7,1,{F Um. } /,Um/UH ./.,(INTJ (UH Um) (. .) (-DFL- E_S)),19
sw05utt/sw_0525_2130.utt,2/sw2130,2130,12,+,B,8,1,"he  ] drove policy by the course he took and almost forced public support, /","[ he/PRP ] drove/VBD  [ policy/NN ] by/IN  [ the/DT course/NN ] [ he/PRP ] took/VBD and/CC almost/RB forced/VBD  [ public/JJ ] support/NN ,/,","(S (CC and) (EDITED (RM (-DFL- \[)) (NP-SBJ (PRP he)) (, ,) (IP (-DFL- \+))) (NP-SBJ (PRP he)) (RS (-DFL- \])) (VP (VP (VBD drove) (NP (NN policy)) (PP (IN by) (NP (NP (DT the) (NN course)) (SBAR (WHNP-1 (-NONE- 0)) (S (NP-SBJ (PRP he)) (VP (VBD took) (NP (-NONE- *T*-1)))))))) (CC and) (VP (ADVP (RB almost)) (VBD forced) (NP (JJ public) (NN support)))) (, ,) (-DFL- E_S))",17
sw05utt/sw_0525_2130.utt,2/sw2130,2130,13,aa,A,9,1,Yes. /,Yes/UH ./.,(INTJ (UH Yes) (. .) (-DFL- E_S)),22
sw05utt/sw_0525_2130.utt,2/sw2130,2130,14,sv,B,10,1,"{C or, } {F uh, } {E I mean, } he left almost no alternative. /","or/CC ,/,  [ uh/UH ] ,/,  [ I/PRP ] mean/VBP ,/,  [ he/PRP ] left/VBD almost/RB no/DT alternative/NN ./.","(S (CC or) (, ,) (INTJ (UH uh)) (PRN (, ,) (S (NP-SBJ (PRP I)) (VP (VBP mean))) (, ,)) (NP-SBJ (PRP he)) (VP (VBD left) (NP (RB almost) (DT no) (NN alternative))) (. .) (-DFL- E_S))",24
sw05utt/sw_0525_2130.utt,2/sw2130,2130,15,aa,A,11,1,That's right <throat_clearing>. /,[ That/DT ] 's/BES right/JJ ./.,(S (NP-SBJ (DT That)) (VP (BES 's) (ADJP-PRD (JJ right))) (. .) (-DFL- E_S)),26
sw05utt/sw_0525_2130.utt,2/sw2130,2130,16,sv,B,12,1,"[ {C And, } + {C and } ] it was very interesting how he did it  /","And/CC ,/, and/CC  [ it/PRP ] was/VBD very/RB interesting/JJ how/WRB  [ he/PRP ] did/VBD  [ it/PRP ]","(S (EDITED (RM (-DFL- \[)) (CC And) (, ,) (IP (-DFL- \+))) (CC and) (RS (-DFL- \])) (NP-SBJ (NP (PRP it)) (SBAR (-NONE- *ICH*-2))) (VP (VBD was) (ADJP-PRD (RB very) (JJ interesting)) (SBAR-2 (WHADVP-1 (WRB how)) (S (NP-SBJ (PRP he)) (VP (VBD did) (NP (PRP it)) (ADVP-MNR (-NONE- *T*-1)))))) (-DFL- E_S))",28
sw05utt/sw_0525_2130.utt,2/sw2130,2130,17,sd,B,12,2,"{C and, } {F uh, } {E I mean, } [ I'm, + I'm ] an Air Force Officer,  /","and/CC ,/,  [ uh/UH ] ,/,  [ I/PRP ] mean/VBP ,/,  [ I/PRP ] 'm/VBP ,/,  [ I/PRP ] 'm/VBP  [ an/DT Air/NNP Force/NNP Officer/NNP ] ,/,","(S (CC and) (, ,) (INTJ (UH uh)) (PRN (, ,) (S (NP-SBJ (PRP I)) (VP (VBP mean))) (, ,)) (EDITED (RM (-DFL- \[)) (S (NP-SBJ (PRP I)) (VP-UNF (VBP 'm))) (, ,) (IP (-DFL- \+))) (NP-SBJ (PRP I)) (VP (VBP 'm) (RS (-DFL- \])) (NP-PRD (DT an) (NNP Air) (NNP Force) (NNP Officer))) (, ,) (-DFL- E_S))",29
sw05utt/sw_0525_2130.utt,2/sw2130,2130,18,sd,B,12,3,"{C so } [ it, + {F uh, }","so/RB  [ it/PRP ] ,/,  [ uh/UH ] ,/,","(S (RB so) (EDITED (RM (-DFL- \[)) (NP-SBJ (PRP it)) (, ,) (IP (-DFL- \+))) (INTJ (UH uh)) (, ,) (NP-SBJ (PRP it)) (RS (-DFL- \])) (VP (VBD was) (ADJP-PRD (JJ interesting) (PP (IN for) (NP (PRP me)))) (, ,) (INTJ (UH uh)) (PRN (, ,) (S (NP-SBJ (PRP you)) (VP (VBP know))))) (, ,) (-DFL- E_S))",30
sw05utt/sw_0525_2130.utt,2/sw2130,2130,19,b,A,13,1,Really. /,Really/UH ./.,(INTJ (UH Really) (. .) (-DFL- E_S)),32
sw05utt/sw_0525_2130.utt,2/sw2130,2130,20,+,B,14,1,"it ] was interesting for me, {F uh, } {D you know, }  /","[ it/PRP ] was/VBD interesting/JJ for/IN  [ me/PRP ] ,/,  [ uh/UH ] ,/,  [ you/PRP ] know/VBP ,/,","(S (RB so) (EDITED (RM (-DFL- \[)) (NP-SBJ (PRP it)) (, ,) (IP (-DFL- \+))) (INTJ (UH uh)) (, ,) (NP-SBJ (PRP it)) (RS (-DFL- \])) (VP (VBD was) (ADJP-PRD (JJ interesting) (PP (IN for) (NP (PRP me)))) (, ,) (INTJ (UH uh)) (PRN (, ,) (S (NP-SBJ (PRP you)) (VP (VBP know))))) (, ,) (-DFL- E_S))",30
sw05utt/sw_0525_2130.utt,2/sw2130,2130,21,%,B,14,2,"I'd certainly, {F uh, } - /","[ I/PRP ] 'd/MD certainly/RB ,/,  [ uh/UH ] ,/,","(S (NP-SBJ (PRP I)) (VP-UNF (MD 'd) (ADVP (RB certainly)) (, ,) (INTJ (UH uh))) (, ,) (-DFL- N_S))",34
sw05utt/sw_0525_2130.utt,2/sw2130,2130,22,sv,B,14,3,"{E [ I, + I  ] mean } I think it's great that all the support. - /","[ I/PRP ] ,/,  [ I/PRP ] mean/VBP  [ I/PRP ] think/VBP  [ it/PRP ] 's/BES great/JJ that/IN  [ all/PDT the/DT support/NN ] ./.","(S (PRN (S (EDITED (RM (-DFL- \[)) (NP-SBJ (PRP I)) (, ,) (IP (-DFL- \+))) (NP-SBJ (PRP I)) (RS (-DFL- \])) (VP (VBP mean)))) (NP-SBJ (PRP I)) (VP (VBP think) (SBAR (-NONE- 0) (S (NP-SBJ (NP (PRP it)) (SBAR (-NONE- *EXP*-1))) (VP (BES 's) (ADJP-PRD (JJ great)) (SBAR-1 (IN that) (S-UNF (NP-SBJ (PDT all) (DT the) (NN support)))))))) (. .) (-DFL- N_S))",35
sw05utt/sw_0525_2130.utt,2/sw2130,2130,23,sd,B,14,4,"I have, {F uh, } friends of mine from the Air,  /","[ I/PRP ] have/VBP ,/,  [ uh/UH ] ,/,  [ friends/NNS ] of/IN  [ mine/NN ] from/IN  [ the/DT Air/NNP ] ,/,","(S (NP-SBJ (PRP I)) (VP (VBP have) (, ,) (INTJ (UH uh)) (, ,) (NP (NP (NNS friends)) (PP (IN of) (NP (NN mine))) (PP (IN from) (NP (DT the) (NNP Air))))) (, ,) (-DFL- E_S))",36
sw05utt/sw_0525_2130.utt,2/sw2130,2130,24,sd,B,14,5,"[ I'm, + I'm ] an engineer and work in the Rolm Laboratory, /","[ I/PRP ] 'm/VBP ,/,  [ I/PRP ] 'm/VBP  [ an/DT engineer/NN ] and/CC  [ work/VBP ] in/IN  [ the/DT Rolm/NNP Laboratory/NNP ] ,/,","(S (EDITED (RM (-DFL- \[)) (S (NP-SBJ (PRP I)) (VP-UNF (VBP 'm))) (, ,) (IP (-DFL- \+))) (NP-SBJ (PRP I)) (VP (VP (VBP 'm) (RS (-DFL- \])) (NP-PRD (DT an) (NN engineer))) (CC and) (VP (VBP work) (PP (IN in) (NP (DT the) (NNP Rolm) (NNP Laboratory))))) (, ,) (-DFL- E_S))",37
sw05utt/sw_0525_2130.utt,2/sw2130,2130,25,b,A,15,1,Right. /,[ Right/UH ] ./.,(INTJ (UH Right) (. .) (-DFL- E_S)),11
sw05utt/sw_0525_2130.utt,2/sw2130,2130,26,%,B,16,1,"{C but } other [ engi-, + guys ] here on base, - /","but/CC  [ other/JJ engi-/NNS ] ,/,  [ guys/NNS ] here/RB on/IN  [ base/NN ] ,/,","(S-UNF (CC but) (NP-SBJ (NP (JJ other) (EDITED (RM (-DFL- \[)) (NNS engi-) (, ,) (IP (-DFL- \+))) (NNS guys)) (RS (-DFL- \])) (ADVP-LOC (RB here)) (PP (IN on) (NP (NN base)))) (, ,) (-DFL- N_S))",41
sw05utt/sw_0525_2130.utt,2/sw2130,2130,27,sd,B,16,2,"this is a B fifty-two base where I work,  /","[ this/DT ] is/VBZ  [ a/DT B/NN fifty-two/CD base/NN ] where/WRB  [ I/PRP ] work/VBP ,/,","(S (NP-SBJ (DT this)) (VP (VBZ is) (NP-PRD (DT a) (NN B) (CD fifty-two) (NN base)) (SBAR-LOC (WHADVP-1 (WRB where)) (S (NP-SBJ (PRP I)) (VP (VBP work) (ADVP-LOC (-NONE- *T*-1)))))) (, ,) (-DFL- E_S))",42
sw05utt/sw_0525_2130.utt,2/sw2130,2130,28,sd,B,16,3,"{C so, }","so/UH ,/,","(S (RB so) (, ,) (NP-SBJ (PRP we)) (VP (VBD had) (NP (NP (QP (RB about) (DT a) (CD thousand)) (NNS people)) (SBAR (-NONE- *ICH*-2)) (VP (VBN gone) (NP (-NONE- *)) (PP (IN from) (NP (DT the) (NN base))) (SBAR-2 (WHNP-1 (WDT that)) (S (NP-SBJ (-NONE- *T*-1)) (VP (VBD went) (PP-DIR (IN over) (ADVP (RB there))))))))) (-DFL- E_S))",43
sw05utt/sw_0525_2130.utt,2/sw2130,2130,29,b,A,17,1,Yeah. /,Yeah/UH ./.,(INTJ (UH Yeah) (. .) (-DFL- E_S)),45
sw05utt/sw_0525_2130.utt,2/sw2130,2130,30,+,B,18,1,we had about a thousand people gone from the base that went over there  /,[ we/PRP ] had/VBD about/RB  [ a/DT thousand/CD people/NNS ] gone/VBN from/IN  [ the/DT base/NN ] [ that/WDT ] went/VBD over/IN there/RB,"(S (RB so) (, ,) (NP-SBJ (PRP we)) (VP (VBD had) (NP (NP (QP (RB about) (DT a) (CD thousand)) (NNS people)) (SBAR (-NONE- *ICH*-2)) (VP (VBN gone) (NP (-NONE- *)) (PP (IN from) (NP (DT the) (NN base))) (SBAR-2 (WHNP-1 (WDT that)) (S (NP-SBJ (-NONE- *T*-1)) (VP (VBD went) (PP-DIR (IN over) (ADVP (RB there))))))))) (-DFL- E_S))",43
sw05utt/sw_0525_2130.utt,2/sw2130,2130,31,sd,B,18,2,{C and } they're getting a tremendous amount of support out of it. /,and/CC  [ they/PRP ] 're/VBP getting/VBG  [ a/DT tremendous/JJ amount/NN ] of/IN  [ support/NN ] out/IN of/IN  [ it/PRP ] ./.,(S (CC and) (NP-SBJ (PRP they)) (VP (VBP 're) (VP (VBG getting) (NP (NP (DT a) (JJ tremendous) (NN amount)) (PP (IN of) (NP (NN support)))) (PP (IN out) (PP (IN of) (NP (PRP it)))))) (. .) (-DFL- E_S)),47
sw05utt/sw_0525_2130.utt,2/sw2130,2130,32,ba,A,19,1,"That's great, {F um, }  /","[ That/DT ] 's/BES great/JJ ,/, um/UH ,/,","(S (NP-SBJ (DT That)) (VP (BES 's) (ADJP-PRD (JJ great)) (, ,) (INTJ (UH um))) (, ,) (-DFL- E_S))",49
sw05utt/sw_0525_2130.utt,2/sw2130,2130,33,sd,A,19,2,"[ if, + if ] you remember, the vote in the Congress to authorize war, if necessary, was actually pretty close. /","if/IN ,/, if/IN  [ you/PRP ] remember/VBP ,/,  [ the/DT vote/NN ] in/IN  [ the/DT Congress/NNP ] to/TO authorize/VB  [ war/VBD ] ,/, if/IN  [ necessary/JJ ] ,/, was/VBD actually/RB pretty/RB close/JJ ./.","(S (SBAR-ADV (EDITED (RM (-DFL- \[)) (SBAR-ADV-UNF (IN if)) (, ,) (IP (-DFL- \+))) (IN if) (RS (-DFL- \])) (S (NP-SBJ (PRP you)) (VP (VBP remember)))) (, ,) (NP-SBJ (NP (DT the) (NN vote)) (PP (IN in) (NP (DT the) (NNP Congress))) (SBAR (WHADVP-1 (-NONE- 0)) (S (NP-SBJ (-NONE- *)) (VP (TO to) (VP (VB authorize) (NP (VBD war)) (ADVP (-NONE- *T*-1)) (, ,) (SBAR-ADV (IN if) (FRAG (ADJP (JJ necessary))))))))) (, ,) (VP (VBD was) (ADVP (RB actually)) (ADVP-PRD (RB pretty) (JJ close))) (. .) (-DFL- E_S))",50
sw05utt/sw_0525_2130.utt,2/sw2130,2130,34,aa,B,20,1,Yes  /,Yes/UH,(INTJ (UH Yes) (-DFL- E_S)),52
sw05utt/sw_0525_2130.utt,2/sw2130,2130,35,sd,B,20,2,it was. /,[ it/PRP ] was/VBD ./.,(S (NP-SBJ (PRP it)) (VP (VBD was) (ADJP-PRD (-NONE- *?*))) (. .) (-DFL- E_S)),53
sw05utt/sw_0525_2130.utt,2/sw2130,2130,36,sv,A,21,1,"{C And } [ if, + if ] my memory serves me right, I believe a majority of Democrats may even have opposed it,  /","And/CC if/IN ,/, if/IN  [ my/PRP$ memory/NN ] serves/VBZ  [ me/PRP ] right/RB ,/,  [ I/PRP ] believe/VBP  [ a/DT majority/NN ] of/IN  [ Democrats/NNPS ] may/MD even/RB have/VB opposed/VBN  [ it/PRP ] ,/,","(S (CC And) (SBAR-ADV (RM (-DFL- \[)) (SBAR-ADV-UNF (IN if)) (, ,) (IP (-DFL- \+)) (IN if) (RS (-DFL- \])) (S (NP-SBJ (PRP$ my) (NN memory)) (VP (VBZ serves) (NP (PRP me)) (ADVP (RB right))))) (, ,) (NP-SBJ (PRP I)) (VP (VBP believe) (SBAR (-NONE- 0) (S (NP-SBJ (NP (DT a) (NN majority)) (PP (IN of) (NP (NNPS Democrats)))) (VP (MD may) (ADVP (RB even)) (VP (VB have) (VP (VBN opposed) (NP (PRP it)))))))) (, ,) (-DFL- E_S))",55
sw05utt/sw_0525_2130.utt,2/sw2130,2130,37,%,A,21,2,"[ it, + it ] was, -/","[ it/PRP ] ,/,  [ it/PRP ] was/VBD ,/,","(S (EDITED (RM (-DFL- \[)) (NP-SBJ (PRP it)) (, ,) (IP (-DFL- \+))) (NP-SBJ (PRP it)) (RS (-DFL- \])) (VP-UNF (VBD was)) (, ,) (-DFL- N_S))",56
sw05utt/sw_0525_2130.utt,2/sw2130,2130,38,b,B,22,1,"Yeah,  /","[ Yeah/UH ] ,/,","(INTJ (UH Yeah) (, ,) (-DFL- E_S))",58
sw05utt/sw_0525_2130.utt,2/sw2130,2130,39,sd,B,22,2,"[ I'm, +  I don't ] know the exact figure  /","[ I/PRP ] 'm/VBP ,/,  [ I/PRP ] do/VBP n't/RB know/VB  [ the/DT exact/JJ figure/NN ]","(S (NP-SBJ (PRP I)) (VP-UNF (VBP 'm)) (, ,) (-DFL- N_S))|||(S (NP-SBJ (PRP I)) (VP (VBP do) (RB n't) (VP (VB know) (NP (DT the) (JJ exact) (NN figure)))) (-DFL- E_S))",59|||60
sw05utt/sw_0525_2130.utt,2/sw2130,2130,40,sv,B,22,3,"{C but } [ I, + I ] would imagine that because  of [ the, + ] how close [ the, + the ]  vote  was {E [ I'm,    + {F uh, } I ] mean }  almost certainly would have to be.  /","but/CC  [ I/PRP ] ,/,  [ I/PRP ] would/MD imagine/VB that/DT because/IN of/IN  [ the/DT ] ,/, how/WRB  [ close/JJ the/DT ] ,/,  [ the/DT vote/NN ] was/VBD  [ I/PRP ] 'm/VBP ,/,  [ uh/UH ] ,/,  [ I/PRP ] mean/VBP almost/RB certainly/RB would/MD have/VB to/TO be/VB ./.","(S (CC but) (EDITED (RM (-DFL- \[)) (NP-SBJ (PRP I)) (, ,) (IP (-DFL- \+))) (NP-SBJ (PRP I)) (RS (-DFL- \])) (VP (MD would) (VP (VB imagine) (SBAR (DT that) (S (PP-PRP (IN because) (IN of) (EDITED (RM (-DFL- \[)) (NP-UNF (DT the)) (, ,) (IP (-DFL- \+))) (SBAR (WHADJP-1 (WRB how) (JJ close)) (S (EDITED (RM (-DFL- \[)) (NP-SBJ-UNF (DT the)) (, ,) (IP (-DFL- \+))) (NP-SBJ (DT the) (RS (-DFL- \])) (RS (-DFL- \])) (NN vote)) (VP (VBD was) (ADJP-PRD (-NONE- *T*-1)))))) (EDITED (RM (-DFL- \[)) (S (NP-SBJ (PRP I)) (VP-UNF (VBP 'm))) (, ,) (IP (-DFL- \+))) (INTJ (UH uh)) (PRN (, ,) (S (NP-SBJ (PRP I)) (VP (VBP mean)))) (RS (-DFL- \])) (NP-SBJ-2 (-NONE- *)) (ADVP (RB almost) (RB certainly)) (VP (MD would) (VP (VB have) (S (NP-SBJ (-NONE- *-2)) (VP (TO to) (VP (VB be) (ADJP-PRD (-NONE- *?*))))))))))) (. .) (-DFL- E_S))",61
sw05utt/sw_0525_2130.utt,2/sw2130,2130,41,sv,B,22,4,"Just based on [ the sheer numbers of, + {F uh, } the disparity of, ] <cough> {E excuse me, } Democrats and Republicans in Congress he'd think that it would have to have been, {F um. } /","Just/RB based/VBN on/IN  [ the/DT sheer/JJ ] numbers/NNS of/IN ,/,  [ uh/UH ] ,/,  [ the/DT disparity/NN ] of/IN ,/, excuse/VB  [ me/PRP ] ,/,  [ Democrats/NNPS ] and/CC  [ Republicans/NNPS ] in/IN  [ Congress/NNP ] [ he/PRP ] 'd/MD think/VB that/IN  [ it/PRP ] would/MD have/VB to/TO have/VB been/VBN ,/, um/UH ./.","(S (PP (ADVP (RB Just)) (VBN based) (PP (IN on) (EDITED (RM (-DFL- \[)) (NP (NP (DT the) (JJ sheer) (NNS numbers)) (PP-UNF (IN of))) (, ,) (IP (-DFL- \+)) (INTJ (UH uh))) (, ,) (NP (NP (DT the) (NN disparity)) (PP (IN of) (, ,) (RS (-DFL- \])) (PRN (S-IMP (NP-SBJ (-NONE- *)) (VP (VB excuse) (NP (PRP me)))) (, ,)) (NP (NP (NP (NNPS Democrats)) (CC and) (NP (NNPS Republicans))) (PP (IN in) (NP (NNP Congress)))))))) (NP-SBJ (PRP he)) (VP (MD 'd) (VP (VB think) (SBAR (IN that) (S (NP-SBJ-1 (PRP it)) (VP (MD would) (VP (VB have) (S (NP-SBJ (-NONE- *-1)) (VP (TO to) (VP (VB have) (VP (VBN been) (ADJP-PRD (-NONE- *?*)))))))))) (, ,) (INTJ (UH um)))) (. .) (-DFL- E_S))",62
sw05utt/sw_0525_2130.utt,2/sw2130,2130,42,aa,A,23,1,That's right. /,[ That/DT ] 's/BES right/JJ ./.,(S (NP-SBJ (DT That)) (VP (BES 's) (ADJP-PRD (JJ right))) (. .) (-DFL- E_S)),26
sw05utt/sw_0525_2130.utt,2/sw2130,2130,43,%,B,24,1,"{C And, } {F uh, } [ I, + I ] - /","And/CC ,/,  [ uh/UH ] ,/,  [ I/PRP ] ,/,  [ I/PRP ]","(S-UNF (CC And) (, ,) (INTJ (UH uh)) (, ,) (EDITED (RM (-DFL- \[)) (NP-SBJ (PRP I)) (, ,) (IP (-DFL- \+))) (NP-SBJ (PRP I)) (RS (-DFL- \])) (-DFL- N_S))",66
sw05utt/sw_0525_2130.utt,2/sw2130,2130,44,sv,B,24,2,"gosh [ this, + {F uh, } this ] whole thing now with [ all the, + {F uh, } all the ] political cartoons on the Democrats and how [ they're, + {F uh, } {F uh, }","gosh/UH  [ this/DT ] ,/,  [ uh/UH ] ,/,  [ this/DT whole/JJ thing/NN ] now/RB with/IN  [ all/PDT the/DT ] ,/,  [ uh/UH ] ,/,  [ all/PDT the/DT political/JJ cartoons/NNS ] on/IN  [ the/DT Democrats/NNPS ] and/CC how/WRB  [ they/PRP ] 're/VBP ,/,  [ uh/UH ] ,/,  [ uh/UH ] ,/,","(FRAG (INTJ (UH gosh)) (EDITED (RM (-DFL- \[)) (NP-SBJ-UNF (DT this)) (, ,) (IP (-DFL- \+))) (INTJ (UH uh)) (, ,) (UCP (NP (NP (DT this) (RS (-DFL- \])) (JJ whole) (NN thing)) (ADVP-TMP (RB now)) (PP (IN with) (EDITED (RM (-DFL- \[)) (NP-UNF (PDT all) (DT the)) (, ,) (IP (-DFL- \+))) (INTJ (UH uh)) (, ,) (NP (PDT all) (DT the) (RS (-DFL- \])) (JJ political) (NNS cartoons)) (PP (IN on) (NP (DT the) (NNPS Democrats))))) (CC and) (SBAR (WHADVP-2 (WRB how)) (S (EDITED (RM (-DFL- \[)) (S (NP-SBJ (PRP they)) (VP-UNF (VBP 're))) (, ,) (IP (-DFL- \+))) (INTJ (UH uh)) (, ,) (INTJ (UH uh)) (, ,) (NP-SBJ (PRP they)) (VP (VBP 're) (RS (-DFL- \])) (EDITED (RM (-DFL- \[)) (PP-PRD-UNF (IN in)) (, ,) (IP (-DFL- \+))) (PP-PRD (IN in) (RS (-DFL- \])) (NP (DT a) (JJ sad) (NN way)) (PP (-NONE- *ICH*-1))) (PP-TMP (IN for) (NP (CD ninety-two))) (ADVP-TMP (RB now)) (PP-1 (IN in) (NP (NP (NNS terms)) (PP (IN of) (NP (DT the) (JJ presidential) (NN election))))) (, ,) (ADVP (RB anyway)) (ADVP (-NONE- *T*-2)))))) (. .) (-DFL- E_S))",67
sw05utt/sw_0525_2130.utt,2/sw2130,2130,45,b,A,25,1,Yeah. /,Yeah/UH ./.,(INTJ (UH Yeah) (. .) (-DFL- E_S)),45
sw05utt/sw_0525_2130.utt,2/sw2130,2130,46,+,B,26,1,"they're ] [ in, + in ] a sad way for ninety-two now in terms of the presidential election, anyway. /","[ they/PRP ] 're/VBP in/IN ,/, in/IN  [ a/DT sad/JJ way/NN ] for/IN  [ ninety-two/CD ] now/RB in/IN  [ terms/NNS ] of/IN  [ the/DT presidential/JJ election/NN ] ,/, anyway/RB ./.","(FRAG (INTJ (UH gosh)) (EDITED (RM (-DFL- \[)) (NP-SBJ-UNF (DT this)) (, ,) (IP (-DFL- \+))) (INTJ (UH uh)) (, ,) (UCP (NP (NP (DT this) (RS (-DFL- \])) (JJ whole) (NN thing)) (ADVP-TMP (RB now)) (PP (IN with) (EDITED (RM (-DFL- \[)) (NP-UNF (PDT all) (DT the)) (, ,) (IP (-DFL- \+))) (INTJ (UH uh)) (, ,) (NP (PDT all) (DT the) (RS (-DFL- \])) (JJ political) (NNS cartoons)) (PP (IN on) (NP (DT the) (NNPS Democrats))))) (CC and) (SBAR (WHADVP-2 (WRB how)) (S (EDITED (RM (-DFL- \[)) (S (NP-SBJ (PRP they)) (VP-UNF (VBP 're))) (, ,) (IP (-DFL- \+))) (INTJ (UH uh)) (, ,) (INTJ (UH uh)) (, ,) (NP-SBJ (PRP they)) (VP (VBP 're) (RS (-DFL- \])) (EDITED (RM (-DFL- \[)) (PP-PRD-UNF (IN in)) (, ,) (IP (-DFL- \+))) (PP-PRD (IN in) (RS (-DFL- \])) (NP (DT a) (JJ sad) (NN way)) (PP (-NONE- *ICH*-1))) (PP-TMP (IN for) (NP (CD ninety-two))) (ADVP-TMP (RB now)) (PP-1 (IN in) (NP (NP (NNS terms)) (PP (IN of) (NP (DT the) (JJ presidential) (NN election))))) (, ,) (ADVP (RB anyway)) (ADVP (-NONE- *T*-2)))))) (. .) (-DFL- E_S))",67
sw05utt/sw_0525_2130.utt,2/sw2130,2130,47,sv(^q),A,27,1,"Especially the ones that came out and said, oh come on guys, let's talk about this little while longer. /","Especially/RB  [ the/DT ones/NNS ] [ that/WDT ] came/VBD out/RP and/CC said/VBD ,/, oh/UH come/VBN on/RP  [ guys/NNS ] ,/, let/VB  [ 's/PRP ] talk/VB about/IN  [ this/DT little/JJ while/NN ] longer/RB ./.","(FRAG (NP (ADVP (RB Especially)) (NP (DT the) (NNS ones)) (SBAR (WHNP-1 (WDT that)) (S (NP-SBJ (-NONE- *T*-1)) (VP (VP (VBD came) (ADVP (RP out))) (CC and) (VP (VBD said) (, ,) (INTJ (UH oh)) (S-IMP-SEZ (S (NP-SBJ (-NONE- *)) (VP (VBN come) (PRT (RP on)) (NP (NNS guys)))) (, ,) (S (NP-SBJ (-NONE- *)) (VP (VB let) (S (NP-SBJ (PRP 's)) (VP (VB talk) (PP (IN about) (NP (DT this))) (ADVP-TMP (NP (JJ little) (NN while)) (RB longer)))))))))))) (. .) (-DFL- E_S))",72
sw05utt/sw_0525_2130.utt,2/sw2130,2130,48,aa,B,28,1,"Yeah,  /","Yeah/UH ,/,","(INTJ (UH Yeah) (, ,) (-DFL- E_S))",58
sw05utt/sw_0525_2130.utt,2/sw2130,2130,49,aa,B,28,2,yeah. /,yeah/UH ./.,(INTJ (UH yeah) (. .) (-DFL- E_S)),75
sw05utt/sw_0525_2130.utt,2/sw2130,2130,50,qh,A,29,1,{E I mean } how many years are we going to wait  /,[ I/PRP ] mean/VBP how/WRB  [ many/JJ years/NNS ] are/VBP  [ we/PRP ] going/VBG to/TO wait/VB,(SBARQ (PRN (S (NP-SBJ (PRP I)) (VP (VBP mean)))) (WHNP-2 (WHADJP (WRB how) (JJ many)) (NNS years)) (SQ (VBP are) (NP-SBJ-1 (PRP we)) (VP (VBG going) (S (NP-SBJ (-NONE- *-1)) (VP (TO to) (VP (VB wait) (NP (-NONE- *T*-2))))))) (-DFL- E_S)),77
sw05utt/sw_0525_2130.utt,2/sw2130,2130,51,qh,A,29,2,"[ {C and, } +  {C and } ] [ what, + what ] do you do with the people that are over there in the mean time. /","and/CC ,/, and/CC  [ what/WP ] ,/,  [ what/WP ] do/VBP  [ you/PRP ] do/VB with/IN  [ the/DT people/NNS ] [ that/WDT ] are/VBP over/IN there/RB in/IN  [ the/DT mean/NN time/NN ] ./.","(SBARQ (EDITED (RM (-DFL- \[)) (CC and) (, ,) (IP (-DFL- \+))) (CC and) (RS (-DFL- \])) (EDITED (RM (-DFL- \[)) (WHNP (WP what)) (, ,) (IP (-DFL- \+))) (WHNP-2 (WP what)) (RS (-DFL- \])) (SQ (VBP do) (NP-SBJ (PRP you)) (VP (VB do) (NP (-NONE- *T*-2)) (PP (IN with) (NP (NP (DT the) (NNS people)) (SBAR (WHNP-1 (WDT that)) (S (NP-SBJ (-NONE- *T*-1)) (VP (VBP are) (PP-LOC-PRD (IN over) (ADVP (RB there))) (PP-TMP (IN in) (NP (DT the) (NN mean) (NN time)))))))))) (. .) (-DFL- E_S))",78
sw05utt/sw_0525_2130.utt,2/sw2130,2130,52,aa,B,30,1,"Right,  /","Right/UH ,/,","(INTJ (UH Right) (, ,) (-DFL- E_S))",80
sw05utt/sw_0525_2130.utt,2/sw2130,2130,53,aa,B,30,2,"right,  /","right/UH ,/,","(INTJ (UH right) (, ,) (-DFL- E_S))",81
sw05utt/sw_0525_2130.utt,2/sw2130,2130,54,sv,B,30,3,"I think that was, - /","[ I/PRP ] think/VBP  [ that/DT ] was/VBD ,/,","(S (NP-SBJ (PRP I)) (VP (VBP think) (SBAR (-NONE- 0) (S (NP-SBJ (DT that)) (VP-UNF (VBD was))))) (, ,) (-DFL- N_S))",82
sw05utt/sw_0525_2130.utt,2/sw2130,2130,55,sv,B,30,4,"all those factors played a part in,  {D you know, } {F uh, } the, -/","[ all/PDT those/DT factors/NNS ] played/VBD  [ a/DT part/NN ] in/IN ,/,  [ you/PRP ] know/VBP ,/,  [ uh/UH ] ,/,  [ the/DT ] ,/,","(S (NP-SBJ (PDT all) (DT those) (NNS factors)) (VP (VBD played) (NP (DT a) (NN part)) (PP (IN in) (PRN (, ,) (S (NP-SBJ (PRP you)) (VP (VBP know))) (, ,)) (INTJ (UH uh)) (, ,) (NP-UNF (DT the)))) (, ,) (-DFL- N_S))",83
sw05utt/sw_0525_2130.utt,2/sw2130,2130,56,aa,A,31,1,No doubt. /,[ No/DT doubt/NN ] ./.,(NP (DT No) (NN doubt) (. .) (-DFL- E_S)),85
sw05utt/sw_0525_2130.utt,2/sw2130,2130,57,sv,B,32,1,"everyone was discussing whether we should, {F uh, } wait longer,  /","[ everyone/NN ] was/VBD discussing/VBG whether/IN  [ we/PRP ] should/MD ,/,  [ uh/UH ] ,/, wait/VB longer/RB ,/,","(S (NP-SBJ (NN everyone)) (VP (VBD was) (VP (VBG discussing) (SBAR (IN whether) (S (NP-SBJ (PRP we)) (VP (MD should) (, ,) (INTJ (UH uh)) (, ,) (VP (VB wait) (ADVP (RB longer)))))))) (, ,) (-DFL- E_S))",87
sw05utt/sw_0525_2130.utt,2/sw2130,2130,58,sv,B,32,2,"{C but, } [ [ I, + I, ] + I ] know that there's a lot of reasons to wait longer  /","but/CC ,/,  [ I/PRP ] ,/,  [ I/PRP ] ,/,  [ I/PRP ] know/VBP that/IN  [ there/EX ] 's/BES  [ a/DT lot/NN ] of/IN  [ reasons/NNS ] to/TO wait/VB longer/RB","(S (CC but) (, ,) (EDITED (RM (-DFL- \[)) (EDITED (RM (-DFL- \[)) (NP-SBJ (PRP I)) (, ,) (IP (-DFL- \+))) (NP-SBJ (PRP I)) (, ,) (RS (-DFL- \])) (IP (-DFL- \+))) (NP-SBJ (PRP I)) (RS (-DFL- \])) (VP (VBP know) (SBAR (IN that) (S (NP-SBJ (EX there)) (VP (BES 's) (NP-PRD (NP (DT a) (NN lot)) (PP (IN of) (NP (NP (NNS reasons)) (SBAR (WHADVP-1 (-NONE- 0)) (S (NP-SBJ (-NONE- *)) (VP (TO to) (VP (VB wait) (ADVP (RB longer)) (ADVP (-NONE- *T*-1))))))))))))) (-DFL- E_S))",88
sw05utt/sw_0525_2130.utt,2/sw2130,2130,59,sv,B,32,3,"{C but } I think we were genuinely concerned about [ how, + ] their military capability  /","but/CC  [ I/PRP ] think/VBP  [ we/PRP ] were/VBD genuinely/RB concerned/JJ about/IN how/WRB ,/,  [ their/PRP$ military/NN capability/NN ]","(S (CC but) (NP-SBJ (PRP I)) (VP (VBP think) (SBAR (-NONE- 0) (S (NP-SBJ (PRP we)) (VP (VBD were) (ADJP-PRD (ADVP (RB genuinely)) (JJ concerned) (PP (IN about) (EDITED (RM (-DFL- \[)) (SBAR-UNF (WHADVP (WRB how)) (, ,) (IP (-DFL- \+)) (RS (-DFL- \])))) (NP (PRP$ their) (NN military) (NN capability)))))))) (-DFL- E_S))",89
sw05utt/sw_0525_2130.utt,2/sw2130,2130,60,sv,B,32,4,"{C and } [ we, + {F uh, } I think we ] over estimated it,  /","and/CC  [ we/PRP ] ,/,  [ uh/UH ] ,/,  [ I/PRP ] think/VBP  [ we/PRP ] over/GW estimated/^VBD  [ it/PRP ] ,/,","(S (CC and) (EDITED (RM (-DFL- \[)) (NP-SBJ (PRP we)) (, ,) (IP (-DFL- \+))) (INTJ (UH uh)) (, ,) (NP-SBJ (PRP I)) (VP (VBP think) (SBAR (-NONE- 0) (S (NP-SBJ (PRP we)) (RS (-DFL- \])) (VP (GW over) (^VBD estimated) (NP (PRP it)))))) (, ,) (-DFL- E_S))",90
sw05utt/sw_0525_2130.utt,2/sw2130,2130,61,sv,B,32,5,"{C but } still,","but/CC still/RB ,/,","(S (CC but) (ADVP (RB still)) (, ,) (NP-SBJ (PRP we)) (VP (VBD were) (ADVP (RB really)) (, ,) (ADJP-PRD (RB highly) (JJ concerned) (PP (IN about) (NP (PRP it))))) (-DFL- E_S))",91
sw05utt/sw_0525_2130.utt,2/sw2130,2130,62,aa,A,33,1,I think so too. /,[ I/PRP ] think/VBP so/RB too/RB ./.,(S (NP-SBJ (PRP I)) (VP (VBP think) (ADVP (RB so)) (ADVP (RB too))) (. .) (-DFL- E_S)),93
sw05utt/sw_0525_2130.utt,2/sw2130,2130,63,+,B,34,1,"we were really, highly concerned about it  /","[ we/PRP ] were/VBD really/RB ,/, highly/RB concerned/JJ about/IN  [ it/PRP ]","(S (CC but) (ADVP (RB still)) (, ,) (NP-SBJ (PRP we)) (VP (VBD were) (ADVP (RB really)) (, ,) (ADJP-PRD (RB highly) (JJ concerned) (PP (IN about) (NP (PRP it))))) (-DFL- E_S))",91
sw05utt/sw_0525_2130.utt,2/sw2130,2130,64,sv,B,34,2,"{C and, } [ that +  we were worried that ] they were getting dug in  /","and/CC ,/, that/IN  [ we/PRP ] were/VBD worried/JJ that/IN  [ they/PRP ] were/VBD getting/VBG dug/VBD in/RP","(S (CC and) (, ,) (EDITED (RM (-DFL- \[)) (SBAR-UNF (IN that)) (IP (-DFL- \+))) (NP-SBJ (PRP we)) (VP (VBD were) (ADJP-PRD (JJ worried) (SBAR (IN that) (RS (-DFL- \])) (S (NP-SBJ (PRP they)) (VP (VBD were) (VP (VBG getting) (VP (VBD dug) (PRT (RP in))))))))) (-DFL- E_S))",95
sw05utt/sw_0525_2130.utt,2/sw2130,2130,65,%,B,34,3,"{C and, } {F uh. } -/","and/CC ,/,  [ uh/UH ] ./.","(S-UNF (CC and) (, ,) (INTJ (UH uh)) (. .) (-DFL- N_S))",96
sw05utt/sw_0525_2130.utt,2/sw2130,2130,66,sv,A,35,1,"{D Well } [ they were, +","Well/UH  [ they/PRP ] were/VBD ,/,","(S (INTJ (UH Well)) (NP-SBJ (PRP they)) (VP (VBD were)) (, ,) (-DFL- E_S))",98
sw05utt/sw_0525_2130.utt,2/sw2130,2130,67,b,B,36,1,Yeah. /,Yeah/UH ./.,(INTJ (UH Yeah) (. .) (-DFL- E_S)),69
sw05utt/sw_0525_2130.utt,2/sw2130,2130,68,+,A,37,1,"{C and } in fact they were ] so well dug in that, {F uh, } when we sent our tanks around behind them they couldn't get turned around in time. /","and/CC in/IN  [ fact/NN ] [ they/PRP ] were/VBD so/RB well/RB dug/VBN in/RP  [ that/DT ] ,/,  [ uh/UH ] ,/, when/WRB  [ we/PRP ] sent/VBD  [ our/PRP$ tanks/NNS ] around/IN behind/IN  [ them/PRP ] [ they/PRP ] could/MD n't/RB get/VB turned/VBN around/RB in/IN  [ time/NN ] ./.","(S (CC and) (PP (IN in) (NP (NN fact))) (NP-SBJ (PRP they)) (VP (VBD were) (ADVP (RB so) (RB well)) (VP (VBN dug) (PRT (RP in)) (SBAR (DT that) (, ,) (INTJ (UH uh)) (, ,) (S (SBAR-TMP (WHADVP-2 (WRB when)) (S (NP-SBJ (PRP we)) (VP (VBD sent) (NP (PRP$ our) (NNS tanks)) (ADVP (IN around)) (PP-LOC (IN behind) (NP (PRP them))) (ADVP-TMP (-NONE- *T*-2))))) (NP-SBJ-1 (PRP they)) (VP (MD could) (RB n't) (VP (VB get) (VP (VBN turned) (NP (-NONE- *-1)) (ADVP (RB around)) (PP-TMP (IN in) (NP (NN time)))))))))) (. .) (-DFL- E_S))",102
sw05utt/sw_0525_2130.utt,2/sw2130,2130,69,aa,B,38,1,"Right,  /","Right/UH ,/,","(INTJ (UH Right) (, ,) (-DFL- E_S))",80
sw05utt/sw_0525_2130.utt,2/sw2130,2130,70,%,B,38,2,"[ they couldn't, {D yeah } + they couldn't, ]  /","[ they/PRP ] could/MD n't/RB ,/, yeah/UH  [ they/PRP ] could/MD n't/RB ,/,","(S (EDITED (RM (-DFL- \[)) (S (NP-SBJ (PRP they)) (VP-UNF (MD could) (RB n't) (, ,) (INTJ (UH yeah)))) (IP (-DFL- \+))) (NP-SBJ (PRP they)) (VP-UNF (MD could) (RB n't)) (, ,) (RS (-DFL- \])) (-DFL- E_S))",105
sw05utt/sw_0525_2130.utt,2/sw2130,2130,71,aa,B,38,3,"yeah,  /","yeah/UH ,/,","(INTJ (UH yeah) (, ,) (-DFL- E_S))",106
sw05utt/sw_0525_2130.utt,2/sw2130,2130,72,aa,B,38,4,it's true  /,[ it/PRP ] 's/BES true/JJ,(S (NP-SBJ (PRP it)) (VP (BES 's) (ADJP-PRD (JJ true))) (-DFL- E_S)),107
sw05utt/sw_0525_2130.utt,2/sw2130,2130,73,%,B,38,5,"they, - /","[ they/PRP ] ,/,","(S-UNF (NP-SBJ (PRP they)) (, ,) (-DFL- N_S))",108
sw05utt/sw_0525_2130.utt,2/sw2130,2130,74,sv,B,38,6,"Saddam thought he had the whole thing, {F uh, } figured out [ to, + to ] which way we were coming and [ which, + [ what, + what ] ] our doctrine was  [ that, + ] {F uh, } /","[ Saddam/NNP ] thought/VBD  [ he/PRP ] had/VBD  [ the/DT whole/JJ thing/NN ] ,/,  [ uh/UH ] ,/, figured/VBN out/RP to/IN ,/, to/IN  [ which/WDT way/NN ] [ we/PRP ] were/VBD coming/VBG and/CC  [ which/WDT ] ,/,  [ what/WP ] ,/,  [ what/WP ] [ our/PRP$ doctrine/NN ] was/VBD that/IN ,/,  [ uh/UH ] ,/,","(S (NP-SBJ (NNP Saddam)) (VP (VBD thought) (SBAR (-NONE- 0) (S (NP-SBJ (PRP he)) (VP (VBD had) (S (NP-SBJ-3 (DT the) (JJ whole) (NN thing)) (, ,) (INTJ (UH uh)) (, ,) (VP (VBN figured) (NP (-NONE- *-3)) (PRT (RP out)) (EDITED (RM (-DFL- \[)) (PP-UNF (IN to)) (, ,) (IP (-DFL- \+))) (PP-DIR (IN to) (RS (-DFL- \])) (SBAR-NOM (SBAR (WHNP-2 (WDT which) (NN way)) (S (NP-SBJ (PRP we)) (VP (VBD were) (VP (VBG coming) (NP (-NONE- *T*-2)))))) (CC and) (SBAR (EDITED (RM (-DFL- \[)) (WHNP (WDT which)) (, ,) (IP (-DFL- \+))) (EDITED (RM (-DFL- \[)) (WHNP (WP what)) (, ,) (IP (-DFL- \+))) (WHNP-1 (WP what)) (RS (-DFL- \])) (RS (-DFL- \])) (S (NP-SBJ (PRP$ our) (NN doctrine)) (VP (VBD was) (NP-PRD (-NONE- *T*-1)) (EDITED (RM (-DFL- \[)) (NP (IN that)) (, ,) (IP (-DFL- \+)) (RS (-DFL- \]))))))))))))) (INTJ (UH uh))) (, ,) (-DFL- E_S))",109
sw05utt/sw_0525_2130.utt,2/sw2130,2130,75,sv,A,39,1,"{D Well, } [ had, + had ] we done a frontal assault it probably would have worked more to his favor. /","Well/UH ,/, had/VBD ,/, had/VBD  [ we/PRP ] done/VBN  [ a/DT frontal/JJ assault/NN ] [ it/PRP ] probably/RB would/MD have/VB worked/VBN more/RBR to/IN  [ his/PRP$ favor/NN ] ./.","(S (SBAR-ADV (SINV (INTJ (UH Well)) (, ,) (EDITED (RM (-DFL- \[)) (VP (VBD had)) (, ,) (IP (-DFL- \+))) (VBD had) (RS (-DFL- \])) (S (NP-SBJ (PRP we)) (VP (VBN done) (NP (DT a) (JJ frontal) (NN assault)))))) (NP-SBJ (PRP it)) (ADVP (RB probably)) (VP (MD would) (VP (VB have) (VP (VBN worked) (PP (ADVP (RBR more)) (IN to) (NP (PRP$ his) (NN favor)))))) (. .) (-DFL- E_S))",111
sw05utt/sw_0525_2130.utt,2/sw2130,2130,76,aa,B,40,1,"That's right,  /","[ That/DT ] 's/BES right/JJ ,/,","(S (NP-SBJ (DT That)) (VP (BES 's) (ADJP-PRD (JJ right))) (, ,) (-DFL- E_S))",113
sw05utt/sw_0525_2130.utt,2/sw2130,2130,77,aa,B,40,2,that's true.  /,[ that/DT ] 's/BES true/JJ ./.,(S (NP-SBJ (DT that)) (VP (BES 's) (ADJP-PRD (JJ true))) (. .) (-DFL- E_S)),114
sw05utt/sw_0525_2130.utt,2/sw2130,2130,78,aa,B,40,3,"That's interesting,  /","[ That/DT ] 's/BES interesting/JJ ,/,","(S (NP-SBJ (DT That)) (VP (BES 's) (ADJP-PRD (JJ interesting))) (, ,) (-DFL- E_S))",115
sw05utt/sw_0525_2130.utt,2/sw2130,2130,79,sv,B,40,4,"I think, {F uh, } this political situation over there now is, {F uh, } {F uh, } - /","[ I/PRP ] think/VBP ,/,  [ uh/UH ] ,/,  [ this/DT political/JJ situation/NN ] over/IN  [ there/EX ] now/RB is/VBZ ,/,  [ uh/UH ] ,/,  [ uh/UH ] ,/,","(S (NP-SBJ (PRP I)) (VP (VBP think) (, ,) (INTJ (UH uh)) (, ,) (SBAR (-NONE- 0) (S (NP-SBJ (NP (DT this) (JJ political) (NN situation)) (PP-LOC (IN over) (NP (EX there))) (ADVP-TMP (RB now))) (VP-UNF (VBZ is) (, ,) (INTJ (UH uh)) (, ,) (INTJ (UH uh)))))) (, ,) (-DFL- N_S))",116
sw05utt/sw_0525_2130.utt,2/sw2130,2130,80,sv,B,40,5,"it'll be interesting to see what comes out of it whether [ the, + this ] opposition will, {F uh, } {F uh, } - /","[ it/PRP ] 'll/MD be/VB interesting/JJ to/TO see/VB  [ what/WP ] comes/VBZ out/IN of/IN  [ it/PRP ] whether/IN  [ the/DT ] ,/,  [ this/DT opposition/NN will/NN ] ,/,  [ uh/UH ] ,/,  [ uh/UH ] ,/,","(S (NP-SBJ (NP (PRP it)) (S (-NONE- *EXP*-1))) (VP (MD 'll) (VP (VB be) (ADJP-PRD (JJ interesting)) (S-1 (NP-SBJ (-NONE- *)) (VP (TO to) (VP (VB see) (SBAR-NOM (WHNP-2 (WP what)) (S (NP-SBJ (-NONE- *T*-2)) (VP (VBZ comes) (PP (IN out) (PP (IN of) (NP (PRP it))))))) (SBAR-ADV (IN whether) (S (EDITED (RM (-DFL- \[)) (NP-SBJ-UNF (DT the)) (, ,) (IP (-DFL- \+))) (NP-SBJ (DT this) (RS (-DFL- \])) (NN opposition)) (VP-UNF (NN will) (, ,) (INTJ (UH uh)) (, ,) (INTJ (UH uh)))))))))) (, ,) (-DFL- N_S))",117
sw05utt/sw_0525_2130.utt,2/sw2130,2130,81,sv,B,40,6,"today the Turks, {F uh, } agreed to support the Kurds, which is something they've never done before  /","[ today/NN ] [ the/DT Turks/NNPS ] ,/,  [ uh/UH ] ,/, agreed/VBD to/TO support/VB  [ the/DT Kurds/NNPS ] ,/,  [ which/WDT ] is/VBZ  [ something/NN ] [ they/PRP ] 've/VBP never/RB done/VBN before/RB","(S (NP-TMP (NN today)) (NP-SBJ-1 (DT the) (NNPS Turks)) (, ,) (INTJ (UH uh)) (, ,) (VP (VP (VBD agreed) (S (NP-SBJ (-NONE- *-1)) (VP (TO to) (VP (VB support) (NP (DT the) (NNPS Kurds)))))) (, ,) (SBAR (WHNP-2 (WDT which)) (S (NP-SBJ (-NONE- *T*-2)) (VP (VBZ is) (NP-PRD (NP (NN something)) (SBAR (WHNP-3 (-NONE- 0)) (S (NP-SBJ (PRP they)) (VP (VBP 've) (ADVP-TMP (RB never)) (VP (VBN done) (NP (-NONE- *T*-3)) (ADVP-TMP (RB before))))))))))) (-DFL- E_S))",118
sw05utt/sw_0525_2130.utt,2/sw2130,2130,82,%@,B,40,7,"[ {C and, } +  {F uh. }    *[[needs slash]]","and/CC ,/,  [ uh/UH ] ./.","(S-UNF (CC and) (, ,) (INTJ (UH uh)) (. .) (-DFL- N_S))",96
sw05utt/sw_0525_2130.utt,2/sw2130,2130,83,ba,A,41,1,"{F Um, } interesting. /","Um/UH ,/,  [ interesting/JJ ] ./.","(FRAG (INTJ (UH Um)) (, ,) (ADJP (JJ interesting)) (. .) (-DFL- E_S))",121
sw05utt/sw_0525_2130.utt,2/sw2130,2130,84,+,B,42,1,"{C And, } ] {F uh, } this, - /  *[[%]]","And/CC ,/,  [ uh/UH ] ,/,  [ this/DT ] ,/,","(S (EDITED (RM (-DFL- \[)) (CC and) (, ,) (IP (-DFL- \+))) (INTJ (UH uh)) (. .) (CC And) (, ,) (RS (-DFL- \])) (INTJ (UH uh)) (, ,) (NP-SBJ-UNF (DT this)) (, ,) (-DFL- N_S))",119
sw05utt/sw_0525_2130.utt,2/sw2130,2130,85,sv,B,42,2,"[ [ {C and } the Israelis, + {F uh, } {C and } not the Israelis but ] + the Arabs ] all of a sudden [ are, + {F uh, } are ] cheering for Baker on his drive [ for, + to ] reconcile relations with the Israelis,  /","and/CC  [ the/DT Israelis/NNPS ] ,/,  [ uh/UH ] ,/, and/CC not/RB  [ the/DT Israelis/NNPS ] but/CC  [ the/DT Arabs/NNPS all/DT ] of/IN  [ a/DT sudden/JJ ] are/VBP ,/,  [ uh/UH ] ,/, are/VBP cheering/VBG for/IN  [ Baker/NNP ] on/IN  [ his/PRP$ drive/NN ] for/IN ,/, to/TO reconcile/VB  [ relations/NNS ] with/IN  [ the/DT Israelis/NNPS ] ,/,","(S (EDITED (RM (-DFL- \[)) (EDITED (RM (-DFL- \[)) (S-UNF (CC and) (NP-SBJ (DT the) (NNPS Israelis))) (, ,) (IP (-DFL- \+))) (INTJ (UH uh)) (, ,) (CC and) (NP-UNF (NP (RB not) (DT the) (NNPS Israelis)) (CC but)) (RS (-DFL- \])) (IP (-DFL- \+))) (NP-SBJ (DT the) (NNPS Arabs)) (RS (-DFL- \])) (NP-TMP (NP (DT all)) (PP (IN of) (NP (DT a) (JJ sudden)))) (EDITED (RM (-DFL- \[)) (VP-UNF (VBP are)) (, ,) (IP (-DFL- \+))) (INTJ (UH uh)) (, ,) (VP (VBP are) (RS (-DFL- \])) (VP (VBG cheering) (PP (IN for) (NP (NNP Baker))) (PP (IN on) (NP (PRP$ his) (NN drive))) (EDITED (RM (-DFL- \[)) (PP-UNF (IN for)) (, ,) (IP (-DFL- \+))) (S-PRP (NP-SBJ (-NONE- *)) (VP (TO to) (RS (-DFL- \])) (VP (VB reconcile) (NP (NP (NNS relations)) (PP (IN with) (NP (DT the) (NNPS Israelis))))))))) (, ,) (-DFL- E_S))",123
sw05utt/sw_0525_2130.utt,2/sw2130,2130,86,%,B,42,3,"{C so } it's like <laughter>, -/","so/RB  [ it/PRP ] 's/BES like/IN ,/,","(S (RB so) (NP-SBJ (PRP it)) (VP (BES 's) (PP-PRD-UNF (IN like))) (, ,) (-DFL- N_S))",124
sw05utt/sw_0525_2130.utt,2/sw2130,2130,87,sv,A,43,1,"{D Well, } Baker is really not very much pro Israel. /","Well/UH ,/,  [ Baker/NNP ] is/VBZ really/RB not/RB very/RB much/RB pro/IN  [ Israel/NNP ] ./.","(S (INTJ (UH Well)) (, ,) (NP-SBJ (NNP Baker)) (VP (VBZ is) (ADVP (RB really)) (RB not) (PP-PRD (ADVP (RB very) (RB much)) (IN pro) (NP (NNP Israel)))) (. .) (-DFL- E_S))",126
sw05utt/sw_0525_2130.utt,2/sw2130,2130,88,b,B,44,1,Yeah  /,[ Yeah/UH,(INTJ (UH Yeah) (-DFL- E_S)),128
sw05utt/sw_0525_2130.utt,2/sw2130,2130,89,%,B,44,2,"I, -/","I/PRP ] ,/,","(S-UNF (NP-SBJ (PRP I)) (, ,) (-DFL- N_S))",129
sw05utt/sw_0525_2130.utt,2/sw2130,2130,90,qy,A,45,1,"{C And } did you know John Sununu is, {F uh, } half Arab? /","And/CC did/VBD  [ you/PRP ] know/VBP  [ John/NNP Sununu/NNP ] is/VBZ ,/,  [ uh/UH ] ,/,  [ half/DT Arab/NNP ] ?/.","(SQ (CC And) (VBD did) (NP-SBJ (PRP you)) (VP (VBP know) (SBAR (-NONE- 0) (S (NP-SBJ (NNP John) (NNP Sununu)) (VP (VBZ is) (, ,) (INTJ (UH uh)) (, ,) (NP-PRD (DT half) (NNP Arab)))))) (. ?) (-DFL- E_S))",131
sw05utt/sw_0525_2130.utt,2/sw2130,2130,91,nn,B,46,1,"No, {F uh, }  /","No/UH ,/,  [ uh/UH ] ,/,","(INTJ (INTJ (UH No)) (, ,) (INTJ (UH uh)) (, ,) (-DFL- E_S))",133
sw05utt/sw_0525_2130.utt,2/sw2130,2130,92,sd^e,B,46,2,"[ I, + I ] think I did hear that at one time a long time ago, /","[ I/PRP ] ,/,  [ I/PRP ] think/VBP  [ I/PRP ] did/VBD hear/VB that/IN at/IN  [ one/CD time/NN ] [ a/DT long/JJ time/NN ] ago/RB ,/,","(S (EDITED (RM (-DFL- \[)) (NP-SBJ (PRP I)) (, ,) (IP (-DFL- \+))) (NP-SBJ (PRP I)) (RS (-DFL- \])) (VP (VBP think) (SBAR (-NONE- 0) (S (NP-SBJ (PRP I)) (VP (VBD did) (VP (VB hear) (NP (IN that)) (PP-TMP (IN at) (NP (CD one) (NN time))) (ADVP-TMP (NP (DT a) (JJ long) (NN time)) (RB ago))))))) (, ,) (-DFL- E_S))",134
sw05utt/sw_0525_2130.utt,2/sw2130,2130,93,b,A,47,1,Yeah. /,Yeah/UH ./.,(INTJ (UH Yeah) (. .) (-DFL- E_S)),100
sw05utt/sw_0525_2130.utt,2/sw2130,2130,94,sd,B,48,1,"{C because } I used to live in, {F uh, } Massachusetts,  /","because/IN  [ I/PRP ] used/VBD to/TO live/VB in/IN ,/,  [ uh/UH ] ,/,  [ Massachusetts/NNP ] ,/,","(SBAR-PRP (IN because) (S (NP-SBJ-1 (PRP I)) (VP (VBD used) (S (NP-SBJ (-NONE- *-1)) (VP (TO to) (VP (VB live) (PP-LOC (IN in) (, ,) (INTJ (UH uh)) (, ,) (NP (NNP Massachusetts)))))))) (, ,) (-DFL- E_S))",138
sw05utt/sw_0525_2130.utt,2/sw2130,2130,95,%,B,48,2,"{C but, } {F uh, } -/","but/CC ,/,  [ uh/UH ] ,/,","(S-UNF (CC but) (, ,) (INTJ (UH uh)) (, ,) (-DFL- N_S))",139
sw05utt/sw_0525_2130.utt,2/sw2130,2130,96,b,A,49,1,"Right,  /","Right/UH ,/,","(INTJ (UH Right) (, ,) (-DFL- E_S))",104
sw05utt/sw_0525_2130.utt,2/sw2130,2130,97,sv,A,49,2,"[ in, + in  ] fact, when he was Governor of New Hampshire, I believe. /","in/IN ,/, in/IN  [ fact/NN ] ,/, when/WRB  [ he/PRP ] was/VBD  [ Governor/NN ] of/IN  [ New/NNP Hampshire/NNP ] ,/,  [ I/PRP ] believe/VBP ./.","(S (FRAG-TPC-2 (EDITED (RM (-DFL- \[)) (PP-UNF (IN in)) (, ,) (IP (-DFL- \+))) (PP (IN in) (RS (-DFL- \])) (NP (NN fact))) (, ,) (SBAR-TMP (WHADVP-1 (WRB when)) (S (NP-SBJ (PRP he)) (VP (VBD was) (NP-PRD (NP (NN Governor)) (PP (IN of) (NP (NNP New) (NNP Hampshire)))) (ADVP-TMP (-NONE- *T*-1)))))) (, ,) (NP-SBJ (PRP I)) (VP (VBP believe) (SBAR (-NONE- 0) (FRAG (-NONE- *T*-2)))) (. .) (-DFL- E_S))",142
sw05utt/sw_0525_2130.utt,2/sw2130,2130,98,aa,B,50,1,"Yeah,  /","[ Yeah/UH ] ,/,","(INTJ (UH Yeah) (, ,) (-DFL- E_S))",144
sw05utt/sw_0525_2130.utt,2/sw2130,2130,99,b^m,B,50,2,New Hampshire. /,[ New/NNP Hampshire/NNP ] ./.,(NP (NNP New) (NNP Hampshire) (. .) (-DFL- E_S)),145
sw05utt/sw_0525_2130.utt,2/sw2130,2130,100,bk,A,51,1,Okay.  /,Okay/UH ./.,(INTJ (UH Okay) (. .) (-DFL- E_S)),147
sw05utt/sw_0525_2130.utt,2/sw2130,2130,101,sv,A,51,2,I believe he was the only one of fifty governors that voted against some kind of resolution of support for Israel a few years back. /,[ I/PRP ] believe/VBP  [ he/PRP ] was/VBD  [ the/DT ] only/RB  [ one/CD ] of/IN  [ fifty/CD governors/NNS ] [ that/WDT ] voted/VBD against/IN  [ some/DT kind/NN ] of/IN  [ resolution/NN ] of/IN  [ support/NN ] for/IN  [ Israel/NNP ] [ a/DT few/JJ years/NNS ] back/RB ./.,(S (NP-SBJ (PRP I)) (VP (VBP believe) (SBAR (-NONE- 0) (S (NP-SBJ (PRP he)) (VP (VBD was) (NP-PRD (NP (DT the) (RB only) (CD one)) (PP (IN of) (NP (CD fifty) (NNS governors))) (SBAR (WHNP-1 (WDT that)) (S (NP-SBJ (-NONE- *T*-1)) (VP (VBD voted) (PP (IN against) (NP (NP (DT some) (NN kind)) (PP (IN of) (NP (NP (NN resolution)) (PP (IN of) (NP (NP (NN support)) (PP (IN for) (NP (NNP Israel))))))))))))) (ADVP-TMP (NP (DT a) (JJ few) (NNS years)) (RB back)))))) (. .) (-DFL- E_S)),148
sw05utt/sw_0525_2130.utt,2/sw2130,2130,102,ba,B,52,1,{F Oh } my gosh. /,Oh/UH  [ my/PRP$ ] gosh/UH ./.,(INTJ (INTJ (UH Oh)) (INTJ (PRP$ my) (UH gosh)) (. .) (-DFL- E_S)),150
sw05utt/sw_0525_2130.utt,2/sw2130,2130,103,sv,A,53,1,"{C And, } {F uh, } now he is a conservative,  /","And/CC ,/,  [ uh/UH ] ,/, now/RB  [ he/PRP ] is/VBZ  [ a/DT conservative/NN ] ,/,","(S (CC And) (, ,) (INTJ (UH uh)) (, ,) (ADVP-TMP (RB now)) (NP-SBJ (PRP he)) (VP (VBZ is) (NP-PRD (DT a) (NN conservative))) (, ,) (-DFL- E_S))",152
sw05utt/sw_0525_2130.utt,2/sw2130,2130,104,sv,A,53,2,"{C but } he is not a conservative that favors Israel, /","but/CC  [ he/PRP ] is/VBZ not/RB  [ a/DT conservative/NN ] [ that/WDT ] favors/VBZ  [ Israel/NNP ] ,/,","(S (CC but) (NP-SBJ (PRP he)) (VP (VBZ is) (RB not) (NP-PRD (NP (DT a) (NN conservative)) (SBAR (WHNP-1 (WDT that)) (S (NP-SBJ (-NONE- *T*-1)) (VP (VBZ favors) (NP (NNP Israel))))))) (, ,) (-DFL- E_S))",153
sw05utt/sw_0525_2130.utt,2/sw2130,2130,105,b,B,54,1,{F Uh. } /,[ Uh/UH ] ./.,(INTJ (UH Uh) (. .) (-DFL- E_S)),155
sw05utt/sw_0525_2130.utt,2/sw2130,2130,106,sd,A,55,1,"{C and } [ that, + that  ] concerns me greatly. /","and/CC  [ that/DT ] ,/,  [ that/WDT ] concerns/VBZ  [ me/PRP ] greatly/RB ./.","(S (CC and) (EDITED (RM (-DFL- \[)) (NP-SBJ (DT that)) (, ,) (IP (-DFL- \+))) (NP-SBJ (WDT that)) (RS (-DFL- \])) (VP (VBZ concerns) (NP (PRP me)) (ADVP (RB greatly))) (. .) (-DFL- E_S))",157
sw05utt/sw_0525_2130.utt,2/sw2130,2130,107,%,B,56,1,"{D Well, } I don't, - /","Well/UH ,/,  [ I/PRP ] do/VBP n't/RB ,/,","(S (INTJ (UH Well)) (, ,) (NP-SBJ (PRP I)) (VP-UNF (VBP do) (RB n't)) (, ,) (-DFL- N_S))",159
sw05utt/sw_0525_2130.utt,2/sw2130,2130,108,%,B,56,2,"yeah,  /","yeah/UH ,/,","(INTJ (UH yeah) (, ,) (-DFL- E_S))",160
sw05utt/sw_0525_2130.utt,2/sw2130,2130,109,sv,B,56,3,"I'd certainly, {F uh, } support Israel [ in, + in ] [ their, + their ] policy [ that + ] in defending themselves and [ in, +  {F uh, } in ] their handling of their foreign policy,  /","[ I/PRP ] 'd/MD certainly/RB ,/,  [ uh/UH ] ,/,  [ support/VB Israel/NNP ] in/IN ,/, in/IN  [ their/PRP$ ] ,/,  [ their/PRP$ policy/NN ] that/IN in/IN defending/VBG  [ themselves/PRP ] and/CC in/IN ,/,  [ uh/UH ] ,/, in/IN  [ their/PRP$ handling/NN ] of/IN  [ their/PRP$ foreign/JJ policy/NN ] ,/,","(S (NP-SBJ (PRP I)) (VP (MD 'd) (ADVP (RB certainly)) (, ,) (INTJ (UH uh)) (, ,) (VP (VB support) (NP (NNP Israel)) (EDITED (RM (-DFL- \[)) (PP-UNF (IN in)) (, ,) (IP (-DFL- \+))) (PP (IN in) (RS (-DFL- \])) (EDITED (RM (-DFL- \[)) (NP-UNF (PRP$ their)) (, ,) (IP (-DFL- \+))) (NP (NP (PRP$ their) (RS (-DFL- \])) (NN policy)) (EDITED (RM (-DFL- \[)) (SBAR-UNF (IN that)) (IP (-DFL- \+)) (RS (-DFL- \]))) (PP (PP (IN in) (S-NOM (NP-SBJ (-NONE- *)) (VP (VBG defending) (NP (PRP themselves))))) (CC and) (EDITED (RM (-DFL- \[)) (PP-UNF (IN in)) (, ,) (IP (-DFL- \+))) (INTJ (UH uh)) (, ,) (PP (IN in) (RS (-DFL- \])) (NP (NP (PRP$ their) (NN handling)) (PP (IN of) (NP (PRP$ their) (JJ foreign) (NN policy)))))))))) (, ,) (-DFL- E_S))",161
sw05utt/sw_0525_2130.utt,2/sw2130,2130,110,sv,B,56,4,"[ I think, + I think ] the stand they have, [ or, + or ] the way the  command respect, [ I, + I ] support that.  /","[ I/PRP ] think/VBP ,/,  [ I/PRP ] think/VBP  [ the/DT stand/NN ] [ they/PRP ] have/VBP ,/, or/CC ,/, or/CC  [ the/DT way/NN ] [ the/^PRP command/VBP respect/NN ]  ,/,  [ I/PRP ] ,/,  [ I/PRP ] support/VBP  [ that/DT ] ./.","(S (EDITED (RM (-DFL- \[)) (S (NP-SBJ (PRP I)) (VP-UNF (VBP think))) (, ,) (IP (-DFL- \+))) (NP-SBJ (PRP I)) (VP (VBP think) (RS (-DFL- \])) (SBAR (-NONE- 0) (S-UNF (NP-SBJ (NP (NP (DT the) (NN stand)) (SBAR (WHNP-1 (-NONE- 0)) (S (NP-SBJ (PRP they)) (VP (VBP have) (NP (-NONE- *T*-1)))))) (, ,) (EDITED (RM (-DFL- \[)) (CC or) (, ,) (IP (-DFL- \+))) (CC or) (RS (-DFL- \])) (NP (NP (DT the) (NN way)) (SBAR (WHADVP-2 (-NONE- 0)) (S (NP-SBJ (TYPO (^PRP the))) (VP (VBP command) (NP (NN respect)) (ADVP-MNR (-NONE- *T*-2)))))))))) (, ,) (-DFL- N_S))|||(S (EDITED (RM (-DFL- \[)) (NP-SBJ (PRP I)) (, ,) (IP (-DFL- \+))) (NP-SBJ (PRP I)) (RS (-DFL- \])) (VP (VBP support) (NP (DT that))) (. .) (-DFL- E_S))",162|||163
sw05utt/sw_0525_2130.utt,2/sw2130,2130,111,sv,B,56,5,"I think that is [ a, + a ] positive thing for them after, {F um, } {F uh, } thousands of years,  /","[ I/PRP ] think/VBP  [ that/DT ] is/VBZ  [ a/DT ] ,/,  [ a/DT positive/JJ thing/NN ] for/IN  [ them/PRP ] after/IN ,/, um/UH ,/,  [ uh/UH ] ,/,  [ thousands/NNS ] of/IN  [ years/NNS ] ,/,","(S (NP-SBJ (PRP I)) (VP (VBP think) (SBAR (-NONE- 0) (S (NP-SBJ (DT that)) (VP (VBZ is) (EDITED (RM (-DFL- \[)) (NP-PRD-UNF (DT a)) (, ,) (IP (-DFL- \+))) (NP-PRD (DT a) (RS (-DFL- \])) (JJ positive) (NN thing)) (PP (IN for) (NP (PRP them))) (PP-TMP (IN after) (, ,) (INTJ (UH um)) (, ,) (INTJ (UH uh)) (, ,) (NP (NP (NNS thousands)) (PP (IN of) (NP (NNS years))))))))) (, ,) (-DFL- E_S))",164
sw05utt/sw_0525_2130.utt,2/sw2130,2130,112,sv,B,56,6,"[ they have to, + {F uh, } they ha-, ] - /","[ they/PRP ] have/VBP to/TO ,/,  [ uh/UH ] ,/,  [ they/PRP ha/VBP ] ,/,","(S (EDITED (RM (-DFL- \[)) (S (NP-SBJ-1 (PRP they)) (VP (VBP have) (S (NP-SBJ (-NONE- *-1)) (VP-UNF (TO to))))) (, ,) (IP (-DFL- \+))) (INTJ (UH uh)) (, ,) (NP-SBJ (PRP they)) (VP-UNF (VBP ha-)) (, ,) (RS (-DFL- \])) (-DFL- N_S))",165
sw05utt/sw_0525_2130.utt,2/sw2130,2130,113,%,B,56,7,"I think they in, - /","[ I/PRP ] think/VBP  [ they/PRP ] in/IN ,/,","(S (NP-SBJ (PRP I)) (VP (VBP think) (SBAR (-NONE- 0) (S (NP-SBJ (NP (PRP they)) (PP-UNF (IN in)))))) (, ,) (-DFL- N_S))",166
sw05utt/sw_0525_2130.utt,2/sw2130,2130,114,sd,B,56,8,"when they [ be-, + became ] a country they [ more than,  or, + more  or ] less decided they weren't going to take it anymore,  /","when/WRB  [ they/PRP ] be/VBD ,/, became/VBD  [ a/DT country/NN ] [ they/PRP ] more/RBR than/IN ,/, or/CC ,/, more/RBR or/CC less/RBR decided/VBD  [ they/PRP ] were/VBD n't/RB going/VBG to/TO take/VB  [ it/PRP ] anymore/RB ,/,","(S (SBAR-TMP (WHADVP-1 (WRB when)) (S (NP-SBJ (PRP they)) (EDITED (RM (-DFL- \[)) (VP-UNF (VBD be-)) (, ,) (IP (-DFL- \+))) (VP (VBD became) (RS (-DFL- \])) (NP-PRD (DT a) (NN country)) (ADVP-TMP (-NONE- *T*-1))))) (NP-SBJ (PRP they)) (EDITED (RM (-DFL- \[)) (NP (NP (RBR more)) (PP-UNF (IN than))) (, ,) (CC or) (, ,) (IP (-DFL- \+))) (ADVP (RBR more) (CC or) (RS (-DFL- \])) (RBR less)) (VP (VBD decided) (SBAR (-NONE- 0) (S (NP-SBJ-2 (PRP they)) (VP (VBD were) (RB n't) (VP (VBG going) (S (NP-SBJ (-NONE- *-2)) (VP (TO to) (VP (VB take) (NP (PRP it)) (ADVP (RB anymore)))))))))) (, ,) (-DFL- E_S))",167
sw05utt/sw_0525_2130.utt,2/sw2130,2130,115,%,B,56,9,"{C and, } {F uh. } -/","and/CC ,/,  [ uh/UH ] ./.","(S-UNF (CC and) (, ,) (INTJ (UH uh)) (. .) (-DFL- N_S))",168
sw05utt/sw_0525_2130.utt,2/sw2130,2130,116,sv,A,57,1,"{D Well, } they didn't have much choice,  /","Well/UH ,/,  [ they/PRP ] did/VBD n't/RB have/VB  [ much/JJ choice/NN ] ,/,","(S (INTJ (UH Well)) (, ,) (NP-SBJ (PRP they)) (VP (VBD did) (RB n't) (VP (VB have) (NP (JJ much) (NN choice)))) (, ,) (-DFL- E_S))",170
sw05utt/sw_0525_2130.utt,2/sw2130,2130,117,sv,A,57,2,they could either fight or die. /,[ they/PRP ] could/MD either/RB fight/VB or/CC die/VB ./.,(S (NP-SBJ (PRP they)) (VP (MD could) (ADVP (RB either)) (VP (VB fight) (CC or) (VB die))) (. .) (-DFL- E_S)),171
sw05utt/sw_0525_2130.utt,2/sw2130,2130,118,aa,B,58,1,"Yeah,  /","Yeah/UH ,/,","(INTJ (UH Yeah) (, ,) (-DFL- E_S))",144
sw05utt/sw_0525_2130.utt,2/sw2130,2130,119,aa,B,58,2,"exactly, exactly  /","exactly/UH ,/, exactly/UH","(INTJ (INTJ (UH exactly)) (, ,) (INTJ (UH exactly)) (-DFL- E_S))",174
sw05utt/sw_0525_2130.utt,2/sw2130,2130,120,fe,B,58,3,"{C and, } {F uh, } {F um, } {C so, } gee,  /","and/CC ,/,  [ uh/UH ] ,/, um/UH ,/, so/UH ,/, gee/UH ,/,","(FRAG (CC and) (, ,) (INTJ (UH uh)) (, ,) (INTJ (UH um)) (, ,) (RB so) (, ,) (INTJ (UH gee)) (, ,) (-DFL- E_S))",175
sw05utt/sw_0525_2130.utt,2/sw2130,2130,121,sd,B,58,4,I lost my train of thought here.  /,[ I/PRP ] lost/VBD  [ my/PRP$ train/NN ] of/IN  [ thought/NN ] here/RB ./.,(S (NP-SBJ (PRP I)) (VP (VBD lost) (NP (NP (PRP$ my) (NN train)) (PP (IN of) (NP (NN thought)))) (ADVP-LOC (RB here))) (. .) (-DFL- E_S)),176
sw05utt/sw_0525_2130.utt,2/sw2130,2130,122,%,B,58,5,"[ {C But, } +  {F uh, } {F um, } {C so, } ] okay  /","But/CC ,/,  [ uh/UH ] ,/, um/UH ,/, so/UH ,/, okay/UH","(FRAG (EDITED (RM (-DFL- \[)) (CC But) (, ,) (IP (-DFL- \+))) (INTJ (UH uh)) (, ,) (INTJ (UH um)) (, ,) (RB so) (, ,) (RS (-DFL- \])) (INTJ (UH okay)) (-DFL- E_S))",177
sw05utt/sw_0525_2130.utt,2/sw2130,2130,123,sd,B,58,6,"{C so } I can't say whether [ that, + that ]    I'm  pro Israel  or anti Israel.  /","so/UH  [ I/PRP ] ca/MD n't/RB say/VB whether/IN that/IN ,/, that/IN  [ I/PRP ] 'm/VBP  [ pro/JJ Israel/NNP ] or/CC anti/IN  [ Israel/NNP ] ./.","(S (RB so) (NP-SBJ (PRP I)) (VP (MD ca) (RB n't) (VP (VB say) (SBAR (EDITED (EDITED (SBAR-UNF (IN whether))) (RM (-DFL- \[)) (SBAR-UNF (IN that)) (, ,) (IP (-DFL- \+))) (IN that) (RS (-DFL- \])) (S (NP-SBJ (PRP I)) (VP (VBP 'm) (ADJP-PRD (ADJP (JJ pro) (NNP Israel)) (CC or) (ADJP (IN anti) (NNP Israel)))))))) (. .) (-DFL- E_S))",178
sw05utt/sw_0525_2130.utt,2/sw2130,2130,124,sv,B,58,7,"{E I mean, }   I'd like to see them resolve something in that situation and get some stability in the region  /","[ I/PRP ] mean/VBP ,/,  [ I/PRP ] 'd/MD like/VB to/TO see/VB  [ them/PRP ] resolve/VB  [ something/NN ] in/IN  [ that/DT situation/NN ] and/CC get/VB  [ some/DT stability/NN ] in/IN  [ the/DT region/NN ]","(S (PRN (S (NP-SBJ (PRP I)) (VP (VBP mean))) (, ,)) (NP-SBJ-1 (PRP I)) (VP (MD 'd) (VP (VB like) (S (NP-SBJ (-NONE- *-1)) (VP (TO to) (VP (VB see) (S (NP-SBJ (PRP them)) (VP (VP (VB resolve) (NP (NP (NN something)) (PP (IN in) (NP (DT that) (NN situation))))) (CC and) (VP (VB get) (NP (DT some) (NN stability)) (PP-LOC (IN in) (NP (DT the) (NN region))))))))))) (-DFL- E_S))",179
sw05utt/sw_0525_2130.utt,2/sw2130,2130,125,sv,B,58,8,"{C and } looks {F uh, } that the joining of forces for this, {F uh, } {F uh, } Desert Shield and Desert Storm thing ended up being a positive thing. /","and/CC looks/VBZ  [ uh/UH ] ,/, that/IN  [ the/DT ] joining/NN of/IN  [ forces/NNS ] for/IN  [ this/DT ] ,/,  [ uh/UH ] ,/,  [ uh/UH ] ,/,  [ Desert/NNP Shield/NNP ] and/CC  [ Desert/NNP Storm/NNP thing/NN ] ended/VBD up/RP being/VBG  [ a/DT positive/JJ thing/NN ] ./.","(S (CC and) (NP-SBJ (-NONE- *)) (VP (VBZ looks) (INTJ (UH uh)) (, ,) (SBAR (IN that) (S (NP-TPC (NP (DT the) (NN joining)) (PP (IN of) (NP (NNS forces))) (PP (IN for) (NP (DT this)))) (, ,) (INTJ (UH uh)) (, ,) (INTJ (UH uh)) (, ,) (NP-SBJ-1 (NNP Desert) (NNP Shield) (CC and) (NNP Desert) (NNP Storm) (NN thing)) (VP (VBD ended) (PRT (RP up)) (S (NP-SBJ (-NONE- *-1)) (VP (VBG being) (NP-PRD (DT a) (JJ positive) (NN thing)))))))) (. .) (-DFL- E_S))",180
sw05utt/sw_0525_2130.utt,2/sw2130,2130,126,sv,A,59,1,"It is a positive thing, {F um, }  /","[ It/PRP ] is/VBZ  [ a/DT positive/JJ thing/NN ] ,/, um/UH ,/,","(S (NP-SBJ (PRP It)) (VP (VBZ is) (NP-PRD (DT a) (JJ positive) (NN thing)) (, ,) (INTJ (UH um))) (, ,) (-DFL- E_S))",182
sw05utt/sw_0525_2130.utt,2/sw2130,2130,127,sv(^q),A,59,2,"however, {F uh, } every time an organization such as the P L O says {D well } we'll see if we can work with Israel, then, {F uh, } they get embarrassed [ some, + ] every few months by documents that reveal that their ultimate purpose is to totally eliminate them. /","however/RB ,/,  [ uh/UH ] ,/,  [ every/DT time/NN ] [ an/DT organization/NN ] such/IN as/IN  [ the/DT P/NNP L/NNP O/NNP ] says/VBZ well/UH  [ we/PRP ] 'll/MD see/VB if/IN  [ we/PRP ] can/MD work/VB with/IN  [ Israel/NNP ] ,/, then/RB ,/,  [ uh/UH ] ,/,  [ they/PRP ] get/VBP embarrassed/JJ  [ some/DT ] ,/,  [ every/DT few/JJ months/NNS ] by/IN  [ documents/NNS ] [ that/WDT ] reveal/VBP that/IN  [ their/PRP$ ultimate/JJ purpose/NN ] is/VBZ to/TO totally/RB eliminate/VB  [ them/PRP ] ./.","(S (ADVP (RB however)) (, ,) (INTJ (UH uh)) (, ,) (NP-TMP (NP (DT every) (NN time)) (SBAR (WHADVP-1 (-NONE- 0)) (S (NP-SBJ (NP (DT an) (NN organization)) (PP (IN such) (IN as) (NP (DT the) (NNP P) (NNP L) (NNP O)))) (VP (VBZ says) (S-SEZ (INTJ (UH well)) (NP-SBJ (PRP we)) (VP (MD 'll) (VP (VB see) (SBAR (IN if) (S (NP-SBJ (PRP we)) (VP (MD can) (VP (VB work) (PP (IN with) (NP (NNP Israel)))))))))) (ADVP-TMP (-NONE- *T*-1)))))) (, ,) (ADVP (RB then)) (, ,) (INTJ (UH uh)) (, ,) (NP-SBJ (PRP they)) (VP (VBP get) (ADJP-PRD (JJ embarrassed) (PP (-NONE- *ICH*-2))) (EDITED (RM (-DFL- \[)) (NP-UNF (DT some)) (, ,) (IP (-DFL- \+)) (RS (-DFL- \]))) (NP-TMP (DT every) (JJ few) (NNS months)) (PP-2 (IN by) (NP (NP (NNS documents)) (SBAR (WHNP-3 (WDT that)) (S (NP-SBJ (-NONE- *T*-3)) (VP (VBP reveal) (SBAR (IN that) (S (NP-SBJ (PRP$ their) (JJ ultimate) (NN purpose)) (VP (VBZ is) (S-PRD (NP-SBJ (-NONE- *)) (VP (TO to) (VP (ADVP (RB totally)) (VB eliminate) (NP (PRP them)))))))))))))) (. .) (-DFL- E_S))",183
sw05utt/sw_0525_2130.utt,2/sw2130,2130,128,aa,B,60,1,Right. /,[ Right/UH ] ./.,(INTJ (UH Right) (. .) (-DFL- E_S)),185
sw05utt/sw_0525_2130.utt,2/sw2130,2130,129,sv,A,61,1,"{C And so } [ you, + you ] basically have, {F uh, } mutually exclusive interests,  /","And/CC so/RB  [ you/PRP ] ,/,  [ you/PRP ] basically/RB have/VB ,/,  [ uh/UH ] ,/, mutually/RB  [ exclusive/JJ interests/NNS ] ,/,","(S (CONJP (CC And) (RB so)) (EDITED (RM (-DFL- \[)) (NP-SBJ (PRP you)) (, ,) (IP (-DFL- \+))) (NP-SBJ (PRP you)) (RS (-DFL- \])) (ADVP (RB basically)) (VP (VB have) (, ,) (INTJ (UH uh)) (, ,) (NP (ADJP (RB mutually) (JJ exclusive)) (NNS interests))) (, ,) (-DFL- E_S))",187
sw05utt/sw_0525_2130.utt,2/sw2130,2130,130,sv,A,61,2,"either  Israel is going to occupy the area,  /","either/CC  [ Israel/NNP ] is/VBZ going/VBG to/TO occupy/VB  [ the/DT area/NN ] ,/,","(S (CC either) (NP-SBJ-1 (NNP Israel)) (VP (VBZ is) (VP (VBG going) (S (NP-SBJ (-NONE- *-1)) (VP (TO to) (VP (VB occupy) (NP (DT the) (NN area))))))) (, ,) (-DFL- E_S))",188
sw05utt/sw_0525_2130.utt,2/sw2130,2130,131,sv,A,61,3,{C or } the Arabs are going to occupy the area  /,or/CC  [ the/DT Arabs/NNPS ] are/VBP going/VBG to/TO occupy/VB  [ the/DT area/NN ],(S (CC or) (NP-SBJ-1 (DT the) (NNPS Arabs)) (VP (VBP are) (VP (VBG going) (S (NP-SBJ (-NONE- *-1)) (VP (TO to) (VP (VB occupy) (NP (DT the) (NN area))))))) (-DFL- E_S)),189
sw05utt/sw_0525_2130.utt,2/sw2130,2130,132,sv,A,61,4,"{C and } I'm just not sure [ that, + that ] there's going to be any easy permanent solution. /","and/CC  [ I/PRP ] 'm/VBP just/RB not/RB sure/JJ that/IN ,/, that/IN  [ there/EX ] 's/BES going/VBG to/TO be/VB  [ any/DT easy/JJ permanent/JJ solution/NN ] ./.","(S (CC and) (NP-SBJ (PRP I)) (VP (VBP 'm) (ADVP (RB just)) (RB not) (ADJP-PRD (JJ sure) (SBAR (EDITED (RM (-DFL- \[)) (SBAR-UNF (IN that)) (, ,) (IP (-DFL- \+))) (IN that) (RS (-DFL- \])) (S (NP-SBJ-1 (EX there)) (VP (BES 's) (VP (VBG going) (S (NP-SBJ (-NONE- *-1)) (VP (TO to) (VP (VB be) (NP-PRD (DT any) (JJ easy) (JJ permanent) (NN solution))))))))))) (. .) (-DFL- E_S))",190
sw05utt/sw_0525_2130.utt,2/sw2130,2130,133,aa,B,62,1,"Yeah,  /","Yeah/UH ,/,","(INTJ (UH Yeah) (, ,) (-DFL- E_S))",144
sw05utt/sw_0525_2130.utt,2/sw2130,2130,134,%,B,62,2,"somebody's going to, - /","[ somebody/NN ] 's/BES going/VBG to/TO ,/,","(S (NP-SBJ-1 (NN somebody)) (VP (BES 's) (VP (VBG going) (S (NP-SBJ (-NONE- *-1)) (VP-UNF (TO to))))) (, ,) (-DFL- N_S))",193
sw05utt/sw_0525_2130.utt,2/sw2130,2130,135,sv,B,62,3,"{C and } I think that's the problem the P L O has is that [ when they, +  whenever one group of them ] decides that they're going to negotiate, or they're going to do something, they're going to try to make some peace, [ but, + ] {F uh, } the end result is that [ they, +  there ] so many factions of them  [ and, + ] {F uh, } some more violent than others, some with a certain agenda different than the others,  or they split,  /","and/CC  [ I/PRP ] think/VBP  [ that/DT ] 's/BES  [ the/DT problem/NN ] [ the/DT P/NNP L/NNP O/NNP ] has/VBZ is/VBZ that/IN when/WRB  [ they/PRP ] ,/, whenever/WRB  [ one/CD group/NN ] of/IN  [ them/PRP ] decides/VBZ that/IN  [ they/PRP ] 're/VBP going/VBG to/TO negotiate/VB ,/, or/CC  [ they/PRP ] 're/VBP going/VBG to/TO do/VB  [ something/NN ] ,/,  [ they/PRP ] 're/VBP going/VBG to/TO try/VB to/TO make/VB  [ some/DT peace/NN ] ,/, but/CC ,/,  [ uh/UH ] ,/,  [ the/DT end/NN result/NN ] is/VBZ that/IN  [ they/PRP ] ,/, there/EX so/IN  [ many/JJ factions/NNS ] of/IN  [ them/PRP ] and/CC ,/,  [ uh/UH ] ,/,  [ some/DT ] more/RBR violent/JJ than/IN  [ others/NNS ] ,/,  [ some/DT ] with/IN  [ a/DT certain/JJ agenda/NN ] different/JJ than/IN  [ the/DT others/NNS ] ,/, or/CC  [ they/PRP ] split/VBP ,/,","(S (CC and) (NP-SBJ (PRP I)) (VP (VBP think) (SBAR (-NONE- 0) (S (S-SBJ (NP-SBJ (DT that)) (VP (BES 's) (NP-PRD (NP (DT the) (NN problem)) (SBAR (WHNP-1 (-NONE- 0)) (S (NP-SBJ (DT the) (NNP P) (NNP L) (NNP O)) (VP (VBZ has) (NP (-NONE- *T*-1)))))))) (VP (VBZ is) (SBAR-PRD (IN that) (S (SBAR-TMP (EDITED (RM (-DFL- \[)) (SBAR-TMP (WHADVP (WRB when)) (S-UNF (NP-SBJ (PRP they)))) (, ,) (IP (-DFL- \+))) (WHADVP-6 (WRB whenever)) (S (S (NP-SBJ (NP (CD one) (NN group)) (PP (IN of) (NP (PRP them)))) (RS (-DFL- \])) (VP (VBZ decides) (SBAR (IN that) (S (NP-SBJ-2 (PRP they)) (VP (VBP 're) (VP (VBG going) (S (NP-SBJ (-NONE- *-2)) (VP (TO to) (VP (VB negotiate)))))))))) (, ,) (CC or) (S (NP-SBJ-3 (PRP they)) (VP (VBP 're) (VP (VBG going) (S (NP-SBJ (-NONE- *-3)) (VP (TO to) (VP (VB do) (NP (NN something)))))))) (, ,) (S (NP-SBJ-4 (PRP they)) (VP (VBP 're) (VP (VBG going) (S (NP-SBJ-5 (-NONE- *-4)) (VP (TO to) (VP (VB try) (S (NP-SBJ (-NONE- *-5)) (VP (TO to) (VP (VB make) (NP (DT some) (NN peace))))))))))) (ADVP-TMP (-NONE- *T*-6)))) (, ,) (EDITED (RM (-DFL- \[)) (CC but) (, ,) (IP (-DFL- \+)) (RS (-DFL- \]))) (INTJ (UH uh)) (, ,) (NP-SBJ (DT the) (NN end) (NN result)) (VP (VBZ is) (SBAR-PRD (IN that) (S (S (EDITED (RM (-DFL- \[)) (NP-SBJ (PRP they)) (, ,) (IP (-DFL- \+))) (NP-SBJ (TYPO (EX there))) (RS (-DFL- \])) (VP (NP-PRD (NP (NP (ADJP (IN so) (JJ many)) (NNS factions)) (PP (IN of) (NP (PRP them)))) (EDITED (RM (-DFL- \[)) (CC and) (, ,) (IP (-DFL- \+)) (RS (-DFL- \])) (INTJ (UH uh))) (, ,) (NP (NP (DT some)) (ADJP (ADJP (RBR more) (JJ violent)) (PP (IN than) (NP (NNS others))))) (, ,) (NP (NP (DT some)) (PP (IN with) (NP (NP (DT a) (JJ certain) (NN agenda)) (ADJP (ADJP (JJ different)) (PP (IN than) (NP (DT the) (NNS others)))))))))) (, ,) (CC or) (S (NP-SBJ (PRP they)) (VP (VBP split)))))))))))) (, ,) (-DFL- E_S))",194
sw05utt/sw_0525_2130.utt,2/sw2130,2130,136,sv,B,62,4,"they end up [ being, + becoming ] divisive themselves. /","[ they/PRP ] end/VB up/RP being/VBG ,/, becoming/VBG  [ divisive/JJ ] [ themselves/PRP ] ./.","(S (NP-SBJ-1 (PRP they)) (VP (VB end) (PRT (RP up)) (S (NP-SBJ (-NONE- *-1)) (EDITED (RM (-DFL- \[)) (VP-UNF (VBG being)) (, ,) (IP (-DFL- \+))) (VP (VBG becoming) (RS (-DFL- \])) (ADJP-PRD (JJ divisive)) (NP-ADV (PRP themselves))))) (. .) (-DFL- E_S))",195
sw05utt/sw_0525_2130.utt,2/sw2130,2130,137,aa,A,63,1,Exactly. /,Exactly/UH ./.,(INTJ (UH Exactly) (. .) (-DFL- E_S)),197
sw05utt/sw_0525_2130.utt,2/sw2130,2130,138,b,B,64,1,"{F Uh, } I, - /","[ Uh/UH ] ,/,  [ I/PRP ] ,/,","(S-UNF (INTJ (UH Uh)) (, ,) (NP-SBJ (PRP I)) (, ,) (-DFL- N_S))",199
sw05utt/sw_0525_2130.utt,2/sw2130,2130,139,sv,B,64,2,"it's interesting, /","[ it/PRP ] 's/BES interesting/JJ ,/,","(S (NP-SBJ (PRP it)) (VP (BES 's) (ADJP-PRD (JJ interesting))) (, ,) (-DFL- E_S))",200
sw05utt/sw_0525_2130.utt,2/sw2130,2130,140,aa,A,65,1,It is. /,[ It/PRP ] is/VBZ ./.,(S (NP-SBJ (PRP It)) (VP (VBZ is) (ADJP-PRD (-NONE- *?*))) (. .) (-DFL- E_S)),202
sw05utt/sw_0525_2130.utt,2/sw2130,2130,141,sd,B,66,1,"[ [ I, +   I'm, ] +   I'm ]   looking forward to seeing what happens over there in the next couple of months,  /","[ I/PRP ] ,/,  [ I/PRP ] 'm/VBP ,/,  [ I/PRP ] 'm/VBP looking/VBG forward/RP to/TO seeing/VBG  [ what/WP ] happens/VBZ over/IN there/RB in/IN  [ the/DT next/JJ couple/NN ] of/IN  [ months/NNS ] ,/,","(S (EDITED (RM (-DFL- \[)) (EDITED (RM (-DFL- \[)) (NP-SBJ (PRP I)) (, ,) (IP (-DFL- \+))) (S (NP-SBJ (PRP I)) (VP-UNF (VBP 'm))) (, ,) (RS (-DFL- \])) (IP (-DFL- \+))) (NP-SBJ-1 (PRP I)) (VP (VBP 'm) (RS (-DFL- \])) (VP (VBG looking) (ADVP (RP forward)) (PP (TO to) (S-NOM (NP-SBJ (-NONE- *-1)) (VP (VBG seeing) (SBAR-NOM (WHNP-2 (WP what)) (S (NP-SBJ (-NONE- *T*-2)) (VP (VBZ happens) (PP-LOC (IN over) (ADVP (RB there))) (PP-TMP (IN in) (NP (NP (DT the) (JJ next) (NN couple)) (PP (IN of) (NP (NNS months))))))))))))) (, ,) (-DFL- E_S))",204
sw05utt/sw_0525_2130.utt,2/sw2130,2130,142,%,B,66,2,"{C but, } {F uh, } that's, -/","but/CC ,/,  [ uh/UH ] ,/,  [ that/DT ] 's/BES ,/,","(S (CC but) (, ,) (INTJ (UH uh)) (, ,) (NP-SBJ (DT that)) (VP-UNF (BES 's)) (, ,) (-DFL- N_S))",205
sw05utt/sw_0525_2130.utt,2/sw2130,2130,143,b,A,67,1,"Yeah,  /","[ Yeah/UH ] ,/,","(INTJ (UH Yeah) (, ,) (-DFL- E_S))",173
sw05utt/sw_0525_2130.utt,2/sw2130,2130,144,sd,A,67,2,"[ I, + I ] commend Israel for their restraint in not responding to the Scud attacks. /","[ I/PRP ] ,/,  [ I/PRP ] commend/VBP  [ Israel/NNP ] for/IN  [ their/PRP$ restraint/NN ] in/IN not/RB responding/VBG to/IN  [ the/DT Scud/NN attacks/NNS ] ./.","(S (EDITED (RM (-DFL- \[)) (NP-SBJ (PRP I)) (, ,) (IP (-DFL- \+))) (NP-SBJ (PRP I)) (RS (-DFL- \])) (VP (VBP commend) (NP (NNP Israel)) (PP-PRP (IN for) (NP (NP (PRP$ their) (NN restraint)) (PP (IN in) (S-NOM (NP-SBJ (-NONE- *)) (RB not) (VP (VBG responding) (PP (IN to) (NP (DT the) (NN Scud) (NNS attacks))))))))) (. .) (-DFL- E_S))",208
sw05utt/sw_0525_2130.utt,2/sw2130,2130,145,aa,B,68,1,"Yeah,  /","[ Yeah/UH ] ,/,","(INTJ (UH Yeah) (, ,) (-DFL- E_S))",173
sw05utt/sw_0525_2130.utt,2/sw2130,2130,146,aa,B,68,2,"I know,  /","[ I/PRP ] know/VBP ,/,","(S (NP-SBJ (PRP I)) (VP (VBP know)) (, ,) (-DFL- E_S))",211
sw05utt/sw_0525_2130.utt,2/sw2130,2130,147,sd,B,68,3,"[ [ that, + that  is almost, ] +  {E I mean } that's absolutely ] unprecedented  /","that/DT ,/, that/DT is/VBZ almost/RB ,/,  [ I/PRP ] mean/VBP  [ that/DT ] 's/BES absolutely/RB unprecedented/JJ","(S (EDITED (RM (-DFL- \[)) (NP-SBJ (DT that)) (, ,) (IP (-DFL- \+))) (NP-SBJ (DT that)) (RS (-DFL- \])) (VP-UNF (VBZ is) (ADVP (RB almost))) (, ,) (-DFL- N_S))|||(S (PRN (S (NP-SBJ (PRP I)) (VP (VBP mean)))) (NP-SBJ (DT that)) (VP (BES 's) (ADJP-PRD (RB absolutely) (JJ unprecedented))) (-DFL- E_S))",212|||213
sw05utt/sw_0525_2130.utt,2/sw2130,2130,148,sv,B,68,4,"that was,","that/DT was/VBD ,/,","(S (NP-SBJ (DT that)) (VP (VBD was) (, ,) (EDITED (RM (-DFL- \[)) (NP-PRD-UNF (DT an)) (, ,) (IP (-DFL- \+))) (NP-PRD (DT an) (RS (-DFL- \])) (JJ incredible) (JJ foreign) (NN policy) (NN coup)) (PP (IN on) (NP (NP (DT the) (NN part)) (PP (IN of) (NP (NP (DT the) (NN President)) (CC and) (NP (DT the) (NNP State) (NNP Department))))))) (. .) (-DFL- E_S))",214
sw05utt/sw_0525_2130.utt,2/sw2130,2130,149,b,A,69,1,Yeah. /,Yeah/UH ./.,(INTJ (UH Yeah) (. .) (-DFL- E_S)),216
sw05utt/sw_0525_2130.utt,2/sw2130,2130,150,+,B,70,1,"[ an, + an ] incredible foreign policy coup on the part of the President and  the State Department. /","[ an/DT ] ,/,  [ an/DT incredible/JJ foreign/JJ policy/NN coup/NN ] on/IN  [ the/DT part/NN ] of/IN  [ the/DT President/NN ] and/CC  [ the/DT State/NNP Department/NNP ] ./.","(S (NP-SBJ (DT that)) (VP (VBD was) (, ,) (EDITED (RM (-DFL- \[)) (NP-PRD-UNF (DT an)) (, ,) (IP (-DFL- \+))) (NP-PRD (DT an) (RS (-DFL- \])) (JJ incredible) (JJ foreign) (NN policy) (NN coup)) (PP (IN on) (NP (NP (DT the) (NN part)) (PP (IN of) (NP (NP (DT the) (NN President)) (CC and) (NP (DT the) (NNP State) (NNP Department))))))) (. .) (-DFL- E_S))",214
sw05utt/sw_0525_2130.utt,2/sw2130,2130,151,aa,A,71,1,"Exactly,  /","Exactly/UH ,/,","(INTJ (UH Exactly) (, ,) (-DFL- E_S))",219
sw05utt/sw_0525_2130.utt,2/sw2130,2130,152,aa,A,71,2,exactly. /,exactly/UH ./.,(INTJ (UH exactly) (. .) (-DFL- E_S)),220
sw05utt/sw_0525_2130.utt,2/sw2130,2130,153,sd,B,72,1,"{C And } [ that, + {E I mean } that's ] never happened before, /","And/CC  [ that/DT ] ,/,  [ I/PRP ] mean/VBP  [ that/DT ] 's/BES never/RB happened/VBN before/IN ,/,","(S (CC And) (EDITED (RM (-DFL- \[)) (NP-SBJ (DT that)) (, ,) (IP (-DFL- \+))) (PRN (S (NP-SBJ (PRP I)) (VP (VBP mean)))) (NP-SBJ (DT that)) (VP (BES 's) (RS (-DFL- \])) (ADVP-TMP (RB never)) (VP (VBN happened) (ADVP-TMP (IN before)))) (, ,) (-DFL- E_S))",222
sw05utt/sw_0525_2130.utt,2/sw2130,2130,154,aa,A,73,1,No. /,[ No/UH ] ./.,(INTJ (UH No) (. .) (-DFL- E_S)),224
sw05utt/sw_0525_2130.utt,2/sw2130,2130,155,sv,B,74,1,{C and } I don't know if it will ever happen again  /,and/CC  [ I/PRP ] do/VBP n't/RB know/VB if/IN  [ it/PRP ] will/MD ever/RB happen/VB again/RB,(S (CC and) (NP-SBJ (PRP I)) (VP (VBP do) (RB n't) (VP (VB know) (SBAR (IN if) (S (NP-SBJ (PRP it)) (VP (MD will) (ADVP-TMP (RB ever)) (VP (VB happen) (ADVP (RB again)))))))) (-DFL- E_S)),226
sw05utt/sw_0525_2130.utt,2/sw2130,2130,156,%,B,74,2,"{C but, } -/","but/CC ,/,","(S-UNF (CC but) (, ,) (-DFL- N_S))",227
sw05utt/sw_0525_2130.utt,2/sw2130,2130,157,aa,A,75,1,May not.  /,[ May/MD ] not/RB ./.,(S (NP-SBJ (-NONE- *)) (VP (MD May) (RB not) (VP (-NONE- *?*))) (. .) (-DFL- E_S)),229
sw05utt/sw_0525_2130.utt,2/sw2130,2130,158,fc,A,75,2,"{D Well } it's been fun, I [ enjo-, + enjoyed ] talking with you. /","Well/UH  [ it/PRP ] 's/HVS been/VBN  [ fun/JJ ] ,/,  [ I/PRP enjo/VBD ] ,/, enjoyed/VBD talking/VBG with/IN  [ you/PRP ] ./.","(S (INTJ (UH Well)) (NP-SBJ (PRP it)) (VP (HVS 's) (VP (VBN been) (NP-PRD (JJ fun)))) (, ,))|||(S (NP-SBJ-1 (PRP I)) (EDITED (RM (-DFL- \[)) (VP-UNF (VBD enjo-)) (, ,) (IP (-DFL- \+))) (VP (VBD enjoyed) (RS (-DFL- \])) (S (NP-SBJ (-NONE- *-1)) (VP (VBG talking) (PP (IN with) (NP (PRP you)))))) (. .) (-DFL- E_S))",230|||231
sw05utt/sw_0525_2130.utt,2/sw2130,2130,159,fc,B,76,1,"Yeah,  /","Yeah/UH ,/,","(INTJ (UH Yeah) (, ,) (-DFL- E_S))",207
sw05utt/sw_0525_2130.utt,2/sw2130,2130,160,fc,B,76,2,"okay, {F uh, }  /","okay/UH ,/,  [ uh/UH ] ,/,","(INTJ (INTJ (UH okay)) (, ,) (INTJ (UH uh)) (, ,) (-DFL- E_S))",234
sw05utt/sw_0525_2130.utt,2/sw2130,2130,161,fc,B,76,3,"I guess, {F uh, } {D well } maybe the computer will pair us up together another time. /","[ I/PRP ] guess/VBP ,/,  [ uh/UH ] ,/, well/UH maybe/RB  [ the/DT computer/NN ] will/MD pair/VB  [ us/PRP ] up/IN together/RB  [ another/DT time/NN ] ./.","(S (NP-SBJ (PRP I)) (VP (VBP guess) (, ,) (INTJ (UH uh)) (, ,) (INTJ (UH well)) (SBAR (-NONE- 0) (S (ADVP (RB maybe)) (NP-SBJ (DT the) (NN computer)) (VP (MD will) (VP (VB pair) (NP (PRP us)) (PRT (IN up)) (ADVP (RB together)) (NP-TMP (DT another) (NN time))))))) (. .) (-DFL- E_S))",235
sw05utt/sw_0525_2130.utt,2/sw2130,2130,162,fc,A,77,1,You never know. /,[ You/PRP ] never/RB know/VBP ./.,(S (NP-SBJ (PRP You)) (ADVP-TMP (RB never)) (VP (VBP know)) (. .) (-DFL- E_S)),237
sw05utt/sw_0525_2130.utt,2/sw2130,2130,163,fc,B,78,1,All right. /,[ All/UH right/UH ] ./.,(INTJ (UH All) (UH right) (. .) (-DFL- E_S)),239
sw05utt/sw_0525_2130.utt,2/sw2130,2130,164,fc,A,79,1,"# Bye, bye. # /","[ Bye/UH ] ,/,  [ bye/UH ] ./.","(INTJ (INTJ (UH Bye)) (, ,) (INTJ (UH bye)) (. .) (-DFL- E_S))",241
sw05utt/sw_0525_2130.utt,2/sw2130,2130,165,fc,B,80,1,"# Bye, bye. # /","[ Bye/UH ] ,/,  [ bye/UH ] ./.","(INTJ (INTJ (UH Bye)) (, ,) (INTJ (UH bye)) (. .) (-DFL- E_S))",241
