swda_filename,ptb_basename,conversation_no,transcript_index,act_tag,caller,utterance_index,subutterance_index,text,pos,trees,ptb_treenumbers
sw05utt/sw_0533_2486.utt,2/sw2486,2486,0,o,B,1,1,"Okay,  /","Okay/UH ,/,","(INTJ (UH Okay) (, ,) (-DFL- E_S))",1
sw05utt/sw_0533_2486.utt,2/sw2486,2486,1,qw,B,1,2,what do you usually wear to work? <laughter>. /,[ what/WP ] do/VBP  [ you/PRP ] usually/RB wear/VB to/IN work/NN ?/.  ./.,(SBARQ (WHNP-1 (WP what)) (SQ (VBP do) (NP-SBJ (PRP you)) (ADVP-TMP (RB usually)) (VP (VB wear) (NP (-NONE- *T*-1)) (PP (IN to) (NP (NN work))))) (. ?) (. .) (-DFL- E_S)),2
sw05utt/sw_0533_2486.utt,2/sw2486,2486,2,sd,A,2,1,"{D Well, } {F uh, } I am basically retired now. /","Well/UH ,/,  [ uh/UH ] ,/,  [ I/PRP ] am/VBP basically/RB retired/JJ now/RB ./.","(S (INTJ (UH Well)) (, ,) (INTJ (UH uh)) (, ,) (NP-SBJ (PRP I)) (VP (VBP am) (ADVP (RB basically)) (ADJP-PRD (JJ retired)) (ADVP-TMP (RB now))) (. .) (-DFL- E_S))",4
sw05utt/sw_0533_2486.utt,2/sw2486,2486,3,b,B,3,1,Uh-huh. /,[ Uh-huh/UH ] ./.,(INTJ (UH Uh-huh) (. .) (-DFL- E_S)),6
sw05utt/sw_0533_2486.utt,2/sw2486,2486,4,%,A,4,1,"I was a member, - /","[ I/PRP ] was/VBD  [ a/DT member/NN ] ,/,","(S (NP-SBJ (PRP I)) (VP (VBD was) (NP-PRD-UNF (DT a) (NN member))) (, ,) (-DFL- N_S))",8
sw05utt/sw_0533_2486.utt,2/sw2486,2486,5,sd,A,4,2,"I was in education and in administration, /","[ I/PRP ] was/VBD in/IN  [ education/NN ] and/CC in/IN  [ administration/NN ] ,/,","(S (NP-SBJ (PRP I)) (VP (VBD was) (PP-PRD (PP (IN in) (NP (NN education))) (CC and) (PP (IN in) (NP (NN administration))))) (, ,) (-DFL- E_S))",9
sw05utt/sw_0533_2486.utt,2/sw2486,2486,6,b,B,5,1,Uh-huh. /,[ Uh-huh/UH ] ./.,(INTJ (UH Uh-huh) (. .) (-DFL- E_S)),6
sw05utt/sw_0533_2486.utt,2/sw2486,2486,7,sd@,A,6,1,{C so } basically I wore dresses.    *[[slash...]],so/RB basically/RB  [ I/PRP ] wore/VBD  [ dresses/NNS ] ./.,"(S (RB so) (ADVP (RB basically)) (NP-SBJ (PRP I)) (VP (VBD wore) (NP (NNS dresses) (. .) (CC And) (, ,) (INTJ (UH uh)) (, ,) (NNS heels))) (, ,) (-DFL- E_S))",13
sw05utt/sw_0533_2486.utt,2/sw2486,2486,8,b,B,7,1,Uh-huh. /,[ Uh-huh/UH ] ./.,(INTJ (UH Uh-huh) (. .) (-DFL- E_S)),6
sw05utt/sw_0533_2486.utt,2/sw2486,2486,9,+,A,8,1,"And, {F uh, } heels,  /","And/CC ,/,  [ uh/UH ] ,/,  [ heels/NNS ] ,/,","(S (RB so) (ADVP (RB basically)) (NP-SBJ (PRP I)) (VP (VBD wore) (NP (NNS dresses) (. .) (CC And) (, ,) (INTJ (UH uh)) (, ,) (NNS heels))) (, ,) (-DFL- E_S))",13
sw05utt/sw_0533_2486.utt,2/sw2486,2486,10,sd,A,8,2,"{C and } I [ was never one, +  {F uh, } because my work often took me into court, {F uh, } never was one ] that got, {F uh, } accustomed to wearing pants suits and pants to work. /","and/CC  [ I/PRP ] was/VBD never/RB  [ one/CD ] ,/,  [ uh/UH ] ,/, because/IN  [ my/PRP$ work/NN ] often/RB took/VBD  [ me/PRP ] into/IN  [ court/NN ] ,/,  [ uh/UH ] ,/, never/RB was/VBD  [ one/NN ] [ that/WDT ] got/VBD ,/,  [ uh/UH ] ,/, accustomed/JJ to/IN  [ wearing/VBG pants/NNS suits/NNS ] and/CC  [ pants/NNS ] to/IN work/NN ./.","(S (CC and) (NP-SBJ (PRP I)) (EDITED (RM (-DFL- \[)) (VP (VBD was) (ADVP-TMP (RB never)) (NP-PRD-UNF (CD one))) (, ,) (IP (-DFL- \+))) (INTJ (UH uh)) (, ,) (SBAR-PRP (IN because) (S (NP-SBJ (PRP$ my) (NN work)) (ADVP-TMP (RB often)) (VP (VBD took) (NP (PRP me)) (PP-DIR (IN into) (NP (NN court)))))) (, ,) (INTJ (UH uh)) (, ,) (ADVP-TMP (RB never)) (VP (VBD was) (NP-PRD (NP (NN one)) (RS (-DFL- \])) (SBAR (WHNP-1 (WDT that)) (S (NP-SBJ-2 (-NONE- *T*-1)) (VP (VBD got) (, ,) (INTJ (UH uh)) (, ,) (ADJP-PRD (JJ accustomed) (PP (IN to) (S-NOM (NP-SBJ (-NONE- *-2)) (VP (VBG wearing) (NP (NP (NNS pants) (NNS suits)) (CC and) (NP (NNS pants))) (PP (IN to) (NP (NN work)))))))))))) (. .) (-DFL- E_S))",17
sw05utt/sw_0533_2486.utt,2/sw2486,2486,11,b,B,9,1,Uh-huh. /,[ Uh-huh/UH ] ./.,(INTJ (UH Uh-huh) (. .) (-DFL- E_S)),6
sw05utt/sw_0533_2486.utt,2/sw2486,2486,12,sd,A,10,1,{C But } that was just me.  /,But/CC  [ that/DT ] was/VBD just/RB  [ me/PRP ] ./.,(S (CC But) (NP-SBJ (DT that)) (VP (VBD was) (NP-PRD (RB just) (PRP me))) (. .) (-DFL- E_S)),21
sw05utt/sw_0533_2486.utt,2/sw2486,2486,13,sd,A,10,2,"I know many people are [ co-, + very comfortable ] in the classroom and what have you wearing pants. /","[ I/PRP ] know/VBP  [ many/JJ people/NNS ] are/VBP  [ co/JJ ] ,/, very/RB comfortable/JJ in/IN  [ the/DT classroom/NN ] and/CC  [ what/WP ] have/VBP  [ you/PRP ] wearing/VBG  [ pants/NNS ] ./.","(S (NP-SBJ (PRP I)) (VP (VBP know) (SBAR (-NONE- 0) (S (NP-SBJ-2 (JJ many) (NNS people)) (VP (VBP are) (EDITED (RM (-DFL- \[)) (ADJP-PRD-UNF (JJ co-)) (, ,) (IP (-DFL- \+))) (ADJP-PRD (RB very) (JJ comfortable)) (RS (-DFL- \])) (PP-LOC (IN in) (NP (NP (DT the) (NN classroom)) (CC and) (SBAR-NOM-ETC (WHNP-1 (WP what)) (SINV (VP (VBP have) (NP (-NONE- *T*-1))) (NP-SBJ (PRP you)))))) (S-ADV (NP-SBJ (-NONE- *-2)) (VP (VBG wearing) (NP (NNS pants)))))))) (. .) (-DFL- E_S))",22
sw05utt/sw_0533_2486.utt,2/sw2486.pos,2486,14,x,B,11,1,<Door>.,./.
sw05utt/sw_0533_2486.utt,2/sw2486,2486,15,%,A,12,1,"{F Uh, } it, - /","[ Uh/UH ] ,/,  [ it/PRP ] ,/,","(S-UNF (INTJ (UH Uh)) (, ,) (NP-SBJ (PRP it)) (, ,) (-DFL- N_S))",25
sw05utt/sw_0533_2486.utt,2/sw2486,2486,16,sd,A,12,2,"I guess I was just old enough not to, {F uh, } be very comfortable in   it. /","[ I/PRP ] guess/VBP  [ I/PRP ] was/VBD just/RB old/JJ enough/RB not/RB to/TO ,/,  [ uh/UH ] ,/, be/VB very/RB comfortable/JJ in/IN  [ it/PRP ] ./.","(S (NP-SBJ (PRP I)) (VP (VBP guess) (SBAR (-NONE- 0) (S (NP-SBJ-1 (PRP I)) (VP (VBD was) (ADJP-PRD (RB just) (JJ old) (RB enough) (S (NP-SBJ (-NONE- *-1)) (RB not) (VP (TO to) (, ,) (INTJ (UH uh)) (, ,) (VP (VB be) (ADJP-PRD (RB very) (JJ comfortable)) (PP-LOC (IN in) (NP (PRP it))))))))))) (. .) (-DFL- E_S))",26
sw05utt/sw_0533_2486.utt,2/sw2486,2486,17,b,B,13,1,Uh-huh. /,[ Uh-huh/UH ] ./.,(INTJ (UH Uh-huh) (. .) (-DFL- E_S)),6
sw05utt/sw_0533_2486.utt,2/sw2486,2486,18,qo,A,14,1,How about you? /,How/WRB about/IN  [ you/PRP ] ?/.,(FRAG (WHADVP (WRB How)) (PP (IN about) (NP (PRP you))) (. ?) (-DFL- E_S)),30
sw05utt/sw_0533_2486.utt,2/sw2486,2486,19,sd,B,15,1,"{D Well, } I work at T I  /","Well/UH ,/,  [ I/PRP ] work/VBP at/IN  [ T/NNP I/NNP ]","(S (INTJ (UH Well)) (, ,) (NP-SBJ (PRP I)) (VP (VBP work) (PP-LOC (IN at) (NP (NNP T) (NNP I)))) (-DFL- E_S))",32
sw05utt/sw_0533_2486.utt,2/sw2486,2486,20,sd,B,15,2,"{C and } they don't really have, {F uh, }   dress code,  so to speak there.   /","and/CC  [ they/PRP ] do/VBP n't/RB really/RB have/VB ,/,  [ uh/^DT ] ,/,  [ dress/NN code/NN ] ,/, so/RB to/TO speak/VB there/RB ./.","(S (CC and) (NP-SBJ (PRP they)) (VP (VBP do) (RB n't) (ADVP (RB really)) (VP (VB have) (, ,) (NP (TYPO (^DT uh)) (, ,) (NN dress) (NN code)) (, ,) (S-ADV (ADVP-MNR (RB so)) (NP-SBJ (-NONE- *)) (VP (TO to) (VP (VB speak)))) (ADVP-LOC (RB there)))) (. .) (-DFL- E_S))",33
sw05utt/sw_0533_2486.utt,2/sw2486,2486,21,sd,B,15,3,"It's pretty lax about, {F um, } {D you know, } - /","[ It/PRP ] 's/BES pretty/RB lax/JJ about/IN ,/, um/UH ,/,  [ you/PRP ] know/VBP ,/,","(S (NP-SBJ (PRP It)) (VP (BES 's) (ADJP-PRD (RB pretty) (JJ lax) (PP-UNF (IN about) (, ,) (INTJ (UH um)) (PRN (, ,) (S (NP-SBJ (PRP you)) (VP (VBP know))))))) (, ,) (-DFL- N_S))",34
sw05utt/sw_0533_2486.utt,2/sw2486,2486,22,sd,B,15,4,"[ we-, + you  ] can pretty much wear whatever you want to,  /","we-/PRP ,/,  [ you/PRP ] can/MD pretty/RB much/RB wear/VB  [ whatever/WDT ] [ you/PRP ] want/VBP to/TO ,/,","(S (EDITED (RM (-DFL- \[)) (X (PRP we-)) (, ,) (IP (-DFL- \+))) (NP-SBJ (PRP you)) (RS (-DFL- \])) (VP (MD can) (ADVP (RB pretty) (RB much)) (VP (VB wear) (SBAR-NOM (WHNP-2 (WDT whatever)) (S (NP-SBJ-1 (PRP you)) (VP (VBP want) (S (NP-SBJ (-NONE- *-1)) (VP (TO to) (VP (-NONE- *?*) (NP (-NONE- *T*-2)))))))))) (, ,) (-DFL- E_S))",35
sw05utt/sw_0533_2486.utt,2/sw2486,2486,23,sd,B,15,5,"{C and } I wear anything from jeans, when I'm feeling really casual to, {F uh, } suits and dresses when I'm meeting with a customer  /","and/CC  [ I/PRP ] wear/VBP  [ anything/NN ] from/IN  [ jeans/NNS ] ,/, when/WRB  [ I/PRP ] 'm/VBP feeling/VBG really/RB casual/JJ to/IN ,/,  [ uh/UH ] ,/,  [ suits/NNS ] and/CC  [ dresses/NNS ] when/WRB  [ I/PRP ] 'm/VBP meeting/VBG with/IN  [ a/DT customer/NN ]","(S (CC and) (NP-SBJ (PRP I)) (VP (VBP wear) (NP (NP (NN anything)) (PP (IN from) (NP (NNS jeans))) (, ,) (SBAR-TMP (WHADVP-1 (WRB when)) (S (NP-SBJ (PRP I)) (VP (VBP 'm) (VP (VBG feeling) (ADJP-PRD (RB really) (JJ casual)) (ADVP-TMP (-NONE- *T*-1)))))) (PP (IN to) (, ,) (INTJ (UH uh)) (, ,) (NP (NNS suits) (CC and) (NNS dresses))) (SBAR-TMP (WHADVP-2 (WRB when)) (S (NP-SBJ (PRP I)) (VP (VBP 'm) (VP (VBG meeting) (PP (IN with) (NP (DT a) (NN customer))) (ADVP-TMP (-NONE- *T*-2)))))))) (-DFL- E_S))",36
sw05utt/sw_0533_2486.utt,2/sw2486,2486,24,sd@,B,15,6,"{C or, } [ I, + I ] teach training classes,   *[[need slash]]","or/CC ,/,  [ I/PRP ] ,/,  [ I/PRP ] teach/VBP training/NN  [ classes/NNS ] ,/,","(S (CC or) (, ,) (EDITED (RM (-DFL- \[)) (NP-SBJ (PRP I)) (, ,) (IP (-DFL- \+))) (NP-SBJ (PRP I)) (RS (-DFL- \])) (VP (VBP teach) (NP (NN training) (NNS classes))) (, ,))",37
sw05utt/sw_0533_2486.utt,2/sw2486,2486,25,b,A,16,1,Oh. /,Oh/UH ./.,(INTJ (UH Oh) (. .) (-DFL- E_S)),40
sw05utt/sw_0533_2486.utt,2/sw2486,2486,26,+,B,17,1,"{C and so } when I'm teaching a class, obviously I wear a suit or dress,  /  *[[sd]]","and/CC so/RB when/WRB  [ I/PRP ] 'm/VBP teaching/VBG  [ a/DT class/NN ] ,/, obviously/RB  [ I/PRP ] wear/VBP  [ a/DT suit/NN ] or/CC  [ dress/NN ] ,/,","(S (CONJP (CC and) (RB so)) (SBAR-TMP (WHADVP-1 (WRB when)) (S (NP-SBJ (PRP I)) (VP (VBP 'm) (VP (VBG teaching) (NP (DT a) (NN class)) (ADVP-TMP (-NONE- *T*-1)))))) (, ,) (ADVP (RB obviously)) (NP-SBJ (PRP I)) (VP (VBP wear) (NP (DT a) (NN suit) (CC or) (NN dress))) (, ,) (-DFL- E_S))",38
sw05utt/sw_0533_2486.utt,2/sw2486,2486,27,%@,B,17,2,{C so. }     *[[slash error]],so/UH ./.,"(S (RB so) (. .) (EDITED (RM (-DFL- \[)) (NP-SBJ (PRP It)) (, ,) (IP (-DFL- \+))) (NP-SBJ (PRP it)) (, ,) (RS (-DFL- \])) (INTJ (UH uh)) (, ,) (ADVP (RB definitely)) (VP (VBZ fluctuates) (PP (ADVP (RB mainly)) (IN with) (SBAR-NOM (SBAR (WHNP-2 (WP what)) (S (NP-SBJ-1 (PRP I)) (VP (VBP 'm) (VP (VBG going) (S (NP-SBJ (-NONE- *-1)) (VP (TO to) (VP (VB be) (VP (VBG doing) (NP (-NONE- *T*-2)) (NP-TMP (DT that) (NN day)))))))))) (CC and) (ADVP (RB kind) (RB of)) (SBAR (WHNP-3 (WP what)) (S (NP-SBJ (PRP$ my) (NN mood)) (VP (VBZ is) (NP-PRD (-NONE- *T*-3)))))))) (-DFL- E_S))",42
sw05utt/sw_0533_2486.utt,2/sw2486,2486,28,b,A,18,1,Uh-huh. /,[ Uh-huh/UH ] ./.,(INTJ (UH Uh-huh) (. .) (-DFL- E_S)),15
sw05utt/sw_0533_2486.utt,2/sw2486,2486,29,+,B,19,1,"[ It, + it, ] {F uh, } definitely fluctuates mainly with what I'm going to be doing that day and kind of what my mood is  /","[ It/PRP ] ,/,  [ it/PRP ] ,/,  [ uh/UH ] ,/, definitely/RB fluctuates/VBZ mainly/RB with/IN  [ what/WP ] [ I/PRP ] 'm/VBP going/VBG to/TO be/VB doing/VBG  [ that/DT day/NN ] and/CC  [ kind/RB ] of/RB  [ what/WP ] [ my/PRP$ mood/NN ] is/VBZ","(S (RB so) (. .) (EDITED (RM (-DFL- \[)) (NP-SBJ (PRP It)) (, ,) (IP (-DFL- \+))) (NP-SBJ (PRP it)) (, ,) (RS (-DFL- \])) (INTJ (UH uh)) (, ,) (ADVP (RB definitely)) (VP (VBZ fluctuates) (PP (ADVP (RB mainly)) (IN with) (SBAR-NOM (SBAR (WHNP-2 (WP what)) (S (NP-SBJ-1 (PRP I)) (VP (VBP 'm) (VP (VBG going) (S (NP-SBJ (-NONE- *-1)) (VP (TO to) (VP (VB be) (VP (VBG doing) (NP (-NONE- *T*-2)) (NP-TMP (DT that) (NN day)))))))))) (CC and) (ADVP (RB kind) (RB of)) (SBAR (WHNP-3 (WP what)) (S (NP-SBJ (PRP$ my) (NN mood)) (VP (VBZ is) (NP-PRD (-NONE- *T*-3)))))))) (-DFL- E_S))",42
sw05utt/sw_0533_2486.utt,2/sw2486,2486,30,sd,B,19,2,"{C and } when it's raining,","and/CC when/WRB  [ it/PRP ] 's/BES raining/VBG ,/,","(S (CC and) (SBAR-TMP (WHADVP-1 (WRB when)) (S (NP-SBJ (PRP it)) (VP (BES 's) (VP (VBG raining) (ADVP-TMP (-NONE- *T*-1)))))) (, ,) (NP-SBJ-2 (PRP I)) (VP (VBP 'm) (ADJP-PRD (RBR more) (JJ likely) (S (NP-SBJ (-NONE- *-2)) (VP (TO to) (VP (VB wear) (NP (NNS jeans))))))) (-DFL- E_S))",46
sw05utt/sw_0533_2486.utt,2/sw2486.pos,2486,31,b,A,20,1,<Laughter>.,./.
sw05utt/sw_0533_2486.utt,2/sw2486,2486,32,+,B,21,1,I'm more likely to wear jeans  /,[ I/PRP ] 'm/VBP more/RBR likely/JJ to/TO wear/VB  [ jeans/NNS ],"(S (CC and) (SBAR-TMP (WHADVP-1 (WRB when)) (S (NP-SBJ (PRP it)) (VP (BES 's) (VP (VBG raining) (ADVP-TMP (-NONE- *T*-1)))))) (, ,) (NP-SBJ-2 (PRP I)) (VP (VBP 'm) (ADJP-PRD (RBR more) (JJ likely) (S (NP-SBJ (-NONE- *-2)) (VP (TO to) (VP (VB wear) (NP (NNS jeans))))))) (-DFL- E_S))",46
sw05utt/sw_0533_2486.utt,2/sw2486,2486,33,sd,B,21,2,"[ {C and, } +  {C and } ] when it's really cold I'm more likely to wear jeans or pants or sweaters, or that type of thing. /","and/CC ,/, and/CC when/WRB  [ it/PRP ] 's/BES really/RB cold/JJ  [ I/PRP ] 'm/VBP more/RBR likely/JJ to/TO wear/VB  [ jeans/NNS ] or/CC  [ pants/NNS ] or/CC  [ sweaters/NNS ] ,/, or/CC  [ that/DT type/NN ] of/IN  [ thing/NN ] ./.","(S (EDITED (RM (-DFL- \[)) (CC and) (, ,) (IP (-DFL- \+))) (CC and) (RS (-DFL- \])) (SBAR-TMP (WHADVP-1 (WRB when)) (S (NP-SBJ (PRP it)) (VP (BES 's) (ADJP-PRD (RB really) (JJ cold)) (ADVP-TMP (-NONE- *T*-1))))) (NP-SBJ-2 (PRP I)) (VP (VBP 'm) (ADJP-PRD (RBR more) (JJ likely) (S (NP-SBJ (-NONE- *-2)) (VP (TO to) (VP (VB wear) (NP (NP (NNS jeans) (CC or) (NNS pants) (CC or) (NNS sweaters)) (, ,) (CC or) (NP (NP (DT that) (NN type)) (PP (IN of) (NP (NN thing)))))))))) (. .) (-DFL- E_S))",49
sw05utt/sw_0533_2486.utt,2/sw2486,2486,34,b,A,22,1,Uh-huh. /,[ Uh-huh/UH ] ./.,(INTJ (UH Uh-huh) (. .) (-DFL- E_S)),28
sw05utt/sw_0533_2486.utt,2/sw2486,2486,35,sd,B,23,1,"{F Um, } {C but } it just really depends on the weather and my mood  /","Um/UH ,/, but/CC  [ it/PRP ] just/RB really/RB depends/VBZ on/IN  [ the/DT weather/NN ] and/CC  [ my/PRP$ mood/NN ]","(S (INTJ (UH Um)) (, ,) (CC but) (NP-SBJ (PRP it)) (ADVP (RB just)) (ADVP (RB really)) (VP (VBZ depends) (PP (IN on) (NP (NP (DT the) (NN weather)) (CC and) (NP (PRP$ my) (NN mood))))) (-DFL- E_S))",53
sw05utt/sw_0533_2486.utt,2/sw2486,2486,36,sd,B,23,2,"{C and then, }  {D you know, }  obviously when I'm doing anything that I'm in front of people, [ or, + or ]  making presentations, teaching, whatever.","and/CC then/RB ,/,  [ you/PRP ] know/VBP ,/, obviously/RB when/WRB  [ I/PRP ] 'm/VBP doing/VBG  [ anything/NN ] that/WDT  [ I/PRP ] 'm/VBP in/IN  [ front/NN ] of/IN  [ people/NNS ] ,/, or/CC ,/, or/CC  [ making/VBG presentations/NNS ] ,/, teaching/VBG ,/,  [ whatever/WDT ] ./.","(S (CONJP (CC and) (RB then)) (PRN (, ,) (S (NP-SBJ (PRP you)) (VP (VBP know))) (, ,)) (ADVP (RB obviously)) (SBAR-TMP (WHADVP-3 (WRB when)) (S (NP-SBJ (PRP I)) (VP (VBP 'm) (VP (VP (VBG doing) (NP (NP (NN anything)) (SBAR (WHADVP-2 (WDT that)) (S (NP-SBJ (PRP I)) (VP (VBP 'm) (PP-LOC-PRD (IN in) (NP (NP (NN front)) (PP (IN of) (NP (NNS people))))) (ADVP (-NONE- *T*-2))))))) (, ,) (EDITED (RM (-DFL- \[)) (CC or) (, ,) (IP (-DFL- \+))) (CC or) (RS (-DFL- \])) (VP (VBG making) (NP (NNS presentations))) (, ,) (VP (VBG teaching)) (, ,) (NP-ETC (WDT whatever)) (ADVP-TMP (-NONE- *T*-3)))))) (. .) (NP-SBJ-1 (PRP I)) (VP (VBP 'm) (VP (VBG going) (S (NP-SBJ (-NONE- *-1)) (VP (TO to) (VP (VB dress) (PRT (RP up)) (ADVP (RBR more))))))) (. .) (-DFL- E_S))",54
sw05utt/sw_0533_2486.utt,2/sw2486,2486,37,aa,A,24,1,Yes. /,Yes/UH ./.,(INTJ (UH Yes) (. .) (-DFL- E_S)),56
sw05utt/sw_0533_2486.utt,2/sw2486,2486,38,+,B,25,1,I'm going to dress up more <breathing>. /,[ I/PRP ] 'm/VBP going/VBG to/TO dress/VB up/RP more/RBR ./.,"(S (CONJP (CC and) (RB then)) (PRN (, ,) (S (NP-SBJ (PRP you)) (VP (VBP know))) (, ,)) (ADVP (RB obviously)) (SBAR-TMP (WHADVP-3 (WRB when)) (S (NP-SBJ (PRP I)) (VP (VBP 'm) (VP (VP (VBG doing) (NP (NP (NN anything)) (SBAR (WHADVP-2 (WDT that)) (S (NP-SBJ (PRP I)) (VP (VBP 'm) (PP-LOC-PRD (IN in) (NP (NP (NN front)) (PP (IN of) (NP (NNS people))))) (ADVP (-NONE- *T*-2))))))) (, ,) (EDITED (RM (-DFL- \[)) (CC or) (, ,) (IP (-DFL- \+))) (CC or) (RS (-DFL- \])) (VP (VBG making) (NP (NNS presentations))) (, ,) (VP (VBG teaching)) (, ,) (NP-ETC (WDT whatever)) (ADVP-TMP (-NONE- *T*-3)))))) (. .) (NP-SBJ-1 (PRP I)) (VP (VBP 'm) (VP (VBG going) (S (NP-SBJ (-NONE- *-1)) (VP (TO to) (VP (VB dress) (PRT (RP up)) (ADVP (RBR more))))))) (. .) (-DFL- E_S))",54
sw05utt/sw_0533_2486.utt,2/sw2486,2486,39,sv,A,26,1,"{C And } I think that does make a difference,  /","And/CC  [ I/PRP ] think/VBP  [ that/DT ] does/VBZ make/VB  [ a/DT difference/NN ] ,/,","(S (CC And) (NP-SBJ (PRP I)) (VP (VBP think) (SBAR (-NONE- 0) (S (NP-SBJ (DT that)) (VP (VBZ does) (VP (VB make) (NP (DT a) (NN difference))))))) (, ,) (-DFL- E_S))",59
sw05utt/sw_0533_2486.utt,2/sw2486,2486,40,sv,A,26,2,"{C because } when you do have to be in front of people,","because/RB when/WRB  [ you/PRP ] do/VBP have/VB to/TO be/VB in/IN  [ front/NN ] of/IN  [ people/NNS ] ,/,","(SBAR-PRP (RB because) (S (SBAR-TMP-TPC-3 (WHADVP-2 (WRB when)) (S (NP-SBJ-1 (PRP you)) (VP (VBP do) (VP (VB have) (S (NP-SBJ (-NONE- *-1)) (VP (TO to) (VP (VB be) (PP-LOC-PRD (IN in) (NP (NP (NN front)) (PP (IN of) (NP (NNS people)))))))) (ADVP-TMP (-NONE- *T*-2)))))) (, ,) (INTJ (UH uh)) (, ,) (NP-SBJ (PRP I)) (VP (VBP think) (SBAR (-NONE- 0) (S (SBAR-TMP (-NONE- *T*-3)) (EDITED (RM (-DFL- \[)) (NP-SBJ (PRP you)) (, ,) (IP (-DFL- \+)) (RS (-DFL- \]))) (EDITED (RM (-DFL- \[)) (NP-SBJ-UNF (DT the)) (, ,) (IP (-DFL- \+))) (NP-SBJ (NP (DT the) (RS (-DFL- \])) (NN tendency)) (ADVP (RB there))) (VP (VBZ is) (S-PRD (NP-SBJ (-NONE- *)) (VP (TO to) (VP (VB wear) (NP (NP (NNS dresses) (CC and) (NNS suits)) (EDITED (RM (-DFL- \[)) (CC and) (, ,) (IP (-DFL- \+))) (CC and) (, ,) (RS (-DFL- \])) (INTJ (UH uh)) (, ,) (NP (NP (ADJP (RBR more) (JJ classical)) (NN style)) (PP (IN of) (NP (NN clothing))))))))))))) (. .) (-DFL- E_S))",60
sw05utt/sw_0533_2486.utt,2/sw2486,2486,41,b,B,27,1,Uh-huh. /,[ Uh-huh/UH ] ./.,(INTJ (UH Uh-huh) (. .) (-DFL- E_S)),44
sw05utt/sw_0533_2486.utt,2/sw2486,2486,42,+,A,28,1,"{F uh, } I think [ you, + ] [ the, + the ] tendency there is to wear dresses and suits [ and, + and, ] {F uh, } more classical style of clothing. /","[ uh/UH ] ,/,  [ I/PRP ] think/VBP  [ you/PRP ] ,/,  [ the/DT ] ,/,  [ the/DT tendency/NN ] there/RB is/VBZ to/TO wear/VB  [ dresses/NNS ] and/CC  [ suits/NNS ] and/CC ,/, and/CC ,/,  [ uh/UH ] ,/,  [ more/RBR classical/JJ style/NN ] of/IN  [ clothing/NN ] ./.","(SBAR-PRP (RB because) (S (SBAR-TMP-TPC-3 (WHADVP-2 (WRB when)) (S (NP-SBJ-1 (PRP you)) (VP (VBP do) (VP (VB have) (S (NP-SBJ (-NONE- *-1)) (VP (TO to) (VP (VB be) (PP-LOC-PRD (IN in) (NP (NP (NN front)) (PP (IN of) (NP (NNS people)))))))) (ADVP-TMP (-NONE- *T*-2)))))) (, ,) (INTJ (UH uh)) (, ,) (NP-SBJ (PRP I)) (VP (VBP think) (SBAR (-NONE- 0) (S (SBAR-TMP (-NONE- *T*-3)) (EDITED (RM (-DFL- \[)) (NP-SBJ (PRP you)) (, ,) (IP (-DFL- \+)) (RS (-DFL- \]))) (EDITED (RM (-DFL- \[)) (NP-SBJ-UNF (DT the)) (, ,) (IP (-DFL- \+))) (NP-SBJ (NP (DT the) (RS (-DFL- \])) (NN tendency)) (ADVP (RB there))) (VP (VBZ is) (S-PRD (NP-SBJ (-NONE- *)) (VP (TO to) (VP (VB wear) (NP (NP (NNS dresses) (CC and) (NNS suits)) (EDITED (RM (-DFL- \[)) (CC and) (, ,) (IP (-DFL- \+))) (CC and) (, ,) (RS (-DFL- \])) (INTJ (UH uh)) (, ,) (NP (NP (ADJP (RBR more) (JJ classical)) (NN style)) (PP (IN of) (NP (NN clothing))))))))))))) (. .) (-DFL- E_S))",60
sw05utt/sw_0533_2486.utt,2/sw2486,2486,43,b,B,29,1,Uh-huh. /,[ Uh-huh/UH ] ./.,(INTJ (UH Uh-huh) (. .) (-DFL- E_S)),44
sw05utt/sw_0533_2486.utt,2/sw2486,2486,44,qw,A,30,1,What about the mini skirt? /,[ What/WP ] about/IN  [ the/DT mini/JJ skirt/NN ] ?/.,(FRAG (WHNP (WP What)) (PP (IN about) (NP (DT the) (JJ mini) (NN skirt))) (. ?) (-DFL- E_S)),67
sw05utt/sw_0533_2486.utt,2/sw2486,2486,45,sd,B,31,1,There are a few people every now and then that wear those to work.  /,[ There/EX ] are/VBP  [ a/DT few/JJ people/NNS ] [ every/DT ] now/RB and/CC then/RB that/WDT wear/VBP  [ those/DT ] to/IN  [ work/NN ] ./.,(S (NP-SBJ (EX There)) (VP (VBP are) (NP-PRD (NP (DT a) (JJ few) (NNS people)) (SBAR (-NONE- *ICH*-2))) (ADVP-TMP (DT every) (RB now) (CC and) (RB then)) (SBAR-2 (WHNP-1 (WDT that)) (S (NP-SBJ (-NONE- *T*-1)) (VP (VBP wear) (NP (DT those)) (PP (IN to) (NP (NN work))))))) (. .) (-DFL- E_S)),69
sw05utt/sw_0533_2486.utt,2/sw2486,2486,46,sd,B,31,2,"There  pretty strict about that, though.   /","They/PRP 're/VBP pretty/RB strict/JJ about/IN   [ that/DT ] ,/, though/RB ./.","(S (NP-SBJ (PRP They)) (VP (VBP 're) (ADJP-PRD (RB pretty) (JJ strict) (PP (IN about) (NP (DT that)))) (, ,) (ADVP (RB though))) (. .) (-DFL- E_S))",70
sw05utt/sw_0533_2486.utt,2/sw2486,2486,47,sd,B,31,3,"{F Um, }  I've never worn, - /","[ Um/UH ] ,/,  [ I/PRP ] 've/VBP never/RB worn/VBN ,/,","(S (INTJ (UH Um)) (, ,) (NP-SBJ (PRP I)) (VP (VBP 've) (ADVP-TMP (RB never)) (VP-UNF (VBN worn))) (, ,) (-DFL- N_S))",71
sw05utt/sw_0533_2486.utt,2/sw2486,2486,48,%,B,31,4,"I just wouldn't, - /","[ I/PRP ] just/RB would/MD n't/RB ,/,","(S (NP-SBJ (PRP I)) (ADVP (RB just)) (VP-UNF (MD would) (RB n't)) (, ,) (-DFL- N_S))",72
sw05utt/sw_0533_2486.utt,2/sw2486,2486,49,%,B,31,5,"{E I mean } even to, - /","[ I/PRP ] mean/VBP even/RB to/TO ,/,","(S (PRN (S (NP-SBJ (PRP I)) (VP (VBP mean)))) (ADVP (RB even)) (NP-SBJ (-NONE- *)) (VP-UNF (TO to)) (, ,) (-DFL- N_S))",73
sw05utt/sw_0533_2486.utt,2/sw2486,2486,50,sv,B,31,6,{D well } jeans aren't exactly professional  /,well/UH  [ jeans/NNS ] are/VBP n't/RB exactly/RB professional/JJ,(S (INTJ (UH well)) (NP-SBJ (NNS jeans)) (VP (VBP are) (RB n't) (ADJP-PRD (RB exactly) (JJ professional))) (-DFL- E_S)),74
sw05utt/sw_0533_2486.utt,2/sw2486,2486,51,sv,B,31,7,"{C but, } for some reason a mini skirt is, to me a little more unprofessional to wear to work than jeans  /","but/CC ,/, for/IN  [ some/DT reason/NN ] [ a/DT mini/JJ skirt/NN ] is/VBZ ,/, to/IN  [ me/PRP ] [ a/DT little/RB ] more/RBR unprofessional/JJ to/TO wear/VB to/IN work/NN than/IN  [ jeans/NNS ]","(S (CC but) (, ,) (PP-PRP (IN for) (NP (DT some) (NN reason))) (NP-SBJ (DT a) (JJ mini) (NN skirt)) (VP (VBZ is) (, ,) (PP (IN to) (NP (PRP me))) (ADJP-PRD (ADJP (ADVP (NP (DT a) (RB little)) (RBR more)) (JJ unprofessional) (SBAR (WHNP-1 (-NONE- 0)) (S (NP-SBJ (-NONE- *)) (VP (TO to) (VP (VB wear) (NP (-NONE- *T*-1)) (PP (IN to) (NP (NN work)))))))) (PP (IN than) (NP (NNS jeans))))) (-DFL- E_S))",75
sw05utt/sw_0533_2486.utt,2/sw2486,2486,52,sv,B,31,8,"[ just because it's, + maybe it's just because  ] of the sexist views and everything  /","just/RB because/IN  [ it/PRP ] 's/BES ,/, maybe/RB  [ it/PRP ] 's/BES just/RB because/IN of/IN  [ the/DT sexist/JJ views/NNS ] and/CC  [ everything/NN ]","(S (EDITED (RM (-DFL- \[)) (SBAR-PRP (RB just) (IN because) (S (NP-SBJ (PRP it)) (VP-UNF (BES 's)))) (, ,) (IP (-DFL- \+))) (ADVP (RB maybe)) (NP-SBJ (PRP it)) (VP (BES 's) (PP-PRP-PRD (RB just) (IN because) (RS (-DFL- \])) (IN of) (NP (NP (DT the) (JJ sexist) (NNS views)) (CC and) (NP (NN everything))))) (-DFL- E_S))",76
sw05utt/sw_0533_2486.utt,2/sw2486,2486,53,sv,B,31,9,"{C but } you just feel like [ you're, + you're  ] [ being, + showing ] too much le-, - /","but/CC  [ you/PRP ] just/RB feel/VBP like/IN  [ you/PRP ] 're/VBP ,/,  [ you/PRP ] 're/VBP being/VBG ,/, showing/VBG  [ too/RB much/JJ le-/NN ] ,/,","(S (CC but) (NP-SBJ (PRP you)) (ADVP (RB just)) (VP (VBP feel) (SBAR (IN like) (S (EDITED (RM (-DFL- \[)) (S (NP-SBJ (PRP you)) (VP-UNF (VBP 're))) (, ,) (IP (-DFL- \+))) (NP-SBJ (PRP you)) (VP (VBP 're) (RS (-DFL- \])) (EDITED (RM (-DFL- \[)) (VP-UNF (VBG being)) (, ,) (IP (-DFL- \+))) (VP (VBG showing) (RS (-DFL- \])) (NP-UNF (ADJP (RB too) (JJ much)) (NN le-))))))) (, ,) (-DFL- N_S))",77
sw05utt/sw_0533_2486.utt,2/sw2486,2486,54,h,B,31,10,"I don't know,  /","[ I/PRP ] do/VBP n't/RB know/VB ,/,","(S (NP-SBJ (PRP I)) (VP (VBP do) (RB n't) (VP (VB know))) (, ,) (-DFL- E_S))",78
sw05utt/sw_0533_2486.utt,2/sw2486,2486,55,sd,B,31,11,I   wouldn't want to wear a mini skirt to work. /,[ I/PRP ] would/MD n't/RB want/VB to/TO wear/VB  [ a/DT mini/JJ ] skirt/NN to/IN work/NN ./.,(S (NP-SBJ-1 (PRP I)) (VP (MD would) (RB n't) (VP (VB want) (S (NP-SBJ (-NONE- *-1)) (VP (TO to) (VP (VB wear) (NP (DT a) (JJ mini) (NN skirt)) (PP (IN to) (NP (NN work)))))))) (. .) (-DFL- E_S)),79
sw05utt/sw_0533_2486.utt,2/sw2486,2486,56,%,A,32,1,"<Laughter> We-, -/","[ We-/XX ] ,/,","(INTJ-UNF (XX We-) (, ,) (-DFL- N_S))",81
sw05utt/sw_0533_2486.utt,2/sw2486,2486,57,sd,B,33,1,"I have seen a few people do it though,  /","[ I/PRP ] have/VBP seen/VBN  [ a/DT few/JJ people/NNS ] do/VB  [ it/PRP ] though/RB ,/,","(S (NP-SBJ (PRP I)) (VP (VBP have) (VP (VBN seen) (S (NP-SBJ (DT a) (JJ few) (NNS people)) (VP (VB do) (NP (PRP it)))) (ADVP (RB though)))) (, ,) (-DFL- E_S))",83
sw05utt/sw_0533_2486.utt,2/sw2486,2486,58,%,B,33,2,"{C but } [ they, + they ] weren't overly shor-, - /","but/CC  [ they/PRP ] ,/,  [ they/PRP ] were/VBD n't/RB overly/RB  [ shor/JJ ] ,/,","(S (CC but) (EDITED (RM (-DFL- \[)) (NP-SBJ (PRP they)) (, ,) (IP (-DFL- \+))) (NP-SBJ (PRP they)) (RS (-DFL- \])) (VP (VBD were) (RB n't) (ADJP-PRD-UNF (RB overly) (JJ shor-))) (, ,) (-DFL- N_S))",84
sw05utt/sw_0533_2486.utt,2/sw2486,2486,59,sd,B,33,3,{C and } they weren't overly revealing.  /,and/CC  [ they/PRP ] were/VBD n't/RB overly/RB revealing/JJ ./.,(S (CC and) (NP-SBJ (PRP they)) (VP (VBD were) (RB n't) (ADJP-PRD (RB overly) (JJ revealing))) (. .) (-DFL- E_S)),85
sw05utt/sw_0533_2486.utt,2/sw2486,2486,60,sd,B,33,4,"They were pretty much in good  taste,  /","[ They/PRP ] were/VBD pretty/RB much/RB in/IN  [ good/JJ taste/NN ] ,/,","(S (NP-SBJ (PRP They)) (VP (VBD were) (ADVP (RB pretty) (RB much)) (PP-PRD (IN in) (NP (JJ good) (NN taste)))) (, ,) (-DFL- E_S))",86
sw05utt/sw_0533_2486.utt,2/sw2486,2486,61,%,B,33,5,"{C but, } {F um, } -/","but/CC ,/, um/UH ,/,","(S-UNF (CC but) (, ,) (INTJ (UH um)) (, ,) (-DFL- N_S))",87
sw05utt/sw_0533_2486.utt,2/sw2486,2486,62,b,A,34,1,Uh-huh. /,[ Uh-huh/UH ] ./.,(INTJ (UH Uh-huh) (. .) (-DFL- E_S)),51
sw05utt/sw_0533_2486.utt,2/sw2486,2486,63,sd,B,35,1,"for me [ I just, + I just,  ] [ cou-, + wouldn't ] want to do that. /","for/IN  [ me/PRP ] [ I/PRP ] just/RB ,/,  [ I/PRP ] just/RB ,/,  [ cou/MD ] ,/, would/MD n't/RB want/VB to/TO do/VB  [ that/DT ] ./.","(S (PP (IN for) (NP (PRP me))) (EDITED (RM (-DFL- \[)) (S-UNF (NP-SBJ (PRP I)) (ADVP (RB just))) (, ,) (IP (-DFL- \+))) (NP-SBJ-1 (PRP I)) (ADVP (RB just)) (, ,) (RS (-DFL- \])) (EDITED (RM (-DFL- \[)) (VP-UNF (MD cou-)) (, ,) (IP (-DFL- \+))) (VP (MD would) (RB n't) (RS (-DFL- \])) (VP (VB want) (S (NP-SBJ (-NONE- *-1)) (VP (TO to) (VP (VB do) (NP (DT that))))))) (. .) (-DFL- E_S))",91
sw05utt/sw_0533_2486.utt,2/sw2486,2486,64,sv,A,36,1,{D Well } there are mini skirts and there are mini skirts. /,Well/UH  [ there/EX ] are/VBP  [ mini/JJ ] skirts/NNS and/CC  [ there/EX ] are/VBP  [ mini/JJ skirts/NNS ] ./.,(S (INTJ (UH Well)) (NP-SBJ (EX there)) (VP (VBP are) (NP-PRD (JJ mini) (NNS skirts))))|||(S (CC and) (NP-SBJ (EX there)) (VP (VBP are) (NP-PRD (JJ mini) (NNS skirts))) (. .) (-DFL- E_S)),93|||94
sw05utt/sw_0533_2486.utt,2/sw2486,2486,65,b,B,37,1,Yeah. /,Yeah/UH ./.,(INTJ (UH Yeah) (. .) (-DFL- E_S)),96
sw05utt/sw_0533_2486.utt,2/sw2486,2486,66,sv,A,38,1,There are some that are really short  /,[ There/EX ] are/VBP  [ some/DT ] [ that/WDT ] are/VBP really/RB short/JJ,(S (NP-SBJ (EX There)) (VP (VBP are) (NP-PRD (NP (DT some)) (SBAR (WHNP-1 (WDT that)) (S (NP-SBJ (-NONE- *T*-1)) (VP (VBP are) (ADJP-PRD (RB really) (JJ short))))))) (-DFL- E_S)),98
sw05utt/sw_0533_2486.utt,2/sw2486,2486,67,sv,A,38,2,{C and then } there are some that may be  will come like four inches or five inches above the knee. /,and/CC then/RB  [ there/EX ] are/VBP  [ some/DT ] [ that/WDT ] may/GW be/^RB will/MD come/VB like/IN [ four/CD inches/NNS ] or/CC  [ five/CD inches/NNS ] above/IN  [ the/DT knee/NN ] ./.,(S (CONJP (CC and) (RB then)) (NP-SBJ (EX there)) (VP (VBP are) (NP-PRD (NP (DT some)) (SBAR (WHNP-1 (WDT that)) (S (NP-SBJ (-NONE- *T*-1)) (ADVP (GW may) (^RB be)) (VP (MD will) (VP (VB come) (PP (NP-ADV (NP (QP (IN like) (CD four)) (NNS inches)) (CC or) (NP (CD five) (NNS inches))) (IN above) (NP (DT the) (NN knee))))))))) (. .) (-DFL- E_S)),99
sw05utt/sw_0533_2486.utt,2/sw2486,2486,68,b,B,39,1,"Uh-huh,  /","[ Uh-huh/UH ] ,/,","(INTJ (UH Uh-huh) (, ,) (-DFL- E_S))",101
sw05utt/sw_0533_2486.utt,2/sw2486,2486,69,sd,B,39,2,that's what I've seen.  /,[ that/DT ] 's/BES  [ what/WP ] [ I/PRP ] 've/VBP seen/VBN ./.,(S (NP-SBJ (DT that)) (VP (BES 's) (SBAR-NOM-PRD (WHNP-1 (WP what)) (S (NP-SBJ (PRP I)) (VP (VBP 've) (VP (VBN seen) (NP (-NONE- *T*-1))))))) (. .) (-DFL- E_S)),102
sw05utt/sw_0533_2486.utt,2/sw2486,2486,70,sv,A,40,1,"{C and } again it depends upon the size, the shape of the person,","and/CC again/RB  [ it/PRP ] depends/VBZ upon/IN  [ the/DT size/NN ] ,/,  [ the/DT shape/NN ] of/IN  [ the/DT person/NN ] ,/,","(S (CC and) (ADVP (RB again)) (NP-SBJ (PRP it)) (VP (VBZ depends) (PP (IN upon) (NP (NP (DT the) (NN size)) (, ,) (NP (NP (DT the) (NN shape)) (PP (IN of) (NP (DT the) (NN person)))) (, ,) (CONJP (RB as) (RB well) (IN as)) (NP (NP (DT the) (NN shape)) (PP (IN of) (NP (NP (DT the) (NN person) (POS 's)) (NNS legs))))))) (. .) (-DFL- E_S))",104
sw05utt/sw_0533_2486.utt,2/sw2486,2486,71,b,B,41,1,Uh-huh. /,[ Uh-huh/UH ] ./.,(INTJ (UH Uh-huh) (. .) (-DFL- E_S)),65
sw05utt/sw_0533_2486.utt,2/sw2486,2486,72,+,A,42,1,as well as the shape of the person's legs. /,as/RB well/RB as/IN  [ the/DT shape/NN ] of/IN  [ the/DT person/NN 's/POS legs/NNS ] ./.,"(S (CC and) (ADVP (RB again)) (NP-SBJ (PRP it)) (VP (VBZ depends) (PP (IN upon) (NP (NP (DT the) (NN size)) (, ,) (NP (NP (DT the) (NN shape)) (PP (IN of) (NP (DT the) (NN person)))) (, ,) (CONJP (RB as) (RB well) (IN as)) (NP (NP (DT the) (NN shape)) (PP (IN of) (NP (NP (DT the) (NN person) (POS 's)) (NNS legs))))))) (. .) (-DFL- E_S))",104
sw05utt/sw_0533_2486.utt,2/sw2486,2486,73,b,B,43,1,Uh-huh. /,[ Uh-huh/UH ] ./.,(INTJ (UH Uh-huh) (. .) (-DFL- E_S)),89
sw05utt/sw_0533_2486.utt,2/sw2486,2486,74,%,A,44,1,"{D Now, } I also, {F uh, } - /","Now/UH ,/,  [ I/PRP ] also/RB ,/,  [ uh/UH ] ,/,","(S-UNF (INTJ (UH Now)) (, ,) (NP-SBJ (PRP I)) (ADVP (RB also)) (, ,) (INTJ (UH uh)) (, ,) (-DFL- N_S))",111
sw05utt/sw_0533_2486.utt,2/sw2486,2486,75,sd,A,44,2,"even though I retired from education, [ I, + {F uh, } I  ] do modeling  /","even/RB though/IN  [ I/PRP ] retired/VBD from/IN  [ education/NN ] ,/,  [ I/PRP ] ,/,  [ uh/UH ] ,/,  [ I/PRP ] do/VBP modeling/NN","(S (SBAR-ADV (RB even) (IN though) (S (NP-SBJ (PRP I)) (VP (VBD retired) (PP (IN from) (NP (NN education)))))) (, ,) (EDITED (RM (-DFL- \[)) (NP-SBJ (PRP I)) (, ,) (IP (-DFL- \+))) (INTJ (UH uh)) (, ,) (NP-SBJ (PRP I)) (RS (-DFL- \])) (VP (VBP do) (NP (NN modeling))) (-DFL- E_S))",112
sw05utt/sw_0533_2486.utt,2/sw2486,2486,76,sd,A,44,3,{C and } I teach at a modeling agency here. /,and/CC  [ I/PRP ] teach/VBP at/IN  [ a/DT modeling/NN agency/NN ] here/RB ./.,(S (CC and) (NP-SBJ (PRP I)) (VP (VBP teach) (PP-LOC (IN at) (NP (DT a) (NN modeling) (NN agency))) (ADVP-LOC (RB here))) (. .) (-DFL- E_S)),113
sw05utt/sw_0533_2486.utt,2/sw2486,2486,77,b,B,45,1,Uh-huh. /,[ Uh-huh/UH ] ./.,(INTJ (UH Uh-huh) (. .) (-DFL- E_S)),89
sw05utt/sw_0533_2486.utt,2/sw2486,2486,78,sd,A,46,1,"[ {C And, } +  {F uh, } {C so, } ] when we are doing wardrobing and we have, {F uh, } [ two, + two ] hour classes in wardrobe, we do discuss a great deal, the mini skirt and the types of clothes to wear on the job. /","And/CC ,/,  [ uh/UH ] ,/, so/RB ,/, when/WRB  [ we/PRP ] are/VBP doing/VBG wardrobing/VBG and/CC  [ we/PRP ] have/VBP ,/,  [ uh/UH ] ,/,  [ two/CD ] ,/,  [ two/CD hour/NN classes/NNS ] in/IN  [ wardrobe/NN ] ,/,  [ we/PRP ] do/VBP discuss/VB  [ a/DT great/JJ deal/NN ] ,/,  [ the/DT mini/JJ skirt/NN ] and/CC  [ the/DT types/NNS ] of/IN  [ clothes/NNS ] to/TO wear/VB on/IN  [ the/DT job/NN ] ./.","(S (EDITED (RM (-DFL- \[)) (CC And) (, ,) (IP (-DFL- \+))) (INTJ (UH uh)) (, ,) (RB so) (, ,) (RS (-DFL- \])) (SBAR-TMP (WHADVP-1 (WRB when)) (S (NP-SBJ (PRP we)) (VP (VBP are) (VP (VBG doing) (NP (VBG wardrobing)) (ADVP-TMP (-NONE- *T*-1)))))) (PRN (S (CC and) (NP-SBJ (PRP we)) (VP (VBP have) (, ,) (INTJ (UH uh)) (, ,) (EDITED (RM (-DFL- \[)) (NP-UNF (CD two)) (, ,) (IP (-DFL- \+))) (NP (NP (ADJP (CD two) (RS (-DFL- \])) (NN hour)) (NNS classes)) (PP (IN in) (NP (NN wardrobe)))))) (, ,)) (NP-SBJ (PRP we)) (VP (VBP do) (VP (VB discuss) (NP-ADV (DT a) (JJ great) (NN deal)) (, ,) (NP (NP (DT the) (JJ mini) (NN skirt)) (CC and) (NP (NP (DT the) (NNS types)) (PP (IN of) (NP (NNS clothes))) (SBAR (WHNP-2 (-NONE- 0)) (S (NP-SBJ (-NONE- *)) (VP (TO to) (VP (VB wear) (NP (-NONE- *T*-2)) (PP (IN on) (NP (DT the) (NN job))))))))))) (. .) (-DFL- E_S))",117
sw05utt/sw_0533_2486.utt,2/sw2486,2486,79,b,B,47,1,Uh-huh. /,[ Uh-huh/UH ] ./.,(INTJ (UH Uh-huh) (. .) (-DFL- E_S)),106
sw05utt/sw_0533_2486.utt,2/sw2486,2486,80,sd,A,48,1,"{F Uh, } even though I may have them from sixth grade on up through, {F uh, } grandmothers,","[ Uh/UH ] ,/, even/RB though/IN  [ I/PRP ] may/MD have/VB  [ them/PRP ] from/IN  [ sixth/JJ grade/NN ] on/IN up/IN through/IN ,/,  [ uh/UH ] ,/,  [ grandmothers/NNS ] ,/,","(FRAG (INTJ (UH Uh)) (, ,) (SBAR-ADV (RB even) (IN though) (S (NP-SBJ (PRP I)) (VP (MD may) (VP (VB have) (NP (PRP them)) (PP (PP (IN from) (NP (JJ sixth) (NN grade))) (PP (IN on) (PP (IN up) (PP (IN through) (, ,) (INTJ (UH uh)) (, ,) (NP (NNS grandmothers)))))) (, ,) (PP-LOC (IN in) (NP (PRP$ my) (NN class))))))) (. .) (-DFL- E_S))",121
sw05utt/sw_0533_2486.utt,2/sw2486,2486,81,b,B,49,1,Uh-huh. /,[ Uh-huh/UH ] ./.,(INTJ (UH Uh-huh) (. .) (-DFL- E_S)),106
sw05utt/sw_0533_2486.utt,2/sw2486,2486,82,+,A,50,1,in my class.   /,in/IN  [ my/PRP$ class/NN ] ./.,"(FRAG (INTJ (UH Uh)) (, ,) (SBAR-ADV (RB even) (IN though) (S (NP-SBJ (PRP I)) (VP (MD may) (VP (VB have) (NP (PRP them)) (PP (PP (IN from) (NP (JJ sixth) (NN grade))) (PP (IN on) (PP (IN up) (PP (IN through) (, ,) (INTJ (UH uh)) (, ,) (NP (NNS grandmothers)))))) (, ,) (PP-LOC (IN in) (NP (PRP$ my) (NN class))))))) (. .) (-DFL- E_S))",121
sw05utt/sw_0533_2486.utt,2/sw2486,2486,83,sd,A,50,2,"{C And, } {F uh, } [ whe-, + ] I always try to emphasize the, clothes that you wear should not necessarily be the greatest fad, /","And/CC ,/,  [ uh/UH ] ,/,  [ whe/WRB ] ,/,  [ I/PRP ] always/RB try/VBP to/TO emphasize/VB  [ the/DT ] ,/,  [ clothes/NNS ] that/IN  [ you/PRP ] wear/VBP should/MD not/RB necessarily/RB be/VB  [ the/DT greatest/JJS fad/NN ] ,/,","(S (CC And) (, ,) (INTJ (UH uh)) (, ,) (EDITED (RM (-DFL- \[)) (SBAR-TMP (WHADVP-UNF (WRB whe-))) (, ,) (IP (-DFL- \+)) (RS (-DFL- \]))) (NP-SBJ-1 (PRP I)) (ADVP-TMP (RB always)) (VP (VBP try) (S (NP-SBJ (-NONE- *-1)) (VP (TO to) (VP (VB emphasize) (SBAR (-NONE- 0) (S (NP-SBJ (NP (DT the) (, ,) (NNS clothes)) (SBAR (WHNP-2 (IN that)) (S (NP-SBJ (PRP you)) (VP (VBP wear) (NP (-NONE- *T*-2)))))) (VP (MD should) (RB not) (ADVP (RB necessarily)) (VP (VB be) (NP-PRD (DT the) (JJS greatest) (NN fad)))))))))) (, ,) (-DFL- E_S))",125
sw05utt/sw_0533_2486.utt,2/sw2486,2486,84,b,B,51,1,Uh-huh. /,[ Uh-huh/UH ] ./.,(INTJ (UH Uh-huh) (. .) (-DFL- E_S)),106
sw05utt/sw_0533_2486.utt,2/sw2486,2486,85,sv,A,52,1,"{C because } maybe [ they, + those ] are not the clothes  that are the most, {F uh, } appealing to you, or the most, {F uh, } complimentary to you. /","because/IN maybe/RB  [ they/PRP ] ,/,  [ those/DT ] are/VBP not/RB  [ the/DT clothes/NNS ] [ that/WDT ] are/VBP  [ the/DT most/RBS ] ,/,  [ uh/UH ] ,/, appealing/JJ to/IN  [ you/PRP ] ,/, or/CC  [ the/DT most/RBS ] ,/,  [ uh/UH ] ,/, complimentary/JJ to/IN  [ you/PRP ] ./.","(SBAR-PRP (IN because) (S (ADVP (RB maybe)) (EDITED (RM (-DFL- \[)) (NP-SBJ (PRP they)) (, ,) (IP (-DFL- \+))) (NP-SBJ (DT those)) (RS (-DFL- \])) (VP (VBP are) (RB not) (NP-PRD (NP (DT the) (NNS clothes)) (SBAR (WHNP-1 (WDT that)) (S (NP-SBJ (-NONE- *T*-1)) (VP (VBP are) (NP-PRD (NP (DT the) (ADJP (RBS most) (, ,) (INTJ (UH uh)) (, ,) (JJ appealing) (PP (IN to) (NP (PRP you))))) (, ,) (CC or) (NP (DT the) (ADJP (RBS most) (, ,) (INTJ (UH uh)) (, ,) (JJ complimentary) (PP (IN to) (NP (PRP you)))))))))))) (. .) (-DFL- E_S))",129
sw05utt/sw_0533_2486.utt,2/sw2486,2486,86,aa,B,53,1,Right. /,[ Right/UH ] ./.,(INTJ (UH Right) (. .) (-DFL- E_S)),131
sw05utt/sw_0533_2486.utt,2/sw2486,2486,87,sv,A,54,1,"{C But, } {F uh, } the mini skirt many times will evoke comments you don't really want. /","But/CC ,/,  [ uh/UH ] ,/,  [ the/DT mini/JJ ] skirt/NN  [ many/JJ times/NNS ] will/MD evoke/VB  [ comments/NNS you/PRP ] do/VBP n't/RB really/RB want/VB ./.","(S (CC But) (, ,) (INTJ (UH uh)) (, ,) (NP-SBJ (DT the) (JJ mini) (NN skirt)) (NP-TMP (JJ many) (NNS times)) (VP (MD will) (VP (VB evoke) (NP (NP (NNS comments)) (SBAR (WHNP-1 (-NONE- 0)) (S (NP-SBJ (PRP you)) (VP (VBP do) (RB n't) (ADVP (RB really)) (VP (VB want) (NP (-NONE- *T*-1))))))))) (. .) (-DFL- E_S))",133
sw05utt/sw_0533_2486.utt,2/sw2486,2486,88,b,B,55,1,Right <laughter>. /,[ Right/UH ] ./.,(INTJ (UH Right) (. .) (-DFL- E_S)),131
sw05utt/sw_0533_2486.utt,2/sw2486,2486,89,sv,A,56,1,"[ {C And, } +  {C and } ] [ then, + {F uh, } then  ] you're in the situation where you're very unhappy. /","And/CC ,/, and/CC then/RB ,/,  [ uh/UH ] ,/, then/RB  [ you/PRP ] 're/VBP in/IN  [ the/DT situation/NN ] where/WRB  [ you/PRP ] 're/VBP very/RB unhappy/JJ ./.","(S (EDITED (RM (-DFL- \[)) (CC And) (, ,) (IP (-DFL- \+))) (CC and) (RS (-DFL- \])) (EDITED (RM (-DFL- \[)) (ADVP (RB then)) (, ,) (IP (-DFL- \+))) (INTJ (UH uh)) (, ,) (ADVP (RB then)) (RS (-DFL- \])) (NP-SBJ (PRP you)) (VP (VBP 're) (PP-PRD (IN in) (NP (NP (DT the) (NN situation)) (SBAR (WHADVP-1 (WRB where)) (S (NP-SBJ (PRP you)) (VP (VBP 're) (ADJP-PRD (RB very) (JJ unhappy)) (ADVP-LOC (-NONE- *T*-1)))))))) (. .) (-DFL- E_S))",137
sw05utt/sw_0533_2486.utt,2/sw2486,2486,90,b,B,57,1,Uh-huh.  /,[ Uh-huh/UH ] ./.,(INTJ (UH Uh-huh) (. .) (-DFL- E_S)),115
sw05utt/sw_0533_2486.utt,2/sw2486,2486,91,sv,B,57,2,"{D Well } I feel like too, on the job, when, {D you know, } there's men around and some of the managers are men, [ you just, + {D you know, } you  ] don't want them looking at your legs <laughter> necessarily. /","Well/UH  [ I/PRP ] feel/VBP like/IN too/RB ,/, on/IN  [ the/DT job/NN ] ,/, when/WRB ,/,  [ you/PRP ] know/VBP ,/,  [ there/EX ] [ 's/BES men/NNS ] around/RB and/CC  [ some/DT ] of/IN  [ the/DT managers/NNS ] are/VBP  [ men/NNS ] ,/,  [ you/PRP ] just/RB ,/,  [ you/PRP ] know/VBP ,/,  [ you/PRP ] do/VBP n't/RB want/VB  [ them/PRP ] looking/VBG at/IN  [ your/PRP$ legs/NNS ] necessarily/RB ./.","(S (INTJ (UH Well)) (NP-SBJ (PRP I)) (VP (VBP feel) (SBAR (IN like) (S (ADVP (RB too)) (, ,) (PP (IN on) (NP (DT the) (NN job))) (, ,) (SBAR-TMP (WHADVP-1 (WRB when)) (PRN (, ,) (S (NP-SBJ (PRP you)) (VP (VBP know))) (, ,)) (S (S (NP-SBJ (EX there)) (VP (BES 's) (NP-PRD (NNS men)) (ADVP (RB around)))) (CC and) (S (NP-SBJ (NP (DT some)) (PP (IN of) (NP (DT the) (NNS managers)))) (VP (VBP are) (NP-PRD (NNS men)))) (ADVP-TMP (-NONE- *T*-1)))) (, ,) (EDITED (RM (-DFL- \[)) (S-UNF (NP-SBJ (PRP you)) (ADVP (RB just))) (, ,) (IP (-DFL- \+))) (PRN (S (NP-SBJ (PRP you)) (VP (VBP know))) (, ,)) (NP-SBJ (PRP you)) (RS (-DFL- \])) (VP (VBP do) (RB n't) (VP (VB want) (S (NP-SBJ (PRP them)) (VP (VBG looking) (PP (IN at) (NP (PRP$ your) (NNS legs))))) (ADVP (RB necessarily))))))) (. .) (-DFL- E_S))",140
sw05utt/sw_0533_2486.utt,2/sw2486,2486,92,aa,A,58,1,That's right. /,[ That/DT ] 's/BES right/JJ ./.,(S (NP-SBJ (DT That)) (VP (BES 's) (ADJP-PRD (JJ right))) (. .) (-DFL- E_S)),142
sw05utt/sw_0533_2486.utt,2/sw2486,2486,93,sd,B,59,1,"{C And, } {F uh, } to me I just wouldn't feel comfortable in that at work,  /","And/CC ,/,  [ uh/UH ] ,/, to/IN  [ me/PRP ] [ I/PRP ] just/RB would/MD n't/RB feel/VB  [ comfortable/JJ ] in/IN  [ that/DT ] at/IN  [ work/NN ] ,/,","(S (CC And) (, ,) (INTJ (UH uh)) (, ,) (PP (IN to) (NP (PRP me))) (NP-SBJ (PRP I)) (ADVP (RB just)) (VP (MD would) (RB n't) (VP (VB feel) (ADJP-PRD (JJ comfortable)) (PP (IN in) (NP (DT that))) (PP-LOC (IN at) (NP (NN work))))) (, ,) (-DFL- E_S))",144
sw05utt/sw_0533_2486.utt,2/sw2486,2486,94,%,B,59,2,"{C but, } {F uh, } -/","but/CC ,/,  [ uh/UH ] ,/,","(S-UNF (CC but) (, ,) (INTJ (UH uh)) (, ,) (-DFL- N_S))",145
sw05utt/sw_0533_2486.utt,2/sw2486,2486,95,sd,A,60,1,"{D Well, } [ [ I, + I, ] + {F uh, } I ] have to, {F uh, } agree with that, even when they was   very,  very  popular in the early sixties, /","Well/UH ,/,  [ I/PRP ] ,/,  [ I/PRP ] ,/,  [ uh/UH ] ,/,  [ I/PRP ] have/VBP to/TO ,/,  [ uh/UH ] ,/, agree/VB with/IN  [ that/DT ] ,/, even/RB when/WRB  [ they/PRP ] was/VBD very/RB ,/, very/RB popular/JJ in/IN  [ the/DT early/JJ sixties/NNS ] ,/,","(S (INTJ (UH Well)) (, ,) (EDITED (RM (-DFL- \[)) (EDITED (RM (-DFL- \[)) (NP-SBJ (PRP I)) (, ,) (IP (-DFL- \+))) (NP-SBJ (PRP I)) (, ,) (RS (-DFL- \])) (IP (-DFL- \+))) (INTJ (UH uh)) (, ,) (NP-SBJ-1 (PRP I)) (RS (-DFL- \])) (VP (VBP have) (S (NP-SBJ (-NONE- *-1)) (VP (TO to) (, ,) (INTJ (UH uh)) (, ,) (VP (VB agree) (PP (IN with) (NP (DT that))))))) (, ,))|||(SBAR-TMP (ADVP (RB even)) (WHADVP-2 (WRB when)) (S (NP-SBJ (PRP they)) (VP (VBD was) (ADJP-PRD (RB very) (, ,) (RB very) (JJ popular)) (ADVP-TMP (-NONE- *T*-2)) (PP-TMP (IN in) (NP (DT the) (JJ early) (NNS sixties))))) (, ,) (-DFL- E_S))",147|||148
sw05utt/sw_0533_2486.utt,2/sw2486,2486,96,b,B,61,1,Uh-huh. /,[ Uh-huh/UH ] ./.,(INTJ (UH Uh-huh) (. .) (-DFL- E_S)),123
sw05utt/sw_0533_2486.utt,2/sw2486,2486,97,%,A,62,1,"{F uh, } I, {F uh, } {F uh, } - /","[ uh/UH ] ,/,  [ I/PRP ] ,/,  [ uh/UH ] ,/,  [ uh/UH ] ,/,","(S-UNF (INTJ (UH uh)) (, ,) (NP-SBJ (PRP I)) (, ,) (INTJ (UH uh)) (, ,) (INTJ (UH uh)) (, ,) (-DFL- N_S))",152
sw05utt/sw_0533_2486.utt,2/sw2486,2486,98,sd,A,62,2,"again maybe because I was at the school, there were still many teachers who wore mini skirts, /","again/RB maybe/RB because/IN  [ I/PRP ] was/VBD at/IN  [ the/DT school/NN ] ,/,  [ there/EX ] were/VBD still/RB  [ many/JJ teachers/NNS ] [ who/WP ] wore/VBD  [ mini/JJ skirts/NNS ] ,/,","(FRAG (ADVP (RB again)) (ADVP (RB maybe)) (SBAR-PRP (IN because) (X (S (NP-SBJ (PRP I)) (VP (VBD was) (PP-LOC-PRD (IN at) (NP (DT the) (NN school)))))) (, ,) (S (NP-SBJ (EX there)) (VP (VBD were) (ADVP-TMP (RB still)) (NP-PRD (NP (JJ many) (NNS teachers)) (SBAR (WHNP-2 (WP who)) (S (NP-SBJ (-NONE- *T*-2)) (VP (VBD wore) (NP (JJ mini) (NNS skirts))))))))) (, ,) (-DFL- E_S))",153
sw05utt/sw_0533_2486.utt,2/sw2486,2486,99,b,B,63,1,Uh-huh. /,[ Uh-huh/UH ] ./.,(INTJ (UH Uh-huh) (. .) (-DFL- E_S)),127
sw05utt/sw_0533_2486.utt,2/sw2486,2486,100,sd,A,64,1,"{F uh, } we had no regulation against it  /","[ uh/UH ] ,/,  [ we/PRP ] had/VBD  [ no/DT regulation/NN ] against/IN  [ it/PRP ]","(S (INTJ (UH uh)) (, ,) (NP-SBJ (PRP we)) (VP (VBD had) (NP (NP (DT no) (NN regulation)) (PP (IN against) (NP (PRP it))))) (-DFL- E_S))",157
sw05utt/sw_0533_2486.utt,2/sw2486,2486,101,sd,A,64,2,"{C and } a lot of the kids did of course,  /","and/CC  [ a/DT lot/NN ] of/IN  [ the/DT kids/NNS ] did/VBD of/IN  [ course/NN ] ,/,","(S (CC and) (NP-SBJ (NP (DT a) (NN lot)) (PP (IN of) (NP (DT the) (NNS kids)))) (VP (VBD did) (PP (IN of) (NP (NN course)))) (, ,) (-DFL- E_S))",158
sw05utt/sw_0533_2486.utt,2/sw2486,2486,102,sd,A,64,3,{C and } it could be very embarrassing for the men teachers. /,and/CC  [ it/PRP ] could/MD be/VB very/RB embarrassing/JJ for/IN  [ the/DT men/NNS teachers/NNS ] ./.,(S (CC and) (NP-SBJ (PRP it)) (VP (MD could) (VP (VB be) (ADJP-PRD (RB very) (JJ embarrassing) (PP (IN for) (NP (DT the) (NNS men) (NNS teachers)))))) (. .) (-DFL- E_S)),159
sw05utt/sw_0533_2486.utt,2/sw2486,2486,103,b,B,65,1,Right <laughter>. /,[ Right/UH ] ./.,(INTJ (UH Right) (. .) (-DFL- E_S)),131
sw05utt/sw_0533_2486.utt,2/sw2486,2486,104,sd,A,66,1,{C Because } they were not that careful in how they handled themselves in those mini skirts. /,Because/IN  [ they/PRP ] were/VBD not/RB that/RB  [ careful/JJ ] in/IN how/WRB  [ they/PRP ] handled/VBD  [ themselves/PRP ] in/IN  [ those/DT mini/JJ ] skirts/NNS ./.,(SBAR-PRP (IN Because) (S (NP-SBJ (PRP they)) (VP (VBD were) (RB not) (ADJP-PRD (RB that) (JJ careful) (PP (IN in) (SBAR (WHADVP-1 (WRB how)) (S (NP-SBJ (PRP they)) (VP (VBD handled) (NP (PRP themselves)) (PP (IN in) (NP (DT those) (JJ mini) (NNS skirts))) (ADVP-MNR (-NONE- *T*-1))))))))) (. .) (-DFL- E_S)),163
sw05utt/sw_0533_2486.utt,2/sw2486,2486,105,b,B,67,1,Right. /,[ Right/UH ] ./.,(INTJ (UH Right) (. .) (-DFL- E_S)),135
sw05utt/sw_0533_2486.utt,2/sw2486,2486,106,sv,A,68,1,"{C And so, } I think, {F uh, } {F uh, } of course, now I go the other extreme,  I do not like to see, in the corporate areas, {F uh, } all the women dressed like men,","And/CC so/RB ,/,  [ I/PRP ] think/VBP ,/,  [ uh/UH ] ,/,  [ uh/UH ] ,/, of/IN  [ course/NN ] ,/, now/RB  [ I/PRP ] go/VBP  [ the/DT other/JJ extreme/NN ] ,/,  [ I/PRP ] do/VBP not/RB like/VB to/TO see/VB ,/, in/IN  [ the/DT corporate/JJ areas/NNS ] ,/,  [ uh/UH ] ,/,  [ all/PDT the/DT women/NNS ] dressed/VBN like/IN  [ men/NNS ] ,/,","(S (CONJP (CC And) (RB so)) (, ,) (NP-SBJ (PRP I)) (VP (VBP think) (, ,) (INTJ (UH uh)) (, ,) (INTJ (UH uh)) (PRN (, ,) (S (PP (IN of) (NP (NN course))) (, ,) (ADVP-TMP (RB now)) (NP-SBJ (PRP I)) (VP (VBP go) (NP-ADV (DT the) (JJ other) (NN extreme)))) (, ,)) (SBAR (-NONE- 0) (S (NP-SBJ-1 (PRP I)) (VP (VBP do) (RB not) (VP (VB like) (S (NP-SBJ (-NONE- *-1)) (VP (TO to) (VP (VB see) (, ,) (PP-LOC (IN in) (NP (DT the) (JJ corporate) (NNS areas))) (, ,) (INTJ (UH uh)) (, ,) (S (NP-SBJ-2 (PDT all) (DT the) (NNS women)) (VP (VBN dressed) (NP (-NONE- *-2)) (PP (IN like) (NP (NNS men))) (, ,) (PP (IN with) (NP (NP (DT the) (NNS suits)) (CC and) (, ,) (INTJ (UH uh)) (, ,) (NP (JJ white) (NNS shirts)) (CC and) (NP (NNS ties)) (CC and) (SBAR-ETC (WHNP-3 (WP what)) (SINV (VP (VB have) (NP (-NONE- *T*-3))) (NP-SBJ (PRP you)))))) (SBAR-PRP (IN so) (IN that) (S (NP-SBJ (NP (PRP they)) (NP (DT all))) (VP (VB look) (NP-PRD (RB exactly) (DT the) (JJ same))))))))))))))) (. .) (-DFL- E_S))",167
sw05utt/sw_0533_2486.utt,2/sw2486,2486,107,b,B,69,1,Uh-huh. /,[ Uh-huh/UH ] ./.,(INTJ (UH Uh-huh) (. .) (-DFL- E_S)),139
sw05utt/sw_0533_2486.utt,2/sw2486,2486,108,+,A,70,1,"with the suits and, {F uh, } white shirts and ties and what have you so that they all look exactly the same. /","with/IN  [ the/DT suits/NNS ] and/CC ,/,  [ uh/UH ] ,/,  [ white/JJ shirts/NNS ] and/CC  [ ties/NNS ] and/CC  [ what/WP ] have/VB  [ you/PRP ] so/IN that/IN  [ they/PRP ] [ all/DT ] look/VB exactly/RB  [ the/DT same/JJ ] ./.","(S (CONJP (CC And) (RB so)) (, ,) (NP-SBJ (PRP I)) (VP (VBP think) (, ,) (INTJ (UH uh)) (, ,) (INTJ (UH uh)) (PRN (, ,) (S (PP (IN of) (NP (NN course))) (, ,) (ADVP-TMP (RB now)) (NP-SBJ (PRP I)) (VP (VBP go) (NP-ADV (DT the) (JJ other) (NN extreme)))) (, ,)) (SBAR (-NONE- 0) (S (NP-SBJ-1 (PRP I)) (VP (VBP do) (RB not) (VP (VB like) (S (NP-SBJ (-NONE- *-1)) (VP (TO to) (VP (VB see) (, ,) (PP-LOC (IN in) (NP (DT the) (JJ corporate) (NNS areas))) (, ,) (INTJ (UH uh)) (, ,) (S (NP-SBJ-2 (PDT all) (DT the) (NNS women)) (VP (VBN dressed) (NP (-NONE- *-2)) (PP (IN like) (NP (NNS men))) (, ,) (PP (IN with) (NP (NP (DT the) (NNS suits)) (CC and) (, ,) (INTJ (UH uh)) (, ,) (NP (JJ white) (NNS shirts)) (CC and) (NP (NNS ties)) (CC and) (SBAR-ETC (WHNP-3 (WP what)) (SINV (VP (VB have) (NP (-NONE- *T*-3))) (NP-SBJ (PRP you)))))) (SBAR-PRP (IN so) (IN that) (S (NP-SBJ (NP (PRP they)) (NP (DT all))) (VP (VB look) (NP-PRD (RB exactly) (DT the) (JJ same))))))))))))))) (. .) (-DFL- E_S))",167
sw05utt/sw_0533_2486.utt,2/sw2486,2486,109,b,B,71,1,Uh-huh. /,[ Uh-huh/UH ] ./.,(INTJ (UH Uh-huh) (. .) (-DFL- E_S)),150
sw05utt/sw_0533_2486.utt,2/sw2486,2486,110,sd,A,72,1,"{F Uh, } I don't like that,  /","[ Uh/UH ] ,/,  [ I/PRP ] do/VBP n't/RB like/VB  [ that/DT ] ,/,","(S (INTJ (UH Uh)) (, ,) (NP-SBJ (PRP I)) (VP (VBP do) (RB n't) (VP (VB like) (NP (DT that)))) (, ,) (-DFL- E_S))",174
sw05utt/sw_0533_2486.utt,2/sw2486,2486,111,%,A,72,2,"I don't, - /","[ I/PRP ] do/VBP n't/RB ,/,","(S (NP-SBJ (PRP I)) (VP-UNF (VBP do) (RB n't)) (, ,) (-DFL- N_S))",175
sw05utt/sw_0533_2486.utt,2/sw2486,2486,112,sv,A,72,3,I think there should be individuality in dressing. /,[ I/PRP ] think/VBP  [ there/EX ] should/MD be/VB  [ individuality/NN ] in/IN  [ dressing/NN ] ./.,(S (NP-SBJ (PRP I)) (VP (VBP think) (SBAR (-NONE- 0) (S (NP-SBJ (EX there)) (VP (MD should) (VP (VB be) (NP-PRD (NN individuality)) (PP (IN in) (NP (NN dressing)))))))) (. .) (-DFL- E_S)),176
sw05utt/sw_0533_2486.utt,2/sw2486,2486,113,b,B,73,1,Uh-huh.  /,[ Uh-huh/UH ] ./.,(INTJ (UH Uh-huh) (. .) (-DFL- E_S)),150
sw05utt/sw_0533_2486.utt,2/sw2486,2486,114,sd,B,73,2,"Even with the very tailored look of a suit, sometimes I like to have [ someth-, +  [ a lit-, + just a little ] something ] that's feminine. /","Even/RB with/IN  [ the/DT very/RB tailored/JJ look/NN ] of/IN  [ a/DT suit/NN ] ,/, sometimes/RB  [ I/PRP ] like/VBP to/TO have/VB  [ someth-/NN ] ,/,  [ a/DT lit/JJ ] ,/, just/RB  [ a/DT little/JJ ] [ something/NN ] [ that/WDT ] [ 's/BES feminine/JJ ] ./.","(S (PP (ADVP (RB Even)) (IN with) (NP (NP (DT the) (ADJP (RB very) (JJ tailored)) (NN look)) (PP (IN of) (NP (DT a) (NN suit))))) (, ,) (ADVP-TMP (RB sometimes)) (NP-SBJ-1 (PRP I)) (VP (VBP like) (S (NP-SBJ (-NONE- *-1)) (VP (TO to) (VP (VB have) (EDITED (RM (-DFL- \[)) (NP-UNF (NN someth-)) (, ,) (IP (-DFL- \+))) (EDITED (RM (-DFL- \[)) (NP-UNF (DT a) (JJ lit-)) (, ,) (IP (-DFL- \+))) (NP (ADVP (RB just)) (NP (DT a) (JJ little) (RS (-DFL- \])) (NN something)) (RS (-DFL- \])) (SBAR (WHNP-2 (WDT that)) (S (NP-SBJ (-NONE- *T*-2)) (VP (BES 's) (ADJP-PRD (JJ feminine)))))))))) (. .) (-DFL- E_S))",179
sw05utt/sw_0533_2486.utt,2/sw2486,2486,115,aa,A,74,1,Yes. /,Yes/UH ./.,(INTJ (UH Yes) (. .) (-DFL- E_S)),181
sw05utt/sw_0533_2486.utt,2/sw2486,2486,116,%,B,75,1,"Not, {D you know, } - /","Not/RB ,/,  [ you/PRP ] know/VBP ,/,","(FRAG-UNF (RB Not) (PRN (, ,) (S (NP-SBJ (PRP you)) (VP (VBP know)))) (, ,) (-DFL- N_S))",183
sw05utt/sw_0533_2486.utt,2/sw2486,2486,117,sv,B,75,2,"you don't want to over do it but, just a little, a touch of it just to say, yes, I am a woman, /","[ you/PRP ] do/VBP n't/RB want/VB to/TO over/GW do/^VB   [ it/PRP ] but/CC ,/, just/RB  [ a/DT little/JJ ] ,/,  [ a/DT touch/NN ] of/IN  [ it/PRP ] just/RB to/TO say/VB ,/, yes/UH ,/,  [ I/PRP ] am/VBP  [ a/DT woman/NN ] ,/,","(S (NP-SBJ-1 (PRP you)) (VP (VBP do) (RB n't) (VP (VB want) (S (NP-SBJ (-NONE- *-1)) (VP (TO to) (VP (TYPO (GW over) (^VB do)) (NP (PRP it))))))))|||(FRAG (CC but) (, ,) (NP (RB just) (DT a) (JJ little)) (, ,) (NP (NP (DT a) (NN touch)) (PP (IN of) (NP (PRP it)))) (S-PRP (NP-SBJ (-NONE- *)) (ADVP (RB just)) (VP (TO to) (VP (VB say) (, ,) (S-SEZ (INTJ (UH yes)) (, ,) (NP-SBJ (PRP I)) (VP (VBP am) (NP-PRD (DT a) (NN woman))))))) (, ,) (-DFL- E_S))",184|||185
sw05utt/sw_0533_2486.utt,2/sw2486,2486,118,aa,A,76,1,Right. /,[ Right/UH ] ./.,(INTJ (UH Right) (. .) (-DFL- E_S)),161
sw05utt/sw_0533_2486.utt,2/sw2486,2486,119,sd,B,77,1,{C but } I can be professional too. /,but/CC  [ I/PRP ] can/MD be/VB professional/JJ too/RB ./.,(S (CC but) (NP-SBJ (PRP I)) (VP (MD can) (VP (VB be) (ADJP-PRD (JJ professional)) (ADVP (RB too)))) (. .) (-DFL- E_S)),189
sw05utt/sw_0533_2486.utt,2/sw2486,2486,120,sv,A,78,1,"[ {D Well, }  I, + ] {C and } I ]  don't think that you have to be manish and extremely tailored [  to, + to  ] look professional. /","Well/UH ,/,  [ I/PRP ] ,/, and/CC  [ I/PRP ] do/VBP n't/RB think/VB that/IN  [ you/PRP ] have/VBP to/TO be/VB manish/JJ and/CC extremely/RB tailored/VBN to/TO ,/, to/TO look/VB  [ professional/JJ ] ./.","(S (EDITED (RM (-DFL- \[)) (S-UNF (INTJ (UH Well)) (, ,) (NP-SBJ (PRP I))) (, ,) (IP (-DFL- \+)) (RS (-DFL- \]))) (CC and) (NP-SBJ (PRP I)) (RS (-DFL- \])) (VP (VBP do) (RB n't) (VP (VB think) (SBAR (IN that) (S (NP-SBJ-1 (PRP you)) (VP (VBP have) (S (NP-SBJ-2 (-NONE- *-1)) (VP (TO to) (VP (VB be) (ADJP-PRD (ADJP (TYPO (JJ manish))) (CC and) (ADJP (RB extremely) (VBN tailored))) (S-PRP (NP-SBJ (-NONE- *-2)) (EDITED (RM (-DFL- \[)) (VP-UNF (TO to)) (, ,) (IP (-DFL- \+))) (VP (TO to) (RS (-DFL- \])) (VP (VB look) (ADJP-PRD (JJ professional))))))))))))) (. .) (-DFL- E_S))",191
sw05utt/sw_0533_2486.utt,2/sw2486,2486,121,aa,B,79,1,"Right,  /","Right/UH ,/,","(INTJ (UH Right) (, ,) (-DFL- E_S))",193
sw05utt/sw_0533_2486.utt,2/sw2486,2486,122,b,B,79,2,uh-huh. /,[ uh-huh/UH ] ./.,(INTJ (UH uh-huh) (. .) (-DFL- E_S)),194
sw05utt/sw_0533_2486.utt,2/sw2486,2486,123,sv,A,80,1,"I think that [ you, + you ] make of that what you wish  /","[ I/PRP ] think/VBP that/IN  [ you/PRP ] ,/,  [ you/PRP ] make/VBP of/IN that/IN  [ what/WP ] [ you/PRP ] wish/VBP","(S (NP-SBJ (PRP I)) (VP (VBP think) (SBAR (IN that) (S (EDITED (RM (-DFL- \[)) (NP-SBJ (PRP you)) (, ,) (IP (-DFL- \+))) (NP-SBJ (PRP you)) (RS (-DFL- \])) (VP (VBP make) (PP (IN of) (NP (IN that))) (SBAR-NOM (WHNP-1 (WP what)) (S (NP-SBJ (PRP you)) (VP (VBP wish) (NP (-NONE- *T*-1))))))))) (-DFL- E_S))",196
sw05utt/sw_0533_2486.utt,2/sw2486,2486,124,sv,A,80,2,"{C and } you can go the opposite direction and, {F uh, } over do   all the frills and laces and flounces and  what have you, which don't belong  [ in the, +  [ in, + at least in my opinion, in the  ] ] work place, /","and/CC  [ you/PRP ] can/MD go/VB  [ the/DT opposite/JJ direction/NN ] and/CC ,/,  [ uh/UH ] ,/, over/GW do/^VB  [ all/PDT the/DT frills/NNS ] and/CC laces/NNS and/CC  [ flounces/NNS ] and/CC  [ what/WP ] have/VBP  [ you/PRP ] ,/,  [ which/WDT ] do/VBP n't/RB belong/VB in/IN  [ the/DT ] ,/, in/IN ,/, at/IN  [ least/JJS ] in/IN  [ my/PRP$ opinion/NN ] ,/, in/IN  [ the/DT work/NN place/NN ] ,/,","(S (CC and) (NP-SBJ (PRP you)) (VP (MD can) (VP (VP (VB go) (NP-ADV (DT the) (JJ opposite) (NN direction))) (CC and) (, ,) (INTJ (UH uh)) (, ,) (VP (TYPO (GW over) (^VB do)) (NP (NP (PDT all) (DT the) (NNS frills) (CC and) (NNS laces) (CC and) (NNS flounces)) (CC and) (SBARQ-NOM (WHNP-1 (WP what)) (SQ (VBP have) (NP-SBJ (PRP you)) (NP (-NONE- *T*-1)))) (, ,) (SBAR (WHNP-2 (WDT which)) (S (NP-SBJ (-NONE- *T*-2)) (VP (VBP do) (RB n't) (VP (VB belong) (EDITED (RM (-DFL- \[)) (PP-LOC (IN in) (NP-UNF (DT the))) (, ,) (IP (-DFL- \+))) (EDITED (RM (-DFL- \[)) (PP-LOC-UNF (IN in)) (, ,) (IP (-DFL- \+))) (PP (ADVP (IN at) (JJS least)) (IN in) (NP (PRP$ my) (NN opinion))) (, ,) (PP-LOC (IN in) (NP (DT the) (RS (-DFL- \])) (RS (-DFL- \])) (NN work) (NN place))))))))))) (, ,) (-DFL- E_S))",197
sw05utt/sw_0533_2486.utt,2/sw2486,2486,125,b,B,81,1,Right. /,[ Right/UH ] ./.,(INTJ (UH Right) (. .) (-DFL- E_S)),187
sw05utt/sw_0533_2486.utt,2/sw2486,2486,126,%,A,82,1,"{F Uh, } {C but } [ that, + that ] - /","[ Uh/UH ] ,/, but/CC that/IN ,/, that/IN","(S-UNF (INTJ (UH Uh)) (, ,) (CC but) (EDITED (RM (-DFL- \[)) (NP-SBJ (IN that)) (, ,) (IP (-DFL- \+))) (NP-SBJ (IN that)) (RS (-DFL- \])) (-DFL- N_S))",201
sw05utt/sw_0533_2486.utt,2/sw2486,2486,127,sv,A,82,2,"you can have a classical look without  [ a lot of, + a great deal of  ] adornment  and what have you and still be very feminine. /","[ you/PRP ] can/MD have/VB  [ a/DT classical/JJ look/NN ] without/IN  [ a/DT lot/NN ] of/IN ,/,  [ a/DT great/JJ deal/NN ] of/IN  [ adornment/NN ] and/CC  [ what/WP ] have/VBP  [ you/PRP ] and/CC still/RB be/VB very/RB feminine/JJ ./.","(S (NP-SBJ (PRP you)) (VP (MD can) (VP (VP (VB have) (NP (DT a) (JJ classical) (NN look)) (PP (IN without) (EDITED (RM (-DFL- \[)) (NP (NP (DT a) (NN lot)) (PP-UNF (IN of))) (, ,) (IP (-DFL- \+))) (NP (NP (DT a) (JJ great) (NN deal)) (PP (IN of) (RS (-DFL- \])) (NP (NP (NN adornment)) (CC and) (SBARQ-NOM (WHNP-1 (WP what)) (SQ (VBP have) (NP-SBJ (PRP you)) (NP (-NONE- *T*-1))))))))) (CC and) (VP (ADVP-TMP (RB still)) (VB be) (ADJP-PRD (RB very) (JJ feminine))))) (. .) (-DFL- E_S))",202
sw05utt/sw_0533_2486.utt,2/sw2486,2486,128,b,B,83,1,Uh-huh. /,[ Uh-huh/UH ] ./.,(INTJ (UH Uh-huh) (. .) (-DFL- E_S)),172
sw05utt/sw_0533_2486.utt,2/sw2486,2486,129,sd,A,84,1,{C Because } that was one thing I always fought against.  /,Because/IN  [ that/DT ] was/VBD  [ one/CD thing/NN ] [ I/PRP ] always/RB fought/VBD against/IN ./.,(SBAR-PRP (IN Because) (S (NP-SBJ (DT that)) (VP (VBD was) (NP-PRD (NP (CD one) (NN thing)) (SBAR (WHNP-1 (-NONE- 0)) (S (NP-SBJ (PRP I)) (ADVP-TMP (RB always)) (VP (VBD fought) (PP (IN against) (NP (-NONE- *T*-1))))))))) (. .) (-DFL- E_S)),206
sw05utt/sw_0533_2486.utt,2/sw2486,2486,130,sd,A,84,2,I started out as a physical education teacher. /,[ I/PRP ] started/VBD out/RP as/IN  [ a/DT physical/JJ education/NN teacher/NN ] ./.,(S (NP-SBJ (PRP I)) (VP (VBD started) (PRT (RP out)) (PP (IN as) (NP (DT a) (JJ physical) (NN education) (NN teacher)))) (. .) (-DFL- E_S)),207
sw05utt/sw_0533_2486.utt,2/sw2486,2486,131,b,B,85,1,Uh-huh. /,[ Uh-huh/UH ] ./.,(INTJ (UH Uh-huh) (. .) (-DFL- E_S)),178
sw05utt/sw_0533_2486.utt,2/sw2486,2486,132,sd,A,86,1,"{C So } I was always fighting against the idea of looking tailored or manish, /","So/RB  [ I/PRP ] was/VBD always/RB fighting/VBG against/IN  [ the/DT idea/NN ] of/IN looking/VBG  [ tailored/JJ ] or/CC  [ manish/JJ ] ,/,","(S (RB So) (NP-SBJ (PRP I)) (VP (VBD was) (ADVP-TMP (RB always)) (VP (VBG fighting) (PP (IN against) (NP (NP (DT the) (NN idea)) (PP (IN of) (S-NOM (NP-SBJ (-NONE- *)) (VP (VBG looking) (ADJP-PRD (JJ tailored) (CC or) (TYPO (JJ manish)))))))))) (, ,) (-DFL- E_S))",211
sw05utt/sw_0533_2486.utt,2/sw2486,2486,133,b,B,87,1,Right. /,[ Right/UH ] ./.,(INTJ (UH Right) (. .) (-DFL- E_S)),187
sw05utt/sw_0533_2486.utt,2/sw2486,2486,134,sd,A,88,1,"{F uh, } {C and } people would never, ever guess that I was Phys Ed  /","[ uh/UH ] ,/, and/CC  [ people/NNS ] would/MD never/RB ,/, ever/RB guess/VB that/IN  [ I/PRP ] was/VBD  [ Phys/NN Ed/NN ]","(S (INTJ (UH uh)) (, ,) (CC and) (NP-SBJ (NNS people)) (VP (MD would) (ADVP-TMP (RB never)) (, ,) (ADVP-TMP (RB ever)) (VP (VB guess) (SBAR (IN that) (S (NP-SBJ (PRP I)) (VP (VBD was) (NP-PRD (NN Phys) (NN Ed))))))) (-DFL- E_S))",215
sw05utt/sw_0533_2486.utt,2/sw2486,2486,135,sd,A,88,2,"[ {C and, } +  {F um, } {C and } ] that pleased me, /","and/CC ,/, um/UH ,/, and/CC  [ that/DT ] pleased/VBD  [ me/PRP ] ,/,","(S (EDITED (RM (-DFL- \[)) (CC and) (, ,) (IP (-DFL- \+))) (INTJ (UH um)) (, ,) (CC and) (RS (-DFL- \])) (NP-SBJ (DT that)) (VP (VBD pleased) (NP (PRP me))) (, ,) (-DFL- E_S))",216
sw05utt/sw_0533_2486.utt,2/sw2486,2486,136,b,B,89,1,Uh-huh. /,[ Uh-huh/UH ] ./.,(INTJ (UH Uh-huh) (. .) (-DFL- E_S)),204
sw05utt/sw_0533_2486.utt,2/sw2486,2486,137,sd,A,90,1,"{F uh, } {C and so, } then I, of course, just continued what I considered the best style of clothing for me at work  /","[ uh/UH ] ,/, and/CC so/UH ,/, then/RB  [ I/PRP ] ,/, of/IN  [ course/NN ] ,/, just/RB continued/VBD  [ what/WP ] [ I/PRP ] considered/VBD  [ the/DT best/JJS style/NN ] of/IN  [ clothing/NN ] for/IN  [ me/PRP ] at/IN  [ work/NN ]","(S (INTJ (UH uh)) (, ,) (CONJP (CC and) (UH so)) (, ,) (ADVP-TMP (RB then)) (NP-SBJ (PRP I)) (, ,) (PP (IN of) (NP (NN course))) (, ,) (ADVP (RB just)) (VP (VBD continued) (SBAR-NOM (WHNP-1 (WP what)) (S (NP-SBJ (PRP I)) (VP (VBD considered) (S (NP-SBJ (-NONE- *T*-1)) (NP-PRD (NP (DT the) (JJS best) (NN style)) (PP (IN of) (NP (NN clothing))) (PP (IN for) (NP (PRP me)))))))) (PP-LOC (IN at) (NP (NN work)))) (-DFL- E_S))",220
sw05utt/sw_0533_2486.utt,2/sw2486,2486,138,sd,A,90,2,"[ {C and, } +  {F uh, } {C and } ] I find [ even, + even  ] at home here now, [ I,  I  ] will wear blue jeans or I'll wear shorts and what have you, {F uh, }  and  be very comfortable  /","and/CC ,/,  [ uh/UH ] ,/, and/CC  [ I/PRP ] find/VBP even/RB ,/, even/RB at/IN  [ home/NN ] here/RB now/RB ,/,  [ I/PRP ] ,/,  [ I/PRP ] will/MD wear/VB  [ blue/JJ jeans/NNS ] or/CC  [ I/PRP ] 'll/MD wear/VB  [ shorts/NNS ] and/CC  [ what/WP ] have/VBP  [ you/PRP ] ,/,  [ uh/UH ] ,/, and/CC be/VB very/RB comfortable/JJ","(S (EDITED (RM (-DFL- \[)) (CC and) (, ,) (IP (-DFL- \+))) (INTJ (UH uh)) (, ,) (CC and) (RS (-DFL- \])) (NP-SBJ (PRP I)) (VP (VBP find) (SBAR (-NONE- 0) (S (S (EDITED (RM (-DFL- \[)) (ADVP (RB even)) (, ,) (IP (-DFL- \+))) (PP-LOC (ADVP (RB even)) (RS (-DFL- \])) (IN at) (NP (NN home))) (ADVP-LOC (RB here)) (ADVP-TMP (RB now)) (, ,) (EDITED (RM (-DFL- \[)) (NP-SBJ (PRP I))) (, ,) (NP-SBJ (PRP I)) (RS (-DFL- \])) (VP (MD will) (VP (VB wear) (NP (JJ blue) (NNS jeans))))) (CC or) (S (NP-SBJ (PRP I)) (VP (MD 'll) (VP (VP (VB wear) (NP (NP (NNS shorts)) (CC and) (SBARQ-NOM (WHNP-1 (WP what)) (SQ (VBP have) (NP-SBJ (PRP you)) (NP (-NONE- *T*-1)))))) (, ,) (INTJ (UH uh)) (, ,) (CC and) (VP (VB be) (ADJP-PRD (RB very) (JJ comfortable))))))))) (-DFL- E_S))",221
sw05utt/sw_0533_2486.utt,2/sw2486,2486,139,sd,A,90,3,"{C but } when I go out somewhere, then, {F uh, } unless I have a pair of dress slacks, I don't usually wear a lot of blue jeans. /","but/CC when/WRB  [ I/PRP ] go/VBP out/RP somewhere/RB ,/, then/RB ,/,  [ uh/UH ] ,/, unless/IN  [ I/PRP ] have/VBP  [ a/DT pair/NN ] of/IN  [ dress/NN slacks/NNS ] ,/,  [ I/PRP ] do/VBP n't/RB usually/RB wear/VB  [ a/DT lot/NN ] of/IN  [ blue/JJ jeans/NNS ] ./.","(S (CC but) (SBAR-TMP (WHADVP-1 (WRB when)) (S (NP-SBJ (PRP I)) (VP (VBP go) (PP-DIR (RP out) (ADVP (RB somewhere))) (ADVP-TMP (-NONE- *T*-1))))) (, ,) (ADVP-TMP (RB then)) (, ,) (INTJ (UH uh)) (, ,) (SBAR-ADV (IN unless) (S (NP-SBJ (PRP I)) (VP (VBP have) (NP (NP (DT a) (NN pair)) (PP (IN of) (NP (NN dress) (NNS slacks))))))) (, ,) (NP-SBJ (PRP I)) (VP (VBP do) (RB n't) (ADVP-TMP (RB usually)) (VP (VB wear) (NP (NP (DT a) (NN lot)) (PP (IN of) (NP (JJ blue) (NNS jeans)))))) (. .) (-DFL- E_S))",222
sw05utt/sw_0533_2486.utt,2/sw2486,2486,140,b,B,91,1,Uh-huh. /,[ Uh-huh/UH ] ./.,(INTJ (UH Uh-huh) (. .) (-DFL- E_S)),204
sw05utt/sw_0533_2486.utt,2/sw2486,2486,141,sd,A,92,1,I have difficulty getting them to fit me comfortably any how. /,[ I/PRP ] have/VBP  [ difficulty/NN ] getting/VBG  [ them/PRP ] to/TO fit/VB  [ me/PRP ] comfortably/RB  [ any/GW ] how/^RB ./.,(S (NP-SBJ-1 (PRP I)) (VP (VBP have) (NP (NP (NN difficulty)) (S-NOM (NP-SBJ (-NONE- *-1)) (VP (VBG getting) (S (NP-SBJ (PRP them)) (VP (TO to) (VP (VB fit) (NP (PRP me)) (ADVP-MNR (RB comfortably)))))))) (ADVP (TYPO (GW any) (^RB how)))) (. .) (-DFL- E_S)),226
sw05utt/sw_0533_2486.utt,2/sw2486,2486,142,b,B,93,1,Uh-huh  <breathing>. /,[ Uh-huh/UH ] ./.,(INTJ (UH Uh-huh) (. .) (-DFL- E_S)),204
sw05utt/sw_0533_2486.utt,2/sw2486,2486,143,sv,A,94,1,"{C And, so, } {F uh, } {F uh, } I just feel that, {F uh, } {D you know } each person has to dress to their own liking and for their own comfort. /","And/CC ,/, so/UH ,/,  [ uh/UH ] ,/,  [ uh/UH ] ,/,  [ I/PRP ] just/RB feel/VBP  [ that/DT ] ,/,  [ uh/UH ] ,/,  [ you/PRP ] know/VBP  [ each/DT person/NN ] has/VBZ to/TO dress/VB to/IN  [ their/PRP$ own/JJ liking/NN ] and/CC for/IN  [ their/PRP$ own/JJ comfort/NN ] ./.","(S (CONJP (CC And) (, ,) (UH so)) (, ,) (INTJ (UH uh)) (, ,) (INTJ (UH uh)) (, ,) (NP-SBJ (PRP I)) (ADVP (RB just)) (VP (VBP feel) (SBAR (DT that) (, ,) (INTJ (UH uh)) (PRN (, ,) (S (NP-SBJ (PRP you)) (VP (VBP know)))) (S (NP-SBJ-1 (DT each) (NN person)) (VP (VBZ has) (S (NP-SBJ (-NONE- *-1)) (VP (TO to) (VP (VB dress) (PP (PP (IN to) (NP (PRP$ their) (JJ own) (NN liking))) (CC and) (PP (IN for) (NP (PRP$ their) (JJ own) (NN comfort))))))))))) (. .) (-DFL- E_S))",230
sw05utt/sw_0533_2486.utt,2/sw2486,2486,144,b,B,95,1,Uh-huh. /,[ Uh-huh/UH ] ./.,(INTJ (UH Uh-huh) (. .) (-DFL- E_S)),204
sw05utt/sw_0533_2486.utt,2/sw2486,2486,145,sv,A,96,1,"{C But, } {F uh, } there are certain norms that companies should be able to, {F uh, } put out as guidelines for their employees. /","But/CC ,/,  [ uh/UH ] ,/,  [ there/EX ] are/VBP  [ certain/JJ norms/NNS ] that/WDT  [ companies/NNS ] should/MD be/VB able/JJ to/TO ,/,  [ uh/UH ] ,/, put/VBN out/RP as/IN  [ guidelines/NNS ] for/IN  [ their/PRP$ employees/NNS ] ./.","(S (CC But) (, ,) (INTJ (UH uh)) (, ,) (NP-SBJ (EX there)) (VP (VBP are) (NP-PRD (NP (JJ certain) (NNS norms)) (SBAR (WHNP-1 (WDT that)) (S (NP-SBJ (NNS companies)) (VP (MD should) (VP (VB be) (ADJP-PRD (JJ able) (S (NP-SBJ (-NONE- *)) (VP (TO to) (, ,) (INTJ (UH uh)) (, ,) (VP (VBN put) (NP (-NONE- *T*-1)) (PRT (RP out)) (PP (IN as) (NP (NP (NNS guidelines)) (PP (IN for) (NP (PRP$ their) (NNS employees))))))))))))))) (. .) (-DFL- E_S))",234
sw05utt/sw_0533_2486.utt,2/sw2486,2486,146,aa,B,97,1,"Right,  /","Right/UH ,/,","(INTJ (UH Right) (, ,) (-DFL- E_S))",236
sw05utt/sw_0533_2486.utt,2/sw2486,2486,147,sd,B,97,2,"that's [ what I, + one thing I  ] like about T I is that they aren't overly strict about what you wear  /","[ that/DT ] 's/BES  [ what/WP ] [ I/PRP ] ,/,  [ one/CD thing/NN ] [ I/PRP ] like/VBP about/IN  [ T/NNP I/NNP ] is/VBZ that/IN  [ they/PRP ] are/VBP n't/RB overly/RB strict/JJ about/IN  [ what/WP ] [ you/PRP ] wear/VBP","(S (S-SBJ (NP-SBJ (DT that)) (VP (BES 's) (EDITED (RM (-DFL- \[)) (SBAR-NOM-PRD (WHNP (WP what)) (S-UNF (NP-SBJ (PRP I)))) (, ,) (IP (-DFL- \+))) (NP-PRD (NP (CD one) (NN thing)) (SBAR (WHNP-2 (-NONE- 0)) (S (NP-SBJ (PRP I)) (RS (-DFL- \])) (VP (VBP like) (NP (-NONE- *T*-2)) (PP (IN about) (NP (NNP T) (NNP I))))))))) (VP (VBZ is) (SBAR-PRD (IN that) (S (NP-SBJ (PRP they)) (VP (VBP are) (RB n't) (ADJP-PRD (RB overly) (JJ strict) (PP (IN about) (SBAR-NOM (WHNP-3 (WP what)) (S (NP-SBJ (PRP you)) (VP (VBP wear) (NP (-NONE- *T*-3))))))))))) (-DFL- E_S))",237
sw05utt/sw_0533_2486.utt,2/sw2486,2486,148,sd,B,97,3,"{C and } [ they don't, +  {D you know, }  your boss doesn't ] come up to you and say now remember, tomorrow you have a meeting so you'd better wear a suit. /","and/CC  [ they/PRP ] do/VBP n't/RB ,/,  [ you/PRP ] know/VBP ,/,  [ your/PRP$ boss/NN ] does/VBZ n't/RB come/VB up/IN to/IN  [ you/PRP ] and/CC say/VB now/RB remember/VB ,/, tomorrow/RB  [ you/PRP ] have/VBP  [ a/DT meeting/NN ] so/RB  [ you/PRP ] 'd/MD better/RB wear/VB  [ a/DT suit/NN ] ./.","(S (CC and) (EDITED (RM (-DFL- \[)) (S (NP-SBJ (PRP they)) (VP-UNF (VBP do) (RB n't))) (, ,) (IP (-DFL- \+))) (PRN (S (NP-SBJ (PRP you)) (VP (VBP know))) (, ,)) (NP-SBJ (PRP$ your) (NN boss)) (VP (VBZ does) (RB n't) (RS (-DFL- \])) (VP (VP (VB come) (PP-DIR (IN up) (PP (IN to) (NP (PRP you))))) (CC and) (VP (VB say) (S-SEZ (S-IMP (INTJ (RB now)) (NP-SBJ (-NONE- *)) (VP (VB remember))) (, ,) (S (NP-TMP (RB tomorrow)) (NP-SBJ (PRP you)) (VP (VBP have) (NP (DT a) (NN meeting)))))))))|||(S (RB so) (NP-SBJ (PRP you)) (VP (MD 'd) (ADVP (RB better)) (VP (VB wear) (NP (DT a) (NN suit)))) (. .) (-DFL- E_S))",238|||239
sw05utt/sw_0533_2486.utt,2/sw2486.pos,2486,149,x,A,98,1,<Laughter>.,./.
sw05utt/sw_0533_2486.utt,2/sw2486,2486,150,sd,B,99,1,"{E I mean, } [ they, + they ] leave it up to you and your judgment  [ to, +","[ I/PRP ] mean/VBP ,/,  [ they/PRP ] ,/,  [ they/PRP ] leave/VBP  [ it/PRP ] up/IN to/IN  [ you/PRP ] and/CC  [ your/PRP$ judgment/NN ] to/TO ,/,","(S (PRN (S (NP-SBJ (PRP I)) (VP (VBP mean))) (, ,)) (EDITED (RM (-DFL- \[)) (NP-SBJ (PRP they)) (, ,) (IP (-DFL- \+))) (NP-SBJ (PRP they)) (RS (-DFL- \])) (VP (VBP leave) (NP (PRP it)) (PP (IN up) (PP (IN to) (NP (NP (PRP you)) (CC and) (NP (PRP$ your) (NN judgment))))) (S (NP-SBJ (-NONE- *)) (EDITED (RM (-DFL- \[)) (VP-UNF (TO to)) (, ,) (IP (-DFL- \+))) (VP (TO to) (RS (-DFL- \])) (VP (VP (VB use) (NP (JJ good) (NN judgment))) (CC and) (VP (VB dress) (ADVP-MNR (RB tastefully))) (CC and) (VP (VB dress) (PP (IN for) (SBAR-NOM (WHNP-1 (WDT whatever) (NN occasion)) (S (NP-SBJ (PRP you)) (VP (MD may) (VP (VB have) (NP (-NONE- *T*-1)))))))))))) (. .) (-DFL- E_S))",242
sw05utt/sw_0533_2486.utt,2/sw2486,2486,151,b,A,100,1,Right. /,[ Right/UH ] ./.,(INTJ (UH Right) (. .) (-DFL- E_S)),244
sw05utt/sw_0533_2486.utt,2/sw2486,2486,152,+,B,101,1,to  ] use good judgment and dress tastefully and dress for whatever occasion you may have. /,to/TO use/VB  [ good/JJ judgment/NN ] and/CC  [ dress/VB ] tastefully/RB and/CC dress/VB for/IN  [ whatever/WDT occasion/NN ] [ you/PRP ] may/MD have/VB ./.,"(S (PRN (S (NP-SBJ (PRP I)) (VP (VBP mean))) (, ,)) (EDITED (RM (-DFL- \[)) (NP-SBJ (PRP they)) (, ,) (IP (-DFL- \+))) (NP-SBJ (PRP they)) (RS (-DFL- \])) (VP (VBP leave) (NP (PRP it)) (PP (IN up) (PP (IN to) (NP (NP (PRP you)) (CC and) (NP (PRP$ your) (NN judgment))))) (S (NP-SBJ (-NONE- *)) (EDITED (RM (-DFL- \[)) (VP-UNF (TO to)) (, ,) (IP (-DFL- \+))) (VP (TO to) (RS (-DFL- \])) (VP (VP (VB use) (NP (JJ good) (NN judgment))) (CC and) (VP (VB dress) (ADVP-MNR (RB tastefully))) (CC and) (VP (VB dress) (PP (IN for) (SBAR-NOM (WHNP-1 (WDT whatever) (NN occasion)) (S (NP-SBJ (PRP you)) (VP (MD may) (VP (VB have) (NP (-NONE- *T*-1)))))))))))) (. .) (-DFL- E_S))",242
sw05utt/sw_0533_2486.utt,2/sw2486,2486,153,b,A,102,1,Yes. /,Yes/UH ./.,(INTJ (UH Yes) (. .) (-DFL- E_S)),247
sw05utt/sw_0533_2486.utt,2/sw2486,2486,154,sd,B,103,1,"The only real restrictions they have are, {F uh, } no halter tops and no shorts, even the long walking short of the squirts, [ the, + the ] split skirts,","[ The/DT only/JJ real/JJ restrictions/NNS they/PRP ] have/VBP are/VBP ,/,  [ uh/UH ] ,/,  [ no/DT halter/NN tops/NNS ] and/CC  [ no/DT shorts/NNS ] ,/, even/RB  [ the/DT long/JJ ] walking/NN  [ short/NN ] of/IN  [ the/DT squirts/NNS ] ,/,  [ the/DT ] ,/,  [ the/DT split/JJ ] skirts/NNS ,/,","(S (NP-SBJ (NP (DT The) (JJ only) (JJ real) (NNS restrictions)) (SBAR (WHNP-1 (-NONE- 0)) (S (NP-SBJ (PRP they)) (VP (VBP have) (NP (-NONE- *T*-1)))))) (VP (VBP are) (, ,) (INTJ (UH uh)) (, ,) (NP-PRD (NP (DT no) (NN halter) (NNS tops)) (CC and) (NP (DT no) (NNS shorts)))) (, ,))|||(S (NP-TPC-4 (NP (NP (RB even) (DT the) (JJ long) (NN walking) (NN short)) (PP (IN of) (NP (DT the) (NNS squirts)))) (, ,) (EDITED (RM (-DFL- \[)) (NP-UNF (DT the)) (, ,) (IP (-DFL- \+))) (NP (DT the) (RS (-DFL- \])) (JJ split) (NNS skirts)) (, ,) (NP (NP (NN anything)) (SBAR (EDITED (RM (-DFL- \[)) (WHNP (WDT that)) (, ,) (IP (-DFL- \+))) (WHNP-2 (IN that)) (RS (-DFL- \])) (S (NP-SBJ-3 (-NONE- *T*-2)) (VP (MD could) (VP (VB be) (VP (VBN considered) (S (NP-SBJ (-NONE- *-3)) (NP-PRD (NNS shorts)))))))))) (NP-SBJ (PRP they)) (VP (VBP do) (RB n't) (VP (VB allow) (NP (-NONE- *T*-4)))) (. .) (-DFL- E_S))",249|||250
sw05utt/sw_0533_2486.utt,2/sw2486,2486,155,b,A,104,1,Yes. /,Yes/UH ./.,(INTJ (UH Yes) (. .) (-DFL- E_S)),247
sw05utt/sw_0533_2486.utt,2/sw2486,2486,156,+,B,105,1,"anything [ that, + that ] could be considered shorts they don't allow. /","[ anything/NN ] [ that/WDT ] ,/, that/IN could/MD be/VB considered/VBN  [ shorts/NNS they/PRP ] do/VBP n't/RB allow/VB ./.","(S (NP-TPC-4 (NP (NP (RB even) (DT the) (JJ long) (NN walking) (NN short)) (PP (IN of) (NP (DT the) (NNS squirts)))) (, ,) (EDITED (RM (-DFL- \[)) (NP-UNF (DT the)) (, ,) (IP (-DFL- \+))) (NP (DT the) (RS (-DFL- \])) (JJ split) (NNS skirts)) (, ,) (NP (NP (NN anything)) (SBAR (EDITED (RM (-DFL- \[)) (WHNP (WDT that)) (, ,) (IP (-DFL- \+))) (WHNP-2 (IN that)) (RS (-DFL- \])) (S (NP-SBJ-3 (-NONE- *T*-2)) (VP (MD could) (VP (VB be) (VP (VBN considered) (S (NP-SBJ (-NONE- *-3)) (NP-PRD (NNS shorts)))))))))) (NP-SBJ (PRP they)) (VP (VBP do) (RB n't) (VP (VB allow) (NP (-NONE- *T*-4)))) (. .) (-DFL- E_S))",250
sw05utt/sw_0533_2486.utt,2/sw2486,2486,157,ba,A,106,1,That's good. /,[ That/DT ] 's/BES good/JJ ./.,(S (NP-SBJ (DT That)) (VP (BES 's) (ADJP-PRD (JJ good))) (. .) (-DFL- E_S)),255
sw05utt/sw_0533_2486.utt,2/sw2486,2486,158,sd,B,107,1,"{C And } they don't allow, {F uh, } [ any sweat, + any sweat  ] shirts or t shirts that might have vulgar, or, {D you know, } anything like that on it,  /","And/CC  [ they/PRP ] do/VBP n't/RB allow/VB ,/,  [ uh/UH ] ,/,  [ any/DT sweat/NN ] ,/,  [ any/DT sweat/NN shirts/NNS ] or/CC  [ t/NN shirts/NNS ] [ that/WDT ] might/MD have/VB  [ vulgar/JJ ] ,/, or/CC ,/,  [ you/PRP ] know/VBP ,/,  [ anything/NN ] like/IN  [ that/DT ] on/IN  [ it/PRP ] ,/,","(S (CC And) (NP-SBJ (PRP they)) (VP (VBP do) (RB n't) (VP (VB allow) (, ,) (INTJ (UH uh)) (, ,) (EDITED (RM (-DFL- \[)) (NP-UNF (DT any) (NN sweat)) (, ,) (IP (-DFL- \+))) (NP (NP (DT any) (NN sweat) (RS (-DFL- \])) (NNS shirts) (CC or) (NN t) (NNS shirts)) (SBAR (WHNP-1 (WDT that)) (S (NP-SBJ (-NONE- *T*-1)) (VP (MD might) (VP (VB have) (NP (NP-UNF (JJ vulgar)) (, ,) (CC or) (PRN (, ,) (S (NP-SBJ (PRP you)) (VP (VBP know))) (, ,)) (NP (NP (NN anything)) (PP (IN like) (NP (DT that))))) (PP-LOC (IN on) (NP (PRP it)))))))))) (, ,) (-DFL- E_S))",257
sw05utt/sw_0533_2486.utt,2/sw2486,2486,159,sd,B,107,2,"{C but, }","but/CC ,/,","(S (CC but) (, ,) (ADVP (JJ other) (PP (IN than) (NP (DT that)))) (, ,) (NP-SBJ (PRP it)) (VP (BES 's) (EDITED (RM (-DFL- \[)) (ADJP-PRD-UNF (RB pretty)) (, ,) (IP (-DFL- \+))) (ADVP-PRD (RB pretty) (RS (-DFL- \])) (JJ lax))) (-DFL- E_S))",258
sw05utt/sw_0533_2486.utt,2/sw2486,2486,160,b,A,108,1,"Yeah,  /","Yeah/UH ,/,","(INTJ (UH Yeah) (, ,) (-DFL- E_S))",260
sw05utt/sw_0533_2486.utt,2/sw2486,2486,161,b,A,108,2,uh-huh. /,[ uh-huh/UH ] ./.,(INTJ (UH uh-huh) (. .) (-DFL- E_S)),261
sw05utt/sw_0533_2486.utt,2/sw2486,2486,162,+,B,109,1,"other than that, it's [ pretty, + pretty ] lax  /","[ other/JJ ] than/IN  [ that/DT ] ,/,  [ it/PRP ] 's/BES pretty/RB ,/, pretty/RB lax/JJ","(S (CC but) (, ,) (ADVP (JJ other) (PP (IN than) (NP (DT that)))) (, ,) (NP-SBJ (PRP it)) (VP (BES 's) (EDITED (RM (-DFL- \[)) (ADJP-PRD-UNF (RB pretty)) (, ,) (IP (-DFL- \+))) (ADVP-PRD (RB pretty) (RS (-DFL- \])) (JJ lax))) (-DFL- E_S))",258
sw05utt/sw_0533_2486.utt,2/sw2486,2486,163,sv,B,109,2,{C and } I think that's good because it does allow people to be individual  /,and/CC  [ I/PRP ] think/VBP  [ that/DT ] 's/BES good/JJ because/IN  [ it/PRP ] does/VBZ allow/VB  [ people/NNS ] to/TO be/VB individual/JJ,(S (CC and) (NP-SBJ (PRP I)) (VP (VBP think) (SBAR (-NONE- 0) (S (NP-SBJ (DT that)) (VP (BES 's) (ADJP-PRD (JJ good)) (SBAR-PRP (IN because) (S (NP-SBJ (PRP it)) (VP (VBZ does) (VP (VB allow) (S (NP-SBJ (NNS people)) (VP (TO to) (VP (VB be) (ADJP-PRD (JJ individual))))))))))))) (-DFL- E_S)),263
sw05utt/sw_0533_2486.utt,2/sw2486,2486,164,sv,B,109,3,{C and } it allows you to kind of dress the way you feel that day. /,and/CC  [ it/PRP ] allows/VBZ  [ you/PRP ] to/TO  [ kind/RB ] of/RB  [ dress/NN ] [ the/DT way/NN ] [ you/PRP ] feel/VBP  [ that/DT day/NN ] ./.,(S (CC and) (NP-SBJ (PRP it)) (VP (VBZ allows) (S (NP-SBJ (PRP you)) (VP (TO to) (ADVP (RB kind) (RB of)) (VP (NN dress) (NP-MNR (NP (DT the) (NN way)) (SBAR (WHADVP-1 (-NONE- 0)) (S (NP-SBJ (PRP you)) (VP (VBP feel) (ADVP-MNR (-NONE- *T*-1)) (NP-TMP (DT that) (NN day)))))))))) (. .) (-DFL- E_S)),264
sw05utt/sw_0533_2486.utt,2/sw2486,2486,165,b,A,110,1,Yes. /,Yes/UH ./.,(INTJ (UH Yes) (. .) (-DFL- E_S)),247
sw05utt/sw_0533_2486.utt,2/sw2486,2486,166,sv,B,111,1,"{C Or, } {D you know, } if you want to be comfortable and casual you can,  /","Or/CC ,/,  [ you/PRP ] know/VBP ,/, if/IN  [ you/PRP ] want/VBP to/TO be/VB comfortable/JJ and/CC  [ casual/JJ you/PRP ] can/MD ,/,","(S (CC Or) (PRN (, ,) (S (NP-SBJ (PRP you)) (VP (VBP know))) (, ,)) (SBAR-ADV (IN if) (S (NP-SBJ-1 (PRP you)) (VP (VBP want) (S (NP-SBJ (-NONE- *-1)) (VP (TO to) (VP (VB be) (ADJP-PRD (JJ comfortable) (CC and) (JJ casual)))))))) (NP-SBJ (PRP you)) (VP (MD can) (VP (-NONE- *?*))) (, ,) (-DFL- E_S))",268
sw05utt/sw_0533_2486.utt,2/sw2486,2486,167,sv@,B,111,2,"{C and } sometimes I think you may be more productive if you're comfortable with what your wearing and can [ [ be, + be, ] + feel ] more relaxed.    *[[slash needed]]","and/CC sometimes/RB  [ I/PRP ] think/VBP  [ you/PRP ] may/MD be/VB more/RBR productive/JJ if/IN  [ you/PRP ] 're/VBP comfortable/JJ with/IN  [ what/WP ] [ you/PRP 're/VBP ] wearing/VBG and/CC can/MD be/VB ,/, be/VB ,/, feel/VB more/RBR relaxed/JJ ./.","(S (CC and) (ADVP-TMP (RB sometimes)) (NP-SBJ (PRP I)) (VP (VBP think) (SBAR (-NONE- 0) (S (NP-SBJ (PRP you)) (VP (MD may) (VP (VB be) (ADJP-PRD (RBR more) (JJ productive)) (SBAR-ADV (IN if) (S (NP-SBJ (PRP you)) (VP (VP (VBP 're) (ADJP-PRD (JJ comfortable) (PP (IN with) (SBAR-NOM (WHNP-1 (WP what)) (S (NP-SBJ (PRP you)) (VP (VBP 're) (VP (VBG wearing) (NP (-NONE- *T*-1))))))))) (CC and) (VP (MD can) (EDITED (RM (-DFL- \[)) (EDITED (RM (-DFL- \[)) (VP-UNF (VB be)) (, ,) (IP (-DFL- \+))) (VP-UNF (VB be)) (, ,) (RS (-DFL- \])) (IP (-DFL- \+))) (VP (VB feel) (RS (-DFL- \])) (ADJP-PRD (RBR more) (JJ relaxed)))))))))))) (. .))",269
sw05utt/sw_0533_2486.utt,2/sw2486,2486,168,b,A,112,1,Right. /,[ Right/UH ] ./.,(INTJ (UH Right) (. .) (-DFL- E_S)),244
sw05utt/sw_0533_2486.utt,2/sw2486,2486,169,+,B,113,1,"Whereas, {F uh, } sometimes when your in the suit and feel, kind of almost stiff and [ you're not, + {D you know, } maybe you [ don't, + {F uh, } can't ] ] get as comfortable to sit down  /  *[[sv]]","Whereas/IN ,/,  [ uh/UH ] ,/, sometimes/RB when/WRB you/PRP 're/VBP in/IN   [ the/DT suit/NN ] and/CC  [ feel/VBP ] ,/,  [ kind/RB ] of/RB almost/RB stiff/JJ and/CC  [ you/PRP ] 're/VBP not/RB ,/,  [ you/PRP ] know/VBP ,/, maybe/RB  [ you/PRP ] do/VBP n't/RB ,/,  [ uh/UH ] ,/, ca/MD n't/RB get/VB as/RB comfortable/JJ to/TO sit/VB down/RP","(SBAR-ADV (IN Whereas) (, ,) (INTJ (UH uh)) (, ,) (S-UNF (ADVP-TMP (RB sometimes)) (SBAR-TMP (WHADVP-1 (WRB when)) (S (S (NP-SBJ (PRP you)) (VP (VP (VBP 're) (PP-LOC-PRD (IN in) (NP (DT the) (NN suit)))) (CC and) (VP (VBP feel) (, ,) (ADVP (RB kind) (RB of)) (ADJP-PRD (RB almost) (JJ stiff))))) (CC and) (S (EDITED (RM (-DFL- \[)) (S (NP-SBJ (PRP you)) (VP-UNF (VBP 're) (RB not))) (, ,) (IP (-DFL- \+))) (PRN (S (NP-SBJ (PRP you)) (VP (VBP know))) (, ,)) (ADVP (RB maybe)) (NP-SBJ-2 (PRP you)) (EDITED (RM (-DFL- \[)) (VP-UNF (VBP do) (RB n't)) (, ,) (IP (-DFL- \+))) (INTJ (UH uh)) (, ,) (VP (MD ca) (RB n't) (RS (-DFL- \])) (RS (-DFL- \])) (VP (VB get) (ADJP-PRD (RB as) (JJ comfortable)) (S-PRP (NP-SBJ (-NONE- *-2)) (VP (TO to) (VP (VB sit) (ADVP (RP down)))))))) (ADVP-TMP (-NONE- *T*-1))))) (-DFL- E_S))",270
sw05utt/sw_0533_2486.utt,2/sw2486,2486,170,sv,B,113,2,"{C and, } {D you know, } {D like } when I'm writing training material, I prefer to be more comfortable unless I know I have to meet with a customer later during the day. /","and/CC ,/,  [ you/PRP ] know/VBP ,/, like/IN when/WRB  [ I/PRP ] 'm/VBP writing/VBG  [ training/NN material/NN ] ,/,  [ I/PRP ] prefer/VBP to/TO be/VB more/RBR comfortable/JJ unless/IN  [ I/PRP ] know/VBP  [ I/PRP ] have/VBP to/TO meet/VB with/IN  [ a/DT customer/NN ] later/RB during/IN  [ the/DT day/NN ] ./.","(S (CC and) (PRN (, ,) (S (NP-SBJ (PRP you)) (VP (VBP know))) (, ,)) (INTJ (UH like)) (SBAR-TMP (WHADVP-1 (WRB when)) (S (NP-SBJ (PRP I)) (VP (VBP 'm) (VP (VBG writing) (NP (NN training) (NN material)) (ADVP-TMP (-NONE- *T*-1)))))) (, ,) (NP-SBJ-2 (PRP I)) (VP (VBP prefer) (S (NP-SBJ (-NONE- *-2)) (VP (TO to) (VP (VB be) (ADJP-PRD (RBR more) (JJ comfortable)) (SBAR-ADV (IN unless) (S (NP-SBJ (PRP I)) (VP (VBP know) (SBAR (-NONE- 0) (S (NP-SBJ-3 (PRP I)) (VP (VBP have) (S (NP-SBJ (-NONE- *-3)) (VP (TO to) (VP (VB meet) (PP (IN with) (NP (DT a) (NN customer))) (ADVP-TMP (RB later)) (PP-TMP (IN during) (NP (DT the) (NN day)))))))))))))))) (. .) (-DFL- E_S))",274
sw05utt/sw_0533_2486.utt,2/sw2486,2486,171,b,A,114,1,"Right,  /","Right/UH ,/,","(INTJ (UH Right) (, ,) (-DFL- E_S))",276
sw05utt/sw_0533_2486.utt,2/sw2486,2486,172,b^r,A,114,2,right. /,right/UH ./.,(INTJ (UH right) (. .) (-DFL- E_S)),277
sw05utt/sw_0533_2486.utt,2/sw2486,2486,173,sv,B,115,1,"{C So, } [ that's + I think, that is ] good that they're like that.  /","So/UH ,/,  [ that/DT ] 's/BES  [ I/PRP ] think/VBP ,/,  [ that/DT ] is/VBZ good/JJ that/IN  [ they/PRP ] 're/VBP like/IN  [ that/DT ] ./.","(S (RB So) (, ,) (EDITED (RM (-DFL- \[)) (S (NP-SBJ (DT that)) (VP-UNF (BES 's))) (IP (-DFL- \+))) (NP-SBJ (PRP I)) (VP (VBP think) (, ,) (SBAR (-NONE- 0) (S (NP-SBJ (DT that)) (VP (VBZ is) (RS (-DFL- \])) (ADJP-PRD (JJ good)) (SBAR-TPC (IN that) (S (NP-SBJ (PRP they)) (VP (VBP 're) (PP-PRD (IN like) (NP (DT that)))))))))) (. .) (-DFL- E_S))",279
sw05utt/sw_0533_2486.utt,2/sw2486,2486,174,sv,B,115,2,I do know there's a lot of companies that are very strict about what the employees wear  /,[ I/PRP ] do/VBP know/VB  [ there/EX ] 's/BES  [ a/DT lot/NN ] of/IN  [ companies/NNS ] [ that/WDT ] are/VBP very/RB strict/JJ about/IN  [ what/WP ] [ the/DT employees/NNS ] wear/VBP,(S (NP-SBJ (PRP I)) (VP (VBP do) (VP (VB know) (SBAR (-NONE- 0) (S (NP-SBJ (EX there)) (VP (BES 's) (NP-PRD (NP (DT a) (NN lot)) (PP (IN of) (NP (NP (NNS companies)) (SBAR (WHNP-1 (WDT that)) (S (NP-SBJ (-NONE- *T*-1)) (VP (VBP are) (ADJP-PRD (RB very) (JJ strict) (PP (IN about) (SBAR-NOM (WHNP-2 (WP what)) (S (NP-SBJ (DT the) (NNS employees)) (VP (VBP wear) (NP (-NONE- *T*-2)))))))))))))))))) (-DFL- E_S)),280
sw05utt/sw_0533_2486.utt,2/sw2486,2486,175,sv,B,115,3,"{C and } they must wear blue or gray  or  black  and  a white shirt and,","and/CC  [ they/PRP ] must/MD wear/VB  [ blue/NN ] or/CC  [ gray/NN ] or/CC  [ black/NN ] and/CC  [ a/DT white/JJ shirt/NN ] and/CC ,/,","(S (CC and) (NP-SBJ (PRP they)) (VP (MD must) (VP (VB wear) (NP (NP (NN blue) (CC or) (NN gray) (CC or) (NN black)) (CC and) (NP (DT a) (JJ white) (NN shirt)) (CC and) (PRN (, ,) (S (NP-SBJ (PRP you)) (VP (VBP know))) (, ,)) (NP (DT no) (NN variation))))) (, ,) (-DFL- E_S))",281
sw05utt/sw_0533_2486.utt,2/sw2486,2486,176,b,A,116,1,Yeah. /,Yeah/UH ./.,(INTJ (UH Yeah) (. .) (-DFL- E_S)),283
sw05utt/sw_0533_2486.utt,2/sw2486,2486,177,+,B,117,1,"{D you know, } no variation,  /","[ you/PRP ] know/VBP ,/,  [ no/DT variation/NN ] ,/,","(S (CC and) (NP-SBJ (PRP they)) (VP (MD must) (VP (VB wear) (NP (NP (NN blue) (CC or) (NN gray) (CC or) (NN black)) (CC and) (NP (DT a) (JJ white) (NN shirt)) (CC and) (PRN (, ,) (S (NP-SBJ (PRP you)) (VP (VBP know))) (, ,)) (NP (DT no) (NN variation))))) (, ,) (-DFL- E_S))",281
sw05utt/sw_0533_2486.utt,2/sw2486,2486,178,sv,B,117,2,"{C and } [ I don't, + I don't ] quite agree with that. /","and/CC  [ I/PRP ] do/VBP n't/RB ,/,  [ I/PRP ] do/VBP n't/RB quite/RB agree/VB with/IN  [ that/DT ] ./.","(S (CC and) (EDITED (RM (-DFL- \[)) (S (NP-SBJ (PRP I)) (VP-UNF (VBP do) (RB n't))) (, ,) (IP (-DFL- \+))) (NP-SBJ (PRP I)) (VP (VBP do) (RB n't) (RS (-DFL- \])) (ADVP (RB quite)) (VP (VB agree) (PP (IN with) (NP (DT that))))) (. .) (-DFL- E_S))",285
sw05utt/sw_0533_2486.utt,2/sw2486,2486,179,aa,A,118,1,"Yeah,  /","Yeah/UH ,/,","(INTJ (UH Yeah) (, ,) (-DFL- E_S))",260
sw05utt/sw_0533_2486.utt,2/sw2486,2486,180,sd,A,118,2,"well, I don't either.  /","well/UH ,/,  [ I/PRP ] do/VBP n't/RB either/RB ./.","(S (INTJ (UH well)) (, ,) (NP-SBJ (PRP I)) (VP (VBP do) (RB n't) (ADVP (RB either))) (. .) (-DFL- E_S))",288
sw05utt/sw_0533_2486.utt,2/sw2486,2486,181,sd,A,118,3,Fortunately I don't have to work in those companies <laughter>. /,[ Fortunately/RB I/PRP ] do/VBP n't/RB have/VB to/TO work/VB in/IN  [ those/DT companies/NNS ] ./.,(S (ADVP (RB Fortunately)) (NP-SBJ-1 (PRP I)) (VP (VBP do) (RB n't) (VP (VB have) (S (NP-SBJ (-NONE- *-1)) (VP (TO to) (VP (VB work) (PP-LOC (IN in) (NP (DT those) (NNS companies)))))))) (. .) (-DFL- E_S)),289
sw05utt/sw_0533_2486.utt,2/sw2486,2486,182,aa,B,119,1,Right. /,[ Right/UH ] ./.,(INTJ (UH Right) (. .) (-DFL- E_S)),272
sw05utt/sw_0533_2486.utt,2/sw2486,2486,183,sd,A,120,1,"{C But, } {F uh, } [ I, + I, ] {F uh, } did have a group come over from one of the banks, over the children's hospital where I was volunteering  /","But/CC ,/,  [ uh/UH ] ,/,  [ I/PRP ] ,/,  [ I/PRP ] ,/,  [ uh/UH ] ,/, did/VBD have/VB  [ a/DT group/NN ] come/VB over/RP from/IN  [ one/CD ] of/IN  [ the/DT banks/NNS ] ,/, over/IN  [ the/DT children/NNS 's/POS hospital/NN ] where/WRB  [ I/PRP ] was/VBD volunteering/VBG","(S (CC But) (, ,) (INTJ (UH uh)) (, ,) (EDITED (RM (-DFL- \[)) (NP-SBJ (PRP I)) (, ,) (IP (-DFL- \+))) (NP-SBJ (PRP I)) (, ,) (RS (-DFL- \])) (INTJ (UH uh)) (, ,) (VP (VBD did) (VP (VB have) (S (NP-SBJ (DT a) (NN group)) (VP (VB come) (PP-DIR (RP over) (PP (IN from) (NP (NP (CD one)) (PP (IN of) (NP (NP (DT the) (NNS banks)) (, ,) (PP-LOC (IN over) (NP (NP (NP (DT the) (NNS children) (POS 's)) (NN hospital)) (SBAR (WHADVP-1 (WRB where)) (S (NP-SBJ (PRP I)) (VP (VBD was) (VP (VBG volunteering) (ADVP-LOC (-NONE- *T*-1))))))))))))))))) (-DFL- E_S))",293
sw05utt/sw_0533_2486.utt,2/sw2486,2486,184,sd,A,120,2,"{C and, } {F uh, } they were doing a presentation  /","and/CC ,/,  [ uh/UH ] ,/,  [ they/PRP ] were/VBD doing/VBG  [ a/DT presentation/NN ]","(S (CC and) (, ,) (INTJ (UH uh)) (, ,) (NP-SBJ (PRP they)) (VP (VBD were) (VP (VBG doing) (NP (DT a) (NN presentation)))) (-DFL- E_S))",294
sw05utt/sw_0533_2486.utt,2/sw2486,2486,185,sd,A,120,3,"{C and } every one of the young execs coming up were dressed exactly  a   like,   men and women.  /","and/CC  [ every/DT one/CD ] of/IN  [ the/DT young/JJ execs/NNS ] coming/VBG up/RP were/VBD dressed/VBN exactly/RB  [ a/GW like/^RB ] ,/,  [ men/NNS ] and/CC  [ women/NNS ] ./.","(S (CC and) (NP-SBJ-1 (NP (NP (DT every) (CD one)) (PP (IN of) (NP (DT the) (JJ young) (NNS execs))) (VP (VBG coming) (PRT (RP up)))) (NP (-NONE- *ICH*-2))) (VP (VBD were) (VP (VBN dressed) (NP (-NONE- *-1)) (ADVP-MNR (RB exactly) (TYPO (GW a) (^RB like))) (, ,) (NP-2 (NNS men) (CC and) (NNS women)))) (. .) (-DFL- E_S))",295
sw05utt/sw_0533_2486.utt,2/sw2486,2486,186,sd,A,120,4,"They all had on the gray jackets and the gray trousers [ or sla-, +  or skirts ] and the white blouses and the same color tie.  /","[ They/PRP ] [ all/DT ] had/VBD on/RP  [ the/DT gray/JJ jackets/NNS ] and/CC  [ the/DT gray/JJ trousers/NNS ] or/CC  [ sla-/NNS ] ,/, or/CC  [ skirts/NNS ] and/CC  [ the/DT white/JJ blouses/NNS ] and/CC  [ the/DT same/JJ color/NN tie/NN ] ./.","(S (NP-SBJ (NP (PRP They)) (NP (DT all))) (VP (VBD had) (PRT (RP on)) (NP (NP (DT the) (JJ gray) (NNS jackets)) (CC and) (NP (NP (DT the) (JJ gray) (NNS trousers)) (EDITED (RM (-DFL- \[)) (CC or) (NP-UNF (NNS sla-)) (, ,) (IP (-DFL- \+))) (CC or) (NP (NP (NNS skirts)) (RS (-DFL- \])) (CC and) (NP (DT the) (JJ white) (NNS blouses)))) (CC and) (NP (DT the) (JJ same) (NN color) (NN tie)))) (. .) (-DFL- E_S))",296
sw05utt/sw_0533_2486.utt,2/sw2486,2486,187,sd@,A,120,5,{E I mean } you could hardly tell the women from the men except for the lengths of the pants.    *[[need slash]],[ I/PRP ] mean/VBP  [ you/PRP ] could/MD hardly/RB tell/VB  [ the/DT women/NNS ] from/IN  [ the/DT men/NNS ] except/IN for/IN  [ the/DT lengths/NNS ] of/IN  [ the/DT pants/NNS ] ./.,(S (PRN (S (NP-SBJ (PRP I)) (VP (VBP mean)))) (NP-SBJ (PRP you)) (VP (MD could) (ADVP (RB hardly)) (VP (VB tell) (NP (DT the) (NNS women)) (PP (IN from) (NP (DT the) (NNS men))) (PP (IN except) (PP (IN for) (NP (NP (DT the) (NNS lengths)) (PP (IN of) (NP (DT the) (NNS pants)))))))) (. .)),297
sw05utt/sw_0533_2486.utt,2/sw2486,2486,188,b,B,121,1,"{F Uh, } right. /","[ Uh/UH ] ,/, right/UH ./.","(INTJ (INTJ (UH Uh)) (, ,) (INTJ (UH right)) (. .) (-DFL- E_S))",301
sw05utt/sw_0533_2486.utt,2/sw2486,2486,189,+,A,122,1,{C And } one was a skirt and one was a pant. /  *[[sd]],And/CC  [ one/NN ] was/VBD  [ a/DT skirt/NN ] and/CC  [ one/NN ] was/VBD  [ a/DT pant/NN ] ./.,(S (CC And) (NP-SBJ (NN one)) (VP (VBD was) (NP-PRD (DT a) (NN skirt))))|||(S (CC and) (NP-SBJ (NN one)) (VP (VBD was) (NP-PRD (DT a) (NN pant))) (. .) (-DFL- E_S)),298|||299
sw05utt/sw_0533_2486.utt,2/sw2486,2486,190,b,B,123,1,Yeah. /,Yeah/UH ./.,(INTJ (UH Yeah) (. .) (-DFL- E_S)),283
sw05utt/sw_0533_2486.utt,2/sw2486,2486,191,sv,A,124,1,"[ {C And, } +  {F uh, } {C and } ] I think that's sad because that doesn't allow for any individuality. /","And/CC ,/,  [ uh/UH ] ,/, and/CC  [ I/PRP ] think/VBP  [ that/DT ] 's/BES sad/JJ because/IN  [ that/DT ] does/VBZ n't/RB allow/VB for/IN  [ any/DT individuality/NN ] ./.","(S (EDITED (RM (-DFL- \[)) (CC And) (, ,) (IP (-DFL- \+))) (INTJ (UH uh)) (, ,) (CC and) (RS (-DFL- \])) (NP-SBJ (PRP I)) (VP (VBP think) (SBAR (-NONE- 0) (S (NP-SBJ (DT that)) (VP (BES 's) (ADJP-PRD (JJ sad)) (SBAR-PRP (IN because) (S (NP-SBJ (DT that)) (VP (VBZ does) (RB n't) (VP (VB allow) (PP (IN for) (NP (DT any) (NN individuality))))))))))) (. .) (-DFL- E_S))",306
sw05utt/sw_0533_2486.utt,2/sw2486,2486,192,b,B,125,1,Uh-huh. /,[ Uh-huh/UH ] ./.,(INTJ (UH Uh-huh) (. .) (-DFL- E_S)),308
sw05utt/sw_0533_2486.utt,2/sw2486,2486,193,sv,A,126,1,"That [ 's, +  {F uh, } can ] stifle creativity. /","[ That/DT ] 's/BES ,/,  [ uh/UH ] ,/, can/MD stifle/VB  [ creativity/NN ] ./.","(S (NP-SBJ (DT That)) (X (BES 's)) (, ,) (INTJ (UH uh)) (, ,) (VP (MD can) (VP (VB stifle) (NP (NN creativity)))) (. .) (-DFL- E_S))",310
sw05utt/sw_0533_2486.utt,2/sw2486,2486,194,aa,B,127,1,"Right,  /","[ Right/UH ] ,/,","(INTJ (UH Right) (, ,) (-DFL- E_S))",312
sw05utt/sw_0533_2486.utt,2/sw2486,2486,195,aa,B,127,2,I  agree. /,[ I/PRP ] agree/VBP ./.,(S (NP-SBJ (PRP I)) (VP (VBP agree)) (. .) (-DFL- E_S)),313
sw05utt/sw_0533_2486.utt,2/sw2486,2486,196,%,A,128,1,{D So. } /,So/UH ./.,(INTJ (UH So) (. .) (-DFL- E_S)),315
sw05utt/sw_0533_2486.utt,2/sw2486,2486,197,%,B,129,1,"{D Well, } it, - /","Well/UH ,/,  [ it/PRP ] ,/,","(S-UNF (INTJ (UH Well)) (, ,) (NP-SBJ (PRP it)) (, ,) (-DFL- N_S))",317
sw05utt/sw_0533_2486.utt,2/sw2486,2486,198,sv^t,B,129,2,I guess we've talked probably long enough. /,[ I/PRP ] guess/VBP  [ we/PRP ] 've/VBP talked/VBN probably/RB long/RB enough/RB ./.,(S (NP-SBJ (PRP I)) (VP (VBP guess) (SBAR (-NONE- 0) (S (NP-SBJ (PRP we)) (VP (VBP 've) (VP (VBN talked) (ADVP (RB probably)) (ADVP-TMP (RB long) (RB enough))))))) (. .) (-DFL- E_S)),318
sw05utt/sw_0533_2486.utt,2/sw2486,2486,199,sv^t,A,130,1,"I guess so,  /","[ I/PRP ] guess/VBP so/RB ,/,","(S (NP-SBJ (PRP I)) (VP (VBP guess) (ADVP (RB so))) (, ,) (-DFL- E_S))",320
sw05utt/sw_0533_2486.utt,2/sw2486,2486,200,fc,A,130,2,{D well } it's been nice talking with you. /,well/UH  [ it/PRP ] 's/HVS been/VBN  [ nice/JJ ] talking/VBG with/IN  [ you/PRP ] ./.,(S (INTJ (UH well)) (NP-SBJ (NP (PRP it)) (S (-NONE- *EXP*-1))) (VP (HVS 's) (VP (VBN been) (ADJP-PRD (JJ nice)) (S-1 (NP-SBJ (-NONE- *)) (VP (VBG talking) (PP (IN with) (NP (PRP you))))))) (. .) (-DFL- E_S)),321
sw05utt/sw_0533_2486.utt,2/sw2486,2486,201,fc,B,131,1,"Nice talking to you too,  /","[ Nice/JJ ] talking/VBG to/IN  [ you/PRP ] too/RB ,/,","(FRAG (ADJP-PRD (JJ Nice)) (S (NP-SBJ (-NONE- *)) (VP (VBG talking) (PP (IN to) (NP (PRP you))))) (ADVP (RB too)) (, ,) (-DFL- E_S))",323
sw05utt/sw_0533_2486.utt,2/sw2486,2486,202,fc,B,131,2,I enjoyed it. /,[ I/PRP ] enjoyed/VBD  [ it/PRP ] ./.,(S (NP-SBJ (PRP I)) (VP (VBD enjoyed) (NP (PRP it))) (. .) (-DFL- E_S)),324
sw05utt/sw_0533_2486.utt,2/sw2486,2486,203,fc,A,132,1,"# Uh-huh,  /","[ Uh-huh/UH ] ,/,","(INTJ (UH Uh-huh) (, ,) (-DFL- E_S))",326
sw05utt/sw_0533_2486.utt,2/sw2486,2486,204,fc,A,132,2,"bye, bye. # /","[ bye/UH ] ,/,  [ bye/UH ] ./.","(INTJ (INTJ (UH bye)) (, ,) (INTJ (UH bye)) (. .) (-DFL- E_S))",327
sw05utt/sw_0533_2486.utt,2/sw2486,2486,205,fc,B,133,1,"# Bye, bye. # /","[ Bye/UH ] ,/,  [ bye/UH ] ./.","(INTJ (INTJ (UH Bye)) (, ,) (INTJ (UH bye)) (. .) (-DFL- E_S))",329
