swda_filename,ptb_basename,conversation_no,transcript_index,act_tag,caller,utterance_index,subutterance_index,text,pos,trees,ptb_treenumbers
sw05utt/sw_0519_4733.utt,4/sw4733,4733,0,o,A,1,1,think about this? -/,think/VB about/IN  [ this/DT ] ?/.,(VP (VB think) (PP (IN about) (NP (DT this))) (. ?) (-DFL- N_S)),1
sw05utt/sw_0519_4733.utt,4/sw4733,4733,1,qy,B,2,1,"{F Uh, } do you have children # in school? # /","[ Uh/UH ] ,/, do/VBP  [ you/PRP ] have/VB  [ children/NNS ] in/IN  [ school/NN ] ?/.","(SQ (INTJ (UH Uh)) (, ,) (VBP do) (NP-SBJ (PRP you)) (VP (VB have) (NP (NP (NNS children)) (PP (IN in) (NP (NN school))))) (. ?) (-DFL- E_S))",3
sw05utt/sw_0519_4733.utt,4/sw4733,4733,2,na,A,3,1,# I do. # /,[ I/PRP ] do/VBP ./.,(S (NP-SBJ (PRP I)) (VP (VBP do)) (. .) (-DFL- E_S)),5
sw05utt/sw_0519_4733.utt,4/sw4733,4733,3,sd,B,4,1,"{F Uh, } I have two that are, {F uh, } now just about ready to graduate from college -- /","[ Uh/UH ] ,/,  [ I/PRP ] have/VBP  [ two/CD ] [ that/WDT ] are/VBP ,/,  [ uh/UH ] ,/, now/RB just/RB about/RB  [ ready/JJ ] to/TO graduate/VB from/IN  [ college/NN ] --/:","(S (INTJ (UH Uh)) (, ,) (NP-SBJ (PRP I)) (VP (VBP have) (NP (NP (CD two)) (SBAR (WHNP-1 (WDT that)) (S (NP-SBJ-2 (-NONE- *T*-1)) (VP (VBP are) (, ,) (INTJ (UH uh)) (, ,) (ADVP-TMP (RB now)) (ADJP-PRD (ADVP (RB just) (RB about)) (JJ ready) (S (NP-SBJ (-NONE- *-2)) (VP (TO to) (VP (VB graduate) (PP (IN from) (NP (NN college)))))))))))) (-DFL- E_S))",7
sw05utt/sw_0519_4733.utt,4/sw4733,4733,4,b,A,5,1,{F Uh. } /,[ Uh/UH ] ./.,(INTJ (UH Uh) (. .) (-DFL- E_S)),9
sw05utt/sw_0519_4733.utt,4/sw4733,4733,5,sd,B,6,1,-- {C but } I also have two that are just entering school.  /,--/: but/CC  [ I/PRP ] also/RB have/VBP  [ two/CD ] [ that/WDT ] are/VBP just/RB entering/VBG  [ school/NN ] ./.,(S (CC but) (NP-SBJ (PRP I)) (ADVP (RB also)) (VP (VBP have) (NP (NP (CD two)) (SBAR (WHNP-1 (WDT that)) (S (NP-SBJ (-NONE- *T*-1)) (VP (VBP are) (ADVP (RB just)) (VP (VBG entering) (NP (NN school)))))))) (. .) (-DFL- E_S)),11
sw05utt/sw_0519_4733.utt,4/sw4733,4733,6,%@,B,6,2,"# {F Uh, } #    *[[needs slash]]","[ Uh/UH ] ,/,","(SQ (INTJ (UH Uh)) (, ,) (VBP do) (NP-SBJ (PRP you)) (VP (VB have) (NP (NP (NNS children)) (PP (IN in) (NP (NN school))))) (. ?) (-DFL- E_S))",3
sw05utt/sw_0519_4733.utt,4/sw4733,4733,7,qy^g,A,7,1,# {C So } # you see a big difference then # in before and # --,So/RB  [ you/PRP ] see/VBP  [ a/DT big/JJ difference/NN ] then/RB in/IN before/RB and/CC --/:,(SQ (S (RB So) (NP-SBJ (PRP you)) (VP (VBP see) (NP (NP (DT a) (JJ big) (NN difference)) (PP (-NONE- *ICH*-1))) (ADVP (RB then)) (PP-1 (IN in) (ADVP-TMP (RB before) (CC and) (UH now))))) (SQ (VBP do) (NP-SBJ (PRP you))) (-DFL- E_S)),14
sw05utt/sw_0519_4733.utt,4/sw4733,4733,8,+,B,8,1,"# {F Uh, } {D well } # --    *[[sv]]","[ Uh/UH ] ,/, well/UH --/:","(S (INTJ (UH Uh)) (, ,) (INTJ (UH Uh)) (, ,) (INTJ (UH well)) (NP-SBJ (PRP I)) (VP (VBP think) (SBAR (-NONE- 0) (S (NP-SBJ (PRP they)) (VP (VBP 're) (ADVP (RB just)) (VP (VBG pushing) (NP (PRP them)) (EDITED (RM (-DFL- \[)) (ADVP-UNF (XX mu-)) (, ,) (IP (-DFL- \+))) (ADVP-MNR (RB entirely) (RS (-DFL- \])) (TYPO (^RB to)) (VB fast))))))) (. .) (-DFL- E_S))",12
sw05utt/sw_0519_4733.utt,4/sw4733,4733,9,+,A,9,1,-- now do you  /,--/: now/UH do/VBP  [ you/PRP ],(SQ (S (RB So) (NP-SBJ (PRP you)) (VP (VBP see) (NP (NP (DT a) (JJ big) (NN difference)) (PP (-NONE- *ICH*-1))) (ADVP (RB then)) (PP-1 (IN in) (ADVP-TMP (RB before) (CC and) (UH now))))) (SQ (VBP do) (NP-SBJ (PRP you))) (-DFL- E_S)),14
sw05utt/sw_0519_4733.utt,4/sw4733,4733,10,%,A,9,2,"{C or, } -/","or/CC ,/,","(S-UNF (CC or) (, ,) (-DFL- N_S))",17
sw05utt/sw_0519_4733.utt,4/sw4733,4733,11,+,B,10,1,"-- I think they're just pushing them [ mu-, + entirely ] to fast. /","--/:  [ I/PRP ] think/VBP  [ they/PRP ] 're/VBP just/RB pushing/VBG  [ them/PRP ] [ mu-/XX ] ,/, entirely/RB to/^RB fast/VB ./.","(S (INTJ (UH Uh)) (, ,) (INTJ (UH Uh)) (, ,) (INTJ (UH well)) (NP-SBJ (PRP I)) (VP (VBP think) (SBAR (-NONE- 0) (S (NP-SBJ (PRP they)) (VP (VBP 're) (ADVP (RB just)) (VP (VBG pushing) (NP (PRP them)) (EDITED (RM (-DFL- \[)) (ADVP-UNF (XX mu-)) (, ,) (IP (-DFL- \+))) (ADVP-MNR (RB entirely) (RS (-DFL- \])) (TYPO (^RB to)) (VB fast))))))) (. .) (-DFL- E_S))",12
sw05utt/sw_0519_4733.utt,4/sw4733,4733,12,qy,A,11,1,A lot of testing? /,[ A/DT lot/NN ] of/IN  [ testing/NN ] ?/.,(NP (NP (DT A) (NN lot)) (PP (IN of) (NP (NN testing))) (. ?) (-DFL- E_S)),20
sw05utt/sw_0519_4733.utt,4/sw4733,4733,13,no,B,12,1,"{F Uh, } {D well } it seems to me that kindergarten is now the equivalent of first grade. /","[ Uh/UH ] ,/, well/UH  [ it/PRP ] seems/VBZ to/IN  [ me/PRP ] that/IN  [ kindergarten/NN ] is/VBZ now/RB  [ the/DT equivalent/NN ] of/IN  [ first/JJ grade/NN ] ./.","(S (INTJ (UH Uh)) (, ,) (INTJ (UH well)) (NP-SBJ (PRP it)) (VP (VBZ seems) (PP (IN to) (NP (PRP me))) (SBAR (IN that) (S (NP-SBJ (NN kindergarten)) (VP (VBZ is) (ADVP-TMP (RB now)) (NP-PRD (NP (DT the) (NN equivalent)) (PP (IN of) (NP (JJ first) (NN grade)))))))) (. .) (-DFL- E_S))",22
sw05utt/sw_0519_4733.utt,4/sw4733,4733,14,b,A,13,1,Uh-huh. /,[ Uh-huh/UH ] ./.,(INTJ (UH Uh-huh) (. .) (-DFL- E_S)),24
sw05utt/sw_0519_4733.utt,4/sw4733,4733,15,sd,B,14,1,My son leaves the house at seven thirty and doesn't get home until three o'clock. /,[ My/PRP$ son/NN ] leaves/VBZ  [ the/DT house/NN ] at/IN  [ seven/CD thirty/CD ] and/CC does/VBZ n't/RB get/VB  [ home/RB ] until/IN  [ three/CD ] o'clock/RB ./.,(S (NP-SBJ (PRP$ My) (NN son)) (VP (VP (VBZ leaves) (NP (DT the) (NN house)) (PP-TMP (IN at) (NP (CD seven) (CD thirty)))) (CC and) (VP (VBZ does) (RB n't) (VP (VB get) (ADVP-LOC (RB home)) (PP-TMP (IN until) (NP (CD three) (RB o'clock)))))) (. .) (-DFL- E_S)),26
sw05utt/sw_0519_4733.utt,4/sw4733,4733,16,b,A,15,1,Uh-huh. /,[ Uh-huh/UH ] ./.,(INTJ (UH Uh-huh) (. .) (-DFL- E_S)),24
sw05utt/sw_0519_4733.utt,4/sw4733,4733,17,sv,B,16,1,{C And } I think that's such a long day # for a kindergartner. # /,And/CC  [ I/PRP ] think/VBP  [ that/DT ] 's/BES such/PDT  [ a/DT long/JJ day/NN ] for/IN  [ a/DT kindergartner/NN ] ./.,(S (CC And) (NP-SBJ (PRP I)) (VP (VBP think) (SBAR (-NONE- 0) (S (NP-SBJ (DT that)) (VP (BES 's) (NP-PRD (NP (PDT such) (DT a) (JJ long) (NN day)) (PP (IN for) (NP (DT a) (NN kindergartner)))))))) (. .) (-DFL- E_S)),30
sw05utt/sw_0519_4733.utt,4/sw4733,4733,18,aa,A,17,1,"# I do too,  /","[ I/PRP ] do/VBP too/RB ,/,","(S (NP-SBJ (PRP I)) (VP (VBP do) (ADVP (RB too))) (, ,) (-DFL- E_S))",32
sw05utt/sw_0519_4733.utt,4/sw4733,4733,19,sv,A,17,2,"[ I, # + {F oh, } I ] think that's awful. /","[ I/PRP ] ,/, oh/UH ,/,  [ I/PRP ] think/VBP  [ that/DT ] 's/BES awful/JJ ./.","(S (EDITED (RM (-DFL- \[)) (NP-SBJ (PRP I)) (, ,) (IP (-DFL- \+))) (INTJ (UH oh)) (, ,) (NP-SBJ (PRP I)) (RS (-DFL- \])) (VP (VBP think) (SBAR (-NONE- 0) (S (NP-SBJ (DT that)) (VP (BES 's) (ADJP-PRD (JJ awful)))))) (. .) (-DFL- E_S))",33
sw05utt/sw_0519_4733.utt,4/sw4733,4733,20,sd,B,18,1,"{C And, } {F uh, } I have a preschooler.  /","And/CC ,/,  [ uh/UH ] ,/,  [ I/PRP ] have/VBP  [ a/DT preschooler/NN ] ./.","(S (CC And) (, ,) (INTJ (UH uh)) (, ,) (NP-SBJ (PRP I)) (VP (VBP have) (NP (DT a) (NN preschooler))) (. .) (-DFL- E_S))",35
sw05utt/sw_0519_4733.utt,4/sw4733,4733,21,sd,B,18,2,"{F Uh, }  I was told by her preschool teacher that she thought maybe she was to immature for kindergarten  /","[ Uh/UH ] ,/,  [ I/PRP ] was/VBD told/VBN by/IN  [ her/PRP$ preschool/NN teacher/NN ] that/IN  [ she/PRP ] thought/VBD maybe/RB  [ she/PRP ] was/VBD to/^RB immature/JJ for/IN   [ kindergarten/NN ]","(S (INTJ (UH Uh)) (, ,) (NP-SBJ-1 (PRP I)) (VP (VBD was) (VP (VBN told) (NP (-NONE- *-1)) (PP (IN by) (NP-LGS (PRP$ her) (NN preschool) (NN teacher))) (SBAR (IN that) (S (NP-SBJ (PRP she)) (VP (VBD thought) (SBAR (-NONE- 0) (S (ADVP (RB maybe)) (NP-SBJ (PRP she)) (VP (VBD was) (ADJP-PRD (TYPO (^RB to)) (JJ immature) (PP (IN for) (NP (NN kindergarten)))))))))))) (-DFL- E_S))",36
sw05utt/sw_0519_4733.utt,4/sw4733,4733,22,sd(^q),B,18,3,{C and } I thought {D well }  how mature do you have to be # <laughter>. # /,and/CC  [ I/PRP ] thought/VBD well/UH how/WRB  [ mature/JJ ] do/VBP  [ you/PRP ] have/VB to/TO be/VB ./.,(S (CC and) (NP-SBJ (PRP I)) (VP (VBD thought) (SBARQ-SEZ (INTJ (UH well)) (WHADJP-2 (WRB how) (JJ mature)) (SQ (VBP do) (NP-SBJ-1 (PRP you)) (VP (VB have) (S (NP-SBJ (-NONE- *-1)) (VP (TO to) (VP (VB be) (ADJP-PRD (-NONE- *T*-2))))))))) (. .) (-DFL- E_S)),37
sw05utt/sw_0519_4733.utt,4/sw4733,4733,23,aa,A,19,1,# I know.  /,[ I/PRP ] know/VBP ./.,(S (NP-SBJ (PRP I)) (VP (VBP know)) (. .) (-DFL- E_S)),39
sw05utt/sw_0519_4733.utt,4/sw4733,4733,24,qh,A,19,2,"What's # the new criteria, {F huh. } /","[ What/WP ] 's/BES  [ the/DT new/JJ criteria/NNS ] ,/, huh/UH ./.","(SBARQ (WHNP-1 (WP What)) (SQ (BES 's) (NP-SBJ (DT the) (JJ new) (NNS criteria)) (NP-PRD (-NONE- *T*-1)) (, ,) (INTJ (UH huh))) (. .) (-DFL- E_S))",40
sw05utt/sw_0519_4733.utt,4/sw4733,4733,25,%,B,20,1,"{C And, } {F uh, } there is a, - /","And/CC ,/,  [ uh/UH ] ,/,  [ there/EX ] is/VBZ  [ a/DT ] ,/,","(S (CC And) (, ,) (INTJ (UH uh)) (, ,) (NP-SBJ (EX there)) (VP (VBZ is) (NP-PRD-UNF (DT a))) (, ,) (-DFL- N_S))",42
sw05utt/sw_0519_4733.utt,4/sw4733,4733,26,qy,B,20,2,do you have the standardized testing now? /,do/VBP  [ you/PRP ] have/VB  [ the/DT standardized/JJ testing/NN ] now/RB ?/.,(SQ (VBP do) (NP-SBJ (PRP you)) (VP (VB have) (NP (DT the) (JJ standardized) (NN testing)) (ADVP-TMP (RB now))) (. ?) (-DFL- E_S)),43
sw05utt/sw_0519_4733.utt,4/sw4733,4733,27,na,A,21,1,We have all kinds of testing  /,[ We/PRP ] have/VBP  [ all/DT kinds/NNS ] of/IN  [ testing/NN ],(S (NP-SBJ (PRP We)) (VP (VBP have) (NP (NP (DT all) (NNS kinds)) (PP (IN of) (NP (NN testing))))) (-DFL- E_S)),45
sw05utt/sw_0519_4733.utt,4/sw4733,4733,28,sd^e,A,21,2,{C and } it's over and over.  /,and/CC  [ it/PRP ] 's/BES over/RB and/CC over/RB ./.,(S (CC and) (NP-SBJ (PRP it)) (VP (BES 's) (ADVP-PRD (RB over) (CC and) (RB over))) (. .) (-DFL- E_S)),46
sw05utt/sw_0519_4733.utt,4/sw4733,4733,29,sd,A,21,3,"It's I T B S [ {C or, } +  and, ] {F uh, } just [ everything, + # everything. ] # /","[ It/PRP ] [ 's/BES ] [ I/NNP T/NNP B/NNP S/NNP ] or/CC ,/, and/CC ,/,  [ uh/UH ] ,/, just/RB  [ everything/NN ] ,/,  [ everything/NN ] ./.","(S (NP-SBJ (PRP It)) (VP (BES 's) (NP-PRD (NP (NNP I) (NNP T) (NNP B) (NNP S)) (EDITED (RM (-DFL- \[)) (CC or) (, ,) (IP (-DFL- \+))) (CC and) (, ,) (RS (-DFL- \])) (INTJ (UH uh)) (, ,) (ADVP (RB just)) (EDITED (RM (-DFL- \[)) (NP (NN everything)) (, ,) (IP (-DFL- \+))) (NP (NN everything)))) (. .) (RS (-DFL- \])) (-DFL- E_S))",47
sw05utt/sw_0519_4733.utt,4/sw4733,4733,30,b,B,22,1,# Yeah. # /,Yeah/UH ./.,(INTJ (UH Yeah) (. .) (-DFL- E_S)),49
sw05utt/sw_0519_4733.utt,4/sw4733,4733,31,sd,A,23,1,"{C And } they test, test, test.  /","And/CC  [ they/PRP ] test/VBP ,/,  [ test/VBP ] ,/,  [ test/VBP ] ./.","(S (CC And) (NP-SBJ (PRP they)) (VP (VBP test) (, ,) (VBP test) (, ,) (VBP test)) (. .) (-DFL- E_S))",51
sw05utt/sw_0519_4733.utt,4/sw4733,4733,32,sd,A,23,2,I live in Plano actually  /,[ I/PRP ] live/VBP in/IN  [ Plano/NNP ] actually/RB,(S (NP-SBJ (PRP I)) (VP (VBP live) (PP-LOC (IN in) (NP (NNP Plano))) (ADVP (RB actually))) (-DFL- E_S)),52
sw05utt/sw_0519_4733.utt,4/sw4733,4733,33,qy^d,A,23,3,{C and } I don't know if you've heard of Plano  /,and/CC  [ I/PRP ] do/VBP n't/RB know/VB if/IN  [ you/PRP ] 've/VBP heard/VBN of/IN  [ Plano/NNP ],(S (CC and) (NP-SBJ (PRP I)) (VP (VBP do) (RB n't) (VP (VB know) (SBAR (IN if) (S (NP-SBJ (PRP you)) (VP (VBP 've) (VP (VBN heard) (PP (IN of) (NP (NNP Plano))))))))) (-DFL- E_S)),53
sw05utt/sw_0519_4733.utt,4/sw4733,4733,34,sd,A,23,4,# {C but } # --,but/CC --/:,(S (CC but) (NP-SBJ (PRP it)) (VP (BES 's) (NP-PRD (DT a) (ADJP (RB very) (JJ transient)) (NN community))) (. .) (-DFL- E_S)),54
sw05utt/sw_0519_4733.utt,4/sw4733,4733,35,nn,B,24,1,# No. # /,[ No/UH ] ./.,(INTJ (UH No) (. .) (-DFL- E_S)),56
sw05utt/sw_0519_4733.utt,4/sw4733,4733,36,+,A,25,1,-- it's a very transient community.  /,--/:  [ it/PRP ] 's/BES  [ a/DT very/RB transient/JJ community/NN ] ./.,(S (CC but) (NP-SBJ (PRP it)) (VP (BES 's) (NP-PRD (DT a) (ADJP (RB very) (JJ transient)) (NN community))) (. .) (-DFL- E_S)),54
sw05utt/sw_0519_4733.utt,4/sw4733,4733,37,sd,A,25,2,"A lot of people from everywhere,  /","[ A/DT lot/NN ] of/IN  [ people/NNS ] from/IN everywhere/RB ,/,","(NP (NP (DT A) (NN lot)) (PP (IN of) (NP (NP (NNS people)) (PP (IN from) (ADVP-LOC (RB everywhere))))) (, ,) (-DFL- E_S))",58
sw05utt/sw_0519_4733.utt,4/sw4733,4733,38,sd,A,25,3,it's just north of Dallas -- /,[ it/PRP ] 's/BES just/RB north/JJ of/IN  [ Dallas/NNP ] --/:,(S (NP-SBJ (PRP it)) (VP (BES 's) (ADVP-LOC-PRD (ADVP (RB just)) (JJ north) (PP (IN of) (NP (NNP Dallas))))) (-DFL- E_S)),59
sw05utt/sw_0519_4733.utt,4/sw4733,4733,39,b,B,26,1,Uh-huh. /,[ Uh-huh/UH ] ./.,(INTJ (UH Uh-huh) (. .) (-DFL- E_S)),28
sw05utt/sw_0519_4733.utt,4/sw4733,4733,40,sd,A,27,1,-- {C and } it's grown in leaps and bounds.  /,--/: and/CC  [ it/PRP ] 's/BES grown/VBN in/IN  [ leaps/NNS ] and/CC  [ bounds/NNS ] ./.,(S (CC and) (NP-SBJ (PRP it)) (VP (BES 's) (VP (VBN grown) (PP (IN in) (NP (NNS leaps) (CC and) (NNS bounds))))) (. .) (-DFL- E_S)),63
sw05utt/sw_0519_4733.utt,4/sw4733,4733,41,sd,A,27,2,"[ I, + we  ] must have maybe a hundred and  fifty thousand people now. /","[ I/PRP ] ,/,  [ we/PRP ] must/MD have/VB maybe/RB  [ a/DT hundred/CD ] and/CC  [ fifty/CD thousand/CD people/NNS ] now/RB ./.","(S (EDITED (RM (-DFL- \[)) (NP-SBJ (PRP I)) (, ,) (IP (-DFL- \+))) (NP-SBJ (PRP we)) (RS (-DFL- \])) (VP (MD must) (VP (VB have) (NP (QP (RB maybe) (DT a) (CD hundred) (CC and) (CD fifty) (CD thousand)) (NNS people)) (ADVP-TMP (RB now)))) (. .) (-DFL- E_S))",64
sw05utt/sw_0519_4733.utt,4/sw4733,4733,42,b,B,28,1,Oh. /,Oh/UH ./.,(INTJ (UH Oh) (. .) (-DFL- E_S)),66
sw05utt/sw_0519_4733.utt,4/sw4733,4733,43,sd,A,29,1,{C And } most of them from other places.  /,And/CC  [ most/JJS ] of/IN  [ them/PRP ] from/IN  [ other/JJ places/NNS ] ./.,(FRAG (CC And) (NP (NP (JJS most)) (PP (IN of) (NP (PRP them)))) (PP (IN from) (NP (JJ other) (NNS places))) (. .) (-DFL- E_S)),68
sw05utt/sw_0519_4733.utt,4/sw4733,4733,44,b,B,30,1,Yeah. /,Yeah/UH ./.,(INTJ (UH Yeah) (. .) (-DFL- E_S)),49
sw05utt/sw_0519_4733.utt,4/sw4733,4733,45,sd,A,31,1,"{F Uh, } J C Penney's come down from New York and, of course, T I and Xerox from Rochester  /","[ Uh/UH ] ,/,  [ J/NNP C/NNP Penney/NNP ] 's/HVS come/VBN down/RB from/IN  [ New/NNP York/NNP ] and/CC ,/, of/IN  [ course/NN ] ,/,  [ T/NNP I/NNP ] and/CC  [ Xerox/NNP ] from/IN  [ Rochester/NNP ]","(S (INTJ (UH Uh)) (, ,) (NP-SBJ-1 (NNP J) (NNP C) (NNP Penney)) (VP (VP (HVS 's) (VP (VBN come) (PP-DIR-2 (RB down) (PP (IN from) (NP (NNP New) (NNP York)))))) (CC and) (, ,) (PP (IN of) (NP (NN course))) (, ,) (VP (NP-SBJ=1 (NP (NNP T) (NNP I)) (CC and) (NP (NNP Xerox))) (PP-DIR=2 (IN from) (NP (NNP Rochester))))) (-DFL- E_S))",72
sw05utt/sw_0519_4733.utt,4/sw4733,4733,46,sd,A,31,2,"{C and } we just,","and/CC  [ we/PRP ] just/RB ,/,","(S (CC and) (NP-SBJ (PRP we)) (ADVP (RB just)) (, ,) (VP (VBP have) (NP (NP (NP (NNS lots)) (PP (IN of) (NP (NP (NNS people)) (PP (IN from) (ADVP-LOC (RB everywhere)))))) (. .) (NP (NP (NNS Lots)) (PP (IN of) (NP (NP (NN industry)) (VP (VBG coming) (ADVP-DIR (RB in)))))))) (, ,) (-DFL- E_S))",73
sw05utt/sw_0519_4733.utt,4/sw4733.pos,4733,47,x,B,32,1,<Noise>.,./.
sw05utt/sw_0519_4733.utt,4/sw4733,4733,48,+,A,33,1,have lots of people from everywhere.,have/VBP  [ lots/NNS ] of/IN  [ people/NNS ] from/IN everywhere/RB ./.,"(S (CC and) (NP-SBJ (PRP we)) (ADVP (RB just)) (, ,) (VP (VBP have) (NP (NP (NP (NNS lots)) (PP (IN of) (NP (NP (NNS people)) (PP (IN from) (ADVP-LOC (RB everywhere)))))) (. .) (NP (NP (NNS Lots)) (PP (IN of) (NP (NP (NN industry)) (VP (VBG coming) (ADVP-DIR (RB in)))))))) (, ,) (-DFL- E_S))",73
sw05utt/sw_0519_4733.utt,4/sw4733,4733,49,b,B,34,1,Yeah. /,Yeah/UH ./.,(INTJ (UH Yeah) (. .) (-DFL- E_S)),49
sw05utt/sw_0519_4733.utt,4/sw4733,4733,50,+,A,35,1,"Lots of industry coming in, /","[ Lots/NNS ] of/IN  [ industry/NN ] coming/VBG in/RB ,/,","(S (CC and) (NP-SBJ (PRP we)) (ADVP (RB just)) (, ,) (VP (VBP have) (NP (NP (NP (NNS lots)) (PP (IN of) (NP (NP (NNS people)) (PP (IN from) (ADVP-LOC (RB everywhere)))))) (. .) (NP (NP (NNS Lots)) (PP (IN of) (NP (NP (NN industry)) (VP (VBG coming) (ADVP-DIR (RB in)))))))) (, ,) (-DFL- E_S))",73
sw05utt/sw_0519_4733.utt,4/sw4733.pos,4733,51,x,B,36,1,<Noise>.,./.
sw05utt/sw_0519_4733.utt,4/sw4733,4733,52,sd,A,37,1,{C and } it's a very wealthy community.  /,and/CC  [ it/PRP ] 's/BES  [ a/DT very/RB wealthy/JJ community/NN ] ./.,(S (CC and) (NP-SBJ (PRP it)) (VP (BES 's) (NP-PRD (DT a) (ADJP (RB very) (JJ wealthy)) (NN community))) (. .) (-DFL- E_S)),81
sw05utt/sw_0519_4733.utt,4/sw4733,4733,53,sd,A,37,2,"{F Uh, }  not that I am #  /","[ Uh/UH ] ,/, not/RB that/IN  [ I/PRP ] am/VBP","(FRAG (INTJ (UH Uh)) (, ,) (RB not) (SBAR (IN that) (S (NP-SBJ (PRP I)) (VP (VBP am) (ADJP-PRD (-NONE- *?*))))) (-DFL- E_S))",82
sw05utt/sw_0519_4733.utt,4/sw4733,4733,54,sv,A,37,3,"{C but } other people seem, #","but/CC  [ other/JJ people/NNS ] seem/VBP ,/,","(S (CC but) (NP-SBJ-1 (JJ other) (NNS people)) (VP (VBP seem) (, ,) (S (NP-SBJ (-NONE- *-1)) (VP (TO to) (VP (VB be) (ADJP-PRD (-NONE- *?*)))))) (-DFL- E_S))",83
sw05utt/sw_0519_4733.utt,4/sw4733.pos,4733,55,x,B,38,1,# <Laughter>. #,./.
sw05utt/sw_0519_4733.utt,4/sw4733,4733,56,+,A,39,1,to be  /,to/TO be/VB,"(S (CC but) (NP-SBJ-1 (JJ other) (NNS people)) (VP (VBP seem) (, ,) (S (NP-SBJ (-NONE- *-1)) (VP (TO to) (VP (VB be) (ADJP-PRD (-NONE- *?*)))))) (-DFL- E_S))",83
sw05utt/sw_0519_4733.utt,4/sw4733,4733,57,%,A,39,2,{C and } I would love to know why #  /,and/CC  [ I/PRP ] would/MD love/VB to/TO know/VB why/WRB,(S (CC and) (NP-SBJ-1 (PRP I)) (VP (MD would) (VP (VB love) (S (NP-SBJ (-NONE- *-1)) (VP (TO to) (VP (VB know) (FRAG (WHADVP (WRB why)))))))) (-DFL- E_S)),86
sw05utt/sw_0519_4733.utt,4/sw4733,4733,58,sd,A,39,3,{C but } {E I mean } they do.  /,but/CC  [ I/PRP ] mean/VBP  [ they/PRP ] do/VBP ./.,(S (CC but) (PRN (S (NP-SBJ (PRP I)) (VP (VBP mean)))) (NP-SBJ (PRP they)) (VP (VBP do)) (. .) (-DFL- E_S)),87
sw05utt/sw_0519_4733.utt,4/sw4733,4733,59,%,A,39,4,"They have, # -/","[ They/PRP ] have/VBP ,/,","(S (NP-SBJ (PRP They)) (VP-UNF (VBP have)) (, ,) (-DFL- N_S))",88
sw05utt/sw_0519_4733.utt,4/sw4733,4733,60,bf,B,40,1,# <Laughter> you would like to know what they're doing right # # <laughter>. # /,[ you/PRP ] would/MD like/VB to/TO know/VB  [ what/WP ] [ they/PRP ] 're/VBP doing/VBG right/RB ./.,(S (NP-SBJ-1 (PRP you)) (VP (MD would) (VP (VB like) (S (NP-SBJ (-NONE- *-1)) (VP (TO to) (VP (VB know) (SBAR (WHNP-2 (WP what)) (S (NP-SBJ (PRP they)) (VP (VBP 're) (VP (VBG doing) (NP (-NONE- *T*-2))))))))) (INTJ (RB right)))) (. .) (-DFL- E_S)),90
sw05utt/sw_0519_4733.utt,4/sw4733,4733,61,aa,A,41,1,"# [ I, + I  ] would,  /","[ I/PRP ] ,/,  [ I/PRP ] would/MD ,/,","(S (EDITED (RM (-DFL- \[)) (NP-SBJ (PRP I)) (, ,) (IP (-DFL- \+))) (NP-SBJ (PRP I)) (RS (-DFL- \])) (VP (MD would) (VP (-NONE- *?*))) (, ,) (-DFL- E_S))",92
sw05utt/sw_0519_4733.utt,4/sw4733,4733,62,aa,A,41,2,I really would.  /,[ I/PRP ] really/RB would/MD ./.,(S (NP-SBJ (PRP I)) (ADVP (RB really)) (VP (MD would) (VP (-NONE- *?*))) (. .) (-DFL- E_S)),93
sw05utt/sw_0519_4733.utt,4/sw4733,4733,63,sd,A,41,3,"# {E I mean, } they just have beautiful, beautiful homes  /","[ I/PRP ] mean/VBP ,/,  [ they/PRP ] just/RB have/VBP  [ beautiful/JJ ] ,/,  [ beautiful/JJ homes/NNS ]","(S (PRN (S (NP-SBJ (PRP I)) (VP (VBP mean))) (, ,)) (NP-SBJ (PRP they)) (ADVP (RB just)) (VP (VBP have) (NP (JJ beautiful) (, ,) (JJ beautiful) (NNS homes))) (-DFL- E_S))",94
sw05utt/sw_0519_4733.utt,4/sw4733,4733,64,sd,A,41,4,{C and } they have everything.  /,and/CC  [ they/PRP ] have/VBP  [ everything/NN ] ./.,(S (CC and) (NP-SBJ (PRP they)) (VP (VBP have) (NP (NN everything))) (. .) (-DFL- E_S)),95
sw05utt/sw_0519_4733.utt,4/sw4733,4733,65,sd,A,41,5,The kids only wear name brand things # to school  /,[ The/DT kids/NNS ] only/RB wear/VBP  [ name/NN brand/NN things/NNS ] to/IN  [ school/NN ],(S (NP-SBJ (DT The) (NNS kids)) (ADVP (RB only)) (VP (VBP wear) (NP (NN name) (NN brand) (NNS things)) (PP (IN to) (NP (NN school)))) (-DFL- E_S)),96
sw05utt/sw_0519_4733.utt,4/sw4733,4733,66,sv,A,41,6,"{C and } it's one of these things, # /","and/CC  [ it/PRP ] 's/BES  [ one/CD ] of/IN  [ these/DT things/NNS ] ,/,","(S (CC and) (NP-SBJ (PRP it)) (VP (BES 's) (NP-PRD (NP (CD one)) (PP (IN of) (NP (DT these) (NNS things))))) (, ,) (-DFL- E_S))",97
sw05utt/sw_0519_4733.utt,4/sw4733,4733,67,ba,B,42,1,# {F Oh }  me.  /,Oh/UH  [ me/PRP ] ./.,(INTJ (INTJ (UH Oh)) (INTJ (PRP me)) (. .) (-DFL- E_S)),99
sw05utt/sw_0519_4733.utt,4/sw4733,4733,68,qy^g,B,42,2,"{D Well } that makes it hard for you, doesn't it. # /","Well/UH  [ that/DT ] makes/VBZ  [ it/PRP ] hard/JJ for/IN  [ you/PRP ] ,/, does/VBZ n't/RB  [ it/PRP ] ./.","(SQ (S (INTJ (UH Well)) (NP-SBJ (DT that)) (VP (VBZ makes) (S (NP-SBJ (PRP it)) (ADJP-PRD (JJ hard) (PP (IN for) (NP (PRP you))))))) (, ,) (SQ (VBZ does) (RB n't) (NP-SBJ (PRP it))) (. .) (-DFL- E_S))",100
sw05utt/sw_0519_4733.utt,4/sw4733,4733,69,na,A,43,1,"{D Well } it does, {D you know. }  /","Well/UH  [ it/PRP ] does/VBZ ,/,  [ you/PRP ] know/VBP ./.","(S (INTJ (UH Well)) (NP-SBJ (PRP it)) (VP (VBZ does) (PRN (, ,) (S (NP-SBJ (PRP you)) (VP (VBP know))))) (. .) (-DFL- E_S))",102
sw05utt/sw_0519_4733.utt,4/sw4733,4733,70,sd^e,A,43,2,It really does because I'm a single mom  and I have a thirteen year old now  /,[ It/PRP ] really/RB does/VBZ because/IN  [ I/PRP ] 'm/VBP  [ a/DT single/JJ mom/NN ] and/CC  [ I/PRP ] have/VBP  [ a/DT thirteen/CD year/NN old/NN ] now/RB,(S (NP-SBJ (PRP It)) (ADVP (RB really)) (VP (VBZ does) (SBAR-PRP (IN because) (S (S (NP-SBJ (PRP I)) (VP (VBP 'm) (NP-PRD (DT a) (JJ single) (NN mom)))) (CC and) (S (NP-SBJ (PRP I)) (VP (VBP have) (NP (DT a) (CD thirteen) (NN year) (NN old)) (ADVP-TMP (RB now))))))) (-DFL- E_S)),103
sw05utt/sw_0519_4733.utt,4/sw4733,4733,71,sd,A,43,3,{C and } --,and/CC --/:,"(S (INTJ (UH Uh)) (, ,) (NP-SBJ-1 (NNP J) (NNP C) (NNP Penney)) (VP (VP (HVS 's) (VP (VBN come) (PP-DIR-2 (RB down) (PP (IN from) (NP (NNP New) (NNP York)))))) (CC and) (, ,) (PP (IN of) (NP (NN course))) (, ,) (VP (NP-SBJ=1 (NP (NNP T) (NNP I)) (CC and) (NP (NNP Xerox))) (PP-DIR=2 (IN from) (NP (NNP Rochester))))) (-DFL- E_S))",72
sw05utt/sw_0519_4733.utt,4/sw4733,4733,72,ba,B,44,1,"{F Oh, } me. /","Oh/UH ,/,  [ me/PRP ] ./.","(INTJ (INTJ (UH Oh)) (, ,) (INTJ (PRP me)) (. .) (-DFL- E_S))",106
sw05utt/sw_0519_4733.utt,4/sw4733,4733,73,+,A,45,1,"-- {F uh, } {D you know, } it does. /","--/:  [ uh/UH ] ,/,  [ you/PRP ] know/VBP ,/,  [ it/PRP ] does/VBZ ./.","(S (CC and) (INTJ (UH uh)) (PRN (, ,) (S (NP-SBJ (PRP you)) (VP (VBP know))) (, ,)) (NP-SBJ (PRP it)) (VP (VBZ does)) (. .) (-DFL- E_S))",104
sw05utt/sw_0519_4733.utt,4/sw4733.pos,4733,74,x,B,46,1,<Noise>.,./.
sw05utt/sw_0519_4733.utt,4/sw4733,4733,75,sd,A,47,1,"{E I mean, } we do it to a point  /","[ I/PRP ] mean/VBP ,/,  [ we/PRP ] do/VBP  [ it/PRP ] to/IN  [ a/DT point/NN ]","(S (PRN (S (NP-SBJ (PRP I)) (VP (VBP mean))) (, ,)) (NP-SBJ (PRP we)) (VP (VBP do) (NP (PRP it)) (PP (IN to) (NP (DT a) (NN point)))) (-DFL- E_S))",110
sw05utt/sw_0519_4733.utt,4/sw4733,4733,76,sd,A,47,2,# {C but } # --,but/CC --/:,"(S (CC but) (NP-SBJ-1 (JJ other) (NNS people)) (VP (VBP seem) (, ,) (S (NP-SBJ (-NONE- *-1)) (VP (TO to) (VP (VB be) (ADJP-PRD (-NONE- *?*)))))) (-DFL- E_S))",83
sw05utt/sw_0519_4733.utt,4/sw4733,4733,77,b,B,48,1,# Yeah. # /,Yeah/UH ./.,(INTJ (UH Yeah) (. .) (-DFL- E_S)),113
sw05utt/sw_0519_4733.utt,4/sw4733,4733,78,+,A,49,1,"-- {F uh, } # not to where she feels different,  /","--/:  [ uh/UH ] ,/, not/RB to/IN where/WRB  [ she/PRP ] feels/VBZ  [ different/JJ ] ,/,","(FRAG (CC but) (INTJ (UH uh)) (, ,) (RB not) (PP (IN to) (SBAR (WHADVP-1 (WRB where)) (S (NP-SBJ (PRP she)) (VP (VBZ feels) (ADJP-PRD (JJ different)) (ADVP (-NONE- *T*-1)))))) (, ,) (-DFL- E_S))",111
sw05utt/sw_0519_4733.utt,4/sw4733,4733,79,sd,A,49,2,{C but } # --,but/CC --/:,"(S (CC but) (NP-SBJ-1 (JJ other) (NNS people)) (VP (VBP seem) (, ,) (S (NP-SBJ (-NONE- *-1)) (VP (TO to) (VP (VB be) (ADJP-PRD (-NONE- *?*)))))) (-DFL- E_S))",83
sw05utt/sw_0519_4733.utt,4/sw4733,4733,80,bf,B,50,1,# It's hard to explain to them why you can't. # /,[ It/PRP ] 's/BES hard/JJ to/TO explain/VB to/IN  [ them/PRP ] why/WRB  [ you/PRP ] ca/MD n't/RB ./.,(S (NP-SBJ (NP (PRP It)) (S (-NONE- *EXP*-2))) (VP (BES 's) (ADJP-PRD (JJ hard)) (S-2 (NP-SBJ (-NONE- *)) (VP (TO to) (VP (VB explain) (PP (IN to) (NP (PRP them))) (SBAR (WHADVP-1 (WRB why)) (S (NP-SBJ (PRP you)) (VP (MD ca) (RB n't) (VP (-NONE- *?*) (ADVP-PRP (-NONE- *T*-1)))))))))) (. .) (-DFL- E_S)),117
sw05utt/sw_0519_4733.utt,4/sw4733,4733,81,+,A,51,1,-- some of them are very rich  /,--/:  [ some/DT ] of/IN  [ them/PRP ] are/VBP very/RB rich/JJ,(S (CC but) (NP-SBJ (NP (DT some)) (PP (IN of) (NP (PRP them)))) (VP (VBP are) (ADJP-PRD (RB very) (JJ rich))) (-DFL- E_S)),115
sw05utt/sw_0519_4733.utt,4/sw4733,4733,82,sd,A,51,2,"{C and so, } {F uh, } we just kind of have,","and/CC so/RB ,/,  [ uh/UH ] ,/,  [ we/PRP ] just/RB  [ kind/RB ] of/RB have/VBP ,/,","(S (CONJP (CC and) (RB so)) (, ,) (INTJ (UH uh)) (, ,) (NP-SBJ (PRP we)) (ADVP (RB just)) (ADVP (RB kind) (RB of)) (VP (VBP have) (, ,) (NP (NN everything)) (ADVP-LOC (RB here))) (-DFL- E_S))",119
sw05utt/sw_0519_4733.utt,4/sw4733.pos,4733,83,x,B,52,1,<Noise>.,./.
sw05utt/sw_0519_4733.utt,4/sw4733,4733,84,+,A,53,1,everything here  /,[ everything/NN ] here/RB,"(S (CONJP (CC and) (RB so)) (, ,) (INTJ (UH uh)) (, ,) (NP-SBJ (PRP we)) (ADVP (RB just)) (ADVP (RB kind) (RB of)) (VP (VBP have) (, ,) (NP (NN everything)) (ADVP-LOC (RB here))) (-DFL- E_S))",119
sw05utt/sw_0519_4733.utt,4/sw4733,4733,85,sd,A,53,2,{C and } we have a very goal oriented population because their parents are. /,and/CC  [ we/PRP ] have/VBP  [ a/DT very/JJ goal/NN ] oriented/JJ  [ population/NN ] because/IN  [ their/PRP$ parents/NNS ] are/VBP ./.,(S (CC and) (NP-SBJ (PRP we)) (VP (VBP have) (NP (DT a) (JJ very) (ADJP (NN goal) (JJ oriented)) (NN population)) (SBAR-PRP (IN because) (S (NP-SBJ (PRP$ their) (NNS parents)) (VP (VBP are) (ADJP-PRD (-NONE- *?*)))))) (. .) (-DFL- E_S)),122
sw05utt/sw_0519_4733.utt,4/sw4733,4733,86,b,B,54,1,Right. /,[ Right/UH ] ./.,(INTJ (UH Right) (. .) (-DFL- E_S)),124
sw05utt/sw_0519_4733.utt,4/sw4733,4733,87,sv,A,55,1,"{C And so } I don't know how much of it,","And/CC so/RB  [ I/PRP ] do/VBP n't/RB know/VB how/WRB much/RB of/IN  [ it/PRP ] ,/,","(S (CONJP (CC And) (RB so)) (NP-SBJ (PRP I)) (VP (VBP do) (RB n't) (VP (VB know) (SBAR (SBAR (WHNP-1 (WHNP (WRB how) (RB much)) (PP (IN of) (NP (PRP it)))) (, ,) (S (NP-SBJ (-NONE- *T*-1)) (VP (VBZ is) (NP-PRD (PRP us))))) (CC and) (SBAR (WHNP-2 (WHNP (WRB how) (RB much)) (PP (IN of) (NP (PRP it)))) (S (NP-SBJ (-NONE- *T*-2)) (VP (VBZ is) (NP-PRD (NNP Texas)))))))) (-DFL- E_S))",126
sw05utt/sw_0519_4733.utt,4/sw4733.pos,4733,88,x,B,56,1,<Noise>.,./.
sw05utt/sw_0519_4733.utt,4/sw4733,4733,89,+,A,57,1,is us and how much of it is Texas  /,is/VBZ  [ us/PRP ] and/CC how/WRB much/RB of/IN  [ it/PRP ] is/VBZ  [ Texas/NNP ],"(S (CONJP (CC And) (RB so)) (NP-SBJ (PRP I)) (VP (VBP do) (RB n't) (VP (VB know) (SBAR (SBAR (WHNP-1 (WHNP (WRB how) (RB much)) (PP (IN of) (NP (PRP it)))) (, ,) (S (NP-SBJ (-NONE- *T*-1)) (VP (VBZ is) (NP-PRD (PRP us))))) (CC and) (SBAR (WHNP-2 (WHNP (WRB how) (RB much)) (PP (IN of) (NP (PRP it)))) (S (NP-SBJ (-NONE- *T*-2)) (VP (VBZ is) (NP-PRD (NNP Texas)))))))) (-DFL- E_S))",126
sw05utt/sw_0519_4733.utt,4/sw4733,4733,90,sv,A,57,2,"{C but } the kids are expected to excel in,","but/CC  [ the/DT kids/NNS ] are/VBP expected/VBN to/TO excel/VB in/IN ,/,","(S (CC but) (NP-SBJ-1 (DT the) (NNS kids)) (VP (VBP are) (VP (VBN expected) (S (NP-SBJ (-NONE- *-1)) (VP (TO to) (VP (VB excel) (PP (IN in) (, ,) (NP (NN everything)))))))) (. .) (-DFL- E_S))",129
sw05utt/sw_0519_4733.utt,4/sw4733.pos,4733,91,x,B,58,1,<Noise>.,./.
sw05utt/sw_0519_4733.utt,4/sw4733,4733,92,+,A,59,1,everything. /,[ everything/NN ] ./.,"(S (CC but) (NP-SBJ-1 (DT the) (NNS kids)) (VP (VBP are) (VP (VBN expected) (S (NP-SBJ (-NONE- *-1)) (VP (TO to) (VP (VB excel) (PP (IN in) (, ,) (NP (NN everything)))))))) (. .) (-DFL- E_S))",129
sw05utt/sw_0519_4733.utt,4/sw4733,4733,93,ba,B,60,1,"{F Oh, } dear. /","Oh/UH ,/, dear/UH ./.","(INTJ (INTJ (UH Oh)) (, ,) (INTJ (UH dear)) (. .) (-DFL- E_S))",133
sw05utt/sw_0519_4733.utt,4/sw4733,4733,94,sv,A,61,1,{C And } it's almost impossible because you have so many children and just so  many activities that everybody can't be first  /,And/CC  [ it/PRP ] 's/BES almost/RB impossible/JJ because/IN  [ you/PRP ] have/VBP  [ so/RB many/JJ children/NNS ] and/CC just/RB  [ so/RB many/JJ activities/NNS ] that/IN  [ everybody/NN ] ca/MD n't/RB be/VB first/RB,(S (CC And) (NP-SBJ (PRP it)) (VP (BES 's) (ADJP-PRD (RB almost) (JJ impossible)) (SBAR-PRP (IN because) (S (NP-SBJ (PRP you)) (VP (VBP have) (NP (NP (NP (ADJP (RB so) (JJ many)) (NNS children)) (CC and) (ADVP (RB just)) (NP (ADJP (RB so) (JJ many)) (NNS activities))) (SBAR (IN that) (S (NP-SBJ (NN everybody)) (VP (MD ca) (RB n't) (VP (VB be) (ADJP-PRD (RB first))))))))))) (-DFL- E_S)),135
sw05utt/sw_0519_4733.utt,4/sw4733,4733,95,sv,A,61,2,# {C and } they're # --,and/CC  [ they/PRP ] 're/VBP --/:,(S (CC and) (NP-SBJ-1 (PRP they)) (VP (VBP 're) (VP (VBN expected) (S (NP-SBJ (-NONE- *-1)) (VP (TO to) (VP (VB be) (ADJP-PRD (-NONE- *?*))))))) (. .) (-DFL- E_S)),136
sw05utt/sw_0519_4733.utt,4/sw4733,4733,96,b,B,62,1,# Right. # /,[ Right/UH ] ./.,(INTJ (UH Right) (. .) (-DFL- E_S)),124
sw05utt/sw_0519_4733.utt,4/sw4733,4733,97,+,A,63,1,-- expected to be.  /,--/: expected/VBN to/TO be/VB ./.,(S (CC and) (NP-SBJ-1 (PRP they)) (VP (VBP 're) (VP (VBN expected) (S (NP-SBJ (-NONE- *-1)) (VP (TO to) (VP (VB be) (ADJP-PRD (-NONE- *?*))))))) (. .) (-DFL- E_S)),136
sw05utt/sw_0519_4733.utt,4/sw4733,4733,98,sv,A,63,2,"{D You know, } their parents expect it,  /","[ You/PRP ] know/VBP ,/,  [ their/PRP$ parents/NNS ] expect/VBP  [ it/PRP ] ,/,","(S (PRN (S (NP-SBJ (PRP You)) (VP (VBP know))) (, ,)) (NP-SBJ (PRP$ their) (NNS parents)) (VP (VBP expect) (NP (PRP it))) (, ,) (-DFL- E_S))",140
sw05utt/sw_0519_4733.utt,4/sw4733,4733,99,sv,A,63,3,"the teachers expect it,  /","[ the/DT teachers/NNS ] expect/VBP  [ it/PRP ] ,/,","(S (NP-SBJ (DT the) (NNS teachers)) (VP (VBP expect) (NP (PRP it))) (, ,) (-DFL- E_S))",141
sw05utt/sw_0519_4733.utt,4/sw4733,4733,100,sv,A,63,4,Texas wants very badly to be considered tops in the school system -- /,[ Texas/NNP ] wants/VBZ very/RB badly/RB to/TO be/VB considered/VBN  [ tops/JJ ] in/IN  [ the/DT school/NN system/NN ] --/:,(S (NP-SBJ-1 (NNP Texas)) (VP (VBZ wants) (ADVP-MNR (RB very) (RB badly)) (S (NP-SBJ-2 (-NONE- *-1)) (VP (TO to) (VP (VB be) (VP (VBN considered) (S (NP-SBJ (-NONE- *-2)) (NP-PRD (NP (JJ tops)) (PP (IN in) (NP (DT the) (NN school) (NN system)))))))))) (-DFL- E_S)),142
sw05utt/sw_0519_4733.utt,4/sw4733,4733,101,b,B,64,1,Right <noise>. /,[ Right/UH ] ./.,(INTJ (UH Right) (. .) (-DFL- E_S)),124
sw05utt/sw_0519_4733.utt,4/sw4733,4733,102,sd,A,65,1,"-- {C and } if you read national surveys, they're far from it.  /","--/: and/CC if/IN  [ you/PRP ] read/VBP  [ national/JJ surveys/NNS ] ,/,  [ they/PRP ] 're/VBP far/RB from/IN  [ it/PRP ] ./.","(S (CC and) (SBAR-ADV (IN if) (S (NP-SBJ (PRP you)) (VP (VBP read) (NP (JJ national) (NNS surveys))))) (, ,) (NP-SBJ (PRP they)) (VP (VBP 're) (ADVP-PRD (RB far) (PP (IN from) (NP (PRP it))))) (. .) (-DFL- E_S))",146
sw05utt/sw_0519_4733.utt,4/sw4733,4733,103,sv,A,65,2,{C And so }  (( there's ))  just a whole lot of testing  and a whole lot of pushing to do well on these # tests. # /,And/CC so/RB  [ there/EX ] 's/BES just/RB  [ a/DT whole/JJ lot/NN ] of/IN  [ testing/NN ] and/CC  [ a/DT whole/JJ lot/NN ] of/IN pushing/VBG to/TO do/VB well/RB on/IN  [ these/DT tests/NNS ] ./.,(S (CONJP (CC And) (RB so)) (NP-SBJ (EX there)) (VP (BES 's) (ADVP (RB just)) (NP-PRD (NP (NP (DT a) (JJ whole) (NN lot)) (PP (IN of) (NP (NN testing)))) (CC and) (NP (NP (DT a) (JJ whole) (NN lot)) (PP (IN of) (S-NOM (NP-SBJ (-NONE- *)) (VP (VBG pushing) (S (NP-SBJ (-NONE- *)) (VP (TO to) (VP (VB do) (ADVP-MNR (RB well)) (PP (IN on) (NP (DT these) (NNS tests)))))))))))) (. .) (-DFL- E_S)),147
sw05utt/sw_0519_4733.utt,4/sw4733,4733,104,qo,B,66,1,# How about # the kids.  /,How/WRB about/IN  [ the/DT kids/NNS ] ./.,(FRAG (WHADVP (WRB How)) (PP (IN about) (NP (DT the) (NNS kids))) (. .) (-DFL- E_S)),149
sw05utt/sw_0519_4733.utt,4/sw4733,4733,105,qw,B,66,2,How are they coping with it? /,How/WRB  [ are/VBP they/PRP ] coping/VBG with/IN  [ it/PRP ] ?/.,(SBARQ (WHADVP-1 (WRB How)) (SQ (VBP are) (NP-SBJ (PRP they)) (VP (VBG coping) (PP (IN with) (NP (PRP it))) (ADVP-MNR (-NONE- *T*-1)))) (. ?) (-DFL- E_S)),150
sw05utt/sw_0519_4733.utt,4/sw4733,4733,106,sd,A,67,1,"{D Well, } not very well.  /","Well/UH ,/, not/RB very/RB well/RB ./.","(FRAG (INTJ (UH Well)) (, ,) (RB not) (ADVP-MNR (RB very) (RB well)) (. .) (-DFL- E_S))",152
sw05utt/sw_0519_4733.utt,4/sw4733,4733,107,sd,A,67,2,They bring home notes  that say they have to get a good night's sleep --,[ They/PRP ] bring/VBP  [ home/NN notes/NNS ] [ that/WDT ] say/VBP  [ they/PRP ] have/VBP to/TO get/VB  [ a/DT good/JJ night/NN 's/POS sleep/NN ] --/:,"(S (NP-SBJ (PRP They)) (VP (VBP bring) (ADVP-DIR (NN home)) (NP (NP (NNS notes)) (SBAR (WHNP-1 (WDT that)) (S (NP-SBJ (-NONE- *T*-1)) (VP (VBP say) (SBAR (-NONE- 0) (S (NP-SBJ-2 (PRP they)) (VP (VBP have) (S (NP-SBJ (-NONE- *-2)) (VP (TO to) (VP (VP (VB get) (NP (NP (DT a) (JJ good) (NN night) (POS 's)) (NN sleep))) (CC and) (VP (VBP eat) (ADVP (RB right)) (PP-TMP (IN in) (NP (DT the) (NN morning)))) (PP-TMP (IN before) (, ,) (NP (NNS tests)))))))))))))) (. .) (-DFL- E_S))",153
sw05utt/sw_0519_4733.utt,4/sw4733,4733,108,b,B,68,1,{D Huh. },Huh/UH ./.,(INTJ (INTJ (UH Huh)) (. .) (. .) (INTJ (UH Right)) (. .) (-DFL- E_S)),155
sw05utt/sw_0519_4733.utt,4/sw4733,4733,109,+,A,69,1,"-- and eat right in the morning before,","--/: and/CC eat/VBP right/RB in/IN  [ the/DT morning/NN ] before/IN ,/,","(S (NP-SBJ (PRP They)) (VP (VBP bring) (ADVP-DIR (NN home)) (NP (NP (NNS notes)) (SBAR (WHNP-1 (WDT that)) (S (NP-SBJ (-NONE- *T*-1)) (VP (VBP say) (SBAR (-NONE- 0) (S (NP-SBJ-2 (PRP they)) (VP (VBP have) (S (NP-SBJ (-NONE- *-2)) (VP (TO to) (VP (VP (VB get) (NP (NP (DT a) (JJ good) (NN night) (POS 's)) (NN sleep))) (CC and) (VP (VBP eat) (ADVP (RB right)) (PP-TMP (IN in) (NP (DT the) (NN morning)))) (PP-TMP (IN before) (, ,) (NP (NNS tests)))))))))))))) (. .) (-DFL- E_S))",153
sw05utt/sw_0519_4733.utt,4/sw4733.pos,4733,110,+,B,70,1,<Noise>.,./.
sw05utt/sw_0519_4733.utt,4/sw4733,4733,111,+,A,71,1,tests.  /,[ tests/NNS ] ./.,(S (CONJP (CC And) (RB so)) (NP-SBJ (EX there)) (VP (BES 's) (ADVP (RB just)) (NP-PRD (NP (NP (DT a) (JJ whole) (NN lot)) (PP (IN of) (NP (NN testing)))) (CC and) (NP (NP (DT a) (JJ whole) (NN lot)) (PP (IN of) (S-NOM (NP-SBJ (-NONE- *)) (VP (VBG pushing) (S (NP-SBJ (-NONE- *)) (VP (TO to) (VP (VB do) (ADVP-MNR (RB well)) (PP (IN on) (NP (DT these) (NNS tests)))))))))))) (. .) (-DFL- E_S)),147
sw05utt/sw_0519_4733.utt,4/sw4733,4733,112,sv,A,71,2,{E I mean } they make a big deal.  /,[ I/PRP ] mean/VBP  [ they/PRP ] make/VBP  [ a/DT big/JJ deal/NN ] ./.,(S (PRN (S (NP-SBJ (PRP I)) (VP (VBP mean)))) (NP-SBJ (PRP they)) (VP (VBP make) (NP (DT a) (JJ big) (NN deal))) (. .) (-DFL- E_S)),159
sw05utt/sw_0519_4733.utt,4/sw4733,4733,113,sv,A,71,3,"To me, the paper should just be put on the desk that day  /","To/IN  [ me/PRP ] ,/,  [ the/DT paper/NN ] should/MD just/RB be/VB put/VBN on/IN  [ the/DT desk/NN ] [ that/DT day/NN ]","(S (PP (IN To) (NP (PRP me))) (, ,) (NP-SBJ-1 (DT the) (NN paper)) (VP (MD should) (ADVP (RB just)) (VP (VB be) (VP (VBN put) (NP (-NONE- *-1)) (PP-PUT (IN on) (NP (DT the) (NN desk))) (NP-TMP (DT that) (NN day))))) (-DFL- E_S))",160
sw05utt/sw_0519_4733.utt,4/sw4733,4733,114,sv(^q),A,71,4,{C and } say just do this. /,and/CC say/VB just/RB do/VB  [ this/DT ] ./.,(S (CC and) (NP-SBJ (-NONE- *)) (VP (VB say) (S-IMP-SEZ (NP-SBJ (-NONE- *)) (ADVP (RB just)) (VP (VB do) (NP (DT this))))) (. .) (-DFL- E_S)),161
sw05utt/sw_0519_4733.utt,4/sw4733,4733,115,b,B,72,1,Right. /,[ Right/UH ] ./.,(INTJ (UH Right) (. .) (-DFL- E_S)),138
sw05utt/sw_0519_4733.utt,4/sw4733,4733,116,sv,A,73,1,"{D You know, } I just feel they do better that way. /","[ You/PRP ] know/VBP ,/,  [ I/PRP ] just/RB feel/VBP  [ they/PRP ] do/VBP better/RB  [ that/DT way/NN ] ./.","(S (PRN (S (NP-SBJ (PRP You)) (VP (VBP know))) (, ,)) (NP-SBJ (PRP I)) (ADVP (RB just)) (VP (VBP feel) (SBAR (-NONE- 0) (S (NP-SBJ (PRP they)) (VP (VBP do) (ADVP (RB better)) (NP-MNR (DT that) (NN way)))))) (. .) (-DFL- E_S))",164
sw05utt/sw_0519_4733.utt,4/sw4733,4733,117,aa,B,74,1,Yeah.  /,Yeah/UH ./.,(INTJ (UH Yeah) (. .) (-DFL- E_S)),166
sw05utt/sw_0519_4733.utt,4/sw4733,4733,118,bf,B,74,2,# Rather than # --,Rather/RB than/IN --/:,(PP (RB Rather) (IN than) (S-NOM (NP-SBJ (-NONE- *)) (VP (VBG anticipating))) (. .) (-DFL- E_S)),167
sw05utt/sw_0519_4733.utt,4/sw4733,4733,119,%,A,75,1,"# {C And, } # -/","And/CC ,/,","(S-UNF (CC And) (, ,) (-DFL- N_S))",169
sw05utt/sw_0519_4733.utt,4/sw4733,4733,120,+,B,76,1,-- anticipating.  /,--/: anticipating/VBG ./.,(PP (RB Rather) (IN than) (S-NOM (NP-SBJ (-NONE- *)) (VP (VBG anticipating))) (. .) (-DFL- E_S)),167
sw05utt/sw_0519_4733.utt,4/sw4733,4733,121,b,A,77,1,Yeah.  /,Yeah/UH ./.,(INTJ (UH Yeah) (. .) (-DFL- E_S)),166
sw05utt/sw_0519_4733.utt,4/sw4733,4733,122,sd,A,77,2,"[ {C And, } + {C and }  ] I have older children too that now are out of high school  /","And/CC ,/, and/CC  [ I/PRP ] have/VBP  [ older/JJR children/NNS ] too/RB  [ that/WDT ] now/RB are/VBP out/IN of/IN  [ high/JJ school/NN ]","(S (EDITED (RM (-DFL- \[)) (CC And) (, ,) (IP (-DFL- \+))) (CC and) (RS (-DFL- \])) (NP-SBJ (PRP I)) (VP (VBP have) (NP (NP (JJR older) (NNS children)) (SBAR (-NONE- *ICH*-2))) (ADVP (RB too)) (SBAR-2 (WHNP-1 (WDT that)) (S (NP-SBJ (-NONE- *T*-1)) (ADVP-TMP (RB now)) (VP (VBP are) (PP-PRD (IN out) (PP (IN of) (NP (JJ high) (NN school)))))))) (-DFL- E_S))",173
sw05utt/sw_0519_4733.utt,4/sw4733,4733,123,sd,A,77,3,{C and } they've always done this here.  /,and/CC  [ they/PRP ] 've/VBP always/RB done/VBN  [ this/DT ] here/RB ./.,(S (CC and) (NP-SBJ (PRP they)) (VP (VBP 've) (ADVP-TMP (RB always)) (VP (VBN done) (NP (DT this)) (ADVP-LOC (RB here)))) (. .) (-DFL- E_S)),174
sw05utt/sw_0519_4733.utt,4/sw4733,4733,124,sv,A,77,4,{E I mean } it's always been the same  /,[ I/PRP ] mean/VBP  [ it/PRP ] 's/BES always/RB been/VBN  [ the/DT same/JJ ],(S (PRN (S (NP-SBJ (PRP I)) (VP (VBP mean)))) (NP-SBJ (PRP it)) (VP (BES 's) (ADVP-TMP (RB always)) (VP (VBN been) (NP-PRD (DT the) (JJ same)))) (-DFL- E_S)),175
sw05utt/sw_0519_4733.utt,4/sw4733,4733,125,sv,A,77,5,"{C but }  [ it is, + it's  ] getting worse and worse,  /","but/CC  [ it/PRP ] is/VBZ ,/,  [ it/PRP ] 's/BES getting/VBG  [ worse/JJR ] and/CC  [ worse/JJR ] ,/,","(S (CC but) (EDITED (RM (-DFL- \[)) (S (NP-SBJ (PRP it)) (VP-UNF (VBZ is))) (, ,) (IP (-DFL- \+))) (NP-SBJ (PRP it)) (VP (BES 's) (RS (-DFL- \])) (VP (VBG getting) (ADJP-PRD (JJR worse) (CC and) (JJR worse)))) (, ,) (-DFL- E_S))",176
sw05utt/sw_0519_4733.utt,4/sw4733,4733,126,sv*,A,77,6,is more pressure for everything.  /  *[[listen]],is/VBZ  [ more/JJR pressure/NN ] for/IN  [ everything/NN ] ./.,(S (NP-SBJ (-NONE- *)) (VP (VBZ is) (NP-PRD (NP (JJR more) (NN pressure)) (PP (IN for) (NP (NN everything))))) (. .) (-DFL- E_S)),177
sw05utt/sw_0519_4733.utt,4/sw4733,4733,127,sv,A,77,7,{C And } I just think it's really awful  /,And/CC  [ I/PRP ] just/RB think/VBP  [ it/PRP ] 's/BES really/RB awful/JJ,(S (CC And) (NP-SBJ (PRP I)) (ADVP (RB just)) (VP (VBP think) (SBAR (-NONE- 0) (S (NP-SBJ (PRP it)) (VP (BES 's) (ADJP-PRD (RB really) (JJ awful)))))) (-DFL- E_S)),178
sw05utt/sw_0519_4733.utt,4/sw4733,4733,128,aa,A,77,8,"{C and } [ I, + I'm ] with you on that.  /","and/CC  [ I/PRP ] ,/,  [ I/PRP ] 'm/VBP with/IN  [ you/PRP ] on/IN  [ that/DT ] ./.","(S (CC and) (EDITED (RM (-DFL- \[)) (NP-SBJ (PRP I)) (, ,) (IP (-DFL- \+))) (NP-SBJ (PRP I)) (VP (VBP 'm) (RS (-DFL- \])) (PP (IN with) (NP (PRP you))) (PP (IN on) (NP (DT that)))) (. .) (-DFL- E_S))",179
sw05utt/sw_0519_4733.utt,4/sw4733,4733,129,o,A,77,9,"You don't hear too many people say this,  /","[ You/PRP ] do/VBP n't/RB hear/VB  [ too/RB many/JJ people/NNS ] say/VB  [ this/DT ] ,/,","(S (NP-SBJ (PRP You)) (VP (VBP do) (RB n't) (VP (VB hear) (S (NP-SBJ (ADJP (RB too) (JJ many)) (NNS people)) (VP (VB say) (NP (DT this)))))) (, ,) (-DFL- E_S))",180
sw05utt/sw_0519_4733.utt,4/sw4733,4733,130,sv,A,77,10,{C but } I think it's a very long day. /,but/CC  [ I/PRP ] think/VBP  [ it/PRP ] 's/BES  [ a/DT very/RB long/JJ day/NN ] ./.,(S (CC but) (NP-SBJ (PRP I)) (VP (VBP think) (SBAR (-NONE- 0) (S (NP-SBJ (PRP it)) (VP (BES 's) (NP-PRD (DT a) (ADJP (RB very) (JJ long)) (NN day)))))) (. .) (-DFL- E_S)),181
sw05utt/sw_0519_4733.utt,4/sw4733,4733,131,ba,B,78,1,"{F Oh, } it is. /","Oh/UH ,/,  [ it/PRP ] is/VBZ ./.","(S (INTJ (UH Oh)) (, ,) (NP-SBJ (PRP it)) (VP (VBZ is) (NP-PRD (-NONE- *?*))) (. .) (-DFL- E_S))",183
sw05utt/sw_0519_4733.utt,4/sw4733,4733,132,sv,A,79,1,"{C And } my feeling is that, {D you know, } you're only a kid once,  # {C and } you don't want to # --","And/CC  [ my/PRP$ feeling/NN ] is/VBZ  [ that/IN ] ,/,  [ you/PRP ] know/VBP ,/,  [ you/PRP ] 're/VBP only/RB  [ a/DT kid/NN ] once/RB ,/, and/CC  [ you/PRP ] do/VBP n't/RB want/VB to/TO --/:","(S (CC And) (NP-SBJ (PRP$ my) (NN feeling)) (VP (VBZ is) (SBAR-PRD (IN that) (PRN (, ,) (S (NP-SBJ (PRP you)) (VP (VBP know))) (, ,)) (S (S (NP-SBJ (PRP you)) (VP (VBP 're) (ADVP (RB only)) (NP-PRD (DT a) (NN kid)) (ADVP-TMP (RB once)))) (, ,) (CC and) (S (NP-SBJ-1 (PRP you)) (VP (VBP do) (RB n't) (VP (VB want) (S (NP-SBJ (-NONE- *-1)) (VP (TO to) (VP (VB spend) (NP (PRP$ your) (JJ whole) (NN life)) (PP-LOC (IN in) (NP (NN school)))))))))))) (. .) (-DFL- E_S))",185
sw05utt/sw_0519_4733.utt,4/sw4733,4733,133,aa,B,80,1,# That's right. # /,[ That/DT ] 's/BES right/JJ ./.,(S (NP-SBJ (DT That)) (VP (BES 's) (ADJP-PRD (JJ right))) (. .) (-DFL- E_S)),187
sw05utt/sw_0519_4733.utt,4/sw4733,4733,134,+,A,81,1,-- spend your whole life in school. /,--/: spend/VB  [ your/PRP$ whole/JJ life/NN ] in/IN  [ school/NN ] ./.,"(S (CC And) (NP-SBJ (PRP$ my) (NN feeling)) (VP (VBZ is) (SBAR-PRD (IN that) (PRN (, ,) (S (NP-SBJ (PRP you)) (VP (VBP know))) (, ,)) (S (S (NP-SBJ (PRP you)) (VP (VBP 're) (ADVP (RB only)) (NP-PRD (DT a) (NN kid)) (ADVP-TMP (RB once)))) (, ,) (CC and) (S (NP-SBJ-1 (PRP you)) (VP (VBP do) (RB n't) (VP (VB want) (S (NP-SBJ (-NONE- *-1)) (VP (TO to) (VP (VB spend) (NP (PRP$ your) (JJ whole) (NN life)) (PP-LOC (IN in) (NP (NN school)))))))))))) (. .) (-DFL- E_S))",185
sw05utt/sw_0519_4733.utt,4/sw4733,4733,135,sd,B,82,1,"My son [ said that, + ]  came home  /","[ My/PRP$ son/NN ] said/VBD that/IN ,/, came/VBD  [ home/RB ]","(S (NP-SBJ (PRP$ My) (NN son)) (EDITED (RM (-DFL- \[)) (VP (VBD said) (SBAR-UNF (IN that))) (, ,) (IP (-DFL- \+)) (RS (-DFL- \]))) (VP (VBD came) (ADVP-DIR (RB home))) (-DFL- E_S))",190
sw05utt/sw_0519_4733.utt,4/sw4733,4733,136,sd(^q),B,82,2,"{C and } [ he said, +  he said ] Mom, all we do is work. /","and/CC  [ he/PRP ] said/VBD ,/,  [ he/PRP ] said/VBD  [ Mom/NNP ] ,/,  [ all/DT ] [ we/PRP ] do/VBP is/VBZ work/VB ./.","(S (CC and) (EDITED (RM (-DFL- \[)) (S (NP-SBJ (PRP he)) (VP-UNF (VBD said))) (, ,) (IP (-DFL- \+))) (NP-SBJ (PRP he)) (VP (VBD said) (RS (-DFL- \])) (S-SEZ (NP-VOC (NNP Mom)) (, ,) (NP-SBJ (NP (DT all)) (SBAR (WHNP-1 (-NONE- 0)) (S (NP-SBJ (PRP we)) (VP (VBP do) (NP (-NONE- *T*-1)))))) (VP (VBZ is) (S-PRD (NP-SBJ (-NONE- *)) (VP (VB work)))))) (. .) (-DFL- E_S))",191
sw05utt/sw_0519_4733.utt,4/sw4733,4733,137,b,A,83,1,"Uh-huh,  /","[ Uh-huh/UH ] ,/,","(INTJ (UH Uh-huh) (, ,) (-DFL- E_S))",193
sw05utt/sw_0519_4733.utt,4/sw4733,4733,138,b,A,83,2,uh-huh. /,[ uh-huh/UH ] ./.,(INTJ (UH uh-huh) (. .) (-DFL- E_S)),194
sw05utt/sw_0519_4733.utt,4/sw4733,4733,139,^q,B,84,1,We hardly ever play #  /,[ We/PRP ] hardly/RB ever/RB play/VBP,(S (NP-SBJ (PRP We)) (ADVP-TMP (RB hardly) (RB ever)) (VP (VBP play)) (-DFL- E_S)),196
sw05utt/sw_0519_4733.utt,4/sw4733,4733,140,%,B,84,2,"{C and, } # -/","and/CC ,/,","(S-UNF (CC and) (, ,) (-DFL- N_S))",197
sw05utt/sw_0519_4733.utt,4/sw4733,4733,141,sv,A,85,1,# {C And } # I don't think that's right.  /,And/CC  [ I/PRP ] do/VBP n't/RB think/VB  [ that/DT ] 's/BES right/JJ ./.,(S (CC And) (NP-SBJ (PRP I)) (VP (VBP do) (RB n't) (VP (VB think) (SBAR (-NONE- 0) (S (NP-SBJ (DT that)) (VP (BES 's) (ADJP-PRD (JJ right))))))) (. .) (-DFL- E_S)),199
sw05utt/sw_0519_4733.utt,4/sw4733,4733,142,sv,A,85,2,I think we should do what Europe does and include cultural activities in our school system. /,[ I/PRP ] think/VBP  [ we/PRP ] should/MD do/VB  [ what/WP ] [ Europe/NNP ] does/VBZ and/CC include/VB  [ cultural/JJ activities/NNS ] in/IN  [ our/PRP$ school/NN system/NN ] ./.,(S (NP-SBJ (PRP I)) (VP (VBP think) (SBAR (-NONE- 0) (S (NP-SBJ (PRP we)) (VP (MD should) (VP (VP (VB do) (SBAR-NOM (WHNP-1 (WP what)) (S (NP-SBJ (NNP Europe)) (VP (VBZ does) (NP (-NONE- *T*-1)))))) (CC and) (VP (VB include) (NP (JJ cultural) (NNS activities)) (PP (IN in) (NP (PRP$ our) (NN school) (NN system))))))))) (. .) (-DFL- E_S)),200
sw05utt/sw_0519_4733.utt,4/sw4733,4733,143,aa,B,86,1,"{F Oh, } likewise. /","Oh/UH ,/, likewise/RB ./.","(FRAG (INTJ (UH Oh)) (, ,) (ADVP (RB likewise)) (. .) (-DFL- E_S))",202
sw05utt/sw_0519_4733.utt,4/sw4733,4733,144,sv,A,87,1,"<Ringing> I don't think I should have to pay for dancing lessons, gymnastics, <talking> # piano. # /","[ I/PRP ] do/VBP n't/RB think/VB  [ I/PRP ] should/MD have/VB to/TO pay/VB for/IN dancing/NN  [ lessons/NNS ] ,/,  [ gymnastics/NNS ] ,/,  [ piano/NN ] ./.","(S (NP-SBJ (PRP I)) (VP (VBP do) (RB n't) (VP (VB think) (SBAR (-NONE- 0) (S (NP-SBJ-1 (PRP I)) (VP (MD should) (VP (VB have) (S (NP-SBJ (-NONE- *-1)) (VP (TO to) (VP (VB pay) (PP (IN for) (NP (NP (NN dancing) (NNS lessons)) (, ,) (NP (NNS gymnastics)) (, ,) (NP (NN piano))))))))))))) (. .) (-DFL- E_S))",204
sw05utt/sw_0519_4733.utt,4/sw4733,4733,145,aa,B,88,1,# Right. # /,[ Right/UH ] ./.,(INTJ (UH Right) (. .) (-DFL- E_S)),206
sw05utt/sw_0519_4733.utt,4/sw4733,4733,146,sv,A,89,1,I would like to see those things included # in our school system # --,[ I/PRP ] would/MD like/VB to/TO see/VB  [ those/DT things/NNS ] included/VBN in/IN  [ our/PRP$ school/NN system/NN ] --/:,(S (NP-SBJ-1 (PRP I)) (VP (MD would) (VP (VB like) (S (NP-SBJ (-NONE- *-1)) (VP (TO to) (VP (VB see) (S (NP-SBJ-2 (DT those) (NNS things)) (VP (VBN included) (NP (-NONE- *-2)) (PP (IN in) (NP (PRP$ our) (NN school) (NN system)))))))) (SBAR-PRP (IN because) (S (NP-SBJ (PRP I)) (VP (VBP think) (SBAR (-NONE- 0) (S (NP-SBJ (PRP we)) (VP (MD should) (VP (VB have) (NP (NP (JJ well-rounded) (NNS kids)) (RB not) (ADVP (RB just)) (NP (ADJP (NN book) (JJ smart)) (NNS kids)))))))))))) (. .) (-DFL- E_S)),208
sw05utt/sw_0519_4733.utt,4/sw4733,4733,147,ba,B,90,1,# Wouldn't that be great. # /,Would/MD n't/RB  [ that/DT ] be/VB great/JJ ./.,(SQ (MD Would) (RB n't) (NP-SBJ (DT that)) (VP (VB be) (ADJP-PRD (JJ great))) (. .) (-DFL- E_S)),210
sw05utt/sw_0519_4733.utt,4/sw4733,4733,148,+,A,91,1,-- because  I think we should have well-rounded kids --,--/: because/IN  [ I/PRP ] think/VBP  [ we/PRP ] should/MD have/VB  [ well-rounded/JJ kids/NNS ] --/:,(S (NP-SBJ-1 (PRP I)) (VP (MD would) (VP (VB like) (S (NP-SBJ (-NONE- *-1)) (VP (TO to) (VP (VB see) (S (NP-SBJ-2 (DT those) (NNS things)) (VP (VBN included) (NP (-NONE- *-2)) (PP (IN in) (NP (PRP$ our) (NN school) (NN system)))))))) (SBAR-PRP (IN because) (S (NP-SBJ (PRP I)) (VP (VBP think) (SBAR (-NONE- 0) (S (NP-SBJ (PRP we)) (VP (MD should) (VP (VB have) (NP (NP (JJ well-rounded) (NNS kids)) (RB not) (ADVP (RB just)) (NP (ADJP (NN book) (JJ smart)) (NNS kids)))))))))))) (. .) (-DFL- E_S)),208
sw05utt/sw_0519_4733.utt,4/sw4733,4733,149,b,B,92,1,Uh-huh. /,[ Uh-huh/UH ] ./.,(INTJ (UH Uh-huh) (. .) (-DFL- E_S)),213
sw05utt/sw_0519_4733.utt,4/sw4733,4733,150,+,A,93,1,-- not just book smart kids. /,--/: not/RB just/RB book/NN  [ smart/JJ kids/NNS ] ./.,(S (NP-SBJ-1 (PRP I)) (VP (MD would) (VP (VB like) (S (NP-SBJ (-NONE- *-1)) (VP (TO to) (VP (VB see) (S (NP-SBJ-2 (DT those) (NNS things)) (VP (VBN included) (NP (-NONE- *-2)) (PP (IN in) (NP (PRP$ our) (NN school) (NN system)))))))) (SBAR-PRP (IN because) (S (NP-SBJ (PRP I)) (VP (VBP think) (SBAR (-NONE- 0) (S (NP-SBJ (PRP we)) (VP (MD should) (VP (VB have) (NP (NP (JJ well-rounded) (NNS kids)) (RB not) (ADVP (RB just)) (NP (ADJP (NN book) (JJ smart)) (NNS kids)))))))))))) (. .) (-DFL- E_S)),208
sw05utt/sw_0519_4733.utt,4/sw4733,4733,151,aa,B,94,1,Right. /,[ Right/UH ] ./.,(INTJ (UH Right) (. .) (-DFL- E_S)),206
sw05utt/sw_0519_4733.utt,4/sw4733,4733,152,sv,A,95,1,{C And so } I just find this a real problem.  /,And/CC so/RB  [ I/PRP ] just/RB find/VBP  [ this/DT a/DT real/JJ problem/NN ] ./.,(S (CONJP (CC And) (RB so)) (NP-SBJ (PRP I)) (ADVP (RB just)) (VP (VBP find) (S (NP-SBJ (DT this)) (NP-PRD (DT a) (JJ real) (NN problem)))) (. .) (-DFL- E_S)),218
sw05utt/sw_0519_4733.utt,4/sw4733,4733,153,sv,A,95,2,"I think if they're going to be there all day, they should find time.  /","[ I/PRP ] think/VBP if/IN  [ they/PRP ] 're/VBP going/VBG to/TO be/VB there/RB  [ all/DT day/NN ] ,/,  [ they/PRP ] should/MD find/VB  [ time/NN ] ./.","(S (NP-SBJ (PRP I)) (VP (VBP think) (SBAR (-NONE- 0) (S (SBAR-ADV (IN if) (S (NP-SBJ-1 (PRP they)) (VP (VBP 're) (VP (VBG going) (S (NP-SBJ (-NONE- *-1)) (VP (TO to) (VP (VB be) (ADVP-LOC-PRD (RB there)) (NP-TMP (DT all) (NN day))))))))) (, ,) (NP-SBJ (PRP they)) (VP (MD should) (VP (VB find) (NP (NN time))))))) (. .) (-DFL- E_S))",219
sw05utt/sw_0519_4733.utt,4/sw4733,4733,154,sd,A,95,3,"One of my daughters, once, was out of school with Mono in her junior year I think it was.  /","[ One/CD ] of/IN  [ my/PRP$ daughters/NNS ] ,/, once/RB ,/, was/VBD out/IN of/IN  [ school/NN ] with/IN  [ Mono/NNP ] in/IN  [ her/PRP$ junior/JJ year/NN ] [ I/PRP ] think/VBP  [ it/PRP ] was/VBD ./.","(S (NP-SBJ (NP (CD One)) (PP (IN of) (NP (PRP$ my) (NNS daughters)))) (, ,) (ADVP-TMP (RB once)) (, ,) (VP (VBD was) (PP-LOC-PRD (IN out) (PP (IN of) (NP (NN school)))) (PP (IN with) (NP (NNP Mono))) (PP-TMP-TPC-1 (IN in) (NP (PRP$ her) (JJ junior) (NN year))) (PRN (S (NP-SBJ (PRP I)) (VP (VBP think) (SBAR (-NONE- 0) (S (NP-SBJ (PRP it)) (VP (VBD was) (PP-TMP-PRD (-NONE- *T*-1))))))))) (. .) (-DFL- E_S))",220
sw05utt/sw_0519_4733.utt,4/sw4733,4733,155,sd,A,95,4,{C And } she had a <noise> home teacher for like four hours a week  /,And/CC  [ she/PRP ] had/VBD  [ a/DT home/NN teacher/NN ] for/IN  [ like/IN four/CD hours/NNS ] [ a/DT week/NN ],(S (CC And) (NP-SBJ (PRP she)) (VP (VBD had) (NP (DT a) (NN home) (NN teacher)) (PP-TMP (IN for) (NP (NP (QP (IN like) (CD four)) (NNS hours)) (NP-ADV (DT a) (NN week))))) (-DFL- E_S)),221
sw05utt/sw_0519_4733.utt,4/sw4733,4733,156,sd,A,95,5,"{C and } when she went back in six weeks, she was ahead.  /","and/CC when/WRB  [ she/PRP ] went/VBD back/RB in/IN  [ six/CD weeks/NNS ] ,/,  [ she/PRP ] was/VBD ahead/RB ./.","(S (CC and) (SBAR-TMP (WHADVP-1 (WRB when)) (S (NP-SBJ (PRP she)) (VP (VBD went) (ADVP-DIR (RB back)) (PP-TMP (IN in) (NP (CD six) (NNS weeks))) (ADVP-TMP (-NONE- *T*-1))))) (, ,) (NP-SBJ (PRP she)) (VP (VBD was) (ADVP-PRD (RB ahead))) (. .) (-DFL- E_S))",222
sw05utt/sw_0519_4733.utt,4/sw4733,4733,157,qh,A,95,6,# {C So } what # --,So/RB  [ what/WP ] --/:,(SBARQ (RB So) (WHNP-1 (WP what)) (SQ (VBZ does) (NP-SBJ (WDT that)) (VP (VB tell) (NP (PRP you)) (NP (-NONE- *T*-1)))) (. ?) (-DFL- E_S)),223
sw05utt/sw_0519_4733.utt,4/sw4733,4733,158,bh,B,96,1,# Is that right? # /,Is/VBZ  [ that/DT right/NN ] ?/.,(SQ (VBZ Is) (NP-SBJ (DT that)) (ADJP-PRD (NN right)) (. ?) (-DFL- E_S)),225
sw05utt/sw_0519_4733.utt,4/sw4733,4733,159,+,A,97,1,-- does that tell you?  /,--/: does/VBZ  [ that/WDT ] tell/VB  [ you/PRP ] ?/.,(SBARQ (RB So) (WHNP-1 (WP what)) (SQ (VBZ does) (NP-SBJ (WDT that)) (VP (VB tell) (NP (PRP you)) (NP (-NONE- *T*-1)))) (. ?) (-DFL- E_S)),223
sw05utt/sw_0519_4733.utt,4/sw4733,4733,160,sv,A,97,2,# It tells you there's a whole # --,[ It/PRP ] tells/VBZ  [ you/PRP ] [ there/EX ] 's/BES  [ a/DT whole/NN ] --/:,(S (NP-SBJ (PRP It)) (VP (VBZ tells) (NP (PRP you)) (SBAR (-NONE- 0) (S (NP-SBJ (EX there)) (VP (BES 's) (NP-PRD (NP (DT a) (NN whole) (NN lot)) (PP (IN of) (NP (VBN wasted) (NN time)))))))) (. .) (-DFL- E_S)),227
sw05utt/sw_0519_4733.utt,4/sw4733,4733,161,ba,B,98,1,"# {F Oh, } my gosh. # /","Oh/UH ,/,  [ my/PRP$ ] gosh/UH ./.","(INTJ (INTJ (UH Oh)) (, ,) (INTJ (PRP$ my) (UH gosh)) (. .) (-DFL- E_S))",229
sw05utt/sw_0519_4733.utt,4/sw4733,4733,162,+,A,99,1,-- lot of wasted time. /,--/:  [ lot/NN ] of/IN  [ wasted/VBN time/NN ] ./.,(S (NP-SBJ (PRP It)) (VP (VBZ tells) (NP (PRP you)) (SBAR (-NONE- 0) (S (NP-SBJ (EX there)) (VP (BES 's) (NP-PRD (NP (DT a) (NN whole) (NN lot)) (PP (IN of) (NP (VBN wasted) (NN time)))))))) (. .) (-DFL- E_S)),227
sw05utt/sw_0519_4733.utt,4/sw4733,4733,163,ba,B,100,1,"{F Oh, } my gosh. /","Oh/UH ,/,  [ my/PRP$ ] gosh/UH ./.","(INTJ (INTJ (UH Oh)) (, ,) (INTJ (PRP$ my) (UH gosh)) (. .) (-DFL- E_S))",229
sw05utt/sw_0519_4733.utt,4/sw4733,4733,164,sv,A,101,1,{C And } they could be using this time better. /,And/CC  [ they/PRP ] could/MD be/VB using/VBG  [ this/DT time/NN ] better/RB ./.,(S (CC And) (NP-SBJ (PRP they)) (VP (MD could) (VP (VB be) (VP (VBG using) (NP (DT this) (NN time)) (ADVP-MNR (RB better))))) (. .) (-DFL- E_S)),234
sw05utt/sw_0519_4733.utt,4/sw4733,4733,165,sd,B,102,1,"{D Well, } for example, in my son's kindergarten.  They're really finished at lunch time.  /","Well/UH ,/, for/IN  [ example/NN ] ,/, in/IN  [ my/PRP$ son/NN 's/POS kindergarten/NN ] ./.  [ They/PRP ] 're/VBP really/RB finished/JJ at/IN  [ lunch/NN time/NN ] ./.","(S (INTJ (UH Well)) (, ,) (PP (IN for) (NP (NN example))) (, ,) (PP (IN in) (NP (NP (PRP$ my) (NN son) (POS 's)) (NN kindergarten))) (. .) (NP-SBJ (PRP They)) (VP (VBP 're) (ADVP (RB really)) (ADJP-PRD (JJ finished)) (PP-TMP (IN at) (NP (NN lunch) (NN time)))) (. .) (-DFL- E_S))",236
sw05utt/sw_0519_4733.utt,4/sw4733,4733,166,sd,B,102,2,"After lunch, they have some, {F uh, } - /","After/IN  [ lunch/NN ] ,/,  [ they/PRP ] have/VBP  [ some/DT ] ,/,  [ uh/UH ] ,/,","(S (PP (IN After) (NP (NN lunch))) (, ,) (NP-SBJ (PRP they)) (VP (VBP have) (NP-UNF (DT some) (, ,) (INTJ (UH uh)))) (, ,) (-DFL- N_S))",237
sw05utt/sw_0519_4733.utt,4/sw4733,4733,167,^h,B,102,3,"I'm trying to think if they have recess after lunch,  /","[ I/PRP ] 'm/VBP trying/VBG to/TO think/VB if/IN  [ they/PRP ] have/VBP  [ recess/NN ] after/IN  [ lunch/NN ] ,/,","(S (NP-SBJ-1 (PRP I)) (VP (VBP 'm) (VP (VBG trying) (S (NP-SBJ (-NONE- *-1)) (VP (TO to) (VP (VB think) (SBAR (IN if) (S (NP-SBJ (PRP they)) (VP (VBP have) (NP (NN recess)) (PP-TMP (IN after) (NP (NN lunch))))))))))) (, ,) (-DFL- E_S))",238
sw05utt/sw_0519_4733.utt,4/sw4733,4733,168,sd,B,102,4,{C and } then they have naps or rest period. /,and/CC then/RB  [ they/PRP ] have/VBP  [ naps/NNS ] or/CC  [ rest/NN period/NN ] ./.,(S (CONJP (CC and) (RB then)) (NP-SBJ (PRP they)) (VP (VBP have) (NP (NP (NNS naps)) (CC or) (NP (NN rest) (NN period)))) (. .) (-DFL- E_S)),239
sw05utt/sw_0519_4733.utt,4/sw4733,4733,169,b,A,103,1,</Talking> Uh-huh. /,[ Uh-huh/UH ] ./.,(INTJ (UH Uh-huh) (. .) (-DFL- E_S)),213
sw05utt/sw_0519_4733.utt,4/sw4733,4733,170,sd,B,104,1,"{C And, } {F uh, } I think either send them home or do something --","And/CC ,/,  [ uh/UH ] ,/,  [ I/PRP ] think/VBP either/CC send/VBP  [ them/PRP ] home/RB or/CC do/VBP  [ something/NN ] --/:","(S (CC And) (, ,) (INTJ (UH uh)) (, ,) (NP-SBJ (PRP I)) (VP (VBP think) (S-IMP-SEZ (NP-SBJ (-NONE- *)) (CC either) (VP (VP (VBP send) (NP (PRP them)) (ADVP-DIR (RB home))) (CC or) (VP (VBP do) (NP (NP (NN something)) (ADJP (NP-ADV (DT a) (RB little)) (RBR more) (JJ interesting))))))) (. .) (-DFL- E_S))",243
sw05utt/sw_0519_4733.utt,4/sw4733,4733,171,ba,A,105,1,That's a very long day for # kindergartners. # /,[ That/DT ] 's/BES  [ a/DT very/RB long/JJ day/NN ] for/IN  [ kindergartners/NNS ] ./.,(S (NP-SBJ (DT That)) (VP (BES 's) (NP-PRD (NP (DT a) (ADJP (RB very) (JJ long)) (NN day)) (PP (IN for) (NP (NNS kindergartners))))) (. .) (-DFL- E_S)),245
sw05utt/sw_0519_4733.utt,4/sw4733,4733,172,+,B,106,1,-- # a little more interesting. #  /,--/:  [ a/DT little/RB ] more/RBR interesting/JJ ./.,"(S (CC And) (, ,) (INTJ (UH uh)) (, ,) (NP-SBJ (PRP I)) (VP (VBP think) (S-IMP-SEZ (NP-SBJ (-NONE- *)) (CC either) (VP (VP (VBP send) (NP (PRP them)) (ADVP-DIR (RB home))) (CC or) (VP (VBP do) (NP (NP (NN something)) (ADJP (NP-ADV (DT a) (RB little)) (RBR more) (JJ interesting))))))) (. .) (-DFL- E_S))",243
sw05utt/sw_0519_4733.utt,4/sw4733,4733,173,aa,B,106,2,I agree. /,[ I/PRP ] agree/VBP ./.,(S (NP-SBJ (PRP I)) (VP (VBP agree)) (. .) (-DFL- E_S)),247
sw05utt/sw_0519_4733.utt,4/sw4733,4733,174,sv,A,107,1,{C But } I think that working parents have kind of demanded this. /,But/CC  [ I/PRP ] think/VBP that/IN working/VBG  [ parents/NNS ] have/VBP  [ kind/RB ] of/RB demanded/VBN  [ this/DT ] ./.,(S (CC But) (NP-SBJ (PRP I)) (VP (VBP think) (SBAR (IN that) (S (NP-SBJ (VBG working) (NNS parents)) (VP (VBP have) (ADVP (RB kind) (RB of)) (VP (VBN demanded) (NP (DT this))))))) (. .) (-DFL- E_S)),249
sw05utt/sw_0519_4733.utt,4/sw4733,4733,175,ba,B,108,1,I wouldn't be surprised. /,[ I/PRP ] would/MD n't/RB be/VB surprised/JJ ./.,(S (NP-SBJ (PRP I)) (VP (MD would) (RB n't) (VP (VB be) (ADJP-PRD (JJ surprised)))) (. .) (-DFL- E_S)),251
sw05utt/sw_0519_4733.utt,4/sw4733,4733,176,sv,A,109,1,"{D You know, } {C because } [ they don't, + # they don't ] want to send them to daycare. # /","[ You/PRP ] know/VBP ,/, because/IN  [ they/PRP ] do/VBP n't/RB ,/,  [ they/PRP ] do/VBP n't/RB want/VB to/TO send/VB  [ them/PRP ] to/IN daycare/NN ./.","(FRAG (PRN (S (NP-SBJ (PRP You)) (VP (VBP know))) (, ,)) (SBAR-PRP (IN because) (S (EDITED (RM (-DFL- \[)) (S (NP-SBJ (PRP they)) (VP-UNF (VBP do) (RB n't))) (, ,) (IP (-DFL- \+))) (NP-SBJ-1 (PRP they)) (VP (VBP do) (RB n't) (RS (-DFL- \])) (VP (VB want) (S (NP-SBJ (-NONE- *-1)) (VP (TO to) (VP (VB send) (NP (PRP them)) (PP-DIR (IN to) (NP (NN daycare)))))))))) (. .) (-DFL- E_S))",253
sw05utt/sw_0519_4733.utt,4/sw4733,4733,177,sv,B,110,1,# I doubt if they would say it was too long <laughter>. # /,[ I/PRP ] doubt/VBP if/IN  [ they/PRP ] would/MD say/VB  [ it/PRP ] was/VBD too/RB long/JJ ./.,(S (NP-SBJ (PRP I)) (VP (VBP doubt) (SBAR (IN if) (S (NP-SBJ (PRP they)) (VP (MD would) (VP (VB say) (SBAR (-NONE- 0) (S (NP-SBJ (PRP it)) (VP (VBD was) (ADJP-PRD (RB too) (JJ long)))))))))) (. .) (-DFL- E_S)),255
sw05utt/sw_0519_4733.utt,4/sw4733,4733,178,sv,A,111,1,That's why they want them there because them somebody takes care of them all day <ringing>. /,[ That/DT ] 's/BES why/WRB  [ they/PRP ] want/VBP  [ them/PRP ] there/RB because/IN  [ them/PRP ] [ somebody/NN ] takes/VBZ  [ care/NN ] of/IN  [ them/PRP ] [ all/DT day/NN ] ./.,(S (NP-SBJ (DT That)) (VP (BES 's) (SBAR-PRP-PRD (WHADVP-1 (WRB why)) (S (NP-SBJ (PRP they)) (VP (VBP want) (NP (PRP them)) (ADVP-LOC (RB there)) (ADVP-PRP (-NONE- *T*-1))))) (SBAR-PRP-TPC (IN because) (S (ADVP (TYPO (PRP them))) (NP-SBJ (NN somebody)) (VP (VBZ takes) (NP (NN care)) (PP (IN of) (NP (PRP them))) (NP-TMP (DT all) (NN day)))))) (. .) (-DFL- E_S)),257
sw05utt/sw_0519_4733.utt,4/sw4733,4733,179,qy,B,112,1,"{F Uh, } do you have the before school care,","[ Uh/UH ] ,/, do/VBP  [ you/PRP ] have/VBP  [ the/DT ] before/IN  [ school/NN care/NN ] ,/,","(SQ (INTJ (UH Uh)) (, ,) (VBP do) (NP-SBJ (PRP you)) (VP (VBP have) (NP (NP (DT the) (ADJP (IN before) (NN school)) (NN care)) (NAC (-NONE- *ICH*-1))) (, ,) (PP-LOC (IN at) (NP (PRP$ your) (NN school))) (NAC-1 (CC and) (NP (DT the) (ADJP (IN after) (NN school)) (NN care)))) (. ?) (-DFL- E_S))",259
sw05utt/sw_0519_4733.utt,4/sw4733.pos,4733,180,x,A,113,1,<Ringing>.,./.
sw05utt/sw_0519_4733.utt,4/sw4733,4733,181,+,B,114,1,at your school and the after school care? /,at/IN  [ your/PRP$ school/NN ] and/CC  [ the/DT ] after/IN  [ school/NN care/NN ] ?/.,"(SQ (INTJ (UH Uh)) (, ,) (VBP do) (NP-SBJ (PRP you)) (VP (VBP have) (NP (NP (DT the) (ADJP (IN before) (NN school)) (NN care)) (NAC (-NONE- *ICH*-1))) (, ,) (PP-LOC (IN at) (NP (PRP$ your) (NN school))) (NAC-1 (CC and) (NP (DT the) (ADJP (IN after) (NN school)) (NN care)))) (. ?) (-DFL- E_S))",259
sw05utt/sw_0519_4733.utt,4/sw4733,4733,182,na,A,115,1,"We have them at one school  {D like, } /","[ We/PRP ] have/VBP  [ them/PRP ] at/IN  [ one/CD school/NN ] like/UH|IN ,/,","(S (NP-SBJ (PRP We)) (VP (VBP have) (NP (PRP them)) (PP-LOC (IN at) (NP (CD one) (NN school))) (PP-UNF (UH|IN like))) (, ,) (-DFL- E_S))",263
