swda_filename,ptb_basename,conversation_no,transcript_index,act_tag,caller,utterance_index,subutterance_index,text,pos,trees,ptb_treenumbers
sw05utt/sw_0579_4834.utt,4/sw4834,4834,0,qy,A,1,1,"<Throat_clearing> [ I guess, + I guess  ] by what you said  [ you're, +  you  don't ] feel your,   {F uh, } privacy has been [ inva-, + invaded ] anytime recently? /","[ I/PRP ] guess/VBP ,/,  [ I/PRP ] guess/VBP by/IN  [ what/WP ] [ you/PRP ] said/VBD  [ you/PRP ] 're/VBP ,/,  [ you/PRP ] do/VBP n't/RB feel/VB  [ your/PRP$ ] ,/,   [ uh/UH ] ,/,  [ privacy/NN ] has/VBZ been/VBN  [ inva/VBN ] ,/, invaded/VBN anytime/RB recently/RB ?/.","(S (EDITED (RM (-DFL- \[)) (S (NP-SBJ (PRP I)) (VP-UNF (VBP guess))) (, ,) (IP (-DFL- \+))) (NP-SBJ (PRP I)) (VP (VBP guess) (RS (-DFL- \])) (PP (IN by) (SBAR-NOM (WHNP-1 (WP what)) (S (NP-SBJ (PRP you)) (VP (VBD said) (NP (-NONE- *T*-1)))))) (SBAR (-NONE- 0) (S (EDITED (RM (-DFL- \[)) (S (NP-SBJ (PRP you)) (VP-UNF (VBP 're))) (, ,) (IP (-DFL- \+))) (NP-SBJ (PRP you)) (VP (VBP do) (RB n't) (RS (-DFL- \])) (VP (VB feel) (SBAR (-NONE- 0) (S (NP-SBJ-2 (PRP$ your) (, ,) (INTJ (UH uh)) (, ,) (NN privacy)) (VP (VBZ has) (VP (VBN been) (EDITED (RM (-DFL- \[)) (VP-UNF (VBN inva-)) (, ,) (IP (-DFL- \+))) (VP (VBN invaded) (NP (-NONE- *-2)) (RS (-DFL- \])) (ADVP-TMP (RB anytime) (RB recently)))))))))))) (. ?) (-DFL- E_S))",1
sw05utt/sw_0579_4834.utt,4/sw4834,4834,1,nn,B,2,1,"No,  /","No/UH ,/,","(INTJ (UH No) (, ,) (-DFL- E_S))",3
sw05utt/sw_0579_4834.utt,4/sw4834,4834,2,sd^e,B,2,2,not really.  /,not/RB really/RB ./.,(FRAG (RB not) (ADVP (RB really)) (. .) (-DFL- E_S)),4
sw05utt/sw_0579_4834.utt,4/sw4834,4834,3,sd,B,2,3,"{F Uh, } [ [  {F u-, } th-,  + {F uh, } th-, ] + the ] only thing that annoys me is when, {F uh, } people call and [ they, + {F uh, } you ] have solicitation calls. /","[ Uh/UH ] ,/,  [ u-/UH ] ,/,  [ th-/DT ] ,/,  [ uh/UH ] ,/,  [ th-/DT ] ,/,  [ the/DT only/JJ thing/NN ] [ that/WDT ] annoys/VBZ  [ me/PRP ] is/VBZ when/WRB ,/,  [ uh/UH ] ,/,  [ people/NNS ] call/VBP and/CC  [ they/PRP ] ,/,  [ uh/UH ] ,/,  [ you/PRP ] have/VBP  [ solicitation/NN calls/NNS ] ./.","(S (INTJ (UH Uh)) (, ,) (EDITED (RM (-DFL- \[)) (EDITED (RM (-DFL- \[)) (S (INTJ-UNF (UH u-)) (, ,) (NP-SBJ-UNF (DT th-))) (, ,) (IP (-DFL- \+))) (S (INTJ (UH uh)) (, ,) (NP-SBJ-UNF (DT th-))) (, ,) (RS (-DFL- \])) (IP (-DFL- \+))) (NP-SBJ (NP (DT the) (RS (-DFL- \])) (JJ only) (NN thing)) (SBAR (WHNP-1 (WDT that)) (S (NP-SBJ (-NONE- *T*-1)) (VP (VBZ annoys) (NP (PRP me)))))) (VP (VBZ is) (SBAR-TMP-PRD (WHADVP-2 (WRB when)) (S (S (, ,) (INTJ (UH uh)) (, ,) (NP-SBJ (NNS people)) (VP (VBP call))) (CC and) (S (EDITED (RM (-DFL- \[)) (NP-SBJ (PRP they)) (, ,) (IP (-DFL- \+))) (INTJ (UH uh)) (, ,) (NP-SBJ (PRP you)) (RS (-DFL- \])) (VP (VBP have) (NP (NN solicitation) (NNS calls)))) (ADVP-TMP (-NONE- *T*-2))))) (. .) (-DFL- E_S))",5
sw05utt/sw_0579_4834.utt,4/sw4834,4834,4,b,A,3,1,Uh-huh. /,[ Uh-huh/UH ] ./.,(INTJ (UH Uh-huh) (. .) (-DFL- E_S)),7
sw05utt/sw_0579_4834.utt,4/sw4834,4834,5,sd,B,4,1,That's the only thing that bothers me.   /,[ That/DT ] 's/BES  [ the/DT only/JJ thing/NN ] [ that/WDT ] bothers/VBZ  [ me/PRP ] ./.,(S (NP-SBJ (DT That)) (VP (BES 's) (NP-PRD (NP (DT the) (JJ only) (NN thing)) (SBAR (WHNP-1 (WDT that)) (S (NP-SBJ (-NONE- *T*-1)) (VP (VBZ bothers) (NP (PRP me))))))) (. .) (-DFL- E_S)),9
sw05utt/sw_0579_4834.utt,4/sw4834,4834,6,sd,B,4,2,That's not really invading my privacy <laughter>. /,[ That/DT ] 's/BES not/RB really/RB invading/VBG  [ my/PRP$ privacy/NN ] ./.,(S (NP-SBJ (DT That)) (VP (BES 's) (RB not) (ADVP (RB really)) (VP (VBG invading) (NP (PRP$ my) (NN privacy)))) (. .) (-DFL- E_S)),10
sw05utt/sw_0579_4834.utt,4/sw4834,4834,7,b,A,5,1,Right. /,[ Right/UH ] ./.,(INTJ (UH Right) (. .) (-DFL- E_S)),12
sw05utt/sw_0579_4834.utt,4/sw4834,4834,8,qy,B,6,1,"{F Uh, } <<pause>> do you feel that yours is invaded? /","[ Uh/UH ] ,/, do/VBP  [ you/PRP ] feel/VB that/IN  [ yours/PRP ] is/VBZ invaded/VBN ?/.","(SQ (INTJ (UH Uh)) (, ,) (VBP do) (NP-SBJ (PRP you)) (VP (VB feel) (SBAR (IN that) (S (NP-SBJ-1 (PRP yours)) (VP (VBZ is) (VP (VBN invaded) (NP (-NONE- *-1))))))) (. ?) (-DFL- E_S))",14
sw05utt/sw_0579_4834.utt,4/sw4834,4834,9,nn,A,7,1,"{F Uh, } no  /","[ Uh/UH ] ,/, no/UH","(INTJ (INTJ (UH Uh)) (, ,) (INTJ (UH no)) (-DFL- E_S))",16
sw05utt/sw_0579_4834.utt,4/sw4834,4834,10,sd^e,A,7,2,I wouldn't call it invading my privacy by any means.  /,[ I/PRP ] would/MD n't/RB call/VB  [ it/PRP ] invading/VBG  [ my/PRP$ privacy/NN ] by/IN  [ any/DT means/NNS ] ./.,(S (NP-SBJ (PRP I)) (VP (MD would) (RB n't) (VP (VB call) (S (NP-SBJ (PRP it)) (VP (VBG invading) (NP (PRP$ my) (NN privacy)))) (PP (IN by) (NP (DT any) (NNS means))))) (. .) (-DFL- E_S)),17
sw05utt/sw_0579_4834.utt,4/sw4834,4834,11,%,A,7,3,"{F Uh, } {D you know, } I would, - /","[ Uh/UH ] ,/,  [ you/PRP ] know/VBP ,/,  [ I/PRP ] would/MD ,/,","(S (INTJ (UH Uh)) (PRN (, ,) (S (NP-SBJ (PRP you)) (VP (VBP know))) (, ,)) (NP-SBJ (PRP I)) (VP-UNF (MD would)) (, ,) (-DFL- N_S))",18
sw05utt/sw_0579_4834.utt,4/sw4834,4834,12,sd,A,7,4,"[ there, + there's  ] a lot of times though, {F uh, } you get those calls [ and, + ]  {D you know, } when you're sitting at home wanting to relax [ or, + or ] whatnot  /","there/EX ,/,  [ there/EX ] 's/BES  [ a/DT lot/NN ] of/IN  [ times/NNS ] though/RB ,/,  [ uh/UH ] ,/,  [ you/PRP ] get/VBP  [ those/DT calls/NNS ] and/CC ,/,  [ you/PRP ] know/VBP ,/, when/WRB  [ you/PRP ] 're/VBP sitting/VBG at/IN  [ home/NN ] wanting/VBG to/TO relax/VB or/CC ,/, or/CC  [ whatnot/NN ]","(S (EDITED (RM (-DFL- \[)) (NP-SBJ (EX there)) (, ,) (IP (-DFL- \+))) (NP-SBJ (EX there)) (VP (BES 's) (RS (-DFL- \])) (NP-PRD (NP (DT a) (NN lot)) (PP (IN of) (NP (NP (NNS times)) (SBAR (-NONE- *ICH*-4))))) (ADVP (RB though)) (, ,) (INTJ (UH uh)) (, ,) (SBAR-4 (WHADVP-3 (-NONE- 0)) (S (NP-SBJ (PRP you)) (VP (VBP get) (NP (DT those) (NNS calls)) (EDITED (RM (-DFL- \[)) (CC and) (, ,) (IP (-DFL- \+))) (RS (-DFL- \])) (PRN (S (NP-SBJ (PRP you)) (VP (VBP know))) (, ,)) (SBAR-TMP (WHADVP-2 (WRB when)) (S (NP-SBJ-1 (PRP you)) (VP (VBP 're) (VP (VP (VBG sitting) (PP-LOC (IN at) (NP (NN home)))) (VP (VBG wanting) (S (NP-SBJ (-NONE- *-1)) (VP (TO to) (VP (VB relax))))) (EDITED (RM (-DFL- \[)) (CC or) (, ,) (IP (-DFL- \+))) (CC or) (RS (-DFL- \])) (NP-ETC (NN whatnot)) (ADVP-TMP (-NONE- *T*-2)))))) (ADVP-TMP (-NONE- *T*-3)))))) (-DFL- E_S))",19
sw05utt/sw_0579_4834.utt,4/sw4834,4834,13,sd,A,7,5,"{C and, } {D you know, } next thing you know, {F uh, } someone calls and wants to sell you this or  that  /","and/CC ,/,  [ you/PRP ] know/VBP ,/,  [ next/JJ thing/NN ] [ you/PRP ] know/VBP ,/,  [ uh/UH ] ,/,  [ someone/NN ] calls/VBZ and/CC wants/VBZ to/TO sell/VB  [ you/PRP ] [ this/DT ] or/CC  [ that/DT ]","(S (CC and) (PRN (, ,) (S (NP-SBJ (PRP you)) (VP (VBP know))) (, ,)) (NP-TMP (NP (JJ next) (NN thing)) (SBAR (WHNP-1 (-NONE- 0)) (S (NP-SBJ (PRP you)) (VP (VBP know) (NP (-NONE- *T*-1)))))) (, ,) (INTJ (UH uh)) (, ,) (NP-SBJ-2 (NN someone)) (VP (VP (VBZ calls)) (CC and) (VP (VBZ wants) (S (NP-SBJ (-NONE- *-2)) (VP (TO to) (VP (VB sell) (NP (PRP you)) (NP (DT this) (CC or) (DT that))))))) (-DFL- E_S))",20
sw05utt/sw_0579_4834.utt,4/sw4834,4834,14,sd,A,7,6,"{C and } it's real hard [ to, + to  ] tell them, {D you know, } that you're not interested.  /","and/CC  [ it/PRP ] 's/BES real/RB hard/JJ to/TO ,/, to/TO tell/VB  [ them/PRP ] ,/,  [ you/PRP ] know/VBP ,/, that/IN  [ you/PRP ] 're/VBP not/RB interested/JJ ./.","(S (CC and) (NP-SBJ (NP (PRP it)) (S (-NONE- *EXP*-1))) (VP (BES 's) (ADJP-PRD (RB real) (JJ hard)) (S-1 (NP-SBJ (-NONE- *)) (EDITED (RM (-DFL- \[)) (VP-UNF (TO to)) (, ,) (IP (-DFL- \+))) (VP (TO to) (RS (-DFL- \])) (VP (VB tell) (NP (PRP them)) (PRN (, ,) (S (NP-SBJ (PRP you)) (VP (VBP know))) (, ,)) (SBAR (IN that) (S (NP-SBJ (PRP you)) (VP (VBP 're) (RB not) (ADJP-PRD (JJ interested))))))))) (. .) (-DFL- E_S))",21
sw05utt/sw_0579_4834.utt,4/sw4834,4834,15,sd,A,7,7,{C Or } you do tell them you're not interested  /,Or/CC  [ you/PRP ] do/VBP tell/VB  [ them/PRP ] [ you/PRP ] 're/VBP not/RB interested/JJ,(S (CC Or) (NP-SBJ (PRP you)) (VP (VBP do) (VP (VB tell) (NP (PRP them)) (SBAR (-NONE- 0) (S (NP-SBJ (PRP you)) (VP (VBP 're) (RB not) (ADJP-PRD (JJ interested))))))) (-DFL- E_S)),22
sw05utt/sw_0579_4834.utt,4/sw4834,4834,16,sd,A,7,8,"{C and } they still keep asking you, {D you know, } and keep badgering you about it,  /","and/CC  [ they/PRP ] still/RB keep/VBP asking/VBG  [ you/PRP ] ,/,  [ you/PRP ] know/VBP ,/, and/CC keep/VBP badgering/VBG  [ you/PRP ] about/IN  [ it/PRP ] ,/,","(S (CC and) (NP-SBJ-1 (PRP they)) (ADVP-TMP (RB still)) (VP (VP (VBP keep) (S (NP-SBJ (-NONE- *-1)) (VP (VBG asking) (NP (PRP you)) (PRN (, ,) (S (NP-SBJ (PRP you)) (VP (VBP know))) (, ,))))) (CC and) (VP (VBP keep) (S (NP-SBJ (-NONE- *-1)) (VP (VBG badgering) (NP (PRP you)) (PP (IN about) (NP (PRP it))))))) (, ,) (-DFL- E_S))",23
sw05utt/sw_0579_4834.utt,4/sw4834,4834,17,sd,A,7,9,{C and } that aggravates me.  /,and/CC  [ that/DT ] aggravates/VBZ  [ me/PRP ] ./.,(S (CC and) (NP-SBJ (DT that)) (VP (VBZ aggravates) (NP (PRP me))) (. .) (-DFL- E_S)),24
sw05utt/sw_0579_4834.utt,4/sw4834,4834,18,h,A,7,10,"{C But } I don't know that you could call that [ invading of, + invading  ] my privacy  /","But/CC  [ I/PRP ] do/VBP n't/RB know/VB that/IN  [ you/PRP ] could/MD call/VB that/DT invading/VBG of/IN ,/, invading/VBG  [ my/PRP$ privacy/NN ]","(S (CC But) (NP-SBJ (PRP I)) (VP (VBP do) (RB n't) (VP (VB know) (SBAR (IN that) (S (NP-SBJ (PRP you)) (VP (MD could) (VP (VB call) (S (NP-SBJ (DT that)) (EDITED (RM (-DFL- \[)) (VP (VBG invading) (PP-UNF (IN of))) (, ,) (IP (-DFL- \+))) (VP (VBG invading) (RS (-DFL- \])) (NP (PRP$ my) (NN privacy)))))))))) (-DFL- E_S))",25
sw05utt/sw_0579_4834.utt,4/sw4834,4834,19,sd,A,7,11,"{C because, } <throat_clearing> {D you know, } if we don't want that to happen all we have to do is just call the phone company and say, look, {D you know, } I want my name unlisted or want # my, {D you know, } # -/","because/RB ,/,  [ you/PRP ] know/VBP ,/, if/IN  [ we/PRP ] do/VBP n't/RB want/VB that/DT to/TO happen/VB  [ all/DT ] [ we/PRP ] have/VBP to/TO do/VB is/VBZ just/RB call/VB  [ the/DT phone/NN company/NN ] and/CC say/VB ,/, look/VB ,/,  [ you/PRP ] know/VBP ,/,  [ I/PRP ] want/VBP  [ my/PRP$ name/NN ] unlisted/JJ or/CC want/VBP  [ my/PRP$ ] ,/,  [ you/PRP ] know/VBP ,/,","(SBAR-PRP (RB because) (PRN (, ,) (S (NP-SBJ (PRP you)) (VP (VBP know))) (, ,)) (S (SBAR-ADV (IN if) (S (NP-SBJ (PRP we)) (VP (VBP do) (RB n't) (VP (VB want) (S (NP-SBJ (DT that)) (VP (TO to) (VP (VB happen)))))))) (NP-SBJ (NP (DT all)) (SBAR (WHNP-2 (-NONE- 0)) (S (NP-SBJ-1 (PRP we)) (VP (VBP have) (S (NP-SBJ (-NONE- *-1)) (VP (TO to) (VP (VB do) (NP (-NONE- *T*-2))))))))) (VP (VBZ is) (S-PRD (NP-SBJ (-NONE- *)) (ADVP (RB just)) (VP (VP (VB call) (NP (DT the) (NN phone) (NN company))) (CC and) (VP (VB say) (, ,) (S-SEZ (S-IMP (NP-SBJ (-NONE- *)) (VP (VB look) (PRN (, ,) (S (NP-SBJ (PRP you)) (VP (VBP know)))))) (, ,) (S (NP-SBJ (PRP I)) (VP (VP (VBP want) (S (NP-SBJ (PRP$ my) (NN name)) (ADJP-PRD (JJ unlisted)))) (CC or) (VP (VBP want) (NP-UNF (PRP$ my) (PRN (, ,) (S (NP-SBJ (PRP you)) (VP (VBP know)))))))))))))) (, ,) (-DFL- N_S))",26
sw05utt/sw_0579_4834.utt,4/sw4834,4834,20,ar,B,8,1,"# [ {C But, } + {C but }  ] that # doesn't work. /","But/CC ,/, but/CC that/DT does/VBZ n't/RB work/VB ./.","(S (EDITED (RM (-DFL- \[)) (CC But) (, ,) (IP (-DFL- \+))) (CC but) (RS (-DFL- \])) (NP-SBJ (DT that)) (VP (VBZ does) (RB n't) (VP (VB work))) (. .) (-DFL- E_S))",28
sw05utt/sw_0579_4834.utt,4/sw4834,4834,21,qy,A,9,1,It doesn't? /,[ It/PRP ] does/VBZ n't/RB ?/.,(S (NP-SBJ (PRP It)) (VP (VBZ does) (RB n't)) (. ?) (-DFL- E_S)),30
sw05utt/sw_0579_4834.utt,4/sw4834,4834,22,nn,B,10,1,"{F Uh, } no,  /","[ Uh/UH ] ,/, no/UH ,/,","(INTJ (INTJ (UH Uh)) (, ,) (INTJ (UH no)) (, ,) (-DFL- E_S))",32
sw05utt/sw_0579_4834.utt,4/sw4834,4834,23,sd^e,B,10,2,"{C because } [ they, + a lot of times they  ] dial sequentially.  /","because/IN  [ they/PRP ] ,/,  [ a/DT lot/NN ] of/IN  [ times/NNS they/PRP ] dial/VBP sequentially/RB ./.","(SBAR-PRP (IN because) (S (EDITED (RM (-DFL- \[)) (NP-SBJ (PRP they)) (, ,) (IP (-DFL- \+))) (NP-TMP (NP (DT a) (NN lot)) (PP (IN of) (NP (NNS times)))) (NP-SBJ (PRP they)) (RS (-DFL- \])) (VP (VBP dial) (ADVP-MNR (RB sequentially)))) (. .) (-DFL- E_S))",33
sw05utt/sw_0579_4834.utt,4/sw4834,4834,24,sd,B,10,3,"They get your name  from,  {F uh, } if you enter any type of contest or anything. /","[ They/PRP ] get/VBP  [ your/PRP$ name/NN ] from/IN ,/,  [ uh/UH ] ,/, if/IN  [ you/PRP ] enter/VBP  [ any/DT type/NN ] of/IN  [ contest/NN ] or/CC  [ anything/NN ] ./.","(S (NP-SBJ (PRP They)) (VP (VBP get) (NP (PRP$ your) (NN name)) (PP (IN from) (, ,) (INTJ (UH uh)) (, ,) (SBAR (IN if) (S (NP-SBJ (PRP you)) (VP (VBP enter) (NP (NP (DT any) (NN type)) (PP (IN of) (NP (NN contest) (CC or) (NN anything))))))))) (. .) (-DFL- E_S))",34
sw05utt/sw_0579_4834.utt,4/sw4834,4834,25,b,A,11,1,Uh-huh. /,[ Uh-huh/UH ] ./.,(INTJ (UH Uh-huh) (. .) (-DFL- E_S)),7
sw05utt/sw_0579_4834.utt,4/sw4834,4834,26,sd,B,12,1,"{F Uh, } {D you know, } you enter a sweepstake in the local department store for a shopping spree or something,  /","[ Uh/UH ] ,/,  [ you/PRP ] know/VBP ,/,  [ you/PRP ] enter/VBP  [ a/DT sweepstake/NN ] in/IN  [ the/DT local/JJ department/NN store/NN ] for/IN  [ a/DT shopping/NN spree/NN ] or/CC  [ something/NN ] ,/,","(S (INTJ (UH Uh)) (PRN (, ,) (S (NP-SBJ (PRP you)) (VP (VBP know))) (, ,)) (NP-SBJ (PRP you)) (VP (VBP enter) (NP (NP (DT a) (NN sweepstake)) (PP-LOC (IN in) (NP (DT the) (JJ local) (NN department) (NN store))) (PP (IN for) (NP (NP (DT a) (NN shopping) (NN spree)) (CC or) (NP (NN something)))))) (, ,) (-DFL- E_S))",38
sw05utt/sw_0579_4834.utt,4/sw4834,4834,27,sd,B,12,2,"you put your phone number on there,  /","[ you/PRP ] put/VBP  [ your/PRP$ phone/NN number/NN ] on/IN there/RB ,/,","(S (NP-SBJ (PRP you)) (VP (VBP put) (NP (PRP$ your) (NN phone) (NN number)) (PP-PUT (IN on) (ADVP (RB there)))) (, ,) (-DFL- E_S))",39
sw05utt/sw_0579_4834.utt,4/sw4834,4834,28,sd,B,12,3,they  pass your phone number on to another company. /,[ they/PRP ] pass/VBP  [ your/PRP$ phone/NN number/NN ] on/IN to/IN  [ another/DT company/NN ] ./.,(S (NP-SBJ (PRP they)) (VP (VBP pass) (NP (PRP$ your) (NN phone) (NN number)) (PP (IN on) (PP (IN to) (NP (DT another) (NN company))))) (. .) (-DFL- E_S)),40
sw05utt/sw_0579_4834.utt,4/sw4834,4834,29,b,A,13,1,Oh. /,Oh/UH ./.,(INTJ (UH Oh) (. .) (-DFL- E_S)),42
sw05utt/sw_0579_4834.utt,4/sw4834,4834,30,%,B,14,1,"{F Uh, } {C or } you, {F uh, } - /","[ Uh/UH ] ,/, or/CC  [ you/PRP ] ,/,  [ uh/UH ] ,/,","(S-UNF (INTJ (UH Uh)) (, ,) (CC or) (NP-SBJ (PRP you)) (, ,) (INTJ (UH uh)) (, ,) (-DFL- N_S))",44
sw05utt/sw_0579_4834.utt,4/sw4834,4834,31,sd,B,14,2,"[ {C or, } + {C or }  ] {D like } the newspapers, they just dial randomly [ or    s-, +   and stuff. ]  /","or/CC ,/, or/CC like/UH  [ the/DT newspapers/NNS ] ,/,  [ they/PRP ] just/RB dial/VBP randomly/RB or/CC s-/NN ,/, and/CC  [ stuff/NN ] ./.","(S (EDITED (RM (-DFL- \[)) (CC or) (, ,) (IP (-DFL- \+))) (CC or) (RS (-DFL- \])) (INTJ (UH like)) (NP-TPC (DT the) (NNS newspapers)) (, ,) (NP-SBJ (PRP they)) (ADVP (RB just)) (VP (VP (VBP dial) (ADVP-MNR (RB randomly))) (EDITED (RM (-DFL- \[)) (CC or) (NP-ETC-UNF (NN s-)) (, ,) (IP (-DFL- \+))) (CC and) (NP-ETC (NN stuff))) (. .) (RS (-DFL- \])) (-DFL- E_S))",45
sw05utt/sw_0579_4834.utt,4/sw4834,4834,32,sd,B,14,3,"[ They even call, + the newspapers here even call ] people who already subscribe # <laughter>. # /","[ They/PRP ] even/RB call/VBP ,/,  [ the/DT newspapers/NNS ] here/RB even/RB call/VBP  [ people/NNS ] [ who/WP ] already/RB subscribe/VBP ./.","(S (EDITED (RM (-DFL- \[)) (S (NP-SBJ (PRP They)) (ADVP (RB even)) (VP-UNF (VBP call))) (, ,) (IP (-DFL- \+))) (NP-SBJ (NP (DT the) (NNS newspapers)) (ADVP-LOC (RB here))) (ADVP (RB even)) (VP (VBP call) (RS (-DFL- \])) (NP (NP (NNS people)) (SBAR (WHNP-1 (WP who)) (S (NP-SBJ (-NONE- *T*-1)) (ADVP-TMP (RB already)) (VP (VBP subscribe)))))) (. .) (-DFL- E_S))",46
sw05utt/sw_0579_4834.utt,4/sw4834.pos,4834,33,x,A,15,1,# <Laughter>. #,./.
sw05utt/sw_0579_4834.utt,4/sw4834,4834,34,sd,B,16,1,"{C And, } {F uh, } while I was subscribing to the paper, I got so upset at them # that they # -- -/","And/CC ,/,  [ uh/UH ] ,/, while/IN  [ I/PRP ] was/VBD subscribing/VBG to/IN  [ the/DT paper/NN ] ,/,  [ I/PRP ] got/VBD so/RB upset/JJ at/IN  [ them/PRP ] that/IN  [ they/PRP ] --/:","(S (CC And) (, ,) (INTJ (UH uh)) (, ,) (SBAR-TMP (IN while) (S (NP-SBJ (PRP I)) (VP (VBD was) (VP (VBG subscribing) (PP (IN to) (NP (DT the) (NN paper))))))) (, ,) (NP-SBJ (PRP I)) (VP (VBD got) (ADJP-PRD (ADJP (RB so) (JJ upset) (PP (IN at) (NP (PRP them)))) (SBAR (IN that) (S-UNF (NP-SBJ (PRP they)))))) (-DFL- N_S))",49
sw05utt/sw_0579_4834.utt,4/sw4834,4834,35,b,A,17,1,# Uh-huh. # /,[ Uh-huh/UH ] ./.,(INTJ (UH Uh-huh) (. .) (-DFL- E_S)),36
sw05utt/sw_0579_4834.utt,4/sw4834,4834,36,^q,B,18,1,"-- you call me one more time, I'm going to stop subscribing # <laughter>. # /","--/:  [ you/PRP ] call/VBP  [ me/PRP ] [ one/NN ] more/RBR  [ time/NN ] ,/,  [ I/PRP ] 'm/VBP going/VBG to/TO stop/VB subscribing/VBG ./.","(S (S-ADV (NP-SBJ (PRP you)) (VP (VBP call) (NP (PRP me)) (NP-TMP (ADJP (NN one) (RBR more)) (NN time)))) (, ,) (NP-SBJ-1 (PRP I)) (VP (VBP 'm) (VP (VBG going) (S (NP-SBJ-2 (-NONE- *-1)) (VP (TO to) (VP (VB stop) (S (NP-SBJ (-NONE- *-2)) (VP (VBG subscribing)))))))) (. .) (-DFL- E_S))",53
sw05utt/sw_0579_4834.utt,4/sw4834.pos,4834,37,x,A,19,1,# <Laughter>. #,./.
sw05utt/sw_0579_4834.utt,4/sw4834,4834,38,sd,B,20,1,"{C And } the [ [ lo-, + local,  ] + local  ] papers  ((   ))  ask them to remove your [ na-, + number  ] from their list  /","And/CC  [ the/DT lo/JJ ] ,/,  [ local/JJ ] ,/,  [ local/JJ papers/NNS MUMBLEx/XX ] ask/VBP  [ them/PRP ] to/IN remove/VB  [ your/PRP$ na-/NN ] ,/,  [ number/NN ] from/IN  [ their/PRP$ list/NN ]","(S (CC And) (NP-TPC (DT the) (EDITED (RM (-DFL- \[)) (EDITED (RM (-DFL- \[)) (JJ lo-) (, ,) (IP (-DFL- \+))) (JJ local) (, ,) (RS (-DFL- \])) (IP (-DFL- \+))) (JJ local) (RS (-DFL- \])) (NNS papers)) (NP-SBJ-1 (XX MUMBLEx)) (VP (VBP ask) (NP (PRP them)) (S (NP-SBJ (-NONE- *-1)) (VP (IN to) (VP (VB remove) (NP (PRP$ your) (EDITED (RM (-DFL- \[)) (NN na-) (, ,) (IP (-DFL- \+))) (NN number)) (RS (-DFL- \])) (PP (IN from) (NP (PRP$ their) (NN list))))))) (-DFL- E_S))",56
sw05utt/sw_0579_4834.utt,4/sw4834,4834,39,%,B,20,2,"{C and, } {F uh, } yeah,  /","and/CC ,/,  [ uh/UH ] ,/, yeah/UH ,/,","(S-UNF (CC and) (, ,) (INTJ (UH uh)) (, ,) (INTJ (UH yeah)) (, ,) (-DFL- E_S))",57
sw05utt/sw_0579_4834.utt,4/sw4834,4834,40,sd,B,20,3,"you call up [ their regular, + during regular  ] hours  /","[ you/PRP ] call/VBP up/RP  [ their/PRP$ regular/JJ ] ,/, during/IN  [ regular/JJ hours/NNS ]","(S (NP-SBJ (PRP you)) (VP (VBP call) (PRT (RP up)) (EDITED (RM (-DFL- \[)) (NP-UNF (PRP$ their) (JJ regular)) (, ,) (IP (-DFL- \+))) (PP-TMP (IN during) (NP (JJ regular) (RS (-DFL- \])) (NNS hours)))) (-DFL- E_S))",58
sw05utt/sw_0579_4834.utt,4/sw4834,4834,41,sd,B,20,4,"[ their, +  {F uh, } they ] have a special department,  /","their/PRP$ ,/,  [ uh/UH ] ,/,  [ they/PRP ] have/VBP  [ a/DT special/JJ department/NN ] ,/,","(S (EDITED (RM (-DFL- \[)) (NP-UNF (PRP$ their)) (, ,) (IP (-DFL- \+))) (INTJ (UH uh)) (, ,) (NP-SBJ (PRP they)) (RS (-DFL- \])) (VP (VBP have) (NP (DT a) (JJ special) (NN department))) (, ,) (-DFL- E_S))",59
sw05utt/sw_0579_4834.utt,4/sw4834,4834,42,sd,B,20,5,they'll take your numbers out of their lists. /,[ they/PRP ] 'll/MD take/VB  [ your/PRP$ numbers/NNS ] out/IN of/IN  [ their/PRP$ lists/NNS ] ./.,(S (NP-SBJ (PRP they)) (VP (MD 'll) (VP (VB take) (NP (PRP$ your) (NNS numbers)) (PP (IN out) (PP (IN of) (NP (PRP$ their) (NNS lists)))))) (. .) (-DFL- E_S)),60
sw05utt/sw_0579_4834.utt,4/sw4834,4834,43,b,A,21,1,Uh-huh. /,[ Uh-huh/UH ] ./.,(INTJ (UH Uh-huh) (. .) (-DFL- E_S)),36
sw05utt/sw_0579_4834.utt,4/sw4834,4834,44,sd,B,22,1,"{F Uh, } {C but } the, {F uh, } Orlando paper, {F uh, }  {D yeah, } [ they, + they  ] refused to take it off of the lists  /","[ Uh/UH ] ,/, but/CC  [ the/DT ] ,/,  [ uh/UH ] ,/,  [ Orlando/NNP paper/NN ] ,/,  [ uh/UH ] ,/, yeah/UH ,/,  [ they/PRP ] ,/,  [ they/PRP ] refused/VBD to/TO take/VB  [ it/PRP ] off/IN of/IN  [ the/DT lists/NNS ]","(S (INTJ (UH Uh)) (, ,) (CC but) (NP-TPC (DT the) (, ,) (INTJ (UH uh)) (, ,) (NNP Orlando) (NN paper)) (, ,) (INTJ (UH uh)) (, ,) (INTJ (UH yeah)) (, ,) (EDITED (RM (-DFL- \[)) (NP-SBJ (PRP they)) (, ,) (IP (-DFL- \+))) (NP-SBJ-1 (PRP they)) (RS (-DFL- \])) (VP (VBD refused) (S (NP-SBJ (-NONE- *-1)) (VP (TO to) (VP (VB take) (NP (PRP it)) (PP (IN off) (PP (IN of) (NP (DT the) (NNS lists)))))))) (-DFL- E_S))",64
sw05utt/sw_0579_4834.utt,4/sw4834,4834,45,sd,B,22,2,{C and } they call every month. /,and/CC  [ they/PRP ] call/VBP  [ every/DT month/NN ] ./.,(S (CC and) (NP-SBJ (PRP they)) (VP (VBP call) (NP-TMP (DT every) (NN month))) (. .) (-DFL- E_S)),65
sw05utt/sw_0579_4834.utt,4/sw4834,4834,46,b,A,23,1,{F Huh. } /,Huh/UH ./.,(INTJ (UH Huh) (. .) (-DFL- E_S)),67
sw05utt/sw_0579_4834.utt,4/sw4834,4834,47,sd,B,24,1,"{C And } when you have more than one phone number, you get a call on each number you have <laughter>. /","And/CC when/WRB  [ you/PRP ] have/VBP more/JJR than/IN  [ one/CD phone/NN number/NN ] ,/,  [ you/PRP ] get/VBP  [ a/DT call/NN ] on/IN  [ each/DT number/NN ] [ you/PRP ] have/VBP ./.","(S (CC And) (SBAR-TMP (WHADVP-2 (WRB when)) (S (NP-SBJ (PRP you)) (VP (VBP have) (NP (QP (JJR more) (IN than) (CD one)) (NN phone) (NN number)) (ADVP-TMP (-NONE- *T*-2))))) (, ,) (NP-SBJ (PRP you)) (VP (VBP get) (NP (NP (DT a) (NN call)) (PP (IN on) (NP (NP (DT each) (NN number)) (SBAR (WHNP-1 (-NONE- 0)) (S (NP-SBJ (PRP you)) (VP (VBP have) (NP (-NONE- *T*-1))))))))) (. .) (-DFL- E_S))",69
sw05utt/sw_0579_4834.utt,4/sw4834,4834,48,ba,A,25,1,<Laughter> Good grief.  /,[ Good/UH grief/UH ] ./.,(INTJ (UH Good) (UH grief) (. .) (-DFL- E_S)),71
sw05utt/sw_0579_4834.utt,4/sw4834,4834,49,co,A,25,2,"{D Well, } let me ask you about this.  /","Well/UH ,/, let/VB  [ me/PRP ] ask/VB  [ you/PRP ] about/IN  [ this/DT ] ./.","(S-IMP (INTJ (UH Well)) (, ,) (NP-SBJ (-NONE- *)) (VP (VB let) (S (NP-SBJ (PRP me)) (VP (VB ask) (NP (PRP you)) (PP (IN about) (NP (DT this)))))) (. .) (-DFL- E_S))",72
sw05utt/sw_0579_4834.utt,4/sw4834,4834,50,sd,A,25,3,"Here's something that, {F uh, } has been kind of concerning me lately.  /","Here/RB 's/BES  [ something/NN ] [ that/WDT ] ,/,  [ uh/UH ] ,/, has/VBZ been/VBN  [ kind/RB ] of/RB concerning/VBG  [ me/PRP ] lately/RB ./.","(S (NP-SBJ (RB Here)) (VP (BES 's) (NP-PRD (NP (NN something)) (SBAR (WHNP-1 (WDT that)) (, ,) (INTJ (UH uh)) (, ,) (S (NP-SBJ (-NONE- *T*-1)) (VP (VBZ has) (VP (VBN been) (ADVP (RB kind) (RB of)) (VP (VBG concerning) (NP (PRP me)) (ADVP-TMP (RB lately))))))))) (. .) (-DFL- E_S))",73
sw05utt/sw_0579_4834.utt,4/sw4834,4834,51,sd,A,25,4,"My fiance   received a bill from [ a, + a  ] Lord and Taylor company, /","[ My/PRP$ fiance/^NN ]  received/VBD  [ a/DT bill/NN ] from/IN  [ a/DT ] ,/,  [ a/DT Lord/NNP ] and/CC  [ Taylor/NNP company/NN ] ,/,","(S (NP-SBJ (PRP$ My) (TYPO (^NN fiance))) (VP (VBD received) (NP (DT a) (NN bill)) (PP (IN from) (EDITED (RM (-DFL- \[)) (NP-UNF (DT a)) (, ,) (IP (-DFL- \+))) (NP (DT a) (RS (-DFL- \])) (NNP Lord) (CC and) (NNP Taylor) (NN company)))) (, ,) (-DFL- E_S))",74
sw05utt/sw_0579_4834.utt,4/sw4834.pos,4834,52,x,B,26,1,<Noise>.,./.
sw05utt/sw_0579_4834.utt,4/sw4834,4834,53,sd,A,27,1,"{F Uh, } {D you know, } [ they're a, + they're a  ] department store. /","[ Uh/UH ] ,/,  [ you/PRP ] know/VBP ,/,  [ they/PRP ] 're/VBP  [ a/DT ] ,/,  [ they/PRP ] 're/VBP  [ a/DT department/NN store/NN ] ./.","(S (INTJ (UH Uh)) (PRN (, ,) (S (NP-SBJ (PRP you)) (VP (VBP know))) (, ,)) (EDITED (RM (-DFL- \[)) (S (NP-SBJ (PRP they)) (VP (VBP 're) (NP-PRD-UNF (DT a)))) (, ,) (IP (-DFL- \+))) (NP-SBJ (PRP they)) (VP (VBP 're) (NP-PRD (DT a) (RS (-DFL- \])) (NN department) (NN store))) (. .) (-DFL- E_S))",77
sw05utt/sw_0579_4834.utt,4/sw4834,4834,54,b,B,28,1,Uh-huh. /,[ Uh-huh/UH ] ./.,(INTJ (UH Uh-huh) (. .) (-DFL- E_S)),51
sw05utt/sw_0579_4834.utt,4/sw4834,4834,55,sd,A,29,1,"She received a bill from them, {F uh, } that she had visited some sto-, - /","[ She/PRP ] received/VBD  [ a/DT bill/NN ] from/IN  [ them/PRP ] ,/,  [ uh/UH ] ,/, that/IN  [ she/PRP ] had/VBD visited/VBN  [ some/DT sto-/NN ] ,/,","(S (NP-SBJ (PRP She)) (VP (VBD received) (NP (NP (DT a) (NN bill)) (SBAR (-NONE- *ICH*-1))) (PP (IN from) (NP (PRP them))) (, ,) (INTJ (UH uh)) (, ,) (SBAR-1 (IN that) (S (NP-SBJ (PRP she)) (VP (VBD had) (VP (VBN visited) (NP-UNF (DT some) (NN sto-))))))) (, ,) (-DFL- N_S))",81
sw05utt/sw_0579_4834.utt,4/sw4834,4834,56,h,A,29,2,"[ {C and, } + {C and }  ] I think it was there in Florida,  /","and/CC ,/, and/CC  [ I/PRP ] think/VBP  [ it/PRP ] was/VBD there/RB in/IN  [ Florida/NNP ] ,/,","(S (EDITED (RM (-DFL- \[)) (CC and) (, ,) (IP (-DFL- \+))) (CC and) (RS (-DFL- \])) (NP-SBJ (PRP I)) (VP (VBP think) (SBAR (-NONE- 0) (S (NP-SBJ (PRP it)) (VP (VBD was) (ADVP-LOC-PRD (RB there) (PP (IN in) (NP (NNP Florida)))))))) (, ,) (-DFL- E_S))",82
sw05utt/sw_0579_4834.utt,4/sw4834,4834,57,h,A,29,3,maybe it was in Miami.  /,maybe/RB  [ it/PRP ] was/VBD in/IN  [ Miami/NNP ] ./.,(S (ADVP (RB maybe)) (NP-SBJ (PRP it)) (VP (VBD was) (PP-LOC-PRD (IN in) (NP (NNP Miami)))) (. .) (-DFL- E_S)),83
sw05utt/sw_0579_4834.utt,4/sw4834,4834,58,sd,A,29,4,"That, {F uh, } she had visited a store there  /","[ That/DT ] ,/,  [ uh/UH ] ,/,  [ she/PRP ] had/VBD visited/VBN  [ a/DT store/NN ] there/RB","(SBAR (DT That) (, ,) (INTJ (UH uh)) (, ,) (S (NP-SBJ (PRP she)) (VP (VBD had) (VP (VBN visited) (NP (DT a) (NN store)) (ADVP-LOC (RB there))))) (-DFL- E_S))",84
sw05utt/sw_0579_4834.utt,4/sw4834,4834,59,sd,A,29,5,"{C and, } {F uh, } they had this bill, {F uh, } that she had bought such and such amount of merchandise, {F uh, } over two hundred dollars worth of merchandise. /","and/CC ,/,  [ uh/UH ] ,/,  [ they/PRP ] had/VBD  [ this/DT bill/NN ] ,/,  [ uh/UH ] ,/, that/IN  [ she/PRP ] had/VBD bought/VBN  [ such/JJ ] and/CC  [ such/JJ amount/NN ] of/IN  [ merchandise/NN ] ,/,  [ uh/UH ] ,/, over/IN  [ two/CD hundred/CD dollars/NNS ] worth/JJ of/IN  [ merchandise/NN ] ./.","(S (CC and) (, ,) (INTJ (UH uh)) (, ,) (NP-SBJ (PRP they)) (VP (VBD had) (NP (NP (DT this) (NN bill)) (, ,) (INTJ (UH uh)) (, ,) (SBAR (IN that) (S (NP-SBJ (PRP she)) (VP (VBD had) (VP (VBN bought) (NP (NP (ADJP (JJ such) (CC and) (JJ such)) (NN amount)) (PP (IN of) (NP (NN merchandise))) (, ,) (INTJ (UH uh)) (, ,) (NP (NP (NP (QP (IN over) (CD two) (CD hundred)) (TYPO (NNS dollars))) (JJ worth)) (PP (IN of) (NP (NN merchandise))))))))))) (. .) (-DFL- E_S))",85
sw05utt/sw_0579_4834.utt,4/sw4834,4834,60,b,B,30,1,Uh-huh. /,[ Uh-huh/UH ] ./.,(INTJ (UH Uh-huh) (. .) (-DFL- E_S)),62
sw05utt/sw_0579_4834.utt,4/sw4834,4834,61,sd,A,31,1,"{F Uh, } {C and } the date [ that, + that  ] she supposedly made this purchase, she was in Denver with me for Thanksgiving. /","[ Uh/UH ] ,/, and/CC  [ the/DT date/NN ] that/IN ,/, that/IN  [ she/PRP ] supposedly/RB made/VBD  [ this/DT purchase/NN ] ,/,  [ she/PRP ] was/VBD in/IN  [ Denver/NNP ] with/IN  [ me/PRP ] for/IN  [ Thanksgiving/NNP ] ./.","(S (INTJ (UH Uh)) (, ,) (CC and) (NP-TMP (NP (DT the) (NN date)) (SBAR (EDITED (RM (-DFL- \[)) (WHADVP (IN that)) (, ,) (IP (-DFL- \+))) (WHADVP-1 (IN that)) (RS (-DFL- \])) (S (NP-SBJ (PRP she)) (ADVP (RB supposedly)) (VP (VBD made) (NP (DT this) (NN purchase)) (ADVP-TMP (-NONE- *T*-1)))))) (, ,) (NP-SBJ (PRP she)) (VP (VBD was) (PP-LOC-PRD (IN in) (NP (NNP Denver))) (PP (IN with) (NP (PRP me))) (PP (IN for) (NP (NNP Thanksgiving)))) (. .) (-DFL- E_S))",89
sw05utt/sw_0579_4834.utt,4/sw4834,4834,62,b,B,32,1,Uh-huh. /,[ Uh-huh/UH ] ./.,(INTJ (UH Uh-huh) (. .) (-DFL- E_S)),62
sw05utt/sw_0579_4834.utt,4/sw4834,4834,63,sd,A,33,1,"{F Uh, } {C and } apparently what had happened is someone used her social security number. /","[ Uh/UH ] ,/, and/CC apparently/RB  [ what/WP ] had/VBD happened/VBN is/VBZ  [ someone/NN ] used/VBD  [ her/PRP social/JJ security/NN number/NN ] ./.","(S (INTJ (UH Uh)) (, ,) (CC and) (ADVP (RB apparently)) (SBAR-NOM-SBJ (WHNP-1 (WP what)) (S (NP-SBJ (-NONE- *T*-1)) (VP (VBD had) (VP (VBN happened))))) (VP (VBZ is) (SBAR-PRD (-NONE- 0) (S (NP-SBJ (NN someone)) (VP (VBD used) (NP (PRP her) (JJ social) (NN security) (NN number)))))) (. .) (-DFL- E_S))",93
sw05utt/sw_0579_4834.utt,4/sw4834,4834,64,b,B,34,1,Uh-huh. /,[ Uh-huh/UH ] ./.,(INTJ (UH Uh-huh) (. .) (-DFL- E_S)),79
sw05utt/sw_0579_4834.utt,4/sw4834,4834,65,sd,A,35,1,"{F Uh, } [ {C and, } + {C and }  ] [ I've, + I've  ] heard recently [ that, + {F uh, } {F uh, } that  ] this is a common occurrence where people are using s-, {D you know, } - /","[ Uh/UH ] ,/, and/CC ,/, and/CC  [ I/PRP ] 've/VBP ,/,  [ I/PRP ] 've/VBP heard/VBN recently/RB  [ that/IN ] ,/,  [ uh/UH ] ,/,  [ uh/UH ] ,/, that/IN  [ this/DT ] is/VBZ  [ a/DT common/JJ occurrence/NN ] where/WRB  [ people/NNS ] are/VBP using/VBG  [ s-/XX ] ,/,  [ you/PRP ] know/VBP ,/,","(S (INTJ (UH Uh)) (, ,) (EDITED (RM (-DFL- \[)) (CC and) (, ,) (IP (-DFL- \+))) (CC and) (RS (-DFL- \])) (EDITED (RM (-DFL- \[)) (S (NP-SBJ (PRP I)) (VP-UNF (VBP 've))) (, ,) (IP (-DFL- \+))) (NP-SBJ (PRP I)) (VP (VBP 've) (RS (-DFL- \])) (VP (VBN heard) (ADVP-TMP (RB recently)) (SBAR (EDITED (RM (-DFL- \[)) (IN that) (, ,) (IP (-DFL- \+))) (INTJ (UH uh)) (, ,) (INTJ (UH uh)) (, ,) (IN that) (RS (-DFL- \])) (S (NP-SBJ (DT this)) (VP (VBZ is) (NP-PRD (NP (DT a) (JJ common) (NN occurrence)) (SBAR (WHADVP (WRB where)) (S (NP-SBJ (NNS people)) (VP (VBP are) (VP (VBG using) (NP-UNF (XX s-) (PRN (, ,) (S (NP-SBJ (PRP you)) (VP (VBP know))))))))))))))) (, ,) (-DFL- N_S))",97
sw05utt/sw_0579_4834.utt,4/sw4834,4834,66,sd,A,35,2,"they use Joe Blow's  [ so-, {F uh, } + social  ] security number, {F uh, } and can, {F uh, } potentially ruin someone's credit. /","[ they/PRP ] use/VBP  [ Joe/NNP Blow/NNP 's/POS so/JJ ] ,/,  [ uh/UH ] ,/,  [ social/JJ security/NN number/NN ] ,/,  [ uh/UH ] ,/, and/CC can/MD ,/,  [ uh/UH ] ,/, potentially/RB ruin/VB  [ someone/NN ] [ 's/POS credit/NN ] ./.","(S (NP-SBJ (PRP they)) (VP (VP (VBP use) (NP (NP (NNP Joe) (NNP Blow) (POS 's)) (EDITED (RM (-DFL- \[)) (JJ so-) (, ,) (INTJ (UH uh)) (, ,) (IP (-DFL- \+))) (JJ social) (RS (-DFL- \])) (NN security) (NN number))) (, ,) (INTJ (UH uh)) (, ,) (CC and) (VP (MD can) (, ,) (INTJ (UH uh)) (, ,) (ADVP (RB potentially)) (VP (VB ruin) (NP (NP (NN someone) (POS 's)) (NN credit))))) (. .) (-DFL- E_S))",98
sw05utt/sw_0579_4834.utt,4/sw4834,4834,67,b,B,36,1,Uh-huh.  /,[ Uh-huh/UH ] ./.,(INTJ (UH Uh-huh) (. .) (-DFL- E_S)),79
sw05utt/sw_0579_4834.utt,4/sw4834,4834,68,sd,B,36,2,"If you know a person's social security number and their mailing address, [ i-, + ] and their mother's maiden name # <laughter>, #","If/IN  [ you/PRP ] know/VBP  [ a/DT person/NN 's/POS social/JJ security/NN number/NN ] and/CC  [ their/PRP$ mailing/NN address/NN ] ,/,  [ i-/XX ] ,/, and/CC  [ their/PRP$ mother/NN 's/POS maiden/NN name/NN ] ,/,","(S (SBAR-ADV (IN If) (S (NP-SBJ (PRP you)) (VP (VBP know) (NP (NP (NP (DT a) (NN person) (POS 's)) (JJ social) (NN security) (NN number)) (CC and) (NP (PRP$ their) (NN mailing) (NN address)) (, ,) (EDITED (RM (-DFL- \[)) (X (XX i-)) (, ,) (IP (-DFL- \+)) (RS (-DFL- \]))) (CC and) (NP (NP (PRP$ their) (NN mother) (POS 's)) (NN maiden) (NN name)))))) (, ,) (INTJ (UH uh)) (, ,) (NP-SBJ (PRP you)) (VP (MD can) (, ,) (ADVP (RB basically)) (, ,) (VP (VB become) (NP-PRD (DT that) (, ,) (INTJ (UH uh)) (, ,) (NN person)))) (. .) (-DFL- E_S))",101
sw05utt/sw_0579_4834.utt,4/sw4834.pos,4834,69,x,A,37,1,# <Laughter>. #,./.
sw05utt/sw_0579_4834.utt,4/sw4834,4834,70,+,B,38,1,"{F uh, } you can, basically, become that, {F uh, } person. /","[ uh/UH ] ,/,  [ you/PRP ] can/MD ,/, basically/RB ,/, become/VB  [ that/DT ] ,/,  [ uh/UH ] ,/,  [ person/NN ] ./.","(S (SBAR-ADV (IN If) (S (NP-SBJ (PRP you)) (VP (VBP know) (NP (NP (NP (DT a) (NN person) (POS 's)) (JJ social) (NN security) (NN number)) (CC and) (NP (PRP$ their) (NN mailing) (NN address)) (, ,) (EDITED (RM (-DFL- \[)) (X (XX i-)) (, ,) (IP (-DFL- \+)) (RS (-DFL- \]))) (CC and) (NP (NP (PRP$ their) (NN mother) (POS 's)) (NN maiden) (NN name)))))) (, ,) (INTJ (UH uh)) (, ,) (NP-SBJ (PRP you)) (VP (MD can) (, ,) (ADVP (RB basically)) (, ,) (VP (VB become) (NP-PRD (DT that) (, ,) (INTJ (UH uh)) (, ,) (NN person)))) (. .) (-DFL- E_S))",101
sw05utt/sw_0579_4834.utt,4/sw4834,4834,71,b,A,39,1,{F Huh. } /,Huh/UH ./.,(INTJ (UH Huh) (. .) (-DFL- E_S)),105
sw05utt/sw_0579_4834.utt,4/sw4834,4834,72,sd,B,40,1,"{F Uh, } if the purchase was made mail order, they should have a record of where it was shipped to -- /","[ Uh/UH ] ,/, if/IN  [ the/DT purchase/NN ] was/VBD made/VBN  [ mail/NN order/NN ] ,/,  [ they/PRP ] should/MD have/VB  [ a/DT record/NN ] of/IN where/WRB  [ it/PRP ] was/VBD shipped/VBN to/IN --/:","(S (INTJ (UH Uh)) (, ,) (SBAR-ADV (IN if) (S (NP-SBJ-1 (DT the) (NN purchase)) (VP (VBD was) (VP (VBN made) (NP (-NONE- *-1)) (NP-MNR (NN mail) (NN order)))))) (, ,) (NP-SBJ (PRP they)) (VP (MD should) (VP (VB have) (NP (NP (DT a) (NN record)) (PP (IN of) (SBAR (WHNP-3 (WRB where)) (S (NP-SBJ-2 (PRP it)) (VP (VBD was) (VP (VBN shipped) (NP (-NONE- *-2)) (PP-DIR (IN to) (NP (-NONE- *T*-3))))))))))) (-DFL- E_S))",107
sw05utt/sw_0579_4834.utt,4/sw4834,4834,73,b,A,41,1,Uh-huh. /,[ Uh-huh/UH ] ./.,(INTJ (UH Uh-huh) (. .) (-DFL- E_S)),87
sw05utt/sw_0579_4834.utt,4/sw4834,4834,74,sd,B,42,1,"-- {C and } since it wasn't shipped to her address, she could prove, {D you know, } that it wasn't her.  /","--/: and/CC since/IN  [ it/PRP ] [ was/VBD n't/RB ] shipped/VBN to/IN  [ her/PRP$ address/NN ] ,/,  [ she/PRP ] could/MD prove/VB ,/,  [ you/PRP ] know/VBP ,/, that/IN  [ it/PRP ] was/VBD n't/RB  [ her/PRP ] ./.","(S (SBAR-PRP (CC and) (IN since) (S (NP-SBJ-1 (PRP it)) (VP (VBD was) (RB n't) (VP (VBN shipped) (NP (-NONE- *-1)) (PP-DIR (IN to) (NP (PRP$ her) (NN address))))))) (, ,) (NP-SBJ (PRP she)) (VP (MD could) (VP (VB prove) (PRN (, ,) (S (NP-SBJ (PRP you)) (VP (VBP know))) (, ,)) (SBAR (IN that) (S (NP-SBJ (PRP it)) (VP (VBD was) (RB n't) (NP-PRD (PRP her))))))) (. .) (-DFL- E_S))",111
sw05utt/sw_0579_4834.utt,4/sw4834,4834,75,sd,B,42,2,"{F Uh, } if it was  (( some ))  {D you know, } coming into the store and stuff, then [ she would ha-, + whoever made the purchase would have  ]  (( had )) find some kind of, {F uh, } {D you know, } document -- /","[ Uh/UH ] ,/, if/IN  [ it/PRP ] was/VBD  [ some/DT ] [ you/PRP ] know/VBP ,/, coming/VBG into/IN  [ the/DT store/NN ] and/CC  [ stuff/NN ] ,/, then/RB  [ she/PRP ] would/MD  [ ha/VB ] ,/,  [ whoever/WP ] made/VBD  [ the/DT purchase/NN ] would/MD have/VB had/VBD find/VB  [ some/DT kind/NN ] of/IN ,/,  [ uh/UH ] ,/,  [ you/PRP ] know/VBP ,/, document/NN --/:","(S (INTJ (UH Uh)) (, ,) (SBAR-ADV (IN if) (S (NP-SBJ (PRP it)) (VP (VBD was) (NP-PRD (DT some) (PRN (S (NP-SBJ (PRP you)) (VP (VBP know))) (, ,)) (S-NOM (NP-SBJ (-NONE- *)) (VP (VP (VBG coming) (PP-DIR (IN into) (NP (DT the) (NN store)))) (CC and) (NP-ETC (NN stuff)))))))) (, ,) (ADVP (RB then)) (EDITED (RM (-DFL- \[)) (S (NP-SBJ (PRP she)) (VP (MD would) (VP-UNF (VB ha-)))) (, ,) (IP (-DFL- \+))) (SBAR-NOM-SBJ-2 (WHNP-1 (WP whoever)) (S (NP-SBJ (-NONE- *T*-1)) (VP (VBD made) (NP (DT the) (NN purchase))))) (VP (MD would) (VP (VB have) (RS (-DFL- \])) (VP (VBD had) (S (NP-SBJ (-NONE- *-2)) (VP (VB find) (NP (NP (DT some) (NN kind)) (PP (IN of) (, ,) (INTJ (UH uh)) (PRN (, ,) (S (NP-SBJ (PRP you)) (VP (VBP know))) (, ,)) (NP (NN document))))))))) (-DFL- E_S))",112
sw05utt/sw_0579_4834.utt,4/sw4834,4834,76,b,A,43,1,Yeah. /,Yeah/UH ./.,(INTJ (UH Yeah) (. .) (-DFL- E_S)),114
sw05utt/sw_0579_4834.utt,4/sw4834,4834,77,%,B,44,1,"-- {C and, } {F uh, } wh-, - /","--/: and/CC ,/,  [ uh/UH ] ,/,  [ wh-/XX ] ,/,","(S (CC and) (, ,) (INTJ (UH uh)) (, ,) (NP-SBJ-UNF (XX wh-)) (, ,) (-DFL- N_S))",116
sw05utt/sw_0579_4834.utt,4/sw4834,4834,78,%,B,44,2,"the  signature, {F uh, } - /","[ the/DT signature/NN ] ,/,  [ uh/UH ] ,/,","(S-UNF (NP-SBJ (DT the) (NN signature)) (, ,) (INTJ (UH uh)) (, ,) (-DFL- N_S))",117
sw05utt/sw_0579_4834.utt,4/sw4834,4834,79,sd,B,44,3,they should be able to provide you a copy with that signature  /,[ they/PRP ] should/MD be/VB able/JJ to/TO provide/VB  [ you/PRP ] [ a/DT copy/NN ] with/IN  [ that/DT signature/NN ],(S (NP-SBJ-1 (PRP they)) (VP (MD should) (VP (VB be) (ADJP-PRD (JJ able) (S (NP-SBJ (-NONE- *-1)) (VP (TO to) (VP (VB provide) (NP (PRP you)) (NP (NP (DT a) (NN copy)) (PP (IN with) (NP (DT that) (NN signature)))))))))) (-DFL- E_S)),118
sw05utt/sw_0579_4834.utt,4/sw4834,4834,80,sd,B,44,4,"{C and } if they can't provide a signature, {D you know, } they'll have to eat the charge <laughter>. /","and/CC if/IN  [ they/PRP ] ca/MD n't/RB provide/VB  [ a/DT signature/NN ] ,/,  [ you/PRP ] know/VBP ,/,  [ they/PRP ] 'll/MD have/VB to/TO eat/VB  [ the/DT charge/NN ] ./.","(S (CC and) (SBAR-ADV (IN if) (S (NP-SBJ (PRP they)) (VP (MD ca) (RB n't) (VP (VB provide) (NP (DT a) (NN signature)))))) (PRN (, ,) (S (NP-SBJ (PRP you)) (VP (VBP know))) (, ,)) (NP-SBJ-1 (PRP they)) (VP (MD 'll) (VP (VB have) (S (NP-SBJ (-NONE- *-1)) (VP (TO to) (VP (VB eat) (NP (DT the) (NN charge))))))) (. .) (-DFL- E_S))",119
sw05utt/sw_0579_4834.utt,4/sw4834,4834,81,b,A,45,1,Yeah.  /,Yeah/UH ./.,(INTJ (UH Yeah) (. .) (-DFL- E_S)),114
sw05utt/sw_0579_4834.utt,4/sw4834,4834,82,%,A,45,2,"# {D Well, } y-, # -/","Well/UH ,/,  [ y-/XX ] ,/,","(S (INTJ (UH Well)) (, ,) (NP-SBJ-UNF (XX y-)) (, ,) (-DFL- N_S))",122
sw05utt/sw_0579_4834.utt,4/sw4834,4834,83,qy,B,46,1,"# {C But } # if the pers-, has, {D you know, } [ their social s-, + her social security  ] number, I'd be real concerned [ that they, + {F uh, } that ] she's not, {F uh, } blacklist on, {F uh, } [ Tel-, + what is it, it's Telecredit  ] or something? /","But/CC if/IN  [ the/DT pers-/NN ] ,/, has/VBZ ,/,  [ you/PRP ] know/VBP ,/,  [ their/PRP$ social/JJ s-/NN ] ,/,  [ her/PRP$ social/JJ security/NN number/NN ] ,/,  [ I/PRP ] 'd/MD be/VB real/RB concerned/JJ that/IN  [ they/PRP ] ,/,  [ uh/UH ] ,/, that/IN  [ she/PRP ] 's/BES not/RB ,/,  [ uh/UH ] ,/, blacklist/VB on/IN ,/,  [ uh/UH ] ,/,  [ Tel-/NNP ] ,/,  [ what/WP ] is/VBZ  [ it/PRP ] ,/,  [ it/PRP ] 's/BES Telecredit/NNP or/CC  [ something/NN ] ?/.","(S (CC But) (SBAR-ADV (IN if) (S (NP-SBJ-UNF (DT the) (NN pers-)) (, ,) (VP (VBZ has) (PRN (, ,) (S (NP-SBJ (PRP you)) (VP (VBP know))) (, ,)) (EDITED (RM (-DFL- \[)) (NP-UNF (PRP$ their) (JJ social) (NN s-)) (, ,) (IP (-DFL- \+))) (NP (PRP$ her) (JJ social) (NN security) (RS (-DFL- \])) (NN number))))) (, ,) (NP-SBJ (PRP I)) (VP (MD 'd) (VP (VB be) (ADJP-PRD (RB real) (JJ concerned) (SBAR (EDITED (RM (-DFL- \[)) (SBAR (IN that) (S-UNF (NP-SBJ (PRP they)))) (, ,) (IP (-DFL- \+))) (INTJ (UH uh)) (, ,) (IN that) (RS (-DFL- \])) (S (NP-SBJ-1 (PRP she)) (VP (BES 's) (RB not) (, ,) (INTJ (UH uh)) (, ,) (VP (TYPO (VB blacklist)) (NP (-NONE- *-1)) (PP (IN on) (, ,) (INTJ (UH uh)) (, ,) (EDITED (RM (-DFL- \[)) (NP-UNF (NNP Tel-)) (, ,) (IP (-DFL- \+))) (PRN (SBARQ (WHNP-2 (WP what)) (SQ (VBZ is) (NP-SBJ (PRP it)) (NP-PRD (-NONE- *T*-2)))) (, ,)) (PRN (S (NP-SBJ (PRP it)) (VP (BES 's) (NP-PRD (-NONE- *RNR*-3))))) (NP-3 (NP (NNP Telecredit)) (RS (-DFL- \])) (CC or) (NP (NN something))))))))))) (. ?) (-DFL- E_S))",124
sw05utt/sw_0579_4834.utt,4/sw4834,4834,84,ny,A,47,1,Yeah. /,Yeah/UH ./.,(INTJ (UH Yeah) (. .) (-DFL- E_S)),114
sw05utt/sw_0579_4834.utt,4/sw4834,4834,85,sd,B,48,1,"{F Uh, } {C because } she won't be able to cash checks because most places verify through there.  /","[ Uh/UH ] ,/, because/IN  [ she/PRP ] wo/MD n't/RB be/VB able/JJ to/TO cash/VB  [ checks/NNS ] because/IN  [ most/JJS places/NNS ] verify/VBP through/IN there/RB ./.","(SBAR-PRP (INTJ (UH Uh)) (, ,) (IN because) (S (NP-SBJ-1 (PRP she)) (VP (MD wo) (RB n't) (VP (VB be) (ADJP-PRD (JJ able) (S (NP-SBJ (-NONE- *-1)) (VP (TO to) (VP (VB cash) (NP (NNS checks)))))) (SBAR-PRP (IN because) (S (NP-SBJ (JJS most) (NNS places)) (VP (VBP verify) (PP (IN through) (ADVP (RB there))))))))) (. .) (-DFL- E_S))",128
sw05utt/sw_0579_4834.utt,4/sw4834,4834,86,sd,B,48,2,"She probably won't be [ ab-, + able ] to open a checking account or  anything without a lot of hassle. /","[ She/PRP ] probably/RB wo/MD n't/RB be/VB ab/JJ ,/, able/JJ to/TO open/VB  [ a/DT checking/NN account/NN ] or/CC  [ anything/NN ] without/IN  [ a/DT lot/NN ] of/IN  [ hassle/NN ] ./.","(S (NP-SBJ-1 (PRP She)) (ADVP (RB probably)) (VP (MD wo) (RB n't) (VP (VB be) (EDITED (RM (-DFL- \[)) (ADJP-PRD-UNF (JJ ab-)) (, ,) (IP (-DFL- \+))) (ADJP-PRD (JJ able) (RS (-DFL- \])) (S (NP-SBJ (-NONE- *-1)) (VP (TO to) (VP (VB open) (NP (NP (DT a) (NN checking) (NN account)) (CC or) (NP (NN anything))) (PP (IN without) (NP (NP (DT a) (NN lot)) (PP (IN of) (NP (NN hassle))))))))))) (. .) (-DFL- E_S))",129
sw05utt/sw_0579_4834.utt,4/sw4834,4834,87,b,A,49,1,Yeah.  /,Yeah/UH ./.,(INTJ (UH Yeah) (. .) (-DFL- E_S)),114
sw05utt/sw_0579_4834.utt,4/sw4834,4834,88,sd,A,49,2,"{D Well, } we got it cleared up eventually.  /","Well/UH ,/,  [ we/PRP ] got/VBD  [ it/PRP ] cleared/VBN up/RP eventually/RB ./.","(S (INTJ (UH Well)) (, ,) (NP-SBJ (PRP we)) (VP (VBD got) (S (NP-SBJ-1 (PRP it)) (VP (VBN cleared) (NP (-NONE- *-1)) (PRT (RP up)))) (ADVP-TMP (RB eventually))) (. .) (-DFL- E_S))",132
sw05utt/sw_0579_4834.utt,4/sw4834,4834,89,%,A,49,3,"What happened, {F uh, } -/","[ What/WP ] happened/VBD ,/,  [ uh/UH ] ,/,","(SBARQ (WHNP-1 (WP What)) (SQ (NP-SBJ (-NONE- *T*-1)) (VP (VBD happened) (, ,) (INTJ (UH uh)))) (, ,) (-DFL- N_S))",133
