swda_filename,ptb_basename,conversation_no,transcript_index,act_tag,caller,utterance_index,subutterance_index,text,pos,trees,ptb_treenumbers
sw05utt/sw_0570_3691.utt,3/sw3691,3691,0,o,A,1,1,You bet.   /,[ You/PRP ] bet/VBP ./.,(S (NP-SBJ (PRP You)) (VP (VBP bet)) (. .) (-DFL- E_S)),1
sw05utt/sw_0570_3691.utt,3/sw3691,3691,1,qy^t,A,1,2,They tell you our topic? /,[ They/PRP ] tell/VB  [ you/PRP our/PRP$ topic/NN ] ?/.,(SQ (NP-SBJ (PRP They)) (VP (VB tell) (NP (PRP you)) (NP (PRP$ our) (NN topic))) (. ?) (-DFL- E_S)),2
sw05utt/sw_0570_3691.utt,3/sw3691,3691,2,na,B,2,1,"{F Uh, } pets. /","[ Uh/UH ] ,/,  [ pets/NNS ] ./.","(NP (INTJ (UH Uh)) (, ,) (NNS pets) (. .) (-DFL- E_S))",4
sw05utt/sw_0570_3691.utt,3/sw3691,3691,3,sd,A,3,1,You've got it.  /,[ You/PRP ] 've/VBP got/VBN  [ it/PRP ] ./.,(S (NP-SBJ (PRP You)) (VP (VBP 've) (VP (VBN got) (NP (PRP it)))) (. .) (-DFL- E_S)),6
sw05utt/sw_0570_3691.utt,3/sw3691,3691,4,qy,B,4,1,Do you have pets? /,Do/VBP  [ you/PRP ] have/VB  [ pets/NNS ] ?/.,(SQ (VBP Do) (NP-SBJ (PRP you)) (VP (VB have) (NP (NNS pets))) (. ?) (-DFL- E_S)),8
sw05utt/sw_0570_3691.utt,3/sw3691,3691,5,ny,A,5,1,"Yes,  /","Yes/UH ,/,","(INTJ (UH Yes) (, ,) (-DFL- E_S))",10
sw05utt/sw_0570_3691.utt,3/sw3691,3691,6,sd^e,A,5,2,we do.  /,[ we/PRP ] do/VBP ./.,(S (NP-SBJ (PRP we)) (VP (VBP do)) (. .) (-DFL- E_S)),11
sw05utt/sw_0570_3691.utt,3/sw3691,3691,7,sd,A,5,3,"{F Uh, } my wife and I have a dog that soon be eight years old,  /","[ Uh/UH ] ,/,  [ my/PRP$ wife/NN ] and/CC  [ I/PRP ] have/VBP  [ a/DT dog/NN ] [ that/WDT ] soon/RB be/VB  [ eight/CD years/NNS ] old/JJ ,/,","(S (INTJ (UH Uh)) (, ,) (NP-SBJ (NP (PRP$ my) (NN wife)) (CC and) (NP (PRP I))) (VP (VBP have) (NP (NP (DT a) (NN dog)) (SBAR (WHNP-1 (WDT that)) (S (NP-SBJ (-NONE- *T*-1)) (ADVP-TMP (RB soon)) (VP (VB be) (ADJP-PRD (NP-ADV (CD eight) (NNS years)) (JJ old))))))) (, ,) (-DFL- E_S))",12
sw05utt/sw_0570_3691.utt,3/sw3691,3691,8,sd,A,5,4,"{C and } we have [ a, + a ] cat, which is, {F uh, } I guess about five years old. /","and/CC  [ we/PRP ] have/VBP  [ a/DT ] ,/,  [ a/DT cat/NN ] ,/,  [ which/WDT ] is/VBZ ,/,  [ uh/UH ] ,/,  [ I/PRP ] guess/VBP about/RB  [ five/CD years/NNS ] old/JJ ./.","(S (CC and) (NP-SBJ (PRP we)) (VP (VBP have) (EDITED (RM (-DFL- \[)) (NP-UNF (DT a)) (, ,) (IP (-DFL- \+))) (NP (NP (DT a) (RS (-DFL- \])) (NN cat)) (, ,) (SBAR (WHNP-1 (WDT which)) (S (NP-SBJ (-NONE- *T*-1)) (VP (VBZ is) (, ,) (INTJ (UH uh)) (PRN (, ,) (S (NP-SBJ (PRP I)) (VP (VBP guess)))) (ADJP-PRD (NP-ADV (QP (RB about) (CD five)) (NNS years)) (JJ old))))))) (. .) (-DFL- E_S))",13
sw05utt/sw_0570_3691.utt,3/sw3691,3691,9,ba,B,6,1,"{F Oh, } my goodness. /","Oh/UH ,/,  [ my/PRP$ goodness/NN ] ./.","(INTJ (INTJ (UH Oh)) (, ,) (INTJ (PRP$ my) (NN goodness)) (. .) (-DFL- E_S))",15
sw05utt/sw_0570_3691.utt,3/sw3691,3691,10,qo,A,7,1,How about you guys? /,How/WRB about/IN  [ you/PRP guys/NNS ] ?/.,(FRAG (WHADVP (WRB How)) (PP (IN about) (NP (PRP you) (NNS guys))) (. ?) (-DFL- E_S)),17
sw05utt/sw_0570_3691.utt,3/sw3691,3691,11,sd,B,8,1,We have three dogs and --,[ We/PRP ] have/VBP  [ three/CD dogs/NNS ] and/CC --/:,(S (NP-SBJ (PRP We)) (VP (VBP have) (NP (NP (CD three) (NNS dogs)) (CC and) (NP (CD two) (NNS birds))) (PP-TMP (IN at) (NP (DT this) (NN point)))) (. .) (-DFL- E_S)),19
sw05utt/sw_0570_3691.utt,3/sw3691,3691,12,b^m,A,9,1,Three dogs. /,[ Three/CD dogs/NNS ] ./.,(NP (CD Three) (NNS dogs) (. .) (-DFL- E_S)),21
sw05utt/sw_0570_3691.utt,3/sw3691,3691,13,+,B,10,1,-- two birds at this point. /,--/:  [ two/CD birds/NNS ] at/IN  [ this/DT point/NN ] ./.,(S (NP-SBJ (PRP We)) (VP (VBP have) (NP (NP (CD three) (NNS dogs)) (CC and) (NP (CD two) (NNS birds))) (PP-TMP (IN at) (NP (DT this) (NN point)))) (. .) (-DFL- E_S)),19
sw05utt/sw_0570_3691.utt,3/sw3691,3691,14,b^m,A,11,1,"{C And } two bi-, - /","And/CC  [ two/CD bi-/NNS ] ,/,","(FRAG (CC And) (NP-UNF (CD two) (NNS bi-)) (, ,) (-DFL- N_S))",24
sw05utt/sw_0570_3691.utt,3/sw3691,3691,15,qw,A,11,2,what kind of birds do you have? /,[ what/WP kind/NN ] of/IN  [ birds/NNS ] do/VBP  [ you/PRP ] have/VB ?/.,(SBARQ (WHNP-1 (WHNP (WP what) (NN kind)) (PP (IN of) (NP (NNS birds)))) (SQ (VBP do) (NP-SBJ (PRP you)) (VP (VB have) (NP (-NONE- *T*-1)))) (. ?) (-DFL- E_S)),25
sw05utt/sw_0570_3691.utt,3/sw3691,3691,16,sd,B,12,1,Parakeets. /,[ Parakeets/NNS ] ./.,(NP (NNS Parakeets) (. .) (-DFL- E_S)),27
sw05utt/sw_0570_3691.utt,3/sw3691,3691,17,ba,A,13,1,"No, kidding.  /","No/DT ,/, kidding/NN ./.","(INTJ (DT No) (, ,) (NN kidding) (. .) (-DFL- E_S))",29
sw05utt/sw_0570_3691.utt,3/sw3691,3691,18,qy,A,13,2,"[ En-, + enjoy  ] them?  /","En/VB ,/, enjoy/VB  [ them/PRP ] ?/.","(SQ (NP-SBJ (-NONE- *)) (EDITED (RM (-DFL- \[)) (VP-UNF (VB En-)) (, ,) (IP (-DFL- \+))) (VP (VB enjoy) (RS (-DFL- \])) (NP (PRP them))) (. ?) (-DFL- E_S))",30
sw05utt/sw_0570_3691.utt,3/sw3691,3691,19,sd,B,14,1,"{F Oh, } have a ball with them. /","Oh/UH ,/, have/VB  [ a/DT ball/NN ] with/IN  [ them/PRP ] ./.","(S (INTJ (UH Oh)) (, ,) (NP-SBJ (-NONE- *)) (VP (VB have) (NP (DT a) (NN ball)) (PP (IN with) (NP (PRP them)))) (. .) (-DFL- E_S))",32
sw05utt/sw_0570_3691.utt,3/sw3691,3691,20,qy,A,15,1,You let them out and let them fly around and everything? /,[ You/PRP ] let/VBP  [ them/PRP ] out/RB and/CC let/VB  [ them/PRP ] fly/VB around/RB and/CC  [ everything/NN ] ?/.,(SQ (NP-SBJ (PRP You)) (VP (VP (VBP let) (NP (PRP them)) (ADVP-DIR (RB out))) (CC and) (VP (VB let) (S (NP-SBJ (PRP them)) (VP (VB fly) (ADVP-DIR (RB around))))) (CC and) (NP-ETC (NN everything))) (. ?) (-DFL- E_S)),34
sw05utt/sw_0570_3691.utt,3/sw3691,3691,21,nn,B,16,1,"{D Well, } no,  /","Well/UH ,/, no/UH ,/,","(INTJ (INTJ (UH Well)) (, ,) (INTJ (UH no)) (, ,) (-DFL- E_S))",36
sw05utt/sw_0570_3691.utt,3/sw3691,3691,22,sd^e,B,16,2,because my dogs <laughter> chase them. /,because/IN  [ my/PRP$ dogs/NNS ] chase/VB  [ them/PRP ] ./.,(SBAR-PRP (IN because) (S (NP-SBJ (PRP$ my) (NNS dogs)) (VP (VB chase) (NP (PRP them)))) (. .) (-DFL- E_S)),37
sw05utt/sw_0570_3691.utt,3/sw3691,3691,23,bk,A,17,1,Okay. /,Okay/UH ./.,(INTJ (UH Okay) (. .) (-DFL- E_S)),39
sw05utt/sw_0570_3691.utt,3/sw3691,3691,24,sd,B,18,1,{C So } in order to have the birds not stuffed I have to keep them in their --,So/RB in/IN  [ order/NN ] to/TO have/VB  [ the/DT birds/NNS ] not/RB stuffed/VBN  [ I/PRP ] have/VBP to/TO keep/VB  [ them/PRP ] in/IN  [ their/PRP$ ] --/:,(S (RB So) (SBAR-PRP (IN in) (NN order) (S (NP-SBJ (-NONE- *)) (VP (TO to) (VP (VB have) (S (NP-SBJ-1 (DT the) (NNS birds)) (RB not) (VP (VBN stuffed) (NP (-NONE- *-1)))))))) (NP-SBJ-2 (PRP I)) (VP (VBP have) (S (NP-SBJ (-NONE- *-2)) (VP (TO to) (VP (VB keep) (NP (PRP them)) (PP-LOC (IN in) (NP (PRP$ their) (NNS cages))))))) (. .) (-DFL- E_S)),41
sw05utt/sw_0570_3691.utt,3/sw3691,3691,25,%,A,19,1,"You-, -/","[ You-/XX ] ,/,","(S-UNF (NP-SBJ-UNF (XX You-)) (, ,) (-DFL- N_S))",43
sw05utt/sw_0570_3691.utt,3/sw3691,3691,26,+,B,20,1,-- cages. /,--/:  [ cages/NNS ] ./.,(S (RB So) (SBAR-PRP (IN in) (NN order) (S (NP-SBJ (-NONE- *)) (VP (TO to) (VP (VB have) (S (NP-SBJ-1 (DT the) (NNS birds)) (RB not) (VP (VBN stuffed) (NP (-NONE- *-1)))))))) (NP-SBJ-2 (PRP I)) (VP (VBP have) (S (NP-SBJ (-NONE- *-2)) (VP (TO to) (VP (VB keep) (NP (PRP them)) (PP-LOC (IN in) (NP (PRP$ their) (NNS cages))))))) (. .) (-DFL- E_S)),41
sw05utt/sw_0570_3691.utt,3/sw3691,3691,27,sv,A,21,1,"{D You know, } this is like a cruelty joke,  /","[ You/PRP ] know/VBP ,/,  [ this/DT ] is/VBZ like/IN  [ a/DT cruelty/NN joke/NN ] ,/,","(S (PRN (S (NP-SBJ (PRP You)) (VP (VBP know))) (, ,)) (NP-SBJ (DT this)) (VP (VBZ is) (PP-PRD (IN like) (NP (DT a) (NN cruelty) (NN joke)))) (, ,) (-DFL- E_S))",46
sw05utt/sw_0570_3691.utt,3/sw3691,3691,28,fa,A,21,2,"{C and } I apologize if you're a bird lover,  /","and/CC  [ I/PRP ] apologize/VBP if/IN  [ you/PRP ] 're/VBP  [ a/DT bird/NN lover/NN ] ,/,","(S (CC and) (NP-SBJ (PRP I)) (VP (VBP apologize) (SBAR-ADV (IN if) (S (NP-SBJ (PRP you)) (VP (VBP 're) (NP-PRD (DT a) (NN bird) (NN lover)))))) (, ,) (-DFL- E_S))",47
sw05utt/sw_0570_3691.utt,3/sw3691,3691,29,sd,A,21,3,"{C but, } {F uh, } we had a parakeet.","but/CC ,/,  [ uh/UH ] ,/,  [ we/PRP ] had/VBD  [ a/DT parakeet/NN ] ./.","(S (CC but) (, ,) (INTJ (UH uh)) (, ,) (NP-SBJ (PRP we)) (VP (VP (VBD had) (NP (DT a) (NN parakeet))) (. .) (CC And) (, ,) (VP (NP-ADV (PRP$ my) (NN fault)) (, ,) (VBD put) (PRT (IN up)) (NP (PRP$ our) (JJ first) (JJ electric) (NN fan))) (. .) (CC And) (VP (ADVP-TMP (RB never)) (VBD thought) (PP (IN about) (NP (PRP it))))) (. .) (-DFL- E_S))",48
sw05utt/sw_0570_3691.utt,3/sw3691,3691,30,b,B,22,1,Uh-huh. /,[ Uh-huh/UH ] ./.,(INTJ (UH Uh-huh) (. .) (-DFL- E_S)),50
sw05utt/sw_0570_3691.utt,3/sw3691,3691,31,+,A,23,1,"And, my fault, put up our first electric fan.","And/CC ,/,  [ my/PRP$ fault/NN ] ,/, put/VBD up/IN  [ our/PRP$ first/JJ electric/JJ fan/NN ] ./.","(S (CC but) (, ,) (INTJ (UH uh)) (, ,) (NP-SBJ (PRP we)) (VP (VP (VBD had) (NP (DT a) (NN parakeet))) (. .) (CC And) (, ,) (VP (NP-ADV (PRP$ my) (NN fault)) (, ,) (VBD put) (PRT (IN up)) (NP (PRP$ our) (JJ first) (JJ electric) (NN fan))) (. .) (CC And) (VP (ADVP-TMP (RB never)) (VBD thought) (PP (IN about) (NP (PRP it))))) (. .) (-DFL- E_S))",48
sw05utt/sw_0570_3691.utt,3/sw3691,3691,32,b,B,24,1,Uh-huh. /,[ Uh-huh/UH ] ./.,(INTJ (UH Uh-huh) (. .) (-DFL- E_S)),50
sw05utt/sw_0570_3691.utt,3/sw3691,3691,33,+,A,25,1,And never thought about it.  /,And/CC never/RB thought/VBD about/IN  [ it/PRP ] ./.,"(S (CC but) (, ,) (INTJ (UH uh)) (, ,) (NP-SBJ (PRP we)) (VP (VP (VBD had) (NP (DT a) (NN parakeet))) (. .) (CC And) (, ,) (VP (NP-ADV (PRP$ my) (NN fault)) (, ,) (VBD put) (PRT (IN up)) (NP (PRP$ our) (JJ first) (JJ electric) (NN fan))) (. .) (CC And) (VP (ADVP-TMP (RB never)) (VBD thought) (PP (IN about) (NP (PRP it))))) (. .) (-DFL- E_S))",48
sw05utt/sw_0570_3691.utt,3/sw3691,3691,34,sd,A,25,2,Knocked that parakeet <laughter> right out of the air. /,Knocked/VBD that/IN  [ parakeet/NN right/RB ] out/IN of/IN  [ the/DT air/NN ] ./.,(S (NP-SBJ (-NONE- *)) (VP (VBD Knocked) (NP (IN that) (NN parakeet)) (PP-DIR (ADVP (RB right)) (IN out) (PP (IN of) (NP (DT the) (NN air))))) (. .) (-DFL- E_S)),55
sw05utt/sw_0570_3691.utt,3/sw3691,3691,35,sd,B,26,1,"{D Well, } we had that happen once, {F um, }  /","Well/UH ,/,  [ we/PRP ] had/VBD  [ that/DT ] happen/VB once/RB ,/, um/UH ,/,","(S (INTJ (UH Well)) (, ,) (NP-SBJ (PRP we)) (VP (VBD had) (S (NP-SBJ (DT that)) (VP (VB happen))) (ADVP-TMP (RB once)) (, ,) (INTJ (UH um))) (, ,) (-DFL- E_S))",57
sw05utt/sw_0570_3691.utt,3/sw3691,3691,36,sd,B,26,2,"my son had the bird back in his room,  /","[ my/PRP$ son/NN ] had/VBD  [ the/DT bird/NN ] back/RB in/IN  [ his/PRP$ room/NN ] ,/,","(S (NP-SBJ (PRP$ my) (NN son)) (VP (VBD had) (NP (DT the) (NN bird)) (PP-LOC (ADVP (RB back)) (IN in) (NP (PRP$ his) (NN room)))) (, ,) (-DFL- E_S))",58
sw05utt/sw_0570_3691.utt,3/sw3691,3691,37,sd,B,26,3,"{C because } [ it's his bir-, +  {D well, } the first one that we had was his bird, ]  /","because/IN  [ it/PRP ] 's/BES  [ his/PRP$ bir-/NN ] ,/, well/UH ,/,  [ the/DT first/JJ one/CD ] that/WDT  [ we/PRP ] had/VBD was/VBD  [ his/PRP$ bird/NN ] ,/,","(SBAR-PRP (IN because) (S (EDITED (RM (-DFL- \[)) (S (NP-SBJ (PRP it)) (VP (BES 's) (NP-PRD-UNF (PRP$ his) (NN bir-)))) (, ,) (IP (-DFL- \+))) (INTJ (UH well)) (, ,) (NP-SBJ (NP (DT the) (JJ first) (CD one)) (SBAR (WHNP-1 (WDT that)) (S (NP-SBJ (PRP we)) (VP (VBD had) (NP (-NONE- *T*-1)))))) (VP (VBD was) (NP-PRD (PRP$ his) (NN bird)))) (, ,) (RS (-DFL- \])) (-DFL- E_S))",59
sw05utt/sw_0570_3691.utt,3/sw3691,3691,38,sd,B,26,4,"{C and } I had a ceiling fan put up,  /","and/CC  [ I/PRP ] had/VBD  [ a/DT ceiling/NN fan/NN ] put/VBN up/RP ,/,","(S (CC and) (NP-SBJ (PRP I)) (VP (VBD had) (S (NP-SBJ-1 (DT a) (NN ceiling) (NN fan)) (VP (VBN put) (NP (-NONE- *-1)) (PRT (RP up))))) (, ,) (-DFL- E_S))",60
sw05utt/sw_0570_3691.utt,3/sw3691,3691,39,sd,B,26,5,"{C and } [ it, + the  bird ] got away from him one afternoon,  /","and/CC  [ it/PRP ] ,/,  [ the/DT bird/NN ] got/VBD away/RB from/IN  [ him/PRP ] [ one/CD afternoon/NN ] ,/,","(S (CC and) (EDITED (RM (-DFL- \[)) (NP-SBJ (PRP it)) (, ,) (IP (-DFL- \+))) (NP-SBJ (DT the) (NN bird)) (RS (-DFL- \])) (VP (VBD got) (ADVP (RB away) (PP (IN from) (NP (PRP him)))) (NP-TMP (CD one) (NN afternoon))) (, ,) (-DFL- E_S))",61
sw05utt/sw_0570_3691.utt,3/sw3691,3691,40,sd,B,26,6,"{C and }  {E I  mean } that sucker hit that fan and went flying up against the wall,  /","and/CC  [ I/PRP ] mean/VBP  [ that/DT sucker/NN ] hit/VBD that/DT  [ fan/NN ] and/CC went/VBD flying/VBG up/IN against/IN  [ the/DT wall/NN ] ,/,","(S (CC and) (PRN (S (NP-SBJ (PRP I)) (VP (VBP mean)))) (NP-SBJ-1 (DT that) (NN sucker)) (VP (VP (VBD hit) (NP (DT that) (NN fan))) (CC and) (VP (VBD went) (S (NP-SBJ (-NONE- *-1)) (VP (VBG flying) (PP-DIR (IN up) (PP (IN against) (NP (DT the) (NN wall)))))))) (, ,) (-DFL- E_S))",62
sw05utt/sw_0570_3691.utt,3/sw3691,3691,41,sd(^q),B,26,7,"I thought, {F oh } --","[ I/PRP ] thought/VBD ,/, oh/UH --/:","(S (NP-SBJ (PRP I)) (VP (VBD thought) (, ,) (NP-SEZ (INTJ (UH oh)) (NP (NP (RB so) (RB much)) (PP (IN for) (NP (DT the) (NN bird)))))) (. .) (-DFL- E_S))",63
sw05utt/sw_0570_3691.utt,3/sw3691,3691,42,qy,A,27,1,It killed him? /,[ It/PRP ] killed/VBD  [ him/PRP ] ?/.,(S (NP-SBJ (PRP It)) (VP (VBD killed) (NP (PRP him))) (. ?) (-DFL- E_S)),65
sw05utt/sw_0570_3691.utt,3/sw3691,3691,43,+,B,28,1,-- so much for the bird.  /,--/: so/RB much/RB for/IN  [ the/DT bird/NN ] ./.,"(S (NP-SBJ (PRP I)) (VP (VBD thought) (, ,) (NP-SEZ (INTJ (UH oh)) (NP (NP (RB so) (RB much)) (PP (IN for) (NP (DT the) (NN bird)))))) (. .) (-DFL- E_S))",63
sw05utt/sw_0570_3691.utt,3/sw3691,3691,44,nn,B,28,2,"No,  /","No/UH ,/,","(INTJ (UH No) (, ,) (-DFL- E_S))",67
sw05utt/sw_0570_3691.utt,3/sw3691,3691,45,sd^e,B,28,3,he's still alive and # kicking. # /,[ he/PRP ] 's/BES still/RB alive/JJ and/CC kicking/VBG ./.,(S (NP-SBJ (PRP he)) (VP (BES 's) (ADVP-TMP (RB still)) (UCP-PRD (ADJP (JJ alive)) (CC and) (VP (VBG kicking)))) (. .) (-DFL- E_S)),68
sw05utt/sw_0570_3691.utt,3/sw3691,3691,46,%,A,29,1,"# {F Oh, } that's, # - /","Oh/UH ,/,  [ that/DT ] 's/BES ,/,","(S (INTJ (UH Oh)) (, ,) (NP-SBJ (DT that)) (VP-UNF (BES 's)) (, ,) (-DFL- N_S))",70
sw05utt/sw_0570_3691.utt,3/sw3691,3691,47,sd,A,29,2,"{D well, } it killed ours,  /","well/UH ,/,  [ it/PRP ] killed/VBD  [ ours/JJ ] ,/,","(S (INTJ (UH well)) (, ,) (NP-SBJ (PRP it)) (VP (VBD killed) (NP (JJ ours))) (, ,) (-DFL- E_S))",71
sw05utt/sw_0570_3691.utt,3/sw3691,3691,48,ba,A,29,3,I'll be darned. /,[ I/PRP ] 'll/MD be/VB darned/VBN ./.,(S (NP-SBJ-1 (PRP I)) (VP (MD 'll) (VP (VB be) (VP (VBN darned) (NP (-NONE- *-1))))) (. .) (-DFL- E_S)),72
sw05utt/sw_0570_3691.utt,3/sw3691,3691,49,nn,B,30,1,"No,  /","No/UH ,/,","(INTJ (UH No) (, ,) (-DFL- E_S))",67
sw05utt/sw_0570_3691.utt,3/sw3691,3691,50,sd^e,B,30,2,"I guess we didn't have it high enough or he didn't get hit in just the right spot, /","[ I/PRP ] guess/VBP  [ we/PRP ] did/VBD n't/RB have/VB  [ it/PRP ] high/RB enough/RB or/CC  [ he/PRP ] did/VBD n't/RB get/VB hit/VB in/IN just/RB  [ the/DT right/JJ spot/NN ] ,/,","(S (NP-SBJ (PRP I)) (VP (VBP guess) (SBAR (-NONE- 0) (S (S (NP-SBJ (PRP we)) (VP (VBD did) (RB n't) (VP (VB have) (S (NP-SBJ (PRP it)) (ADJP-PRD (RB high) (RB enough)))))) (CC or) (S (NP-SBJ-1 (PRP he)) (VP (VBD did) (RB n't) (VP (VB get) (VP (VB hit) (NP (-NONE- *-1)) (PP (IN in) (NP (RB just) (DT the) (JJ right) (NN spot)))))))))) (, ,) (-DFL- E_S))",75
sw05utt/sw_0570_3691.utt,3/sw3691.pos,3691,51,x,A,31,1,<Laughter>.,./.
sw05utt/sw_0570_3691.utt,3/sw3691,3691,52,sd,B,32,1,"{C but } it threw him up against the wall, {D you know, }  /","but/CC  [ it/PRP ] threw/VBD  [ him/PRP ] up/IN against/IN  [ the/DT wall/NN ] ,/,  [ you/PRP ] know/VBP ,/,","(S (CC but) (NP-SBJ (PRP it)) (VP (VBD threw) (NP (PRP him)) (PP-DIR (IN up) (PP (IN against) (NP (DT the) (NN wall)))) (PRN (, ,) (S (NP-SBJ (PRP you)) (VP (VBP know))))) (, ,) (-DFL- E_S))",78
sw05utt/sw_0570_3691.utt,3/sw3691,3691,53,sd,B,32,2,{C and } he slid <laughter> down the wall. /,and/CC  [ he/PRP ] slid/VBD down/IN  [ the/DT wall/NN ] ./.,(S (CC and) (NP-SBJ (PRP he)) (VP (VBD slid) (PP-DIR (IN down) (NP (DT the) (NN wall)))) (. .) (-DFL- E_S)),79
sw05utt/sw_0570_3691.utt,3/sw3691,3691,54,sd,A,33,1,"{D Well, } speaking of pets, I'll tell you, [  my, +  my ] kids are older now,  /","Well/UH ,/, speaking/VBG of/IN  [ pets/NNS ] ,/,  [ I/PRP ] 'll/MD tell/VB  [ you/PRP ] ,/,  [ my/PRP$ ] ,/,  [ my/PRP$ kids/NNS ] are/VBP older/JJR now/RB ,/,","(S (INTJ (UH Well)) (, ,) (S-ADV (NP-SBJ (-NONE- *)) (VP (VBG speaking) (PP (IN of) (NP (NNS pets))))) (, ,) (NP-SBJ (PRP I)) (VP (MD 'll) (VP (VB tell) (NP (PRP you)) (, ,) (SBAR (-NONE- 0) (S (S (EDITED (RM (-DFL- \[)) (NP-SBJ-UNF (PRP$ my)) (, ,) (IP (-DFL- \+))) (NP-SBJ (PRP$ my) (RS (-DFL- \])) (NNS kids)) (VP (VBP are) (ADJP-PRD (JJR older)) (ADVP-TMP (RB now)))) (, ,) (-DFL- E_S) (S (EDITED (RM (-DFL- \[)) (NP-SBJ-UNF (PRP$ my)) (, ,) (IP (-DFL- \+))) (NP-SBJ (NP (DT both)) (PP (IN of) (NP (PRP them)))) (RS (-DFL- \])) (VP (VBP are) (PP-PRD (RB either) (IN in) (CC or) (IN out) (PP (IN of) (NP (NN college)))))))))) (, ,) (-DFL- E_S))",81
sw05utt/sw_0570_3691.utt,3/sw3691,3691,55,sd,A,33,2,"[ my, +  both of them ] are either in or out of college,  /","[ my/PRP$ ] ,/,  [ both/DT ] of/IN  [ them/PRP ] are/VBP either/RB in/IN or/CC out/IN of/IN  [ college/NN ] ,/,","(S (INTJ (UH Well)) (, ,) (S-ADV (NP-SBJ (-NONE- *)) (VP (VBG speaking) (PP (IN of) (NP (NNS pets))))) (, ,) (NP-SBJ (PRP I)) (VP (MD 'll) (VP (VB tell) (NP (PRP you)) (, ,) (SBAR (-NONE- 0) (S (S (EDITED (RM (-DFL- \[)) (NP-SBJ-UNF (PRP$ my)) (, ,) (IP (-DFL- \+))) (NP-SBJ (PRP$ my) (RS (-DFL- \])) (NNS kids)) (VP (VBP are) (ADJP-PRD (JJR older)) (ADVP-TMP (RB now)))) (, ,) (-DFL- E_S) (S (EDITED (RM (-DFL- \[)) (NP-SBJ-UNF (PRP$ my)) (, ,) (IP (-DFL- \+))) (NP-SBJ (NP (DT both)) (PP (IN of) (NP (PRP them)))) (RS (-DFL- \])) (VP (VBP are) (PP-PRD (RB either) (IN in) (CC or) (IN out) (PP (IN of) (NP (NN college)))))))))) (, ,) (-DFL- E_S))",81
sw05utt/sw_0570_3691.utt,3/sw3691,3691,56,sd,A,33,3,"[ {C but, } + {C but } ]   [ we [ had +  for years, about five years I guess, had a, ] +  my son had a ]  Burmese boa constrictor,  /","but/CC ,/, but/CC  [ we/PRP ] had/VBD for/IN  [ years/NNS ] ,/, about/RB  [ five/CD years/NNS I/PRP ] guess/VBP ,/, had/VBD  [ a/DT ] ,/,  [ my/PRP$ son/NN ] had/VBD  [ a/DT Burmese/JJ boa/NN constrictor/NN ] ,/,","(S (EDITED (RM (-DFL- \[)) (CC but) (, ,) (IP (-DFL- \+))) (CC but) (RS (-DFL- \])) (EDITED (RM (-DFL- \[)) (S (NP-SBJ (PRP we)) (EDITED (RM (-DFL- \[)) (VP-UNF (VBD had)) (IP (-DFL- \+))) (PP-TMP (IN for) (NP (NP (NNS years)) (, ,) (NP (QP (RB about) (CD five)) (NNS years) (PRN (S (NP-SBJ (PRP I)) (VP (VBP guess))))))) (, ,) (VP (VBD had) (NP-UNF (DT a)))) (, ,) (RS (-DFL- \])) (IP (-DFL- \+))) (NP-SBJ (PRP$ my) (NN son)) (VP (VBD had) (NP (DT a) (RS (-DFL- \])) (JJ Burmese) (NN boa) (NN constrictor))) (, ,) (-DFL- E_S))",82
sw05utt/sw_0570_3691.utt,3/sw3691,3691,57,sd,A,33,4,{C and } --,and/CC --/:,"(S (CC and) (NP-SBJ (PRP I)) (VP (VBP apologize) (SBAR-ADV (IN if) (S (NP-SBJ (PRP you)) (VP (VBP 're) (NP-PRD (DT a) (NN bird) (NN lover)))))) (, ,) (-DFL- E_S))",47
sw05utt/sw_0570_3691.utt,3/sw3691,3691,58,ba@,B,34,1,"{F Oh, } gosh.  *[[slash error]]","Oh/UH ,/, gosh/UH ./.","(INTJ (INTJ (UH Oh)) (, ,) (INTJ (UH gosh)) (. .))",85
sw05utt/sw_0570_3691.utt,3/sw3691,3691,59,+,A,35,1,"-- that thing grew to be seven and a half feet [ in, +  in ] length,  /","--/: that/DT  [ thing/NN ] grew/VBD to/TO be/VB  [ seven/CD ] and/CC  [ a/DT half/DT feet/NNS ] in/IN ,/, in/IN  [ length/NN ] ,/,","(S (CC and) (NP-SBJ-1 (DT that) (NN thing)) (VP (VBD grew) (S (NP-SBJ (-NONE- *-1)) (VP (TO to) (VP (VB be) (NP-PRD (NP (QP (CD seven) (CC and) (DT a) (DT half)) (NNS feet)) (EDITED (RM (-DFL- \[)) (PP-UNF (IN in)) (, ,) (IP (-DFL- \+))) (PP (IN in) (RS (-DFL- \])) (NP (NN length)))))))) (, ,) (-DFL- E_S))",83
sw05utt/sw_0570_3691.utt,3/sw3691,3691,60,sd,A,35,2,"{C and } finally my [ wife, + wife, ] bless her heart, got rid of it,  because I didn't really like  it. /","and/CC finally/RB  [ my/PRP$ wife/NN ] ,/,  [ wife/NN ] ,/, bless/VB  [ her/PRP ] [ heart/NN ] ,/, got/VBD  [ rid/VBN ] of/IN  [ it/PRP ] ,/, because/IN  [ I/PRP ] did/VBD n't/RB really/RB like/IN  [ it/PRP ] ./.","(S (CC and) (ADVP-TMP (RB finally)) (NP-SBJ-1 (PRP$ my) (EDITED (RM (-DFL- \[)) (NN wife) (, ,) (IP (-DFL- \+))) (NN wife)) (, ,) (RS (-DFL- \])) (PRN (S (NP-SBJ (-NONE- *)) (VP (VB bless) (NP (PRP her) (NN heart)))) (, ,)) (VP (VBD got) (VP (VBN rid) (NP (-NONE- *-1)) (PP (IN of) (NP (PRP it))) (, ,) (SBAR-PRP (IN because) (S (NP-SBJ (PRP I)) (VP (VBD did) (RB n't) (ADVP (RB really)) (VP (IN like) (NP (PRP it)))))))) (. .) (-DFL- E_S))",88
sw05utt/sw_0570_3691.utt,3/sw3691,3691,61,+,B,36,1,"{F Oh, } I hate them. /  *[[sd]]","Oh/UH ,/,  [ I/PRP ] hate/VBP  [ them/PRP ] ./.","(S (INTJ (UH Oh)) (, ,) (NP-SBJ (PRP I)) (VP (VBP hate) (NP (PRP them))) (. .) (-DFL- E_S))",86
sw05utt/sw_0570_3691.utt,3/sw3691,3691,62,%,A,37,1,"We also had  a, <laughter> - /","[ We/PRP ] also/RB had/VBD  [ a/DT ] ,/,","(S (NP-SBJ (PRP We)) (ADVP (RB also)) (VP (VBD had) (NP-UNF (DT a))) (, ,) (-DFL- N_S))",91
sw05utt/sw_0570_3691.utt,3/sw3691,3691,63,sd,A,37,2,"one   year down in Florida on a vacation, for Father's Day, my kids, years ago, maybe, {F uh, } ten years ago, [ go, + bought  ] me a skunk from a exotic pet shop.  /","[ one/CD year/NN ] down/IN in/IN  [ Florida/NNP ] on/IN  [ a/DT vacation/NN ] ,/, for/IN  [ Father/NNP 's/POS Day/NNP ] ,/,  [ my/PRP$ kids/NNS ] ,/,  [ years/NNS ] ago/RB ,/, maybe/RB ,/,  [ uh/UH ] ,/,  [ ten/CD years/NNS ] ago/RB ,/, go/VBP ,/, bought/VBD  [ me/PRP ] [ a/DT skunk/NN ] from/IN  [ a/DT exotic/JJ pet/NN shop/NN ] ./.","(S (NP-TMP (CD one) (NN year)) (PP-LOC (IN down) (PP (IN in) (NP (NNP Florida)))) (PP (IN on) (NP (DT a) (NN vacation))) (, ,) (PP (IN for) (NP (NP (NNP Father) (POS 's)) (NNP Day))) (, ,) (NP-SBJ (PRP$ my) (NNS kids)) (, ,) (ADVP-TMP (ADVP (NP (NNS years)) (RB ago)) (, ,) (ADVP (NP (QP (RB maybe) (, ,) (INTJ (UH uh)) (, ,) (CD ten)) (NNS years)) (RB ago))) (, ,) (EDITED (RM (-DFL- \[)) (VP-UNF (VBP go)) (, ,) (IP (-DFL- \+))) (VP (VBD bought) (RS (-DFL- \])) (NP (PRP me)) (NP (NP (DT a) (NN skunk)) (PP (IN from) (NP (DT a) (JJ exotic) (NN pet) (NN shop))))) (. .) (-DFL- E_S))",92
sw05utt/sw_0570_3691.utt,3/sw3691,3691,64,sd,A,37,3,"[ It'd be + {D like, } it'd been  ] {D like } deactivated as far as --","[ It/PRP ] 'd/MD be/VB like/UH ,/,  [ it/PRP ] 'd/MD been/VBN like/UH deactivated/VBN as/RB far/RB as/IN --/:","(S (EDITED (RM (-DFL- \[)) (S (NP-SBJ (PRP It)) (VP (MD 'd) (VP-UNF (VB be)))) (IP (-DFL- \+))) (INTJ (UH like)) (, ,) (NP-SBJ-1 (PRP it)) (VP (MD 'd) (VP (VBN been) (RS (-DFL- \])) (INTJ (UH like)) (VP (VBN deactivated) (NP (-NONE- *-1)) (ADVP (ADVP (RB as) (RB far)) (PP (IN as) (EDITED (RM (-DFL- \[)) (EDITED (RM (-DFL- \[)) (NP-UNF (NN s-)) (, ,) (IP (-DFL- \+))) (NP-UNF (NN s-)) (, ,) (RS (-DFL- \])) (IP (-DFL- \+))) (NP (NN smell) (RS (-DFL- \])) (CC and) (NN everything))))))) (, ,) (-DFL- E_S))",93
sw05utt/sw_0570_3691.utt,3/sw3691,3691,65,ba,B,38,1,"{F Oh, } my goodness. /","Oh/UH ,/,  [ my/PRP$ goodness/NN ] ./.","(INTJ (INTJ (UH Oh)) (, ,) (INTJ (PRP$ my) (NN goodness)) (. .) (-DFL- E_S))",95
sw05utt/sw_0570_3691.utt,3/sw3691,3691,66,+,A,39,1,"[ -- [ s-, + s-, ] + smell ] and everything,  /","--/:  [ s-/NN ] ,/,  [ s-/NN ] ,/,  [ smell/NN ] and/CC  [ everything/NN ] ,/,","(S (EDITED (RM (-DFL- \[)) (S (NP-SBJ (PRP It)) (VP (MD 'd) (VP-UNF (VB be)))) (IP (-DFL- \+))) (INTJ (UH like)) (, ,) (NP-SBJ-1 (PRP it)) (VP (MD 'd) (VP (VBN been) (RS (-DFL- \])) (INTJ (UH like)) (VP (VBN deactivated) (NP (-NONE- *-1)) (ADVP (ADVP (RB as) (RB far)) (PP (IN as) (EDITED (RM (-DFL- \[)) (EDITED (RM (-DFL- \[)) (NP-UNF (NN s-)) (, ,) (IP (-DFL- \+))) (NP-UNF (NN s-)) (, ,) (RS (-DFL- \])) (IP (-DFL- \+))) (NP (NN smell) (RS (-DFL- \])) (CC and) (NN everything))))))) (, ,) (-DFL- E_S))",93
sw05utt/sw_0570_3691.utt,3/sw3691,3691,67,sd,A,39,2,"{C and } we had that darn pet skunk for about five years,  /","and/CC  [ we/PRP ] had/VBD  [ that/DT darn/VBN pet/NN skunk/NN ] for/IN about/IN  [ five/CD years/NNS ] ,/,","(S (CC and) (NP-SBJ (PRP we)) (VP (VBD had) (NP (DT that) (VBN darn) (NN pet) (NN skunk)) (PP-TMP (IN for) (NP (QP (IN about) (CD five)) (NNS years)))) (, ,) (-DFL- E_S))",97
sw05utt/sw_0570_3691.utt,3/sw3691,3691,68,sd,A,39,3,"[ {C and, } + {C and }  ] my son left, went to school,  /","and/CC ,/, and/CC  [ my/PRP$ son/NN ] left/VBD ,/, went/VBD to/IN  [ school/NN ] ,/,","(S (EDITED (RM (-DFL- \[)) (CC and) (, ,) (IP (-DFL- \+))) (CC and) (RS (-DFL- \])) (NP-SBJ (PRP$ my) (NN son)) (VP (VP (VBD left)) (, ,) (VP (VBD went) (PP (IN to) (NP (NN school))))) (, ,) (-DFL- E_S))",98
sw05utt/sw_0570_3691.utt,3/sw3691,3691,69,sd,A,39,4,"we finally sold his boa constrictor,  /","[ we/PRP ] finally/RB sold/VBD  [ his/PRP$ boa/NN constrictor/NN ] ,/,","(S (NP-SBJ (PRP we)) (ADVP-TMP (RB finally)) (VP (VBD sold) (NP (PRP$ his) (NN boa) (NN constrictor))) (, ,) (-DFL- E_S))",99
sw05utt/sw_0570_3691.utt,3/sw3691,3691,70,sd,A,39,5,"{C but } my son needed some money,  /","but/CC  [ my/PRP$ son/NN ] needed/VBD  [ some/DT money/NN ] ,/,","(S (CC but) (NP-SBJ (PRP$ my) (NN son)) (VP (VBD needed) (NP (DT some) (NN money))) (, ,) (-DFL- E_S))",100
sw05utt/sw_0570_3691.utt,3/sw3691,3691,71,sd,A,39,6,"{C and } [ we, + we  ] sold it for about two hundred and fifty dollars. /","and/CC  [ we/PRP ] ,/,  [ we/PRP ] sold/VBD  [ it/PRP ] for/IN about/IN  [ two/CD hundred/CD ] and/CC  [ fifty/CD dollars/NNS ] ./.","(S (CC and) (EDITED (RM (-DFL- \[)) (NP-SBJ (PRP we)) (, ,) (IP (-DFL- \+))) (NP-SBJ (PRP we)) (RS (-DFL- \])) (VP (VBD sold) (NP (PRP it)) (PP (IN for) (NP (QP (IN about) (CD two) (CD hundred) (CC and) (CD fifty)) (NNS dollars)))) (. .) (-DFL- E_S))",101
sw05utt/sw_0570_3691.utt,3/sw3691,3691,72,ba,B,40,1,You're kidding. /,[ You/PRP ] 're/VBP kidding/VBG ./.,(S (NP-SBJ (PRP You)) (VP (VBP 're) (VP (VBG kidding))) (. .) (-DFL- E_S)),103
sw05utt/sw_0570_3691.utt,3/sw3691,3691,73,sd,A,41,1,"{C So, } when the guy came over, he was infatuated by that skunk,  /","So/UH ,/, when/WRB  [ the/DT guy/NN ] came/VBD over/RB ,/,  [ he/PRP ] was/VBD infatuated/VBN by/IN  [ that/DT skunk/NN ] ,/,","(S (RB So) (, ,) (SBAR-TMP (WHADVP-1 (WRB when)) (S (NP-SBJ (DT the) (NN guy)) (VP (VBD came) (ADVP-DIR (RB over)) (ADVP-TMP (-NONE- *T*-1))))) (, ,) (NP-SBJ-2 (PRP he)) (VP (VBD was) (VP (VBN infatuated) (NP (-NONE- *-2)) (PP (IN by) (NP-LGS (DT that) (NN skunk))))) (, ,) (-DFL- E_S))",105
sw05utt/sw_0570_3691.utt,3/sw3691,3691,74,sd,A,41,2,"{C so } I made him a deal,  /","so/RB  [ I/PRP ] made/VBD  [ him/PRP ] [ a/DT deal/NN ] ,/,","(S (RB so) (NP-SBJ (PRP I)) (VP (VBD made) (NP (PRP him)) (NP (DT a) (NN deal))) (, ,) (-DFL- E_S))",106
sw05utt/sw_0570_3691.utt,3/sw3691,3691,75,sd(^q),A,41,3,"I said, You take that skunk,  /","[ I/PRP ] said/VBD ,/,  [ You/PRP ] take/VBP  [ that/DT skunk/NN ] ,/,","(S (NP-SBJ (PRP I)) (VP (VBD said) (, ,) (S-SEZ (NP-SBJ (PRP You)) (VP (VBP take) (NP (DT that) (NN skunk))))) (, ,) (-DFL- E_S))",107
sw05utt/sw_0570_3691.utt,3/sw3691,3691,76,sd(^q),A,41,4,"{C and, } he said, I'll sell that snake to you for two fifty.  /","and/CC ,/,  [ he/PRP ] said/VBD ,/,  [ I/PRP ] 'll/MD sell/VB  [ that/DT snake/NN ] to/IN  [ you/PRP ] for/IN  [ two/CD fifty/CD ] ./.","(S (CC and) (, ,) (NP-SBJ (PRP he)) (VP (VBD said) (, ,) (S-SEZ (NP-SBJ (PRP I)) (VP (MD 'll) (VP (VB sell) (NP (DT that) (NN snake)) (PP-DTV (IN to) (NP (PRP you))) (PP (IN for) (NP (QP (CD two) (CD fifty)))))))) (. .) (-DFL- E_S))",108
sw05utt/sw_0570_3691.utt,3/sw3691,3691,77,sd(^q),A,41,5,"I said, otherwise I'm going to give it to this other man. /","[ I/PRP ] said/VBD ,/, otherwise/RB  [ I/PRP ] 'm/VBP going/VBG to/TO give/VB  [ it/PRP ] to/IN  [ this/DT other/JJ man/NN ] ./.","(S (NP-SBJ (PRP I)) (VP (VBD said) (, ,) (S-SEZ (ADVP (RB otherwise)) (NP-SBJ-1 (PRP I)) (VP (VBP 'm) (VP (VBG going) (S (NP-SBJ (-NONE- *-1)) (VP (TO to) (VP (VB give) (NP (PRP it)) (PP-DTV (IN to) (NP (DT this) (JJ other) (NN man)))))))))) (. .) (-DFL- E_S))",109
sw05utt/sw_0570_3691.utt,3/sw3691.pos,3691,78,x,B,42,1,<Laughter>.,./.
sw05utt/sw_0570_3691.utt,3/sw3691,3691,79,sd,A,43,1,"{C So } he took the skunk, too.  /","So/IN  [ he/PRP ] took/VBD  [ the/DT skunk/NN ] ,/, too/RB ./.","(S (RB So) (NP-SBJ (PRP he)) (VP (VBD took) (NP (DT the) (NN skunk)) (, ,) (ADVP (RB too))) (. .) (-DFL- E_S))",112
sw05utt/sw_0570_3691.utt,3/sw3691,3691,80,sd,A,43,2,"{C And } the skunk was [ a good, + a decent  ] pet,  /","And/CC  [ the/DT skunk/NN ] was/VBD  [ a/DT good/JJ ] ,/,  [ a/DT decent/JJ pet/NN ] ,/,","(S (CC And) (NP-SBJ (DT the) (NN skunk)) (VP (VP (VBD was) (EDITED (RM (-DFL- \[)) (NP-UNF (DT a) (JJ good)) (, ,) (IP (-DFL- \+))) (NP-PRD (DT a) (JJ decent) (RS (-DFL- \])) (NN pet))) (, ,) (-DFL- E_S) (CC but) (PRN (, ,) (S (NP-SBJ (PRP you)) (VP (VBP know))) (, ,)) (VP (VBZ does) (NP (PRP$ his) (JJ little) (NNS jobbies)) (PP-LOC (IN in) (NP (DT the) (NN litter) (NN box)))) (, ,) (-DFL- E_S) (CC and) (EDITED (RM (-DFL- \[)) (VP-UNF (VBZ is)) (, ,) (IP (-DFL- \+))) (VP-UNF (VBZ is) (. .) (RS (-DFL- \])))) (-DFL- N_S))",113
sw05utt/sw_0570_3691.utt,3/sw3691,3691,81,sd,A,43,3,"{C but, } {D you know, } does his little jobbies in the litter box,  /","but/CC ,/,  [ you/PRP ] know/VBP ,/, does/VBZ  [ his/PRP$ little/JJ jobbies/NNS ] in/IN  [ the/DT litter/NN box/NN ] ,/,","(S (CC And) (NP-SBJ (DT the) (NN skunk)) (VP (VP (VBD was) (EDITED (RM (-DFL- \[)) (NP-UNF (DT a) (JJ good)) (, ,) (IP (-DFL- \+))) (NP-PRD (DT a) (JJ decent) (RS (-DFL- \])) (NN pet))) (, ,) (-DFL- E_S) (CC but) (PRN (, ,) (S (NP-SBJ (PRP you)) (VP (VBP know))) (, ,)) (VP (VBZ does) (NP (PRP$ his) (JJ little) (NNS jobbies)) (PP-LOC (IN in) (NP (DT the) (NN litter) (NN box)))) (, ,) (-DFL- E_S) (CC and) (EDITED (RM (-DFL- \[)) (VP-UNF (VBZ is)) (, ,) (IP (-DFL- \+))) (VP-UNF (VBZ is) (. .) (RS (-DFL- \])))) (-DFL- N_S))",113
sw05utt/sw_0570_3691.utt,3/sw3691,3691,82,%,A,43,4,"{C and } [ is, + is. ] -/","and/CC is/VBZ ,/, is/VBZ ./.","(S (CC And) (NP-SBJ (DT the) (NN skunk)) (VP (VP (VBD was) (EDITED (RM (-DFL- \[)) (NP-UNF (DT a) (JJ good)) (, ,) (IP (-DFL- \+))) (NP-PRD (DT a) (JJ decent) (RS (-DFL- \])) (NN pet))) (, ,) (-DFL- E_S) (CC but) (PRN (, ,) (S (NP-SBJ (PRP you)) (VP (VBP know))) (, ,)) (VP (VBZ does) (NP (PRP$ his) (JJ little) (NNS jobbies)) (PP-LOC (IN in) (NP (DT the) (NN litter) (NN box)))) (, ,) (-DFL- E_S) (CC and) (EDITED (RM (-DFL- \[)) (VP-UNF (VBZ is)) (, ,) (IP (-DFL- \+))) (VP-UNF (VBZ is) (. .) (RS (-DFL- \])))) (-DFL- N_S))",113
sw05utt/sw_0570_3691.utt,3/sw3691,3691,83,ba,B,44,1,"{F Oh } {D well, } that's pretty good. /","Oh/UH well/UH ,/,  [ that/DT ] 's/BES pretty/RB good/JJ ./.","(S (INTJ (UH Oh)) (INTJ (UH well)) (, ,) (NP-SBJ (DT that)) (VP (BES 's) (ADJP-PRD (RB pretty) (JJ good))) (. .) (-DFL- E_S))",115
sw05utt/sw_0570_3691.utt,3/sw3691,3691,84,aa,A,45,1,"{C And } it was sort of a neat,  /","And/CC  [ it/PRP ] was/VBD  [ sort/RB ] of/RB  [ a/DT neat/JJ ] ,/,","(S (CC And) (NP-SBJ (PRP it)) (VP (VBD was) (ADVP (RB sort) (RB of)) (NP-PRD-UNF (DT a) (JJ neat))) (, ,) (-DFL- E_S))",117
sw05utt/sw_0570_3691.utt,3/sw3691,3691,85,sv,A,45,2,"{C but, } they just stink too much <laughter>. /","but/CC ,/,  [ they/PRP ] just/RB stink/VBP too/RB much/RB ./.","(S (CC but) (, ,) (NP-SBJ (PRP they)) (ADVP (RB just)) (VP (VBP stink) (ADVP-MNR (RB too) (RB much))) (. .) (-DFL- E_S))",118
sw05utt/sw_0570_3691.utt,3/sw3691,3691,86,aa,B,46,1,"{F Oh, } yeah,  /","Oh/UH ,/, yeah/UH ,/,","(INTJ (INTJ (UH Oh)) (, ,) (INTJ (UH yeah)) (, ,) (-DFL- E_S))",120
sw05utt/sw_0570_3691.utt,3/sw3691,3691,87,aa^r,B,46,2,"{F oh, } yeah. /","oh/UH ,/, yeah/UH ./.","(INTJ (INTJ (UH oh)) (, ,) (INTJ (UH yeah)) (. .) (-DFL- E_S))",121
sw05utt/sw_0570_3691.utt,3/sw3691,3691,88,sd,A,47,1,"That was sort of fun, {D you know, }  /","[ That/DT ] was/VBD  [ sort/RB ] of/RB  [ fun/JJ ] ,/,  [ you/PRP ] know/VBP ,/,","(S (NP-SBJ (DT That)) (VP (VBD was) (ADVP (RB sort) (RB of)) (ADJP-PRD (JJ fun)) (PRN (, ,) (S (NP-SBJ (PRP you)) (VP (VBP know))))) (, ,) (-DFL- E_S))",123
sw05utt/sw_0570_3691.utt,3/sw3691,3691,89,sd,A,47,2,I tell everyone this story because my wife is a real pet lover.  /,[ I/PRP ] tell/VBP  [ everyone/NN this/DT story/NN ] because/IN  [ my/PRP$ wife/NN ] is/VBZ  [ a/DT real/JJ pet/NN lover/NN ] ./.,(S (NP-SBJ (PRP I)) (VP (VBP tell) (NP (NN everyone)) (NP (DT this) (NN story)) (SBAR-PRP (IN because) (S (NP-SBJ (PRP$ my) (NN wife)) (VP (VBZ is) (NP-PRD (DT a) (JJ real) (NN pet) (NN lover)))))) (. .) (-DFL- E_S)),124
sw05utt/sw_0570_3691.utt,3/sw3691,3691,90,sd,A,47,3,"I use   to visualize my wife,  ((   )) - /","[ I/PRP ] use/^VBD to/TO visualize/VB  [ my/PRP$ wife/NN ] ,/, MUMBLEx/XX","(S (NP-SBJ-1 (PRP I)) (VP (TYPO (^VBD use)) (S (NP-SBJ (-NONE- *-1)) (VP (TO to) (VP-UNF (VB visualize) (NP (PRP$ my) (NN wife)) (, ,) (X (XX MUMBLEx)))))) (-DFL- N_S))",125
sw05utt/sw_0570_3691.utt,3/sw3691,3691,91,sd,A,47,4,"many times my wife would be lying there on the sofa,  /","[ many/JJ times/NNS my/PRP$ wife/NN ] would/MD be/VB lying/VBG there/RB on/IN  [ the/DT sofa/NN ] ,/,","(S (NP-ADV (JJ many) (NNS times)) (NP-SBJ (PRP$ my) (NN wife)) (VP (MD would) (VP (VB be) (VP (VBG lying) (ADVP-LOC (RB there)) (PP-LOC (IN on) (NP (DT the) (NN sofa)))))) (, ,) (-DFL- E_S))",126
sw05utt/sw_0570_3691.utt,3/sw3691,3691,92,sd,A,47,5,{C and } this snake honestly would be stretched across the top of her body --,and/CC  [ this/DT snake/NN ] honestly/RB would/MD be/VB stretched/VBN across/IN  [ the/DT top/NN ] of/IN  [ her/PRP$ body/NN ] --/:,"(S (CC and) (NP-SBJ-1 (DT this) (NN snake)) (ADVP (RB honestly)) (VP (MD would) (VP (VB be) (VP (VBN stretched) (NP (-NONE- *-1)) (PP-LOC (IN across) (NP (NP (DT the) (NN top)) (PP (IN of) (NP (PRP$ her) (NN body))))) (EDITED (RM (-DFL- \[)) (CC and) (IP (-DFL- \+))) (RS (-DFL- \])) (EDITED (RM (-DFL- \[)) (PP (IN with) (NP-UNF (PRP$ his))) (, ,) (IP (-DFL- \+))) (PP (IN with) (NP (NP (PRP$ his) (RS (-DFL- \])) (NN head)) (PP-LOC (ADVP (NN right)) (IN on) (NP (PRP$ her) (NN neck)))))))) (-DFL- E_S))",127
sw05utt/sw_0570_3691.utt,3/sw3691,3691,93,ba,B,48,1,"# {F Oh, } you're kidding. # /","Oh/UH ,/,  [ you/PRP ] 're/VBP kidding/VBG ./.","(S (INTJ (UH Oh)) (, ,) (NP-SBJ (PRP you)) (VP (VBP 're) (VP (VBG kidding))) (. .) (-DFL- E_S))",129
sw05utt/sw_0570_3691.utt,3/sw3691,3691,94,+,A,49,1,"-- # [ and + ] [ with his, + with his  ] head # right on her neck -- /","--/: and/CC with/IN  [ his/PRP$ ] ,/, with/IN  [ his/PRP$ head/NN right/NN ] on/IN  [ her/PRP$ neck/NN ] --/:","(S (CC and) (NP-SBJ-1 (DT this) (NN snake)) (ADVP (RB honestly)) (VP (MD would) (VP (VB be) (VP (VBN stretched) (NP (-NONE- *-1)) (PP-LOC (IN across) (NP (NP (DT the) (NN top)) (PP (IN of) (NP (PRP$ her) (NN body))))) (EDITED (RM (-DFL- \[)) (CC and) (IP (-DFL- \+))) (RS (-DFL- \])) (EDITED (RM (-DFL- \[)) (PP (IN with) (NP-UNF (PRP$ his))) (, ,) (IP (-DFL- \+))) (PP (IN with) (NP (NP (PRP$ his) (RS (-DFL- \])) (NN head)) (PP-LOC (ADVP (NN right)) (IN on) (NP (PRP$ her) (NN neck)))))))) (-DFL- E_S))",127
sw05utt/sw_0570_3691.utt,3/sw3691,3691,95,b,B,50,1,Oh. /,Oh/UH ./.,(INTJ (UH Oh) (. .) (-DFL- E_S)),132
sw05utt/sw_0570_3691.utt,3/sw3691,3691,96,sd,A,51,1,"-- {C and } the skunk would be sitting at her feet,  /","--/: and/CC  [ the/DT skunk/NN ] would/MD be/VB sitting/VBG at/IN  [ her/PRP$ feet/NNS ] ,/,","(S (CC and) (NP-SBJ (DT the) (NN skunk)) (VP (MD would) (VP (VB be) (VP (VBG sitting) (PP-LOC (IN at) (NP (PRP$ her) (NNS feet)))))) (, ,) (-DFL- E_S))",134
sw05utt/sw_0570_3691.utt,3/sw3691,3691,97,sd,A,51,2,"{C but } the cat would be on the back of the sofa,  /","but/CC  [ the/DT cat/NN ] would/MD be/VB on/IN  [ the/DT back/NN ] of/IN  [ the/DT sofa/NN ] ,/,","(S (CC but) (NP-SBJ (DT the) (NN cat)) (VP (MD would) (VP (VB be) (PP-LOC-PRD (IN on) (NP (NP (DT the) (NN back)) (PP (IN of) (NP (DT the) (NN sofa))))))) (, ,) (-DFL- E_S))",135
sw05utt/sw_0570_3691.utt,3/sw3691,3691,98,sd,A,51,3,{C and } a dog would be running around crazy <laughter>. /,and/CC  [ a/DT dog/NN ] would/MD be/VB running/VBG around/RB  [ crazy/RB ] ./.,(S (CC and) (NP-SBJ-1 (DT a) (NN dog)) (VP (MD would) (VP (VB be) (VP (VBG running) (ADVP-DIR (RB around)) (S-MNR (NP-SBJ (-NONE- *-1)) (ADJP-PRD (RB crazy)))))) (. .) (-DFL- E_S)),136
sw05utt/sw_0570_3691.utt,3/sw3691,3691,99,ba,B,52,1,"{F Oh, } my gosh.  /","Oh/UH ,/,  [ my/PRP$ ] gosh/UH ./.","(INTJ (INTJ (UH Oh)) (, ,) (INTJ (PRP$ my) (UH gosh)) (. .) (-DFL- E_S))",138
sw05utt/sw_0570_3691.utt,3/sw3691,3691,100,%,B,52,2,"I can not   ima-, - /","[ I/PRP ] can/MD not/RB  [ ima/VB ] ,/,","(S (NP-SBJ (PRP I)) (VP (MD can) (RB not) (VP-UNF (VB ima-))) (, ,) (-DFL- N_S))",139
sw05utt/sw_0570_3691.utt,3/sw3691,3691,101,%,B,52,3,"[ I just, +  I ] don't, - /","[ I/PRP ] just/RB ,/,  [ I/PRP ] do/VBP n't/RB ,/,","(S (EDITED (RM (-DFL- \[)) (S-UNF (NP-SBJ (PRP I)) (ADVP (RB just))) (, ,) (IP (-DFL- \+))) (NP-SBJ (PRP I)) (RS (-DFL- \])) (VP-UNF (VBP do) (RB n't)) (, ,) (-DFL- N_S))",140
sw05utt/sw_0570_3691.utt,3/sw3691,3691,102,sd,B,52,4,"in fact my brother has  [ a, + {F uh, } a ] exotic pet shop out in California,  /","in/IN  [ fact/NN my/PRP$ brother/NN ] has/VBZ  [ a/DT ] ,/,  [ uh/UH ] ,/,  [ a/DT exotic/JJ pet/NN shop/NN ] out/IN in/IN  [ California/NNP ] ,/,","(S (PP (IN in) (NP (NN fact))) (NP-SBJ (PRP$ my) (NN brother)) (VP (VBZ has) (EDITED (RM (-DFL- \[)) (NP-UNF (DT a)) (, ,) (IP (-DFL- \+))) (INTJ (UH uh)) (, ,) (NP (DT a) (RS (-DFL- \])) (JJ exotic) (NN pet) (NN shop)) (PP-LOC (IN out) (PP (IN in) (NP (NNP California))))) (, ,) (-DFL- E_S))",141
sw05utt/sw_0570_3691.utt,3/sw3691,3691,103,sd,B,52,5,"{C and } he keeps threatening to send a snake through the mail, {D you know, }  /","and/CC  [ he/PRP ] keeps/VBZ threatening/VBG to/TO send/VB  [ a/DT snake/NN ] through/IN  [ the/DT mail/NN ] ,/,  [ you/PRP ] know/VBP ,/,","(S (CC and) (NP-SBJ-1 (PRP he)) (VP (VBZ keeps) (S (NP-SBJ-2 (-NONE- *-1)) (VP (VBG threatening) (S (NP-SBJ (-NONE- *-2)) (VP (TO to) (VP (VB send) (NP (DT a) (NN snake)) (PP (IN through) (NP (DT the) (NN mail)))))) (PRN (, ,) (S (NP-SBJ (PRP you)) (VP (VBP know))))))) (, ,) (-DFL- E_S))",142
sw05utt/sw_0570_3691.utt,3/sw3691,3691,104,sd(^q),B,52,6,I'm going --,[ I/PRP ] 'm/VBP going/VBG --/:,"(S (NP-SBJ (PRP I)) (VP (VBD said) (, ,) (S-SEZ (ADVP (RB otherwise)) (NP-SBJ-1 (PRP I)) (VP (VBP 'm) (VP (VBG going) (S (NP-SBJ (-NONE- *-1)) (VP (TO to) (VP (VB give) (NP (PRP it)) (PP-DTV (IN to) (NP (DT this) (JJ other) (NN man)))))))))) (. .) (-DFL- E_S))",109
sw05utt/sw_0570_3691.utt,3/sw3691,3691,105,ba,A,53,1,"# {F Oh, } gosh. # /","Oh/UH ,/, gosh/UH ./.","(INTJ (INTJ (UH Oh)) (, ,) (INTJ (UH gosh)) (. .) (-DFL- E_S))",145
sw05utt/sw_0570_3691.utt,3/sw3691,3691,106,+,B,54,1,"-- # don't do that, # because they won't come in my house. /","--/: do/VBP n't/RB do/VB  [ that/DT ] ,/, because/IN  [ they/PRP ] wo/MD n't/RB come/VB in/IN  [ my/PRP$ house/NN ] ./.","(S (NP-SBJ (PRP I)) (VP (VBP 'm) (VP (VBG going) (S-IMP-SEZ (NP-SBJ (-NONE- *)) (VP (VBP do) (RB n't) (VP (VB do) (NP (DT that))))) (, ,) (SBAR-PRP (IN because) (S (NP-SBJ (PRP they)) (VP (MD wo) (RB n't) (VP (VB come) (PP-DIR (IN in) (NP (PRP$ my) (NN house))))))))) (. .) (-DFL- E_S))",143
sw05utt/sw_0570_3691.utt,3/sw3691,3691,107,sd,A,55,1,"{F Oh, } my son bought this snake, {F uh, }  ((   ))  /","Oh/UH ,/,  [ my/PRP$ son/NN ] bought/VBD  [ this/DT snake/NN ] ,/,  [ uh/UH ] ,/,  [ MUMBLEx/XX ]","(S (INTJ (UH Oh)) (, ,) (NP-SBJ (PRP$ my) (NN son)) (VP (VBD bought) (NP (DT this) (NN snake)) (, ,) (INTJ (UH uh)) (, ,) (NP (XX MUMBLEx))) (-DFL- E_S))",148
sw05utt/sw_0570_3691.utt,3/sw3691,3691,108,sd,A,55,2,"someone gave it to him when he was in junior high school,  /","[ someone/NN ] gave/VBD  [ it/PRP ] to/IN  [ him/PRP ] when/WRB  [ he/PRP ] was/VBD in/IN  [ junior/JJ high/JJ school/NN ] ,/,","(S (NP-SBJ (NN someone)) (VP (VBD gave) (NP (PRP it)) (PP-DTV (IN to) (NP (PRP him))) (SBAR-TMP (WHADVP-1 (WRB when)) (S (NP-SBJ (PRP he)) (VP (VBD was) (PP-PRD (IN in) (NP (JJ junior) (JJ high) (NN school))) (ADVP-TMP (-NONE- *T*-1)))))) (, ,) (-DFL- E_S))",149
sw05utt/sw_0570_3691.utt,3/sw3691,3691,109,sd,A,55,3,"{C and } it was just a small thing then,  /","and/CC  [ it/PRP ] was/VBD just/RB  [ a/DT small/JJ thing/NN ] then/RB ,/,","(S (CC and) (NP-SBJ (PRP it)) (VP (VBD was) (ADVP (RB just)) (NP-PRD (DT a) (JJ small) (NN thing)) (ADVP-TMP (RB then))) (, ,) (-DFL- E_S))",150
sw05utt/sw_0570_3691.utt,3/sw3691,3691,110,sd,A,55,4,"{C but } it got to be pretty big,  /","but/CC  [ it/PRP ] got/VBD to/TO be/VB pretty/RB big/JJ ,/,","(S (CC but) (NP-SBJ-1 (PRP it)) (VP (VBD got) (S (NP-SBJ (-NONE- *-1)) (VP (TO to) (VP (VB be) (ADJP-PRD (RB pretty) (JJ big)))))) (, ,) (-DFL- E_S))",151
sw05utt/sw_0570_3691.utt,3/sw3691,3691,111,sd,A,55,5,"{C and, } {D you know, } [ [ you'd feed it, + you'd feed it, ] +  you [ put, + feed ] him ] small mice to big rats and things like that -- /","and/CC ,/,  [ you/PRP ] know/VBP ,/,  [ you/PRP ] 'd/MD feed/VB  [ it/PRP ] ,/,  [ you/PRP ] 'd/MD feed/VB  [ it/PRP ] ,/,  [ you/PRP ] put/VBP ,/, feed/VBP  [ him/PRP small/JJ mice/NNS ] to/IN  [ big/JJ rats/NNS ] and/CC  [ things/NNS ] like/IN  [ that/DT ] --/:","(S (CC and) (PRN (, ,) (S (NP-SBJ (PRP you)) (VP (VBP know))) (, ,)) (EDITED (RM (-DFL- \[)) (EDITED (RM (-DFL- \[)) (S (NP-SBJ (PRP you)) (VP (MD 'd) (VP-UNF (VB feed) (NP (PRP it))))) (, ,) (IP (-DFL- \+))) (S (NP-SBJ (PRP you)) (VP (MD 'd) (VP-UNF (VB feed) (NP (PRP it))))) (, ,) (RS (-DFL- \])) (IP (-DFL- \+))) (NP-SBJ (PRP you)) (EDITED (RM (-DFL- \[)) (VP-UNF (VBP put)) (, ,) (IP (-DFL- \+))) (VP (VBP feed) (RS (-DFL- \])) (NP (PRP him)) (RS (-DFL- \])) (NP (NP (NP (JJ small) (NNS mice)) (PP (IN to) (NP (JJ big) (NNS rats)))) (CC and) (NP (NP (NNS things)) (PP (IN like) (NP (DT that)))))) (-DFL- E_S))",152
sw05utt/sw_0570_3691.utt,3/sw3691,3691,112,b,B,56,1,Uh-huh. /,[ Uh-huh/UH ] ./.,(INTJ (UH Uh-huh) (. .) (-DFL- E_S)),154
sw05utt/sw_0570_3691.utt,3/sw3691,3691,113,sd,A,57,1,"-- it's just, {F uh, } too much.  /","--/:  [ it/PRP ] 's/BES just/RB ,/,  [ uh/UH ] ,/, too/RB much/RB ./.","(S (NP-SBJ (PRP it)) (VP (BES 's) (ADVP (RB just)) (, ,) (INTJ (UH uh)) (, ,) (ADJP-PRD (RB too) (RB much))) (. .) (-DFL- E_S))",156
sw05utt/sw_0570_3691.utt,3/sw3691,3691,114,sd,A,57,2,That snake used to watch our cat walk around.  /,[ That/DT snake/NN ] used/VBD to/TO watch/VB  [ our/PRP$ cat/NN ] walk/VB around/RB ./.,(S (NP-SBJ-1 (DT That) (NN snake)) (VP (VBD used) (S (NP-SBJ (-NONE- *-1)) (VP (TO to) (VP (VB watch) (S (NP-SBJ (PRP$ our) (NN cat)) (VP (VB walk) (ADVP-DIR (RB around)))))))) (. .) (-DFL- E_S)),157
sw05utt/sw_0570_3691.utt,3/sw3691,3691,115,sd,A,57,3,"I always told my wife,  /","[ I/PRP ] always/RB told/VBD  [ my/PRP$ wife/NN ] ,/,","(S (NP-SBJ (PRP I)) (ADVP-TMP (RB always)) (VP (VBD told) (NP (PRP$ my) (NN wife)) (PRN (, ,) (-DFL- E_S) (S (NP-SBJ (PRP I)) (VP (VBP says)))) (S-SEZ (PRN (S (NP-SBJ (PRP you)) (VP (VBP know))) (, ,)) (NP-SBJ-1 (PRP$ your) (NN friend)) (VP (BES 's) (VP (VBG going) (S (NP-SBJ (-NONE- *-1)) (VP (TO to) (VP (VB get) (NP (PRP$ our) (NN cat)) (NP-TMP (NP (CD one)) (PP (IN of) (NP (DT these) (NNS days))))))))))) (. .) (-DFL- E_S))",158
sw05utt/sw_0570_3691.utt,3/sw3691,3691,116,sd(^q),A,57,4,I says --,[ I/PRP ] says/VBP --/:,"(S (NP-SBJ (PRP I)) (ADVP-TMP (RB always)) (VP (VBD told) (NP (PRP$ my) (NN wife)) (PRN (, ,) (-DFL- E_S) (S (NP-SBJ (PRP I)) (VP (VBP says)))) (S-SEZ (PRN (S (NP-SBJ (PRP you)) (VP (VBP know))) (, ,)) (NP-SBJ-1 (PRP$ your) (NN friend)) (VP (BES 's) (VP (VBG going) (S (NP-SBJ (-NONE- *-1)) (VP (TO to) (VP (VB get) (NP (PRP$ our) (NN cat)) (NP-TMP (NP (CD one)) (PP (IN of) (NP (DT these) (NNS days))))))))))) (. .) (-DFL- E_S))",158
sw05utt/sw_0570_3691.utt,3/sw3691,3691,117,ba,B,58,1,"# {F Oh, } my gosh. # /","Oh/UH ,/,  [ my/PRP$ ] gosh/UH ./.","(INTJ (INTJ (UH Oh)) (, ,) (INTJ (PRP$ my) (UH gosh)) (. .) (-DFL- E_S))",138
sw05utt/sw_0570_3691.utt,3/sw3691,3691,118,+,A,59,1,"-- # {D you know, } # your friend's going to get our cat one of these days  <laughter>. /","--/:  [ you/PRP ] know/VBP ,/,  [ your/PRP$ friend/NN ] 's/BES going/VBG to/TO get/VB  [ our/PRP$ cat/NN one/CD ] of/IN  [ these/DT days/NNS ] ./.","(S (NP-SBJ (PRP I)) (ADVP-TMP (RB always)) (VP (VBD told) (NP (PRP$ my) (NN wife)) (PRN (, ,) (-DFL- E_S) (S (NP-SBJ (PRP I)) (VP (VBP says)))) (S-SEZ (PRN (S (NP-SBJ (PRP you)) (VP (VBP know))) (, ,)) (NP-SBJ-1 (PRP$ your) (NN friend)) (VP (BES 's) (VP (VBG going) (S (NP-SBJ (-NONE- *-1)) (VP (TO to) (VP (VB get) (NP (PRP$ our) (NN cat)) (NP-TMP (NP (CD one)) (PP (IN of) (NP (DT these) (NNS days))))))))))) (. .) (-DFL- E_S))",158
sw05utt/sw_0570_3691.utt,3/sw3691,3691,119,ba,B,60,1,"<Laughter> {F Oh, } my gosh.  /","Oh/UH ,/,  [ my/PRP$ ] gosh/UH ./.","(INTJ (INTJ (UH Oh)) (, ,) (INTJ (PRP$ my) (UH gosh)) (. .) (-DFL- E_S))",138
sw05utt/sw_0570_3691.utt,3/sw3691,3691,120,ba,B,60,2,That is wild.  /,[ That/DT ] is/VBZ wild/JJ ./.,(S (NP-SBJ (DT That)) (VP (VBZ is) (ADJP-PRD (JJ wild))) (. .) (-DFL- E_S)),164
sw05utt/sw_0570_3691.utt,3/sw3691,3691,121,sd,B,60,3,"{F Oh, } I just can't do those, and the lizards and [ the + ] --","Oh/UH ,/,  [ I/PRP ] just/RB ca/MD n't/RB do/VB  [ those/DT ] ,/, and/CC  [ the/DT lizards/NNS ] and/CC  [ the/DT ] --/:","(S (INTJ (UH Oh)) (, ,) (NP-SBJ (PRP I)) (ADVP (RB just)) (VP (MD ca) (RB n't) (VP (VB do) (NP (NP (DT those)) (, ,) (CC and) (NP (DT the) (NNS lizards)) (CC and) (EDITED (RM (-DFL- \[)) (NP-UNF (DT the)) (IP (-DFL- \+))) (RS (-DFL- \])) (NP (PDT all) (EDITED (RM (-DFL- \[)) (DT those) (IP (-DFL- \+))) (DT those) (RS (-DFL- \])) (NNS things))))) (, ,) (-DFL- E_S))",165
sw05utt/sw_0570_3691.utt,3/sw3691,3691,122,aa,A,61,1,"{F Oh, } me neither. /","Oh/UH ,/,  [ me/PRP ] neither/RB ./.","(FRAG (INTJ (UH Oh)) (, ,) (NP (PRP me)) (ADVP (RB neither)) (. .) (-DFL- E_S))",167
sw05utt/sw_0570_3691.utt,3/sw3691,3691,123,+,B,62,1,"-- all [ those +  those ] things,  /","--/:  [ all/PDT those/DT ] [ those/DT things/NNS ] ,/,","(S (INTJ (UH Oh)) (, ,) (NP-SBJ (PRP I)) (ADVP (RB just)) (VP (MD ca) (RB n't) (VP (VB do) (NP (NP (DT those)) (, ,) (CC and) (NP (DT the) (NNS lizards)) (CC and) (EDITED (RM (-DFL- \[)) (NP-UNF (DT the)) (IP (-DFL- \+))) (RS (-DFL- \])) (NP (PDT all) (EDITED (RM (-DFL- \[)) (DT those) (IP (-DFL- \+))) (DT those) (RS (-DFL- \])) (NNS things))))) (, ,) (-DFL- E_S))",165
sw05utt/sw_0570_3691.utt,3/sw3691,3691,124,sv,B,62,2,"<ugh> [ they, + they  ] need to stay outside, far away from me. /","[ they/PRP ] ,/,  [ they/PRP ] need/VBP to/TO stay/VB  [ outside/RB ] ,/, far/RB away/RB from/IN  [ me/PRP ] ./.","(S (EDITED (RM (-DFL- \[)) (NP-SBJ (PRP they)) (, ,) (IP (-DFL- \+))) (NP-SBJ-1 (PRP they)) (RS (-DFL- \])) (VP (VBP need) (S (NP-SBJ (-NONE- *-1)) (VP (TO to) (VP (VB stay) (ADVP-LOC (RB outside)) (, ,) (ADVP-LOC (RB far) (RB away) (PP (IN from) (NP (PRP me)))))))) (. .) (-DFL- E_S))",169
sw05utt/sw_0570_3691.utt,3/sw3691,3691,125,sd,A,63,1,"We're down to a simple dog and cat now,  /","[ We/PRP ] 're/VBP down/IN to/IN  [ a/DT simple/NN dog/NN ] and/CC  [ cat/NN ] now/RB ,/,","(S (NP-SBJ (PRP We)) (VP (VBP 're) (PP-PRD (IN down) (PP (IN to) (NP (DT a) (NN simple) (NN dog) (CC and) (NN cat)))) (ADVP-TMP (RB now))) (, ,) (-DFL- E_S))",171
sw05utt/sw_0570_3691.utt,3/sw3691,3691,126,sv,A,63,2,"{C and } that's the way it should be,  /","and/CC  [ that/DT ] 's/BES  [ the/DT way/NN ] [ it/PRP ] should/MD be/VB ,/,","(S (CC and) (NP-SBJ (DT that)) (VP (BES 's) (NP-PRD (NP (DT the) (NN way)) (SBAR (WHADVP-1 (-NONE- 0)) (S (NP-SBJ (PRP it)) (VP (MD should) (VP (VB be) (ADVP-MNR-PRD (-NONE- *T*-1)))))))) (, ,) (-DFL- E_S))",172
sw05utt/sw_0570_3691.utt,3/sw3691,3691,127,%,A,63,3,{C and. } -/,and/CC ./.,(S-UNF (CC and) (. .) (-DFL- N_S)),173
sw05utt/sw_0570_3691.utt,3/sw3691,3691,128,b,B,64,1,Yeah. /,Yeah/UH ./.,(INTJ (UH Yeah) (. .) (-DFL- E_S)),175
sw05utt/sw_0570_3691.utt,3/sw3691,3691,129,sd,A,65,1,"Haven't had any parakeets for quite a while,  /","Have/VBP n't/RB had/VBN  [ any/DT parakeets/NNS ] for/IN quite/RB  [ a/DT while/NN ] ,/,","(S (NP-SBJ (-NONE- *)) (VP (VBP Have) (RB n't) (VP (VBN had) (NP (DT any) (NNS parakeets)) (PP-TMP (IN for) (NP (RB quite) (DT a) (NN while))))) (, ,) (-DFL- E_S))",177
sw05utt/sw_0570_3691.utt,3/sw3691,3691,130,%,A,65,2,birds.  /,[ birds/NNS ] ./.,(NP (NNS birds) (. .) (-DFL- E_S)),178
sw05utt/sw_0570_3691.utt,3/sw3691,3691,131,sd,A,65,3,"{F Uh, } customer of mine has a parrot,  /","[ Uh/UH ] ,/,  [ customer/NN ] of/IN  [ mine/PRP ] has/VBZ  [ a/DT parrot/NN ] ,/,","(S (INTJ (UH Uh)) (, ,) (NP-SBJ (NP (NN customer)) (PP (IN of) (NP (PRP mine)))) (VP (VBZ has) (NP (DT a) (NN parrot))) (, ,) (-DFL- E_S))",179
sw05utt/sw_0570_3691.utt,3/sw3691,3691,132,sd,A,65,4,"{C and, } {F uh, } gosh, sticks in my mind he paid eighteen hundred dollars for # a parrot,  /","and/CC ,/,  [ uh/UH ] ,/, gosh/UH ,/,  [ sticks/VBZ ] in/IN  [ my/PRP$ mind/NN ] [ he/PRP ] paid/VBD  [ eighteen/CD hundred/CD dollars/NNS ] for/IN  [ a/DT parrot/NN ] ,/,","(S (CC and) (, ,) (INTJ (UH uh)) (, ,) (INTJ (UH gosh)) (, ,) (NP-SBJ (-NONE- *)) (VP (VBZ sticks) (PP (IN in) (NP (PRP$ my) (NN mind))) (SBAR (-NONE- 0) (S (NP-SBJ (PRP he)) (VP (VBD paid) (NP (QP (CD eighteen) (CD hundred)) (NNS dollars)) (PP (IN for) (NP (DT a) (NN parrot))))))) (, ,) (-DFL- E_S))",180
sw05utt/sw_0570_3691.utt,3/sw3691,3691,133,sv,A,65,5,{C and } that was just mind boggling. # /,and/CC  [ that/DT ] was/VBD just/RB  [ mind/NN ] boggling/VBG ./.,(S (CC and) (NP-SBJ (DT that)) (VP (VBD was) (ADVP (RB just)) (ADJP-PRD (NN mind) (VBG boggling))) (. .) (-DFL- E_S)),181
sw05utt/sw_0570_3691.utt,3/sw3691,3691,134,aa,B,66,1,"# {F Oh, } yeah,  /","Oh/UH ,/, yeah/UH ,/,","(INTJ (INTJ (UH Oh)) (, ,) (INTJ (UH yeah)) (, ,) (-DFL- E_S))",183
sw05utt/sw_0570_3691.utt,3/sw3691,3691,135,sd,B,66,2,they are so expensive. #  /,[ they/PRP ] are/VBP so/RB expensive/JJ ./.,(S (NP-SBJ (PRP they)) (VP (VBP are) (ADJP-PRD (RB so) (JJ expensive))) (. .) (-DFL- E_S)),184
sw05utt/sw_0570_3691.utt,3/sw3691,3691,136,sd,B,66,3,"{D Well, } my son was just dying for a bird,  /","Well/UH ,/,  [ my/PRP$ son/NN ] was/VBD just/RB dying/VBG for/IN  [ a/DT bird/NN ] ,/,","(S (INTJ (UH Well)) (, ,) (NP-SBJ (PRP$ my) (NN son)) (VP (VBD was) (ADVP (RB just)) (VP (VBG dying) (PP (IN for) (NP (DT a) (NN bird))))) (, ,) (-DFL- E_S))",185
sw05utt/sw_0570_3691.utt,3/sw3691,3691,137,sd,B,66,4,"{C and } I'm really allergic to them,  /","and/CC  [ I/PRP ] 'm/VBP really/RB allergic/JJ to/IN  [ them/PRP ] ,/,","(S (CC and) (NP-SBJ (PRP I)) (VP (VBP 'm) (ADVP (RB really)) (ADJP-PRD (JJ allergic) (PP (IN to) (NP (PRP them))))) (, ,) (-DFL- E_S))",186
sw05utt/sw_0570_3691.utt,3/sw3691,3691,138,sd,B,66,5,{C so } --,so/RB --/:,(S (NP-SBJ (PRP they)) (VP (VBP are) (ADJP-PRD (RB so) (JJ expensive))) (. .) (-DFL- E_S)),184
sw05utt/sw_0570_3691.utt,3/sw3691,3691,139,bh,A,67,1,Are you? /,[ Are/VBP you/PRP ] ?/.,(SQ (VBP Are) (NP-SBJ (PRP you)) (ADJP-PRD (-NONE- *?*)) (. ?) (-DFL- E_S)),189
sw05utt/sw_0570_3691.utt,3/sw3691,3691,140,+,B,68,1,"-- I try to stay away from them, except I've gotten real attached to this one,  /","--/:  [ I/PRP ] try/VBP to/TO stay/VB away/RB from/IN  [ them/PRP ] ,/, except/IN  [ I/PRP ] 've/VBP gotten/VBN real/RB attached/VBN to/IN  [ this/DT one/CD ] ,/,","(S (RB so) (NP-SBJ-1 (PRP I)) (VP (VBP try) (S (NP-SBJ (-NONE- *-1)) (VP (TO to) (VP (VB stay) (ADVP (RB away) (PP (IN from) (NP (PRP them))))))) (, ,) (SBAR-ADV (IN except) (S (NP-SBJ (PRP I)) (VP (VBP 've) (VP (VBN gotten) (ADJP-PRD (RB real) (VBN attached) (PP (IN to) (NP (DT this) (CD one))))))))) (, ,) (-DFL- E_S))",187
sw05utt/sw_0570_3691.utt,3/sw3691,3691,141,sd,B,68,2,"[ {C and, } + {C and, } ] {F uh, } we went down to Canton one time --","and/CC ,/, and/CC ,/,  [ uh/UH ] ,/,  [ we/PRP ] went/VBD down/IN to/IN Canton/NNP  [ one/CD time/NN ] --/:","(S (EDITED (RM (-DFL- \[)) (CC and) (, ,) (IP (-DFL- \+))) (CC and) (, ,) (RS (-DFL- \])) (INTJ (UH uh)) (, ,) (NP-SBJ (PRP we)) (VP (VBD went) (PP-DIR (IN down) (PP (IN to) (NP (NNP Canton)))) (NP-TMP (CD one) (NN time)) (INTJ (UH oh)) (, ,) (INTJ (UH gosh)) (, ,) (ADVP-TMP (NP (QP (CD two) (CC or) (CD three)) (NNS years)) (RB ago) (ADVP-TMP (RB now)))) (, ,) (-DFL- E_S))",191
sw05utt/sw_0570_3691.utt,3/sw3691,3691,142,b,A,69,1,Uh-huh. /,[ Uh-huh/UH ] ./.,(INTJ (UH Uh-huh) (. .) (-DFL- E_S)),193
sw05utt/sw_0570_3691.utt,3/sw3691,3691,143,+,B,70,1,"-- {F oh, } gosh, two or three years ago now,  /","--/: oh/UH ,/, gosh/UH ,/,  [ two/CD ] or/CC  [ three/CD years/NNS ] ago/RB now/RB ,/,","(S (EDITED (RM (-DFL- \[)) (CC and) (, ,) (IP (-DFL- \+))) (CC and) (, ,) (RS (-DFL- \])) (INTJ (UH uh)) (, ,) (NP-SBJ (PRP we)) (VP (VBD went) (PP-DIR (IN down) (PP (IN to) (NP (NNP Canton)))) (NP-TMP (CD one) (NN time)) (INTJ (UH oh)) (, ,) (INTJ (UH gosh)) (, ,) (ADVP-TMP (NP (QP (CD two) (CC or) (CD three)) (NNS years)) (RB ago) (ADVP-TMP (RB now)))) (, ,) (-DFL- E_S))",191
sw05utt/sw_0570_3691.utt,3/sw3691,3691,144,sd,B,70,2,"{C and }  he'd saved up his allowance, {D you know, } and picked him out a bird in a bird cage  /","and/CC  [ he/PRP ] 'd/MD saved/VBN up/RP  [ his/PRP$ allowance/NN ] ,/,  [ you/PRP ] know/VBP ,/, and/CC picked/VBD  [ him/PRP ] out/RP  [ a/DT bird/NN ] in/IN  [ a/DT bird/NN cage/NN ]","(S (CC and) (NP-SBJ (PRP he)) (VP (MD 'd) (VP (VP (VBN saved) (PRT (RP up)) (NP (PRP$ his) (NN allowance)) (PRN (, ,) (S (NP-SBJ (PRP you)) (VP (VBP know))) (, ,))) (CC and) (VP (VBD picked) (NP-BNF (PRP him)) (PRT (RP out)) (NP (NP (DT a) (NN bird)) (PP-LOC (IN in) (NP (DT a) (NN bird) (NN cage))))))) (-DFL- E_S))",195
sw05utt/sw_0570_3691.utt,3/sw3691,3691,145,sd,B,70,3,"[ {C and, } +","and/CC ,/,","(S (CC and) (, ,) (INTJ (UH uh)) (, ,) (INTJ (UH gosh)) (, ,) (NP-SBJ (-NONE- *)) (VP (VBZ sticks) (PP (IN in) (NP (PRP$ my) (NN mind))) (SBAR (-NONE- 0) (S (NP-SBJ (PRP he)) (VP (VBD paid) (NP (QP (CD eighteen) (CD hundred)) (NNS dollars)) (PP (IN for) (NP (DT a) (NN parrot))))))) (, ,) (-DFL- E_S))",180
sw05utt/sw_0570_3691.utt,3/sw3691.pos,3691,146,x,A,71,1,<Laughter>.,./.
sw05utt/sw_0570_3691.utt,3/sw3691,3691,147,+,B,72,1,"{C and } ] that stinking bird, when I brought it home tried to take it out of the little box that they give you -- /","and/CC  [ that/DT stinking/JJ bird/NN ] ,/, when/WRB  [ I/PRP ] brought/VBD  [ it/PRP ] [ home/RB ] tried/VBD to/TO take/VB  [ it/PRP ] out/IN of/IN  [ the/DT little/JJ box/NN ] that/IN  [ they/PRP ] give/VBP  [ you/PRP ] --/:","(X (EDITED (RM (-DFL- \[)) (CC and) (, ,) (IP (-DFL- \+))) (CC and) (RS (-DFL- \])) (NP-SBJ-2 (DT that) (JJ stinking) (NN bird)) (, ,) (SBAR-TMP (WHADVP-1 (WRB when)) (S (NP-SBJ (PRP I)) (VP (VP (VBD brought) (NP (PRP it)) (ADVP-DIR (RB home))) (VP (VBD tried) (S (NP-SBJ (-NONE- *-2)) (VP (TO to) (VP (VB take) (NP (PRP it)) (PP (IN out) (PP (IN of) (NP (NP (DT the) (JJ little) (NN box)) (SBAR (WHNP-3 (IN that)) (S (NP-SBJ (PRP they)) (VP (VBP give) (NP (PRP you)) (NP (-NONE- *T*-3)))))))))))) (ADVP-TMP (-NONE- *T*-1))))) (-DFL- E_S))",196
sw05utt/sw_0570_3691.utt,3/sw3691,3691,148,b,A,73,1,Yes. /,Yes/UH ./.,(INTJ (UH Yes) (. .) (-DFL- E_S)),200
sw05utt/sw_0570_3691.utt,3/sw3691,3691,149,sd,B,74,1,"-- clamped onto my finger and would not, - /","--/: clamped/VBD onto/IN  [ my/PRP$ finger/NN ] and/CC would/MD not/RB ,/,","(X (VP (VP (VBD clamped) (PP (IN onto) (NP (PRP$ my) (NN finger)))) (CC and) (VP-UNF (MD would) (RB not))) (, ,) (-DFL- N_S))",202
sw05utt/sw_0570_3691.utt,3/sw3691,3691,150,sd,B,74,2,"{E I mean, } I had to literally shake him off to get him in the cage,  /","[ I/PRP ] mean/VBP ,/,  [ I/PRP ] had/VBD to/TO literally/RB shake/VB  [ him/PRP ] off/RP to/TO get/VB  [ him/PRP ] in/IN  [ the/DT cage/NN ] ,/,","(S (PRN (S (NP-SBJ (PRP I)) (VP (VBP mean))) (, ,)) (NP-SBJ-1 (PRP I)) (VP (VBD had) (S (NP-SBJ (-NONE- *-1)) (VP (TO to) (ADVP (RB literally)) (VP (VB shake) (NP (PRP him)) (ADVP (RP off))))) (S-PRP (NP-SBJ (-NONE- *-1)) (VP (TO to) (VP (VB get) (NP (PRP him)) (PP-LOC (IN in) (NP (DT the) (NN cage))))))) (, ,) (-DFL- E_S))",203
sw05utt/sw_0570_3691.utt,3/sw3691,3691,151,sd,B,74,3,"{C and } he has tried to bite me for two years,  /","and/CC  [ he/PRP ] has/VBZ tried/VBN to/TO bite/VB  [ me/PRP ] for/IN  [ two/CD years/NNS ] ,/,","(S (CC and) (NP-SBJ-1 (PRP he)) (VP (VBZ has) (VP (VBN tried) (S (NP-SBJ (-NONE- *-1)) (VP (TO to) (VP (VB bite) (NP (PRP me))))) (PP-TMP (IN for) (NP (CD two) (NNS years))))) (, ,) (-DFL- E_S))",204
sw05utt/sw_0570_3691.utt,3/sw3691,3691,152,sd,B,74,4,{C and } all of a sudden this bird and I have become wonderful friends. /,and/CC  [ all/DT ] of/IN  [ a/DT sudden/JJ ] [ this/DT bird/NN ] and/CC  [ I/PRP ] have/VBP become/VBN  [ wonderful/JJ friends/NNS ] ./.,(S (CC and) (NP-TMP (NP (DT all)) (PP (IN of) (NP (DT a) (JJ sudden)))) (NP-SBJ (NP (DT this) (NN bird)) (CC and) (NP (PRP I))) (VP (VBP have) (VP (VBN become) (NP-PRD (JJ wonderful) (NNS friends)))) (. .) (-DFL- E_S)),205
sw05utt/sw_0570_3691.utt,3/sw3691,3691,153,ba,A,75,1,"{F Oh, } gosh. /","Oh/UH ,/, gosh/UH ./.","(INTJ (INTJ (UH Oh)) (, ,) (INTJ (UH gosh)) (. .) (-DFL- E_S))",207
sw05utt/sw_0570_3691.utt,3/sw3691,3691,154,sd,B,76,1,"He gives me kisses,  /","[ He/PRP ] gives/VBZ  [ me/PRP ] kisses/VBZ ,/,","(S (NP-SBJ (PRP He)) (VP (VBZ gives) (NP (PRP me)) (NP (VBZ kisses))) (, ,) (-DFL- E_S))",209
sw05utt/sw_0570_3691.utt,3/sw3691,3691,155,sd,B,76,2,he talks now -- /,[ he/PRP ] talks/VBZ now/RB --/:,(S (NP-SBJ (PRP he)) (VP (VBZ talks) (ADVP-TMP (RB now))) (-DFL- E_S)),210
sw05utt/sw_0570_3691.utt,3/sw3691,3691,156,ba,A,77,1,<Laughter> That's neat. /,[ That/DT ] 's/BES neat/JJ ./.,(S (NP-SBJ (DT That)) (VP (BES 's) (ADJP-PRD (JJ neat))) (. .) (-DFL- E_S)),212
sw05utt/sw_0570_3691.utt,3/sw3691,3691,157,sd,B,78,1,-- {C and } it's just hysterical.  /,--/: and/CC  [ it/PRP ] 's/BES just/RB hysterical/JJ ./.,(S (CC and) (NP-SBJ (PRP it)) (VP (BES 's) (ADVP (RB just)) (ADJP-PRD (JJ hysterical))) (. .) (-DFL- E_S)),214
sw05utt/sw_0570_3691.utt,3/sw3691,3691,158,sd,B,78,2,I'm the only one that pays attention to him.  /,[ I/PRP ] 'm/VBP  [ the/DT ] only/RB  [ one/NN ] [ that/WDT ] pays/VBZ  [ attention/NN ] to/IN  [ him/PRP ] ./.,(S (NP-SBJ (PRP I)) (VP (VBP 'm) (NP-PRD (NP (DT the) (RB only) (NN one)) (SBAR (WHNP-1 (WDT that)) (S (NP-SBJ (-NONE- *T*-1)) (VP (VBZ pays) (NP (NN attention)) (PP-DTV (IN to) (NP (PRP him)))))))) (. .) (-DFL- E_S)),215
sw05utt/sw_0570_3691.utt,3/sw3691,3691,159,ba,A,79,1,"Why, sure. /","Why/WRB ,/, sure/UH ./.","(INTJ (INTJ (WRB Why)) (, ,) (INTJ (UH sure)) (. .) (-DFL- E_S))",217
sw05utt/sw_0570_3691.utt,3/sw3691,3691,160,sd,B,80,1,{C And } I'm a substitute teacher  /,And/CC  [ I/PRP ] 'm/VBP  [ a/DT substitute/JJ teacher/NN ],(S (CC And) (NP-SBJ (PRP I)) (VP (VBP 'm) (NP-PRD (DT a) (JJ substitute) (NN teacher))) (-DFL- E_S)),219
sw05utt/sw_0570_3691.utt,3/sw3691,3691,161,sd(^q),B,80,2,"{C and } one of my fifth graders last year came up to me and said, <<sounds high-pitched like a child's voice>> my mom's making me get rid of the bird,  /","and/CC  [ one/CD ] of/IN  [ my/PRP$ fifth/JJ graders/NNS last/JJ year/NN ] came/VBD up/IN to/TO  [ me/PRP ] and/CC said/VBD ,/,  [ my/PRP$ mom/NN ] 's/BES making/VBG  [ me/PRP ] get/VB  [ rid/VBN ] of/IN  [ the/DT bird/NN ] ,/,","(S (CC and) (NP-SBJ (NP (CD one)) (PP (IN of) (NP (PRP$ my) (JJ fifth) (NNS graders)))) (NP-TMP (JJ last) (NN year)) (VP (VP (VBD came) (PP-DIR (IN up) (PP (TO to) (NP (PRP me))))) (CC and) (VP (VBD said) (, ,) (S-SEZ (NP-SBJ (PRP$ my) (NN mom)) (VP (BES 's) (VP (VBG making) (S (NP-SBJ-1 (PRP me)) (VP (VB get) (VP (VBN rid) (NP (-NONE- *-1)) (PP (IN of) (NP (DT the) (NN bird))))))))))) (, ,) (-DFL- E_S))",220
sw05utt/sw_0570_3691.utt,3/sw3691,3691,162,^q,B,80,3,we have too many pets.  /,[ we/PRP ] have/VBP  [ too/RB many/JJ pets/NNS ] ./.,(S (NP-SBJ (PRP we)) (VP (VBP have) (NP (ADJP (RB too) (JJ many)) (NNS pets))) (. .) (-DFL- E_S)),221
sw05utt/sw_0570_3691.utt,3/sw3691,3691,163,sd(^q),B,80,4,"I thought, yeah, right come tell me about it,","[ I/PRP ] thought/VBD ,/, yeah/UH ,/, right/RB come/VB tell/VB  [ me/PRP ] about/IN  [ it/PRP ] ,/,","(S (NP-SBJ (PRP I)) (VP (VBD thought) (, ,) (S-SEZ-IMP (INTJ (UH yeah)) (, ,) (INTJ (RB right)) (NP-SBJ-1 (-NONE- *)) (VP (VB come) (S (NP-SBJ (-NONE- *-1)) (VP (VB tell) (NP (PRP me)) (PP (IN about) (NP (PRP it))))))) (PRN (, ,) (S (NP-SBJ (PRP you)) (VP (VBP know))))) (. .) (-DFL- E_S))",222
sw05utt/sw_0570_3691.utt,3/sw3691.pos,3691,164,x,A,81,1,<Laughter>.,./.
sw05utt/sw_0570_3691.utt,3/sw3691,3691,165,+,B,82,1,{D you know. } /,[ you/PRP ] know/VBP ./.,"(S (NP-SBJ (PRP I)) (VP (VBD thought) (, ,) (S-SEZ-IMP (INTJ (UH yeah)) (, ,) (INTJ (RB right)) (NP-SBJ-1 (-NONE- *)) (VP (VB come) (S (NP-SBJ (-NONE- *-1)) (VP (VB tell) (NP (PRP me)) (PP (IN about) (NP (PRP it))))))) (PRN (, ,) (S (NP-SBJ (PRP you)) (VP (VBP know))))) (. .) (-DFL- E_S))",222
sw05utt/sw_0570_3691.utt,3/sw3691,3691,166,bf,A,83,1,Come to my menagerie. /,Come/VB to/IN  [ my/PRP$ menagerie/NN ] ./.,(S-IMP (NP-SBJ (-NONE- *)) (VP (VB Come) (PP-DIR (IN to) (NP (PRP$ my) (NN menagerie)))) (. .) (-DFL- E_S)),226
sw05utt/sw_0570_3691.utt,3/sw3691,3691,167,sd,B,84,1,They knew the sucker when they saw one.  /,[ They/PRP ] knew/VBD  [ the/DT sucker/NN ] when/WRB  [ they/PRP ] saw/VBD  [ one/NN ] ./.,(S (NP-SBJ (PRP They)) (VP (VBD knew) (NP (DT the) (NN sucker)) (SBAR-TMP (WHADVP-1 (WRB when)) (S (NP-SBJ (PRP they)) (VP (VBD saw) (NP (NN one)) (ADVP-TMP (-NONE- *T*-1)))))) (. .) (-DFL- E_S)),228
sw05utt/sw_0570_3691.utt,3/sw3691,3691,168,sd,B,84,2,{C So } now we have two parakeets. /,So/RB now/RB  [ we/PRP ] have/VBP  [ two/CD parakeets/NNS ] ./.,(S (RB So) (ADVP-TMP (RB now)) (NP-SBJ (PRP we)) (VP (VBP have) (NP (CD two) (NNS parakeets))) (. .) (-DFL- E_S)),229
