swda_filename,ptb_basename,conversation_no,transcript_index,act_tag,caller,utterance_index,subutterance_index,text,pos,trees,ptb_treenumbers
sw05utt/sw_0576_4363.utt,4/sw4363,4363,0,%,A,1,1,"[ Wh-, # + what's  ] # --","[ Wh/WP ] ,/,  [ what/WP ] 's/BES --/:","(SBARQ (EDITED (RM (-DFL- \[)) (WHNP-UNF (WP Wh-)) (, ,) (IP (-DFL- \+))) (WHNP (WP what)) (SQ (BES 's) (RS (-DFL- \])) (NP-SBJ-UNF (PRP$ your) (, ,) (INTJ (UH uh)))) (, ,) (-DFL- N_S))",1
sw05utt/sw_0576_4363.utt,4/sw4363,4363,1,%,B,2,1,# {F Uh. } # /,[ Uh/UH ] ./.,(INTJ (UH Uh) (. .) (-DFL- E_S)),3
sw05utt/sw_0576_4363.utt,4/sw4363,4363,2,+,A,3,1,"-- your, {F uh, } - /","--/:  [ your/PRP$ ] ,/,  [ uh/UH ] ,/,","(SBARQ (EDITED (RM (-DFL- \[)) (WHNP-UNF (WP Wh-)) (, ,) (IP (-DFL- \+))) (WHNP (WP what)) (SQ (BES 's) (RS (-DFL- \])) (NP-SBJ-UNF (PRP$ your) (, ,) (INTJ (UH uh)))) (, ,) (-DFL- N_S))",1
sw05utt/sw_0576_4363.utt,4/sw4363,4363,3,qy,A,3,2,are you into the Cowboys? /,are/VBP  [ you/PRP ] into/IN  [ the/DT Cowboys/NNPS ] ?/.,(SQ (VBP are) (NP-SBJ (PRP you)) (PP-PRD (IN into) (NP (DT the) (NNPS Cowboys))) (. ?) (-DFL- E_S)),5
sw05utt/sw_0576_4363.utt,4/sw4363,4363,4,nn,B,4,1,"{F Oh, } God, no <laughter>. /","Oh/UH ,/,  [ God/UH ] ,/, no/UH ./.","(INTJ (INTJ (UH Oh)) (, ,) (INTJ (UH God)) (, ,) (INTJ (UH no)) (. .) (-DFL- E_S))",7
sw05utt/sw_0576_4363.utt,4/sw4363.pos,4363,5,x,A,5,1,<Laughter>.,./.
sw05utt/sw_0576_4363.utt,4/sw4363,4363,6,nn,B,6,1,"{F Uh, } no,  /","[ Uh/UH ] ,/, no/UH ,/,","(INTJ (INTJ (UH Uh)) (, ,) (INTJ (UH no)) (, ,) (-DFL- E_S))",10
sw05utt/sw_0576_4363.utt,4/sw4363,4363,7,sd^e,B,6,2,"I'm not,  /","[ I/PRP ] 'm/VBP not/RB ,/,","(S (NP-SBJ (PRP I)) (VP (VBP 'm) (RB not) (PP-PRD (-NONE- *?*))) (, ,) (-DFL- E_S))",11
sw05utt/sw_0576_4363.utt,4/sw4363,4363,8,sd,B,6,3,"I haven't been,  /","[ I/PRP ] have/VBP n't/RB been/VBN ,/,","(S (NP-SBJ (PRP I)) (VP (VBP have) (RB n't) (VP (VBN been) (PP-PRD (-NONE- *?*)))) (, ,) (-DFL- E_S))",12
sw05utt/sw_0576_4363.utt,4/sw4363,4363,9,sd,B,6,4,I grew up in Dallas but I'm still not a Cowboys' man.  /,[ I/PRP ] grew/VBD up/RP in/IN  [ Dallas/NNP ] but/CC  [ I/PRP ] 'm/VBP still/RB not/RB  [ a/DT Cowboys/NNPS '/POS man/NN ] ./.,(S (NP-SBJ (PRP I)) (VP (VBD grew) (PRT (RP up)) (PP-LOC (IN in) (NP (NNP Dallas)))))|||(S (CC but) (NP-SBJ (PRP I)) (VP (VBP 'm) (ADVP (RB still)) (RB not) (NP-PRD (DT a) (NP (NNPS Cowboys) (POS ')) (NN man))) (. .) (-DFL- E_S)),13|||14
sw05utt/sw_0576_4363.utt,4/sw4363,4363,10,sd,B,6,5,I like Philadelphia Eagles. /,[ I/PRP ] like/VBP  [ Philadelphia/NNP Eagles/NNPS ] ./.,(S (NP-SBJ (PRP I)) (VP (VBP like) (NP (NNP Philadelphia) (NNPS Eagles))) (. .) (-DFL- E_S)),15
sw05utt/sw_0576_4363.utt,4/sw4363,4363,11,qy,A,7,1,"{F Oh, } yeah? /","Oh/UH ,/, yeah/UH ?/.","(INTJ (INTJ (UH Oh)) (, ,) (INTJ (UH yeah)) (. ?) (-DFL- E_S))",17
sw05utt/sw_0576_4363.utt,4/sw4363,4363,12,ny,B,8,1,Yeah. /,Yeah/UH ./.,(INTJ (UH Yeah) (. .) (-DFL- E_S)),19
sw05utt/sw_0576_4363.utt,4/sw4363,4363,13,ba,A,9,1,"#  (( {D Well, } [ that )) +   # --","Well/UH ,/, that/DT --/:","(S (INTJ (UH Well)) (, ,) (EDITED (RM (-DFL- \[)) (NP-SBJ (DT that)) (IP (-DFL- \+))) (NP-SBJ (DT that)) (VP (BES 's) (RS (-DFL- \])) (ADJP-PRD (RB all) (JJ right))) (. .) (-DFL- E_S))",21
sw05utt/sw_0576_4363.utt,4/sw4363,4363,14,sd,B,10,1,"# That's # my favorite team,  /","That/DT  [ 's/BES my/PRP$ favorite/JJ team/NN ] ,/,","(S (NP-SBJ (DT That)) (VP (BES 's) (NP-PRD (PRP$ my) (JJ favorite) (NN team))) (, ,) (-DFL- E_S))",23
sw05utt/sw_0576_4363.utt,4/sw4363,4363,15,%,B,10,2,{C so. } -/,so/UH ./.,(S-UNF (RB so) (. .) (-DFL- N_S)),24
sw05utt/sw_0576_4363.utt,4/sw4363,4363,16,+,A,11,1,-- that's ] all # right. # /,--/:  [ that/DT ] 's/BES all/RB right/JJ ./.,"(S (INTJ (UH Well)) (, ,) (EDITED (RM (-DFL- \[)) (NP-SBJ (DT that)) (IP (-DFL- \+))) (NP-SBJ (DT that)) (VP (BES 's) (RS (-DFL- \])) (ADJP-PRD (RB all) (JJ right))) (. .) (-DFL- E_S))",21
sw05utt/sw_0576_4363.utt,4/sw4363,4363,17,sd,B,12,1,"# {F Uh, } # now that Randall's coming back next season, I hope they'll [ be, + do ] a little bit better.  /","[ Uh/UH ] ,/, now/RB that/IN  [ Randall/NNP ] 's/BES coming/VBG back/RB  [ next/JJ season/NN ] ,/,  [ I/PRP ] hope/VBP  [ they/PRP ] 'll/MD be/VB ,/, do/VB  [ a/DT little/JJ bit/NN ] better/RB ./.","(S (INTJ (UH Uh)) (, ,) (ADVP-TMP (RB now) (SBAR (IN that) (S (NP-SBJ (NNP Randall)) (VP (BES 's) (VP (VBG coming) (ADVP (RB back)) (NP-TMP (JJ next) (NN season))))))) (, ,) (NP-SBJ (PRP I)) (VP (VBP hope) (SBAR (-NONE- 0) (S (NP-SBJ (PRP they)) (VP (MD 'll) (EDITED (RM (-DFL- \[)) (VP-UNF (VB be)) (, ,) (IP (-DFL- \+))) (VP (VB do) (RS (-DFL- \])) (ADVP-MNR (NP (DT a) (JJ little) (NN bit)) (RB better))))))) (. .) (-DFL- E_S))",27
sw05utt/sw_0576_4363.utt,4/sw4363,4363,18,sd,B,12,2,They didn't do too bad last season. /,[ They/PRP ] did/VBD n't/RB do/VB  [ too/RB bad/RB last/JJ season/NN ] ./.,(S (NP-SBJ (PRP They)) (VP (VBD did) (RB n't) (VP (VB do) (ADVP-MNR (RB too) (RB bad)) (NP-TMP (JJ last) (NN season)))) (. .) (-DFL- E_S)),28
sw05utt/sw_0576_4363.utt,4/sw4363,4363,19,b,A,13,1,Yeah. /,Yeah/UH ./.,(INTJ (UH Yeah) (. .) (-DFL- E_S)),19
sw05utt/sw_0576_4363.utt,4/sw4363,4363,20,sd,B,14,1,"{C But, } I hope they can do better.  /","But/CC ,/,  [ I/PRP ] hope/VBP  [ they/PRP ] can/MD do/VB better/RB ./.","(S (CC But) (, ,) (NP-SBJ (PRP I)) (VP (VBP hope) (SBAR (-NONE- 0) (S (NP-SBJ (PRP they)) (VP (MD can) (VP (VB do) (ADVP-MNR (RB better))))))) (. .) (-DFL- E_S))",32
sw05utt/sw_0576_4363.utt,4/sw4363,4363,21,qo,B,14,2,How about yourself? /,How/WRB about/IN  [ yourself/PRP ] ?/.,(FRAG (WHADVP (WRB How)) (PP (IN about) (NP (PRP yourself))) (. ?) (-DFL- E_S)),33
sw05utt/sw_0576_4363.utt,4/sw4363,4363,22,no,A,15,1,"{D Well, } I don't know.  /","Well/UH ,/,  [ I/PRP ] do/VBP n't/RB know/VB ./.","(S (INTJ (UH Well)) (, ,) (NP-SBJ (PRP I)) (VP (VBP do) (RB n't) (VP (VB know))) (. .) (-DFL- E_S))",35
sw05utt/sw_0576_4363.utt,4/sw4363,4363,23,sd^e,A,15,2,"I kind of go back and forth, {F uh, } depending on who's  really hot and who's not.  /","[ I/PRP ] [ kind/RB ] of/RB go/VBP back/RB and/CC forth/RB ,/,  [ uh/UH ] ,/, depending/VBG on/IN  [ who/WP 's/BES ]  really/RB hot/JJ and/CC  [ who/WP 's/BES ] not/RB ./.","(S (NP-SBJ (PRP I)) (ADVP (RB kind) (RB of)) (VP (VBP go) (ADVP (RB back) (CC and) (RB forth)) (, ,) (INTJ (UH uh)) (, ,) (PP (VBG depending) (PP (IN on) (SBAR-NOM (SBAR (WHNP-1 (WP who)) (S (NP-SBJ (-NONE- *T*-1)) (VP (BES 's) (ADJP-PRD (RB really) (JJ hot))))) (CC and) (SBAR (WHNP-2 (WP who)) (S (NP-SBJ (-NONE- *T*-2)) (VP (BES 's) (RB not) (ADJP-PRD (-NONE- *?*))))))))) (. .) (-DFL- E_S))",36
sw05utt/sw_0576_4363.utt,4/sw4363,4363,24,sd,A,15,3,I guess I'm kind of a fair weather fan in # a lot of respects. # /,[ I/PRP ] guess/VBP  [ I/PRP ] 'm/VBP kind/RB of/RB  [ a/DT fair/JJ weather/NN fan/NN ] in/IN  [ a/DT lot/NN ] of/IN  [ respects/NNS ] ./.,(S (NP-SBJ (PRP I)) (VP (VBP guess) (SBAR (-NONE- 0) (S (NP-SBJ (PRP I)) (VP (VBP 'm) (ADVP (RB kind) (RB of)) (NP-PRD (DT a) (JJ fair) (NN weather) (NN fan)) (PP (IN in) (NP (NP (DT a) (NN lot)) (PP (IN of) (NP (NNS respects))))))))) (. .) (-DFL- E_S)),37
sw05utt/sw_0576_4363.utt,4/sw4363,4363,25,b,B,16,1,# Uh-huh. # /,[ Uh-huh/UH ] ./.,(INTJ (UH Uh-huh) (. .) (-DFL- E_S)),39
sw05utt/sw_0576_4363.utt,4/sw4363,4363,26,sd,A,17,1,"{C But, } {F uh, } I guess if I have, {F uh, } my druthers, <sniffing> I'd probably go for the Seattle Seahawks. /","But/CC ,/,  [ uh/UH ] ,/,  [ I/PRP ] guess/VBP if/IN  [ I/PRP ] have/VBP ,/,  [ uh/UH ] ,/,  [ my/PRP$ druthers/NNS ] ,/,  [ I/PRP ] 'd/MD probably/RB go/VB for/IN  [ the/DT Seattle/NNP Seahawks/NNPS ] ./.","(S (CC But) (, ,) (INTJ (UH uh)) (, ,) (NP-SBJ (PRP I)) (VP (VBP guess) (SBAR (-NONE- 0) (S (SBAR-ADV (IN if) (S (NP-SBJ (PRP I)) (VP (VBP have) (, ,) (INTJ (UH uh)) (, ,) (NP (PRP$ my) (NNS druthers))))) (, ,) (NP-SBJ (PRP I)) (VP (MD 'd) (ADVP (RB probably)) (VP (VB go) (PP (IN for) (NP (DT the) (NNP Seattle) (NNPS Seahawks)))))))) (. .) (-DFL- E_S))",41
sw05utt/sw_0576_4363.utt,4/sw4363,4363,27,%,B,18,1,"{F Oh, } tha-, -/","Oh/UH ,/,  [ tha-/DT ] ,/,","(S (INTJ (UH Oh)) (, ,) (NP-SBJ-UNF (DT tha-)) (, ,) (-DFL- N_S))",43
sw05utt/sw_0576_4363.utt,4/sw4363,4363,28,sd,A,19,1,I kind of like them. /,[ I/PRP ] [ kind/RB ] of/RB like/VBP  [ them/PRP ] ./.,(S (NP-SBJ (PRP I)) (ADVP (RB kind) (RB of)) (VP (VBP like) (NP (PRP them))) (. .) (-DFL- E_S)),45
sw05utt/sw_0576_4363.utt,4/sw4363,4363,29,b,B,20,1,Yeah.  /,Yeah/UH ./.,(INTJ (UH Yeah) (. .) (-DFL- E_S)),19
sw05utt/sw_0576_4363.utt,4/sw4363,4363,30,sd,B,20,2,That's another one of my favorites. /,[ That/DT ] 's/BES  [ another/DT ] [ one/NN ] of/IN  [ my/PRP$ favorites/NNS ] ./.,(S (NP-SBJ (DT That)) (VP (BES 's) (NP-PRD (NP (DT another) (NN one)) (PP (IN of) (NP (PRP$ my) (NNS favorites))))) (. .) (-DFL- E_S)),48
sw05utt/sw_0576_4363.utt,4/sw4363,4363,31,b,A,21,1,Yeah.  /,Yeah/UH ./.,(INTJ (UH Yeah) (. .) (-DFL- E_S)),30
sw05utt/sw_0576_4363.utt,4/sw4363,4363,32,%,A,21,2,"# They're kind of, # -/","[ They/PRP ] 're/VBP kind/RB of/RB ,/,","(S (NP-SBJ (PRP They)) (VP-UNF (VBP 're) (ADVP (RB kind) (RB of))) (, ,) (-DFL- N_S))",51
sw05utt/sw_0576_4363.utt,4/sw4363,4363,33,sd,B,22,1,"# [ They're not, # + they're not  ] my favorite totally.  /","[ They/PRP ] 're/VBP not/RB ,/,  [ they/PRP ] 're/VBP not/RB  [ my/PRP$ favorite/NN ] totally/RB ./.","(S (EDITED (RM (-DFL- \[)) (S (NP-SBJ (PRP They)) (VP-UNF (VBP 're) (RB not))) (, ,) (IP (-DFL- \+))) (NP-SBJ (PRP they)) (VP (VBP 're) (RB not) (RS (-DFL- \])) (NP-PRD (PRP$ my) (NN favorite)) (ADVP (RB totally))) (. .) (-DFL- E_S))",53
sw05utt/sw_0576_4363.utt,4/sw4363,4363,34,sd,B,22,2,{C But } I do like them.  /,But/CC  [ I/PRP ] do/VBP like/VB  [ them/PRP ] ./.,(S (CC But) (NP-SBJ (PRP I)) (VP (VBP do) (VP (VB like) (NP (PRP them)))) (. .) (-DFL- E_S)),54
sw05utt/sw_0576_4363.utt,4/sw4363,4363,35,%,B,22,3,"I like, - /","[ I/PRP ] like/VBP ,/,","(S (NP-SBJ (PRP I)) (VP-UNF (VBP like)) (, ,) (-DFL- N_S))",55
sw05utt/sw_0576_4363.utt,4/sw4363,4363,36,%,B,22,4,yeah. /,yeah/UH ./.,(INTJ (UH yeah) (. .) (-DFL- E_S)),56
sw05utt/sw_0576_4363.utt,4/sw4363,4363,37,%,A,23,1,"Yo-, -/","[ Yo-/PRP ] ,/,","(S (NP-SBJ-UNF (PRP Yo-)) (, ,) (-DFL- N_S))",58
sw05utt/sw_0576_4363.utt,4/sw4363,4363,38,sv,B,24,1,Seahawks are good.  /,[ Seahawks/NNPS ] are/VBP good/JJ ./.,(S (NP-SBJ (NNPS Seahawks)) (VP (VBP are) (ADJP-PRD (JJ good))) (. .) (-DFL- E_S)),60
sw05utt/sw_0576_4363.utt,4/sw4363,4363,39,%,B,24,2,"They, - /","[ They/PRP ] ,/,","(S-UNF (NP-SBJ (PRP They)) (, ,) (-DFL- N_S))",61
sw05utt/sw_0576_4363.utt,4/sw4363,4363,40,sd,B,24,3,"now that Steve Largent is gone, I kind of lose a little bit for them  /","now/RB that/IN  [ Steve/NNP Largent/NNP ] is/VBZ gone/VBN ,/,  [ I/PRP ] [ kind/RB ] of/IN lose/VB  [ a/DT little/JJ bit/NN ] for/IN  [ them/PRP ]","(S (ADVP-TMP (RB now) (SBAR (IN that) (S (NP-SBJ (NNP Steve) (NNP Largent)) (VP (VBZ is) (ADJP-PRD (VBN gone)))))) (, ,) (NP-SBJ (PRP I) (ADVP (RB kind) (IN of))) (VP (VB lose) (NP (NP (DT a) (JJ little) (NN bit)) (PP (IN for) (NP (PRP them))))) (-DFL- E_S))",62
sw05utt/sw_0576_4363.utt,4/sw4363,4363,41,%,B,24,4,{C but } --,but/CC --/:,"(S-UNF (CC but) (PRN (S (NP-SBJ (PRP you)) (VP (VBP know))) (, ,)) (NP-SBJ (PRP he)) (, ,) (-DFL- N_S))",63
sw05utt/sw_0576_4363.utt,4/sw4363,4363,42,b,A,25,1,Yeah. /,Yeah/UH ./.,(INTJ (UH Yeah) (. .) (-DFL- E_S)),30
sw05utt/sw_0576_4363.utt,4/sw4363,4363,43,+,B,26,1,"-- {D you know, } he, -/","--/:  [ you/PRP ] know/VBP ,/,  [ he/PRP ] ,/,","(S-UNF (CC but) (PRN (S (NP-SBJ (PRP you)) (VP (VBP know))) (, ,)) (NP-SBJ (PRP he)) (, ,) (-DFL- N_S))",63
sw05utt/sw_0576_4363.utt,4/sw4363,4363,44,sd,A,27,1,"To be honest with you, [ I, + I  ] probably watch, {F uh, } college a little bit more than I do pro. /","To/TO be/VB honest/JJ with/IN  [ you/PRP ] ,/,  [ I/PRP ] ,/,  [ I/PRP ] probably/RB watch/VBP ,/,  [ uh/UH ] ,/,  [ college/NN ] [ a/DT little/JJ bit/NN ] more/RBR than/IN  [ I/PRP ] do/VBP  [ pro/JJ ] ./.","(S (S-ADV (NP-SBJ (-NONE- *)) (VP (TO To) (VP (VB be) (ADJP-PRD (JJ honest) (PP (IN with) (NP (PRP you))))))) (, ,) (EDITED (RM (-DFL- \[)) (NP-SBJ (PRP I)) (, ,) (IP (-DFL- \+))) (NP-SBJ (PRP I)) (RS (-DFL- \])) (ADVP (RB probably)) (VP (VBP watch) (, ,) (INTJ (UH uh)) (, ,) (NP (NN college)) (ADVP-TMP (ADVP (NP (DT a) (JJ little) (NN bit)) (RBR more)) (SBAR (IN than) (S (NP-SBJ (PRP I)) (VP (VBP do) (NP (JJ pro))))))) (. .) (-DFL- E_S))",68
sw05utt/sw_0576_4363.utt,4/sw4363,4363,45,qy,B,28,1,Really? /,Really/UH ?/.,(INTJ (UH Really) (. ?) (-DFL- E_S)),70
sw05utt/sw_0576_4363.utt,4/sw4363,4363,46,ny,A,29,1,Yeah. /,Yeah/UH ./.,(INTJ (UH Yeah) (. .) (-DFL- E_S)),47
sw05utt/sw_0576_4363.utt,4/sw4363,4363,47,b,B,30,1,{F Huh. } /,Huh/UH ./.,(INTJ (UH Huh) (. .) (-DFL- E_S)),74
sw05utt/sw_0576_4363.utt,4/sw4363,4363,48,sd,A,31,1,I kind of like college # actually.  /,[ I/PRP ] [ kind/RB ] of/RB  [ like/VBP college/NN ] actually/RB ./.,(S (NP-SBJ (PRP I)) (ADVP (RB kind) (RB of)) (VP (VBP like) (NP (NN college)) (ADVP (RB actually))) (. .) (-DFL- E_S)),76
sw05utt/sw_0576_4363.utt,4/sw4363,4363,49,sd,A,31,2,Quite a bit. # /,Quite/RB  [ a/DT bit/NN ] ./.,(NP-ADV (RB Quite) (DT a) (NN bit) (. .) (-DFL- E_S)),77
sw05utt/sw_0576_4363.utt,4/sw4363,4363,50,b,B,32,1,# Yeah.  /,Yeah/UH ./.,(INTJ (UH Yeah) (. .) (-DFL- E_S)),47
sw05utt/sw_0576_4363.utt,4/sw4363,4363,51,sv,B,32,2,"[ That's kind of, + # that's  kind of ] strange.   /","[ That/DT ] 's/BES  [ kind/RB ] of/RB ,/,  [ that/DT ] 's/BES  [ kind/RB ] of/RB  [ strange/JJ ] ./.","(S (EDITED (RM (-DFL- \[)) (S (NP-SBJ (DT That)) (VP-UNF (BES 's) (ADVP (RB kind) (RB of)))) (, ,) (IP (-DFL- \+))) (NP-SBJ (DT that)) (VP (BES 's) (ADVP (RB kind) (RB of)) (RS (-DFL- \])) (ADJP-PRD (JJ strange))) (. .) (-DFL- E_S))",80
sw05utt/sw_0576_4363.utt,4/sw4363,4363,52,sd,B,32,3,"It's too much running for me [ in, + in  ] college football.  /","[ It/PRP ] 's/BES too/RB much/RB running/VBG for/IN  [ me/PRP ] in/IN ,/, in/IN  [ college/NN football/NN ] ./.","(S (NP-SBJ (PRP It)) (VP (BES 's) (NP-PRD (ADJP (RB too) (RB much)) (VBG running)) (PP (IN for) (NP (PRP me))) (EDITED (RM (-DFL- \[)) (PP-UNF (IN in)) (, ,) (IP (-DFL- \+))) (PP (IN in) (RS (-DFL- \])) (NP (NN college) (NN football)))) (. .) (-DFL- E_S))",81
sw05utt/sw_0576_4363.utt,4/sw4363,4363,53,sd,B,32,4,[ I like -- +,[ I/PRP ] like/VBP --/:,"(S (NP-SBJ (PRP I)) (VP-UNF (VBP like)) (, ,) (-DFL- N_S))",55
sw05utt/sw_0576_4363.utt,4/sw4363,4363,54,bh,A,33,1,# Is it? # /,Is/VBZ  [ it/PRP ] ?/.,(SQ (VBZ Is) (NP-SBJ (PRP it)) (NP-PRD (-NONE- *?*)) (. ?) (-DFL- E_S)),84
sw05utt/sw_0576_4363.utt,4/sw4363,4363,55,+,B,34,1,-- # I like #  ] the pros.  /,--/:  [ I/PRP ] like/VBP  [ the/DT pros/NNS ] ./.,(S (EDITED (RM (-DFL- \[)) (S (NP-SBJ (PRP I)) (VP-UNF (VBP like))) (IP (-DFL- \+))) (NP-SBJ (PRP I)) (VP (VBP like) (RS (-DFL- \])) (NP (DT the) (NNS pros))) (. .) (-DFL- E_S)),82
sw05utt/sw_0576_4363.utt,4/sw4363,4363,56,%,B,34,2,"They do, {D you know, } - /","[ They/PRP ] do/VBP ,/,  [ you/PRP ] know/VBP ,/,","(S (NP-SBJ (PRP They)) (VP-UNF (VBP do) (PRN (, ,) (S (NP-SBJ (PRP you)) (VP (VBP know))))) (, ,) (-DFL- N_S))",86
sw05utt/sw_0576_4363.utt,4/sw4363,4363,57,sv,B,34,3,"it's more high tech,  /","[ it/PRP ] 's/BES  [ more/RBR high/JJ tech/NN ] ,/,","(S (NP-SBJ (PRP it)) (VP (BES 's) (ADJP-PRD (RBR more) (JJ high) (NN tech))) (, ,) (-DFL- E_S))",87
sw05utt/sw_0576_4363.utt,4/sw4363,4363,58,sv,B,34,4,"more,   {D you  know, } players are apt to act a little bit different [ [ when they, + when  their   jobs and their, ] + when it's a job  ] and not just, # {D you know } # -- -/","more/RBR ,/,  [ you/PRP ] know/VBP ,/,  [ players/NNS ] are/VBP apt/JJ to/TO act/VB  [ a/DT little/JJ bit/NN ] different/JJ when/WRB  [ they/PRP ] ,/, when/WRB  [ their/PRP$ jobs/NNS ] and/CC  [ their/PRP$ ] ,/, when/WRB  [ it/PRP ] 's/BES  [ a/DT job/NN ] and/CC not/RB just/RB ,/,  [ you/PRP ] know/VBP --/:","(S (NP-SBJ-1 (RBR more) (PRN (, ,) (S (NP-SBJ (PRP you)) (VP (VBP know))) (, ,)) (NNS players)) (VP (VBP are) (ADJP-PRD (JJ apt) (S (NP-SBJ (-NONE- *-1)) (VP (TO to) (VP (VB act) (ADVP-MNR (NP (DT a) (JJ little) (NN bit)) (JJ different)) (SBAR-TMP (EDITED (RM (-DFL- \[)) (EDITED (RM (-DFL- \[)) (SBAR-TMP (WHADVP (WRB when)) (S-UNF (NP-SBJ (PRP they)))) (, ,) (IP (-DFL- \+))) (SBAR-TMP (WHADVP (WRB when)) (S (NP-SBJ (NP (PRP$ their) (NNS jobs)) (CC and) (NP-UNF (PRP$ their)))) (, ,) (RS (-DFL- \])) (IP (-DFL- \+)))) (WHADVP (WRB when)) (S (NP-SBJ (PRP it)) (VP (BES 's) (NP-PRD-UNF (NP (DT a) (NN job)) (RS (-DFL- \])) (CC and) (RB not) (ADVP (RB just)) (PRN (, ,) (S (NP-SBJ (PRP you)) (VP (VBP know))))))))))))) (-DFL- N_S))",88
sw05utt/sw_0576_4363.utt,4/sw4363,4363,59,aa,A,35,1,"# <Sniffing> Yeah,  /","Yeah/UH ,/,","(INTJ (UH Yeah) (, ,) (-DFL- E_S))",90
sw05utt/sw_0576_4363.utt,4/sw4363,4363,60,aa,A,35,2,yeah.  /,yeah/UH ./.,(INTJ (UH yeah) (. .) (-DFL- E_S)),91
sw05utt/sw_0576_4363.utt,4/sw4363,4363,61,am,A,35,3,#  # That could be. # /,[ That/DT ] could/MD be/VB ./.,(S (NP-SBJ (DT That)) (VP (MD could) (VP (VB be))) (. .) (-DFL- E_S)),92
sw05utt/sw_0576_4363.utt,4/sw4363,4363,62,sv,B,36,1,"-- # when you're # getting paid millions to do it, [ you ac-, + ] I think they take it to another level. /","--/: when/WRB  [ you/PRP ] 're/VBP getting/VBG  [ paid/VBN millions/NNS ] to/TO do/VB  [ it/PRP ] ,/,  [ you/PRP ac-/XX ] ,/,  [ I/PRP ] think/VBP  [ they/PRP ] take/VBP  [ it/PRP ] to/IN  [ another/DT level/NN ] ./.","(S (SBAR-TMP (WHADVP-2 (WRB when)) (S (NP-SBJ-1 (PRP you)) (VP (VBP 're) (VP (VBG getting) (VP (VBN paid) (NP (-NONE- *-1)) (NP (NNS millions)) (S-PRP (NP-SBJ (-NONE- *)) (VP (TO to) (VP (VB do) (NP (PRP it))))) (ADVP-TMP (-NONE- *T*-2))))))) (, ,) (EDITED (RM (-DFL- \[)) (S (NP-SBJ (PRP you)) (X (XX ac-))) (, ,) (IP (-DFL- \+))) (RS (-DFL- \])) (NP-SBJ (PRP I)) (VP (VBP think) (SBAR (-NONE- 0) (S (NP-SBJ (PRP they)) (VP (VBP take) (NP (PRP it)) (PP (IN to) (NP (DT another) (NN level))))))) (. .) (-DFL- E_S))",94
sw05utt/sw_0576_4363.utt,4/sw4363,4363,63,b,A,37,1,Yeah. /,Yeah/UH ./.,(INTJ (UH Yeah) (. .) (-DFL- E_S)),65
sw05utt/sw_0576_4363.utt,4/sw4363,4363,64,sv,B,38,1,"{C But } I can see it's more, {D you know, } grunted out, run the ball type.  /","But/CC  [ I/PRP ] can/MD see/VB  [ it/PRP ] 's/BES more/RBR ,/,  [ you/PRP ] know/VBP ,/, grunted/VBD out/RP ,/, run/VB  [ the/DT ball/NN type/NN ] ./.","(S (CC But) (NP-SBJ (PRP I)) (VP (MD can) (VP (VB see) (SBAR (-NONE- 0) (S (NP-SBJ (PRP it)) (VP (BES 's) (NP-PRD (RBR more) (PRN (, ,) (S (NP-SBJ (PRP you)) (VP (VBP know))) (, ,)) (ADJP (VBD grunted) (RP out)) (, ,) (S (NP-SBJ (-NONE- *)) (VP (VB run) (NP (DT the) (NN ball)))) (NN type))))))) (. .) (-DFL- E_S))",98
sw05utt/sw_0576_4363.utt,4/sw4363,4363,65,sv,B,38,2,College football is a little bit different  /,[ College/NN football/NN ] is/VBZ  [ a/DT little/JJ bit/NN ] different/JJ,(S (NP-SBJ (NN College) (NN football)) (VP (VBZ is) (ADJP-PRD (NP-ADV (DT a) (JJ little) (NN bit)) (JJ different))) (-DFL- E_S)),99
sw05utt/sw_0576_4363.utt,4/sw4363,4363,66,%,B,38,3,"{C but, } -/","but/CC ,/,","(S-UNF (CC but) (, ,) (-DFL- N_S))",100
sw05utt/sw_0576_4363.utt,4/sw4363,4363,67,b,A,39,1,Yeah.  /,Yeah/UH ./.,(INTJ (UH Yeah) (. .) (-DFL- E_S)),72
sw05utt/sw_0576_4363.utt,4/sw4363,4363,68,sv,A,39,2,You probably wouldn't like my favorite team in college then. /,[ You/PRP ] probably/RB would/MD n't/RB like/VB  [ my/PRP$ favorite/JJ team/NN ] in/IN  [ college/NN ] then/RB ./.,(S (NP-SBJ (PRP You)) (ADVP (RB probably)) (VP (MD would) (RB n't) (VP (VB like) (NP (PRP$ my) (JJ favorite) (NN team)) (PP-TMP (IN in) (NP (NN college))) (ADVP (RB then)))) (. .) (-DFL- E_S)),103
sw05utt/sw_0576_4363.utt,4/sw4363,4363,69,qw,B,40,1,"[ Who-, + who's  ] that? /","[ Who/WP ] ,/,  [ who/WP 's/BES ]  [ that/DT ] ?/.","(SBARQ (EDITED (RM (-DFL- \[)) (WHNP-UNF (WP Who-)) (, ,) (IP (-DFL- \+))) (WHNP-1 (WP who)) (SQ (BES 's) (RS (-DFL- \])) (NP-SBJ (DT that)) (NP-PRD (-NONE- *T*-1))) (. ?) (-DFL- E_S))",105
sw05utt/sw_0576_4363.utt,4/sw4363.pos,4363,70,x,A,41,1,<Laughter>.,./.
sw05utt/sw_0576_4363.utt,4/sw4363,4363,71,qy,B,42,1,Notre Dame <laughter>? /,[ Notre/NNP Dame/NNP ] ?/.,(NP (NNP Notre) (NNP Dame) (. ?) (-DFL- E_S)),108
sw05utt/sw_0576_4363.utt,4/sw4363,4363,72,nn,A,43,1,No.  /,[ No/UH ] ./.,(INTJ (UH No) (. .) (-DFL- E_S)),110
sw05utt/sw_0576_4363.utt,4/sw4363,4363,73,sd^e,A,43,2,I root for Nebraska quite a bit. /,[ I/PRP ] root/VBP for/IN  [ Nebraska/NNP ] quite/PDT  [ a/DT bit/NN ] ./.,(S (NP-SBJ (PRP I)) (VP (VBP root) (PP (IN for) (NP (NNP Nebraska))) (NP-ADV (PDT quite) (DT a) (NN bit))) (. .) (-DFL- E_S)),111
sw05utt/sw_0576_4363.utt,4/sw4363,4363,74,b^m,B,44,1,"[ N-, + Nebraska  ] <laughter>.  /","[ N-/NNP ] ,/,  [ Nebraska/NNP ] ./.","(NP (EDITED (RM (-DFL- \[)) (NP-UNF (NNP N-)) (, ,) (IP (-DFL- \+))) (NNP Nebraska) (RS (-DFL- \])) (. .) (-DFL- E_S))",113
sw05utt/sw_0576_4363.utt,4/sw4363,4363,75,%,B,44,2,Yeah  /,Yeah/UH,(INTJ (UH Yeah) (-DFL- E_S)),114
sw05utt/sw_0576_4363.utt,4/sw4363,4363,76,sd,B,44,3,there's a running team. /,[ there/EX ] 's/BES  [ a/DT running/NN team/NN ] ./.,(S (NP-SBJ (EX there)) (VP (BES 's) (NP-PRD (DT a) (NN running) (NN team))) (. .) (-DFL- E_S)),115
sw05utt/sw_0576_4363.utt,4/sw4363,4363,77,aa,A,45,1,"Ye-, <Laughter>. -/","[ Ye-/UH ] ,/, ./.","(INTJ-UNF (UH Ye-) (, ,) (. .) (-DFL- N_S))",117
sw05utt/sw_0576_4363.utt,4/sw4363,4363,78,b,B,46,1,Yeah.  /,Yeah/UH ./.,(INTJ (UH Yeah) (. .) (-DFL- E_S)),96
sw05utt/sw_0576_4363.utt,4/sw4363,4363,79,sd,B,46,2,"[ [ That, + that,  ] + that's  ] boring for me.  /","That/DT ,/, that/DT ,/,  [ that/DT ] 's/BES boring/JJ for/IN  [ me/PRP ] ./.","(S (EDITED (RM (-DFL- \[)) (EDITED (RM (-DFL- \[)) (NP-SBJ (DT That)) (, ,) (IP (-DFL- \+))) (NP-SBJ (DT that)) (, ,) (RS (-DFL- \])) (IP (-DFL- \+))) (NP-SBJ (DT that)) (VP (BES 's) (RS (-DFL- \])) (ADJP-PRD (JJ boring)) (PP (IN for) (NP (PRP me)))) (. .) (-DFL- E_S))",120
sw05utt/sw_0576_4363.utt,4/sw4363,4363,80,sd,B,46,3,"[ I, + I'll  ] take the passing teams any day. /","[ I/PRP ] ,/,  [ I/PRP ] 'll/MD take/VB  [ the/DT passing/NN teams/NNS ] [ any/DT day/NN ] ./.","(S (EDITED (RM (-DFL- \[)) (NP-SBJ (PRP I)) (, ,) (IP (-DFL- \+))) (NP-SBJ (PRP I)) (VP (MD 'll) (RS (-DFL- \])) (VP (VB take) (NP (DT the) (NN passing) (NNS teams)) (NP-TMP (DT any) (NN day)))) (. .) (-DFL- E_S))",121
sw05utt/sw_0576_4363.utt,4/sw4363,4363,81,b,A,47,1,Yeah. /,Yeah/UH ./.,(INTJ (UH Yeah) (. .) (-DFL- E_S)),96
sw05utt/sw_0576_4363.utt,4/sw4363,4363,82,%,B,48,1,"# {C But, } # -/","But/CC ,/,","(S-UNF (CC But) (, ,) (-DFL- N_S))",125
sw05utt/sw_0576_4363.utt,4/sw4363,4363,83,sd,A,49,1,"# {D Well, } # [ I can see, + I can see  ] definitely how you get into that.  /","Well/UH ,/,  [ I/PRP ] can/MD see/VB ,/,  [ I/PRP ] can/MD see/VB definitely/RB how/WRB  [ you/PRP ] get/VBP into/IN  [ that/DT ] ./.","(S (INTJ (UH Well)) (, ,) (EDITED (RM (-DFL- \[)) (S (NP-SBJ (PRP I)) (VP (MD can) (VP-UNF (VB see)))) (, ,) (IP (-DFL- \+))) (NP-SBJ (PRP I)) (VP (MD can) (VP (VB see) (RS (-DFL- \])) (ADVP (RB definitely)) (SBAR (WHADVP-1 (WRB how)) (S (NP-SBJ (PRP you)) (VP (VBP get) (PP (IN into) (NP (DT that))) (ADVP-MNR (-NONE- *T*-1))))))) (. .) (-DFL- E_S))",127
sw05utt/sw_0576_4363.utt,4/sw4363,4363,84,sd,A,49,2,"[ I, + to be honest with you, I  ] find [ th-, + that  ] too much running gets pretty boring as well  /","[ I/PRP ] ,/, to/TO be/VB honest/JJ with/IN  [ you/PRP ] ,/,  [ I/PRP ] find/VBP  [ th-/IN ] ,/, that/IN  [ too/RB much/JJ ] running/NN gets/VBZ pretty/RB boring/JJ as/IN well/RB","(S (EDITED (RM (-DFL- \[)) (NP-SBJ (PRP I)) (, ,) (IP (-DFL- \+))) (S-ADV (NP-SBJ (-NONE- *)) (VP (TO to) (VP (VB be) (ADJP-PRD (JJ honest) (PP (IN with) (NP (PRP you))))))) (, ,) (NP-SBJ (PRP I)) (RS (-DFL- \])) (VP (VBP find) (SBAR (EDITED (RM (-DFL- \[)) (SBAR-UNF (IN th-)) (, ,) (IP (-DFL- \+))) (IN that) (RS (-DFL- \])) (S (NP-SBJ (ADJP (RB too) (JJ much)) (NN running)) (VP (VBZ gets) (ADJP-PRD (RB pretty) (JJ boring)) (ADVP (IN as) (RB well)))))) (-DFL- E_S))",128
sw05utt/sw_0576_4363.utt,4/sw4363,4363,85,%,A,49,3,{C and. } -/,and/CC ./.,(S-UNF (CC and) (. .) (-DFL- N_S)),129
sw05utt/sw_0576_4363.utt,4/sw4363,4363,86,b,B,50,1,Yeah.  /,Yeah/UH ./.,(INTJ (UH Yeah) (. .) (-DFL- E_S)),102
sw05utt/sw_0576_4363.utt,4/sw4363,4363,87,sv,B,50,2,"[ It's just, + it's  ] four yards, three yards --","[ It/PRP ] 's/BES just/RB ,/,  [ it/PRP ] 's/BES  [ four/CD yards/NNS ] ,/,  [ three/CD yards/NNS ] --/:","(S (EDITED (RM (-DFL- \[)) (S (NP-SBJ (PRP It)) (VP-UNF (BES 's) (ADVP (RB just)))) (, ,) (IP (-DFL- \+))) (NP-SBJ (PRP it)) (VP (BES 's) (RS (-DFL- \])) (NP-PRD (NP (CD four) (NNS yards)) (, ,) (NP (CD three) (NNS yards)) (NP (CD eight) (NNS yards)) (, ,) (NP (NN tackle)))) (. .) (-DFL- E_S))",132
sw05utt/sw_0576_4363.utt,4/sw4363,4363,88,b,A,51,1,Right. /,[ Right/UH ] ./.,(INTJ (UH Right) (. .) (-DFL- E_S)),134
sw05utt/sw_0576_4363.utt,4/sw4363,4363,89,+,B,52,1,"-- eight yards, tackle.  /","--/:  [ eight/CD yards/NNS ] ,/,  [ tackle/NN ] ./.","(S (EDITED (RM (-DFL- \[)) (S (NP-SBJ (PRP It)) (VP-UNF (BES 's) (ADVP (RB just)))) (, ,) (IP (-DFL- \+))) (NP-SBJ (PRP it)) (VP (BES 's) (RS (-DFL- \])) (NP-PRD (NP (CD four) (NNS yards)) (, ,) (NP (CD three) (NNS yards)) (NP (CD eight) (NNS yards)) (, ,) (NP (NN tackle)))) (. .) (-DFL- E_S))",132
sw05utt/sw_0576_4363.utt,4/sw4363,4363,90,sv,B,52,2,"[ That's, +  {D you know, } it ] gets kind of monotonous.  /","[ That/DT ] 's/BES ,/,  [ you/PRP ] know/VBP ,/,  [ it/PRP ] gets/VBZ  [ kind/RB ] of/RB  [ monotonous/JJ ] ./.","(S (EDITED (RM (-DFL- \[)) (S (NP-SBJ (DT That)) (VP-UNF (BES 's))) (, ,) (IP (-DFL- \+))) (PRN (S (NP-SBJ (PRP you)) (VP (VBP know))) (, ,)) (NP-SBJ (PRP it)) (RS (-DFL- \])) (VP (VBZ gets) (ADJP-PRD (ADVP (RB kind) (RB of)) (JJ monotonous))) (. .) (-DFL- E_S))",136
sw05utt/sw_0576_4363.utt,4/sw4363,4363,91,sv,B,52,3,"After awhile, [ I, + I ] prefer [ forty, +  a nice forty ] yard flea flicker every now and  then [ just, + just  ] # to # --","After/IN awhile/RB ,/,  [ I/PRP ] ,/,  [ I/PRP ] prefer/VBP  [ forty/CD ] ,/,  [ a/DT nice/JJ forty/CD yard/NN flea/NN ] flicker/NN  [ every/DT ] now/RB and/CC then/RB just/RB ,/, just/RB to/TO --/:","(S (PP-TMP (IN After) (ADVP (RB awhile))) (, ,) (EDITED (RM (-DFL- \[)) (NP-SBJ (PRP I)) (, ,) (IP (-DFL- \+))) (NP-SBJ (PRP I)) (RS (-DFL- \])) (VP (VBP prefer) (EDITED (RM (-DFL- \[)) (NP-UNF (CD forty)) (, ,) (IP (-DFL- \+))) (NP-1 (DT a) (JJ nice) (ADJP (CD forty) (RS (-DFL- \])) (NN yard)) (NN flea) (NN flicker)) (ADVP-TMP (DT every) (RB now) (CC and) (RB then)) (S-PRP (EDITED (RM (-DFL- \[)) (ADVP (RB just)) (, ,) (IP (-DFL- \+))) (ADVP (RB just)) (RS (-DFL- \])) (NP-SBJ (-NONE- *-1)) (VP (TO to) (VP (VB juice) (NP (PRP it)) (PRT (RP up)) (NP-ADV (DT a) (JJ little) (NN bit)))))) (-DFL- E_S))",137
sw05utt/sw_0576_4363.utt,4/sw4363,4363,92,b,A,53,1,# Sure. # /,[ Sure/UH ] ./.,(INTJ (UH Sure) (. .) (-DFL- E_S)),139
sw05utt/sw_0576_4363.utt,4/sw4363,4363,93,+,B,54,1,-- juice it up a little bit  /,--/: juice/VB  [ it/PRP ] up/RP  [ a/DT little/JJ bit/NN ],"(S (PP-TMP (IN After) (ADVP (RB awhile))) (, ,) (EDITED (RM (-DFL- \[)) (NP-SBJ (PRP I)) (, ,) (IP (-DFL- \+))) (NP-SBJ (PRP I)) (RS (-DFL- \])) (VP (VBP prefer) (EDITED (RM (-DFL- \[)) (NP-UNF (CD forty)) (, ,) (IP (-DFL- \+))) (NP-1 (DT a) (JJ nice) (ADJP (CD forty) (RS (-DFL- \])) (NN yard)) (NN flea) (NN flicker)) (ADVP-TMP (DT every) (RB now) (CC and) (RB then)) (S-PRP (EDITED (RM (-DFL- \[)) (ADVP (RB just)) (, ,) (IP (-DFL- \+))) (ADVP (RB just)) (RS (-DFL- \])) (NP-SBJ (-NONE- *-1)) (VP (TO to) (VP (VB juice) (NP (PRP it)) (PRT (RP up)) (NP-ADV (DT a) (JJ little) (NN bit)))))) (-DFL- E_S))",137
sw05utt/sw_0576_4363.utt,4/sw4363,4363,94,%,B,54,2,"[ {C and } + # {C but, } #  ] -/","and/CC but/CC ,/,","(S-UNF (EDITED (RM (-DFL- \[)) (CC and) (IP (-DFL- \+))) (CC but) (, ,) (RS (-DFL- \])) (-DFL- N_S))",141
sw05utt/sw_0576_4363.utt,4/sw4363,4363,95,sv,A,55,1,"# {D Well, } # I think they're starting to realize that.  /","Well/UH ,/,  [ I/PRP ] think/VBP  [ they/PRP ] 're/VBP starting/VBG to/TO realize/VB  [ that/IN ] ./.","(S (INTJ (UH Well)) (, ,) (NP-SBJ (PRP I)) (VP (VBP think) (SBAR (-NONE- 0) (S (NP-SBJ-1 (PRP they)) (VP (VBP 're) (VP (VBG starting) (S (NP-SBJ (-NONE- *-1)) (VP (TO to) (VP (VB realize) (NP (IN that)))))))))) (. .) (-DFL- E_S))",143
sw05utt/sw_0576_4363.utt,4/sw4363,4363,96,sv,A,55,2,"A lot of  [ the, + {D like } the  ] big eight teams that used to run so much.  I think they're starting to realize that they just can't compete anymore. /","[ A/DT lot/NN ] of/IN  [ the/DT ] ,/, like/UH  [ the/DT big/JJ eight/CD teams/NNS ] [ that/WDT ] used/VBD to/TO run/VB so/RB much/RB ./.  [ I/PRP ] think/VBP  [ they/PRP ] 're/VBP starting/VBG to/TO realize/VB that/IN  [ they/PRP ] just/RB ca/MD n't/RB compete/VB anymore/RB ./.","(S (NP-TPC (NP (DT A) (NN lot)) (PP (IN of) (EDITED (RM (-DFL- \[)) (NP-UNF (DT the)) (, ,) (IP (-DFL- \+))) (INTJ (UH like)) (NP (NP (DT the) (RS (-DFL- \])) (JJ big) (CD eight) (NNS teams)) (SBAR (WHNP-1 (WDT that)) (S (NP-SBJ-2 (-NONE- *T*-1)) (VP (VBD used) (S (NP-SBJ (-NONE- *-2)) (VP (TO to) (VP (VB run) (ADVP (RB so) (RB much))))))))))) (. .) (NP-SBJ (PRP I)) (VP (VBP think) (SBAR (-NONE- 0) (S (NP-SBJ-3 (PRP they)) (VP (VBP 're) (VP (VBG starting) (S (NP-SBJ (-NONE- *-3)) (VP (TO to) (VP (VB realize) (SBAR (IN that) (S (NP-SBJ (PRP they)) (ADVP (RB just)) (VP (MD ca) (RB n't) (VP (VB compete) (ADVP-TMP (RB anymore)))))))))))))) (. .) (-DFL- E_S))",144
sw05utt/sw_0576_4363.utt,4/sw4363,4363,97,b,B,56,1,Yeah.  /,Yeah/UH ./.,(INTJ (UH Yeah) (. .) (-DFL- E_S)),119
sw05utt/sw_0576_4363.utt,4/sw4363,4363,98,sv,B,56,2,It's high dollar.  /,[ It/PRP ] [ 's/BES high/JJ dollar/NN ] ./.,(S (NP-SBJ (PRP It)) (VP (BES 's) (NP-PRD (JJ high) (NN dollar))) (. .) (-DFL- E_S)),147
sw05utt/sw_0576_4363.utt,4/sw4363,4363,99,sv,B,56,3,"{D You know, } [ it's all, + it's all  ] money now.  /","[ You/PRP ] know/VBP ,/,  [ it/PRP ] 's/BES  [ all/DT ] ,/,  [ it/PRP ] 's/BES  [ all/DT money/NN ] now/RB ./.","(S (PRN (S (NP-SBJ (PRP You)) (VP (VBP know))) (, ,)) (EDITED (RM (-DFL- \[)) (S (NP-SBJ (PRP it)) (VP-UNF (BES 's) (DT all))) (, ,) (IP (-DFL- \+))) (NP-SBJ (PRP it)) (VP (BES 's) (DT all) (RS (-DFL- \])) (NP-PRD (NN money)) (ADVP-TMP (RB now))) (. .) (-DFL- E_S))",148
sw05utt/sw_0576_4363.utt,4/sw4363,4363,100,sd,B,56,4,Even college # is all # --,[ Even/RB college/NN ] is/VBZ  [ all/DT ] --/:,(S (NP-SBJ (RB Even) (NN college)) (VP (VBZ is) (ADVP (DT all)) (SQ-SEZ-PRD (MD can) (NP-SBJ (PRP we)) (VP (VB get) (PP (IN on) (NP (NN T) (NN V)))))) (-DFL- E_S)),149
sw05utt/sw_0576_4363.utt,4/sw4363,4363,101,b,A,57,1,# Right. # /,[ Right/UH ] ./.,(INTJ (UH Right) (. .) (-DFL- E_S)),134
sw05utt/sw_0576_4363.utt,4/sw4363,4363,102,+,B,58,1,-- can we get on T V  /,--/: can/MD  [ we/PRP ] get/VB on/IN  [ T/NN V/NN ],(S (NP-SBJ (RB Even) (NN college)) (VP (VBZ is) (ADVP (DT all)) (SQ-SEZ-PRD (MD can) (NP-SBJ (PRP we)) (VP (VB get) (PP (IN on) (NP (NN T) (NN V)))))) (-DFL- E_S)),149
sw05utt/sw_0576_4363.utt,4/sw4363,4363,103,%,B,58,2,{C so. } -/,so/RB ./.,(S-UNF (RB so) (. .) (-DFL- N_S)),153
sw05utt/sw_0576_4363.utt,4/sw4363,4363,104,b,A,59,1,Yeah. /,Yeah/UH ./.,(INTJ (UH Yeah) (. .) (-DFL- E_S)),123
sw05utt/sw_0576_4363.utt,4/sw4363,4363,105,%,B,60,1,"[ That's, + # that's,  ] # -/","[ That/DT ] 's/BES ,/,  [ that/DT ] 's/BES ,/,","(S (EDITED (RM (-DFL- \[)) (S (NP-SBJ (DT That)) (VP-UNF (BES 's))) (, ,) (IP (-DFL- \+))) (NP-SBJ (DT that)) (VP-UNF (BES 's)) (, ,) (RS (-DFL- \])) (-DFL- N_S))",157
sw05utt/sw_0576_4363.utt,4/sw4363,4363,106,%,A,61,1,"# {C So, } # {F uh, } what's d-, - /","So/UH ,/,  [ uh/UH ] ,/,  [ what/WP ] 's/BES  [ d-/XX ] ,/,","(SBARQ (RB So) (, ,) (INTJ (UH uh)) (, ,) (WHNP (WP what)) (SQ-UNF (BES 's) (X (XX d-))) (, ,) (-DFL- N_S))",159
sw05utt/sw_0576_4363.utt,4/sw4363,4363,107,qy,A,61,2,this World League is coming in?  /,[ this/DT World/NNP League/NNP ] is/VBZ coming/VBG in/IN ?/.,(S (NP-SBJ (DT this) (NNP World) (NNP League)) (VP (VBZ is) (VP (VBG coming) (ADVP (IN in)))) (. ?) (-DFL- E_S)),160
sw05utt/sw_0576_4363.utt,4/sw4363,4363,108,qy^g,A,61,3,"{F Uh, } that's getting ready to start up, right? /","[ Uh/UH ] ,/,  [ that/WDT ] 's/BES getting/VBG  [ ready/JJ ] to/TO start/VB up/RP ,/, right/JJ ?/.","(S (INTJ (UH Uh)) (, ,) (NP-SBJ-1 (WDT that)) (VP (BES 's) (VP (VBG getting) (ADJP-PRD (JJ ready) (S (NP-SBJ (-NONE- *-1)) (VP (TO to) (VP (VB start) (PRT (RP up)))))) (, ,) (INTJ (JJ right)))) (. ?) (-DFL- E_S))",161
sw05utt/sw_0576_4363.utt,4/sw4363,4363,109,na,B,62,1,Right.  /,[ Right/UH ] ./.,(INTJ (UH Right) (. .) (-DFL- E_S)),134
sw05utt/sw_0576_4363.utt,4/sw4363,4363,110,ny,B,62,2,Yeah. /,Yeah/UH ./.,(INTJ (UH Yeah) (. .) (-DFL- E_S)),131
sw05utt/sw_0576_4363.utt,4/sw4363,4363,111,qy,A,63,1,Have you followed that very much  /,Have/VBP  [ you/PRP ] followed/VBN that/DT very/RB much/RB,(SQ (VBP Have) (NP-SBJ (PRP you)) (VP (VBN followed) (NP (DT that)) (ADVP (RB very) (RB much))) (-DFL- E_S)),166
sw05utt/sw_0576_4363.utt,4/sw4363,4363,112,%,A,63,2,"{C or, } -/","or/CC ,/,","(S-UNF (CC or) (, ,) (-DFL- N_S))",167
sw05utt/sw_0576_4363.utt,4/sw4363,4363,113,ng,B,64,1,"{F Uh, } not really.  /","[ Uh/UH ] ,/, not/RB really/RB ./.","(FRAG (INTJ (UH Uh)) (, ,) (ADVP (RB not) (RB really)) (. .) (-DFL- E_S))",169
sw05utt/sw_0576_4363.utt,4/sw4363,4363,114,sv,B,64,2,"[ I, + I  ] don't think anything will ever take over the N F L.  /","[ I/PRP ] ,/,  [ I/PRP ] do/VBP n't/RB think/VB  [ anything/NN ] will/MD ever/RB take/VB over/RB  [ the/DT N/NNP F/NNP L/NNP ] ./.","(S (EDITED (RM (-DFL- \[)) (NP-SBJ (PRP I)) (, ,) (IP (-DFL- \+))) (NP-SBJ (PRP I)) (RS (-DFL- \])) (VP (VBP do) (RB n't) (VP (VB think) (SBAR (-NONE- 0) (S (NP-SBJ (NN anything)) (VP (MD will) (ADVP-TMP (RB ever)) (VP (VB take) (PRT (RB over)) (NP (DT the) (NNP N) (NNP F) (NNP L)))))))) (. .) (-DFL- E_S))",170
sw05utt/sw_0576_4363.utt,4/sw4363,4363,115,sv,B,64,3,I think --,[ I/PRP ] think/VBP --/:,"(S (INTJ (UH Well)) (, ,) (NP-SBJ (PRP I)) (VP (VBP think) (SBAR (-NONE- 0) (S (NP-SBJ-1 (PRP they)) (VP (VBP 're) (VP (VBG starting) (S (NP-SBJ (-NONE- *-1)) (VP (TO to) (VP (VB realize) (NP (IN that)))))))))) (. .) (-DFL- E_S))",143
sw05utt/sw_0576_4363.utt,4/sw4363,4363,116,b,A,65,1,Yeah. /,Yeah/UH ./.,(INTJ (UH Yeah) (. .) (-DFL- E_S)),146
sw05utt/sw_0576_4363.utt,4/sw4363,4363,117,+,B,66,1,"-- [ [ it's basically, + {D you know, } it's,  ] + it's  ] an institution.  /","--/:  [ it/PRP ] 's/BES basically/RB ,/,  [ you/PRP ] know/VBP ,/,  [ it/PRP ] 's/BES ,/,  [ it/PRP ] 's/BES  [ an/DT institution/NN ] ./.","(S (NP-SBJ (PRP I)) (VP (VBP think) (SBAR (-NONE- 0) (S (EDITED (RM (-DFL- \[)) (EDITED (RM (-DFL- \[)) (S (NP-SBJ (PRP it)) (VP-UNF (BES 's) (ADVP (RB basically)))) (, ,) (IP (-DFL- \+))) (S (PRN (S (NP-SBJ (PRP you)) (VP (VBP know))) (, ,)) (NP-SBJ (PRP it)) (VP-UNF (BES 's))) (, ,) (RS (-DFL- \])) (IP (-DFL- \+))) (NP-SBJ (PRP it)) (VP (BES 's) (RS (-DFL- \])) (NP-PRD (DT an) (NN institution)))))) (. .) (-DFL- E_S))",171
sw05utt/sw_0576_4363.utt,4/sw4363,4363,118,sv,B,66,2,It's like if we tried to start something to take over major league baseball.  /,[ It/PRP ] [ 's/BES ] like/IN if/IN  [ we/PRP ] tried/VBD to/TO start/VB  [ something/NN ] to/TO take/VB over/RP  [ major/JJ league/NN baseball/NN ] ./.,(S (NP-SBJ (PRP It)) (VP (BES 's) (PP-PRD (IN like) (SBAR (IN if) (S (NP-SBJ-1 (PRP we)) (VP (VBD tried) (S (NP-SBJ-2 (-NONE- *-1)) (VP (TO to) (VP (VB start) (NP (NN something)) (S-PRP (NP-SBJ (-NONE- *-2)) (VP (TO to) (VP (VB take) (PRT (RP over)) (NP (JJ major) (NN league) (NN baseball))))))))))))) (. .) (-DFL- E_S)),175
sw05utt/sw_0576_4363.utt,4/sw4363,4363,119,%,B,66,3,"[ It's just, + I just, ] {D you know. } -/","[ It/PRP ] 's/BES just/RB ,/,  [ I/PRP ] just/RB ,/,  [ you/PRP ] know/VBP ./.","(S-UNF (EDITED (RM (-DFL- \[)) (S (NP-SBJ (PRP It)) (VP-UNF (BES 's) (ADVP (RB just)))) (, ,) (IP (-DFL- \+))) (NP-SBJ (PRP I)) (ADVP (RB just)) (, ,) (RS (-DFL- \])) (PRN (S (NP-SBJ (PRP you)) (VP (VBP know)))) (. .) (-DFL- N_S))",176
sw05utt/sw_0576_4363.utt,4/sw4363,4363,120,b,A,67,1,Yeah. /,Yeah/UH ./.,(INTJ (UH Yeah) (. .) (-DFL- E_S)),146
sw05utt/sw_0576_4363.utt,4/sw4363,4363,121,sv,B,68,1,"{E I mean, } [ [ [ it, + it, ] + it  can be, ] + it can  ] take over part of it.  /","[ I/PRP ] mean/VBP ,/,  [ it/PRP ] ,/,  [ it/PRP ] ,/,  [ it/PRP ] can/MD be/VB ,/,  [ it/PRP ] can/MD take/VB over/RP  [ part/NN ] of/IN  [ it/PRP ] ./.","(S (PRN (S (NP-SBJ (PRP I)) (VP (VBP mean))) (, ,)) (EDITED (RM (-DFL- \[)) (EDITED (RM (-DFL- \[)) (EDITED (RM (-DFL- \[)) (NP-SBJ (PRP it)) (, ,) (IP (-DFL- \+))) (NP-SBJ (PRP it)) (, ,) (RS (-DFL- \])) (IP (-DFL- \+))) (S (NP-SBJ (PRP it)) (VP (MD can) (VP-UNF (VB be)))) (, ,) (RS (-DFL- \])) (IP (-DFL- \+))) (NP-SBJ (PRP it)) (VP (MD can) (RS (-DFL- \])) (VP (VB take) (PRT (RP over)) (NP (NP (NN part)) (PP (IN of) (NP (PRP it)))))) (. .) (-DFL- E_S))",180
sw05utt/sw_0576_4363.utt,4/sw4363,4363,122,sv,B,68,2,"{C But } it's never going to be # the next, # -/","But/CC  [ it/PRP ] 's/BES never/RB going/VBG to/TO be/VB  [ the/DT next/JJ ] ,/,","(S (CC But) (NP-SBJ-1 (PRP it)) (VP (BES 's) (ADVP-TMP (RB never)) (VP (VBG going) (S (NP-SBJ (-NONE- *-1)) (VP (TO to) (VP (VB be) (NP-UNF-PRD (DT the) (JJ next))))))) (, ,) (-DFL- N_S))",181
sw05utt/sw_0576_4363.utt,4/sw4363,4363,123,aa,A,69,1,# Right.  /,[ Right/UH ] ./.,(INTJ (UH Right) (. .) (-DFL- E_S)),151
sw05utt/sw_0576_4363.utt,4/sw4363,4363,124,sv,A,69,2,It can # take over a small market # share  /,[ It/PRP ] can/MD take/VB over/RP  [ a/DT small/JJ market/NN share/NN ],(S (NP-SBJ (PRP It)) (VP (MD can) (VP (VB take) (PRT (RP over)) (NP (DT a) (JJ small) (NN market) (NN share)))) (-DFL- E_S)),184
sw05utt/sw_0576_4363.utt,4/sw4363,4363,125,%,A,69,3,"{C but } nothing really, # -/","but/CC  [ nothing/NN ] really/RB ,/,","(S-UNF (CC but) (NP-SBJ (NN nothing)) (ADVP (RB really)) (, ,) (-DFL- N_S))",185
sw05utt/sw_0576_4363.utt,4/sw4363,4363,126,b,B,70,1,# Yeah.  /,Yeah/UH ./.,(INTJ (UH Yeah) (. .) (-DFL- E_S)),155
sw05utt/sw_0576_4363.utt,4/sw4363,4363,127,sv,B,70,2,((   ))  # it's going to take a little bit.  /,[ MUMBLEx/XX ] [ it/PRP ] 's/BES going/VBG to/TO take/VB  [ a/DT little/JJ bit/NN ] ./.,(S (X (XX MUMBLEx)) (NP-SBJ-1 (PRP it)) (VP (BES 's) (VP (VBG going) (S (NP-SBJ (-NONE- *-1)) (VP (TO to) (VP (VB take) (NP (DT a) (JJ little) (NN bit))))))) (. .) (-DFL- E_S)),188
sw05utt/sw_0576_4363.utt,4/sw4363,4363,128,sv,B,70,3,Some people are going to watch it  /,[ Some/DT people/NNS ] are/VBP going/VBG to/TO watch/VB  [ it/PRP ],(S (NP-SBJ-1 (DT Some) (NNS people)) (VP (VBP are) (VP (VBG going) (S (NP-SBJ (-NONE- *-1)) (VP (TO to) (VP (VB watch) (NP (PRP it))))))) (-DFL- E_S)),189
sw05utt/sw_0576_4363.utt,4/sw4363,4363,129,sv,B,70,4,"{C but } it's not going to be wide spread super bowl and every Sunday afternoon or anything, {D you know. } /","but/CC  [ it/PRP ] 's/BES not/RB going/VBG to/TO be/VB wide/RB spread/VBN  [ super/GW bowl/^NNP ] and/CC  [ every/DT Sunday/NNP afternoon/NN ] or/CC  [ anything/NN ] ,/,  [ you/PRP ] know/VBP ./.","(S (CC but) (NP-SBJ-1 (PRP it)) (VP (BES 's) (RB not) (VP (VBG going) (S (NP-SBJ (-NONE- *-1)) (VP (TO to) (VP (VB be) (NP-PRD (NP (ADJP (RB wide) (VBN spread)) (GW super) (^NNP bowl)) (CC and) (NP-TMP (DT every) (NNP Sunday) (NN afternoon)) (CC or) (NP (NN anything))) (PRN (, ,) (S (NP-SBJ (PRP you)) (VP (VBP know))))))))) (. .) (-DFL- E_S))",190
sw05utt/sw_0576_4363.utt,4/sw4363,4363,130,b,A,71,1,Right. /,[ Right/UH ] ./.,(INTJ (UH Right) (. .) (-DFL- E_S)),163
sw05utt/sw_0576_4363.utt,4/sw4363,4363,131,sv,B,72,1,"[ It's just, + it's  ] never going to reach [  that, +  that ] standard  /","[ It/PRP ] 's/BES just/RB ,/,  [ it/PRP ] 's/BES never/RB going/VBG to/TO reach/VB that/DT ,/, that/DT  [ standard/NN ]","(S (EDITED (RM (-DFL- \[)) (S (NP-SBJ (PRP It)) (VP-UNF (BES 's) (ADVP (RB just)))) (, ,) (IP (-DFL- \+))) (NP-SBJ-1 (PRP it)) (VP (BES 's) (RS (-DFL- \])) (ADVP-TMP (RB never)) (VP (VBG going) (S (NP-SBJ (-NONE- *-1)) (VP (TO to) (VP (VB reach) (EDITED (RM (-DFL- \[)) (NP-UNF (DT that)) (, ,) (IP (-DFL- \+))) (NP (DT that) (RS (-DFL- \])) (NN standard))))))) (-DFL- E_S))",194
sw05utt/sw_0576_4363.utt,4/sw4363,4363,132,%,B,72,2,"{C but, } -/","but/CC ,/,","(S-UNF (CC but) (, ,) (-DFL- N_S))",195
sw05utt/sw_0576_4363.utt,4/sw4363,4363,133,aa,A,73,1,Yeah.  /,Yeah/UH ./.,(INTJ (UH Yeah) (. .) (-DFL- E_S)),164
sw05utt/sw_0576_4363.utt,4/sw4363,4363,134,aa,A,73,2,I think I agree with you.  /,[ I/PRP ] think/VBP  [ I/PRP ] agree/VBP with/IN  [ you/PRP ] ./.,(S (NP-SBJ (PRP I)) (VP (VBP think) (SBAR (-NONE- 0) (S (NP-SBJ (PRP I)) (VP (VBP agree) (PP (IN with) (NP (PRP you))))))) (. .) (-DFL- E_S)),198
sw05utt/sw_0576_4363.utt,4/sw4363,4363,135,sd,A,73,3,"[ It's, + it's  ] kind of interesting  [ to see, + {F uh, } to see  ] their claim of, {D you know, } {D like } world football.  /","[ It/PRP ] 's/BES ,/,  [ it/PRP ] 's/BES  [ kind/RB ] of/RB  [ interesting/JJ ] to/TO see/VB ,/,  [ uh/UH ] ,/, to/TO see/VB  [ their/PRP$ claim/NN ] of/IN ,/,  [ you/PRP ] know/VBP ,/, like/UH  [ world/NN football/NN ] ./.","(S (EDITED (RM (-DFL- \[)) (S (NP-SBJ (PRP It)) (VP-UNF (BES 's))) (, ,) (IP (-DFL- \+))) (NP-SBJ (NP (PRP it)) (S (-NONE- *EXP*-1))) (VP (BES 's) (RS (-DFL- \])) (ADJP-PRD (ADVP (RB kind) (RB of)) (JJ interesting)) (S-1 (NP-SBJ (-NONE- *)) (EDITED (RM (-DFL- \[)) (VP (TO to) (VP-UNF (VB see))) (, ,) (IP (-DFL- \+))) (INTJ (UH uh)) (, ,) (VP (TO to) (VP (VB see) (RS (-DFL- \])) (NP (NP (PRP$ their) (NN claim)) (PP (IN of) (PRN (, ,) (S (NP-SBJ (PRP you)) (VP (VBP know))) (, ,)) (INTJ (UH like)) (NP (NN world) (NN football)))))))) (. .) (-DFL- E_S))",199
sw05utt/sw_0576_4363.utt,4/sw4363,4363,136,sd,A,73,4,"{C But, } when in reality, it's really Americans playing somewhere else # <laughter> {D you know } <laughter>. # -/","But/CC ,/, when/WRB in/IN  [ reality/NN ] ,/,  [ it/PRP ] 's/BES really/RB  [ Americans/NNPS ] playing/VBG somewhere/RB else/RB  [ you/PRP ] know/VBP ./.","(S-UNF (CC But) (, ,) (SBAR-TMP (WHADVP-1 (WRB when)) (S (PP (IN in) (NP (NN reality))) (, ,) (NP-SBJ (PRP it)) (VP (BES 's) (ADVP (RB really)) (NP-PRD (NP (NNPS Americans)) (VP (VBG playing) (ADVP-LOC (ADVP (RB somewhere)) (ADVP (RB else))))) (ADVP-TMP (-NONE- *T*-1))))) (PRN (S (NP-SBJ (PRP you)) (VP (VBP know)))) (. .) (-DFL- N_S))",200
sw05utt/sw_0576_4363.utt,4/sw4363,4363,137,aa,B,74,1,"# Yeah,  /","Yeah/UH ,/,","(INTJ (UH Yeah) (, ,) (-DFL- E_S))",202
sw05utt/sw_0576_4363.utt,4/sw4363,4363,138,aa,B,74,2,<laughter> yeah.  /,yeah/UH ./.,(INTJ (UH yeah) (. .) (-DFL- E_S)),203
sw05utt/sw_0576_4363.utt,4/sw4363,4363,139,sv,B,74,3,"# [ It's kind of, + it's kind of  ] strange.  /","[ It/PRP ] [ 's/BES kind/RB ] of/RB ,/,  [ it/PRP ] 's/BES  [ kind/RB ] of/RB  [ strange/JJ ] ./.","(S (EDITED (RM (-DFL- \[)) (S (NP-SBJ (PRP It)) (VP-UNF (BES 's) (ADVP (RB kind) (RB of)))) (, ,) (IP (-DFL- \+))) (NP-SBJ (PRP it)) (VP (BES 's) (ADVP (RB kind) (RB of)) (RS (-DFL- \])) (ADJP-PRD (JJ strange))) (. .) (-DFL- E_S))",204
sw05utt/sw_0576_4363.utt,4/sw4363,4363,140,sv,B,74,4,"{F Uh, } I guess we're the only ones,","[ Uh/UH ] ,/,  [ I/PRP ] guess/VBP  [ we/PRP ] 're/VBP  [ the/DT only/JJ ones/NNS ] ,/,","(S (INTJ (UH Uh)) (, ,) (NP-SBJ (PRP I)) (VP (VBP guess) (SBAR (-NONE- 0) (S (NP-SBJ (PRP we)) (VP (VBP 're) (NP-PRD (NP (DT the) (JJ only) (NNS ones)) (, ,) (SBAR (WHNP-1 (WP who)) (S (NP-SBJ (-NONE- *T*-1)) (VP (VBP take) (NP (PRP it)) (ADVP (RB that) (RB far)))))))))) (. .) (-DFL- E_S))",205
sw05utt/sw_0576_4363.utt,4/sw4363.pos,4363,141,x,A,75,1,<Rustling>.,./.
sw05utt/sw_0576_4363.utt,4/sw4363,4363,142,+,B,76,1,who take it that far.  /,[ who/WP ] take/VBP  [ it/PRP ] that/RB far/RB ./.,"(S (INTJ (UH Uh)) (, ,) (NP-SBJ (PRP I)) (VP (VBP guess) (SBAR (-NONE- 0) (S (NP-SBJ (PRP we)) (VP (VBP 're) (NP-PRD (NP (DT the) (JJ only) (NNS ones)) (, ,) (SBAR (WHNP-1 (WP who)) (S (NP-SBJ (-NONE- *T*-1)) (VP (VBP take) (NP (PRP it)) (ADVP (RB that) (RB far)))))))))) (. .) (-DFL- E_S))",205
sw05utt/sw_0576_4363.utt,4/sw4363,4363,143,sv,B,76,2,Everybody else still nuts over soccer  /,[ Everybody/NN ] else/RB still/RB  [ nuts/JJ ] over/IN  [ soccer/NN ],(X (NP-SBJ (NP (NN Everybody)) (ADVP (RB else))) (ADVP-TMP (RB still)) (ADJP-PRD (JJ nuts) (PP (IN over) (NP (NN soccer)))) (-DFL- E_S)),208
sw05utt/sw_0576_4363.utt,4/sw4363,4363,144,%,B,76,3,"{C but, } -/","but/CC ,/,","(S-UNF (CC but) (, ,) (-DFL- N_S))",195
sw05utt/sw_0576_4363.utt,4/sw4363,4363,145,b,A,77,1,Yeah.  /,Yeah/UH ./.,(INTJ (UH Yeah) (. .) (-DFL- E_S)),173
sw05utt/sw_0576_4363.utt,4/sw4363,4363,146,sd,A,77,2,"Actually, {F uh, } I kind of like soccer.  /","Actually/UH ,/,  [ uh/UH ] ,/,  [ I/PRP ] [ kind/RB ] of/RB  [ like/VBP soccer/NN ] ./.","(S (ADVP (UH Actually)) (, ,) (INTJ (UH uh)) (, ,) (NP-SBJ (PRP I)) (ADVP (RB kind) (RB of)) (VP (VBP like) (NP (NN soccer))) (. .) (-DFL- E_S))",212
sw05utt/sw_0576_4363.utt,4/sw4363,4363,147,sd,A,77,3,# I've # --,[ I/PRP ] 've/VBP --/:,(S (NP-SBJ (PRP I)) (VP (VBP 've) (ADVP-TMP (RB never)) (ADVP (RB really)) (VP (VBN played) (NP (PRP it)))) (-DFL- E_S)),213
sw05utt/sw_0576_4363.utt,4/sw4363,4363,148,bh,B,78,1,# Yeah? # /,Yeah/UH ?/.,(INTJ (UH Yeah) (. ?) (-DFL- E_S)),215
sw05utt/sw_0576_4363.utt,4/sw4363,4363,149,+,A,79,1,-- never really played it  /,--/: never/RB really/RB played/VBN  [ it/PRP ],(S (NP-SBJ (PRP I)) (VP (VBP 've) (ADVP-TMP (RB never)) (ADVP (RB really)) (VP (VBN played) (NP (PRP it)))) (-DFL- E_S)),213
sw05utt/sw_0576_4363.utt,4/sw4363,4363,150,sd,A,79,2,"{C but, } {F uh, } I like the idea.  /","but/IN ,/,  [ uh/UH ] ,/,  [ I/PRP ] like/VBP  [ the/DT idea/NN ] ./.","(S (IN but) (, ,) (INTJ (UH uh)) (, ,) (NP-SBJ (PRP I)) (VP (VBP like) (NP (DT the) (NN idea))) (. .) (-DFL- E_S))",217
sw05utt/sw_0576_4363.utt,4/sw4363,4363,151,sv,A,79,3,"[ It's, + it's  ] an interesting game to watch.  /","[ It/PRP ] 's/BES ,/,  [ it/PRP ] 's/BES  [ an/DT interesting/JJ game/NN ] to/TO watch/VB ./.","(S (EDITED (RM (-DFL- \[)) (S (NP-SBJ (PRP It)) (VP-UNF (BES 's))) (, ,) (IP (-DFL- \+))) (NP-SBJ (PRP it)) (VP (BES 's) (RS (-DFL- \])) (NP-PRD (NP (DT an) (JJ interesting) (NN game)) (SBAR (WHNP-1 (-NONE- 0)) (S (NP-SBJ (-NONE- *)) (VP (TO to) (VP (VB watch) (NP (-NONE- *T*-1)))))))) (. .) (-DFL- E_S))",218
sw05utt/sw_0576_4363.utt,4/sw4363,4363,152,sv,A,79,4,That and rugby.  /,That/DT and/CC  [ rugby/NN ] ./.,(NP (NP (DT That)) (CC and) (NP (NN rugby)) (. .) (-DFL- E_S)),219
sw05utt/sw_0576_4363.utt,4/sw4363,4363,153,sd,A,79,5,"I've like to watch,","[ I/PRP ] 've/VBP like/VB to/TO watch/VB ,/,","(S (NP-SBJ-1 (PRP I)) (EDITED (VP-UNF (VBP 've))) (VP (VB like) (S (NP-SBJ (-NONE- *-1)) (VP (TO to) (VP (VB watch) (, ,) (NP (NN rugby)) (ADVP-TMP (DT every) (RB now) (CC and) (RB then)))))) (. .) (-DFL- E_S))",220
sw05utt/sw_0576_4363.utt,4/sw4363.pos,4363,154,x,B,80,1,<Laughter>.,./.
sw05utt/sw_0576_4363.utt,4/sw4363,4363,155,+,A,81,1,rugby every # now and then. # /,[ rugby/NN ] [ every/DT ] now/RB and/CC then/RB ./.,"(S (NP-SBJ-1 (PRP I)) (EDITED (VP-UNF (VBP 've))) (VP (VB like) (S (NP-SBJ (-NONE- *-1)) (VP (TO to) (VP (VB watch) (, ,) (NP (NN rugby)) (ADVP-TMP (DT every) (RB now) (CC and) (RB then)))))) (. .) (-DFL- E_S))",220
sw05utt/sw_0576_4363.utt,4/sw4363,4363,156,b,B,82,1,# Yeah  /,[ Yeah/UH ],(INTJ (UH Yeah) (-DFL- E_S)),224
sw05utt/sw_0576_4363.utt,4/sw4363,4363,157,sd,B,82,2,or # Australian rules football.  /,or/CC  [ Australian/JJ rules/NNS football/NN ] ./.,(FRAG (CC or) (NP (JJ Australian) (NNS rules) (NN football)) (. .) (-DFL- E_S)),225
sw05utt/sw_0576_4363.utt,4/sw4363,4363,158,%,B,82,3,"That's, -/","[ That/DT ] 's/BES ,/,","(S (NP-SBJ (DT That)) (VP-UNF (BES 's)) (, ,) (-DFL- N_S))",226
sw05utt/sw_0576_4363.utt,4/sw4363,4363,159,b,A,83,1,"Yeah,  /","Yeah/UH ,/,","(INTJ (UH Yeah) (, ,) (-DFL- E_S))",202
sw05utt/sw_0576_4363.utt,4/sw4363,4363,160,h,A,83,2,whatever you want to call it there. /,[ whatever/WDT ] [ you/PRP ] want/VBP to/TO call/VB  [ it/PRP ] there/RB ./.,(SBAR-NOM (WHNP-2 (WDT whatever)) (S (NP-SBJ-1 (PRP you)) (VP (VBP want) (S (NP-SBJ (-NONE- *-1)) (VP (TO to) (VP (VB call) (S (NP-SBJ (PRP it)) (NP-PRD (-NONE- *T*-2))) (ADVP (RB there))))))) (. .) (-DFL- E_S)),229
sw05utt/sw_0576_4363.utt,4/sw4363,4363,161,b,B,84,1,Yeah.  /,Yeah/UH ./.,(INTJ (UH Yeah) (. .) (-DFL- E_S)),197
sw05utt/sw_0576_4363.utt,4/sw4363,4363,162,sv,B,84,2,That's some brutal stuff there.  /,[ That/DT ] 's/BES  [ some/DT brutal/JJ stuff/NN ] there/RB ./.,(S (NP-SBJ (DT That)) (VP (BES 's) (NP-PRD (DT some) (JJ brutal) (NN stuff)) (ADVP (RB there))) (. .) (-DFL- E_S)),232
sw05utt/sw_0576_4363.utt,4/sw4363,4363,163,sv,B,84,3,"[ That's, + that's  ] worse than football as # far as violence I think.  /","[ That/DT ] 's/BES ,/,  [ that/DT ] 's/BES worse/JJR than/IN  [ football/NN ] as/RB far/RB as/IN  [ violence/NN ] [ I/PRP ] think/VBP ./.","(S (S-TPC-1 (EDITED (RM (-DFL- \[)) (S (NP-SBJ (DT That)) (VP-UNF (BES 's))) (, ,) (IP (-DFL- \+))) (NP-SBJ (DT that)) (VP (BES 's) (RS (-DFL- \])) (ADJP-PRD (ADJP (JJR worse)) (PP (IN than) (NP (NN football)))) (ADVP (ADVP (RB as) (RB far)) (PP (IN as) (NP (NN violence)))))) (NP-SBJ (PRP I)) (VP (VBP think) (SBAR (-NONE- 0) (S (-NONE- *T*-1)))) (. .) (-DFL- E_S))",233
sw05utt/sw_0576_4363.utt,4/sw4363,4363,164,fe,B,84,4,Golly.  /,Golly/UH ./.,(INTJ (UH Golly) (. .) (-DFL- E_S)),234
sw05utt/sw_0576_4363.utt,4/sw4363,4363,165,sv,B,84,5,Those guys kill each other out there.  /,[ Those/DT guys/NNS ] kill/VBP  [ each/DT other/JJ ] out/IN there/RB ./.,(S (NP-SBJ (DT Those) (NNS guys)) (VP (VBP kill) (NP (DT each) (JJ other)) (PP-LOC (IN out) (ADVP (RB there)))) (. .) (-DFL- E_S)),235
sw05utt/sw_0576_4363.utt,4/sw4363,4363,166,sv,B,84,6,Rugby is something else. # /,[ Rugby/NN ] is/VBZ  [ something/NN ] else/RB ./.,(S (NP-SBJ (NN Rugby)) (VP (VBZ is) (NP-PRD (NP (NN something)) (ADVP (RB else)))) (. .) (-DFL- E_S)),236
sw05utt/sw_0576_4363.utt,4/sw4363,4363,167,aa,A,85,1,"# Yeah, <laughter>  ((   )) .  /","[ Yeah/UH ] ,/,  [ MUMBLEx/XX ] ./.","(FRAG (INTJ (UH Yeah)) (, ,) (X (XX MUMBLEx)) (. .) (-DFL- E_S))",238
sw05utt/sw_0576_4363.utt,4/sw4363,4363,168,aa,A,85,2,"Yeah,  /","[ Yeah/UH ] ,/,","(INTJ (UH Yeah) (, ,) (-DFL- E_S))",202
sw05utt/sw_0576_4363.utt,4/sw4363,4363,169,sv,A,85,3,[ there's an element # + there's definitely an element  ] of stupidity in there somewhere # <laughter>. # /,[ there/EX ] 's/BES  [ an/DT element/NN ] [ there/EX ] 's/BES definitely/RB  [ an/DT element/NN ] of/IN  [ stupidity/NN ] in/IN there/RB somewhere/RB ./.,(S (EDITED (RM (-DFL- \[)) (S (NP-SBJ (EX there)) (VP (BES 's) (NP-UNF-PRD (DT an) (NN element)))) (IP (-DFL- \+))) (NP-SBJ (EX there)) (VP (BES 's) (ADVP (RB definitely)) (NP-PRD (NP (DT an) (NN element)) (RS (-DFL- \])) (PP (IN of) (NP (NN stupidity))) (PP-LOC (IN in) (ADVP (RB there)) (ADVP-LOC (RB somewhere))))) (. .) (-DFL- E_S)),240
sw05utt/sw_0576_4363.utt,4/sw4363,4363,170,b,B,86,1,# <Laughter> Yeah.  /,Yeah/UH ./.,(INTJ (UH Yeah) (. .) (-DFL- E_S)),211
sw05utt/sw_0576_4363.utt,4/sw4363,4363,171,sv,B,86,2,# That's just wild.  /,[ That/DT ] 's/BES just/RB wild/JJ ./.,(S (NP-SBJ (DT That)) (VP (BES 's) (ADVP (RB just)) (ADJP-PRD (JJ wild))) (. .) (-DFL- E_S)),243
sw05utt/sw_0576_4363.utt,4/sw4363,4363,172,sv,B,86,3,"That's why it's [ a go-, + a  ] big college thing. /","[ That/DT ] 's/BES why/WRB  [ it/PRP ] 's/BES  [ a/DT go-/XX ] ,/,  [ a/DT big/JJ college/NN thing/NN ] ./.","(S (NP-SBJ (DT That)) (VP (BES 's) (SBAR-PRP-PRD (WHADVP-1 (WRB why)) (S (NP-SBJ (PRP it)) (VP (BES 's) (EDITED (RM (-DFL- \[)) (NP-PRD-UNF (DT a) (XX go-)) (, ,) (IP (-DFL- \+))) (NP-PRD (DT a) (RS (-DFL- \])) (JJ big) (NN college) (NN thing)) (ADVP-PRP (-NONE- *T*-1)))))) (. .) (-DFL- E_S))",244
sw05utt/sw_0576_4363.utt,4/sw4363,4363,173,b,A,87,1,Yeah  /,Yeah/UH,(INTJ (UH Yeah) (-DFL- E_S)),224
sw05utt/sw_0576_4363.utt,4/sw4363.pos,4363,174,x,A,87,2,<laughter>.,./.
sw05utt/sw_0576_4363.utt,4/sw4363,4363,175,sv,B,88,1,Rugby is definitely big in college  /,[ Rugby/NN ] is/VBZ definitely/RB big/JJ in/IN  [ college/NN ],(S (NP-SBJ (NN Rugby)) (VP (VBZ is) (ADVP (RB definitely)) (ADJP-PRD (JJ big)) (PP-LOC (IN in) (NP (NN college))) (-DFL- E_S) (SBAR-PRP (IN because) (S (NP-SBJ (PRP it)) (VP (BES 's) (NP-PRD (NP (NN something)) (SBAR (WHNP-1 (-NONE- 0)) (S (NP-SBJ (NP (DT a) (NN bunch)) (PP (IN of) (NP (NN fraternity) (NNS guys)))) (VP (MD can) (VP (VP (VB get) (ADVP (RB together))) (CC and) (VP (VB get) (S (NP-SBJ (DT a) (JJ good) (NN beer) (NN buzz)) (VP (VBG going)))) (CC and) (VP (VB do) (NP (-NONE- *T*-1)))))))))))) (. .) (-DFL- E_S)),248
sw05utt/sw_0576_4363.utt,4/sw4363,4363,176,sv,B,88,2,{C because } it's something a bunch of fraternity guys can get together and get a good beer buzz going and do <laughter>. /,because/IN  [ it/PRP ] 's/BES  [ something/NN a/DT bunch/NN ] of/IN  [ fraternity/NN guys/NNS ] can/MD get/VB together/RB and/CC get/VB  [ a/DT good/JJ beer/NN buzz/NN ] going/VBG and/CC do/VB ./.,(S (NP-SBJ (NN Rugby)) (VP (VBZ is) (ADVP (RB definitely)) (ADJP-PRD (JJ big)) (PP-LOC (IN in) (NP (NN college))) (-DFL- E_S) (SBAR-PRP (IN because) (S (NP-SBJ (PRP it)) (VP (BES 's) (NP-PRD (NP (NN something)) (SBAR (WHNP-1 (-NONE- 0)) (S (NP-SBJ (NP (DT a) (NN bunch)) (PP (IN of) (NP (NN fraternity) (NNS guys)))) (VP (MD can) (VP (VP (VB get) (ADVP (RB together))) (CC and) (VP (VB get) (S (NP-SBJ (DT a) (JJ good) (NN beer) (NN buzz)) (VP (VBG going)))) (CC and) (VP (VB do) (NP (-NONE- *T*-1)))))))))))) (. .) (-DFL- E_S)),248
sw05utt/sw_0576_4363.utt,4/sw4363,4363,177,aa,A,89,1,"Right,  /","Right/UH ,/,","(INTJ (UH Right) (, ,) (-DFL- E_S))",250
sw05utt/sw_0576_4363.utt,4/sw4363,4363,178,aa,A,89,2,exactly <sniffing>.  /,exactly/UH ./.,(INTJ (UH exactly) (. .) (-DFL- E_S)),251
sw05utt/sw_0576_4363.utt,4/sw4363,4363,179,aa,A,89,3,# Yeah.  /,Yeah/UH ./.,(INTJ (UH Yeah) (. .) (-DFL- E_S)),211
sw05utt/sw_0576_4363.utt,4/sw4363,4363,180,%,A,89,4,"Tha-, # -/","[ Tha-/DT ] ,/,","(S (NP-SBJ-UNF (DT Tha-)) (, ,) (-DFL- N_S))",253
sw05utt/sw_0576_4363.utt,4/sw4363,4363,181,b,B,90,1,"# {C So, } yeah,  /","So/UH ,/, yeah/UH ,/,","(FRAG (RB So) (, ,) (INTJ (UH yeah)) (, ,) (-DFL- E_S))",255
sw05utt/sw_0576_4363.utt,4/sw4363,4363,182,sv,B,90,2,# I could see the feel for that.  /,[ I/PRP ] could/MD see/VB  [ the/DT feel/NN ] for/IN  [ that/DT ] ./.,(S (NP-SBJ (PRP I)) (VP (MD could) (VP (VB see) (NP (NP (DT the) (NN feel)) (PP (IN for) (NP (DT that)))))) (. .) (-DFL- E_S)),256
sw05utt/sw_0576_4363.utt,4/sw4363,4363,183,sd,B,90,3,"{C But } [ [ it's, + it's   pretty, ] + it's  ] fun to play. /","But/CC  [ it/PRP ] 's/BES ,/,  [ it/PRP ] 's/BES pretty/JJ ,/,  [ it/PRP ] 's/BES fun/JJ to/TO play/VB ./.","(S (CC But) (EDITED (RM (-DFL- \[)) (EDITED (RM (-DFL- \[)) (S (NP-SBJ (PRP it)) (VP-UNF (BES 's))) (, ,) (IP (-DFL- \+))) (S (NP-SBJ (PRP it)) (VP (BES 's) (ADJP-PRD-UNF (JJ pretty)))) (, ,) (RS (-DFL- \])) (IP (-DFL- \+))) (NP-SBJ (PRP it)) (VP (BES 's) (RS (-DFL- \])) (ADJP-PRD (JJ fun) (SBAR (WHNP-1 (-NONE- 0)) (S (NP-SBJ (-NONE- *)) (VP (TO to) (VP (VB play) (NP (-NONE- *T*-1)))))))) (. .) (-DFL- E_S))",257
sw05utt/sw_0576_4363.utt,4/sw4363,4363,184,b,A,91,1,Yeah. /,Yeah/UH ./.,(INTJ (UH Yeah) (. .) (-DFL- E_S)),231
sw05utt/sw_0576_4363.utt,4/sw4363,4363,185,sd,B,92,1,I'll give it that.  /,[ I/PRP ] 'll/MD give/VB  [ it/PRP ] [ that/DT ] ./.,(S (NP-SBJ (PRP I)) (VP (MD 'll) (VP (VB give) (NP (PRP it)) (NP (DT that)))) (. .) (-DFL- E_S)),261
sw05utt/sw_0576_4363.utt,4/sw4363,4363,186,sv*,B,92,2,It is fun to play.  # If you don't value your # --   *[[listen--missing a word?]],[ It/PRP ] is/VBZ fun/JJ to/TO play/VB ./.  If/IN  [ you/PRP ] do/VBP n't/RB value/VB  [ your/PRP$ ] --/:,(S (NP-SBJ (PRP It)) (VP (VBZ is) (ADJP-PRD (JJ fun) (SBAR (WHNP-1 (-NONE- 0)) (S (NP-SBJ (-NONE- *)) (VP (TO to) (VP (VB play) (NP (-NONE- *T*-1))))))) (. .) (SBAR-ADV (IN If) (S (NP-SBJ (PRP you)) (VP (VBP do) (RB n't) (VP (VB value) (NP-UNF (PRP$ your)) (ADVP (RB very) (RB much))))))) (. .) (-DFL- N_S)),262
sw05utt/sw_0576_4363.utt,4/sw4363,4363,187,qy,A,93,1,# You've played it then? # /,[ You/PRP ] 've/VBP played/VBN  [ it/PRP ] then/RB ?/.,(S (NP-SBJ (PRP You)) (VP (VBP 've) (VP (VBN played) (NP (PRP it)) (ADVP (RB then)))) (. ?) (-DFL- E_S)),264
sw05utt/sw_0576_4363.utt,4/sw4363,4363,188,+,B,94,1,-- very much. - /,--/: very/RB much/RB ./.,(S (NP-SBJ (PRP It)) (VP (VBZ is) (ADJP-PRD (JJ fun) (SBAR (WHNP-1 (-NONE- 0)) (S (NP-SBJ (-NONE- *)) (VP (TO to) (VP (VB play) (NP (-NONE- *T*-1))))))) (. .) (SBAR-ADV (IN If) (S (NP-SBJ (PRP you)) (VP (VBP do) (RB n't) (VP (VB value) (NP-UNF (PRP$ your)) (ADVP (RB very) (RB much))))))) (. .) (-DFL- N_S)),262
sw05utt/sw_0576_4363.utt,4/sw4363,4363,189,sv,B,94,2,"{C But, } {D you know, } I don't think rugby will ever be professional  /","But/CC ,/,  [ you/PRP ] know/VBP ,/,  [ I/PRP ] do/VBP n't/RB think/VB  [ rugby/NN ] will/MD ever/RB be/VB professional/JJ","(S (CC But) (PRN (, ,) (S (NP-SBJ (PRP you)) (VP (VBP know))) (, ,)) (NP-SBJ (PRP I)) (VP (VBP do) (RB n't) (VP (VB think) (SBAR (-NONE- 0) (S (NP-SBJ (NN rugby)) (VP (MD will) (ADVP-TMP (RB ever)) (VP (VB be) (ADJP-PRD (JJ professional)))))))) (-DFL- E_S))",266
sw05utt/sw_0576_4363.utt,4/sw4363,4363,190,%,B,94,3,{C but } --,but/CC --/:,"(S (CC but) (EDITED (RM (-DFL- \[)) (EDITED (RM (-DFL- \[)) (NP-SBJ (PRP it)) (, ,) (IP (-DFL- \+))) (S (NP-SBJ (PRP it)) (VP-UNF (BES 's))) (, ,) (RS (-DFL- \])) (IP (-DFL- \+))) (NP-SBJ (PRP it)) (VP-UNF (BES 's)) (, ,) (RS (-DFL- \])) (-DFL- N_S))",267
sw05utt/sw_0576_4363.utt,4/sw4363,4363,191,aa,A,95,1,"No I doubt it, # {D you know. }  /","No/UH  [ I/PRP ] doubt/VBP  [ it/PRP ] ,/,  [ you/PRP ] know/VBP ./.","(S (INTJ (UH No)) (NP-SBJ (PRP I)) (VP (VBP doubt) (NP (PRP it)) (PRN (, ,) (S (NP-SBJ (PRP you)) (VP (VBP know))))) (. .) (-DFL- E_S))",269
sw05utt/sw_0576_4363.utt,4/sw4363,4363,192,sv,A,95,2,"[ Not, + at # --","Not/RB ,/, at/IN --/:","(FRAG (EDITED (RM (-DFL- \[)) (RB Not) (, ,) (IP (-DFL- \+)) (ADVP (IN at) (JJS least))) (RB not) (RS (-DFL- \])) (PP-LOC (IN in) (NP (DT this) (NN country))) (ADVP (RB anyway)) (. .) (-DFL- E_S))",270
sw05utt/sw_0576_4363.utt,4/sw4363,4363,193,+,B,96,1,"-- #  [ [ it, +  it's, ] +  it's, ] #  -/","--/:  [ it/PRP ] ,/,  [ it/PRP ] 's/BES ,/,  [ it/PRP ] 's/BES ,/,","(S (CC but) (EDITED (RM (-DFL- \[)) (EDITED (RM (-DFL- \[)) (NP-SBJ (PRP it)) (, ,) (IP (-DFL- \+))) (S (NP-SBJ (PRP it)) (VP-UNF (BES 's))) (, ,) (RS (-DFL- \])) (IP (-DFL- \+))) (NP-SBJ (PRP it)) (VP-UNF (BES 's)) (, ,) (RS (-DFL- \])) (-DFL- N_S))",267
sw05utt/sw_0576_4363.utt,4/sw4363,4363,194,+,A,97,1,-- least not  ] in this country anyway. /,--/:  [ least/JJS ] not/RB in/IN  [ this/DT country/NN ] anyway/RB ./.,"(FRAG (EDITED (RM (-DFL- \[)) (RB Not) (, ,) (IP (-DFL- \+)) (ADVP (IN at) (JJS least))) (RB not) (RS (-DFL- \])) (PP-LOC (IN in) (NP (DT this) (NN country))) (ADVP (RB anyway)) (. .) (-DFL- E_S))",270
sw05utt/sw_0576_4363.utt,4/sw4363,4363,195,aa,B,98,1,No.  /,[ No/UH ] ./.,(INTJ (UH No) (. .) (-DFL- E_S)),274
sw05utt/sw_0576_4363.utt,4/sw4363,4363,196,sv,B,98,2,You can't stay healthy and do that.  /,[ You/PRP ] ca/MD n't/RB stay/VB  [ healthy/JJ ] and/CC do/VB  [ that/DT ] ./.,(S (NP-SBJ (PRP You)) (VP (MD ca) (RB n't) (VP (VP (VB stay) (ADJP-PRD (JJ healthy))) (CC and) (VP (VB do) (NP (DT that))))) (. .) (-DFL- E_S)),275
sw05utt/sw_0576_4363.utt,4/sw4363,4363,197,sv,B,98,3,That's a rough game. /,[ That/DT ] 's/BES  [ a/DT rough/JJ game/NN ] ./.,(S (NP-SBJ (DT That)) (VP (BES 's) (NP-PRD (DT a) (JJ rough) (NN game))) (. .) (-DFL- E_S)),276
sw05utt/sw_0576_4363.utt,4/sw4363,4363,198,aa,A,99,1,Yeah.  /,Yeah/UH ./.,(INTJ (UH Yeah) (. .) (-DFL- E_S)),252
sw05utt/sw_0576_4363.utt,4/sw4363,4363,199,aa,A,99,2,It is. /,[ It/PRP ] is/VBZ ./.,(S (NP-SBJ (PRP It)) (VP (VBZ is) (NP-PRD (-NONE- *?*))) (. .) (-DFL- E_S)),279
sw05utt/sw_0576_4363.utt,4/sw4363,4363,200,h,B,100,1,"{C But, } {F uh, } I don't know.  /","But/CC ,/,  [ uh/UH ] ,/,  [ I/PRP ] do/VBP n't/RB know/VB ./.","(S (CC But) (, ,) (INTJ (UH uh)) (, ,) (NP-SBJ (PRP I)) (VP (VBP do) (RB n't) (VP (VB know))) (. .) (-DFL- E_S))",281
sw05utt/sw_0576_4363.utt,4/sw4363,4363,201,sd,B,100,2,I don't know how my Eagles are going to do this year.  /,[ I/PRP ] do/VBP n't/RB know/VB how/WRB  [ my/PRP$ Eagles/NNPS ] are/VBP going/VBG to/TO do/VB  [ this/DT year/NN ] ./.,(S (NP-SBJ (PRP I)) (VP (VBP do) (RB n't) (VP (VB know) (SBAR (WHADVP-2 (WRB how)) (S (NP-SBJ-1 (PRP$ my) (NNPS Eagles)) (VP (VBP are) (VP (VBG going) (S (NP-SBJ (-NONE- *-1)) (VP (TO to) (VP (VB do) (NP (DT this) (NN year)) (ADVP-MNR (-NONE- *T*-2))))))))))) (. .) (-DFL- E_S)),282
sw05utt/sw_0576_4363.utt,4/sw4363,4363,202,%,B,100,3,"{C So } you, -/","So/UH  [ you/PRP ] ,/,","(S-UNF (RB So) (NP-SBJ (PRP you)) (, ,) (-DFL- N_S))",283
sw05utt/sw_0576_4363.utt,4/sw4363.pos,4363,203,x,A,101,1,<Laughter>.,./.
sw05utt/sw_0576_4363.utt,4/sw4363,4363,204,sv,B,102,1,"[ the, + the ] Seahawks are an up and down <laughter> kind of team. /","[ the/DT ] ,/,  [ the/DT Seahawks/NNPS ] are/VBP  [ an/DT ] up/RB and/CC down/RB  [ kind/NN ] of/IN  [ team/NN ] ./.","(S (EDITED (RM (-DFL- \[)) (NP-SBJ-UNF (DT the)) (, ,) (IP (-DFL- \+))) (NP-SBJ (DT the) (RS (-DFL- \])) (NNPS Seahawks)) (VP (VBP are) (NP-PRD (NP (DT an) (ADJP (RB up) (CC and) (RB down)) (NN kind)) (PP (IN of) (NP (NN team))))) (. .) (-DFL- E_S))",286
sw05utt/sw_0576_4363.utt,4/sw4363,4363,205,aa,A,103,1,They really are.  /,[ They/PRP ] really/RB are/VBP ./.,(S (NP-SBJ (PRP They)) (ADVP (RB really)) (VP (VBP are) (NP-PRD (-NONE- *?*))) (. .) (-DFL- E_S)),288
sw05utt/sw_0576_4363.utt,4/sw4363,4363,206,aa,A,103,2,# Yeah. # /,Yeah/UH ./.,(INTJ (UH Yeah) (. .) (-DFL- E_S)),259
sw05utt/sw_0576_4363.utt,4/sw4363,4363,207,b,B,104,1,# Yeah.  /,Yeah/UH ./.,(INTJ (UH Yeah) (. .) (-DFL- E_S)),278
sw05utt/sw_0576_4363.utt,4/sw4363,4363,208,sd*,B,104,2,"# [ [  My, +  my, ] +  it's kind of odd. My ]   roommate that I live with here,  [ he's, + {F uh, } he's  ] lived in Pennock, Minnesota.  / *[[two utts?]]","[ My/PRP$ ] ,/,  [ my/PRP$ ] ,/,  [ it/PRP ] 's/BES  [ kind/RB ] of/RB  [ odd/JJ ] ./.  [ My/PRP$ roommate/NN ] that/IN  [ I/PRP ] live/VBP with/IN here/RB ,/,  [ he/PRP ] 's/BES ,/,  [ uh/UH ] ,/,  [ he/PRP ] 's/BES lived/VBN in/IN  [ Pennock/NNP ] ,/,  [ Minnesota/NNP ] ./.","(S (EDITED (RM (-DFL- \[)) (EDITED (RM (-DFL- \[)) (NP-SBJ-UNF (PRP$ My)) (, ,) (IP (-DFL- \+))) (NP-SBJ-UNF (PRP$ my)) (, ,) (RS (-DFL- \])) (IP (-DFL- \+))) (NP-SBJ (PRP it)) (VP (BES 's) (ADVP (RB kind) (RB of)) (ADJP-PRD (JJ odd))) (. .))|||(S (NP-TPC (NP (PRP$ My) (RS (-DFL- \])) (NN roommate)) (SBAR (WHNP-1 (IN that)) (S (NP-SBJ (PRP I)) (VP (VBP live) (PP (IN with) (NP (-NONE- *T*-1))) (ADVP-LOC (RB here)))))) (, ,) (EDITED (RM (-DFL- \[)) (S (NP-SBJ (PRP he)) (VP-UNF (BES 's))) (, ,) (IP (-DFL- \+))) (INTJ (UH uh)) (, ,) (NP-SBJ (PRP he)) (VP (BES 's) (RS (-DFL- \])) (VP (VBN lived) (PP-LOC (IN in) (NP (NP (NNP Pennock)) (, ,) (NNP Minnesota))))) (. .) (-DFL- E_S))",292|||293
sw05utt/sw_0576_4363.utt,4/sw4363,4363,209,qy,B,104,3,Do you know where that is? /,Do/VBP  [ you/PRP ] know/VBP where/WRB  [ that/DT ] is/VBZ ?/.,(SQ (VBP Do) (NP-SBJ (PRP you)) (VP (VBP know) (SBAR (WHADVP-1 (WRB where)) (S (NP-SBJ (DT that)) (VP (VBZ is) (ADVP-LOC-PRD (-NONE- *T*-1)))))) (. ?) (-DFL- E_S)),294
sw05utt/sw_0576_4363.utt,4/sw4363,4363,210,nn,A,105,1,"{F Uh, } no  /","[ Uh/UH ] ,/, no/UH","(INTJ (INTJ (UH Uh)) (, ,) (INTJ (UH no)) (-DFL- E_S))",296
sw05utt/sw_0576_4363.utt,4/sw4363,4363,211,sd^e,A,105,2,I don't.  /,[ I/PRP ] do/VBP n't/RB ./.,(S (NP-SBJ (PRP I)) (VP (VBP do) (RB n't)) (. .) (-DFL- E_S)),297
sw05utt/sw_0576_4363.utt,4/sw4363,4363,212,%,A,105,3,"# To tell you the truth, I'm, # -/","To/TO tell/VB  [ you/PRP ] [ the/DT truth/NN ] ,/,  [ I/PRP ] 'm/VBP ,/,","(S (S-ADV (NP-SBJ (-NONE- *)) (VP (TO To) (VP (VB tell) (NP (PRP you)) (NP (DT the) (NN truth))))) (, ,) (NP-SBJ (PRP I)) (VP-UNF (VBP 'm)) (, ,) (-DFL- N_S))",298
sw05utt/sw_0576_4363.utt,4/sw4363,4363,213,sd,B,106,1,"# [ It, + it's  ] a small town.  /","[ It/PRP ] ,/,  [ it/PRP ] 's/BES  [ a/DT small/JJ town/NN ] ./.","(S (EDITED (RM (-DFL- \[)) (NP-SBJ (PRP It)) (, ,) (IP (-DFL- \+))) (NP-SBJ (PRP it)) (VP (BES 's) (RS (-DFL- \])) (NP-PRD (DT a) (JJ small) (NN town))) (. .) (-DFL- E_S))",300
sw05utt/sw_0576_4363.utt,4/sw4363,4363,214,%,B,106,2,"# It's about two hours, - /","[ It/PRP ] 's/BES about/IN  [ two/CD hours/NNS ] ,/,","(S (NP-SBJ (PRP It)) (VP (BES 's) (PP-PRD-UNF (NP-ADV (QP (IN about) (CD two)) (NNS hours)))) (, ,) (-DFL- N_S))",301
sw05utt/sw_0576_4363.utt,4/sw4363,4363,215,sd,B,106,3,it's in {D like } central Minnesota.  /,[ it/PRP ] 's/BES in/IN  [ like/UH central/NN Minnesota/NNP ] ./.,(S (NP-SBJ (PRP it)) (VP (BES 's) (PP-LOC-PRD (IN in) (INTJ (UH like)) (NP (NN central) (NNP Minnesota)))) (. .) (-DFL- E_S)),302
sw05utt/sw_0576_4363.utt,4/sw4363,4363,216,sd,B,106,4,"It's a couple of hours, {F uh, } west of Minneapolis. /","[ It/PRP ] 's/BES  [ a/DT couple/NN ] of/IN  [ hours/NNS ] ,/,  [ uh/UH ] ,/,  [ west/RB ] of/IN  [ Minneapolis/NNP ] ./.","(S (NP-SBJ (PRP It)) (VP (BES 's) (ADVP-LOC-PRD (NP (NP (DT a) (NN couple)) (PP (IN of) (NP (NNS hours)))) (, ,) (INTJ (UH uh)) (, ,) (RB west) (PP (IN of) (NP (NNP Minneapolis))))) (. .) (-DFL- E_S))",303
sw05utt/sw_0576_4363.utt,4/sw4363,4363,217,b,A,107,1,Okay. /,Okay/UH ./.,(INTJ (UH Okay) (. .) (-DFL- E_S)),305
sw05utt/sw_0576_4363.utt,4/sw4363,4363,218,%,B,108,1,"{C But, } {F uh, } -/","But/CC ,/,  [ uh/UH ] ,/,","(S-UNF (CC But) (, ,) (INTJ (UH uh)) (, ,) (-DFL- N_S))",307
sw05utt/sw_0576_4363.utt,4/sw4363,4363,219,sd,A,109,1,"To tell you the truth, I'm not even really from here. /","To/TO tell/VB  [ you/PRP ] [ the/DT truth/NN ] ,/,  [ I/PRP ] 'm/VBP not/RB even/RB really/RB from/IN here/RB ./.","(S (S-ADV (NP-SBJ (TO To)) (VP (VB tell) (NP (PRP you)) (NP (DT the) (NN truth)))) (, ,) (NP-SBJ (PRP I)) (VP (VBP 'm) (RB not) (ADVP (RB even)) (PP-PRD (ADVP (RB really)) (IN from) (ADVP-LOC (RB here)))) (. .) (-DFL- E_S))",309
sw05utt/sw_0576_4363.utt,4/sw4363,4363,220,bf,B,110,1,You just live there now. /,[ You/PRP ] just/RB live/VBP there/RB now/RB ./.,(S (NP-SBJ (PRP You)) (ADVP (RB just)) (VP (VBP live) (ADVP-LOC (RB there)) (ADVP-TMP (RB now))) (. .) (-DFL- E_S)),311
sw05utt/sw_0576_4363.utt,4/sw4363,4363,221,aa,A,111,1,Yeah.  /,Yeah/UH ./.,(INTJ (UH Yeah) (. .) (-DFL- E_S)),278
sw05utt/sw_0576_4363.utt,4/sw4363,4363,222,sd,A,111,2,"[ I'm, + I'm  ] up here for a year on an internship. /","[ I/PRP ] 'm/VBP ,/,  [ I/PRP ] 'm/VBP up/IN here/RB for/IN  [ a/DT year/NN ] on/IN  [ an/DT internship/NN ] ./.","(S (EDITED (RM (-DFL- \[)) (S (NP-SBJ (PRP I)) (VP-UNF (VBP 'm))) (, ,) (IP (-DFL- \+))) (NP-SBJ (PRP I)) (VP (VBP 'm) (RS (-DFL- \])) (PP-LOC-PRD (IN up) (ADVP (RB here))) (PP-TMP (IN for) (NP (DT a) (NN year))) (PP (IN on) (NP (DT an) (NN internship)))) (. .) (-DFL- E_S))",314
sw05utt/sw_0576_4363.utt,4/sw4363,4363,223,b,B,112,1,Uh-huh.  /,[ Uh-huh/UH ] ./.,(INTJ (UH Uh-huh) (. .) (-DFL- E_S)),316
sw05utt/sw_0576_4363.utt,4/sw4363,4363,224,%,B,112,2,"{D Well } he's, -/","Well/UH  [ he/PRP ] 's/BES ,/,","(S (INTJ (UH Well)) (NP-SBJ (PRP he)) (VP-UNF (BES 's)) (, ,) (-DFL- N_S))",317
sw05utt/sw_0576_4363.utt,4/sw4363,4363,225,sd,A,113,1,"{C But } [ I, + I ] actually live in Florida. /","But/CC  [ I/PRP ] ,/,  [ I/PRP ] actually/RB live/VBP in/IN  [ Florida/NNP ] ./.","(S (CC But) (EDITED (RM (-DFL- \[)) (NP-SBJ (PRP I)) (, ,) (IP (-DFL- \+))) (NP-SBJ (PRP I)) (RS (-DFL- \])) (ADVP (RB actually)) (VP (VBP live) (PP-LOC (IN in) (NP (NNP Florida)))) (. .) (-DFL- E_S))",319
sw05utt/sw_0576_4363.utt,4/sw4363,4363,226,b^m,B,114,1,Live <laughter> in Florida. /,[ Live/VB ] in/IN  [ Florida/NNP ] ./.,(S (NP-SBJ (-NONE- *)) (VP (VB Live) (PP-LOC (IN in) (NP (NNP Florida)))) (. .) (-DFL- E_S)),321
sw05utt/sw_0576_4363.utt,4/sw4363,4363,227,aa,A,115,1,Yeah. /,Yeah/UH ./.,(INTJ (UH Yeah) (. .) (-DFL- E_S)),289
sw05utt/sw_0576_4363.utt,4/sw4363,4363,228,sd,B,116,1,Like the Seahawks <laughter>. /,Like/IN  [ the/DT Seahawks/NNPS ] ./.,(PP (IN Like) (NP (DT the) (NNPS Seahawks)) (. .) (-DFL- E_S)),325
sw05utt/sw_0576_4363.utt,4/sw4363,4363,229,qy^g,A,117,1,"{D Well, } {D you know, }  {E [ I + <laughter>.","Well/UH ,/,  [ you/PRP ] know/VBP ,/,  [ I/PRP ] ./.","(SBARQ (INTJ (UH Well)) (PRN (, ,) (S (NP-SBJ (PRP you)) (VP (VBP know))) (, ,)) (PRN (S (EDITED (RM (-DFL- \[)) (NP-SBJ (PRP I)) (IP (-DFL- \+)) (. .)) (NP-SBJ (PRP I)) (RS (-DFL- \])) (VP (VBP mean))) (, ,)) (EDITED (RM (-DFL- \[)) (EDITED (RM (-DFL- \[)) (WHNP (WP who)) (, ,) (IP (-DFL- \+))) (WHNP (WP who)) (RS (-DFL- \])) (IP (-DFL- \+))) (WHNP-1 (WHNP (WP who)) (RS (-DFL- \])) (NP (DT the) (NN heck))) (SQ (NP-SBJ-2 (-NONE- *T*-1)) (VP (VBZ is) (VP (VBG going) (S (NP-SBJ (-NONE- *-2)) (VP (TO to) (VP (VB root) (PP (IN for) (NP (NNP Tampa) (NNP Bay)))))) (, ,) (INTJ (JJ right))))) (. ?) (-DFL- E_S))",327
sw05utt/sw_0576_4363.utt,4/sw4363,4363,230,sd,B,118,1,"<Laughter> Hey, # [ [ I, + I # ] + --","[ Hey/UH ] ,/,  [ I/PRP ] ,/,  [ I/PRP ] --/:","(S (INTJ (UH Hey)) (, ,) (EDITED (RM (-DFL- \[)) (EDITED (RM (-DFL- \[)) (NP-SBJ (PRP I)) (, ,) (IP (-DFL- \+))) (NP-SBJ (PRP I)) (RS (-DFL- \])) (IP (-DFL- \+))) (NP-SBJ (PRP I)) (VP (VBP 've) (RS (-DFL- \])) (ADVP (RB only)) (VP (VBN been) (PP-DIR-PRD (TO to) (NP (NNP Philadelphia))) (ADVP-TMP (RB twice)))) (-DFL- E_S))",329
sw05utt/sw_0576_4363.utt,4/sw4363,4363,231,+,A,119,1,"# I ] mean, }   [ [ who, + who ] + # --","[ I/PRP ] mean/VBP ,/,  [ who/WP ] ,/,  [ who/WP ] --/:","(SBARQ (INTJ (UH Well)) (PRN (, ,) (S (NP-SBJ (PRP you)) (VP (VBP know))) (, ,)) (PRN (S (EDITED (RM (-DFL- \[)) (NP-SBJ (PRP I)) (IP (-DFL- \+)) (. .)) (NP-SBJ (PRP I)) (RS (-DFL- \])) (VP (VBP mean))) (, ,)) (EDITED (RM (-DFL- \[)) (EDITED (RM (-DFL- \[)) (WHNP (WP who)) (, ,) (IP (-DFL- \+))) (WHNP (WP who)) (RS (-DFL- \])) (IP (-DFL- \+))) (WHNP-1 (WHNP (WP who)) (RS (-DFL- \])) (NP (DT the) (NN heck))) (SQ (NP-SBJ-2 (-NONE- *T*-1)) (VP (VBZ is) (VP (VBG going) (S (NP-SBJ (-NONE- *-2)) (VP (TO to) (VP (VB root) (PP (IN for) (NP (NNP Tampa) (NNP Bay)))))) (, ,) (INTJ (JJ right))))) (. ?) (-DFL- E_S))",327
sw05utt/sw_0576_4363.utt,4/sw4363,4363,232,+,B,120,1,-- I've ] only been to Philadelphia twice  /,--/:  [ I/PRP ] 've/VBP only/RB been/VBN to/TO  [ Philadelphia/NNP ] twice/RB,"(S (INTJ (UH Hey)) (, ,) (EDITED (RM (-DFL- \[)) (EDITED (RM (-DFL- \[)) (NP-SBJ (PRP I)) (, ,) (IP (-DFL- \+))) (NP-SBJ (PRP I)) (RS (-DFL- \])) (IP (-DFL- \+))) (NP-SBJ (PRP I)) (VP (VBP 've) (RS (-DFL- \])) (ADVP (RB only)) (VP (VBN been) (PP-DIR-PRD (TO to) (NP (NNP Philadelphia))) (ADVP-TMP (RB twice)))) (-DFL- E_S))",329
sw05utt/sw_0576_4363.utt,4/sw4363,4363,233,%,B,120,2,"{C and } [ [ I, + {D you know, } I,  ] + I  ] # still like, # -/","and/CC  [ I/PRP ] ,/,  [ you/PRP ] know/VBP ,/,  [ I/PRP ] ,/,  [ I/PRP ] still/RB like/VBP ,/,","(S (CC and) (EDITED (RM (-DFL- \[)) (EDITED (RM (-DFL- \[)) (NP-SBJ (PRP I)) (, ,) (IP (-DFL- \+)) (PRN (S (NP-SBJ (PRP you)) (VP (VBP know))) (, ,))) (NP-SBJ (PRP I)) (, ,) (RS (-DFL- \])) (IP (-DFL- \+))) (NP-SBJ (PRP I)) (RS (-DFL- \])) (ADVP-TMP (RB still)) (VP-UNF (VBP like)) (, ,) (-DFL- N_S))",332
sw05utt/sw_0576_4363.utt,4/sw4363,4363,234,+,A,121,1,"-- # who # ] the heck is going to root for Tampa Bay, right <laughter>? /","--/:  [ who/WP ] [ the/DT heck/NN ] is/VBZ going/VBG to/TO root/VB for/IN  [ Tampa/NNP Bay/NNP ] ,/, right/JJ ?/.","(SBARQ (INTJ (UH Well)) (PRN (, ,) (S (NP-SBJ (PRP you)) (VP (VBP know))) (, ,)) (PRN (S (EDITED (RM (-DFL- \[)) (NP-SBJ (PRP I)) (IP (-DFL- \+)) (. .)) (NP-SBJ (PRP I)) (RS (-DFL- \])) (VP (VBP mean))) (, ,)) (EDITED (RM (-DFL- \[)) (EDITED (RM (-DFL- \[)) (WHNP (WP who)) (, ,) (IP (-DFL- \+))) (WHNP (WP who)) (RS (-DFL- \])) (IP (-DFL- \+))) (WHNP-1 (WHNP (WP who)) (RS (-DFL- \])) (NP (DT the) (NN heck))) (SQ (NP-SBJ-2 (-NONE- *T*-1)) (VP (VBZ is) (VP (VBG going) (S (NP-SBJ (-NONE- *-2)) (VP (TO to) (VP (VB root) (PP (IN for) (NP (NNP Tampa) (NNP Bay)))))) (, ,) (INTJ (JJ right))))) (. ?) (-DFL- E_S))",327
sw05utt/sw_0576_4363.utt,4/sw4363,4363,235,aa,B,122,1,"Really,  /","Really/UH ,/,","(INTJ (UH Really) (, ,) (-DFL- E_S))",335
sw05utt/sw_0576_4363.utt,4/sw4363,4363,236,aa^r,B,122,2,# really. # /,really/UH ./.,(INTJ (UH really) (. .) (-DFL- E_S)),336
sw05utt/sw_0576_4363.utt,4/sw4363,4363,237,sd,A,123,1,"# {E I mean, } # I guess I could go for Miami  /","[ I/PRP ] mean/VBP ,/,  [ I/PRP ] guess/VBP  [ I/PRP ] could/MD go/VB for/IN  [ Miami/NNP ]","(S (PRN (S (NP-SBJ (PRP I)) (VP (VBP mean))) (, ,)) (NP-SBJ (PRP I)) (VP (VBP guess) (SBAR (-NONE- 0) (S (NP-SBJ (PRP I)) (VP (MD could) (VP (VB go) (PP (IN for) (NP (NNP Miami)))))))) (-DFL- E_S))",338
sw05utt/sw_0576_4363.utt,4/sw4363,4363,238,h,A,123,2,{C but } --,but/CC --/:,(S (CC but) (NP-SBJ (PRP I)) (VP (VBP do) (RB n't) (VP (VB know))) (. .) (-DFL- E_S)),339
sw05utt/sw_0576_4363.utt,4/sw4363,4363,239,b,B,124,1,"Yeah,  /","Yeah/UH ,/,","(INTJ (UH Yeah) (, ,) (-DFL- E_S))",341
sw05utt/sw_0576_4363.utt,4/sw4363,4363,240,%,B,124,2,{C but. } -/,but/CC ./.,(S-UNF (CC but) (. .) (-DFL- N_S)),342
sw05utt/sw_0576_4363.utt,4/sw4363,4363,241,+,A,125,1,-- I don't know.  /,--/:  [ I/PRP ] do/VBP n't/RB know/VB ./.,(S (CC but) (NP-SBJ (PRP I)) (VP (VBP do) (RB n't) (VP (VB know))) (. .) (-DFL- E_S)),339
sw05utt/sw_0576_4363.utt,4/sw4363,4363,242,%,A,125,2,"I'm from, - /","[ I/PRP ] 'm/VBP from/IN ,/,","(S (NP-SBJ (PRP I)) (VP (VBP 'm) (PP-PRD-UNF (IN from))) (, ,) (-DFL- N_S))",344
sw05utt/sw_0576_4363.utt,4/sw4363,4363,243,sd,A,125,3,I root for Nebraska  /,[ I/PRP ] root/VBP for/IN  [ Nebraska/NNP ],(S (NP-SBJ (PRP I)) (VP (VBP root) (PP (IN for) (NP (NNP Nebraska)))) (-DFL- E_S)),345
sw05utt/sw_0576_4363.utt,4/sw4363,4363,244,sd,A,125,4,"{C so } [ I'm, + I  ] don't have a real love for Miami <laughter> anyway. /","so/IN  [ I/PRP ] 'm/VBP ,/,  [ I/PRP ] do/VBP n't/RB have/VB  [ a/DT real/JJ love/NN ] for/IN  [ Miami/NNP ] anyway/RB ./.","(S (RB so) (EDITED (RM (-DFL- \[)) (S (NP-SBJ (PRP I)) (VP-UNF (VBP 'm))) (, ,) (IP (-DFL- \+))) (NP-SBJ (PRP I)) (RS (-DFL- \])) (VP (VBP do) (RB n't) (VP (VB have) (NP (NP (DT a) (JJ real) (NN love)) (PP (IN for) (NP (NNP Miami)))) (ADVP (RB anyway)))) (. .) (-DFL- E_S))",346
sw05utt/sw_0576_4363.utt,4/sw4363.pos,4363,245,x,B,126,1,<Laughter>.,./.
sw05utt/sw_0576_4363.utt,4/sw4363,4363,246,h,A,127,1,"{C But, } I don't know,  /","But/CC ,/,  [ I/PRP ] do/VBP n't/RB know/VB ,/,","(S (CC But) (, ,) (NP-SBJ (PRP I)) (VP (VBP do) (RB n't) (VP (VB know))) (, ,) (-DFL- E_S))",349
sw05utt/sw_0576_4363.utt,4/sw4363,4363,247,%,A,127,2,"[ I, + I  ] guess, I get, into pretty much, -/","[ I/PRP ] ,/,  [ I/PRP ] guess/VBP ,/,  [ I/PRP ] get/VBP ,/, into/IN pretty/RB much/RB ,/,","(S (EDITED (RM (-DFL- \[)) (NP-SBJ (PRP I)) (, ,) (IP (-DFL- \+))) (NP-SBJ (PRP I)) (RS (-DFL- \])) (VP (VBP guess) (, ,) (SBAR (-NONE- 0) (S (NP-SBJ (PRP I)) (VP (VBP get) (, ,) (PP-UNF (IN into) (ADVP (RB pretty) (RB much))))))) (, ,) (-DFL- N_S))",350
