swda_filename,ptb_basename,conversation_no,transcript_index,act_tag,caller,utterance_index,subutterance_index,text,pos,trees,ptb_treenumbers
sw11utt/sw_1104_2921.utt,2/sw2921,2921,0,qw,A,1,1,What part of the country are you in? /,What/WP part/NN of/IN the/DT country/NN are/VBP you/PRP in/RB ?/.,,
sw11utt/sw_1104_2921.utt,2/sw2921,2921,1,sd,B,2,1,"<Barking> {F Uh, } Pennsylvania.  /","Uh/UH ,/, Pennsylvania/NNP ./.",,
sw11utt/sw_1104_2921.utt,2/sw2921,2921,2,%,B,2,2,Yeah. /,Yeah/UH ./.,,
sw11utt/sw_1104_2921.utt,2/sw2921,2921,3,qy,A,3,1,"{F Oh, } you are?  /","Oh/UH ,/, you/PRP are/VBP ?/.",,
sw11utt/sw_1104_2921.utt,2/sw2921,2921,4,qr^d*,A,3,2,"East or west, I'm from Pittsburgh. /  *[[listen]]","East/JJ or/CC west/JJ ,/, I/PRP 'm/VBP from/IN Pittsburgh/NNP ./.",,
sw11utt/sw_1104_2921.utt,2/sw2921,2921,5,qy,B,4,1,"{F Oh, } are you really? /","Oh/UH ,/, are/VBP you/PRP really/RB ?/.",,
sw11utt/sw_1104_2921.utt,2/sw2921,2921,6,ny,A,5,1,Yeah. /,Yeah/UH ./.,,
sw11utt/sw_1104_2921.utt,2/sw2921,2921,7,qw,B,6,1,What part of Pittsburgh? /,What/WP part/NN of/IN Pittsburgh/NNP ?/.,,
sw11utt/sw_1104_2921.utt,2/sw2921,2921,8,sd,A,7,1,"{F Um, } the South Hills area, Beaver County, well originally Beaver County  (( )) . /","Um/UH ,/, the/DT South/NNP Hills/NNP area/NN ,/, Beaver/NNP County/NNP ,/, well/UH originally/RB Beaver/NNP County/NNP MUMBLEx/XX ./.",,
sw11utt/sw_1104_2921.utt,2/sw2921,2921,9,b,B,8,1,Uh-huh. /,Uh-huh/UH ./.,,
sw11utt/sw_1104_2921.utt,2/sw2921,2921,10,qw,A,9,1,"{C And, } {F uh, } where are you from? /","And/CC ,/, uh/UH ,/, where/WRB are/VBP you/PRP from/RB ?/.",,
sw11utt/sw_1104_2921.utt,2/sw2921,2921,11,sd,B,10,1,"{F Uh, } Clarion County. /","Uh/UH ,/, Clarion/NNP County/NNP ./.",,
sw11utt/sw_1104_2921.utt,2/sw2921,2921,12,bk,A,11,1,"{F Oh, } okay,  /","Oh/UH ,/, okay/UH ,/,",,
sw11utt/sw_1104_2921.utt,2/sw2921,2921,13,sd,A,11,2,I know where that is. /,I/PRP know/VBP where/WRB that/WDT is/VBZ ./.,,
sw11utt/sw_1104_2921.utt,2/sw2921,2921,14,sd,B,12,1,"[ I li-, + we live ] out in the country. /","I/PRP li/VBP ,/, we/PRP live/VBP out/IN in/IN the/DT country/NN ./.",,
sw11utt/sw_1104_2921.utt,2/sw2921,2921,15,b,A,13,1,"Yeah,  /","Yeah/UH ,/,",,
sw11utt/sw_1104_2921.utt,2/sw2921,2921,16,ba,A,13,2,that's pretty out there.  /,that/DT 's/BES pretty/JJ out/IN there/RB ./.,,
sw11utt/sw_1104_2921.utt,2/sw2921,2921,17,%,A,13,3,"What, {D well, } -/","What/WP ,/, well/UH ,/,",,
sw11utt/sw_1104_2921.utt,2/sw2921,2921,18,aa,B,14,1,"Yeah,  /","Yeah/UH ,/,",,
sw11utt/sw_1104_2921.utt,2/sw2921,2921,19,sd,B,14,2,"[ we have, + we have ] two children that live in Pittsburgh <laughter>. /","we/PRP have/VBP ,/, we/PRP have/VBP two/CD children/NNS that/WDT live/VBP in/IN Pittsburgh/NNP ./.",,
sw11utt/sw_1104_2921.utt,2/sw2921,2921,20,bk,A,15,1,"{F Oh, } okay,  /","Oh/UH ,/, okay/UH ,/,",,
sw11utt/sw_1104_2921.utt,2/sw2921,2921,21,%,A,15,2,"yeah,  /","yeah/UH ,/,",,
sw11utt/sw_1104_2921.utt,2/sw2921,2921,22,sd,A,15,3,I got my brother and my whole family there.  /,I/PRP got/VBD my/PRP$ brother/NN and/CC my/PRP$ whole/JJ family/NN there/RB ./.,,
sw11utt/sw_1104_2921.utt,2/sw2921,2921,23,sd,A,15,4,"[ I'm, + I'm ] talking to you from Dallas right now. /","I/PRP 'm/VBP ,/, I/PRP 'm/VBP talking/VBG to/IN you/PRP from/IN Dallas/NNP right/RB now/RB ./.",,
sw11utt/sw_1104_2921.utt,2/sw2921,2921,24,qy,B,16,1,"{F Oh, } {F oh, } you are? /","Oh/UH ,/, oh/UH ,/, you/PRP are/VBP ?/.",,
sw11utt/sw_1104_2921.utt,2/sw2921,2921,25,ny,A,17,1,Uh-huh  /,Uh-huh/UH,,
sw11utt/sw_1104_2921.utt,2/sw2921.pos,2921,26,x,A,17,2,<laughter>.,./.
sw11utt/sw_1104_2921.utt,2/sw2921,2921,27,qy,B,18,1,"[ Do you work, + do you work ] for Texas Instruments then? /","Do/VBP you/PRP work/VBP ,/, do/VBP you/PRP work/VB for/IN Texas/NNP Instruments/NNPS then/RB ?/.",,
sw11utt/sw_1104_2921.utt,2/sw2921,2921,28,nn,A,19,1,"No,  /","No/UH ,/,",,
sw11utt/sw_1104_2921.utt,2/sw2921,2921,29,sd^e,A,19,2,my husband does. /,my/PRP$ husband/NN does/VBZ ./.,,
sw11utt/sw_1104_2921.utt,2/sw2921,2921,30,b,B,20,1,"{F Oh, } uh-huh. /","Oh/UH ,/, uh-huh/UH ./.",,
sw11utt/sw_1104_2921.utt,2/sw2921,2921,31,qy,A,21,1,"{C And } [ who, + ] how about you? /","And/CC who/WP ,/, how/WRB about/IN you/PRP ?/.",,
sw11utt/sw_1104_2921.utt,2/sw2921,2921,32,nn,B,22,1,"No,  /","No/UH ,/,",,
sw11utt/sw_1104_2921.utt,2/sw2921,2921,33,%,B,22,2,"I'm just, - /","I/PRP 'm/VBP just/RB ,/,",,
sw11utt/sw_1104_2921.utt,2/sw2921,2921,34,sd^e@,B,22,3,"my son works for [ a c-, + a computer, ]","my/PRP$ son/NN works/VBZ for/IN a/DT c-/NN ,/, a/DT computer/NN ,/,",,
sw11utt/sw_1104_2921.utt,2/sw2921,2921,35,^2*,A,23,1,"place [ that, + that ] needed this. -/  *[[listen--not sure who's saying what]]","place/NN that/WDT ,/, that/WDT needed/VBD this/DT ./.",,
sw11utt/sw_1104_2921.utt,2/sw2921,2921,36,+,B,24,1,"{F Uh, } federal company, {D you know, }  /","Uh/UH ,/, federal/JJ company/NN ,/, you/PRP know/VBP ,/,",,
sw11utt/sw_1104_2921.utt,2/sw2921,2921,37,%,B,24,2,"{D so, } yeah. /","so/UH ,/, yeah/UH ./.",,
sw11utt/sw_1104_2921.utt,2/sw2921,2921,38,ba,A,25,1,{D Well } that's okay.  /,Well/UH that/DT 's/BES okay/JJ ./.,,
sw11utt/sw_1104_2921.utt,2/sw2921,2921,39,sv,A,25,2,I guess it's an easy thing to do.  /,I/PRP guess/VBP it/PRP 's/BES an/DT easy/JJ thing/NN to/TO do/VB ./.,,
sw11utt/sw_1104_2921.utt,2/sw2921,2921,40,qy,A,25,3,"{D So } [ you're f-, + you have ] a big, - /","So/UH you/PRP 're/VBP f-/IN ,/, you/PRP have/VBP a/DT big/JJ ,/,",,
sw11utt/sw_1104_2921.utt,2/sw2921,2921,41,qr,A,25,4,do you have a rural house or what do you have? /,do/VBP you/PRP have/VB a/DT rural/JJ house/NN or/CC what/WP do/VBP you/PRP have/VB ?/.,,
sw11utt/sw_1104_2921.utt,2/sw2921,2921,42,sd,B,26,1,"{F Uh, } we have a big old farmhouse that we've --","Uh/UH ,/, we/PRP have/VBP a/DT big/JJ old/JJ farmhouse/NN that/WDT we/PRP 've/VBP --/:",,
sw11utt/sw_1104_2921.utt,2/sw2921,2921,43,%,A,27,1,"{F Oh, } that's a, -/","Oh/UH ,/, that/DT 's/BES a/DT ,/,",,
sw11utt/sw_1104_2921.utt,2/sw2921,2921,44,+,B,28,1,"-- {D you know, } remodeled. /","--/: you/PRP know/VBP ,/, remodeled/VBN ./.",,
sw11utt/sw_1104_2921.utt,2/sw2921,2921,45,ba,A,29,1,Those are beautiful. /,Those/DT are/VBP beautiful/JJ ./.,,
sw11utt/sw_1104_2921.utt,2/sw2921,2921,46,sd,B,30,1,"It had been, {D you know, } of course, a farm. /","It/PRP had/VBD been/VBN ,/, you/PRP know/VBP ,/, of/IN course/NN ,/, a/DT farm/NN ./.",,
sw11utt/sw_1104_2921.utt,2/sw2921,2921,47,b,A,31,1,Uh-huh. /,Uh-huh/UH ./.,,
sw11utt/sw_1104_2921.utt,2/sw2921,2921,48,sd,B,32,1,"It's a farm community,  /","It/PRP 's/BES a/DT farm/NN community/NN ,/,",,
sw11utt/sw_1104_2921.utt,2/sw2921,2921,49,%,B,32,2,{C and } we. -/,and/CC we/PRP ./.,,
sw11utt/sw_1104_2921.utt,2/sw2921,2921,50,b,A,33,1,"Yeah,  /","Yeah/UH ,/,",,
sw11utt/sw_1104_2921.utt,2/sw2921,2921,51,qy,A,33,2,"[ is it a, + is it a ] working farm  /","is/VBZ it/PRP a/DT ,/, is/VBZ it/PRP a/DT working/JJ farm/NN",,
sw11utt/sw_1104_2921.utt,2/sw2921,2921,52,qrr,A,33,3,{C or } is it? -/,or/CC is/VBZ it/PRP ?/.,,
sw11utt/sw_1104_2921.utt,2/sw2921,2921,53,sd,B,34,1,Ours is not a working farm <laughter>. /,Ours/PRP is/VBZ not/RB a/DT working/VBG farm/NN ./.,,
sw11utt/sw_1104_2921.utt,2/sw2921,2921,54,%,A,35,1,"[ More, + more, ] - /","More/JJR ,/, more/JJR ,/,",,
sw11utt/sw_1104_2921.utt,2/sw2921,2921,55,ba,A,35,2,"I can understand that,  /","I/PRP can/MD understand/VB that/DT ,/,",,
sw11utt/sw_1104_2921.utt,2/sw2921,2921,56,sd,A,35,3,"that's probably what I would, {F uh, } -/","that/DT 's/BES probably/RB what/WP I/PRP would/MD ,/, uh/UH ,/,",,
sw11utt/sw_1104_2921.utt,2/sw2921,2921,57,b,B,36,1,"Yeah,  /","Yeah/UH ,/,",,
sw11utt/sw_1104_2921.utt,2/sw2921,2921,58,sd,B,36,2,I have a garden - /,I/PRP have/VBP a/DT garden/NN,,
sw11utt/sw_1104_2921.utt,2/sw2921,2921,59,%,B,36,3,"{C but } {D you know, } - /","but/CC you/PRP know/VBP ,/,",,
sw11utt/sw_1104_2921.utt,2/sw2921,2921,60,sd,B,36,4,we have a garden. /,we/PRP have/VBP a/DT garden/NN ./.,,
sw11utt/sw_1104_2921.utt,2/sw2921,2921,61,b,A,37,1,Yeah -- /,Yeah/UH --/:,,
sw11utt/sw_1104_2921.utt,2/sw2921,2921,62,sd,B,38,1,{C But } we don't farm. /,But/CC we/PRP do/VBP n't/RB farm/VB ./.,,
sw11utt/sw_1104_2921.utt,2/sw2921,2921,63,sd,A,39,1,-- I can hear the accent now  /,--/: I/PRP can/MD hear/VB the/DT accent/NN now/RB,,
sw11utt/sw_1104_2921.utt,2/sw2921,2921,64,sd,A,39,2,"[ I hear the <laughter>, +","I/PRP hear/VBP the/DT ,/,",,
sw11utt/sw_1104_2921.utt,2/sw2921,2921,65,x,B,40,1,<Laughter>.,,,
sw11utt/sw_1104_2921.utt,2/sw2921,2921,66,+,A,41,1,"I hear the ] Western Pennsylvania, {F um. } /","I/PRP hear/VBP the/DT Western/JJ Pennsylvania/NNP ,/, um/UH ./.",,
sw11utt/sw_1104_2921.utt,2/sw2921,2921,67,b,B,42,1,<Laughter> Uh-huh. /,Uh-huh/UH ./.,,
sw11utt/sw_1104_2921.utt,2/sw2921,2921,68,sd,A,43,1,"[ We live, + {F uh, } we lived ] in Minneapolis for about five years. /","We/PRP live/VBP ,/, uh/UH ,/, we/PRP lived/VBD in/IN Minneapolis/NNP for/IN about/RB five/CD years/NNS ./.",,
sw11utt/sw_1104_2921.utt,2/sw2921,2921,69,b,B,44,1,Uh-huh. /,Uh-huh/UH ./.,,
sw11utt/sw_1104_2921.utt,2/sw2921,2921,70,sd,A,45,1,"[ We, + we ] originally lived in Dallas  /","We/PRP ,/, we/PRP originally/RB lived/VBD in/IN Dallas/NNP",,
sw11utt/sw_1104_2921.utt,2/sw2921,2921,71,sd,A,45,2,{C and } we met and got married -- /,and/CC we/PRP met/VBD and/CC got/VBD married/JJ --/:,,
sw11utt/sw_1104_2921.utt,2/sw2921,2921,72,b,B,46,1,Uh-huh. /,Uh-huh/UH ./.,,
sw11utt/sw_1104_2921.utt,2/sw2921,2921,73,sd,A,47,1,"-- {C and then, } {F um, } actually married in Pittsburgh,  /","--/: and/CC then/RB ,/, um/UH ,/, actually/RB married/VBD in/IN Pittsburgh/NNP ,/,",,
sw11utt/sw_1104_2921.utt,2/sw2921,2921,74,sd^t,A,47,2,"{C and } [ that's, + that's ] not what they want to hear on this call, {F uh } -- /","and/CC that/DT 's/BES ,/, that/DT 's/BES not/RB what/WP they/PRP want/VBP to/TO hear/VB on/IN this/DT call/NN ,/, uh/UH --/:",,
sw11utt/sw_1104_2921.utt,2/sw2921,2921,75,b,B,48,1,Uh-huh. /,Uh-huh/UH ./.,,
sw11utt/sw_1104_2921.utt,2/sw2921,2921,76,sd,A,49,1,"-- at any rate we came back here with, - /","--/: at/IN any/DT rate/NN we/PRP came/VBD back/RB here/RB with/IN ,/,",,
sw11utt/sw_1104_2921.utt,2/sw2921,2921,77,sd,A,49,2,"my husband was transferred around, {F uh, } up to Minnesota and now back to Texas with T I -- /","my/PRP$ husband/NN was/VBD transferred/VBN around/IN ,/, uh/UH ,/, up/IN to/IN Minnesota/NNP and/CC now/RB back/RB to/IN Texas/NNP with/IN T/NNP I/NNP --/:",,
sw11utt/sw_1104_2921.utt,2/sw2921,2921,78,b,B,50,1,Uh-huh. /,Uh-huh/UH ./.,,
sw11utt/sw_1104_2921.utt,2/sw2921,2921,79,sd,A,51,1,"-- {C and } we're leasing a, {F uh, } two story town home in a section of Dallas they call North Dallas. /","--/: and/CC we/PRP 're/VBP leasing/VBG a/DT ,/, uh/UH ,/, two/CD story/NN town/NN home/NN in/IN a/DT section/NN of/IN Dallas/NNP they/PRP call/VBP North/NNP Dallas/NNP ./.",,
sw11utt/sw_1104_2921.utt,2/sw2921,2921,80,b,B,52,1,"{F Oh, } uh-huh. /","Oh/UH ,/, uh-huh/UH ./.",,
sw11utt/sw_1104_2921.utt,2/sw2921,2921,81,sd,A,53,1,"{C And } it's, {F uh, } near a little town called Plano,  /","And/CC it/PRP 's/BES ,/, uh/UH ,/, near/RB a/DT little/JJ town/NN called/VBD Plano/NNP ,/,",,
sw11utt/sw_1104_2921.utt,2/sw2921,2921,82,sv,A,53,2,"{D well, } it's not little any more. /","well/UH ,/, it/PRP 's/BES not/RB little/JJ any/DT more/JJR ./.",,
sw11utt/sw_1104_2921.utt,2/sw2921,2921,83,sd,B,54,1,"{F Uh, } Grapevine,  /","Uh/UH ,/, Grapevine/NNP ,/,",,
sw11utt/sw_1104_2921.utt,2/sw2921,2921,84,qy,B,54,2,do you know Grapevine? /,do/VBP you/PRP know/VB Grapevine/NNP ?/.,,
sw11utt/sw_1104_2921.utt,2/sw2921,2921,85,ny,A,55,1,"{F Uh, } yes,  /","Uh/UH ,/, yes/UH ,/,",,
sw11utt/sw_1104_2921.utt,2/sw2921,2921,86,sd^e,A,55,2,that's out near the airport.  /,that/DT 's/BES out/IN near/RB the/DT airport/NN ./.,,
sw11utt/sw_1104_2921.utt,2/sw2921,2921,87,sd,A,55,3,That's about forty-five miles from us. /,That/DT 's/BES about/RB forty-five/CD miles/NNS from/IN us/PRP ./.,,
sw11utt/sw_1104_2921.utt,2/sw2921,2921,88,aa,B,56,1,"Yeah,  /","Yeah/UH ,/,",,
sw11utt/sw_1104_2921.utt,2/sw2921,2921,89,sd,B,56,2,my brother has a home there he's trying to sell.  /,my/PRP$ brother/NN has/VBZ a/DT home/NN there/EX he/PRP 's/BES trying/VBG to/TO sell/VB ./.,,
sw11utt/sw_1104_2921.utt,2/sw2921,2921,90,sd,B,56,3,"[ He, + he's ] living now up, {F uh, } [ in, + in ] Maryland  /","He/PRP ,/, he/PRP 's/BES living/VBG now/RB up/IN ,/, uh/UH ,/, in/IN ,/, in/IN Maryland/NNP",,
sw11utt/sw_1104_2921.utt,2/sw2921,2921,91,sd,B,56,4,"{C but, } {F uh, } he,","but/CC ,/, uh/UH ,/, he/PRP ,/,",,
sw11utt/sw_1104_2921.utt,2/sw2921,2921,92,%,A,57,1,"It's, - /","It/PRP 's/BES ,/,",,
sw11utt/sw_1104_2921.utt,2/sw2921,2921,93,b,A,57,2,"yeah, /","yeah/UH ,/,",,
sw11utt/sw_1104_2921.utt,2/sw2921,2921,94,+,B,58,1,"<Static> [ li-, + lived ] in Grapevine for a long time. /","li/VBD ,/, lived/VBD in/IN Grapevine/NNP for/IN a/DT long/JJ time/NN ./.",,
sw11utt/sw_1104_2921.utt,2/sw2921,2921,95,sd*,A,59,1,"That's why [ [ we not sure, + we, ] + we're not sure ] we want to, {F uh, } buy down here, because [ we + {D actually, } we ] lived up north long enough to appreciate the, {F um, } - /  *[[listen--one utt?]]","That/DT 's/BES why/WRB we/PRP not/RB sure/JJ ,/, we/PRP ,/, we/PRP 're/VBP not/RB sure/JJ we/PRP want/VBP to/TO ,/, uh/UH ,/, buy/VB down/RB here/RB ,/, because/IN we/PRP actually/RB ,/, we/PRP lived/VBD up/IN north/RB long/RB enough/RB to/TO appreciate/VB the/DT ,/, um/UH ,/,",,
sw11utt/sw_1104_2921.utt,2/sw2921,2921,96,sd,A,59,2,Minneapolis-Saint Paul is very clean -- /,Minneapolis-Saint/NNP Paul/NNP is/VBZ very/RB clean/JJ --/:,,
sw11utt/sw_1104_2921.utt,2/sw2921,2921,97,b,B,60,1,"Uh-huh,  /","Uh-huh/UH ,/,",,
sw11utt/sw_1104_2921.utt,2/sw2921,2921,98,b^r,B,60,2,uh-huh. /,uh-huh/UH ./.,,
sw11utt/sw_1104_2921.utt,2/sw2921,2921,99,%*,A,61,1,"-- {D you know, } in terms of, - /  *[[listen; with previous slash unit?]]","--/: you/PRP know/VBP ,/, in/IN terms/NNS of/IN ,/,",,
sw11utt/sw_1104_2921.utt,2/sw2921,2921,100,sd,A,61,2,"{C and } in terms of housing down here, {F um, } you really have your pick  /","and/CC in/IN terms/NNS of/IN housing/NN down/RB here/RB ,/, um/UH ,/, you/PRP really/RB have/VBP your/PRP$ pick/NN",,
sw11utt/sw_1104_2921.utt,2/sw2921,2921,101,sv,A,61,3,{C but } it's just everything's overpriced for the economy. /,but/CC it/PRP 's/BES just/RB everything/NN 's/BES overpriced/JJ for/IN the/DT economy/NN ./.,,
sw11utt/sw_1104_2921.utt,2/sw2921,2921,102,ba,B,62,1,"{F Oh, } it's terrible.  /","Oh/UH ,/, it/PRP 's/BES terrible/JJ ./.",,
sw11utt/sw_1104_2921.utt,2/sw2921,2921,103,%,B,62,2,"I, -/","I/PRP ,/,",,
sw11utt/sw_1104_2921.utt,2/sw2921,2921,104,aa,A,63,1,"It really is,  /","It/PRP really/RB is/VBZ ,/,",,
sw11utt/sw_1104_2921.utt,2/sw2921,2921,105,sd,A,63,2,"{E I mean } [ we're, + we're ] in a leased town home,  /","I/PRP mean/VBP we/PRP 're/VBP ,/, we/PRP 're/VBP in/IN a/DT leased/JJ town/NN home/NN ,/,",,
sw11utt/sw_1104_2921.utt,2/sw2921,2921,106,sd,A,63,3,"{C and } [ it's, + {A {F uh, } [ you're probably, + your teeth will probably ] fall out figuratively speaking, } it's ] nine hundred a month. /","and/CC it/PRP 's/BES ,/, uh/UH ,/, you/PRP 're/VBP probably/RB ,/, your/PRP$ teeth/NNS will/MD probably/RB fall/VB out/RB figuratively/RB speaking/VBG ,/, it/PRP 's/BES nine/CD hundred/CD a/DT month/NN ./.",,
sw11utt/sw_1104_2921.utt,2/sw2921,2921,107,ba,B,64,1,"{F Oh, } I'm not surprised. /","Oh/UH ,/, I/PRP 'm/VBP not/RB surprised/JJ ./.",,
sw11utt/sw_1104_2921.utt,2/sw2921,2921,108,o,A,65,1,"{C But, } you know what,  /","But/CC ,/, you/PRP know/VBP what/WP ,/,",,
sw11utt/sw_1104_2921.utt,2/sw2921,2921,109,sd,A,65,2,"[ if you, + if you ] get anything under five hundred you get into what they call high density living --","if/IN you/PRP ,/, if/IN you/PRP get/VBP anything/NN under/IN five/CD hundred/CD you/PRP get/VBP into/IN what/WP they/PRP call/VBP high/JJ density/NN living/NN --/:",,
sw11utt/sw_1104_2921.utt,2/sw2921,2921,110,b,B,66,1,"{F Uh, } right,  /","Uh/UH ,/, right/UH ,/,",,
sw11utt/sw_1104_2921.utt,2/sw2921,2921,111,b^r,B,66,2,right. /,right/UH ./.,,
sw11utt/sw_1104_2921.utt,2/sw2921,2921,112,+,A,67,1,"-- {D you know, } the big apartment complexes -- /","--/: you/PRP know/VBP ,/, the/DT big/JJ apartment/NN complexes/NNS --/:",,
sw11utt/sw_1104_2921.utt,2/sw2921,2921,113,b,B,68,1,"Right,  /","Right/UH ,/,",,
sw11utt/sw_1104_2921.utt,2/sw2921,2921,114,b^r,B,68,2,right. /,right/UH ./.,,
sw11utt/sw_1104_2921.utt,2/sw2921,2921,115,sd,A,69,1,"-- [ {C and, } + {C and } ] I just have no tolerance for that. /","--/: and/CC ,/, and/CC I/PRP just/RB have/VBP no/DT tolerance/NN for/IN that/DT ./.",,
sw11utt/sw_1104_2921.utt,2/sw2921,2921,116,b,B,70,1,"Yeah,  /","Yeah/UH ,/,",,
sw11utt/sw_1104_2921.utt,2/sw2921,2921,117,b^r,B,70,2,"yeah,  /","yeah/UH ,/,",,
sw11utt/sw_1104_2921.utt,2/sw2921,2921,118,ba,B,70,3,it's not good <laughter>. /,it/PRP 's/BES not/RB good/JJ ./.,,
sw11utt/sw_1104_2921.utt,2/sw2921,2921,119,aa,A,71,1,No.  /,No/UH ./.,,
sw11utt/sw_1104_2921.utt,2/sw2921,2921,120,o@,A,71,2,"I pre-,   *[[slash error]]","I/PRP pre-/XX ,/,",,
sw11utt/sw_1104_2921.utt,2/sw2921,2921,121,sv,B,72,1,{C And } the people think the income is really great in some of those areas  /,And/CC the/DT people/NNS think/VBP the/DT income/NN is/VBZ really/RB great/JJ in/IN some/DT of/IN those/DT areas/NNS,,
sw11utt/sw_1104_2921.utt,2/sw2921,2921,122,sv,B,72,2,{C but } when they sit down and look at what it costs to live -- -/,but/CC when/WRB they/PRP sit/VBP down/RB and/CC look/VBP at/IN what/WP it/PRP costs/VBZ to/TO live/VB --/:,,
sw11utt/sw_1104_2921.utt,2/sw2921,2921,123,+@,A,73,1,That's right. /   *[[slash error]],That/DT 's/BES right/JJ ./.,,
sw11utt/sw_1104_2921.utt,2/sw2921,2921,124,sv,B,74,1,"-- {C and, } {F uh, } <static> of course, most of the homes are, {D you know, } fairly nice,  /","--/: and/CC ,/, uh/UH ,/, of/IN course/NN ,/, most/RBS of/IN the/DT homes/NNS are/VBP ,/, you/PRP know/VBP ,/, fairly/RB nice/JJ ,/,",,
sw11utt/sw_1104_2921.utt,2/sw2921,2921,125,sv,B,74,2,"they're, {F uh, } done up fairly nice, {F uh, } /","they/PRP 're/VBP ,/, uh/UH ,/, done/VBN up/RP fairly/RB nice/JJ ,/, uh/UH ,/,",,
sw11utt/sw_1104_2921.utt,2/sw2921,2921,126,b,A,75,1,Yeah  /,Yeah/UH,,
sw11utt/sw_1104_2921.utt,2/sw2921,2921,127,sd@,A,75,2,"{C but } {D like } the town home we're in.  I don't know how, {E I mean, } we, - /  *[[2 utts?]]","but/CC like/UH the/DT town/NN home/NN we/PRP 're/VBP in/RB ./. I/PRP do/VBP n't/RB know/VB how/WRB ,/, I/PRP mean/VBP ,/, we/PRP ,/,",,
sw11utt/sw_1104_2921.utt,2/sw2921,2921,128,sd,A,75,3,"[ this is, + it's ] like a duplex,  /","this/DT is/VBZ ,/, it/PRP 's/BES like/IN a/DT duplex/NN ,/,",,
sw11utt/sw_1104_2921.utt,2/sw2921,2921,129,sd,A,75,4,{D like } a two by two they call it like in Pittsburgh. /,like/IN a/DT two/CD by/IN two/CD they/PRP call/VBP it/PRP like/UH in/IN Pittsburgh/NNP ./.,,
sw11utt/sw_1104_2921.utt,2/sw2921,2921,130,b,B,76,1,"Right,  /","Right/UH ,/,",,
sw11utt/sw_1104_2921.utt,2/sw2921,2921,131,b,B,76,2,"uh-huh,  /","uh-huh/UH ,/,",,
sw11utt/sw_1104_2921.utt,2/sw2921,2921,132,b^r@,B,76,3,right.   *[[slash error]],right/UH ./.,,
sw11utt/sw_1104_2921.utt,2/sw2921,2921,133,sd,A,77,1,{C And } it's nice  /,And/CC it/PRP 's/BES nice/JJ,,
sw11utt/sw_1104_2921.utt,2/sw2921,2921,134,sd,A,77,2,"{C but } [ it's, + {E I mean, } ] the girl bought it for a hundred and ten, /","but/CC it/PRP 's/BES ,/, I/PRP mean/VBP ,/, the/DT girl/NN bought/VBD it/PRP for/IN a/DT hundred/CD and/CC ten/CD ,/,",,
sw11utt/sw_1104_2921.utt,2/sw2921,2921,135,+,B,78,1,Uh-huh. /,Uh-huh/UH ./.,,
sw11utt/sw_1104_2921.utt,2/sw2921,2921,136,sd,A,79,1,{C and } now she can't sell it.  /,and/CC now/RB she/PRP ca/MD n't/RB sell/VB it/PRP ./.,,
sw11utt/sw_1104_2921.utt,2/sw2921,2921,137,%,A,79,2,"{C And } our neighbors, -/","And/CC our/PRP$ neighbors/NNS ,/,",,
sw11utt/sw_1104_2921.utt,2/sw2921,2921,138,sv,B,80,1,"{D Well, } prices have come down on the homes, the duplexes. /","Well/UH ,/, prices/NNS have/VBP come/VBN down/RB on/IN the/DT homes/NNS ,/, the/DT duplexes/NNS ./.",,
sw11utt/sw_1104_2921.utt,2/sw2921,2921,139,b,A,81,1,"Yeah,  /","Yeah/UH ,/,",,
sw11utt/sw_1104_2921.utt,2/sw2921,2921,140,sd,A,81,2,"{E I mean, } [ we'll, + ] our neighbors, the attached on the other side, they're very nice, thank God, /","I/PRP mean/VBP ,/, we/PRP 'll/MD ,/, our/PRP$ neighbors/NNS ,/, the/DT attached/JJ on/IN the/DT other/JJ side/NN ,/, they/PRP 're/VBP very/RB nice/JJ ,/, thank/VB God/NNP ,/,",,
sw11utt/sw_1104_2921.utt,2/sw2921,2921,141,b,B,82,1,Uh-huh. /,Uh-huh/UH ./.,,
sw11utt/sw_1104_2921.utt,2/sw2921,2921,142,sd,A,83,1,they paid fifty-eight for it. /,they/PRP paid/VBD fifty-eight/CD for/IN it/PRP ./.,,
sw11utt/sw_1104_2921.utt,2/sw2921,2921,143,ba,B,84,1,"{F Oh, } my heaven. /","Oh/UH ,/, my/PRP$ heaven/NN ./.",,
sw11utt/sw_1104_2921.utt,2/sw2921,2921,144,sd,A,85,1,"That's how bad it, - /","That/DT 's/BES how/WRB bad/JJ it/PRP ,/,",,
sw11utt/sw_1104_2921.utt,2/sw2921,2921,145,sd,A,85,2,I know. /,I/PRP know/VBP ./.,,
sw11utt/sw_1104_2921.utt,2/sw2921,2921,146,sd,B,86,1,"{D Well, } I know up in Connecticut the same thing happened,  /","Well/UH ,/, I/PRP know/VBP up/IN in/IN Connecticut/NNP the/DT same/JJ thing/NN happened/VBD ,/,",,
sw11utt/sw_1104_2921.utt,2/sw2921,2921,147,%@*,B,86,2,"{C and, } {F uh, } [ it's + ] --   *[[prob. slash unit?]]","and/CC ,/, uh/UH ,/, it/PRP 's/BES --/:",,
sw11utt/sw_1104_2921.utt,2/sw2921,2921,148,aa,A,87,1,That's right. /,That/DT 's/BES right/JJ ./.,,
sw11utt/sw_1104_2921.utt,2/sw2921,2921,149,+,B,88,1,-- people are devastated because they paid so much for their home. /,--/: people/NNS are/VBP devastated/JJ because/IN they/PRP paid/VBD so/RB much/JJ for/IN their/PRP$ home/NN ./.,,
sw11utt/sw_1104_2921.utt,2/sw2921,2921,150,b,A,89,1,"Uh-huh,  /","Uh-huh/UH ,/,",,
sw11utt/sw_1104_2921.utt,2/sw2921,2921,151,b,A,89,2,yeah.  /,yeah/UH ./.,,
sw11utt/sw_1104_2921.utt,2/sw2921,2921,152,sd,A,89,3,I have some friends that live in Westport  /,I/PRP have/VBP some/DT friends/NNS that/WDT live/VBP in/IN Westport/NNP,,
sw11utt/sw_1104_2921.utt,2/sw2921,2921,153,sd,A,89,4,"{C and } it's really, really bad.  /","and/CC it/PRP 's/BES really/RB ,/, really/RB bad/JJ ./.",,
sw11utt/sw_1104_2921.utt,2/sw2921,2921,154,%,A,89,5,"I mean you, -/","I/PRP mean/VBP you/PRP ,/,",,
sw11utt/sw_1104_2921.utt,2/sw2921,2921,155,sd,B,90,1,{C But } we like our area.  /,But/CC we/PRP like/IN our/PRP$ area/NN ./.,,
sw11utt/sw_1104_2921.utt,2/sw2921,2921,156,sd,B,90,2,"[ [ It, + like I said, it's, ] + it's ] an old house and  everything -- /","It/PRP ,/, like/IN I/PRP said/VBD ,/, it/PRP 's/BES ,/, it/PRP 's/BES an/DT old/JJ house/NN and/CC everything/NN --/:",,
sw11utt/sw_1104_2921.utt,2/sw2921,2921,157,b,A,91,1,Uh-huh. /,Uh-huh/UH ./.,,
sw11utt/sw_1104_2921.utt,2/sw2921,2921,158,%,B,92,1,"-- {C but, } {F uh, } -/","--/: but/CC ,/, uh/UH ,/,",,
sw11utt/sw_1104_2921.utt,2/sw2921,2921,159,qw,A,93,1,"[ How far, + ] where is Clarion County in relation to, {D actually, } - /","How/WRB far/RB ,/, where/WRB is/VBZ Clarion/NNP County/NNP in/IN relation/NN to/IN ,/, actually/RB ,/,",,
sw11utt/sw_1104_2921.utt,2/sw2921,2921,160,sd,A,93,2,{C because } we're considering moving to Pennsylvania <laughter>. /,because/IN we/PRP 're/VBP considering/VBG moving/VBG to/IN Pennsylvania/NNP ./.,,
sw11utt/sw_1104_2921.utt,2/sw2921,2921,161,sd,B,94,1,"<Laughter> {D Well, } we're about a hundred miles from Pittsburgh --","Well/UH ,/, we/PRP 're/VBP about/RB a/DT hundred/CD miles/NNS from/IN Pittsburgh/NNP --/:",,
sw11utt/sw_1104_2921.utt,2/sw2921,2921,162,ba,A,95,1,That's not too bad. /,That/DT 's/BES not/RB too/RB bad/JJ ./.,,
sw11utt/sw_1104_2921.utt,2/sw2921,2921,163,+,B,96,1,-- north. /,--/: north/JJ ./.,,
sw11utt/sw_1104_2921.utt,2/sw2921,2921,164,br^m,A,97,1,That's north. /,That/DT 's/BES north/RB ./.,,
sw11utt/sw_1104_2921.utt,2/sw2921,2921,165,ny,B,98,1,"{C And } yeah,  /","And/CC yeah/UH ,/,",,
sw11utt/sw_1104_2921.utt,2/sw2921,2921,166,sd^e,B,98,2,"{C and } [ it's, + it's ] really [ not, + {D you know, } not ] that far. /","and/CC it/PRP 's/BES ,/, it/PRP 's/BES really/RB not/RB ,/, you/PRP know/VBP ,/, not/RB that/IN far/RB ./.",,
sw11utt/sw_1104_2921.utt,2/sw2921,2921,167,qy,A,99,1,"Are you going up toward, {F uh, } {F uh, } - /","Are/VBP you/PRP going/VBG up/IN toward/IN ,/, uh/UH ,/, uh/UH ,/,",,
sw11utt/sw_1104_2921.utt,2/sw2921,2921,168,^h,A,99,2,"I'm trying to think of the name of that town that starts with an M,  /","I/PRP 'm/VBP trying/VBG to/TO think/VB of/IN the/DT name/NN of/IN that/DT town/NN that/WDT starts/VBZ with/IN an/DT M/NN ,/,",,
sw11utt/sw_1104_2921.utt,2/sw2921,2921,169,h,A,99,3,"Bradford, no that's too far north. /","Bradford/NNP ,/, no/UH that/DT 's/BES too/RB far/RB north/RB ./.",,
sw11utt/sw_1104_2921.utt,2/sw2921,2921,170,sd,B,100,1,Bradford's north of us. /,Bradford/NNP 's/BES north/JJ of/IN us/PRP ./.,,
sw11utt/sw_1104_2921.utt,2/sw2921,2921,171,qy^d,A,101,1,"{C So } [ you're, + you're ] not that far north then,  /","So/RB you/PRP 're/VBP ,/, you/PRP 're/VBP not/RB that/IN far/RB north/RB then/RB ,/,",,
sw11utt/sw_1104_2921.utt,2/sw2921,2921,172,bk,A,101,2,okay. /,okay/UH ./.,,
sw11utt/sw_1104_2921.utt,2/sw2921,2921,173,nn,B,102,1,"No,  /","No/UH ,/,",,
sw11utt/sw_1104_2921.utt,2/sw2921,2921,174,nn^r,B,102,2,no. /,no/UH ./.,,
sw11utt/sw_1104_2921.utt,2/sw2921,2921,175,sv,A,103,1,"{D Well, } you're really not too bad.  /","Well/UH ,/, you/PRP 're/VBP really/RB not/RB too/RB bad/JJ ./.",,
sw11utt/sw_1104_2921.utt,2/sw2921,2921,176,%,A,103,2,Yeah. /,Yeah/UH ./.,,
sw11utt/sw_1104_2921.utt,2/sw2921,2921,177,b,B,104,1,Uh-huh. /,Uh-huh/UH ./.,,
sw11utt/sw_1104_2921.utt,2/sw2921,2921,178,qy,A,105,1,"{F Um, } was it a home that you've had for quite a [ f-, + few ] years,  /","Um/UH ,/, was/VBD it/PRP a/DT home/NN that/WDT you/PRP 've/VBP had/VBN for/IN quite/RB a/DT f/JJ ,/, few/JJ years/NNS ,/,",,
sw11utt/sw_1104_2921.utt,2/sw2921,2921,179,qr,A,105,2,"{C or } that you've, -/","or/CC that/WDT you/PRP 've/VBP ,/,",,
sw11utt/sw_1104_2921.utt,2/sw2921,2921,180,sd,B,106,1,"{D Well, } we've been here since sixty-six. /","Well/UH ,/, we/PRP 've/VBP been/VBN here/RB since/IN sixty-six/CD ./.",,
sw11utt/sw_1104_2921.utt,2/sw2921,2921,181,%,A,107,1,"{F Oh, } then you have, - /","Oh/UH ,/, then/RB you/PRP have/VBP ,/,",,
sw11utt/sw_1104_2921.utt,2/sw2921,2921,182,%,A,107,2,yeah.  /,yeah/UH ./.,,
sw11utt/sw_1104_2921.utt,2/sw2921,2921,183,qy,A,107,3,Do you have a lot of land  /,Do/VBP you/PRP have/VBP a/DT lot/NN of/IN land/NN,,
sw11utt/sw_1104_2921.utt,2/sw2921,2921,184,qr,A,107,4,"{C or, } -/","or/CC ,/,",,
sw11utt/sw_1104_2921.utt,2/sw2921,2921,185,sd,B,108,1,"{F Uh, } we have fifty acres. /","Uh/UH ,/, we/PRP have/VBP fifty/CD acres/NNS ./.",,
sw11utt/sw_1104_2921.utt,2/sw2921,2921,186,ba,A,109,1,"{F Oh, } my,  /","Oh/UH ,/, my/PRP$ ,/,",,
sw11utt/sw_1104_2921.utt,2/sw2921,2921,187,ba,A,109,2,"{D well, } then. /","well/UH ,/, then/RB ./.",,
sw11utt/sw_1104_2921.utt,2/sw2921,2921,188,fa,B,110,1,"{F Oh, } pardon me,  /","Oh/UH ,/, pardon/VB me/PRP ,/,",,
sw11utt/sw_1104_2921.utt,2/sw2921,2921,189,sd,B,110,2,"we have forty,  /","we/PRP have/VBP forty/CD ,/,",,
sw11utt/sw_1104_2921.utt,2/sw2921,2921,190,sd,B,110,3,we gave ten to one of our children <laughter>. /,we/PRP gave/VBD ten/CD to/IN one/JJ of/IN our/PRP$ children/NNS ./.,,
sw11utt/sw_1104_2921.utt,2/sw2921,2921,191,ba,A,111,1,There you go.  /,There/EX you/PRP go/VBP ./.,,
sw11utt/sw_1104_2921.utt,2/sw2921,2921,192,qy,A,111,2,"Did you have a hard time getting used to, - /","Did/VBD you/PRP have/VBP a/DT hard/JJ time/NN getting/VBG used/JJ to/IN ,/,",,
sw11utt/sw_1104_2921.utt,2/sw2921,2921,193,qy,A,111,3,do you feel like  you live in an isolated area  /,do/VBP you/PRP feel/VB like/IN you/PRP live/VBP in/IN an/DT isolated/JJ area/NN,,
sw11utt/sw_1104_2921.utt,2/sw2921,2921,194,%,A,111,4,"{C or, } -/","or/CC ,/,",,
sw11utt/sw_1104_2921.utt,2/sw2921,2921,195,nn,B,112,1,"No,  /","No/UH ,/,",,
sw11utt/sw_1104_2921.utt,2/sw2921,2921,196,sd^e,B,112,2,"not really,  /","not/RB really/RB ,/,",,
sw11utt/sw_1104_2921.utt,2/sw2921,2921,197,sd,B,112,3,"[ {C and, } + {C and } ] towns keep creeping closer and closer, {D you know. } /","and/CC ,/, and/CC towns/NNS keep/VBP creeping/VBG closer/RBR and/CC closer/RBR ,/, you/PRP know/VBP ./.",,
sw11utt/sw_1104_2921.utt,2/sw2921,2921,198,aa,A,113,1,"Yeah,  /","Yeah/UH ,/,",,
sw11utt/sw_1104_2921.utt,2/sw2921,2921,199,%,A,113,2,"I think that that's, {F um, } - /","I/PRP think/VBP that/IN that/DT 's/BES ,/, um/UH ,/,",,
sw11utt/sw_1104_2921.utt,2/sw2921,2921,200,sd,A,113,3,"I can remember in Pittsburgh when, - /","I/PRP can/MD remember/VB in/IN Pittsburgh/NNP when/WRB ,/,",,
sw11utt/sw_1104_2921.utt,2/sw2921,2921,201,h,A,113,4,"this has to do with homes, {F uh, } indirectly  /","this/DT has/VBZ to/TO do/VB with/IN homes/NNS ,/, uh/UH ,/, indirectly/RB",,
sw11utt/sw_1104_2921.utt,2/sw2921,2921,202,sd,A,113,5,"{C but } I can remember when Upper Saint Clair was out in [ the, + {D you know, }","but/CC I/PRP can/MD remember/VB when/WRB Upper/NNP Saint/NNP Clair/NNP was/VBD out/IN in/IN the/DT ,/, you/PRP know/VBP ,/,",,
sw11utt/sw_1104_2921.utt,2/sw2921,2921,203,b,B,114,1,"Uh-huh,  /","Uh-huh/UH ,/,",,
sw11utt/sw_1104_2921.utt,2/sw2921,2921,204,b^r,B,114,2,uh-huh. /,uh-huh/UH ./.,,
sw11utt/sw_1104_2921.utt,2/sw2921,2921,205,+,A,115,1,"the ] rural end of Washington,  /","the/DT rural/JJ end/NN of/IN Washington/NNP ,/,",,
sw11utt/sw_1104_2921.utt,2/sw2921,2921,206,sd^c,A,115,2,{C and } now [ it's + <static> it's ] a terrible connection. /,and/CC now/RB it/PRP 's/BES it/PRP 's/BES a/DT terrible/JJ connection/NN ./.,,
sw11utt/sw_1104_2921.utt,2/sw2921,2921,207,aa,B,116,1,"Yeah,  /","Yeah/UH ,/,",,
sw11utt/sw_1104_2921.utt,2/sw2921,2921,208,sd^c,B,116,2,it's ours up here.  /,it/PRP 's/BES ours/PRP up/IN here/RB ./.,,
sw11utt/sw_1104_2921.utt,2/sw2921,2921,209,%,B,116,3,"We have, - /","We/PRP have/VBP ,/,",,
sw11utt/sw_1104_2921.utt,2/sw2921,2921,210,sd^c,B,116,4,our rural connections are real bad  /,our/PRP$ rural/JJ connections/NNS are/VBP real/RB bad/JJ,,
sw11utt/sw_1104_2921.utt,2/sw2921.pos,2921,211,x,B,116,5,<laughter>.,./.
sw11utt/sw_1104_2921.utt,2/sw2921,2921,212,bd,A,117,1,"{F Oh, } {D well } that's okay, {F um, } /","Oh/UH ,/, well/UH that/DT 's/BES okay/JJ ,/, um/UH ,/,",,
sw11utt/sw_1104_2921.utt,2/sw2921,2921,213,sd,B,118,1,"[ {C But } we, + {C but } we ] live about ten miles from probably three or four, not large towns but, {D you know, } reasonable. /","But/CC we/PRP ,/, but/CC we/PRP live/VBP about/RB ten/CD miles/NNS from/IN probably/RB three/CD or/CC four/CD ,/, not/RB large/JJ towns/NNS but/CC ,/, you/PRP know/VBP ,/, reasonable/JJ ./.",,
sw11utt/sw_1104_2921.utt,2/sw2921,2921,214,%,A,119,1,"[ {C But, } + {C but, } ] sub-, - /","But/CC ,/, but/CC ,/, sub-/RB ,/,",,
sw11utt/sw_1104_2921.utt,2/sw2921,2921,215,%,A,119,2,"yeah,  /","yeah/UH ,/,",,
sw11utt/sw_1104_2921.utt,2/sw2921,2921,216,b,A,119,3,"substantially, {D you know. }  /","substantially/RB ,/, you/PRP know/VBP ./.",,
sw11utt/sw_1104_2921.utt,2/sw2921,2921,217,qy,A,119,4,"{F Um, } do you like living in an older home and restoring it like that? /","Um/UH ,/, do/VBP you/PRP like/VB living/VBG in/IN an/DT older/JJR home/NN and/CC restoring/VBG it/PRP like/IN that/DT ?/.",,
sw11utt/sw_1104_2921.utt,2/sw2921,2921,218,ny,B,120,1,"{F Uh, } yeah,  /","Uh/UH ,/, yeah/UH ,/,",,
sw11utt/sw_1104_2921.utt,2/sw2921,2921,219,sd^e,B,120,2,we're tired of doing it though.  /,we/PRP 're/VBP tired/JJ of/IN doing/VBG it/PRP though/RB ./.,,
sw11utt/sw_1104_2921.utt,2/sw2921,2921,220,sd,B,120,3,"[ We, + we ] don't want to do too much more <laughter>. /","We/PRP ,/, we/PRP do/VBP n't/RB want/VB to/TO do/VB too/RB much/RB more/JJR ./.",,
sw11utt/sw_1104_2921.utt,2/sw2921,2921,221,qw,A,121,1,<Laughter> How big is it?  /,How/WRB big/JJ is/VBZ it/PRP ?/.,,
sw11utt/sw_1104_2921.utt,2/sw2921,2921,222,qw,A,121,2,How many square feet do you have? /,How/WRB many/JJ square/NN feet/NNS do/VBP you/PRP have/VB ?/.,,
sw11utt/sw_1104_2921.utt,2/sw2921,2921,223,fe,B,122,1,"{F Uh, } {F oh, } golly,  /","Uh/UH ,/, oh/UH ,/, golly/UH ,/,",,
sw11utt/sw_1104_2921.utt,2/sw2921,2921,224,%,B,122,2,I really. -/,I/PRP really/RB ./.,,
sw11utt/sw_1104_2921.utt,2/sw2921,2921,225,qw,A,123,1,"{D Well } how many rooms do you think,  /","Well/UH how/WRB many/JJ rooms/NNS do/VBP you/PRP think/VB ,/,",,
sw11utt/sw_1104_2921.utt,2/sw2921,2921,226,%,A,123,2,yeah? /,yeah/UH ?/.,,
sw11utt/sw_1104_2921.utt,2/sw2921,2921,227,sd,B,124,1,"We have, {F uh, } {F uh, } four rooms downstairs, and a pantry -- /","We/PRP have/VBP ,/, uh/UH ,/, uh/UH ,/, four/CD rooms/NNS downstairs/RB ,/, and/CC a/DT pantry/NN --/:",,
sw11utt/sw_1104_2921.utt,2/sw2921,2921,228,b,A,125,1,Uh-huh. /,Uh-huh/UH ./.,,
sw11utt/sw_1104_2921.utt,2/sw2921,2921,229,sd,B,126,1,"-- {C and } upstairs we have [ a bath, + a bath, ] {F oh }  /","--/: and/CC upstairs/RB we/PRP have/VBP a/DT bath/NN ,/, a/DT bath/NN ,/, oh/UH",,
sw11utt/sw_1104_2921.utt,2/sw2921,2921,230,sd,B,126,2,"we, have a half bath downstairs, too. /","we/PRP ,/, have/VBP a/DT half/NN bath/NN downstairs/RB ,/, too/RB ./.",,
sw11utt/sw_1104_2921.utt,2/sw2921,2921,231,b,A,127,1,Uh-huh. /,Uh-huh/UH ./.,,
sw11utt/sw_1104_2921.utt,2/sw2921,2921,232,sd,B,128,1,"We have a bath upstairs, and one, two, three, four bedrooms and a sewing room and a junk room <laughter>.   /","We/PRP have/VBP a/DT bath/NN upstairs/RB ,/, and/CC one/CD ,/, two/CD ,/, three/CD ,/, four/CD bedrooms/NNS and/CC a/DT sewing/NN room/NN and/CC a/DT junk/NN room/NN ./.",,
sw11utt/sw_1104_2921.utt,2/sw2921,2921,233,%,B,128,2,"{C And, } {F uh, } -/","And/CC ,/, uh/UH ,/,",,
sw11utt/sw_1104_2921.utt,2/sw2921,2921,234,b^m,A,129,1,"A junk room,  /","A/DT junk/NN room/NN ,/,",,
sw11utt/sw_1104_2921.utt,2/sw2921,2921,235,b,A,129,2,yeah  /,yeah/UH,,
sw11utt/sw_1104_2921.utt,2/sw2921,2921,236,ba,A,129,3,"I understand,  /","I/PRP understand/VBP ,/,",,
sw11utt/sw_1104_2921.utt,2/sw2921,2921,237,sd,A,129,4,we have that too.  /,we/PRP have/VBP that/DT too/RB ./.,,
sw11utt/sw_1104_2921.utt,2/sw2921,2921,238,bf,A,129,5,"[ That's, + that's ] large if your children aren't at home any more. /","That/DT 's/BES ,/, that/DT 's/BES large/JJ if/IN your/PRP$ children/NNS are/VBP n't/RB at/IN home/RB any/DT more/JJR ./.",,
sw11utt/sw_1104_2921.utt,2/sw2921,2921,239,br,B,130,1,Pardon? /,Pardon/UH ?/.,,
sw11utt/sw_1104_2921.utt,2/sw2921,2921,240,bf^r,A,131,1,That's large if your kids aren't at home any more. /,That/DT 's/BES large/JJ if/IN your/PRP$ kids/NNS are/VBP n't/RB at/IN home/RB any/DT more/JJR ./.,,
sw11utt/sw_1104_2921.utt,2/sw2921,2921,241,nd,B,132,1,"{D Well, } it really isn't too big yet.  /","Well/UH ,/, it/PRP really/RB is/VBZ n't/RB too/RB big/JJ yet/RB ./.",,
sw11utt/sw_1104_2921.utt,2/sw2921,2921,242,%,B,132,2,"[ We, + we ] li-, - /","We/PRP ,/, we/PRP li/VBP ,/,",,
sw11utt/sw_1104_2921.utt,2/sw2921,2921,243,sd,B,132,3,a lot of people say that  /,a/DT lot/NN of/IN people/NNS say/VBP that/DT,,
sw11utt/sw_1104_2921.utt,2/sw2921,2921,244,%,B,132,4,"{C but, } {F um, }","but/CC ,/, um/UH ,/,",,
sw11utt/sw_1104_2921.utt,2/sw2921,2921,245,b,A,133,1,Uh-huh. /,Uh-huh/UH ./.,,
sw11utt/sw_1104_2921.utt,2/sw2921,2921,246,+,B,134,1,"it's, - /","it/PRP 's/BES ,/,",,
sw11utt/sw_1104_2921.utt,2/sw2921,2921,247,sd,B,134,2,we just like it real well - /,we/PRP just/RB like/VBP it/PRP real/RB well/RB,,
sw11utt/sw_1104_2921.utt,2/sw2921,2921,248,%@,B,134,3,"{C and, }   *[[slash error]]","and/CC ,/,",,
sw11utt/sw_1104_2921.utt,2/sw2921,2921,249,bf,A,135,1,It's enough space for two people <laughter>.  /,It/PRP 's/BES enough/JJ space/NN for/IN two/CD people/NNS ./.,,
sw11utt/sw_1104_2921.utt,2/sw2921,2921,250,%,A,135,2,Yeah. /,Yeah/UH ./.,,
sw11utt/sw_1104_2921.utt,2/sw2921,2921,251,+,B,136,1,"Yeah,  /","Yeah/UH ,/,",,
sw11utt/sw_1104_2921.utt,2/sw2921,2921,252,sd,B,136,2,"we had five children,  /","we/PRP had/VBD five/CD children/NNS ,/,",,
sw11utt/sw_1104_2921.utt,2/sw2921,2921,253,%,B,136,3,[ {C so } -- +,so/RB --/:,,
sw11utt/sw_1104_2921.utt,2/sw2921,2921,254,bk,A,137,1,"{F Oh, } okay. /","Oh/UH ,/, okay/UH ./.",,
sw11utt/sw_1104_2921.utt,2/sw2921,2921,255,+,B,138,1,"-- {C and } ] they've all moved <laughter>, {D you know, } on.  /","--/: and/CC they/PRP 've/VBP all/DT moved/VBD ,/, you/PRP know/VBP ,/, on/RB ./.",,
sw11utt/sw_1104_2921.utt,2/sw2921,2921,256,sd,B,138,2,They're all out on their own now. /,They/PRP 're/VBP all/DT out/IN on/IN their/PRP$ own/JJ now/RB ./.,,
sw11utt/sw_1104_2921.utt,2/sw2921,2921,257,b,A,139,1,"Yeah,  /","Yeah/UH ,/,",,
sw11utt/sw_1104_2921.utt,2/sw2921,2921,258,b,A,139,2,right.  /,right/UH ./.,,
sw11utt/sw_1104_2921.utt,2/sw2921,2921,259,b,A,139,3,That's okay.  /,That/DT 's/BES okay/JJ ./.,,
sw11utt/sw_1104_2921.utt,2/sw2921,2921,260,%,A,139,4,"{D Well, } we've got, {F um, } - /","Well/UH ,/, we/PRP 've/VBP got/VBD ,/, um/UH ,/,",,
sw11utt/sw_1104_2921.utt,2/sw2921,2921,261,sd,A,139,5,"[ th-, + this ] town house is pretty big.  /","th-/DT ,/, this/DT town/NN house/NN is/VBZ pretty/RB big/JJ ./.",,
sw11utt/sw_1104_2921.utt,2/sw2921,2921,262,sd,A,139,6,It's about eighteen hundred square feet.  /,It/PRP 's/BES about/RB eighteen/CD hundred/CD square/NN feet/NNS ./.,,
sw11utt/sw_1104_2921.utt,2/sw2921,2921,263,sd,A,139,7,"It's got three bedrooms, two and a half baths -- /","It/PRP 's/HVS got/VBN three/CD bedrooms/NNS ,/, two/CD and/CC a/DT half/NN baths/NNS --/:",,
sw11utt/sw_1104_2921.utt,2/sw2921,2921,264,b,B,140,1,Uh-huh. /,Uh-huh/UH ./.,,
sw11utt/sw_1104_2921.utt,2/sw2921,2921,265,sd,A,141,1,"-- {F um, } it's really nice. /","--/: um/UH ,/, it/PRP 's/BES really/RB nice/JJ ./.",,
sw11utt/sw_1104_2921.utt,2/sw2921,2921,266,ba,B,142,1,"{D Well, } it sounds like a good buy. /","Well/UH ,/, it/PRP sounds/VBZ like/IN a/DT good/JJ buy/NN ./.",,
sw11utt/sw_1104_2921.utt,2/sw2921,2921,267,aa,A,143,1,"Yeah,  /","Yeah/UH ,/,",,
sw11utt/sw_1104_2921.utt,2/sw2921,2921,268,sd,A,143,2,"it is,  /","it/PRP is/VBZ ,/,",,
sw11utt/sw_1104_2921.utt,2/sw2921,2921,269,sd,A,143,3,"{E I mean, } I would never buy it  /","I/PRP mean/VBP ,/, I/PRP would/MD never/RB buy/VB it/PRP",,
sw11utt/sw_1104_2921.utt,2/sw2921,2921,270,sd,A,143,4,{C but } leasing it is fine. /,but/CC leasing/VBG it/PRP is/VBZ fine/JJ ./.,,
sw11utt/sw_1104_2921.utt,2/sw2921,2921,271,b,B,144,1,Uh-huh. /,Uh-huh/UH ./.,,
sw11utt/sw_1104_2921.utt,2/sw2921,2921,272,sd,A,145,1,"{F Um, } {C but, } it's just again, [ the, + the ] privacy, {D you know. }  /","Um/UH ,/, but/CC ,/, it/PRP 's/BES just/RB again/RB ,/, the/DT ,/, the/DT privacy/NN ,/, you/PRP know/VBP ./.",,
sw11utt/sw_1104_2921.utt,2/sw2921,2921,273,sd,A,145,2,"{F Um, } we had a house in Minneapolis that was on three acres,  /","Um/UH ,/, we/PRP had/VBD a/DT house/NN in/IN Minneapolis/NNP that/WDT was/VBD on/IN three/CD acres/NNS ,/,",,
sw11utt/sw_1104_2921.utt,2/sw2921,2921,274,sd,A,145,3,"{C and } my husband was raised, {F um, } on a working farm near Dayt-, /","and/CC my/PRP$ husband/NN was/VBD raised/VBN ,/, um/UH ,/, on/IN a/DT working/JJ farm/NN near/RB Dayt-/NNP ,/,",,
sw11utt/sw_1104_2921.utt,2/sw2921,2921,275,ba,B,146,1,"{F Oh, } that makes a big difference. /","Oh/UH ,/, that/DT makes/VBZ a/DT big/JJ difference/NN ./.",,
sw11utt/sw_1104_2921.utt,2/sw2921,2921,276,aa,A,147,1,"right,  /","right/UH ,/,",,
sw11utt/sw_1104_2921.utt,2/sw2921,2921,277,sd,A,147,2,"near Dayton, Ohio,  /","near/RB Dayton/NNP ,/, Ohio/NNP ,/,",,
sw11utt/sw_1104_2921.utt,2/sw2921,2921,278,sd,A,147,3,"{C and } he said, {D you know, } - /","and/CC he/PRP said/VBD ,/, you/PRP know/VBP ,/,",,
sw11utt/sw_1104_2921.utt,2/sw2921,2921,279,sd,A,147,4,"[ he's, + he's ] slowly getting me to, {F um, } not feel isolated if we move [ t-, + to ] where there's more land. /","he/PRP 's/BES ,/, he/PRP 's/BES slowly/RB getting/VBG me/PRP to/TO ,/, um/UH ,/, not/RB feel/VB isolated/JJ if/IN we/PRP move/VBP t-/IN ,/, to/IN where/WRB there/EX 's/BES more/JJR land/NN ./.",,
sw11utt/sw_1104_2921.utt,2/sw2921,2921,280,b,B,148,1,Uh-huh.  /,Uh-huh/UH ./.,,
sw11utt/sw_1104_2921.utt,2/sw2921,2921,281,bf,B,148,2,"You really aren't isolated because it's, - /","You/PRP really/RB are/VBP n't/RB isolated/JJ because/IN it/PRP 's/BES ,/,",,
sw11utt/sw_1104_2921.utt,2/sw2921,2921,282,bf,B,148,3,"the advantages, - /","the/DT advantages/^NN^BES ,/,",,
sw11utt/sw_1104_2921.utt,2/sw2921,2921,283,bf,B,148,4,"your home is far enough away that you're not bothered by being too close to people, /","your/PRP$ home/NN is/VBZ far/RB enough/RB away/RB that/IN you/PRP 're/VBP not/RB bothered/VBN by/IN being/VBG too/RB close/RB to/IN people/NNS ,/,",,
sw11utt/sw_1104_2921.utt,2/sw2921,2921,284,aa,A,149,1,Right. /,Right/UH ./.,,
sw11utt/sw_1104_2921.utt,2/sw2921,2921,285,bf,B,150,1,"{C but } yet you can have your friends, {F uh, }  /","but/CC yet/RB you/PRP can/MD have/VB your/PRP$ friends/NNS ,/, uh/UH ,/,",,
sw11utt/sw_1104_2921.utt,2/sw2921,2921,286,sv,B,150,2,"you can have them in,  /","you/PRP can/MD have/VB them/PRP in/IN ,/,",,
sw11utt/sw_1104_2921.utt,2/sw2921,2921,287,sv,B,150,3,you can go out. /,you/PRP can/MD go/VB out/RB ./.,,
sw11utt/sw_1104_2921.utt,2/sw2921,2921,288,b,A,151,1,Uh-huh. /,Uh-huh/UH ./.,,
sw11utt/sw_1104_2921.utt,2/sw2921,2921,289,sv,B,152,1,"You have more of a choice,  /","You/PRP have/VBP more/JJR of/IN a/DT choice/NN ,/,",,
sw11utt/sw_1104_2921.utt,2/sw2921,2921,290,sv,B,152,2,you're not pressed upon as bad. /,you/PRP 're/VBP not/RB pressed/VBN upon/RP as/IN bad/RB ./.,,
sw11utt/sw_1104_2921.utt,2/sw2921,2921,291,%,A,153,1,"That's kind of what, {D like } - /","That/DT 's/BES kind/RB of/RB what/WP ,/, like/IN",,
sw11utt/sw_1104_2921.utt,2/sw2921,2921,292,sd,A,153,2,"his parents have, {F uh, } land that they retired to, {F um, } about a hundred miles out of Atlanta --","his/PRP$ parents/NNS have/VBP ,/, uh/UH ,/, land/NN that/WDT they/PRP retired/VBD to/IN ,/, um/UH ,/, about/RB a/DT hundred/CD miles/NNS out/IN of/IN Atlanta/NNP --/:",,
sw11utt/sw_1104_2921.utt,2/sw2921,2921,293,b,B,154,1,Uh-huh. /,Uh-huh/UH ./.,,
sw11utt/sw_1104_2921.utt,2/sw2921,2921,294,+,A,155,1,"-- [ and, + ] in Georgia,  /","--/: and/CC ,/, in/IN Georgia/NNP ,/,",,
sw11utt/sw_1104_2921.utt,2/sw2921,2921,295,sd,A,155,2,"{C and } it is too far south for me, /","and/CC it/PRP is/VBZ too/RB far/RB south/RB for/IN me/PRP ,/,",,
sw11utt/sw_1104_2921.utt,2/sw2921,2921,296,b,B,156,1,"{F Uh, } uh-huh. /","Uh/UH ,/, uh-huh/UH ./.",,
sw11utt/sw_1104_2921.utt,2/sw2921,2921,297,sd,A,157,1,"[ {C but, } + {F um, } {F um, } {C but } ] {E I mean, } they have one of the, {F um, } - /","but/CC ,/, um/UH ,/, um/UH ,/, but/CC I/PRP mean/VBP ,/, they/PRP have/VBP one/CD of/IN the/DT ,/, um/UH ,/,",,
sw11utt/sw_1104_2921.utt,2/sw2921,2921,298,sd,A,157,2,"when they said log cabin, I just laughed,  /","when/WRB they/PRP said/VBD log/NN cabin/NN ,/, I/PRP just/RB laughed/VBD ,/,",,
sw11utt/sw_1104_2921.utt,2/sw2921,2921,299,sd,A,157,3,"that they retired to, - /","that/WDT they/PRP retired/VBD to/IN ,/,",,
sw11utt/sw_1104_2921.utt,2/sw2921,2921,300,sd,A,157,4,{C but } they built one of these.  /,but/CC they/PRP built/VBD one/CD of/IN these/DT ./.,,
sw11utt/sw_1104_2921.utt,2/sw2921,2921,301,sd,A,157,5,"{E I mean, } it's just beautiful. /","I/PRP mean/VBP ,/, it/PRP 's/BES just/RB beautiful/JJ ./.",,
sw11utt/sw_1104_2921.utt,2/sw2921,2921,302,b@,B,158,1,{F Uh. }   *[[slash error]],Uh/UH ./.,,
sw11utt/sw_1104_2921.utt,2/sw2921,2921,303,sd,A,159,1,"It's like a custom, {D you know } -- /","It/PRP 's/BES like/UH a/DT custom/NN ,/, you/PRP know/VBP --/:",,
sw11utt/sw_1104_2921.utt,2/sw2921,2921,304,+,B,160,1,Uh-huh. /,Uh-huh/UH ./.,,
sw11utt/sw_1104_2921.utt,2/sw2921,2921,305,sd,A,161,1,-- it's not like what I would think of when I think of old log cabins.  /,--/: it/PRP 's/BES not/RB like/UH what/WP I/PRP would/MD think/VB of/IN when/WRB I/PRP think/VBP of/IN old/JJ log/NN cabins/NNS ./.,,
sw11utt/sw_1104_2921.utt,2/sw2921.pos,2921,306,x,A,161,2,<laughter>.,./.
sw11utt/sw_1104_2921.utt,2/sw2921,2921,307,x,B,162,1,<Laughter>.,,,
sw11utt/sw_1104_2921.utt,2/sw2921,2921,308,sd,A,163,1,"{D You know, } {E I mean, } it's modern  /","You/PRP know/VBP ,/, I/PRP mean/VBP ,/, it/PRP 's/BES modern/JJ",,
sw11utt/sw_1104_2921.utt,2/sw2921,2921,309,%,A,163,2,"it's, -/","it/PRP 's/BES ,/,",,
sw11utt/sw_1104_2921.utt,2/sw2921,2921,310,^2,B,164,1,More luxury.  /,More/JJR luxury/NN ./.,,
sw11utt/sw_1104_2921.utt,2/sw2921,2921,311,b,B,164,2,"Uh-huh,  /","Uh-huh/UH ,/,",,
sw11utt/sw_1104_2921.utt,2/sw2921,2921,312,b^r,B,164,3,uh-huh. /,uh-huh/UH ./.,,
sw11utt/sw_1104_2921.utt,2/sw2921,2921,313,b,A,165,1,"Right,  /","Right/UH ,/,",,
sw11utt/sw_1104_2921.utt,2/sw2921,2921,314,b^r,A,165,2,"right,  /","right/UH ,/,",,
sw11utt/sw_1104_2921.utt,2/sw2921,2921,315,sd^m,A,165,3,"it's modern,  /","it/PRP 's/BES modern/JJ ,/,",,
sw11utt/sw_1104_2921.utt,2/sw2921,2921,316,sd,A,165,4,"it's beautiful,  /","it/PRP 's/BES beautiful/JJ ,/,",,
sw11utt/sw_1104_2921.utt,2/sw2921,2921,317,sd,A,165,5,it's country -- /,it/PRP 's/BES country/NN --/:,,
sw11utt/sw_1104_2921.utt,2/sw2921,2921,318,b,B,166,1,"Right,  /","Right/UH ,/,",,
sw11utt/sw_1104_2921.utt,2/sw2921,2921,319,b,B,166,2,yeah. /,yeah/UH ./.,,
sw11utt/sw_1104_2921.utt,2/sw2921,2921,320,%,A,167,1,"-- it's {D you know, } {F um, } - /","--/: it/PRP 's/BES you/PRP know/VBP ,/, um/UH ,/,",,
sw11utt/sw_1104_2921.utt,2/sw2921,2921,321,%,A,167,2,"{C but, } {F uh, } I don't, - /","but/CC ,/, uh/UH ,/, I/PRP do/VBP n't/RB ,/,",,
sw11utt/sw_1104_2921.utt,2/sw2921,2921,322,qo,A,167,3,"what else about housing except it's, {F uh, } {D well, } - /","what/WP else/RB about/IN housing/NN except/IN it/PRP 's/BES ,/, uh/UH ,/, well/UH ,/,",,
sw11utt/sw_1104_2921.utt,2/sw2921,2921,323,sv,A,167,4,"Pittsburgh's housing economy, [ [ i-, + i-, ] + I ] think it's holding it's own. /","Pittsburgh/NNP 's/BES housing/NN economy/NN ,/, i/VBZ ,/, i/VBZ ,/, I/PRP think/VBP it/PRP 's/BES holding/VBG it/PRP 's/POS own/JJ ./.",,
sw11utt/sw_1104_2921.utt,2/sw2921,2921,324,%,B,168,1,"{F Uh, } they're, - /","Uh/UH ,/, they/PRP 're/VBP ,/,",,
sw11utt/sw_1104_2921.utt,2/sw2921,2921,325,aa,B,168,2,"yeah,  /","yeah/UH ,/,",,
sw11utt/sw_1104_2921.utt,2/sw2921,2921,326,aap,B,168,3,I suppose they are now.  /,I/PRP suppose/VBP they/PRP are/VBP now/RB ./.,,
sw11utt/sw_1104_2921.utt,2/sw2921,2921,327,%,B,168,4,"We, - /","We/PRP ,/,",,
sw11utt/sw_1104_2921.utt,2/sw2921,2921,328,sd,B,168,5,both of our children who live there have just bought a home.  /,both/DT of/IN our/PRP$ children/NNS who/WP live/VBP there/RB have/VBP just/RB bought/VBN a/DT home/NN ./.,,
sw11utt/sw_1104_2921.utt,2/sw2921,2921,329,%@,B,168,6,"{D Now, }   *[[slash error]]","Now/UH ,/,",,
sw11utt/sw_1104_2921.utt,2/sw2921,2921,330,qw,A,169,1,"[ What part, + what sections ] are they in? /","What/WP part/NN ,/, what/WP sections/NNS are/VBP they/PRP in/RB ?/.",,
sw11utt/sw_1104_2921.utt,2/sw2921,2921,331,+,B,170,1,"{F Uh, } in the Mount Lebanon area. /","Uh/UH ,/, in/IN the/DT Mount/NNP Lebanon/NNP area/NN ./.",,
sw11utt/sw_1104_2921.utt,2/sw2921,2921,332,b,A,171,1,"Yeah,  /","Yeah/UH ,/,",,
sw11utt/sw_1104_2921.utt,2/sw2921,2921,333,ba,A,171,2,that's nice. /,that/DT 's/BES nice/JJ ./.,,
sw11utt/sw_1104_2921.utt,2/sw2921,2921,334,sd,B,172,1,"{C And, } {F uh, } [ the one, + the one ] boy, the house they bought is completely livable.  /","And/CC ,/, uh/UH ,/, the/DT one/CD ,/, the/DT one/CD boy/NN ,/, the/DT house/NN they/PRP bought/VBD is/VBZ completely/RB livable/JJ ./.",,
sw11utt/sw_1104_2921.utt,2/sw2921,2921,335,sd,B,172,2,They didn't have to do much to it. /,They/PRP did/VBD n't/RB have/VB to/TO do/VB much/JJ to/IN it/PRP ./.,,
sw11utt/sw_1104_2921.utt,2/sw2921,2921,336,ba,A,173,1,Great. /,Great/UH ./.,,
sw11utt/sw_1104_2921.utt,2/sw2921,2921,337,sd,B,174,1,"The other one [ [ is, + {F uh, } {F uh, } has, ] + {D you know, } needs ] more work done.  /","The/DT other/JJ one/CD is/VBZ ,/, uh/UH ,/, uh/UH ,/, has/VBZ ,/, you/PRP know/VBP ,/, needs/VBZ more/JJR work/NN done/VBN ./.",,
sw11utt/sw_1104_2921.utt,2/sw2921,2921,338,sd,B,174,2,"It's twenty years old, I think. /","It/PRP 's/BES twenty/CD years/NNS old/JJ ,/, I/PRP think/VBP ./.",,
sw11utt/sw_1104_2921.utt,2/sw2921,2921,339,b,A,175,1,Uh-huh. /,Uh-huh/UH ./.,,
sw11utt/sw_1104_2921.utt,2/sw2921,2921,340,sd,B,176,1,"[ {C And, } + {C but } ] they have two children, too,  /","And/CC ,/, but/CC they/PRP have/VBP two/CD children/NNS ,/, too/RB ,/,",,
sw11utt/sw_1104_2921.utt,2/sw2921,2921,341,sd,B,176,2,"{C and } [ they, + they ] --","and/CC they/PRP ,/, they/PRP --/:",,
sw11utt/sw_1104_2921.utt,2/sw2921,2921,342,b,A,177,1,Uh-huh. /,Uh-huh/UH ./.,,
sw11utt/sw_1104_2921.utt,2/sw2921,2921,343,+,B,178,1,-- bought what they could afford. /,--/: bought/VBD what/WP they/PRP could/MD afford/VB ./.,,
sw11utt/sw_1104_2921.utt,2/sw2921,2921,344,%,A,179,1,"That's, - /","That/DT 's/BES ,/,",,
sw11utt/sw_1104_2921.utt,2/sw2921,2921,345,b,A,179,2,"yeah,  /","yeah/UH ,/,",,
sw11utt/sw_1104_2921.utt,2/sw2921,2921,346,sd,A,179,3,"a really good friend of mine lives in Penn Hills,  /","a/DT really/RB good/JJ friend/NN of/IN mine/NN lives/VBZ in/IN Penn/NNP Hills/NNP ,/,",,
sw11utt/sw_1104_2921.utt,2/sw2921,2921,347,sd,A,179,4,"{C and } they've been in their house, {F oh, } probably about twelve years now -- /","and/CC they/PRP 've/VBP been/VBN in/IN their/PRP$ house/NN ,/, oh/UH ,/, probably/RB about/RB twelve/CD years/NNS now/RB --/:",,
sw11utt/sw_1104_2921.utt,2/sw2921,2921,348,b,B,180,1,Uh-huh. /,Uh-huh/UH ./.,,
sw11utt/sw_1104_2921.utt,2/sw2921,2921,349,%,A,181,1,"-- {C and, } {F um, } [ it's, + it's, ] {D you know, } - /","--/: and/CC ,/, um/UH ,/, it/PRP 's/BES ,/, it/PRP 's/BES ,/, you/PRP know/VBP ,/,",,
sw11utt/sw_1104_2921.utt,2/sw2921,2921,350,sd,A,181,2,"they're [ s-, + going to start ] to see their return --","they/PRP 're/VBP s/VBG ,/, going/VBG to/TO start/VB to/TO see/VB their/PRP$ return/NN --/:",,
sw11utt/sw_1104_2921.utt,2/sw2921,2921,351,b,B,182,1,Uh-huh. /,Uh-huh/UH ./.,,
sw11utt/sw_1104_2921.utt,2/sw2921,2921,352,+,A,183,1,-- on their investment very soon.  /,--/: on/IN their/PRP$ investment/NN very/RB soon/RB ./.,,
sw11utt/sw_1104_2921.utt,2/sw2921,2921,353,sd,A,183,2,"{F Um, } {C but } it's a beautiful home  /","Um/UH ,/, but/CC it/PRP 's/BES a/DT beautiful/JJ home/NN",,
sw11utt/sw_1104_2921.utt,2/sw2921,2921,354,sd,A,183,3,"{C and, }","and/CC ,/,",,
sw11utt/sw_1104_2921.utt,2/sw2921,2921,355,ba,B,184,1,They are beautiful homes. /,They/PRP are/VBP beautiful/JJ homes/NNS ./.,,
sw11utt/sw_1104_2921.utt,2/sw2921,2921,356,+,A,185,1,"{E I mean, } my brother lives, - /","I/PRP mean/VBP ,/, my/PRP$ brother/NN lives/NNS ,/,",,
sw11utt/sw_1104_2921.utt,2/sw2921,2921,357,qr,A,185,2,is it called Baldwin or Bebble? /,is/VBZ it/PRP called/VBN Baldwin/NNP or/CC Bebble/NNP ?/.,,
sw11utt/sw_1104_2921.utt,2/sw2921,2921,358,b,B,186,1,"Uh-huh,  /","Uh-huh/UH ,/,",,
sw11utt/sw_1104_2921.utt,2/sw2921,2921,359,b^r,B,186,2,uh-huh. /,uh-huh/UH ./.,,
sw11utt/sw_1104_2921.utt,2/sw2921,2921,360,sd,A,187,1,"{E I mean, } he lives all in that same area going from Mount Lebanon, {F um, }  /","I/PRP mean/VBP ,/, he/PRP lives/VBZ all/DT in/NN that/DT same/JJ area/NN going/VBG from/IN Mount/NNP Lebanon/NNP ,/, um/UH ,/,",,
sw11utt/sw_1104_2921.utt,2/sw2921,2921,361,sv,A,187,2,it's real pretty up there.  /,it/PRP 's/BES real/RB pretty/JJ up/IN there/RB ./.,,
sw11utt/sw_1104_2921.utt,2/sw2921,2921,362,%,A,187,3,"It's just, -/","It/PRP 's/BES just/RB ,/,",,
sw11utt/sw_1104_2921.utt,2/sw2921,2921,363,aa,B,188,1,"It is,  /","It/PRP is/VBZ ,/,",,
sw11utt/sw_1104_2921.utt,2/sw2921,2921,364,sv,B,188,2,it's real nice. /,it/PRP 's/BES real/RB nice/JJ ./.,,
sw11utt/sw_1104_2921.utt,2/sw2921,2921,365,sv,A,189,1,{C And } the neighborhoods are stable --,And/CC the/DT neighborhoods/NNS are/VBP stable/JJ --/:,,
sw11utt/sw_1104_2921.utt,2/sw2921,2921,366,b,B,190,1,Uh-huh. /,Uh-huh/UH ./.,,
sw11utt/sw_1104_2921.utt,2/sw2921,2921,367,+,A,191,1,-- {D you know. }  /,--/: you/PRP know/VBP ./.,,
sw11utt/sw_1104_2921.utt,2/sw2921,2921,368,%,A,191,2,"It's, {F uh, } - /","It/PRP 's/BES ,/, uh/UH ,/,",,
sw11utt/sw_1104_2921.utt,2/sw2921,2921,369,sv,A,191,3,"when you come to this part of the country, we've been away from Dallas long enough that you see the difference in housing. /","when/WRB you/PRP come/VBP to/IN this/DT part/NN of/IN the/DT country/NN ,/, we/PRP 've/VBP been/VBN away/RB from/IN Dallas/NNP long/JJ enough/RB that/IN you/PRP see/VBP the/DT difference/NN in/IN housing/NN ./.",,
sw11utt/sw_1104_2921.utt,2/sw2921,2921,370,ba,B,192,1,"{F Oh, } my  /","Oh/UH ,/, my/PRP$",,
sw11utt/sw_1104_2921.utt,2/sw2921,2921,371,%,B,192,2,"[ you wou-, + you do ] when you mo-.  /","you/PRP wou/MD ,/, you/PRP do/VBP when/WRB you/PRP mo/VBP ./.",,
sw11utt/sw_1104_2921.utt,2/sw2921,2921,372,%,B,192,3,"When we first got married, {F uh, } - /","When/WRB we/PRP first/JJ got/VBD married/JJ ,/, uh/UH ,/,",,
sw11utt/sw_1104_2921.utt,2/sw2921,2921,373,sd,B,192,4,"my husband works for the state,  /","my/PRP$ husband/NN works/VBZ for/IN the/DT state/NN ,/,",,
sw11utt/sw_1104_2921.utt,2/sw2921,2921,374,sd,B,192,5,{C and } we moved once a year usually <laughter>. /,and/CC we/PRP moved/VBD once/RB a/DT year/NN usually/RB ./.,,
sw11utt/sw_1104_2921.utt,2/sw2921,2921,375,ba,A,193,1,"{F Oh, } my goodness. /","Oh/UH ,/, my/PRP$ goodness/NN ./.",,
sw11utt/sw_1104_2921.utt,2/sw2921,2921,376,sd,B,194,1,"{C And then } after they had to start paying to move us,","And/CC then/RB after/IN they/PRP had/VBD to/TO start/VB paying/VBG to/TO move/VB us/PRP ,/,",,
sw11utt/sw_1104_2921.utt,2/sw2921,2921,377,b,A,195,1,Uh-huh. /,Uh-huh/UH ./.,,
sw11utt/sw_1104_2921.utt,2/sw2921,2921,378,+,B,196,1,that suddenly wasn't necessary any more <laughter>. /,that/DT suddenly/RB was/VBD n't/RB necessary/JJ any/GW more/^RB ./.,,
sw11utt/sw_1104_2921.utt,2/sw2921,2921,379,sd,A,197,1,"<Laughter> That's what it is here,  /","That/DT 's/BES what/WP it/PRP is/VBZ here/RB ,/,",,
sw11utt/sw_1104_2921.utt,2/sw2921,2921,380,%,A,197,2,"yeah,  /","yeah/UH ,/,",,
sw11utt/sw_1104_2921.utt,2/sw2921,2921,381,sd,A,197,3,"that's why we're at a point now [ we've, + {F uh, } we're ] adopting  /","that/DT 's/BES why/WRB we/PRP 're/VBP at/IN a/DT point/NN now/RB we/PRP 've/VBP ,/, uh/UH ,/, we/PRP 're/VBP adopting/VBG",,
sw11utt/sw_1104_2921.utt,2/sw2921,2921,382,sd,A,197,4,{C and } we have been married ten plus years  /,and/CC we/PRP have/VBP been/VBN married/JJ ten/CD plus/SYM years/NNS,,
sw11utt/sw_1104_2921.utt,2/sw2921,2921,383,sv,A,197,5,"{C and } what happens is, {F uh, } you just realize that once you get to a certain age the next house that you get <beep> <<high pitch>> we'll be staying in <laughter>.  /","and/CC what/WP happens/VBZ is/VBZ ,/, uh/UH ,/, you/PRP just/RB realize/VBP that/IN once/RB you/PRP get/VBP to/IN a/DT certain/JJ age/NN the/DT next/JJ house/NN that/WDT you/PRP get/VBP we/PRP 'll/MD be/VB staying/VBG in/RB ./.",,
sw11utt/sw_1104_2921.utt,2/sw2921,2921,384,%@,A,197,6,{D So. }   *[[slash error]],So/UH ./.,,
sw11utt/sw_1104_2921.utt,2/sw2921,2921,385,aa,B,198,1,"Right, yeah,  /","Right/UH ,/, yeah/UH ,/,",,
sw11utt/sw_1104_2921.utt,2/sw2921,2921,386,sv,B,198,2,"you have to stop some place,  /","you/PRP have/VBP to/TO stop/VB some/DT place/NN ,/,",,
sw11utt/sw_1104_2921.utt,2/sw2921,2921,387,aa,B,198,3,yeah. /,yeah/UH ./.,,
sw11utt/sw_1104_2921.utt,2/sw2921,2921,388,+,A,199,1,"Yeah,  /","Yeah/UH ,/,",,
sw11utt/sw_1104_2921.utt,2/sw2921,2921,389,sd,A,199,2,that's kind of like --,that/DT 's/BES kind/RB of/RB like/IN --/:,,
sw11utt/sw_1104_2921.utt,2/sw2921,2921,390,b,B,200,1,Yeah. /,Yeah/UH ./.,,
sw11utt/sw_1104_2921.utt,2/sw2921,2921,391,+,A,201,1,"-- where we're, - /","--/: where/WRB we/PRP 're/VBP ,/,",,
sw11utt/sw_1104_2921.utt,2/sw2921,2921,392,sd,A,201,2,"{D so } we're considering Pennsylvania,  /","so/RB we/PRP 're/VBP considering/VBG Pennsylvania/NNP ,/,",,
sw11utt/sw_1104_2921.utt,2/sw2921,2921,393,sd,A,201,3,"{C and } we're just kind of, {D you know, } toying with what exactly, where we want to be, {D you know. } /","and/CC we/PRP 're/VBP just/RB kind/RB of/RB ,/, you/PRP know/VBP ,/, toying/VBG with/IN what/WP exactly/RB ,/, where/WRB we/PRP want/VBP to/TO be/VB ,/, you/PRP know/VBP ./.",,
sw11utt/sw_1104_2921.utt,2/sw2921,2921,394,b,B,202,1,Uh-huh. /,Uh-huh/UH ./.,,
sw11utt/sw_1104_2921.utt,2/sw2921,2921,395,sv,A,203,1,A lot of people say it doesn't matter where they live if they have a nice house  /,A/DT lot/NN of/IN people/NNS say/VBP it/PRP does/VBZ n't/RB matter/VB where/WRB they/PRP live/VBP if/IN they/PRP have/VBP a/DT nice/JJ house/NN,,
sw11utt/sw_1104_2921.utt,2/sw2921,2921,396,ar,A,203,2,"[ {C and, } +","and/CC ,/,",,
sw11utt/sw_1104_2921.utt,2/sw2921,2921,397,%@,B,204,1,"{D Well, }   *[[slash error]]","Well/UH ,/,",,
sw11utt/sw_1104_2921.utt,2/sw2921,2921,398,+,A,205,1,"{C but } ] I disagree with that,  /","but/CC I/PRP disagree/VBP with/IN that/DT ,/,",,
sw11utt/sw_1104_2921.utt,2/sw2921,2921,399,%,A,205,2,I. -/,I/PRP ./.,,
sw11utt/sw_1104_2921.utt,2/sw2921,2921,400,+,B,206,1,"I do too,  /","I/PRP do/VBP too/RB ,/,",,
sw11utt/sw_1104_2921.utt,2/sw2921,2921,401,sd(^q),B,206,2,"I've heard too many people say, I hate it here. /","I/PRP 've/VBP heard/VBN too/RB many/JJ people/NNS say/VBP ,/, I/PRP hate/VBP it/PRP here/RB ./.",,
sw11utt/sw_1104_2921.utt,2/sw2921,2921,402,b,A,207,1,Uh-huh. /,Uh-huh/UH ./.,,
sw11utt/sw_1104_2921.utt,2/sw2921,2921,403,sv,B,208,1,"{D You know, } they buy a place  /","You/PRP know/VBP ,/, they/PRP buy/VBP a/DT place/NN",,
sw11utt/sw_1104_2921.utt,2/sw2921,2921,404,sv,B,208,2,{C and } they just hate the area.  /,and/CC they/PRP just/RB hate/VBP the/DT area/NN ./.,,
sw11utt/sw_1104_2921.utt,2/sw2921,2921,405,aa,A,209,1,"I know,  /","I/PRP know/VBP ,/,",,
sw11utt/sw_1104_2921.utt,2/sw2921,2921,406,sd,A,209,2,"[ {C and } it, + {C and } ] the economy here in Dallas, {E I mean, } [ it, + it's ] steady,  /","and/CC it/PRP ,/, and/CC the/DT economy/NN here/RB in/IN Dallas/NNP ,/, I/PRP mean/VBP ,/, it/PRP ,/, it/PRP 's/BES steady/JJ ,/,",,
sw11utt/sw_1104_2921.utt,2/sw2921,2921,407,sv,A,209,3,{C but } it's still not going up. /,but/CC it/PRP 's/BES still/RB not/RB going/VBG up/RB ./.,,
sw11utt/sw_1104_2921.utt,2/sw2921,2921,408,b,B,210,1,Uh-huh. /,Uh-huh/UH ./.,,
sw11utt/sw_1104_2921.utt,2/sw2921,2921,409,sd,A,211,1,"{C And } [ I, + {F um, } I ] just refuse to buy it, {F um, } if I know I'm not going to be there for at least --","And/CC I/PRP ,/, um/UH ,/, I/PRP just/RB refuse/VBP to/TO buy/VB it/PRP ,/, um/UH ,/, if/IN I/PRP know/VBP I/PRP 'm/VBP not/RB going/VBG to/TO be/VB there/RB for/IN at/IN least/JJS --/:",,
sw11utt/sw_1104_2921.utt,2/sw2921,2921,410,b,B,212,1,Uh-huh. /,Uh-huh/UH ./.,,
sw11utt/sw_1104_2921.utt,2/sw2921,2921,411,+,A,213,1,"-- five years, {F uh, } [ you, + {D you know. } ] /","--/: five/CD years/NNS ,/, uh/UH ,/, you/PRP ,/, you/PRP know/VBP ./.",,
sw11utt/sw_1104_2921.utt,2/sw2921,2921,412,b,B,214,1,"Yeah,  /","Yeah/UH ,/,",,
sw11utt/sw_1104_2921.utt,2/sw2921,2921,413,sd,B,214,2,"{D well, } my brother, they're having trouble selling their home, {D see. } /","well/UH ,/, my/PRP$ brother/NN ,/, they/PRP 're/VBP having/VBG trouble/NN selling/VBG their/PRP$ home/NN ,/, see/UH ./.",,
sw11utt/sw_1104_2921.utt,2/sw2921,2921,414,ba,A,215,1,"{F Oh, } I'm sure,  /","Oh/UH ,/, I/PRP 'm/VBP sure/JJ ,/,",,
sw11utt/sw_1104_2921.utt,2/sw2921,2921,415,b,A,215,2,"yeah,  /","yeah/UH ,/,",,
sw11utt/sw_1104_2921.utt,2/sw2921,2921,416,sd,A,215,3,"there, {E I mean, } you can go down a street,  /","there/EX ,/, I/PRP mean/VBP ,/, you/PRP can/MD go/VB down/IN a/DT street/NN ,/,",,
sw11utt/sw_1104_2921.utt,2/sw2921,2921,417,sd,A,215,4,"{C and } here, he told you this, every other house, {D you know, } if it's been foreclosed on --","and/CC here/RB ,/, he/PRP told/VBD you/PRP this/DT ,/, every/DT other/JJ house/NN ,/, you/PRP know/VBP ,/, if/IN it/PRP 's/HVS been/VBN foreclosed/VBN on/RP --/:",,
sw11utt/sw_1104_2921.utt,2/sw2921,2921,418,ba,B,216,1,"Right,  /","Right/UH ,/,",,
sw11utt/sw_1104_2921.utt,2/sw2921,2921,419,b,B,216,2,[ uh-huh. + ] /,uh-huh/UH ./.,,
sw11utt/sw_1104_2921.utt,2/sw2921,2921,420,+,A,217,1,"-- {C or, } {D you know, } even big executives -- -/","--/: or/CC ,/, you/PRP know/VBP ,/, even/RB big/JJ executives/NNS --/:",,
sw11utt/sw_1104_2921.utt,2/sw2921,2921,421,b,B,218,1,"{F Oh, } yeah,  /","Oh/UH ,/, yeah/UH ,/,",,
sw11utt/sw_1104_2921.utt,2/sw2921,2921,422,b^r,B,218,2,yeah. /,yeah/UH ./.,,
sw11utt/sw_1104_2921.utt,2/sw2921,2921,423,%,A,219,1,"-- {F um, } it's really, {E I mean, } - /","--/: um/UH ,/, it/PRP 's/BES really/RB ,/, I/PRP mean/VBP ,/,",,
sw11utt/sw_1104_2921.utt,2/sw2921,2921,424,sv,A,219,2,"[ [ a-, + {C and, } ] + {C and } ] it's hard to sell the properties.  /","a-/XX ,/, and/CC ,/, and/CC it/PRP 's/BES hard/JJ to/TO sell/VB the/DT properties/NNS ./.",,
sw11utt/sw_1104_2921.utt,2/sw2921,2921,425,sd,A,219,3,"People from J C Penney's from New York, came here about a couple of years ago. /","People/NNS from/IN J/NNP C/NNP Penney/NNP 's/POS from/IN New/NNP York/NNP ,/, came/VBD here/RB about/RB a/DT couple/NN of/IN years/NNS ago/RB ./.",,
sw11utt/sw_1104_2921.utt,2/sw2921,2921,426,b,B,220,1,"Uh-huh,  /","Uh-huh/UH ,/,",,
sw11utt/sw_1104_2921.utt,2/sw2921,2921,427,b^r,B,220,2,uh-huh. /,uh-huh/UH ./.,,
sw11utt/sw_1104_2921.utt,2/sw2921,2921,428,sd,A,221,1,"{C And } they thought they were getting a great deal, {F um, } because they could get a five hundred thousand dollar home with, they call it, zero lot lines, no property,  /","And/CC they/PRP thought/VBD they/PRP were/VBD getting/VBG a/DT great/JJ deal/NN ,/, um/UH ,/, because/IN they/PRP could/MD get/VB a/DT five/CD hundred/CD thousand/CD dollar/NN home/NN with/IN ,/, they/PRP call/VBP it/PRP ,/, zero/CD lot/NN lines/NNS ,/, no/DT property/NN ,/,",,
sw11utt/sw_1104_2921.utt,2/sw2921,2921,429,%@,A,221,2,Jean.   *[[slash errors; why is the name isolated?]],Jean/NNP ./.,,
sw11utt/sw_1104_2921.utt,2/sw2921,2921,430,b,B,222,1,"{F Oh, } uh-huh. /","Oh/UH ,/, uh-huh/UH ./.",,
sw11utt/sw_1104_2921.utt,2/sw2921,2921,431,+,A,223,1,{C And } it would make you ill to see this. /,And/CC it/PRP would/MD make/VB you/PRP ill/JJ to/TO see/VB this/DT ./.,,
sw11utt/sw_1104_2921.utt,2/sw2921,2921,432,b,B,224,1,Yeah. /,Yeah/UH ./.,,
sw11utt/sw_1104_2921.utt,2/sw2921,2921,433,sv,A,225,1,"I mean it would probably be like your house on, {F uh, } {D you know, } a half a city block in Pittsburgh or something. /","I/PRP mean/VBP it/PRP would/MD probably/RB be/VB like/IN your/PRP$ house/NN on/IN ,/, uh/UH ,/, you/PRP know/VBP ,/, a/DT half/NN a/DT city/NN block/NN in/IN Pittsburgh/NNP or/CC something/NN ./.",,
sw11utt/sw_1104_2921.utt,2/sw2921,2921,434,sd,B,226,1,"[ I, + I ] couldn't handle that <laughter>. /","I/PRP ,/, I/PRP could/MD n't/RB handle/VB that/DT ./.",,
sw11utt/sw_1104_2921.utt,2/sw2921,2921,435,b,A,227,1,"Yeah,  /","Yeah/UH ,/,",,
sw11utt/sw_1104_2921.utt,2/sw2921,2921,436,ba,A,227,2,"I know,  /","I/PRP know/VBP ,/,",,
sw11utt/sw_1104_2921.utt,2/sw2921,2921,437,%,A,227,3,"{C and } that's, {D you know, } {D like } - /","and/CC that/DT 's/BES ,/, you/PRP know/VBP ,/, like/UH",,
sw11utt/sw_1104_2921.utt,2/sw2921,2921,438,sd,A,227,4,I can look outside right now and  look into the next unit. /,I/PRP can/MD look/VB outside/RB right/RB now/RB and/CC look/VB into/IN the/DT next/JJ unit/NN ./.,,
sw11utt/sw_1104_2921.utt,2/sw2921,2921,439,b,B,228,1,Uh-huh. /,Uh-huh/UH ./.,,
sw11utt/sw_1104_2921.utt,2/sw2921,2921,440,sd,A,229,1,"{D You know, } it's across the way,  /","You/PRP know/VBP ,/, it/PRP 's/BES across/IN the/DT way/NN ,/,",,
sw11utt/sw_1104_2921.utt,2/sw2921,2921,441,sd,A,229,2,"{C and } it's landscaped and all that with azaleas, /","and/CC it/PRP 's/BES landscaped/JJ and/CC all/DT that/NN with/IN azaleas/NNS ,/,",,
sw11utt/sw_1104_2921.utt,2/sw2921,2921,442,b,B,230,1,Uh-huh. /,Uh-huh/UH ./.,,
sw11utt/sw_1104_2921.utt,2/sw2921,2921,443,sv,A,231,1,"{C but } [ it's still, + it's still ] not that private. /","but/CC it/PRP 's/BES still/RB ,/, it/PRP 's/BES still/RB not/RB that/IN private/NN ./.",,
sw11utt/sw_1104_2921.utt,2/sw2921,2921,444,sd,B,232,1,"I get tired, {F uh, } sometimes, mowing, <laughter> because we mow, {D you know, } a good bit of ground around the house area. /","I/PRP get/VBP tired/JJ ,/, uh/UH ,/, sometimes/RB ,/, mowing/VBG ,/, because/IN we/PRP mow/VBP ,/, you/PRP know/VBP ,/, a/DT good/JJ bit/NN of/IN ground/NN around/IN the/DT house/NN area/NN ./.",,
sw11utt/sw_1104_2921.utt,2/sw2921,2921,445,b,A,233,1,Yeah  /,Yeah/UH,,
sw11utt/sw_1104_2921.utt,2/sw2921,2921,446,arp,A,233,2,{C but } you have a rider. /,but/CC you/PRP have/VBP a/DT rider/NN ./.,,
sw11utt/sw_1104_2921.utt,2/sw2921,2921,447,sd,B,234,1,{C And } I do get tired of that  /,And/CC I/PRP do/VBP get/VB tired/VBN of/IN that/DT,,
sw11utt/sw_1104_2921.utt,2/sw2921,2921,448,h,B,234,2,"{C but, } {F uh, } I don't know,  /","but/CC ,/, uh/UH ,/, I/PRP do/VBP n't/RB know/VB ,/,",,
sw11utt/sw_1104_2921.utt,2/sw2921,2921,449,sd,B,234,3,I don't think I'd want to change it. /,I/PRP do/VBP n't/RB think/VB I/PRP 'd/MD want/VB to/TO change/VB it/PRP ./.,,
sw11utt/sw_1104_2921.utt,2/sw2921,2921,450,aa,A,235,1,"No,  /","No/UH ,/,",,
sw11utt/sw_1104_2921.utt,2/sw2921,2921,451,%,A,235,2,"{C and } your kids have, - /","and/CC your/PRP$ kids/NNS have/VBP ,/,",,
sw11utt/sw_1104_2921.utt,2/sw2921,2921,452,sv,A,235,3,"to tell you the truth, {F um, } I think that if you can keep [ that, + that way, ] {D you know, } kind of like a homestead, -/","to/TO tell/VB you/PRP the/DT truth/NN ,/, um/UH ,/, I/PRP think/VBP that/IN if/IN you/PRP can/MD keep/VB that/DT ,/, that/DT way/NN ,/, you/PRP know/VBP ,/, kind/RB of/RB like/IN a/DT homestead/NN ,/,",,
