swda_filename,ptb_basename,conversation_no,transcript_index,act_tag,caller,utterance_index,subutterance_index,text,pos,trees,ptb_treenumbers
sw10utt/sw_1099_2929.utt,2/sw2929,2929,0,ad^t,A,1,1,You want to go first?  <laughter>. /,You/PRP want/VBP to/TO go/VB first/JJ ?/. ./.,,
sw10utt/sw_1099_2929.utt,2/sw2929,2929,1,sv^t,B,2,1,"{D Well, } I believe that [ the, + {F um, } the ]  voice, that, {F uh, } initialized this call asked about, {F uh, } if we thought that it  should be something that should be put into action. /","Well/UH ,/, I/PRP believe/VBP that/IN the/DT ,/, um/UH ,/, the/DT voice/NN ,/, that/WDT ,/, uh/UH ,/, initialized/VBD this/DT call/NN asked/VBD about/IN ,/, uh/UH ,/, if/IN we/PRP thought/VBD that/IN it/PRP should/MD be/VB something/NN that/WDT should/MD be/VB put/VBN into/IN action/NN ./.",,
sw10utt/sw_1099_2929.utt,2/sw2929,2929,2,aa,A,3,1,"Yeah,  /","Yeah/UH ,/,",,
sw10utt/sw_1099_2929.utt,2/sw2929,2929,3,sv^t,A,3,2,"{D like } [ the governme-,  if, + should the government ]  make it universal or  something like that.  /","like/IN the/DT governme-/NN ,/, if/IN ,/, should/MD the/DT government/NN make/VB it/PRP universal/JJ or/CC something/NN like/IN that/DT ./.",,
sw10utt/sw_1099_2929.utt,2/sw2929,2929,4,%,A,3,3,Yeah. /,Yeah/UH ./.,,
sw10utt/sw_1099_2929.utt,2/sw2929,2929,5,aa,B,4,1,"Yes,  /","Yes/UH ,/,",,
sw10utt/sw_1099_2929.utt,2/sw2929,2929,6,sv,B,4,2,"[ [ [ I, + I, ] + I, ] + I ]  would be committed to that, becau-, -/","I/PRP ,/, I/PRP ,/, I/PRP ,/, I/PRP would/MD be/VB committed/VBN to/IN that/DT ,/, becau-/IN ,/,",,
sw10utt/sw_1099_2929.utt,2/sw2929,2929,7,b,A,5,1,Uh-huh.  /,Uh-huh/UH ./.,,
sw10utt/sw_1099_2929.utt,2/sw2929,2929,8,qy^d,A,5,2,"[ You, + you ] would be in favor of it? /","You/PRP ,/, you/PRP would/MD be/VB in/IN favor/NN of/IN it/PRP ?/.",,
sw10utt/sw_1099_2929.utt,2/sw2929,2929,9,na,B,6,1,"{F Oh, } definitely.  /","Oh/UH ,/, definitely/UH ./.",,
sw10utt/sw_1099_2929.utt,2/sw2929,2929,10,ny,B,6,2,Yes. /,Yes/UH ./.,,
sw10utt/sw_1099_2929.utt,2/sw2929,2929,11,b,A,7,1,"Uh-huh,  /","Uh-huh/UH ,/,",,
sw10utt/sw_1099_2929.utt,2/sw2929,2929,12,b^r,A,7,2,uh-huh. /,uh-huh/UH ./.,,
sw10utt/sw_1099_2929.utt,2/sw2929,2929,13,sd,B,8,1,"I know that there are many countries that, {F uh, }  are very successful with the operation of the government, {F uh, } providing that plan. /","I/PRP know/VBP that/IN there/EX are/VBP many/JJ countries/NNS that/WDT ,/, uh/UH ,/, are/VBP very/RB successful/JJ with/IN the/DT operation/NN of/IN the/DT government/NN ,/, uh/UH ,/, providing/VBG that/DT plan/NN ./.",,
sw10utt/sw_1099_2929.utt,2/sw2929,2929,14,b,A,9,1,Uh-huh.  /,Uh-huh/UH ./.,,
sw10utt/sw_1099_2929.utt,2/sw2929,2929,15,qy,A,9,2,"Do they have options on [ who  they, + ] {F uh, }  {D you know, } like choices of doctors and that type of thing?  /","Do/VBP they/PRP have/VB options/NNS on/IN who/WP they/PRP ,/, uh/UH ,/, you/PRP know/VBP ,/, like/IN choices/NNS of/IN doctors/NNS and/CC that/DT type/NN of/IN thing/NN ?/.",,
sw10utt/sw_1099_2929.utt,2/sw2929,2929,16,%,A,9,3,"Do you, -/","Do/VBP you/PRP ,/,",,
sw10utt/sw_1099_2929.utt,2/sw2929,2929,17,no,B,10,1,"{F Um, } I'm not sure [ wha-, + how ]  their program is run,  /","Um/UH ,/, I/PRP 'm/VBP not/RB sure/JJ wha/WP ,/, how/WRB their/PRP$ program/NN is/VBZ run/VBN ,/,",,
sw10utt/sw_1099_2929.utt,2/sw2929,2929,18,sd,B,10,2,{C but } I know it has been successful. /,but/CC I/PRP know/VBP it/PRP has/VBZ been/VBN successful/JJ ./.,,
sw10utt/sw_1099_2929.utt,2/sw2929,2929,19,b,A,11,1,Uh-huh. /,Uh-huh/UH ./.,,
sw10utt/sw_1099_2929.utt,2/sw2929,2929,20,sd,B,12,1,"{C And } I would really have to, {F uh, }   read the history of, [ probably I, + ] {F uh, } the country that has fared very well with it,  /","And/CC I/PRP would/MD really/RB have/VB to/TO ,/, uh/UH ,/, read/VB the/DT history/NN of/IN ,/, probably/RB I/PRP ,/, uh/UH ,/, the/DT country/NN that/WDT has/VBZ fared/VBN very/RB well/RB with/IN it/PRP ,/,",,
sw10utt/sw_1099_2929.utt,2/sw2929,2929,21,sd,B,12,2,"{C and } I'd like  to see [ the, + {F uh, } the ] data on that. /","and/CC I/PRP 'd/MD like/VB to/TO see/VB the/DT ,/, uh/UH ,/, the/DT data/NN on/IN that/DT ./.",,
sw10utt/sw_1099_2929.utt,2/sw2929,2929,22,b,A,13,1,Uh-huh.  /,Uh-huh/UH ./.,,
sw10utt/sw_1099_2929.utt,2/sw2929,2929,23,sd,A,13,2,"That's the way with me,  /","That/DT 's/BES the/DT way/NN with/IN me/PRP ,/,",,
sw10utt/sw_1099_2929.utt,2/sw2929,2929,24,h,A,13,3,I don't know a whole lot about it.  /,I/PRP do/VBP n't/RB know/VB a/DT whole/JJ lot/NN about/IN it/PRP ./.,,
sw10utt/sw_1099_2929.utt,2/sw2929,2929,25,%,A,13,4,"I woul-, - /","I/PRP woul/MD ,/,",,
sw10utt/sw_1099_2929.utt,2/sw2929,2929,26,sd,A,13,5,"that's the only concern I would have,  because I think personalities plus the type of doctor it is has a lot to do  with the care,  /","that/DT 's/BES the/DT only/JJ concern/NN I/PRP would/MD have/VB ,/, because/IN I/PRP think/VBP personalities/NNS plus/CC the/DT type/NN of/IN doctor/NN it/PRP is/VBZ has/VBZ a/DT lot/NN to/TO do/VB with/IN the/DT care/NN ,/,",,
sw10utt/sw_1099_2929.utt,2/sw2929,2929,27,sv,A,13,6,{C and } if you didn't have any choice --,and/CC if/IN you/PRP did/VBD n't/RB have/VB any/DT choice/NN --/:,,
sw10utt/sw_1099_2929.utt,2/sw2929,2929,28,%,B,14,1,"{D Well } I, -/","Well/UH I/PRP ,/,",,
sw10utt/sw_1099_2929.utt,2/sw2929,2929,29,+,A,15,1,"-- [ on, + {D you know, } in ] who you go to, -/","--/: on/IN ,/, you/PRP know/VBP ,/, in/IN who/WP you/PRP go/VBP to/IN ,/,",,
sw10utt/sw_1099_2929.utt,2/sw2929,2929,30,aa,B,16,1,"Yes,  /","Yes/UH ,/,",,
sw10utt/sw_1099_2929.utt,2/sw2929,2929,31,sv@,B,16,2,"I think that's primary, is if you have a good relationship --","I/PRP think/VBP that/DT 's/BES primary/JJ ,/, is/VBZ if/IN you/PRP have/VBP a/DT good/JJ relationship/NN --/:",,
sw10utt/sw_1099_2929.utt,2/sw2929,2929,32,b,A,17,1,"Uh-huh,  /","Uh-huh/UH ,/,",,
sw10utt/sw_1099_2929.utt,2/sw2929,2929,33,b^r,A,17,2,uh-huh. /,uh-huh/UH ./.,,
sw10utt/sw_1099_2929.utt,2/sw2929,2929,34,+@,B,18,1,-- with your doctor that you can feel free  to discuss anything with him.,--/: with/IN your/PRP$ doctor/NN that/IN you/PRP can/MD feel/VB free/JJ to/TO discuss/VB anything/NN with/IN him/PRP ./.,,
sw10utt/sw_1099_2929.utt,2/sw2929,2929,35,b,A,19,1,Uh-huh. /,Uh-huh/UH ./.,,
sw10utt/sw_1099_2929.utt,2/sw2929,2929,36,+@,B,20,1,"{C And, } {F uh, }","And/CC ,/, uh/UH ,/,",,
sw10utt/sw_1099_2929.utt,2/sw2929,2929,37,sv,A,21,1,"Or to change even, {D like }   if you didn't approve or didn't think you were getting good service. /","Or/CC to/TO change/VB even/RB ,/, like/IN if/IN you/PRP did/VBD n't/RB approve/VB or/CC did/VBD n't/RB think/VB you/PRP were/VBD getting/VBG good/JJ service/NN ./.",,
sw10utt/sw_1099_2929.utt,2/sw2929,2929,38,+@,B,22,1,"{F Oh, } absolutely that, the choice would be yours --","Oh/UH ,/, absolutely/RB that/IN ,/, the/DT choice/NN would/MD be/VB yours/PRP$ --/:",,
sw10utt/sw_1099_2929.utt,2/sw2929,2929,39,b,A,23,1,Uh-huh. /,Uh-huh/UH ./.,,
sw10utt/sw_1099_2929.utt,2/sw2929,2929,40,+@,B,24,1,"-- {D yes, }  if you felt that you weren't  being, {F um, } given the proper guidelines --","--/: yes/UH ,/, if/IN you/PRP felt/VBD that/IN you/PRP were/VBD n't/RB being/VBG ,/, um/UH ,/, given/VBN the/DT proper/JJ guidelines/NNS --/:",,
sw10utt/sw_1099_2929.utt,2/sw2929,2929,41,b,A,25,1,Uh-huh. /,Uh-huh/UH ./.,,
sw10utt/sw_1099_2929.utt,2/sw2929,2929,42,+@,B,26,1,"-- for your health that you should be able to  make, {F um, } a choice there. /","--/: for/IN your/PRP$ health/NN that/IN you/PRP should/MD be/VB able/JJ to/TO make/VB ,/, um/UH ,/, a/DT choice/NN there/RB ./.",,
sw10utt/sw_1099_2929.utt,2/sw2929,2929,43,aa,A,27,1,Uh-huh.  /,Uh-huh/UH ./.,,
sw10utt/sw_1099_2929.utt,2/sw2929,2929,44,sd,A,27,2,"There, that's one of my main concerns.  /","There/EX ,/, that/DT 's/BES one/CD of/IN my/PRP$ main/JJ concerns/NNS ./.",,
sw10utt/sw_1099_2929.utt,2/sw2929,2929,45,sd,A,27,3,"[  I, + I ] have a friend that  [ has, + ]  their boy has been sick for several months,  /","I/PRP ,/, I/PRP have/VBP a/DT friend/NN that/WDT has/VBZ ,/, their/PRP$ boy/NN has/VBZ been/VBN sick/JJ for/IN several/JJ months/NNS ,/,",,
sw10utt/sw_1099_2929.utt,2/sw2929,2929,46,sd,A,27,4,{C and }  they just have found out what's the trouble.   /,and/CC they/PRP just/RB have/VBP found/VBN out/RP what/WP 's/BES the/DT trouble/NN ./.,,
sw10utt/sw_1099_2929.utt,2/sw2929,2929,47,sd,A,27,5,"{C And } they have gone through, {F uh, }  one, two, three, four, five doctors and then a team of doctors,  /","And/CC they/PRP have/VBP gone/VBN through/IN ,/, uh/UH ,/, one/CD ,/, two/CD ,/, three/CD ,/, four/CD ,/, five/CD doctors/NNS and/CC then/RB a/DT team/NN of/IN doctors/NNS ,/,",,
sw10utt/sw_1099_2929.utt,2/sw2929,2929,48,sd,A,27,6,{C and } they finally determined what the problem was.  /,and/CC they/PRP finally/RB determined/VBD what/WP the/DT problem/NN was/VBD ./.,,
sw10utt/sw_1099_2929.utt,2/sw2929,2929,49,sd,A,27,7,It took that long. /,It/PRP took/VBD that/RB long/JJ ./.,,
sw10utt/sw_1099_2929.utt,2/sw2929,2929,50,b,B,28,1,"Yes,  /","Yes/UH ,/,",,
sw10utt/sw_1099_2929.utt,2/sw2929,2929,51,sv,B,28,2,"{C and } the expense of that, yes. /","and/CC the/DT expense/NN of/IN that/DT ,/, yes/UH ./.",,
sw10utt/sw_1099_2929.utt,2/sw2929,2929,52,sv,A,29,1,"{C And } [ that, + that, ]   something like that, {D you know, } I thought, if you couldn't change or look elsewhere, {D you know, }  for help, [ if you wer-, + ] - /","And/CC that/IN ,/, that/IN ,/, something/NN like/IN that/DT ,/, you/PRP know/VBP ,/, I/PRP thought/VBD ,/, if/IN you/PRP could/MD n't/RB change/VB or/CC look/VB elsewhere/RB ,/, you/PRP know/VBP ,/, for/IN help/NN ,/, if/IN you/PRP wer/VBD ,/,",,
sw10utt/sw_1099_2929.utt,2/sw2929,2929,53,sv,A,29,2,"I don't know how that program works, {D you know, } if you can do that. /","I/PRP do/VBP n't/RB know/VB how/WRB that/DT program/NN works/VBZ ,/, you/PRP know/VBP ,/, if/IN you/PRP can/MD do/VB that/DT ./.",,
sw10utt/sw_1099_2929.utt,2/sw2929,2929,54,sv,B,30,1,"{D Well, } [ I would, + I would ]  think that they would have that as [ part, + part ] of the benefit --","Well/UH ,/, I/PRP would/MD ,/, I/PRP would/MD think/VB that/IN they/PRP would/MD have/VB that/DT as/IN part/NN ,/, part/NN of/IN the/DT benefit/NN --/:",,
sw10utt/sw_1099_2929.utt,2/sw2929,2929,55,b,A,31,1,"Uh-huh,  /","Uh-huh/UH ,/,",,
sw10utt/sw_1099_2929.utt,2/sw2929,2929,56,b^r,A,31,2,uh-huh. /,uh-huh/UH ./.,,
sw10utt/sw_1099_2929.utt,2/sw2929,2929,57,+,B,32,1,"-- to the health care program, that you would  indeed have a choice that you could select that individual --","--/: to/IN the/DT health/NN care/NN program/NN ,/, that/IN you/PRP would/MD indeed/RB have/VB a/DT choice/NN that/WDT you/PRP could/MD select/VB that/DT individual/NN --/:",,
sw10utt/sw_1099_2929.utt,2/sw2929,2929,58,b,A,33,1,Uh-huh. /,Uh-huh/UH ./.,,
sw10utt/sw_1099_2929.utt,2/sw2929,2929,59,+,B,34,1,-- yourself.  /,--/: yourself/PRP ./.,,
sw10utt/sw_1099_2929.utt,2/sw2929,2929,60,sv,B,34,2,"{C And } I'm sure that they would  have a history of each doctor, and hopefully that they would have  their, {F um, } accreditations there too. /","And/CC I/PRP 'm/VBP sure/JJ that/IN they/PRP would/MD have/VB a/DT history/NN of/IN each/DT doctor/NN ,/, and/CC hopefully/RB that/IN they/PRP would/MD have/VB their/PRP$ ,/, um/UH ,/, accreditations/NNS there/RB too/RB ./.",,
sw10utt/sw_1099_2929.utt,2/sw2929,2929,61,b,A,35,1,"Uh-huh,  /","Uh-huh/UH ,/,",,
sw10utt/sw_1099_2929.utt,2/sw2929,2929,62,b^r,A,35,2,uh-huh.  /,uh-huh/UH ./.,,
sw10utt/sw_1099_2929.utt,2/sw2929,2929,63,sv,A,35,3,"I guess [ that's, + that's ]  primarily was one of my thoughts, {D you know, } because, you know how government is <laughter>. /","I/PRP guess/VBP that/DT 's/BES ,/, that/DT 's/BES primarily/RB was/VBD one/CD of/IN my/PRP$ thoughts/NNS ,/, you/PRP know/VBP ,/, because/IN ,/, you/PRP know/VBP how/WRB government/NN is/VBZ ./.",,
sw10utt/sw_1099_2929.utt,2/sw2929,2929,64,aa,B,36,1,"Yes, {F um, }  /","Yes/UH ,/, um/UH ,/,",,
sw10utt/sw_1099_2929.utt,2/sw2929,2929,65,sv,B,36,2,"{C but } those guidelines have  to be set up,  /","but/CC those/DT guidelines/NNS have/VBP to/TO be/VB set/VBN up/RP ,/,",,
sw10utt/sw_1099_2929.utt,2/sw2929,2929,66,sv,B,36,3,{C and } I think they should be voted on by the public. /,and/CC I/PRP think/VBP they/PRP should/MD be/VB voted/VBN on/RP by/IN the/DT public/NN ./.,,
sw10utt/sw_1099_2929.utt,2/sw2929,2929,67,b,A,37,1,Uh-huh. /,Uh-huh/UH ./.,,
sw10utt/sw_1099_2929.utt,2/sw2929,2929,68,%,B,38,1,"{C And, } {F uh, } -/","And/CC ,/, uh/UH ,/,",,
sw10utt/sw_1099_2929.utt,2/sw2929,2929,69,sv,A,39,1,For them to have a choice on --,For/IN them/PRP to/TO have/VB a/DT choice/NN on/IN --/:,,
sw10utt/sw_1099_2929.utt,2/sw2929,2929,70,b,B,40,1,"Uh-huh,  /","Uh-huh/UH ,/,",,
sw10utt/sw_1099_2929.utt,2/sw2929,2929,71,b^r,B,40,2,uh-huh. /,uh-huh/UH ./.,,
sw10utt/sw_1099_2929.utt,2/sw2929,2929,72,+,A,41,1,-- if they're in favor of it or not. /,--/: if/IN they/PRP 're/VBP in/IN favor/NN of/IN it/PRP or/CC not/RB ./.,,
sw10utt/sw_1099_2929.utt,2/sw2929,2929,73,aa,B,42,1,"Right,  /","Right/UH ,/,",,
sw10utt/sw_1099_2929.utt,2/sw2929,2929,74,aa,B,42,2,yes. /,yes/UH ./.,,
sw10utt/sw_1099_2929.utt,2/sw2929,2929,75,sv,A,43,1,"# [ It, + it ] would. # /","It/PRP ,/, it/PRP would/MD ./.",,
sw10utt/sw_1099_2929.utt,2/sw2929,2929,76,sv,B,44,1,"# {C And } of course # they would give a full  plan of what their intentions would be,  /","And/CC of/IN course/NN they/PRP would/MD give/VB a/DT full/JJ plan/NN of/IN what/WP their/PRP$ intentions/NNS would/MD be/VB ,/,",,
sw10utt/sw_1099_2929.utt,2/sw2929,2929,77,sv,B,44,2,"{C and, } {F um, } I think  that's primary, {F uh } --","and/CC ,/, um/UH ,/, I/PRP think/VBP that/DT 's/BES primary/JJ ,/, uh/UH --/:",,
sw10utt/sw_1099_2929.utt,2/sw2929,2929,78,b,A,45,1,Uh-huh. /,Uh-huh/UH ./.,,
sw10utt/sw_1099_2929.utt,2/sw2929,2929,79,+@,B,46,1,"-- [ for the health, + if they were going  to have a universal health ] care plan.","--/: for/IN the/DT health/NN ,/, if/IN they/PRP were/VBD going/VBG to/TO have/VB a/DT universal/JJ health/NN care/NN plan/NN ./.",,
sw10utt/sw_1099_2929.utt,2/sw2929,2929,80,b,A,47,1,"Uh-huh,  /","Uh-huh/UH ,/,",,
sw10utt/sw_1099_2929.utt,2/sw2929,2929,81,b^r,A,47,2,uh-huh. /,uh-huh/UH ./.,,
sw10utt/sw_1099_2929.utt,2/sw2929,2929,82,+@,B,48,1,"That, {F uh, } they would have all the facts and  the figures and, {F uh, } what it would mean to each individual family --","That/DT ,/, uh/UH ,/, they/PRP would/MD have/VB all/PDT the/DT facts/NNS and/CC the/DT figures/NNS and/CC ,/, uh/UH ,/, what/WP it/PRP would/MD mean/VB to/IN each/DT individual/JJ family/NN --/:",,
sw10utt/sw_1099_2929.utt,2/sw2929,2929,83,b,A,49,1,Uh-huh. /,Uh-huh/UH ./.,,
sw10utt/sw_1099_2929.utt,2/sw2929,2929,84,+,B,50,1,"-- or an [ id-, + individual ] perhaps being single. /","--/: or/CC an/DT id-/NN ,/, individual/NN perhaps/RB being/VBG single/JJ ./.",,
sw10utt/sw_1099_2929.utt,2/sw2929,2929,85,b,A,51,1,"Uh-huh,  /","Uh-huh/UH ,/,",,
sw10utt/sw_1099_2929.utt,2/sw2929,2929,86,b^r,A,51,2,"uh-huh,  /","uh-huh/UH ,/,",,
sw10utt/sw_1099_2929.utt,2/sw2929,2929,87,b^r,A,51,3,uh-huh. /,uh-huh/UH ./.,,
sw10utt/sw_1099_2929.utt,2/sw2929,2929,88,sv,B,52,1,"{F Um, } I'm not sure what else that, {F uh, }  we could address, {F uh, } on health care, {F uh, } other than the fact, I think, {F uh, } the eyes and  the ears and the, {F uh, } whole self should be, {F uh, } {F uh, } included in all of that. /","Um/UH ,/, I/PRP 'm/VBP not/RB sure/JJ what/WP else/RB that/IN ,/, uh/UH ,/, we/PRP could/MD address/VB ,/, uh/UH ,/, on/IN health/NN care/NN ,/, uh/UH ,/, other/JJ than/IN the/DT fact/NN ,/, I/PRP think/VBP ,/, uh/UH ,/, the/DT eyes/NNS and/CC the/DT ears/NNS and/CC the/DT ,/, uh/UH ,/, whole/JJ self/NN should/MD be/VB ,/, uh/UH ,/, uh/UH ,/, included/VBN in/IN all/DT of/IN that/DT ./.",,
sw10utt/sw_1099_2929.utt,2/sw2929,2929,89,b,A,53,1,"Uh-huh,  /","Uh-huh/UH ,/,",,
sw10utt/sw_1099_2929.utt,2/sw2929,2929,90,b^r,A,53,2,uh-huh. /,uh-huh/UH ./.,,
sw10utt/sw_1099_2929.utt,2/sw2929,2929,91,sv,B,54,1,"{F Uh, } dental, eye care, and,  {F uh, } <throat_clearing> our body --","Uh/UH ,/, dental/JJ ,/, eye/NN care/NN ,/, and/CC ,/, uh/UH ,/, our/PRP$ body/NN --/:",,
sw10utt/sw_1099_2929.utt,2/sw2929,2929,92,b,A,55,1,Uh-huh. /,Uh-huh/UH ./.,,
sw10utt/sw_1099_2929.utt,2/sw2929,2929,93,+,B,56,1,-- as a whole should be included in that --,--/: as/IN a/DT whole/NN should/MD be/VB included/VBN in/IN that/DT --/:,,
sw10utt/sw_1099_2929.utt,2/sw2929,2929,94,b,A,57,1,Uh-huh. /,Uh-huh/UH ./.,,
sw10utt/sw_1099_2929.utt,2/sw2929,2929,95,+,B,58,1,"-- because there are so many avenues that needs  to be, {F um, } undertaken in a program like that.  /","--/: because/IN there/EX are/VBP so/RB many/JJ avenues/NNS that/WDT needs/VBZ to/TO be/VB ,/, um/UH ,/, undertaken/VBN in/IN a/DT program/NN like/IN that/DT ./.",,
sw10utt/sw_1099_2929.utt,2/sw2929,2929,96,sd,B,58,2,"{F Um, } I wouldn't want to have  to go for a private doctor for anything and not be covered by the program. /","Um/UH ,/, I/PRP would/MD n't/RB want/VB to/TO have/VB to/TO go/VB for/IN a/DT private/JJ doctor/NN for/IN anything/NN and/CC not/RB be/VB covered/VBN by/IN the/DT program/NN ./.",,
sw10utt/sw_1099_2929.utt,2/sw2929,2929,97,b,A,59,1,Uh-huh.  /,Uh-huh/UH ./.,,
sw10utt/sw_1099_2929.utt,2/sw2929,2929,98,sd,A,59,2,"I know where my son works they have, {F uh, }  an option right now where they can have their own physician  /","I/PRP know/VBP where/WRB my/PRP$ son/NN works/VBZ they/PRP have/VBP ,/, uh/UH ,/, an/DT option/NN right/RB now/RB where/WRB they/PRP can/MD have/VB their/PRP$ own/JJ physician/NN",,
sw10utt/sw_1099_2929.utt,2/sw2929,2929,99,sd,A,59,3,{C or } they can choose   one that their company has elected -- /,or/CC they/PRP can/MD choose/VB one/CD that/WDT their/PRP$ company/NN has/VBZ elected/VBN --/:,,
sw10utt/sw_1099_2929.utt,2/sw2929,2929,100,b,B,60,1,Uh-huh. /,Uh-huh/UH ./.,,
sw10utt/sw_1099_2929.utt,2/sw2929,2929,101,sd,A,61,1,"-- {C and } that costs them less if   they take the doctor [ that, + {F uh, } that ] the company has selected. /","--/: and/CC that/DT costs/VBZ them/PRP less/JJR if/IN they/PRP take/VBP the/DT doctor/NN that/WDT ,/, uh/UH ,/, that/WDT the/DT company/NN has/VBZ selected/VBN ./.",,
sw10utt/sw_1099_2929.utt,2/sw2929,2929,102,qy,B,62,1,{C And } does he have an option --,And/CC does/VBZ he/PRP have/VBP an/DT option/NN --/:,,
sw10utt/sw_1099_2929.utt,2/sw2929,2929,103,%,A,63,1,"He ge-, -/","He/PRP ge/VBZ ,/,",,
sw10utt/sw_1099_2929.utt,2/sw2929,2929,104,+,B,64,1,"-- {F uh, } if he doesn't care for the personality? /","--/: uh/UH ,/, if/IN he/PRP does/VBZ n't/RB care/VB for/IN the/DT personality/NN ?/.",,
sw10utt/sw_1099_2929.utt,2/sw2929,2929,105,ng,A,65,1,"{D Well, } only to the point that he could  go to somebody at his own expense. /","Well/UH ,/, only/RB to/IN the/DT point/NN that/WDT he/PRP could/MD go/VB to/IN somebody/NN at/IN his/PRP$ own/JJ expense/NN ./.",,
sw10utt/sw_1099_2929.utt,2/sw2929,2929,106,bk,B,66,1,"{F Oh, } I see <throat_clearing>. /","Oh/UH ,/, I/PRP see/VBP ./.",,
sw10utt/sw_1099_2929.utt,2/sw2929,2929,107,sd,A,67,1,"Otherwise [ he wo-, + {D you know, } he has ]  to take the physician [ that, + ] {F uh, } and the hospital that the company has chosen as  [ their, + ] {D you know, } the one they have taken.   /","Otherwise/RB he/PRP wo/MD ,/, you/PRP know/VBP ,/, he/PRP has/VBZ to/TO take/VB the/DT physician/NN that/WDT ,/, uh/UH ,/, and/CC the/DT hospital/NN that/WDT the/DT company/NN has/VBZ chosen/VBN as/IN their/PRP$ ,/, you/PRP know/VBP ,/, the/DT one/CD they/PRP have/VBP taken/VBN ./.",,
sw10utt/sw_1099_2929.utt,2/sw2929,2929,108,sd,A,67,2,"{C And } there again, {E I mean, } he's gotten good service.  /","And/CC there/EX again/RB ,/, I/PRP mean/VBP ,/, he/PRP 's/HVS gotten/VBN good/JJ service/NN ./.",,
sw10utt/sw_1099_2929.utt,2/sw2929,2929,109,sd,A,67,3,He took the less expensive one of course. /,He/PRP took/VBD the/DT less/RBR expensive/JJ one/NN of/IN course/NN ./.,,
sw10utt/sw_1099_2929.utt,2/sw2929,2929,110,sv,B,68,1,"{D Well, } if he's pleased with it,  I guess that's, {F uh, } the bottom line. /","Well/UH ,/, if/IN he/PRP 's/BES pleased/JJ with/IN it/PRP ,/, I/PRP guess/VBP that/DT 's/BES ,/, uh/UH ,/, the/DT bottom/NN line/NN ./.",,
sw10utt/sw_1099_2929.utt,2/sw2929,2929,111,b,A,69,1,"Uh-huh,  /","Uh-huh/UH ,/,",,
sw10utt/sw_1099_2929.utt,2/sw2929,2929,112,b^r,A,69,2,uh-huh.  /,uh-huh/UH ./.,,
sw10utt/sw_1099_2929.utt,2/sw2929,2929,113,%,A,69,3,{F Uh. } /,Uh/UH ./.,,
sw10utt/sw_1099_2929.utt,2/sw2929,2929,114,sv,B,70,1,"{C So, } {C but } [ I, + I ]  would be afraid of what would happen if you had a personality conflict or something. /","So/RB ,/, but/CC I/PRP ,/,  I/PRP would/MD be/VB afraid/JJ of/IN what/WP would/MD happen/VB if/IN you/PRP had/VBD a/DT personality/NN conflict/NN or/CC something/NN ./.",,
sw10utt/sw_1099_2929.utt,2/sw2929,2929,115,b,A,71,1,"Right,  /","Right/UH ,/,",,
sw10utt/sw_1099_2929.utt,2/sw2929,2929,116,b^r,A,71,2,right.  /,right/UH ./.,,
sw10utt/sw_1099_2929.utt,2/sw2929,2929,117,b,A,71,3,Yeah. /,Yeah/UH ./.,,
sw10utt/sw_1099_2929.utt,2/sw2929,2929,118,b,B,72,1,"Yeah,  /","Yeah/UH ,/,",,
sw10utt/sw_1099_2929.utt,2/sw2929,2929,119,sv,B,72,2,{C cause } there's always that opposite story there. /,cause/IN there/EX 's/BES always/RB that/DT opposite/JJ story/NN there/RB ./.,,
sw10utt/sw_1099_2929.utt,2/sw2929,2929,120,sd,A,73,1,"{F Uh, } {C cause } that's the first  I've really known anybody that, {D you know, } works for somebody that they had that option, {D you know, }  to make the choice --","Uh/UH ,/, cause/IN that/DT 's/BES the/DT first/JJ I/PRP 've/VBP really/RB known/VBN anybody/NN that/WDT ,/, you/PRP know/VBP ,/, works/VBZ for/IN somebody/NN that/IN they/PRP had/VBD that/DT option/NN ,/, you/PRP know/VBP ,/, to/TO make/VB the/DT choice/NN --/:",,
sw10utt/sw_1099_2929.utt,2/sw2929,2929,121,b,B,74,1,Uh-huh. /,Uh-huh/UH ./.,,
sw10utt/sw_1099_2929.utt,2/sw2929,2929,122,+,A,75,1,"-- of [ what kind of insurance policy they, + what kind of hospitalization ] they wanted to take. /","--/: of/IN what/WDT kind/NN of/IN insurance/NN policy/NN they/PRP ,/, what/WDT kind/NN of/IN hospitalization/NN they/PRP wanted/VBD to/TO take/VB ./.",,
sw10utt/sw_1099_2929.utt,2/sw2929,2929,123,sd,B,76,1,"It's quite different from when I was, {F uh, }  under doctor's care, that's for sure. /","It/PRP 's/BES quite/RB different/JJ from/IN when/WRB I/PRP was/VBD ,/, uh/UH ,/, under/IN doctor/NN 's/POS care/NN ,/, that/DT 's/BES for/IN sure/JJ ./.",,
sw10utt/sw_1099_2929.utt,2/sw2929,2929,124,b,A,77,1,"Uh-huh,  /","Uh-huh/UH ,/,",,
sw10utt/sw_1099_2929.utt,2/sw2929,2929,125,b^r,A,77,2,uh-huh. /,uh-huh/UH ./.,,
sw10utt/sw_1099_2929.utt,2/sw2929,2929,126,sd,B,78,1,"[ I'm, + I'm ] very thankful that  I'm not <laughter> under any doctor's care <laughter>. /","I/PRP 'm/VBP ,/, I/PRP 'm/VBP very/RB thankful/JJ that/IN I/PRP 'm/VBP not/RB under/IN any/DT doctor/NN 's/POS care/NN ./.",,
sw10utt/sw_1099_2929.utt,2/sw2929,2929,127,sv,A,79,1,"{F Oh } <laughter>.   If you have your health, you're wealthy. /","Oh/UH ./. If/IN you/PRP have/VBP your/PRP$ health/NN ,/, you/PRP 're/VBP wealthy/JJ ./.",,
sw10utt/sw_1099_2929.utt,2/sw2929,2929,128,ba,B,80,1,That's right <laughter>. /,That/DT 's/BES right/JJ ./.,,
sw10utt/sw_1099_2929.utt,2/sw2929,2929,129,sv,A,81,1,"You really are,  /","You/PRP really/RB are/VBP ,/,",,
sw10utt/sw_1099_2929.utt,2/sw2929,2929,130,%,A,81,2,"yeah,  /","yeah/UH ,/,",,
sw10utt/sw_1099_2929.utt,2/sw2929,2929,131,%,A,81,3,yeah. /,yeah/UH ./.,,
sw10utt/sw_1099_2929.utt,2/sw2929,2929,132,b,B,82,1,Yes. /,Yes/UH ./.,,
sw10utt/sw_1099_2929.utt,2/sw2929,2929,133,sd,A,83,1,"{F Uh, } we live in a rural area up here. /","Uh/UH ,/, we/PRP live/VBP in/IN a/DT rural/JJ area/NN up/IN here/RB ./.",,
sw10utt/sw_1099_2929.utt,2/sw2929,2929,134,b,B,84,1,"Uh-huh,  /","Uh-huh/UH ,/,",,
sw10utt/sw_1099_2929.utt,2/sw2929,2929,135,qw,B,84,2,"what part of, {F uh, } Pennsylvania do you live in? /","what/WDT part/NN of/IN ,/, uh/UH ,/, Pennsylvania/NNP do/VBP you/PRP live/VB in/IN ?/.",,
sw10utt/sw_1099_2929.utt,2/sw2929,2929,136,qy,A,85,1,"{F Uh, } are you familiar with any of the area that all? /","Uh/UH ,/, are/VBP you/PRP familiar/JJ with/IN any/DT of/IN the/DT area/NN that/DT all/DT ?/.",,
sw10utt/sw_1099_2929.utt,2/sw2929,2929,137,na,B,86,1,"{D Well, } I have a brother that lives there <laughter>. /","Well/UH ,/, I/PRP have/VBP a/DT brother/NN that/WDT lives/VBZ there/RB ./.",,
sw10utt/sw_1099_2929.utt,2/sw2929,2929,138,qw,A,87,1,Where?  <laughter>. /,Where/WRB ?/. ./.,,
sw10utt/sw_1099_2929.utt,2/sw2929,2929,139,sd,B,88,1,"{F Uh, } near, {F uh, } Philadelphia. /","Uh/UH ,/, near/RB ,/, uh/UH ,/, Philadelphia/NNP ./.",,
sw10utt/sw_1099_2929.utt,2/sw2929,2929,140,sd,A,89,1,"{F Oh, } {D well } [ that's, + that's ]  a ways away.  /","Oh/UH ,/, well/UH that/DT 's/BES ,/, that/DT 's/BES a/DT ways/NNS away/RB ./.",,
sw10utt/sw_1099_2929.utt,2/sw2929,2929,141,sd,A,89,2,{C But } we live in Clarion County. /,But/CC we/PRP live/VBP in/IN Clarion/NNP County/NNP ./.,,
sw10utt/sw_1099_2929.utt,2/sw2929,2929,142,b,B,90,1,Okay. /,Okay/UH ./.,,
sw10utt/sw_1099_2929.utt,2/sw2929,2929,143,sd,A,91,1,"{F Uh, } we have a cousin that  lives in Philadelphia,  /","Uh/UH ,/, we/PRP have/VBP a/DT cousin/NN that/WDT lives/VBZ in/IN Philadelphia/NNP ,/,",,
sw10utt/sw_1099_2929.utt,2/sw2929,2929,144,%,A,91,2,"{C and, } {F uh, } -/","and/CC ,/, uh/UH ,/,",,
sw10utt/sw_1099_2929.utt,2/sw2929,2929,145,qy,B,92,1,Are you a native Pennsylvanian? /,Are/VBP you/PRP a/DT native/JJ Pennsylvanian/NNP ?/.,,
sw10utt/sw_1099_2929.utt,2/sw2929,2929,146,ny,A,93,1,"Yes,  /","Yes/UH ,/,",,
sw10utt/sw_1099_2929.utt,2/sw2929,2929,147,ny,A,93,2,"uh-huh,  /","uh-huh/UH ,/,",,
sw10utt/sw_1099_2929.utt,2/sw2929,2929,148,ny^r,A,93,3,uh-huh. /,uh-huh/UH ./.,,
sw10utt/sw_1099_2929.utt,2/sw2929,2929,149,bk,B,94,1,"Okay,  /","Okay/UH ,/,",,
sw10utt/sw_1099_2929.utt,2/sw2929,2929,150,sd,B,94,2,"{C so, } I'm a former Michiganian  /","so/RB ,/, I/PRP 'm/VBP a/DT former/JJ Michiganian/NNP",,
sw10utt/sw_1099_2929.utt,2/sw2929,2929,151,%,B,94,3,"{C so, } -/","so/RB ,/,",,
sw10utt/sw_1099_2929.utt,2/sw2929,2929,152,b,A,95,1,"{F Oh, } uh-huh.  /","Oh/UH ,/, uh-huh/UH ./.",,
sw10utt/sw_1099_2929.utt,2/sw2929,2929,153,sv,A,95,2,"That's a nice state,  /","That/DT 's/BES a/DT nice/JJ state/NN ,/,",,
sw10utt/sw_1099_2929.utt,2/sw2929,2929,154,sv^r,A,95,3,"that's a real nice state,  /","that/DT 's/BES a/DT real/RB nice/JJ state/NN ,/,",,
sw10utt/sw_1099_2929.utt,2/sw2929,2929,155,b,A,95,4,"uh-huh,  /","uh-huh/UH ,/,",,
sw10utt/sw_1099_2929.utt,2/sw2929,2929,156,b^r,A,95,5,uh-huh. /,uh-huh/UH ./.,,
sw10utt/sw_1099_2929.utt,2/sw2929,2929,157,aa,B,96,1,"Yes it is,  /","Yes/UH it/PRP is/VBZ ,/,",,
sw10utt/sw_1099_2929.utt,2/sw2929,2929,158,sv,B,96,2,"it's very lovely,  /","it/PRP 's/BES very/RB lovely/JJ ,/,",,
sw10utt/sw_1099_2929.utt,2/sw2929,2929,159,sv^r,B,96,3,it's a very lovely state. /,it/PRP 's/BES a/DT very/RB lovely/JJ state/NN ./.,,
sw10utt/sw_1099_2929.utt,2/sw2929,2929,160,sv,A,97,1,"{C So } I suppose really our situation  here is even different that it is in, {D you know, }  {D like } more populated areas --","So/RB I/PRP suppose/VBP really/RB our/PRP$ situation/NN here/RB is/VBZ even/RB different/JJ that/IN it/PRP is/VBZ in/IN ,/, you/PRP know/VBP ,/, like/IN more/RBR populated/JJ areas/NNS --/:",,
sw10utt/sw_1099_2929.utt,2/sw2929,2929,161,b,B,98,1,"Uh-huh,  /","Uh-huh/UH ,/,",,
sw10utt/sw_1099_2929.utt,2/sw2929,2929,162,b^r,B,98,2,uh-huh -- /,uh-huh/UH --/:,,
sw10utt/sw_1099_2929.utt,2/sw2929,2929,163,+,A,99,1,"-- as far as, {F uh } --","--/: as/RB far/RB as/IN ,/, uh/UH --/:",,
sw10utt/sw_1099_2929.utt,2/sw2929,2929,164,ba,B,100,1,"-- I'm sure it is,  /","--/: I/PRP 'm/VBP sure/JJ it/PRP is/VBZ ,/,",,
sw10utt/sw_1099_2929.utt,2/sw2929,2929,165,b,B,100,2,uh-huh. /,uh-huh/UH ./.,,
sw10utt/sw_1099_2929.utt,2/sw2929,2929,166,+,A,101,1,-- the doctors that are available <<pause>>.  /,--/: the/DT doctors/NNS that/WDT are/VBP available/JJ ./.,,
sw10utt/sw_1099_2929.utt,2/sw2929,2929,167,sd,A,101,2,"Of course we have good physicians here too,  /","Of/IN course/NN we/PRP have/VBP good/JJ physicians/NNS here/RB too/RB ,/,",,
sw10utt/sw_1099_2929.utt,2/sw2929,2929,168,sd,A,101,3,we've been pretty fortunate.  /,we/PRP 've/VBP been/VBN pretty/RB fortunate/JJ ./.,,
sw10utt/sw_1099_2929.utt,2/sw2929,2929,169,sd,A,101,4,We've had some of the most outstanding doctors in our area for some of the different fields. /,We/PRP 've/VBP had/VBN some/DT of/IN the/DT most/RBS outstanding/JJ doctors/NNS in/IN our/PRP$ area/NN for/IN some/DT of/IN the/DT different/JJ fields/NNS ./.,,
sw10utt/sw_1099_2929.utt,2/sw2929,2929,170,b,B,102,1,Uh-huh. /,Uh-huh/UH ./.,,
sw10utt/sw_1099_2929.utt,2/sw2929,2929,171,sd,A,103,1,"{C So, } {F uh, } we've been pretty fortunate.  /","So/RB ,/, uh/UH ,/, we/PRP 've/VBP been/VBN pretty/RB fortunate/JJ ./.",,
sw10utt/sw_1099_2929.utt,2/sw2929,2929,172,%,A,103,2,Uh-huh. /,Uh-huh/UH ./.,,
sw10utt/sw_1099_2929.utt,2/sw2929,2929,173,sv,B,104,1,That has broadened so much also. /,That/DT has/VBZ broadened/VBN so/RB much/JJ also/RB ./.,,
sw10utt/sw_1099_2929.utt,2/sw2929,2929,174,b,A,105,1,"{F Oh, } yeah,  /","Oh/UH ,/, yeah/UH ,/,",,
sw10utt/sw_1099_2929.utt,2/sw2929,2929,175,b^r,A,105,2,yeah. /,yeah/UH ./.,,
sw10utt/sw_1099_2929.utt,2/sw2929,2929,176,sv,B,106,1,"That is, the fields that, {D you know, }  are opening up are, {F um, } just phenomenal. /","That/DT is/VBZ ,/, the/DT fields/NNS that/WDT ,/, you/PRP know/VBP ,/, are/VBP opening/VBG up/RP are/VBP ,/, um/UH ,/, just/RB phenomenal/JJ ./.",,
sw10utt/sw_1099_2929.utt,2/sw2929,2929,177,b,A,107,1,"Uh-huh,  /","Uh-huh/UH ,/,",,
sw10utt/sw_1099_2929.utt,2/sw2929,2929,178,b^r,A,107,2,uh-huh. /,uh-huh/UH ./.,,
sw10utt/sw_1099_2929.utt,2/sw2929,2929,179,%,B,108,1,"They, - /","They/PRP ,/,",,
sw10utt/sw_1099_2929.utt,2/sw2929,2929,180,sv,B,108,2,"{E I mean, } look at the AIDS, {F uh, } case --","I/PRP mean/VBP ,/, look/VB at/IN the/DT AIDS/NNP ,/, uh/UH ,/, case/NN --/:",,
sw10utt/sw_1099_2929.utt,2/sw2929,2929,181,b,A,109,1,Uh-huh. /,Uh-huh/UH ./.,,
sw10utt/sw_1099_2929.utt,2/sw2929,2929,182,+,B,110,1,"-- {D you know, } {E I mean } [ they, + that's ]  a whole new field --","--/: you/PRP know/VBP ,/, I/PRP mean/VBP they/PRP ,/, that/DT 's/BES a/DT whole/RB new/JJ field/NN --/:",,
sw10utt/sw_1099_2929.utt,2/sw2929,2929,183,b,A,111,1,"{F Oh, } yeah. /","Oh/UH ,/, yeah/UH ./.",,
sw10utt/sw_1099_2929.utt,2/sw2929,2929,184,+,B,112,1,-- in itself.  /,--/: in/IN itself/PRP ./.,,
sw10utt/sw_1099_2929.utt,2/sw2929,2929,185,sv,B,112,2,"[ It's just, + it's ]  an auto immune deficiency -- /","It/PRP 's/BES just/RB ,/, it/PRP 's/BES an/DT auto/NN immune/JJ deficiency/NN --/:",,
sw10utt/sw_1099_2929.utt,2/sw2929,2929,186,b,A,113,1,Uh-huh. /,Uh-huh/UH ./.,,
sw10utt/sw_1099_2929.utt,2/sw2929,2929,187,sv,B,114,1,-- {C but } it sure is a dilly one. /,--/: but/CC it/PRP sure/RB is/VBZ a/DT dilly/JJ one/NN ./.,,
sw10utt/sw_1099_2929.utt,2/sw2929,2929,188,ba,A,115,1,It sure is.  /,It/PRP sure/RB is/VBZ ./.,,
sw10utt/sw_1099_2929.utt,2/sw2929,2929,189,sv,A,115,2,"I still wish they could do more  with the cancer situation, though. /","I/PRP still/RB wish/VBP they/PRP could/MD do/VB more/JJR with/IN the/DT cancer/NN situation/NN ,/, though/RB ./.",,
sw10utt/sw_1099_2929.utt,2/sw2929,2929,190,aa,B,116,1,"Yes,  /","Yes/UH ,/,",,
sw10utt/sw_1099_2929.utt,2/sw2929,2929,191,sd,B,116,2,I do too. /,I/PRP do/VBP too/RB ./.,,
sw10utt/sw_1099_2929.utt,2/sw2929,2929,192,sv,A,117,1,"[ They, + {F uh, } they ]  just don't seem to be, - /","They/PRP ,/, uh/UH ,/, they/PRP just/RB do/VBP n't/RB seem/VB to/TO be/VB ,/,",,
sw10utt/sw_1099_2929.utt,2/sw2929,2929,193,sv@,A,117,2,"I know they're making progress,  but  not like, that I would like to see,  yeah. /","I/PRP know/VBP they/PRP 're/VBP making/VBG progress/NN ,/, but/CC not/RB like/IN ,/, that/IN I/PRP would/MD like/VB to/TO see/VB ,/, yeah/UH ./.",,
sw10utt/sw_1099_2929.utt,2/sw2929,2929,194,bf@,B,118,1,"To eradicate it entirely, yeah. /","To/TO eradicate/VB it/PRP entirely/RB ,/, yeah/UH ./.",,
sw10utt/sw_1099_2929.utt,2/sw2929,2929,195,b,A,119,1,Yeah. /,Yeah/UH ./.,,
sw10utt/sw_1099_2929.utt,2/sw2929,2929,196,sv,B,120,1,"{D Well, } there's guidelines that people  have to follow,  /","Well/UH ,/, there/EX 's/BES guidelines/NNS that/WDT people/NNS have/VBP to/TO follow/VB ,/,",,
sw10utt/sw_1099_2929.utt,2/sw2929,2929,197,qh,B,120,2,"{C and } if they're determined to, {F uh, } have their cigarettes and the other --","and/CC if/IN they/PRP 're/VBP determined/JJ to/TO ,/, uh/UH ,/, have/VB their/PRP$ cigarettes/NNS and/CC the/DT other/JJ --/:",,
sw10utt/sw_1099_2929.utt,2/sw2929,2929,198,b,A,121,1,Uh-huh. /,Uh-huh/UH ./.,,
sw10utt/sw_1099_2929.utt,2/sw2929,2929,199,+,B,122,1,"-- {F uh, } carcinogenic causing items --","--/: uh/UH ,/, carcinogenic/JJ causing/VBG items/NNS --/:",,
sw10utt/sw_1099_2929.utt,2/sw2929,2929,200,b,A,123,1,Uh-huh. /,Uh-huh/UH ./.,,
sw10utt/sw_1099_2929.utt,2/sw2929,2929,201,+,B,124,1,-- then how do you teach them?  /,--/: then/RB how/WRB do/VBP you/PRP teach/VB them/PRP ?/.,,
sw10utt/sw_1099_2929.utt,2/sw2929,2929,202,%,B,124,2,"I guess you, -/","I/PRP guess/VBP you/PRP ,/,",,
sw10utt/sw_1099_2929.utt,2/sw2929,2929,203,sv,A,125,1,"{C But } [ a maj-, + a lot ]  of them don't do these things even,  /","But/CC a/DT maj/JJ ,/, a/DT lot/NN of/IN them/PRP do/VBP n't/RB do/VB these/DT things/NNS even/RB ,/,",,
sw10utt/sw_1099_2929.utt,2/sw2929,2929,204,sv,A,125,2,{C and } it doesn't seem to matter. /,and/CC it/PRP does/VBZ n't/RB seem/VB to/TO matter/VB ./.,,
sw10utt/sw_1099_2929.utt,2/sw2929,2929,205,ba,B,126,1,"That's true, too. /","That/DT 's/BES true/JJ ,/, too/RB ./.",,
sw10utt/sw_1099_2929.utt,2/sw2929,2929,206,%,A,127,1,"{C So, } {F uh, } it rea-, -/","So/RB ,/, uh/UH ,/, it/PRP rea-/RB ,/,",,
sw10utt/sw_1099_2929.utt,2/sw2929,2929,207,%,B,128,1,"It's, - /","It/PRP 's/BES ,/,",,
sw10utt/sw_1099_2929.utt,2/sw2929,2929,208,sd,B,128,2,"[ [ I, + I, ] + I ]  really believe our environment have a lot to do with it. /","I/PRP ,/, I/PRP ,/, I/PRP really/RB believe/VBP our/PRP$ environment/NN have/VBP a/DT lot/NN to/TO do/VB with/IN it/PRP ./.",,
sw10utt/sw_1099_2929.utt,2/sw2929,2929,209,sv,A,129,1,"{D Well, } they say second hand smoke and  that, is worse than smoking <laughter>. /","Well/UH ,/, they/PRP say/VBP second/JJ hand/NN smoke/NN and/CC that/DT ,/, is/VBZ worse/JJR than/IN smoking/NN ./.",,
sw10utt/sw_1099_2929.utt,2/sw2929,2929,210,b,B,130,1,Yeah. /,Yeah/UH ./.,,
sw10utt/sw_1099_2929.utt,2/sw2929,2929,211,qh,A,131,1,"[ {C So, } + {C so, } ] what do you do, {D you know? } /","So/RB ,/, so/RB ,/, what/WP do/VBP you/PRP do/VB ,/, you/PRP know/VBP ?/.",,
sw10utt/sw_1099_2929.utt,2/sw2929,2929,212,sv,B,132,1,"{D Well, } you just have to ban the smoking [ to their + --","Well/UH ,/, you/PRP just/RB have/VBP to/TO ban/VB the/DT smoking/NN to/IN their/PRP$ --/:",,
sw10utt/sw_1099_2929.utt,2/sw2929,2929,213,b,A,133,1,"Yeah,  /","Yeah/UH ,/,",,
sw10utt/sw_1099_2929.utt,2/sw2929,2929,214,b^r,A,133,2,yeah. /,yeah/UH ./.,,
sw10utt/sw_1099_2929.utt,2/sw2929,2929,215,+,B,134,1,"-- to their ] little room that they want to, -/","--/: to/IN their/PRP$ little/JJ room/NN that/WDT they/PRP want/VBP to/TO ,/,",,
sw10utt/sw_1099_2929.utt,2/sw2929,2929,216,sv,A,135,1,"Take their rights away from them, they say <laughter>.  /","Take/VB their/PRP$ rights/NNS away/RB from/IN them/PRP ,/, they/PRP say/VBP ./.",,
sw10utt/sw_1099_2929.utt,2/sw2929,2929,217,sd,A,135,2,"I never had the desire,  /","I/PRP never/RB had/VBD the/DT desire/NN ,/,",,
sw10utt/sw_1099_2929.utt,2/sw2929,2929,218,sd,A,135,3,"{C so } I haven't ever had  that problem, as far as that goes. /","so/RB I/PRP have/VBP n't/RB ever/RB had/VBN that/DT problem/NN ,/, as/RB far/RB as/IN that/DT goes/VBZ ./.",,
sw10utt/sw_1099_2929.utt,2/sw2929,2929,219,b,B,136,1,"Uh-huh,  /","Uh-huh/UH ,/,",,
sw10utt/sw_1099_2929.utt,2/sw2929,2929,220,b^r,B,136,2,uh-huh. /,uh-huh/UH ./.,,
sw10utt/sw_1099_2929.utt,2/sw2929,2929,221,sd,A,137,1,{C So } I can't take any credit for not smoking  even.  /,So/RB I/PRP ca/MD n't/RB take/VB any/DT credit/NN for/IN not/RB smoking/VBG even/RB ./.,,
sw10utt/sw_1099_2929.utt,2/sw2929,2929,222,%,A,137,2,"{C So, } -/","So/RB ,/,",,
sw10utt/sw_1099_2929.utt,2/sw2929,2929,223,sv,B,138,1,"{D Well, } it's a bad habit [ that's, + tha-, ] -/","Well/UH ,/, it/PRP 's/BES a/DT bad/JJ habit/NN that/WDT 's/BES ,/, tha/WDT ,/,",,
sw10utt/sw_1099_2929.utt,2/sw2929,2929,224,^2,A,139,1,"It's hard to break,  /","It/PRP 's/BES hard/JJ to/TO break/VB ,/,",,
sw10utt/sw_1099_2929.utt,2/sw2929,2929,225,sv,A,139,2,it's a hard one to quit.  /,it/PRP 's/BES a/DT hard/JJ one/NN to/TO quit/VB ./.,,
sw10utt/sw_1099_2929.utt,2/sw2929,2929,226,%,A,139,3,"Yeah,  /","Yeah/UH ,/,",,
sw10utt/sw_1099_2929.utt,2/sw2929,2929,227,%,A,139,4,yeah. /,yeah/UH ./.,,
sw10utt/sw_1099_2929.utt,2/sw2929,2929,228,aa,B,140,1,Yes.  /,Yes/UH ./.,,
sw10utt/sw_1099_2929.utt,2/sw2929,2929,229,%,B,140,2,"It's, - /","It/PRP 's/BES ,/,",,
sw10utt/sw_1099_2929.utt,2/sw2929,2929,230,sv,B,140,3,they say that it is.  /,they/PRP say/VBP that/IN it/PRP is/VBZ ./.,,
sw10utt/sw_1099_2929.utt,2/sw2929,2929,231,fc,B,140,4,{D Well } it was nice talking with you. /,Well/UH it/PRP was/VBD nice/JJ talking/VBG with/IN you/PRP ./.,,
sw10utt/sw_1099_2929.utt,2/sw2929,2929,232,fc,A,141,1,"Yes,  /","Yes/UH ,/,",,
sw10utt/sw_1099_2929.utt,2/sw2929,2929,233,fc,A,141,2,"very nice talking to you too,  /","very/RB nice/JJ talking/VBG to/IN you/PRP too/RB ,/,",,
sw10utt/sw_1099_2929.utt,2/sw2929,2929,234,fc,A,141,3,{C and } you have a good day. /,and/CC you/PRP have/VB a/DT good/JJ day/NN ./.,,
sw10utt/sw_1099_2929.utt,2/sw2929,2929,235,fc,B,142,1,"{C And, } {D well, } you do the same.  /","And/CC ,/, well/UH ,/, you/PRP do/VBP the/DT same/JJ ./.",,
sw10utt/sw_1099_2929.utt,2/sw2929,2929,236,fc,B,142,2,"{C And, } {F uh, } we'll be [ t-, + ] I guess talking around the country. /","And/CC ,/, uh/UH ,/, we/PRP 'll/MD be/VB t-/XX ,/, I/PRP guess/VBP talking/VBG around/IN the/DT country/NN ./.",,
sw10utt/sw_1099_2929.utt,2/sw2929,2929,237,fc,A,143,1,Right <laughter>. /,Right/UH ./.,,
sw10utt/sw_1099_2929.utt,2/sw2929,2929,238,fc,B,144,1,"Okay,  /","Okay/UH ,/,",,
sw10utt/sw_1099_2929.utt,2/sw2929,2929,239,%,B,144,2,"you, - /","you/PRP ,/,",,
sw10utt/sw_1099_2929.utt,2/sw2929,2929,240,fc,B,144,3,bye-bye. /,bye-bye/UH ./.,,
sw10utt/sw_1099_2929.utt,2/sw2929,2929,241,fc^m,A,145,1,"Okay,  /","Okay/UH ,/,",,
sw10utt/sw_1099_2929.utt,2/sw2929,2929,242,fc^m,A,145,2,bye-bye. /,bye-bye/UH ./.,,
