swda_filename,ptb_basename,conversation_no,transcript_index,act_tag,caller,utterance_index,subutterance_index,text,pos,trees,ptb_treenumbers
sw10utt/sw_1068_2834.utt,2/sw2834,2834,0,sd,B,1,1,"{F Uh, } basically I'm at home  /","Uh/UH ,/, basically/RB I/PRP 'm/VBP at/IN home/NN",,
sw10utt/sw_1068_2834.utt,2/sw2834,2834,1,sd,B,1,2,{C and } I have two cats --,and/CC I/PRP have/VBP two/CD cats/NNS --/:,,
sw10utt/sw_1068_2834.utt,2/sw2834,2834,2,b,A,2,1,Uh-huh. /,Uh-huh/UH ./.,,
sw10utt/sw_1068_2834.utt,2/sw2834,2834,3,+,B,3,1,"-- and my husband,  /","--/: and/CC my/PRP$ husband/NN ,/,",,
sw10utt/sw_1068_2834.utt,2/sw2834,2834,4,sd,B,3,2,{E I mean } my husband's great. /,I/PRP mean/VBP my/PRP$ husband/NN 's/BES great/JJ ./.,,
sw10utt/sw_1068_2834.utt,2/sw2834,2834,5,b,A,4,1,"{F Oh, } uh-huh. /","Oh/UH ,/, uh-huh/UH ./.",,
sw10utt/sw_1068_2834.utt,2/sw2834,2834,6,sd,B,5,1,"It's wonderful,","It/PRP 's/BES wonderful/JJ ,/,",,
sw10utt/sw_1068_2834.utt,2/sw2834,2834,7,b,A,6,1,# Yeah. # /,Yeah/UH ./.,,
sw10utt/sw_1068_2834.utt,2/sw2834,2834,8,+,B,7,1,"# {D you # know, }  /","you/PRP know/VBP ,/,",,
sw10utt/sw_1068_2834.utt,2/sw2834,2834,9,sd,B,7,2,"{C and, } {C and, } {F uh, } {C so } I'm about forty and whatever, /","and/CC ,/, and/CC ,/, uh/UH ,/, so/RB I/PRP 'm/VBP about/RB forty/CD and/CC whatever/WP ,/,",,
sw10utt/sw_1068_2834.utt,2/sw2834,2834,10,b,A,8,1,Uh-huh  /,Uh-huh/UH,,
sw10utt/sw_1068_2834.utt,2/sw2834,2834,11,^2,A,8,2,"<laughter>.  Around there, {F huh. } /","./. Around/IN there/RB ,/, huh/UH ./.",,
sw10utt/sw_1068_2834.utt,2/sw2834,2834,12,aa,B,9,1,"{C So, } yeah. /","So/RB ,/, yeah/UH ./.",,
sw10utt/sw_1068_2834.utt,2/sw2834,2834,13,sd,A,10,1,"{D Well, } [ you're, + you're ] just a youngster then <laughter>. /","Well/UH ,/, you/PRP 're/VBP ,/, you/PRP 're/VBP just/RB a/DT youngster/NN then/RB ./.",,
sw10utt/sw_1068_2834.utt,2/sw2834,2834,14,b,B,11,1,"Yeah,  /","Yeah/UH ,/,",,
sw10utt/sw_1068_2834.utt,2/sw2834,2834,15,sd,B,11,2,I'm just a --,I/PRP 'm/VBP just/RB a/DT --/:,,
sw10utt/sw_1068_2834.utt,2/sw2834,2834,16,sd,A,12,1,I passed <laughter> the fifty. /,I/PRP passed/VBD the/DT fifty/CD ./.,,
sw10utt/sw_1068_2834.utt,2/sw2834,2834,17,+,B,13,1,"-- spring chicken, I guess <laughter>. /","--/: spring/NN chicken/NN ,/, I/PRP guess/VBP ./.",,
sw10utt/sw_1068_2834.utt,2/sw2834,2834,18,sd^t,A,14,1,"<Laughter>  {C So, } I guess our topic's going to be changes in the women's roles,  /","So/RB ,/, I/PRP guess/VBP our/PRP$ topic/NN 's/BES going/VBG to/TO be/VB changes/NNS in/IN the/DT women/NNS 's/POS roles/NNS ,/,",,
sw10utt/sw_1068_2834.utt,2/sw2834,2834,19,sv^t,A,14,2,{C so } --,so/RB --/:,,
sw10utt/sw_1068_2834.utt,2/sw2834,2834,20,%,B,15,1,"{D Well, } -/","Well/UH ,/,",,
sw10utt/sw_1068_2834.utt,2/sw2834,2834,21,+,A,16,1,-- it should be real interesting. /,--/: it/PRP should/MD be/VB real/RB interesting/JJ ./.,,
sw10utt/sw_1068_2834.utt,2/sw2834,2834,22,b,B,17,1,Righto <laughter>. /,Righto/UH ./.,,
sw10utt/sw_1068_2834.utt,2/sw2834,2834,23,qy,A,18,1,"{C So, } you think we're ready? /","So/RB ,/, you/PRP think/VBP we/PRP 're/VBP ready/JJ ?/.",,
sw10utt/sw_1068_2834.utt,2/sw2834,2834,24,na,B,19,1,I think I'm ready <laughter>. /,I/PRP think/VBP I/PRP 'm/VBP ready/JJ ./.,,
sw10utt/sw_1068_2834.utt,2/sw2834,2834,25,bk,A,20,1,Okay <beep>  /,Okay/UH,,
sw10utt/sw_1068_2834.utt,2/sw2834,2834,26,bk^r,A,20,2,okay.  /,okay/UH ./.,,
sw10utt/sw_1068_2834.utt,2/sw2834,2834,27,ad,A,20,3,"{F Uh, } you want to start off? /","Uh/UH ,/, you/PRP want/VBP to/TO start/VB off/RP ?/.",,
sw10utt/sw_1068_2834.utt,2/sw2834,2834,28,aa^h,B,21,1,"{D Well, } let's see,  /","Well/UH ,/, let/VB 's/PRP see/VB ,/,",,
sw10utt/sw_1068_2834.utt,2/sw2834,2834,29,^h,B,21,2,"the changes I've seen in women's roles, {F uh, }  /","the/DT changes/NNS I/PRP 've/VBP seen/VBN in/IN women/NNS 's/POS roles/NNS ,/, uh/UH ,/,",,
sw10utt/sw_1068_2834.utt,2/sw2834,2834,30,sd,B,21,3,"since I am in the forty age, I'm a fifties baby --","since/IN I/PRP am/VBP in/IN the/DT forty/CD age/NN ,/, I/PRP 'm/VBP a/DT fifties/NNS baby/NN --/:",,
sw10utt/sw_1068_2834.utt,2/sw2834,2834,31,b,A,22,1,Uh-huh. /,Uh-huh/UH ./.,,
sw10utt/sw_1068_2834.utt,2/sw2834,2834,32,+,B,23,1,"-- {F uh, }  /","--/: uh/UH ,/,",,
sw10utt/sw_1068_2834.utt,2/sw2834,2834,33,sv,B,23,2,"{C and } from my mother's generation to my generation [ it's + [ just a very, very wide, + ] {F uh, } it's ] been a big change. /","and/CC from/IN my/PRP$ mother/NN 's/POS generation/NN to/IN my/PRP$ generation/NN it/PRP 's/BES just/RB a/DT very/RB ,/, very/RB wide/JJ ,/, uh/UH ,/, it/PRP 's/HVS been/VBN a/DT big/JJ change/NN ./.",,
sw10utt/sw_1068_2834.utt,2/sw2834,2834,34,aa,A,24,1,"Very much, yeah,  /","Very/RB much/JJ ,/, yeah/UH ,/,",,
sw10utt/sw_1068_2834.utt,2/sw2834,2834,35,b,A,24,2,yeah. /,yeah/UH ./.,,
sw10utt/sw_1068_2834.utt,2/sw2834,2834,36,aa^m,B,25,1,"Very much,  /","Very/RB much/JJ ,/,",,
sw10utt/sw_1068_2834.utt,2/sw2834,2834,37,sv,B,25,2,{C and } I think you'll have to agree  /,and/CC I/PRP think/VBP you/PRP 'll/MD have/VB to/TO agree/VB,,
sw10utt/sw_1068_2834.utt,2/sw2834,2834,38,sd,B,25,3,[ {C and } + --,and/CC --/:,,
sw10utt/sw_1068_2834.utt,2/sw2834,2834,39,b,A,26,1,Yes. /,Yes/UH ./.,,
sw10utt/sw_1068_2834.utt,2/sw2834,2834,40,+,B,27,1,"-- {C and } ] since we were in, {F uh, } sort of the ground level, the bra burning of the sixties, -/","--/: and/CC since/IN we/PRP were/VBD in/IN ,/, uh/UH ,/, sort/RB of/RB the/DT ground/NN level/NN ,/, the/DT bra/NN burning/VBG of/IN the/DT sixties/NNS ,/,",,
sw10utt/sw_1068_2834.utt,2/sw2834,2834,41,b,A,28,1,"# Uh-huh,  /","Uh-huh/UH ,/,",,
sw10utt/sw_1068_2834.utt,2/sw2834,2834,42,b^r,A,28,2,uh-huh. # /,uh-huh/UH ./.,,
sw10utt/sw_1068_2834.utt,2/sw2834,2834,43,sd,B,29,1,"# [ {C and, } + {C and } ] # we didn't really know what the agenda was going to be --","and/CC ,/, and/CC we/PRP did/VBD n't/RB really/RB know/VB what/WP the/DT agenda/NN was/VBD going/VBG to/TO be/VB --/:",,
sw10utt/sw_1068_2834.utt,2/sw2834,2834,44,b,A,30,1,Uh-huh. /,Uh-huh/UH ./.,,
sw10utt/sw_1068_2834.utt,2/sw2834,2834,45,+,B,31,1,"-- {F uh, }  /","--/: uh/UH ,/,",,
sw10utt/sw_1068_2834.utt,2/sw2834,2834,46,sv,B,31,2,"{C and } I think, {D you know, } it got off to a really radical, - /","and/CC I/PRP think/VBP ,/, you/PRP know/VBP ,/, it/PRP got/VBD off/RP to/IN a/DT really/RB radical/JJ ,/,",,
sw10utt/sw_1068_2834.utt,2/sw2834,2834,47,sd,B,31,3,"it has a radical fringe to it that, {F uh, } I've sort of backed away from. /","it/PRP has/VBZ a/DT radical/JJ fringe/NN to/IN it/PRP that/WDT ,/, uh/UH ,/, I/PRP 've/VBP sort/RB of/RB backed/VBN away/RB from/IN ./.",,
sw10utt/sw_1068_2834.utt,2/sw2834,2834,48,sv,A,32,1,I think all things get started sometimes in that manner. /,I/PRP think/VBP all/DT things/NNS get/VBP started/VBD sometimes/RB in/IN that/DT manner/NN ./.,,
sw10utt/sw_1068_2834.utt,2/sw2834,2834,49,b,B,33,1,Yeah. /,Yeah/UH ./.,,
sw10utt/sw_1068_2834.utt,2/sw2834,2834,50,sv,A,34,1,"{D You know, } they come in that way. /","You/PRP know/VBP ,/, they/PRP come/VBP in/IN that/DT way/NN ./.",,
sw10utt/sw_1068_2834.utt,2/sw2834,2834,51,sv,B,35,1,"{C And, } to make a change, {D you know, } you have to make a splash. /","And/CC ,/, to/TO make/VB a/DT change/NN ,/, you/PRP know/VBP ,/, you/PRP have/VBP to/TO make/VB a/DT splash/NN ./.",,
sw10utt/sw_1068_2834.utt,2/sw2834,2834,52,b,A,36,1,"Uh-huh,  /","Uh-huh/UH ,/,",,
sw10utt/sw_1068_2834.utt,2/sw2834,2834,53,b^r,A,36,2,uh-huh. /,uh-huh/UH ./.,,
sw10utt/sw_1068_2834.utt,2/sw2834,2834,54,sd,B,37,1,"{C But, } to continue in that vein, I think it got a little bit warped and off the track --","But/CC ,/, to/TO continue/VB in/IN that/DT vein/NN ,/, I/PRP think/VBP it/PRP got/VBD a/DT little/JJ bit/NN warped/VBN and/CC off/IN the/DT track/NN --/:",,
sw10utt/sw_1068_2834.utt,2/sw2834,2834,55,b,A,38,1,Uh-huh. /,Uh-huh/UH ./.,,
sw10utt/sw_1068_2834.utt,2/sw2834,2834,56,+,B,39,1,"-- in several areas,  /","--/: in/IN several/JJ areas/NNS ,/,",,
sw10utt/sw_1068_2834.utt,2/sw2834,2834,57,sv,B,39,2,{C but } I really do think that women have made a contribution --,but/CC I/PRP really/RB do/VBP think/VB that/IN women/NNS have/VBP made/VBN a/DT contribution/NN --/:,,
sw10utt/sw_1068_2834.utt,2/sw2834,2834,58,b,A,40,1,Uh-huh. /,Uh-huh/UH ./.,,
sw10utt/sw_1068_2834.utt,2/sw2834,2834,59,+,B,41,1,"-- {F uh, } to human beings, {E I mean } to be human and what it's like and have feelings and emotions  /","--/: uh/UH ,/, to/IN human/JJ beings/NNS ,/, I/PRP mean/VBP to/TO be/VB human/JJ and/CC what/WP it/PRP 's/BES like/IN and/CC have/VB feelings/NNS and/CC emotions/NNS",,
sw10utt/sw_1068_2834.utt,2/sw2834,2834,60,sv,B,41,2,{C and } it's okay  /,and/CC it/PRP 's/BES okay/JJ,,
sw10utt/sw_1068_2834.utt,2/sw2834,2834,61,sv,B,41,3,"{C and } I think, {F uh, } {D you know } on the other hand, I don't know that men have changed that much.  /","and/CC I/PRP think/VBP ,/, uh/UH ,/, you/PRP know/VBP on/IN the/DT other/JJ hand/NN ,/, I/PRP do/VBP n't/RB know/VB that/IN men/NNS have/VBP changed/VBN that/RB much/JJ ./.",,
sw10utt/sw_1068_2834.utt,2/sw2834,2834,62,sv,B,41,4,"{C So } [ in, + in ] contrast to the women's changes, {F uh, } {D you know, } the men stay steady, /","So/RB in/IN ,/, in/IN contrast/NN to/IN the/DT women/NNS 's/POS changes/NNS ,/, uh/UH ,/, you/PRP know/VBP ,/, the/DT men/NNS stay/VBP steady/JJ ,/,",,
sw10utt/sw_1068_2834.utt,2/sw2834,2834,63,b,A,42,1,# Uh-huh. # /,Uh-huh/UH ./.,,
sw10utt/sw_1068_2834.utt,2/sw2834,2834,64,sv,B,43,1,# {C and # then } the women change around them. /,and/CC then/RB the/DT women/NNS change/VBP around/IN them/PRP ./.,,
sw10utt/sw_1068_2834.utt,2/sw2834,2834,65,sd,A,44,1,"I hadn't thought much about that,  /","I/PRP had/VBD n't/RB thought/VBN much/RB about/IN that/DT ,/,",,
sw10utt/sw_1068_2834.utt,2/sw2834,2834,66,ba,A,44,2,{C but } that is true.  /,but/CC that/DT is/VBZ true/JJ ./.,,
sw10utt/sw_1068_2834.utt,2/sw2834,2834,67,%,A,44,3,"That, -/","That/DT ,/,",,
sw10utt/sw_1068_2834.utt,2/sw2834,2834,68,sv,B,45,1,"{F Uh, } I think men are trying. /","Uh/UH ,/, I/PRP think/VBP men/NNS are/VBP trying/VBG ./.",,
sw10utt/sw_1068_2834.utt,2/sw2834,2834,69,b,A,46,1,Uh-huh.  /,Uh-huh/UH ./.,,
sw10utt/sw_1068_2834.utt,2/sw2834,2834,70,sv,A,46,2,Some of them. /,Some/DT of/IN them/PRP ./.,,
sw10utt/sw_1068_2834.utt,2/sw2834,2834,71,sv,B,47,1,"{C But } they don't have a national organization of men,","But/CC they/PRP do/VBP n't/RB have/VB a/DT national/JJ organization/NN of/IN men/NNS ,/,",,
sw10utt/sw_1068_2834.utt,2/sw2834,2834,72,b,A,48,1,# No.  # /,No/UH ./.,,
sw10utt/sw_1068_2834.utt,2/sw2834,2834,73,+,B,49,1,"# to, # {F uh, } help them out  /","to/TO ,/, uh/UH ,/, help/VB them/PRP out/RP",,
sw10utt/sw_1068_2834.utt,2/sw2834,2834,74,sv,B,49,2,{C and } --,and/CC --/:,,
sw10utt/sw_1068_2834.utt,2/sw2834,2834,75,b@,A,50,1,No.,No/UH ./.,,
sw10utt/sw_1068_2834.utt,2/sw2834,2834,76,+,B,51,1,"-- {F uh, } what's changing them, though, is the economic situation,","--/: uh/UH ,/, what/WP 's/BES changing/VBG them/PRP ,/, though/RB ,/, is/VBZ the/DT economic/JJ situation/NN ,/,",,
sw10utt/sw_1068_2834.utt,2/sw2834,2834,77,+@,A,52,1,# Uh-huh. # /,Uh-huh/UH ./.,,
sw10utt/sw_1068_2834.utt,2/sw2834,2834,78,+,B,53,1,# where # [ both --,where/WRB both/DT --/:,,
sw10utt/sw_1068_2834.utt,2/sw2834,2834,79,ba,A,54,1,Very much. /,Very/RB much/JJ ./.,,
sw10utt/sw_1068_2834.utt,2/sw2834,2834,80,+,B,55,1,"-- team, + ] it has to be a team partnership now, /","--/: team/NN ,/, it/PRP has/VBZ to/TO be/VB a/DT team/NN partnership/NN now/RB ,/,",,
sw10utt/sw_1068_2834.utt,2/sw2834,2834,81,b,A,56,1,# Uh-huh. # /,Uh-huh/UH ./.,,
sw10utt/sw_1068_2834.utt,2/sw2834,2834,82,sv,B,57,1,# {C and } # they both have to work -- /,and/CC they/PRP both/DT have/VBP to/TO work/VB --/:,,
sw10utt/sw_1068_2834.utt,2/sw2834,2834,83,b,A,58,1,Uh-huh. /,Uh-huh/UH ./.,,
sw10utt/sw_1068_2834.utt,2/sw2834,2834,84,sv,B,59,1,"-- {C and } they both have to raise the children,","--/: and/CC they/PRP both/DT have/VBP to/TO raise/VB the/DT children/NNS ,/,",,
sw10utt/sw_1068_2834.utt,2/sw2834,2834,85,b,A,60,1,# Uh-huh. # /,Uh-huh/UH ./.,,
sw10utt/sw_1068_2834.utt,2/sw2834,2834,86,+,B,61,1,"# if # we're going to have any kind of future at all, /","if/IN we/PRP 're/VBP going/VBG to/TO have/VB any/DT kind/NN of/IN future/NN at/IN all/DT ,/,",,
sw10utt/sw_1068_2834.utt,2/sw2834,2834,87,b,A,62,1,# Uh-huh. # /,Uh-huh/UH ./.,,
sw10utt/sw_1068_2834.utt,2/sw2834,2834,88,sv,B,63,1,"# [ {C and, } + # {C and } ] that, I think has been the downfall of the last ten years. /","and/CC ,/, and/CC that/DT ,/, I/PRP think/VBP has/VBZ been/VBN the/DT downfall/NN of/IN the/DT last/JJ ten/CD years/NNS ./.",,
sw10utt/sw_1068_2834.utt,2/sw2834,2834,89,b,A,64,1,Uh-huh. /,Uh-huh/UH ./.,,
sw10utt/sw_1068_2834.utt,2/sw2834,2834,90,%,B,65,1,"{D You know, } the me, {F oh, } - /","You/PRP know/VBP ,/, the/DT me/PRP ,/, oh/UH ,/,",,
sw10utt/sw_1068_2834.utt,2/sw2834,2834,91,h,B,65,2,"I don't know,  /","I/PRP do/VBP n't/RB know/VB ,/,",,
sw10utt/sw_1068_2834.utt,2/sw2834,2834,92,sv,B,65,3,"[ the, + the ] yuppiedom,","the/DT ,/, the/DT yuppiedom/NN ,/,",,
sw10utt/sw_1068_2834.utt,2/sw2834,2834,93,b,A,66,1,# Uh-huh. # /,Uh-huh/UH ./.,,
sw10utt/sw_1068_2834.utt,2/sw2834,2834,94,+,B,67,1,"# the # whatever it was, the, {D you know, } women didn't know how to go about doing the careers  /","the/DT whatever/WP it/PRP was/VBD ,/, the/DT ,/, you/PRP know/VBP ,/, women/NNS did/VBD n't/RB know/VB how/WRB to/TO go/VB about/RP doing/VBG the/DT careers/NNS",,
sw10utt/sw_1068_2834.utt,2/sw2834,2834,95,sv,B,67,2,"{C and } they wanted to compete with men,  /","and/CC they/PRP wanted/VBD to/TO compete/VB with/IN men/NNS ,/,",,
sw10utt/sw_1068_2834.utt,2/sw2834,2834,96,sv,B,67,3,"they wanted to be like  men, /","they/PRP wanted/VBD to/TO be/VB like/IN men/NNS ,/,",,
sw10utt/sw_1068_2834.utt,2/sw2834,2834,97,b,A,68,1,# Uh-huh. # /,Uh-huh/UH ./.,,
sw10utt/sw_1068_2834.utt,2/sw2834,2834,98,sv,B,69,1,# {C and } # that's wrong. /,and/CC that/DT 's/BES wrong/JJ ./.,,
sw10utt/sw_1068_2834.utt,2/sw2834,2834,99,b,A,70,1,Yeah. /,Yeah/UH ./.,,
sw10utt/sw_1068_2834.utt,2/sw2834,2834,100,sv,B,71,1,"I think they finally discovered that they don't want to be like [ men, + men ]  /","I/PRP think/VBP they/PRP finally/RB discovered/VBD that/IN they/PRP do/VBP n't/RB want/VB to/TO be/VB like/IN men/NNS ,/, men/NNS",,
sw10utt/sw_1068_2834.utt,2/sw2834,2834,101,x,B,71,2,"<laughter>,",",/,",,
sw10utt/sw_1068_2834.utt,2/sw2834,2834,102,%,A,72,1,"Not, - /","Not/RB ,/,",,
sw10utt/sw_1068_2834.utt,2/sw2834,2834,103,b,A,72,2,"no,  /","no/UH ,/,",,
sw10utt/sw_1068_2834.utt,2/sw2834,2834,104,sv,A,72,3,"[ they, + they ] hurt themselves a little bit in that way. /","they/PRP ,/, they/PRP hurt/VBD themselves/PRP a/DT little/JJ bit/NN in/IN that/DT way/NN ./.",,
sw10utt/sw_1068_2834.utt,2/sw2834,2834,105,aa,B,73,1,"Absolutely,  /","Absolutely/UH ,/,",,
sw10utt/sw_1068_2834.utt,2/sw2834,2834,106,%,B,73,2,"{C and so } that's, {D you know, } - /","and/CC so/RB that/DT 's/BES ,/, you/PRP know/VBP ,/,",,
sw10utt/sw_1068_2834.utt,2/sw2834,2834,107,sv,B,73,3,"they sort of threw the thing back another, {D you know, } ten years,","they/PRP sort/RB of/RB threw/VBD the/DT thing/NN back/RB another/DT ,/, you/PRP know/VBP ,/, ten/CD years/NNS ,/,",,
sw10utt/sw_1068_2834.utt,2/sw2834,2834,108,b,A,74,1,# Uh-huh. # /,Uh-huh/UH ./.,,
sw10utt/sw_1068_2834.utt,2/sw2834,2834,109,+,B,75,1,"# that # they've had to, {D you know, } restructure,  /","that/WDT they/PRP 've/VBP had/VBN to/TO ,/, you/PRP know/VBP ,/, restructure/VB ,/,",,
sw10utt/sw_1068_2834.utt,2/sw2834,2834,110,sd,B,75,2,"{C but } I saw the greatest T-shirt the other day, /","but/CC I/PRP saw/VBD the/DT greatest/JJS T-shirt/NN the/DT other/JJ day/NN ,/,",,
sw10utt/sw_1068_2834.utt,2/sw2834,2834,111,x,A,76,1,<Laughter>.,,,
sw10utt/sw_1068_2834.utt,2/sw2834,2834,112,sd,B,77,1,"I got to get some for all my men friends, /","I/PRP got/VBD to/TO get/VB some/DT for/IN all/DT my/PRP$ men/NNS friends/NNS ,/,",,
sw10utt/sw_1068_2834.utt,2/sw2834,2834,113,x,A,78,1,# <Laughter>.  #,,,
sw10utt/sw_1068_2834.utt,2/sw2834,2834,114,sd(^q),B,79,1,"# it # says, let men run the world, women have more important things to do <laughter>. /","it/PRP says/VBZ ,/, let/VB men/NNS run/VB the/DT world/NN ,/, women/NNS have/VBP more/RBR important/JJ things/NNS to/TO do/VB ./.",,
sw10utt/sw_1068_2834.utt,2/sw2834,2834,115,ba,A,80,1,There you go <laughter>.  /,There/EX you/PRP go/VBP ./.,,
sw10utt/sw_1068_2834.utt,2/sw2834,2834,116,ba,A,80,2,There's a lot of truth in that. /,There/EX 's/BES a/DT lot/NN of/IN truth/NN in/IN that/DT ./.,,
sw10utt/sw_1068_2834.utt,2/sw2834,2834,117,b,B,81,1,Right. /,Right/UH ./.,,
sw10utt/sw_1068_2834.utt,2/sw2834,2834,118,b,A,82,1,Yeah. /,Yeah/UH ./.,,
sw10utt/sw_1068_2834.utt,2/sw2834,2834,119,sv,B,83,1,"{C But, } {F uh, } I think men and women both have [ valuable, + valuable ] assets to offer -- /","But/CC ,/, uh/UH ,/, I/PRP think/VBP men/NNS and/CC women/NNS both/DT have/VBP valuable/JJ ,/, valuable/JJ assets/NNS to/TO offer/VB --/:",,
sw10utt/sw_1068_2834.utt,2/sw2834,2834,120,b,A,84,1,Uh-huh. /,Uh-huh/UH ./.,,
sw10utt/sw_1068_2834.utt,2/sw2834,2834,121,%,B,85,1,"-- {C and, } {D you know, } we shouldn't, - /","--/: and/CC ,/, you/PRP know/VBP ,/, we/PRP should/MD n't/RB ,/,",,
sw10utt/sw_1068_2834.utt,2/sw2834,2834,122,sd,B,85,2,"we were made differently,","we/PRP were/VBD made/VBN differently/RB ,/,",,
sw10utt/sw_1068_2834.utt,2/sw2834,2834,123,ba@,A,86,1,# That's right.  #,That/DT 's/BES right/JJ ./.,,
sw10utt/sw_1068_2834.utt,2/sw2834,2834,124,+,B,87,1,"# however you # come to that conclusion,  /","however/RB you/PRP come/VBP to/IN that/DT conclusion/NN ,/,",,
sw10utt/sw_1068_2834.utt,2/sw2834,2834,125,sv,B,87,2,"we were biologically, physiologically, made differently  /","we/PRP were/VBD biologically/RB ,/, physiologically/RB ,/, made/VBN differently/RB",,
sw10utt/sw_1068_2834.utt,2/sw2834,2834,126,sv,B,87,3,"{C and } there is great wonderment,","and/CC there/EX is/VBZ great/JJ wonderment/NN ,/,",,
sw10utt/sw_1068_2834.utt,2/sw2834,2834,127,+@,A,88,1,# Uh-huh. # /,Uh-huh/UH ./.,,
sw10utt/sw_1068_2834.utt,2/sw2834,2834,128,+,B,89,1,"# in # that,  /","in/IN that/DT ,/,",,
sw10utt/sw_1068_2834.utt,2/sw2834,2834,129,sv,B,89,2,"{C and, } {F uh, } {D you know, } we should respect that in each other  /","and/CC ,/, uh/UH ,/, you/PRP know/VBP ,/, we/PRP should/MD respect/VB that/DT in/IN each/DT other/JJ",,
sw10utt/sw_1068_2834.utt,2/sw2834,2834,130,%,B,89,3,"{C so, } -/","so/RB ,/,",,
sw10utt/sw_1068_2834.utt,2/sw2834,2834,131,aa,A,90,1,"Yes,  /","Yes/UH ,/,",,
sw10utt/sw_1068_2834.utt,2/sw2834,2834,132,sv,A,90,2,it shouldn't be destroyed. /,it/PRP should/MD n't/RB be/VB destroyed/VBN ./.,,
sw10utt/sw_1068_2834.utt,2/sw2834,2834,133,b,B,91,1,Right. /,Right/UH ./.,,
sw10utt/sw_1068_2834.utt,2/sw2834,2834,134,b,A,92,1,"Yeah,  /","Yeah/UH ,/,",,
sw10utt/sw_1068_2834.utt,2/sw2834,2834,135,b^r,A,92,2,yeah. /,yeah/UH ./.,,
sw10utt/sw_1068_2834.utt,2/sw2834,2834,136,sv,B,93,1,"[ {C And, } + {C and, } ] {D you know, } just sort of all [ s-, + swooshed ] into one channel --","And/CC ,/, and/CC ,/, you/PRP know/VBP ,/, just/RB sort/RB of/RB all/DT s/VBD ,/, swooshed/VBD into/IN one/CD channel/NN --/:",,
sw10utt/sw_1068_2834.utt,2/sw2834,2834,137,b,A,94,1,"Uh-huh,  /","Uh-huh/UH ,/,",,
sw10utt/sw_1068_2834.utt,2/sw2834,2834,138,b^r,A,94,2,uh-huh. /,uh-huh/UH ./.,,
sw10utt/sw_1068_2834.utt,2/sw2834,2834,139,+,B,95,1,"-- sort of thing,  /","--/: sort/RB of/RB thing/NN ,/,",,
sw10utt/sw_1068_2834.utt,2/sw2834,2834,140,sv,B,95,2,"[ it's, + it's ] viva la difference <laughter>,","it/PRP 's/BES ,/, it/PRP 's/BES viva/FW la/FW difference/FW ,/,",,
sw10utt/sw_1068_2834.utt,2/sw2834,2834,141,b,A,96,1,"# Yeah,  /","Yeah/UH ,/,",,
sw10utt/sw_1068_2834.utt,2/sw2834,2834,142,b^r,A,96,2,yeah. # /,yeah/UH ./.,,
sw10utt/sw_1068_2834.utt,2/sw2834,2834,143,+,B,97,1,# someone said # that -- /,someone/NN said/VBD that/DT --/:,,
sw10utt/sw_1068_2834.utt,2/sw2834,2834,144,b,A,98,1,Yeah. /,Yeah/UH ./.,,
sw10utt/sw_1068_2834.utt,2/sw2834,2834,145,sv,B,99,1,"-- {C and } I think that you can truly respect the other person,  /","--/: and/CC I/PRP think/VBP that/IN you/PRP can/MD truly/RB respect/VB the/DT other/JJ person/NN ,/,",,
sw10utt/sw_1068_2834.utt,2/sw2834,2834,146,sv,B,99,2,"{E I mean, } {D you know, } Tom is just always saying, what a mystery you are, {D you know } <laughter>, {D you know. }  /","I/PRP mean/VBP ,/, you/PRP know/VBP ,/, Tom/NNP is/VBZ just/RB always/RB saying/VBG ,/, what/WP a/DT mystery/NN you/PRP are/VBP ,/, you/PRP know/VBP ,/, you/PRP know/VBP ./.",,
sw10utt/sw_1068_2834.utt,2/sw2834,2834,147,%,B,99,3,"Depends, -/","Depends/VBZ ,/,",,
sw10utt/sw_1068_2834.utt,2/sw2834,2834,148,sv,A,100,1,"<Laughter>  {D Well, } that's kind of makes it exciting.","Well/UH ,/, that/DT 's/BES kind/RB of/RB makes/VBZ it/PRP exciting/JJ ./.",,
sw10utt/sw_1068_2834.utt,2/sw2834,2834,149,b,B,101,1,Yeah. /,Yeah/UH ./.,,
sw10utt/sw_1068_2834.utt,2/sw2834,2834,150,+,A,102,1,{D You know. } /,You/PRP know/VBP ./.,,
sw10utt/sw_1068_2834.utt,2/sw2834,2834,151,sd,B,103,1,{D Well } that depends on what day of the month it is. /,Well/UH that/DT depends/VBZ on/IN what/WP day/NN of/IN the/DT month/NN it/PRP is/VBZ ./.,,
sw10utt/sw_1068_2834.utt,2/sw2834,2834,152,b,A,104,1,Yeah  /,Yeah/UH,,
sw10utt/sw_1068_2834.utt,2/sw2834.pos,2834,153,x,A,104,2,<laughter>.,./.
sw10utt/sw_1068_2834.utt,2/sw2834,2834,154,h,B,105,1,"{C But, } {F uh, } I don't know,  /","But/CC ,/, uh/UH ,/, I/PRP do/VBP n't/RB know/VB ,/,",,
sw10utt/sw_1068_2834.utt,2/sw2834,2834,155,sv,B,105,2,"I guess we've gotten more of a, - /","I/PRP guess/VBP we/PRP 've/VBP gotten/VBN more/JJR of/IN a/DT ,/,",,
sw10utt/sw_1068_2834.utt,2/sw2834,2834,156,sv,B,105,3,"[ in, + in ] terms of that, I think we've got more of a sense of humor about each other --","in/IN ,/, in/IN terms/NNS of/IN that/DT ,/, I/PRP think/VBP we/PRP 've/VBP got/VBN more/JJR of/IN a/DT sense/NN of/IN humor/NN about/IN each/DT other/JJ --/:",,
sw10utt/sw_1068_2834.utt,2/sw2834,2834,157,b,A,106,1,Uh-huh. /,Uh-huh/UH ./.,,
sw10utt/sw_1068_2834.utt,2/sw2834,2834,158,+,B,107,1,"-- and our roles,  /","--/: and/CC our/PRP$ roles/NNS ,/,",,
sw10utt/sw_1068_2834.utt,2/sw2834,2834,159,sd,B,107,2,"[ {C and, } + {C but } ] it's still a challenge being in a marriage and  trying to figure out those roles  /","and/CC ,/, but/CC it/PRP 's/BES still/RB a/DT challenge/NN being/VBG in/IN a/DT marriage/NN and/CC trying/VBG to/TO figure/VB out/RP those/DT roles/NNS",,
sw10utt/sw_1068_2834.utt,2/sw2834,2834,160,%,B,107,3,"{C and, } -/","and/CC ,/,",,
sw10utt/sw_1068_2834.utt,2/sw2834,2834,161,sv,A,108,1,"I think now when both are working they have a [ more ch-, + more ] of a chance of working together because they're starting out that way. /","I/PRP think/VBP now/RB when/WRB both/DT are/VBP working/VBG they/PRP have/VBP a/DT more/JJR ch-/XX ,/, more/JJR of/IN a/DT chance/NN of/IN working/VBG together/RB because/IN they/PRP 're/VBP starting/VBG out/RP that/DT way/NN ./.",,
sw10utt/sw_1068_2834.utt,2/sw2834,2834,162,b,B,109,1,"Yeah,  /","Yeah/UH ,/,",,
sw10utt/sw_1068_2834.utt,2/sw2834,2834,163,sv,B,109,2,"{D well, } [ that's, + that's ] a very different way to do, -/","well/UH ,/, that/DT 's/BES ,/, that/DT 's/BES a/DT very/RB different/JJ way/NN to/TO do/VB ,/,",,
sw10utt/sw_1068_2834.utt,2/sw2834,2834,164,b,A,110,1,# Yeah. # /,Yeah/UH ./.,,
sw10utt/sw_1068_2834.utt,2/sw2834,2834,165,sv,B,111,1,"# {D you # know, } the woman doesn't start off at home,","you/PRP know/VBP ,/, the/DT woman/NN does/VBZ n't/RB start/VB off/RP at/IN home/NN ,/,",,
sw10utt/sw_1068_2834.utt,2/sw2834,2834,166,b,A,112,1,# Right. # /,Right/UH ./.,,
sw10utt/sw_1068_2834.utt,2/sw2834,2834,167,+,B,113,1,"# raising # the kids and goes back into her career, {D you know, }","raising/VBG the/DT kids/NNS and/CC goes/VBZ back/RB into/IN her/PRP$ career/NN ,/, you/PRP know/VBP ,/,",,
sw10utt/sw_1068_2834.utt,2/sw2834,2834,168,b,A,114,1,# Right. # /,Right/UH ./.,,
sw10utt/sw_1068_2834.utt,2/sw2834,2834,169,+@,B,115,1,# twenty # years later.,twenty/CD years/NNS later/RB ./.,,
sw10utt/sw_1068_2834.utt,2/sw2834,2834,170,b,A,116,1,Yeah. /,Yeah/UH ./.,,
sw10utt/sw_1068_2834.utt,2/sw2834,2834,171,+@,B,117,1,"{F Uh, } /","Uh/UH ,/,",,
sw10utt/sw_1068_2834.utt,2/sw2834,2834,172,sv,A,118,1,Because you get set in your ways  /,Because/IN you/PRP get/VBP set/VBN in/IN your/PRP$ ways/NNS,,
sw10utt/sw_1068_2834.utt,2/sw2834,2834,173,sv,A,118,2,"{C and } it's,","and/CC it/PRP 's/BES ,/,",,
sw10utt/sw_1068_2834.utt,2/sw2834,2834,174,ba@,B,119,1,# You do.  #,You/PRP do/VBP ./.,,
sw10utt/sw_1068_2834.utt,2/sw2834,2834,175,+,A,120,1,"# really hard # [ because + ] [ to, + to ] really to get help.","really/RB hard/JJ because/IN to/TO ,/, to/TO really/RB to/TO get/VB help/NN ./.",,
sw10utt/sw_1068_2834.utt,2/sw2834,2834,176,+@,B,121,1,Yeah. /,Yeah/UH ./.,,
sw10utt/sw_1068_2834.utt,2/sw2834,2834,177,+,A,122,1,"{F Uh, } [ d-, + ] {D you know } to get the work load shared. /","Uh/UH ,/, d-/XX ,/, you/PRP know/VBP to/TO get/VB the/DT work/NN load/NN shared/VBN ./.",,
sw10utt/sw_1068_2834.utt,2/sw2834,2834,178,qy,B,123,1,"[ Are, +  are ] you married? /","Are/VBP ,/, are/VBP you/PRP married/JJ ?/.",,
sw10utt/sw_1068_2834.utt,2/sw2834,2834,179,ny,A,124,1,"Yes,  /","Yes/UH ,/,",,
sw10utt/sw_1068_2834.utt,2/sw2834,2834,180,ny,A,124,2,uh-huh.  /,uh-huh/UH ./.,,
sw10utt/sw_1068_2834.utt,2/sw2834,2834,181,%,A,124,3,"Our, -/","Our/PRP$ ,/,",,
sw10utt/sw_1068_2834.utt,2/sw2834,2834,182,qy,B,125,1,Do you have children? /,Do/VBP you/PRP have/VB children/NNS ?/.,,
sw10utt/sw_1068_2834.utt,2/sw2834,2834,183,na,A,126,1,"[ I, + we ] have five children,  /","I/PRP ,/, we/PRP have/VBP five/CD children/NNS ,/,",,
sw10utt/sw_1068_2834.utt,2/sw2834,2834,184,sd,A,126,2,"[ they're + <laughter>,","they/PRP 're/VBP ,/,",,
sw10utt/sw_1068_2834.utt,2/sw2834,2834,185,ba,B,127,1,"{F Oh, } my goodness. /","Oh/UH ,/, my/PRP$ goodness/NN ./.",,
sw10utt/sw_1068_2834.utt,2/sw2834,2834,186,+,A,128,1,They're ] all grown and on their own  /,They/PRP 're/VBP all/RB grown/VBN and/CC on/IN their/PRP$ own/JJ,,
sw10utt/sw_1068_2834.utt,2/sw2834,2834,187,%,A,128,2,"{C so, } -/","so/RB ,/,",,
sw10utt/sw_1068_2834.utt,2/sw2834,2834,188,ba,B,129,1,"{F Oh, } my. /","Oh/UH ,/, my/UH ./.",,
sw10utt/sw_1068_2834.utt,2/sw2834,2834,189,%,A,130,1,"They're, {F uh, } -/","They/PRP 're/VBP ,/, uh/UH ,/,",,
sw10utt/sw_1068_2834.utt,2/sw2834,2834,190,qo,B,131,1,How did you do? /,How/WRB did/VBD you/PRP do/VB ?/.,,
sw10utt/sw_1068_2834.utt,2/sw2834,2834,191,qo,A,132,1,"{F Uh, } how do you mean that? <Laughter>. /","Uh/UH ,/, how/WRB do/VBP you/PRP mean/VB that/DT ?/. ./.",,
sw10utt/sw_1068_2834.utt,2/sw2834,2834,192,sd,B,133,1,"{D Well, } {E I mean, } okay,  /","Well/UH ,/, I/PRP mean/VBP ,/, okay/UH ,/,",,
sw10utt/sw_1068_2834.utt,2/sw2834,2834,193,qo,B,133,2,"{D well } did you have boys, girls,  /","well/UH did/VBD you/PRP have/VB boys/NNS ,/, girls/NNS ,/,",,
sw10utt/sw_1068_2834.utt,2/sw2834,2834,194,%,B,133,3,"how did, - /","how/WRB did/VBD ,/,",,
sw10utt/sw_1068_2834.utt,2/sw2834,2834,195,%,B,133,4,"how, -/","how/WRB ,/,",,
sw10utt/sw_1068_2834.utt,2/sw2834,2834,196,sd,A,134,1,"{F Uh, } we have, {F uh, } two girls and three boys  /","Uh/UH ,/, we/PRP have/VBP ,/, uh/UH ,/, two/CD girls/NNS and/CC three/CD boys/NNS",,
sw10utt/sw_1068_2834.utt,2/sw2834,2834,197,sd,A,134,2,"{C and } [ our, +","and/CC our/PRP$ ,/,",,
sw10utt/sw_1068_2834.utt,2/sw2834,2834,198,ba,B,135,1,"# {F Oh, } my.  # /","Oh/UH ,/, my/UH ./.",,
sw10utt/sw_1068_2834.utt,2/sw2834,2834,199,+,A,136,1,# our ] baby # girl just had a baby girl <laughter>. /,our/PRP$ baby/NN girl/NN just/RB had/VBD a/DT baby/NN girl/NN ./.,,
sw10utt/sw_1068_2834.utt,2/sw2834,2834,200,ba,B,137,1,"{F Oh, } my. /","Oh/UH ,/, my/UH ./.",,
sw10utt/sw_1068_2834.utt,2/sw2834,2834,201,sd,A,138,1,Last week was her first baby. /,Last/JJ week/NN was/VBD her/PRP$ first/JJ baby/NN ./.,,
sw10utt/sw_1068_2834.utt,2/sw2834,2834,202,ba,B,139,1,"{F Oh, } how exiting. /","Oh/UH ,/, how/WRB exiting/VBG ./.",,
sw10utt/sw_1068_2834.utt,2/sw2834,2834,203,ba,A,140,1,{C So } it's been real exciting. /,So/RB it/PRP 's/HVS been/VBN real/RB exciting/JJ ./.,,
sw10utt/sw_1068_2834.utt,2/sw2834,2834,204,fe,B,141,1,"[ I, + I ] tell you what.  /","I/PRP ,/, I/PRP tell/VBP you/PRP what/WP ./.",,
sw10utt/sw_1068_2834.utt,2/sw2834,2834,205,sd,B,141,2,I don't know what I would do without my friends having all their kids. /,I/PRP do/VBP n't/RB know/VB what/WP I/PRP would/MD do/VB without/IN my/PRP$ friends/NNS having/VBG all/DT their/PRP$ kids/NNS ./.,,
sw10utt/sw_1068_2834.utt,2/sw2834,2834,206,b,A,142,1,Uh-huh. /,Uh-huh/UH ./.,,
sw10utt/sw_1068_2834.utt,2/sw2834,2834,207,sd,B,143,1,I just love the babies -- /,I/PRP just/RB love/VBP the/DT babies/NNS --/:,,
sw10utt/sw_1068_2834.utt,2/sw2834,2834,208,b,A,144,1,Uh-huh. /,Uh-huh/UH ./.,,
sw10utt/sw_1068_2834.utt,2/sw2834,2834,209,sd,B,145,1,"-- [ {C and, } + {C and } ] since I'm sort of in a medical situation where I can't do that, it's, -/","--/: and/CC ,/, and/CC since/IN I/PRP 'm/VBP sort/RB of/RB in/IN a/DT medical/JJ situation/NN where/WRB I/PRP ca/MD n't/RB do/VB that/DT ,/, it/PRP 's/BES ,/,",,
sw10utt/sw_1068_2834.utt,2/sw2834,2834,210,b,A,146,1,Yeah.  /,Yeah/UH ./.,,
sw10utt/sw_1068_2834.utt,2/sw2834,2834,211,qy,A,146,2,Have you been that way long? /,Have/VBP you/PRP been/VBN that/DT way/NN long/JJ ?/.,,
sw10utt/sw_1068_2834.utt,2/sw2834,2834,212,ng,B,147,1,"Just eight years,  /","Just/RB eight/CD years/NNS ,/,",,
sw10utt/sw_1068_2834.utt,2/sw2834,2834,213,%,B,147,2,just -- -/,just/RB --/:,,
sw10utt/sw_1068_2834.utt,2/sw2834,2834,214,b^m,A,148,1,Just eight years. /,Just/RB eight/CD years/NNS ./.,,
sw10utt/sw_1068_2834.utt,2/sw2834,2834,215,sd,B,149,1,-- the most important years of my life {D you know } <laughter>. /,--/: the/DT most/RBS important/JJ years/NNS of/IN my/PRP$ life/NN you/PRP know/VBP ./.,,
sw10utt/sw_1068_2834.utt,2/sw2834,2834,216,sv,A,150,1,"[ That's, + that's ] a long eight years, though. /","That/DT 's/BES ,/, that/DT 's/BES a/DT long/JJ eight/CD years/NNS ,/, though/RB ./.",,
sw10utt/sw_1068_2834.utt,2/sw2834,2834,217,aa,B,151,1,"Yeah,  /","Yeah/UH ,/,",,
sw10utt/sw_1068_2834.utt,2/sw2834,2834,218,sd,B,151,2,it has been. /,it/PRP has/VBZ been/VBN ./.,,
sw10utt/sw_1068_2834.utt,2/sw2834,2834,219,b,A,152,1,Uh-huh. /,Uh-huh/UH ./.,,
sw10utt/sw_1068_2834.utt,2/sw2834,2834,220,sd,B,153,1,"[  {C And, } + {F uh, } {C so } ] there have been major, major adjustments, /","And/CC ,/, uh/UH ,/, so/RB there/EX have/VBP been/VBN major/JJ ,/, major/JJ adjustments/NNS ,/,",,
sw10utt/sw_1068_2834.utt,2/sw2834,2834,221,b,A,154,1,# Uh-huh. # /,Uh-huh/UH ./.,,
sw10utt/sw_1068_2834.utt,2/sw2834,2834,222,sd,B,155,1,# {C but } # that's another story. /,but/CC that/DT 's/BES another/DT story/NN ./.,,
sw10utt/sw_1068_2834.utt,2/sw2834,2834,223,b,A,156,1,Uh-huh. /,Uh-huh/UH ./.,,
sw10utt/sw_1068_2834.utt,2/sw2834,2834,224,sd,B,157,1,"{C But, } {D you know, } my husband has [ really, really filled in the gaps,  /","But/CC ,/, you/PRP know/VBP ,/, my/PRP$ husband/NN has/VBZ really/RB ,/, really/RB filled/VBN in/RP the/DT gaps/NNS ,/,",,
sw10utt/sw_1068_2834.utt,2/sw2834,2834,225,sd,B,157,2,"{E I mean } [ I, +","I/PRP mean/VBP I/PRP ,/,",,
sw10utt/sw_1068_2834.utt,2/sw2834,2834,226,sv,A,158,1,That makes a big difference. /,That/DT makes/VBZ a/DT big/JJ difference/NN ./.,,
sw10utt/sw_1068_2834.utt,2/sw2834,2834,227,+,B,159,1,I ] couldn't ask for a better life. /,I/PRP could/MD n't/RB ask/VB for/IN a/DT better/JJR life/NN ./.,,
sw10utt/sw_1068_2834.utt,2/sw2834,2834,228,b,A,160,1,Uh-huh. /,Uh-huh/UH ./.,,
sw10utt/sw_1068_2834.utt,2/sw2834,2834,229,sv,B,161,1,"{E I mean } if this is the way it had to be,","I/PRP mean/VBP if/IN this/DT is/VBZ the/DT way/NN it/PRP had/VBD to/TO be/VB ,/,",,
sw10utt/sw_1068_2834.utt,2/sw2834,2834,230,b,A,162,1,# Uh-huh. # /,Uh-huh/UH ./.,,
sw10utt/sw_1068_2834.utt,2/sw2834,2834,231,+,B,163,1,"# this # is the best way,","this/DT is/VBZ the/DT best/JJS way/NN ,/,",,
sw10utt/sw_1068_2834.utt,2/sw2834,2834,232,b,A,164,1,# Uh-huh. # /,Uh-huh/UH ./.,,
sw10utt/sw_1068_2834.utt,2/sw2834,2834,233,+,B,165,1,# I # could possibly do it  /,I/PRP could/MD possibly/RB do/VB it/PRP,,
sw10utt/sw_1068_2834.utt,2/sw2834,2834,234,sd,B,165,2,"[ {C and, } + {C and } ] that has a lot to do with his strength and his, just pitching in [ and, + and ] his being able to, {D you know, } all, all ego aside, do a lot of things --","and/CC ,/, and/CC that/DT has/VBZ a/DT lot/NN to/TO do/VB with/IN his/PRP$ strength/NN and/CC his/PRP$ ,/, just/RB pitching/VBG in/RP and/CC ,/, and/CC his/PRP$ being/VBG able/JJ to/TO ,/, you/PRP know/VBP ,/, all/DT ,/, all/DT ego/NN aside/RB ,/, do/VB a/DT lot/NN of/IN things/NNS --/:",,
sw10utt/sw_1068_2834.utt,2/sw2834,2834,235,b,A,166,1,"Uh-huh,  /","Uh-huh/UH ,/,",,
sw10utt/sw_1068_2834.utt,2/sw2834,2834,236,b^r,A,166,2,uh-huh. /,uh-huh/UH ./.,,
sw10utt/sw_1068_2834.utt,2/sw2834,2834,237,+,B,167,1,"-- that really, - /","--/: that/WDT really/RB ,/,",,
sw10utt/sw_1068_2834.utt,2/sw2834,2834,238,sd,B,167,2,"{C so, } when I say men haven't changed I guess I should look at my own backyard sort,","so/RB ,/, when/WRB I/PRP say/VBP men/NNS have/VBP n't/RB changed/VBN I/PRP guess/VBP I/PRP should/MD look/VB at/IN my/PRP$ own/JJ backyard/NN sort/NN ,/,",,
sw10utt/sw_1068_2834.utt,2/sw2834,2834,239,aa,A,168,1,# Yes.  # /,Yes/UH ./.,,
sw10utt/sw_1068_2834.utt,2/sw2834,2834,240,+,B,169,1,# of # thing <laughter>  /,of/IN thing/NN,,
sw10utt/sw_1068_2834.utt,2/sw2834,2834,241,%,B,169,2,"{C and, } -/","and/CC ,/,",,
sw10utt/sw_1068_2834.utt,2/sw2834,2834,242,sv,A,170,1,"{D Well, } probably your role - /","Well/UH ,/, probably/RB your/PRP$ role/NN",,
sw10utt/sw_1068_2834.utt,2/sw2834,2834,243,sv,A,170,2,"[ {C and, } + {C and } ] the way you are also has changed, though.","and/CC ,/, and/CC the/DT way/NN you/PRP are/VBP also/RB has/VBZ changed/VBN ,/, though/RB ./.",,
sw10utt/sw_1068_2834.utt,2/sw2834,2834,244,ba,B,171,1,"{F Oh, } yeah. /","Oh/UH ,/, yeah/UH ./.",,
sw10utt/sw_1068_2834.utt,2/sw2834,2834,245,+,A,172,1,"{D You know, } compared to what it would have been twenty, fifty years ago. /","You/PRP know/VBP ,/, compared/VBN to/IN what/WP it/PRP would/MD have/VB been/VBN twenty/CD ,/, fifty/CD years/NNS ago/RB ./.",,
sw10utt/sw_1068_2834.utt,2/sw2834,2834,246,b,B,173,1,"Yeah,  /","Yeah/UH ,/,",,
sw10utt/sw_1068_2834.utt,2/sw2834,2834,247,ba,B,173,2,that's true.  /,that/DT 's/BES true/JJ ./.,,
sw10utt/sw_1068_2834.utt,2/sw2834,2834,248,fe,B,173,3,"{E I mean, } boy,  /","I/PRP mean/VBP ,/, boy/UH ,/,",,
sw10utt/sw_1068_2834.utt,2/sw2834,2834,249,sd,B,173,4,"{E I mean } [ I, + I ] would have had so, - /","I/PRP mean/VBP I/PRP ,/, I/PRP would/MD have/VB had/VBN so/RB ,/,",,
sw10utt/sw_1068_2834.utt,2/sw2834,2834,250,sd,B,173,5,I had so  much guilt to begin with  /,I/PRP had/VBD so/RB much/JJ guilt/NN to/TO begin/VB with/IN,,
sw10utt/sw_1068_2834.utt,2/sw2834,2834,251,sd,B,173,6,"{C and } the changes that had to take place, {D you know, }","and/CC the/DT changes/NNS that/WDT had/VBD to/TO take/VB place/NN ,/, you/PRP know/VBP ,/,",,
sw10utt/sw_1068_2834.utt,2/sw2834,2834,252,b,A,174,1,# Uh-huh. # /,Uh-huh/UH ./.,,
sw10utt/sw_1068_2834.utt,2/sw2834,2834,253,+,B,175,1,# where # I couldn't do a lot of things --,where/WRB I/PRP could/MD n't/RB do/VB a/DT lot/NN of/IN things/NNS --/:,,
sw10utt/sw_1068_2834.utt,2/sw2834,2834,254,b,A,176,1,"Uh-huh,  /","Uh-huh/UH ,/,",,
sw10utt/sw_1068_2834.utt,2/sw2834,2834,255,b^r,A,176,2,uh-huh. /,uh-huh/UH ./.,,
sw10utt/sw_1068_2834.utt,2/sw2834,2834,256,+,B,177,1,"-- and, {F uh, } just adjusting to that,","--/: and/CC ,/, uh/UH ,/, just/RB adjusting/VBG to/IN that/DT ,/,",,
sw10utt/sw_1068_2834.utt,2/sw2834,2834,257,b,A,178,1,"# Uh-huh,  /","Uh-huh/UH ,/,",,
sw10utt/sw_1068_2834.utt,2/sw2834,2834,258,b^r,A,178,2,uh-huh. # /,uh-huh/UH ./.,,
sw10utt/sw_1068_2834.utt,2/sw2834,2834,259,+,B,179,1,"# [ that, + {F uh, } # {D yeah, }  that ] was a major change, /","that/DT ,/, uh/UH ,/, yeah/UH ,/, that/DT was/VBD a/DT major/JJ change/NN ,/,",,
sw10utt/sw_1068_2834.utt,2/sw2834,2834,260,b,A,180,1,# Uh-huh. # /,Uh-huh/UH ./.,,
sw10utt/sw_1068_2834.utt,2/sw2834,2834,261,sv,B,181,1,"# [ {C but } + # {C so, } ] I guess <breathing>,  {F uh, } in the end, {D you know, } you each take your own situation [ and you, + and you ] deal with it the best you can,  /","but/CC so/RB ,/, I/PRP guess/VBP ,/, uh/UH ,/, in/IN the/DT end/NN ,/, you/PRP know/VBP ,/, you/PRP each/DT take/VBP your/PRP$ own/JJ situation/NN and/CC you/PRP ,/, and/CC you/PRP deal/VBP with/IN it/PRP the/DT best/JJS you/PRP can/MD ,/,",,
sw10utt/sw_1068_2834.utt,2/sw2834,2834,262,sv,B,181,2,[ [ {C but } + --,but/CC --/:,,
sw10utt/sw_1068_2834.utt,2/sw2834,2834,263,b^m,A,182,1,"The best you can, yeah. /","The/DT best/JJS you/PRP can/MD ,/, yeah/UH ./.",,
sw10utt/sw_1068_2834.utt,2/sw2834,2834,264,+,B,183,1,"-- {C but, } ] + {C but } ] women I think are a whole, {D you know } sort of riding the course,  /","--/: but/CC ,/, but/CC women/NNS I/PRP think/VBP are/VBP a/DT whole/RB ,/, you/PRP know/VBP sort/RB of/RB riding/VBG the/DT course/NN ,/,",,
sw10utt/sw_1068_2834.utt,2/sw2834,2834,265,sv,B,183,2,"[ they're, + they're ] got a little wobbly and a little shaky there,  /","they/PRP 're/VBP ,/, they/PRP 're/VBP got/VBN a/DT little/RB wobbly/JJ and/CC a/DT little/RB shaky/JJ there/RB ,/,",,
sw10utt/sw_1068_2834.utt,2/sw2834,2834,266,sv,B,183,3,I think the future of this whole thing is going to be what happens with the day care situation. /,I/PRP think/VBP the/DT future/NN of/IN this/DT whole/JJ thing/NN is/VBZ going/VBG to/TO be/VB what/WP happens/VBZ with/IN the/DT day/NN care/NN situation/NN ./.,,
sw10utt/sw_1068_2834.utt,2/sw2834,2834,267,%,A,184,1,"I, - /","I/PRP ,/,",,
sw10utt/sw_1068_2834.utt,2/sw2834,2834,268,b,A,184,2,"yeah,  /","yeah/UH ,/,",,
sw10utt/sw_1068_2834.utt,2/sw2834,2834,269,sd,A,184,3,"that's the only thing I worry about is [ the, + the ] child's love and  security.  /","that/DT 's/BES the/DT only/JJ thing/NN I/PRP worry/VBP about/IN is/VBZ the/DT ,/, the/DT child/NN 's/POS love/NN and/CC security/NN ./.",,
sw10utt/sw_1068_2834.utt,2/sw2834,2834,270,%,A,184,4,"That, - /","That/DT ,/,",,
sw10utt/sw_1068_2834.utt,2/sw2834,2834,271,sv,A,184,5,"I think that's being damaged, {F uh, }","I/PRP think/VBP that/DT 's/BES being/VBG damaged/VBN ,/, uh/UH ,/,",,
sw10utt/sw_1068_2834.utt,2/sw2834,2834,272,sv,B,185,1,"# I think, #","I/PRP think/VBP ,/,",,
sw10utt/sw_1068_2834.utt,2/sw2834,2834,273,+,A,186,1,# a lot.  # /,a/DT lot/NN ./.,,
sw10utt/sw_1068_2834.utt,2/sw2834,2834,274,+,B,187,1,"we're going to see a generation of kids that, {D you know, } are just going to be a little bit, {F uh, } <lipsmack>  {F oh, } not very nurturing. /","we/PRP 're/VBP going/VBG to/TO see/VB a/DT generation/NN of/IN kids/NNS that/WDT ,/, you/PRP know/VBP ,/, are/VBP just/RB going/VBG to/TO be/VB a/DT little/JJ bit/NN ,/, uh/UH ,/, oh/UH ,/, not/RB very/RB nurturing/JJ ./.",,
sw10utt/sw_1068_2834.utt,2/sw2834,2834,275,b,A,188,1,Uh-huh. /,Uh-huh/UH ./.,,
sw10utt/sw_1068_2834.utt,2/sw2834,2834,276,%,B,189,1,"I think, -/","I/PRP think/VBP ,/,",,
sw10utt/sw_1068_2834.utt,2/sw2834,2834,277,aa,A,190,1,"I do, too.  /","I/PRP do/VBP ,/, too/RB ./.",,
sw10utt/sw_1068_2834.utt,2/sw2834,2834,278,%,A,190,2,"[  I, + I ] think, {F uh, } - /","I/PRP ,/, I/PRP think/VBP ,/, uh/UH ,/,",,
sw10utt/sw_1068_2834.utt,2/sw2834,2834,279,sv,A,190,3,"{D now } [ some, + some ] women [ can, + can ] do both.  /","now/UH some/DT ,/, some/DT women/NNS can/MD ,/, can/MD do/VB both/DT ./.",,
sw10utt/sw_1068_2834.utt,2/sw2834,2834,280,sv,A,190,4,They're very capable of working  /,They/PRP 're/VBP very/RB capable/JJ of/IN working/VBG,,
sw10utt/sw_1068_2834.utt,2/sw2834,2834,281,%,A,190,5,"[ {C and, } + {C and, } ] -/","and/CC ,/, and/CC ,/,",,
sw10utt/sw_1068_2834.utt,2/sw2834,2834,282,b,B,191,1,"Yeah,  /","Yeah/UH ,/,",,
sw10utt/sw_1068_2834.utt,2/sw2834,2834,283,sd,B,191,2,"{C but } I wish they weren't so many,  /","but/CC I/PRP wish/VBP they/^EX were/VBD  n't/RB so/RB many/JJ ,/,",,
sw10utt/sw_1068_2834.utt,2/sw2834,2834,284,sd,B,191,3,"[ I, + I ] wish they weren't role models for everybody,","I/PRP ,/, I/PRP wish/VBP they/^EX were/VBD n't/RB role/NN models/NNS for/IN  everybody/NN ,/,",,
sw10utt/sw_1068_2834.utt,2/sw2834,2834,285,b,A,192,1,# Uh-huh. # /,Uh-huh/UH ./.,,
sw10utt/sw_1068_2834.utt,2/sw2834,2834,286,+,B,193,1,# because # it's so dangerous. /,because/IN it/PRP 's/BES so/RB dangerous/JJ ./.,,
sw10utt/sw_1068_2834.utt,2/sw2834,2834,287,aa,A,194,1,"[ It, + it ] really is, yeah. /","It/PRP ,/, it/PRP really/RB is/VBZ ,/, yeah/UH ./.",,
sw10utt/sw_1068_2834.utt,2/sw2834,2834,288,sv,B,195,1,"It's dangerous for the woman, too, to think that she can do that  /","It/PRP 's/BES dangerous/JJ for/IN the/DT woman/NN ,/, too/RB ,/, to/TO think/VB that/IN she/PRP can/MD do/VB that/DT",,
sw10utt/sw_1068_2834.utt,2/sw2834,2834,289,sv,B,195,2,"{C and then } when she can't, {D you know, } the failure of that is,","and/CC then/RB when/WRB she/PRP ca/MD n't/RB ,/, you/PRP know/VBP ,/, the/DT failure/NN of/IN that/DT is/VBZ ,/,",,
sw10utt/sw_1068_2834.utt,2/sw2834,2834,290,b,A,196,1,# Uh-huh. # /,Uh-huh/UH ./.,,
sw10utt/sw_1068_2834.utt,2/sw2834,2834,291,+,B,197,1,"# {D you # know, } her life sort of falls apart  /","you/PRP know/VBP ,/, her/PRP$ life/NN sort/RB of/RB falls/VBZ apart/RB",,
sw10utt/sw_1068_2834.utt,2/sw2834,2834,292,sv,B,197,2,{C and } she doesn't know who she is  /,and/CC she/PRP does/VBZ n't/RB know/VB who/WP she/PRP is/VBZ,,
sw10utt/sw_1068_2834.utt,2/sw2834,2834,293,%,B,197,3,"{C and } she's, -/","and/CC she/PRP 's/BES ,/,",,
sw10utt/sw_1068_2834.utt,2/sw2834,2834,294,sv,A,198,1,"{C So } many have to work to make a go of it, it seems, /","So/RB many/JJ have/VBP to/TO work/VB to/TO make/VB a/DT go/NN of/IN it/PRP ,/, it/PRP seems/VBZ ,/,",,
sw10utt/sw_1068_2834.utt,2/sw2834,2834,295,aa,B,199,1,# Absolutely. # /,Absolutely/UH ./.,,
sw10utt/sw_1068_2834.utt,2/sw2834,2834,296,sd,A,200,1,"# {C or } # they say they do anyways,  /","or/CC they/PRP say/VBP they/PRP do/VBP anyways/UH ,/,",,
sw10utt/sw_1068_2834.utt,2/sw2834,2834,297,sv,A,200,2,"[ {C and, } + {C but } ] I think ones that don't have to, the, - /","and/CC ,/, but/CC I/PRP think/VBP ones/NNS that/WDT do/VBP n't/RB have/VB to/TO ,/, the/DT ,/,",,
sw10utt/sw_1068_2834.utt,2/sw2834,2834,298,sv,A,200,3,it's not as much of a stigma not to work as it was for a while there. /,it/PRP 's/BES not/RB as/RB much/JJ of/IN a/DT stigma/NN not/RB to/TO work/VB as/IN it/PRP was/VBD for/IN a/DT while/NN there/RB ./.,,
sw10utt/sw_1068_2834.utt,2/sw2834,2834,299,sv,B,201,1,"{D Well, } {D you know, } [ I think [ that's, + that's ] really, + I think ] it depends on what part of the country you're in. /","Well/UH ,/, you/PRP know/VBP ,/, I/PRP think/VBP that/DT 's/BES ,/, that/DT 's/BES really/RB ,/, I/PRP think/VBP it/PRP depends/VBZ on/IN what/WP part/NN of/IN the/DT country/NN you/PRP 're/VBP in/IN ./.",,
sw10utt/sw_1068_2834.utt,2/sw2834,2834,300,ba,A,202,1,"{D Well, } that could be. /","Well/UH ,/, that/DT could/MD be/VB ./.",,
sw10utt/sw_1068_2834.utt,2/sw2834,2834,301,sd,B,203,1,"{F Uh, } [ I, + I ] would almost just say that because, {D you know, } down here in the south --","Uh/UH ,/, I/PRP ,/, I/PRP would/MD almost/RB just/RB say/VB that/DT because/IN ,/, you/PRP know/VBP ,/, down/IN here/RB in/IN the/DT south/NN --/:",,
sw10utt/sw_1068_2834.utt,2/sw2834,2834,302,b,A,204,1,"Uh-huh,  /","Uh-huh/UH ,/,",,
sw10utt/sw_1068_2834.utt,2/sw2834,2834,303,b^r,A,204,2,uh-huh. /,uh-huh/UH ./.,,
sw10utt/sw_1068_2834.utt,2/sw2834,2834,304,+,B,205,1,"-- {D you know, } a woman's role is,","--/: you/PRP know/VBP ,/, a/DT woman/NN 's/POS role/NN is/VBZ ,/,",,
sw10utt/sw_1068_2834.utt,2/sw2834,2834,305,%,A,206,1,# {F Uh. }  # /,Uh/UH ./.,,
sw10utt/sw_1068_2834.utt,2/sw2834,2834,306,+,B,207,1,"# a # woman's role,","a/DT woman/NN 's/POS role/NN ,/,",,
sw10utt/sw_1068_2834.utt,2/sw2834,2834,307,b,A,208,1,# Yeah. # /,Yeah/UH ./.,,
sw10utt/sw_1068_2834.utt,2/sw2834,2834,308,+,B,209,1,"# sort # of thing, /","sort/NN of/IN thing/NN ,/,",,
sw10utt/sw_1068_2834.utt,2/sw2834,2834,309,b,A,210,1,# Yeah. # /,Yeah/UH ./.,,
sw10utt/sw_1068_2834.utt,2/sw2834,2834,310,%,B,211,1,"# {C and } # {D you know, } -/","and/CC you/PRP know/VBP ,/,",,
sw10utt/sw_1068_2834.utt,2/sw2834,2834,311,qy,A,212,1,You  (( mean ))  it's stronger there? /,You/PRP mean/VBP it/PRP 's/BES stronger/JJR there/RB ?/.,,
sw10utt/sw_1068_2834.utt,2/sw2834,2834,312,ny,B,213,1,"{F Uh, } {F oh, } yeah,  /","Uh/UH ,/, oh/UH ,/, yeah/UH ,/,",,
sw10utt/sw_1068_2834.utt,2/sw2834,2834,313,ny^r,B,213,2,yeah. /,yeah/UH ./.,,
sw10utt/sw_1068_2834.utt,2/sw2834,2834,314,ba,A,214,1,Much stronger. /,Much/RB stronger/JJR ./.,,
sw10utt/sw_1068_2834.utt,2/sw2834,2834,315,sv,B,215,1,"[ {C And, } + {C and } ] I think that, {F uh, } <lipsmack>  {D you know, } career women still have a lot of problems here,","And/CC ,/, and/CC I/PRP think/VBP that/IN ,/, uh/UH ,/, you/PRP know/VBP ,/, career/NN women/NNS still/RB have/VBP a/DT lot/NN of/IN problems/NNS here/RB ,/,",,
sw10utt/sw_1068_2834.utt,2/sw2834,2834,316,b,A,216,1,# Yeah. # /,Yeah/UH ./.,,
sw10utt/sw_1068_2834.utt,2/sw2834,2834,317,+,B,217,1,"# with # the good old boys,","with/IN the/DT good/JJ old/JJ boys/NNS ,/,",,
sw10utt/sw_1068_2834.utt,2/sw2834,2834,318,b,A,218,1,# Right. # /,Right/UH ./.,,
sw10utt/sw_1068_2834.utt,2/sw2834,2834,319,+,B,219,1,"# here # in Texas sort of thing,","here/RB in/IN Texas/NNP sort/NN of/IN thing/NN ,/,",,
sw10utt/sw_1068_2834.utt,2/sw2834,2834,320,b,A,220,1,# Right. # /,Right/UH ./.,,
sw10utt/sw_1068_2834.utt,2/sw2834,2834,321,+,B,221,1,# making # career moves  /,making/VBG career/NN moves/NNS,,
sw10utt/sw_1068_2834.utt,2/sw2834,2834,322,sv,B,221,2,"{C but, }","but/CC ,/,",,
sw10utt/sw_1068_2834.utt,2/sw2834,2834,323,b,A,222,1,Right. /,Right/UH ./.,,
sw10utt/sw_1068_2834.utt,2/sw2834,2834,324,+,B,223,1,"{F Uh, } {D you know, } in terms of women staying home and being appreciated for their talents, {F uh, } it's just like the way [ it, + it ] has been for years.","Uh/UH ,/, you/PRP know/VBP ,/, in/IN terms/NNS of/IN women/NNS staying/VBG home/RB and/CC being/VBG appreciated/VBN for/IN their/PRP$ talents/NNS ,/, uh/UH ,/, it/PRP 's/BES just/RB like/IN the/DT way/NN it/PRP ,/, it/PRP has/VBZ been/VBN for/IN years/NNS ./.",,
sw10utt/sw_1068_2834.utt,2/sw2834,2834,325,b,A,224,1,Uh-huh. /,Uh-huh/UH ./.,,
sw10utt/sw_1068_2834.utt,2/sw2834,2834,326,+,B,225,1,"{E I mean, } {D you know, } since the days of the pioneers, around here. /","I/PRP mean/VBP ,/, you/PRP know/VBP ,/, since/IN the/DT days/NNS of/IN the/DT pioneers/NNS ,/, around/IN here/RB ./.",,
sw10utt/sw_1068_2834.utt,2/sw2834,2834,327,b,A,226,1,"<Laughter>  Yeah,  /","Yeah/UH ,/,",,
sw10utt/sw_1068_2834.utt,2/sw2834,2834,328,b^r,A,226,2,yeah. /,yeah/UH ./.,,
sw10utt/sw_1068_2834.utt,2/sw2834,2834,329,sv,B,227,1,"That's the woman's role, /","That/DT 's/BES the/DT woman/NN 's/POS role/NN ,/,",,
sw10utt/sw_1068_2834.utt,2/sw2834,2834,330,ba,A,228,1,# Yes.  # /,Yes/UH ./.,,
sw10utt/sw_1068_2834.utt,2/sw2834,2834,331,sv,B,229,1,"# [ {C and } #  it, + {C and } it's ] hard for her to, {F uh, } {D you know, }  (( watch ))  her peers be appreciated, I think sometimes,  /","and/CC it/PRP ,/, and/CC it/PRP 's/BES hard/JJ for/IN her/PRP$ to/TO ,/, uh/UH ,/, you/PRP know/VBP ,/, watch/VB her/PRP$ peers/NNS be/VB appreciated/JJ ,/, I/PRP think/VBP sometimes/RB ,/,",,
sw10utt/sw_1068_2834.utt,2/sw2834,2834,332,h,B,229,2,"{C but } then I'm not there,  /","but/CC then/RB I/PRP 'm/VBP not/RB there/RB ,/,",,
sw10utt/sw_1068_2834.utt,2/sw2834,2834,333,h,B,229,3,{C so } I don't know that. /,so/RB I/PRP do/VBP n't/RB know/VB that/DT ./.,,
sw10utt/sw_1068_2834.utt,2/sw2834,2834,334,b,A,230,1,"Yeah,  /","Yeah/UH ,/,",,
sw10utt/sw_1068_2834.utt,2/sw2834,2834,335,b^r,A,230,2,yeah. /,yeah/UH ./.,,
sw10utt/sw_1068_2834.utt,2/sw2834,2834,336,sd,B,231,1,{C And } I have women that do both  /,And/CC I/PRP have/VBP women/NNS that/WDT do/VBP both/DT,,
sw10utt/sw_1068_2834.utt,2/sw2834,2834,337,sd,B,231,2,"{C and } I see a little jealousy on the part of, {D you know, } the woman what has two little boys  /","and/CC I/PRP see/VBP a/DT little/JJ jealousy/NN on/IN the/DT part/NN of/IN ,/, you/PRP know/VBP ,/, the/DT woman/NN what/^WDT has/VBZ two/CD  little/JJ boys/NNS",,
sw10utt/sw_1068_2834.utt,2/sw2834,2834,338,sd,B,231,3,"[ {C and, } + {C and } ] she has an au pair, which is a live-in college kid working for her  /","and/CC ,/, and/CC she/PRP has/VBZ an/DT au/FW pair/FW ,/, which/WDT is/VBZ a/DT live-in/JJ college/NN kid/NN working/VBG for/IN her/PRP$",,
sw10utt/sw_1068_2834.utt,2/sw2834,2834,339,sd,B,231,4,{C and then } she has her business in the back -- /,and/CC then/RB she/PRP has/VBZ her/PRP$ business/NN in/IN the/DT back/NN --/:,,
sw10utt/sw_1068_2834.utt,2/sw2834,2834,340,%,A,232,1,{F Uh. } /,Uh/UH ./.,,
sw10utt/sw_1068_2834.utt,2/sw2834,2834,341,sd,B,233,1,"-- {C and then } my other girlfriend that has, {D you know, } just runs the whole household herself and just has two kids and goes crazy,","--/: and/CC then/RB my/PRP$ other/JJ girlfriend/NN that/WDT has/VBZ ,/, you/PRP know/VBP ,/, just/RB runs/VBZ the/DT whole/JJ household/NN herself/PRP and/CC just/RB has/VBZ two/CD kids/NNS and/CC goes/VBZ crazy/JJ ,/,",,
sw10utt/sw_1068_2834.utt,2/sw2834,2834,342,b,A,234,1,"# Uh-huh,  /","Uh-huh/UH ,/,",,
sw10utt/sw_1068_2834.utt,2/sw2834,2834,343,b^r,A,234,2,"uh-huh,  /","uh-huh/UH ,/,",,
sw10utt/sw_1068_2834.utt,2/sw2834,2834,344,b^r,A,234,3,uh-huh. # /,uh-huh/UH ./.,,
sw10utt/sw_1068_2834.utt,2/sw2834,2834,345,+,B,235,1,# all the time.  /,all/PDT the/DT time/NN ./.,,
sw10utt/sw_1068_2834.utt,2/sw2834,2834,346,sd,B,235,2,# {C And so } I see I little bit of that  /,And/CC so/RB I/PRP see/VBP I/^DT little/JJ bit/NN  of/IN that/DT,,
sw10utt/sw_1068_2834.utt,2/sw2834,2834,347,sv,B,235,3,"{C and } I always wish there was a balance, {D you know, }","and/CC I/PRP always/RB wish/VBP there/EX was/VBD a/DT balance/NN ,/, you/PRP know/VBP ,/,",,
sw10utt/sw_1068_2834.utt,2/sw2834,2834,348,b,A,236,1,# Uh-huh. # /,Uh-huh/UH ./.,,
sw10utt/sw_1068_2834.utt,2/sw2834,2834,349,+,B,237,1,"# with # the one [ and, + and ] wish she could spend more time with her kids  /","with/IN the/DT one/CD and/CC ,/, and/CC wish/VBP she/PRP could/MD spend/VB more/JJR time/NN with/IN her/PRP$ kids/NNS",,
sw10utt/sw_1068_2834.utt,2/sw2834,2834,350,sd,B,237,2,"{C and } the other gal I wish she could just get out of Dodge,","and/CC the/DT other/JJ gal/NN I/PRP wish/VBP she/PRP could/MD just/RB get/VB out/IN of/IN Dodge/NNP ,/,",,
sw10utt/sw_1068_2834.utt,2/sw2834,2834,351,b,A,238,1,# Right. # /,Right/UH ./.,,
sw10utt/sw_1068_2834.utt,2/sw2834,2834,352,+,B,239,1,# for # a while <laughter>. /,for/IN a/DT while/NN ./.,,
sw10utt/sw_1068_2834.utt,2/sw2834,2834,353,sd,A,240,1,"{C But } they're both, -/","But/CC they/PRP 're/VBP both/DT ,/,",,
sw10utt/sw_1068_2834.utt,2/sw2834,2834,354,^2,B,241,1,Get some peace and quiet. /,Get/VB some/DT peace/NN and/CC quiet/JJ ./.,,
sw10utt/sw_1068_2834.utt,2/sw2834,2834,355,aa,A,242,1,"Yeah,  /","Yeah/UH ,/,",,
sw10utt/sw_1068_2834.utt,2/sw2834,2834,356,sd,A,242,2,"they're both different people, too.  /","they/PRP 're/VBP both/DT different/JJ people/NNS ,/, too/RB ./.",,
sw10utt/sw_1068_2834.utt,2/sw2834,2834,357,sv,A,242,3,"[ That's, +","That/DT 's/BES ,/,",,
sw10utt/sw_1068_2834.utt,2/sw2834,2834,358,b,B,243,1,"Yeah,  /","Yeah/UH ,/,",,
sw10utt/sw_1068_2834.utt,2/sw2834,2834,359,ba,B,243,2,"definitely,  /","definitely/UH ,/,",,
sw10utt/sw_1068_2834.utt,2/sw2834,2834,360,aa,B,243,3,{C so. }  You're right about that. /,so/RB ./. You/PRP 're/VBP right/JJ about/IN that/DT ./.,,
sw10utt/sw_1068_2834.utt,2/sw2834,2834,361,+,A,244,1,That's ] where the trouble lies. /,That/DT 's/BES where/WRB the/DT trouble/NN lies/VBZ ./.,,
sw10utt/sw_1068_2834.utt,2/sw2834,2834,362,b,B,245,1,Yeah. /,Yeah/UH ./.,,
sw10utt/sw_1068_2834.utt,2/sw2834,2834,363,sv,A,246,1,"[ Some people, + some people ] can adjust and have both, do both well, /","Some/DT people/NNS ,/, some/DT people/NNS can/MD adjust/VB and/CC have/VB both/DT ,/, do/VB both/DT well/RB ,/,",,
sw10utt/sw_1068_2834.utt,2/sw2834,2834,364,%,B,247,1,"# {C And } that's, # -/","And/CC that/DT 's/BES ,/,",,
sw10utt/sw_1068_2834.utt,2/sw2834,2834,365,sv,A,248,1,# {C and } others # can't. /,and/CC others/NNS ca/MD n't/RB ./.,,
sw10utt/sw_1068_2834.utt,2/sw2834,2834,366,ba,B,249,1,That's true.  /,That/DT 's/BES true/JJ ./.,,
sw10utt/sw_1068_2834.utt,2/sw2834,2834,367,ba,B,249,2,That's so true.  /,That/DT 's/BES so/RB true/JJ ./.,,
sw10utt/sw_1068_2834.utt,2/sw2834,2834,368,qo,B,249,3,"[ How, + how ] did your daughter do it? /","How/WRB ,/, how/WRB did/VBD your/PRP$ daughter/NN do/VB it/PRP ?/.",,
sw10utt/sw_1068_2834.utt,2/sw2834,2834,369,sd,A,250,1,"{F Uh, } {D well, } {F uh, } I have one daughter that works full-time.  /","Uh/UH ,/, well/UH ,/, uh/UH ,/, I/PRP have/VBP one/CD daughter/NN that/WDT works/VBZ full-time/JJ ./.",,
sw10utt/sw_1068_2834.utt,2/sw2834,2834,370,sd,A,250,2,She has two little boys. /,She/PRP has/VBZ two/CD little/JJ boys/NNS ./.,,
sw10utt/sw_1068_2834.utt,2/sw2834,2834,371,b,B,251,1,Uh-huh. /,Uh-huh/UH ./.,,
sw10utt/sw_1068_2834.utt,2/sw2834,2834,372,sd,A,252,1,"{C And, } they seem to do fine.  /","And/CC ,/, they/PRP seem/VBP to/TO do/VB fine/RB ./.",,
sw10utt/sw_1068_2834.utt,2/sw2834,2834,373,sd,A,252,2,"She [ has been talk-, + has talked ] about quitting, {D you know, } and staying home for a few years.  /","She/PRP has/VBZ been/VBN talk/VBG ,/, has/VBZ talked/VBN about/IN quitting/VBG ,/, you/PRP know/VBP ,/, and/CC staying/VBG home/RB for/IN a/DT few/JJ years/NNS ./.",,
sw10utt/sw_1068_2834.utt,2/sw2834,2834,374,sd,A,252,3,"{C But } then, it's real hard because she's got an excellent job. /","But/CC then/RB ,/, it/PRP 's/BES real/RB hard/JJ because/IN she/PRP 's/HVS got/VBN an/DT excellent/JJ job/NN ./.",,
sw10utt/sw_1068_2834.utt,2/sw2834,2834,375,b,B,253,1,Right. /,Right/UH ./.,,
sw10utt/sw_1068_2834.utt,2/sw2834,2834,376,%,A,254,1,{F Uh. } /,Uh/UH ./.,,
