swda_filename,ptb_basename,conversation_no,transcript_index,act_tag,caller,utterance_index,subutterance_index,text,pos,trees,ptb_treenumbers
sw10utt/sw_1047_2754.utt,2/sw2754,2754,0,o,A,1,1,Okay. /,Okay/UH ./.,,
sw10utt/sw_1047_2754.utt,2/sw2754,2754,1,o,B,2,1,Okay.  /,Okay/UH ./.,,
sw10utt/sw_1047_2754.utt,2/sw2754,2754,2,sd,B,2,2,"{D Well, } {F uh, } {D anyways, } I'm not exactly sure  /","Well/UH ,/, uh/UH ,/, anyways/UH ,/, I/PRP 'm/VBP not/RB exactly/RB sure/JJ",,
sw10utt/sw_1047_2754.utt,2/sw2754,2754,3,sd^t,B,2,3,"[ I, + I ] wasn't really, {F uh, } paying attention as to what particular, {F uh, } parts of capital punishment we're supposed to talk about,  /","I/PRP ,/, I/PRP was/VBD n't/RB really/RB ,/, uh/UH ,/, paying/VBG attention/NN as/IN to/IN what/WP particular/JJ ,/, uh/UH ,/, parts/NNS of/IN capital/NN punishment/NN we/PRP 're/VBP supposed/VBN to/TO talk/VB about/IN ,/,",,
sw10utt/sw_1047_2754.utt,2/sw2754,2754,4,qo^t,B,2,4,"{C but } it was, {F uh, } basically what's your views on, whether you thought there was certain cases that should be used, that sort of thing? /","but/CC it/PRP was/VBD ,/, uh/UH ,/, basically/RB what/WP 's/BES your/PRP$ views/NNS on/IN ,/, whether/IN you/PRP thought/VBD there/EX was/VBD certain/JJ cases/NNS that/WDT should/MD be/VB used/VBN ,/, that/DT sort/NN of/IN thing/NN ?/.",,
sw10utt/sw_1047_2754.utt,2/sw2754,2754,5,b,A,3,1,Yeah. /,Yeah/UH ./.,,
sw10utt/sw_1047_2754.utt,2/sw2754,2754,6,b,B,4,1,Right.  /,Right/UH ./.,,
sw10utt/sw_1047_2754.utt,2/sw2754,2754,7,h,B,4,2,"{C And, } {F uh, } I don't know,  /","And/CC ,/, uh/UH ,/, I/PRP do/VBP n't/RB know/VB ,/,",,
sw10utt/sw_1047_2754.utt,2/sw2754,2754,8,sv,B,4,3,"[ I've, + I've ] always thought that any, {F uh, } crime [ that, + {F uh, } that, ] {F uh, } intentionally where someone goes out and  premeditatively takes another life would be the ones where I think that capital punishment would be necessary to keep that person from perhaps, {F uh, } doing it again, and even more so to get people on the outside who are professionals to realize that, {D you know, } there's [ a, + a ] very steep penalty to, {F uh, } be paid --","I/PRP 've/VBP ,/, I/PRP 've/VBP always/RB thought/VBN that/IN any/DT ,/, uh/UH ,/, crime/NN that/WDT ,/, uh/UH ,/, that/WDT ,/, uh/UH ,/, intentionally/RB where/WRB someone/NN goes/VBZ out/RB and/CC premeditatively/RB takes/VBZ another/DT life/NN would/MD be/VB the/DT ones/NNS where/WRB I/PRP think/VBP that/DT capital/NN punishment/NN would/MD be/VB necessary/JJ to/TO keep/VB that/DT person/NN from/IN perhaps/RB ,/, uh/UH ,/, doing/VBG it/PRP again/RB ,/, and/CC even/RB more/RBR so/RB to/TO get/VB people/NNS on/IN the/DT outside/NN who/WP are/VBP professionals/NNS to/TO realize/VB that/IN ,/, you/PRP know/VBP ,/, there/EX 's/BES a/DT ,/, a/DT very/RB steep/JJ penalty/NN to/TO ,/, uh/UH ,/, be/VB paid/VBN --/:",,
sw10utt/sw_1047_2754.utt,2/sw2754,2754,9,b,A,5,1,Uh-huh. /,Uh-huh/UH ./.,,
sw10utt/sw_1047_2754.utt,2/sw2754,2754,10,+,B,6,1,"-- when that's done,  /","--/: when/WRB that/DT 's/BES done/VBN ,/,",,
sw10utt/sw_1047_2754.utt,2/sw2754,2754,11,%,B,6,2,"{C and, } {F uh. }  Yeah,  /","and/CC ,/, uh/UH ./. Yeah/UH ,/,",,
sw10utt/sw_1047_2754.utt,2/sw2754,2754,12,qo,B,6,3,how do you feel about it? /,how/WRB do/VBP you/PRP feel/VB about/IN it/PRP ?/.,,
sw10utt/sw_1047_2754.utt,2/sw2754,2754,13,sd,A,7,1,"{F Uh, } I believe in it, too <laughter>. /","Uh/UH ,/, I/PRP believe/VBP in/IN it/PRP ,/, too/RB ./.",,
sw10utt/sw_1047_2754.utt,2/sw2754,2754,14,b,B,8,1,Uh-huh. /,Uh-huh/UH ./.,,
sw10utt/sw_1047_2754.utt,2/sw2754,2754,15,sd,A,9,1,I'm Catholic  /,I/PRP 'm/VBP Catholic/NNP,,
sw10utt/sw_1047_2754.utt,2/sw2754,2754,16,sd,A,9,2,"{C and } we're not supposed to,  /","and/CC we/PRP 're/VBP not/RB supposed/VBN to/TO ,/,",,
sw10utt/sw_1047_2754.utt,2/sw2754,2754,17,%,A,9,3,"{C but, } {F uh, } I feel that it, - /","but/CC ,/, uh/UH ,/, I/PRP feel/VBP that/IN it/PRP ,/,",,
sw10utt/sw_1047_2754.utt,2/sw2754,2754,18,%,A,9,4,"like you, - /","like/IN you/PRP ,/,",,
sw10utt/sw_1047_2754.utt,2/sw2754,2754,19,sv,A,9,5,"{D you know, } on the premeditated murders I feel [ if you're, + {D you know, } {E I mean, } if ] it's beyond a doubt that you did it, {D you know } --","you/PRP know/VBP ,/, on/IN the/DT premeditated/JJ murders/NNS I/PRP feel/VBP if/IN you/PRP 're/VBP ,/, you/PRP know/VBP ,/, I/PRP mean/VBP ,/, if/IN it/PRP 's/BES beyond/IN a/DT doubt/NN that/IN you/PRP did/VBD it/PRP ,/, you/PRP know/VBP --/:",,
sw10utt/sw_1047_2754.utt,2/sw2754,2754,20,b,B,10,1,Uh-huh. /,Uh-huh/UH ./.,,
sw10utt/sw_1047_2754.utt,2/sw2754,2754,21,+,A,11,1,-- I would say go ahead and execute that person as well. /,--/: I/PRP would/MD say/VB go/VB ahead/RB and/CC execute/VB that/DT person/NN as/IN well/RB ./.,,
sw10utt/sw_1047_2754.utt,2/sw2754,2754,22,b,B,12,1,Uh-huh. /,Uh-huh/UH ./.,,
sw10utt/sw_1047_2754.utt,2/sw2754,2754,23,sv,A,13,1,"{C But, } it's the cases, {D you know, } like sometimes you, {D you know, } you hear of people that they say they went to jail falsely, {D you know, }  /","But/CC ,/, it/PRP 's/BES the/DT cases/NNS ,/, you/PRP know/VBP ,/, like/IN sometimes/RB you/PRP ,/, you/PRP know/VBP ,/, you/PRP hear/VBP of/IN people/NNS that/WDT they/PRP say/VBP they/PRP went/VBD to/IN jail/NN falsely/RB ,/, you/PRP know/VBP ,/,",,
sw10utt/sw_1047_2754.utt,2/sw2754,2754,24,sv,A,13,2,they really didn't do it.  /,they/PRP really/RB did/VBD n't/RB do/VB it/PRP ./.,,
sw10utt/sw_1047_2754.utt,2/sw2754,2754,25,qh,A,13,3,"{D Well, } {D you know, } [ [ you, + you ] got, + you got ] that point well, [ h-, + ] {D you know, } [ what, + what ] if a mistake is made and you put someone, {D you know, } to death that really didn't do it. /","Well/UH ,/, you/PRP know/VBP ,/, you/PRP ,/, you/PRP got/VBD ,/, you/PRP got/VBD that/DT point/NN well/RB ,/, h-/XX ,/, you/PRP know/VBP ,/, what/WP ,/, what/WP if/IN a/DT mistake/NN is/VBZ made/VBN and/CC you/PRP put/VBD someone/NN ,/, you/PRP know/VBP ,/, to/IN death/NN that/WDT really/RB did/VBD n't/RB do/VB it/PRP ./.",,
sw10utt/sw_1047_2754.utt,2/sw2754,2754,26,b,B,14,1,"Right,  /","Right/UH ,/,",,
sw10utt/sw_1047_2754.utt,2/sw2754,2754,27,aa,B,14,2,exactly. /,exactly/UH ./.,,
sw10utt/sw_1047_2754.utt,2/sw2754,2754,28,sv,A,15,1,"There's always that chance,  /","There/EX 's/BES always/RB that/DT chance/NN ,/,",,
sw10utt/sw_1047_2754.utt,2/sw2754,2754,29,h,A,15,2,"I don't know,  /","I/PRP do/VBP n't/RB know/VB ,/,",,
sw10utt/sw_1047_2754.utt,2/sw2754,2754,30,sv,A,15,3,"{C but, } I would say that, {D you know, } for that many people to all of them agree that you did it and it was premeditated, it would be kind of hard for, {D you know, } -/","but/CC ,/, I/PRP would/MD say/VB that/IN ,/, you/PRP know/VBP ,/, for/IN that/DT many/JJ people/NNS to/IN all/DT of/IN them/PRP agree/VB that/IN you/PRP did/VBD it/PRP and/CC it/PRP was/VBD premeditated/JJ ,/, it/PRP would/MD be/VB kind/RB of/RB hard/JJ for/IN ,/, you/PRP know/VBP ,/,",,
sw10utt/sw_1047_2754.utt,2/sw2754,2754,31,b,B,16,1,Uh-huh. /,Uh-huh/UH ./.,,
sw10utt/sw_1047_2754.utt,2/sw2754,2754,32,qy^d,A,17,1,You know what I'm saying?  /,You/PRP know/VBP what/WP I/PRP 'm/VBP saying/VBG ?/.,,
sw10utt/sw_1047_2754.utt,2/sw2754,2754,33,%,A,17,2,"{D Like, } -/","Like/IN ,/,",,
sw10utt/sw_1047_2754.utt,2/sw2754,2754,34,b,B,18,1,Right.  /,Right/UH ./.,,
sw10utt/sw_1047_2754.utt,2/sw2754,2754,35,qy,B,18,2,"[ If, + if ] the  ((   ))  evidence wasn't overwhelming, right? /","If/IN ,/, if/IN the/DT MUMBLEx/XX evidence/NN was/VBD n't/RB overwhelming/JJ ,/, right/UH ?/.",,
sw10utt/sw_1047_2754.utt,2/sw2754,2754,36,b,A,19,1,Yeah. /,Yeah/UH ./.,,
sw10utt/sw_1047_2754.utt,2/sw2754,2754,37,b,B,20,1,Uh-huh. /,Uh-huh/UH ./.,,
sw10utt/sw_1047_2754.utt,2/sw2754,2754,38,%,A,21,1,"{C So, } {F uh, } I, -/","So/RB ,/, uh/UH ,/, I/PRP ,/,",,
sw10utt/sw_1047_2754.utt,2/sw2754,2754,39,sv,B,22,1,"{D Well, } I think that should be likewise decided by the jury, {D you know, } because, I don't know, I think a jury would be less likely to just send a man to death just for, any reason, /","Well/UH ,/, I/PRP think/VBP that/DT should/MD be/VB likewise/RB decided/VBN by/IN the/DT jury/NN ,/, you/PRP know/VBP ,/, because/IN ,/, I/PRP do/VBP n't/RB know/VB ,/, I/PRP think/VBP a/DT jury/NN would/MD be/VB less/RBR likely/JJ to/TO just/RB send/VB a/DT man/NN to/IN death/NN just/RB for/IN ,/, any/DT reason/NN ,/,",,
sw10utt/sw_1047_2754.utt,2/sw2754,2754,40,b,A,23,1,# Uh-huh. # /,Uh-huh/UH ./.,,
sw10utt/sw_1047_2754.utt,2/sw2754,2754,41,sv,B,24,1,# I # don't know a judge might be a little more cold-blooded about it. /,I/PRP do/VBP n't/RB know/VB a/DT judge/NN might/MD be/VB a/DT little/RB more/RBR cold-blooded/JJ about/IN it/PRP ./.,,
sw10utt/sw_1047_2754.utt,2/sw2754,2754,42,aa,A,25,1,Exactly.  /,Exactly/UH ./.,,
sw10utt/sw_1047_2754.utt,2/sw2754,2754,43,sd,A,25,2,"{F Uh, } I'm not sure about Pennsylvania, whether we have it or not.  /","Uh/UH ,/, I/PRP 'm/VBP not/RB sure/JJ about/IN Pennsylvania/NNP ,/, whether/IN we/PRP have/VBP it/PRP or/CC not/RB ./.",,
sw10utt/sw_1047_2754.utt,2/sw2754,2754,44,sd,A,25,3,"For some reason I was thinking that we do,  /","For/IN some/DT reason/NN I/PRP was/VBD thinking/VBG that/IN we/PRP do/VBP ,/,",,
sw10utt/sw_1047_2754.utt,2/sw2754,2754,45,sv,A,25,4,"{C but } [ it's, + {D you know, } it's ] not very often.  /","but/CC it/PRP 's/BES ,/, you/PRP know/VBP ,/, it/PRP 's/BES not/RB very/RB often/RB ./.",,
sw10utt/sw_1047_2754.utt,2/sw2754,2754,46,sv,A,25,5,"I think maybe last year was the first time in like eighteen years or  something like that, that [ anyone + --","I/PRP think/VBP maybe/RB last/JJ year/NN was/VBD the/DT first/JJ time/NN in/IN like/IN eighteen/CD years/NNS or/CC something/NN like/IN that/DT ,/, that/DT anyone/NN --/:",,
sw10utt/sw_1047_2754.utt,2/sw2754,2754,47,b,B,26,1,"Yeah,  /","Yeah/UH ,/,",,
sw10utt/sw_1047_2754.utt,2/sw2754,2754,48,%,B,26,2,"I don't think we, -/","I/PRP do/VBP n't/RB think/VB we/PRP ,/,",,
sw10utt/sw_1047_2754.utt,2/sw2754,2754,49,+,A,27,1,-- anyone ] from Pennsylvania had gotten it.  /,--/: anyone/NN from/IN Pennsylvania/NNP had/VBD gotten/VBN it/PRP ./.,,
sw10utt/sw_1047_2754.utt,2/sw2754,2754,50,%,A,27,2,"I don't, - /","I/PRP do/VBP n't/RB ,/,",,
sw10utt/sw_1047_2754.utt,2/sw2754,2754,51,qy,A,27,3,do you know if Virginia has it? /,do/VBP you/PRP know/VB if/IN Virginia/NNP has/VBZ it/PRP ?/.,,
sw10utt/sw_1047_2754.utt,2/sw2754,2754,52,nn,B,28,1,"No,  /","No/UH ,/,",,
sw10utt/sw_1047_2754.utt,2/sw2754,2754,53,nn,B,28,2,huh-uh.  /,huh-uh/UH ./.,,
sw10utt/sw_1047_2754.utt,2/sw2754,2754,54,nn^r,B,28,3,No  /,No/UH,,
sw10utt/sw_1047_2754.utt,2/sw2754,2754,55,sd^e,B,28,4,we don't. /,we/PRP do/VBP n't/RB ./.,,
sw10utt/sw_1047_2754.utt,2/sw2754,2754,56,b,A,29,1,Uh-huh. /,Uh-huh/UH ./.,,
sw10utt/sw_1047_2754.utt,2/sw2754,2754,57,b,B,30,1,Yeah. /,Yeah/UH ./.,,
sw10utt/sw_1047_2754.utt,2/sw2754,2754,58,sd,A,31,1,I know Florida has it. /,I/PRP know/VBP Florida/NNP has/VBZ it/PRP ./.,,
sw10utt/sw_1047_2754.utt,2/sw2754,2754,59,b,B,32,1,Uh-huh.  /,Uh-huh/UH ./.,,
sw10utt/sw_1047_2754.utt,2/sw2754,2754,60,%,B,32,2,"{F Oh, } yeah  /","Oh/UH ,/, yeah/UH",,
sw10utt/sw_1047_2754.utt,2/sw2754,2754,61,sv,B,32,3,"<laughter>,",",/,",,
sw10utt/sw_1047_2754.utt,2/sw2754,2754,62,x,A,33,1,<Laughter>.,,,
sw10utt/sw_1047_2754.utt,2/sw2754,2754,63,sd,B,34,1,they're always  ((   ))  in Florida.  /,they/PRP 're/VBP always/RB MUMBLEx/XX in/IN Florida/NNP ./.,,
sw10utt/sw_1047_2754.utt,2/sw2754,2754,64,sv,B,34,2,"Florida and Louisiana, I think, and, {F uh, } some of the,","Florida/NNP and/CC Louisiana/NNP ,/, I/PRP think/VBP ,/, and/CC ,/, uh/UH ,/, some/DT of/IN the/DT ,/,",,
sw10utt/sw_1047_2754.utt,2/sw2754,2754,65,b,A,35,1,# Uh-huh. # /,Uh-huh/UH ./.,,
sw10utt/sw_1047_2754.utt,2/sw2754,2754,66,+,B,36,1,# other # southern states. /,other/JJ southern/JJ states/NNS ./.,,
sw10utt/sw_1047_2754.utt,2/sw2754,2754,67,b,A,37,1,Yeah. /,Yeah/UH ./.,,
sw10utt/sw_1047_2754.utt,2/sw2754,2754,68,sv,B,38,1,"Course they have such a crime problem because they have such a [ un-, + unemployment ] rate. /","Course/NN they/PRP have/VBP such/PDT a/DT crime/NN problem/NN because/IN they/PRP have/VBP such/PDT a/DT un-/NN ,/, unemployment/NN rate/NN ./.",,
sw10utt/sw_1047_2754.utt,2/sw2754,2754,69,b,A,39,1,"{F Uh, } {D you know, } -/","Uh/UH ,/, you/PRP know/VBP ,/,",,
sw10utt/sw_1047_2754.utt,2/sw2754,2754,70,sv,B,40,1,Get that unemployment way up  /,Get/VB that/DT unemployment/NN way/RB up/RP,,
sw10utt/sw_1047_2754.utt,2/sw2754,2754,71,sv,B,40,2,"{C so } then people, {D you know } tend towards crime,  /","so/RB then/RB people/NNS ,/, you/PRP know/VBP tend/VBP towards/IN crime/NN ,/,",,
sw10utt/sw_1047_2754.utt,2/sw2754,2754,72,sv,B,40,3,{C and then } [ they + <breathing> they ] start stiffening the penalties. /,and/CC then/RB they/PRP they/PRP start/VBP stiffening/VBG the/DT penalties/NNS ./.,,
sw10utt/sw_1047_2754.utt,2/sw2754,2754,73,b,A,41,1,Yeah.  /,Yeah/UH ./.,,
sw10utt/sw_1047_2754.utt,2/sw2754,2754,74,sv,A,41,2,"{C But } it's funny that, {F uh, } - /","But/CC it/PRP 's/BES funny/JJ that/IN ,/, uh/UH ,/,",,
sw10utt/sw_1047_2754.utt,2/sw2754,2754,75,sv,A,41,3,"{E I mean, } {D like, } {D you know, } {D like } I said I think last year was the first time in like eighteen years for Pennsylvania.  /","I/PRP mean/VBP ,/, like/IN ,/, you/PRP know/VBP ,/, like/IN I/PRP said/VBD I/PRP think/VBP last/JJ year/NN was/VBD the/DT first/JJ time/NN in/IN like/IN eighteen/CD years/NNS for/IN Pennsylvania/NNP ./.",,
sw10utt/sw_1047_2754.utt,2/sw2754,2754,76,h,A,41,4,"I'm not even sure of that,  /","I/PRP 'm/VBP not/RB even/RB sure/JJ of/IN that/DT ,/,",,
sw10utt/sw_1047_2754.utt,2/sw2754,2754,77,sd,A,41,5,"{C but } for some reason I think that, {D you know, } it was something like that.  /","but/CC for/IN some/DT reason/NN I/PRP think/VBP that/IN ,/, you/PRP know/VBP ,/, it/PRP was/VBD something/NN like/IN that/DT ./.",,
sw10utt/sw_1047_2754.utt,2/sw2754,2754,78,%,A,41,6,"{C And, } it surprised, - /","And/CC ,/, it/PRP surprised/VBD ,/,",,
sw10utt/sw_1047_2754.utt,2/sw2754,2754,79,sd,A,41,7,"{C and } even Florida, I know they have it,  /","and/CC even/RB Florida/NNP ,/, I/PRP know/VBP they/PRP have/VBP it/PRP ,/,",,
sw10utt/sw_1047_2754.utt,2/sw2754,2754,80,sv,A,41,8,"{C and } you don't really hear about it real often, how many people, -/","and/CC you/PRP do/VBP n't/RB really/RB hear/VB about/IN it/PRP real/RB often/RB ,/, how/WRB many/JJ people/NNS ,/,",,
sw10utt/sw_1047_2754.utt,2/sw2754,2754,81,sv,B,42,1,"{D Well, } in Florida seems like, {F uh, } two or three times a year.  /","Well/UH ,/, in/IN Florida/NNP seems/VBZ like/IN ,/, uh/UH ,/, two/CD or/CC three/CD times/NNS a/DT year/NN ./.",,
sw10utt/sw_1047_2754.utt,2/sw2754,2754,82,%,B,42,2,"It's constantly on the, -/","It/PRP 's/BES constantly/RB on/IN the/DT ,/,",,
sw10utt/sw_1047_2754.utt,2/sw2754,2754,83,b,A,43,1,"Yeah,  /","Yeah/UH ,/,",,
sw10utt/sw_1047_2754.utt,2/sw2754,2754,84,%,A,43,2,"{C but, } [ you, + you ] think that, - /","but/CC ,/, you/PRP ,/, you/PRP think/VBP that/IN ,/,",,
sw10utt/sw_1047_2754.utt,2/sw2754,2754,85,sv,A,43,3,"{E I mean } if you think of how many premeditated murders are committed,","I/PRP mean/VBP if/IN you/PRP think/VBP of/IN how/WRB many/JJ premeditated/JJ murders/NNS are/VBP committed/VBN ,/,",,
sw10utt/sw_1047_2754.utt,2/sw2754,2754,86,b,B,44,1,# Yeah. # /,Yeah/UH ./.,,
sw10utt/sw_1047_2754.utt,2/sw2754,2754,87,+,A,45,1,"# {D you # know, } compared to that and to how many people are being sent, that doesn't seem like very many. /","you/PRP know/VBP ,/, compared/VBN to/IN that/DT and/CC to/IN how/WRB many/JJ people/NNS are/VBP being/VBG sent/VBN ,/, that/DT does/VBZ n't/RB seem/VB like/IN very/RB many/JJ ./.",,
sw10utt/sw_1047_2754.utt,2/sw2754,2754,88,aa,B,46,1,"No,  /","No/UH ,/,",,
sw10utt/sw_1047_2754.utt,2/sw2754,2754,89,ba,B,46,2,that's true.  /,that/DT 's/BES true/JJ ./.,,
sw10utt/sw_1047_2754.utt,2/sw2754,2754,90,sd,B,46,3,"Course they have a requirement [ that, + {F uh, } that ] every single appeal must be permitted. /","Course/NN they/PRP have/VBP a/DT requirement/NN that/IN ,/, uh/UH ,/, that/IN every/DT single/JJ appeal/NN must/MD be/VB permitted/VBN ./.",,
sw10utt/sw_1047_2754.utt,2/sw2754,2754,91,b,A,47,1,Yeah. /,Yeah/UH ./.,,
sw10utt/sw_1047_2754.utt,2/sw2754,2754,92,sv,B,48,1,"{C So, } of course, [ the, + the ] attorneys,","So/RB ,/, of/IN course/NN ,/, the/DT ,/, the/DT attorneys/NNS ,/,",,
sw10utt/sw_1047_2754.utt,2/sw2754,2754,93,sv,A,49,1,# Everyone would appeal. # /,Everyone/NN would/MD appeal/VB ./.,,
sw10utt/sw_1047_2754.utt,2/sw2754,2754,94,+@,B,50,1,# take them through # the whole chain.,take/VBP them/PRP through/IN the/DT whole/JJ chain/NN ./.,,
sw10utt/sw_1047_2754.utt,2/sw2754,2754,95,ba,A,51,1,"That's true, too. /","That/DT 's/BES true/JJ ,/, too/RB ./.",,
sw10utt/sw_1047_2754.utt,2/sw2754,2754,96,+@,B,52,1,"{D You know, } even if the case is open and closed,  /","You/PRP know/VBP ,/, even/RB if/IN the/DT case/NN is/VBZ open/JJ and/CC closed/JJ ,/,",,
sw10utt/sw_1047_2754.utt,2/sw2754,2754,97,sv,B,52,2,"they go all the way up to the Supreme Court, {D you know. } /","they/PRP go/VBP all/PDT the/DT way/NN up/IN to/IN the/DT Supreme/NNP Court/NNP ,/, you/PRP know/VBP ./.",,
sw10utt/sw_1047_2754.utt,2/sw2754,2754,98,b,A,53,1,"Uh-huh,  /","Uh-huh/UH ,/,",,
sw10utt/sw_1047_2754.utt,2/sw2754,2754,99,b^r,A,53,2,uh-huh. /,uh-huh/UH ./.,,
sw10utt/sw_1047_2754.utt,2/sw2754,2754,100,sv,B,54,1,"They almost always get thrown right back out again,  /","They/PRP almost/RB always/RB get/VBP thrown/VBN right/RB back/RB out/RP again/RB ,/,",,
sw10utt/sw_1047_2754.utt,2/sw2754,2754,101,sv,B,54,2,{C but } they have to have every single appeal made open to them.  /,but/CC they/PRP have/VBP to/TO have/VB every/DT single/JJ appeal/NN made/VBD open/RB to/IN them/PRP ./.,,
sw10utt/sw_1047_2754.utt,2/sw2754,2754,102,sv@,B,54,3,"{C And, } {D you know, } it's sort of strange because [ it almost + <<pause>>, it almost ] seems like the attorneys are doing it for the money or something because, {E I mean, } the guy knows that, whether it's, {D you know, }  [ a, +  a ] month or two, or six years, he's still going to get, {D you know, } the chair when it comes around <laughter>.","And/CC ,/, you/PRP know/VBP ,/, it/PRP 's/BES sort/RB of/RB strange/JJ because/IN it/PRP almost/RB ,/, it/PRP almost/RB seems/VBZ like/IN the/DT attorneys/NNS are/VBP doing/VBG it/PRP for/IN the/DT money/NN or/CC something/NN because/IN ,/, I/PRP mean/VBP ,/, the/DT guy/NN knows/VBZ that/IN ,/, whether/IN it/PRP 's/BES ,/, you/PRP know/VBP ,/, a/DT ,/, a/DT month/NN or/CC two/CD ,/, or/CC six/CD years/NNS ,/, he/PRP 's/BES still/RB going/VBG to/TO get/VB ,/, you/PRP know/VBP ,/, the/DT chair/NN when/WRB it/PRP comes/VBZ around/RB ./.",,
sw10utt/sw_1047_2754.utt,2/sw2754,2754,103,b,A,55,1,Uh-huh. /,Uh-huh/UH ./.,,
sw10utt/sw_1047_2754.utt,2/sw2754,2754,104,+@,B,56,1,{D You know. } /,You/PRP know/VBP ./.,,
sw10utt/sw_1047_2754.utt,2/sw2754,2754,105,b,A,57,1,Yeah. /,Yeah/UH ./.,,
sw10utt/sw_1047_2754.utt,2/sw2754,2754,106,sv,B,58,1,"Some of these guys are really, {F uh, } {D you know, } violent Son of Sam killers and  stuff like that, {D you know. } /","Some/DT of/IN these/DT guys/NNS are/VBP really/RB ,/, uh/UH ,/, you/PRP know/VBP ,/, violent/JJ Son/NNP of/IN Sam/NNP killers/NNS and/CC stuff/NN like/IN that/DT ,/, you/PRP know/VBP ./.",,
sw10utt/sw_1047_2754.utt,2/sw2754,2754,107,b,A,59,1,"Yeah,  /","Yeah/UH ,/,",,
sw10utt/sw_1047_2754.utt,2/sw2754,2754,108,b,A,59,2,uh-huh. /,uh-huh/UH ./.,,
sw10utt/sw_1047_2754.utt,2/sw2754,2754,109,%,B,60,1,"{E I mean, } they, -/","I/PRP mean/VBP ,/, they/PRP ,/,",,
sw10utt/sw_1047_2754.utt,2/sw2754,2754,110,sv,A,61,1,# {C And then } they get out.  # /,And/CC then/RB they/PRP get/VBP out/RB ./.,,
sw10utt/sw_1047_2754.utt,2/sw2754,2754,111,sv,B,62,1,"# everyone knows they're [ going get, + # not going ] to get out. /","everyone/NN knows/VBZ they/PRP 're/VBP going/VBG get/VB ,/, not/RB going/VBG to/TO get/VB out/RB ./.",,
sw10utt/sw_1047_2754.utt,2/sw2754,2754,112,b,A,63,1,"Yeah,  /","Yeah/UH ,/,",,
sw10utt/sw_1047_2754.utt,2/sw2754,2754,113,sv,A,63,2,"they get out in three years on probation, /","they/PRP get/VBP out/RB in/IN three/CD years/NNS on/IN probation/NN ,/,",,
sw10utt/sw_1047_2754.utt,2/sw2754,2754,114,b,B,64,1,# Yeah. # /,Yeah/UH ./.,,
sw10utt/sw_1047_2754.utt,2/sw2754,2754,115,sv,A,65,1,"# {C and } # they do it again, {D you know. } /","and/CC they/PRP do/VBP it/PRP again/RB ,/, you/PRP know/VBP ./.",,
sw10utt/sw_1047_2754.utt,2/sw2754,2754,116,b,B,66,1,Uh-huh. /,Uh-huh/UH ./.,,
sw10utt/sw_1047_2754.utt,2/sw2754,2754,117,sv,A,67,1,It's like a slap on the fingers for them. /,It/PRP 's/BES like/IN a/DT slap/NN on/IN the/DT fingers/NNS for/IN them/PRP ./.,,
sw10utt/sw_1047_2754.utt,2/sw2754,2754,118,b,B,68,1,Uh-huh. /,Uh-huh/UH ./.,,
sw10utt/sw_1047_2754.utt,2/sw2754,2754,119,%,A,69,1,"[ [ I don't, + I don't, ] + [ e-, + ] [ e-, + ] I don't, ] - /","I/PRP do/VBP n't/RB ,/, I/PRP do/VBP n't/RB ,/, e-/XX ,/, e-/XX ,/, I/PRP do/VBP n't/RB ,/,",,
sw10utt/sw_1047_2754.utt,2/sw2754,2754,120,sv,A,69,2,"I think that it should be, - /","I/PRP think/VBP that/IN it/PRP should/MD be/VB ,/,",,
sw10utt/sw_1047_2754.utt,2/sw2754,2754,121,sv,A,69,3,"{E I mean } if it's beyond a doubt that someone did premeditate [ someone, + ] a murder, then I think, {D you know, } that [ they should likewise, + ] {D you know, } someone should take their life also.  /","I/PRP mean/VBP if/IN it/PRP 's/BES beyond/IN a/DT doubt/NN that/IN someone/NN did/VBD premeditate/VB someone/NN ,/, a/DT murder/NN ,/, then/RB I/PRP think/VBP ,/, you/PRP know/VBP ,/, that/IN they/PRP should/MD likewise/RB ,/, you/PRP know/VBP ,/, someone/NN should/MD take/VB their/PRP$ life/NN also/RB ./.",,
sw10utt/sw_1047_2754.utt,2/sw2754,2754,122,qy,A,69,4,"[ {C But, } + {F uh, } {C but, } ] [ [ are, + are ] you, + would you ] draw the line there with just the premeditated murder? /","But/CC ,/, uh/UH ,/, but/CC ,/, are/VBP ,/, are/VBP you/PRP ,/, would/MD you/PRP draw/VB the/DT line/NN there/RB with/IN just/RB the/DT premeditated/JJ murder/NN ?/.",,
sw10utt/sw_1047_2754.utt,2/sw2754,2754,123,na,B,70,1,I think so. /,I/PRP think/VBP so/RB ./.,,
sw10utt/sw_1047_2754.utt,2/sw2754,2754,124,b,A,71,1,Yeah. /,Yeah/UH ./.,,
sw10utt/sw_1047_2754.utt,2/sw2754,2754,125,sd,B,72,1,"{F Uh, } a lot of [ [ the, + the, ] + the ] other violent crimes I don't really feel that strongly about.  /","Uh/UH ,/, a/DT lot/NN of/IN the/DT ,/, the/DT ,/, the/DT other/JJ violent/JJ crimes/NNS I/PRP do/VBP n't/RB really/RB feel/VB that/RB strongly/RB about/IN ./.",,
sw10utt/sw_1047_2754.utt,2/sw2754,2754,126,sv,B,72,2,"Although, {D you know, } stiffer sentences and lessening the effects of parole, -/","Although/IN ,/, you/PRP know/VBP ,/, stiffer/JJR sentences/NNS and/CC lessening/VBG the/DT effects/NNS of/IN parole/NN ,/,",,
sw10utt/sw_1047_2754.utt,2/sw2754,2754,127,b,A,73,1,# Uh-huh. # /,Uh-huh/UH ./.,,
sw10utt/sw_1047_2754.utt,2/sw2754,2754,128,sv,B,74,1,"# {E I # mean, } these guys are certainly not going to, {F uh, } be, - /","I/PRP mean/VBP ,/, these/DT guys/NNS are/VBP certainly/RB not/RB going/VBG to/TO ,/, uh/UH ,/, be/VB ,/,",,
sw10utt/sw_1047_2754.utt,2/sw2754,2754,129,%,B,74,2,"they can't, - /","they/PRP ca/MD n't/RB ,/,",,
sw10utt/sw_1047_2754.utt,2/sw2754,2754,130,sd,B,74,3,{E I mean } they're getting into drugs and fights and all that stuff in prison.  /,I/PRP mean/VBP they/PRP 're/VBP getting/VBG into/IN drugs/NNS and/CC fights/NNS and/CC all/PDT that/DT stuff/NN in/IN prison/NN ./.,,
sw10utt/sw_1047_2754.utt,2/sw2754,2754,131,sv,B,74,4,I don't think the parole system is really helping that much <laughter>. /,I/PRP do/VBP n't/RB think/VB the/DT parole/NN system/NN is/VBZ really/RB helping/VBG that/RB much/JJ ./.,,
sw10utt/sw_1047_2754.utt,2/sw2754,2754,132,b,A,75,1,Yeah. /,Yeah/UH ./.,,
sw10utt/sw_1047_2754.utt,2/sw2754,2754,133,ad,B,76,1,Reduce the violence in the prisons.  /,Reduce/VB the/DT violence/NN in/IN the/DT prisons/NNS ./.,,
sw10utt/sw_1047_2754.utt,2/sw2754,2754,134,sv,B,76,2,I think that's its only purpose --,I/PRP think/VBP that/DT 's/BES its/PRP$ only/JJ purpose/NN --/:,,
sw10utt/sw_1047_2754.utt,2/sw2754,2754,135,b,A,77,1,Uh-huh. /,Uh-huh/UH ./.,,
sw10utt/sw_1047_2754.utt,2/sw2754,2754,136,+,B,78,1,"-- [ is, + is, ] {D you know, } to reduce, {F uh, } the violence in the prisons so people behave themselves a little bit better if they think they're going to get [ off early. +","--/: is/VBZ ,/, is/VBZ ,/, you/PRP know/VBP ,/, to/TO reduce/VB ,/, uh/UH ,/, the/DT violence/NN in/IN the/DT prisons/NNS so/IN people/NNS behave/VBP themselves/PRP a/DT little/JJ bit/NN better/RBR if/IN they/PRP think/VBP they/PRP 're/VBP going/VBG to/TO get/VB off/RP early/JJ ./.",,
sw10utt/sw_1047_2754.utt,2/sw2754,2754,137,b,A,79,1,Yeah. /,Yeah/UH ./.,,
sw10utt/sw_1047_2754.utt,2/sw2754,2754,138,+,B,80,1,Off earlier. ]  /,Off/RP earlier/RBR ./.,,
sw10utt/sw_1047_2754.utt,2/sw2754,2754,139,sv,B,80,2,"{C But } some of these guys just don't care,","But/CC some/DT of/IN these/DT guys/NNS just/RB do/VBP n't/RB care/VB ,/,",,
sw10utt/sw_1047_2754.utt,2/sw2754,2754,140,x,A,81,1,# <Laughter>.  #,,,
sw10utt/sw_1047_2754.utt,2/sw2754,2754,141,+,B,82,1,# {D you # know.  /,you/PRP know/VBP ./.,,
sw10utt/sw_1047_2754.utt,2/sw2754,2754,142,%,B,82,2,"}  {C And so, } {F uh, } -/","And/CC so/RB ,/, uh/UH ,/,",,
sw10utt/sw_1047_2754.utt,2/sw2754,2754,143,sv,A,83,1,I think some of them would rather be in jail <laughter>. /,I/PRP think/VBP some/DT of/IN them/PRP would/MD rather/RB be/VB in/IN jail/NN ./.,,
sw10utt/sw_1047_2754.utt,2/sw2754,2754,144,b,B,84,1,"Yeah,  /","Yeah/UH ,/,",,
sw10utt/sw_1047_2754.utt,2/sw2754,2754,145,b,B,84,2,"right,  /","right/UH ,/,",,
sw10utt/sw_1047_2754.utt,2/sw2754,2754,146,b,B,84,3,uh-huh. /,uh-huh/UH ./.,,
sw10utt/sw_1047_2754.utt,2/sw2754,2754,147,b,A,85,1,Yeah.  /,Yeah/UH ./.,,
sw10utt/sw_1047_2754.utt,2/sw2754,2754,148,sv,A,85,2,They probably have it better in jail than what they would out in the streets. /,They/PRP probably/RB have/VBP it/PRP better/JJR in/IN jail/NN than/IN what/WP they/PRP would/MD out/IN in/IN the/DT streets/NNS ./.,,
sw10utt/sw_1047_2754.utt,2/sw2754,2754,149,sv,B,86,1,"{F Um, } that's possible I guess. /","Um/UH ,/, that/DT 's/BES possible/JJ I/PRP guess/VBP ./.",,
sw10utt/sw_1047_2754.utt,2/sw2754,2754,150,h,A,87,1,"I don't know,  {F uh, }  /","I/PRP do/VBP n't/RB know/VB ,/, uh/UH ,/,",,
sw10utt/sw_1047_2754.utt,2/sw2754,2754,151,^h,A,87,2,"I was just going to say something,  /","I/PRP was/VBD just/RB going/VBG to/TO say/VB something/NN ,/,",,
sw10utt/sw_1047_2754.utt,2/sw2754,2754,152,^h,A,87,3,I forgot what it was.  /,I/PRP forgot/VBD what/WP it/PRP was/VBD ./.,,
sw10utt/sw_1047_2754.utt,2/sw2754,2754,153,^h,A,87,4,"<<pause>> {F Oh, } I don't even remember what it was now. /","Oh/UH ,/, I/PRP do/VBP n't/RB even/RB remember/VB what/WP it/PRP was/VBD now/RB ./.",,
sw10utt/sw_1047_2754.utt,2/sw2754,2754,154,qw,B,88,1,"{F Um, } {D so } where do you live in Pennsylvania? /","Um/UH ,/, so/RB where/WRB do/VBP you/PRP live/VB in/IN Pennsylvania/NNP ?/.",,
sw10utt/sw_1047_2754.utt,2/sw2754,2754,155,sd,A,89,1,In Clarion.  /,In/IN Clarion/NNP ./.,,
sw10utt/sw_1047_2754.utt,2/sw2754,2754,156,sd,A,89,2,"{D Well, } I live in Butler,  /","Well/UH ,/, I/PRP live/VBP in/IN Butler/NNP ,/,",,
sw10utt/sw_1047_2754.utt,2/sw2754,2754,157,sd,A,89,3,"{C but } [ I'm at c-, + I'm at ] college.  /","but/CC I/PRP 'm/VBP at/IN c-/XX ,/, I/PRP 'm/VBP at/IN college/NN ./.",,
sw10utt/sw_1047_2754.utt,2/sw2754,2754,158,sd,A,89,4,I'm at Clarion University. /,I/PRP 'm/VBP at/IN Clarion/NNP University/NNP ./.,,
sw10utt/sw_1047_2754.utt,2/sw2754,2754,159,bk,B,90,1,"{F Oh, } okay.  /","Oh/UH ,/, okay/UH ./.",,
sw10utt/sw_1047_2754.utt,2/sw2754,2754,160,sd,B,90,2,I don't think I really know that. /,I/PRP do/VBP n't/RB think/VB I/PRP really/RB know/VBP that/DT ./.,,
sw10utt/sw_1047_2754.utt,2/sw2754,2754,161,b,A,91,1,Yeah  /,Yeah/UH,,
sw10utt/sw_1047_2754.utt,2/sw2754.pos,2754,162,x,A,91,2,<laughter>.,./.
sw10utt/sw_1047_2754.utt,2/sw2754,2754,163,%,B,92,1,"Because, {F uh, } {D you know, } - /","Because/IN ,/, uh/UH ,/, you/PRP know/VBP ,/,",,
sw10utt/sw_1047_2754.utt,2/sw2754,2754,164,sv,B,92,2,"that all depends, too, on where you are at.  /","that/DT all/RB depends/VBZ ,/, too/RB ,/, on/IN where/WRB you/PRP are/VBP at/IN ./.",,
sw10utt/sw_1047_2754.utt,2/sw2754,2754,165,sv,B,92,3,"That's, {F uh, } sort of interesting to get opinions as to where different parts of the country are.  Because the more grass root [ country, + {F uh, } parts of the country ] tend [ to, + to ] support capital punishment, where the places that are, {D you know, } less in contact with crime --","That/DT 's/BES ,/, uh/UH ,/, sort/RB of/RB interesting/JJ to/TO get/VB opinions/NNS as/IN to/IN where/WRB different/JJ parts/NNS of/IN the/DT country/NN are/VBP ./. Because/IN the/DT more/JJR grass/NN root/NN country/NN ,/, uh/UH ,/, parts/NNS of/IN the/DT country/NN tend/VBP to/TO ,/, to/TO support/VB capital/NN punishment/NN ,/, where/WRB the/DT places/NNS that/WDT are/VBP ,/, you/PRP know/VBP ,/, less/JJR in/IN contact/NN with/IN crime/NN --/:",,
sw10utt/sw_1047_2754.utt,2/sw2754,2754,166,b,A,93,1,Uh-huh. /,Uh-huh/UH ./.,,
sw10utt/sw_1047_2754.utt,2/sw2754,2754,167,+,B,94,1,"-- {D you know, }  [ the, +  the ] [ more, + more ] urban, {E I mean } less, -/","--/: you/PRP know/VBP ,/, the/DT ,/, the/DT more/JJR ,/, more/JJR urban/JJ ,/, I/PRP mean/VBP less/JJR ,/,",,
sw10utt/sw_1047_2754.utt,2/sw2754,2754,168,%,A,95,1,"{D See, } yeah,  /","See/UH ,/, yeah/UH ,/,",,
sw10utt/sw_1047_2754.utt,2/sw2754,2754,169,%,A,95,2,"okay,  /","okay/UH ,/,",,
sw10utt/sw_1047_2754.utt,2/sw2754,2754,170,%,A,95,3,"{D well, } {D see, } [ [ I'm, + I'm ] in kind, + I'm in kind, ] - /","well/UH ,/, see/UH ,/, I/PRP 'm/VBP ,/, I/PRP 'm/VBP in/IN kind/RB ,/, I/PRP 'm/VBP in/IN kind/RB ,/,",,
sw10utt/sw_1047_2754.utt,2/sw2754,2754,171,%,A,95,4,"okay, {F uh, }  /","okay/UH ,/, uh/UH ,/,",,
sw10utt/sw_1047_2754.utt,2/sw2754,2754,172,sd,A,95,5,we only have seven thousand students in the entire campus. /,we/PRP only/RB have/VBP seven/CD thousand/CD students/NNS in/IN the/DT entire/JJ campus/NN ./.,,
sw10utt/sw_1047_2754.utt,2/sw2754,2754,173,b,B,96,1,Uh-huh. /,Uh-huh/UH ./.,,
sw10utt/sw_1047_2754.utt,2/sw2754,2754,174,b,A,97,1,"Yeah,  /","Yeah/UH ,/,",,
sw10utt/sw_1047_2754.utt,2/sw2754,2754,175,sv,A,97,2,{C and } that would be pushing it.  /,and/CC that/DT would/MD be/VB pushing/VBG it/PRP ./.,,
sw10utt/sw_1047_2754.utt,2/sw2754,2754,176,sd,A,97,3,"{C So, } {E I mean } this is definitely a college town.  /","So/RB ,/, I/PRP mean/VBP this/DT is/VBZ definitely/RB a/DT college/NN town/NN ./.",,
sw10utt/sw_1047_2754.utt,2/sw2754,2754,177,sd,A,97,4,"{F Uh, } we're about two hours north of Pittsburgh if that would help you out any.  {F Uh, } /","Uh/UH ,/, we/PRP 're/VBP about/RB two/CD hours/NNS north/RB of/IN Pittsburgh/NNP if/IN that/DT would/MD help/VB you/PRP out/RP any/DT ./. Uh/UH ,/,",,
sw10utt/sw_1047_2754.utt,2/sw2754,2754,178,br,B,98,1,Two hours where? /,Two/CD hours/NNS where/WRB ?/.,,
sw10utt/sw_1047_2754.utt,2/sw2754,2754,179,sd,A,99,1,"North of Pittsburgh, Pennsylvania. /","North/RB of/IN Pittsburgh/NNP ,/, Pennsylvania/NNP ./.",,
sw10utt/sw_1047_2754.utt,2/sw2754,2754,180,bk,B,100,1,"{F Oh, } okay.  /","Oh/UH ,/, okay/UH ./.",,
sw10utt/sw_1047_2754.utt,2/sw2754,2754,181,qy,B,100,2,Near Polk? /,Near/IN Polk/NNP ?/.,,
sw10utt/sw_1047_2754.utt,2/sw2754,2754,182,no,A,101,1,"{F Oh, } I've never heard of Polk  /","Oh/UH ,/, I/PRP 've/VBP never/RB heard/VBN of/IN Polk/NNP",,
sw10utt/sw_1047_2754.utt,2/sw2754,2754,183,%,A,101,2,"{C but, } -/","but/CC ,/,",,
sw10utt/sw_1047_2754.utt,2/sw2754,2754,184,sd,B,102,1,Polk Institute.  /,Polk/NNP Institute/NNP ./.,,
sw10utt/sw_1047_2754.utt,2/sw2754,2754,185,sd,B,102,2,"It's, {F uh, } an old, {F uh, } university that turned into a place for the mentally retarded.  {F Uh, } /","It/PRP 's/BES ,/, uh/UH ,/, an/DT old/JJ ,/, uh/UH ,/, university/NN that/WDT turned/VBN into/IN a/DT place/NN for/IN the/DT mentally/RB retarded/JJ ./. Uh/UH ,/,",,
sw10utt/sw_1047_2754.utt,2/sw2754,2754,186,sd,A,103,1,"{F Oh, } I never heard of that. /","Oh/UH ,/, I/PRP never/RB heard/VBD of/IN that/DT ./.",,
sw10utt/sw_1047_2754.utt,2/sw2754,2754,187,sd,B,104,1,"Very old, {F uh, } historical place there. /","Very/RB old/JJ ,/, uh/UH ,/, historical/JJ place/NN there/RB ./.",,
sw10utt/sw_1047_2754.utt,2/sw2754,2754,188,sd,A,105,1,It might have a new name. /,It/PRP might/MD have/VB a/DT new/JJ name/NN ./.,,
sw10utt/sw_1047_2754.utt,2/sw2754,2754,189,sd,B,106,1,"Sharon, Pennsylvania's up there. /","Sharon/NNP ,/, Pennsylvania/NNP 's/BES up/IN there/RB ./.",,
sw10utt/sw_1047_2754.utt,2/sw2754,2754,190,b,A,107,1,"Yeah,  /","Yeah/UH ,/,",,
sw10utt/sw_1047_2754.utt,2/sw2754,2754,191,b^r,A,107,2,yeah. /,yeah/UH ./.,,
sw10utt/sw_1047_2754.utt,2/sw2754,2754,192,b,B,108,1,Yeah. /,Yeah/UH ./.,,
sw10utt/sw_1047_2754.utt,2/sw2754,2754,193,sd,A,109,1,We're probably about an hour away from Sharon. /,We/PRP 're/VBP probably/RB about/RB an/DT hour/NN away/RB from/IN Sharon/NNP ./.,,
sw10utt/sw_1047_2754.utt,2/sw2754,2754,194,b,B,110,1,"{F Oh, } okay. /","Oh/UH ,/, okay/UH ./.",,
sw10utt/sw_1047_2754.utt,2/sw2754,2754,195,b,A,111,1,Uh-huh.  /,Uh-huh/UH ./.,,
sw10utt/sw_1047_2754.utt,2/sw2754,2754,196,%,A,111,2,"{F Uh, } {C so, } I, - /","Uh/UH ,/, so/RB ,/, I/PRP ,/,",,
sw10utt/sw_1047_2754.utt,2/sw2754,2754,197,%,A,111,3,"most of the kids here, I, {D you know, } - /","most/JJS of/IN the/DT kids/NNS here/RB ,/, I/PRP ,/, you/PRP know/VBP ,/,",,
sw10utt/sw_1047_2754.utt,2/sw2754,2754,198,sd,A,111,4,"{D like, } {D you know, } just from dorm mates and stuff, they'll say that they don't believe in it,  /","like/IN ,/, you/PRP know/VBP ,/, just/RB from/IN dorm/NN mates/NNS and/CC stuff/NN ,/, they/PRP 'll/MD say/VB that/IN they/PRP do/VBP n't/RB believe/VB in/IN it/PRP ,/,",,
sw10utt/sw_1047_2754.utt,2/sw2754,2754,199,sd,A,111,5,"{C but } then after I would say my point of view, then they'll say, {D well, } yeah,  /","but/CC then/RB after/IN I/PRP would/MD say/VB my/PRP$ point/NN of/IN view/NN ,/, then/RB they/PRP 'll/MD say/VB ,/, well/UH ,/, yeah/UH ,/,",,
sw10utt/sw_1047_2754.utt,2/sw2754,2754,200,%,A,111,6,"{D you know, } da-, {D you know. } -/","you/PRP know/VBP ,/, da-/XX ,/, you/PRP know/VBP ./.",,
sw10utt/sw_1047_2754.utt,2/sw2754,2754,201,^2,B,112,1,"In that case, maybe, {D you know. } /","In/IN that/DT case/NN ,/, maybe/RB ,/, you/PRP know/VBP ./.",,
sw10utt/sw_1047_2754.utt,2/sw2754,2754,202,aa,A,113,1,Yeah.  /,Yeah/UH ./.,,
sw10utt/sw_1047_2754.utt,2/sw2754,2754,203,sv,A,113,2,"{D You know, } I think people can be persuaded one way or another.  /","You/PRP know/VBP ,/, I/PRP think/VBP people/NNS can/MD be/VB persuaded/VBN one/CD way/NN or/CC another/DT ./.",,
sw10utt/sw_1047_2754.utt,2/sw2754,2754,204,sd,A,113,3,"I've never seriously ran into someone, {E I mean } {D like, } other than my priest, {D you know, } who definitely says [ you can't take a, + {D you know, } you can't take ] anyone's life.  /","I/PRP 've/VBP never/RB seriously/RB ran/VBN into/IN someone/NN ,/, I/PRP mean/VBP like/IN ,/, other/JJ than/IN my/PRP$ priest/NN ,/, you/PRP know/VBP ,/, who/WP definitely/RB says/VBZ you/PRP ca/MD n't/RB take/VB a/DT ,/, you/PRP know/VBP ,/, you/PRP ca/MD n't/RB take/VB anyone/NN 's/POS life/NN ./.",,
sw10utt/sw_1047_2754.utt,2/sw2754,2754,205,sv,A,113,4,"{F Uh, } anyone that is {D like } so against it that you couldn't persuade them in any instance. /","Uh/UH ,/, anyone/NN that/WDT is/VBZ like/UH so/RB against/IN it/PRP that/IN you/PRP could/MD n't/RB persuade/VB them/PRP in/IN any/DT instance/NN ./.",,
sw10utt/sw_1047_2754.utt,2/sw2754,2754,206,b,B,114,1,Right.  /,Right/UH ./.,,
sw10utt/sw_1047_2754.utt,2/sw2754,2754,207,ba,B,114,2,That's true.  /,That/DT 's/BES true/JJ ./.,,
sw10utt/sw_1047_2754.utt,2/sw2754,2754,208,b,B,114,3,"Yeah,  /","Yeah/UH ,/,",,
sw10utt/sw_1047_2754.utt,2/sw2754,2754,209,%,B,114,4,"{D well, } [ it, + it, ] {D you know, } - /","well/UH ,/, it/PRP ,/, it/PRP ,/, you/PRP know/VBP ,/,",,
sw10utt/sw_1047_2754.utt,2/sw2754,2754,210,sd,B,114,5,"you get certain circumstances where you hear about these people that have, {D you know, } stolen kids and, {D you know, }","you/PRP get/VBP certain/JJ circumstances/NNS where/WRB you/PRP hear/VBP about/IN these/DT people/NNS that/WDT have/VBP ,/, you/PRP know/VBP ,/, stolen/VBN kids/NNS and/CC ,/, you/PRP know/VBP ,/,",,
sw10utt/sw_1047_2754.utt,2/sw2754,2754,211,b,A,115,1,# Uh-huh. # /,Uh-huh/UH ./.,,
sw10utt/sw_1047_2754.utt,2/sw2754,2754,212,+,B,116,1,"# done # terrible things to them and killed them and, {D you know, } that sort of thing,  /","done/VBN terrible/JJ things/NNS to/IN them/PRP and/CC killed/VBN them/PRP and/CC ,/, you/PRP know/VBP ,/, that/DT sort/NN of/IN thing/NN ,/,",,
sw10utt/sw_1047_2754.utt,2/sw2754,2754,213,%,B,116,2,you just - /,you/PRP just/RB,,
sw10utt/sw_1047_2754.utt,2/sw2754,2754,214,sv(^q),B,116,3,"{D like, } I don't want that person sharing the Earth with me, {D you know, }  /","like/IN ,/, I/PRP do/VBP n't/RB want/VB that/DT person/NN sharing/VBG the/DT Earth/NN with/IN me/PRP ,/, you/PRP know/VBP ,/,",,
sw10utt/sw_1047_2754.utt,2/sw2754,2754,215,sv,B,116,4,"{E I mean, } that is just --","I/PRP mean/VBP ,/, that/DT is/VBZ just/RB --/:",,
sw10utt/sw_1047_2754.utt,2/sw2754,2754,216,ba,A,117,1,"Exac-, - /","Exac-/UH ,/,",,
sw10utt/sw_1047_2754.utt,2/sw2754,2754,217,b,A,117,2,yeah  /,yeah/UH,,
sw10utt/sw_1047_2754.utt,2/sw2754.pos,2754,218,x,A,117,3,<laughter>.,./.
sw10utt/sw_1047_2754.utt,2/sw2754,2754,219,+,B,118,1,-- terrible. /,--/: terrible/JJ ./.,,
sw10utt/sw_1047_2754.utt,2/sw2754,2754,220,b,A,119,1,Uh-huh. /,Uh-huh/UH ./.,,
sw10utt/sw_1047_2754.utt,2/sw2754,2754,221,sd,B,120,1,"{C And, } {F uh, } {D you know, } we had a case like that here  /","And/CC ,/, uh/UH ,/, you/PRP know/VBP ,/, we/PRP had/VBD a/DT case/NN like/IN that/DT here/RB",,
sw10utt/sw_1047_2754.utt,2/sw2754,2754,222,sd,B,120,2,"{C and, } on the other hand, {D you know, } people are saying that [ because the, + [ he knows, + ] because the ] criminals know that the, {F uh, } penalties can be very severe,  /","and/CC ,/, on/IN the/DT other/JJ hand/NN ,/, you/PRP know/VBP ,/, people/NNS are/VBP saying/VBG that/IN because/IN the/DT ,/, he/PRP knows/VBZ ,/, because/IN the/DT criminals/NNS know/VBP that/IN the/DT ,/, uh/UH ,/, penalties/NNS can/MD be/VB very/RB severe/JJ ,/,",,
sw10utt/sw_1047_2754.utt,2/sw2754,2754,223,%,B,120,3,"they, {F uh, } - /","they/PRP ,/, uh/UH ,/,",,
sw10utt/sw_1047_2754.utt,2/sw2754,2754,224,sv,B,120,4,"there's less criminals that are, {D you know, } turning themselves in, or, {D you know, } pleading {C or } whatever, because they know that the judge, {D you know, } if they find them guilty [ is, +  {D you know, } has ] [ the, + the ] opportunity to sentence them, {D you know, } [ for, + for ] the death sentence. /","there/EX 's/BES less/JJR criminals/NNS that/WDT are/VBP ,/, you/PRP know/VBP ,/, turning/VBG themselves/PRP in/IN ,/, or/CC ,/, you/PRP know/VBP ,/, pleading/VBG or/CC whatever/WDT ,/, because/IN they/PRP know/VBP that/IN the/DT judge/NN ,/, you/PRP know/VBP ,/, if/IN they/PRP find/VBP them/PRP guilty/JJ is/VBZ ,/, you/PRP know/VBP ,/, has/VBZ the/DT ,/, the/DT opportunity/NN to/TO sentence/VB them/PRP ,/, you/PRP know/VBP ,/, for/IN ,/, for/IN the/DT death/NN sentence/NN ./.",,
sw10utt/sw_1047_2754.utt,2/sw2754,2754,225,b,A,121,1,"Yeah,  /","Yeah/UH ,/,",,
sw10utt/sw_1047_2754.utt,2/sw2754,2754,226,sv@,A,121,2,"{C but } {D you know } I look at that and say, {D well, } they should have thought about that beforehand.","but/CC you/PRP know/VBP I/PRP look/VBP at/IN that/DT and/CC say/VBP ,/, well/UH ,/, they/PRP should/MD have/VB thought/VBN about/IN that/DT beforehand/RB ./.",,
sw10utt/sw_1047_2754.utt,2/sw2754,2754,227,b,B,122,1,Yeah. /,Yeah/UH ./.,,
sw10utt/sw_1047_2754.utt,2/sw2754,2754,228,+@,A,123,1,{D You know. } /,You/PRP know/VBP ./.,,
sw10utt/sw_1047_2754.utt,2/sw2754,2754,229,sd,B,124,1,"{D Well, } I'm just saying [ that, + that, ] that's what, [ the, + the ] client, lawyers are saying.  /","Well/UH ,/, I/PRP 'm/VBP just/RB saying/VBG that/IN ,/, that/IN ,/, that/DT 's/BES what/WP ,/, the/DT ,/, the/DT client/NN ,/, lawyers/NNS are/VBP saying/VBG ./.",,
sw10utt/sw_1047_2754.utt,2/sw2754,2754,230,sd,B,124,2,"They're saying that, {D you know, } {D you know, } more of my clients would have pleaded guilty if they would have gotten a light sentence instead of possibly having [ [ to, + to, ] + to ] get a death sentence because you can't plea bargain --","They/PRP 're/VBP saying/VBG that/IN ,/, you/PRP know/VBP ,/, you/PRP know/VBP ,/, more/JJR of/IN my/PRP$ clients/NNS would/MD have/VB pleaded/VBN guilty/JJ if/IN they/PRP would/MD have/VB gotten/VBN a/DT light/JJ sentence/NN instead/IN of/IN possibly/RB having/VBG to/TO ,/, to/TO ,/, to/TO get/VB a/DT death/NN sentence/NN because/IN you/PRP ca/MD n't/RB plea/GW bargain/^VB --/:",,
sw10utt/sw_1047_2754.utt,2/sw2754,2754,231,b,A,125,1,Uh-huh. /,Uh-huh/UH ./.,,
sw10utt/sw_1047_2754.utt,2/sw2754,2754,232,+,B,126,1,-- what the sentence is going to be. /,--/: what/WP the/DT sentence/NN is/VBZ going/VBG to/TO be/VB ./.,,
sw10utt/sw_1047_2754.utt,2/sw2754,2754,233,b,A,127,1,Uh-huh. /,Uh-huh/UH ./.,,
sw10utt/sw_1047_2754.utt,2/sw2754,2754,234,sv@,B,128,1,"You can plea bargain what you're guilty of, [  but, + {D you know. }","You/PRP can/MD plea/VB bargain/NN what/WP you/PRP 're/VBP guilty/JJ of/IN ,/, but/CC ,/, you/PRP know/VBP ./.",,
sw10utt/sw_1047_2754.utt,2/sw2754,2754,235,b,A,129,1,Yeah. /,Yeah/UH ./.,,
sw10utt/sw_1047_2754.utt,2/sw2754,2754,236,+@,B,130,1,"But ] not how they're going to  (( sentence you )) , /","But/CC not/RB how/WRB they/PRP 're/VBP going/VBG to/TO sentence/VB you/PRP ,/,",,
sw10utt/sw_1047_2754.utt,2/sw2754,2754,237,sv,A,131,1,"That's something, {D you know } <laughter>, - /","That/DT 's/BES something/NN ,/, you/PRP know/VBP ,/,",,
sw10utt/sw_1047_2754.utt,2/sw2754,2754,238,sv,A,131,2,"{C but, } {F uh, } <laughter> [ wh-, + whether ] they plea bargain or not, if they're guilty of murder, they're guilty of murder, {D you know. } /","but/CC ,/, uh/UH ,/, wh-/XX ,/, whether/IN they/PRP plea/GW bargain/^VBP or/CC not/RB ,/, if/IN they/PRP 're/VBP guilty/JJ of/IN murder/NN ,/, they/PRP 're/VBP guilty/JJ of/IN murder/NN ,/, you/PRP know/VBP ./.",,
sw10utt/sw_1047_2754.utt,2/sw2754,2754,239,b,B,132,1,"Right,  /","Right/UH ,/,",,
sw10utt/sw_1047_2754.utt,2/sw2754,2754,240,b,B,132,2,uh-huh. /,uh-huh/UH ./.,,
sw10utt/sw_1047_2754.utt,2/sw2754,2754,241,sv,A,133,1,{C So } I don't think that they deserve anything less <laughter>. /,So/RB I/PRP do/VBP n't/RB think/VB that/IN they/PRP deserve/VBP anything/NN less/RBR ./.,,
sw10utt/sw_1047_2754.utt,2/sw2754,2754,242,b,B,134,1,"Yeah,  /","Yeah/UH ,/,",,
sw10utt/sw_1047_2754.utt,2/sw2754,2754,243,b,B,134,2,right. /,right/UH ./.,,
sw10utt/sw_1047_2754.utt,2/sw2754,2754,244,%,A,135,1,"It's just, - /","It/PRP 's/BES just/RB ,/,",,
sw10utt/sw_1047_2754.utt,2/sw2754,2754,245,h,A,135,2,"[ I don't, + I don't ] know,  /","I/PRP do/VBP n't/RB ,/, I/PRP do/VBP n't/RB know/VB ,/,",,
sw10utt/sw_1047_2754.utt,2/sw2754,2754,246,%,A,135,3,"I just <laughter>, -/","I/PRP just/RB ,/,",,
sw10utt/sw_1047_2754.utt,2/sw2754,2754,247,b,B,136,1,Uh-huh.  /,Uh-huh/UH ./.,,
sw10utt/sw_1047_2754.utt,2/sw2754,2754,248,sd,B,136,2,"I was just saying that way, - /","I/PRP was/VBD just/RB saying/VBG that/DT way/NN ,/,",,
sw10utt/sw_1047_2754.utt,2/sw2754,2754,249,sd,B,136,3,what they're saying is that they can't get people to turn themselves in then.  /,what/WP they/PRP 're/VBP saying/VBG is/VBZ that/IN they/PRP ca/MD n't/RB get/VB people/NNS to/TO turn/VB themselves/PRP in/IN then/RB ./.,,
sw10utt/sw_1047_2754.utt,2/sw2754,2754,250,sd,B,136,4,"{C And so, } we have to go through a trial then to prove the person's guilty. /","And/CC so/RB ,/, we/PRP have/VBP to/TO go/VB through/IN a/DT trial/NN then/RB to/TO prove/VB the/DT person/NN 's/BES guilty/JJ ./.",,
sw10utt/sw_1047_2754.utt,2/sw2754,2754,251,b,A,137,1,"Uh-huh,  /","Uh-huh/UH ,/,",,
sw10utt/sw_1047_2754.utt,2/sw2754,2754,252,sd,A,137,2,"{C and } that costs money, yeah. /","and/CC that/DT costs/VBZ money/NN ,/, yeah/UH ./.",,
sw10utt/sw_1047_2754.utt,2/sw2754,2754,253,sd,B,138,1,{C And } perhaps we can  /,And/CC perhaps/RB we/PRP can/MD,,
sw10utt/sw_1047_2754.utt,2/sw2754,2754,254,sd,B,138,2,{C and } perhaps we can't  /,and/CC perhaps/RB we/PRP ca/MD n't/RB,,
sw10utt/sw_1047_2754.utt,2/sw2754,2754,255,sv,B,138,3,{C and so } the guy might get off. /,and/CC so/RB the/DT guy/NN might/MD get/VB off/RP ./.,,
sw10utt/sw_1047_2754.utt,2/sw2754,2754,256,b,A,139,1,Uh-huh. /,Uh-huh/UH ./.,,
sw10utt/sw_1047_2754.utt,2/sw2754,2754,257,sv,B,140,1,"<Laughter>  {C And, } {F uh, } although usually the guys that are turning themselves in [ are, + are ] guys that are, {D you know } going to get caught anyways  /","And/CC ,/, uh/UH ,/, although/IN usually/RB the/DT guys/NNS that/WDT are/VBP turning/VBG themselves/PRP in/IN are/VBP ,/, are/VBP guys/NNS that/WDT are/VBP ,/, you/PRP know/VBP going/VBG to/TO get/VB caught/VBN anyways/RB",,
sw10utt/sw_1047_2754.utt,2/sw2754,2754,258,%,B,140,2,"{C but, } -/","but/CC ,/,",,
sw10utt/sw_1047_2754.utt,2/sw2754,2754,259,x,A,141,1,<Laughter>.,,,
sw10utt/sw_1047_2754.utt,2/sw2754,2754,260,sv,B,142,1,"There's always a few of those people that [ are, + ] {D you know, } lost their head or  whatever. /","There/EX 's/BES always/RB a/DT few/NN of/IN those/DT people/NNS that/WDT are/VBP ,/, you/PRP know/VBP ,/, lost/VBN their/PRP$ head/NN or/CC whatever/WDT ./.",,
sw10utt/sw_1047_2754.utt,2/sw2754,2754,261,b,A,143,1,Yeah. /,Yeah/UH ./.,,
sw10utt/sw_1047_2754.utt,2/sw2754,2754,262,%,B,144,1,"{D Anyways, } {C but, } {F uh. }  Yeah,  /","Anyways/UH ,/, but/CC ,/, uh/UH ./. Yeah/UH ,/,",,
sw10utt/sw_1047_2754.utt,2/sw2754,2754,263,sd,B,144,2,we just had a terrible case in Virginia where some girl disappeared  /,we/PRP just/RB had/VBD a/DT terrible/JJ case/NN in/IN Virginia/NNP where/WRB some/DT girl/NN disappeared/VBD,,
sw10utt/sw_1047_2754.utt,2/sw2754,2754,264,sd,B,144,3,"[ {C and, } + {C and } ] the guy, like I said, he just, {F uh, } said that he took her,  /","and/CC ,/, and/CC the/DT guy/NN ,/, like/IN I/PRP said/VBD ,/, he/PRP just/RB ,/, uh/UH ,/, said/VBD that/IN he/PRP took/VBD her/PRP$ ,/,",,
sw10utt/sw_1047_2754.utt,2/sw2754,2754,265,sd,B,144,4,"{C but } he won't admit that she died or whatever,  /","but/CC he/PRP wo/MD n't/RB admit/VB that/IN she/PRP died/VBD or/CC whatever/WDT ,/,",,
sw10utt/sw_1047_2754.utt,2/sw2754,2754,266,sd,B,144,5,"{C and } he won't say where the body is because he knows the penalty's [ very [ s-, + s-, ] + ] {D you know, } mandatory life sentences for murder. /","and/CC he/PRP wo/MD n't/RB say/VB where/WRB the/DT body/NN is/VBZ because/IN he/PRP knows/VBZ the/DT penalty/NN 's/BES very/RB s-/XX ,/, s-/XX ,/, you/PRP know/VBP ,/, mandatory/JJ life/NN sentences/NNS for/IN murder/NN ./.",,
