swda_filename,ptb_basename,conversation_no,transcript_index,act_tag,caller,utterance_index,subutterance_index,text,pos,trees,ptb_treenumbers
sw10utt/sw_1092_2623.utt,2/sw2623,2623,0,o,A,1,1,Okay <laughter>.  /,Okay/UH ./.,,
sw10utt/sw_1092_2623.utt,2/sw2623,2623,1,ad,A,1,2,<breathing>  I'll let you go ahead <laughter>. /,I/PRP 'll/MD let/VB you/PRP go/VB ahead/RB ./.,,
sw10utt/sw_1092_2623.utt,2/sw2623,2623,2,aa,B,2,1,Okay.  /,Okay/UH ./.,,
sw10utt/sw_1092_2623.utt,2/sw2623,2623,3,sd,B,2,2,"[ I, + {F uh, } I ] have five children all together. /","I/PRP ,/, uh/UH ,/, I/PRP have/VBP five/CD children/NNS all/DT together/RB ./.",,
sw10utt/sw_1092_2623.utt,2/sw2623,2623,4,b,A,3,1,"{F Oh, } uh-huh. /","Oh/UH ,/, uh-huh/UH ./.",,
sw10utt/sw_1092_2623.utt,2/sw2623,2623,5,sd,B,4,1,"{F Uh, } my oldest two are already out and  about in the world  /","Uh/UH ,/, my/PRP$ oldest/JJS two/CD are/VBP already/RB out/RB and/CC about/RB in/IN the/DT world/NN",,
sw10utt/sw_1092_2623.utt,2/sw2623,2623,6,sd,B,4,2,"{C and } I, {F uh, } have a set of twins that are fourteen -- /","and/CC I/PRP ,/, uh/UH ,/, have/VBP a/DT set/NN of/IN twins/NNS that/WDT are/VBP fourteen/CD --/:",,
sw10utt/sw_1092_2623.utt,2/sw2623,2623,7,b,A,5,1,Oh. /,Oh/UH ./.,,
sw10utt/sw_1092_2623.utt,2/sw2623,2623,8,sd,B,6,1,"-- {C and, } {F uh, } my youngest is twelve. /","--/: and/CC ,/, uh/UH ,/, my/PRP$ youngest/JJS is/VBZ twelve/CD ./.",,
sw10utt/sw_1092_2623.utt,2/sw2623,2623,9,ba,A,7,1,That's great.  /,That/DT 's/BES great/JJ ./.,,
sw10utt/sw_1092_2623.utt,2/sw2623,2623,10,sd,A,7,2,I always thought it'd be great to have twins. /,I/PRP always/RB thought/VBD it/PRP 'd/MD be/VB great/JJ to/TO have/VB twins/NNS ./.,,
sw10utt/sw_1092_2623.utt,2/sw2623,2623,11,b,B,8,1,"{F Uh, } yeah.  /","Uh/UH ,/, yeah/UH ./.",,
sw10utt/sw_1092_2623.utt,2/sw2623,2623,12,sv,B,8,2,If you like doing  everything twice <breathing>. /,If/IN you/PRP like/VBP doing/VBG everything/NN twice/RB ./.,,
sw10utt/sw_1092_2623.utt,2/sw2623,2623,13,b,A,9,1,"{D Well, } yeah  /","Well/UH ,/, yeah/UH",,
sw10utt/sw_1092_2623.utt,2/sw2623.pos,2623,14,x,A,9,2,<laughter>.,./.
sw10utt/sw_1092_2623.utt,2/sw2623,2623,15,sd,B,10,1,"{F Uh, } at any rate, {F um, }  my first two children, {F uh, } I didn't spend a whole lot of time with them. /","Uh/UH ,/, at/IN any/DT rate/NN ,/, um/UH ,/, my/PRP$ first/JJ two/CD children/NNS ,/, uh/UH ,/, I/PRP did/VBD n't/RB spend/VB a/DT whole/JJ lot/NN of/IN time/NN with/IN them/PRP ./.",,
sw10utt/sw_1092_2623.utt,2/sw2623,2623,16,b,A,11,1,Uh-huh. /,Uh-huh/UH ./.,,
sw10utt/sw_1092_2623.utt,2/sw2623,2623,17,sd,B,12,1,"{F Um, } <smack> and, {D you know, }  was [ a, + a ] problem with having five children needing to work [ a, + {F uh, } a ] full-time job that,","Um/UH ,/, and/CC ,/, you/PRP know/VBP ,/, was/VBD a/DT ,/, a/DT problem/NN with/IN having/VBG five/CD children/NNS needing/VBG to/TO work/VB a/DT ,/, uh/UH ,/, a/DT full-time/JJ job/NN that/WDT ,/,",,
sw10utt/sw_1092_2623.utt,2/sw2623,2623,18,b,A,13,1,Uh-huh. /,Uh-huh/UH ./.,,
sw10utt/sw_1092_2623.utt,2/sw2623,2623,19,+,B,14,1,was more than a full-time job.  /,was/VBD more/JJR than/IN a/DT full-time/JJ job/NN ./.,,
sw10utt/sw_1092_2623.utt,2/sw2623,2623,20,sd,B,14,2,"I,","I/PRP ,/,",,
sw10utt/sw_1092_2623.utt,2/sw2623,2623,21,b,A,15,1,Uh-huh. /,Uh-huh/UH ./.,,
sw10utt/sw_1092_2623.utt,2/sw2623,2623,22,+,B,16,1,"worked about fifty-one hours a week,  because I [ worked every, + <breathing> worked eleven ] hours every Sunday. /","worked/VBD about/RB fifty-one/CD hours/NNS a/DT week/NN ,/, because/IN I/PRP worked/VBD every/DT ,/, worked/VBD eleven/CD hours/NNS every/DT Sunday/NNP ./.",,
sw10utt/sw_1092_2623.utt,2/sw2623,2623,23,b,A,17,1,Uh-huh. /,Uh-huh/UH ./.,,
sw10utt/sw_1092_2623.utt,2/sw2623,2623,24,sd,B,18,1,"{C And, } {F uh, } {C so } I didn't get to  spend as much time with them [ as I, + as I ] should have, as I really wanted to. /","And/CC ,/, uh/UH ,/, so/RB I/PRP did/VBD n't/RB get/VB to/TO spend/VB as/IN much/JJ time/NN with/IN them/PRP as/IN I/PRP ,/, as/IN I/PRP should/MD have/VB ,/, as/IN I/PRP really/RB wanted/VBD to/TO ./.",,
sw10utt/sw_1092_2623.utt,2/sw2623,2623,25,qy,A,19,1,"Your first ones you mean, it,","Your/PRP$ first/JJ ones/NNS you/PRP mean/VBP ,/, it/PRP ,/,",,
sw10utt/sw_1092_2623.utt,2/sw2623,2623,26,ny,B,20,1,Yeah.  /,Yeah/UH ./.,,
sw10utt/sw_1092_2623.utt,2/sw2623,2623,27,%,B,20,2,"The, -/","The/DT ,/,",,
sw10utt/sw_1092_2623.utt,2/sw2623,2623,28,+,A,21,1,was this way? /,was/VBD this/DT way/NN ?/.,,
sw10utt/sw_1092_2623.utt,2/sw2623,2623,29,ny,B,22,1,"yeah,  /","yeah/UH ,/,",,
sw10utt/sw_1092_2623.utt,2/sw2623,2623,30,%,B,22,2,"the f-, - /","the/DT f/JJ ,/,",,
sw10utt/sw_1092_2623.utt,2/sw2623,2623,31,sd,B,22,3,"{D well, } it was with all of them, /","well/UH ,/, it/PRP was/VBD with/IN all/DT of/IN them/PRP ,/,",,
sw10utt/sw_1092_2623.utt,2/sw2623,2623,32,b,A,23,1,Uh-huh. /,Uh-huh/UH ./.,,
sw10utt/sw_1092_2623.utt,2/sw2623,2623,33,sd,B,24,1,"{C but } it was, {F uh, } more an impact,  I think, on the oldest two. /","but/CC it/PRP was/VBD ,/, uh/UH ,/, more/JJR an/DT impact/NN ,/, I/PRP think/VBP ,/, on/IN the/DT oldest/JJS two/CD ./.",,
sw10utt/sw_1092_2623.utt,2/sw2623,2623,34,b,A,25,1,Uh-huh. /,Uh-huh/UH ./.,,
sw10utt/sw_1092_2623.utt,2/sw2623,2623,35,sd,B,26,1,"{C Because, } {F um, } <noise> {F oh, }  about the time I got out of working that long hours was [ when the, + {F uh, } </noise> when the ]  twins were about three years old.  /","Because/IN ,/, um/UH ,/, oh/UH ,/, about/RB the/DT time/NN I/PRP got/VBD out/IN of/IN working/VBG that/IN long/JJ hours/NNS was/VBD when/WRB the/DT ,/, uh/UH ,/, when/WRB the/DT twins/NNS were/VBD about/RB three/CD years/NNS old/JJ ./.",,
sw10utt/sw_1092_2623.utt,2/sw2623,2623,36,sd,B,26,2,"{C And, } {F uh, } [ they never, + {D you know, } I don't think they ]  noticed I wasn't around that much. /","And/CC ,/, uh/UH ,/, they/PRP never/RB ,/, you/PRP know/VBP ,/, I/PRP do/VBP n't/RB think/VB they/PRP noticed/VBD I/PRP was/VBD n't/RB around/IN that/DT much/JJ ./.",,
sw10utt/sw_1092_2623.utt,2/sw2623,2623,37,b,A,27,1,Oh. /,Oh/UH ./.,,
sw10utt/sw_1092_2623.utt,2/sw2623,2623,38,sd,B,28,1,"{D You know, } with all the children around the  house, it's,","You/PRP know/VBP ,/, with/IN all/PDT the/DT children/NNS around/IN the/DT house/NN ,/, it/PRP 's/BES ,/,",,
sw10utt/sw_1092_2623.utt,2/sw2623,2623,39,b,A,29,1,Right. /,Right/UH ./.,,
sw10utt/sw_1092_2623.utt,2/sw2623,2623,40,+,B,30,1,"kind of hard to notice that Dad isn't around,","kind/RB of/RB hard/JJ to/TO notice/VB that/IN Dad/NNP is/VBZ n't/RB around/RB ,/,",,
sw10utt/sw_1092_2623.utt,2/sw2623,2623,41,x,A,31,1,<Laughter>.,,,
sw10utt/sw_1092_2623.utt,2/sw2623,2623,42,+,B,32,1,very much.  /,very/RB much/RB ./.,,
sw10utt/sw_1092_2623.utt,2/sw2623,2623,43,sd,B,32,2,"<noise> {F Um, } <smack> {C so, }  what I've tried to do, {F uh, }  now that I've, {F uh, } [ fi-, + ] - /","Um/UH ,/, so/RB ,/, what/WP I/PRP 've/VBP tried/VBD to/TO do/VB ,/, uh/UH ,/, now/RB that/IN I/PRP 've/VBP ,/, uh/UH ,/, fi-/XX ,/,",,
sw10utt/sw_1092_2623.utt,2/sw2623,2623,44,sd,B,32,3,went back to school and got my degree when I was thirty years old. /,went/VBD back/RB to/IN school/NN and/CC got/VBD my/PRP$ degree/NN when/WRB I/PRP was/VBD thirty/CD years/NNS old/JJ ./.,,
sw10utt/sw_1092_2623.utt,2/sw2623,2623,45,b,A,33,1,Uh-huh. /,Uh-huh/UH ./.,,
sw10utt/sw_1092_2623.utt,2/sw2623,2623,46,sd,B,34,1,"{C And, } {F uh, } {C so, } {C then }  I came out and was making as much money forty hours a week as I did fifty-one hours,","And/CC ,/, uh/UH ,/, so/RB ,/, then/RB I/PRP came/VBD out/RB and/CC was/VBD making/VBG as/IN much/JJ money/NN forty/CD hours/NNS a/DT week/NN as/IN I/PRP did/VBD fifty-one/CD hours/NNS ,/,",,
sw10utt/sw_1092_2623.utt,2/sw2623,2623,47,b,A,35,1,Uh-huh. /,Uh-huh/UH ./.,,
sw10utt/sw_1092_2623.utt,2/sw2623,2623,48,+,B,36,1,a week.  /,a/DT week/NN ./.,,
sw10utt/sw_1092_2623.utt,2/sw2623,2623,49,sd,B,36,2,"{C So, } I've tried to spend  more time with, {F uh, } the children since then. /","So/RB ,/, I/PRP 've/VBP tried/VBD to/TO spend/VB more/JJR time/NN with/IN ,/, uh/UH ,/, the/DT children/NNS since/IN then/RB ./.",,
sw10utt/sw_1092_2623.utt,2/sw2623,2623,50,b,A,37,1,Uh-huh. /,Uh-huh/UH ./.,,
sw10utt/sw_1092_2623.utt,2/sw2623,2623,51,sd,B,38,1,"{F Um, } what I'm currently doing is, {F uh, }  taking a lot of time.  /","Um/UH ,/, what/WP I/PRP 'm/VBP currently/RB doing/VBG is/VBZ ,/, uh/UH ,/, taking/VBG a/DT lot/NN of/IN time/NN ./.",,
sw10utt/sw_1092_2623.utt,2/sw2623,2623,52,sd,B,38,2,I'm helping the kids more with their homework in the evenings.  /,I/PRP 'm/VBP helping/VBG the/DT kids/NNS more/RBR with/IN their/PRP$ homework/NN in/IN the/DT evenings/NNS ./.,,
sw10utt/sw_1092_2623.utt,2/sw2623,2623,53,sd,B,38,3,"{F Um, } we just started a thing where every other week we go to, {F uh, } movies.  /","Um/UH ,/, we/PRP just/RB started/VBD a/DT thing/NN where/WRB every/DT other/JJ week/NN we/PRP go/VBP to/IN ,/, uh/UH ,/, movies/NNS ./.",,
sw10utt/sw_1092_2623.utt,2/sw2623,2623,54,sd,B,38,4,There's a movie theater that offers dollar movies on Wednesday nights. /,There/EX 's/BES a/DT movie/NN theater/NN that/WDT offers/VBZ dollar/NN movies/NNS on/IN Wednesday/NNP nights/NNS ./.,,
sw10utt/sw_1092_2623.utt,2/sw2623,2623,55,b,A,39,1,Uh-huh. /,Uh-huh/UH ./.,,
sw10utt/sw_1092_2623.utt,2/sw2623,2623,56,sd,B,40,1,"{C And so, } every couple of weeks we  will go to the movies because that's how often they change the,","And/CC so/RB ,/, every/DT couple/NN of/IN weeks/NNS we/PRP will/MD go/VB to/IN the/DT movies/NNS because/IN that/DT 's/BES how/WRB often/RB they/PRP change/VBP the/DT ,/,",,
sw10utt/sw_1092_2623.utt,2/sw2623,2623,57,b,A,41,1,Uh-huh. /,Uh-huh/UH ./.,,
sw10utt/sw_1092_2623.utt,2/sw2623,2623,58,+,B,42,1,movies.  /,movies/NNS ./.,,
sw10utt/sw_1092_2623.utt,2/sw2623,2623,59,sd,B,42,2,"{C And, } it's working out pretty well.  /","And/CC ,/, it/PRP 's/BES working/VBG out/RP pretty/RB well/RB ./.",,
sw10utt/sw_1092_2623.utt,2/sw2623,2623,60,sd,B,42,3,"{F Um, } we're spending more time together.  /","Um/UH ,/, we/PRP 're/VBP spending/VBG more/JJR time/NN together/RB ./.",,
sw10utt/sw_1092_2623.utt,2/sw2623,2623,61,sd,B,42,4,I feel like I'm a lot closer to the three  that are still living at home than I ever was to the two that were living there before. /,I/PRP feel/VBP like/IN I/PRP 'm/VBP a/DT lot/NN closer/JJR to/IN the/DT three/CD that/WDT are/VBP still/RB living/VBG at/IN home/NN than/IN I/PRP ever/RB was/VBD to/IN the/DT two/CD that/WDT were/VBD living/VBG there/RB before/RB ./.,,
sw10utt/sw_1092_2623.utt,2/sw2623,2623,62,b,A,43,1,Uh-huh. /,Uh-huh/UH ./.,,
sw10utt/sw_1092_2623.utt,2/sw2623,2623,63,sd,B,44,1,"{F Um, } in fact, I found that I'm a  lot closer with, {F uh, } - /","Um/UH ,/, in/IN fact/NN ,/, I/PRP found/VBD that/IN I/PRP 'm/VBP a/DT lot/NN closer/JJR with/IN ,/, uh/UH ,/,",,
sw10utt/sw_1092_2623.utt,2/sw2623,2623,64,sd,B,44,2,I have one son who's gone  /,I/PRP have/VBP one/CD son/NN who/WP 's/BES gone/VBN,,
sw10utt/sw_1092_2623.utt,2/sw2623,2623,65,sd,B,44,3,{C and } I don't even know where he's at. /,and/CC I/PRP do/VBP n't/RB even/RB know/VB where/WRB he/PRP 's/BES at/RB ./.,,
sw10utt/sw_1092_2623.utt,2/sw2623,2623,66,b,A,45,1,Huh. /,Huh/UH ./.,,
sw10utt/sw_1092_2623.utt,2/sw2623,2623,67,sd,B,46,1,"{F Um, } he's taken off for parts unknown, /","Um/UH ,/, he/PRP 's/HVS taken/VBN off/RP for/IN parts/NNS unknown/JJ ,/,",,
sw10utt/sw_1092_2623.utt,2/sw2623,2623,68,ba,A,47,1,That's difficult. /,That/DT 's/BES difficult/JJ ./.,,
sw10utt/sw_1092_2623.utt,2/sw2623,2623,69,aa,B,48,1,"{C but, } {F uh, } yeah. /","but/CC ,/, uh/UH ,/, yeah/UH ./.",,
sw10utt/sw_1092_2623.utt,2/sw2623,2623,70,b,A,49,1,Yeah. /,Yeah/UH ./.,,
sw10utt/sw_1092_2623.utt,2/sw2623,2623,71,%,B,50,1,"A-, - /","A-/CC ,/,",,
sw10utt/sw_1092_2623.utt,2/sw2623,2623,72,sd,B,50,2,"{C and, } {F uh, }  my daughter [ is, + {F um, } <smack> has ]  moved out of the house.  /","and/CC ,/, uh/UH ,/, my/PRP$ daughter/NN is/VBZ ,/, um/UH ,/, has/VBZ moved/VBN out/IN of/IN the/DT house/NN ./.",,
sw10utt/sw_1092_2623.utt,2/sw2623,2623,73,sd,B,50,3,Her and I get along a lot better now that  she's moved <laughter> out of the house <laughter>. /,Her/PRP and/CC I/PRP get/VBP along/RP a/DT lot/NN better/RBR now/RB that/IN she/PRP 's/HVS moved/VBN out/IN of/IN the/DT house/NN ./.,,
sw10utt/sw_1092_2623.utt,2/sw2623,2623,74,b,A,51,1,Uh-huh  /,Uh-huh/UH,,
sw10utt/sw_1092_2623.utt,2/sw2623,2623,75,sd,A,51,2,<laughter>.  It happens that way <laughter>. /,./. It/PRP happens/VBZ that/DT way/NN ./.,,
sw10utt/sw_1092_2623.utt,2/sw2623,2623,76,sd,B,52,1,"{C And } {F uh, } {C so } [ [ [ it's, + it's, ] + it's, ] + it's ]  been difficult to try to find the time,  /","And/CC uh/UH ,/, so/RB it/PRP 's/HVS ,/, it/PRP 's/HVS ,/, it/PRP 's/HVS ,/, it/PRP 's/HVS been/VBN difficult/JJ to/TO try/VB to/TO find/VB the/DT time/NN ,/,",,
sw10utt/sw_1092_2623.utt,2/sw2623,2623,77,sd,B,52,2,"{C and } I think it's important that we  do, because, {F uh, } <smack> I notice that, {F uh, } when I had spent two years down in Dallas,  down there they all have [ a, + {F uh, } a ] me kind of attitude. /","and/CC I/PRP think/VBP it/PRP 's/BES important/JJ that/IN we/PRP do/VBP ,/, because/IN ,/, uh/UH ,/, I/PRP notice/VBP that/IN ,/, uh/UH ,/, when/WRB I/PRP had/VBD spent/VBN two/CD years/NNS down/IN in/IN Dallas/NNP ,/, down/RB there/RB they/PRP all/DT have/VBP a/DT ,/, uh/UH ,/, a/DT me/PRP kind/NN of/IN attitude/NN ./.",,
sw10utt/sw_1092_2623.utt,2/sw2623,2623,78,b,A,53,1,Uh-huh. /,Uh-huh/UH ./.,,
sw10utt/sw_1092_2623.utt,2/sw2623,2623,79,sd,B,54,1,"{C And } I noticed parents not spending time with their,","And/CC I/PRP noticed/VBD parents/NNS not/RB spending/VBG time/NN with/IN their/PRP$ ,/,",,
sw10utt/sw_1092_2623.utt,2/sw2623,2623,80,b,A,55,1,Uh-huh. /,Uh-huh/UH ./.,,
sw10utt/sw_1092_2623.utt,2/sw2623,2623,81,+,B,56,1,"children [ and, + and ] going out and doing things.  /","children/NNS and/CC ,/, and/CC going/VBG out/RB and/CC doing/VBG things/NNS ./.",,
sw10utt/sw_1092_2623.utt,2/sw2623,2623,82,sd,B,56,2,"{C And, } {D you know, } I knew {D like } the kids next door were all into cocaine  /","And/CC ,/, you/PRP know/VBP ,/, I/PRP knew/VBD like/UH the/DT kids/NNS next/JJ door/NN were/VBD all/DT into/IN cocaine/NN",,
sw10utt/sw_1092_2623.utt,2/sw2623,2623,83,%,B,56,3,"{C and, }","and/CC ,/,",,
sw10utt/sw_1092_2623.utt,2/sw2623,2623,84,b,A,57,1,"{F Um, } uh-huh. /","Um/UH ,/, uh-huh/UH ./.",,
sw10utt/sw_1092_2623.utt,2/sw2623,2623,85,+,B,58,1,"{D you know, } it just, {D you know, } - /","you/PRP know/VBP ,/, it/PRP just/RB ,/, you/PRP know/VBP ,/,",,
sw10utt/sw_1092_2623.utt,2/sw2623,2623,86,sd,B,58,2,"I saw the family falling apart down,","I/PRP saw/VBD the/DT family/NN falling/VBG apart/RB down/IN ,/,",,
sw10utt/sw_1092_2623.utt,2/sw2623,2623,87,sv,A,59,1,"Texas is,","Texas/NNP is/VBZ ,/,",,
sw10utt/sw_1092_2623.utt,2/sw2623,2623,88,+,B,60,1,there. /,there/RB ./.,,
sw10utt/sw_1092_2623.utt,2/sw2623,2623,89,+,A,61,1,much worst for the drugs.  /,much/JJ worst/JJS for/IN the/DT drugs/NNS ./.,,
sw10utt/sw_1092_2623.utt,2/sw2623,2623,90,sv,A,61,2,"{E I mean, } it was bad  enough every place else,  /","I/PRP mean/VBP ,/, it/PRP was/VBD bad/JJ enough/RB every/DT place/NN else/RB ,/,",,
sw10utt/sw_1092_2623.utt,2/sw2623,2623,91,sd,A,61,3,"{C but } drugs [ is, + in Texas, are ] extremely bad. /","but/CC drugs/NNS is/VBZ ,/, in/IN Texas/NNP ,/, are/VBP extremely/RB bad/JJ ./.",,
sw10utt/sw_1092_2623.utt,2/sw2623,2623,92,b,B,62,1,<Smack> Yeah.  /,Yeah/UH ./.,,
sw10utt/sw_1092_2623.utt,2/sw2623,2623,93,sd,B,62,2,"{C And so, } I think it's kind of  important [ that I, + that I, ] {D you know, }  nurture the relationship I have with my children now. /","And/CC so/RB ,/, I/PRP think/VBP it/PRP 's/BES kind/RB of/RB important/JJ that/IN I/PRP ,/, that/IN I/PRP ,/, you/PRP know/VBP ,/, nurture/VB the/DT relationship/NN I/PRP have/VBP with/IN my/PRP$ children/NNS now/RB ./.",,
sw10utt/sw_1092_2623.utt,2/sw2623,2623,94,b,A,63,1,Uh-huh. /,Uh-huh/UH ./.,,
sw10utt/sw_1092_2623.utt,2/sw2623,2623,95,sd,B,64,1,{C And } I'm doing my best --,And/CC I/PRP 'm/VBP doing/VBG my/PRP$ best/JJS --/:,,
sw10utt/sw_1092_2623.utt,2/sw2623,2623,96,b,A,65,1,Uh-huh. /,Uh-huh/UH ./.,,
sw10utt/sw_1092_2623.utt,2/sw2623,2623,97,+,B,66,1,-- to keep that up. /,--/: to/TO keep/VB that/DT up/RP ./.,,
sw10utt/sw_1092_2623.utt,2/sw2623,2623,98,sd,A,67,1,"{D Well, } that's all you can do. /","Well/UH ,/, that/DT 's/BES all/DT you/PRP can/MD do/VB ./.",,
sw10utt/sw_1092_2623.utt,2/sw2623,2623,99,b,B,68,1,Yeah.  /,Yeah/UH ./.,,
sw10utt/sw_1092_2623.utt,2/sw2623,2623,100,qw,B,68,2,"What's [ your, + been your ] experience? /","What/WP 's/HVS your/PRP$ ,/, been/VBN your/PRP$ experience/NN ?/.",,
sw10utt/sw_1092_2623.utt,2/sw2623,2623,101,qy,A,69,1,"{D Well, } [ I, + I ]  was going to ask, too, does your wife work? /","Well/UH ,/, I/PRP ,/, I/PRP was/VBD going/VBG to/TO ask/VB ,/, too/RB ,/, does/VBZ your/PRP$ wife/NN work/VB ?/.",,
sw10utt/sw_1092_2623.utt,2/sw2623,2623,102,na,B,70,1,"{F Um, } she didn't up until the last, {F oh, } six months. /","Um/UH ,/, she/PRP did/VBD n't/RB up/IN until/IN the/DT last/NN ,/, oh/UH ,/, six/CD months/NNS ./.",,
sw10utt/sw_1092_2623.utt,2/sw2623,2623,103,b,A,71,1,Uh-huh. /,Uh-huh/UH ./.,,
sw10utt/sw_1092_2623.utt,2/sw2623,2623,104,%,B,72,1,{F Um. } /,Um/UH ./.,,
sw10utt/sw_1092_2623.utt,2/sw2623,2623,105,qy^d,A,73,1,She just recently started working then. /,She/PRP just/RB recently/RB started/VBD working/VBG then/RB ./.,,
sw10utt/sw_1092_2623.utt,2/sw2623,2623,106,na^m,B,74,1,"<Smack> She just recently,","She/PRP just/RB recently/RB ,/,",,
sw10utt/sw_1092_2623.utt,2/sw2623,2623,107,b,A,75,1,Uh-huh. /,Uh-huh/UH ./.,,
sw10utt/sw_1092_2623.utt,2/sw2623,2623,108,+,B,76,1,started working.  /,started/VBD working/VBG ./.,,
sw10utt/sw_1092_2623.utt,2/sw2623,2623,109,sd,B,76,2,"{F Uh, } she worked a job  until we moved to our new house  /","Uh/UH ,/, she/PRP worked/VBD a/DT job/NN until/IN we/PRP moved/VBD to/IN our/PRP$ new/JJ house/NN",,
sw10utt/sw_1092_2623.utt,2/sw2623,2623,110,sd,B,76,3,"{C and, } {F uh, } she quit that job because it was too inconvenient.  /","and/CC ,/, uh/UH ,/, she/PRP quit/VBD that/DT job/NN because/IN it/PRP was/VBD too/RB inconvenient/JJ ./.",,
sw10utt/sw_1092_2623.utt,2/sw2623,2623,111,sd,B,76,4,"{C And, }","And/CC ,/,",,
sw10utt/sw_1092_2623.utt,2/sw2623,2623,112,b,A,77,1,Uh-huh. /,Uh-huh/UH ./.,,
sw10utt/sw_1092_2623.utt,2/sw2623,2623,113,+,B,78,1,"{F uh, } she starts a new job tomorrow,  which should take her out of the house about four days a week. /","uh/UH ,/, she/PRP starts/VBZ a/DT new/JJ job/NN tomorrow/NN ,/, which/WDT should/MD take/VB her/PRP out/IN of/IN the/DT house/NN about/RB four/CD days/NNS a/DT week/NN ./.",,
sw10utt/sw_1092_2623.utt,2/sw2623,2623,114,b,A,79,1,"{F Oh, } uh-huh.  /","Oh/UH ,/, uh-huh/UH ./.",,
sw10utt/sw_1092_2623.utt,2/sw2623,2623,115,b^r,A,79,2,Uh-huh.  /,Uh-huh/UH ./.,,
sw10utt/sw_1092_2623.utt,2/sw2623,2623,116,ba,A,79,3,"{C So, } that sounds great.  /","So/RB ,/, that/DT sounds/VBZ great/JJ ./.",,
sw10utt/sw_1092_2623.utt,2/sw2623,2623,117,sd,A,79,4,"<smack> {D Well, } {F uh, } <smack> we also have five children. /","Well/UH ,/, uh/UH ,/, we/PRP also/RB have/VBP five/CD children/NNS ./.",,
sw10utt/sw_1092_2623.utt,2/sw2623,2623,118,b,B,80,1,Huh. /,Huh/UH ./.,,
sw10utt/sw_1092_2623.utt,2/sw2623,2623,119,sd,A,81,1,"{C And, } {C but } ours are all out of the nest <laughter>. /","And/CC ,/, but/CC ours/PRP$ are/VBP all/DT out/IN of/IN the/DT nest/NN ./.",,
sw10utt/sw_1092_2623.utt,2/sw2623,2623,120,x,B,82,1,<Laughter>.,,,
sw10utt/sw_1092_2623.utt,2/sw2623,2623,121,sd,A,83,1,"{C So, } {F uh, } [ as, + ] when they were growing up,  [ I, + probably we ] had a lot of similar things [ l-, + like ] you had, {D you know, } having the time.  /","So/RB ,/, uh/UH ,/, as/IN ,/, when/WRB they/PRP were/VBD growing/VBG up/RP ,/, I/PRP ,/, probably/RB we/PRP had/VBD a/DT lot/NN of/IN similar/JJ things/NNS l-/IN ,/, like/IN you/PRP had/VBD ,/, you/PRP know/VBP ,/, having/VBG the/DT time/NN ./.",,
sw10utt/sw_1092_2623.utt,2/sw2623,2623,122,sv,A,83,2,"When you have younger ones to take care of, you maybe sometimes do not  take as much time for the older ones. /","When/WRB you/PRP have/VBP younger/JJR ones/NNS to/TO take/VB care/NN of/IN ,/, you/PRP maybe/RB sometimes/RB do/VBP not/RB take/VB as/IN much/JJ time/NN for/IN the/DT older/JJR ones/NNS ./.",,
sw10utt/sw_1092_2623.utt,2/sw2623,2623,123,b,B,84,1,Yeah. /,Yeah/UH ./.,,
sw10utt/sw_1092_2623.utt,2/sw2623,2623,124,sd,A,85,1,"{C But, } {F uh, } [ we were, + we're ]  very active, of course, at church, and, {F uh, } Boy Scouting, and Girl Scouts, Four H, {F uh, }  /","But/CC ,/, uh/UH ,/, we/PRP were/VBD ,/, we/PRP 're/VBP very/RB active/JJ ,/, of/IN course/NN ,/, at/IN church/NN ,/, and/CC ,/, uh/UH ,/, Boy/NN Scouting/NN ,/, and/CC Girl/NNP Scouts/NNPS ,/, Four/CD H/NNP ,/, uh/UH ,/,",,
sw10utt/sw_1092_2623.utt,2/sw2623,2623,125,sd,A,85,2,"{C and }  those activities helped a lot in,","and/CC those/DT activities/NNS helped/VBD a/DT lot/NN in/IN ,/,",,
sw10utt/sw_1092_2623.utt,2/sw2623,2623,126,b,B,86,1,Uh-huh. /,Uh-huh/UH ./.,,
sw10utt/sw_1092_2623.utt,2/sw2623,2623,127,+,A,87,1,giving us things to do with the children.  /,giving/VBG us/PRP things/NNS to/TO do/VB with/IN the/DT children/NNS ./.,,
sw10utt/sw_1092_2623.utt,2/sw2623,2623,128,sd,A,87,2,"{C And } {F uh, } we try to take a vacation with them every year, camping of some sort,  something that wasn't expensive.  /","And/CC uh/UH ,/, we/PRP try/VBP to/TO take/VB a/DT vacation/NN with/IN them/PRP every/DT year/NN ,/, camping/VBG of/IN some/DT sort/NN ,/, something/NN that/WDT was/VBD n't/RB expensive/JJ ./.",,
sw10utt/sw_1092_2623.utt,2/sw2623,2623,129,sd,A,87,3,"{C And, } {F uh, } our youngest is, {F uh, }  expecting her first baby.  /","And/CC ,/, uh/UH ,/, our/PRP$ youngest/JJS is/VBZ ,/, uh/UH ,/, expecting/VBG her/PRP$ first/JJ baby/NN ./.",,
sw10utt/sw_1092_2623.utt,2/sw2623,2623,130,sd,A,87,4,"{C So, }  [ they're, + they're ] all out and on their own.  /","So/RB ,/, they/PRP 're/VBP ,/, they/PRP 're/VBP all/DT out/RB and/CC on/IN their/PRP$ own/JJ ./.",,
sw10utt/sw_1092_2623.utt,2/sw2623,2623,131,%,A,87,5,"<noise> They're, - /","They/PRP 're/VBP ,/,",,
sw10utt/sw_1092_2623.utt,2/sw2623,2623,132,sd,A,87,6,{C and } we have one to get married yet <laughter>.  /,and/CC we/PRP have/VBP one/CD to/TO get/VB married/VBN yet/RB ./.,,
sw10utt/sw_1092_2623.utt,2/sw2623,2623,133,sd,A,87,7,{C And } they'll all be married.  /,And/CC they/PRP 'll/MD all/DT be/VB married/JJ ./.,,
sw10utt/sw_1092_2623.utt,2/sw2623,2623,134,sd,A,87,8,"{F Uh, } {C and } [ they're, + they're ] all doing pretty good.  /","Uh/UH ,/, and/CC they/PRP 're/VBP ,/, they/PRP 're/VBP all/DT doing/VBG pretty/RB good/RB ./.",,
sw10utt/sw_1092_2623.utt,2/sw2623,2623,135,%,A,87,9,"They, {F uh, } - /","They/PRP ,/, uh/UH ,/,",,
sw10utt/sw_1092_2623.utt,2/sw2623,2623,136,qy^d,A,87,10,"(( T ))  lives in Pittsburgh, you probably don't know where that is. /","T/NNP lives/VBZ in/IN Pittsburgh/NNP ,/, you/PRP probably/RB do/VBP n't/RB know/VB where/WRB that/DT is/VBZ ./.",,
sw10utt/sw_1092_2623.utt,2/sw2623,2623,137,na,B,88,1,Certainly do. /,Certainly/RB do/VBP ./.,,
sw10utt/sw_1092_2623.utt,2/sw2623,2623,138,bk,A,89,1,Okay.  /,Okay/UH ./.,,
sw10utt/sw_1092_2623.utt,2/sw2623,2623,139,sd,A,89,2,Two of our children live there.  /,Two/CD of/IN our/PRP$ children/NNS live/VBP there/RB ./.,,
sw10utt/sw_1092_2623.utt,2/sw2623,2623,140,sd,A,89,3,"{F Uh, } one,  [ I, + like I ] said, lives [ near Maryl-, + [ in, + in ] around Maryland, ]  D C.  /","Uh/UH ,/, one/CD ,/, I/PRP ,/, like/IN I/PRP said/VBD ,/, lives/VBZ near/RB Maryl-/NNP ,/, in/IN ,/, in/IN around/IN Maryland/NNP ,/, D/NNP C/NNP ./.",,
sw10utt/sw_1092_2623.utt,2/sw2623,2623,141,sd,A,89,4,He works right on the border of D C. /,He/PRP works/VBZ right/RB on/IN the/DT border/NN of/IN D/NNP C/NNP ./.,,
sw10utt/sw_1092_2623.utt,2/sw2623,2623,142,b,B,90,1,Uh-huh. /,Uh-huh/UH ./.,,
sw10utt/sw_1092_2623.utt,2/sw2623,2623,143,sd,A,91,1,{C And } one lives in Connecticut  <<tape skips on Speaker A's section>>  /,And/CC one/CD lives/VBZ in/IN Connecticut/NNP,,
sw10utt/sw_1092_2623.utt,2/sw2623,2623,144,sd,A,91,2,"{C and } our baby lives just a mile over the hill <laughter>,","and/CC our/PRP$ baby/NN lives/VBZ just/RB a/DT mile/NN over/IN the/DT hill/NN ,/,",,
sw10utt/sw_1092_2623.utt,2/sw2623,2623,145,x,B,92,1,<Laughter>.,,,
sw10utt/sw_1092_2623.utt,2/sw2623,2623,146,+,A,93,1,"so, we'll get to see her a  little more than, {F uh, } what we do the other ones. /","so/RB ,/, we/PRP 'll/MD get/VB to/TO see/VB her/PRP$ a/DT little/RB more/RBR than/IN ,/, uh/UH ,/, what/WP we/PRP do/VBP the/DT other/JJ ones/NNS ./.",,
sw10utt/sw_1092_2623.utt,2/sw2623,2623,147,b,B,94,1,Yeah.  /,Yeah/UH ./.,,
sw10utt/sw_1092_2623.utt,2/sw2623,2623,148,ba,B,94,2,That sounds great.  /,That/DT sounds/VBZ great/JJ ./.,,
sw10utt/sw_1092_2623.utt,2/sw2623,2623,149,sd,B,94,3,"[ I've, + I've ]  noticed, {F uh, } another thing, {F um, } <smack> when I was younger my father was always working. /","I/PRP 've/VBP ,/, I/PRP 've/VBP noticed/VBN ,/, uh/UH ,/, another/DT thing/NN ,/, um/UH ,/, when/WRB I/PRP was/VBD younger/JJR my/PRP$ father/NN was/VBD always/RB working/VBG ./.",,
sw10utt/sw_1092_2623.utt,2/sw2623,2623,150,b,A,95,1,Uh-huh.  /,Uh-huh/UH ./.,,
sw10utt/sw_1092_2623.utt,2/sw2623,2623,151,sd,A,95,2,"{D Well, }","Well/UH ,/,",,
sw10utt/sw_1092_2623.utt,2/sw2623,2623,152,%,B,96,1,"{C And, } -/","And/CC ,/,",,
sw10utt/sw_1092_2623.utt,2/sw2623,2623,153,+,A,97,1,they have to. /,they/PRP have/VBP to/TO ./.,,
sw10utt/sw_1092_2623.utt,2/sw2623,2623,154,b,B,98,1,Yeah. /,Yeah/UH ./.,,
sw10utt/sw_1092_2623.utt,2/sw2623,2623,155,b,A,99,1,Yeah. /,Yeah/UH ./.,,
sw10utt/sw_1092_2623.utt,2/sw2623,2623,156,sd,B,100,1,"{C And, } {F uh, } {D you know, } [ he, + {F uh, } he ]  worked a full-time job and a part-time job, /","And/CC ,/, uh/UH ,/, you/PRP know/VBP ,/, he/PRP ,/, uh/UH ,/, he/PRP worked/VBD a/DT full-time/JJ job/NN and/CC a/DT part-time/JJ job/NN ,/,",,
sw10utt/sw_1092_2623.utt,2/sw2623,2623,157,b,A,101,1,Uh-huh. /,Uh-huh/UH ./.,,
sw10utt/sw_1092_2623.utt,2/sw2623,2623,158,sd,B,102,1,{C and } I never saw him. /,and/CC I/PRP never/RB saw/VBD him/PRP ./.,,
sw10utt/sw_1092_2623.utt,2/sw2623,2623,159,b,A,103,1,Uh-huh. /,Uh-huh/UH ./.,,
sw10utt/sw_1092_2623.utt,2/sw2623,2623,160,sd,B,104,1,"{C So, } I didn't have much of a role model to go by.","So/RB ,/, I/PRP did/VBD n't/RB have/VB much/JJ of/IN a/DT role/NN model/NN to/TO go/VB by/IN ./.",,
sw10utt/sw_1092_2623.utt,2/sw2623,2623,161,^2,A,105,1,"To go, to follow. /","To/TO go/VB ,/, to/TO follow/VB ./.",,
sw10utt/sw_1092_2623.utt,2/sw2623,2623,162,+,B,106,1,"{D You,","You/PRP ,/,",,
sw10utt/sw_1092_2623.utt,2/sw2623,2623,163,b,A,107,1,Uh-huh. /,Uh-huh/UH ./.,,
sw10utt/sw_1092_2623.utt,2/sw2623,2623,164,+,B,108,1,"know, } to learn how to be [ a, + a ] father and,","know/VBP ,/, to/TO learn/VB how/WRB to/TO be/VB a/DT ,/, a/DT father/NN and/CC ,/,",,
sw10utt/sw_1092_2623.utt,2/sw2623,2623,165,b,A,109,1,Uh-huh. /,Uh-huh/UH ./.,,
sw10utt/sw_1092_2623.utt,2/sw2623,2623,166,+,B,110,1,"a parent, and that kind of thing, because,","a/DT parent/NN ,/, and/CC that/DT kind/NN of/IN thing/NN ,/, because/IN ,/,",,
sw10utt/sw_1092_2623.utt,2/sw2623,2623,167,b,A,111,1,Yeah. /,Yeah/UH ./.,,
sw10utt/sw_1092_2623.utt,2/sw2623,2623,168,+,B,112,1,"[ I, + I ]  can't ever remember playing ball with my dad or,","I/PRP ,/, I/PRP ca/MD n't/RB ever/RB remember/VB playing/VBG ball/NN with/IN my/PRP$ dad/NN or/CC ,/,",,
sw10utt/sw_1092_2623.utt,2/sw2623,2623,169,b,A,113,1,Uh-huh. /,Uh-huh/UH ./.,,
sw10utt/sw_1092_2623.utt,2/sw2623,2623,170,+,B,114,1,"catch with my dad, or doing anything with my dad. /","catch/NN with/IN my/PRP$ dad/NN ,/, or/CC doing/VBG anything/NN with/IN my/PRP$ dad/NN ./.",,
sw10utt/sw_1092_2623.utt,2/sw2623,2623,171,sv,A,115,1,{C And } that does make a big difference. /,And/CC that/DT does/VBZ make/VB a/DT big/JJ difference/NN ./.,,
sw10utt/sw_1092_2623.utt,2/sw2623,2623,172,aa,B,116,1,Yeah.  /,Yeah/UH ./.,,
sw10utt/sw_1092_2623.utt,2/sw2623,2623,173,%,B,116,2,"{C And } it, - /","And/CC it/PRP ,/,",,
sw10utt/sw_1092_2623.utt,2/sw2623,2623,174,%,B,116,3,"if you don't  have, - /","if/IN you/PRP do/VBP n't/RB have/VB ,/,",,
sw10utt/sw_1092_2623.utt,2/sw2623,2623,175,%,B,116,4,"I don't, - /","I/PRP do/VBP n't/RB ,/,",,
sw10utt/sw_1092_2623.utt,2/sw2623,2623,176,%,B,116,5,"I, - /","I/PRP ,/,",,
sw10utt/sw_1092_2623.utt,2/sw2623,2623,177,sv,B,116,6,it's my feeling that if you don't have a role model to follow --,it/PRP 's/BES my/PRP$ feeling/NN that/IN if/IN you/PRP do/VBP n't/RB have/VB a/DT role/NN model/NN to/TO follow/VB --/:,,
sw10utt/sw_1092_2623.utt,2/sw2623,2623,178,b,A,117,1,Uh-huh. /,Uh-huh/UH ./.,,
sw10utt/sw_1092_2623.utt,2/sw2623,2623,179,+,B,118,1,-- then it's kind of tough. /,--/: then/RB it/PRP 's/BES kind/RB of/RB tough/JJ ./.,,
sw10utt/sw_1092_2623.utt,2/sw2623,2623,180,b,A,119,1,Uh-huh. /,Uh-huh/UH ./.,,
sw10utt/sw_1092_2623.utt,2/sw2623,2623,181,sv,B,120,1,"{D You know, } everybody's not FATHER KNOWS BEST. /","You/PRP know/VBP ,/, everybody/NN 's/BES not/RB FATHER/NNP KNOWS/NNP BEST/NNP ./.",,
sw10utt/sw_1092_2623.utt,2/sw2623,2623,182,b,A,121,1,Uh-huh. /,Uh-huh/UH ./.,,
sw10utt/sw_1092_2623.utt,2/sw2623,2623,183,b,B,122,1,"Yeah, /","Yeah/UH ,/,",,
sw10utt/sw_1092_2623.utt,2/sw2623,2623,184,%,A,123,1,"[ That's, +","That/DT 's/BES ,/,",,
sw10utt/sw_1092_2623.utt,2/sw2623,2623,185,%,B,124,1,"{C but, } -/","but/CC ,/,",,
sw10utt/sw_1092_2623.utt,2/sw2623,2623,186,+,A,125,1,"that's, ] - /","that/DT 's/BES ,/,",,
sw10utt/sw_1092_2623.utt,2/sw2623,2623,187,sv,A,125,2,{D well } none of us are.  /,well/UH none/NN of/IN us/PRP are/VBP ./.,,
sw10utt/sw_1092_2623.utt,2/sw2623,2623,188,sv,A,125,3,"Let's face it,","Let/VB 's/PRP face/VB it/PRP ,/,",,
sw10utt/sw_1092_2623.utt,2/sw2623,2623,189,b,B,126,1,Yeah. /,Yeah/UH ./.,,
sw10utt/sw_1092_2623.utt,2/sw2623,2623,190,+,A,127,1,"{D you know, } we're not none of us like  they [ pro-, + portray ] it on those shows.  /","you/PRP know/VBP ,/, we/PRP 're/VBP not/RB none/NN of/IN us/PRP like/IN they/PRP pro/VBP ,/, portray/VBP it/PRP on/IN those/DT shows/NNS ./.",,
sw10utt/sw_1092_2623.utt,2/sw2623,2623,191,sv,A,127,2,"{E I mean, }","I/PRP mean/VBP ,/,",,
sw10utt/sw_1092_2623.utt,2/sw2623,2623,192,b,B,128,1,Yeah. /,Yeah/UH ./.,,
sw10utt/sw_1092_2623.utt,2/sw2623,2623,193,+,A,129,1,life's much more difficult than that. /,life/NN 's/BES much/RB more/RBR difficult/JJ than/IN that/DT ./.,,
sw10utt/sw_1092_2623.utt,2/sw2623,2623,194,b,B,130,1,Yeah.  /,Yeah/UH ./.,,
sw10utt/sw_1092_2623.utt,2/sw2623,2623,195,sv,B,130,2,"{E I,","I/PRP ,/,",,
sw10utt/sw_1092_2623.utt,2/sw2623,2623,196,%,A,131,1,"{C And, } {F uh, } -/","And/CC ,/, uh/UH ,/,",,
sw10utt/sw_1092_2623.utt,2/sw2623,2623,197,+,B,132,1,"mean, } [ [ the, + the, ] + the ]  capability to, {F uh, } create children doesn't necessarily mean you have the, {F uh, } the mental capacity to raise them <laughter>. /","mean/VBP ,/, the/DT ,/, the/DT ,/, the/DT capability/NN to/TO ,/, uh/UH ,/, create/VB children/NNS does/VBZ n't/RB necessarily/RB mean/VB you/PRP have/VB the/DT ,/, uh/UH ,/, the/DT mental/JJ capacity/NN to/TO raise/VB them/PRP ./.",,
sw10utt/sw_1092_2623.utt,2/sw2623,2623,198,b,A,133,1,Right.  /,Right/UH ./.,,
sw10utt/sw_1092_2623.utt,2/sw2623,2623,199,b^r,A,133,2,Right. /,Right/UH ./.,,
sw10utt/sw_1092_2623.utt,2/sw2623,2623,200,%,B,134,1,"{C And, } -/","And/CC ,/,",,
sw10utt/sw_1092_2623.utt,2/sw2623,2623,201,sd,A,135,1,"{D Now, } our daughter, [ our, + ] {D well, }  she's our second oldest, [ she has, + she's the ] only [ that, + ]  other one that has children.  /","Now/RB ,/, our/PRP$ daughter/NN ,/, our/PRP$ ,/, well/UH ,/, she/PRP 's/BES our/PRP$ second/JJ oldest/JJS ,/, she/PRP has/VBZ ,/, she/PRP 's/BES the/DT only/RB that/WDT ,/, other/JJ one/CD that/WDT has/VBZ children/NNS ./.",,
sw10utt/sw_1092_2623.utt,2/sw2623,2623,202,sd,A,135,2,She has two boys.  /,She/PRP has/VBZ two/CD boys/NNS ./.,,
sw10utt/sw_1092_2623.utt,2/sw2623,2623,203,sd,A,135,3,"{C And, } she works full time  /","And/CC ,/, she/PRP works/VBZ full/GW time/^RB",,
sw10utt/sw_1092_2623.utt,2/sw2623,2623,204,sd,A,135,4,{C and } I have mixed feelings about that.  /,and/CC I/PRP have/VBP mixed/JJ feelings/NNS about/IN that/DT ./.,,
sw10utt/sw_1092_2623.utt,2/sw2623,2623,205,sd,A,135,5,She's able to do that  /,She/PRP 's/BES able/JJ to/TO do/VB that/DT,,
sw10utt/sw_1092_2623.utt,2/sw2623,2623,206,sd,A,135,6,{C and } I don't know if she'd be happy to stay at home.  /,and/CC I/PRP do/VBP n't/RB know/VB if/IN she/PRP 'd/MD be/VB happy/JJ to/TO stay/VB at/IN home/NN ./.,,
sw10utt/sw_1092_2623.utt,2/sw2623,2623,207,sd,A,135,7,"{C But, } yet, on the other hand, [ I, + I've ] got the mixed feelings that I  think you should be at home with your children.  /","But/CC ,/, yet/RB ,/, on/IN the/DT other/JJ hand/NN ,/, I/PRP ,/, I/PRP 've/VBP got/VBN the/DT mixed/JJ feelings/NNS that/WDT I/PRP think/VBP you/PRP should/MD be/VB at/IN home/NN with/IN your/PRP$ children/NNS ./.",,
sw10utt/sw_1092_2623.utt,2/sw2623,2623,208,sd,A,135,8,"I'm kind of old fashioned, I guess, that way. /","I/PRP 'm/VBP kind/RB of/RB old/RB fashioned/JJ ,/, I/PRP guess/VBP ,/, that/DT way/NN ./.",,
sw10utt/sw_1092_2623.utt,2/sw2623,2623,209,b,B,136,1,Yes. /,Yes/UH ./.,,
sw10utt/sw_1092_2623.utt,2/sw2623,2623,210,sd,A,137,1,"{C But } [ they seem to, + they seem to ]  give, {F uh, } quality time to those children when they are together.  /","But/CC they/PRP seem/VBP to/TO ,/, they/PRP seem/VBP to/TO give/VB ,/, uh/UH ,/, quality/NN time/NN to/IN those/DT children/NNS when/WRB they/PRP are/VBP together/RB ./.",,
sw10utt/sw_1092_2623.utt,2/sw2623,2623,211,sd,A,137,2,"[ {C And, } + {C and } ] {C so, }  [ it seems, + <noise> it seems ] for them that it works out all right.  /","And/CC ,/, and/CC so/RB ,/, it/PRP seems/VBZ ,/, it/PRP seems/VBZ for/IN them/PRP that/IN it/PRP works/VBZ out/RP all/RB right/RB ./.",,
sw10utt/sw_1092_2623.utt,2/sw2623,2623,212,h,A,137,3,"{C So, } I don't know.  /","So/RB ,/, I/PRP do/VBP n't/RB know/VB ./.",,
sw10utt/sw_1092_2623.utt,2/sw2623,2623,213,sd,A,137,4,"[  I, + I ]  don't think I ever would have had what it would take to work full time and raise a family.  /","I/PRP ,/, I/PRP do/VBP n't/RB think/VB I/PRP ever/RB would/MD have/VB had/VBN what/WP it/PRP would/MD take/VB to/TO work/VB full/GW time/^RB and/CC raise/VB a/DT family/NN ./.",,
sw10utt/sw_1092_2623.utt,2/sw2623,2623,214,%@,A,137,5,"(( {C So } )) ,","So/RB ,/,",,
sw10utt/sw_1092_2623.utt,2/sw2623,2623,215,b,B,138,1,Yes. /,Yes/UH ./.,,
sw10utt/sw_1092_2623.utt,2/sw2623,2623,216,+@,A,139,1,"(( I )) , -/","I/PRP ,/,",,
sw10utt/sw_1092_2623.utt,2/sw2623,2623,217,sv,B,140,1,"[ It's, + it's ] not easy. /","It/PRP 's/BES ,/, it/PRP 's/BES not/RB easy/JJ ./.",,
sw10utt/sw_1092_2623.utt,2/sw2623,2623,218,b,A,141,1,Yeah. /,Yeah/UH ./.,,
sw10utt/sw_1092_2623.utt,2/sw2623,2623,219,sd,B,142,1,"[ I've, + {F uh, } {D you know, } I've ]  helped out extremely, {F uh, } - /","I/PRP 've/VBP ,/, uh/UH ,/, you/PRP know/VBP ,/, I/PRP 've/VBP helped/VBN out/RP extremely/RB ,/, uh/UH ,/,",,
sw10utt/sw_1092_2623.utt,2/sw2623,2623,220,sd,B,142,2,"{D well, } I can't say <noise> that,  /","well/RB ,/, I/PRP ca/MD n't/RB say/VB that/DT ,/,",,
sw10utt/sw_1092_2623.utt,2/sw2623,2623,221,sd,B,142,3,"{C but } I've helped out <laughter>,","but/CC I/PRP 've/VBP helped/VBD out/RP ,/,",,
sw10utt/sw_1092_2623.utt,2/sw2623,2623,222,b,A,143,1,Uh-huh. /,Uh-huh/UH ./.,,
sw10utt/sw_1092_2623.utt,2/sw2623,2623,223,+,B,144,1,as best I could at home. /,as/IN best/JJS I/PRP could/MD at/IN home/NN ./.,,
sw10utt/sw_1092_2623.utt,2/sw2623,2623,224,b,A,145,1,Uh-huh. /,Uh-huh/UH ./.,,
sw10utt/sw_1092_2623.utt,2/sw2623,2623,225,sv,B,146,1,"{C And, } {F uh, } [ y-, + ] as you know,  with five children it takes a lot of work. /","And/CC ,/, uh/UH ,/, y-/PRP ,/, as/IN you/PRP know/VBP ,/, with/IN five/CD children/NNS it/PRP takes/VBZ a/DT lot/NN of/IN work/NN ./.",,
sw10utt/sw_1092_2623.utt,2/sw2623,2623,226,aa,A,147,1,Yes.  /,Yes/UH ./.,,
sw10utt/sw_1092_2623.utt,2/sw2623,2623,227,sd,A,147,2,"It does,","It/PRP does/VBZ ,/,",,
sw10utt/sw_1092_2623.utt,2/sw2623,2623,228,sv,B,148,1,"[ Even,","Even/RB ,/,",,
sw10utt/sw_1092_2623.utt,2/sw2623,2623,229,+,A,149,1,"[ it, + it, ] - /","it/PRP ,/, it/PRP ,/,",,
sw10utt/sw_1092_2623.utt,2/sw2623,2623,230,%,A,149,2,yeah. /,yeah/UH ./.,,
sw10utt/sw_1092_2623.utt,2/sw2623,2623,231,+,B,150,1,"if, + even if ] someone's home all the time,  there's still a lot of things that have to be done. /","if/IN ,/, even/RB if/IN someone/NN 's/BES home/NN all/PDT the/DT time/NN ,/, there/EX 's/BES still/RB a/DT lot/NN of/IN things/NNS that/WDT have/VBP to/TO be/VB done/VBN ./.",,
sw10utt/sw_1092_2623.utt,2/sw2623,2623,232,b,A,151,1,Yeah.  /,Yeah/UH ./.,,
sw10utt/sw_1092_2623.utt,2/sw2623,2623,233,qw,A,151,2,What line of work are you in  now since you went to school  /,What/WDT line/NN of/IN work/NN are/VBP you/PRP in/IN now/RB since/IN you/PRP went/VBD to/IN school/NN,,
sw10utt/sw_1092_2623.utt,2/sw2623,2623,234,o@,A,151,3,"{C and, } *[[slash error]]","and/CC ,/,",,
sw10utt/sw_1092_2623.utt,2/sw2623,2623,235,sd,B,152,1,"{F Uh, } {D well, } now I work for Texas Instruments. /","Uh/UH ,/, well/UH ,/, now/RB I/PRP work/VBP for/IN Texas/NNP Instruments/NNPS ./.",,
sw10utt/sw_1092_2623.utt,2/sw2623,2623,236,+@,A,153,1,"{F Oh, }","Oh/UH ,/,",,
sw10utt/sw_1092_2623.utt,2/sw2623,2623,237,sd,B,154,1,"[ {C So, } +","So/RB ,/,",,
sw10utt/sw_1092_2623.utt,2/sw2623,2623,238,+,A,155,1,okay. /,okay/UH ./.,,
sw10utt/sw_1092_2623.utt,2/sw2623,2623,239,+,B,156,1,"{C so, } ]  I'm in computers. /","so/RB ,/, I/PRP 'm/VBP in/IN computers/NNS ./.",,
sw10utt/sw_1092_2623.utt,2/sw2623,2623,240,bk,A,157,1,Okay.  /,Okay/UH ./.,,
sw10utt/sw_1092_2623.utt,2/sw2623,2623,241,sd,A,157,2,"A lot of the people [ I've, that's call-, + I've talked ]  to work for, {F uh, } for the same. /","A/DT lot/NN of/IN the/DT people/NNS I/PRP 've/VBP ,/, that/DT 's/BES call-/XX ,/, I/PRP 've/VBP talked/VBN to/IN work/VBP for/IN ,/, uh/UH ,/, for/IN the/DT same/JJ ./.",,
sw10utt/sw_1092_2623.utt,2/sw2623,2623,242,b,B,158,1,Yeah. /,Yeah/UH ./.,,
sw10utt/sw_1092_2623.utt,2/sw2623,2623,243,%,A,159,1,{F Uh. } /,Uh/UH ./.,,
sw10utt/sw_1092_2623.utt,2/sw2623,2623,244,%,B,160,1,"{C And so, } I've, {F uh, } - /","And/CC so/RB ,/, I/PRP 've/VBP ,/, uh/UH ,/,",,
sw10utt/sw_1092_2623.utt,2/sw2623,2623,245,sd,B,160,2,"prior to that [ I, + {F uh, } I ] worked in a food store. /","prior/IN to/IN that/DT I/PRP ,/, uh/UH ,/, I/PRP worked/VBD in/IN a/DT food/NN store/NN ./.",,
sw10utt/sw_1092_2623.utt,2/sw2623,2623,246,b,A,161,1,Uh-huh. /,Uh-huh/UH ./.,,
sw10utt/sw_1092_2623.utt,2/sw2623,2623,247,%,B,162,1,"{C And, } {F uh, } {D you know, } wor-, -/","And/CC ,/, uh/UH ,/, you/PRP know/VBP ,/, wor-/XX ,/,",,
sw10utt/sw_1092_2623.utt,2/sw2623,2623,248,qy^d,A,163,1,"Which your income would be a lot better,","Which/WDT your/PRP$ income/NN would/MD be/VB a/DT lot/NN better/JJR ,/,",,
sw10utt/sw_1092_2623.utt,2/sw2623,2623,249,o@,B,164,1,"{F Uh, } *[[slash error]]","Uh/UH ,/,",,
sw10utt/sw_1092_2623.utt,2/sw2623,2623,250,+,A,165,1,now. /,now/RB ./.,,
sw10utt/sw_1092_2623.utt,2/sw2623,2623,251,+@,B,166,1,right. /   *[[slash error]],right/UH ./.,,
sw10utt/sw_1092_2623.utt,2/sw2623,2623,252,b,A,167,1,Yeah. /,Yeah/UH ./.,,
sw10utt/sw_1092_2623.utt,2/sw2623,2623,253,b,B,168,1,Yeah.  /,Yeah/UH ./.,,
sw10utt/sw_1092_2623.utt,2/sw2623,2623,254,sd,B,168,2,"[ [ It, + {F uh, } it ] was, + {F uh, } it was ] [ a, + a ] smart move to make. /","It/PRP ,/, uh/UH ,/, it/PRP was/VBD ,/, uh/UH ,/, it/PRP was/VBD a/DT ,/, a/DT smart/JJ move/NN to/TO make/VB ./.",,
sw10utt/sw_1092_2623.utt,2/sw2623,2623,255,b,A,169,1,Uh-huh. /,Uh-huh/UH ./.,,
sw10utt/sw_1092_2623.utt,2/sw2623,2623,256,sd,B,170,1,"{F Um, }","Um/UH ,/,",,
sw10utt/sw_1092_2623.utt,2/sw2623,2623,257,b,A,171,1,Uh-huh. /,Uh-huh/UH ./.,,
sw10utt/sw_1092_2623.utt,2/sw2623,2623,258,+,B,172,1,I was more intelligent than the position I was holding. /,I/PRP was/VBD more/RBR intelligent/JJ than/IN the/DT position/NN I/PRP was/VBD holding/VBG ./.,,
sw10utt/sw_1092_2623.utt,2/sw2623,2623,259,b,A,173,1,Right. /,Right/UH ./.,,
sw10utt/sw_1092_2623.utt,2/sw2623,2623,260,%,B,174,1,"{C And, } {F uh, }","And/CC ,/, uh/UH ,/,",,
sw10utt/sw_1092_2623.utt,2/sw2623,2623,261,sv,A,175,1,"{C And } it's,","And/CC it/PRP 's/BES ,/,",,
sw10utt/sw_1092_2623.utt,2/sw2623,2623,262,+,B,176,1,"it was, -/","it/PRP was/VBD ,/,",,
sw10utt/sw_1092_2623.utt,2/sw2623,2623,263,+,A,177,1,kind of a waste of a person. /,kind/RB of/RB a/DT waste/NN of/IN a/DT person/NN ./.,,
sw10utt/sw_1092_2623.utt,2/sw2623,2623,264,aa,B,178,1,<Breathing> Yes.  /,Yes/UH ./.,,
sw10utt/sw_1092_2623.utt,2/sw2623,2623,265,sd,B,178,2,"[  I, + I, ]","I/PRP ,/, I/PRP ,/,",,
sw10utt/sw_1092_2623.utt,2/sw2623,2623,266,o,A,179,1,You know. -/,You/PRP know/VBP ./.,,
sw10utt/sw_1092_2623.utt,2/sw2623,2623,267,+,B,180,1,"felt that it certainly was,  /","felt/VBD that/IN it/PRP certainly/RB was/VBD ,/,",,
sw10utt/sw_1092_2623.utt,2/sw2623,2623,268,sd,B,180,2,"{E I mean, }","I/PRP mean/VBP ,/,",,
sw10utt/sw_1092_2623.utt,2/sw2623,2623,269,b,A,181,1,Uh-huh. /,Uh-huh/UH ./.,,
sw10utt/sw_1092_2623.utt,2/sw2623,2623,270,+,B,182,1,I was smarter than most of the people  that I was working for. /,I/PRP was/VBD smarter/JJR than/IN most/JJS of/IN the/DT people/NNS that/WDT I/PRP was/VBD working/VBG for/IN ./.,,
sw10utt/sw_1092_2623.utt,2/sw2623,2623,271,b,A,183,1,Uh-huh. /,Uh-huh/UH ./.,,
sw10utt/sw_1092_2623.utt,2/sw2623,2623,272,sd,B,184,1,"{C And, } {F uh, } {D you know, } every time  something new came up, I was explaining it to them. /","And/CC ,/, uh/UH ,/, you/PRP know/VBP ,/, every/DT time/NN something/NN new/JJ came/VBD up/RP ,/, I/PRP was/VBD explaining/VBG it/PRP to/IN them/PRP ./.",,
sw10utt/sw_1092_2623.utt,2/sw2623,2623,273,b,A,185,1,Uh-huh. /,Uh-huh/UH ./.,,
sw10utt/sw_1092_2623.utt,2/sw2623,2623,274,%,B,186,1,"{C And, }","And/CC ,/,",,
sw10utt/sw_1092_2623.utt,2/sw2623,2623,275,b,A,187,1,Uh-huh. /,Uh-huh/UH ./.,,
sw10utt/sw_1092_2623.utt,2/sw2623,2623,276,+,B,188,1,"{F uh, } I,","uh/UH ,/, I/PRP ,/,",,
sw10utt/sw_1092_2623.utt,2/sw2623,2623,277,qy^d,A,189,1,"{C And } [ you, +","And/CC you/PRP ,/,",,
sw10utt/sw_1092_2623.utt,2/sw2623,2623,278,+,B,190,1,"had, -/","had/VBD ,/,",,
sw10utt/sw_1092_2623.utt,2/sw2623,2623,279,+,A,191,1,"you ] recognized this and,","you/PRP recognized/VBD this/DT and/CC ,/,",,
sw10utt/sw_1092_2623.utt,2/sw2623,2623,280,o,B,192,1,No <breathing>. /,No/UH ./.,,
sw10utt/sw_1092_2623.utt,2/sw2623,2623,281,+,A,193,1,"was able to, {D you know, }","was/VBD able/JJ to/TO ,/, you/PRP know/VBP ,/,",,
sw10utt/sw_1092_2623.utt,2/sw2623,2623,282,ny,B,194,1,Yeah.  /,Yeah/UH ./.,,
sw10utt/sw_1092_2623.utt,2/sw2623,2623,283,%,B,194,2,"I, {F uh, } -/","I/PRP ,/, uh/UH ,/,",,
sw10utt/sw_1092_2623.utt,2/sw2623,2623,284,+,A,195,1,do something about it. /,do/VB something/NN about/IN it/PRP ./.,,
sw10utt/sw_1092_2623.utt,2/sw2623,2623,285,ny,B,196,1,<Smack> Yeah.  /,Yeah/UH ./.,,
sw10utt/sw_1092_2623.utt,2/sw2623,2623,286,sd,B,196,2,"I, {F uh, } started back  to school.  /","I/PRP ,/, uh/UH ,/, started/VBD back/RB to/IN school/NN ./.",,
sw10utt/sw_1092_2623.utt,2/sw2623,2623,287,sd,B,196,3,"In fact, I was going to school while I was working fifty-one hours a week  /","In/IN fact/NN ,/, I/PRP was/VBD going/VBG to/IN school/NN while/IN I/PRP was/VBD working/VBG fifty-one/CD hours/NNS a/DT week/NN",,
sw10utt/sw_1092_2623.utt,2/sw2623,2623,288,%,B,196,4,"{C and } that's why I, - /","and/CC that/DT 's/BES why/WRB I/PRP ,/,",,
sw10utt/sw_1092_2623.utt,2/sw2623,2623,289,sv,B,196,5,{D you know } --,you/PRP know/VBP --/:,,
sw10utt/sw_1092_2623.utt,2/sw2623,2623,290,b,A,197,1,Uh-huh. /,Uh-huh/UH ./.,,
sw10utt/sw_1092_2623.utt,2/sw2623,2623,291,+,B,198,1,"-- if you're working, if you're taking twelve  credits at night and you're working fifty-one hours a week,  there's not much time left to spend with, -/","--/: if/IN you/PRP 're/VBP working/VBG ,/, if/IN you/PRP 're/VBP taking/VBG twelve/CD credits/NNS at/IN night/NN and/CC you/PRP 're/VBP working/VBG fifty-one/CD hours/NNS a/DT week/NN ,/, there/EX 's/BES not/RB much/JJ time/NN left/VBN to/TO spend/VB with/IN ,/,",,
sw10utt/sw_1092_2623.utt,2/sw2623,2623,292,sv,A,199,1,"{D Well, } it puts a strain on everybody,  your wife and your family. /","Well/UH ,/, it/PRP puts/VBZ a/DT strain/NN on/IN everybody/NN ,/, your/PRP$ wife/NN and/CC your/PRP$ family/NN ./.",,
sw10utt/sw_1092_2623.utt,2/sw2623,2623,293,b,B,200,1,Yeah  /,Yeah/UH,,
sw10utt/sw_1092_2623.utt,2/sw2623.pos,2623,294,x,B,200,2,<breathing>.,./.
sw10utt/sw_1092_2623.utt,2/sw2623,2623,295,sv,A,201,1,"{C And, } the only thing you can remember  is to <laughter> <<tape skips>> try and  stay together as much as you can,","And/CC ,/, the/DT only/JJ thing/NN you/PRP can/MD remember/VB is/VBZ to/TO try/VB and/CC stay/VB together/RB as/RB much/JJ as/IN you/PRP can/MD ,/,",,
sw10utt/sw_1092_2623.utt,2/sw2623,2623,296,x,B,202,1,<Laughter>.,,,
sw10utt/sw_1092_2623.utt,2/sw2623,2623,297,+,A,203,1,"because it's very easy to, {F uh, }  [ become, + ] go your own direction --","because/IN it/PRP 's/BES very/RB easy/JJ to/TO ,/, uh/UH ,/, become/VB ,/, go/VB your/PRP$ own/JJ direction/NN --/:",,
sw10utt/sw_1092_2623.utt,2/sw2623,2623,298,b,B,204,1,Yeah  /,Yeah/UH,,
sw10utt/sw_1092_2623.utt,2/sw2623.pos,2623,299,x,B,204,2,<breathing>.,./.
sw10utt/sw_1092_2623.utt,2/sw2623,2623,300,+,A,205,1,"-- [ when you're s-, + when you're ]  working so hard and going to school, too. /","--/: when/WRB you/PRP 're/VBP s-/XX ,/, when/WRB you/PRP 're/VBP working/VBG so/RB hard/JJ and/CC going/VBG to/IN school/NN ,/, too/RB ./.",,
sw10utt/sw_1092_2623.utt,2/sw2623,2623,301,b,B,206,1,Yeah.  /,Yeah/UH ./.,,
sw10utt/sw_1092_2623.utt,2/sw2623,2623,302,sd,B,206,2,"{D Well, } [ it, + it ] all paid off. /","Well/UH ,/, it/PRP ,/, it/PRP all/DT paid/VBD off/RP ./.",,
sw10utt/sw_1092_2623.utt,2/sw2623,2623,303,ba,A,207,1,"{D Well, } that's wonderful. /","Well/UH ,/, that/DT 's/BES wonderful/JJ ./.",,
sw10utt/sw_1092_2623.utt,2/sw2623,2623,304,sd,B,208,1,"{C So, } {F uh, } {D you know, }  I got my degree and got the better paying job,  /","So/RB ,/, uh/UH ,/, you/PRP know/VBP ,/, I/PRP got/VBD my/PRP$ degree/NN and/CC got/VBD the/DT better/JJR paying/JJ job/NN ,/,",,
sw10utt/sw_1092_2623.utt,2/sw2623,2623,305,sd,B,208,2,[ {C and } + --,and/CC --/:,,
sw10utt/sw_1092_2623.utt,2/sw2623,2623,306,b,A,209,1,Uh-huh . /,Uh-huh/UH ./.,,
sw10utt/sw_1092_2623.utt,2/sw2623,2623,307,+,B,210,1,"-- {C and, } ] {F uh, } {D you know, } [ we, + I ]  think as a family we're a lot better off. /","--/: and/CC ,/, uh/UH ,/, you/PRP know/VBP ,/, we/PRP ,/, I/PRP think/VBP as/IN a/DT family/NN we/PRP 're/VBP a/DT lot/NN better/JJR off/RP ./.",,
sw10utt/sw_1092_2623.utt,2/sw2623,2623,308,b,A,211,1,Uh-huh.  /,Uh-huh/UH ./.,,
sw10utt/sw_1092_2623.utt,2/sw2623,2623,309,sd,A,211,2,"It sounds to me like, {F uh, }  you're doing well.  /","It/PRP sounds/VBZ to/IN me/PRP like/IN ,/, uh/UH ,/, you/PRP 're/VBP doing/VBG well/RB ./.",,
sw10utt/sw_1092_2623.utt,2/sw2623,2623,310,sd,A,211,3,"My husband's retired,  /","My/PRP$ husband/NN 's/BES retired/JJ ,/,",,
sw10utt/sw_1092_2623.utt,2/sw2623,2623,311,sd,A,211,4,"{C so, } {F uh, } he's been retired for three years now. /","so/RB ,/, uh/UH ,/, he/PRP 's/HVS been/VBN retired/JJ for/IN three/CD years/NNS now/RB ./.",,
sw10utt/sw_1092_2623.utt,2/sw2623,2623,312,b,B,212,1,Uh-huh. /,Uh-huh/UH ./.,,
sw10utt/sw_1092_2623.utt,2/sw2623,2623,313,b,A,213,1,Yeah.  /,Yeah/UH ./.,,
sw10utt/sw_1092_2623.utt,2/sw2623,2623,314,sv,A,213,2,That's quite a change. /,That/DT 's/BES quite/PDT a/DT change/NN ./.,,
sw10utt/sw_1092_2623.utt,2/sw2623,2623,315,b,B,214,1,"<Breathing> Yeah,  /","Yeah/UH ,/,",,
sw10utt/sw_1092_2623.utt,2/sw2623,2623,316,sd,B,214,2,"{D well, } my goal is to  try to retire by the time I'm fifty-five. /","well/UH ,/, my/PRP$ goal/NN is/VBZ to/TO try/VB to/TO retire/VB by/IN the/DT time/NN I/PRP 'm/VBP fifty-five/CD ./.",,
sw10utt/sw_1092_2623.utt,2/sw2623,2623,317,sd,A,215,1,"{F Oh, } {D well, } he made it at fifty <laughter>. /","Oh/UH ,/, well/UH ,/, he/PRP made/VBD it/PRP at/IN fifty/CD ./.",,
sw10utt/sw_1092_2623.utt,2/sw2623,2623,318,ba,B,216,1,Great. /,Great/JJ ./.,,
sw10utt/sw_1092_2623.utt,2/sw2623,2623,319,sd,A,217,1,<breathing> It was a magic number for him  /,It/PRP was/VBD a/DT magic/NN number/NN for/IN him/PRP,,
sw10utt/sw_1092_2623.utt,2/sw2623,2623,320,sd,A,217,2,"[ {C and, } + {C and, } ] {F uh, } he went at fifty,  /","and/CC ,/, and/CC ,/, uh/UH ,/, he/PRP went/VBD at/IN fifty/CD ,/,",,
sw10utt/sw_1092_2623.utt,2/sw2623,2623,321,sd,A,217,3,"{C and } he still works part time at other  thing, {D you know, } same job as he was doing, only he's retired and doing it independently. /","and/CC he/PRP still/RB works/VBZ part/GW time/^RB at/IN other/JJ thing/NN ,/, you/PRP know/VBP ,/, same/JJ job/NN as/IN he/PRP was/VBD doing/VBG ,/, only/RB he/PRP 's/BES retired/JJ and/CC doing/VBG it/PRP independently/RB ./.",,
sw10utt/sw_1092_2623.utt,2/sw2623,2623,322,b,B,218,1,Uh-huh. /,Uh-huh/UH ./.,,
sw10utt/sw_1092_2623.utt,2/sw2623,2623,323,sd,A,219,1,"But, {F uh, } nevertheless retired. /","But/CC ,/, uh/UH ,/, nevertheless/RB retired/JJ ./.",,
sw10utt/sw_1092_2623.utt,2/sw2623,2623,324,%,B,220,1,"{D Well, } I'm <<fade out>>. -/","Well/UH ,/, I/PRP 'm/VBP ./.",,
