swda_filename,ptb_basename,conversation_no,transcript_index,act_tag,caller,utterance_index,subutterance_index,text,pos,trees,ptb_treenumbers
sw10utt/sw_1030_2064.utt,2/sw2064,2064,0,sd,A,1,1,"{D Well, } I am new to Texas,  /","Well/UH ,/, I/PRP am/VBP new/JJ to/IN Texas/NNP ,/,",,
sw10utt/sw_1030_2064.utt,2/sw2064,2064,1,sd,A,1,2,"{C so } I don't even know what the law is,","so/RB I/PRP do/VBP n't/RB even/RB know/VB what/WP the/DT law/NN is/VBZ ,/,",,
sw10utt/sw_1030_2064.utt,2/sw2064,2064,2,bh,B,2,1,Uh-huh? /,Uh-huh/UH ?/.,,
sw10utt/sw_1030_2064.utt,2/sw2064,2064,3,+,A,3,1,"in the state,  /","in/IN the/DT state/NN ,/,",,
sw10utt/sw_1030_2064.utt,2/sw2064,2064,4,bh,A,3,2,do you? /,do/VBP you/PRP ?/.,,
sw10utt/sw_1030_2064.utt,2/sw2064,2064,5,ny,B,4,1,"{D Well, } yes,  /","Well/UH ,/, yes/UH ,/,",,
sw10utt/sw_1030_2064.utt,2/sw2064,2064,6,sd,B,4,2,"of course, we do have capital punishment.  /","of/IN course/NN ,/, we/PRP do/VBP have/VB capital/NN punishment/NN ./.",,
sw10utt/sw_1030_2064.utt,2/sw2064,2064,7,sd,B,4,3,"{C And } we've,  {D you know, } done away with our, quote, fair share number. /","And/CC we/PRP 've/VBP ,/, you/PRP know/VBP ,/, done/VBN away/RB with/IN our/PRP$ ,/, quote/NN ,/, fair/JJ share/NN number/NN ./.",,
sw10utt/sw_1030_2064.utt,2/sw2064,2064,8,ba,A,5,1,"{F Oh, } that's right,  /","Oh/UH ,/, that/DT 's/BES right/JJ ,/,",,
sw10utt/sw_1030_2064.utt,2/sw2064,2064,9,sd,A,5,2,"I think now, that I recall, reading about it in the paper. /","I/PRP think/VBP now/RB ,/, that/IN I/PRP recall/VBP ,/, reading/VBG about/IN it/PRP in/IN the/DT paper/NN ./.",,
sw10utt/sw_1030_2064.utt,2/sw2064,2064,10,b,B,6,1,Yes. /,Yes/UH ./.,,
sw10utt/sw_1030_2064.utt,2/sw2064,2064,11,%,A,7,1,"{F Um, } {D you know, } different things, - /","Um/UH ,/, you/PRP know/VBP ,/, different/JJ things/NNS ,/,",,
sw10utt/sw_1030_2064.utt,2/sw2064,2064,12,qy,A,7,2,is it restricted to certain crimes?  /,is/VBZ it/PRP restricted/VBD to/IN certain/JJ crimes/NNS ?/.,,
sw10utt/sw_1030_2064.utt,2/sw2064,2064,13,%,A,7,3,"{C Or } just, -/","Or/CC just/RB ,/,",,
sw10utt/sw_1030_2064.utt,2/sw2064,2064,14,ny,B,8,1,"Yes,  /","Yes/UH ,/,",,
sw10utt/sw_1030_2064.utt,2/sw2064,2064,15,sd^e,B,8,2,"it's certain crimes, {F uh, }  capital crimes,  murder, of course, {F uh, } rape,","it/PRP 's/BES certain/JJ crimes/NNS ,/, uh/UH ,/, capital/NN crimes/NNS ,/, murder/NN ,/, of/IN course/NN ,/, uh/UH ,/, rape/NN ,/,",,
sw10utt/sw_1030_2064.utt,2/sw2064,2064,16,b,A,9,1,Uh-huh. /,Uh-huh/UH ./.,,
sw10utt/sw_1030_2064.utt,2/sw2064,2064,17,+,B,10,1,this sort of thing. /,this/DT sort/NN of/IN thing/NN ./.,,
sw10utt/sw_1030_2064.utt,2/sw2064,2064,18,%,A,11,1,{F Um. }  {D Well. } -/,Um/UH ./. Well/UH ./.,,
sw10utt/sw_1030_2064.utt,2/sw2064,2064,19,sv,B,12,1,"It seems to be a disproportionate number of blacks, {D you know, } that get into the system. /","It/PRP seems/VBZ to/TO be/VB a/DT disproportionate/JJ number/NN of/IN blacks/NNS ,/, you/PRP know/VBP ,/, that/WDT get/VBP into/IN the/DT system/NN ./.",,
sw10utt/sw_1030_2064.utt,2/sw2064,2064,20,b,A,13,1,"Yes,  /","Yes/UH ,/,",,
sw10utt/sw_1030_2064.utt,2/sw2064,2064,21,sv,A,13,2,"I know,  /","I/PRP know/VBP ,/,",,
sw10utt/sw_1030_2064.utt,2/sw2064,2064,22,sv,A,13,3,"the one thing that I think is really sad about it, as I recall, from the articles that I've read, is that [ if, + if  ] people who have been there, <throat_clearing> are going to be killed.  {F Um, } there's people that come to the prisons and they're very violent  /","the/DT one/CD thing/NN that/WDT I/PRP think/VBP is/VBZ really/RB sad/JJ about/IN it/PRP ,/, as/IN I/PRP recall/VBP ,/, from/IN the/DT articles/NNS that/WDT I/PRP 've/VBP read/VBN ,/, is/VBZ that/IN if/IN ,/, if/IN people/NNS who/WP have/VBP been/VBN there/RB ,/, are/VBP going/VBG to/TO be/VB killed/VBN ./. Um/UH ,/, there/EX 's/BES people/NNS that/WDT come/VBP to/IN the/DT prisons/NNS and/CC they/PRP 're/VBP very/RB violent/JJ",,
sw10utt/sw_1030_2064.utt,2/sw2064,2064,23,%,A,13,4,"{C and, } they want, - /","and/CC ,/, they/PRP want/VBP ,/,",,
sw10utt/sw_1030_2064.utt,2/sw2064,2064,24,sv,A,13,5,{E I mean }  they're anxious for someone to be killed <child>. /,I/PRP mean/VBP they/PRP 're/VBP anxious/JJ for/IN someone/NN to/TO be/VB killed/VBN ./.,,
sw10utt/sw_1030_2064.utt,2/sw2064,2064,25,b,B,14,1,Uh-huh.  /,Uh-huh/UH ./.,,
sw10utt/sw_1030_2064.utt,2/sw2064,2064,26,b,B,14,2,Yes. /,Yes/UH ./.,,
sw10utt/sw_1030_2064.utt,2/sw2064,2064,27,%,A,15,1,"I just, - /","I/PRP just/RB ,/,",,
sw10utt/sw_1030_2064.utt,2/sw2064,2064,28,sd,A,15,2,I can't see that. /,I/PRP ca/MD n't/RB see/VB that/DT ./.,,
sw10utt/sw_1030_2064.utt,2/sw2064,2064,29,sv,B,16,1,"That happens on occasion,  /","That/DT happens/VBZ on/IN occasion/NN ,/,",,
sw10utt/sw_1030_2064.utt,2/sw2064,2064,30,sv,B,16,2,"it sure does, /","it/PRP sure/RB does/VBZ ,/,",,
sw10utt/sw_1030_2064.utt,2/sw2064,2064,31,x,A,17,1,<Throat_clearing>.,,,
sw10utt/sw_1030_2064.utt,2/sw2064,2064,32,sv,B,18,1,"maybe it just depends on, {D you know, } how closely the crime, {D you know, }","maybe/RB it/PRP just/RB depends/VBZ on/IN ,/, you/PRP know/VBP ,/, how/WRB closely/RB the/DT crime/NN ,/, you/PRP know/VBP ,/,",,
sw10utt/sw_1030_2064.utt,2/sw2064,2064,33,b,A,19,1,Uh-huh. /,Uh-huh/UH ./.,,
sw10utt/sw_1030_2064.utt,2/sw2064,2064,34,+,B,20,1,has affected you personally.  /,has/VBZ affected/VBN you/PRP personally/RB ./.,,
sw10utt/sw_1030_2064.utt,2/sw2064,2064,35,h,B,20,2,"{D You know, } I don't know,  /","You/PRP know/VBP ,/, I/PRP do/VBP n't/RB know/VB ,/,",,
sw10utt/sw_1030_2064.utt,2/sw2064,2064,36,sv,B,20,3,{C or } a person personally. -/,or/CC a/DT person/NN personally/RB ./.,,
sw10utt/sw_1030_2064.utt,2/sw2064,2064,37,ar,A,21,1,No. /,No/UH ./.,,
sw10utt/sw_1030_2064.utt,2/sw2064,2064,38,sv,B,22,1,"I think I would be, {D you know, } - /","I/PRP think/VBP I/PRP would/MD be/VB ,/, you/PRP know/VBP ,/,",,
sw10utt/sw_1030_2064.utt,2/sw2064,2064,39,sd,B,22,2,"[ I guess, + really if I had to say yes or no, I guess  ] I would say, {D you know, } that I am in certain cases, in favor of the death penalty,  /","I/PRP guess/VBP ,/, really/RB if/IN I/PRP had/VBD to/TO say/VB yes/UH or/CC no/UH ,/, I/PRP guess/VBP I/PRP would/MD say/VB ,/, you/PRP know/VBP ,/, that/IN I/PRP am/VBP in/IN certain/JJ cases/NNS ,/, in/IN favor/NN of/IN the/DT death/NN penalty/NN ,/,",,
sw10utt/sw_1030_2064.utt,2/sw2064,2064,40,sv,B,22,3,I don't know that it's a big deterrent really.  /,I/PRP do/VBP n't/RB know/VB that/IN it/PRP 's/BES a/DT big/JJ deterrent/NN really/RB ./.,,
sw10utt/sw_1030_2064.utt,2/sw2064,2064,41,sv,B,22,4,I don't know that it is.  /,I/PRP do/VBP n't/RB know/VB that/IN it/PRP is/VBZ ./.,,
sw10utt/sw_1030_2064.utt,2/sw2064,2064,42,sv,B,22,5,"I don't know how we'd ever find out, {D you know, } really whether it is or  not. /","I/PRP do/VBP n't/RB know/VB how/WRB we/PRP 'd/MD ever/RB find/VB out/RP ,/, you/PRP know/VBP ,/, really/RB whether/IN it/PRP is/VBZ or/CC not/RB ./.",,
sw10utt/sw_1030_2064.utt,2/sw2064,2064,43,sv,A,23,1,"{D Well, } there is so many chances for appeal, that it kee-, -/","Well/UH ,/, there/EX is/VBZ so/RB many/JJ chances/NNS for/IN appeal/NN ,/, that/IN it/PRP kee/VBZ ,/,",,
sw10utt/sw_1030_2064.utt,2/sw2064,2064,44,aa,B,24,1,"{F Oh, } yeah,  /","Oh/UH ,/, yeah/UH ,/,",,
sw10utt/sw_1030_2064.utt,2/sw2064,2064,45,aa,B,24,2,"{F oh, } absolutely,  /","oh/UH ,/, absolutely/UH ,/,",,
sw10utt/sw_1030_2064.utt,2/sw2064,2064,46,aa^r,B,24,3,"yeah,  /","yeah/UH ,/,",,
sw10utt/sw_1030_2064.utt,2/sw2064,2064,47,sv,B,24,4,"it goes on for years and years, and costs hundreds of thousands of dollars, taxpayer money. /","it/PRP goes/VBZ on/RP for/IN years/NNS and/CC years/NNS ,/, and/CC costs/VBZ hundreds/NNS of/IN thousands/NNS of/IN dollars/NNS ,/, taxpayer/NN money/NN ./.",,
sw10utt/sw_1030_2064.utt,2/sw2064,2064,48,%,A,25,1,"Ye-,  /","Ye-/XX ,/,",,
sw10utt/sw_1030_2064.utt,2/sw2064,2064,49,sv,A,25,2,it's really sad. /,it/PRP 's/BES really/RB sad/JJ ./.,,
sw10utt/sw_1030_2064.utt,2/sw2064,2064,50,b,B,26,1,Yeah. /,Yeah/UH ./.,,
sw10utt/sw_1030_2064.utt,2/sw2064,2064,51,sd,A,27,1,"I don't know,  /","I/PRP do/VBP n't/RB know/VB ,/,",,
sw10utt/sw_1030_2064.utt,2/sw2064,2064,52,sv,A,27,2,"I just think, {F um, } - /","I/PRP just/RB think/VBP ,/, um/UH ,/,",,
sw10utt/sw_1030_2064.utt,2/sw2064,2064,53,sd,A,27,3,"somehow I hoped that as a people we could be better [ than, + than, ] {F um, } expecting,","somehow/RB I/PRP hoped/VBD that/IN as/IN a/DT people/NNS we/PRP could/MD be/VB better/JJR than/IN ,/, than/IN ,/, um/UH ,/, expecting/VBG ,/,",,
sw10utt/sw_1030_2064.utt,2/sw2064,2064,54,b,B,28,1,Yes. /,Yes/UH ./.,,
sw10utt/sw_1030_2064.utt,2/sw2064,2064,55,+,A,29,1,the feeling that it  ((   )) - /,the/DT feeling/NN that/IN it/PRP MUMBLEx/XX,,
sw10utt/sw_1030_2064.utt,2/sw2064,2064,56,%,A,29,2,"with, - /","with/IN ,/,",,
sw10utt/sw_1030_2064.utt,2/sw2064,2064,57,sv,A,29,3,"someone is calling for someone else to be killed, {D you know. } /","someone/NN is/VBZ calling/VBG for/IN someone/NN else/RB to/TO be/VB killed/VBN ,/, you/PRP know/VBP ./.",,
sw10utt/sw_1030_2064.utt,2/sw2064,2064,58,b@,B,30,1,"Yes, uh-huh. /","Yes/UH ,/, uh-huh/UH ./.",,
sw10utt/sw_1030_2064.utt,2/sw2064,2064,59,sv,A,31,1,Is really kind of bad <child>. /,Is/VBZ really/RB kind/RB of/RB bad/JJ ./.,,
sw10utt/sw_1030_2064.utt,2/sw2064,2064,60,aa,B,32,1,Yes  /,Yes/UH,,
sw10utt/sw_1030_2064.utt,2/sw2064,2064,61,sv,B,32,2,it is.  /,it/PRP is/VBZ ./.,,
sw10utt/sw_1030_2064.utt,2/sw2064,2064,62,sv,B,32,3,"It's a tough, tough question.  /","It/PRP 's/BES a/DT tough/JJ ,/, tough/JJ question/NN ./.",,
sw10utt/sw_1030_2064.utt,2/sw2064,2064,63,sv,B,32,4,It really is. /,It/PRP really/RB is/VBZ ./.,,
sw10utt/sw_1030_2064.utt,2/sw2064,2064,64,%@,A,33,1,{F Um. },Um/UH ./.,,
sw10utt/sw_1030_2064.utt,2/sw2064,2064,65,sv,B,34,1,"I suspect I would be, {F uh, } {D you know, } a lot more favor of it if, {D you know, } one of my children were, {D you know, } brutally killed, or something like that.  /","I/PRP suspect/VBP I/PRP would/MD be/VB ,/, uh/UH ,/, you/PRP know/VBP ,/, a/DT lot/NN more/RBR favor/VB of/IN it/PRP if/IN ,/, you/PRP know/VBP ,/, one/CD of/IN my/PRP$ children/NNS were/VBD ,/, you/PRP know/VBP ,/, brutally/RB killed/VBN ,/, or/CC something/NN like/IN that/DT ./.",,
sw10utt/sw_1030_2064.utt,2/sw2064,2064,66,sv,B,34,2,"Like I say, I think it depends on how personally affected, {D you know, } you might be by it. /","Like/IN I/PRP say/VBP ,/, I/PRP think/VBP it/PRP depends/VBZ on/IN how/WRB personally/RB affected/JJ ,/, you/PRP know/VBP ,/, you/PRP might/MD be/VB by/IN it/PRP ./.",,
sw10utt/sw_1030_2064.utt,2/sw2064,2064,67,+@,A,35,1,That's true  /,That/DT 's/BES true/JJ,,
sw10utt/sw_1030_2064.utt,2/sw2064,2064,68,sv,A,35,2,"{C and } there really are criminals that are hard-core and,","and/CC there/EX really/RB are/VBP criminals/NNS that/WDT are/VBP hard-core/JJ and/CC ,/,",,
sw10utt/sw_1030_2064.utt,2/sw2064,2064,69,aa,B,36,1,"{F Oh, } absolutely. /","Oh/UH ,/, absolutely/UH ./.",,
sw10utt/sw_1030_2064.utt,2/sw2064,2064,70,+,A,37,1,"repeat,  ((   ))  and never have any chance for, -/","repeat/VB ,/, MUMBLEx/XX and/CC never/RB have/VBP any/DT chance/NN for/IN ,/,",,
sw10utt/sw_1030_2064.utt,2/sw2064,2064,71,ba,B,38,1,"[ Tha-, + that's  ] right. /","Tha-/XX ,/, that/DT 's/BES right/JJ ./.",,
sw10utt/sw_1030_2064.utt,2/sw2064,2064,72,h,A,39,1,"((   ))  {F Oh, } I don't know,  /","MUMBLEx/XX Oh/UH ,/, I/PRP do/VBP n't/RB know/VB ,/,",,
sw10utt/sw_1030_2064.utt,2/sw2064,2064,73,%,A,39,2,"is it, - /","is/VBZ it/PRP ,/,",,
sw10utt/sw_1030_2064.utt,2/sw2064,2064,74,qy,A,39,3,"do you feel at all like, it's a religious issue? /","do/VBP you/PRP feel/VB at/IN all/DT like/IN ,/, it/PRP 's/BES a/DT religious/JJ issue/NN ?/.",,
sw10utt/sw_1030_2064.utt,2/sw2064,2064,75,ng,B,40,1,Not with me personally.  /,Not/RB with/IN me/PRP personally/RB ./.,,
sw10utt/sw_1030_2064.utt,2/sw2064,2064,76,sv,B,40,2,It is with a lot of other people. /,It/PRP is/VBZ with/IN a/DT lot/NN of/IN other/JJ people/NNS ./.,,
sw10utt/sw_1030_2064.utt,2/sw2064,2064,77,b,A,41,1,<Throat_clearing> Uh-huh. /,Uh-huh/UH ./.,,
sw10utt/sw_1030_2064.utt,2/sw2064,2064,78,sd,B,42,1,"It's [ not, + not  ] to me personally,  /","It/PRP 's/BES not/RB ,/, not/RB to/IN me/PRP personally/RB ,/,",,
sw10utt/sw_1030_2064.utt,2/sw2064,2064,79,ny,B,42,2,no. /,no/UH ./.,,
sw10utt/sw_1030_2064.utt,2/sw2064,2064,80,%,A,43,1,{F Um. } /,Um/UH ./.,,
sw10utt/sw_1030_2064.utt,2/sw2064,2064,81,ny^r,B,44,1,No. /,No/UH ./.,,
sw10utt/sw_1030_2064.utt,2/sw2064,2064,82,h,A,45,1,"I don't know,  /","I/PRP do/VBP n't/RB know/VB ,/,",,
sw10utt/sw_1030_2064.utt,2/sw2064,2064,83,%,A,45,2,"sometimes I feel, - /","sometimes/RB I/PRP feel/VBP ,/,",,
sw10utt/sw_1030_2064.utt,2/sw2064,2064,84,sd,A,45,3,{E I mean } I do go to church and things.  /,I/PRP mean/VBP I/PRP do/VBP go/VB to/IN church/NN and/CC things/NNS ./.,,
sw10utt/sw_1030_2064.utt,2/sw2064,2064,85,sd,A,45,4,I don't know how I would feel about it.  /,I/PRP do/VBP n't/RB know/VB how/WRB I/PRP would/MD feel/VB about/IN it/PRP ./.,,
sw10utt/sw_1030_2064.utt,2/sw2064,2064,86,sv,A,45,5,"{C But } like you say, if it hit you personally,","But/CC like/IN you/PRP say/VBP ,/, if/IN it/PRP hit/VBD you/PRP personally/RB ,/,",,
sw10utt/sw_1030_2064.utt,2/sw2064,2064,87,b,B,46,1,Uh-huh. /,Uh-huh/UH ./.,,
sw10utt/sw_1030_2064.utt,2/sw2064,2064,88,+,A,47,1,"closer at home you would [ feel, +","closer/RBR at/IN home/NN you/PRP would/MD feel/VB ,/,",,
sw10utt/sw_1030_2064.utt,2/sw2064,2064,89,b,B,48,1,Yes. /,Yes/UH ./.,,
sw10utt/sw_1030_2064.utt,2/sw2064,2064,90,+,A,49,1,feel  ] differently. /,feel/VB differently/RB ./.,,
sw10utt/sw_1030_2064.utt,2/sw2064,2064,91,sv,B,50,1,"[ That's a, + it's a ] tough, tough question,  /","That/DT 's/BES a/DT ,/, it/PRP 's/BES a/DT tough/JJ ,/, tough/JJ question/NN ,/,",,
sw10utt/sw_1030_2064.utt,2/sw2064,2064,92,sv,B,50,2,it really is. /,it/PRP really/RB is/VBZ ./.,,
sw10utt/sw_1030_2064.utt,2/sw2064,2064,93,qy,A,51,1,Do you think most states have that  /,Do/VBP you/PRP think/VB most/JJS states/NNS have/VBP that/DT,,
sw10utt/sw_1030_2064.utt,2/sw2064,2064,94,%,A,51,2,or? <child>. -/,or/CC ?/. ./.,,
sw10utt/sw_1030_2064.utt,2/sw2064,2064,95,ny,B,52,1,"Yes,  /","Yes/UH ,/,",,
sw10utt/sw_1030_2064.utt,2/sw2064,2064,96,sd^e,B,52,2,I think most states do have capital punishment.  /,I/PRP think/VBP most/JJS states/NNS do/VBP have/VB capital/NN punishment/NN ./.,,
sw10utt/sw_1030_2064.utt,2/sw2064,2064,97,ny^r,B,52,3,Yes. /,Yes/UH ./.,,
sw10utt/sw_1030_2064.utt,2/sw2064,2064,98,b@,A,53,1,"Uh-huh,  {F huh. } /","Uh-huh/UH ,/, huh/UH ./.",,
sw10utt/sw_1030_2064.utt,2/sw2064,2064,99,sv,B,54,1,"{C But, } I think the U S is one of the few countries that still do. /","But/CC ,/, I/PRP think/VBP the/DT U/NNP S/NNP is/VBZ one/CD of/IN the/DT few/JJ countries/NNS that/WDT still/RB do/VBP ./.",,
sw10utt/sw_1030_2064.utt,2/sw2064,2064,100,bf,A,55,1,"That still does it,  /","That/WDT still/RB does/VBZ it/PRP ,/,",,
sw10utt/sw_1030_2064.utt,2/sw2064,2064,101,ba,A,55,2,that's right. /,that/DT 's/BES right/JJ ./.,,
sw10utt/sw_1030_2064.utt,2/sw2064,2064,102,aa,B,56,1,"Yes,  /","Yes/UH ,/,",,
sw10utt/sw_1030_2064.utt,2/sw2064,2064,103,%,B,56,2,"they're only, - /","they/PRP 're/VBP only/RB ,/,",,
sw10utt/sw_1030_2064.utt,2/sw2064,2064,104,sd,B,56,3,"I was reading something about it the other day,  /","I/PRP was/VBD reading/VBG something/NN about/IN it/PRP the/DT other/JJ day/NN ,/,",,
sw10utt/sw_1030_2064.utt,2/sw2064,2064,105,sv,B,56,4,"I ((   )) think there was only {D like } six or eight countries in the world, that have capital punishment still. /","I/PRP MUMBLEx/XX think/VBP there/EX was/VBD only/RB like/IN six/CD or/CC eight/CD countries/NNS in/IN the/DT world/NN ,/, that/WDT have/VBP capital/NN punishment/NN still/RB ./.",,
sw10utt/sw_1030_2064.utt,2/sw2064,2064,106,b,A,57,1,Uh-huh. /,Uh-huh/UH ./.,,
sw10utt/sw_1030_2064.utt,2/sw2064,2064,107,sv,B,58,1,"A lot of them had to have [ el-, + elected  ] not to do so.  /","A/DT lot/NN of/IN them/PRP had/VBD to/TO have/VB el/VBN ,/, elected/VBN not/RB to/TO do/VB so/RB ./.",,
sw10utt/sw_1030_2064.utt,2/sw2064,2064,108,sd,B,58,2,"{D Now } I don't know, what they do in place of it.  /","Now/UH I/PRP do/VBP n't/RB know/VB ,/, what/WP they/PRP do/VBP in/IN place/NN of/IN it/PRP ./.",,
sw10utt/sw_1030_2064.utt,2/sw2064,2064,109,sv,B,58,3,"{D You know, } maybe it's life in prisonment or,  {D you know, } something,  /","You/PRP know/VBP ,/, maybe/RB it/PRP 's/BES life/NN in/IN prisonment/NN or/CC ,/, you/PRP know/VBP ,/, something/NN ,/,",,
sw10utt/sw_1030_2064.utt,2/sw2064,2064,110,sd,B,58,4,"[ I don-, + I don't  ] know how they handle it  /","I/PRP don-/XX ,/, I/PRP do/VBP n't/RB know/VB how/WRB they/PRP handle/VBP it/PRP",,
sw10utt/sw_1030_2064.utt,2/sw2064,2064,111,sd,B,58,5,"{C bu-, } I was surprised to learn that so few countries have capital punishment. /","bu-/XX ,/, I/PRP was/VBD surprised/JJ to/TO learn/VB that/IN so/RB few/JJ countries/NNS have/VBP capital/NN punishment/NN ./.",,
sw10utt/sw_1030_2064.utt,2/sw2064,2064,112,bf,A,59,1,Have that. - /,Have/VBP that/DT ./.,,
sw10utt/sw_1030_2064.utt,2/sw2064,2064,113,sv,A,59,2,"{D Well, } {C and } it doesn't seem like very many people, {F uh, } are really, {E I mean, } - /","Well/UH ,/, and/CC it/PRP does/VBZ n't/RB seem/VB like/IN very/RB many/JJ people/NNS ,/, uh/UH ,/, are/VBP really/RB ,/, I/PRP mean/VBP ,/,",,
sw10utt/sw_1030_2064.utt,2/sw2064,2064,114,sv,A,59,3,there's a lot of people that are on death row.,there/EX 's/BES a/DT lot/NN of/IN people/NNS that/WDT are/VBP on/IN death/NN row/NN ./.,,
sw10utt/sw_1030_2064.utt,2/sw2064,2064,115,b,B,60,1,"{F Oh, } yes. /","Oh/UH ,/, yes/UH ./.",,
sw10utt/sw_1030_2064.utt,2/sw2064,2064,116,+,A,61,1,"But there's not very many people that actually, {F um. } do get killed. /","But/CC there/EX 's/BES not/RB very/RB many/JJ people/NNS that/WDT actually/RB ,/, um/UH ./. do/VBP get/VB killed/VBN ./.",,
sw10utt/sw_1030_2064.utt,2/sw2064,2064,117,aa,B,62,1,"Yes,  /","Yes/UH ,/,",,
sw10utt/sw_1030_2064.utt,2/sw2064,2064,118,sv,B,62,2,a lot of them do get their sentences commuted to something else. /,a/DT lot/NN of/IN them/PRP do/VBP get/VB their/PRP$ sentences/NNS commuted/VBN to/IN something/NN else/RB ./.,,
sw10utt/sw_1030_2064.utt,2/sw2064,2064,119,b,A,63,1,Uh-huh.  /,Uh-huh/UH ./.,,
sw10utt/sw_1030_2064.utt,2/sw2064,2064,120,sv,A,63,2,"{C So, } it seems like a of people live there,  /","So/RB ,/, it/PRP seems/VBZ like/IN a/DT of/IN people/NNS live/VBP there/RB ,/,",,
sw10utt/sw_1030_2064.utt,2/sw2064,2064,121,sv,A,63,3,{C and } then through appeals. -/,and/CC then/RB through/IN appeals/NNS ./.,,
sw10utt/sw_1030_2064.utt,2/sw2064,2064,122,b,B,64,1,Yes. /,Yes/UH ./.,,
sw10utt/sw_1030_2064.utt,2/sw2064,2064,123,sv,A,65,1,"{C Because } I know they do frequently, - /","Because/IN I/PRP know/VBP they/PRP do/VBP frequently/RB ,/,",,
sw10utt/sw_1030_2064.utt,2/sw2064,2064,124,sd,A,65,2,"{E I mean } they [ cover, + cover  ] it pretty heavily on television and the newspaper. /","I/PRP mean/VBP they/PRP cover/VBP ,/, cover/VBP it/PRP pretty/RB heavily/RB on/IN television/NN and/CC the/DT newspaper/NN ./.",,
sw10utt/sw_1030_2064.utt,2/sw2064,2064,125,b,B,66,1,Uh-huh.  /,Uh-huh/UH ./.,,
sw10utt/sw_1030_2064.utt,2/sw2064,2064,126,b,B,66,2,Yes. /,Yes/UH ./.,,
sw10utt/sw_1030_2064.utt,2/sw2064,2064,127,sd,A,67,1,If it finally gets to that point. /,If/IN it/PRP finally/RB gets/VBZ to/IN that/DT point/NN ./.,,
sw10utt/sw_1030_2064.utt,2/sw2064,2064,128,b,B,68,1,"Right,  /","Right/UH ,/,",,
sw10utt/sw_1030_2064.utt,2/sw2064,2064,129,sv,B,68,2,"the first appeal is automatic,  /","the/DT first/JJ appeal/NN is/VBZ automatic/JJ ,/,",,
sw10utt/sw_1030_2064.utt,2/sw2064,2064,130,sv,B,68,3,{C so } that delays it for a few years just right off the bat. /,so/RB that/DT delays/VBZ it/PRP for/IN a/DT few/JJ years/NNS just/RB right/RB off/IN the/DT bat/NN ./.,,
sw10utt/sw_1030_2064.utt,2/sw2064,2064,131,b,A,69,1,Yeah. /,Yeah/UH ./.,,
sw10utt/sw_1030_2064.utt,2/sw2064,2064,132,sv,B,70,1,"[ There's, + there's  ] a lot of, {D you know, } last minute, {F uh, } <sniffing> things that happen cause a person not to,","There/EX 's/BES ,/, there/EX 's/BES a/DT lot/NN of/IN ,/, you/PRP know/VBP ,/, last/JJ minute/NN ,/, uh/UH ,/, things/NNS that/WDT happen/VBP cause/VB a/DT person/NN not/RB to/TO ,/,",,
sw10utt/sw_1030_2064.utt,2/sw2064,2064,133,b,A,71,1,Uh-huh. /,Uh-huh/UH ./.,,
sw10utt/sw_1030_2064.utt,2/sw2064,2064,134,+,B,72,1,have to go through the whole thing. /,have/VB to/TO go/VB through/IN the/DT whole/JJ thing/NN ./.,,
sw10utt/sw_1030_2064.utt,2/sw2064,2064,135,b,A,73,1,Uh-huh.  /,Uh-huh/UH ./.,,
sw10utt/sw_1030_2064.utt,2/sw2064,2064,136,%,A,73,2,"{C So } is it, {F uh, } - /","So/RB is/VBZ it/PRP ,/, uh/UH ,/,",,
sw10utt/sw_1030_2064.utt,2/sw2064,2064,137,qy,A,73,3,are we doing lethal injection now? /,are/VBP we/PRP doing/VBG lethal/JJ injection/NN now/RB ?/.,,
sw10utt/sw_1030_2064.utt,2/sw2064,2064,138,ny,B,74,1,"Yes,  /","Yes/UH ,/,",,
sw10utt/sw_1030_2064.utt,2/sw2064,2064,139,ny,B,74,2,uh-huh.  /,uh-huh/UH ./.,,
sw10utt/sw_1030_2064.utt,2/sw2064,2064,140,sd^e,B,74,3,"[ That's, + that's  ] fairly recent,  I don't know, how recent,  but  fairly recent, in the state of Texas.  /","That/DT 's/BES ,/, that/DT 's/BES fairly/RB recent/JJ ,/, I/PRP do/VBP n't/RB know/VB ,/, how/WRB recent/JJ ,/, but/CC fairly/RB recent/JJ ,/, in/IN the/DT state/NN of/IN Texas/NNP ./.",,
sw10utt/sw_1030_2064.utt,2/sw2064,2064,141,sd,B,74,4,"Before that, it was, {F uh, } death by electrocution. /","Before/IN that/DT ,/, it/PRP was/VBD ,/, uh/UH ,/, death/NN by/IN electrocution/NN ./.",,
sw10utt/sw_1030_2064.utt,2/sw2064,2064,142,b,A,75,1,"Uh-huh,  /","Uh-huh/UH ,/,",,
sw10utt/sw_1030_2064.utt,2/sw2064,2064,143,sv,A,75,2,"[ wh-, + which  ] seems so awful. /","wh-/XX ,/, which/WDT seems/VBZ so/RB awful/JJ ./.",,
sw10utt/sw_1030_2064.utt,2/sw2064,2064,144,aa,B,76,1,"Yes,  /","Yes/UH ,/,",,
sw10utt/sw_1030_2064.utt,2/sw2064,2064,145,sd,B,76,2,it certainly does. /,it/PRP certainly/RB does/VBZ ./.,,
sw10utt/sw_1030_2064.utt,2/sw2064,2064,146,sv,A,77,1,"{C So, } it's a little bit more humane,  /","So/RB ,/, it/PRP 's/BES a/DT little/JJ bit/NN more/RBR humane/JJ ,/,",,
sw10utt/sw_1030_2064.utt,2/sw2064,2064,147,sv,A,77,2,"I guess, it is, -/","I/PRP guess/VBP ,/, it/PRP is/VBZ ,/,",,
sw10utt/sw_1030_2064.utt,2/sw2064,2064,148,aa,B,78,1,"Yes,  /","Yes/UH ,/,",,
sw10utt/sw_1030_2064.utt,2/sw2064,2064,149,sv,B,78,2,"it would almost have to be, I suppose.  /","it/PRP would/MD almost/RB have/VB to/TO be/VB ,/, I/PRP suppose/VBP ./.",,
sw10utt/sw_1030_2064.utt,2/sw2064,2064,150,sv,B,78,3,"[ If you, + if you  ] had to chose, [ I guess I would, +  I am sure I would  ] take the lethal injection. /","If/IN you/PRP ,/, if/IN you/PRP had/VBD to/TO chose/VBD ,/, I/PRP guess/VBP I/PRP would/MD ,/, I/PRP am/VBP sure/JJ I/PRP would/MD take/VB the/DT lethal/JJ injection/NN ./.",,
sw10utt/sw_1030_2064.utt,2/sw2064,2064,151,aa,A,79,1,"<Laughter> Yes,  /","Yes/UH ,/,",,
sw10utt/sw_1030_2064.utt,2/sw2064,2064,152,sv,A,79,2,the other one just seems so terrible. /,the/DT other/JJ one/CD just/RB seems/VBZ so/RB terrible/JJ ./.,,
sw10utt/sw_1030_2064.utt,2/sw2064,2064,153,aa,B,80,1,"Yes,  /","Yes/UH ,/,",,
sw10utt/sw_1030_2064.utt,2/sw2064,2064,154,aa,B,80,2,absolutely. /,absolutely/UH ./.,,
sw10utt/sw_1030_2064.utt,2/sw2064,2064,155,%,A,81,1,{F Um. } /,Um/UH ./.,,
sw10utt/sw_1030_2064.utt,2/sw2064,2064,156,sv,B,82,1,"[ It's a, + it's a  ] tough question.  /","It/PRP 's/BES a/DT ,/, it/PRP 's/BES a/DT tough/JJ question/NN ./.",,
sw10utt/sw_1030_2064.utt,2/sw2064,2064,157,sv,B,82,2,It really is.  /,It/PRP really/RB is/VBZ ./.,,
sw10utt/sw_1030_2064.utt,2/sw2064,2064,158,sd,B,82,3,"I guess, if I had to say yes or no, I would say, {D you know, } yes.  /","I/PRP guess/VBP ,/, if/IN I/PRP had/VBD to/TO say/VB yes/UH or/CC no/UH ,/, I/PRP would/MD say/VB ,/, you/PRP know/VBP ,/, yes/UH ./.",,
sw10utt/sw_1030_2064.utt,2/sw2064,2064,159,sd,B,82,4,"[ I, + I  ] would have to lean toward capital punishment, {D you know, } for certain crimes. /","I/PRP ,/, I/PRP would/MD have/VB to/TO lean/VB toward/IN capital/NN punishment/NN ,/, you/PRP know/VBP ,/, for/IN certain/JJ crimes/NNS ./.",,
sw10utt/sw_1030_2064.utt,2/sw2064,2064,160,qy,A,83,1,"{D Well, } do you think that we do it because we want it to deter crime  /","Well/UH ,/, do/VBP you/PRP think/VB that/IN we/PRP do/VBP it/PRP because/IN we/PRP want/VBP it/PRP to/TO deter/VB crime/NN",,
sw10utt/sw_1030_2064.utt,2/sw2064,2064,161,qrr,A,83,2,"{C or, } it's not because we don't want to pay for inmates to stay in prison? /","or/CC ,/, it/PRP 's/BES not/RB because/IN we/PRP do/VBP n't/RB want/VB to/TO pay/VB for/IN inmates/NNS to/TO stay/VB in/IN prison/NN ?/.",,
sw10utt/sw_1030_2064.utt,2/sw2064,2064,162,nn,B,84,1,"No,  /","No/UH ,/,",,
sw10utt/sw_1030_2064.utt,2/sw2064,2064,163,sv^e,B,84,2,I don't think it's a monetary thing. /,I/PRP do/VBP n't/RB think/VB it/PRP 's/BES a/DT monetary/JJ thing/NN ./.,,
sw10utt/sw_1030_2064.utt,2/sw2064,2064,164,b,A,85,1,Uh-huh. /,Uh-huh/UH ./.,,
sw10utt/sw_1030_2064.utt,2/sw2064,2064,165,%,B,86,1,"I think, - /","I/PRP think/VBP ,/,",,
sw10utt/sw_1030_2064.utt,2/sw2064,2064,166,sv,B,86,2,"we hope that it will be, {D you know, } some sort of [ determ-, + deterrent  ] or, you know, an eye for an eye type thing, or something like  that. /","we/PRP hope/VBP that/IN it/PRP will/MD be/VB ,/, you/PRP know/VBP ,/, some/DT sort/NN of/IN determ-/XX ,/, deterrent/NN or/CC ,/, you/PRP know/VBP ,/, an/DT eye/NN for/IN an/DT eye/NN type/NN thing/NN ,/, or/CC something/NN like/IN that/DT ./.",,
sw10utt/sw_1030_2064.utt,2/sw2064,2064,167,%,A,87,1,{F Um. } /,Um/UH ./.,,
sw10utt/sw_1030_2064.utt,2/sw2064,2064,168,sv,B,88,1,"Some of the crimes are just so brutal and so, {D you know, } useless.  /","Some/DT of/IN the/DT crimes/NNS are/VBP just/RB so/RB brutal/JJ and/CC so/RB ,/, you/PRP know/VBP ,/, useless/JJ ./.",,
sw10utt/sw_1030_2064.utt,2/sw2064,2064,169,sv,B,88,2,This may seem to be the best way out.  /,This/DT may/MD seem/VB to/TO be/VB the/DT best/JJS way/NN out/RB ./.,,
sw10utt/sw_1030_2064.utt,2/sw2064,2064,170,h,B,88,3,I don't know. /,I/PRP do/VBP n't/RB know/VB ./.,,
sw10utt/sw_1030_2064.utt,2/sw2064,2064,171,b,A,89,1,Yes. /,Yes/UH ./.,,
sw10utt/sw_1030_2064.utt,2/sw2064,2064,172,bf,B,90,1,Easiest way out maybe.  /,Easiest/JJ way/NN out/RB maybe/RB ./.,,
sw10utt/sw_1030_2064.utt,2/sw2064,2064,173,nn^r,B,90,2,"No,  /","No/UH ,/,",,
sw10utt/sw_1030_2064.utt,2/sw2064,2064,174,sv^e^r,B,90,3,I don't think it's a monetary thing. /,I/PRP do/VBP n't/RB think/VB it/PRP 's/BES a/DT monetary/JJ thing/NN ./.,,
sw10utt/sw_1030_2064.utt,2/sw2064,2064,175,sd,A,91,1,"{F Um. }  {D Well, } {F um, } {C and } I notice that the crime  (( rate ))  was  up in the Dallas area <throat_clearing>.  /","Um/UH ./. Well/UH ,/, um/UH ,/, and/CC I/PRP notice/VBP that/IN the/DT crime/NN rate/NN was/VBD up/IN in/IN the/DT Dallas/NNP area/NN ./.",,
sw10utt/sw_1030_2064.utt,2/sw2064,2064,176,sv,A,91,2,"[ It's, +","It/PRP 's/BES ,/,",,
sw10utt/sw_1030_2064.utt,2/sw2064,2064,177,b,B,92,1,"Yes,  /","Yes/UH ,/,",,
sw10utt/sw_1030_2064.utt,2/sw2064,2064,178,sd,B,92,2,"especially the murder rate,  its just gone crazy. /","especially/RB the/DT murder/NN rate/NN ,/, its/PRP$ just/RB gone/VBN crazy/JJ ./.",,
sw10utt/sw_1030_2064.utt,2/sw2064,2064,179,+,A,93,1,"It's ] kind of been scary,","It/PRP 's/HVS kind/RB of/RB been/VBN scary/JJ ,/,",,
sw10utt/sw_1030_2064.utt,2/sw2064,2064,180,b,B,94,1,Yes. /,Yes/UH ./.,,
sw10utt/sw_1030_2064.utt,2/sw2064,2064,181,+,A,95,1,to think about it  /,to/TO think/VB about/IN it/PRP,,
sw10utt/sw_1030_2064.utt,2/sw2064,2064,182,sd,A,95,2,"[ {C and, } +","and/CC ,/,",,
sw10utt/sw_1030_2064.utt,2/sw2064,2064,183,aa,B,96,1,Absolutely. /,Absolutely/UH ./.,,
sw10utt/sw_1030_2064.utt,2/sw2064,2064,184,+,A,97,1,{C And } ] you're hoping there is something that will cut down on that. /,And/CC you/PRP 're/VBP hoping/VBG there/EX is/VBZ something/NN that/WDT will/MD cut/VB down/RP on/IN that/DT ./.,,
sw10utt/sw_1030_2064.utt,2/sw2064,2064,185,aa,B,98,1,"Yes,  /","Yes/UH ,/,",,
sw10utt/sw_1030_2064.utt,2/sw2064,2064,186,sd,B,98,2,"I wish I had the answer for that,  /","I/PRP wish/VBP I/PRP had/VBD the/DT answer/NN for/IN that/DT ,/,",,
sw10utt/sw_1030_2064.utt,2/sw2064,2064,187,sv,B,98,3,everybody does. /,everybody/NN does/VBZ ./.,,
sw10utt/sw_1030_2064.utt,2/sw2064,2064,188,sv,A,99,1,"You hate to have the dubious honor of being, {D you know, } so high [ in the, +","You/PRP hate/VBP to/TO have/VB the/DT dubious/JJ honor/NN of/IN being/VBG ,/, you/PRP know/VBP ,/, so/RB high/JJ in/IN the/DT ,/,",,
sw10utt/sw_1030_2064.utt,2/sw2064,2064,189,aa,B,100,1,"Yes,  /","Yes/UH ,/,",,
sw10utt/sw_1030_2064.utt,2/sw2064,2064,190,sv,B,100,2,"it's nothing to be proud of, /","it/PRP 's/BES nothing/NN to/TO be/VB proud/JJ of/IN ,/,",,
sw10utt/sw_1030_2064.utt,2/sw2064,2064,191,+,A,101,1,"in ] statistics, /","in/IN statistics/NNS ,/,",,
sw10utt/sw_1030_2064.utt,2/sw2064,2064,192,sv,B,102,1,certainly not. /,certainly/RB not/RB ./.,,
sw10utt/sw_1030_2064.utt,2/sw2064,2064,193,%,A,103,1,"{C But } I, {D you know, } - /","But/CC I/PRP ,/, you/PRP know/VBP ,/,",,
sw10utt/sw_1030_2064.utt,2/sw2064,2064,194,sd,A,103,2,we have been really fortunate  /,we/PRP have/VBP been/VBN really/RB fortunate/JJ,,
sw10utt/sw_1030_2064.utt,2/sw2064,2064,195,sd,A,103,3,"our family,","our/PRP$ family/NN ,/,",,
sw10utt/sw_1030_2064.utt,2/sw2064,2064,196,b,B,104,1,Yes. /,Yes/UH ./.,,
sw10utt/sw_1030_2064.utt,2/sw2064,2064,197,+,A,105,1,hasn't had any crime. /,has/VBZ n't/RB had/VBN any/DT crime/NN ./.,,
sw10utt/sw_1030_2064.utt,2/sw2064,2064,198,b,B,106,1,"Yes,  /","Yes/UH ,/,",,
sw10utt/sw_1030_2064.utt,2/sw2064,2064,199,sd,B,106,2,"{C so } have we been very, very fortunate. /","so/RB have/VBP we/PRP been/VBN very/RB ,/, very/RB fortunate/JJ ./.",,
sw10utt/sw_1030_2064.utt,2/sw2064,2064,200,%,A,107,1,"{C And, } {C so } we don't, - /","And/CC ,/, so/RB we/PRP do/VBP n't/RB ,/,",,
sw10utt/sw_1030_2064.utt,2/sw2064,2064,201,sv,A,107,2,it's harder to think about the poor people that have suffered that way. /,it/PRP 's/BES harder/JJR to/TO think/VB about/IN the/DT poor/JJ people/NNS that/WDT have/VBP suffered/VBN that/DT way/NN ./.,,
sw10utt/sw_1030_2064.utt,2/sw2064,2064,202,ba,B,108,1,That's right.  /,That/DT 's/BES right/JJ ./.,,
sw10utt/sw_1030_2064.utt,2/sw2064,2064,203,aa,B,108,2,Absolutely. /,Absolutely/UH ./.,,
sw10utt/sw_1030_2064.utt,2/sw2064,2064,204,sv,A,109,1,"{C And } how they would expect,","And/CC how/WRB they/PRP would/MD expect/VB ,/,",,
sw10utt/sw_1030_2064.utt,2/sw2064,2064,205,b,B,110,1,Uh-huh. /,Uh-huh/UH ./.,,
sw10utt/sw_1030_2064.utt,2/sw2064,2064,206,+,A,111,1,"how they would hope, - /","how/WRB they/PRP would/MD hope/VB ,/,",,
sw10utt/sw_1030_2064.utt,2/sw2064,2064,207,sv,A,111,2,"{E I mean } [ you, + you  ] hear of people who have, {F um, } committed crimes,  and then they get out of jail and they go, and they do the same thing again. /","I/PRP mean/VBP you/PRP ,/, you/PRP hear/VBP of/IN people/NNS who/WP have/VBP ,/, um/UH ,/, committed/VBN crimes/NNS ,/, and/CC then/RB they/PRP get/VBP out/IN of/IN jail/NN and/CC they/PRP go/VBP ,/, and/CC they/PRP do/VBP the/DT same/JJ thing/NN again/RB ./.",,
sw10utt/sw_1030_2064.utt,2/sw2064,2064,208,b,B,112,1,Absolutely. /,Absolutely/UH ./.,,
sw10utt/sw_1030_2064.utt,2/sw2064,2064,209,sv,A,113,1,{C And } you wonder why they can't just stop it. /,And/CC you/PRP wonder/VBP why/WRB they/PRP ca/MD n't/RB just/RB stop/VB it/PRP ./.,,
sw10utt/sw_1030_2064.utt,2/sw2064,2064,210,b,B,114,1,Uh-huh.  /,Uh-huh/UH ./.,,
sw10utt/sw_1030_2064.utt,2/sw2064,2064,211,ba,B,114,2,That's right. /,That/DT 's/BES right/JJ ./.,,
sw10utt/sw_1030_2064.utt,2/sw2064,2064,212,sv,A,115,1,"{C So, } maybe you would, -/","So/RB ,/, maybe/RB you/PRP would/MD ,/,",,
sw10utt/sw_1030_2064.utt,2/sw2064,2064,213,b,B,116,1,Uh-huh. /,Uh-huh/UH ./.,,
sw10utt/sw_1030_2064.utt,2/sw2064,2064,214,sd,A,117,1,{C but } still I would hate to be on the jury that sentenced someone. /,but/CC still/RB I/PRP would/MD hate/VB to/TO be/VB on/IN the/DT jury/NN that/WDT sentenced/VBD someone/NN ./.,,
sw10utt/sw_1030_2064.utt,2/sw2064,2064,215,aa,B,118,1,"{C So } would I, - /","So/RB would/MD I/PRP ,/,",,
sw10utt/sw_1030_2064.utt,2/sw2064,2064,216,sd,B,118,2,"[ I + fortunately, I  ] have never been in that circumstance,  /","I/PRP fortunately/RB ,/, I/PRP have/VBP never/RB been/VBN in/IN that/DT circumstance/NN ,/,",,
sw10utt/sw_1030_2064.utt,2/sw2064,2064,217,sd,B,118,3,"I hope I never am,  [ like, + like  ] everybody else. /","I/PRP hope/VBP I/PRP never/RB am/VBP ,/, like/IN ,/, like/IN everybody/NN else/RB ./.",,
sw10utt/sw_1030_2064.utt,2/sw2064,2064,218,aa,A,119,1,"No, <laughter>  /","No/UH ,/,",,
sw10utt/sw_1030_2064.utt,2/sw2064,2064,219,%,A,119,2,"I know when, {F um, } - /","I/PRP know/VBP when/WRB ,/, um/UH ,/,",,
sw10utt/sw_1030_2064.utt,2/sw2064,2064,220,sd,A,119,3,"[ we  just, + we  ] moved here, {F uh, } [ I + ] [ from the, + ]  I got a [ summons, + jury summons,  ] /","we/PRP just/RB ,/, we/PRP moved/VBD here/RB ,/, uh/UH ,/, I/PRP from/IN the/DT ,/, I/PRP got/VBD a/DT summons/NN ,/, jury/NN summons/NN ,/,",,
sw10utt/sw_1030_2064.utt,2/sw2064,2064,221,b,B,120,1,Uh-huh. /,Uh-huh/UH ./.,,
sw10utt/sw_1030_2064.utt,2/sw2064,2064,222,sv,A,121,1,"just {D like } constantly, it seemed {D like, } /","just/RB like/IN constantly/RB ,/, it/PRP seemed/VBD like/IN ,/,",,
sw10utt/sw_1030_2064.utt,2/sw2064,2064,223,b,B,122,1,Uh-huh. /,Uh-huh/UH ./.,,
sw10utt/sw_1030_2064.utt,2/sw2064,2064,224,sd,A,123,1,{C but } fortunately I had small children  /,but/CC fortunately/RB I/PRP had/VBD small/JJ children/NNS,,
sw10utt/sw_1030_2064.utt,2/sw2064,2064,225,sd,A,123,2,{C and } I didn't have to go. /,and/CC I/PRP did/VBD n't/RB have/VB to/TO go/VB ./.,,
sw10utt/sw_1030_2064.utt,2/sw2064,2064,226,b,B,124,1,Right. /,Right/UH ./.,,
sw10utt/sw_1030_2064.utt,2/sw2064,2064,227,sv,A,125,1,"{C And } it's not that,  /","And/CC it/PRP 's/BES not/RB that/IN ,/,",,
sw10utt/sw_1030_2064.utt,2/sw2064,2064,228,sv,A,125,2,"{E I mean, } I think everyone should have to serve on the jury, /","I/PRP mean/VBP ,/, I/PRP think/VBP everyone/NN should/MD have/VB to/TO serve/VB on/IN the/DT jury/NN ,/,",,
sw10utt/sw_1030_2064.utt,2/sw2064,2064,229,b,B,126,1,Uh-huh. /,Uh-huh/UH ./.,,
sw10utt/sw_1030_2064.utt,2/sw2064,2064,230,sd,A,127,1,"it's just that, I didn't, - /","it/PRP 's/BES just/RB that/IN ,/, I/PRP did/VBD n't/RB ,/,",,
sw10utt/sw_1030_2064.utt,2/sw2064,2064,231,sd,A,127,2,I hate having to be in charge of someone else's life. /,I/PRP hate/VBP having/VBG to/TO be/VB in/IN charge/NN of/IN someone/NN else/RB 's/POS life/NN ./.,,
sw10utt/sw_1030_2064.utt,2/sw2064,2064,232,aa,B,128,1,"Sure,  /","Sure/UH ,/,",,
sw10utt/sw_1030_2064.utt,2/sw2064,2064,233,sv,B,128,2,"[ it's, + it's  ] a big responsibility,  /","it/PRP 's/BES ,/, it/PRP 's/BES a/DT big/JJ responsibility/NN ,/,",,
sw10utt/sw_1030_2064.utt,2/sw2064,2064,234,sv,B,128,3,it really is. /,it/PRP really/RB is/VBZ ./.,,
sw10utt/sw_1030_2064.utt,2/sw2064,2064,235,sd,A,129,1,"{C And } I would hate to have to hear any kind of case,","And/CC I/PRP would/MD hate/VB to/TO have/VB to/TO hear/VB any/DT kind/NN of/IN case/NN ,/,",,
sw10utt/sw_1030_2064.utt,2/sw2064,2064,236,b,B,130,1,Yes. /,Yes/UH ./.,,
sw10utt/sw_1030_2064.utt,2/sw2064,2064,237,+,A,131,1,involving a violent crime or anything. /,involving/VBG a/DT violent/JJ crime/NN or/CC anything/NN ./.,,
sw10utt/sw_1030_2064.utt,2/sw2064,2064,238,sd,B,132,1,So would I. /,So/RB would/MD I/PRP ./.,,
sw10utt/sw_1030_2064.utt,2/sw2064,2064,239,ba,A,133,1,That would be really awful. /,That/DT would/MD be/VB really/RB awful/JJ ./.,,
sw10utt/sw_1030_2064.utt,2/sw2064,2064,240,aa,B,134,1,Yes.  /,Yes/UH ./.,,
sw10utt/sw_1030_2064.utt,2/sw2064,2064,241,aa,B,134,2,Absolutely. /,Absolutely/UH ./.,,
sw10utt/sw_1030_2064.utt,2/sw2064,2064,242,sd,A,135,1,"{D Well, } anyway, I sure have enjoyed, {F uh, } talking to you about this. Although it has been difficult  /","Well/UH ,/, anyway/UH ,/, I/PRP sure/RB have/VBP enjoyed/VBN ,/, uh/UH ,/, talking/VBG to/IN you/PRP about/IN this/DT ./. Although/IN it/PRP has/VBZ been/VBN difficult/JJ",,
sw10utt/sw_1030_2064.utt,2/sw2064,2064,243,%,A,135,2,"{C but, } {F uh. } -/","but/CC ,/, uh/UH ./.",,
sw10utt/sw_1030_2064.utt,2/sw2064,2064,244,sv,B,136,1,"[ It is, + it's  ] a tough subject,  /","It/PRP is/VBZ ,/, it/PRP 's/BES a/DT tough/JJ subject/NN ,/,",,
sw10utt/sw_1030_2064.utt,2/sw2064,2064,245,sv,B,136,2,it really is. /,it/PRP really/RB is/VBZ ./.,,
sw10utt/sw_1030_2064.utt,2/sw2064,2064,246,sv,A,137,1,"I'd hate to decide it,  but I [ guess, + {F uh, } guess  ] it's important,","I/PRP 'd/MD hate/VB to/TO decide/VB it/PRP ,/, but/CC I/PRP guess/VBP ,/, uh/UH ,/, guess/VBP it/PRP 's/BES important/JJ ,/,",,
sw10utt/sw_1030_2064.utt,2/sw2064,2064,247,b,B,138,1,Right. /,Right/UH ./.,,
sw10utt/sw_1030_2064.utt,2/sw2064,2064,248,+,A,139,1,"that we decide as a people [ what, + what  ] we're going to do. /","that/IN we/PRP decide/VBP as/IN a/DT people/NNS what/WP ,/, what/WP we/PRP 're/VBP going/VBG to/TO do/VB ./.",,
sw10utt/sw_1030_2064.utt,2/sw2064,2064,249,ba,B,140,1,That's right. /,That/DT 's/BES right/JJ ./.,,
sw10utt/sw_1030_2064.utt,2/sw2064,2064,250,fc,A,141,1,"Anyway, {D well, } you have a good day. /","Anyway/UH ,/, well/UH ,/, you/PRP have/VBP a/DT good/JJ day/NN ./.",,
sw10utt/sw_1030_2064.utt,2/sw2064,2064,251,fc,B,142,1,"{D Well, } thank you,  /","Well/UH ,/, thank/VB you/PRP ,/,",,
sw10utt/sw_1030_2064.utt,2/sw2064,2064,252,fc,B,142,2,it's nice talking to you. /,it/PRP 's/BES nice/JJ talking/VBG to/IN you/PRP ./.,,
sw10utt/sw_1030_2064.utt,2/sw2064,2064,253,fc,A,143,1,"Thank you,  /","Thank/VB you/PRP ,/,",,
sw10utt/sw_1030_2064.utt,2/sw2064,2064,254,fc,A,143,2,bye-bye. /,bye-bye/UH ./.,,
sw10utt/sw_1030_2064.utt,2/sw2064,2064,255,fc,B,144,1,Uh-huh.  /,Uh-huh/UH ./.,,
sw10utt/sw_1030_2064.utt,2/sw2064,2064,256,fc,B,144,2,Bye-bye. /,Bye-bye/UH ./.,,
