swda_filename,ptb_basename,conversation_no,transcript_index,act_tag,caller,utterance_index,subutterance_index,text,pos,trees,ptb_treenumbers
sw10utt/sw_1082_2854.utt,2/sw2854,2854,0,sd,A,1,1,"<static> {D Well, } we're just starting a  family through adoption  /","Well/UH ,/, we/PRP 're/VBP just/RB starting/VBG a/DT family/NN through/IN adoption/NN",,
sw10utt/sw_1082_2854.utt,2/sw2854,2854,1,sd,A,1,2,"{C so } I don't really have a lot of, {F uh, } concrete, {F uh, } opinions.  /","so/RB I/PRP do/VBP n't/RB really/RB have/VB a/DT lot/NN of/IN ,/, uh/UH ,/, concrete/NN ,/, uh/UH ,/, opinions/NNS ./.",,
sw10utt/sw_1082_2854.utt,2/sw2854,2854,2,sd,A,1,3,"Just what I know out of my peer group, {F uh, } has gone through.  /","Just/RB what/WP I/PRP know/VBP out/IN of/IN my/PRP$ peer/NN group/NN ,/, uh/UH ,/, has/VBZ gone/VBN through/RB ./.",,
sw10utt/sw_1082_2854.utt,2/sw2854,2854,3,sv,A,1,4,{C And } none of it has been good <laughter>. /,And/CC none/NN of/IN it/PRP has/VBZ been/VBN good/JJ ./.,,
sw10utt/sw_1082_2854.utt,2/sw2854,2854,4,bh,B,2,1,"{F Oh, } really? /","Oh/UH ,/, really/UH ?/.",,
sw10utt/sw_1082_2854.utt,2/sw2854,2854,5,ny,A,3,1,Yeah.  /,Yeah/UH ./.,,
sw10utt/sw_1082_2854.utt,2/sw2854,2854,6,sd,A,3,2,"{F Uh, } the ones that can afford  to have live-in nannies,","Uh/UH ,/, the/DT ones/NNS that/WDT can/MD afford/VB to/TO have/VB live-in/JJ nannies/NNS ,/,",,
sw10utt/sw_1082_2854.utt,2/sw2854,2854,7,b,B,4,1,# Huh. # /,Huh/UH ./.,,
sw10utt/sw_1082_2854.utt,2/sw2854,2854,8,+,A,5,1,# They # seem to be having an okay time. /,They/PRP seem/VBP to/TO be/VB having/VBG an/DT okay/JJ time/NN ./.,,
sw10utt/sw_1082_2854.utt,2/sw2854,2854,9,b,B,6,1,Uh-huh. /,Uh-huh/UH ./.,,
sw10utt/sw_1082_2854.utt,2/sw2854,2854,10,sv,A,7,1,"{F Uh, } {C but } a lot of the other ones that  have, are professional, {F uh, }  /","Uh/UH ,/, but/CC a/DT lot/NN of/IN the/DT other/JJ ones/NNS that/WDT have/VBP ,/, are/VBP professional/JJ ,/, uh/UH ,/,",,
sw10utt/sw_1082_2854.utt,2/sw2854,2854,11,sv,A,7,2,"I'd say fifty percent of, {D you know, } my peers [ that  I'm, + in my ] circle of friends have tried it and then stopped working until  they're, {D you know, } going to get their children in kindergarten or first grade. /","I/PRP 'd/MD say/VB fifty/CD percent/NN of/IN ,/, you/PRP know/VBP ,/, my/PRP$ peers/NNS that/IN I/PRP 'm/VBP ,/, in/IN my/PRP$ circle/NN of/IN friends/NNS have/VBP tried/VBN it/PRP and/CC then/RB stopped/VBD working/VBG until/IN they/PRP 're/VBP ,/, you/PRP know/VBP ,/, going/VBG to/TO get/VB their/PRP$ children/NNS in/IN kindergarten/NN or/CC first/JJ grade/NN ./.",,
sw10utt/sw_1082_2854.utt,2/sw2854,2854,12,b,B,8,1,Uh-huh. /,Uh-huh/UH ./.,,
sw10utt/sw_1082_2854.utt,2/sw2854,2854,13,%,A,9,1,"{F Uh, } {C but } I, - /","Uh/UH ,/, but/CC I/PRP ,/,",,
sw10utt/sw_1082_2854.utt,2/sw2854,2854,14,sv,A,9,2,there must be some good service out there # if you # --,there/EX must/MD be/VB some/DT good/JJ service/NN out/IN there/RB if/IN you/PRP --/:,,
sw10utt/sw_1082_2854.utt,2/sw2854,2854,15,b,B,10,1,# Right. # /,Right/UH ./.,,
sw10utt/sw_1082_2854.utt,2/sw2854,2854,16,+,A,11,1,-- really look and pay for it. /,--/: really/RB look/VBP and/CC pay/VBP for/IN it/PRP ./.,,
sw10utt/sw_1082_2854.utt,2/sw2854,2854,17,qw,B,12,1,"[ What, + what ] age child are you thinking in terms of? /","What/WDT ,/, what/WDT age/NN child/NN are/VBP you/PRP thinking/VBG in/IN terms/NNS of/IN ?/.",,
sw10utt/sw_1082_2854.utt,2/sw2854,2854,18,qy^d,A,13,1,In terms of what they're talking about. /,In/IN terms/NNS of/IN what/WP they/PRP 're/VBP talking/VBG about/RB ./.,,
sw10utt/sw_1082_2854.utt,2/sw2854,2854,19,nn,B,14,1,No.  /,No/UH ./.,,
sw10utt/sw_1082_2854.utt,2/sw2854,2854,20,sd,B,14,2,"[ For, + for ] yourselves <static>. /","For/IN ,/, for/IN yourselves/PRP ./.",,
sw10utt/sw_1082_2854.utt,2/sw2854,2854,21,b,A,15,1,Oh.  /,Oh/UH ./.,,
sw10utt/sw_1082_2854.utt,2/sw2854,2854,22,sd,A,15,2,Infant.  {F Uh } ... /,Infant/NN ./. Uh/UH .../:,,
sw10utt/sw_1082_2854.utt,2/sw2854,2854,23,bk,B,16,1,"{F Oh, } okay. /","Oh/UH ,/, okay/UH ./.",,
sw10utt/sw_1082_2854.utt,2/sw2854,2854,24,b^r,A,17,1,# Infant. # /,Infant/NN ./.,,
sw10utt/sw_1082_2854.utt,2/sw2854,2854,25,sv,B,18,1,"# {C So } you're # starting [ from  the b-, + <laughter> from the baseline. ] /","So/RB you/PRP 're/VBP starting/VBG from/IN the/DT b-/NN ,/, from/IN the/DT baseline/NN ./.",,
sw10utt/sw_1082_2854.utt,2/sw2854,2854,26,aa,A,19,1,<laughter> Yeah.  /,Yeah/UH ./.,,
sw10utt/sw_1082_2854.utt,2/sw2854,2854,27,sd,A,19,2,"After eleven years of marriage.    {D Yeah, }  we are.  /","After/IN eleven/CD years/NNS of/IN marriage/NN ./. Yeah/UH ,/, we/PRP are/VBP ./.",,
sw10utt/sw_1082_2854.utt,2/sw2854,2854,28,sd,A,19,3,"[ We're + {D actually, } it's ] happening now.  /","We/PRP 're/VBP actually/RB ,/, it/PRP 's/BES happening/VBG now/RB ./.",,
sw10utt/sw_1082_2854.utt,2/sw2854,2854,29,sd,A,19,4,"{C So, } we're just  going through the process. /","So/RB ,/, we/PRP 're/VBP just/RB going/VBG through/IN the/DT process/NN ./.",,
sw10utt/sw_1082_2854.utt,2/sw2854,2854,30,b,B,20,1,I see <bird_squawk>. /,I/PRP see/VBP ./.,,
sw10utt/sw_1082_2854.utt,2/sw2854,2854,31,sd,A,21,1,"{C So } [ an-, + {C and } ] {D actually }  the question is, {F uh, } very appropriate.  /","So/RB an-/CC ,/, and/CC actually/RB the/DT question/NN is/VBZ ,/, uh/UH ,/, very/RB appropriate/JJ ./.",,
sw10utt/sw_1082_2854.utt,2/sw2854,2854,32,sd,A,21,2,"{C Cause } I'm not sure [ whether, + ] {F uh, } how strong the maternal  instinct is going to be.  /","Cause/IN I/PRP 'm/VBP not/RB sure/JJ whether/IN ,/, uh/UH ,/, how/WRB strong/JJ the/DT maternal/JJ instinct/NN is/VBZ going/VBG to/TO be/VB ./.",,
sw10utt/sw_1082_2854.utt,2/sw2854,2854,33,sd,A,21,3,They tell me it's going to be strong <laughter>.  /,They/PRP tell/VBP me/PRP it/PRP 's/BES going/VBG to/TO be/VB strong/JJ ./.,,
sw10utt/sw_1082_2854.utt,2/sw2854,2854,34,qy,A,21,4,# Do you # --,Do/VBP you/PRP --/:,,
sw10utt/sw_1082_2854.utt,2/sw2854,2854,35,b,B,22,1,# Right. # /,Right/UH ./.,,
sw10utt/sw_1082_2854.utt,2/sw2854,2854,36,+,A,23,1,-- have children? /,--/: have/VB children/NNS ?/.,,
sw10utt/sw_1082_2854.utt,2/sw2854,2854,37,sd,B,24,1,I have one son. /,I/PRP have/VBP one/CD son/NN ./.,,
sw10utt/sw_1082_2854.utt,2/sw2854,2854,38,qy,A,25,1,{C And } did you put him in daycare  /,And/CC did/VBD you/PRP put/VB him/PRP in/IN daycare/NN,,
sw10utt/sw_1082_2854.utt,2/sw2854,2854,39,qrr,A,25,2,{C or } is he  older now or younger  /,or/CC is/VBZ he/PRP older/JJR now/RB or/CC younger/JJR,,
sw10utt/sw_1082_2854.utt,2/sw2854,2854,40,%,A,25,3,{C or? } -/,or/CC ?/.,,
sw10utt/sw_1082_2854.utt,2/sw2854,2854,41,sd,B,26,1,"{D Well, } [ he's, + he's ] now eighteen.   And [ [ in, + in, ] + ] {D you know, } has completed a couple of years of university. /","Well/UH ,/, he/PRP 's/BES ,/, he/PRP 's/BES now/RB eighteen/CD ./. And/CC in/IN ,/, in/IN ,/, you/PRP know/VBP ,/, has/VBZ completed/VBN a/DT couple/NN of/IN years/NNS of/IN university/NN ./.",,
sw10utt/sw_1082_2854.utt,2/sw2854,2854,42,b,A,27,1,Sure.  /,Sure/UH ./.,,
sw10utt/sw_1082_2854.utt,2/sw2854,2854,43,sd,A,27,2,{C So } he's out of daycare # <laughter>. # /,So/RB he/PRP 's/BES out/IN of/IN daycare/NN ./.,,
sw10utt/sw_1082_2854.utt,2/sw2854,2854,44,%,B,28,1,"# I, - /","I/PRP ,/,",,
sw10utt/sw_1082_2854.utt,2/sw2854,2854,45,b,B,28,2,right. #  /,right/UH ./.,,
sw10utt/sw_1082_2854.utt,2/sw2854,2854,46,%,B,28,3,"[ {C And, } + {C and } ] {C so }  that, - /","And/CC ,/, and/CC so/RB that/IN ,/,",,
sw10utt/sw_1082_2854.utt,2/sw2854,2854,47,sd,B,28,4,"{C but } I was working full-time, # {F uh } # --","but/CC I/PRP was/VBD working/VBG full-time/RB ,/, uh/UH --/:",,
sw10utt/sw_1082_2854.utt,2/sw2854,2854,48,b,A,29,1,"# You, - /","You/PRP ,/,",,
sw10utt/sw_1082_2854.utt,2/sw2854,2854,49,b,A,29,2,uh-huh. # /,uh-huh/UH ./.,,
sw10utt/sw_1082_2854.utt,2/sw2854,2854,50,+,B,30,1,-- when he was born.  /,--/: when/WRB he/PRP was/VBD born/VBN ./.,,
sw10utt/sw_1082_2854.utt,2/sw2854,2854,51,sd,B,30,2,"{C But } I was very lucky  because I was [ a, + a ] college professor. /","But/CC I/PRP was/VBD very/RB lucky/JJ because/IN I/PRP was/VBD a/DT ,/, a/DT college/NN professor/NN ./.",,
sw10utt/sw_1082_2854.utt,2/sw2854,2854,52,b,A,31,1,Oh. /,Oh/UH ./.,,
sw10utt/sw_1082_2854.utt,2/sw2854,2854,53,sd,B,32,1,"{C And so } I was able to, {D you know, } #  /","And/CC so/RB I/PRP was/VBD able/JJ to/TO ,/, you/PRP know/VBP ,/,",,
sw10utt/sw_1082_2854.utt,2/sw2854,2854,54,sd,B,32,2,"{C and } [  I, + it ] was # --","and/CC I/PRP ,/, it/PRP was/VBD --/:",,
sw10utt/sw_1082_2854.utt,2/sw2854,2854,55,%,A,33,1,#  (( Flex )) . # -/,Flex/NN ./.,,
sw10utt/sw_1082_2854.utt,2/sw2854,2854,56,+,B,34,1,"-- walking distance [ from, + # from ] # --","--/: walking/NN distance/NN from/IN ,/, from/IN --/:",,
sw10utt/sw_1082_2854.utt,2/sw2854,2854,57,b,A,35,1,# Yeah. # /,Yeah/UH ./.,,
sw10utt/sw_1082_2854.utt,2/sw2854,2854,58,+,B,36,1,-- my apartment.  /,--/: my/PRP$ apartment/NN ./.,,
sw10utt/sw_1082_2854.utt,2/sw2854,2854,59,sd,B,36,2,{C So } I went up  there  /,So/RB I/PRP went/VBD up/IN there/RB,,
sw10utt/sw_1082_2854.utt,2/sw2854,2854,60,sd,B,36,3,"{C and } I sort of left him [ with, + with ] a neighbor. /","and/CC I/PRP sort/RB of/RB left/VBD him/PRP with/IN ,/, with/IN a/DT neighbor/NN ./.",,
sw10utt/sw_1082_2854.utt,2/sw2854,2854,61,b,A,37,1,Uh-huh. /,Uh-huh/UH ./.,,
sw10utt/sw_1082_2854.utt,2/sw2854,2854,62,sd,B,38,1,{C And } I left him in a carry cot when  he was very little <noise>.  /,And/CC I/PRP left/VBD him/PRP in/IN a/DT carry/NN cot/NN when/WRB he/PRP was/VBD very/RB little/JJ ./.,,
sw10utt/sw_1082_2854.utt,2/sw2854,2854,63,sd,B,38,2,"{C And } I said, {D you know, } he doesn't need anything except, {D you know, }  look at him if he cries.  /","And/CC I/PRP said/VBD ,/, you/PRP know/VBP ,/, he/PRP does/VBZ n't/RB need/VB anything/NN except/IN ,/, you/PRP know/VBP ,/, look/VB at/IN him/PRP if/IN he/PRP cries/VBZ ./.",,
sw10utt/sw_1082_2854.utt,2/sw2854,2854,64,sd,B,38,3,"{C But, } {D you know, } don't pick him  up [ and, + # and ] # --","But/CC ,/, you/PRP know/VBP ,/, do/VB n't/RB pick/VB him/PRP up/RB and/CC ,/, and/CC --/:",,
sw10utt/sw_1082_2854.utt,2/sw2854,2854,65,b,A,39,1,# Yeah. # /,Yeah/UH ./.,,
sw10utt/sw_1082_2854.utt,2/sw2854,2854,66,+,B,40,1,-- this sort of stuff.  /,--/: this/DT sort/NN of/IN stuff/NN ./.,,
sw10utt/sw_1082_2854.utt,2/sw2854,2854,67,sd,B,40,2,{C Because } I was gone  only an hour at a stretch or an hour and a half. /,Because/IN I/PRP was/VBD gone/VBN only/RB an/DT hour/NN at/IN a/DT stretch/NN or/CC an/DT hour/NN and/CC a/DT half/NN ./.,,
sw10utt/sw_1082_2854.utt,2/sw2854,2854,68,ba,A,41,1,"{F Oh, } that's wonderful. /","Oh/UH ,/, that/DT 's/BES wonderful/JJ ./.",,
sw10utt/sw_1082_2854.utt,2/sw2854,2854,69,sd,B,42,1,"{C And } I was able to, {D you know, } get,  his schedule just, {F uh, } cooperated. /","And/CC I/PRP was/VBD able/JJ to/TO ,/, you/PRP know/VBP ,/, get/VB ,/, his/PRP$ schedule/NN just/RB ,/, uh/UH ,/, cooperated/VBN ./.",,
sw10utt/sw_1082_2854.utt,2/sw2854,2854,70,b,A,43,1,Right. /,Right/UH ./.,,
sw10utt/sw_1082_2854.utt,2/sw2854,2854,71,%,B,44,1,{C And } ... -/,And/CC .../:,,
sw10utt/sw_1082_2854.utt,2/sw2854,2854,72,ba,A,45,1,That's wonderful.  /,That/DT 's/BES wonderful/JJ ./.,,
sw10utt/sw_1082_2854.utt,2/sw2854,2854,73,b,A,45,2,# Yeah. # /,Yeah/UH ./.,,
sw10utt/sw_1082_2854.utt,2/sw2854,2854,74,b,B,46,1,# Yeah. # /,Yeah/UH ./.,,
sw10utt/sw_1082_2854.utt,2/sw2854,2854,75,sv,A,47,1,"[ {C And, } + {C and } ] I guess, {F uh, } [ th-, + ]  because of [ your, + {F um, } your, ] {F uh, } profession. - /","And/CC ,/, and/CC I/PRP guess/VBP ,/, uh/UH ,/, th-/XX ,/, because/IN of/IN your/PRP$ ,/, um/UH ,/, your/PRP$ ,/, uh/UH ,/, profession/NN ./.",,
sw10utt/sw_1082_2854.utt,2/sw2854,2854,76,sd,A,47,2,"{E I mean, } [ I, + {F uh, } I'm ]  in corporate communications.  /","I/PRP mean/VBP ,/, I/PRP ,/, uh/UH ,/, I/PRP 'm/VBP in/IN corporate/JJ communications/NNS ./.",,
sw10utt/sw_1082_2854.utt,2/sw2854,2854,77,sd,A,47,3,"{C But } I've done free-lance  writing in the past, /","But/CC I/PRP 've/VBP done/VBN free-lance/JJ writing/NN in/IN the/DT past/NN ,/,",,
sw10utt/sw_1082_2854.utt,2/sw2854,2854,78,b,B,48,1,Uh-huh. /,Uh-huh/UH ./.,,
sw10utt/sw_1082_2854.utt,2/sw2854,2854,79,sd,A,49,1,"{C so } what we're hoping is that, {F uh, } - /","so/RB what/WP we/PRP 're/VBP hoping/VBG is/VBZ that/IN ,/, uh/UH ,/,",,
sw10utt/sw_1082_2854.utt,2/sw2854,2854,80,sd,A,49,2,{E I mean } my husband thinks I can do it.  /,I/PRP mean/VBP my/PRP$ husband/NN thinks/VBZ I/PRP can/MD do/VB it/PRP ./.,,
sw10utt/sw_1082_2854.utt,2/sw2854,2854,81,sd,A,49,3,"I've just never worked out of a domestic base, {D you know. }  /","I/PRP 've/VBP just/RB never/RB worked/VBN out/IN of/IN a/DT domestic/JJ base/NN ,/, you/PRP know/VBP ./.",,
sw10utt/sw_1082_2854.utt,2/sw2854,2854,82,sd,A,49,4,# I've always # --,I/PRP 've/VBP always/RB --/:,,
sw10utt/sw_1082_2854.utt,2/sw2854,2854,83,b,B,50,1,# Uh-huh. # /,Uh-huh/UH ./.,,
sw10utt/sw_1082_2854.utt,2/sw2854,2854,84,+,A,51,1,"-- been in a corporate, {F uh, } environment.  /","--/: been/VBN in/IN a/DT corporate/JJ ,/, uh/UH ,/, environment/NN ./.",,
sw10utt/sw_1082_2854.utt,2/sw2854,2854,85,sd,A,51,2,"{F Uh, }  {C but } I'm hoping that possibly I can do something where I can go flextime or part-time  /","Uh/UH ,/, but/CC I/PRP 'm/VBP hoping/VBG that/IN possibly/RB I/PRP can/MD do/VB something/NN where/WRB I/PRP can/MD go/VB flextime/RB or/CC part-time/RB",,
sw10utt/sw_1082_2854.utt,2/sw2854,2854,86,sd,A,51,3,"{C or }  if they don't have that, {F uh, } - /","or/CC if/IN they/PRP do/VBP n't/RB have/VB that/DT ,/, uh/UH ,/,",,
sw10utt/sw_1082_2854.utt,2/sw2854,2854,87,%,A,51,4,"my boss, - /","my/PRP$ boss/NN ,/,",,
sw10utt/sw_1082_2854.utt,2/sw2854,2854,88,sd,A,51,5,"I'm very lucky though, again too, my boss is very akin to family building.  /","I/PRP 'm/VBP very/RB lucky/JJ though/RB ,/, again/RB too/RB ,/, my/PRP$ boss/NN is/VBZ very/RB akin/JJ to/IN family/NN building/NN ./.",,
sw10utt/sw_1082_2854.utt,2/sw2854,2854,89,sv,A,51,6,"{C So, } I think that's [ som-, + th-, something ]  that couples need # in going # --","So/RB ,/, I/PRP think/VBP that/DT 's/BES som-/NN ,/, th/WDT ,/, something/NN that/WDT couples/NNS need/VBP in/IN going/VBG --/:",,
sw10utt/sw_1082_2854.utt,2/sw2854,2854,90,b,B,52,1,# Uh-huh. # /,Uh-huh/UH ./.,,
sw10utt/sw_1082_2854.utt,2/sw2854,2854,91,+,A,53,1,-- into this. /,--/: into/IN this/DT ./.,,
sw10utt/sw_1082_2854.utt,2/sw2854,2854,92,b,B,54,1,Right. /,Right/UH ./.,,
sw10utt/sw_1082_2854.utt,2/sw2854,2854,93,h,A,55,1,"{F Uh, } I don't know.  /","Uh/UH ,/, I/PRP do/VBP n't/RB know/VB ./.",,
sw10utt/sw_1082_2854.utt,2/sw2854,2854,94,sd,A,55,2,I do think there's  good daycare out there.  /,I/PRP do/VBP think/VB there/EX 's/BES good/JJ daycare/NN out/IN there/RB ./.,,
sw10utt/sw_1082_2854.utt,2/sw2854,2854,95,qw,A,55,3,What part of the country are you in? /,What/WDT part/NN of/IN the/DT country/NN are/VBP you/PRP in/IN ?/.,,
sw10utt/sw_1082_2854.utt,2/sw2854,2854,96,sd,B,56,1,I'm in Maryland. /,I/PRP 'm/VBP in/IN Maryland/NNP ./.,,
sw10utt/sw_1082_2854.utt,2/sw2854,2854,97,sd^m,A,57,1,You're in # Maryland. # /,You/PRP 're/VBP in/IN Maryland/NNP ./.,,
sw10utt/sw_1082_2854.utt,2/sw2854,2854,98,sd,B,58,1,"# [ {C But, } + # {C but } ] I was out of the country  when, {F uh, } [ my, + my ] son was little.  /","But/CC ,/, but/CC I/PRP was/VBD out/IN of/IN the/DT country/NN when/WRB ,/, uh/UH ,/, my/PRP$ ,/, my/PRP$ son/NN was/VBD little/JJ ./.",,
sw10utt/sw_1082_2854.utt,2/sw2854,2854,99,sv,B,58,2,"[ {C But, } + {C but } ] the thing is, if you have this  flextime and that, you might be able to do something similar to what I did.","But/CC ,/, but/CC the/DT thing/NN is/VBZ ,/, if/IN you/PRP have/VBP this/DT flextime/NN and/CC that/IN ,/, you/PRP might/MD be/VB able/JJ to/TO do/VB something/NN similar/JJ to/IN what/WP I/PRP did/VBD ./.",,
sw10utt/sw_1082_2854.utt,2/sw2854,2854,100,b,A,59,1,# Right. # /,Right/UH ./.,,
sw10utt/sw_1082_2854.utt,2/sw2854,2854,101,+,B,60,1,# Which # is --,Which/WDT is/VBZ --/:,,
sw10utt/sw_1082_2854.utt,2/sw2854,2854,102,sd,A,61,1,That's what I'm hoping. /,That/DT 's/BES what/WP I/PRP 'm/VBP hoping/VBG ./.,,
sw10utt/sw_1082_2854.utt,2/sw2854,2854,103,+,B,62,1,"-- {D you know, } be there short times  /","--/: you/PRP know/VBP ,/, be/VB there/RB short/JJ times/NNS",,
sw10utt/sw_1082_2854.utt,2/sw2854,2854,104,sd,B,62,2,"{C and then } later on when he was, {D you know -- } -/","and/CC then/RB later/RB on/RP when/WRB he/PRP was/VBD ,/, you/PRP know/VBP --/:",,
sw10utt/sw_1082_2854.utt,2/sw2854,2854,105,b,A,63,1,Uh-huh. /,Uh-huh/UH ./.,,
sw10utt/sw_1082_2854.utt,2/sw2854,2854,106,%,B,64,1,"-- {E I mean } this, - /","--/: I/PRP mean/VBP this/DT ,/,",,
sw10utt/sw_1082_2854.utt,2/sw2854,2854,107,sd,B,64,2,"we're talking about, {F uh, } I  went back to work [ and, + or ] taught [ some, + some ] classes {D like } a week after he was born. /","we/PRP 're/VBP talking/VBG about/IN ,/, uh/UH ,/, I/PRP went/VBD back/RB to/IN work/NN and/CC ,/, or/CC taught/VBD some/DT ,/, some/DT classes/NNS like/IN a/DT week/NN after/IN he/PRP was/VBD born/VBN ./.",,
sw10utt/sw_1082_2854.utt,2/sw2854,2854,108,ba,A,65,1,"{F Oh, } my goodness.  /","Oh/UH ,/, my/PRP$ goodness/NN ./.",,
sw10utt/sw_1082_2854.utt,2/sw2854,2854,109,sv,A,65,2,# You were # --,You/PRP were/VBD --/:,,
sw10utt/sw_1082_2854.utt,2/sw2854,2854,110,%,B,66,1,# {C And so } # ... -/,And/CC so/RB .../:,,
sw10utt/sw_1082_2854.utt,2/sw2854,2854,111,+,A,67,1,-- fortunate.  /,--/: fortunate/JJ ./.,,
sw10utt/sw_1082_2854.utt,2/sw2854,2854,112,b,A,67,2,Yeah. /,Yeah/UH ./.,,
sw10utt/sw_1082_2854.utt,2/sw2854,2854,113,b^r,B,68,1,Yeah.  /,Yeah/UH ./.,,
sw10utt/sw_1082_2854.utt,2/sw2854,2854,114,sd,B,68,2,{C And so } that's when # I was # --,And/CC so/RB that/DT 's/BES when/WRB I/PRP was/VBD --/:,,
sw10utt/sw_1082_2854.utt,2/sw2854,2854,115,b,A,69,1,# Yeah. # /,Yeah/UH ./.,,
sw10utt/sw_1082_2854.utt,2/sw2854,2854,116,+,B,70,1,"-- saying, {D you know, } [ don't, + don't ]  pick him up and stuff.  /","--/: saying/VBG ,/, you/PRP know/VBP ,/, do/VBP n't/RB ,/, do/VB n't/RB pick/VB him/PRP up/RB and/CC stuff/NN ./.",,
sw10utt/sw_1082_2854.utt,2/sw2854,2854,117,sd,B,70,2,{C But } then later what I did was I brought a woman into the house. /,But/CC then/RB later/RB what/WP I/PRP did/VBD was/VBD I/PRP brought/VBD a/DT woman/NN into/IN the/DT house/NN ./.,,
sw10utt/sw_1082_2854.utt,2/sw2854,2854,118,b,A,71,1,Uh-huh.  /,Uh-huh/UH ./.,,
sw10utt/sw_1082_2854.utt,2/sw2854,2854,119,b,A,71,2,Sure. /,Sure/UH ./.,,
sw10utt/sw_1082_2854.utt,2/sw2854,2854,120,sd,B,72,1,"{C And } [ she, + she ] was supposed to help  me a little bit with cooking and doing the baby's laundry and this sort of stuff. /","And/CC she/PRP ,/, she/PRP was/VBD supposed/VBN to/TO help/VB me/PRP a/DT little/JJ bit/NN with/IN cooking/NN and/CC doing/VBG the/DT baby/NN 's/POS laundry/NN and/CC this/DT sort/NN of/IN stuff/NN ./.",,
sw10utt/sw_1082_2854.utt,2/sw2854,2854,121,b,A,73,1,Uh-huh. /,Uh-huh/UH ./.,,
sw10utt/sw_1082_2854.utt,2/sw2854,2854,122,sd,B,74,1,"{C And then, } I also came home and sort of was  able to see from a distance what she was doing. /","And/CC then/RB ,/, I/PRP also/RB came/VBD home/NN and/CC sort/RB of/RB was/VBD able/JJ to/TO see/VB from/IN a/DT distance/NN what/WP she/PRP was/VBD doing/VBG ./.",,
sw10utt/sw_1082_2854.utt,2/sw2854,2854,123,b,A,75,1,Uh-huh. /,Uh-huh/UH ./.,,
sw10utt/sw_1082_2854.utt,2/sw2854,2854,124,sd,B,76,1,"{C And, } {D you know, } in a sense [ she, + she ]  carried him around a lot, too much.  {F Uh, } {D you know } --","And/CC ,/, you/PRP know/VBP ,/, in/IN a/DT sense/NN she/PRP ,/, she/PRP carried/VBD him/PRP around/RB a/DT lot/NN ,/, too/RB much/RB ./. Uh/UH ,/, you/PRP know/VBP --/:",,
sw10utt/sw_1082_2854.utt,2/sw2854,2854,125,b,A,77,1,Uh-huh. /,Uh-huh/UH ./.,,
sw10utt/sw_1082_2854.utt,2/sw2854,2854,126,+,B,78,1,"-- [ for, + for ] my taste. /","--/: for/IN ,/, for/IN my/PRP$ taste/NN ./.",,
sw10utt/sw_1082_2854.utt,2/sw2854,2854,127,b,A,79,1,Right. /,Right/UH ./.,,
sw10utt/sw_1082_2854.utt,2/sw2854,2854,128,sv(^q),B,80,1,"It was constantly, {D no, } # I don't want him, #","It/PRP was/VBD constantly/RB ,/, no/UH ,/, I/PRP do/VBP n't/RB want/VB him/PRP ,/,",,
sw10utt/sw_1082_2854.utt,2/sw2854,2854,129,x,A,81,1,# <laughter>. #,,,
sw10utt/sw_1082_2854.utt,2/sw2854,2854,130,+,B,82,1,to explore anything.  /,to/TO explore/VB anything/NN ./.,,
sw10utt/sw_1082_2854.utt,2/sw2854,2854,131,^q,B,82,2,"[ He might, + {F uh, } he might ]  hurt himself # <laughter>. # /","He/PRP might/MD ,/, uh/UH ,/, he/PRP might/MD hurt/VB himself/PRP ./.",,
sw10utt/sw_1082_2854.utt,2/sw2854,2854,132,qy,A,83,1,"# <laughter> # {C So } [ do you think that, +  {E I mean, } do you think that ] that was in a way though, [ good ob-, + good objectivity ]  that, that doesn't really, - /","So/RB do/VBP you/PRP think/VB that/IN ,/, I/PRP mean/VBP ,/, do/VBP you/PRP think/VB that/IN that/DT was/VBD in/IN a/DT way/NN though/RB ,/, good/JJ ob-/NN ,/, good/JJ objectivity/NN that/WDT ,/, that/WDT does/VBZ n't/RB really/RB ,/,",,
sw10utt/sw_1082_2854.utt,2/sw2854,2854,133,sd,A,83,2,that's not a correct English #  /,that/DT 's/BES not/RB a/DT correct/JJ English/NNP,,
sw10utt/sw_1082_2854.utt,2/sw2854,2854,134,qy^d,A,83,3,"{C but }  ((   )) , {D you know } # --","but/CC MUMBLEx/XX ,/, you/PRP know/VBP --/:",,
sw10utt/sw_1082_2854.utt,2/sw2854,2854,135,x,B,84,1,# <laughter>. #,,,
sw10utt/sw_1082_2854.utt,2/sw2854,2854,136,+,A,85,1,"-- in a sense, you see what I'm saying though.  /","--/: in/IN a/DT sense/NN ,/, you/PRP see/VBP what/WP I/PRP 'm/VBP saying/VBG though/RB ./.",,
sw10utt/sw_1082_2854.utt,2/sw2854,2854,137,qy^d,A,85,2,"From a mother's standpoint, {E I mean } in a way, [ i-, + it ]  was quote and unquote good [ ob-, + objectivity. ] /","From/IN a/DT mother/NN 's/POS standpoint/NN ,/, I/PRP mean/VBP in/IN a/DT way/NN ,/, i-/PRP ,/, it/PRP was/VBD quote/NN and/CC unquote/NN good/JJ ob-/NN ,/, objectivity/NN ./.",,
sw10utt/sw_1082_2854.utt,2/sw2854,2854,138,na,B,86,1,"I think it worked out very, very well.  /","I/PRP think/VBP it/PRP worked/VBD out/RP very/RB ,/, very/RB well/RB ./.",,
sw10utt/sw_1082_2854.utt,2/sw2854,2854,139,sd,B,86,2,{C Because }  what he learned to do by the time he was --,Because/IN what/WP he/PRP learned/VBD to/TO do/VB by/IN the/DT time/NN he/PRP was/VBD --/:,,
sw10utt/sw_1082_2854.utt,2/sw2854,2854,140,b,A,87,1,Uh-huh. /,Uh-huh/UH ./.,,
sw10utt/sw_1082_2854.utt,2/sw2854,2854,141,+,B,88,1,"-- two or so, he would sit next to the desk  where I was grading papers # or # --","--/: two/CD or/CC so/RB ,/, he/PRP would/MD sit/VB next/RB to/IN the/DT desk/NN where/WRB I/PRP was/VBD grading/VBG papers/NNS or/CC --/:",,
sw10utt/sw_1082_2854.utt,2/sw2854,2854,142,b,A,89,1,# See. # -/,See/UH ./.,,
sw10utt/sw_1082_2854.utt,2/sw2854,2854,143,+,B,90,1,-- writing lesson plans. /,--/: writing/VBG lesson/NN plans/NNS ./.,,
sw10utt/sw_1082_2854.utt,2/sw2854,2854,144,b,A,91,1,Uh-huh. /,Uh-huh/UH ./.,,
sw10utt/sw_1082_2854.utt,2/sw2854,2854,145,sd,B,92,1,"{C And } he had asked for a paper and, {D you know, }  sort of scribble  /","And/CC he/PRP had/VBD asked/VBN for/IN a/DT paper/NN and/CC ,/, you/PRP know/VBP ,/, sort/RB of/RB scribble/VB",,
sw10utt/sw_1082_2854.utt,2/sw2854,2854,146,sd,B,92,2,{C and then } he realized that # there # --,and/CC then/RB he/PRP realized/VBD that/DT there/EX --/:,,
sw10utt/sw_1082_2854.utt,2/sw2854,2854,147,b,A,93,1,# Yeah. # /,Yeah/UH ./.,,
sw10utt/sw_1082_2854.utt,2/sw2854,2854,148,+,B,94,1,-- were quiet times  /,--/: were/VBD quiet/JJ times/NNS,,
sw10utt/sw_1082_2854.utt,2/sw2854,2854,149,sd,B,94,2,{C and } there were active times. /,and/CC there/EX were/VBD active/JJ times/NNS ./.,,
sw10utt/sw_1082_2854.utt,2/sw2854,2854,150,b,A,95,1,Right.  /,Right/UH ./.,,
sw10utt/sw_1082_2854.utt,2/sw2854,2854,151,sd,A,95,2,"{C And then } [ he learned he, + he also learned ]  that, {F uh, } there were times that you had to be gone, so you   probably minimized, - /","And/CC then/RB he/PRP learned/VBD he/PRP ,/, he/PRP also/RB learned/VBD that/IN ,/, uh/UH ,/, there/EX were/VBD times/NNS that/WDT you/PRP had/VBD to/TO be/VB gone/VBN ,/, so/IN you/PRP probably/RB minimized/VBD ,/,",,
sw10utt/sw_1082_2854.utt,2/sw2854,2854,152,sd,A,95,3,"{D well } [ we're actually, + {F uh, } we're ] getting ready.  /","well/UH we/PRP 're/VBP actually/RB ,/, uh/UH ,/, we/PRP 're/VBP getting/VBG ready/JJ ./.",,
sw10utt/sw_1082_2854.utt,2/sw2854,2854,153,sd,A,95,4,"{E I mean, } you're far enough away now I can tell you <laughter> since this is locally, I make sure, we're going to Romania in a few weeks. /","I/PRP mean/VBP ,/, you/PRP 're/VBP far/RB enough/RB away/RB now/RB I/PRP can/MD tell/VB you/PRP since/IN this/DT is/VBZ locally/RB ,/, I/PRP make/VBP sure/JJ ,/, we/PRP 're/VBP going/VBG to/IN Romania/NNP in/IN a/DT few/JJ weeks/NNS ./.",,
sw10utt/sw_1082_2854.utt,2/sw2854,2854,154,b,B,96,1,Oh. /,Oh/UH ./.,,
sw10utt/sw_1082_2854.utt,2/sw2854,2854,155,%,A,97,1,"{C And } that's, {F uh, } #  (( just )) . # -/","And/CC that/DT 's/BES ,/, uh/UH ,/, just/RB ./.",,
sw10utt/sw_1082_2854.utt,2/sw2854,2854,156,qr,B,98,1,# Did you # say Romania --,Did/VBD you/PRP say/VB Romania/NNP --/:,,
sw10utt/sw_1082_2854.utt,2/sw2854,2854,157,sd,A,99,1,"[ R-, +","R-/NNP ,/,",,
sw10utt/sw_1082_2854.utt,2/sw2854,2854,158,+,B,100,1,-- or Armenia? /,--/: or/CC Armenia/NNP ?/.,,
sw10utt/sw_1082_2854.utt,2/sw2854,2854,159,+,A,101,1,Romania. ] /,Romania/NNP ./.,,
sw10utt/sw_1082_2854.utt,2/sw2854,2854,160,bk,B,102,1,"{F Oh, } okay.  /","Oh/UH ,/, okay/UH ./.",,
sw10utt/sw_1082_2854.utt,2/sw2854,2854,161,b,B,102,2,"# Yeah,  /","Yeah/UH ,/,",,
sw10utt/sw_1082_2854.utt,2/sw2854,2854,162,b^r,B,102,3,yeah. # /,yeah/UH ./.,,
sw10utt/sw_1082_2854.utt,2/sw2854,2854,163,sd,A,103,1,"# As in, # {D like, } what Twenty Twenty  {C and, } {F uh, } {C but } [ we, + we're ] real excited because we've just developed a contact.","As/IN in/IN ,/, like/IN ,/, what/WP Twenty/CD Twenty/CD and/CC ,/, uh/UH ,/, but/CC we/PRP ,/, we/PRP 're/VBP real/RB excited/JJ because/IN we/PRP 've/VBP just/RB developed/VBN a/DT contact/NN ./.",,
sw10utt/sw_1082_2854.utt,2/sw2854,2854,164,ba,B,104,1,"{F Oh, } good. /","Oh/UH ,/, good/JJ ./.",,
sw10utt/sw_1082_2854.utt,2/sw2854,2854,165,+,A,105,1,Through professional people  /,Through/IN professional/JJ people/NNS,,
sw10utt/sw_1082_2854.utt,2/sw2854,2854,166,sd,A,105,2,{C and }  it's private  /,and/CC it/PRP 's/BES private/JJ,,
sw10utt/sw_1082_2854.utt,2/sw2854,2854,167,sd,A,105,3,{C and } it's hospital.  /,and/CC it/PRP 's/BES hospital/NN ./.,,
sw10utt/sw_1082_2854.utt,2/sw2854,2854,168,sd,A,105,4,"[ It's, + we're ] just very excited <laughter>.  /","It/PRP 's/BES ,/, we/PRP 're/VBP just/RB very/RB excited/JJ ./.",,
sw10utt/sw_1082_2854.utt,2/sw2854,2854,169,^h,A,105,5,# {F Uh } # ...,Uh/UH .../:,,
sw10utt/sw_1082_2854.utt,2/sw2854,2854,170,ba,B,106,1,# {F Oh } # great. /,Oh/UH great/JJ ./.,,
sw10utt/sw_1082_2854.utt,2/sw2854,2854,171,+,A,107,1,"{C And } [ [ [ w-, + i-, ] + i-, ] + what's ]   the  word I'm looking for.  /","And/CC w-/XX ,/, i-/XX ,/, i-/XX ,/, what/WP 's/BES the/DT word/NN I/PRP 'm/VBP looking/VBG for/RB ./.",,
sw10utt/sw_1082_2854.utt,2/sw2854,2854,172,sv,A,107,2,"When you deal with issues like that, {F uh, } in terms of family building  through adoption, {F uh, } and then you have people responding to you, {D well } if you go  through that why would you put them in daycare. /","When/WRB you/PRP deal/VBP with/IN issues/NNS like/IN that/DT ,/, uh/UH ,/, in/IN terms/NNS of/IN family/NN building/NN through/IN adoption/NN ,/, uh/UH ,/, and/CC then/RB you/PRP have/VBP people/NNS responding/VBG to/IN you/PRP ,/, well/UH if/IN you/PRP go/VBP through/IN that/DT why/WRB would/MD you/PRP put/VB them/PRP in/IN daycare/NN ./.",,
sw10utt/sw_1082_2854.utt,2/sw2854,2854,173,bd,B,108,1,{F Oh } # that's silly. # /,Oh/UH that/DT 's/BES silly/JJ ./.,,
sw10utt/sw_1082_2854.utt,2/sw2854,2854,174,sd,A,109,1,"# {F Uh, } # issues are being raised  prematurely in my mind.  /","Uh/UH ,/, issues/NNS are/VBP being/VBG raised/VBN prematurely/RB in/IN my/PRP$ mind/NN ./.",,
sw10utt/sw_1082_2854.utt,2/sw2854,2854,175,sd,A,109,2,{C But } I guess they're not because it's something I'll have to deal with sooner than later.  /,But/CC I/PRP guess/VBP they/PRP 're/VBP not/RB because/IN it/PRP 's/BES something/NN I/PRP 'll/MD have/VB to/TO deal/VB with/IN sooner/RBR than/IN later/RBR ./.,,
sw10utt/sw_1082_2854.utt,2/sw2854,2854,176,sd,A,109,3,"{F Uh, } {C and } [ I, + what I've ] learned to do is just tune  out everybody's opinion.  /","Uh/UH ,/, and/CC I/PRP ,/, what/WP I/PRP 've/VBP learned/VBN to/TO do/VB is/VBZ just/RB tune/VB out/RB everybody/NN 's/POS opinion/NN ./.",,
sw10utt/sw_1082_2854.utt,2/sw2854,2854,177,sd,A,109,4,"I feel that if the child is healthy, {F uh, } and as long as we make it  feel secure, I'd love to do something like with what you did. /","I/PRP feel/VBP that/IN if/IN the/DT child/NN is/VBZ healthy/JJ ,/, uh/UH ,/, and/CC as/RB long/RB as/IN we/PRP make/VBP it/PRP feel/VBP secure/JJ ,/, I/PRP 'd/MD love/VB to/TO do/VB something/NN like/IN with/IN what/WP you/PRP did/VBD ./.",,
sw10utt/sw_1082_2854.utt,2/sw2854,2854,178,b,B,110,1,Uh-huh. /,Uh-huh/UH ./.,,
sw10utt/sw_1082_2854.utt,2/sw2854,2854,179,sd,A,111,1,"{F Uh, } I don't think I could be dumper  where I could take it from, {D you know, } eight in the morning till nine at night or six at  night and leave it there. /","Uh/UH ,/, I/PRP do/VBP n't/RB think/VB I/PRP could/MD be/VB dumper/NN where/WRB I/PRP could/MD take/VB it/PRP from/IN ,/, you/PRP know/VBP ,/, eight/CD in/IN the/DT morning/NN till/IN nine/CD at/IN night/NN or/CC six/CD at/IN night/NN and/CC leave/VB it/PRP there/RB ./.",,
sw10utt/sw_1082_2854.utt,2/sw2854,2854,180,b,B,112,1,Right. /,Right/UH ./.,,
sw10utt/sw_1082_2854.utt,2/sw2854,2854,181,sd,A,113,1,"{F Uh, } maybe after two or three [ or, + ] [ y-, + years ]  old.  /","Uh/UH ,/, maybe/RB after/IN two/CD or/CC three/CD or/CC ,/, y-/NNS ,/, years/NNS old/JJ ./.",,
sw10utt/sw_1082_2854.utt,2/sw2854,2854,182,h,A,113,2,I don't know.  {F Um. } /,I/PRP do/VBP n't/RB know/VB ./. Um/UH ./.,,
sw10utt/sw_1082_2854.utt,2/sw2854,2854,183,%,B,114,1,"{F Oh, } [ I + <laughter>, in my ] opinion,  it's even than. - /","Oh/UH ,/, I/PRP ,/, in/IN my/PRP$ opinion/NN ,/, it/PRP 's/BES even/RB than/RB ./.",,
sw10utt/sw_1082_2854.utt,2/sw2854,2854,184,sv,B,114,2,{E I mean } --,I/PRP mean/VBP --/:,,
sw10utt/sw_1082_2854.utt,2/sw2854,2854,185,b,A,115,1,# Yeah. # /,Yeah/UH ./.,,
sw10utt/sw_1082_2854.utt,2/sw2854,2854,186,+,B,116,1,-- # your # kids need you <bird_squawk>. /,--/: your/PRP$ kids/NNS need/VBP you/PRP ./.,,
sw10utt/sw_1082_2854.utt,2/sw2854,2854,187,sv,A,117,1,"{D Well, } they need a schedule I think.  /","Well/UH ,/, they/PRP need/VBP a/DT  schedule/NN I/PRP think/VBP ./.",,
sw10utt/sw_1082_2854.utt,2/sw2854,2854,188,sv,A,117,2,"I don't think the United States, - /","I/PRP do/VBP n't/RB think/VB the/DT United/NNP States/NNPS ,/,",,
sw10utt/sw_1082_2854.utt,2/sw2854,2854,189,qw,A,117,3,"what country were you, {F uh, } in Europe when you were {F uh, } {F uh? } -/","what/WDT country/NN were/VBD you/PRP ,/, uh/UH ,/, in/IN Europe/NNP when/WRB you/PRP were/VBD uh/UH ,/, uh/UH ?/.",,
sw10utt/sw_1082_2854.utt,2/sw2854,2854,190,ar,B,118,1,"No,  /","No/UH ,/,",,
sw10utt/sw_1082_2854.utt,2/sw2854,2854,191,sd,B,118,2,I was in the Middle East. /,I/PRP was/VBD in/IN the/DT Middle/NNP East/NNP ./.,,
sw10utt/sw_1082_2854.utt,2/sw2854,2854,192,%,A,119,1,"{F Uh, } that's <laughter>. - /","Uh/UH ,/, that/DT 's/BES ./.",,
sw10utt/sw_1082_2854.utt,2/sw2854,2854,193,sv,A,119,2,"{D Well, }  that's the same thing.   /","Well/UH ,/, that/DT 's/BES the/DT same/JJ thing/NN ./.",,
sw10utt/sw_1082_2854.utt,2/sw2854,2854,194,h,A,119,3,{E I mean } I don't know how they are there  /,I/PRP mean/VBP I/PRP do/VBP n't/RB know/VB how/WRB they/PRP are/VBP there/RB,,
sw10utt/sw_1082_2854.utt,2/sw2854,2854,195,sd,A,119,4,"{C but, } {F uh, }  in eastern Europe, - /","but/CC ,/, uh/UH ,/, in/IN eastern/JJ Europe/NNP ,/,",,
sw10utt/sw_1082_2854.utt,2/sw2854,2854,196,sd,A,119,5,"my stepfather's from England,  /","my/PRP$ stepfather/NN 's/BES from/IN England/NNP ,/,",,
sw10utt/sw_1082_2854.utt,2/sw2854,2854,197,sv,A,119,6,"it just seems the United States does  not provide for either  child care [ or geriat-, + or elder ] care, as I call it. /","it/PRP just/RB seems/VBZ the/DT United/NNP States/NNPS does/VBZ not/RB provide/VB for/IN either/CC child/NN care/NN or/CC geriat/JJ ,/, or/CC elder/JJ care/NN ,/, as/IN I/PRP call/VBP it/PRP ./.",,
sw10utt/sw_1082_2854.utt,2/sw2854,2854,198,b,B,120,1,"Right,  /","Right/UH ,/,",,
sw10utt/sw_1082_2854.utt,2/sw2854,2854,199,b^r,B,120,2,right. /,right/UH ./.,,
sw10utt/sw_1082_2854.utt,2/sw2854,2854,200,sv,A,121,1,"{F Uh, } {C and } we're just not set up for that.  /","Uh/UH ,/, and/CC we/PRP 're/VBP just/RB not/RB set/JJ up/RP for/IN that/DT ./.",,
sw10utt/sw_1082_2854.utt,2/sw2854,2854,201,%,A,121,2,"{F Uh, } #  (( with the )) . # -/","Uh/UH ,/, with/IN the/DT ./.",,
sw10utt/sw_1082_2854.utt,2/sw2854,2854,202,%,B,122,1,"# I, - /","I/PRP ,/,",,
sw10utt/sw_1082_2854.utt,2/sw2854,2854,203,b,B,122,2,yeah. # /,yeah/UH ./.,,
sw10utt/sw_1082_2854.utt,2/sw2854,2854,204,ad,A,123,1,Go ahead. /,Go/VB ahead/RB ./.,,
sw10utt/sw_1082_2854.utt,2/sw2854,2854,205,ar,B,124,1,"No,  /","No/UH ,/,",,
sw10utt/sw_1082_2854.utt,2/sw2854,2854,206,sd,B,124,2,"I was just going to say, I guess, {F uh, }  my sensitivities [ are, + are ] much more with the, {D you know, } to be at home.  /","I/PRP was/VBD just/RB going/VBG to/TO say/VB ,/, I/PRP guess/VBP ,/, uh/UH ,/, my/PRP$ sensitivities/NNS are/VBP ,/, are/VBP much/RB more/JJR with/IN the/DT ,/, you/PRP know/VBP ,/, to/TO be/VB at/IN home/NN ./.",,
sw10utt/sw_1082_2854.utt,2/sw2854,2854,207,sd,B,124,3,"{C Because }  {D actually, } I had --","Because/IN actually/RB ,/, I/PRP had/VBD --/:",,
sw10utt/sw_1082_2854.utt,2/sw2854,2854,208,b,A,125,1,Uh-huh. /,Uh-huh/UH ./.,,
sw10utt/sw_1082_2854.utt,2/sw2854,2854,209,+,B,126,1,-- my grandmother with me [ from the time  she was + from the time she was ] ninety-two until she died at ninety-seven. /,--/: my/PRP$ grandmother/NN with/IN me/PRP from/IN the/DT time/NN she/PRP was/VBD from/IN the/DT time/NN she/PRP was/VBD ninety-two/CD until/IN she/PRP died/VBD at/IN ninety-seven/CD ./.,,
sw10utt/sw_1082_2854.utt,2/sw2854,2854,210,ba,A,127,1,"{D See, } I think that's wonderful. /","See/VB ,/, I/PRP think/VBP that/DT 's/BES wonderful/JJ ./.",,
sw10utt/sw_1082_2854.utt,2/sw2854,2854,211,sd,B,128,1,"{C And, } {E I mean, } that was recently after  my son, <laughter> was going off.  /","And/CC ,/, I/PRP mean/VBP ,/, that/DT was/VBD recently/RB after/IN my/PRP$ son/NN ,/, was/VBD going/VBG off/RP ./.",,
sw10utt/sw_1082_2854.utt,2/sw2854,2854,212,%,B,128,2,"{C And } {E I mean, } yes,  /","And/CC I/PRP mean/VBP ,/, yes/UH ,/,",,
sw10utt/sw_1082_2854.utt,2/sw2854,2854,213,sd,B,128,3,"in a sense, I went to work  /","in/IN a/DT sense/NN ,/, I/PRP went/VBD to/IN work/NN",,
sw10utt/sw_1082_2854.utt,2/sw2854,2854,214,sd,B,128,4,{C and } she was at home alone some of the time.  /,and/CC she/PRP was/VBD at/IN home/NN alone/RB some/DT of/IN the/DT time/NN ./.,,
sw10utt/sw_1082_2854.utt,2/sw2854,2854,215,sv,B,128,5,"[ {C But, } + {C but } ]  still, {D you know, } it was much better than  being shipped # to # --","But/CC ,/, but/CC still/RB ,/, you/PRP know/VBP ,/, it/PRP was/VBD much/RB better/JJR than/IN being/VBG shipped/VBN to/IN --/:",,
sw10utt/sw_1082_2854.utt,2/sw2854,2854,216,%,A,129,1,# To. # -/,To/IN ./.,,
sw10utt/sw_1082_2854.utt,2/sw2854,2854,217,+@,B,130,1,-- a daycare center.,--/: a/DT daycare/NN center/NN ./.,,
sw10utt/sw_1082_2854.utt,2/sw2854,2854,218,b,A,131,1,Right. /,Right/UH ./.,,
sw10utt/sw_1082_2854.utt,2/sw2854,2854,219,+@,B,132,1,"{D You know, } which is much my <laughter>  feelings on kids and the elderly.  /","You/PRP know/VBP ,/, which/WDT is/VBZ much/JJ my/PRP$ feelings/NNS on/IN kids/NNS and/CC the/DT elderly/JJ ./.",,
sw10utt/sw_1082_2854.utt,2/sw2854,2854,220,sv,B,132,2,"I think [ we're t-, + we're ] [ too, + too ]  much # towards it's somebody # --","I/PRP think/VBP we/PRP 're/VBP t-/RB ,/, we/PRP 're/VBP too/RB ,/, too/RB much/JJ towards/IN it/PRP 's/BES somebody/NN --/:",,
sw10utt/sw_1082_2854.utt,2/sw2854,2854,221,^2,A,133,1,# We cast off. # /,We/PRP cast/VBP off/RB ./.,,
sw10utt/sw_1082_2854.utt,2/sw2854,2854,222,+,B,134,1,"-- problem, {D you # know. } # /","--/: problem/NN ,/, you/PRP know/VBP ./.",,
sw10utt/sw_1082_2854.utt,2/sw2854,2854,223,b,A,135,1,"# Right, #  /","Right/UH ,/,",,
sw10utt/sw_1082_2854.utt,2/sw2854,2854,224,b^r,A,135,2,# right.  /,right/UH ./.,,
sw10utt/sw_1082_2854.utt,2/sw2854,2854,225,%,A,135,3,"Th-, - /","Th-/XX ,/,",,
sw10utt/sw_1082_2854.utt,2/sw2854,2854,226,sd,A,135,4,I'm that way.  /,I/PRP 'm/VBP that/DT way/NN ./.,,
sw10utt/sw_1082_2854.utt,2/sw2854,2854,227,%,A,135,5,Yeah. # /,Yeah/UH ./.,,
sw10utt/sw_1082_2854.utt,2/sw2854,2854,228,^q,B,136,1,# I want to work.   /,I/PRP want/VBP to/TO work/VB ./.,,
sw10utt/sw_1082_2854.utt,2/sw2854,2854,229,^q,B,136,2,"Shove # them [ in, + in ]  some school for twelve hours a day. /","Shove/VB them/PRP in/IN ,/, in/IN some/DT school/NN for/IN twelve/CD hours/NNS a/DT day/NN ./.",,
sw10utt/sw_1082_2854.utt,2/sw2854,2854,230,b,A,137,1,Right.  /,Right/UH ./.,,
sw10utt/sw_1082_2854.utt,2/sw2854,2854,231,sv,A,137,2,It's easier  /,It/PRP 's/BES easier/JJR,,
sw10utt/sw_1082_2854.utt,2/sw2854,2854,232,sv,A,137,3,{C and } I agree with that.  /,and/CC I/PRP agree/VBP with/IN that/DT ./.,,
sw10utt/sw_1082_2854.utt,2/sw2854,2854,233,%,A,137,4,That's why I --,That/DT 's/BES why/WRB I/PRP --/:,,
sw10utt/sw_1082_2854.utt,2/sw2854,2854,234,b,B,138,1,Yeah. /,Yeah/UH ./.,,
sw10utt/sw_1082_2854.utt,2/sw2854,2854,235,+,A,139,1,"-- y-, {D you know, } - /","--/: y-/PRP ,/, you/PRP know/VBP ,/,",,
sw10utt/sw_1082_2854.utt,2/sw2854,2854,236,sv,A,139,2,what is amazing to me is now your son is already grown  /,what/WP is/VBZ amazing/JJ to/IN me/PRP is/VBZ now/RB your/PRP$ son/NN is/VBZ already/RB grown/JJ,,
sw10utt/sw_1082_2854.utt,2/sw2854,2854,237,sv,A,139,3,{C but } you can probably empathize with this.  /,but/CC you/PRP can/MD probably/RB empathize/VB with/IN this/DT ./.,,
sw10utt/sw_1082_2854.utt,2/sw2854,2854,238,sd,A,139,4,It's amazing to me how forthcoming people are with their opinions and thoughts <laughter>. /,It/PRP 's/BES amazing/JJ to/TO me/PRP how/WRB forthcoming/JJ people/NNS are/VBP with/IN their/PRP$ opinions/NNS and/CC thoughts/NNS ./.,,
sw10utt/sw_1082_2854.utt,2/sw2854,2854,239,b,B,140,1,"Right,  /","Right/UH ,/,",,
sw10utt/sw_1082_2854.utt,2/sw2854,2854,240,b^r,B,140,2,right. /,right/UH ./.,,
sw10utt/sw_1082_2854.utt,2/sw2854,2854,241,sd,A,141,1,"In terms of what to do.  {F Uh, }  /","In/IN terms/NNS of/IN what/WP to/TO do/VB ./. Uh/UH ,/,",,
sw10utt/sw_1082_2854.utt,2/sw2854,2854,242,sv,A,141,2,"{C and }  I just don't think there is [ a day, + a good daycare ] system.  /","and/CC I/PRP just/RB do/VBP n't/RB think/VB there/EX is/VBZ a/DT day/NN ,/, a/DT good/JJ daycare/NN system/NN ./.",,
sw10utt/sw_1082_2854.utt,2/sw2854,2854,243,sd,A,141,3,"{F Uh, } my company, I'm particularly  fortunate that [ they have, + they're in ] tune with that.  /","Uh/UH ,/, my/PRP$ company/NN ,/, I/PRP 'm/VBP particularly/RB fortunate/JJ that/IN they/PRP have/VBP ,/, they/PRP 're/VBP in/IN tune/NN with/IN that/DT ./.",,
sw10utt/sw_1082_2854.utt,2/sw2854,2854,244,sd,A,141,4,"{C But } I've been at  companies where, {F uh, } {D you know, } [ the, deci-, + [ the, + the ] trend ] is, or  the definite mood is, {D well } we made conscious decisions not to have children. /","But/CC I/PRP 've/VBP been/VBN at/IN companies/NNS where/WRB ,/, uh/UH ,/, you/PRP know/VBP ,/, the/DT ,/, deci-/NN ,/, the/DT ,/, the/DT trend/NN is/VBZ ,/, or/CC the/DT definite/JJ mood/NN is/VBZ ,/, well/UH we/PRP made/VBD conscious/JJ decisions/NNS not/RB to/TO have/VB children/NNS ./.",,
sw10utt/sw_1082_2854.utt,2/sw2854,2854,245,ba@,B,142,1,(( {C And } ))  that's sad.,And/CC that/DT 's/BES sad/JJ ./.,,
sw10utt/sw_1082_2854.utt,2/sw2854,2854,246,%,A,143,1,{D You know. }  /,You/PRP know/VBP ./.,,
sw10utt/sw_1082_2854.utt,2/sw2854,2854,247,%,A,143,2,"{C And } in, - /","And/CC in/IN ,/,",,
sw10utt/sw_1082_2854.utt,2/sw2854,2854,248,sd,A,143,3,"{C and }  a couple like us building through adoption, there, it's almost radical to some people. /","and/CC a/DT couple/NN like/IN us/PRP building/VBG through/IN adoption/NN ,/, there/EX ,/, it/PRP 's/BES almost/RB radical/JJ to/IN some/DT people/NNS ./.",,
sw10utt/sw_1082_2854.utt,2/sw2854,2854,249,+@,B,144,1,Right. /,Right/UH ./.,,
sw10utt/sw_1082_2854.utt,2/sw2854,2854,250,sd,A,145,1,{C And } what you just learn to do is  tune everybody else out  /,And/CC what/WP you/PRP just/RB learn/VBP to/TO do/VB is/VBZ tune/VB everybody/NN else/RB out/RP,,
sw10utt/sw_1082_2854.utt,2/sw2854,2854,251,sd,A,145,2,"{C and, } {F uh, } I respect, there are some women that I know that are  divorced or on their own or  in single parenting and men that [ they, + {D you know, } they ]  may have the need for child care like that. /","and/CC ,/, uh/UH ,/, I/PRP respect/VBP ,/, there/EX are/VBP some/DT women/NNS that/WDT I/PRP know/VBP that/WDT are/VBP divorced/JJ or/CC on/IN their/PRP$ own/JJ or/CC in/IN single/JJ parenting/NN and/CC men/NNS that/IN they/PRP ,/, you/PRP know/VBP ,/, they/PRP may/MD have/VB the/DT need/NN for/IN child/NN care/NN like/IN that/DT ./.",,
sw10utt/sw_1082_2854.utt,2/sw2854,2854,252,b,B,146,1,Uh-huh. /,Uh-huh/UH ./.,,
sw10utt/sw_1082_2854.utt,2/sw2854,2854,253,ba,A,147,1,"{C But } I agree with you, that it's just,  I call it dumping <laughter>. /","But/CC I/PRP agree/VBP with/IN you/PRP ,/, that/IN it/PRP 's/BES just/RB ,/, I/PRP call/VBP it/PRP dumping/NN ./.",,
sw10utt/sw_1082_2854.utt,2/sw2854,2854,254,b,B,148,1,Yeah. /,Yeah/UH ./.,,
sw10utt/sw_1082_2854.utt,2/sw2854,2854,255,%,A,149,1,"[ I, + # I ] # ... -/","I/PRP ,/, I/PRP .../:",,
sw10utt/sw_1082_2854.utt,2/sw2854,2854,256,b,B,150,1,"# No,  /","No/UH ,/,",,
sw10utt/sw_1082_2854.utt,2/sw2854,2854,257,sv,B,150,2,"# [ I, + I ] think that certainly  there is a role, {F uh, } for this type of help. /","I/PRP ,/, I/PRP think/VBP that/IN certainly/RB there/EX is/VBZ a/DT role/NN ,/, uh/UH ,/, for/IN this/DT type/NN of/IN help/NN ./.",,
sw10utt/sw_1082_2854.utt,2/sw2854,2854,258,b,A,151,1,Uh-huh. /,Uh-huh/UH ./.,,
sw10utt/sw_1082_2854.utt,2/sw2854,2854,259,sv,B,152,1,"[ {C And, } + {C and } ] as long as one [ can, + can ]  supervise it [ and, + and, ] {D you know, } make it work [ in, + into ] one's own schedule without it  seeming like dumping [ [ or + --","And/CC ,/, and/CC as/RB long/RB as/IN one/NN can/MD ,/, can/MD supervise/VB it/PRP and/CC ,/, and/CC ,/, you/PRP know/VBP ,/, make/VB it/PRP work/VB in/IN ,/, into/IN one/CD 's/POS own/JJ schedule/NN without/IN it/PRP seeming/VBG like/IN dumping/NN or/CC --/:",,
sw10utt/sw_1082_2854.utt,2/sw2854,2854,260,b,A,153,1,Uh-huh. /,Uh-huh/UH ./.,,
sw10utt/sw_1082_2854.utt,2/sw2854,2854,261,+,B,154,1,"-- or, ] + or, ] {F uh, } giving it, {D you know, }  the whole job to somebody else to take care of. /","--/: or/CC ,/, or/CC ,/, uh/UH ,/, giving/VBG it/PRP ,/, you/PRP know/VBP ,/, the/DT whole/JJ job/NN to/IN somebody/NN else/RB to/TO take/VB care/NN of/IN ./.",,
sw10utt/sw_1082_2854.utt,2/sw2854,2854,262,^2,A,155,1,"Then, yeah,  /","Then/RB ,/, yeah/UH ,/,",,
sw10utt/sw_1082_2854.utt,2/sw2854,2854,263,sv,A,155,2,"# it's [ ar-, + ] # --","it/PRP 's/BES ar-/XX ,/, --/:",,
sw10utt/sw_1082_2854.utt,2/sw2854,2854,264,o@,B,156,1,#  ((   )) . #,MUMBLEx/XX ./.,,
sw10utt/sw_1082_2854.utt,2/sw2854,2854,265,+,A,157,1,-- in tandem then. /,--/: in/IN tandem/NN then/RB ./.,,
sw10utt/sw_1082_2854.utt,2/sw2854,2854,266,b,B,158,1,"Yeah,  /","Yeah/UH ,/,",,
sw10utt/sw_1082_2854.utt,2/sw2854,2854,267,b^r,B,158,2,# yeah  /,yeah/UH,,
sw10utt/sw_1082_2854.utt,2/sw2854.pos,2854,268,x,B,158,3,<noise>. #,./.
sw10utt/sw_1082_2854.utt,2/sw2854,2854,269,%,A,159,1,"# I just, # {F uh, } - /","I/PRP just/RB ,/, uh/UH ,/,",,
sw10utt/sw_1082_2854.utt,2/sw2854,2854,270,sd,A,159,2,{C and } there are  trade-offs too I think.  /,and/CC there/EX are/VBP trade-offs/NNS too/RB I/PRP think/VBP ./.,,
sw10utt/sw_1082_2854.utt,2/sw2854,2854,271,sv,A,159,3,"One of the things that is a problem is [ that, + ] {F uh, } in terms of compensation  to some of the child care providers. /","One/CD of/IN the/DT things/NNS that/WDT is/VBZ a/DT problem/NN is/VBZ that/IN ,/, uh/UH ,/, in/IN terms/NNS of/IN compensation/NN to/IN some/DT of/IN the/DT child/NN care/NN providers/NNS ./.",,
sw10utt/sw_1082_2854.utt,2/sw2854,2854,272,b,B,160,1,Uh-huh. /,Uh-huh/UH ./.,,
sw10utt/sw_1082_2854.utt,2/sw2854,2854,273,sv,A,161,1,"{F Uh, } it's just, {D you know, } it's so low  /","Uh/UH ,/, it/PRP 's/BES just/RB ,/, you/PRP know/VBP ,/, it/PRP 's/BES so/RB low/JJ",,
sw10utt/sw_1082_2854.utt,2/sw2854,2854,274,sd,A,161,2,"{C but } yet the overall cost for somebody doing it on a daily or even a weekly basis,  it's prohibitive.  /","but/CC yet/RB the/DT overall/JJ cost/NN for/IN somebody/NN doing/VBG it/PRP on/IN a/DT daily/JJ or/CC even/RB a/DT weekly/JJ basis/NN ,/, it/PRP 's/BES prohibitive/JJ ./.",,
sw10utt/sw_1082_2854.utt,2/sw2854,2854,275,sd,A,161,3,{C And } some people that are not making more than twenty thousand a year --,And/CC some/DT people/NNS that/WDT are/VBP not/RB making/VBG more/JJR than/IN twenty/CD thousand/CD a/DT year/NN --/:,,
sw10utt/sw_1082_2854.utt,2/sw2854,2854,276,b,B,162,1,Yeah. /,Yeah/UH ./.,,
sw10utt/sw_1082_2854.utt,2/sw2854,2854,277,+,A,163,1,-- {F uh } ... /,--/: uh/UH .../:,,
sw10utt/sw_1082_2854.utt,2/sw2854,2854,278,sd,B,164,1,"{D Actually, } there seems to be an  alternative in my neighborhood.  /","Actually/RB ,/, there/EX seems/VBZ to/TO be/VB an/DT alternative/NN in/IN my/PRP$ neighborhood/NN ./.",,
sw10utt/sw_1082_2854.utt,2/sw2854,2854,279,%,B,164,2,# Is # -- -/,Is/VBZ --/:,,
sw10utt/sw_1082_2854.utt,2/sw2854,2854,280,b,A,165,1,# Really. # /,Really/UH ./.,,
sw10utt/sw_1082_2854.utt,2/sw2854,2854,281,sv,B,166,1,"-- [ there seem, + there are ]  several, [ [ [ u-, + u-, ] + m-, ] + mothers ] who stay home. /","--/: there/EX seem/VB ,/, there/EX are/VBP several/JJ ,/, u-/XX ,/, u-/XX ,/, m-/NNS ,/, mothers/NNS who/WP stay/VBP home/NN ./.",,
sw10utt/sw_1082_2854.utt,2/sw2854,2854,282,b,A,167,1,Uh-huh. /,Uh-huh/UH ./.,,
sw10utt/sw_1082_2854.utt,2/sw2854,2854,283,%,B,168,1,"{C And } they take, {D you know, } - /","And/CC they/PRP take/VBP ,/, you/PRP know/VBP ,/,",,
sw10utt/sw_1082_2854.utt,2/sw2854,2854,284,sv,B,168,2,it's probably not completely legal <noise>.  /,it/PRP 's/BES probably/RB not/RB completely/RB legal/JJ ./.,,
sw10utt/sw_1082_2854.utt,2/sw2854,2854,285,%,B,168,3,"{F Uh, } I, - /","Uh/UH ,/, I/PRP ,/,",,
sw10utt/sw_1082_2854.utt,2/sw2854,2854,286,sv,B,168,4,maybe it's legal up to one or two additional kids. /,maybe/RB it/PRP 's/BES legal/JJ up/IN to/IN one/CD or/CC two/CD additional/JJ kids/NNS ./.,,
sw10utt/sw_1082_2854.utt,2/sw2854,2854,287,b,A,169,1,Sure. /,Sure/UH ./.,,
sw10utt/sw_1082_2854.utt,2/sw2854,2854,288,sd,B,170,1,"{C But, } {C and } [ they, + they ]  take care of another child  /","But/CC ,/, and/CC they/PRP ,/, they/PRP take/VBP care/NN of/IN another/DT child/NN",,
sw10utt/sw_1082_2854.utt,2/sw2854,2854,289,sd,B,170,2,"{C and } [ I, + I ] [ can actually n-, + could name ] five or six people around my neighborhood  that really do a good job on this. /","and/CC I/PRP ,/, I/PRP can/MD actually/RB n/VB ,/, could/MD name/VB five/CD or/CC six/CD people/NNS around/IN my/PRP$ neighborhood/NN that/WDT really/RB do/VBP a/DT good/JJ job/NN on/IN this/DT ./.",,
sw10utt/sw_1082_2854.utt,2/sw2854,2854,290,b,A,171,1,Uh-huh.  /,Uh-huh/UH ./.,,
sw10utt/sw_1082_2854.utt,2/sw2854,2854,291,%,A,171,2,"# {C And } they, - /","And/CC they/PRP ,/,",,
sw10utt/sw_1082_2854.utt,2/sw2854,2854,292,b,A,171,3,yeah. # /,yeah/UH ./.,,
sw10utt/sw_1082_2854.utt,2/sw2854,2854,293,sv,B,172,1,# <swallowing> {C And } {E I mean } that's #  another possibility  /,And/CC I/PRP mean/VBP that/DT 's/BES another/DT possibility/NN,,
sw10utt/sw_1082_2854.utt,2/sw2854,2854,294,sv,B,172,2,"{C and, } {D you know, } you might want to stay home one year  /","and/CC ,/, you/PRP know/VBP ,/, you/PRP might/MD want/VB to/TO stay/VB home/NN one/CD year/NN",,
sw10utt/sw_1082_2854.utt,2/sw2854,2854,295,sv,B,172,3,"{C and } some other lady  might want to stay home for [ a, + a ] few years  /","and/CC some/DT other/JJ lady/NN might/MD want/VB to/TO stay/VB home/NN for/IN a/DT ,/, a/DT few/JJ years/NNS",,
sw10utt/sw_1082_2854.utt,2/sw2854,2854,296,%,B,172,4,{C and } ... -/,and/CC .../:,,
sw10utt/sw_1082_2854.utt,2/sw2854,2854,297,sd,A,173,1,I haven't thought about that.   /,I/PRP have/VBP n't/RB thought/VBN about/IN that/DT ./.,,
sw10utt/sw_1082_2854.utt,2/sw2854,2854,298,b,A,173,2,Yeah.  /,Yeah/UH ./.,,
sw10utt/sw_1082_2854.utt,2/sw2854,2854,299,sd,A,173,3,{C And }  {D actually } my neighbor has an eighteen month old  /,And/CC actually/RB my/PRP$ neighbor/NN has/VBZ an/DT eighteen/CD month/NN old/JJ,,
sw10utt/sw_1082_2854.utt,2/sw2854,2854,300,sd,A,173,4,{C and } she's at home part-time paralegal.  /,and/CC she/PRP 's/BES at/IN home/NN part-time/JJ paralegal/NN ./.,,
sw10utt/sw_1082_2854.utt,2/sw2854,2854,301,%,A,173,5,"{C So } I'm thinking, {F um } - /","So/RB I/PRP 'm/VBP thinking/VBG ,/, um/UH",,
sw10utt/sw_1082_2854.utt,2/sw2854.pos,2854,302,x,A,173,6,# <laughter>. #,./.
sw10utt/sw_1082_2854.utt,2/sw2854,2854,303,b,B,174,1,"# Yeah,  /","Yeah/UH ,/,",,
sw10utt/sw_1082_2854.utt,2/sw2854,2854,304,b^r,B,174,2,yeah. # /,yeah/UH ./.,,
sw10utt/sw_1082_2854.utt,2/sw2854,2854,305,sd,A,175,1,{C And } we get along fantastically  /,And/CC we/PRP get/VBP along/RP fantastically/RB,,
sw10utt/sw_1082_2854.utt,2/sw2854,2854,306,%,A,175,2,"{C so } I'm thinking, {D you know. } - /","so/IN I/PRP 'm/VBP thinking/VBG ,/, you/PRP know/VBP ./.",,
sw10utt/sw_1082_2854.utt,2/sw2854,2854,307,sv,A,175,3,"{C And } that's the way you have to, {F uh, } - /","And/CC that/DT 's/BES the/DT way/NN you/PRP have/VBP to/TO ,/, uh/UH ,/,",,
sw10utt/sw_1082_2854.utt,2/sw2854,2854,308,%,A,175,4,"how wa-, - /","how/WRB wa-/XX ,/,",,
sw10utt/sw_1082_2854.utt,2/sw2854,2854,309,sd,A,175,5,I'm just real curious.  /,I/PRP 'm/VBP just/RB real/RB curious/JJ ./.,,
sw10utt/sw_1082_2854.utt,2/sw2854,2854,310,qo,A,175,6,How was the Middle East in terms of that with children?  /,How/WRB was/VBD the/DT Middle/NNP East/NNP in/IN terms/NNS of/IN that/DT with/IN children/NNS ?/.,,
sw10utt/sw_1082_2854.utt,2/sw2854,2854,311,qy,A,175,7,"[ Is that, + is child ] care or that type of idea completely foreign to them? /","Is/VBZ that/DT ,/, is/VBZ child/NN care/NN or/CC that/DT type/NN of/IN idea/NN completely/RB foreign/JJ to/IN them/PRP ?/.",,
sw10utt/sw_1082_2854.utt,2/sw2854,2854,312,nn,B,176,1,No.  /,No/UH ./.,,
sw10utt/sw_1082_2854.utt,2/sw2854,2854,313,sd,B,176,2,"{D Well, } actually there was a  daycare center, {F uh, } where my son did go for a year.  /","Well/UH ,/, actually/RB there/EX was/VBD a/DT daycare/NN center/NN ,/, uh/UH ,/, where/WRB my/PRP$ son/NN did/VBD go/VB for/IN a/DT year/NN ./.",,
sw10utt/sw_1082_2854.utt,2/sw2854,2854,314,sd,B,176,3,I think from when he was two to three. /,I/PRP think/VBP from/IN when/WRB he/PRP was/VBD two/CD to/IN three/CD ./.,,
sw10utt/sw_1082_2854.utt,2/sw2854,2854,315,b,A,177,1,Uh-huh. /,Uh-huh/UH ./.,,
sw10utt/sw_1082_2854.utt,2/sw2854,2854,316,sd,B,178,1,{C But } then he actually started kindergarten at age three. /,But/CC then/RB he/PRP actually/RB started/VBD kindergarten/NN at/IN age/NN three/CD ./.,,
sw10utt/sw_1082_2854.utt,2/sw2854,2854,317,b,A,179,1,Uh-huh. /,Uh-huh/UH ./.,,
sw10utt/sw_1082_2854.utt,2/sw2854,2854,318,sd,B,180,1,"{C And so, } {C and } [ i-, + {D you know, } it ]  wasn't like prekindergarten,  /","And/CC so/RB ,/, and/CC i-/XX ,/, you/PRP know/VBP ,/, it/PRP was/VBD n't/RB like/IN prekindergarten/NN ,/,",,
sw10utt/sw_1082_2854.utt,2/sw2854,2854,319,sd,B,180,2,it was real kindergarten. /,it/PRP was/VBD real/JJ kindergarten/NN ./.,,
sw10utt/sw_1082_2854.utt,2/sw2854,2854,320,b,A,181,1,"{F Oh, } really.  /","Oh/UH ,/, really/UH ./.",,
sw10utt/sw_1082_2854.utt,2/sw2854,2854,321,sv,A,181,2,He must be # smart.  /,He/PRP must/MD be/VB smart/JJ ./.,,
sw10utt/sw_1082_2854.utt,2/sw2854,2854,322,b,A,181,3,Yeah. # /,Yeah/UH ./.,,
sw10utt/sw_1082_2854.utt,2/sw2854,2854,323,aa,B,182,1,# Yeah.  /,Yeah/UH ./.,,
sw10utt/sw_1082_2854.utt,2/sw2854,2854,324,sd,B,182,2,"{C So } [ he, + # he ]  was ready [ to, + to ] go to school at that point. /","So/RB he/PRP ,/, he/PRP was/VBD ready/JJ to/TO ,/, to/TO go/VB to/IN school/NN at/IN that/DT point/NN ./.",,
sw10utt/sw_1082_2854.utt,2/sw2854,2854,325,b,A,183,1,Uh-huh. /,Uh-huh/UH ./.,,
sw10utt/sw_1082_2854.utt,2/sw2854,2854,326,ny,B,184,1,"{C But, } yeah,  /","But/CC ,/, yeah/UH ,/,",,
sw10utt/sw_1082_2854.utt,2/sw2854,2854,327,sd^e,B,184,2,"[ they're, + they ]  do have such facilities.  /","they/PRP 're/VBP ,/, they/PRP do/VBP have/VB such/JJ facilities/NNS ./.",,
sw10utt/sw_1082_2854.utt,2/sw2854,2854,328,sv,B,184,3,"{C But } for the most part, {F uh, } [ th-, + ] with the extended family, {D you know, }  you can usually find somebody. Which is much like our neighbor --","But/CC for/IN the/DT most/JJS part/NN ,/, uh/UH ,/, th-/XX ,/, with/IN the/DT extended/JJ family/NN ,/, you/PRP know/VBP ,/, you/PRP can/MD usually/RB find/VB somebody/NN ./. Which/WDT is/VBZ much/JJ like/IN our/PRP$ neighbor/NN --/:",,
sw10utt/sw_1082_2854.utt,2/sw2854,2854,329,b,A,185,1,Uh-huh. /,Uh-huh/UH ./.,,
sw10utt/sw_1082_2854.utt,2/sw2854,2854,330,+,B,186,1,"-- {D you know, } [ to, + ] sharing responsibility.   /","--/: you/PRP know/VBP ,/, to/TO ,/, sharing/VBG responsibility/NN ./.",,
sw10utt/sw_1082_2854.utt,2/sw2854,2854,331,sd,B,186,2,"[ {C And } I'm, + {C and } ] also there aren't that many women [ [ who, + who d-, ] + # who ] work. # /","And/CC I/PRP 'm/VBP ,/, and/CC also/RB there/EX are/VBP n't/RB that/RB many/JJ women/NNS who/WP ,/, who/WP d-/XX ,/, who/WP work/VBP ./.",,
sw10utt/sw_1082_2854.utt,2/sw2854,2854,332,sd,A,187,1,# The professional. #  /,The/DT professional/JJ ./.,,
sw10utt/sw_1082_2854.utt,2/sw2854,2854,333,b,A,187,2,"Yeah,  /","Yeah/UH ,/,",,
sw10utt/sw_1082_2854.utt,2/sw2854,2854,334,sd,A,187,3,I was wondering  about # that. # /,I/PRP was/VBD wondering/VBG about/IN that/DT ./.,,
sw10utt/sw_1082_2854.utt,2/sw2854,2854,335,b,B,188,1,# Yeah. # /,Yeah/UH ./.,,
sw10utt/sw_1082_2854.utt,2/sw2854,2854,336,%,A,189,1,"{F Uh, } there, - /","Uh/UH ,/, there/EX ,/,",,
sw10utt/sw_1082_2854.utt,2/sw2854,2854,337,sd,A,189,2,I'm in Dallas  /,I/PRP 'm/VBP in/IN Dallas/NNP,,
sw10utt/sw_1082_2854.utt,2/sw2854,2854,338,sd,A,189,3,"{C and } there was just a very big, {F uh, } series about Moslem women  /","and/CC there/EX was/VBD just/RB a/DT very/RB big/JJ ,/, uh/UH ,/, series/NN about/IN Moslem/NNP women/NNS",,
sw10utt/sw_1082_2854.utt,2/sw2854,2854,339,sd,A,189,4,{C and } --,and/CC --/:,,
sw10utt/sw_1082_2854.utt,2/sw2854,2854,340,b,B,190,1,Uh-huh. /,Uh-huh/UH ./.,,
sw10utt/sw_1082_2854.utt,2/sw2854,2854,341,+,A,191,1,-- there were enlightening things that broke  some of my stereotypical thoughts.  /,--/: there/EX were/VBD enlightening/JJ things/NNS that/WDT broke/VBD some/DT of/IN my/PRP$ stereotypical/JJ thoughts/NNS ./.,,
sw10utt/sw_1082_2854.utt,2/sw2854,2854,342,sd,A,191,2,I'm digressing here  /,I/PRP 'm/VBP digressing/VBG here/RB,,
sw10utt/sw_1082_2854.utt,2/sw2854,2854,343,qy^d,A,191,3,"{C but, } {F uh, }  I was just real curious when you said Middle East, # if you # --","but/CC ,/, uh/UH ,/, I/PRP was/VBD just/RB real/RB curious/JJ when/WRB you/PRP said/VBD Middle/NNP East/NNP ,/, if/IN you/PRP --/:",,
sw10utt/sw_1082_2854.utt,2/sw2854,2854,344,b,B,192,1,# Yeah. # /,Yeah/UH ./.,,
sw10utt/sw_1082_2854.utt,2/sw2854,2854,345,+,A,193,1,-- didn't mind me asking. /,--/: did/VBD n't/RB mind/VB me/PRP asking/VBG ./.,,
sw10utt/sw_1082_2854.utt,2/sw2854,2854,346,nn,B,194,1,"No,  /","No/UH ,/,",,
sw10utt/sw_1082_2854.utt,2/sw2854,2854,347,nn^r,B,194,2,no.  /,no/UH ./.,,
sw10utt/sw_1082_2854.utt,2/sw2854,2854,348,sd,B,194,3,{C And } I didn't mean Israel.  /,And/CC I/PRP did/VBD n't/RB mean/VB Israel/NNP ./.,,
sw10utt/sw_1082_2854.utt,2/sw2854,2854,349,qy^d,B,194,4,"{C So } #  [ you, + you ] assumed right <laughter>. # /","So/RB you/PRP ,/, you/PRP assumed/VBD right/RB ./.",,
sw10utt/sw_1082_2854.utt,2/sw2854,2854,350,nn,A,195,1,"# {F Oh, } no  /","Oh/UH ,/, no/UH",,
sw10utt/sw_1082_2854.utt,2/sw2854,2854,351,bd,A,195,2,that's okay <laughter>.  /,that/DT 's/BES okay/JJ ./.,,
sw10utt/sw_1082_2854.utt,2/sw2854,2854,352,sd,A,195,3,"#  {D Well, }  even if you did, that's okay actually.  /","Well/UH ,/, even/RB if/IN you/PRP did/VBD ,/, that/DT 's/BES okay/JJ actually/RB ./.",,
sw10utt/sw_1082_2854.utt,2/sw2854,2854,353,%,A,195,4,# I think # ... -/,I/PRP think/VBP .../:,,
sw10utt/sw_1082_2854.utt,2/sw2854,2854,354,nd,B,196,1,"# {D Well, } no #  /","Well/UH ,/, no/UH",,
sw10utt/sw_1082_2854.utt,2/sw2854,2854,355,sd,B,196,2,"{C because } at first  thought, when [ I s-, + {D you know, } I said ] that not many people work, [ I'm, + I'm ]  thinking {F oh, } {D well } she's going to, {D you know, } because certainly in Israel the women do work # <laughter>. # /","because/IN at/IN first/JJ thought/VBD ,/, when/WRB I/PRP s-/XX ,/, you/PRP know/VBP ,/, I/PRP said/VBD that/IN not/RB many/JJ people/NNS work/VBP ,/, I/PRP 'm/VBP ,/, I/PRP 'm/VBP thinking/VBG oh/UH ,/, well/UH she/PRP 's/BES going/VBG to/TO ,/, you/PRP know/VBP ,/, because/IN certainly/RB in/IN Israel/NNP the/DT women/NNS do/VBP work/NN ./.",,
sw10utt/sw_1082_2854.utt,2/sw2854,2854,356,b,A,197,1,# Right.  /,Right/UH ./.,,
sw10utt/sw_1082_2854.utt,2/sw2854,2854,357,b^r,A,197,2,Right.  /,Right/UH ./.,,
sw10utt/sw_1082_2854.utt,2/sw2854,2854,358,sd,A,197,3,"They fight,  /","They/PRP fight/VBP ,/,",,
sw10utt/sw_1082_2854.utt,2/sw2854,2854,359,sd,A,197,4,they work. # /,they/PRP work/VBP ./.,,
