swda_filename,ptb_basename,conversation_no,transcript_index,act_tag,caller,utterance_index,subutterance_index,text,pos,trees,ptb_treenumbers
sw10utt/sw_1076_3686.utt,3/sw3686,3686,0,qy^d,A,1,1,"Say you did, {F uh, } starters and bendix springs  such as that on an old one. /","Say/VB you/PRP did/VBD ,/, uh/UH ,/, starters/NNS and/CC bendix/NN springs/NNS such/IN as/IN that/DT on/IN an/DT old/JJ one/NN ./.",,
sw10utt/sw_1076_3686.utt,3/sw3686,3686,1,ny,B,2,1,"Yeah,  /","Yeah/UH ,/,",,
sw10utt/sw_1076_3686.utt,3/sw3686,3686,2,sd^e,B,2,2,"{C and, } {F uh, } <noise> helped my wife  replace some carburetors. /","and/CC ,/, uh/UH ,/, helped/VBD my/PRP$ wife/NN replace/VB some/DT carburetors/NNS ./.",,
sw10utt/sw_1076_3686.utt,3/sw3686,3686,3,b,A,3,1,Yeah. /,Yeah/UH ./.,,
sw10utt/sw_1076_3686.utt,3/sw3686,3686,4,sd,B,4,1,"Some that, she had to, {F uh, } label everything <noise>. /","Some/DT that/WDT ,/, she/PRP had/VBD to/TO ,/, uh/UH ,/, label/VB everything/NN ./.",,
sw10utt/sw_1076_3686.utt,3/sw3686,3686,5,qy^d,A,5,1,She had to label everything. /,She/PRP had/VBD to/TO label/VB everything/NN ./.,,
sw10utt/sw_1076_3686.utt,3/sw3686,3686,6,ny,B,6,1,Yeah  /,Yeah/UH,,
sw10utt/sw_1076_3686.utt,3/sw3686,3686,7,%,B,6,2,"{C because, } -/","because/IN ,/,",,
sw10utt/sw_1076_3686.utt,3/sw3686,3686,8,qw,A,7,1,What was she driving? /,What/WP was/VBD she/PRP driving/VBG ?/.,,
sw10utt/sw_1076_3686.utt,3/sw3686,3686,9,sd,B,8,1,It was a Cadillac. /,It/PRP was/VBD a/DT Cadillac/NNP ./.,,
sw10utt/sw_1076_3686.utt,3/sw3686,3686,10,b,A,9,1,Uh-huh. /,Uh-huh/UH ./.,,
sw10utt/sw_1076_3686.utt,3/sw3686,3686,11,sd,B,10,1,"{C And } [ they, + {F uh, } {D well, } <breathing> they ]  quit making those, the  (( quieter jet )) carburetor  /","And/CC they/PRP ,/, uh/UH ,/, well/UH ,/, they/PRP quit/VBD making/VBG those/DT ,/, the/DT quieter/JJR jet/NN carburetor/NN",,
sw10utt/sw_1076_3686.utt,3/sw3686,3686,12,sd,B,10,2,{C and } they quit making it. /,and/CC they/PRP quit/VBD making/VBG it/PRP ./.,,
sw10utt/sw_1076_3686.utt,3/sw3686,3686,13,b,A,11,1,Yeah. /,Yeah/UH ./.,,
sw10utt/sw_1076_3686.utt,3/sw3686,3686,14,sd,B,12,1,<Breathing> They rebuilt it  /,They/PRP rebuilt/VBD it/PRP,,
sw10utt/sw_1076_3686.utt,3/sw3686,3686,15,sd,B,12,2,"{C and } it [ never did, + never did ]  run right again. /","and/CC it/PRP never/RB did/VBD ,/, never/RB did/VBD run/VB right/RB again/RB ./.",,
sw10utt/sw_1076_3686.utt,3/sw3686,3686,16,b,A,13,1,"Yeah,  /","Yeah/UH ,/,",,
sw10utt/sw_1076_3686.utt,3/sw3686,3686,17,sd,A,13,2,(( quad ))   ((   ))  not really easy to  get rebuilt just right. /,quad/NN MUMBLEx/XX not/RB really/RB easy/JJ to/TO get/VB rebuilt/VBN just/RB right/JJ ./.,,
sw10utt/sw_1076_3686.utt,3/sw3686,3686,18,b,B,14,1,Yeah. /,Yeah/UH ./.,,
sw10utt/sw_1076_3686.utt,3/sw3686,3686,19,qw,A,15,1,"{F Uh, } {C and } {D like, } what were you  replacing the starters and bendix on? /","Uh/UH ,/, and/CC like/UH ,/, what/WP were/VBD you/PRP replacing/VBG the/DT starters/NNS and/CC bendix/NN on/IN ?/.",,
sw10utt/sw_1076_3686.utt,3/sw3686,3686,20,sd,B,16,1,"{F Uh, } a Maverick and also, {F uh, } a Chrysler station  wagon before that. /","Uh/UH ,/, a/DT Maverick/NNP and/CC also/RB ,/, uh/UH ,/, a/DT Chrysler/NNP station/NN wagon/NN before/IN that/DT ./.",,
sw10utt/sw_1076_3686.utt,3/sw3686,3686,21,b,A,17,1,Yeah.  /,Yeah/UH ./.,,
sw10utt/sw_1076_3686.utt,3/sw3686,3686,22,qy,A,17,2,"Did you replace just the, {F uh, }  bendix on the Chrysler station wagon or the whole starter? /","Did/VBD you/PRP replace/VB just/RB the/DT ,/, uh/UH ,/, bendix/NN on/IN the/DT Chrysler/NNP station/NN wagon/NN or/CC the/DT whole/JJ starter/NN ?/.",,
sw10utt/sw_1076_3686.utt,3/sw3686,3686,23,%,B,18,1,"{F Uh, } the, - /","Uh/UH ,/, the/DT ,/,",,
sw10utt/sw_1076_3686.utt,3/sw3686,3686,24,sd,B,18,2,"I'm replacing the, two or  three starters on the Chrysler. /","I/PRP 'm/VBP replacing/VBG the/DT ,/, two/CD or/CC three/CD starters/NNS on/IN the/DT Chrysler/NNP ./.",,
sw10utt/sw_1076_3686.utt,3/sw3686,3686,25,b,A,19,1,Yeah. /,Yeah/UH ./.,,
sw10utt/sw_1076_3686.utt,3/sw3686,3686,26,%,B,20,1,"They, -/","They/PRP ,/,",,
sw10utt/sw_1076_3686.utt,3/sw3686,3686,27,sd,A,21,1,The starters are kind of fragile. /,The/DT starters/NNS are/VBP kind/RB of/RB fragile/JJ ./.,,
sw10utt/sw_1076_3686.utt,3/sw3686,3686,28,b,B,22,1,Yeah  /,Yeah/UH,,
sw10utt/sw_1076_3686.utt,3/sw3686,3686,29,%,B,22,2,"{C and } the, -/","and/CC the/DT ,/,",,
sw10utt/sw_1076_3686.utt,3/sw3686,3686,30,sd,A,23,1,Especially if you need a tune-up. /,Especially/RB if/IN you/PRP need/VBP a/DT tune-up/NN ./.,,
sw10utt/sw_1076_3686.utt,3/sw3686,3686,31,b,B,24,1,Uh-huh.  /,Uh-huh/UH ./.,,
sw10utt/sw_1076_3686.utt,3/sw3686,3686,32,sd,B,24,2,"They kept saying [ that the Chrys-, +  that's what Chryslers ] did, is they wore out starters. /","They/PRP kept/VBD saying/VBG that/IN the/DT Chrys-/NNP ,/, that/DT 's/BES what/WP Chryslers/NNPS did/VBD ,/, is/VBZ they/PRP wore/VBD out/RP starters/NNS ./.",,
sw10utt/sw_1076_3686.utt,3/sw3686,3686,33,b,A,25,1,"Yeah,  /","Yeah/UH ,/,",,
sw10utt/sw_1076_3686.utt,3/sw3686,3686,34,sd,A,25,2,"{D well, } [ [ i-, + i-, ] + if ]  they start real easy, {D you know, } you just hit the key  /","well/UH ,/, i-/IN ,/, i-/IN ,/, if/IN they/PRP start/VBP real/RB easy/RB ,/, you/PRP know/VBP ,/, you/PRP just/RB hit/VBP the/DT key/NN",,
sw10utt/sw_1076_3686.utt,3/sw3686,3686,35,sd,A,25,3,{C and } it starts up -- /,and/CC it/PRP starts/VBZ up/RP --/:,,
sw10utt/sw_1076_3686.utt,3/sw3686,3686,36,b,B,26,1,Yeah. /,Yeah/UH ./.,,
sw10utt/sw_1076_3686.utt,3/sw3686,3686,37,sd,A,27,1,"-- {C and } when it's properly tuned up,  that starter will last for a long time. /","--/: and/CC when/WRB it/PRP 's/BES properly/RB tuned/VBN up/RP ,/, that/DT starter/NN will/MD last/VB for/IN a/DT long/JJ time/NN ./.",,
sw10utt/sw_1076_3686.utt,3/sw3686,3686,38,b,B,28,1,Uh-huh. /,Uh-huh/UH ./.,,
sw10utt/sw_1076_3686.utt,3/sw3686,3686,39,sd,A,29,1,"{D See, } they built that starter so it would fit  every V eight and all the slant sixes that they've built in {D like } thirty-five years. /","See/UH ,/, they/PRP built/VBD that/DT starter/NN so/IN it/PRP would/MD fit/VB every/DT V/SYM eight/CD and/CC all/PDT the/DT slant/NN sixes/NNS that/WDT they/PRP 've/VBP built/VBN in/IN like/UH thirty-five/CD years/NNS ./.",,
sw10utt/sw_1076_3686.utt,3/sw3686,3686,40,b,B,30,1,Right. /,Right/UH ./.,,
sw10utt/sw_1076_3686.utt,3/sw3686,3686,41,sd,A,31,1,They all take the exact same starter.  /,They/PRP all/DT take/VBP the/DT exact/JJ same/JJ starter/NN ./.,,
sw10utt/sw_1076_3686.utt,3/sw3686,3686,42,sd,A,31,2,They'll interchange completely.  /,They/PRP 'll/MD interchange/VB completely/RB ./.,,
sw10utt/sw_1076_3686.utt,3/sw3686,3686,43,sd,A,31,3,I mean completely.  /,I/PRP mean/VBP completely/RB ./.,,
sw10utt/sw_1076_3686.utt,3/sw3686,3686,44,sd,A,31,4,One starter will fit all of them.  /,One/CD starter/NN will/MD fit/VB all/DT of/IN them/PRP ./.,,
sw10utt/sw_1076_3686.utt,3/sw3686,3686,45,sd,A,31,5,"{C So } they've got a whole lot of torque,  /","So/RB they/PRP 've/VBP got/VBN a/DT whole/JJ lot/NN of/IN torque/NN ,/,",,
sw10utt/sw_1076_3686.utt,3/sw3686,3686,46,sd,A,31,6,"{C but } to do that, they did it,  /","but/CC to/TO do/VB that/DT ,/, they/PRP did/VBD it/PRP ,/,",,
sw10utt/sw_1076_3686.utt,3/sw3686,3686,47,sd,A,31,7,"use an underdrive system, - /","use/VB an/DT underdrive/NN system/NN ,/,",,
sw10utt/sw_1076_3686.utt,3/sw3686,3686,48,sd,A,31,8,{C but } they geared it down so the motor spins really fast --,but/CC they/PRP geared/VBD it/PRP down/RB so/IN the/DT motor/NN spins/VBZ really/RB fast/RB --/:,,
sw10utt/sw_1076_3686.utt,3/sw3686,3686,49,b,B,32,1,Uh-huh. /,Uh-huh/UH ./.,,
sw10utt/sw_1076_3686.utt,3/sw3686,3686,50,+,A,33,1,"-- so it's got, to spin for very long,  /","--/: so/IN it/PRP 's/HVS got/VBN ,/, to/TO spin/VB for/IN very/RB long/JJ ,/,",,
sw10utt/sw_1076_3686.utt,3/sw3686,3686,51,sd,A,33,2,it's kind of tough on the bushings. /,it/PRP 's/BES kind/RB of/RB tough/JJ on/IN the/DT bushings/NNS ./.,,
sw10utt/sw_1076_3686.utt,3/sw3686,3686,52,b,B,34,1,Yeah. /,Yeah/UH ./.,,
sw10utt/sw_1076_3686.utt,3/sw3686,3686,53,sd,A,35,1,Usually what goes is the bushings. /,Usually/RB what/WP goes/VBZ is/VBZ the/DT bushings/NNS ./.,,
sw10utt/sw_1076_3686.utt,3/sw3686,3686,54,b,B,36,1,Right. /,Right/UH ./.,,
sw10utt/sw_1076_3686.utt,3/sw3686,3686,55,sd,A,37,1,"You take a little time, replace the bushings,  you still got a perfectly good starter.  /","You/PRP take/VBP a/DT little/JJ time/NN ,/, replace/VBP the/DT bushings/NNS ,/, you/PRP still/RB got/VBN a/DT perfectly/RB good/JJ starter/NN ./.",,
sw10utt/sw_1076_3686.utt,3/sw3686,3686,56,sd,A,37,2,"{C But, } {F uh, } most places [ don't  put, +  don't rebuild ] them [ [ with, + with g-, ] + with good ] enough bushings. /","But/CC ,/, uh/UH ,/, most/JJS places/NNS do/VBP n't/RB put/VB ,/, do/VB n't/RB rebuild/VB them/PRP with/IN ,/, with/IN g/JJ ,/, with/IN good/JJ enough/RB bushings/NNS ./.",,
sw10utt/sw_1076_3686.utt,3/sw3686,3686,57,b,B,38,1,Uh-huh. /,Uh-huh/UH ./.,,
sw10utt/sw_1076_3686.utt,3/sw3686,3686,58,%,A,39,1,"{C So } it's, {D you know, } - /","So/RB it/PRP 's/BES ,/, you/PRP know/VBP ,/,",,
sw10utt/sw_1076_3686.utt,3/sw3686,3686,59,sd,A,39,2,"after you get rebuilt one, you have a tendency to go through them pretty quickly, especially if you need a tune-up. /","after/IN you/PRP get/VBP rebuilt/VBN one/CD ,/, you/PRP have/VBP a/DT tendency/NN to/TO go/VB through/IN them/PRP pretty/RB quickly/RB ,/, especially/RB if/IN you/PRP need/VBP a/DT tune-up/NN ./.",,
sw10utt/sw_1076_3686.utt,3/sw3686,3686,60,b,B,40,1,Yeah. /,Yeah/UH ./.,,
sw10utt/sw_1076_3686.utt,3/sw3686,3686,61,qw,A,41,1,"{D Anyway, } what are you driving now? /","Anyway/RB ,/, what/WP are/VBP you/PRP driving/VBG now/RB ?/.",,
sw10utt/sw_1076_3686.utt,3/sw3686,3686,62,sd,B,42,1,"{F Uh, } my Chrysler van  /","Uh/UH ,/, my/PRP$ Chrysler/NNP van/NNP",,
sw10utt/sw_1076_3686.utt,3/sw3686,3686,63,sd,B,42,2,"{C and } [ it's, +  it's ]  pretty maintenance free, {D you know, }  /","and/CC it/PRP 's/BES ,/, it/PRP 's/BES pretty/RB maintenance/NN free/JJ ,/, you/PRP know/VBP ,/,",,
sw10utt/sw_1076_3686.utt,3/sw3686,3686,64,sd,B,42,3,"{C and, } {F uh, } at the beginning of the year last year [ and + ]  drove a Chevrolet Cavalier station wagon  /","and/CC ,/, uh/UH ,/, at/IN the/DT beginning/NN of/IN the/DT year/NN last/JJ year/NN and/CC drove/VBD a/DT Chevrolet/NNP Cavalier/NNP station/NN wagon/NN",,
sw10utt/sw_1076_3686.utt,3/sw3686,3686,65,sd,B,42,4,{C and } it didn't give me any trouble at all. /,and/CC it/PRP did/VBD n't/RB give/VB me/PRP any/DT trouble/NN at/IN all/DT ./.,,
sw10utt/sw_1076_3686.utt,3/sw3686,3686,66,ba,A,43,1,That's good. /,That/DT 's/BES good/JJ ./.,,
sw10utt/sw_1076_3686.utt,3/sw3686,3686,67,b,B,44,1,Yeah. /,Yeah/UH ./.,,
sw10utt/sw_1076_3686.utt,3/sw3686,3686,68,qy^d,A,45,1,"It was a late model,  /","It/PRP was/VBD a/DT late/JJ model/NN ,/,",,
sw10utt/sw_1076_3686.utt,3/sw3686,3686,69,qy,A,45,2,is that Chrysler van? /,is/VBZ that/DT Chrysler/NNP van/NNP ?/.,,
sw10utt/sw_1076_3686.utt,3/sw3686,3686,70,na,B,46,1,It's a eighty-seven. /,It/PRP 's/BES a/DT eighty-seven/CD ./.,,
sw10utt/sw_1076_3686.utt,3/sw3686,3686,71,b,A,47,1,"Yeah,  /","Yeah/UH ,/,",,
sw10utt/sw_1076_3686.utt,3/sw3686,3686,72,qy,A,47,2,one of the little mini vans? /,one/CD of/IN the/DT little/JJ mini/GW vans/^NNS ?/.,,
sw10utt/sw_1076_3686.utt,3/sw3686,3686,73,b,B,48,1,"Uh-huh,  /","Uh-huh/UH ,/,",,
sw10utt/sw_1076_3686.utt,3/sw3686,3686,74,b,B,48,2,yeah.  /,yeah/UH ./.,,
sw10utt/sw_1076_3686.utt,3/sw3686,3686,75,%,B,48,3,"Is a, -/","Is/VBZ a/DT ,/,",,
sw10utt/sw_1076_3686.utt,3/sw3686,3686,76,sd,A,49,1,Do you like the way it rides and stuff? /,Do/VBP you/PRP like/VB the/DT way/NN it/PRP rides/VBZ and/CC stuff/NN ?/.,,
sw10utt/sw_1076_3686.utt,3/sw3686,3686,77,qr,B,50,1,"{F Uh, } rides or runs? /","Uh/UH ,/, rides/VBZ or/CC runs/VBZ ?/.",,
sw10utt/sw_1076_3686.utt,3/sw3686,3686,78,qy^d,A,51,1,Rides rough? /,Rides/VBZ rough/RB ?/.,,
sw10utt/sw_1076_3686.utt,3/sw3686,3686,79,%,B,52,1,"It, - /","It/PRP ,/,",,
sw10utt/sw_1076_3686.utt,3/sw3686,3686,80,ny,B,52,2,"yeah,  /","yeah/UH ,/,",,
sw10utt/sw_1076_3686.utt,3/sw3686,3686,81,ny,B,52,3,"{D well, } yeah,  /","well/UH ,/, yeah/UH ,/,",,
sw10utt/sw_1076_3686.utt,3/sw3686,3686,82,sd^e,B,52,4,"it [ rides, + rides ]  rough,  /","it/PRP rides/VBZ ,/, rides/VBZ rough/RB ,/,",,
sw10utt/sw_1076_3686.utt,3/sw3686,3686,83,sd,B,52,5,it runs good. /,it/PRP runs/VBZ good/RB ./.,,
sw10utt/sw_1076_3686.utt,3/sw3686,3686,84,b,A,53,1,Yeah. /,Yeah/UH ./.,,
sw10utt/sw_1076_3686.utt,3/sw3686,3686,85,%,B,54,1,"{D You know, } I kind of, - /","You/PRP know/VBP ,/, I/PRP kind/RB of/RB ,/,",,
sw10utt/sw_1076_3686.utt,3/sw3686,3686,86,sd,B,54,2,it took me a while to get used to a four cylinder engine. /,it/PRP took/VBD me/PRP a/DT while/NN to/TO get/VB used/JJ to/IN a/DT four/CD cylinder/NN engine/NN ./.,,
sw10utt/sw_1076_3686.utt,3/sw3686,3686,87,b,A,55,1,Yeah. /,Yeah/UH ./.,,
sw10utt/sw_1076_3686.utt,3/sw3686,3686,88,sd,B,56,1,"You have to kind of wait for it, especially  when you get on the highway. /","You/PRP have/VBP to/TO kind/RB of/RB wait/VB for/IN it/PRP ,/, especially/RB when/WRB you/PRP get/VBP on/IN the/DT highway/NN ./.",,
sw10utt/sw_1076_3686.utt,3/sw3686,3686,89,b,A,57,1,"Yeah,  /","Yeah/UH ,/,",,
sw10utt/sw_1076_3686.utt,3/sw3686,3686,90,sd,A,57,2,"right now, without getting some of  the sportier models, {F uh, } the four cylinders aren't real peppy. /","right/RB now/RB ,/, without/IN getting/VBG some/DT of/IN the/DT sportier/JJR models/NNS ,/, uh/UH ,/, the/DT four/CD cylinders/NNS are/VBP n't/RB real/RB peppy/JJ ./.",,
sw10utt/sw_1076_3686.utt,3/sw3686,3686,91,b,B,58,1,Yeah. /,Yeah/UH ./.,,
sw10utt/sw_1076_3686.utt,3/sw3686,3686,92,sd,A,59,1,"{C But, } {F uh, } they're starting to change  that out in the last couple of years, too. /","But/CC ,/, uh/UH ,/, they/PRP 're/VBP starting/VBG to/TO change/VB that/DT out/IN in/IN the/DT last/JJ couple/NN of/IN years/NNS ,/, too/RB ./.",,
sw10utt/sw_1076_3686.utt,3/sw3686,3686,93,qy^d,B,60,1,"You driven American cars all, -/","You/PRP driven/VBN American/JJ cars/NNS all/DT ,/,",,
sw10utt/sw_1076_3686.utt,3/sw3686,3686,94,ny,A,61,1,"{F Uh, } yeah,  /","Uh/UH ,/, yeah/UH ,/,",,
sw10utt/sw_1076_3686.utt,3/sw3686,3686,95,sd^e,A,61,2,"I've driven one im-, {F uh, } - /","I/PRP 've/VBP driven/VBN one/CD im-/XX ,/, uh/UH ,/,",,
sw10utt/sw_1076_3686.utt,3/sw3686,3686,96,sd,A,61,3,"I drove a Volkswagen Beetle for a while, <laughter> about a month.  /","I/PRP drove/VBD a/DT Volkswagen/NNP Beetle/NNP for/IN a/DT while/NN ,/, about/RB a/DT month/NN ./.",,
sw10utt/sw_1076_3686.utt,3/sw3686,3686,97,sd,A,61,4,"{F Uh, } in a month I think  I put, {F uh, } three oil coolers on it. /","Uh/UH ,/, in/IN a/DT month/NN I/PRP think/VBP I/PRP put/VBP ,/, uh/UH ,/, three/CD oil/NN coolers/NNS on/IN it/PRP ./.",,
sw10utt/sw_1076_3686.utt,3/sw3686,3686,98,%,B,62,1,"Go-, -/","Go-/XX ,/,",,
sw10utt/sw_1076_3686.utt,3/sw3686,3686,99,sd,A,63,1,"{F Uh, } every time I turned around I was having  trouble with it. /","Uh/UH ,/, every/DT time/NN I/PRP turned/VBD around/RB I/PRP was/VBD having/VBG trouble/NN with/IN it/PRP ./.",,
sw10utt/sw_1076_3686.utt,3/sw3686,3686,100,b,B,64,1,Uh-huh. /,Uh-huh/UH ./.,,
sw10utt/sw_1076_3686.utt,3/sw3686,3686,101,sd,A,65,1,"Everything else I ever owned was American built.   {F Uh, } mostly older cars.  /","Everything/NN else/RB I/PRP ever/RB owned/VBD was/VBD American/NNP built/JJ ./. Uh/UH ,/, mostly/RB older/JJR cars/NNS ./.",,
sw10utt/sw_1076_3686.utt,3/sw3686,3686,102,sd,A,65,2,"{F Uh, } I've been a mechanic,  /","Uh/UH ,/, I/PRP 've/VBP been/VBN a/DT mechanic/NN ,/,",,
sw10utt/sw_1076_3686.utt,3/sw3686,3686,103,sd,A,65,3,"{D well, } I [ worked, + starting working ]  my father's service station when I was about, {F uh, } twelve. /","well/UH ,/, I/PRP worked/VBD ,/, starting/VBG working/VBG my/PRP$ father/NN 's/POS service/NN station/NN when/WRB I/PRP was/VBD about/RB ,/, uh/UH ,/, twelve/CD ./.",,
sw10utt/sw_1076_3686.utt,3/sw3686,3686,104,b,B,66,1,Uh-huh. /,Uh-huh/UH ./.,,
sw10utt/sw_1076_3686.utt,3/sw3686,3686,105,sd,A,67,1,"{C So, } I've been around cars a lot,  but, {F uh, }  driven a lot of old Pontiacs.  /","So/RB ,/, I/PRP 've/VBP been/VBN around/IN cars/NNS a/DT lot/NN ,/, but/CC ,/, uh/UH ,/, driven/VBN a/DT lot/NN of/IN old/JJ Pontiacs/NNP ./.",,
sw10utt/sw_1076_3686.utt,3/sw3686,3686,106,sd,A,67,2,"My first three cars were, {F uh, } seventy model Pontiacs.   A G T O and a Bonneville and a station wagon.  /","My/PRP$ first/JJ three/CD cars/NNS were/VBD ,/, uh/UH ,/, seventy/CD model/NN Pontiacs/NNPS ./. A/DT G/NNP T/NNP O/NNP and/CC a/DT Bonneville/NNP and/CC a/DT station/NN wagon/NN ./.",,
sw10utt/sw_1076_3686.utt,3/sw3686,3686,107,sd,A,67,3,I had a couple of Chryslers.  /,I/PRP had/VBD a/DT couple/NN of/IN Chryslers/NNPS ./.,,
sw10utt/sw_1076_3686.utt,3/sw3686,3686,108,sd,A,67,4,Had a super B for a while with a four forty in it. /,Had/VBD a/DT super/JJ B/NNP for/IN a/DT while/NN with/IN a/DT four/CD forty/CD in/IN it/PRP ./.,,
sw10utt/sw_1076_3686.utt,3/sw3686,3686,109,b,B,68,1,Uh-huh. /,Uh-huh/UH ./.,,
sw10utt/sw_1076_3686.utt,3/sw3686,3686,110,sd,A,69,1,It was a lot of fun. /,It/PRP was/VBD a/DT lot/NN of/IN fun/NN ./.,,
sw10utt/sw_1076_3686.utt,3/sw3686,3686,111,x,B,70,1,<Laughter>.,,,
sw10utt/sw_1076_3686.utt,3/sw3686,3686,112,%,A,71,1,"{C But, } {F uh, } -/","But/CC ,/, uh/UH ,/,",,
sw10utt/sw_1076_3686.utt,3/sw3686,3686,113,sd,B,72,1,"Not much gas mileage, though. /","Not/RB much/JJ gas/NN mileage/NN ,/, though/RB ./.",,
sw10utt/sw_1076_3686.utt,3/sw3686,3686,114,h,A,73,1,"I don't know,  /","I/PRP do/VBP n't/RB know/VB ,/,",,
sw10utt/sw_1076_3686.utt,3/sw3686,3686,115,sd,A,73,2,gas mileage wasn't too bad.  /,gas/NN mileage/NN was/VBD n't/RB too/RB bad/JJ ./.,,
sw10utt/sw_1076_3686.utt,3/sw3686,3686,116,sd,A,73,3,It got about seventeen. /,It/PRP got/VBD about/RB seventeen/CD ./.,,
sw10utt/sw_1076_3686.utt,3/sw3686,3686,117,ba,B,74,1,"{F Oh, } wow. /","Oh/UH ,/, wow/UH ./.",,
sw10utt/sw_1076_3686.utt,3/sw3686,3686,118,sd,A,75,1,"{D Well, } till you got crazy with it.  /","Well/UH ,/, till/IN you/PRP got/VBD crazy/JJ with/IN it/PRP ./.",,
sw10utt/sw_1076_3686.utt,3/sw3686,3686,119,sd,A,75,2,"{D You know, } you get the four barrel all worked up  /","You/PRP know/VBP ,/, you/PRP get/VBP the/DT four/CD barrel/NN all/DT worked/JJ up/RP",,
sw10utt/sw_1076_3686.utt,3/sw3686,3686,120,sd,A,75,3,"{C and } suddenly [ [ [ it, +  it, ] + it ]  drops off fast,  /","and/CC suddenly/RB it/PRP ,/, it/PRP ,/, it/PRP drops/VBZ off/RB fast/RB ,/,",,
sw10utt/sw_1076_3686.utt,3/sw3686,3686,121,sd,A,75,4,{C but } --,but/CC --/:,,
sw10utt/sw_1076_3686.utt,3/sw3686,3686,122,b,B,76,1,Yeah. /,Yeah/UH ./.,,
sw10utt/sw_1076_3686.utt,3/sw3686,3686,123,+,A,77,1,"-- long as you didn't spin the tires  too much [ or, + or ] spend too much time with the secondaries kicked in it,  it didn't do too bad on gas.  /","--/: long/RB as/IN you/PRP did/VBD n't/RB spin/VB the/DT tires/NNS too/RB much/JJ or/CC ,/, or/CC spend/VB too/RB much/JJ time/NN with/IN the/DT secondaries/NNS kicked/VBN in/RP it/PRP ,/, it/PRP did/VBD n't/RB do/VB too/RB bad/RB on/IN gas/NN ./.",,
sw10utt/sw_1076_3686.utt,3/sw3686,3686,124,sd,A,77,2,Didn't have to work too hard to move the car around. /,Did/VBD n't/RB have/VB to/TO work/VB too/RB hard/JJ to/TO move/VB the/DT car/NN around/RB ./.,,
sw10utt/sw_1076_3686.utt,3/sw3686,3686,125,qy,B,78,1,"{D Now, } do you think since they started  with electronic ignition that it improves the way the car runs? /","Now/RB ,/, do/VBP you/PRP think/VB since/IN they/PRP started/VBD with/IN electronic/JJ ignition/NN that/IN it/PRP improves/VBZ the/DT way/NN the/DT car/NN runs/VBZ ?/.",,
sw10utt/sw_1076_3686.utt,3/sw3686,3686,126,ny,A,79,1,"{F Oh, } yeah,  /","Oh/UH ,/, yeah/UH ,/,",,
sw10utt/sw_1076_3686.utt,3/sw3686,3686,127,ny,A,79,2,"yeah,  /","yeah/UH ,/,",,
sw10utt/sw_1076_3686.utt,3/sw3686,3686,128,sd^e,A,79,3,definitely. /,definitely/UH ./.,,
sw10utt/sw_1076_3686.utt,3/sw3686,3686,129,b,B,80,1,Uh-huh. /,Uh-huh/UH ./.,,
sw10utt/sw_1076_3686.utt,3/sw3686,3686,130,b,A,81,1,"Yeah,  /","Yeah/UH ,/,",,
sw10utt/sw_1076_3686.utt,3/sw3686,3686,131,%,A,81,2,"the, - /","the/DT ,/,",,
sw10utt/sw_1076_3686.utt,3/sw3686,3686,132,sd,A,81,3,my last G M car was a seventy  Chevy station wagon  /,my/PRP$ last/JJ G/NNP M/NNP car/NN was/VBD a/DT seventy/CD Chevy/NNP station/NN wagon/NN,,
sw10utt/sw_1076_3686.utt,3/sw3686,3686,133,sd,A,81,4,{C and } it still had the points and condenser in it.  /,and/CC it/PRP still/RB had/VBD the/DT points/NNS and/CC condenser/NN in/IN it/PRP ./.,,
sw10utt/sw_1076_3686.utt,3/sw3686,3686,134,sd,A,81,5,"When I rebuilt the engine on that, about a hundred and thirty thousand on the car. -/","When/WRB I/PRP rebuilt/VBD the/DT engine/NN on/IN that/DT ,/, about/RB a/DT hundred/CD and/CC thirty/CD thousand/CD on/IN the/DT car/NN ./.",,
sw10utt/sw_1076_3686.utt,3/sw3686,3686,135,b,B,82,1,Yeah. /,Yeah/UH ./.,,
sw10utt/sw_1076_3686.utt,3/sw3686,3686,136,sd,A,83,1,"I, {F uh, } pulled that old points  distributor out and got, an H E I [ distributor, +  electronic distributor ] put into it. /","I/PRP ,/, uh/UH ,/, pulled/VBD that/DT old/JJ points/NNS distributor/NN out/RB and/CC got/VBD ,/, an/DT H/NNP E/NNP I/NNP distributor/NN ,/, electronic/JJ distributor/NN put/VBN into/IN it/PRP ./.",,
