swda_filename,ptb_basename,conversation_no,transcript_index,act_tag,caller,utterance_index,subutterance_index,text,pos,trees,ptb_treenumbers
sw10utt/sw_1084_2991.utt,2/sw2991,2991,0,o,A,1,1,"<Throat_clearing> {D So, } P C -s, personal computers.  /","So/UH ,/, P/NN C/NN -s/NNS ,/, personal/JJ computers/NNS ./.",,
sw10utt/sw_1084_2991.utt,2/sw2991,2991,1,qy,A,1,2,Do you have a personal computer? /,Do/VBP you/PRP have/VB a/DT personal/JJ computer/NN ?/.,,
sw10utt/sw_1084_2991.utt,2/sw2991,2991,2,nn,B,2,1,No  /,No/UH,,
sw10utt/sw_1084_2991.utt,2/sw2991,2991,3,sd^e,B,2,2,"I don't, not at home. /","I/PRP do/VBP n't/RB ,/, not/RB at/IN home/NN ./.",,
sw10utt/sw_1084_2991.utt,2/sw2991,2991,4,b,A,3,1,Uh-huh. /,Uh-huh/UH ./.,,
sw10utt/sw_1084_2991.utt,2/sw2991,2991,5,sd,B,4,1,I work with them quite a bit though. /,I/PRP work/VBP with/IN them/PRP quite/PDT a/DT bit/NN though/RB ./.,,
sw10utt/sw_1084_2991.utt,2/sw2991,2991,6,b,A,5,1,"Uh-huh,  /","Uh-huh/UH ,/,",,
sw10utt/sw_1084_2991.utt,2/sw2991,2991,7,sd,A,5,2,"[ I, + I ]  work with them at Kelly Services, doing, {F uh, } data entry. /","I/PRP ,/, I/PRP work/VBP with/IN them/PRP at/IN Kelly/NNP Services/NNPS ,/, doing/VBG ,/, uh/UH ,/, data/NN entry/NN ./.",,
sw10utt/sw_1084_2991.utt,2/sw2991,2991,8,b,B,6,1,"{F Oh, } okay. /","Oh/UH ,/, okay/UH ./.",,
sw10utt/sw_1084_2991.utt,2/sw2991,2991,9,b,A,7,1,Uh-huh.  /,Uh-huh/UH ./.,,
sw10utt/sw_1084_2991.utt,2/sw2991,2991,10,qo,A,7,2,"[ What do you, + what do you ] think about them? /","What/WP do/VBP you/PRP ,/, what/WP do/VBP you/PRP think/VB about/IN them/PRP ?/.",,
sw10utt/sw_1084_2991.utt,2/sw2991,2991,11,sv,B,8,1,"{D Well, } I think they're useful,  /","Well/UH ,/, I/PRP think/VBP they/PRP 're/VBP useful/JJ ,/,",,
sw10utt/sw_1084_2991.utt,2/sw2991,2991,12,sv,B,8,2,"I think [ they're + ] in some instances [ they're, + they're ] over used,  /","I/PRP think/VBP they/PRP 're/VBP in/IN some/DT instances/NNS they/PRP 're/VBP ,/, they/PRP 're/VBP over/GW used/^VBN ,/,",,
sw10utt/sw_1084_2991.utt,2/sw2991,2991,13,^h,B,8,3,"{D well, } that's not the right way to  say it. /","well/UH ,/, that/DT 's/BES not/RB the/DT right/JJ way/NN to/TO say/VB it/PRP ./.",,
sw10utt/sw_1084_2991.utt,2/sw2991,2991,14,bf,A,9,1,<Throat_clearing> You mean instead of people  /,You/PRP mean/VBP instead/IN of/IN people/NNS,,
sw10utt/sw_1084_2991.utt,2/sw2991,2991,15,%,A,9,2,"{C or, } -/","or/CC ,/,",,
sw10utt/sw_1084_2991.utt,2/sw2991,2991,16,na,B,10,1,"{D Well } I think that, {F uh, } [ some, + some ]  work places where I've been [ they, + they ] set up - /","Well/UH I/PRP think/VBP that/IN ,/, uh/UH ,/, some/DT ,/, some/DT work/NN places/NNS where/WRB I/PRP 've/VBP been/VBN they/PRP ,/, they/PRP set/VBP up/RP",,
sw10utt/sw_1084_2991.utt,2/sw2991,2991,17,sd,B,10,2,{D like } every body has <talking> their own P C --,like/IN every/GW body/^NN has/VBZ their/PRP$ own/JJ P/NN C/NN --/:,,
sw10utt/sw_1084_2991.utt,2/sw2991,2991,18,b,A,11,1,Uh-huh. /,Uh-huh/UH ./.,,
sw10utt/sw_1084_2991.utt,2/sw2991,2991,19,+,B,12,1,"-- which a lot of times everybody doesn't  need a P C,  /","--/: which/WDT a/DT lot/NN of/IN times/NNS everybody/NN does/VBZ n't/RB need/VB a/DT P/NN C/NN ,/,",,
sw10utt/sw_1084_2991.utt,2/sw2991,2991,20,%,B,12,2,"{C and } it really, - /","and/CC it/PRP really/RB ,/,",,
sw10utt/sw_1084_2991.utt,2/sw2991,2991,21,sv,B,12,3,"without them knowing how to use it properly,  it slows them down, more than it helps them accomplish something. /","without/IN them/PRP knowing/VBG how/WRB to/TO use/VB it/PRP properly/RB ,/, it/PRP slows/VBZ them/PRP down/RP ,/, more/JJR than/IN it/PRP helps/VBZ them/PRP accomplish/VB something/NN ./.",,
sw10utt/sw_1084_2991.utt,2/sw2991,2991,22,b,A,13,1,Right. /,Right/UH ./.,,
sw10utt/sw_1084_2991.utt,2/sw2991,2991,23,sv,B,14,1,They spend more time messing with the  P C than they would actually accomplishing the tasks that they're trying to do  if they didn't have a P C at all. /,They/PRP spend/VBP more/JJR time/NN messing/VBG with/IN the/DT P/NN C/NN than/IN they/PRP would/MD actually/RB accomplishing/VBG the/DT tasks/NNS that/IN they/PRP 're/VBP trying/VBG to/TO do/VB if/IN they/PRP did/VBD n't/RB have/VB a/DT P/NN C/NN at/IN all/DT ./.,,
sw10utt/sw_1084_2991.utt,2/sw2991,2991,24,b,A,15,1,Uh-huh.  /,Uh-huh/UH ./.,,
sw10utt/sw_1084_2991.utt,2/sw2991,2991,25,sv,A,15,2,"{C And } you really have to be able  to type pretty fast [ before, + {D you know, } before ]  it really saves time. /","And/CC you/PRP really/RB have/VBP to/TO be/VB able/JJ to/TO type/VB pretty/RB fast/RB before/RB ,/, you/PRP know/VBP ,/, before/IN it/PRP really/RB saves/VBZ time/NN ./.",,
sw10utt/sw_1084_2991.utt,2/sw2991,2991,26,b,B,16,1,"Uh-huh,  /","Uh-huh/UH ,/,",,
sw10utt/sw_1084_2991.utt,2/sw2991,2991,27,ba,B,16,2,that's true. /,that/DT 's/BES true/JJ ./.,,
sw10utt/sw_1084_2991.utt,2/sw2991,2991,28,b,A,17,1,Uh-huh. /,Uh-huh/UH ./.,,
sw10utt/sw_1084_2991.utt,2/sw2991,2991,29,sv,B,18,1,"{C And } you have to, {D you know, } be familiar with  it,  /","And/CC you/PRP have/VBP to/TO ,/, you/PRP know/VBP ,/, be/VB familiar/JJ with/IN it/PRP ,/,",,
sw10utt/sw_1084_2991.utt,2/sw2991,2991,30,sv,B,18,2,"{D like } there're so many different software packages, [ it, + you ]  have to be familiar with the one that you're going to be using most. /","like/IN there/EX 're/VBP so/RB many/JJ different/JJ software/NN packages/NNS ,/, it/PRP ,/, you/PRP have/VBP to/TO be/VB familiar/JJ with/IN the/DT one/CD that/WDT you/PRP 're/VBP going/VBG to/TO be/VB using/VBG most/RBS ./.",,
sw10utt/sw_1084_2991.utt,2/sw2991,2991,31,b,A,19,1,Uh-huh /,Uh-huh/UH,,
sw10utt/sw_1084_2991.utt,2/sw2991,2991,32,sv,B,20,1,"A lot of times, {F uh, } people know about half  of the capabilities of a package that they should know to actually be able to use  it properly,  /","A/DT lot/NN of/IN times/NNS ,/, uh/UH ,/, people/NNS know/VBP about/IN half/NN of/IN the/DT capabilities/NNS of/IN a/DT package/NN that/WDT they/PRP should/MD know/VB to/TO actually/RB be/VB able/JJ to/TO use/VB it/PRP properly/RB ,/,",,
sw10utt/sw_1084_2991.utt,2/sw2991,2991,33,sv,B,20,2,"{C and so } they waste more time with their trying to, {F uh, }   figure out how to do, {D you know, } other things, than they would [ if they, + <music> if they ]  actually understood what they were trying to do.  /","and/CC so/RB they/PRP waste/VBP more/JJR time/NN with/IN their/PRP$ trying/VBG to/TO ,/, uh/UH ,/, figure/VB out/RP how/WRB to/TO do/VB ,/, you/PRP know/VBP ,/, other/JJ things/NNS ,/, than/IN they/PRP would/MD if/IN they/PRP ,/, if/IN they/PRP actually/RB understood/VBD what/WP they/PRP were/VBD trying/VBG to/TO do/VB ./.",,
sw10utt/sw_1084_2991.utt,2/sw2991,2991,34,sv,B,20,3,"{D You know, }  {D like, } {F uh, } they want [ to, + to ]  format a report a certain way -- /","You/PRP know/VBP ,/, like/IN ,/, uh/UH ,/, they/PRP want/VBP to/TO ,/, to/TO format/VB a/DT report/NN a/DT certain/JJ way/NN --/:",,
sw10utt/sw_1084_2991.utt,2/sw2991,2991,35,b,A,21,1,Uh-huh. /,Uh-huh/UH ./.,,
sw10utt/sw_1084_2991.utt,2/sw2991,2991,36,sv,B,22,1,"-- {C and } if they really understood the  capabilities of the package [ they could, + they could ] do that in about, {D you know, }  half the time that they spend trying to figure out how to do it without spending  the time to learn the package properly. /","--/: and/CC if/IN they/PRP really/RB understood/VBD the/DT capabilities/NNS of/IN the/DT package/NN they/PRP could/MD ,/, they/PRP could/MD do/VB that/DT in/IN about/IN ,/, you/PRP know/VBP ,/, half/PDT the/DT time/NN that/WDT they/PRP spend/VBP trying/VBG to/TO figure/VB out/RP how/WRB to/TO do/VB it/PRP without/IN spending/VBG the/DT time/NN to/TO learn/VB the/DT package/NN properly/RB ./.",,
sw10utt/sw_1084_2991.utt,2/sw2991,2991,37,^2,A,23,1,"To set up the boundaries correctly, and <throat_clearing> --","To/TO set/VB up/RP the/DT boundaries/NNS correctly/RB ,/, and/CC --/:",,
sw10utt/sw_1084_2991.utt,2/sw2991,2991,38,aa,B,24,1,"Right,  /","Right/UH ,/,",,
sw10utt/sw_1084_2991.utt,2/sw2991,2991,39,ba,B,24,2,exactly. /,exactly/UH ./.,,
sw10utt/sw_1084_2991.utt,2/sw2991,2991,40,+,A,25,1,"-- how many lines you're going to use  in an, -/","--/: how/WRB many/JJ lines/NNS you/PRP 're/VBP going/VBG to/TO use/VB in/IN an/DT ,/,",,
sw10utt/sw_1084_2991.utt,2/sw2991,2991,41,b,B,26,1,Uh-huh.  /,Uh-huh/UH ./.,,
sw10utt/sw_1084_2991.utt,2/sw2991,2991,42,sv,B,26,2,"A lot of times [ [ they, + they, ] + they ]  do it manually on the computer, which just really is a waste of time,  /","A/DT lot/NN of/IN times/NNS they/PRP ,/, they/PRP ,/, they/PRP do/VBP it/PRP manually/RB on/IN the/DT computer/NN ,/, which/WDT just/RB really/RB is/VBZ a/DT waste/NN of/IN time/NN ,/,",,
sw10utt/sw_1084_2991.utt,2/sw2991,2991,43,sv,B,26,3,"{C and then, }  if they ever have to change anything [ [ in that, + in that, ] + in the ]  document, they have to go back and redo it all manually, whereas if they had learned the  package properly to start with and had set it up correctly,  the package would do that for them --","and/CC then/RB ,/, if/IN they/PRP ever/RB have/VBP to/TO change/VB anything/NN in/IN that/DT ,/, in/IN that/DT ,/, in/IN the/DT document/NN ,/, they/PRP have/VBP to/TO go/VB back/RB and/CC redo/VB it/PRP all/DT manually/RB ,/, whereas/IN if/IN they/PRP had/VBD learned/VBN the/DT package/NN properly/RB to/TO start/VB with/IN and/CC had/VBD set/VBN it/PRP up/RP correctly/RB ,/, the/DT package/NN would/MD do/VB that/DT for/IN them/PRP --/:",,
sw10utt/sw_1084_2991.utt,2/sw2991,2991,44,b,A,27,1,Uh-huh. /,Uh-huh/UH ./.,,
sw10utt/sw_1084_2991.utt,2/sw2991,2991,45,+,B,28,1,"-- whenever they wanted to make a change, /","--/: whenever/WRB they/PRP wanted/VBD to/TO make/VB a/DT change/NN ,/,",,
sw10utt/sw_1084_2991.utt,2/sw2991,2991,46,qh,A,29,1,"[ [ Can't you, + can't you put, ] +","Ca/MD n't/RB you/PRP ,/, ca/MD n't/RB you/PRP put/VB ,/,",,
sw10utt/sw_1084_2991.utt,2/sw2991,2991,47,sd,B,30,1,"{C so } [ I, + I've ] seen that as a problem. /","so/IN I/PRP ,/, I/PRP 've/VBP seen/VBN that/DT as/IN a/DT problem/NN ./.",,
sw10utt/sw_1084_2991.utt,2/sw2991,2991,48,+,A,31,1,"Can't you ] put it on a disk and then just edit it,  if you need to when you go back. /","Ca/MD n't/RB you/PRP put/VB it/PRP on/IN a/DT disk/NN and/CC then/RB just/RB edit/VB it/PRP ,/, if/IN you/PRP need/VBP to/TO when/WRB you/PRP go/VBP back/RB ./.",,
sw10utt/sw_1084_2991.utt,2/sw2991,2991,49,b,B,32,1,"Right,  /","Right/UH ,/,",,
sw10utt/sw_1084_2991.utt,2/sw2991,2991,50,sd,B,32,2,"{C but } [ in some, + in some ]  cases the with the formatting, what I'm talking about is that [ they would set up, + they set up ]  a certain document,  /","but/CC in/IN some/DT ,/, in/IN some/DT cases/NNS the/DT with/IN the/DT formatting/NN ,/, what/WP I/PRP 'm/VBP talking/VBG about/IN is/VBZ that/IN they/PRP would/MD set/VB up/IN ,/, they/PRP set/VBP up/RP a/DT certain/JJ document/NN ,/,",,
sw10utt/sw_1084_2991.utt,2/sw2991,2991,51,sd,B,32,3,{C and } it may be eight pages long. /,and/CC it/PRP may/MD be/VB eight/CD pages/NNS long/JJ ./.,,
sw10utt/sw_1084_2991.utt,2/sw2991,2991,52,b,A,33,1,Right. /,Right/UH ./.,,
sw10utt/sw_1084_2991.utt,2/sw2991,2991,53,sd,B,34,1,"{C And } they set it up manually, so that they have  all their spacings and  formattings and tabs set manually. /","And/CC they/PRP set/VBP it/PRP up/RP manually/RB ,/, so/IN that/IN they/PRP have/VBP all/DT their/PRP$ spacings/NNS and/CC formattings/NNS and/CC tabs/NNS set/VBN manually/RB ./.",,
sw10utt/sw_1084_2991.utt,2/sw2991,2991,54,b,A,35,1,Uh-huh.  /,Uh-huh/UH ./.,,
sw10utt/sw_1084_2991.utt,2/sw2991,2991,55,%,A,35,2,[ {C And } + --,And/CC --/:,,
sw10utt/sw_1084_2991.utt,2/sw2991,2991,56,sd,B,36,1,"{C And, } {F um, }","And/CC ,/, um/UH ,/,",,
sw10utt/sw_1084_2991.utt,2/sw2991,2991,57,+,A,37,1,"-- {C and } ] {F um, } -/","--/: and/CC um/UH ,/,",,
sw10utt/sw_1084_2991.utt,2/sw2991,2991,58,+,B,38,1,"{C then } when they have to make a change, {A say they want to insert a paragraph. }  They got to  go through the document and reset all the page breaks manually --","then/RB when/WRB they/PRP have/VBP to/TO make/VB a/DT change/NN ,/, say/UH they/PRP want/VBP to/TO insert/VB a/DT paragraph/NN ./. They/PRP got/VBN to/TO go/VB through/IN the/DT document/NN and/CC reset/VB all/PDT the/DT page/NN breaks/NNS manually/RB --/:",,
sw10utt/sw_1084_2991.utt,2/sw2991,2991,59,^2,A,39,1,Rewrite the whole thing. /,Rewrite/VB the/DT whole/JJ thing/NN ./.,,
sw10utt/sw_1084_2991.utt,2/sw2991,2991,60,+,B,40,1,"-- and rewrite the whole thing instead of  having the, - /","--/: and/CC rewrite/VB the/DT whole/JJ thing/NN instead/IN of/IN having/VBG the/DT ,/,",,
sw10utt/sw_1084_2991.utt,2/sw2991,2991,61,sd,B,40,2,"[ if, + if ] they had set up the formatting on the system  itself, it would do that for them, and save them a lot of time.  /","if/IN ,/, if/IN they/PRP had/VBD set/VBN up/RP the/DT formatting/NN on/IN the/DT system/NN itself/PRP ,/, it/PRP would/MD do/VB that/DT for/IN them/PRP ,/, and/CC save/VB them/PRP a/DT lot/NN of/IN time/NN ./.",,
sw10utt/sw_1084_2991.utt,2/sw2991,2991,62,sd,B,40,3,{C But } a lot of people don't  spend the time to learn the package. /,But/CC a/DT lot/NN of/IN people/NNS do/VBP n't/RB spend/VB the/DT time/NN to/TO learn/VB the/DT package/NN ./.,,
sw10utt/sw_1084_2991.utt,2/sw2991,2991,63,qo,A,41,1,How does the word wrap work on that?  /,How/WRB does/VBZ the/DT word/NN wrap/NN work/VB on/IN that/DT ?/.,,
sw10utt/sw_1084_2991.utt,2/sw2991,2991,64,qy,A,41,2,Do you end up with very different length lines? /,Do/VBP you/PRP end/VB up/RP with/IN very/RB different/JJ length/NN lines/NNS ?/.,,
sw10utt/sw_1084_2991.utt,2/sw2991,2991,65,nn,B,42,1,"{F Oh, } no,  /","Oh/UH ,/, no/UH ,/,",,
sw10utt/sw_1084_2991.utt,2/sw2991,2991,66,nn,B,42,2,no  /,no/UH,,
sw10utt/sw_1084_2991.utt,2/sw2991,2991,67,sd,B,42,3,you can left and right justify the  whole thing.  /,you/PRP can/MD left/NN and/CC right/NN justify/VB the/DT whole/JJ thing/NN ./.,,
sw10utt/sw_1084_2991.utt,2/sw2991,2991,68,sd,B,42,4,It comes out just perfectly spaced like a block. /,It/PRP comes/VBZ out/RP just/RB perfectly/RB spaced/JJ like/IN a/DT block/NN ./.,,
sw10utt/sw_1084_2991.utt,2/sw2991,2991,69,%,A,43,1,{F Um. } /,Um/UH ./.,,
sw10utt/sw_1084_2991.utt,2/sw2991,2991,70,sd,B,44,1,"[ It'll, + it'll ] automatically, - /","It/PRP 'll/MD ,/, it/PRP 'll/MD automatically/RB ,/,",,
sw10utt/sw_1084_2991.utt,2/sw2991,2991,71,sd,B,44,2,it's like typesetting.  /,it/PRP 's/BES like/IN typesetting/NN ./.,,
sw10utt/sw_1084_2991.utt,2/sw2991,2991,72,sd,B,44,3,It'll automatically do that for you. /,It/PRP 'll/MD automatically/RB do/VB that/DT for/IN you/PRP ./.,,
sw10utt/sw_1084_2991.utt,2/sw2991,2991,73,qy^d,A,45,1,{C And } it divides the words by itself? /,And/CC it/PRP divides/VBZ the/DT words/NNS by/IN itself/PRP ?/.,,
sw10utt/sw_1084_2991.utt,2/sw2991,2991,74,ng,B,46,1,Usually it doesn't divide words. /,Usually/RB it/PRP does/VBZ n't/RB divide/VB words/NNS ./.,,
sw10utt/sw_1084_2991.utt,2/sw2991,2991,75,bk,A,47,1,"{F Oh, } okay. /","Oh/UH ,/, okay/UH ./.",,
sw10utt/sw_1084_2991.utt,2/sw2991,2991,76,sd,B,48,1,They usually have it space the words in a  [ line + ] rather than divide a word. /,They/PRP usually/RB have/VBP it/PRP space/VB the/DT words/NNS in/IN a/DT line/NN rather/IN than/IN divide/VB a/DT word/NN ./.,,
sw10utt/sw_1084_2991.utt,2/sw2991,2991,77,b,A,49,1,Uh-huh. /,Uh-huh/UH ./.,,
sw10utt/sw_1084_2991.utt,2/sw2991,2991,78,sd,B,50,1,"{C So, } you see, like in a newspaper, they typeset.  /","So/RB ,/, you/PRP see/VBP ,/, like/IN in/IN a/DT newspaper/NN ,/, they/PRP typeset/VBP ./.",,
sw10utt/sw_1084_2991.utt,2/sw2991,2991,79,sd,B,50,2,They don't usually break words in a newspaper. /,They/PRP do/VBP n't/RB usually/RB break/VB words/NNS in/IN a/DT newspaper/NN ./.,,
sw10utt/sw_1084_2991.utt,2/sw2991,2991,80,b,A,51,1,Right. /,Right/UH ./.,,
sw10utt/sw_1084_2991.utt,2/sw2991,2991,81,sd,B,52,1,"[ If the, + if one ] line is going to be a lot  shorter than another line, they just add spaces to that line to make it look long  as the rest of the lines. /","If/IN the/DT ,/, if/IN one/CD line/NN is/VBZ going/VBG to/TO be/VB a/DT lot/NN shorter/JJR than/IN another/DT line/NN ,/, they/PRP just/RB add/VBP spaces/NNS to/IN that/DT line/NN to/TO make/VB it/PRP look/VB long/RB as/IN the/DT rest/NN of/IN the/DT lines/NNS ./.",,
sw10utt/sw_1084_2991.utt,2/sw2991,2991,82,b,A,53,1,Uh-huh.  /,Uh-huh/UH ./.,,
sw10utt/sw_1084_2991.utt,2/sw2991,2991,83,bf,A,53,2,"They space it out [ in, + in ] the line itself. /","They/PRP space/NN it/PRP out/IN in/IN ,/, in/IN the/DT line/NN itself/PRP ./.",,
sw10utt/sw_1084_2991.utt,2/sw2991,2991,84,aa,B,54,1,Right. /,Right/UH ./.,,
sw10utt/sw_1084_2991.utt,2/sw2991,2991,85,b,A,55,1,Oh. /,Oh/UH ./.,,
sw10utt/sw_1084_2991.utt,2/sw2991,2991,86,sd,B,56,1,{C And } most computers do that. /,And/CC most/JJS computers/NNS do/VBP that/DT ./.,,
sw10utt/sw_1084_2991.utt,2/sw2991,2991,87,%,A,57,1,"They, -/","They/PRP ,/,",,
sw10utt/sw_1084_2991.utt,2/sw2991,2991,88,sd,B,58,1,"[ Most pack-, + most software packages ]  will do that for you. /","Most/JJS pack-/XX ,/, most/RBS software/NN packages/NNS will/MD do/VB that/DT for/IN you/PRP ./.",,
sw10utt/sw_1084_2991.utt,2/sw2991,2991,89,b,A,59,1,Uh-huh. /,Uh-huh/UH ./.,,
sw10utt/sw_1084_2991.utt,2/sw2991,2991,90,sd,B,60,1,"[ I've, + I've ] known people that have used a   package [ for, + for ] five years, {D you know, }  /","I/PRP 've/VBP ,/, I/PRP 've/VBP known/VBN people/NNS that/WDT have/VBP used/VBN a/DT package/NN for/IN ,/, for/IN five/CD years/NNS ,/, you/PRP know/VBP ,/,",,
sw10utt/sw_1084_2991.utt,2/sw2991,2991,91,sd,B,60,2,"{C and } I would say, {D well, } [ have you, + ] {D you know, }  you know more about this package than I do,  /","and/CC I/PRP would/MD say/VB ,/, well/UH ,/, have/VBP you/PRP ,/, you/PRP know/VBP ,/, you/PRP know/VBP more/JJR about/IN this/DT package/NN than/IN I/PRP do/VBP ,/,",,
sw10utt/sw_1084_2991.utt,2/sw2991,2991,92,^q,B,60,3,how do you left justify?   /,how/WRB do/VBP you/PRP left/NN justify/VB ?/.,,
sw10utt/sw_1084_2991.utt,2/sw2991,2991,93,sd(^q),B,60,4,"{C And } they would say, I don't know. /","And/CC they/PRP would/MD say/VB ,/, I/PRP do/VBP n't/RB know/VB ./.",,
sw10utt/sw_1084_2991.utt,2/sw2991,2991,94,b,A,61,1,Uh-huh. /,Uh-huh/UH ./.,,
sw10utt/sw_1084_2991.utt,2/sw2991,2991,95,sd,B,62,1,{C And } it would take me maybe two or three minutes  looking in the manual to figure out what command it was that  caused this to happen.  /,And/CC it/PRP would/MD take/VB me/PRP maybe/RB two/CD or/CC three/CD minutes/NNS looking/VBG in/IN the/DT manual/NN to/TO figure/VB out/RP what/WDT command/NN it/PRP was/VBD that/WDT caused/VBD this/DT to/TO happen/VB ./.,,
sw10utt/sw_1084_2991.utt,2/sw2991,2991,96,sd(^q),B,62,2,"{C And } they would say, how did you do that?  /","And/CC they/PRP would/MD say/VB ,/, how/WRB did/VBD you/PRP do/VB that/DT ?/.",,
sw10utt/sw_1084_2991.utt,2/sw2991,2991,97,sd(^q),B,62,3,"{C And } I'm like, {D well }  it's really easy.  /","And/CC I/PRP 'm/VBP like/IN ,/, well/UH it/PRP 's/BES really/RB easy/JJ ./.",,
sw10utt/sw_1084_2991.utt,2/sw2991,2991,98,sd(^q),B,62,4,"{C And } they were like, {D well, } I never knew that.   /","And/CC they/PRP were/VBD like/IN ,/, well/UH ,/, I/PRP never/RB knew/VBD that/DT ./.",,
sw10utt/sw_1084_2991.utt,2/sw2991,2991,99,sd,B,62,5,"{C So } obviously they'd  never considered looking it up, {D you know. } /","So/RB obviously/RB they/PRP 'd/MD never/RB considered/VBN looking/VBG it/PRP up/RP ,/, you/PRP know/VBP ./.",,
sw10utt/sw_1084_2991.utt,2/sw2991,2991,100,b,A,63,1,Uh-huh.  /,Uh-huh/UH ./.,,
sw10utt/sw_1084_2991.utt,2/sw2991,2991,101,qy,A,63,2,"Do you think it's a lack of  training,  /","Do/VBP you/PRP think/VB it/PRP 's/BES a/DT lack/NN of/IN training/NN ,/,",,
sw10utt/sw_1084_2991.utt,2/sw2991,2991,102,qrr,A,63,3,{C or } it's just that they don't use the materials that are available to them. /,or/CC it/PRP 's/BES just/RB that/IN they/PRP do/VBP n't/RB use/VB the/DT materials/NNS that/WDT are/VBP available/JJ to/TO them/PRP ./.,,
sw10utt/sw_1084_2991.utt,2/sw2991,2991,103,no,B,64,1,"Sometimes it's, - /","Sometimes/RB it/PRP 's/BES ,/,",,
sw10utt/sw_1084_2991.utt,2/sw2991,2991,104,no,B,64,2,"sometimes, - /","sometimes/RB ,/,",,
sw10utt/sw_1084_2991.utt,2/sw2991,2991,105,no,B,64,3,"{D well, }  it's a number of different things.  /","well/UH ,/, it/PRP 's/BES a/DT number/NN of/IN different/JJ things/NNS ./.",,
sw10utt/sw_1084_2991.utt,2/sw2991,2991,106,sv,B,64,4,"Sometimes [ they don't, + {F uh, } they don't ]  think that they can get any information out of the manual.  /","Sometimes/RB they/PRP do/VBP n't/RB ,/, uh/UH ,/, they/PRP do/VBP n't/RB think/VB that/IN they/PRP can/MD get/VB any/DT information/NN out/IN of/IN the/DT manual/NN ./.",,
sw10utt/sw_1084_2991.utt,2/sw2991,2991,107,sv,B,64,5,Some manuals aren't really designed very well. /,Some/DT manuals/NNS are/VBP n't/RB really/RB designed/VBN very/RB well/RB ./.,,
sw10utt/sw_1084_2991.utt,2/sw2991,2991,108,b,A,65,1,Uh-huh. /,Uh-huh/UH ./.,,
sw10utt/sw_1084_2991.utt,2/sw2991,2991,109,sd,B,66,1,"{C But } some of them,","But/CC some/DT of/IN them/PRP ,/,",,
sw10utt/sw_1084_2991.utt,2/sw2991,2991,110,x,A,67,1,<Cough>.,,,
sw10utt/sw_1084_2991.utt,2/sw2991,2991,111,+,B,68,1,"are,  /","are/VBP ,/,",,
sw10utt/sw_1084_2991.utt,2/sw2991,2991,112,sd,B,68,2,"{C and } more and more of them are coming  out written in a way [ that it, + that just ] a basic, general user can understand them.  /","and/CC more/JJR and/CC more/JJR of/IN them/PRP are/VBP coming/VBG out/RB written/VBN in/IN a/DT way/NN that/IN it/PRP ,/, that/IN just/RB a/DT basic/JJ ,/, general/JJ user/NN can/MD understand/VB them/PRP ./.",,
sw10utt/sw_1084_2991.utt,2/sw2991,2991,113,sd,B,68,3,"{C So, } I think, {F um, } people think it's <talking> going to take them a lot  longer to learn it properly than it really would,  /","So/RB ,/, I/PRP think/VBP ,/, um/UH ,/, people/NNS think/VBP it/PRP 's/BES going/VBG to/TO take/VB them/PRP a/DT lot/NN longer/RBR to/TO learn/VB it/PRP properly/RB than/IN it/PRP really/RB would/MD ,/,",,
sw10utt/sw_1084_2991.utt,2/sw2991,2991,114,sd,B,68,4,"{C and so } they're really  wasting time rather than saving themselves time, because they think, {D well, } it's quicker just to do it myself --","and/CC so/RB they/PRP 're/VBP really/RB wasting/VBG time/NN rather/IN than/IN saving/VBG themselves/PRP time/NN ,/, because/IN they/PRP think/VBP ,/, well/UH ,/, it/PRP 's/BES quicker/RBR just/RB to/TO do/VB it/PRP myself/PRP --/:",,
sw10utt/sw_1084_2991.utt,2/sw2991,2991,115,b,A,69,1,Right. /,Right/UH ./.,,
sw10utt/sw_1084_2991.utt,2/sw2991,2991,116,+,B,70,1,-- when it's really not. /,--/: when/WRB it/PRP 's/BES really/RB not/RB ./.,,
sw10utt/sw_1084_2991.utt,2/sw2991,2991,117,b,A,71,1,Uh-huh.  /,Uh-huh/UH ./.,,
sw10utt/sw_1084_2991.utt,2/sw2991,2991,118,sv,A,71,2,It's better to learn it directly from the manual. /,It/PRP 's/BES better/JJR to/TO learn/VB it/PRP directly/RB from/IN the/DT manual/NN ./.,,
sw10utt/sw_1084_2991.utt,2/sw2991,2991,119,sv,B,72,1,"{D Well, } I think so. /","Well/UH ,/, I/PRP think/VBP so/RB ./.",,
sw10utt/sw_1084_2991.utt,2/sw2991,2991,120,sv,A,73,1,Especially when you have to trouble shoot some things. /,Especially/RB when/WRB you/PRP have/VBP to/TO trouble/NN shoot/VB some/DT things/NNS ./.,,
sw10utt/sw_1084_2991.utt,2/sw2991,2991,121,b,B,74,1,Uh-huh.  /,Uh-huh/UH ./.,,
sw10utt/sw_1084_2991.utt,2/sw2991,2991,122,aa,B,74,2,Exactly. /,Exactly/UH ./.,,
sw10utt/sw_1084_2991.utt,2/sw2991,2991,123,sd,A,75,1,"<Talking> {C Because } a lot of the times the  computer <throat_clearing> [ the + ] program still has, {F uh, } bugs in it,  /","Because/IN a/DT lot/NN of/IN the/DT times/NNS the/DT computer/NN the/DT program/NN still/RB has/VBZ ,/, uh/UH ,/, bugs/NNS in/IN it/PRP ,/,",,
sw10utt/sw_1084_2991.utt,2/sw2991,2991,124,sd,A,75,2,{C and } you have to work around it. /,and/CC you/PRP have/VBP to/TO work/VB around/IN it/PRP ./.,,
sw10utt/sw_1084_2991.utt,2/sw2991,2991,125,b,B,76,1,Uh-huh. /,Uh-huh/UH ./.,,
sw10utt/sw_1084_2991.utt,2/sw2991,2991,126,qy^d,A,77,1,"Have you worked mostly on I B M, /","Have/VBP you/PRP worked/VBN mostly/RB on/IN I/NNP B/NNP M/NNP ,/,",,
sw10utt/sw_1084_2991.utt,2/sw2991,2991,127,na,B,78,1,"With P C -s they're either <talking> I B M or  I B M compatible, mostly. /","With/IN P/NN C/NN -s/NNS they/PRP 're/VBP either/CC I/NNP B/NNP M/NNP or/CC I/NNP B/NNP M/NNP compatible/JJ ,/, mostly/RB ./.",,
sw10utt/sw_1084_2991.utt,2/sw2991,2991,128,b,A,79,1,Uh-huh.  /,Uh-huh/UH ./.,,
sw10utt/sw_1084_2991.utt,2/sw2991,2991,129,b,A,79,2,"Yeah,  /","Yeah/UH ,/,",,
sw10utt/sw_1084_2991.utt,2/sw2991,2991,130,sd,A,79,3,"[ that's a-, + --","that/DT 's/BES a-/XX ,/, --/:",,
sw10utt/sw_1084_2991.utt,2/sw2991,2991,131,sd,B,80,1,"That is [ the, + {D you know, } the ] industry standard. /","That/DT is/VBZ the/DT ,/, you/PRP know/VBP ,/, the/DT industry/NN standard/NN ./.",,
sw10utt/sw_1084_2991.utt,2/sw2991,2991,132,+,A,81,1,"-- that's all ] I've seen in offices, is I B M. /","--/: that/DT 's/BES all/DT I/PRP 've/VBP seen/VBN in/IN offices/NNS ,/, is/VBZ I/NNP B/NNP M/NNP ./.",,
sw10utt/sw_1084_2991.utt,2/sw2991,2991,133,b,B,82,1,Uh-huh.  /,Uh-huh/UH ./.,,
sw10utt/sw_1084_2991.utt,2/sw2991,2991,134,sv,B,82,2,"There's a lot of really good I B M  compatibles, too.  /","There/EX 's/BES a/DT lot/NN of/IN really/RB good/JJ I/NNP B/NNP M/NNP compatibles/NNS ,/, too/RB ./.",,
sw10utt/sw_1084_2991.utt,2/sw2991,2991,135,sd,B,82,3,"They don't have to necessarily be the I B M brand,  /","They/PRP do/VBP n't/RB have/VB to/TO necessarily/RB be/VB the/DT I/NNP B/NNP M/NNP brand/NN ,/,",,
sw10utt/sw_1084_2991.utt,2/sw2991,2991,136,sd,B,82,4,{C but } they have to adhere to that industry standard. /,but/CC they/PRP have/VBP to/TO adhere/VB to/IN that/DT industry/NN standard/NN ./.,,
sw10utt/sw_1084_2991.utt,2/sw2991,2991,137,b,A,83,1,Right.  /,Right/UH ./.,,
sw10utt/sw_1084_2991.utt,2/sw2991,2991,138,qy^t,A,83,2,{D Well } do you think it's been  five minutes yet  /,Well/UH do/VBP you/PRP think/VB it/PRP 's/HVS been/VBN five/CD minutes/NNS yet/RB,,
sw10utt/sw_1084_2991.utt,2/sw2991,2991,139,%,A,83,3,"{C or, } -/","or/CC ,/,",,
sw10utt/sw_1084_2991.utt,2/sw2991,2991,140,na,B,84,1,"{F Oh, } probably. /","Oh/UH ,/, probably/RB ./.",,
sw10utt/sw_1084_2991.utt,2/sw2991,2991,141,bk,A,85,1,"{F Oh, } okay. /","Oh/UH ,/, okay/UH ./.",,
sw10utt/sw_1084_2991.utt,2/sw2991,2991,142,x,B,86,1,<Laughter>.,,,
sw10utt/sw_1084_2991.utt,2/sw2991,2991,143,fc,A,87,1,{D Well } it was nice talking to you. /,Well/UH it/PRP was/VBD nice/JJ talking/VBG to/IN you/PRP ./.,,
sw10utt/sw_1084_2991.utt,2/sw2991,2991,144,fc,B,88,1,Okay. /,Okay/UH ./.,,
sw10utt/sw_1084_2991.utt,2/sw2991,2991,145,fc,A,89,1,Thank you. /,Thank/VB you/PRP ./.,,
sw10utt/sw_1084_2991.utt,2/sw2991,2991,146,fc,B,90,1,Bye-bye. /,Bye-bye/UH ./.,,
sw10utt/sw_1084_2991.utt,2/sw2991,2991,147,fc^m,A,91,1,Bye-bye. /,Bye-bye/UH ./.,,
