swda_filename,ptb_basename,conversation_no,transcript_index,act_tag,caller,utterance_index,subutterance_index,text,pos,trees,ptb_treenumbers
sw10utt/sw_1078_2437.utt,2/sw2437,2437,0,qy,A,1,1,"[ Are, + are ] you a T I-er? /","Are/VBP ,/, are/VBP you/PRP a/DT T/NNP I-er/NNP ?/.",,
sw10utt/sw_1078_2437.utt,2/sw2437,2437,1,nn,B,2,1,"No,  /","No/UH ,/,",,
sw10utt/sw_1078_2437.utt,2/sw2437,2437,2,nn^r,B,2,2,"no,  /","no/UH ,/,",,
sw10utt/sw_1078_2437.utt,2/sw2437,2437,3,sd^e,B,2,3,I work there as a temporary. /,I/PRP work/VBP there/RB as/IN a/DT temporary/NN ./.,,
sw10utt/sw_1078_2437.utt,2/sw2437,2437,4,b,A,3,1,"{F Oh, } really. /","Oh/UH ,/, really/UH ./.",,
sw10utt/sw_1078_2437.utt,2/sw2437,2437,5,qy,B,4,1,"{C But, } are you at T I? /","But/CC ,/, are/VBP you/PRP at/IN T/NNP I/NNP ?/.",,
sw10utt/sw_1078_2437.utt,2/sw2437,2437,6,ny,A,5,1,{F Oh } yeah. /,Oh/UH yeah/UH ./.,,
sw10utt/sw_1078_2437.utt,2/sw2437,2437,7,qy^d,B,6,1,{C So } you have to do the random drug testing. /,So/RB you/PRP have/VBP to/TO do/VB the/DT random/JJ drug/NN testing/NN ./.,,
sw10utt/sw_1078_2437.utt,2/sw2437,2437,8,ny,A,7,1,"{F Oh, } yeah,  /","Oh/UH ,/, yeah/UH ,/,",,
sw10utt/sw_1078_2437.utt,2/sw2437,2437,9,ny,A,7,2,"yeah,  /","yeah/UH ,/,",,
sw10utt/sw_1078_2437.utt,2/sw2437,2437,10,ny^r,A,7,3,yeah.  /,yeah/UH ./.,,
sw10utt/sw_1078_2437.utt,2/sw2437,2437,11,sd,A,7,4,"In fact with  me, [ this is, + it's not ] much to talk about,  /","In/IN fact/NN with/IN me/PRP ,/, this/DT is/VBZ ,/, it/PRP 's/BES not/RB much/JJ to/TO talk/VB about/IN ,/,",,
sw10utt/sw_1078_2437.utt,2/sw2437,2437,12,sd,A,7,5,I'm so much for it.  /,I/PRP 'm/VBP so/RB much/JJ for/IN it/PRP ./.,,
sw10utt/sw_1078_2437.utt,2/sw2437,2437,13,sd,A,7,6,I don't really have much to comment about  it.  /,I/PRP do/VBP n't/RB really/RB have/VB much/JJ to/TO comment/VB about/IN it/PRP ./.,,
sw10utt/sw_1078_2437.utt,2/sw2437,2437,14,sv^t,A,7,7,There've been some interesting subject that  they've called about.  /,There/EX 've/VBP been/VBN some/DT interesting/JJ subject/NN that/WDT they/PRP 've/VBP called/VBN about/IN ./.,,
sw10utt/sw_1078_2437.utt,2/sw2437,2437,15,qw,A,7,8,"How many times have you called,  /","How/WRB many/JJ times/NNS have/VBP you/PRP called/VBN ,/,",,
sw10utt/sw_1078_2437.utt,2/sw2437,2437,16,qrr,A,7,9,{C or } have you been participating in this? /,or/CC have/VBP you/PRP been/VBN participating/VBG in/IN this/DT ?/.,,
sw10utt/sw_1078_2437.utt,2/sw2437,2437,17,sd,B,8,1,"{F Oh, } about ten or eleven calls. /","Oh/UH ,/, about/RB ten/CD or/CC eleven/CD calls/NNS ./.",,
sw10utt/sw_1078_2437.utt,2/sw2437,2437,18,sd,A,9,1,"{F Oh, } you got ten,  /","Oh/UH ,/, you/PRP got/VBD ten/CD ,/,",,
sw10utt/sw_1078_2437.utt,2/sw2437,2437,19,sd,A,9,2,{D well } --,well/UH --/:,,
sw10utt/sw_1078_2437.utt,2/sw2437,2437,20,b,B,10,1,Right. /,Right/UH ./.,,
sw10utt/sw_1078_2437.utt,2/sw2437,2437,21,+,A,11,1,"-- [ you, + you've ] passed me up.  /","--/: you/PRP ,/, you/PRP 've/VBP passed/VBN me/PRP up/RP ./.",,
sw10utt/sw_1078_2437.utt,2/sw2437,2437,22,sd,A,11,2,This is about six times. /,This/DT is/VBZ about/RB six/CD times/NNS ./.,,
sw10utt/sw_1078_2437.utt,2/sw2437,2437,23,b,B,12,1,Oh.  /,Oh/UH ./.,,
sw10utt/sw_1078_2437.utt,2/sw2437,2437,24,sd,B,12,2,"As contract person we have to do random drug testing, too. /","As/IN contract/NN person/NN we/PRP have/VBP to/TO do/VB random/JJ drug/NN testing/NN ,/, too/RB ./.",,
sw10utt/sw_1078_2437.utt,2/sw2437,2437,25,b,A,13,1,Yeah. /,Yeah/UH ./.,,
sw10utt/sw_1078_2437.utt,2/sw2437,2437,26,sd,B,14,1,It doesn't bother me.  /,It/PRP does/VBZ n't/RB bother/VB me/PRP ./.,,
sw10utt/sw_1078_2437.utt,2/sw2437,2437,27,sd,B,14,2,I don't feel like  it's really a violation of privacy or anything. /,I/PRP do/VBP n't/RB feel/VB like/IN it/PRP 's/BES really/RB a/DT violation/NN of/IN privacy/NN or/CC anything/NN ./.,,
sw10utt/sw_1078_2437.utt,2/sw2437,2437,28,aa,A,15,1,"No,  /","No/UH ,/,",,
sw10utt/sw_1078_2437.utt,2/sw2437,2437,29,sv,A,15,2,I think it's good.  /,I/PRP think/VBP it/PRP 's/BES good/JJ ./.,,
sw10utt/sw_1078_2437.utt,2/sw2437,2437,30,sd,A,15,3,"In fact, I don't know  what the statistics were,  /","In/IN fact/NN ,/, I/PRP do/VBP n't/RB know/VB what/WP the/DT statistics/NNS were/VBD ,/,",,
sw10utt/sw_1078_2437.utt,2/sw2437,2437,31,sd,A,15,4,{C but } I think that they were surprised to find it so low.  /,but/CC I/PRP think/VBP that/IN they/PRP were/VBD surprised/JJ to/TO find/VB it/PRP so/RB low/JJ ./.,,
sw10utt/sw_1078_2437.utt,2/sw2437,2437,32,sd,A,15,5,"I think they were expecting to find, {F uh, } {D like } the national  average at T I.  /","I/PRP think/VBP they/PRP were/VBD expecting/VBG to/TO find/VB ,/, uh/UH ,/, like/UH the/DT national/JJ average/NN at/IN T/NNP I/NNP ./.",,
sw10utt/sw_1078_2437.utt,2/sw2437,2437,33,sd,A,15,6,{C And } I think it was tremendously down. /,And/CC I/PRP think/VBP it/PRP was/VBD tremendously/RB down/JJ ./.,,
sw10utt/sw_1078_2437.utt,2/sw2437,2437,34,qy^g,B,16,1,"As far as the number of drug users, you mean? /","As/RB far/RB as/IN the/DT number/NN of/IN drug/NN users/NNS ,/, you/PRP mean/VBP ?/.",,
sw10utt/sw_1078_2437.utt,2/sw2437,2437,35,ny,A,17,1,Yeah -- /,Yeah/UH --/:,,
sw10utt/sw_1078_2437.utt,2/sw2437,2437,36,b,B,18,1,Huh. /,Huh/UH ./.,,
sw10utt/sw_1078_2437.utt,2/sw2437,2437,37,sd^e,A,19,1,-- as far as the number of people they  actually found that were drug users.  /,--/: as/RB far/RB as/IN the/DT number/NN of/IN people/NNS they/PRP actually/RB found/VBD that/WDT were/VBD drug/NN users/NNS ./.,,
sw10utt/sw_1078_2437.utt,2/sw2437,2437,38,sd,A,19,2,"{C But } I think that <<stumbles on words>>  when I was at T I of course, we had all the information before they started. /","But/CC I/PRP think/VBP that/IN when/WRB I/PRP was/VBD at/IN T/NNP I/NNP of/IN course/NN ,/, we/PRP had/VBD all/PDT the/DT information/NN before/IN they/PRP started/VBD ./.",,
sw10utt/sw_1078_2437.utt,2/sw2437,2437,39,b,B,20,1,Right. /,Right/UH ./.,,
sw10utt/sw_1078_2437.utt,2/sw2437,2437,40,sd,A,21,1,{C And } they said that a certain number of  people that the heavy drug users would either quit or go in rehabilitation programs.  /,And/CC they/PRP said/VBD that/IN a/DT certain/JJ number/NN of/IN people/NNS that/IN the/DT heavy/JJ drug/NN users/NNS would/MD either/CC quit/VB or/CC go/VB in/IN rehabilitation/NN programs/NNS ./.,,
sw10utt/sw_1078_2437.utt,2/sw2437,2437,41,sv,A,21,2,"{C And } I think that's what helps, {D you know, } that in the warning that you  have a drug program, the people that are worried about it or are taking drugs,  actually go  /","And/CC I/PRP think/VBP that/DT 's/BES what/WP helps/VBZ ,/, you/PRP know/VBP ,/, that/IN in/IN the/DT warning/NN that/WDT you/PRP have/VBP a/DT drug/NN program/NN ,/, the/DT people/NNS that/WDT are/VBP worried/JJ about/IN it/PRP or/CC are/VBP taking/VBG drugs/NNS ,/, actually/RB go/VB",,
sw10utt/sw_1078_2437.utt,2/sw2437,2437,42,sv,A,21,3,{C and then } usually a lot of them partake in some of the benefits of  rehabilitation and everything. /,and/CC then/RB usually/RB a/DT lot/NN of/IN them/PRP partake/VBP in/IN some/DT of/IN the/DT benefits/NNS of/IN rehabilitation/NN and/CC everything/NN ./.,,
sw10utt/sw_1078_2437.utt,2/sw2437,2437,43,b,B,22,1,"Right,  /","Right/UH ,/,",,
sw10utt/sw_1078_2437.utt,2/sw2437,2437,44,b,B,22,2,"yeah,  /","yeah/UH ,/,",,
sw10utt/sw_1078_2437.utt,2/sw2437,2437,45,sv,B,22,3,{C so } that's real beneficial  for the company and the employee. /,so/RB that/DT 's/BES real/RB beneficial/JJ for/IN the/DT company/NN and/CC the/DT employee/NN ./.,,
sw10utt/sw_1078_2437.utt,2/sw2437,2437,46,b,A,23,1,"Yeah,  /","Yeah/UH ,/,",,
sw10utt/sw_1078_2437.utt,2/sw2437,2437,47,sd,A,23,2,{C and } our numbers have been way down.  /,and/CC our/PRP$ numbers/NNS have/VBP been/VBN way/NN down/RB ./.,,
sw10utt/sw_1078_2437.utt,2/sw2437,2437,48,sd,A,23,3,I don't know what they were. /,I/PRP do/VBP n't/RB know/VB what/WP they/PRP were/VBD ./.,,
sw10utt/sw_1078_2437.utt,2/sw2437,2437,49,sd,B,24,1,"When I worked for the temporary agency as  a permanent person, - /","When/WRB I/PRP worked/VBD for/IN the/DT temporary/NN agency/NN as/IN a/DT permanent/JJ person/NN ,/,",,
sw10utt/sw_1078_2437.utt,2/sw2437,2437,50,%,B,24,2,"{C and so } we had, - /","and/CC so/RB we/PRP had/VBD ,/,",,
sw10utt/sw_1078_2437.utt,2/sw2437,2437,51,sd,B,24,3,"when we sent temporaries to T I,  we had to have their drug tested. /","when/WRB we/PRP sent/VBD temporaries/NNS to/IN T/NNP I/NNP ,/, we/PRP had/VBD to/TO have/VB their/PRP$ drug/NN tested/VBN ./.",,
sw10utt/sw_1078_2437.utt,2/sw2437,2437,52,b,A,25,1,Yeah. /,Yeah/UH ./.,,
sw10utt/sw_1078_2437.utt,2/sw2437,2437,53,sd,B,26,1,"{C And } we did have a couple of cases  where [ we really, + ] the person said that they hadn't used anything,  /","And/CC we/PRP did/VBD have/VB a/DT couple/NN of/IN cases/NNS where/WRB we/PRP really/RB ,/, the/DT person/NN said/VBD that/IN they/PRP had/VBD n't/RB used/VBN anything/NN ,/,",,
sw10utt/sw_1078_2437.utt,2/sw2437,2437,54,sd,B,26,2,"{C and } their test  came back positive,  /","and/CC their/PRP$ test/NN came/VBD back/RB positive/JJ ,/,",,
sw10utt/sw_1078_2437.utt,2/sw2437,2437,55,sd,B,26,3,{C and } normally we didn't retest them.  /,and/CC normally/RB we/PRP did/VBD n't/RB retest/VB them/PRP ./.,,
sw10utt/sw_1078_2437.utt,2/sw2437,2437,56,sd,B,26,4,{C But } there were a couple of  people that we really thought that they were telling the truth  /,But/CC there/EX were/VBD a/DT couple/NN of/IN people/NNS that/WDT we/PRP really/RB thought/VBD that/IN they/PRP were/VBD telling/VBG the/DT truth/NN,,
sw10utt/sw_1078_2437.utt,2/sw2437,2437,57,sd,B,26,5,"{C and }  we retested them {D like } the next day,  /","and/CC we/PRP retested/VBD them/PRP like/UH the/DT next/JJ day/NN ,/,",,
sw10utt/sw_1078_2437.utt,2/sw2437,2437,58,sd,B,26,6,{C and } they came back negative --,and/CC they/PRP came/VBD back/RB negative/JJ --/:,,
sw10utt/sw_1078_2437.utt,2/sw2437,2437,59,b,A,27,1,"{F Oh, } really. /","Oh/UH ,/, really/UH ./.",,
sw10utt/sw_1078_2437.utt,2/sw2437,2437,60,+,B,28,1,-- the second time.  /,--/: the/DT second/JJ time/NN ./.,,
sw10utt/sw_1078_2437.utt,2/sw2437,2437,61,sv,B,28,2,"{C So } [ that, + that's ]  the only thing, I think, that might be a little bit of a problem. /","So/RB that/IN ,/, that/DT 's/BES the/DT only/JJ thing/NN ,/, I/PRP think/VBP ,/, that/WDT might/MD be/VB a/DT little/JJ bit/NN of/IN a/DT problem/NN ./.",,
sw10utt/sw_1078_2437.utt,2/sw2437,2437,62,%,A,29,1,"{F Oh, } you're, - /","Oh/UH ,/, you/PRP 're/VBP ,/,",,
sw10utt/sw_1078_2437.utt,2/sw2437,2437,63,sv,A,29,2,"that's a good point,  /","that/DT 's/BES a/DT good/JJ point/NN ,/,",,
sw10utt/sw_1078_2437.utt,2/sw2437,2437,64,sd,A,29,3,"{C but } at T I [ they, + before they ] had the testing, I've forgotten, seems like it's a year ago  September, something like  that, they told us that the agency that did it  was the one that did it for the government.  /","but/CC at/IN T/NNP I/NNP they/PRP ,/, before/IN they/PRP had/VBD the/DT testing/NN ,/, I/PRP 've/VBP forgotten/VBN ,/, seems/VBZ like/IN it/PRP 's/VBD a/DT year/NN ago/RB September/NNP ,/, something/NN like/IN that/DT ,/, they/PRP told/VBD us/PRP that/IN the/DT agency/NN that/WDT did/VBD it/PRP was/VBD the/DT one/CD that/WDT did/VBD it/PRP for/IN the/DT government/NN ./.",,
sw10utt/sw_1078_2437.utt,2/sw2437,2437,65,sd,A,29,4,"{C And, } of course, that's critical,  just as the point that you brought up that whoever does your testing's got to  be, {D you know, } have a lot of quality control, that they keep track of everything.  /","And/CC ,/, of/IN course/NN ,/, that/DT 's/BES critical/JJ ,/, just/RB as/IN the/DT point/NN that/WDT you/PRP brought/VBD up/RP that/IN whoever/WP does/VBZ your/PRP$ testing/NN 's/HVS got/VBN to/TO be/VB ,/, you/PRP know/VBP ,/, have/VB a/DT lot/NN of/IN quality/NN control/NN ,/, that/IN they/PRP keep/VBP track/NN of/IN everything/NN ./.",,
sw10utt/sw_1078_2437.utt,2/sw2437,2437,66,sd,A,29,5,They don't make mistakes.  /,They/PRP do/VBP n't/RB make/VB mistakes/NNS ./.,,
sw10utt/sw_1078_2437.utt,2/sw2437,2437,67,sv,A,29,6,That would be terribly embarrassing --,That/DT would/MD be/VB terribly/RB embarrassing/JJ --/:,,
sw10utt/sw_1078_2437.utt,2/sw2437,2437,68,b,B,30,1,Right. /,Right/UH ./.,,
sw10utt/sw_1078_2437.utt,2/sw2437,2437,69,+,A,31,1,-- for someone to really come back positive  /,--/: for/IN someone/NN to/TO really/RB come/VB back/RB positive/JJ,,
sw10utt/sw_1078_2437.utt,2/sw2437,2437,70,sd,A,31,2,{C and } they were not.  /,and/CC they/PRP were/VBD not/RB ./.,,
sw10utt/sw_1078_2437.utt,2/sw2437,2437,71,sd,A,31,3,"{C And } I haven't heard of any, - /","And/CC I/PRP have/VBP n't/RB heard/VBN of/IN any/DT ,/,",,
sw10utt/sw_1078_2437.utt,2/sw2437,2437,72,sd,A,31,4,{D now } I'm not in personnel or anything. /,now/RB I/PRP 'm/VBP not/RB in/IN personnel/NNS or/CC anything/NN ./.,,
sw10utt/sw_1078_2437.utt,2/sw2437,2437,73,b,B,32,1,Yeah. /,Yeah/UH ./.,,
sw10utt/sw_1078_2437.utt,2/sw2437,2437,74,sd,A,33,1,"{C But, } {F uh, } they say that there, it's almost down  to zero where people come back and say they are positive and they're not.  /","But/CC ,/, uh/UH ,/, they/PRP say/VBP that/IN there/RB ,/, it/PRP 's/BES almost/RB down/IN to/IN zero/CD where/WRB people/NNS come/VBP back/RB and/CC say/VBP they/PRP are/VBP positive/JJ and/CC they/PRP 're/VBP not/RB ./.",,
sw10utt/sw_1078_2437.utt,2/sw2437,2437,75,sd,A,33,2,"In other words, there's very few mistakes,  /","In/IN other/JJ words/NNS ,/, there/EX 's/BES very/RB few/JJ mistakes/NNS ,/,",,
sw10utt/sw_1078_2437.utt,2/sw2437,2437,76,sd,A,33,3,"{C and } that, of course, has got to be critical.  /","and/CC that/DT ,/, of/IN course/NN ,/, has/VBZ got/VBN to/TO be/VB critical/JJ ./.",,
sw10utt/sw_1078_2437.utt,2/sw2437,2437,77,sv,A,33,4,"It's got to be, if you have a drug testing program,  /","It/PRP 's/HVS got/VBN to/TO be/VB ,/, if/IN you/PRP have/VBP a/DT drug/NN testing/NN program/NN ,/,",,
sw10utt/sw_1078_2437.utt,2/sw2437,2437,78,sv,A,33,5,"it's got to be with a very, very good agency.  /","it/PRP 's/HVS got/VBN to/TO be/VB with/IN a/DT very/RB ,/, very/RB good/JJ agency/NN ./.",,
sw10utt/sw_1078_2437.utt,2/sw2437,2437,79,sv,A,33,6,You don't just have some local group do it.   /,You/PRP do/VBP n't/RB just/RB have/VB some/DT local/JJ group/NN do/VBP it/PRP ./.,,
sw10utt/sw_1078_2437.utt,2/sw2437,2437,80,sv,A,33,7,It's got to be a highly qualified agency. /,It/PRP 's/HVS got/VBN to/TO be/VB a/DT highly/RB qualified/JJ agency/NN ./.,,
sw10utt/sw_1078_2437.utt,2/sw2437,2437,81,b,B,34,1,"Right,  /","Right/UH ,/,",,
sw10utt/sw_1078_2437.utt,2/sw2437,2437,82,b,B,34,2,"yeah,  /","yeah/UH ,/,",,
sw10utt/sw_1078_2437.utt,2/sw2437,2437,83,sd,B,34,3,not just some doctor's office somewhere. /,not/RB just/RB some/DT doctor/NN 's/POS office/NN somewhere/RB ./.,,
sw10utt/sw_1078_2437.utt,2/sw2437,2437,84,aa,A,35,1,"No,  /","No/UH ,/,",,
sw10utt/sw_1078_2437.utt,2/sw2437,2437,85,sv,A,35,2,you don't want to do that.  /,you/PRP do/VBP n't/RB want/VB to/TO do/VB that/DT ./.,,
sw10utt/sw_1078_2437.utt,2/sw2437,2437,86,sv,A,35,3,It's got to be a laboratory that does quality control and double check.  /,It/PRP 's/HVS got/VBN to/TO be/VB a/DT laboratory/NN that/WDT does/VBZ quality/NN control/NN and/CC double/JJ check/NN ./.,,
sw10utt/sw_1078_2437.utt,2/sw2437,2437,87,sd,A,35,4,{C And } I think  that T I is latched themselves up with an established group.   /,And/CC I/PRP think/VBP that/IN T/NNP I/NNP is/VBZ latched/VBN themselves/PRP up/RP with/IN an/DT established/JJ group/NN ./.,,
sw10utt/sw_1078_2437.utt,2/sw2437,2437,88,sv,A,35,5,"{C And } that would be good  for any company that does it, and not to have just a very casual thing.  /","And/CC that/DT would/MD be/VB good/JJ for/IN any/DT company/NN that/WDT does/VBZ it/PRP ,/, and/CC not/RB to/TO have/VB just/RB a/DT very/RB casual/JJ thing/NN ./.",,
sw10utt/sw_1078_2437.utt,2/sw2437,2437,89,sv,A,35,6,"It's got to be with a, {D you know, } first class,  totally independent agency.  Not local of course.  /","It/PRP 's/HVS got/VBN to/TO be/VB with/IN a/DT ,/, you/PRP know/VBP ,/, first/JJ class/NN ,/, totally/RB independent/JJ agency/NN ./. Not/RB local/JJ of/IN course/NN ./.",,
sw10utt/sw_1078_2437.utt,2/sw2437,2437,90,sv,A,35,7,"Ours, [ I think, + {D well } I think ]  it was in the south somewhere,  /","Ours/PRP$ ,/, I/PRP think/VBP ,/, well/UH I/PRP think/VBP it/PRP was/VBD in/IN the/DT south/NN somewhere/RB ,/,",,
sw10utt/sw_1078_2437.utt,2/sw2437,2437,91,sd,A,35,8,"{C but } it wasn't even in Dallas, {D you know, } the one that did us. /","but/CC it/PRP was/VBD n't/RB even/RB in/IN Dallas/NNP ,/, you/PRP know/VBP ,/, the/DT one/CD that/WDT did/VBD us/PRP ./.",,
sw10utt/sw_1078_2437.utt,2/sw2437,2437,92,b,B,36,1,{F Oh } really. /,Oh/UH really/UH ./.,,
sw10utt/sw_1078_2437.utt,2/sw2437,2437,93,aa,A,37,1,Yeah. /,Yeah/UH ./.,,
sw10utt/sw_1078_2437.utt,2/sw2437,2437,94,qy,B,38,1,"{F Huh. }    Do they have a policy where they counsel people if they come back positive,  /","Huh/UH ./. Do/VBP they/PRP have/VB a/DT policy/NN where/WRB they/PRP counsel/VBP people/NNS if/IN they/PRP come/VBP back/RB positive/JJ ,/,",,
sw10utt/sw_1078_2437.utt,2/sw2437,2437,95,qrr,B,38,2,{C or } do they fire them right away. /,or/CC do/VBP they/PRP fire/VB them/PRP right/RB away/RB ./.,,
sw10utt/sw_1078_2437.utt,2/sw2437,2437,96,nn,A,39,1,"{F Oh, } no.  /","Oh/UH ,/, no/UH ./.",,
sw10utt/sw_1078_2437.utt,2/sw2437,2437,97,sd^e,A,39,2,They're not fired.  /,They/PRP 're/VBP not/RB fired/VBN ./.,,
sw10utt/sw_1078_2437.utt,2/sw2437,2437,98,sd,A,39,3,"[ They are, + they have ]  one chance to then go in a program.  /","They/PRP are/VBP ,/, they/PRP have/VBP one/CD chance/NN to/TO then/RB go/VB in/IN a/DT program/NN ./.",,
sw10utt/sw_1078_2437.utt,2/sw2437,2437,99,sd,A,39,4,"You come back positive, you have one chance to go  in, and go into, they have a lot of, {F uh, } rehabilitation,  both for alcohol and for drug use,  /","You/PRP come/VBP back/RB positive/JJ ,/, you/PRP have/VBP one/CD chance/NN to/TO go/VB in/RB ,/, and/CC go/VB into/IN ,/, they/PRP have/VBP a/DT lot/NN of/IN ,/, uh/UH ,/, rehabilitation/NN ,/, both/DT for/IN alcohol/NN and/CC for/IN drug/NN use/NN ,/,",,
sw10utt/sw_1078_2437.utt,2/sw2437,2437,100,sd,A,39,5,"{C and } [ they have, {F uh, } a lot of, + {F uh, } they have an ]  agency where you can go for personal problems, financial or whatever. /","and/CC they/PRP have/VBP ,/, uh/UH ,/, a/DT lot/NN of/IN ,/, uh/UH ,/, they/PRP have/VBP an/DT agency/NN where/WRB you/PRP can/MD go/VB for/IN personal/JJ problems/NNS ,/, financial/JJ or/CC whatever/WDT ./.",,
sw10utt/sw_1078_2437.utt,2/sw2437,2437,101,b,B,40,1,Right. /,Right/UH ./.,,
sw10utt/sw_1078_2437.utt,2/sw2437,2437,102,sd,A,41,1,"{C And so } [ [ they, + they, ] + they ]  don't,  /","And/CC so/RB they/PRP ,/, they/PRP ,/, they/PRP do/VBP n't/RB ,/,",,
sw10utt/sw_1078_2437.utt,2/sw2437,2437,103,nn,A,41,2,"no,  /","no/UH ,/,",,
sw10utt/sw_1078_2437.utt,2/sw2437,2437,104,sd^e,A,41,3,it's not firing first.  /,it/PRP 's/BES not/RB firing/NN first/JJ ./.,,
sw10utt/sw_1078_2437.utt,2/sw2437,2437,105,sd,A,41,4,"It's, {F uh, } definitely trying to encourage people to rehabilitate.  /","It/PRP 's/BES ,/, uh/UH ,/, definitely/RB trying/VBG to/TO encourage/VB people/NNS to/TO rehabilitate/VB ./.",,
sw10utt/sw_1078_2437.utt,2/sw2437,2437,106,sd,A,41,5,"In fact, again, before you go, {D you know, } that's why I said,  when they first started it, they had a rehabilitation program in effect that said if  you worried about this and you may have taken drugs, go ahead and  get rehabilitated first,  /","In/IN fact/NN ,/, again/RB ,/, before/IN you/PRP go/VBP ,/, you/PRP know/VBP ,/, that/DT 's/BES why/WRB I/PRP said/VBD ,/, when/WRB they/PRP first/RB started/VBD it/PRP ,/, they/PRP had/VBD a/DT rehabilitation/NN program/NN in/IN effect/NN that/WDT said/VBD if/IN you/PRP worried/VBD about/IN this/DT and/CC you/PRP may/MD have/VB taken/VBN drugs/NNS ,/, go/VB ahead/RB and/CC get/VB rehabilitated/JJ first/JJ ,/,",,
sw10utt/sw_1078_2437.utt,2/sw2437,2437,107,sd,A,41,6,{C and } they won't say anything about it. /,and/CC they/PRP wo/MD n't/RB say/VB anything/NN about/IN it/PRP ./.,,
sw10utt/sw_1078_2437.utt,2/sw2437,2437,108,b,B,42,1,Right.  /,Right/UH ./.,,
sw10utt/sw_1078_2437.utt,2/sw2437,2437,109,sv,B,42,2,I think that's really good. /,I/PRP think/VBP that/DT 's/BES really/RB good/JJ ./.,,
sw10utt/sw_1078_2437.utt,2/sw2437,2437,110,b,A,43,1,{F Oh } sure. /,Oh/UH sure/UH ./.,,
sw10utt/sw_1078_2437.utt,2/sw2437,2437,111,sd,B,44,1,I know some places just fire people on  the spot if they come back positive or something. /,I/PRP know/VBP some/DT places/NNS just/RB fire/VBP people/NNS on/IN the/DT spot/NN if/IN they/PRP come/VBP back/RB positive/JJ or/CC something/NN ./.,,
sw10utt/sw_1078_2437.utt,2/sw2437,2437,112,b,A,45,1,"{F Oh } yeah,  /","Oh/UH yeah/UH ,/,",,
sw10utt/sw_1078_2437.utt,2/sw2437,2437,113,aa,A,45,2,"no,  /","no/UH ,/,",,
sw10utt/sw_1078_2437.utt,2/sw2437,2437,114,sv,A,45,3,that's not right.  /,that/DT 's/BES not/RB right/JJ ./.,,
sw10utt/sw_1078_2437.utt,2/sw2437,2437,115,sv,A,45,4,"It's really an illness, or whatever you want to say that it is.  /","It/PRP 's/BES really/RB an/DT illness/NN ,/, or/CC whatever/WDT you/PRP want/VBP to/TO say/VB that/IN it/PRP is/VBZ ./.",,
sw10utt/sw_1078_2437.utt,2/sw2437,2437,116,sv,A,45,5,"{D You know, } it's a weakness and all,  /","You/PRP know/VBP ,/, it/PRP 's/BES a/DT weakness/NN and/CC all/DT ,/,",,
sw10utt/sw_1078_2437.utt,2/sw2437,2437,117,sv,A,45,6,"{C and } [ who, + ] all of us have weaknesses of one kind or another.  /","and/CC who/WP ,/, all/DT of/IN us/PRP have/VBP weaknesses/NNS of/IN one/CD kind/NN or/CC another/DT ./.",,
sw10utt/sw_1078_2437.utt,2/sw2437,2437,118,sv,A,45,7,"{C And } I think that those people that have that and however they got into it, - /","And/CC I/PRP think/VBP that/IN those/DT people/NNS that/WDT have/VBP that/DT and/CC however/RB they/PRP got/VBD into/IN it/PRP ,/,",,
sw10utt/sw_1078_2437.utt,2/sw2437,2437,119,sd,A,45,8,"I have children,  /","I/PRP have/VBP children/NNS ,/,",,
sw10utt/sw_1078_2437.utt,2/sw2437,2437,120,sd,A,45,9,"I always worry about [ the, + the ] classical thing that you see on T V,  where the drug pushers give it to the kids for free, {D you know, } and get them sucked in,  /","I/PRP always/RB worry/VBP about/IN the/DT ,/, the/DT classical/JJ thing/NN that/WDT you/PRP see/VBP on/IN T/NN V/NN ,/, where/WRB the/DT drug/NN pushers/NNS give/VBP it/PRP to/IN the/DT kids/NNS for/IN free/JJ ,/, you/PRP know/VBP ,/, and/CC get/VBP them/PRP sucked/JJ in/RP ,/,",,
sw10utt/sw_1078_2437.utt,2/sw2437,2437,121,sd,A,45,10,{C and then } they sell it to them.  /,and/CC then/RB they/PRP sell/VBP it/PRP to/IN them/PRP ./.,,
sw10utt/sw_1078_2437.utt,2/sw2437,2437,122,sd,A,45,11,You know --,You/PRP know/VBP --/:,,
sw10utt/sw_1078_2437.utt,2/sw2437,2437,123,b,B,46,1,Right. /,Right/UH ./.,,
sw10utt/sw_1078_2437.utt,2/sw2437,2437,124,+,A,47,1,-- the classical thing is to give it away.  /,--/: the/DT classical/JJ thing/NN is/VBZ to/TO give/VB it/PRP away/RB ./.,,
sw10utt/sw_1078_2437.utt,2/sw2437,2437,125,sd,A,47,2,I always worry about my teenage daughters going to some party  /,I/PRP always/RB worry/VBP about/IN my/PRP$ teenage/JJ daughters/NNS going/VBG to/IN some/DT party/NN,,
sw10utt/sw_1078_2437.utt,2/sw2437,2437,126,sd,A,47,3,{C and } they slip it to them.  /,and/CC they/PRP slip/VBP it/PRP to/IN them/PRP ./.,,
sw10utt/sw_1078_2437.utt,2/sw2437,2437,127,h,A,47,4,"I don't know,  /","I/PRP do/VBP n't/RB know/VB ,/,",,
sw10utt/sw_1078_2437.utt,2/sw2437,2437,128,sd,A,47,5,"I don't even have that much knowledge to know whether  that would get them addicted or  not, {D you know. }  /","I/PRP do/VBP n't/RB even/RB have/VB that/RB much/JJ knowledge/NN to/TO know/VB whether/IN that/DT would/MD get/VB them/PRP addicted/JJ or/CC not/RB ,/, you/PRP know/VBP ./.",,
sw10utt/sw_1078_2437.utt,2/sw2437,2437,129,sd,A,47,6,That's a real worry. /,That/DT 's/BES a/DT real/JJ worry/NN ./.,,
sw10utt/sw_1078_2437.utt,2/sw2437,2437,130,b,B,48,1,"Yeah,  /","Yeah/UH ,/,",,
sw10utt/sw_1078_2437.utt,2/sw2437,2437,131,sd,B,48,2,"some of the stories you read about cocaine,  that's like people try it one time and they're addicted.  /","some/DT of/IN the/DT stories/NNS you/PRP read/VBP about/IN cocaine/NN ,/, that/DT 's/BES like/IN people/NNS try/VBP it/PRP one/CD time/NN and/CC they/PRP 're/VBP addicted/JJ ./.",,
sw10utt/sw_1078_2437.utt,2/sw2437,2437,132,sd,B,48,3,"My husband is a counselor,  /","My/PRP$ husband/NN is/VBZ a/DT counselor/NN ,/,",,
sw10utt/sw_1078_2437.utt,2/sw2437,2437,133,sd,B,48,4,"{C and } he works, mostly with adolescents. /","and/CC he/PRP works/VBZ ,/, mostly/RB with/IN adolescents/NNS ./.",,
sw10utt/sw_1078_2437.utt,2/sw2437,2437,134,qy^d,A,49,1,"{F Oh, } you know a lot about that. /","Oh/UH ,/, you/PRP know/VBP a/DT lot/NN about/IN that/DT ./.",,
sw10utt/sw_1078_2437.utt,2/sw2437,2437,135,ny,B,50,1,"{C So } yeah,  /","So/RB yeah/UH ,/,",,
sw10utt/sw_1078_2437.utt,2/sw2437,2437,136,sd^e,B,50,2,I hear a lot of horror stories  about things like that. /,I/PRP hear/VBP a/DT lot/NN of/IN horror/NN stories/NNS about/IN things/NNS like/IN that/DT ./.,,
sw10utt/sw_1078_2437.utt,2/sw2437,2437,137,b,A,51,1,Uh-huh. /,Uh-huh/UH ./.,,
sw10utt/sw_1078_2437.utt,2/sw2437,2437,138,sd,B,52,1,"{C But } most of the time it's they get  into the wrong crowd first, <clicking>  /","But/CC most/JJS of/IN the/DT time/NN it/PRP 's/BES they/PRP get/VBP into/IN the/DT wrong/JJ crowd/NN first/JJ ,/,",,
sw10utt/sw_1078_2437.utt,2/sw2437,2437,139,sd,B,52,2,{C and then } they start a drug problem. /,and/CC then/RB they/PRP start/VBP a/DT drug/NN problem/NN ./.,,
sw10utt/sw_1078_2437.utt,2/sw2437,2437,140,b,A,53,1,Yeah. /,Yeah/UH ./.,,
sw10utt/sw_1078_2437.utt,2/sw2437,2437,141,sv,B,54,1,"It's usually not a one time accidental thing, I don't think. /","It/PRP 's/BES usually/RB not/RB a/DT one/CD time/NN accidental/JJ thing/NN ,/, I/PRP do/VBP n't/RB think/VB ./.",,
sw10utt/sw_1078_2437.utt,2/sw2437,2437,142,b,A,55,1,"Yeah,  /","Yeah/UH ,/,",,
sw10utt/sw_1078_2437.utt,2/sw2437,2437,143,ba,A,55,2,"I know,  /","I/PRP know/VBP ,/,",,
sw10utt/sw_1078_2437.utt,2/sw2437,2437,144,sd,A,55,3,I'm glad of that.  /,I/PRP 'm/VBP glad/JJ of/IN that/DT ./.,,
sw10utt/sw_1078_2437.utt,2/sw2437,2437,145,sd,A,55,4,"{C And } I have, {A knock wood, } pretty good luck, or very good luck with my daughters <clicks on telephone> so far,  /","And/CC I/PRP have/VBP ,/, knock/VB wood/NN ,/, pretty/RB good/JJ luck/NN ,/, or/CC very/RB good/JJ luck/NN with/IN my/PRP$ daughters/NNS so/RB far/RB ,/,",,
sw10utt/sw_1078_2437.utt,2/sw2437,2437,146,sd^c,A,55,5,"that's my conference call,  /","that/DT 's/BES my/PRP$ conference/NN call/NN ,/,",,
sw10utt/sw_1078_2437.utt,2/sw2437,2437,147,sd,A,55,6,I have one daughter still at home.  /,I/PRP have/VBP one/CD daughter/NN still/RB at/IN home/NN ./.,,
sw10utt/sw_1078_2437.utt,2/sw2437,2437,148,sd,A,55,7,One's at U T  /,One/CD 's/POS at/IN U/NNP T/NNP,,
sw10utt/sw_1078_2437.utt,2/sw2437,2437,149,sd,A,55,8,"{C and } one's at home, gets dozen calls a night. /","and/CC one/CD 's/BES at/IN home/NN ,/, gets/VBZ dozen/NN calls/NNS a/DT night/NN ./.",,
sw10utt/sw_1078_2437.utt,2/sw2437,2437,150,ad,B,56,1,"{F Oh, } {D well } I'll let you go if you want  to go ahead and take that, /","Oh/UH ,/, well/UH I/PRP 'll/MD let/VB you/PRP go/VB if/IN you/PRP want/VBP to/TO go/VB ahead/RB and/CC take/VB that/DT ,/,",,
sw10utt/sw_1078_2437.utt,2/sw2437,2437,151,ar,A,57,1,"No,  /","No/UH ,/,",,
sw10utt/sw_1078_2437.utt,2/sw2437,2437,152,ar^r,A,57,2,"no,  /","no/UH ,/,",,
sw10utt/sw_1078_2437.utt,2/sw2437,2437,153,sd,A,57,3,"I don't care about that,  /","I/PRP do/VBP n't/RB care/VB about/IN that/DT ,/,",,
sw10utt/sw_1078_2437.utt,2/sw2437,2437,154,sd,A,57,4,she'll be on the phone all night. /,she/PRP 'll/MD be/VB on/IN the/DT phone/NN all/DT night/NN ./.,,
sw10utt/sw_1078_2437.utt,2/sw2437,2437,155,b,B,58,1,"<Laughter> Yeah,  /","Yeah/UH ,/,",,
sw10utt/sw_1078_2437.utt,2/sw2437,2437,156,sv,B,58,2,it seems if you watch what  kind of crowd that start running around with and kind of keep up with who their friends are --,it/PRP seems/VBZ if/IN you/PRP watch/VBP what/WDT kind/NN of/IN crowd/NN that/IN start/VBP running/VBG around/IN with/IN and/CC kind/RB of/RB keep/VBP up/RP with/IN who/WP their/PRP$ friends/NNS are/VBP --/:,,
sw10utt/sw_1078_2437.utt,2/sw2437,2437,157,b,A,59,1,Right. /,Right/UH ./.,,
sw10utt/sw_1078_2437.utt,2/sw2437,2437,158,+,B,60,1,"-- that's best way to avoid trouble, from what I can gather. /","--/: that/DT 's/BES best/JJS way/NN to/TO avoid/VB trouble/NN ,/, from/IN what/WP I/PRP can/MD gather/VB ./.",,
sw10utt/sw_1078_2437.utt,2/sw2437,2437,159,qy,A,61,1,Do you have children? /,Do/VBP you/PRP have/VB children/NNS ?/.,,
sw10utt/sw_1078_2437.utt,2/sw2437,2437,160,nn,B,62,1,No  /,No/UH,,
sw10utt/sw_1078_2437.utt,2/sw2437,2437,161,sd^e,B,62,2,"not yet,  /","not/RB yet/RB ,/,",,
sw10utt/sw_1078_2437.utt,2/sw2437,2437,162,sd,B,62,3,we're expecting a baby --,we/PRP 're/VBP expecting/VBG a/DT baby/NN --/:,,
sw10utt/sw_1078_2437.utt,2/sw2437,2437,163,ba,A,63,1,"{F Oh, } great, /","Oh/UH ,/, great/JJ ,/,",,
sw10utt/sw_1078_2437.utt,2/sw2437,2437,164,+,B,64,1,"-- in July,  /","--/: in/IN July/NNP ,/,",,
sw10utt/sw_1078_2437.utt,2/sw2437,2437,165,sd,B,64,2,{C so } we're starting. /,so/RB we/PRP 're/VBP starting/VBG ./.,,
sw10utt/sw_1078_2437.utt,2/sw2437,2437,166,sv,A,65,1,Fantastic experience.  /,Fantastic/JJ experience/NN ./.,,
sw10utt/sw_1078_2437.utt,2/sw2437,2437,167,sd,A,65,2,"I've got two,  as I said, I've at U T now in <clicking> Austin, and one at home,  /","I/PRP 've/VBP got/VBN two/CD ,/, as/IN I/PRP said/VBD ,/, I/PRP 've/VBP at/IN U/NNP T/NNP now/RB in/IN Austin/NNP ,/, and/CC one/CD at/IN home/NN ,/,",,
sw10utt/sw_1078_2437.utt,2/sw2437,2437,168,sd,A,65,3,{C and } I always say  that I've learned so much more from them than I ever taught them. /,and/CC I/PRP always/RB say/VBP that/IN I/PRP 've/VBP learned/VBN so/RB much/RB more/JJR from/IN them/PRP than/IN I/PRP ever/RB taught/VBD them/PRP ./.,,
sw10utt/sw_1078_2437.utt,2/sw2437,2437,169,b,B,66,1,Yeah. /,Yeah/UH ./.,,
sw10utt/sw_1078_2437.utt,2/sw2437,2437,170,sv,A,67,1,It's a fantastic experience. /,It/PRP 's/BES a/DT fantastic/JJ experience/NN ./.,,
sw10utt/sw_1078_2437.utt,2/sw2437,2437,171,sd,B,68,1,"{F Oh, } we're really excited about it. /","Oh/UH ,/, we/PRP 're/VBP really/RB excited/JJ about/IN it/PRP ./.",,
sw10utt/sw_1078_2437.utt,2/sw2437,2437,172,b,A,69,1,{F Oh } yeah. /,Oh/UH yeah/UH ./.,,
sw10utt/sw_1078_2437.utt,2/sw2437,2437,173,sd,B,70,1,"{D You know, } <clicking> one thing my husband  believes is if you suspect your kids are having any kind of problems,  he believes you should take your kids in for a random testing, {D like } on a  Saturday morning, if they've been out at a party Friday night. /","You/PRP know/VBP ,/, one/CD thing/NN my/PRP$ husband/NN believes/VBZ is/VBZ if/IN you/PRP suspect/VBP your/PRP$ kids/NNS are/VBP having/VBG any/DT kind/NN of/IN problems/NNS ,/, he/PRP believes/VBZ you/PRP should/MD take/VB your/PRP$ kids/NNS in/RB for/IN a/DT random/JJ testing/NN ,/, like/UH on/IN a/DT Saturday/NNP morning/NN ,/, if/IN they/PRP 've/VBP been/VBN out/IN at/IN a/DT party/NN Friday/NNP night/NN ./.",,
sw10utt/sw_1078_2437.utt,2/sw2437,2437,174,b,A,71,1,Yeah. /,Yeah/UH ./.,,
sw10utt/sw_1078_2437.utt,2/sw2437,2437,175,sd,B,72,1,"If you're not too sure what's going on,  he tells parents all the time, haul them into the doctor's office and get them checked. /","If/IN you/PRP 're/VBP not/RB too/RB sure/JJ what/WP 's/BES going/VBG on/RP ,/, he/PRP tells/VBZ parents/NNS all/PDT the/DT time/NN ,/, haul/VB them/PRP into/IN the/DT doctor/NN 's/POS office/NN and/CC get/VB them/PRP checked/VBD ./.",,
sw10utt/sw_1078_2437.utt,2/sw2437,2437,176,sv,A,73,1,"The key thing that I think, that we try to do, is that bring all the friends over here.  /","The/DT key/NN thing/NN that/IN I/PRP think/VBP ,/, that/WDT we/PRP try/VBP to/TO do/VB ,/, is/VBZ that/IN bring/VBP all/PDT the/DT friends/NNS over/IN here/RB ./.",,
sw10utt/sw_1078_2437.utt,2/sw2437,2437,177,sv,A,73,2,"Have our house as a place where they can  come at any time, so that you always see their friends --","Have/VBP our/PRP$ house/NN as/IN a/DT place/NN where/WRB they/PRP can/MD come/VB at/IN any/DT time/NN ,/, so/IN that/IN you/PRP always/RB see/VBP their/PRP$ friends/NNS --/:",,
sw10utt/sw_1078_2437.utt,2/sw2437,2437,178,b,B,74,1,Right. /,Right/UH ./.,,
sw10utt/sw_1078_2437.utt,2/sw2437,2437,179,+,A,75,1,-- rather than make them not welcome  /,--/: rather/IN than/IN make/VB them/PRP not/RB welcome/JJ,,
sw10utt/sw_1078_2437.utt,2/sw2437,2437,180,sv,A,75,2,{C and } they're always  over in someone else's house.  /,and/CC they/PRP 're/VBP always/RB over/IN in/IN someone/NN else/RB 's/POS house/NN ./.,,
sw10utt/sw_1078_2437.utt,2/sw2437,2437,181,sd,A,75,3,"{C So } [ our, + we've ] been lucky that  our house is usually the place where the kids could come, {D you know. } /","So/RB our/PRP$ ,/, we/PRP 've/VBP been/VBN lucky/JJ that/IN our/PRP$ house/NN is/VBZ usually/RB the/DT place/NN where/WRB the/DT kids/NNS could/MD come/VB ,/, you/PRP know/VBP ./.",,
sw10utt/sw_1078_2437.utt,2/sw2437,2437,182,b,B,76,1,"Uh-huh,  /","Uh-huh/UH ,/,",,
sw10utt/sw_1078_2437.utt,2/sw2437,2437,183,b,B,76,2,"yeah,  /","yeah/UH ,/,",,
sw10utt/sw_1078_2437.utt,2/sw2437,2437,184,sv,B,76,3,I think that's a really good thing to encourage. /,I/PRP think/VBP that/DT 's/BES a/DT really/RB good/JJ thing/NN to/TO encourage/VB ./.,,
sw10utt/sw_1078_2437.utt,2/sw2437,2437,185,sv,A,77,1,"{C And then } [ you <clicking> can keep an eye, + you can make ]  judgments and make comments or whatever you want.  /","And/CC then/RB you/PRP can/MD keep/VB an/DT eye/NN ,/, you/PRP can/MD make/VB judgments/NNS and/CC make/VB comments/NNS or/CC whatever/WDT you/PRP want/VBP ./.",,
sw10utt/sw_1078_2437.utt,2/sw2437,2437,186,sv,A,77,2,"{C But } at least you see  what's going on,  /","But/CC at/IN least/JJS you/PRP see/VBP what/WP 's/BES going/VBG on/RP ,/,",,
sw10utt/sw_1078_2437.utt,2/sw2437,2437,187,sv,A,77,3,"{C and } you always have your house welcome,  then your children think that, {D you know, } you're cool parents and all that. /","and/CC you/PRP always/RB have/VBP your/PRP$ house/NN welcome/JJ ,/, then/RB your/PRP$ children/NNS think/VBP that/IN ,/, you/PRP know/VBP ,/, you/PRP 're/VBP cool/JJ parents/NNS and/CC all/DT that/DT ./.",,
sw10utt/sw_1078_2437.utt,2/sw2437,2437,188,b,B,78,1,Right <laughter>. /,Right/UH ./.,,
sw10utt/sw_1078_2437.utt,2/sw2437,2437,189,fo,A,79,1,{D Well } good luck with your expected baby there. /,Well/UH good/JJ luck/NN with/IN your/PRP$ expected/VBN baby/NN there/RB ./.,,
sw10utt/sw_1078_2437.utt,2/sw2437,2437,190,ft,B,80,1,"{F Oh } {D well, } thanks. /","Oh/UH well/UH ,/, thanks/UH ./.",,
sw10utt/sw_1078_2437.utt,2/sw2437,2437,191,sd,A,81,1,"My wife [ was yelling, + was talking ] in my ear,  /","My/PRP$ wife/NN was/VBD yelling/VBG ,/, was/VBD talking/VBG in/IN my/PRP$ ear/NN ,/,",,
sw10utt/sw_1078_2437.utt,2/sw2437,2437,192,sd,A,81,2,"she [ said, + reminded me to say ] that they're very cheap until they get to start driving. /","she/PRP said/VBD ,/, reminded/VBD me/PRP to/TO say/VB that/IN they/PRP 're/VBP very/RB cheap/JJ until/IN they/PRP get/VBP to/TO start/VB driving/VBG ./.",,
sw10utt/sw_1078_2437.utt,2/sw2437,2437,193,b,B,82,1,Uh-huh. /,Uh-huh/UH ./.,,
sw10utt/sw_1078_2437.utt,2/sw2437,2437,194,sd,A,83,1,"{C And } we have one, of course,  I say, in college driving.  And one going to drive this summer,  /","And/CC we/PRP have/VBP one/CD ,/, of/IN course/NN ,/, I/PRP say/VBP ,/, in/IN college/NN driving/VBG ./. And/CC one/CD going/VBG to/TO drive/VB this/DT summer/NN ,/,",,
sw10utt/sw_1078_2437.utt,2/sw2437,2437,195,sd,A,83,2,"{C so } kids [ are, + ]  cost you practically nothing, because you always get so many things from your relatives and everything.  /","so/RB kids/NNS are/VBP ,/, cost/VBP you/PRP practically/RB nothing/NN ,/, because/IN you/PRP always/RB get/VBP so/RB many/JJ things/NNS from/IN your/PRP$ relatives/NNS and/CC everything/NN ./.",,
sw10utt/sw_1078_2437.utt,2/sw2437,2437,196,sd,A,83,3,"{C But } you wait until they go and get a car, <clicking> insurance,  that's when they get expensive.  /","But/CC you/PRP wait/VBP until/IN they/PRP go/VBP and/CC get/VB a/DT car/NN ,/, insurance/NN ,/, that/DT 's/BES when/WRB they/PRP get/VBP expensive/JJ ./.",,
sw10utt/sw_1078_2437.utt,2/sw2437,2437,197,sd,A,83,4,As they get older --,As/IN they/PRP get/VBP older/JJR --/:,,
sw10utt/sw_1078_2437.utt,2/sw2437,2437,198,b,B,84,1,Yeah. /,Yeah/UH ./.,,
sw10utt/sw_1078_2437.utt,2/sw2437,2437,199,+,A,85,1,"-- {D you know, } they cost practically  nothing from one to five,  /","--/: you/PRP know/VBP ,/, they/PRP cost/VBP practically/RB nothing/NN from/IN one/CD to/IN five/CD ,/,",,
sw10utt/sw_1078_2437.utt,2/sw2437,2437,200,sd,A,85,2,"{C and then } slowly but surely starts to creep up when they start to <clicking> take lessons,  /","and/CC then/RB slowly/RB but/CC surely/RB starts/VBZ to/TO creep/VB up/RB when/WRB they/PRP start/VBP to/TO take/VB lessons/NNS ,/,",,
sw10utt/sw_1078_2437.utt,2/sw2437,2437,201,sd,A,85,3,{C but } it's well worth it and everything. /,but/CC it/PRP 's/BES well/RB worth/JJ it/PRP and/CC everything/NN ./.,,
sw10utt/sw_1078_2437.utt,2/sw2437,2437,202,b,B,86,1,"Yeah,  /","Yeah/UH ,/,",,
sw10utt/sw_1078_2437.utt,2/sw2437,2437,203,b,B,86,2,"{F uh, } yeah,  /","uh/UH ,/, yeah/UH ,/,",,
sw10utt/sw_1078_2437.utt,2/sw2437,2437,204,sd,B,86,3,I think it'll be neat. /,I/PRP think/VBP it/PRP 'll/MD be/VB neat/JJ ./.,,
sw10utt/sw_1078_2437.utt,2/sw2437,2437,205,sv,A,87,1,"<<Pause>> [ Be a, + be a ]  great experience really.  /","Be/VB a/DT ,/, be/VB a/DT great/JJ experience/NN really/RB ./.",,
sw10utt/sw_1078_2437.utt,2/sw2437,2437,206,qy^c,A,87,2,You still there? /,You/PRP still/RB there/RB ?/.,,
sw10utt/sw_1078_2437.utt,2/sw2437,2437,207,ny@,B,88,1,Yea. *[[is this a typo?]] /,Yea/UH ./.,,
sw10utt/sw_1078_2437.utt,2/sw2437,2437,208,bk,A,89,1,"Okay,  /","Okay/UH ,/,",,
sw10utt/sw_1078_2437.utt,2/sw2437,2437,209,sd,A,89,2,I thought I was cut off there. /,I/PRP thought/VBD I/PRP was/VBD cut/VBN off/RP there/RB ./.,,
sw10utt/sw_1078_2437.utt,2/sw2437,2437,210,o@,B,90,1,((   )) .,MUMBLEx/XX ./.,,
sw10utt/sw_1078_2437.utt,2/sw2437,2437,211,sd,A,91,1,"{D You know, } I don't have much to say about drug testing. /","You/PRP know/VBP ,/, I/PRP do/VBP n't/RB have/VB much/JJ to/TO say/VB about/IN drug/NN testing/NN ./.",,
sw10utt/sw_1078_2437.utt,2/sw2437,2437,212,aa,B,92,1,"No,  /","No/UH ,/,",,
sw10utt/sw_1078_2437.utt,2/sw2437,2437,213,sd^e,B,92,2,I can't think of anything else to say about that  either. /,I/PRP ca/MD n't/RB think/VB of/IN anything/NN else/RB to/TO say/VB about/IN that/DT either/RB ./.,,
sw10utt/sw_1078_2437.utt,2/sw2437,2437,214,qy^t,A,93,1,{D So } you've done this ten times? /,So/RB you/PRP 've/VBP done/VBN this/DT ten/CD times/NNS ?/.,,
sw10utt/sw_1078_2437.utt,2/sw2437,2437,215,ny,B,94,1,Yeah. /,Yeah/UH ./.,,
sw10utt/sw_1078_2437.utt,2/sw2437,2437,216,qy^t,A,95,1,Did you get the booklet on how to get the  gifts and all? /,Did/VBD you/PRP get/VB the/DT booklet/NN on/IN how/WRB to/TO get/VB the/DT gifts/NNS and/CC all/DT ?/.,,
sw10utt/sw_1078_2437.utt,2/sw2437,2437,217,nn,B,96,1,"No,  /","No/UH ,/,",,
sw10utt/sw_1078_2437.utt,2/sw2437,2437,218,sd^e,B,96,2,"I don't work for T I,  /","I/PRP do/VBP n't/RB work/VB for/IN T/NNP I/NNP ,/,",,
sw10utt/sw_1078_2437.utt,2/sw2437,2437,219,sd^t,B,96,3,{C so } I get cash. /,so/RB I/PRP get/VBP cash/NN ./.,,
sw10utt/sw_1078_2437.utt,2/sw2437,2437,220,bk,A,97,1,"{F Oh, } okay.  /","Oh/UH ,/, okay/UH ./.",,
sw10utt/sw_1078_2437.utt,2/sw2437,2437,221,sd^t,A,97,2,I didn't know what they  were going to do.  /,I/PRP did/VBD n't/RB know/VB what/WP they/PRP were/VBD going/VBG to/TO do/VB ./.,,
sw10utt/sw_1078_2437.utt,2/sw2437,2437,222,sd^t,A,97,3,"They sent us a little booklet,  /","They/PRP sent/VBD us/PRP a/DT little/JJ booklet/NN ,/,",,
sw10utt/sw_1078_2437.utt,2/sw2437,2437,223,sd^t,A,97,4,"I just got it a week or so ago saying, {D you know, }  so many calls will be something a prize and everything. /","I/PRP just/RB got/VBD it/PRP a/DT week/NN or/CC so/RB ago/RB saying/VBG ,/, you/PRP know/VBP ,/, so/RB many/JJ calls/NNS will/MD be/VB something/NN a/DT prize/NN and/CC everything/NN ./.",,
sw10utt/sw_1078_2437.utt,2/sw2437,2437,224,b,B,98,1,Right. /,Right/UH ./.,,
sw10utt/sw_1078_2437.utt,2/sw2437,2437,225,ba,A,99,1,{D Well } that great.  /,Well/UH that/DT great/JJ ./.,,
sw10utt/sw_1078_2437.utt,2/sw2437,2437,226,qw^t,A,99,2,{D Well } what kind of cash?  /,Well/UH what/WDT kind/NN of/IN cash/NN ?/.,,
sw10utt/sw_1078_2437.utt,2/sw2437,2437,227,sd^t,A,99,3,I've forgotten what they going to do. /,I/PRP 've/VBP forgotten/VBN what/WP they/PRP going/VBG to/TO do/VB ./.,,
sw10utt/sw_1078_2437.utt,2/sw2437,2437,228,%,B,100,1,{F Hm. } /,Hm/UH ./.,,
sw10utt/sw_1078_2437.utt,2/sw2437,2437,229,qy^t,A,101,1,Was it five dollars a call? /,Was/VBD it/PRP five/CD dollars/NNS a/DT call/NN ?/.,,
sw10utt/sw_1078_2437.utt,2/sw2437,2437,230,ny,B,102,1,"Yeah,  /","Yeah/UH ,/,",,
sw10utt/sw_1078_2437.utt,2/sw2437,2437,231,sd^e^t,B,102,2,five dollars a call. /,five/CD dollars/NNS a/DT call/NN ./.,,
sw10utt/sw_1078_2437.utt,2/sw2437,2437,232,sd^t,A,103,1,"{D Well, } hope they follow through and everything. /","Well/UH ,/, hope/VBP they/PRP follow/VBP through/RB and/CC everything/NN ./.",,
sw10utt/sw_1078_2437.utt,2/sw2437,2437,233,sd^t,B,104,1,{D Well } technically we're not supposed to talk  about the phone calls while we're on them  /,Well/UH technically/RB we/PRP 're/VBP not/RB supposed/VBN to/TO talk/VB about/IN the/DT phone/NN calls/NNS while/IN we/PRP 're/VBP on/IN them/PRP,,
sw10utt/sw_1078_2437.utt,2/sw2437,2437,234,ad^t,B,104,2,{C so } I guess we better get off. /,so/RB I/PRP guess/VBP we/PRP better/RBR get/VB off/RP ./.,,
sw10utt/sw_1078_2437.utt,2/sw2437,2437,235,aa,A,105,1,"Right,  /","Right/UH ,/,",,
sw10utt/sw_1078_2437.utt,2/sw2437,2437,236,aa,A,105,2,"yeah, /","yeah/UH ,/,",,
sw10utt/sw_1078_2437.utt,2/sw2437,2437,237,fc,B,106,1,It was good talking to you. /,It/PRP was/VBD good/JJ talking/VBG to/IN you/PRP ./.,,
sw10utt/sw_1078_2437.utt,2/sw2437,2437,238,fc,A,107,1,Alright.  /,Alright/UH ./.,,
sw10utt/sw_1078_2437.utt,2/sw2437,2437,239,fc,A,107,2,Bye-bye now. /,Bye-bye/UH now/RB ./.,,
sw10utt/sw_1078_2437.utt,2/sw2437,2437,240,fc,B,108,1,Bye. /,Bye/UH ./.,,
