swda_filename,ptb_basename,conversation_no,transcript_index,act_tag,caller,utterance_index,subutterance_index,text,pos,trees,ptb_treenumbers
sw10utt/sw_1010_3226.utt,3/sw3226,3226,0,o,A,1,1,"Okay,  /","Okay/UH ,/,",,
sw10utt/sw_1010_3226.utt,3/sw3226,3226,1,sd^t,A,1,2,"the topic of the conversation is national health insurance,  and the pros and cons,  and [ do I, + do we  ] think that the government should finance it.  /","the/DT topic/NN of/IN the/DT conversation/NN is/VBZ national/JJ health/NN insurance/NN ,/, and/CC the/DT pros/NNS and/CC cons/NNS ,/, and/CC do/VBP I/PRP ,/, do/VBP we/PRP think/VB that/IN the/DT government/NN should/MD finance/VB it/PRP ./.",,
sw10utt/sw_1010_3226.utt,3/sw3226,3226,2,qw,A,1,3,What is your opinion? /,What/WP is/VBZ your/PRP$ opinion/NN ?/.,,
sw10utt/sw_1010_3226.utt,3/sw3226,3226,3,sv,B,2,1,I say yes. /,I/PRP say/VBP yes/UH ./.,,
sw10utt/sw_1010_3226.utt,3/sw3226,3226,4,bf,A,3,1,You say yes. /,You/PRP say/VBP yes/UH ./.,,
sw10utt/sw_1010_3226.utt,3/sw3226,3226,5,aa,B,4,1,Yes.  /,Yes/UH ./.,,
sw10utt/sw_1010_3226.utt,3/sw3226,3226,6,sd,B,4,2,"Mother lives in Florida,  /","Mother/NN lives/NNS in/IN Florida/NNP ,/,",,
sw10utt/sw_1010_3226.utt,3/sw3226,3226,7,sd,B,4,3,"{C and }  [ there are, + in her subdivision there are  ] fifty percent Canadians who won't give up their Canadian citizenship because of the health insurance. /","and/CC there/EX are/VBP ,/, in/IN her/PRP$ subdivision/NN there/EX are/VBP fifty/CD percent/NN Canadians/NNPS who/WP wo/MD n't/RB give/VB up/RP their/PRP$ Canadian/JJ citizenship/NN because/IN of/IN the/DT health/NN insurance/NN ./.",,
sw10utt/sw_1010_3226.utt,3/sw3226,3226,8,sd,A,5,1,"I have heard someone else, {F uh, } say that, {F uh, } the Canadian health insurance is absolutely excellent -- /","I/PRP have/VBP heard/VBN someone/NN else/RB ,/, uh/UH ,/, say/VBP that/IN ,/, uh/UH ,/, the/DT Canadian/JJ health/NN insurance/NN is/VBZ absolutely/RB excellent/JJ --/:",,
sw10utt/sw_1010_3226.utt,3/sw3226,3226,9,sv,B,6,1,It's wonderful. /,It/PRP 's/BES wonderful/JJ ./.,,
sw10utt/sw_1010_3226.utt,3/sw3226,3226,10,sd,A,7,1,-- {C and } one of the ways that they're financing it is they have an exorbitant tax on their cigarettes. /,--/: and/CC one/CD of/IN the/DT ways/NNS that/IN they/PRP 're/VBP financing/VBG it/PRP is/VBZ they/PRP have/VBP an/DT exorbitant/JJ tax/NN on/IN their/PRP$ cigarettes/NNS ./.,,
sw10utt/sw_1010_3226.utt,3/sw3226,3226,11,b,B,8,1,"{F Oh, } <laughter>. /","Oh/UH ,/, ./.",,
sw10utt/sw_1010_3226.utt,3/sw3226,3226,12,sv,A,9,1,<Laughter> [ This is -- +,This/DT is/VBZ --/:,,
sw10utt/sw_1010_3226.utt,3/sw3226,3226,13,b,B,10,1,"{D Well, } <laughter>. -/","Well/UH ,/, ./.",,
sw10utt/sw_1010_3226.utt,3/sw3226,3226,14,+,A,11,1,"-- <Laughter> evidently this is ] one of the ways that they're paying for the program plus discouraging the people to quit smoking so they don't have to pay out as many, {F uh, } benefits on {D like } lung cancer and things like this. /","--/: evidently/RB this/DT is/VBZ one/CD of/IN the/DT ways/NNS that/IN they/PRP 're/VBP paying/VBG for/IN the/DT program/NN plus/CC discouraging/VBG the/DT people/NNS to/TO quit/VB smoking/NN so/IN they/PRP do/VBP n't/RB have/VB to/TO pay/VB out/RB as/IN many/JJ ,/, uh/UH ,/, benefits/NNS on/IN like/UH lung/NN cancer/NN and/CC things/NNS like/IN this/DT ./.",,
sw10utt/sw_1010_3226.utt,3/sw3226,3226,15,%,B,12,1,"{D Well, } even if that's - /","Well/UH ,/, even/RB if/IN that/DT 's/BES",,
sw10utt/sw_1010_3226.utt,3/sw3226,3226,16,sv,B,12,2,"{C so, } {D you know, } really when you look at it, they have full coverage,  /","so/RB ,/, you/PRP know/VBP ,/, really/RB when/WRB you/PRP look/VBP at/IN it/PRP ,/, they/PRP have/VBP full/JJ coverage/NN ,/,",,
sw10utt/sw_1010_3226.utt,3/sw3226,3226,17,sv,B,12,3,"they have H M O, which, {D you know, } after you get used to it, it's not too bad,  /","they/PRP have/VBP H/NN M/NN O/NN ,/, which/WDT ,/, you/PRP know/VBP ,/, after/IN you/PRP get/VBP used/JJ to/IN it/PRP ,/, it/PRP 's/BES not/RB too/RB bad/JJ ,/,",,
sw10utt/sw_1010_3226.utt,3/sw3226,3226,18,sv,B,12,4,"{C and, } {F uh, } everything is covered -- /","and/CC ,/, uh/UH ,/, everything/NN is/VBZ covered/VBN --/:",,
sw10utt/sw_1010_3226.utt,3/sw3226,3226,19,b,A,13,1,"Yeah,  /","Yeah/UH ,/,",,
sw10utt/sw_1010_3226.utt,3/sw3226,3226,20,%,A,13,2,"we, -/","we/PRP ,/,",,
sw10utt/sw_1010_3226.utt,3/sw3226,3226,21,sv,B,14,1,"-- {C and } we have so many people in the United States that we spend, - /","--/: and/CC we/PRP have/VBP so/RB many/JJ people/NNS in/IN the/DT United/NNP States/NNP that/IN we/PRP spend/VBP ,/,",,
sw10utt/sw_1010_3226.utt,3/sw3226,3226,22,sd,B,14,2,"{D well, } in my family alone, we spent four thousand dollars in July on medical bills -- /","well/UH ,/, in/IN my/PRP$ family/NN alone/RB ,/, we/PRP spent/VBD four/CD thousand/CD dollars/NNS in/IN July/NNP on/IN medical/JJ bills/NNS --/:",,
sw10utt/sw_1010_3226.utt,3/sw3226,3226,23,ba,A,15,1,"{F Oh, } my word, Lynn. /","Oh/UH ,/, my/UH word/UH ,/, Lynn/NNP ./.",,
sw10utt/sw_1010_3226.utt,3/sw3226,3226,24,sd,B,16,1,-- insurance didn't cover a penny.  /,--/: insurance/NN did/VBD n't/RB cover/VB a/DT penny/NN ./.,,
sw10utt/sw_1010_3226.utt,3/sw3226,3226,25,%,B,16,2,Yeah. /,Yeah/UH ./.,,
sw10utt/sw_1010_3226.utt,3/sw3226,3226,26,ba,A,17,1,That's horrible. /,That/DT 's/BES horrible/JJ ./.,,
sw10utt/sw_1010_3226.utt,3/sw3226,3226,27,aa,B,18,1,"Yes,  /","Yes/UH ,/,",,
sw10utt/sw_1010_3226.utt,3/sw3226,3226,28,sv^m,B,18,2,it is horrible. /,it/PRP is/VBZ horrible/JJ ./.,,
sw10utt/sw_1010_3226.utt,3/sw3226,3226,29,sd,A,19,1,"{D Well, } we're fortunate in that [ we, + ] so far, knock on wood,  most of us have been [ relati-, + real  ] healthy --  /","Well/UH ,/, we/PRP 're/VBP fortunate/JJ in/IN that/DT we/PRP ,/, so/RB far/RB ,/, knock/VB on/IN wood/NN ,/, most/JJS of/IN us/PRP have/VBP been/VBN relati-/RB ,/, real/RB healthy/JJ --/:",,
sw10utt/sw_1010_3226.utt,3/sw3226,3226,30,b,B,20,1,"Yeah,  /","Yeah/UH ,/,",,
sw10utt/sw_1010_3226.utt,3/sw3226,3226,31,%,B,20,2,"{C but, } -/","but/CC ,/,",,
sw10utt/sw_1010_3226.utt,3/sw3226,3226,32,sd,A,21,1,-- {C so } we don't have a lot of medical bills. /,--/: so/RB we/PRP do/VBP n't/RB have/VB a/DT lot/NN of/IN medical/JJ bills/NNS ./.,,
sw10utt/sw_1010_3226.utt,3/sw3226,3226,33,sv,B,22,1,"{F Uh, } if you're healthy it's fine,  /","Uh/UH ,/, if/IN you/PRP 're/VBP healthy/JJ it/PRP 's/BES fine/JJ ,/,",,
sw10utt/sw_1010_3226.utt,3/sw3226,3226,34,sd,B,22,2,{C but } I had two kids in the hospital in July. /,but/CC I/PRP had/VBD two/CD kids/NNS in/IN the/DT hospital/NN in/IN July/NNP ./.,,
sw10utt/sw_1010_3226.utt,3/sw3226,3226,35,b,A,23,1,"Yeah,  /","Yeah/UH ,/,",,
sw10utt/sw_1010_3226.utt,3/sw3226,3226,36,sd,A,23,2,{C but } what worries me is the fact that I don't like the government telling me who I can see and who I can't see. /,but/CC what/WP worries/VBZ me/PRP is/VBZ the/DT fact/NN that/IN I/PRP do/VBP n't/RB like/IN the/DT government/NN telling/VBG me/PRP who/WP I/PRP can/MD see/VB and/CC who/WP I/PRP ca/MD n't/RB see/VB ./.,,
sw10utt/sw_1010_3226.utt,3/sw3226,3226,37,b,B,24,1,"Yeah,  /","Yeah/UH ,/,",,
sw10utt/sw_1010_3226.utt,3/sw3226,3226,38,sd,B,24,2,"{C but, } {D you know, } Richardson School District has the H M O -- /","but/CC ,/, you/PRP know/VBP ,/, Richardson/NNP School/NNP District/NNP has/VBZ the/DT H/NN M/NN O/NN --/:",,
sw10utt/sw_1010_3226.utt,3/sw3226,3226,39,b,A,25,1,Uh-huh. /,Uh-huh/UH ./.,,
sw10utt/sw_1010_3226.utt,3/sw3226,3226,40,sd,B,26,1,-- {C and } ninety percent of the doctors you would choose are on that list. /,--/: and/CC ninety/CD percent/NN of/IN the/DT doctors/NNS you/PRP would/MD choose/VB are/VBP on/IN that/DT list/NN ./.,,
sw10utt/sw_1010_3226.utt,3/sw3226,3226,41,bh,A,27,1,Are they? /,Are/VBP they/PRP ?/.,,
sw10utt/sw_1010_3226.utt,3/sw3226,3226,42,ny,B,28,1,Yeah. /,Yeah/UH ./.,,
sw10utt/sw_1010_3226.utt,3/sw3226,3226,43,sd,A,29,1,"{D Well, } I know that [ Gre-, + James  ] had it. /","Well/UH ,/, I/PRP know/VBP that/IN Gre-/NNP ,/, James/NNP had/VBD it/PRP ./.",,
sw10utt/sw_1010_3226.utt,3/sw3226,3226,44,sd,B,30,1,McCullum is. /,McCullum/NNP is/VBZ ./.,,
sw10utt/sw_1010_3226.utt,3/sw3226,3226,45,br,A,31,1,I beg your pardon. /,I/PRP beg/VBP your/PRP$ pardon/NN ./.,,
sw10utt/sw_1010_3226.utt,3/sw3226,3226,46,sd,B,32,1,McCullum is. /,McCullum/NNP is/VBZ ./.,,
sw10utt/sw_1010_3226.utt,3/sw3226,3226,47,b,A,33,1,"Yeah,  /","Yeah/UH ,/,",,
sw10utt/sw_1010_3226.utt,3/sw3226,3226,48,b^r,A,33,2,yeah.  /,yeah/UH ./.,,
sw10utt/sw_1010_3226.utt,3/sw3226,3226,49,sd,A,33,3,"I know that when James was with Continental Steel, McCullum was part of that,  /","I/PRP know/VBP that/IN when/WRB James/NNP was/VBD with/IN Continental/NNP Steel/NNP ,/, McCullum/NNP was/VBD part/NN of/IN that/DT ,/,",,
sw10utt/sw_1010_3226.utt,3/sw3226,3226,50,sv,A,33,4,"[ {C and, } + {C and }  ] that's good.  /","and/CC ,/, and/CC that/DT 's/BES good/JJ ./.",,
sw10utt/sw_1010_3226.utt,3/sw3226,3226,51,sd,A,33,5,"{C But } I also heard, for instance, {D like, } {F uh, } my friend's daughter was on it through Texas Instruments,  /","But/CC I/PRP also/RB heard/VBD ,/, for/IN instance/NN ,/, like/UH ,/, uh/UH ,/, my/PRP$ friend/NN 's/POS daughter/NN was/VBD on/IN it/PRP through/IN Texas/NNP Instruments/NNP ,/,",,
sw10utt/sw_1010_3226.utt,3/sw3226,3226,52,sd,A,33,6,{C and } she was on that Kaiser Permanente --  /,and/CC she/PRP was/VBD on/IN that/DT Kaiser/NNP Permanente/NNP --/:,,
sw10utt/sw_1010_3226.utt,3/sw3226,3226,53,b,B,34,1,Uh-huh. /,Uh-huh/UH ./.,,
sw10utt/sw_1010_3226.utt,3/sw3226,3226,54,sd,A,35,1,"-- {C and } they had screwed up her appointment,  /","--/: and/CC they/PRP had/VBD screwed/VBN up/RP her/PRP$ appointment/NN ,/,",,
sw10utt/sw_1010_3226.utt,3/sw3226,3226,55,sd,A,35,2,"{C and } when she went in, she had to take whichever doctor was available,  /","and/CC when/WRB she/PRP went/VBD in/RB ,/, she/PRP had/VBD to/TO take/VB whichever/WDT doctor/NN was/VBD available/JJ ,/,",,
sw10utt/sw_1010_3226.utt,3/sw3226,3226,56,%,A,35,3,"{C and } they, - /","and/CC they/PRP ,/,",,
sw10utt/sw_1010_3226.utt,3/sw3226,3226,57,sd,A,35,4,she would have had to wait {D like } two months to get the doctor she wanted. /,she/PRP would/MD have/VB had/VBN to/TO wait/VB like/UH two/CD months/NNS to/TO get/VB the/DT doctor/NN she/PRP wanted/VBD ./.,,
sw10utt/sw_1010_3226.utt,3/sw3226,3226,58,sd,B,36,1,"{D Well, } {C but } [ that's -- +","Well/UH ,/, but/CC that/DT 's/BES --/:",,
sw10utt/sw_1010_3226.utt,3/sw3226,3226,59,sv,A,37,1,"{C But } then again, I guess you can even do that in McCullum. /","But/CC then/RB again/RB ,/, I/PRP guess/VBP you/PRP can/MD even/RB do/VB that/DT in/IN McCullum/NNP ./.",,
sw10utt/sw_1010_3226.utt,3/sw3226,3226,60,+,B,38,1,"-- that's  ] a screw up in an appointment, {D you know, }  /","--/: that/DT 's/BES a/DT screw/GW up/^NN in/IN an/DT appointment/NN ,/, you/PRP know/VBP ,/,",,
sw10utt/sw_1010_3226.utt,3/sw3226,3226,61,sd,B,38,2,I'm going back to the days when I was pregnant -- /,I/PRP 'm/VBP going/VBG back/RB to/IN the/DT days/NNS when/WRB I/PRP was/VBD pregnant/JJ --/:,,
sw10utt/sw_1010_3226.utt,3/sw3226,3226,62,b,A,39,1,Uh-huh. /,Uh-huh/UH ./.,,
sw10utt/sw_1010_3226.utt,3/sw3226,3226,63,sd,B,40,1,"-- {C and } I had two doctors,  /","--/: and/CC I/PRP had/VBD two/CD doctors/NNS ,/,",,
sw10utt/sw_1010_3226.utt,3/sw3226,3226,64,sd,B,40,2,"{C and } one was my favorite, personality wise -- /","and/CC one/CD was/VBD my/PRP$ favorite/JJ ,/, personality/NN wise/JJ --/:",,
sw10utt/sw_1010_3226.utt,3/sw3226,3226,65,b,A,41,1,Uh-huh. /,Uh-huh/UH ./.,,
sw10utt/sw_1010_3226.utt,3/sw3226,3226,66,sd,B,42,1,"-- {C but } when I delivered Ronnie, he was not on call -- /","--/: but/CC when/WRB I/PRP delivered/VBD Ronnie/NNP ,/, he/PRP was/VBD not/RB on/IN call/NN --/:",,
sw10utt/sw_1010_3226.utt,3/sw3226,3226,67,b,A,43,1,Uh-huh. /,Uh-huh/UH ./.,,
sw10utt/sw_1010_3226.utt,3/sw3226,3226,68,sd,B,44,1,-- the other guy delivered him -- /,--/: the/DT other/JJ guy/NN delivered/VBD him/PRP --/:,,
sw10utt/sw_1010_3226.utt,3/sw3226,3226,69,ba,A,45,1,"{D Well, } that's true,  /","Well/UH ,/, that/DT 's/BES true/JJ ,/,",,
sw10utt/sw_1010_3226.utt,3/sw3226,3226,70,sv,A,45,2,{C and } that still goes on. /,and/CC that/DT still/RB goes/VBZ on/RP ./.,,
sw10utt/sw_1010_3226.utt,3/sw3226,3226,71,%,B,46,1,"-- {D you know, } {C and } that, - /","--/: you/PRP know/VBP ,/, and/CC that/DT ,/,",,
sw10utt/sw_1010_3226.utt,3/sw3226,3226,72,sd,B,46,2,"{C and, } {D you know, } if, {F um, } I go to Townsend -- -/","and/CC ,/, you/PRP know/VBP ,/, if/IN ,/, um/UH ,/, I/PRP go/VBP to/TO Townsend/NNP --/:",,
sw10utt/sw_1010_3226.utt,3/sw3226,3226,73,b,A,47,1,Uh-huh. /,Uh-huh/UH ./.,,
sw10utt/sw_1010_3226.utt,3/sw3226,3226,74,sd,B,48,1,-- he's got a new partner.  /,--/: he/PRP 's/BES got/VBN a/DT new/JJ partner/NN ./.,,
sw10utt/sw_1010_3226.utt,3/sw3226,3226,75,sd,B,48,2,I go to both of them now.  /,I/PRP go/VBP to/IN both/DT of/IN them/PRP now/RB ./.,,
sw10utt/sw_1010_3226.utt,3/sw3226,3226,76,sd,B,48,3,"{D You know, } I have no choice --","You/PRP know/VBP ,/, I/PRP have/VBP no/DT choice/NN --/:",,
sw10utt/sw_1010_3226.utt,3/sw3226,3226,77,b,A,49,1,Right. /,Right/UH ./.,,
sw10utt/sw_1010_3226.utt,3/sw3226,3226,78,+,B,50,1,"-- because when I want to go,","--/: because/IN when/WRB I/PRP want/VBP to/TO go/VB ,/,",,
sw10utt/sw_1010_3226.utt,3/sw3226,3226,79,x,A,51,1,<Cough>.,,,
sw10utt/sw_1010_3226.utt,3/sw3226,3226,80,+,B,52,1,"if Dr. Howe or whatever his name is is on duty, I go to him. /","if/IN Dr/NNP ./. Howe/NNP or/CC whatever/WDT his/PRP$ name/NN is/VBZ is/VBZ on/IN duty/NN ,/, I/PRP go/VBP to/IN him/PRP ./.",,
sw10utt/sw_1010_3226.utt,3/sw3226,3226,81,%,A,53,1,"{D Well, } {D you know, } it, {F uh, } - /","Well/UH ,/, you/PRP know/VBP ,/, it/PRP ,/, uh/UH ,/,",,
sw10utt/sw_1010_3226.utt,3/sw3226,3226,82,qh,A,53,2,how do you think we're going to pay for it?  /,how/WRB do/VBP you/PRP think/VB we/PRP 're/VBP going/VBG to/TO pay/VB for/IN it/PRP ?/.,,
sw10utt/sw_1010_3226.utt,3/sw3226,3226,83,qh,A,53,3,More and more taxes?  <Barking>. /,More/RBR and/CC more/JJR taxes/NNS ?/. ./.,,
sw10utt/sw_1010_3226.utt,3/sw3226,3226,84,ar,B,54,1,"{D Well, } no,  /","Well/UH ,/, no/UH ,/,",,
sw10utt/sw_1010_3226.utt,3/sw3226,3226,85,sd^e,B,54,2,"we need to cut some of our spendings, cut some of the fat off the top and whittle it down to the rest of us. /","we/PRP need/VBP to/TO cut/VB some/DT of/IN our/PRP$ spendings/NNS ,/, cut/VB some/DT of/IN the/DT fat/NN off/IN the/DT top/NN and/CC whittle/VB it/PRP down/RP to/TO the/DT rest/NN of/IN us/PRP ./.",,
sw10utt/sw_1010_3226.utt,3/sw3226,3226,86,sv,A,55,1,I know that it's getting to the point that the insurance doesn't <children_talking> pay that much on catastrophic illnesses. /,I/PRP know/VBP that/IN it/PRP 's/BES getting/VBG to/IN the/DT point/NN that/IN the/DT insurance/NN does/VBZ n't/RB pay/VB that/RB much/JJ on/IN catastrophic/JJ illnesses/NNS ./.,,
sw10utt/sw_1010_3226.utt,3/sw3226,3226,87,b,B,56,1,No. /,No/UH ./.,,
sw10utt/sw_1010_3226.utt,3/sw3226,3226,88,sd,A,57,1,"They don't pay anything on, {F uh, } implants --","They/PRP do/VBP n't/RB pay/VB anything/NN on/IN ,/, uh/UH ,/, implants/NNS --/:",,
sw10utt/sw_1010_3226.utt,3/sw3226,3226,89,b,B,58,1,No. /,No/UH ./.,,
sw10utt/sw_1010_3226.utt,3/sw3226,3226,90,+,A,59,1,"-- or transplants,  /","--/: or/CC transplants/NNS ,/,",,
sw10utt/sw_1010_3226.utt,3/sw3226,3226,91,sd,A,59,2,"{C and, } {D you know, } people are needing these,  /","and/CC ,/, you/PRP know/VBP ,/, people/NNS are/VBP needing/VBG these/DT ,/,",,
sw10utt/sw_1010_3226.utt,3/sw3226,3226,92,sd,A,59,3,"{C and } the average person can't afford, {D you know, } a heart or a kidney --","and/CC the/DT average/JJ person/NN ca/MD n't/RB afford/VB ,/, you/PRP know/VBP ,/, a/DT heart/NN or/CC a/DT kidney/NN --/:",,
sw10utt/sw_1010_3226.utt,3/sw3226,3226,93,b,B,60,1,Yeah. /,Yeah/UH ./.,,
sw10utt/sw_1010_3226.utt,3/sw3226,3226,94,+,A,61,1,-- on just their own. /,--/: on/IN just/RB their/PRP$ own/JJ ./.,,
sw10utt/sw_1010_3226.utt,3/sw3226,3226,95,sd,B,62,1,"{C But } {D you known, } Ronnie, in Austin, went to a program and went to a social worker -- /","But/CC you/PRP known/VBN ,/, Ronnie/NNP ,/, in/IN Austin/NNP ,/, went/VBD to/IN a/DT program/NN and/CC went/VBD to/IN a/DT social/JJ worker/NN --/:",,
sw10utt/sw_1010_3226.utt,3/sw3226,3226,96,b,A,63,1,Uh-huh. /,Uh-huh/UH ./.,,
sw10utt/sw_1010_3226.utt,3/sw3226,3226,97,sd,B,64,1,"-- {C and } at the same token there is something,  /","--/: and/CC at/IN the/DT same/JJ token/JJ there/EX is/VBZ something/NN ,/,",,
sw10utt/sw_1010_3226.utt,3/sw3226,3226,98,sd,B,64,2,"{C because } he can get his pills for two dollars, when I'm paying fifteen on my medical insurance -- /","because/IN he/PRP can/MD get/VB his/PRP$ pills/NNS for/IN two/CD dollars/NNS ,/, when/WRB I/PRP 'm/VBP paying/VBG fifteen/CD on/IN my/PRP$ medical/JJ insurance/NN --/:",,
sw10utt/sw_1010_3226.utt,3/sw3226,3226,99,ba,A,65,1,Good grief. /,Good/UH grief/UH ./.,,
sw10utt/sw_1010_3226.utt,3/sw3226,3226,100,sd,B,66,1,"-- {C and } he can get free medical care,  but he has to go to the city hospital instead of seeing David --","--/: and/CC he/PRP can/MD get/VB free/JJ medical/JJ care/NN ,/, but/CC he/PRP has/VBZ to/TO go/VB to/IN the/DT city/NN hospital/NN instead/IN of/IN seeing/VBG David/NNP --/:",,
sw10utt/sw_1010_3226.utt,3/sw3226,3226,101,b,A,67,1,Uh-huh. /,Uh-huh/UH ./.,,
sw10utt/sw_1010_3226.utt,3/sw3226,3226,102,+,B,68,1,"-- and so again, {D you know, }  /","--/: and/CC so/RB again/RB ,/, you/PRP know/VBP ,/,",,
sw10utt/sw_1010_3226.utt,3/sw3226,3226,103,sd,B,68,2,"we went through [ it, + Ronnie's home  ] tonight,  /","we/PRP went/VBD through/IN it/PRP ,/, Ronnie/NNP 's/BES home/RB tonight/RB ,/,",,
sw10utt/sw_1010_3226.utt,3/sw3226,3226,104,sd(^q),B,68,3,"{C and } we talked about it and said, {D you know, } is it worth it?  /","and/CC we/PRP talked/VBD about/IN it/PRP and/CC said/VBD ,/, you/PRP know/VBP ,/, is/VBZ it/PRP worth/JJ it/PRP ?/.",,
sw10utt/sw_1010_3226.utt,3/sw3226,3226,105,b,B,68,4,"Yeah,  /","Yeah/UH ,/,",,
sw10utt/sw_1010_3226.utt,3/sw3226,3226,106,sd,B,68,5,"{D you know, } he pays forty-five dollars a month for his prescriptions, where he could pay six dollars. /","you/PRP know/VBP ,/, he/PRP pays/VBZ forty-five/CD dollars/NNS a/DT month/NN for/IN his/PRP$ prescriptions/NNS ,/, where/WRB he/PRP could/MD pay/VB six/CD dollars/NNS ./.",,
sw10utt/sw_1010_3226.utt,3/sw3226,3226,107,b,A,69,1,"Uh-huh,  /","Uh-huh/UH ,/,",,
sw10utt/sw_1010_3226.utt,3/sw3226,3226,108,b^r,A,69,2,uh-huh. /,uh-huh/UH ./.,,
sw10utt/sw_1010_3226.utt,3/sw3226,3226,109,sd,B,70,1,"{C So, } there --","So/UH ,/, there/EX --/:",,
sw10utt/sw_1010_3226.utt,3/sw3226,3226,110,ba,A,71,1,Very true. /,Very/RB true/JJ ./.,,
sw10utt/sw_1010_3226.utt,3/sw3226,3226,111,+,B,72,1,"-- are programs,  {D you know, } if you get on Medicare or Medicaid or one of those, /","--/: are/VBP programs/NNS ,/, you/PRP know/VBP ,/, if/IN you/PRP get/VBP on/IN Medicare/NNP or/CC Medicaid/NNP or/CC one/CD of/IN those/DT ,/,",,
sw10utt/sw_1010_3226.utt,3/sw3226,3226,112,sd,A,73,1,"{D Well, } I know they have the Medicaid, {D you know, } for those that have trouble,  /","Well/UH ,/, I/PRP know/VBP they/PRP have/VBP the/DT Medicaid/NNP ,/, you/PRP know/VBP ,/, for/IN those/DT that/WDT have/VBP trouble/NN ,/,",,
sw10utt/sw_1010_3226.utt,3/sw3226,3226,113,sd,A,73,2,"{C and } I know that {D like } we have the, {F uh, } prescription cards which, - /","and/CC I/PRP know/VBP that/IN like/UH we/PRP have/VBP the/DT ,/, uh/UH ,/, prescription/NN cards/NNS which/WDT ,/,",,
sw10utt/sw_1010_3226.utt,3/sw3226,3226,114,sd,A,73,3,that's helped bunches -- /,that/DT 's/HVS helped/VBN bunches/NNS --/:,,
sw10utt/sw_1010_3226.utt,3/sw3226,3226,115,b,B,74,1,Yeah. /,Yeah/UH ./.,,
sw10utt/sw_1010_3226.utt,3/sw3226,3226,116,qy^d,A,75,1,"-- {C and, } wonder if the insurance companies are fighting the national health,  /","--/: and/CC ,/, wonder/VBP if/IN the/DT insurance/NN companies/NNS are/VBP fighting/VBG the/DT national/JJ health/NN ,/,",,
sw10utt/sw_1010_3226.utt,3/sw3226,3226,117,qy^d,A,75,2,{C or } wonder if they're wanting it. /,or/CC wonder/VBP if/IN they/PRP 're/VBP wanting/VBG it/PRP ./.,,
sw10utt/sw_1010_3226.utt,3/sw3226,3226,118,sd,B,76,1,That's what I read. /,That/DT 's/BES what/WP I/PRP read/VBD ./.,,
sw10utt/sw_1010_3226.utt,3/sw3226,3226,119,bf,A,77,1,"That they are wanting, -/","That/IN they/PRP are/VBP wanting/VBG ,/,",,
