swda_filename,ptb_basename,conversation_no,transcript_index,act_tag,caller,utterance_index,subutterance_index,text,pos,trees,ptb_treenumbers
sw10utt/sw_1033_2723.utt,2/sw2723,2723,0,qw^t,A,1,1,About how many calls have you made on this system? /,About/RB how/WRB many/JJ calls/NNS have/VBP you/PRP made/VBN on/IN this/DT system/NN ?/.,,
sw10utt/sw_1033_2723.utt,2/sw2723,2723,1,sd^t,B,2,1,"{F Uh, } I've originated only [ a, + a  ] few. /","Uh/UH ,/, I/PRP 've/VBP originated/VBN only/RB a/DT ,/, a/DT few/NN ./.",,
sw10utt/sw_1033_2723.utt,2/sw2723,2723,2,bk,A,3,1,"{F Oh, } okay,  /","Oh/UH ,/, okay/UH ,/,",,
sw10utt/sw_1033_2723.utt,2/sw2723,2723,3,b,A,3,2,yeah. /,yeah/UH ./.,,
sw10utt/sw_1033_2723.utt,2/sw2723,2723,4,sd^t,B,4,1,{C But } I've received quite a few. /,But/CC I/PRP 've/VBP received/VBN quite/RB a/DT few/NN ./.,,
sw10utt/sw_1033_2723.utt,2/sw2723,2723,5,sd^t,A,5,1,"[ I, + {F uh, } I  ] only started doing it after, {F uh, } I started getting calls and said, {F oh, } heck,  /","I/PRP ,/, uh/UH ,/, I/PRP only/RB started/VBD doing/VBG it/PRP after/IN ,/, uh/UH ,/, I/PRP started/VBD getting/VBG calls/NNS and/CC said/VBD ,/, oh/UH ,/, heck/UH ,/,",,
sw10utt/sw_1033_2723.utt,2/sw2723,2723,6,ba,A,5,2,"that's right,  /","that/DT 's/BES right/JJ ,/,",,
sw10utt/sw_1033_2723.utt,2/sw2723,2723,7,sd^t,A,5,3,I'm supposed to make a few calls.  /,I/PRP 'm/VBP supposed/VBN to/TO make/VB a/DT few/JJ calls/NNS ./.,,
sw10utt/sw_1033_2723.utt,2/sw2723,2723,8,sd^t,A,5,4,{C So } I started about a month ago  /,So/RB I/PRP started/VBD about/RB a/DT month/NN ago/RB,,
sw10utt/sw_1033_2723.utt,2/sw2723,2723,9,%,A,5,5,"{C and } I, -/","and/CC I/PRP ,/,",,
sw10utt/sw_1033_2723.utt,2/sw2723,2723,10,b,B,6,1,# Uh-huh. # /,Uh-huh/UH ./.,,
sw10utt/sw_1033_2723.utt,2/sw2723,2723,11,sd^t,A,7,1,"# this # is getting close to twenty here which is I think is about all, {F uh, } our little gift book goes up to,  /","this/DT is/VBZ getting/VBG close/RB to/IN twenty/CD here/RB which/WDT is/VBZ I/PRP think/VBP is/VBZ about/RB all/DT ,/, uh/UH ,/, our/PRP$ little/JJ gift/NN book/NN goes/VBZ up/IN to/IN ,/,",,
sw10utt/sw_1033_2723.utt,2/sw2723,2723,12,sd,A,7,2,{C but } I don't really know. /,but/CC I/PRP do/VBP n't/RB really/RB know/VB ./.,,
sw10utt/sw_1033_2723.utt,2/sw2723,2723,13,b,B,8,1,"{F Oh, } yeah. /","Oh/UH ,/, yeah/UH ./.",,
sw10utt/sw_1033_2723.utt,2/sw2723,2723,14,sd^t,A,9,1,I've got about twelve tickets in the mail.  /,I/PRP 've/VBP got/VBN about/RB twelve/CD tickets/NNS in/IN the/DT mail/NN ./.,,
sw10utt/sw_1033_2723.utt,2/sw2723,2723,15,qy,A,9,2,"Do you have, - /","Do/VBP you/PRP have/VB ,/,",,
sw10utt/sw_1033_2723.utt,2/sw2723,2723,16,qy^d^t,A,9,3,you've  ((   ))  a few? /,you/PRP 've/VBP MUMBLEx/XX a/DT few/NN ?/.,,
sw10utt/sw_1033_2723.utt,2/sw2723,2723,17,b,B,10,1,"Yeah,  /","Yeah/UH ,/,",,
sw10utt/sw_1033_2723.utt,2/sw2723,2723,18,sd^t,B,10,2,I've been getting mine. /,I/PRP 've/VBP been/VBN getting/VBG mine/PRP ./.,,
sw10utt/sw_1033_2723.utt,2/sw2723,2723,19,b,A,11,1,"Okay,  /","Okay/UH ,/,",,
sw10utt/sw_1033_2723.utt,2/sw2723,2723,20,sd^t,A,11,2,medical - /,medical/JJ,,
sw10utt/sw_1033_2723.utt,2/sw2723,2723,21,ad,A,11,3,"go ahead,  /","go/VB ahead/RB ,/,",,
sw10utt/sw_1033_2723.utt,2/sw2723,2723,22,sd,A,11,4,"[ I'm, + I'm  ] medical.  /","I/PRP 'm/VBP ,/, I/PRP 'm/VBP medical/JJ ./.",,
sw10utt/sw_1033_2723.utt,2/sw2723,2723,23,sd,A,11,5,That's mine. /,That/DT 's/BES mine/PRP ./.,,
sw10utt/sw_1033_2723.utt,2/sw2723,2723,24,sd^t,B,12,1,"{F Uh, } you pushed the record button.  /","Uh/UH ,/, you/PRP pushed/VBD the/DT record/NN button/NN ./.",,
sw10utt/sw_1033_2723.utt,2/sw2723,2723,25,sd^t,B,12,2,We're supposed to be discussing the subject. /,We/PRP 're/VBP supposed/VBN to/TO be/VB discussing/VBG the/DT subject/NN ./.,,
sw10utt/sw_1033_2723.utt,2/sw2723,2723,26,b,A,13,1,Yeah.  /,Yeah/UH ./.,,
sw10utt/sw_1033_2723.utt,2/sw2723,2723,27,sd,A,13,2,"[ I, + I'm  ] benefits.  /","I/PRP ,/, I/PRP 'm/VBP benefits/NNS ./.",,
sw10utt/sw_1033_2723.utt,2/sw2723,2723,28,ad,A,13,3,"Go ahead, you first. /","Go/VB ahead/RB ,/, you/PRP first/JJ ./.",,
sw10utt/sw_1033_2723.utt,2/sw2723,2723,29,aa,B,14,1,"Yeah,  /","Yeah/UH ,/,",,
sw10utt/sw_1033_2723.utt,2/sw2723,2723,30,sd,B,14,2,"{F uh, } {D well, } I'll tell you,  /","uh/UH ,/, well/UH ,/, I/PRP 'll/MD tell/VB you/PRP ,/,",,
sw10utt/sw_1033_2723.utt,2/sw2723,2723,31,sd,B,14,3,"I've been around for quite a few years and  worked for a lot of different companies,  /","I/PRP 've/VBP been/VBN around/RB for/IN quite/RB a/DT few/JJ years/NNS and/CC worked/VBD for/IN a/DT lot/NN of/IN different/JJ companies/NNS ,/,",,
sw10utt/sw_1033_2723.utt,2/sw2723,2723,32,sv,B,14,4,"{C and, } {F uh, } it's hard to beat any of the benefits [ that, +  or salaries either,","and/CC ,/, uh/UH ,/, it/PRP 's/BES hard/JJ to/TO beat/VB any/DT of/IN the/DT benefits/NNS that/WDT ,/, or/CC salaries/NNS either/DT ,/,",,
sw10utt/sw_1033_2723.utt,2/sw2723,2723,33,b,A,15,1,# Uh-huh. # /,Uh-huh/UH ./.,,
sw10utt/sw_1033_2723.utt,2/sw2723,2723,34,+,B,16,1,# that # ] we get from T I.  /,that/WDT we/PRP get/VBP from/IN T/NNP I/NNP ./.,,
sw10utt/sw_1033_2723.utt,2/sw2723,2723,35,sd,B,16,2,I'm quite pleased with it.  /,I/PRP 'm/VBP quite/RB pleased/JJ with/IN it/PRP ./.,,
sw10utt/sw_1033_2723.utt,2/sw2723,2723,36,sv,B,16,3,"Course there's a few things that, {F uh, } I think I could do better if I was sitting up in the C E O's seat  /","Course/IN there/EX 's/BES a/DT few/JJ things/NNS that/WDT ,/, uh/UH ,/, I/PRP think/VBP I/PRP could/MD do/VB better/JJR if/IN I/PRP was/VBD sitting/VBG up/IN in/IN the/DT C/NN E/NN O/NN 's/POS seat/NN",,
sw10utt/sw_1033_2723.utt,2/sw2723,2723,37,sv,B,16,4,"{C but, } {F uh } --","but/CC ,/, uh/UH --/:",,
sw10utt/sw_1033_2723.utt,2/sw2723,2723,38,b,A,17,1,"{F Oh, } yeah. /","Oh/UH ,/, yeah/UH ./.",,
sw10utt/sw_1033_2723.utt,2/sw2723,2723,39,+,B,18,1,-- I think Jerry's doing a pretty good job as it goes. /,--/: I/PRP think/VBP Jerry/NNP 's/POS doing/VBG a/DT pretty/RB good/JJ job/NN as/IN it/PRP goes/VBZ ./.,,
sw10utt/sw_1033_2723.utt,2/sw2723,2723,40,%,A,19,1,"The one, - /","The/DT one/CD ,/,",,
sw10utt/sw_1033_2723.utt,2/sw2723,2723,41,%,A,19,2,"it's kind of {D like, } {F uh, } - /","it/PRP 's/BES kind/RB of/RB like/IN ,/, uh/UH ,/,",,
sw10utt/sw_1033_2723.utt,2/sw2723,2723,42,sd,A,19,3,"automobile insurance, - /","automobile/NN insurance/NN ,/,",,
sw10utt/sw_1033_2723.utt,2/sw2723,2723,43,sd,A,19,4,"the ones, {F uh, } that I think are the highest and important to me, {F uh, } I hope I never have to use them, really per se, although I've used medical a little bit -- /","the/DT ones/NNS ,/, uh/UH ,/, that/WDT I/PRP think/VBP are/VBP the/DT highest/JJS and/CC important/JJ to/IN me/PRP ,/, uh/UH ,/, I/PRP hope/VBP I/PRP never/RB have/VBP to/TO use/VB them/PRP ,/, really/RB per/FW se/FW ,/, although/IN I/PRP 've/VBP used/VBN medical/JJ a/DT little/JJ bit/NN --/:",,
sw10utt/sw_1033_2723.utt,2/sw2723,2723,44,b,B,20,1,Uh-huh. /,Uh-huh/UH ./.,,
sw10utt/sw_1033_2723.utt,2/sw2723,2723,45,sv,A,21,1,"-- [ that, + {D well } that  ] one certainly is high,  /","--/: that/DT ,/, well/UH that/DT one/CD certainly/RB is/VBZ high/JJ ,/,",,
sw10utt/sw_1033_2723.utt,2/sw2723,2723,46,sd,A,21,2,"[ I, + I  ] worry that it's weakening rather than strengthening  /","I/PRP ,/, I/PRP worry/VBP that/IN it/PRP 's/BES weakening/VBG rather/IN than/IN strengthening/VBG",,
sw10utt/sw_1033_2723.utt,2/sw2723,2723,47,sd,A,21,3,"{C so } I like to reverse that trend and say I'd like to get those to strengthen, {D you know, }","so/RB I/PRP like/VBP to/TO reverse/VB that/DT trend/NN and/CC say/VBP I/PRP 'd/MD like/VB to/TO get/VB those/DT to/TO strengthen/VB ,/, you/PRP know/VBP ,/,",,
sw10utt/sw_1033_2723.utt,2/sw2723,2723,48,x,B,22,1,# <Throat_clearing>.  #,,,
sw10utt/sw_1033_2723.utt,2/sw2723,2723,49,+,A,23,1,# be # better and better. /,be/VB better/JJR and/CC better/JJR ./.,,
sw10utt/sw_1033_2723.utt,2/sw2723,2723,50,%,B,24,1,"{D Well, } -/","Well/UH ,/,",,
sw10utt/sw_1033_2723.utt,2/sw2723,2723,51,sd,A,25,1,"Then [ [ sal-, + sal-,  ] + salary  ] continuance, I've never used that one.  /","Then/RB sal-/NN ,/, sal-/NN ,/, salary/NN continuance/NN ,/, I/PRP 've/VBP never/RB used/VBN that/DT one/CD ./.",,
sw10utt/sw_1033_2723.utt,2/sw2723,2723,52,sd,A,25,2,"I hope I never will,  /","I/PRP hope/VBP I/PRP never/RB will/MD ,/,",,
sw10utt/sw_1033_2723.utt,2/sw2723,2723,53,sd,A,25,3,{C but } that's kind of like an insurance thing.  /,but/CC that/DT 's/BES kind/RB of/RB like/IN an/DT insurance/NN thing/NN ./.,,
sw10utt/sw_1033_2723.utt,2/sw2723,2723,54,sv,A,25,4,I sure like that one. /,I/PRP sure/RB like/VBP that/DT one/CD ./.,,
sw10utt/sw_1033_2723.utt,2/sw2723,2723,55,b,B,26,1,"{F Oh, } yes. /","Oh/UH ,/, yes/UH ./.",,
sw10utt/sw_1033_2723.utt,2/sw2723,2723,56,sv,A,27,1,That's like automobile insurance.  /,That/DT 's/BES like/IN automobile/NN insurance/NN ./.,,
sw10utt/sw_1033_2723.utt,2/sw2723,2723,57,sv,A,27,2,You never want to get in an accident  /,You/PRP never/RB want/VBP to/TO get/VB in/IN an/DT accident/NN,,
sw10utt/sw_1033_2723.utt,2/sw2723,2723,58,%,A,27,3,"{C but } it, - /","but/CC it/PRP ,/,",,
sw10utt/sw_1033_2723.utt,2/sw2723,2723,59,sd,A,27,4,you like to have it there. /,you/PRP like/VBP to/TO have/VB it/PRP there/RB ./.,,
sw10utt/sw_1033_2723.utt,2/sw2723,2723,60,b,B,28,1,Uh-huh.  /,Uh-huh/UH ./.,,
sw10utt/sw_1033_2723.utt,2/sw2723,2723,61,sd,B,28,2,"{D Well, } {F uh, } like I say, I worked for several different companies  /","Well/UH ,/, uh/UH ,/, like/IN I/PRP say/VBP ,/, I/PRP worked/VBD for/IN several/JJ different/JJ companies/NNS",,
sw10utt/sw_1033_2723.utt,2/sw2723,2723,62,sv,B,28,3,"{C and } there's nothing to compare with, {F uh, } T I here. /","and/CC there/EX 's/BES nothing/NN to/TO compare/VB with/IN ,/, uh/UH ,/, T/NNP I/NNP here/RB ./.",,
sw10utt/sw_1033_2723.utt,2/sw2723,2723,63,b,A,29,1,Uh-huh. /,Uh-huh/UH ./.,,
sw10utt/sw_1033_2723.utt,2/sw2723,2723,64,sd,B,30,1,"{D Now } I really got caught up back in eighty-five,  /","Now/UH I/PRP really/RB got/VBD caught/VBN up/RP back/RB in/IN eighty-five/CD ,/,",,
sw10utt/sw_1033_2723.utt,2/sw2723,2723,65,sd,B,30,2,"I got caught up in the oil layoff <breathing>,  {F uh, }  /","I/PRP got/VBD caught/VBN up/RP in/IN the/DT oil/NN layoff/NN ,/, uh/UH ,/,",,
sw10utt/sw_1033_2723.utt,2/sw2723,2723,66,sd,B,30,3,"I wasn't with G S I, but I was connected with, {F uh, } {F uh, } oil, {F uh, }","I/PRP was/VBD n't/RB with/IN G/NNP S/NNP I/PRP ,/, but/CC I/PRP was/VBD connected/JJ with/IN ,/, uh/UH ,/, uh/UH ,/, oil/NN ,/, uh/UH ,/,",,
sw10utt/sw_1033_2723.utt,2/sw2723,2723,67,b,A,31,1,# Right. # /,Right/UH ./.,,
sw10utt/sw_1033_2723.utt,2/sw2723,2723,68,+,B,32,1,# exploration.  # /,exploration/NN ./.,,
sw10utt/sw_1033_2723.utt,2/sw2723,2723,69,qr,A,33,1,"With T I, or somebody else? /","With/IN T/NNP I/NNP ,/, or/CC somebody/NN else/RB ?/.",,
sw10utt/sw_1033_2723.utt,2/sw2723,2723,70,nn,B,34,1,"No,  /","No/UH ,/,",,
sw10utt/sw_1033_2723.utt,2/sw2723,2723,71,sd^e,B,34,2,with T I. /,with/IN T/NNP I/NNP ./.,,
sw10utt/sw_1033_2723.utt,2/sw2723,2723,72,b,A,35,1,Uh-huh. /,Uh-huh/UH ./.,,
sw10utt/sw_1033_2723.utt,2/sw2723,2723,73,sd,B,36,1,"{C But } I say, I wasn't connected with G S I. /","But/CC I/PRP say/VBP ,/, I/PRP was/VBD n't/RB connected/JJ with/IN G/NNP S/NNP I/NNP ./.",,
sw10utt/sw_1033_2723.utt,2/sw2723,2723,74,b,A,37,1,"{F Oh, } right,  /","Oh/UH ,/, right/UH ,/,",,
sw10utt/sw_1033_2723.utt,2/sw2723,2723,75,b,A,37,2,yeah. /,yeah/UH ./.,,
sw10utt/sw_1033_2723.utt,2/sw2723,2723,76,sd,B,38,1,"{C And, } I got caught up in a layoff. /","And/CC ,/, I/PRP got/VBD caught/VBN up/RP in/IN a/DT layoff/NN ./.",,
sw10utt/sw_1033_2723.utt,2/sw2723,2723,77,%,A,39,1,{F Um. } /,Um/UH ./.,,
sw10utt/sw_1033_2723.utt,2/sw2723,2723,78,sd,B,40,1,"{D Now, } {F uh, } course you get six months, {F uh, } unemployment from the State -- /","Now/UH ,/, uh/UH ,/, course/IN you/PRP get/VBP six/CD months/NNS ,/, uh/UH ,/, unemployment/NN from/IN the/DT State/NNP --/:",,
sw10utt/sw_1033_2723.utt,2/sw2723,2723,79,b,A,41,1,Yeah. /,Yeah/UH ./.,,
sw10utt/sw_1033_2723.utt,2/sw2723,2723,80,sd,B,42,1,"-- {C but, } what T I did for us [ is, + is,  ] {F uh, } {A I've never heard of it before. }  They fixed us up with an office with, {F uh, } telephones, access to long-distance, {F uh, } computers, a secretary to take messages for us or type, {F uh, } letters,","--/: but/CC ,/, what/WP T/NNP I/NNP did/VBD for/IN us/PRP is/VBZ ,/, is/VBZ ,/, uh/UH ,/, I/PRP 've/VBP never/RB heard/VBN of/IN it/PRP before/RB ./. They/PRP fixed/VBD us/PRP up/RP with/IN an/DT office/NN with/IN ,/, uh/UH ,/, telephones/NNS ,/, access/NN to/IN long-distance/JJ ,/, uh/UH ,/, computers/NNS ,/, a/DT secretary/NN to/TO take/VB messages/NNS for/IN us/PRP or/CC type/NN ,/, uh/UH ,/, letters/NNS ,/,",,
sw10utt/sw_1033_2723.utt,2/sw2723,2723,81,b,A,43,1,# Right. # /,Right/UH ./.,,
sw10utt/sw_1033_2723.utt,2/sw2723,2723,82,+,B,44,1,# for # us.  /,for/IN us/PRP ./.,,
sw10utt/sw_1033_2723.utt,2/sw2723,2723,83,sd,B,44,2,"{F Uh, } they had out of town newspapers  /","Uh/UH ,/, they/PRP had/VBD out/IN of/IN town/NN newspapers/NNS",,
sw10utt/sw_1033_2723.utt,2/sw2723,2723,84,%,B,44,3,"{C and then, } -/","and/CC then/RB ,/,",,
sw10utt/sw_1033_2723.utt,2/sw2723,2723,85,^2,A,45,1,{C And } outside consultants. - /,And/CC outside/JJ consultants/NNS ./.,,
sw10utt/sw_1033_2723.utt,2/sw2723,2723,86,qy,A,45,2,"Didn't they have an outside consultant, too? /","Did/VBD n't/RB they/PRP have/VB an/DT outside/JJ consultant/NN ,/, too/RB ?/.",,
sw10utt/sw_1033_2723.utt,2/sw2723,2723,87,br,B,46,1,I beg your pardon. /,I/PRP beg/VBP your/PRP$ pardon/NN ./.,,
sw10utt/sw_1033_2723.utt,2/sw2723,2723,88,qy,A,47,1,"Did they have an outside consultant, like [ a, + <breathing>  the  ] employ-, -/","Did/VBD they/PRP have/VB an/DT outside/JJ consultant/NN ,/, like/IN a/DT ,/, the/DT employ-/XX ,/,",,
sw10utt/sw_1033_2723.utt,2/sw2723,2723,89,ny,B,48,1,"{F Uh, } yes.  /","Uh/UH ,/, yes/UH ./.",,
sw10utt/sw_1033_2723.utt,2/sw2723,2723,90,sd^e,B,48,2,"They did have, {F uh, } seminars every once in a while. /","They/PRP did/VBD have/VBP ,/, uh/UH ,/, seminars/NNS every/DT once/RB in/IN a/DT while/NN ./.",,
sw10utt/sw_1033_2723.utt,2/sw2723,2723,91,b,A,49,1,Yeah. /,Yeah/UH ./.,,
sw10utt/sw_1033_2723.utt,2/sw2723,2723,92,sd,B,50,1,"{F Uh, } course that was not, {F uh, } restricted just to just us. /","Uh/UH ,/, course/IN that/DT was/VBD not/RB ,/, uh/UH ,/, restricted/VBN just/RB to/IN just/RB us/PRP ./.",,
sw10utt/sw_1033_2723.utt,2/sw2723,2723,93,b,A,51,1,Right. /,Right/UH ./.,,
sw10utt/sw_1033_2723.utt,2/sw2723,2723,94,sd,B,52,1,"{C But } the most important thing was that, {F uh, } they had made up the difference between, {F uh, } unemployment pay and seventy-five percent of my net pay.  /","But/CC the/DT most/RBS important/JJ thing/NN was/VBD that/IN ,/, uh/UH ,/, they/PRP had/VBD made/VBN up/RP the/DT difference/NN between/IN ,/, uh/UH ,/, unemployment/NN pay/NN and/CC seventy-five/CD percent/NN of/IN my/PRP$ net/JJ pay/NN ./.",,
sw10utt/sw_1033_2723.utt,2/sw2723,2723,95,%,B,52,2,"{C And } they then, - /","And/CC they/PRP then/RB ,/,",,
sw10utt/sw_1033_2723.utt,2/sw2723,2723,96,sd,B,52,3,T I paid me that. /,T/NNP I/NNP paid/VBD me/PRP that/DT ./.,,
sw10utt/sw_1033_2723.utt,2/sw2723,2723,97,bh,A,53,1,"{F Oh, } really? /","Oh/UH ,/, really/UH ?/.",,
sw10utt/sw_1033_2723.utt,2/sw2723,2723,98,sd,B,54,1,"{C So, } {F uh, } I was able to, {F uh, } not just exist.  /","So/RB ,/, uh/UH ,/, I/PRP was/VBD able/JJ to/TO ,/, uh/UH ,/, not/RB just/RB exist/VB ./.",,
sw10utt/sw_1033_2723.utt,2/sw2723,2723,99,sd,B,54,2,"{E I mean, } [ I, + I  ] lived just as comfortably as I did before I was laid off. /","I/PRP mean/VBP ,/, I/PRP ,/, I/PRP lived/VBD just/RB as/RB comfortably/RB as/IN I/PRP did/VBD before/IN I/PRP was/VBD laid/VBN off/RP ./.",,
sw10utt/sw_1033_2723.utt,2/sw2723,2723,100,b,A,55,1,"Yeah,  /","Yeah/UH ,/,",,
sw10utt/sw_1033_2723.utt,2/sw2723,2723,101,sv,A,55,2,"they seem to be [ do-, + doing  ] a good job of that.  /","they/PRP seem/VBP to/TO be/VB do-/XX ,/, doing/VBG a/DT good/JJ job/NN of/IN that/DT ./.",,
sw10utt/sw_1033_2723.utt,2/sw2723,2723,102,sd,A,55,3,"I'm in facilities,  /","I/PRP 'm/VBP in/IN facilities/NNS ,/,",,
sw10utt/sw_1033_2723.utt,2/sw2723,2723,103,sd,A,55,4,"{C and } our organization [ built, + builds  ] those facilities over in Park Central now. /","and/CC our/PRP$ organization/NN built/VBD ,/, builds/VBZ those/DT facilities/NNS over/IN in/IN Park/NNP Central/NNP now/RB ./.",,
sw10utt/sw_1033_2723.utt,2/sw2723,2723,104,b,B,56,1,Uh-huh. /,Uh-huh/UH ./.,,
sw10utt/sw_1033_2723.utt,2/sw2723,2723,105,sd,A,57,1,{C And } I guess they've been using them for six months now.  /,And/CC I/PRP guess/VBP they/PRP 've/VBP been/VBN using/VBG them/PRP for/IN six/CD months/NNS now/RB ./.,,
sw10utt/sw_1033_2723.utt,2/sw2723,2723,106,sd,A,57,2,{C And } I've known several engineers that got laid off  /,And/CC I/PRP 've/VBP known/VBN several/JJ engineers/NNS that/WDT got/VBD laid/VBN off/RP,,
sw10utt/sw_1033_2723.utt,2/sw2723,2723,107,sd,A,57,3,"{C and } they said <breathing> it's like  getting a Ph D  almost,  /","and/CC they/PRP said/VBD it/PRP 's/BES like/IN getting/VBG a/DT Ph/NNP D/NNP almost/RB ,/,",,
sw10utt/sw_1033_2723.utt,2/sw2723,2723,108,%,A,57,4,"they, - /","they/PRP ,/,",,
sw10utt/sw_1033_2723.utt,2/sw2723,2723,109,sd,A,57,5,"the much they learn over there, {D you know, } after they've been laid off, {F uh, } - /","the/DT much/JJ they/PRP learn/VBP over/IN there/RB ,/, you/PRP know/VBP ,/, after/IN they/PRP 've/VBP been/VBN laid/VBN off/RP ,/, uh/UH ,/,",,
sw10utt/sw_1033_2723.utt,2/sw2723,2723,110,sd,A,57,6,one engineer said it was really an education.  /,one/CD engineer/NN said/VBD it/PRP was/VBD really/RB an/DT education/NN ./.,,
sw10utt/sw_1033_2723.utt,2/sw2723,2723,111,sd,A,57,7,"[ He, + he  ] just learned,  like you, - /","He/PRP ,/, he/PRP just/RB learned/VBD ,/, like/IN you/PRP ,/,",,
sw10utt/sw_1033_2723.utt,2/sw2723,2723,112,sd,A,57,8,he said he learned a tremendous amount that he never would have able to pick up on his own.  /,he/PRP said/VBD he/PRP learned/VBD a/DT tremendous/JJ amount/NN that/WDT he/PRP never/RB would/MD have/VB able/JJ to/TO pick/VB up/RP on/IN his/PRP$ own/JJ ./.,,
sw10utt/sw_1033_2723.utt,2/sw2723,2723,113,sd,A,57,9,"He was very thankful for that, too. /","He/PRP was/VBD very/RB thankful/JJ for/IN that/DT ,/, too/RB ./.",,
sw10utt/sw_1033_2723.utt,2/sw2723,2723,114,sd,B,58,1,"{D Well, } this was not a learning thing by any means.  /","Well/UH ,/, this/DT was/VBD not/RB a/DT learning/NN thing/NN by/IN any/DT means/NNS ./.",,
sw10utt/sw_1033_2723.utt,2/sw2723,2723,115,sd,B,58,2,"It was just [ a, + {F uh, }","It/PRP was/VBD just/RB a/DT ,/, uh/UH ,/,",,
sw10utt/sw_1033_2723.utt,2/sw2723,2723,116,^2,A,59,1,"# To have an office, - /","To/TO have/VB an/DT office/NN ,/,",,
sw10utt/sw_1033_2723.utt,2/sw2723,2723,117,b,A,59,2,yeah. # /,yeah/UH ./.,,
sw10utt/sw_1033_2723.utt,2/sw2723,2723,118,+,B,60,1,# an ] assistance trying to find # another job. /,an/DT assistance/NN trying/VBG to/TO find/VB another/DT job/NN ./.,,
sw10utt/sw_1033_2723.utt,2/sw2723,2723,119,b,A,61,1,Yeah.  /,Yeah/UH ./.,,
sw10utt/sw_1033_2723.utt,2/sw2723,2723,120,sd,A,61,2,"{D Well, } he said he learned so much  /","Well/UH ,/, he/PRP said/VBD he/PRP learned/VBD so/RB much/JJ",,
sw10utt/sw_1033_2723.utt,2/sw2723,2723,121,%,A,61,3,"{C and } how, - /","and/CC how/WRB ,/,",,
sw10utt/sw_1033_2723.utt,2/sw2723,2723,122,sd,A,61,4,"[ he thought, + he thought  ] he had a Ph D in how to get a job after he was,","he/PRP thought/VBD ,/, he/PRP thought/VBD he/PRP had/VBD a/DT Ph/NNP D/NNP in/IN how/WRB to/TO get/VB a/DT job/NN after/IN he/PRP was/VBD ,/,",,
sw10utt/sw_1033_2723.utt,2/sw2723,2723,123,b,B,62,1,# Oh.  # /,Oh/UH ./.,,
sw10utt/sw_1033_2723.utt,2/sw2723,2723,124,+,A,63,1,"# through # the whole process,","through/IN the/DT whole/JJ process/NN ,/,",,
sw10utt/sw_1033_2723.utt,2/sw2723,2723,125,b,B,64,1,# Uh-huh. # /,Uh-huh/UH ./.,,
sw10utt/sw_1033_2723.utt,2/sw2723,2723,126,+,A,65,1,"# [ for, # + for  ] several months.  /","for/IN ,/, for/IN several/JJ months/NNS ./.",,
sw10utt/sw_1033_2723.utt,2/sw2723,2723,127,sd,A,65,2,He did eventually get a job. /,He/PRP did/VBD eventually/RB get/VB a/DT job/NN ./.,,
sw10utt/sw_1033_2723.utt,2/sw2723,2723,128,sd,B,66,1,"{D Well, } course I went through this, {F uh, } what, about five years ago.  /","Well/UH ,/, course/IN I/PRP went/VBD through/IN this/DT ,/, uh/UH ,/, what/WP ,/, about/RB five/CD years/NNS ago/RB ./.",,
sw10utt/sw_1033_2723.utt,2/sw2723,2723,129,sd,B,66,2,They may have improved it considerably. /,They/PRP may/MD have/VB improved/VBN it/PRP considerably/RB ./.,,
sw10utt/sw_1033_2723.utt,2/sw2723,2723,130,b,A,67,1,"Yeah,  apparently.   /","Yeah/UH ,/, apparently/UH ./.",,
sw10utt/sw_1033_2723.utt,2/sw2723,2723,131,sv,A,67,2,It's very sophisticated.  /,It/PRP 's/BES very/RB sophisticated/JJ ./.,,
sw10utt/sw_1033_2723.utt,2/sw2723,2723,132,sv,A,67,3,"{C And } I guess it may be one of the best, {F uh, } that anyone's doing. /","And/CC I/PRP guess/VBP it/PRP may/MD be/VB one/CD of/IN the/DT best/JJS ,/, uh/UH ,/, that/DT anyone/NN 's/BES doing/VBG ./.",,
sw10utt/sw_1033_2723.utt,2/sw2723,2723,133,sd,B,68,1,"{D Well, } that's one of those [ little, + {F uh, } {F uh, } little  ] extras that you don't see in [ [ [ the, + {F uh, } the, ] + the, ] + the  ] handbook, {D you know. } /","Well/UH ,/, that/DT 's/BES one/CD of/IN those/DT little/JJ ,/, uh/UH ,/, uh/UH ,/, little/JJ extras/NNS that/WDT you/PRP do/VBP n't/RB see/VB in/IN the/DT ,/, uh/UH ,/, the/DT ,/, the/DT ,/, the/DT handbook/NN ,/, you/PRP know/VBP ./.",,
sw10utt/sw_1033_2723.utt,2/sw2723,2723,134,b,A,69,1,Right.  /,Right/UH ./.,,
sw10utt/sw_1033_2723.utt,2/sw2723,2723,135,ba,A,69,2,You're absolutely right.  /,You/PRP 're/VBP absolutely/RB right/JJ ./.,,
sw10utt/sw_1033_2723.utt,2/sw2723,2723,136,ba,A,69,3,That's a good one. /,That/DT 's/BES a/DT good/JJ one/CD ./.,,
sw10utt/sw_1033_2723.utt,2/sw2723,2723,137,%,B,70,1,"It, -/","It/PRP ,/,",,
sw10utt/sw_1033_2723.utt,2/sw2723,2723,138,qo,A,71,1,What do you think about pensions?  /,What/WP do/VBP you/PRP think/VB about/IN pensions/NNS ?/.,,
sw10utt/sw_1033_2723.utt,2/sw2723,2723,139,%,A,71,2,"Anything on that or, -/","Anything/NN on/IN that/DT or/CC ,/,",,
sw10utt/sw_1033_2723.utt,2/sw2723,2723,140,%,B,72,1,"{D Well, } {D now } I have, {F uh, } {F uh, } - /","Well/UH ,/, now/UH I/PRP have/VBP ,/, uh/UH ,/, uh/UH ,/,",,
sw10utt/sw_1033_2723.utt,2/sw2723,2723,141,sd,B,72,2,I'm getting close to retirement. /,I/PRP 'm/VBP getting/VBG close/RB to/IN retirement/NN ./.,,
sw10utt/sw_1033_2723.utt,2/sw2723,2723,142,b,A,73,1,Yeah. /,Yeah/UH ./.,,
sw10utt/sw_1033_2723.utt,2/sw2723,2723,143,sd,B,74,1,"{C And, } of course I've been looking into it but, {F uh, } since I'm only a yellow badger,","And/CC ,/, of/IN course/NN I/PRP 've/VBP been/VBN looking/VBG into/IN it/PRP but/CC ,/, uh/UH ,/, since/IN I/PRP 'm/VBP only/RB a/DT yellow/JJ badger/NN ,/,",,
sw10utt/sw_1033_2723.utt,2/sw2723,2723,144,b,A,75,1,# Uh-huh. # /,Uh-huh/UH ./.,,
sw10utt/sw_1033_2723.utt,2/sw2723,2723,145,+,B,76,1,"# I # won't be getting a whole heck of a lot from T I,","I/PRP wo/MD n't/RB be/VB getting/VBG a/DT whole/JJ heck/NN of/IN a/DT lot/NN from/IN T/NNP I/NNP ,/,",,
sw10utt/sw_1033_2723.utt,2/sw2723,2723,146,b,A,77,1,# Right. # /,Right/UH ./.,,
sw10utt/sw_1033_2723.utt,2/sw2723,2723,147,+,B,78,1,# as # far as retirement is concerned. /,as/RB far/RB as/IN retirement/NN is/VBZ concerned/JJ ./.,,
sw10utt/sw_1033_2723.utt,2/sw2723,2723,148,qo,A,79,1,What do you think of a pension that goes from one company to the other like  [ an account + {D like } a four O one account.  ]  /,What/WP do/VBP you/PRP think/VB of/IN a/DT pension/NN that/WDT goes/VBZ from/IN one/CD company/NN to/IN the/DT other/NN like/IN an/DT account/NN like/IN a/DT four/CD O/CD one/CD account/NN ./.,,
sw10utt/sw_1033_2723.utt,2/sw2723,2723,149,sd,A,79,2,"[ I, + I've  ] been thinking about that for years, {F uh, } /","I/PRP ,/, I/PRP 've/VBP been/VBN thinking/VBG about/IN that/DT for/IN years/NNS ,/, uh/UH ,/,",,
sw10utt/sw_1033_2723.utt,2/sw2723,2723,150,sd,B,80,1,I've never heard of such a thing. /,I/PRP 've/VBP never/RB heard/VBN of/IN such/PDT a/DT thing/NN ./.,,
sw10utt/sw_1033_2723.utt,2/sw2723,2723,151,sd,A,81,1,I know.  /,I/PRP know/VBP ./.,,
sw10utt/sw_1033_2723.utt,2/sw2723,2723,152,sd,A,81,2,"That's what I'm saying [ that, + that  ] pensions, - /","That/DT 's/BES what/WP I/PRP 'm/VBP saying/VBG that/IN ,/, that/IN pensions/NNS ,/,",,
sw10utt/sw_1033_2723.utt,2/sw2723,2723,153,sv,A,81,3,"{D you see, } just like  [ you were, + you're ] saying,  you've only got, {F uh, } so many years,  /","you/PRP see/VBP ,/, just/RB like/IN you/PRP were/VBD ,/, you/PRP 're/VBP saying/VBG ,/, you/PRP 've/VBP only/RB got/VBN ,/, uh/UH ,/, so/RB many/JJ years/NNS ,/,",,
sw10utt/sw_1033_2723.utt,2/sw2723,2723,154,sd@,A,81,4,"say you work for two, three companies, you take your pension with you after you're vested.","say/UH you/PRP work/VBP for/IN two/CD ,/, three/CD companies/NNS ,/, you/PRP take/VBP your/PRP$ pension/NN with/IN you/PRP after/IN you/PRP 're/VBP vested/VBN ./.",,
sw10utt/sw_1033_2723.utt,2/sw2723,2723,155,b,B,82,1,Uh-huh. /,Uh-huh/UH ./.,,
sw10utt/sw_1033_2723.utt,2/sw2723,2723,156,+,A,83,1,"And then just add the money together like you do with a four O one account, {D you know. } /","And/CC then/RB just/RB add/VB the/DT money/NN together/RB like/IN you/PRP do/VBP with/IN a/DT four/CD O/CD one/CD account/NN ,/, you/PRP know/VBP ./.",,
sw10utt/sw_1033_2723.utt,2/sw2723,2723,157,b,B,84,1,"{F Uh, } yeah. /","Uh/UH ,/, yeah/UH ./.",,
sw10utt/sw_1033_2723.utt,2/sw2723,2723,158,sd,A,85,1,"{F Uh, } it's your account, period.  /","Uh/UH ,/, it/PRP 's/BES your/PRP$ account/NN ,/, period/NN ./.",,
sw10utt/sw_1033_2723.utt,2/sw2723,2723,159,sd,A,85,2,It doesn't matter where you go or anything.  /,It/PRP does/VBZ n't/RB matter/VB where/WRB you/PRP go/VBP or/CC anything/NN ./.,,
sw10utt/sw_1033_2723.utt,2/sw2723,2723,160,sd,A,85,3,That's your account to roll over. /,That/DT 's/BES your/PRP$ account/NN to/TO roll/VB over/RP ./.,,
sw10utt/sw_1033_2723.utt,2/sw2723,2723,161,%,B,86,1,"I, - /","I/PRP ,/,",,
sw10utt/sw_1033_2723.utt,2/sw2723,2723,162,sd,B,86,2,"[ that, + that  ] sounds like a hell of an idea.  /","that/DT ,/, that/DT sounds/VBZ like/IN a/DT hell/NN of/IN an/DT idea/NN ./.",,
sw10utt/sw_1033_2723.utt,2/sw2723,2723,163,sd,B,86,3,I didn't know there was such a thing.  /,I/PRP did/VBD n't/RB know/VB there/EX was/VBD such/PDT a/DT thing/NN ./.,,
sw10utt/sw_1033_2723.utt,2/sw2723,2723,164,ar,A,87,1,"No,  /","No/UH ,/,",,
sw10utt/sw_1033_2723.utt,2/sw2723,2723,165,ar^r,A,87,2,no  /,no/UH,,
sw10utt/sw_1033_2723.utt,2/sw2723,2723,166,sd,A,87,3,there isn't.  /,there/EX is/VBZ n't/RB ./.,,
sw10utt/sw_1033_2723.utt,2/sw2723,2723,167,sd^t,A,87,4,"[ I, + I'm  ] saying that's the question.  /","I/PRP ,/, I/PRP 'm/VBP saying/VBG that/DT 's/BES the/DT question/NN ./.",,
sw10utt/sw_1033_2723.utt,2/sw2723,2723,168,^q,A,87,5,What do you think could be better  /,What/WP do/VBP you/PRP think/VB could/MD be/VB better/JJR,,
sw10utt/sw_1033_2723.utt,2/sw2723,2723,169,sv,A,87,6,"{C and } I'm saying that pensions, say in the year two thousand or  more when social security goes away, which it probably will, - /","and/CC I/PRP 'm/VBP saying/VBG that/IN pensions/NNS ,/, say/UH in/IN the/DT year/NN two/CD thousand/CD or/CC more/JJR when/WRB social/JJ security/NN goes/VBZ away/RB ,/, which/WDT it/PRP probably/RB will/MD ,/,",,
sw10utt/sw_1033_2723.utt,2/sw2723,2723,170,sv,A,87,7,I think they ought to have a pension at least that you'd never lose.  /,I/PRP think/VB they/PRP ought/MD to/TO have/VB a/DT pension/NN at/IN least/JJS that/WDT you/PRP 'd/MD never/RB lose/VB ./.,,
sw10utt/sw_1033_2723.utt,2/sw2723,2723,171,sd,A,87,8,"{C So } you work for a company seven years, -/","So/RB you/PRP work/VBP for/IN a/DT company/NN seven/CD years/NNS ,/,",,
sw10utt/sw_1033_2723.utt,2/sw2723,2723,172,b,B,88,1,"Yes,  /","Yes/UH ,/,",,
sw10utt/sw_1033_2723.utt,2/sw2723,2723,173,ba,B,88,2,by all means.  /,by/IN all/DT means/VBZ ./.,,
sw10utt/sw_1033_2723.utt,2/sw2723,2723,174,qw,B,88,3,"{D Well, } what would be the difference between that and  social security? /","Well/UH ,/, what/WP would/MD be/VB the/DT difference/NN between/IN that/DT and/CC social/JJ security/NN ?/.",,
sw10utt/sw_1033_2723.utt,2/sw2723,2723,175,sv,A,89,1,"{F Uh, } {D well } social security's going to go to way, I think  /","Uh/UH ,/, well/UH social/JJ security/NN 's/BES going/VBG to/TO go/VB to/IN way/NN ,/, I/PRP think/VBP",,
sw10utt/sw_1033_2723.utt,2/sw2723,2723,176,sd,A,89,2,"{C and }  [ you can, + {E or } you can  ] invest your own money.  /","and/CC you/PRP can/MD ,/, or/CC you/PRP can/MD invest/VB your/PRP$ own/JJ money/NN ./.",,
sw10utt/sw_1033_2723.utt,2/sw2723,2723,177,sv,A,89,3,You have no control over your social security.  /,You/PRP have/VBP no/DT control/NN over/IN your/PRP$ social/JJ security/NN ./.,,
sw10utt/sw_1033_2723.utt,2/sw2723,2723,178,sv,A,89,4,"{C And } it's not paid for by the current,  /","And/CC it/PRP 's/BES not/RB paid/VBN for/IN by/IN the/DT current/NN ,/,",,
sw10utt/sw_1033_2723.utt,2/sw2723,2723,179,%,A,89,5,"{D like } when, - /","like/IN when/WRB ,/,",,
sw10utt/sw_1033_2723.utt,2/sw2723,2723,180,sv,A,89,6,"say we retire after the year two thousand, social security's paid for by the twenty-five year olds.  /","say/UH we/PRP retire/VBP after/IN the/DT year/NN two/CD thousand/CD ,/, social/JJ security/NN 's/BES paid/VBN for/IN by/IN the/DT twenty-five/CD year/NN olds/NNS ./.",,
sw10utt/sw_1033_2723.utt,2/sw2723,2723,181,sv@,A,89,7,"{D You know, } they may rebel and you won't have any social security.  Where,  if your money was in your account, {E I mean, } you can never lose it,  /","You/PRP know/VBP ,/, they/PRP may/MD rebel/VB and/CC you/PRP wo/MD n't/RB have/VB any/DT social/JJ security/NN ./. Where/WRB ,/, if/IN your/PRP$ money/NN was/VBD in/IN your/PRP$ account/NN ,/, I/PRP mean/VBP ,/, you/PRP can/MD never/RB lose/VB it/PRP ,/,",,
sw10utt/sw_1033_2723.utt,2/sw2723,2723,182,sv,A,89,8,it's there. /,it/PRP 's/BES there/RB ./.,,
sw10utt/sw_1033_2723.utt,2/sw2723,2723,183,b,B,90,1,"Yeah,  /","Yeah/UH ,/,",,
sw10utt/sw_1033_2723.utt,2/sw2723,2723,184,b^r,B,90,2,yeah. /,yeah/UH ./.,,
sw10utt/sw_1033_2723.utt,2/sw2723,2723,185,sv,A,91,1,"You don't have to depend on anybody to be putting that money in for you, {D you know. }   /","You/PRP do/VBP n't/RB have/VB to/TO depend/VB on/IN anybody/NN to/TO be/VB putting/VBG that/DT money/NN in/IN for/IN you/PRP ,/, you/PRP know/VBP ./.",,
sw10utt/sw_1033_2723.utt,2/sw2723,2723,186,sd,A,91,2,That's just a thought.  /,That/DT 's/BES just/RB a/DT thought/VBD ./.,,
sw10utt/sw_1033_2723.utt,2/sw2723,2723,187,%,A,91,3,"{E I mean, } I, -/","I/PRP mean/VBP ,/, I/PRP ,/,",,
sw10utt/sw_1033_2723.utt,2/sw2723,2723,188,b,B,92,1,# Uh-huh. # /,Uh-huh/UH ./.,,
sw10utt/sw_1033_2723.utt,2/sw2723,2723,189,%,A,93,1,"# if # they say which, -/","if/IN they/PRP say/VBP which/WDT ,/,",,
sw10utt/sw_1033_2723.utt,2/sw2723,2723,190,aa,B,94,1,"No,  /","No/UH ,/,",,
sw10utt/sw_1033_2723.utt,2/sw2723,2723,191,sd,B,94,2,"[ I, + I  ] like the idea. /","I/PRP ,/, I/PRP like/VBP the/DT idea/NN ./.",,
sw10utt/sw_1033_2723.utt,2/sw2723,2723,192,b,A,95,1,Yeah. /,Yeah/UH ./.,,
sw10utt/sw_1033_2723.utt,2/sw2723,2723,193,sd,B,96,1,"Course, [ that's, + that's,  ] [ some-, + something ] like an I R A /","Course/IN ,/, that/DT 's/BES ,/, that/DT 's/BES ,/, some-/NN ,/, something/NN like/IN an/DT I/NN R/NN A/NN ./.",,
sw10utt/sw_1033_2723.utt,2/sw2723,2723,194,aa,A,97,1,"Yeah,  /","Yeah/UH ,/,",,
sw10utt/sw_1033_2723.utt,2/sw2723,2723,195,sv,A,97,2,"{C and } instead of having [ a, + a  ] socialized pension, it just would be really money that you and your company, - /","and/CC instead/IN of/IN having/VBG a/DT ,/, a/DT socialized/VBN pension/NN ,/, it/PRP just/RB would/MD be/VB really/RB money/NN that/WDT you/PRP and/CC your/PRP$ company/NN ,/,",,
sw10utt/sw_1033_2723.utt,2/sw2723,2723,196,sv,A,97,3,"maybe you had to put some money in it, too,  /","maybe/RB you/PRP had/VBD to/TO put/VB some/DT money/NN in/IN it/PRP ,/, too/RB ,/,",,
sw10utt/sw_1033_2723.utt,2/sw2723,2723,197,h,A,97,4,I don't really know.  /,I/PRP do/VBP n't/RB really/RB know/VB ./.,,
sw10utt/sw_1033_2723.utt,2/sw2723,2723,198,sv,A,97,5,"{C But } [ I, +","But/CC I/PRP ,/,",,
sw10utt/sw_1033_2723.utt,2/sw2723,2723,199,b,B,98,1,# Uh-huh. # /,Uh-huh/UH ./.,,
sw10utt/sw_1033_2723.utt,2/sw2723,2723,200,+,A,99,1,"# I ] # can see where they'd need to do something on that because the statistics are, - /","I/PRP can/MD see/VB where/WRB they/PRP 'd/MD need/VB to/TO do/VB something/NN on/IN that/DT because/IN the/DT statistics/NNS are/VBP ,/,",,
sw10utt/sw_1033_2723.utt,2/sw2723,2723,201,sv,A,99,2,"you don't work for a company twenty years through no fault of your own, {D you know. }  /","you/PRP do/VBP n't/RB work/VB for/IN a/DT company/NN twenty/CD years/NNS through/IN no/DT fault/NN of/IN your/PRP$ own/JJ ,/, you/PRP know/VBP ./.",,
sw10utt/sw_1033_2723.utt,2/sw2723,2723,202,sv,A,99,3,"You work for five, six, seven,  /","You/PRP work/VBP for/IN five/CD ,/, six/CD ,/, seven/CD ,/,",,
sw10utt/sw_1033_2723.utt,2/sw2723,2723,203,%,A,99,4,"{C and } [ y-, + y-,  ] - /","and/CC y-/XX ,/, y-/XX ,/,",,
sw10utt/sw_1033_2723.utt,2/sw2723,2723,204,sd,A,99,5,"a lot of people I know, guys, -/","a/DT lot/NN of/IN people/NNS I/PRP know/VBP ,/, guys/NNS ,/,",,
sw10utt/sw_1033_2723.utt,2/sw2723,2723,205,b,B,100,1,"Yeah,  /","Yeah/UH ,/,",,
sw10utt/sw_1033_2723.utt,2/sw2723,2723,206,sd,B,100,2,"[ that, + that's  ] what I've done.  /","that/DT ,/, that/DT 's/BES what/WP I/PRP 've/VBP done/VBN ./.",,
sw10utt/sw_1033_2723.utt,2/sw2723,2723,207,sd,B,100,3,"[ I, + I've  ] bounced around.  /","I/PRP ,/, I/PRP 've/VBP bounced/VBN around/RB ./.",,
sw10utt/sw_1033_2723.utt,2/sw2723,2723,208,sd,B,100,4,"About every ten years,","About/RB every/DT ten/CD years/NNS ,/,",,
sw10utt/sw_1033_2723.utt,2/sw2723,2723,209,b,A,101,1,# Yeah. # /,Yeah/UH ./.,,
sw10utt/sw_1033_2723.utt,2/sw2723,2723,210,+,B,102,1,# I # change. /,I/PRP change/VBP ./.,,
sw10utt/sw_1033_2723.utt,2/sw2723,2723,211,sd,A,103,1,"I have, too,  /","I/PRP have/VBP ,/, too/RB ,/,",,
sw10utt/sw_1033_2723.utt,2/sw2723,2723,212,sd,A,103,2,"{C but } [ not, + not  ] quite that often - /","but/CC not/RB ,/, not/RB quite/RB that/RB often/RB",,
sw10utt/sw_1033_2723.utt,2/sw2723,2723,213,%,A,103,3,"{C but, } {F uh, } yeah,  /","but/CC ,/, uh/UH ,/, yeah/UH ,/,",,
sw10utt/sw_1033_2723.utt,2/sw2723,2723,214,sd,A,103,4,"[ I've only got, + {F uh, } I've got,  ] I guess fourteen now here at T I,  /","I/PRP 've/VBP only/RB got/VBN ,/, uh/UH ,/, I/PRP 've/VBP got/VBN ,/, I/PRP guess/VBP fourteen/CD now/RB here/RB at/IN T/NNP I/NNP ,/,",,
sw10utt/sw_1033_2723.utt,2/sw2723,2723,215,sd,A,103,5,{C and } I hope to make twenty-five which - /,and/CC I/PRP hope/VBP to/TO make/VB twenty-five/CD which/WDT,,
sw10utt/sw_1033_2723.utt,2/sw2723,2723,216,sd,A,103,6,"say if something happened to me,  /","say/UH if/IN something/NN happened/VBD to/IN me/PRP ,/,",,
sw10utt/sw_1033_2723.utt,2/sw2723,2723,217,sd,A,103,7,"{E I mean, } {D you know, } they lay me off,  /","I/PRP mean/VBP ,/, you/PRP know/VBP ,/, they/PRP lay/VBD me/PRP off/RP ,/,",,
sw10utt/sw_1033_2723.utt,2/sw2723,2723,218,sd,A,103,8,"{C so, } you have a pension  /","so/RB ,/, you/PRP have/VBP a/DT pension/NN",,
sw10utt/sw_1033_2723.utt,2/sw2723,2723,219,sd,A,103,9,{C but } then you'd have to try to get a pension in another one.  /,but/CC then/RB you/PRP 'd/MD have/VB to/TO try/VB to/TO get/VB a/DT pension/NN in/IN another/DT one/CD ./.,,
sw10utt/sw_1033_2723.utt,2/sw2723,2723,220,sv,A,103,10,It would be nice if they could get them together. /,It/PRP would/MD be/VB nice/JJ if/IN they/PRP could/MD get/VB them/PRP together/RB ./.,,
sw10utt/sw_1033_2723.utt,2/sw2723,2723,221,b,B,104,1,Uh-huh. /,Uh-huh/UH ./.,,
sw10utt/sw_1033_2723.utt,2/sw2723,2723,222,sd,A,105,1,"I do worry about medical, though.  /","I/PRP do/VBP worry/VB about/IN medical/JJ ,/, though/RB ./.",,
sw10utt/sw_1033_2723.utt,2/sw2723,2723,223,sd,A,105,2,"Again, knock wood that, {F uh, } I haven't used it.  /","Again/RB ,/, knock/VB wood/NN that/IN ,/, uh/UH ,/, I/PRP have/VBP n't/RB used/VBN it/PRP ./.",,
sw10utt/sw_1033_2723.utt,2/sw2723,2723,224,sv,A,105,3,"I guess you, - /","I/PRP guess/VBP you/PRP ,/,",,
sw10utt/sw_1033_2723.utt,2/sw2723,2723,225,o,A,105,4,"I'm sorry,  /","I/PRP 'm/VBP sorry/JJ ,/,",,
sw10utt/sw_1033_2723.utt,2/sw2723,2723,226,sv,A,105,5,"you really do use it throughout the year,  because you get your teeth fixed and all that,  /","you/PRP really/RB do/VBP use/VB it/PRP throughout/IN the/DT year/NN ,/, because/IN you/PRP get/VBP your/PRP$ teeth/NNS fixed/VBN and/CC all/DT that/DT ,/,",,
sw10utt/sw_1033_2723.utt,2/sw2723,2723,227,%,A,105,6,"{E I mean, } I, - /","I/PRP mean/VBP ,/, I/PRP ,/,",,
sw10utt/sw_1033_2723.utt,2/sw2723,2723,228,%,A,105,7,"{C but } I'm not, - /","but/CC I/PRP 'm/VBP not/RB ,/,",,
sw10utt/sw_1033_2723.utt,2/sw2723,2723,229,sd,A,105,8,I'm talking about major items  /,I/PRP 'm/VBP talking/VBG about/IN major/JJ items/NNS,,
sw10utt/sw_1033_2723.utt,2/sw2723,2723,230,sd,A,105,9,I haven't used it for anything major. /,I/PRP have/VBP n't/RB used/VBN it/PRP for/IN anything/NN major/JJ ./.,,
sw10utt/sw_1033_2723.utt,2/sw2723,2723,231,b,B,106,1,Uh-huh. /,Uh-huh/UH ./.,,
sw10utt/sw_1033_2723.utt,2/sw2723,2723,232,sd,A,107,1,"I'm glad it's there, though. /","I/PRP 'm/VBP glad/JJ it/PRP 's/BES there/RB ,/, though/RB ./.",,
sw10utt/sw_1033_2723.utt,2/sw2723,2723,233,sd,B,108,1,"{D Well, } knock wood,  /","Well/UH ,/, knock/VB wood/NN ,/,",,
sw10utt/sw_1033_2723.utt,2/sw2723,2723,234,sd,B,108,2,I haven't used mine for anything major.  Just doctor visits  /,I/PRP have/VBP n't/RB used/VBN mine/PRP for/IN anything/NN major/JJ ./. Just/JJ doctor/NN visits/NNS,,
sw10utt/sw_1033_2723.utt,2/sw2723,2723,235,sd,B,108,3,"{C and, }  {D well, } [ I, + I  ] have [ the, + {F uh, } the  ] H O M A.  /","and/CC ,/, well/UH ,/, I/PRP ,/, I/PRP have/VBP the/DT ,/, uh/UH ,/, the/DT H/NNP O/NNP M/NNP A/NNP ./.",,
sw10utt/sw_1033_2723.utt,2/sw2723,2723,236,sd,B,108,4,I use H O M A. /,I/PRP use/VBP H/NNP O/NNP M/NNP A/NNP ./.,,
sw10utt/sw_1033_2723.utt,2/sw2723,2723,237,b,A,109,1,Yeah. /,Yeah/UH ./.,,
sw10utt/sw_1033_2723.utt,2/sw2723,2723,238,sd,B,110,1,"{C And } I like that, {F uh, } a lot better than AETNA /","And/CC I/PRP like/VBP that/DT ,/, uh/UH ,/, a/DT lot/NN better/JJR than/IN AETNA/NNP ./.",,
sw10utt/sw_1033_2723.utt,2/sw2723,2723,239,sd,A,111,1,I have the regular.  /,I/PRP have/VBP the/DT regular/JJ ./.,,
sw10utt/sw_1033_2723.utt,2/sw2723,2723,240,%,A,111,2,"[ I, + again, I  ] just, - /","I/PRP ,/, again/RB ,/, I/PRP just/RB ,/,",,
sw10utt/sw_1033_2723.utt,2/sw2723,2723,241,%,A,111,3,"I haven't, - /","I/PRP have/VBP n't/RB ,/,",,
sw10utt/sw_1033_2723.utt,2/sw2723,2723,242,sd,A,111,4,I can't complain about it because I haven't used it  /,I/PRP ca/MD n't/RB complain/VB about/IN it/PRP because/IN I/PRP have/VBP n't/RB used/VBN it/PRP,,
sw10utt/sw_1033_2723.utt,2/sw2723,2723,243,sd,A,111,5,"{C and } every time I needed  [ [ it, + it, ] + it, ]  it's,  {F uh, }  {D you know, }","and/CC every/DT time/NN I/PRP needed/VBD it/PRP ,/, it/PRP ,/, it/PRP ,/, it/PRP 's/HVS ,/, uh/UH ,/, you/PRP know/VBP ,/,",,
sw10utt/sw_1033_2723.utt,2/sw2723,2723,244,b,B,112,1,# Uh-huh. # /,Uh-huh/UH ./.,,
sw10utt/sw_1033_2723.utt,2/sw2723,2723,245,+,A,113,1,"# fallen # right in line for [ the, + the,  ] minor things  /","fallen/VBN right/RB in/IN line/NN for/IN the/DT ,/, the/DT ,/, minor/JJ things/NNS",,
sw10utt/sw_1033_2723.utt,2/sw2723,2723,246,sd,A,113,2,I guess I'm the one just supporting most of the others. /,I/PRP guess/VBP I/PRP 'm/VBP the/DT one/CD just/RB supporting/VBG most/JJS of/IN the/DT others/NNS ./.,,
sw10utt/sw_1033_2723.utt,2/sw2723,2723,247,qy,B,114,1,"{D Well, } doesn't it work,  you don't see, {F uh, } {F uh, } anything until you spend the minimum? /","Well/UH ,/, does/VBZ n't/RB it/PRP work/VB ,/, you/PRP do/VBP n't/RB see/VB ,/, uh/UH ,/, uh/UH ,/, anything/NN until/IN you/PRP spend/VBP the/DT minimum/NN ?/.",,
sw10utt/sw_1033_2723.utt,2/sw2723,2723,248,%,A,115,1,"{F Uh, } /","Uh/UH ,/,",,
sw10utt/sw_1033_2723.utt,2/sw2723,2723,249,qy,B,116,1,"Don't you have to spend the minimum of two, three hundred? /","Do/VBP n't/RB you/PRP have/VB to/TO spend/VB the/DT minimum/NN of/IN two/CD ,/, three/CD hundred/CD ?/.",,
sw10utt/sw_1033_2723.utt,2/sw2723,2723,250,ny,A,117,1,"yeah,  /","yeah/UH ,/,",,
sw10utt/sw_1033_2723.utt,2/sw2723,2723,251,ny^r,A,117,2,"yeah,  /","yeah/UH ,/,",,
sw10utt/sw_1033_2723.utt,2/sw2723,2723,252,sd^e,A,117,3,I think it's two seventy-five for a family  /,I/PRP think/VBP it/PRP 's/BES two/CD seventy-five/CD for/IN a/DT family/NN,,
sw10utt/sw_1033_2723.utt,2/sw2723,2723,253,sd,A,117,4,"{C but } the dental is right away,","but/CC the/DT dental/NN is/VBZ right/RB away/RB ,/,",,
sw10utt/sw_1033_2723.utt,2/sw2723,2723,254,b,B,118,1,# Yeah. # /,Yeah/UH ./.,,
sw10utt/sw_1033_2723.utt,2/sw2723,2723,255,+,A,119,1,"# if # you, - /","if/IN you/PRP ,/,",,
sw10utt/sw_1033_2723.utt,2/sw2723,2723,256,%,A,119,2,"exams.  {F Uh, } -/","exams/NNS ./. Uh/UH ,/,",,
sw10utt/sw_1033_2723.utt,2/sw2723,2723,257,sd,B,120,1,"{D Well } {D now, } I have the same dental you have. /","Well/UH now/UH ,/, I/PRP have/VBP the/DT same/JJ dental/JJ you/PRP have/VBP ./.",,
sw10utt/sw_1033_2723.utt,2/sw2723,2723,258,b,A,121,1,Okay.  /,Okay/UH ./.,,
sw10utt/sw_1033_2723.utt,2/sw2723,2723,259,b,A,121,2,"Yeah,  /","Yeah/UH ,/,",,
sw10utt/sw_1033_2723.utt,2/sw2723,2723,260,sd,A,121,3,the medical you have to have a deductible. /,the/DT medical/JJ you/PRP have/VBP to/TO have/VB a/DT deductible/JJ ./.,,
sw10utt/sw_1033_2723.utt,2/sw2723,2723,261,b,B,122,1,Uh-huh.  /,Uh-huh/UH ./.,,
sw10utt/sw_1033_2723.utt,2/sw2723,2723,262,sd,B,122,2,"{D Now, } {D see } I don't have a deductible. /","Now/UH ,/, see/UH I/PRP do/VB n't/RB have/VB a/DT deductible/JJ ./.",,
sw10utt/sw_1033_2723.utt,2/sw2723,2723,263,b,A,123,1,"Yeah,  /","Yeah/UH ,/,",,
sw10utt/sw_1033_2723.utt,2/sw2723,2723,264,b,A,123,2,right. /,right/UH ./.,,
sw10utt/sw_1033_2723.utt,2/sw2723,2723,265,sd,B,124,1,"I pay a straight five dollars for anything, a doctor visit or drugs <breathing>. /","I/PRP pay/VBP a/DT straight/JJ five/CD dollars/NNS for/IN anything/NN ,/, a/DT doctor/NN visit/NN or/CC drugs/NNS ./.",,
sw10utt/sw_1033_2723.utt,2/sw2723,2723,266,sd,A,125,1,"{D Well, } drugs are okay,  /","Well/UH ,/, drugs/NNS are/VBP okay/JJ ,/,",,
sw10utt/sw_1033_2723.utt,2/sw2723,2723,267,sd,A,125,2,"{D now, } I'm on that, {F uh, } plan, where I take blood pressure medicine.  /","now/UH ,/, I/PRP 'm/VBP on/IN that/DT ,/, uh/UH ,/, plan/NN ,/, where/WRB I/PRP take/VBP blood/NN pressure/NN medicine/NN ./.",,
sw10utt/sw_1033_2723.utt,2/sw2723,2723,268,sd,A,125,3,"If you take an allergy medicine, [ so, + ] anything you need a prescription for, for more than six months, you get it for, used to be six bucks,  /","If/IN you/PRP take/VBP an/DT allergy/NN medicine/NN ,/, so/RB ,/, anything/NN you/PRP need/VBP a/DT prescription/NN for/IN ,/, for/IN more/JJR than/IN six/CD months/NNS ,/, you/PRP get/VBP it/PRP for/IN ,/, used/VBD to/TO be/VB six/CD bucks/NNS ,/,",,
sw10utt/sw_1033_2723.utt,2/sw2723,2723,269,sd,A,125,4,they just raised it to twelve. /,they/PRP just/RB raised/VBD it/PRP to/IN twelve/CD ./.,,
sw10utt/sw_1033_2723.utt,2/sw2723,2723,270,sd,B,126,1,"{F Oh, } that one I haven't heard about. /","Oh/UH ,/, that/DT one/CD I/PRP have/VBP n't/RB heard/VBN about/IN ./.",,
sw10utt/sw_1033_2723.utt,2/sw2723,2723,271,b,A,127,1,"Yeah,  /","Yeah/UH ,/,",,
sw10utt/sw_1033_2723.utt,2/sw2723,2723,272,sd,A,127,2,"[ that's a typical, + that's a typical  ] one that's in there.  /","that/DT 's/BES a/DT typical/JJ ,/, that/DT 's/BES a/DT typical/JJ one/CD that/WDT 's/BES in/IN there/RB ./.",,
sw10utt/sw_1033_2723.utt,2/sw2723,2723,273,sd,A,127,3,The forms are right in personnel. /,The/DT forms/NNS are/VBP right/RB in/IN personnel/NN ./.,,
sw10utt/sw_1033_2723.utt,2/sw2723,2723,274,b,B,128,1,Uh-huh. /,Uh-huh/UH ./.,,
sw10utt/sw_1033_2723.utt,2/sw2723,2723,275,sd,A,129,1,"Fact, you may be able to [ take care, +  take advantage  ] of that.  /","Fact/NN ,/, you/PRP may/MD be/VB able/JJ to/TO take/VB care/NN ,/, take/VB advantage/NN of/IN that/DT ./.",,
sw10utt/sw_1033_2723.utt,2/sw2723,2723,276,sd,A,129,2,"It's through Baxter Labs.  {F Uh, } /","It/PRP 's/BES through/IN Baxter/NNP Labs/NNPS ./. Uh/UH ,/,",,
sw10utt/sw_1033_2723.utt,2/sw2723,2723,277,b,B,130,1,"Yeah,  /","Yeah/UH ,/,",,
sw10utt/sw_1033_2723.utt,2/sw2723,2723,278,sd,B,130,2,I have high blood pressure problems myself. /,I/PRP have/VBP high/JJ blood/NN pressure/NN problems/NNS myself/PRP ./.,,
sw10utt/sw_1033_2723.utt,2/sw2723,2723,279,sv,A,131,1,Maybe you still can do that.  /,Maybe/RB you/PRP still/RB can/MD do/VB that/DT ./.,,
sw10utt/sw_1033_2723.utt,2/sw2723,2723,280,qy,A,131,2,"[ Do  you, + do you  ] buy your pills one at a time? /","Do/VBP you/PRP ,/, do/VBP you/PRP buy/VB your/PRP$ pills/NNS one/CD at/IN a/DT time/NN ?/.",,
sw10utt/sw_1033_2723.utt,2/sw2723,2723,281,ny,B,132,1,"Yeah,  /","Yeah/UH ,/,",,
sw10utt/sw_1033_2723.utt,2/sw2723,2723,282,sd^e,B,132,2,thirty days at a time. /,thirty/CD days/NNS at/IN a/DT time/NN ./.,,
sw10utt/sw_1033_2723.utt,2/sw2723,2723,283,sd,A,133,1,"{D Well, } [ tur-, + turn  ] in your forms.  /","Well/UH ,/, tur/VB ,/, turn/VB in/IN your/PRP$ forms/NNS ./.",,
sw10utt/sw_1033_2723.utt,2/sw2723,2723,284,ad,A,133,2,Go right to personnel.  /,Go/VB right/RB to/IN personnel/NN ./.,,
sw10utt/sw_1033_2723.utt,2/sw2723,2723,285,sd,A,133,3,I don't know whether you have to about an H M O.  /,I/PRP do/VBP n't/RB know/VB whether/IN you/PRP have/VBP to/TO about/IN an/DT H/NNP M/NNP O/NNP ./.,,
sw10utt/sw_1033_2723.utt,2/sw2723,2723,286,sd,A,133,4,I don't think so.  /,I/PRP do/VBP n't/RB think/VB so/RB ./.,,
sw10utt/sw_1033_2723.utt,2/sw2723,2723,287,%,A,133,5,"You turn, - /","You/PRP turn/VBP ,/,",,
sw10utt/sw_1033_2723.utt,2/sw2723,2723,288,sd,A,133,6,you get your doctor to give you a more than six months prescription  /,you/PRP get/VBP your/PRP$ doctor/NN to/TO give/VB you/PRP a/DT more/JJR than/IN six/CD months/NNS prescription/NN,,
sw10utt/sw_1033_2723.utt,2/sw2723,2723,289,sd,A,133,7,"{C and, } {F uh, } they're twelve dollars,  /","and/CC ,/, uh/UH ,/, they/PRP 're/VBP twelve/CD dollars/NNS ,/,",,
sw10utt/sw_1033_2723.utt,2/sw2723,2723,290,sd,A,133,8,"again, they just were six,  /","again/RB ,/, they/PRP just/RB were/VBD six/CD ,/,",,
sw10utt/sw_1033_2723.utt,2/sw2723,2723,291,sd,A,133,9,they just raised them to twelve this year.  Twelve dollars for a three months supply.,they/PRP just/RB raised/VBD them/PRP to/IN twelve/CD this/DT year/NN ./. Twelve/CD dollars/NNS for/IN a/DT three/CD months/NNS supply/NN ./.,,
sw10utt/sw_1033_2723.utt,2/sw2723,2723,292,%,B,134,1,{F Um. } /,Um/UH ./.,,
sw10utt/sw_1033_2723.utt,2/sw2723,2723,293,+,A,135,1,"Or [ whatever, + whatever ] [ the, + the  ] amount is, {F uh. }  /","Or/CC whatever/WDT ,/, whatever/WDT the/DT ,/, the/DT amount/NN is/VBZ ,/, uh/UH ./.",,
sw10utt/sw_1033_2723.utt,2/sw2723,2723,294,sd,A,135,2,"I don't want to say three months,  /","I/PRP do/VBP n't/RB want/VB to/TO say/VB three/CD months/NNS ,/,",,
sw10utt/sw_1033_2723.utt,2/sw2723,2723,295,sv,A,135,3,{C but } --,but/CC --/:,,
sw10utt/sw_1033_2723.utt,2/sw2723,2723,296,b,B,136,1,Uh-huh. /,Uh-huh/UH ./.,,
sw10utt/sw_1033_2723.utt,2/sw2723,2723,297,+,A,137,1,"-- it's a lot cheaper,  /","--/: it/PRP 's/BES a/DT lot/NN cheaper/JJR ,/,",,
sw10utt/sw_1033_2723.utt,2/sw2723,2723,298,sd,A,137,2,"allergy medicine's really, {F uh, } expensive  /","allergy/NN medicine/NN 's/BES really/RB ,/, uh/UH ,/, expensive/JJ",,
sw10utt/sw_1033_2723.utt,2/sw2723,2723,299,sd,A,137,3,{C and } that blood pressure medicine is fairly expensive.  /,and/CC that/DT blood/NN pressure/NN medicine/NN is/VBZ fairly/RB expensive/JJ ./.,,
sw10utt/sw_1033_2723.utt,2/sw2723,2723,300,sd,A,137,4,I take two. /,I/PRP take/VBP two/CD ./.,,
sw10utt/sw_1033_2723.utt,2/sw2723,2723,301,b,B,138,1,Uh-huh. /,Uh-huh/UH ./.,,
sw10utt/sw_1033_2723.utt,2/sw2723,2723,302,ad,A,139,1,Go right to personnel.  /,Go/VB right/RB to/IN personnel/NN ./.,,
sw10utt/sw_1033_2723.utt,2/sw2723,2723,303,ad,A,139,2,They got the forms in personnel  /,They/PRP got/VBD the/DT forms/NNS in/IN personnel/NN,,
sw10utt/sw_1033_2723.utt,2/sw2723,2723,304,sd,A,139,3,"{C and } [ maybe, +","and/CC maybe/RB ,/,",,
sw10utt/sw_1033_2723.utt,2/sw2723,2723,305,b,B,140,1,"# Yeah,  /","Yeah/UH ,/,",,
sw10utt/sw_1033_2723.utt,2/sw2723,2723,306,ba,B,140,2,great.  # /,great/UH ./.,,
sw10utt/sw_1033_2723.utt,2/sw2723,2723,307,+,A,141,1,# maybe  ] I'll # tell you [ go + ] something you didn't know about in benefits <laughter>. /,maybe/RB I/PRP 'll/MD tell/VB you/PRP go/VB something/NN you/PRP did/VBD n't/RB know/VB about/IN in/IN benefits/NNS ./.,,
sw10utt/sw_1033_2723.utt,2/sw2723,2723,308,b,B,142,1,"Yeah,  /","Yeah/UH ,/,",,
sw10utt/sw_1033_2723.utt,2/sw2723,2723,309,sd,B,142,2,I just might do that. /,I/PRP just/RB might/MD do/VB that/DT ./.,,
sw10utt/sw_1033_2723.utt,2/sw2723,2723,310,sd,A,143,1,"I do it,  /","I/PRP do/VBP it/PRP ,/,",,
sw10utt/sw_1033_2723.utt,2/sw2723,2723,311,aa,A,143,2,"yeah,  /","yeah/UH ,/,",,
sw10utt/sw_1033_2723.utt,2/sw2723,2723,312,sv,A,143,3,"{D you know, } it's a very common thing. /","you/PRP know/VBP ,/, it/PRP 's/BES a/DT very/RB common/JJ thing/NN ./.",,
sw10utt/sw_1033_2723.utt,2/sw2723,2723,313,ft,B,144,1,"{D Well } thanks, /","Well/UH thanks/UH ,/,",,
sw10utt/sw_1033_2723.utt,2/sw2723,2723,314,sd,A,145,1,"# It's through Baxter Labs,  /","It/PRP 's/BES through/IN Baxter/NNP Labs/NNPS ,/,",,
sw10utt/sw_1033_2723.utt,2/sw2723,2723,315,%,A,145,2,"tell, # -/","tell/VB ,/,",,
sw10utt/sw_1033_2723.utt,2/sw2723,2723,316,ft,B,146,1,"# thanks for the tip, Jim.  # /","thanks/NNS for/IN the/DT tip/NN ,/, Jim/NNP ./.",,
sw10utt/sw_1033_2723.utt,2/sw2723,2723,317,fw,A,147,1,Yeah. /,Yeah/UH ./.,,
sw10utt/sw_1033_2723.utt,2/sw2723,2723,318,sd,B,148,1,I shall look into it. /,I/PRP shall/MD look/VB into/IN it/PRP ./.,,
sw10utt/sw_1033_2723.utt,2/sw2723,2723,319,b,A,149,1,Yeah.  /,Yeah/UH ./.,,
sw10utt/sw_1033_2723.utt,2/sw2723,2723,320,^h,A,149,2,What else.  /,What/WP else/RB ./.,,
sw10utt/sw_1033_2723.utt,2/sw2723,2723,321,sv^t,A,149,3,"I'm sure we're getting close to our five minutes whatever, here. /","I/PRP 'm/VBP sure/JJ we/PRP 're/VBP getting/VBG close/RB to/IN our/PRP$ five/CD minutes/NNS whatever/WDT ,/, here/RB ./.",,
sw10utt/sw_1033_2723.utt,2/sw2723,2723,322,aa,B,150,1,Yeah  /,Yeah/UH,,
sw10utt/sw_1033_2723.utt,2/sw2723,2723,323,^h,B,150,2,"<laughter>.  {F Uh, } let's see,  /","./. Uh/UH ,/, let/VB 's/PRP see/VB ,/,",,
sw10utt/sw_1033_2723.utt,2/sw2723,2723,324,sd^t,B,150,3,"we discussed, {F uh, } {F uh, } medical and dental, /","we/PRP discussed/VBD ,/, uh/UH ,/, uh/UH ,/, medical/JJ and/CC dental/JJ ,/,",,
sw10utt/sw_1033_2723.utt,2/sw2723,2723,325,qw,A,151,1,"# What other benefits, # /","What/WDT other/JJ benefits/NNS ,/,",,
sw10utt/sw_1033_2723.utt,2/sw2723,2723,326,sd,B,152,1,"# {F uh, } retirement.  # /","uh/UH ,/, retirement/NN ./.",,
sw10utt/sw_1033_2723.utt,2/sw2723,2723,327,aa,A,153,1,"Yeah,  /","Yeah/UH ,/,",,
sw10utt/sw_1033_2723.utt,2/sw2723,2723,328,sd,A,153,2,salary continuation.  /,salary/NN continuation/NN ./.,,
sw10utt/sw_1033_2723.utt,2/sw2723,2723,329,sv,A,153,3,"I think that's a great one,  /","I/PRP think/VBP that/DT 's/BES a/DT great/JJ one/CD ,/,",,
sw10utt/sw_1033_2723.utt,2/sw2723,2723,330,sd,A,153,4,{C but } again a hope I never use that one. /,but/CC again/RB a/DT hope/NN I/PRP never/RB use/VBP that/DT one/CD ./.,,
sw10utt/sw_1033_2723.utt,2/sw2723,2723,331,b,B,154,1,Uh-huh. /,Uh-huh/UH ./.,,
sw10utt/sw_1033_2723.utt,2/sw2723,2723,332,sv,A,155,1,That means you're really sick if you have to use that one. /,That/DT means/VBZ you/PRP 're/VBP really/RB sick/JJ if/IN you/PRP have/VBP to/TO use/VB that/DT one/CD ./.,,
sw10utt/sw_1033_2723.utt,2/sw2723,2723,333,qo,B,156,1,What about vacation? /,What/WP about/IN vacation/NN ?/.,,
sw10utt/sw_1033_2723.utt,2/sw2723,2723,334,sd,A,157,1,I'm satisfied with the vacation.  /,I/PRP 'm/VBP satisfied/JJ with/IN the/DT vacation/NN ./.,,
sw10utt/sw_1033_2723.utt,2/sw2723,2723,335,sd,A,157,2,"I don't know what else, {D you know, }  /","I/PRP do/VBP n't/RB know/VB what/WP else/RB ,/, you/PRP know/VBP ,/,",,
sw10utt/sw_1033_2723.utt,2/sw2723,2723,336,sd,A,157,3,"[ you say, + say you  ] get another week and, - /","you/PRP say/VBP ,/, say/UH you/PRP get/VBP another/DT week/NN and/CC ,/,",,
sw10utt/sw_1033_2723.utt,2/sw2723,2723,337,sd,A,157,4,"[ I'm, + {D well, } I  ] only got fourteen years  /","I/PRP 'm/VBP ,/, well/UH ,/, I/PRP only/RB got/VBD fourteen/CD years/NNS",,
sw10utt/sw_1033_2723.utt,2/sw2723,2723,338,sd,A,157,5,{C so } I'll get another week when I hit fifteen. /,so/RB I/PRP 'll/MD get/VB another/DT week/NN when/WRB I/PRP hit/VBP fifteen/CD ./.,,
sw10utt/sw_1033_2723.utt,2/sw2723,2723,339,b,B,158,1,"{F Uh, } yeah,  /","Uh/UH ,/, yeah/UH ,/,",,
sw10utt/sw_1033_2723.utt,2/sw2723,2723,340,b,B,158,2,that's right. /,that/DT 's/BES right/JJ ./.,,
sw10utt/sw_1033_2723.utt,2/sw2723,2723,341,sv,A,159,1,"{C So } [ that's, + that's  ] fair,  /","So/RB that/DT 's/BES ,/, that/DT 's/BES fair/JJ ,/,",,
sw10utt/sw_1033_2723.utt,2/sw2723,2723,342,sv,A,159,2,"{E I mean, } it's reasonable.  /","I/PRP mean/VBP ,/, it/PRP 's/BES reasonable/JJ ./.",,
sw10utt/sw_1033_2723.utt,2/sw2723,2723,343,sv,A,159,3,"Four weeks is a lot,  I think.  /","Four/CD weeks/NNS is/VBZ a/DT lot/NN ,/, I/PRP think/VBP ./.",,
sw10utt/sw_1033_2723.utt,2/sw2723,2723,344,sd,A,159,4,I know some people who have twenty-five years and thirty and they want more  /,I/PRP know/VBP some/DT people/NNS who/WP have/VBP twenty-five/CD years/NNS and/CC thirty/CD and/CC they/PRP want/VBP more/JJR,,
sw10utt/sw_1033_2723.utt,2/sw2723,2723,345,%,A,159,5,"{C but, } {F uh, } {D you know, } -/","but/CC ,/, uh/UH ,/, you/PRP know/VBP ,/,",,
sw10utt/sw_1033_2723.utt,2/sw2723,2723,346,b,B,160,1,Uh-huh. /,Uh-huh/UH ./.,,
sw10utt/sw_1033_2723.utt,2/sw2723,2723,347,%,A,161,1,{F Uh. } /,Uh/UH ./.,,
sw10utt/sw_1033_2723.utt,2/sw2723,2723,348,sd,B,162,1,"{D Well, } [ I'm, + {F uh, } I'm  ] here,  /","Well/UH ,/, I/PRP 'm/VBP ,/, uh/UH ,/, I/PRP 'm/VBP here/RB ,/,",,
sw10utt/sw_1033_2723.utt,2/sw2723,2723,349,sd,B,162,2,I've got just eleven years  /,I/PRP 've/VBP got/VBN just/RB eleven/CD years/NNS,,
sw10utt/sw_1033_2723.utt,2/sw2723,2723,350,sv,B,162,3,"{C and } I don't think I'll ever see [ a, + a ] silver badge. /","and/CC I/PRP do/VBP n't/RB think/VB I/PRP 'll/MD ever/RB see/VB a/DT ,/, a/DT silver/NN badge/NN ./.",,
sw10utt/sw_1033_2723.utt,2/sw2723,2723,351,b,A,163,1,Uh-huh. /,Uh-huh/UH ./.,,
sw10utt/sw_1033_2723.utt,2/sw2723,2723,352,sd,B,164,1,"[ I won't, + I won't  ] be around that long. /","I/PRP wo/MD n't/RB ,/, I/PRP wo/MD n't/RB be/VB around/RB that/RB long/JJ ./.",,
sw10utt/sw_1033_2723.utt,2/sw2723,2723,353,sd,A,165,1,"{D Well, } the way things go, I think I'm going to have to work till I'm seventy-five  [ whether I quit + ] and,  {F uh, } {F uh, } {E or } when I retire  get a part-time job, /","Well/UH ,/, the/DT way/NN things/NNS go/VBP ,/, I/PRP think/VBP I/PRP 'm/VBP going/VBG to/TO have/VB to/TO work/VB till/IN I/PRP 'm/VBP seventy-five/CD whether/IN I/PRP quit/VBP and/CC ,/, uh/UH ,/, uh/UH ,/, or/CC when/WRB I/PRP retire/VBP get/VB a/DT part-time/JJ job/NN ,/,",,
