swda_filename,ptb_basename,conversation_no,transcript_index,act_tag,caller,utterance_index,subutterance_index,text,pos,trees,ptb_treenumbers
sw10utt/sw_1070_3013.utt,3/sw3013,3013,0,o,A,1,1,"All right,  /","All/RB right/JJ ,/,",,
sw10utt/sw_1070_3013.utt,3/sw3013,3013,1,qw,A,1,2,what type of things would you  fix if you're having company come over? /,what/WDT type/NN of/IN things/NNS would/MD you/PRP fix/VB if/IN you/PRP 're/VBP having/VBG company/NN come/VB over/RP ?/.,,
sw10utt/sw_1070_3013.utt,3/sw3013,3013,2,sd,B,2,1,"{D Well, } I have a really great one that  I make in the summertime because it's cool  /","Well/UH ,/, I/PRP have/VBP a/DT really/RB great/JJ one/NN that/WDT I/PRP make/VBP in/IN the/DT summertime/NN because/IN it/PRP 's/BES cool/JJ",,
sw10utt/sw_1070_3013.utt,3/sw3013,3013,3,sd,B,2,2,"{C and } [ it's, + {F uh, } it's ]  just really pretty easy.  /","and/CC it/PRP 's/BES ,/, uh/UH ,/, it/PRP 's/BES just/RB really/RB pretty/RB easy/JJ ./.",,
sw10utt/sw_1070_3013.utt,3/sw3013,3013,4,sd,B,2,3,It's pretty much dumping things in and stirring. /,It/PRP 's/BES pretty/RB much/JJ dumping/VBG things/NNS in/RB and/CC stirring/VBG ./.,,
sw10utt/sw_1070_3013.utt,3/sw3013,3013,5,b,A,3,1,Uh-huh. /,Uh-huh/UH ./.,,
sw10utt/sw_1070_3013.utt,3/sw3013,3013,6,sd,B,4,1,{C And } I like that.  /,And/CC I/PRP like/VBP that/DT ./.,,
sw10utt/sw_1070_3013.utt,3/sw3013,3013,7,sd,B,4,2,"{F Uh, } the only thing you  have to do is cook the rice that goes [ in, + in ] it  /","Uh/UH ,/, the/DT only/JJ thing/NN you/PRP have/VBP to/TO do/VB is/VBZ cook/VB the/DT rice/NN that/WDT goes/VBZ in/IN ,/, in/IN it/PRP",,
sw10utt/sw_1070_3013.utt,3/sw3013,3013,8,sd,B,4,3,"{C and then } [ I, + you're ]  supposed to do chicken,  /","and/CC then/RB I/PRP ,/, you/PRP 're/VBP supposed/VBN to/TO do/VB chicken/NN ,/,",,
sw10utt/sw_1070_3013.utt,3/sw3013,3013,9,sd,B,4,4,{C but } I just use those little cans of chicken. /,but/CC I/PRP just/RB use/VBP those/DT little/JJ cans/NNS of/IN chicken/NN ./.,,
sw10utt/sw_1070_3013.utt,3/sw3013,3013,10,b,A,5,1,Uh-huh. /,Uh-huh/UH ./.,,
sw10utt/sw_1070_3013.utt,3/sw3013,3013,11,sd,B,6,1,"{C And } it makes it so much easier,  /","And/CC it/PRP makes/VBZ it/PRP so/RB much/RB easier/JJR ,/,",,
sw10utt/sw_1070_3013.utt,3/sw3013,3013,12,sd,B,6,2,"{C and so }  you dump the rice,  /","and/CC so/RB you/PRP dump/VBP the/DT rice/NN ,/,",,
sw10utt/sw_1070_3013.utt,3/sw3013,3013,13,sd,B,6,3,you dump the chicken  /,you/PRP dump/VBP the/DT chicken/NN,,
sw10utt/sw_1070_3013.utt,3/sw3013,3013,14,sd,B,6,4,"{C and then } you put in fruit like pineapple and  mandarin oranges and  grape,  /","and/CC then/RB you/PRP put/VBP in/IN fruit/NN like/IN pineapple/NN and/CC mandarin/NN oranges/NNS and/CC grape/NN ,/,",,
sw10utt/sw_1070_3013.utt,3/sw3013,3013,15,sd,B,6,5,"now grapes are the ones that you  have to pull all that off,  /","now/RB grapes/NNS are/VBP the/DT ones/NNS that/WDT you/PRP have/VBP to/TO pull/VB all/PDT that/DT off/RP ,/,",,
sw10utt/sw_1070_3013.utt,3/sw3013,3013,16,sd,B,6,6,"{C but } I get my kids to do that,  /","but/CC I/PRP get/VBP my/PRP$ kids/NNS to/TO do/VB that/DT ,/,",,
sw10utt/sw_1070_3013.utt,3/sw3013,3013,17,%,B,6,7,"{C so, } <laughter> -/","so/RB ,/,",,
sw10utt/sw_1070_3013.utt,3/sw3013,3013,18,sd,A,7,1,Oh <laughter>. /,Oh/UH ./.,,
sw10utt/sw_1070_3013.utt,3/sw3013,3013,19,sd,B,8,1,"[ I, +  I ] don't have to do that.  /","I/PRP ,/, I/PRP do/VBP n't/RB have/VB to/TO do/VB that/DT ./.",,
sw10utt/sw_1070_3013.utt,3/sw3013,3013,20,%,B,8,2,"[ {C And, } + {F um, } {C and } ] it really, - /","And/CC ,/, um/UH ,/, and/CC it/PRP really/RB ,/,",,
sw10utt/sw_1070_3013.utt,3/sw3013,3013,21,sd,B,8,3,"{C and } you mix it all up with ye-, - /","and/CC you/PRP mix/VBP it/PRP all/DT up/RP with/IN ye-/XX ,/,",,
sw10utt/sw_1070_3013.utt,3/sw3013,3013,22,sd,B,8,4,"there's a little dressing that goes in it that you have to stir up,  /","there/EX 's/BES a/DT little/JJ dressing/NN that/WDT goes/VBZ in/IN it/PRP that/WDT you/PRP have/VBP to/TO stir/VB up/RP ,/,",,
sw10utt/sw_1070_3013.utt,3/sw3013,3013,23,sd,B,8,5,{C but } it's so simple  /,but/CC it/PRP 's/BES so/RB simple/JJ,,
sw10utt/sw_1070_3013.utt,3/sw3013,3013,24,sd,B,8,6,{C and } it tastes  really good because it's cool in the summertime. /,and/CC it/PRP tastes/VBZ really/RB good/JJ because/IN it/PRP 's/BES cool/JJ in/IN the/DT summertime/NN ./.,,
sw10utt/sw_1070_3013.utt,3/sw3013,3013,25,b,A,9,1,"{F Oh, } yeah.  /","Oh/UH ,/, yeah/UH ./.",,
sw10utt/sw_1070_3013.utt,3/sw3013,3013,26,qy,A,9,2,You serve it cold? /,You/PRP serve/VBP it/PRP cold/JJ ?/.,,
sw10utt/sw_1070_3013.utt,3/sw3013,3013,27,ny,B,10,1,Uh-huh. /,Uh-huh/UH ./.,,
sw10utt/sw_1070_3013.utt,3/sw3013,3013,28,bk,A,11,1,"{F Oh, } yeah,  /","Oh/UH ,/, yeah/UH ,/,",,
sw10utt/sw_1070_3013.utt,3/sw3013,3013,29,ba,A,11,2,that sounds good. /,that/DT sounds/VBZ good/JJ ./.,,
sw10utt/sw_1070_3013.utt,3/sw3013,3013,30,b,B,12,1,"Yeah,  /","Yeah/UH ,/,",,
sw10utt/sw_1070_3013.utt,3/sw3013,3013,31,sd,B,12,2,"it has to sit in the fridge over night,  /","it/PRP has/VBZ to/TO sit/VB in/IN the/DT fridge/NN over/GW night/^RB ,/,",,
sw10utt/sw_1070_3013.utt,3/sw3013,3013,32,sv,B,12,3,"[ {C but, } + {C but } ] it's really good. /","but/CC ,/, but/CC it/PRP 's/BES really/RB good/JJ ./.",,
sw10utt/sw_1070_3013.utt,3/sw3013,3013,33,%,A,13,1,{F Um. } /,Um/UH ./.,,
sw10utt/sw_1070_3013.utt,3/sw3013,3013,34,sd,B,14,1,{C And } I like that one. /,And/CC I/PRP like/VBP that/DT one/NN ./.,,
sw10utt/sw_1070_3013.utt,3/sw3013,3013,35,b,A,15,1,Yeah.  /,Yeah/UH ./.,,
sw10utt/sw_1070_3013.utt,3/sw3013,3013,36,sd,A,15,2,"Usually when we entertain we do  something really simple, because I like to visit with my company,","Usually/RB when/WRB we/PRP entertain/VB we/PRP do/VB something/NN really/RB simple/JJ ,/, because/IN I/PRP like/VBP to/TO visit/VB with/IN my/PRP$ company/NN ,/,",,
sw10utt/sw_1070_3013.utt,3/sw3013,3013,37,b,B,16,1,Yeah. /,Yeah/UH ./.,,
sw10utt/sw_1070_3013.utt,3/sw3013,3013,38,+,A,17,1,"and not be scurrying around in the kitchen,  /","and/CC not/RB be/VB scurrying/VBG around/RP in/IN the/DT kitchen/NN ,/,",,
sw10utt/sw_1070_3013.utt,3/sw3013,3013,39,sd,A,17,2,"{C so, }","so/RB ,/,",,
sw10utt/sw_1070_3013.utt,3/sw3013,3013,40,b,B,18,1,Exactly. /,Exactly/UH ./.,,
sw10utt/sw_1070_3013.utt,3/sw3013,3013,41,+,A,19,1,"a lot of times, we'll barbecue  /","a/DT lot/NN of/IN times/NNS ,/, we/PRP 'll/MD barbecue/VB",,
sw10utt/sw_1070_3013.utt,3/sw3013,3013,42,sd,A,19,2,"like,  {F uh, } for Memorial Day we had some friends over  /","like/UH ,/, uh/UH ,/, for/IN Memorial/NNP Day/NNP we/PRP had/VBD some/DT friends/NNS over/RP",,
sw10utt/sw_1070_3013.utt,3/sw3013,3013,43,sd,A,19,3,"{C and } we just bought a brisket and  marinated it overnight in one of those {D like } Adolph's meat marinate,","and/CC we/PRP just/RB bought/VBD a/DT brisket/NN and/CC marinated/VBD it/PRP overnight/RB in/IN one/CD of/IN those/DT like/UH Adolph/NNP 's/POS meat/NN marinate/NN ,/,",,
sw10utt/sw_1070_3013.utt,3/sw3013,3013,44,b,B,20,1,Uh-huh. /,Uh-huh/UH ./.,,
sw10utt/sw_1070_3013.utt,3/sw3013,3013,45,+,A,21,1,and put it on the smoker and cooked it. /,and/CC put/VBD it/PRP on/IN the/DT smoker/NN and/CC cooked/VBD it/PRP ./.,,
sw10utt/sw_1070_3013.utt,3/sw3013,3013,46,ba,B,22,1,"{F Oh, } that sounds good. /","Oh/UH ,/, that/DT sounds/VBZ good/JJ ./.",,
sw10utt/sw_1070_3013.utt,3/sw3013,3013,47,sd,A,23,1,"{C And } [ tha-, + ] it was real good.  /","And/CC tha-/DT ,/, it/PRP was/VBD real/RB good/JJ ./.",,
sw10utt/sw_1070_3013.utt,3/sw3013,3013,48,sd,A,23,2,You can buy a fairly cheap piece of meat that way  /,You/PRP can/MD buy/VB a/DT fairly/RB cheap/JJ piece/NN of/IN meat/NN that/DT way/NN,,
sw10utt/sw_1070_3013.utt,3/sw3013,3013,49,sd,A,23,3,{C and then } people think they're eating  steak or something <laughter>. /,and/CC then/RB people/NNS think/VBP they/PRP 're/VBP eating/VBG steak/NN or/CC something/NN ./.,,
sw10utt/sw_1070_3013.utt,3/sw3013,3013,50,b,B,24,1,"Yeah,  /","Yeah/UH ,/,",,
sw10utt/sw_1070_3013.utt,3/sw3013,3013,51,b^r,B,24,2,yeah  /,yeah/UH,,
sw10utt/sw_1070_3013.utt,3/sw3013,3013,52,qy^g,B,24,3,"<laughter>.  {C And } these days that  helps, doesn't it? /","./. And/CC these/DT days/NNS that/DT helps/VBZ ,/, does/VBZ n't/RB it/PRP ?/.",,
sw10utt/sw_1070_3013.utt,3/sw3013,3013,53,b,A,25,1,"Yeah,  /","Yeah/UH ,/,",,
sw10utt/sw_1070_3013.utt,3/sw3013,3013,54,b^r,A,25,2,yeah. /,yeah/UH ./.,,
sw10utt/sw_1070_3013.utt,3/sw3013,3013,55,b,B,26,1,Yeah. /,Yeah/UH ./.,,
sw10utt/sw_1070_3013.utt,3/sw3013,3013,56,sd,A,27,1,It really does. /,It/PRP really/RB does/VBZ ./.,,
sw10utt/sw_1070_3013.utt,3/sw3013,3013,57,sd,B,28,1,I know what you mean. /,I/PRP know/VBP what/WP you/PRP mean/VBP ./.,,
sw10utt/sw_1070_3013.utt,3/sw3013,3013,58,sd,A,29,1,I don't usually  [ I + ] just pass on any recipe  that's got more than five or six steps to it because I just know I'll never take the time to do it. /,I/PRP do/VBP n't/RB usually/RB I/PRP just/RB pass/VBP on/IN any/DT recipe/NN that/WDT 's/HVS got/VBN more/JJR than/IN five/CD or/CC six/CD steps/NNS to/IN it/PRP because/IN I/PRP just/RB know/VBP I/PRP 'll/MD never/RB take/VB the/DT time/NN to/TO do/VB it/PRP ./.,,
sw10utt/sw_1070_3013.utt,3/sw3013,3013,59,sd,B,30,1,Now spaghetti's such an easy one.  /,Now/RB spaghetti/NNS 's/BES such/PDT an/DT easy/JJ one/NN ./.,,
sw10utt/sw_1070_3013.utt,3/sw3013,3013,60,sd,B,30,2,"{F Um, } I do that a lot. /","Um/UH ,/, I/PRP do/VBP that/DT a/DT lot/NN ./.",,
sw10utt/sw_1070_3013.utt,3/sw3013,3013,61,b,A,31,1,Uh-huh. /,Uh-huh/UH ./.,,
sw10utt/sw_1070_3013.utt,3/sw3013,3013,62,sd,B,32,1,I do spaghetti a lot. /,I/PRP do/VBP spaghetti/NN a/DT lot/NN ./.,,
sw10utt/sw_1070_3013.utt,3/sw3013,3013,63,b,A,33,1,"Yeah,  /","Yeah/UH ,/,",,
sw10utt/sw_1070_3013.utt,3/sw3013,3013,64,sd,A,33,2,it seems like most people like spaghetti. /,it/PRP seems/VBZ like/IN most/JJS people/NNS like/VBP spaghetti/NN ./.,,
sw10utt/sw_1070_3013.utt,3/sw3013,3013,65,b,B,34,1,"Yeah,  /","Yeah/UH ,/,",,
sw10utt/sw_1070_3013.utt,3/sw3013,3013,66,sd,B,34,2,"I don't like to do that  [ i-, + if ] it's [ ho-, + real hot ] though. /","I/PRP do/VBP n't/RB like/VB to/TO do/VB that/DT i-/IN ,/, if/IN it/PRP 's/BES ho/JJ ,/, real/RB hot/JJ though/RB ./.",,
sw10utt/sw_1070_3013.utt,3/sw3013,3013,67,b,A,35,1,Yeah. /,Yeah/UH ./.,,
sw10utt/sw_1070_3013.utt,3/sw3013,3013,68,h,B,36,1,"{C Because, } {F um, } I don't know,  /","Because/IN ,/, um/UH ,/, I/PRP do/VBP n't/RB know/VB ,/,",,
sw10utt/sw_1070_3013.utt,3/sw3013,3013,69,sd,B,36,2,"I have a real thing about being hot [ in the, + in the ] summertime. /","I/PRP have/VBP a/DT real/JJ thing/NN about/IN being/VBG hot/JJ in/IN the/DT ,/, in/IN the/DT summertime/NN ./.",,
sw10utt/sw_1070_3013.utt,3/sw3013,3013,70,b,A,37,1,Uh-huh. /,Uh-huh/UH ./.,,
sw10utt/sw_1070_3013.utt,3/sw3013,3013,71,b,B,38,1,I guess. /,I/PRP guess/VBP ./.,,
sw10utt/sw_1070_3013.utt,3/sw3013,3013,72,sv,A,39,1,"{D Well } I think when you heat your kitchen  up it really makes a big difference,","Well/UH I/PRP think/VBP when/WRB you/PRP heat/VBP your/PRP$ kitchen/NN up/RP it/PRP really/RB makes/VBZ a/DT big/JJ difference/NN ,/,",,
sw10utt/sw_1070_3013.utt,3/sw3013,3013,73,b,B,40,1,Yeah. /,Yeah/UH ./.,,
sw10utt/sw_1070_3013.utt,3/sw3013,3013,74,+,A,41,1,in your whole house. /,in/IN your/PRP$ whole/JJ house/NN ./.,,
sw10utt/sw_1070_3013.utt,3/sw3013,3013,75,aa,B,42,1,"Yeah,  /","Yeah/UH ,/,",,
sw10utt/sw_1070_3013.utt,3/sw3013,3013,76,sv,B,42,2,I think that's right.  /,I/PRP think/VBP that/DT 's/BES right/JJ ./.,,
sw10utt/sw_1070_3013.utt,3/sw3013,3013,77,sd,B,42,3,"{C And, } {F um, }  we don't entertain that often,  /","And/CC ,/, um/UH ,/, we/PRP do/VBP n't/RB entertain/VB that/RB often/RB ,/,",,
sw10utt/sw_1070_3013.utt,3/sw3013,3013,78,sd,B,42,4,"{C but } when we do, I'm like you.  I like it to be fast and easy.","but/CC when/WRB we/PRP do/VBP ,/, I/PRP 'm/VBP like/IN you/PRP ./. I/PRP like/VBP it/PRP to/TO be/VB fast/JJ and/CC easy/JJ ./.",,
sw10utt/sw_1070_3013.utt,3/sw3013,3013,79,b,A,43,1,Uh-huh. /,Uh-huh/UH ./.,,
sw10utt/sw_1070_3013.utt,3/sw3013,3013,80,+,B,44,1,And something so that we can talk [ and not + --,And/CC something/NN so/IN that/IN we/PRP can/MD talk/VB and/CC not/RB --/:,,
sw10utt/sw_1070_3013.utt,3/sw3013,3013,81,b,A,45,1,Yeah. /,Yeah/UH ./.,,
sw10utt/sw_1070_3013.utt,3/sw3013,3013,82,+,B,46,1,-- and not ] have to worry about being  in the kitchen all the time. /,--/: and/CC not/RB have/VB to/TO worry/VB about/IN being/VBG in/IN the/DT kitchen/NN all/PDT the/DT time/NN ./.,,
sw10utt/sw_1070_3013.utt,3/sw3013,3013,83,%,A,47,1,"Most, - /","Most/JJS ,/,",,
sw10utt/sw_1070_3013.utt,3/sw3013,3013,84,sd,A,47,2,"we don't entertain {D like } people from  work or stuff [ e-, + ] often.  /","we/PRP do/VBP n't/RB entertain/VB like/UH people/NNS from/IN work/NN or/CC stuff/NN e-/XX ,/, often/RB ./.",,
sw10utt/sw_1070_3013.utt,3/sw3013,3013,85,sd,A,47,3,"It's usually friends from church and stuff, /","It/PRP 's/BES usually/RB friends/NNS from/IN church/NN and/CC stuff/NN ,/,",,
sw10utt/sw_1070_3013.utt,3/sw3013,3013,86,b,B,48,1,Yeah. /,Yeah/UH ./.,,
sw10utt/sw_1070_3013.utt,3/sw3013,3013,87,sd(^q),A,49,1,"{C and } it's usually kind of like, you want to come  over, and they say {D well } what can we bring. /","and/CC it/PRP 's/BES usually/RB kind/RB of/RB like/IN ,/, you/PRP want/VBP to/TO come/VB over/RP ,/, and/CC they/PRP say/VBP well/UH what/WP can/MD we/PRP bring/VB ./.",,
sw10utt/sw_1070_3013.utt,3/sw3013,3013,88,b,B,50,1,Yeah. /,Yeah/UH ./.,,
sw10utt/sw_1070_3013.utt,3/sw3013,3013,89,sd,A,51,1,{C And so } it's real easy because you  just make one or two things  /,And/CC so/RB it/PRP 's/BES real/RB easy/JJ because/IN you/PRP just/RB make/VBP one/CD or/CC two/CD things/NNS,,
sw10utt/sw_1070_3013.utt,3/sw3013,3013,90,sd,A,51,2,{C and } everybody else brings something. /,and/CC everybody/NN else/RB brings/VBZ something/NN ./.,,
sw10utt/sw_1070_3013.utt,3/sw3013,3013,91,sd,B,52,1,"That's exactly like us,  from our church, we just do it,  /","That/DT 's/BES exactly/RB like/IN us/PRP ,/, from/IN our/PRP$ church/NN ,/, we/PRP just/RB do/VBP it/PRP ,/,",,
sw10utt/sw_1070_3013.utt,3/sw3013,3013,92,aa,B,52,2,yeah. /,yeah/UH ./.,,
sw10utt/sw_1070_3013.utt,3/sw3013,3013,93,ba,A,53,1,"{F Oh } yeah,  /","Oh/UH yeah/UH ,/,",,
sw10utt/sw_1070_3013.utt,3/sw3013,3013,94,b,A,53,2,yeah. /,yeah/UH ./.,,
sw10utt/sw_1070_3013.utt,3/sw3013,3013,95,%,B,54,1,{F Uh. } /,Uh/UH ./.,,
sw10utt/sw_1070_3013.utt,3/sw3013,3013,96,sd,A,55,1,It's a lot more relaxing.  /,It/PRP 's/BES a/DT lot/NN more/RBR relaxing/JJ ./.,,
sw10utt/sw_1070_3013.utt,3/sw3013,3013,97,sd,A,55,2,"I don't know if I could take the pressure of having to [ m-, + ] {D you know, } put on this  really fancy dinner for someone. /","I/PRP do/VBP n't/RB know/VB if/IN I/PRP could/MD take/VB the/DT pressure/NN of/IN having/VBG to/TO m/VB ,/, you/PRP know/VBP ,/, put/VB on/RP this/DT really/RB fancy/JJ dinner/NN for/IN someone/NN ./.",,
sw10utt/sw_1070_3013.utt,3/sw3013,3013,98,sd,B,56,1,{D Well } you see all that on T V  /,Well/UH you/PRP see/VBP all/DT that/DT on/IN T/NN V/NN,,
sw10utt/sw_1070_3013.utt,3/sw3013,3013,99,sd,B,56,2,{C and } I could never be that person. /,and/CC I/PRP could/MD never/RB be/VB that/DT person/NN ./.,,
sw10utt/sw_1070_3013.utt,3/sw3013,3013,100,b,A,57,1,Huh-uh. /,Huh-uh/UH ./.,,
sw10utt/sw_1070_3013.utt,3/sw3013,3013,101,%,B,58,1,"[ It just, + {F uh, } I'm just ]  not, - /","It/PRP just/RB ,/, uh/UH ,/, I/PRP 'm/VBP just/RB not/RB ,/,",,
sw10utt/sw_1070_3013.utt,3/sw3013,3013,102,sd,B,58,2,"{D well } [ I'm so, + I'm ]  pretty laid back. /","well/UH I/PRP 'm/VBP so/RB ,/, I/PRP 'm/VBP pretty/RB laid/JJ back/RB ./.",,
sw10utt/sw_1070_3013.utt,3/sw3013,3013,103,b,A,59,1,Yeah  /,Yeah/UH,,
sw10utt/sw_1070_3013.utt,3/sw3013,3013,104,%,A,59,2,"w-, -/","w-/XX ,/,",,
sw10utt/sw_1070_3013.utt,3/sw3013,3013,105,sd,B,60,1,"{C And, } {F uh, } {D you know, } {C so }  [ I don't, + I know ] a lady in [ a, + ]  my church  /","And/CC ,/, uh/UH ,/, you/PRP know/VBP ,/, so/RB I/PRP do/VBP n't/RB ,/, I/PRP know/VBP a/DT lady/NN in/IN a/DT ,/, my/PRP$ church/NN",,
sw10utt/sw_1070_3013.utt,3/sw3013,3013,106,sd,B,60,2,"{C and, } {F uh, } she {D like } does her own bread and does her own  stuff  /","and/CC ,/, uh/UH ,/, she/PRP like/UH does/VBZ her/PRP$ own/JJ bread/NN and/CC does/VBZ her/PRP$ own/JJ stuff/NN",,
sw10utt/sw_1070_3013.utt,3/sw3013,3013,107,sd,B,60,3,"{C and so } when she, {F um, } does food, she really goes all out  /","and/CC so/RB when/WRB she/PRP ,/, um/UH ,/, does/VBZ food/NN ,/, she/PRP really/RB goes/VBZ all/RB out/RB",,
sw10utt/sw_1070_3013.utt,3/sw3013,3013,108,sd,B,60,4,{C and } I don't know  how she can do it and be calm <laughter>. /,and/CC I/PRP do/VBP n't/RB know/VB how/WRB she/PRP can/MD do/VB it/PRP and/CC be/VB calm/JJ ./.,,
sw10utt/sw_1070_3013.utt,3/sw3013,3013,109,b,A,61,1,Yeah  /,Yeah/UH,,
sw10utt/sw_1070_3013.utt,3/sw3013.pos,3013,110,x,A,61,2,<laughter>.,./.
sw10utt/sw_1070_3013.utt,3/sw3013,3013,111,o,B,62,1,"I guess, /","I/PRP guess/VBP ,/,",,
sw10utt/sw_1070_3013.utt,3/sw3013,3013,112,qy,A,63,1,Do you work? /,Do/VBP you/PRP work/VB ?/.,,
sw10utt/sw_1070_3013.utt,3/sw3013,3013,113,nn,B,64,1,"No,  /","No/UH ,/,",,
sw10utt/sw_1070_3013.utt,3/sw3013,3013,114,sd^e,B,64,2,I don't. /,I/PRP do/VBP n't/RB ./.,,
sw10utt/sw_1070_3013.utt,3/sw3013,3013,115,qy,A,65,1,Do you stay home with kids? /,Do/VBP you/PRP stay/VB home/NN with/IN kids/NNS ?/.,,
sw10utt/sw_1070_3013.utt,3/sw3013,3013,116,ny,B,66,1,"Uh-huh,  /","Uh-huh/UH ,/,",,
sw10utt/sw_1070_3013.utt,3/sw3013,3013,117,ny,B,66,2,yeah. /,yeah/UH ./.,,
sw10utt/sw_1070_3013.utt,3/sw3013,3013,118,b,A,67,1,Yeah.  /,Yeah/UH ./.,,
sw10utt/sw_1070_3013.utt,3/sw3013,3013,119,sd,A,67,2,"[ I, + I've ]  been working,  /","I/PRP ,/, I/PRP 've/VBP been/VBN working/VBG ,/,",,
sw10utt/sw_1070_3013.utt,3/sw3013,3013,120,sd,A,67,3,"we're going to have a baby this summer,  /","we/PRP 're/VBP going/VBG to/TO have/VB a/DT baby/NN this/DT summer/NN ,/,",,
sw10utt/sw_1070_3013.utt,3/sw3013,3013,121,sd,A,67,4,{C and } I'm not going to work anymore. /,and/CC I/PRP 'm/VBP not/RB going/VBG to/TO work/VB anymore/RB ./.,,
sw10utt/sw_1070_3013.utt,3/sw3013,3013,122,ba,B,68,1,"{F Oh, } how exciting. /","Oh/UH ,/, how/WRB exciting/JJ ./.",,
sw10utt/sw_1070_3013.utt,3/sw3013,3013,123,b,A,69,1,Yeah.  /,Yeah/UH ./.,,
sw10utt/sw_1070_3013.utt,3/sw3013,3013,124,sd,A,69,2,"{C So } hopefully, I think I'll  enjoy cooking more, when I don't have to work all day.  /","So/RB hopefully/RB ,/, I/PRP think/VBP I/PRP 'll/MD enjoy/VB cooking/VBG more/RBR ,/, when/WRB I/PRP do/VBP n't/RB have/VB to/TO work/VB all/DT day/NN ./.",,
sw10utt/sw_1070_3013.utt,3/sw3013,3013,125,sd,A,69,3,I don't like to come home and stand  in the kitchen and spend an hour fixing something and then have to clean it up  /,I/PRP do/VBP n't/RB like/VB to/TO come/VB home/NN and/CC stand/VB in/IN the/DT kitchen/NN and/CC spend/VB an/DT hour/NN fixing/VBG something/NN and/CC then/RB have/VB to/TO clean/VB it/PRP up/RP,,
sw10utt/sw_1070_3013.utt,3/sw3013,3013,126,sd,A,69,4,"{C and } by then it's eight thirty or nine o'clock at night,  /","and/CC by/IN then/RB it/PRP 's/BES eight/CD thirty/CD or/CC nine/CD o'clock/RB at/IN night/NN ,/,",,
sw10utt/sw_1070_3013.utt,3/sw3013,3013,127,%,A,69,5,{C so. } -/,so/RB ./.,,
sw10utt/sw_1070_3013.utt,3/sw3013,3013,128,b,B,70,1,Yeah.  /,Yeah/UH ./.,,
sw10utt/sw_1070_3013.utt,3/sw3013,3013,129,sd,B,70,2,"{D Well } I usually start about six  [ [ and, + an, ] + and ] cook and then eat at seven.","Well/UH I/PRP usually/RB start/VBP about/RB six/CD and/CC ,/, an/DT ,/, and/CC cook/VB and/CC then/RB eat/VB at/IN seven/CD ./.",,
sw10utt/sw_1070_3013.utt,3/sw3013,3013,130,b,A,71,1,Yeah. /,Yeah/UH ./.,,
sw10utt/sw_1070_3013.utt,3/sw3013,3013,131,+,B,72,1,"{E I mean, } [ co-, + cook ]  at five and eat at six, rather. /","I/PRP mean/VBP ,/, co/VB ,/, cook/VB at/IN five/CD and/CC eat/VB at/IN six/CD ,/, rather/RB ./.",,
sw10utt/sw_1070_3013.utt,3/sw3013,3013,132,b^m,A,73,1,"Eat at six,  yeah. /","Eat/VBP at/IN six/CD ,/, yeah/UH ./.",,
sw10utt/sw_1070_3013.utt,3/sw3013,3013,133,b,B,74,1,"Yeah,  /","Yeah/UH ,/,",,
sw10utt/sw_1070_3013.utt,3/sw3013,3013,134,sd,B,74,2,"{C and, } {F uh, } my family and  I, we're a sit down together family. /","and/CC ,/, uh/UH ,/, my/PRP$ family/NN and/CC I/PRP ,/, we/PRP 're/VBP a/DT sit/VB down/RP together/RB family/NN ./.",,
sw10utt/sw_1070_3013.utt,3/sw3013,3013,135,ba,A,75,1,"{F Oh, } that's good. /","Oh/UH ,/, that/DT 's/BES good/JJ ./.",,
sw10utt/sw_1070_3013.utt,3/sw3013,3013,136,b,B,76,1,"{F Uh, } yeah,  /","Uh/UH ,/, yeah/UH ,/,",,
sw10utt/sw_1070_3013.utt,3/sw3013,3013,137,sd,B,76,2,I don't like the run in and out part. /,I/PRP do/VBP n't/RB like/VB the/DT run/NN in/RB and/CC out/RB part/NN ./.,,
sw10utt/sw_1070_3013.utt,3/sw3013,3013,138,b,A,77,1,Yeah. /,Yeah/UH ./.,,
sw10utt/sw_1070_3013.utt,3/sw3013,3013,139,sd,B,78,1,"{C And } I like to be able to sit down  after school and have them talk with me [ an, + and ]  my husband about what's happened  /","And/CC I/PRP like/VBP to/TO be/VB able/JJ to/TO sit/VB down/RP after/IN school/NN and/CC have/VB them/PRP talk/VB with/IN me/PRP an/CC ,/, and/CC my/PRP$ husband/NN about/IN what/WP 's/HVS happened/VBN",,
sw10utt/sw_1070_3013.utt,3/sw3013,3013,140,sd,B,78,2,"{C and, }","and/CC ,/,",,
sw10utt/sw_1070_3013.utt,3/sw3013,3013,141,b,A,79,1,"Yeah,  /","Yeah/UH ,/,",,
sw10utt/sw_1070_3013.utt,3/sw3013,3013,142,ba,A,79,2,that's neat. /,that/DT 's/BES neat/JJ ./.,,
sw10utt/sw_1070_3013.utt,3/sw3013,3013,143,+,B,80,1,"I think [ I, + ]  that was ingrained in me during my family time at home. /","I/PRP think/VBP I/PRP ,/, that/DT was/VBD ingrained/VBN in/IN me/PRP during/IN my/PRP$ family/NN time/NN at/IN home/NN ./.",,
sw10utt/sw_1070_3013.utt,3/sw3013,3013,144,b,A,81,1,Uh-huh. /,Uh-huh/UH ./.,,
sw10utt/sw_1070_3013.utt,3/sw3013,3013,145,sd,B,82,1,"{C And, } {F uh, } {D you know } we could learn  to talk about things  /","And/CC ,/, uh/UH ,/, you/PRP know/VBP we/PRP could/MD learn/VB to/TO talk/VB about/IN things/NNS",,
sw10utt/sw_1070_3013.utt,3/sw3013,3013,146,sv,B,82,2,{C and } I think that's good. /,and/CC I/PRP think/VBP that/DT 's/BES good/JJ ./.,,
sw10utt/sw_1070_3013.utt,3/sw3013,3013,147,aa,A,83,1,"Yeah,  /","Yeah/UH ,/,",,
sw10utt/sw_1070_3013.utt,3/sw3013,3013,148,sv,A,83,2,that really is.  /,that/DT really/RB is/VBZ ./.,,
sw10utt/sw_1070_3013.utt,3/sw3013,3013,149,sd,A,83,3,It keeps the family in  touch with what's going on with each other. /,It/PRP keeps/VBZ the/DT family/NN in/IN touch/NN with/IN what/WP 's/BES going/VBG on/RP with/IN each/DT other/NN ./.,,
sw10utt/sw_1070_3013.utt,3/sw3013,3013,150,b,B,84,1,Yeah.  /,Yeah/UH ./.,,
sw10utt/sw_1070_3013.utt,3/sw3013,3013,151,%,B,84,2,"I think, -/","I/PRP think/VBP ,/,",,
sw10utt/sw_1070_3013.utt,3/sw3013,3013,152,sd,A,85,1,Right now we eat in front of the T V  /,Right/UH now/RB we/PRP eat/VBP in/IN front/NN of/IN the/DT T/NN V/NN,,
sw10utt/sw_1070_3013.utt,3/sw3013,3013,153,sd,A,85,2,"{C but } since it's just the two of us, it's <laughter>, -/","but/CC since/IN it/PRP 's/BES just/RB the/DT two/CD of/IN us/PRP ,/, it/PRP 's/BES ,/,",,
sw10utt/sw_1070_3013.utt,3/sw3013,3013,154,b,B,86,1,"Yeah,  /","Yeah/UH ,/,",,
sw10utt/sw_1070_3013.utt,3/sw3013,3013,155,b^r,B,86,2,yeah  /,yeah/UH,,
sw10utt/sw_1070_3013.utt,3/sw3013.pos,3013,156,x,B,86,3,<laughter>.  /,./.
sw10utt/sw_1070_3013.utt,3/sw3013,3013,157,sd,B,86,4,{D Well }  that happens to us sometimes too. /,Well/UH that/DT happens/VBZ to/IN us/PRP sometimes/RB too/RB ./.,,
sw10utt/sw_1070_3013.utt,3/sw3013,3013,158,b,A,87,1,Yeah. /,Yeah/UH ./.,,
sw10utt/sw_1070_3013.utt,3/sw3013,3013,159,sd,B,88,1,"{C But, } {F uh, } sometimes if  something, {F uh, } is on that they want to watch I leave it on,  /","But/CC ,/, uh/UH ,/, sometimes/RB if/IN something/NN ,/, uh/UH ,/, is/VBZ on/RP that/WDT they/PRP want/VBP to/TO watch/VB I/PRP leave/VBP it/PRP on/RP ,/,",,
sw10utt/sw_1070_3013.utt,3/sw3013,3013,160,sd,B,88,2,{C but } we eat in the kitchen  /,but/CC we/PRP eat/VBP in/IN the/DT kitchen/NN,,
sw10utt/sw_1070_3013.utt,3/sw3013,3013,161,sd,B,88,3,{C and } their heads are always poking past the door. /,and/CC their/PRP$ heads/NNS are/VBP always/RB poking/VBG past/IN the/DT door/NN ./.,,
sw10utt/sw_1070_3013.utt,3/sw3013,3013,162,b,A,89,1,"Uh-huh,  /","Uh-huh/UH ,/,",,
sw10utt/sw_1070_3013.utt,3/sw3013,3013,163,^2,A,89,2,<laughter> to see what's happening. /,to/TO see/VB what/WP 's/BES happening/VBG ./.,,
sw10utt/sw_1070_3013.utt,3/sw3013,3013,164,b,B,90,1,Yeah.  /,Yeah/UH ./.,,
sw10utt/sw_1070_3013.utt,3/sw3013,3013,165,sv,B,90,2,"{D Anyway } food [ is, + is, ]  {F uh, } a real life-style kind of thing  /","Anyway/RB food/NN is/VBZ ,/, is/VBZ ,/, uh/UH ,/, a/DT real/JJ life-style/NN kind/NN of/IN thing/NN",,
sw10utt/sw_1070_3013.utt,3/sw3013,3013,166,sv,B,90,3,"{C and } [ i-, + ] some people don't like to do this  /","and/CC i-/XX ,/, some/DT people/NNS do/VBP n't/RB like/VB to/TO do/VB this/DT",,
sw10utt/sw_1070_3013.utt,3/sw3013,3013,167,sv,B,90,4,"{C but } I like to [ co-, + {F uh, } cook ]  with my kids. /","but/CC I/PRP like/VBP to/TO co/VB ,/, uh/UH ,/, cook/NN with/IN my/PRP$ kids/NNS ./.",,
sw10utt/sw_1070_3013.utt,3/sw3013,3013,168,b,A,91,1,"{F Oh, } uh-huh. /","Oh/UH ,/, uh-huh/UH ./.",,
sw10utt/sw_1070_3013.utt,3/sw3013,3013,169,sd,B,92,1,"{C And } if they're going to have other kids  over then, then they help.  /","And/CC if/IN they/PRP 're/VBP going/VBG to/TO have/VB other/JJ kids/NNS over/RP then/RB ,/, then/RB they/PRP help/VBP ./.",,
sw10utt/sw_1070_3013.utt,3/sw3013,3013,170,sd,B,92,2,"{C And } we make real simple things, {D you know, }   those, {F oh, } - /","And/CC we/PRP make/VBP real/RB simple/JJ things/NNS ,/, you/PRP know/VBP ,/, those/DT ,/, oh/UH ,/,",,
sw10utt/sw_1070_3013.utt,3/sw3013,3013,171,sd,B,92,3,"[ I don-, + I don't ] know if you've ever made them, maybe not since you don't have  kids yet, but those Jell-O, {F uh, } gelatin things you can pick  up with your fingers, I can't think of what they call it. /","I/PRP don-/XX ,/, I/PRP do/VBP n't/RB know/VB if/IN you/PRP 've/VBP ever/RB made/VBN them/PRP ,/, maybe/RB not/RB since/IN you/PRP do/VBP n't/RB have/VB kids/NNS yet/RB ,/, but/CC those/DT Jell-O/NNP ,/, uh/UH ,/, gelatin/NN things/NNS you/PRP can/MD pick/VB up/RB with/IN your/PRP$ fingers/NNS ,/, I/PRP ca/MD n't/RB think/VB of/IN what/WP they/PRP call/VBP it/PRP ./.",,
sw10utt/sw_1070_3013.utt,3/sw3013,3013,172,sd,A,93,1,"{F Oh, } I've seen those in the magazines. /","Oh/UH ,/, I/PRP 've/VBP seen/VBN those/DT in/IN the/DT magazines/NNS ./.",,
sw10utt/sw_1070_3013.utt,3/sw3013,3013,173,b,B,94,1,"Yeah,  /","Yeah/UH ,/,",,
sw10utt/sw_1070_3013.utt,3/sw3013,3013,174,sv,B,94,2,they're so simple. /,they/PRP 're/VBP so/RB simple/JJ ./.,,
sw10utt/sw_1070_3013.utt,3/sw3013,3013,175,b,A,95,1,Uh-huh. /,Uh-huh/UH ./.,,
sw10utt/sw_1070_3013.utt,3/sw3013,3013,176,sd,B,96,1,{C And } the kids love to do that.  /,And/CC the/DT kids/NNS love/VBP to/TO do/VB that/DT ./.,,
sw10utt/sw_1070_3013.utt,3/sw3013,3013,177,sd,B,96,2,"{F Uh, } finger food [ is, + is ] a biggie with them. /","Uh/UH ,/, finger/NN food/NN is/VBZ ,/, is/VBZ a/DT biggie/NN with/IN them/PRP ./.",,
sw10utt/sw_1070_3013.utt,3/sw3013,3013,178,b,A,97,1,Yeah. /,Yeah/UH ./.,,
sw10utt/sw_1070_3013.utt,3/sw3013,3013,179,sd,B,98,1,"[ {C And, } + {C and } ] {D like, }  now one thing I wish I could find [ a, + a ] better way to do are celery sticks and carrot sticks, because they love to  do that  /","And/CC ,/, and/CC like/IN ,/, now/RB one/CD thing/NN I/PRP wish/VBP I/PRP could/MD find/VB a/DT ,/, a/DT better/JJR way/NN to/TO do/VB are/VBP celery/NN sticks/NNS and/CC carrot/NN sticks/NNS ,/, because/IN they/PRP love/VBP to/TO do/VB that/DT",,
sw10utt/sw_1070_3013.utt,3/sw3013,3013,180,sd,B,98,2,{C and } it's just really hard  /,and/CC it/PRP 's/BES just/RB really/RB hard/JJ,,
sw10utt/sw_1070_3013.utt,3/sw3013,3013,181,sd,B,98,3,"{C and } if you have to work with a  knife, I don't like that. /","and/CC if/IN you/PRP have/VBP to/TO work/VB with/IN a/DT knife/NN ,/, I/PRP do/VBP n't/RB like/VB that/DT ./.",,
sw10utt/sw_1070_3013.utt,3/sw3013,3013,182,b,A,99,1,Yeah. /,Yeah/UH ./.,,
sw10utt/sw_1070_3013.utt,3/sw3013,3013,183,%,B,100,1,"{C So, } that's, {F uh, } - /","So/RB ,/, that/DT 's/BES ,/, uh/UH ,/,",,
sw10utt/sw_1070_3013.utt,3/sw3013,3013,184,sd,B,100,2,"they like to eat it,  /","they/PRP like/VBP to/TO eat/VB it/PRP ,/,",,
sw10utt/sw_1070_3013.utt,3/sw3013,3013,185,sd,B,100,3,"{C but } it's a hard one to have [ to, + to ] prepare. /","but/CC it/PRP 's/BES a/DT hard/JJ one/NN to/TO have/VB to/TO ,/, to/TO prepare/VB ./.",,
sw10utt/sw_1070_3013.utt,3/sw3013,3013,186,b,A,101,1,"Yeah,  /","Yeah/UH ,/,",,
sw10utt/sw_1070_3013.utt,3/sw3013,3013,187,o@,A,101,2,((   )) .,MUMBLEx/XX ./.,,
sw10utt/sw_1070_3013.utt,3/sw3013,3013,188,sd,B,102,1,"{C But } they like that with [ the, + the ]  cool ranch dressing that goes along with that. /","But/CC they/PRP like/VBP that/DT with/IN the/DT ,/, the/DT cool/JJ ranch/NN dressing/NN that/WDT goes/VBZ along/IN with/IN that/DT ./.",,
sw10utt/sw_1070_3013.utt,3/sw3013,3013,189,b,A,103,1,"{F Oh } yeah,  /","Oh/UH yeah/UH ,/,",,
sw10utt/sw_1070_3013.utt,3/sw3013,3013,190,b,A,103,2,"yeah,  /","yeah/UH ,/,",,
sw10utt/sw_1070_3013.utt,3/sw3013,3013,191,sd,A,103,3,we like that. /,we/PRP like/VBP that/DT ./.,,
sw10utt/sw_1070_3013.utt,3/sw3013,3013,192,b,B,104,1,Yeah. /,Yeah/UH ./.,,
sw10utt/sw_1070_3013.utt,3/sw3013,3013,193,sv,A,105,1,"[ That's good that, + that's a good ]  way to get kids to eat vegetables too. /","That/DT 's/BES good/JJ that/IN ,/, that/DT 's/BES a/DT good/JJ way/NN to/TO get/VB kids/NNS to/TO eat/VB vegetables/NNS too/RB ./.",,
sw10utt/sw_1070_3013.utt,3/sw3013,3013,194,b,B,106,1,Yeah.  /,Yeah/UH ./.,,
sw10utt/sw_1070_3013.utt,3/sw3013,3013,195,sd,B,106,2,"My son's getting to be [ a, + a ]  real good cook  /","My/PRP$ son/NN 's/BES getting/VBG to/TO be/VB a/DT ,/, a/DT real/RB good/JJ cook/NN",,
sw10utt/sw_1070_3013.utt,3/sw3013,3013,196,%,B,106,3,"{C so, } {F uh, } -/","so/RB ,/, uh/UH ,/,",,
sw10utt/sw_1070_3013.utt,3/sw3013,3013,197,ba,A,107,1,"{F Oh, } neat. /","Oh/UH ,/, neat/JJ ./.",,
sw10utt/sw_1070_3013.utt,3/sw3013,3013,198,sd,B,108,1,sometimes he fixes me breakfast <laughter>. /,sometimes/RB he/PRP fixes/VBZ me/PRP breakfast/NN ./.,,
sw10utt/sw_1070_3013.utt,3/sw3013,3013,199,ba,A,109,1,"{F Oh, } wow, that's great <laughter>. /","Oh/UH ,/, wow/UH ,/, that/DT 's/BES great/JJ ./.",,
sw10utt/sw_1070_3013.utt,3/sw3013,3013,200,b,B,110,1,"Yeah,  /","Yeah/UH ,/,",,
sw10utt/sw_1070_3013.utt,3/sw3013,3013,201,sd,B,110,2,"I like it,  /","I/PRP like/VBP it/PRP ,/,",,
sw10utt/sw_1070_3013.utt,3/sw3013,3013,202,sd,B,110,3,I like it a lot. /,I/PRP like/VBP it/PRP a/DT lot/NN ./.,,
sw10utt/sw_1070_3013.utt,3/sw3013,3013,203,qw,A,111,1,How old is he? /,How/WRB old/JJ is/VBZ he/PRP ?/.,,
sw10utt/sw_1070_3013.utt,3/sw3013,3013,204,sd,B,112,1,He's eleven. /,He/PRP 's/BES eleven/CD ./.,,
sw10utt/sw_1070_3013.utt,3/sw3013,3013,205,b^m,A,113,1,"Eleven,  /","Eleven/CD ,/,",,
sw10utt/sw_1070_3013.utt,3/sw3013,3013,206,ba,A,113,2,"wow,","wow/UH ,/,",,
sw10utt/sw_1070_3013.utt,3/sw3013,3013,207,b,B,114,1,Uh-huh. /,Uh-huh/UH ./.,,
sw10utt/sw_1070_3013.utt,3/sw3013,3013,208,+,A,115,1,that's good. /,that/DT 's/BES good/JJ ./.,,
sw10utt/sw_1070_3013.utt,3/sw3013,3013,209,b,B,116,1,"Yeah,  /","Yeah/UH ,/,",,
sw10utt/sw_1070_3013.utt,3/sw3013,3013,210,%,B,116,2,"{C so } hi-, -/","so/RB hi-/XX ,/,",,
sw10utt/sw_1070_3013.utt,3/sw3013,3013,211,qy,A,117,1,"Do [ you cook breakfa-, + {D like } you cook a breakfast ]  every morning  /","Do/VBP you/PRP cook/VB breakfa-/NN ,/, like/IN you/PRP cook/VBP a/DT breakfast/NN every/DT morning/NN",,
sw10utt/sw_1070_3013.utt,3/sw3013,3013,212,%,A,117,2,"{C or, } -/","or/CC ,/,",,
sw10utt/sw_1070_3013.utt,3/sw3013,3013,213,ng,B,118,1,"{F Uh, } not every morning, {F uh, }  /","Uh/UH ,/, not/RB every/DT morning/NN ,/, uh/UH ,/,",,
sw10utt/sw_1070_3013.utt,3/sw3013,3013,214,sd,B,118,2,mostly during the summer it's hit and miss  /,mostly/RB during/IN the/DT summer/NN it/PRP 's/BES hit/NN and/CC miss/NN,,
sw10utt/sw_1070_3013.utt,3/sw3013,3013,215,sd,B,118,3,"{C and, }","and/CC ,/,",,
sw10utt/sw_1070_3013.utt,3/sw3013,3013,216,b,A,119,1,Yeah. /,Yeah/UH ./.,,
sw10utt/sw_1070_3013.utt,3/sw3013,3013,217,+,B,120,1,"we usually have {D like, } {F uh, }  cold cereal or something like that. /","we/PRP usually/RB have/VBP like/UH ,/, uh/UH ,/, cold/JJ cereal/NN or/CC something/NN like/IN that/DT ./.",,
sw10utt/sw_1070_3013.utt,3/sw3013,3013,218,b,A,121,1,Yeah. /,Yeah/UH ./.,,
sw10utt/sw_1070_3013.utt,3/sw3013,3013,219,sd,B,122,1,"{F Um, } [ during the su-, + during wintertime ]  when they're in school, {F um, } then I try to vary it so that we only eat  that {D like } [ a twice a, + twice a ] week or  something and then have {D like, } when it's  really cold, I even cook oatmeal,","Um/UH ,/, during/IN the/DT su-/NN ,/, during/IN wintertime/NN when/WRB they/PRP 're/VBP in/IN school/NN ,/, um/UH ,/, then/RB I/PRP try/VBP to/TO vary/VB it/PRP so/IN that/IN we/PRP only/RB eat/VBP that/DT like/UH a/DT twice/RB a/DT ,/, twice/RB a/DT week/NN or/CC something/NN and/CC then/RB have/VB like/IN ,/, when/WRB it/PRP 's/BES really/RB cold/JJ ,/, I/PRP even/JJ cook/VBP oatmeal/NN ,/,",,
sw10utt/sw_1070_3013.utt,3/sw3013,3013,220,b,A,123,1,Uh-huh. /,Uh-huh/UH ./.,,
sw10utt/sw_1070_3013.utt,3/sw3013,3013,221,+,B,124,1,Because I like oatmeal  /,Because/IN I/PRP like/VBP oatmeal/NN,,
sw10utt/sw_1070_3013.utt,3/sw3013,3013,222,sd,B,124,2,"{C and } [ the loo-, + ]  they like it all right. /","and/CC the/DT loo-/XX ,/, they/PRP like/VBP it/PRP all/RB right/RB ./.",,
sw10utt/sw_1070_3013.utt,3/sw3013,3013,223,b,A,125,1,Yeah. /,Yeah/UH ./.,,
sw10utt/sw_1070_3013.utt,3/sw3013,3013,224,sd,B,126,1,"{C And, } {F um, } {C then } sometimes we  do something,  /","And/CC ,/, um/UH ,/, then/RB sometimes/RB we/PRP do/VBP something/NN ,/,",,
sw10utt/sw_1070_3013.utt,3/sw3013,3013,225,sd,B,126,2,"it has to be fast because they're on their way to school,  /","it/PRP has/VBZ to/TO be/VB fast/JJ because/IN they/PRP 're/VBP on/IN their/PRP$ way/NN to/IN school/NN ,/,",,
sw10utt/sw_1070_3013.utt,3/sw3013,3013,226,sd,B,126,3,"we do {D like } Eggo  waffles and stuff like that,  /","we/PRP do/VBP like/VB Eggo/NNP waffles/NNS and/CC stuff/NN like/IN that/DT ,/,",,
sw10utt/sw_1070_3013.utt,3/sw3013,3013,227,%,B,126,4,{C but. } -/,but/CC ./.,,
sw10utt/sw_1070_3013.utt,3/sw3013,3013,228,b,A,127,1,"{F Oh, } uh-huh,  /","Oh/UH ,/, uh-huh/UH ,/,",,
sw10utt/sw_1070_3013.utt,3/sw3013,3013,229,b,A,127,2,yeah. /,yeah/UH ./.,,
sw10utt/sw_1070_3013.utt,3/sw3013,3013,230,b,B,128,1,"Yeah,  /","Yeah/UH ,/,",,
sw10utt/sw_1070_3013.utt,3/sw3013,3013,231,%,B,128,2,"{C so, } I try to, {F uh, } - /","so/RB ,/, I/PRP try/VBP to/TO ,/, uh/UH ,/,",,
sw10utt/sw_1070_3013.utt,3/sw3013,3013,232,sd,B,128,3,{C and }  sometimes we do eggs if I get up early enough to do that.  /,and/CC sometimes/RB we/PRP do/VBP eggs/NNS if/IN I/PRP get/VBP up/RP early/JJ enough/RB to/TO do/VB that/DT ./.,,
sw10utt/sw_1070_3013.utt,3/sw3013,3013,233,sd,B,128,4,"I used to do them in the microwave,  /","I/PRP used/VBD to/TO do/VB them/PRP in/IN the/DT microwave/NN ,/,",,
sw10utt/sw_1070_3013.utt,3/sw3013,3013,234,sd,B,128,5,{C but } they don't like that. /,but/CC they/PRP do/VBP n't/RB like/VB that/DT ./.,,
sw10utt/sw_1070_3013.utt,3/sw3013,3013,235,qy,A,129,1,"{F Oh, } do they get rubbery,  /","Oh/UH ,/, do/VBP they/PRP get/VB rubbery/JJ ,/,",,
sw10utt/sw_1070_3013.utt,3/sw3013,3013,236,%,A,129,2,"{C or, } -/","or/CC ,/,",,
sw10utt/sw_1070_3013.utt,3/sw3013,3013,237,%,B,130,1,{F Um. } /,Um/UH ./.,,
sw10utt/sw_1070_3013.utt,3/sw3013,3013,238,sd,A,131,1,I've never tried it. /,I/PRP 've/VBP never/RB tried/VBN it/PRP ./.,,
sw10utt/sw_1070_3013.utt,3/sw3013,3013,239,no,B,132,1,"[ It de-, + it depends. ]  /","It/PRP de/VBZ ,/, it/PRP depends/VBZ ./.",,
sw10utt/sw_1070_3013.utt,3/sw3013,3013,240,sd,B,132,2,If you let them cook too long --,If/IN you/PRP let/VBP them/PRP cook/VB too/RB long/JJ --/:,,
sw10utt/sw_1070_3013.utt,3/sw3013,3013,241,b,A,133,1,Uh-huh. /,Uh-huh/UH ./.,,
sw10utt/sw_1070_3013.utt,3/sw3013,3013,242,+,B,134,1,-- then they'll turn a little bit gray.  /,--/: then/RB they/PRP 'll/MD turn/VB a/DT little/JJ bit/NN gray/JJ ./.,,
sw10utt/sw_1070_3013.utt,3/sw3013,3013,243,sd,B,134,2,You can tell if they've gone to long because they'll turn a little bit gray  /,You/PRP can/MD tell/VB if/IN they/PRP 've/VBP gone/VBN to/RB long/RB because/IN they/PRP 'll/MD turn/VB a/DT little/JJ bit/NN gray/JJ,,
sw10utt/sw_1070_3013.utt,3/sw3013,3013,244,sd,B,134,3,"{C and } they will be a little harder,  /","and/CC they/PRP will/MD be/VB a/DT little/RB harder/JJR ,/,",,
sw10utt/sw_1070_3013.utt,3/sw3013,3013,245,sd,B,134,4,{C and } I don't like that. /,and/CC I/PRP do/VBP n't/RB like/VB that/DT ./.,,
sw10utt/sw_1070_3013.utt,3/sw3013,3013,246,b,A,135,1,Yeah. /,Yeah/UH ./.,,
sw10utt/sw_1070_3013.utt,3/sw3013,3013,247,sd,B,136,1,"{C So } you have to just let it cook a  little bit less than what it says  in, if you have a microwave book,  /","So/RB you/PRP have/VBP to/TO just/RB let/VB it/PRP cook/VB a/DT little/JJ bit/NN less/JJR than/IN what/WP it/PRP says/VBZ in/IN ,/, if/IN you/PRP have/VBP a/DT microwave/NN book/NN ,/,",,
sw10utt/sw_1070_3013.utt,3/sw3013,3013,248,sd,B,136,2,"{C but } you cook it a little  bit less and then let it sit with [ a, + {D like } a ] plate over the top. /","but/CC you/PRP cook/VBP it/PRP a/DT little/JJ bit/NN less/JJR and/CC then/RB let/VB it/PRP sit/VB with/IN a/DT ,/, like/UH a/DT plate/NN over/IN the/DT top/NN ./.",,
sw10utt/sw_1070_3013.utt,3/sw3013,3013,249,b,A,137,1,Oh. /,Oh/UH ./.,,
sw10utt/sw_1070_3013.utt,3/sw3013,3013,250,sd,B,138,1,{C And } let it steam. /,And/CC let/VB it/PRP steam/VB ./.,,
sw10utt/sw_1070_3013.utt,3/sw3013,3013,251,b,A,139,1,Uh-huh. /,Uh-huh/UH ./.,,
sw10utt/sw_1070_3013.utt,3/sw3013,3013,252,sd,B,140,1,"[ {C And then, } + {C and then } ] stir it up. /","And/CC then/RB ,/, and/CC then/RB stir/VB it/PRP up/RP ./.",,
sw10utt/sw_1070_3013.utt,3/sw3013,3013,253,b,A,141,1,{F Huh. } /,Huh/UH ./.,,
sw10utt/sw_1070_3013.utt,3/sw3013,3013,254,b,B,142,1,"Yeah,  /","Yeah/UH ,/,",,
sw10utt/sw_1070_3013.utt,3/sw3013,3013,255,sd,B,142,2,"[ {C an, } + {C and } ] that turns out okay. /","an/DT ,/, and/CC that/DT turns/VBZ out/RP okay/RB ./.",,
sw10utt/sw_1070_3013.utt,3/sw3013,3013,256,b,A,143,1,Yeah. /,Yeah/UH ./.,,
sw10utt/sw_1070_3013.utt,3/sw3013,3013,257,sd,B,144,1,"{C And } it's funny 'cause if I turn  them out [ on to a di-, i-, + on to ] {D like } a plate, for them to take what they want, <child_talking> --","And/CC it/PRP 's/BES funny/JJ 'cause/IN if/IN I/PRP turn/VBP them/PRP out/RB on/IN to/IN a/DT di-/XX ,/, i-/XX ,/, on/IN to/IN like/UH a/DT plate/NN ,/, for/IN them/PRP to/TO take/VB what/WP they/PRP want/VBP ,/, --/:",,
sw10utt/sw_1070_3013.utt,3/sw3013,3013,258,sd,A,145,1,Uh-huh. /,Uh-huh/UH ./.,,
sw10utt/sw_1070_3013.utt,3/sw3013,3013,259,+,B,146,1,-- they don't know I've ever done it in a microwave. /,--/: they/PRP do/VBP n't/RB know/VB I/PRP 've/VB ever/RB done/VBN it/PRP in/IN a/DT microwave/NN ./.,,
sw10utt/sw_1070_3013.utt,3/sw3013,3013,260,x,A,147,1,<Laughter>.,,,
sw10utt/sw_1070_3013.utt,3/sw3013,3013,261,sv,B,148,1,"It's really funny,  /","It/PRP 's/BES really/RB funny/JJ ,/,",,
sw10utt/sw_1070_3013.utt,3/sw3013,3013,262,sd(^q),B,148,2,"it's very deceiving, {D you know, }  'cause if they see it with their eyes they go, {F uh, } I don't {D like } want that,","it/PRP 's/BES very/RB deceiving/JJ ,/, you/PRP know/VBP ,/, 'cause/IN if/IN they/PRP see/VBP it/PRP with/IN their/PRP$ eyes/NNS they/PRP go/VBP ,/, uh/UH ,/, I/PRP do/VBP n't/RB like/UH want/VB that/DT ,/,",,
sw10utt/sw_1070_3013.utt,3/sw3013,3013,263,b,A,149,1,Yeah  /,Yeah/UH,,
sw10utt/sw_1070_3013.utt,3/sw3013.pos,3013,264,x,A,149,2,<laughter>.,./.
sw10utt/sw_1070_3013.utt,3/sw3013,3013,265,+,B,150,1,"{D you know, }  /","you/PRP know/VBP ,/,",,
sw10utt/sw_1070_3013.utt,3/sw3013,3013,266,sd,B,150,2,"{C and } yet if they don't  ever see it, [ th-, + then ] it's like, {F oh } this tastes okay, {D you know, }  /","and/CC yet/RB if/IN they/PRP do/VBP n't/RB ever/RB see/VB it/PRP ,/, th-/RB ,/, then/RB it/PRP 's/BES like/IN ,/, oh/UH this/DT tastes/VBZ okay/JJ ,/, you/PRP know/VBP ,/,",,
sw10utt/sw_1070_3013.utt,3/sw3013,3013,267,%,B,150,3,{C so. } -/,so/RB ./.,,
sw10utt/sw_1070_3013.utt,3/sw3013,3013,268,b,A,151,1,Yeah. /,Yeah/UH ./.,,
sw10utt/sw_1070_3013.utt,3/sw3013,3013,269,%,B,152,1,{D Anyway. } -/,Anyway/RB ./.,,
sw10utt/sw_1070_3013.utt,3/sw3013,3013,270,sd,A,153,1,"We had, - /","We/PRP had/VBD ,/,",,
sw10utt/sw_1070_3013.utt,3/sw3013,3013,271,sd,A,153,2,my grandmother used to do that to us with things like squash.  /,my/PRP$ grandmother/NN used/VBD to/TO do/VB that/DT to/IN us/PRP with/IN things/NNS like/IN squash/NN ./.,,
sw10utt/sw_1070_3013.utt,3/sw3013,3013,272,sd,A,153,3,"Everybody would say we don't like squash,  we won't eat squash,  /","Everybody/NN would/MD say/VB we/PRP do/VB n't/RB like/VB squash/NN ,/, we/PRP wo/MD n't/RB eat/VB squash/NN ,/,",,
sw10utt/sw_1070_3013.utt,3/sw3013,3013,273,sd,A,153,4,"{C so } she would make these fancy casseroles and hide it in there, {D you know, } /","so/IN she/PRP would/MD make/VB these/DT fancy/JJ casseroles/NNS and/CC hide/VB it/PRP in/IN there/RB ,/, you/PRP know/VBP ,/,",,
sw10utt/sw_1070_3013.utt,3/sw3013,3013,274,b,B,154,1,Yeah  /,Yeah/UH,,
sw10utt/sw_1070_3013.utt,3/sw3013.pos,3013,275,x,B,154,2,<laughter>.,./.
sw10utt/sw_1070_3013.utt,3/sw3013,3013,276,sd(^q),A,155,1,"{C and then } we'd go, {F oh, } this is really good. /","and/CC then/RB we/PRP 'd/MD go/VB ,/, oh/UH ,/, this/DT is/VBZ really/RB good/JJ ./.",,
