swda_filename,ptb_basename,conversation_no,transcript_index,act_tag,caller,utterance_index,subutterance_index,text,pos,trees,ptb_treenumbers
sw10utt/sw_1012_3527.utt,3/sw3527,3527,0,o,A,1,1,"Okay,  /","Okay/UH ,/,",,
sw10utt/sw_1012_3527.utt,3/sw3527,3527,1,qr,A,1,2,"[ do, + do  ] you have a home, or apartment? /","do/VBP ,/, do/VBP you/PRP have/VB a/DT home/NN ,/, or/CC apartment/NN ?/.",,
sw10utt/sw_1012_3527.utt,3/sw3527,3527,2,ny,B,2,1,"Uh-huh,  /","Uh-huh/UH ,/,",,
sw10utt/sw_1012_3527.utt,3/sw3527,3527,3,sd^e,B,2,2,I have a home. /,I/PRP have/VBP a/DT home/NN ./.,,
sw10utt/sw_1012_3527.utt,3/sw3527,3527,4,bk,A,3,1,"Okay,  /","Okay/UH ,/,",,
sw10utt/sw_1012_3527.utt,3/sw3527,3527,5,qy,A,3,2,do you have to do a lot of upkeep? /,do/VBP you/PRP have/VB to/TO do/VB a/DT lot/NN of/IN upkeep/NN ?/.,,
sw10utt/sw_1012_3527.utt,3/sw3527,3527,6,ng,B,4,1,"Not really,  /","Not/RB really/RB ,/,",,
sw10utt/sw_1012_3527.utt,3/sw3527,3527,7,sd,B,4,2,we have a small backyard and small front yard -- /,we/PRP have/VBP a/DT small/JJ backyard/NN and/CC small/JJ front/NN yard/NN --/:,,
sw10utt/sw_1012_3527.utt,3/sw3527,3527,8,b,A,5,1,Uh-huh. /,Uh-huh/UH ./.,,
sw10utt/sw_1012_3527.utt,3/sw3527,3527,9,sd,B,6,1,"-- {C but, } {F uh, } {F uh, } I do basically {D like } the shrubbery and the planting and the weeding  /","--/: but/CC ,/, uh/UH ,/, uh/UH ,/, I/PRP do/VBP basically/RB like/IN the/DT shrubbery/NN and/CC the/DT planting/NN and/CC the/DT weeding/NN",,
sw10utt/sw_1012_3527.utt,3/sw3527,3527,10,sd,B,6,2,{C and } he mows the lawn because the lawn mower is too heavy <laughter>. /,and/CC he/PRP mows/VBZ the/DT lawn/NN because/IN the/DT lawn/NN mower/NN is/VBZ too/RB heavy/JJ ./.,,
sw10utt/sw_1012_3527.utt,3/sw3527,3527,11,x,A,7,1,<Laughter>.,,,
sw10utt/sw_1012_3527.utt,3/sw3527,3527,12,sd,B,8,1,That's another story. /,That/DT 's/BES another/DT story/NN ./.,,
sw10utt/sw_1012_3527.utt,3/sw3527,3527,13,bk,A,9,1,Okay <laughter>. /,Okay/UH ./.,,
sw10utt/sw_1012_3527.utt,3/sw3527,3527,14,sd,B,10,1,"<Laughter>  [ {C And, } {F uh, } + {C and, } {F uh, }  ] I do the edging and stuff like that,  /","And/CC ,/, uh/UH ,/, and/CC ,/, uh/UH ,/, I/PRP do/VBP the/DT edging/NN and/CC stuff/NN like/IN that/DT ,/,",,
sw10utt/sw_1012_3527.utt,3/sw3527,3527,15,sd,B,10,2,"{C but, } {F uh, } it doesn't take us that long because [ our, + our  ] yard is so small. /","but/CC ,/, uh/UH ,/, it/PRP does/VBZ n't/RB take/VB us/PRP that/RB long/RB because/IN our/PRP$ ,/, our/PRP$ yard/NN is/VBZ so/RB small/JJ ./.",,
sw10utt/sw_1012_3527.utt,3/sw3527,3527,16,b,A,11,1,Uh-huh. /,Uh-huh/UH ./.,,
sw10utt/sw_1012_3527.utt,3/sw3527,3527,17,sd,B,12,1,"{C But, } {F uh, } I try and do as much, {D you know } flowering as I can, and --","But/CC ,/, uh/UH ,/, I/PRP try/VBP and/CC do/VBP as/RB much/JJ ,/, you/PRP know/VBP flowering/NN as/IN I/PRP can/MD ,/, and/CC --/:",,
sw10utt/sw_1012_3527.utt,3/sw3527,3527,18,b,A,13,1,Uh-huh. /,Uh-huh/UH ./.,,
sw10utt/sw_1012_3527.utt,3/sw3527,3527,19,+,B,14,1,-- that kind of stuff.,--/: that/DT kind/NN of/IN stuff/NN ./.,,
sw10utt/sw_1012_3527.utt,3/sw3527,3527,20,b,A,15,1,Uh-huh. /,Uh-huh/UH ./.,,
sw10utt/sw_1012_3527.utt,3/sw3527,3527,21,+,B,16,1,The seasonal things. /,The/DT seasonal/JJ things/NNS ./.,,
sw10utt/sw_1012_3527.utt,3/sw3527,3527,22,b,A,17,1,"Yeah,  /","Yeah/UH ,/,",,
sw10utt/sw_1012_3527.utt,3/sw3527,3527,23,b,A,17,2,uh-huh. /,uh-huh/UH ./.,,
sw10utt/sw_1012_3527.utt,3/sw3527,3527,24,sd,B,18,1,"{C But, } {F uh, } <lipsmack> I think we have one of the nicest yards  [ in the, + in the  ] neighborhood <laughter>. /","But/CC ,/, uh/UH ,/, I/PRP think/VBP we/PRP have/VBP one/CD of/IN the/DT nicest/JJS yards/NNS in/IN the/DT ,/, in/IN the/DT neighborhood/NN ./.",,
sw10utt/sw_1012_3527.utt,3/sw3527,3527,25,ba,A,19,1,"{D Well, } that's nice <laughter>.  /","Well/UH ,/, that/DT 's/BES nice/JJ ./.",,
sw10utt/sw_1012_3527.utt,3/sw3527,3527,26,sd,A,19,2,I wish I could say that. /,I/PRP wish/VBP I/PRP could/MD say/VB that/DT ./.,,
sw10utt/sw_1012_3527.utt,3/sw3527,3527,27,x,B,20,1,<Laughter>.,,,
sw10utt/sw_1012_3527.utt,3/sw3527,3527,28,sd,A,21,1,"Ours is pretty small, too,  /","Ours/PRP is/VBZ pretty/RB small/JJ ,/, too/RB ,/,",,
sw10utt/sw_1012_3527.utt,3/sw3527,3527,29,sd,A,21,2,"{C but } [ it, + it  ] takes about an hour with the two of us working --","but/CC it/PRP ,/, it/PRP takes/VBZ about/RB an/DT hour/NN with/IN the/DT two/CD of/IN us/PRP working/VBG --/:",,
sw10utt/sw_1012_3527.utt,3/sw3527,3527,30,b,B,22,1,Yeah. /,Yeah/UH ./.,,
sw10utt/sw_1012_3527.utt,3/sw3527,3527,31,+,A,23,1,"-- to, {D you know, } do the bushes and all of that sort of thing. /","--/: to/TO ,/, you/PRP know/VBP ,/, do/VBP the/DT bushes/NNS and/CC all/DT of/IN that/DT sort/NN of/IN thing/NN ./.",,
sw10utt/sw_1012_3527.utt,3/sw3527,3527,32,b,B,24,1,Yeah. /,Yeah/UH ./.,,
sw10utt/sw_1012_3527.utt,3/sw3527,3527,33,sd,A,25,1,"{F Uh, } the worst part is controlling the weeds.","Uh/UH ,/, the/DT worst/JJS part/NN is/VBZ controlling/VBG the/DT weeds/NNS ./.",,
sw10utt/sw_1012_3527.utt,3/sw3527,3527,34,b,B,26,1,"{F Oh, } yeah. /","Oh/UH ,/, yeah/UH ./.",,
sw10utt/sw_1012_3527.utt,3/sw3527,3527,35,+,A,27,1,"Which I hate because we don't like to use a lot of the chemicals  and,  because, {D like, } we have a dog [ and, + and,  ] {D you know, } he's going to be out in the yard and who knows who he eats out there. /","Which/WDT I/PRP hate/VBP because/IN we/PRP do/VBP n't/RB like/VB to/TO use/VB a/DT lot/NN of/IN the/DT chemicals/NNS and/CC ,/, because/IN ,/, like/IN ,/, we/PRP have/VBP a/DT dog/NN and/CC ,/, and/CC ,/, you/PRP know/VBP ,/, he/PRP 's/BES going/VBG to/TO be/VB out/IN in/IN the/DT yard/NN and/CC who/WP knows/VBZ who/WP he/PRP eats/VBZ out/IN there/RB ./.",,
sw10utt/sw_1012_3527.utt,3/sw3527,3527,36,ba,B,28,1,That's true. /,That/DT 's/BES true/JJ ./.,,
sw10utt/sw_1012_3527.utt,3/sw3527,3527,37,sd,A,29,1,{C But } we try not to use them but we end up using some anyway.  /,But/CC we/PRP try/VBP not/RB to/TO use/VB them/PRP but/CC we/PRP end/VBP up/RP using/VBG some/DT anyway/RB ./.,,
sw10utt/sw_1012_3527.utt,3/sw3527,3527,38,^h,A,29,2,"{F Uh } <lipsmack>, {F um, } what else.  /","Uh/UH ,/, um/UH ,/, what/WP else/RB ./.",,
sw10utt/sw_1012_3527.utt,3/sw3527,3527,39,sd,A,29,3,"I get to put out all the Christmas lights out there and all that,","I/PRP get/VBP to/TO put/VB out/RB all/PDT the/DT Christmas/NNP lights/NNS out/IN there/RB and/CC all/PDT that/DT ,/,",,
sw10utt/sw_1012_3527.utt,3/sw3527,3527,40,x,B,30,1,<Laughter>.,,,
sw10utt/sw_1012_3527.utt,3/sw3527,3527,41,+,A,31,1,sort of thing <laughter>. /,sort/NN of/IN thing/NN ./.,,
sw10utt/sw_1012_3527.utt,3/sw3527,3527,42,sd,B,32,1,I don't <laughter>. /,I/PRP do/VBP n't/RB ./.,,
sw10utt/sw_1012_3527.utt,3/sw3527,3527,43,bh,A,33,1,No? /,No/UH ?/.,,
sw10utt/sw_1012_3527.utt,3/sw3527,3527,44,nn,B,34,1,"No,  /","No/UH ,/,",,
sw10utt/sw_1012_3527.utt,3/sw3527,3527,45,sd^e,B,34,2,he does that. /,he/PRP does/VBZ that/DT ./.,,
sw10utt/sw_1012_3527.utt,3/sw3527,3527,46,bk,A,35,1,"{F Oh, } okay. /","Oh/UH ,/, okay/UH ./.",,
sw10utt/sw_1012_3527.utt,3/sw3527,3527,47,x,B,36,1,<Laughter>.,,,
sw10utt/sw_1012_3527.utt,3/sw3527,3527,48,sd,A,37,1,"{D Well, } [ if they, + if they  ] go up - /","Well/UH ,/, if/IN they/PRP ,/, if/IN they/PRP go/VBP up/RB",,
sw10utt/sw_1012_3527.utt,3/sw3527,3527,49,sd,A,37,2,"{D like, } one year we --","like/IN ,/, one/CD year/NN we/PRP --/:",,
sw10utt/sw_1012_3527.utt,3/sw3527,3527,50,b,B,38,1,Uh-huh. /,Uh-huh/UH ./.,,
sw10utt/sw_1012_3527.utt,3/sw3527,3527,51,+,A,39,1,-- did the edge of the house --,--/: did/VBD the/DT edge/NN of/IN the/DT house/NN --/:,,
sw10utt/sw_1012_3527.utt,3/sw3527,3527,52,b,B,40,1,Yeah. /,Yeah/UH ./.,,
sw10utt/sw_1012_3527.utt,3/sw3527,3527,53,+,A,41,1,-- all the way up on the roof  /,--/: all/PDT the/DT way/NN up/IN on/IN the/DT roof/NN,,
sw10utt/sw_1012_3527.utt,3/sw3527,3527,54,%,A,41,2,{C and } [ I -- +,and/CC I/PRP --/:,,
sw10utt/sw_1012_3527.utt,3/sw3527,3527,55,b@,B,42,1,Oh.,Oh/UH ./.,,
sw10utt/sw_1012_3527.utt,3/sw3527,3527,56,+,A,43,1,-- I ] went up on the roof once and I'll never do it again <laughter>. /,--/: I/PRP went/VBD up/IN on/IN the/DT roof/NN once/RB and/CC I/PRP 'll/MD never/RB do/VB it/PRP again/RB ./.,,
sw10utt/sw_1012_3527.utt,3/sw3527,3527,57,+@,B,44,1,"{F Oh, } God. /","Oh/UH ,/, God/UH ./.",,
sw10utt/sw_1012_3527.utt,3/sw3527,3527,58,sd,A,45,1,I decided I was afraid <laughter>. /,I/PRP decided/VBD I/PRP was/VBD afraid/JJ ./.,,
sw10utt/sw_1012_3527.utt,3/sw3527,3527,59,b,B,46,1,Yeah.  /,Yeah/UH ./.,,
sw10utt/sw_1012_3527.utt,3/sw3527,3527,60,ba,B,46,2,Don't blame you <<very faint>>. /,Do/VBP n't/RB blame/VB you/PRP ./.,,
sw10utt/sw_1012_3527.utt,3/sw3527,3527,61,sd,A,47,1,"{C So } this year, he got lazy so I said, fine  /","So/RB this/DT year/NN ,/, he/PRP got/VBD lazy/JJ so/RB I/PRP said/VBD ,/, fine/UH",,
sw10utt/sw_1012_3527.utt,3/sw3527,3527,62,sd,A,47,2,I'll put some on the bushes.   /,I/PRP 'll/MD put/VB some/DT on/IN the/DT bushes/NNS ./.,,
sw10utt/sw_1012_3527.utt,3/sw3527,3527,63,sd,A,47,3,"{C And } that's about it,  /","And/CC that/DT 's/BES about/RB it/PRP ,/,",,
sw10utt/sw_1012_3527.utt,3/sw3527,3527,64,sd,A,47,4,that's all --,that/DT 's/BES all/DT --/:,,
sw10utt/sw_1012_3527.utt,3/sw3527,3527,65,b,B,48,1,Yeah. /,Yeah/UH ./.,,
sw10utt/sw_1012_3527.utt,3/sw3527,3527,66,+,A,49,1,-- it gets. /,--/: it/PRP gets/VBZ ./.,,
sw10utt/sw_1012_3527.utt,3/sw3527,3527,67,b,B,50,1,"{F Huh, } okay,  /","Huh/UH ,/, okay/UH ,/,",,
sw10utt/sw_1012_3527.utt,3/sw3527,3527,68,sd,B,50,2,we don't have that many bushes to put them on.  /,we/PRP do/VBP n't/RB have/VB that/RB many/JJ bushes/NNS to/TO put/VB them/PRP on/RB ./.,,
sw10utt/sw_1012_3527.utt,3/sw3527,3527,69,sd,B,50,3,"{F Uh, } <lipsmack> [ our, + our  ] yard is very, {F uh, } narrow -- /","Uh/UH ,/, our/PRP$ ,/, our/PRP$ yard/NN is/VBZ very/RB ,/, uh/UH ,/, narrow/JJ --/:",,
sw10utt/sw_1012_3527.utt,3/sw3527,3527,70,b,A,51,1,Uh-huh. /,Uh-huh/UH ./.,,
sw10utt/sw_1012_3527.utt,3/sw3527,3527,71,sd,B,52,1,"-- {C and } {C so } we have some bushes, but we don't have too many,  /","--/: and/CC so/RB we/PRP have/VBP some/DT bushes/NNS ,/, but/CC we/PRP do/VBP n't/RB have/VB too/RB many/JJ ,/,",,
sw10utt/sw_1012_3527.utt,3/sw3527,3527,72,sd,B,52,2,{C but } we have a nice tree in the front  /,but/CC we/PRP have/VBP a/DT nice/JJ tree/NN in/IN the/DT front/NN,,
sw10utt/sw_1012_3527.utt,3/sw3527,3527,73,sd,B,52,3,{C and } --,and/CC --/:,,
sw10utt/sw_1012_3527.utt,3/sw3527,3527,74,b,A,53,1,Uh-huh. /,Uh-huh/UH ./.,,
sw10utt/sw_1012_3527.utt,3/sw3527,3527,75,+,B,54,1,"-- {F uh, } we have [ people that, + an association that  ] comes and mows everybody's front yard -- /","--/: uh/UH ,/, we/PRP have/VBP people/NNS that/WDT ,/, an/DT association/NN that/WDT comes/VBZ and/CC mows/VBZ everybody/NN 's/POS front/JJ yard/NN --/:",,
sw10utt/sw_1012_3527.utt,3/sw3527,3527,76,ba,A,55,1,"{F Oh, } wow. /","Oh/UH ,/, wow/UH ./.",,
sw10utt/sw_1012_3527.utt,3/sw3527,3527,77,sd,B,56,1,"-- {C and, } {F uh, } they keep hitting [ it, + the tree  ] with the lawn mower. /","--/: and/CC ,/, uh/UH ,/, they/PRP keep/VBP hitting/VBG it/PRP ,/, the/DT tree/NN with/IN the/DT lawn/NN mower/NN ./.",,
sw10utt/sw_1012_3527.utt,3/sw3527,3527,78,ba,A,57,1,"{F Oh, } no. /","Oh/UH ,/, no/UH ./.",,
sw10utt/sw_1012_3527.utt,3/sw3527,3527,79,sd,B,58,1,"{D You know, } every time you do that, it, {F uh, } kind of kills the tree for a while. /","You/PRP know/VBP ,/, every/DT time/NN you/PRP do/VBP that/DT ,/, it/PRP ,/, uh/UH ,/, kind/RB of/RB kills/VBZ the/DT tree/NN for/IN a/DT while/NN ./.",,
sw10utt/sw_1012_3527.utt,3/sw3527,3527,80,b,A,59,1,Yeah. /,Yeah/UH ./.,,
sw10utt/sw_1012_3527.utt,3/sw3527,3527,81,sd,B,60,1,{C And } {C so } that's kind of stunt its growth for just a while until we get it back going again. /,And/CC so/RB that/DT 's/BES kind/RB of/RB stunt/VB its/PRP$ growth/NN for/IN just/RB a/DT while/NN until/IN we/PRP get/VBP it/PRP back/RB going/VBG again/RB ./.,,
sw10utt/sw_1012_3527.utt,3/sw3527,3527,82,b,A,61,1,Oh. /,Oh/UH ./.,,
sw10utt/sw_1012_3527.utt,3/sw3527,3527,83,sd,B,62,1,{C And } we started mowing our own lawn -- /,And/CC we/PRP started/VBD mowing/VBG our/PRP$ own/JJ lawn/NN --/:,,
sw10utt/sw_1012_3527.utt,3/sw3527,3527,84,b,A,63,1,Uh-huh. /,Uh-huh/UH ./.,,
sw10utt/sw_1012_3527.utt,3/sw3527,3527,85,sd,B,64,1,-- {C because } they were doing that.  /,--/: because/IN they/PRP were/VBD doing/VBG that/DT ./.,,
sw10utt/sw_1012_3527.utt,3/sw3527,3527,86,sd,B,64,2,"{C And } {C so, } anyways I have a nice full tree now  /","And/CC so/RB ,/, anyways/UH I/PRP have/VBP a/DT nice/JJ full/JJ tree/NN now/RB",,
sw10utt/sw_1012_3527.utt,3/sw3527,3527,87,sd,B,64,3,"[ {C and, } + {C and }  ] [ we put + ((   )) , we fill  ] it with lights  and --","and/CC ,/, and/CC we/PRP put/VBP MUMBLEx/XX ,/, we/PRP fill/VBP it/PRP with/IN lights/NNS and/CC --/:",,
sw10utt/sw_1012_3527.utt,3/sw3527,3527,88,b,A,65,1,Uh-huh. /,Uh-huh/UH ./.,,
sw10utt/sw_1012_3527.utt,3/sw3527,3527,89,+,B,66,1,-- that kind of thing. /,--/: that/DT kind/NN of/IN thing/NN ./.,,
sw10utt/sw_1012_3527.utt,3/sw3527,3527,90,b,A,67,1,Uh-huh. /,Uh-huh/UH ./.,,
sw10utt/sw_1012_3527.utt,3/sw3527,3527,91,%,B,68,1,"{D So, } -/","So/UH ,/,",,
sw10utt/sw_1012_3527.utt,3/sw3527,3527,92,%,A,69,1,{F Um. } /,Um/UH ./.,,
sw10utt/sw_1012_3527.utt,3/sw3527,3527,93,sd,B,70,1,"{C And } [ they would, + {F uh, } they  ] also edged, - /","And/CC they/PRP would/MD ,/, uh/UH ,/, they/PRP also/RB edged/VBD ,/,",,
sw10utt/sw_1012_3527.utt,3/sw3527,3527,94,sd,B,70,2,"[ when + ] they would edge [ in, + into  ] the shrubbery <laughter>  [ and -- + ]","when/WRB they/PRP would/MD edge/VB in/IN ,/, into/IN the/DT shrubbery/NN and/CC --/:",,
sw10utt/sw_1012_3527.utt,3/sw3527,3527,95,ba@,A,71,1,"{F Oh, } no <laughter>.","Oh/UH ,/, no/UH ./.",,
sw10utt/sw_1012_3527.utt,3/sw3527,3527,96,+,B,72,1,"-- {F oh, } gosh, it was getting really bad,  /","--/: oh/UH ,/, gosh/UH ,/, it/PRP was/VBD getting/VBG really/RB bad/JJ ,/,",,
sw10utt/sw_1012_3527.utt,3/sw3527,3527,97,%,B,72,2,"{C so } we, -/","so/RB we/PRP ,/,",,
sw10utt/sw_1012_3527.utt,3/sw3527,3527,98,+,A,73,1,"{C But } you still have to pay for it, [ though, + even though  ] they're not going to do it? /","But/CC you/PRP still/RB have/VBP to/TO pay/VB for/IN it/PRP ,/, though/RB ,/, even/RB though/IN they/PRP 're/VBP not/RB going/VBG to/TO do/VB it/PRP ?/.",,
sw10utt/sw_1012_3527.utt,3/sw3527,3527,99,ny,B,74,1,"Yeah,  /","Yeah/UH ,/,",,
sw10utt/sw_1012_3527.utt,3/sw3527,3527,100,sd^e,B,74,2,{C because } it's an association fee. /,because/IN it/PRP 's/BES an/DT association/NN fee/NN ./.,,
sw10utt/sw_1012_3527.utt,3/sw3527,3527,101,qy,A,75,1,"{F Oh, } is it real expensive? /","Oh/UH ,/, is/VBZ it/PRP real/RB expensive/JJ ?/.",,
sw10utt/sw_1012_3527.utt,3/sw3527,3527,102,ny,B,76,1,Yes -- /,Yes/UH --/:,,
sw10utt/sw_1012_3527.utt,3/sw3527,3527,103,ba,A,77,1,"{F Oh, } gosh. /","Oh/UH ,/, gosh/UH ./.",,
sw10utt/sw_1012_3527.utt,3/sw3527,3527,104,sd,B,78,1,-- it's {D like } seventy a month. /,--/: it/PRP 's/BES like/IN seventy/CD a/DT month/NN ./.,,
sw10utt/sw_1012_3527.utt,3/sw3527,3527,105,ba,A,79,1,"{F Oh, } my goodness. /","Oh/UH ,/, my/PRP$ goodness/NN ./.",,
sw10utt/sw_1012_3527.utt,3/sw3527,3527,106,b,B,80,1,"Yeah,  /","Yeah/UH ,/,",,
sw10utt/sw_1012_3527.utt,3/sw3527,3527,107,sd,B,80,2,"{C and } I don't like, - /","and/CC I/PRP do/VBP n't/RB like/VB ,/,",,
sw10utt/sw_1012_3527.utt,3/sw3527,3527,108,sd,B,80,3,"[  I, + I  ] just get really upset every time I make that check out. /","I/PRP ,/, I/PRP just/RB get/VBP really/RB upset/JJ every/DT time/NN I/PRP make/VBP that/DT check/NN out/RP ./.",,
sw10utt/sw_1012_3527.utt,3/sw3527,3527,109,b,A,81,1,Yeah. /,Yeah/UH ./.,,
sw10utt/sw_1012_3527.utt,3/sw3527,3527,110,%,B,82,1,"{C But, } {F uh, } -/","But/CC ,/, uh/UH ,/,",,
sw10utt/sw_1012_3527.utt,3/sw3527,3527,111,qy,A,83,1,"{D Well, } [  do, +  do  ] they do other things for you all? /","Well/UH ,/, do/VBP ,/, do/VBP they/PRP do/VB other/JJ things/NNS for/IN you/PRP all/DT ?/.",,
sw10utt/sw_1012_3527.utt,3/sw3527,3527,112,sd,B,84,1,"They take care of the, {F uh, } landscape,  /","They/PRP take/VBP care/NN of/IN the/DT ,/, uh/UH ,/, landscape/NN ,/,",,
sw10utt/sw_1012_3527.utt,3/sw3527,3527,113,sd,B,84,2,{C because } we live in a cul-de-sac  /,because/IN we/PRP live/VBP in/IN a/DT cul-de-sac/NN,,
sw10utt/sw_1012_3527.utt,3/sw3527,3527,114,sd,B,84,3,{C and } there is a island in the middle -- /,and/CC there/EX is/VBZ a/DT island/NN in/IN the/DT middle/NN --/:,,
sw10utt/sw_1012_3527.utt,3/sw3527,3527,115,b,A,85,1,Uh-huh. /,Uh-huh/UH ./.,,
sw10utt/sw_1012_3527.utt,3/sw3527,3527,116,sd,B,86,1,-- {C so } they care of that  /,--/: so/RB they/PRP care/VBP of/IN that/DT,,
sw10utt/sw_1012_3527.utt,3/sw3527,3527,117,sd,B,86,2,{C and } there is a pool and they take care of the pool -- /,and/CC there/EX is/VBZ a/DT pool/NN and/CC they/PRP take/VBP care/NN of/IN the/DT pool/NN --/:,,
sw10utt/sw_1012_3527.utt,3/sw3527,3527,118,b,A,87,1,Uh-huh. /,Uh-huh/UH ./.,,
sw10utt/sw_1012_3527.utt,3/sw3527,3527,119,sd,B,88,1,"-- [ {C and, } + {C and }  ] there is a pond,  /","--/: and/CC ,/, and/CC there/EX is/VBZ a/DT pond/NN ,/,",,
sw10utt/sw_1012_3527.utt,3/sw3527,3527,120,sd,B,88,2,they take care of the pond in the park area and that kind of thing. /,they/PRP take/VBP care/NN of/IN the/DT pond/NN in/IN the/DT park/NN area/NN and/CC that/DT kind/NN of/IN thing/NN ./.,,
sw10utt/sw_1012_3527.utt,3/sw3527,3527,121,b,A,89,1,Uh-huh. /,Uh-huh/UH ./.,,
sw10utt/sw_1012_3527.utt,3/sw3527,3527,122,sd,B,90,1,"[ {C And, } + {F uh, } {C so }  ] you're basically paying, {F oh, } - /","And/CC ,/, uh/UH ,/, so/RB you/PRP 're/VBP basically/RB paying/VBG ,/, oh/UH ,/,",,
sw10utt/sw_1012_3527.utt,3/sw3527,3527,123,sd,B,90,2,"{C and } the sprinkler system that, - /","and/CC the/DT sprinkler/NN system/NN that/WDT ,/,",,
sw10utt/sw_1012_3527.utt,3/sw3527,3527,124,%,B,90,3,that - /,that/WDT,,
sw10utt/sw_1012_3527.utt,3/sw3527,3527,125,sd,B,90,4,"our yard doesn't have a sprinkler system, but the island does  /","our/PRP$ yard/NN does/VBZ n't/RB have/VB a/DT sprinkler/NN system/NN ,/, but/CC the/DT island/NN does/VBZ",,
sw10utt/sw_1012_3527.utt,3/sw3527,3527,126,sd,B,90,5,"{C and, } {F uh } --","and/CC ,/, uh/UH --/:",,
sw10utt/sw_1012_3527.utt,3/sw3527,3527,127,b,A,91,1,Uh-huh. /,Uh-huh/UH ./.,,
sw10utt/sw_1012_3527.utt,3/sw3527,3527,128,+,B,92,1,-- certain sharing areas have sprinkler systems  /,--/: certain/JJ sharing/NN areas/NNS have/VBP sprinkler/NN systems/NNS,,
sw10utt/sw_1012_3527.utt,3/sw3527,3527,129,sd,B,92,2,{C and } --,and/CC --/:,,
sw10utt/sw_1012_3527.utt,3/sw3527,3527,130,b,A,93,1,Uh-huh. /,Uh-huh/UH ./.,,
sw10utt/sw_1012_3527.utt,3/sw3527,3527,131,+,B,94,1,"-- {C and } {C so } that way if someone moves out, the entire neighborhood is mowed and watered and that kind of thing, {D you know. } /","--/: and/CC so/RB that/DT way/NN if/IN someone/NN moves/VBZ out/RB ,/, the/DT entire/JJ neighborhood/NN is/VBZ mowed/VBN and/CC watered/VBN and/CC that/DT kind/NN of/IN thing/NN ,/, you/PRP know/VBP ./.",,
sw10utt/sw_1012_3527.utt,3/sw3527,3527,132,%,A,95,1,{F Um. } /,Um/UH ./.,,
sw10utt/sw_1012_3527.utt,3/sw3527,3527,133,%,B,96,1,"{C So, } -/","So/UH ,/,",,
sw10utt/sw_1012_3527.utt,3/sw3527,3527,134,qy^g,A,97,1,"{C But } you knew when you moved in, you'd have to pay that, didn't you? /","But/CC you/PRP knew/VBD when/WRB you/PRP moved/VBD in/RB ,/, you/PRP 'd/MD have/VB to/TO pay/VB that/DT ,/, did/VBD n't/RB you/PRP ?/.",,
sw10utt/sw_1012_3527.utt,3/sw3527,3527,135,na,B,98,1,"{D Well, } [ [ it, + it,  ] + it  ] went up what we pay. /","Well/UH ,/, it/PRP ,/, it/PRP ,/, it/PRP went/VBD up/RP what/WP we/PRP pay/VBP ./.",,
sw10utt/sw_1012_3527.utt,3/sw3527,3527,136,b,A,99,1,Oh <laughter>. /,Oh/UH ./.,,
sw10utt/sw_1012_3527.utt,3/sw3527,3527,137,sd,B,100,1,{C And } that's the bad thing.  /,And/CC that/DT 's/BES the/DT bad/JJ thing/NN ./.,,
sw10utt/sw_1012_3527.utt,3/sw3527,3527,138,sd,B,100,2,I just hope it doesn't go up any more  /,I/PRP just/RB hope/VBP it/PRP does/VBZ n't/RB go/VB up/RP any/DT more/RBR,,
sw10utt/sw_1012_3527.utt,3/sw3527,3527,139,sd,B,100,3,{C because } --,because/IN --/:,,
sw10utt/sw_1012_3527.utt,3/sw3527,3527,140,b,A,101,1,Yeah. /,Yeah/UH ./.,,
sw10utt/sw_1012_3527.utt,3/sw3527,3527,141,+,B,102,1,-- we just can't afford it anymore.  /,--/: we/PRP just/RB ca/MD n't/RB afford/VB it/PRP anymore/RB ./.,,
sw10utt/sw_1012_3527.utt,3/sw3527,3527,142,sd,B,102,2,I don't know what to do if you can't afford it <laughter>. /,I/PRP do/VBP n't/RB know/VB what/WP to/TO do/VB if/IN you/PRP ca/MD n't/RB afford/VB it/PRP ./.,,
sw10utt/sw_1012_3527.utt,3/sw3527,3527,143,ba,A,103,1,I don't know either.  /,I/PRP do/VBP n't/RB know/VB either/RB ./.,,
sw10utt/sw_1012_3527.utt,3/sw3527,3527,144,ba,A,103,2,That's interesting. /,That/DT 's/BES interesting/JJ ./.,,
sw10utt/sw_1012_3527.utt,3/sw3527,3527,145,%,B,104,1,"{C So, } {F uh, } {C but, } they're, - /","So/RB ,/, uh/UH ,/, but/CC ,/, they/PRP 're/VBP ,/,",,
sw10utt/sw_1012_3527.utt,3/sw3527,3527,146,sd,B,104,2,that's what they do.  /,that/DT 's/BES what/WP they/PRP do/VBP ./.,,
sw10utt/sw_1012_3527.utt,3/sw3527,3527,147,sd,B,104,3,They take care of basically the front yards [ and + ] --,They/PRP take/VBP care/NN of/IN basically/RB the/DT front/JJ yards/NNS and/CC --/:,,
sw10utt/sw_1012_3527.utt,3/sw3527,3527,148,b,A,105,1,Uh-huh. /,Uh-huh/UH ./.,,
sw10utt/sw_1012_3527.utt,3/sw3527,3527,149,+,B,106,1,-- unless you don't want them to do it. /,--/: unless/IN you/PRP do/VBP n't/RB want/VB them/PRP to/TO do/VB it/PRP ./.,,
sw10utt/sw_1012_3527.utt,3/sw3527,3527,150,%,A,107,1,{D Now } do at a - /,Now/UH do/VBP at/IN a/DT,,
sw10utt/sw_1012_3527.utt,3/sw3527,3527,151,qy,A,107,2,do things like plant bushes and trees? /,do/VB things/NNS like/IN plant/VB bushes/NNS and/CC trees/NNS ?/.,,
sw10utt/sw_1012_3527.utt,3/sw3527,3527,152,%,B,108,1,"They, - /","They/PRP ,/,",,
sw10utt/sw_1012_3527.utt,3/sw3527,3527,153,na,B,108,2,"[ o-, + only  ] [ in, + {D like, } in  ] the common areas and in the island. /","o-/XX ,/, only/RB in/IN ,/, like/IN ,/, in/IN the/DT common/JJ areas/NNS and/CC in/IN the/DT island/NN ./.",,
sw10utt/sw_1012_3527.utt,3/sw3527,3527,154,bk,A,109,1,"{F Oh, } okay. /","Oh/UH ,/, okay/UH ./.",,
sw10utt/sw_1012_3527.utt,3/sw3527,3527,155,sd,B,110,1,{C But } they don't do it in your yard. /,But/CC they/PRP do/VBP n't/RB do/VB it/PRP in/IN your/PRP$ yard/NN ./.,,
sw10utt/sw_1012_3527.utt,3/sw3527,3527,156,qy,A,111,1,"{C So, } there is, {D like, } no restriction on what types of bushes you can have or  anything like that? /","So/RB ,/, there/EX is/VBZ ,/, like/IN ,/, no/DT restriction/NN on/IN what/WP types/NNS of/IN bushes/NNS you/PRP can/MD have/VB or/CC anything/NN like/IN that/DT ?/.",,
sw10utt/sw_1012_3527.utt,3/sw3527,3527,157,na,B,112,1,"Right,  /","Right/UH ,/,",,
sw10utt/sw_1012_3527.utt,3/sw3527,3527,158,ny,B,112,2,"uh-huh,  /","uh-huh/UH ,/,",,
sw10utt/sw_1012_3527.utt,3/sw3527,3527,159,ny,B,112,3,"yeah,  /","yeah/UH ,/,",,
sw10utt/sw_1012_3527.utt,3/sw3527,3527,160,sd^e,B,112,4,"{C so } we've added bushes [ and, +  and  ] shrubbery, too. /","so/RB we/PRP 've/VBP added/VBN bushes/NNS and/CC ,/, and/CC shrubbery/NN ,/, too/RB ./.",,
sw10utt/sw_1012_3527.utt,3/sw3527,3527,161,b,A,113,1,Uh-huh.  /,Uh-huh/UH ./.,,
sw10utt/sw_1012_3527.utt,3/sw3527,3527,162,b,A,113,2,"Yeah,  /","Yeah/UH ,/,",,
sw10utt/sw_1012_3527.utt,3/sw3527,3527,163,sd,A,113,3,when we moved into our house I just hated the bushes they had.  /,when/WRB we/PRP moved/VBD into/IN our/PRP$ house/NN I/PRP just/RB hated/VBD the/DT bushes/NNS they/PRP had/VBD ./.,,
sw10utt/sw_1012_3527.utt,3/sw3527,3527,164,sd,A,113,4,"[ I, + I  ] ripped most of them out and put them somewhere in the back. /","I/PRP ,/, I/PRP ripped/VBD most/JJS of/IN them/PRP out/RB and/CC put/VBD them/PRP somewhere/RB in/IN the/DT back/NN ./.",,
sw10utt/sw_1012_3527.utt,3/sw3527,3527,165,ba,B,114,1,I know. /,I/PRP know/VBP ./.,,
sw10utt/sw_1012_3527.utt,3/sw3527,3527,166,sd,A,115,1,{C And } put new ones out front.  /,And/CC put/VBD new/JJ ones/NNS out/IN front/RB ./.,,
sw10utt/sw_1012_3527.utt,3/sw3527,3527,167,sd,A,115,2,{C But } that was a lot of work. /,But/CC that/DT was/VBD a/DT lot/NN of/IN work/NN ./.,,
sw10utt/sw_1012_3527.utt,3/sw3527,3527,168,b,B,116,1,Yeah. /,Yeah/UH ./.,,
sw10utt/sw_1012_3527.utt,3/sw3527,3527,169,sd,A,117,1,Took me a long time. /,Took/VBD me/PRP a/DT long/JJ time/NN ./.,,
sw10utt/sw_1012_3527.utt,3/sw3527,3527,170,b,B,118,1,"Yeah,  /","Yeah/UH ,/,",,
sw10utt/sw_1012_3527.utt,3/sw3527,3527,171,sd,B,118,2,"<barking> that's what we did when we first moved in, too. /","that/DT 's/BES what/WP we/PRP did/VBD when/WRB we/PRP first/JJ moved/VBD in/RB ,/, too/RB ./.",,
sw10utt/sw_1012_3527.utt,3/sw3527,3527,172,b,A,119,1,Uh-huh. /,Uh-huh/UH ./.,,
sw10utt/sw_1012_3527.utt,3/sw3527,3527,173,sd,B,120,1,Just rearranged some things <laughter>. /,Just/RB rearranged/VBD some/DT things/NNS ./.,,
sw10utt/sw_1012_3527.utt,3/sw3527,3527,174,b,A,121,1,"Yeah,  /","Yeah/UH ,/,",,
sw10utt/sw_1012_3527.utt,3/sw3527,3527,175,sd,A,121,2,"{C and [ then, + then  ] } we put in a sprinkler system,  /","and/CC then/RB ,/, then/RB we/PRP put/VBP in/IN a/DT sprinkler/NN system/NN ,/,",,
sw10utt/sw_1012_3527.utt,3/sw3527,3527,176,sd,A,121,3,"{C and, }","and/CC ,/,",,
sw10utt/sw_1012_3527.utt,3/sw3527,3527,177,b,B,122,1,Oh. /,Oh/UH ./.,,
sw10utt/sw_1012_3527.utt,3/sw3527,3527,178,+,A,123,1,"We won't go through that  again,   /","We/PRP wo/MD n't/RB go/VB through/IN that/DT again/RB ,/,",,
sw10utt/sw_1012_3527.utt,3/sw3527,3527,179,sd,A,123,2,I will pay someone <barking> to do it <laughter>. /,I/PRP will/MD pay/VB someone/NN to/TO do/VB it/PRP ./.,,
sw10utt/sw_1012_3527.utt,3/sw3527,3527,180,bh,B,124,1,"{F Oh, } really? /","Oh/UH ,/, really/UH ?/.",,
sw10utt/sw_1012_3527.utt,3/sw3527,3527,181,sd,A,125,1,"{F Oh, } it took so long. /","Oh/UH ,/, it/PRP took/VBD so/RB long/JJ ./.",,
sw10utt/sw_1012_3527.utt,3/sw3527,3527,182,b,B,126,1,Oh. /,Oh/UH ./.,,
sw10utt/sw_1012_3527.utt,3/sw3527,3527,183,sd,A,127,1,"{C Because } <barking> my husband was, {D you know, } digging the trenches <barking> because he didn't want to get a trencher, {D you know, }  /","Because/IN my/PRP$ husband/NN was/VBD ,/, you/PRP know/VBP ,/, digging/VBG the/DT trenches/NNS because/IN he/PRP did/VBD n't/RB want/VB to/TO get/VB a/DT trencher/NN ,/, you/PRP know/VBP ,/,",,
sw10utt/sw_1012_3527.utt,3/sw3527,3527,184,sd,A,127,2,there is a machine that will --,there/EX is/VBZ a/DT machine/NN that/WDT will/MD --/:,,
sw10utt/sw_1012_3527.utt,3/sw3527,3527,185,b,B,128,1,"{F Oh, } yeah. /","Oh/UH ,/, yeah/UH ./.",,
sw10utt/sw_1012_3527.utt,3/sw3527,3527,186,+,A,129,1,-- do it.  /,--/: do/VB it/PRP ./.,,
sw10utt/sw_1012_3527.utt,3/sw3527,3527,187,sd,A,129,2,"{C Because, } {D you know, } there is so many people that broke either  their water main or their gas main doing it.  /","Because/IN ,/, you/PRP know/VBP ,/, there/EX is/VBZ so/RB many/JJ people/NNS that/WDT broke/VBD either/CC their/PRP$ water/NN main/NN or/CC their/PRP$ gas/NN main/NN doing/VBG it/PRP ./.",,
sw10utt/sw_1012_3527.utt,3/sw3527,3527,188,sv,A,129,3,{C And } <barking> --,And/CC --/:,,
sw10utt/sw_1012_3527.utt,3/sw3527,3527,189,b,B,130,1,Oh. /,Oh/UH ./.,,
sw10utt/sw_1012_3527.utt,3/sw3527,3527,190,+,A,131,1,-- I guess that costs you an absolute fortune. /,--/: I/PRP guess/VBP that/DT costs/VBZ you/PRP an/DT absolute/JJ fortune/NN ./.,,
sw10utt/sw_1012_3527.utt,3/sw3527,3527,191,aa,B,132,1,"That's true,  /","That/DT 's/BES true/JJ ,/,",,
sw10utt/sw_1012_3527.utt,3/sw3527,3527,192,ba,B,132,2,"{C so } gosh,  /","so/RB gosh/UH ,/,",,
sw10utt/sw_1012_3527.utt,3/sw3527,3527,193,bf,B,132,3,you did it manually. /,you/PRP did/VBD it/PRP manually/RB ./.,,
sw10utt/sw_1012_3527.utt,3/sw3527,3527,194,sd,A,133,1,By hand. /,By/IN hand/NN ./.,,
sw10utt/sw_1012_3527.utt,3/sw3527,3527,195,b,B,134,1,Oh. /,Oh/UH ./.,,
sw10utt/sw_1012_3527.utt,3/sw3527,3527,196,x,A,135,1,<Laughter>.,,,
sw10utt/sw_1012_3527.utt,3/sw3527,3527,197,ba,B,136,1,"{F Oh, } gosh. /","Oh/UH ,/, gosh/UH ./.",,
sw10utt/sw_1012_3527.utt,3/sw3527,3527,198,b,A,137,1,"Yeah,  /","Yeah/UH ,/,",,
sw10utt/sw_1012_3527.utt,3/sw3527,3527,199,sd,A,137,2,{C but } it works great now that we've got it. /,but/CC it/PRP works/VBZ great/JJ now/RB that/IN we/PRP 've/VBP got/VBN it/PRP ./.,,
sw10utt/sw_1012_3527.utt,3/sw3527,3527,200,ba,B,138,1,I bet. /,I/PRP bet/VBP ./.,,
sw10utt/sw_1012_3527.utt,3/sw3527,3527,201,b,A,139,1,"Yeah,  /","Yeah/UH ,/,",,
sw10utt/sw_1012_3527.utt,3/sw3527,3527,202,sd,A,139,2,it's nice. /,it/PRP 's/BES nice/JJ ./.,,
sw10utt/sw_1012_3527.utt,3/sw3527,3527,203,b,B,140,1,"Yeah,  /","Yeah/UH ,/,",,
sw10utt/sw_1012_3527.utt,3/sw3527,3527,204,sv,B,140,2,that's a good investment there. /,that/DT 's/BES a/DT good/JJ investment/NN there/RB ./.,,
sw10utt/sw_1012_3527.utt,3/sw3527,3527,205,b,A,141,1,"Yeah,  /","Yeah/UH ,/,",,
sw10utt/sw_1012_3527.utt,3/sw3527,3527,206,sd,A,141,2,"{D well, } we needed to because we're having some foundation trouble,  /","well/UH ,/, we/PRP needed/VBD to/TO because/IN we/PRP 're/VBP having/VBG some/DT foundation/NN trouble/NN ,/,",,
sw10utt/sw_1012_3527.utt,3/sw3527,3527,207,sd,A,141,3,"{D you know, }  you have to keep [ the, + the  ] area moist --","you/PRP know/VBP ,/, you/PRP have/VBP to/TO keep/VB the/DT ,/, the/DT area/NN moist/JJ --/:",,
sw10utt/sw_1012_3527.utt,3/sw3527,3527,208,b,B,142,1,Oh. /,Oh/UH ./.,,
sw10utt/sw_1012_3527.utt,3/sw3527,3527,209,+,A,143,1,"-- around the house or it makes it worse,  /","--/: around/IN the/DT house/NN or/CC it/PRP makes/VBZ it/PRP worse/JJR ,/,",,
sw10utt/sw_1012_3527.utt,3/sw3527,3527,210,sd,A,143,2,"{C so, } we had an incentive there --","so/RB ,/, we/PRP had/VBD an/DT incentive/NN there/RB --/:",,
sw10utt/sw_1012_3527.utt,3/sw3527,3527,211,b,B,144,1,Oh. /,Oh/UH ./.,,
sw10utt/sw_1012_3527.utt,3/sw3527,3527,212,+,A,145,1,-- to do that. /,--/: to/TO do/VB that/DT ./.,,
