swda_filename,ptb_basename,conversation_no,transcript_index,act_tag,caller,utterance_index,subutterance_index,text,pos,trees,ptb_treenumbers
sw10utt/sw_1034_2924.utt,2/sw2924,2924,0,qw,A,1,1,"{C So, } what do you think of our trial system? <noise>. /","So/UH ,/, what/WP do/VBP you/PRP think/VB of/IN our/PRP$ trial/NN system/NN ?/. ./.",,
sw10utt/sw_1034_2924.utt,2/sw2924,2924,1,h,B,2,1,"{F Huh, } I don't really know what to think about it,  /","Huh/UH ,/, I/PRP do/VBP n't/RB really/RB know/VB what/WP to/TO think/VB about/IN it/PRP ,/,",,
sw10utt/sw_1034_2924.utt,2/sw2924,2924,2,%,B,2,2,"{C but } I do know that they're not, {D you know, } - /","but/CC I/PRP do/VBP know/VB that/IN they/PRP 're/VBP not/RB ,/, you/PRP know/VBP ,/,",,
sw10utt/sw_1034_2924.utt,2/sw2924,2924,3,sv,B,2,3,"they'll give somebody twenty-five years and they'll serve what, eight months. /","they/PRP 'll/MD give/VB somebody/NN twenty-five/CD years/NNS and/CC they/PRP 'll/MD serve/VB what/WP ,/, eight/CD months/NNS ./.",,
sw10utt/sw_1034_2924.utt,2/sw2924,2924,4,b,A,3,1,Yeah. /,Yeah/UH ./.,,
sw10utt/sw_1034_2924.utt,2/sw2924,2924,5,qy,B,4,1,Have you noticed that? /,Have/VBP you/PRP noticed/VBN that/DT ?/.,,
sw10utt/sw_1034_2924.utt,2/sw2924,2924,6,ny,A,5,1,"Yeah,  /","Yeah/UH ,/,",,
sw10utt/sw_1034_2924.utt,2/sw2924,2924,7,sv^e,A,5,2,"I have noticed [ that, + that, ] that kind of stuff does seem to happen quite a bit, {F um, }  /","I/PRP have/VBP noticed/VBN that/DT ,/, that/DT ,/, that/DT kind/NN of/IN stuff/NN does/VBZ seem/VB to/TO happen/VB quite/RB a/DT bit/NN ,/, um/UH ,/,",,
sw10utt/sw_1034_2924.utt,2/sw2924,2924,8,ny^r,A,5,3,yeah.  /,yeah/UH ./.,,
sw10utt/sw_1034_2924.utt,2/sw2924,2924,9,b,B,6,1,"Uh-huh,  /","Uh-huh/UH ,/,",,
sw10utt/sw_1034_2924.utt,2/sw2924,2924,10,%,B,6,2,"{C and, } {F uh. } -/","and/CC ,/, uh/UH ./.",,
sw10utt/sw_1034_2924.utt,2/sw2924,2924,11,sd,A,7,1,"[ [ I don't, + I don't,  ] + I don't  ] even know what to do about that sort of thing. /","I/PRP do/VBP n't/RB ,/, I/PRP do/VBP n't/RB ,/, I/PRP do/VBP n't/RB even/RB know/VB what/WP to/TO do/VB about/IN that/DT sort/NN of/IN thing/NN ./.",,
sw10utt/sw_1034_2924.utt,2/sw2924,2924,12,sv,B,8,1,"{C But } I think trial by jury [ is, + it's  ] a lot better than leaving it up to one person. /","But/CC I/PRP think/VBP trial/NN by/IN jury/NN is/VBZ ,/, it/PRP 's/BES a/DT lot/NN better/JJR than/IN leaving/VBG it/PRP up/RP to/IN one/CD person/NN ./.",,
sw10utt/sw_1034_2924.utt,2/sw2924,2924,13,b,A,9,1,"Yeah,  /","Yeah/UH ,/,",,
sw10utt/sw_1034_2924.utt,2/sw2924,2924,14,sv,A,9,2,I think trial by jury is very good.  /,I/PRP think/VBP trial/NN by/IN jury/NN is/VBZ very/RB good/JJ ./.,,
sw10utt/sw_1034_2924.utt,2/sw2924,2924,15,%,A,9,3,"I actually, - /","I/PRP actually/UH ,/,",,
sw10utt/sw_1034_2924.utt,2/sw2924,2924,16,sv^t,A,9,4,"[ they said, + I think the tape said  ] something about [ changing, + {F uh, } changing  ] it such that the, -/","they/PRP said/VBD ,/, I/PRP think/VBP the/DT tape/NN said/VBD something/NN about/IN changing/VBG ,/, uh/UH ,/, changing/VBG it/PRP such/JJ that/DT the/DT ,/,",,
sw10utt/sw_1034_2924.utt,2/sw2924,2924,17,o@,B,10,1,((   )) .,MUMBLEx/XX ./.,,
sw10utt/sw_1034_2924.utt,2/sw2924,2924,18,sv^t,A,11,1,{C or } leaving sentencing up to the judge only. - /,or/CC leaving/VBG sentencing/NN up/RP to/IN the/DT judge/NN only/RB ./.,,
sw10utt/sw_1034_2924.utt,2/sw2924,2924,19,sv,A,11,2,I think that's actually good idea. /,I/PRP think/VBP that/DT 's/BES actually/RB good/JJ idea/NN ./.,,
sw10utt/sw_1034_2924.utt,2/sw2924,2924,20,qy^d,B,12,1,Leaving it up to the judge? /,Leaving/VBG it/PRP up/RP to/IN the/DT judge/NN ?/.,,
sw10utt/sw_1034_2924.utt,2/sw2924,2924,21,na,A,13,1,"{D We-, } [ just, + just  ] sentencing, not the trial itself. /","We-/XX ,/, just/RB ,/, just/RB sentencing/NN ,/, not/RB the/DT trial/NN itself/PRP ./.",,
sw10utt/sw_1034_2924.utt,2/sw2924,2924,22,bk,B,14,1,"{F Oh, } okay. /","Oh/UH ,/, okay/UH ./.",,
sw10utt/sw_1034_2924.utt,2/sw2924,2924,23,sv,A,15,1,"{F Um, } {C because } I think [ [ [ that + th-, ] + that,  ] + that  ] judges are probably more informed as to [ what is, + ]","Um/UH ,/, because/IN I/PRP think/VBP that/IN th-/XX ,/, that/IN ,/, that/IN judges/NNS are/VBP probably/RB more/RBR informed/JJ as/IN to/IN what/WP is/VBZ ,/,",,
sw10utt/sw_1034_2924.utt,2/sw2924,2924,24,b,B,16,1,"Yeah, /","Yeah/UH ,/,",,
sw10utt/sw_1034_2924.utt,2/sw2924,2924,25,+,A,17,1,"how serious the nature of the crime is,","how/WRB serious/JJ the/DT nature/NN of/IN the/DT crime/NN is/VBZ ,/,",,
sw10utt/sw_1034_2924.utt,2/sw2924,2924,26,b,B,18,1,{D well } right  /,well/UH right/UH,,
sw10utt/sw_1034_2924.utt,2/sw2924,2924,27,sv,B,18,2,"{C because, }","because/IN ,/,",,
sw10utt/sw_1034_2924.utt,2/sw2924,2924,28,+,A,19,1,and stuff like that  /,and/CC stuff/NN like/IN that/DT,,
sw10utt/sw_1034_2924.utt,2/sw2924,2924,29,%,A,19,2,"{C an, } -/","an/DT ,/,",,
sw10utt/sw_1034_2924.utt,2/sw2924,2924,30,+,B,20,1,"the general public doesn't know that [ [ if, + i-,  ] + if  ] they're sentenced to life that they won't serve life. /","the/DT general/JJ public/NN does/VBZ n't/RB know/VB that/IN if/IN ,/, i-/XX ,/, if/IN they/PRP 're/VBP sentenced/VBN to/IN life/NN that/IN they/PRP wo/MD n't/RB serve/VB life/NN ./.",,
sw10utt/sw_1034_2924.utt,2/sw2924,2924,31,b,A,21,1,Right. /,Right/UH ./.,,
sw10utt/sw_1034_2924.utt,2/sw2924,2924,32,sv,B,22,1,Course the judge will know when he'll be up for parole and all that.  /,Course/IN the/DT judge/NN will/MD know/VB when/WRB he/PRP 'll/MD be/VB up/RP for/IN parole/NN and/CC all/DT that/DT ./.,,
sw10utt/sw_1034_2924.utt,2/sw2924,2924,33,b,B,22,2,"{C So } yeah, /","So/RB yeah/UH ,/,",,
sw10utt/sw_1034_2924.utt,2/sw2924,2924,34,b,A,23,1,"Right,  /","Right/UH ,/,",,
sw10utt/sw_1034_2924.utt,2/sw2924,2924,35,sv,A,23,2,"{C so } he'll be able to give them the maximum sentence, in some cases there. /","so/RB he/PRP 'll/MD be/VB able/JJ to/TO give/VB them/PRP the/DT maximum/JJ sentence/NN ,/, in/IN some/DT cases/NNS there/RB ./.",,
sw10utt/sw_1034_2924.utt,2/sw2924,2924,36,b,B,24,1,"Okay,  /","Okay/UH ,/,",,
sw10utt/sw_1034_2924.utt,2/sw2924,2924,37,sd^t,B,24,2,I must not have understood the whole thing  /,I/PRP must/MD not/RB have/VB understood/VBN the/DT whole/JJ thing/NN,,
sw10utt/sw_1034_2924.utt,2/sw2924,2924,38,sd^t,B,24,3,"{C because } I didn't hear them say that,  /","because/IN I/PRP did/VBD n't/RB hear/VB them/PRP say/VB that/DT ,/,",,
sw10utt/sw_1034_2924.utt,2/sw2924,2924,39,%,B,24,4,{C but } yeah. /,but/CC yeah/UH ./.,,
sw10utt/sw_1034_2924.utt,2/sw2924,2924,40,b,A,25,1,"{F Oh } yeah,  /","Oh/UH yeah/UH ,/,",,
sw10utt/sw_1034_2924.utt,2/sw2924,2924,41,%,A,25,2,"[ the, + the,  ] - /","the/DT ,/, the/DT ,/,",,
sw10utt/sw_1034_2924.utt,2/sw2924,2924,42,sd^t,A,25,3,"they give that [ as, + as  ] an example of something [ that, +","they/PRP give/VBP that/DT as/IN ,/, as/IN an/DT example/NN of/IN something/NN that/WDT ,/,",,
sw10utt/sw_1034_2924.utt,2/sw2924,2924,43,b,B,26,1,Uh-huh. /,Uh-huh/UH ./.,,
sw10utt/sw_1034_2924.utt,2/sw2924,2924,44,+,A,27,1,"that ] might happen ye-, -/","that/WDT might/MD happen/VB ye-/XX ,/,",,
sw10utt/sw_1034_2924.utt,2/sw2924,2924,45,sd,B,28,1,{C But } I think if the entire trial was left to one person <child_crying> - /,But/CC I/PRP think/VBP if/IN the/DT entire/JJ trial/NN was/VBD left/VBN to/IN one/CD person/NN,,
sw10utt/sw_1034_2924.utt,2/sw2924,2924,46,sd,B,28,2,"<laughter> I've got a four year old,  /","I/PRP 've/VBP got/VBN a/DT four/CD year/NN old/JJ ,/,",,
sw10utt/sw_1034_2924.utt,2/sw2924,2924,47,sv,B,28,3,you can hear. /,you/PRP can/MD hear/VB ./.,,
sw10utt/sw_1034_2924.utt,2/sw2924,2924,48,aa,A,29,1,{F Oh } yes. /,Oh/UH yes/UH ./.,,
sw10utt/sw_1034_2924.utt,2/sw2924,2924,49,sd,B,30,1,"{C But, } {F uh, } I don't know,  /","But/CC ,/, uh/UH ,/, I/PRP do/VBP n't/RB know/VB ,/,",,
sw10utt/sw_1034_2924.utt,2/sw2924,2924,50,%,B,30,2,"you, - /","you/PRP ,/,",,
sw10utt/sw_1034_2924.utt,2/sw2924,2924,51,sv,B,30,3,"[ pe-, + too many people  ] can take vendettas out on people,","pe-/XX ,/, too/RB many/JJ people/NNS can/MD take/VB vendettas/NNS out/RP on/IN people/NNS ,/,",,
sw10utt/sw_1034_2924.utt,2/sw2924,2924,52,b,A,31,1,Right. /,Right/UH ./.,,
sw10utt/sw_1034_2924.utt,2/sw2924,2924,53,+,B,32,1,and everything. /,and/CC everything/NN ./.,,
sw10utt/sw_1034_2924.utt,2/sw2924,2924,54,%,A,33,1,"Or just, {D you know, } - /","Or/CC just/RB ,/, you/PRP know/VBP ,/,",,
sw10utt/sw_1034_2924.utt,2/sw2924,2924,55,sv,A,33,2,"there are two people who say well he just looks guilty, {F um. } /","there/EX are/VBP two/CD people/NNS who/WP say/VBP well/UH he/PRP just/RB looks/VBZ guilty/JJ ,/, um/UH ./.",,
sw10utt/sw_1034_2924.utt,2/sw2924,2924,56,b,B,34,1,"<Laughter>  Right,  /","Right/UH ,/,",,
sw10utt/sw_1034_2924.utt,2/sw2924,2924,57,ba,B,34,2,{C but } that's true. /,but/CC that/DT 's/BES true/JJ ./.,,
sw10utt/sw_1034_2924.utt,2/sw2924,2924,58,sv,A,35,1,"[ That's actually, + that's  ] a wonderful way to get off jury duty, {D you know. }  /","That/DT 's/BES actually/UH ,/, that/DT 's/BES a/DT wonderful/JJ way/NN to/TO get/VB off/IN jury/NN duty/NN ,/, you/PRP know/VBP ./.",,
sw10utt/sw_1034_2924.utt,2/sw2924,2924,59,%,A,35,2,"Someone says to you, {D you know, } - /","Someone/NN says/VBZ to/IN you/PRP ,/, you/PRP know/VBP ,/,",,
sw10utt/sw_1034_2924.utt,2/sw2924,2924,60,sd,A,35,3,"when they ask you [ if you, + {F uh, } if you  ] want to be on, {D you know, } - /","when/WRB they/PRP ask/VBP you/PRP if/IN you/PRP ,/, uh/UH ,/, if/IN you/PRP want/VBP to/TO be/VB on/IN ,/, you/PRP know/VBP ,/,",,
sw10utt/sw_1034_2924.utt,2/sw2924,2924,61,sd,A,35,4,"when you're called for duty say oh yeah,  I want to be on jury duty because I can spot a guilty person a mile a way. /","when/WRB you/PRP 're/VBP called/VBN for/IN duty/NN say/VBP oh/UH yeah/UH ,/, I/PRP want/VBP to/TO be/VB on/IN jury/NN duty/NN because/IN I/PRP can/MD spot/VB a/DT guilty/JJ person/NN a/DT mile/NN a/DT way/NN ./.",,
sw10utt/sw_1034_2924.utt,2/sw2924,2924,62,b,B,36,1,Yeah. /,Yeah/UH ./.,,
sw10utt/sw_1034_2924.utt,2/sw2924,2924,63,sv,A,37,1,"They quickly let you off jury duty I hear, {F um. } /","They/PRP quickly/RB let/VBP you/PRP off/IN jury/NN duty/NN I/PRP hear/VBP ,/, um/UH ./.",,
sw10utt/sw_1034_2924.utt,2/sw2924,2924,64,b,B,38,1,Right  /,Right/UH,,
sw10utt/sw_1034_2924.utt,2/sw2924,2924,65,sv,B,38,2,"{C because } [ they, + they  ] know that you're biased. /","because/IN they/PRP ,/, they/PRP know/VBP that/IN you/PRP 're/VBP biased/JJ ./.",,
sw10utt/sw_1034_2924.utt,2/sw2924,2924,66,b,A,39,1,"{F Oh, } yeah,  /","Oh/UH ,/, yeah/UH ,/,",,
sw10utt/sw_1034_2924.utt,2/sw2924,2924,67,sv,A,39,2,"[ [ [ [ that, + that, ] + that, ] + that, ] + [ that's, +  that's  ] ] the way it works there, {F um. }  /","that/DT ,/, that/DT ,/, that/DT ,/, that/DT ,/, that/DT 's/BES ,/, that/DT 's/BES the/DT way/NN it/PRP works/VBZ there/RB ,/, um/UH ./.",,
sw10utt/sw_1034_2924.utt,2/sw2924,2924,68,%,A,39,3,"Anyway, I think that probably [ for, + for  ] having it, - /","Anyway/UH ,/, I/PRP think/VBP that/IN probably/RB for/IN ,/, for/IN having/VBG it/PRP ,/,",,
sw10utt/sw_1034_2924.utt,2/sw2924,2924,69,qh,A,39,4,"what  [ about, + {D you know, } about  ] being unanimous.  /","what/WP about/IN ,/, you/PRP know/VBP ,/, about/IN being/VBG unanimous/JJ ./.",,
sw10utt/sw_1034_2924.utt,2/sw2924,2924,70,sv,A,39,5,"{E I mean, } that's sort of a strange case because I wonder what happens when eleven people thinks someone's guilty and one person doesn't,  /","I/PRP mean/VBP ,/, that/DT 's/BES sort/RB of/RB a/DT strange/JJ case/NN because/IN I/PRP wonder/VBP what/WP happens/VBZ when/WRB eleven/CD people/NNS thinks/VBZ someone/NN 's/BES guilty/JJ and/CC one/CD person/NN does/VBZ n't/RB ,/,",,
sw10utt/sw_1034_2924.utt,2/sw2924,2924,71,sd,A,39,6,"one person thinks [ that, + that  ] they're not guilty  /","one/CD person/NN thinks/VBZ that/IN ,/, that/IN they/PRP 're/VBP not/RB guilty/JJ",,
sw10utt/sw_1034_2924.utt,2/sw2924,2924,72,sv,A,39,7,"{C and } they can't decide for hours, unless they convince that one person, {D you know. } /","and/CC they/PRP ca/MD n't/RB decide/VB for/IN hours/NNS ,/, unless/IN they/PRP convince/VBP that/DT one/CD person/NN ,/, you/PRP know/VBP ./.",,
sw10utt/sw_1034_2924.utt,2/sw2924,2924,73,qy,B,40,1,Does it have to be unanimous? /,Does/VBZ it/PRP have/VB to/TO be/VB unanimous/JJ ?/.,,
sw10utt/sw_1034_2924.utt,2/sw2924,2924,74,na,A,41,1,"I believe it does have to be unanimous, actually. /","I/PRP believe/VBP it/PRP does/VBZ have/VBP to/TO be/VB unanimous/JJ ,/, actually/UH ./.",,
sw10utt/sw_1034_2924.utt,2/sw2924,2924,75,sv,B,42,1,"{D Well } then they consider it a hung jury, [ I g-, + I think  ]  /","Well/UH then/RB they/PRP consider/VBP it/PRP a/DT hung/VBN jury/NN ,/, I/PRP g-/XX ,/, I/PRP think/VBP",,
sw10utt/sw_1034_2924.utt,2/sw2924,2924,76,sv,B,42,2,"{C and then } they, {F uh, } have a retrial,  /","and/CC then/RB they/PRP ,/, uh/UH ,/, have/VBP a/DT retrial/NN ,/,",,
sw10utt/sw_1034_2924.utt,2/sw2924,2924,77,qy,B,42,3,or do they. /,or/CC do/VBP they/PRP ./.,,
sw10utt/sw_1034_2924.utt,2/sw2924,2924,78,ny,A,43,1,"Yeah,  /","Yeah/UH ,/,",,
sw10utt/sw_1034_2924.utt,2/sw2924,2924,79,sv^e,A,43,2,"I think they either have a retrial eventually [  or, +  or  ] they call it a mistrial or something. /","I/PRP think/VBP they/PRP either/DT have/VBP a/DT retrial/NN eventually/RB or/CC ,/, or/CC they/PRP call/VBP it/PRP a/DT mistrial/NN or/CC something/NN ./.",,
sw10utt/sw_1034_2924.utt,2/sw2924,2924,80,b,B,44,1,Uh-huh. /,Uh-huh/UH ./.,,
sw10utt/sw_1034_2924.utt,2/sw2924,2924,81,sd,A,45,1,I haven't been to law school. /,I/PRP have/VBP n't/RB been/VBN to/IN law/NN school/NN ./.,,
sw10utt/sw_1034_2924.utt,2/sw2924,2924,82,b,B,46,1,"No,  /","No/UH ,/,",,
sw10utt/sw_1034_2924.utt,2/sw2924,2924,83,sd,B,46,2,me neither. /,me/PRP neither/RB ./.,,
sw10utt/sw_1034_2924.utt,2/sw2924,2924,84,sd,A,47,1,"{D So, } I don't know much about that, /","So/RB ,/, I/PRP do/VBP n't/RB know/VB much/JJ about/IN that/DT ,/,",,
sw10utt/sw_1034_2924.utt,2/sw2924,2924,85,x,B,48,1,<Throat_clearing>.,,,
sw10utt/sw_1034_2924.utt,2/sw2924,2924,86,sd,A,49,1,"I just know that, {F um. } - /","I/PRP just/RB know/VBP that/IN ,/, um/UH ./.",,
sw10utt/sw_1034_2924.utt,2/sw2924,2924,87,%,A,49,2,I wonder  /,I/PRP wonder/VBP,,
sw10utt/sw_1034_2924.utt,2/sw2924,2924,88,sd,A,49,3,"{C 'cause } sometimes I think about it actually,  /","'cause/IN sometimes/RB I/PRP think/VBP about/IN it/PRP actually/UH ,/,",,
sw10utt/sw_1034_2924.utt,2/sw2924,2924,89,sd,A,49,4,"I think {D well, } what if I were that one person and I was completely convinced [ [ [ that, + that,  ] + that,  ] + that  ] this person wasn't guilty, {D you know. } /","I/PRP think/VBP well/UH ,/, what/WP if/IN I/PRP were/VBD that/DT one/CD person/NN and/CC I/PRP was/VBD completely/RB convinced/JJ that/IN ,/, that/IN ,/, that/IN ,/, that/IN this/DT person/NN was/VBD n't/RB guilty/JJ ,/, you/PRP know/VBP ./.",,
sw10utt/sw_1034_2924.utt,2/sw2924,2924,90,sv,B,50,1,"{D Well } you don't have to be really convinced that he's guilty,  /","Well/UH you/PRP do/VBP n't/RB have/VB to/TO be/VB really/RB convinced/JJ that/IN he/PRP 's/BES guilty/JJ ,/,",,
sw10utt/sw_1034_2924.utt,2/sw2924,2924,91,sv,B,50,2,[ it's + ] just if they can't prove he's guilty  /,it/PRP 's/BES just/RB if/IN they/PRP ca/MD n't/RB prove/VB he/PRP 's/BES guilty/JJ,,
sw10utt/sw_1034_2924.utt,2/sw2924,2924,92,%,B,50,3,"{C because } <clicking>, -/","because/IN ,/,",,
sw10utt/sw_1034_2924.utt,2/sw2924,2924,93,b,A,51,1,"Right, {F uh, }  /","Right/UH ,/, uh/UH ,/,",,
sw10utt/sw_1034_2924.utt,2/sw2924,2924,94,sd,A,51,2,"{C but, } {E I mean } what if eleven other people are saying one thing, {D you know, } and [ you're, +","but/CC ,/, I/PRP mean/VBP what/WP if/IN eleven/CD other/JJ people/NNS are/VBP saying/VBG one/CD thing/NN ,/, you/PRP know/VBP ,/, and/CC you/PRP 're/VBP ,/,",,
sw10utt/sw_1034_2924.utt,2/sw2924,2924,95,b,B,52,1,Yeah. /,Yeah/UH ./.,,
sw10utt/sw_1034_2924.utt,2/sw2924,2924,96,+,A,53,1,you're  ] the one person saying the other thing.  /,you/PRP 're/VBP the/DT one/CD person/NN saying/VBG the/DT other/JJ thing/NN ./.,,
sw10utt/sw_1034_2924.utt,2/sw2924,2924,97,sv,A,53,2,"{D You know, } would you give in. /","You/PRP know/VBP ,/, would/MD you/PRP give/VB in/RP ./.",,
sw10utt/sw_1034_2924.utt,2/sw2924,2924,98,sd@,B,54,1,"<Child_crying> <child_talking> I would hate to be that person because you would be, {F uh, } {D you know, } bombarded by all the other eleven jurors --","I/PRP would/MD hate/VB to/TO be/VB that/DT person/NN because/IN you/PRP would/MD be/VB ,/, uh/UH ,/, you/PRP know/VBP ,/, bombarded/VBN by/IN all/PDT the/DT other/JJ eleven/CD jurors/NNS --/:",,
sw10utt/sw_1034_2924.utt,2/sw2924,2924,99,b,A,55,1,Yeah  /,Yeah/UH,,
sw10utt/sw_1034_2924.utt,2/sw2924,2924,100,^2,A,55,2,(( saying )) . -/,saying/VBG ./.,,
sw10utt/sw_1034_2924.utt,2/sw2924,2924,101,+@,B,56,1,"-- to, {D you know, } just say he's guilty so we can get out of here and go  /","--/: to/TO ,/, you/PRP know/VBP ,/, just/RB say/VB he/PRP 's/BES guilty/JJ so/RB we/PRP can/MD get/VB out/IN of/IN here/RB and/CC go/VB",,
sw10utt/sw_1034_2924.utt,2/sw2924,2924,102,sd@,B,56,2,home.  *[[should this be in the above slash unit? The slash unit should end here.]],home/RB ./.,,
sw10utt/sw_1034_2924.utt,2/sw2924,2924,103,b,A,57,1,"Yeah,  /","Yeah/UH ,/,",,
sw10utt/sw_1034_2924.utt,2/sw2924,2924,104,b^r,A,57,2,yeah. /,yeah/UH ./.,,
sw10utt/sw_1034_2924.utt,2/sw2924,2924,105,+@,B,58,1,Yeah. /,Yeah/UH ./.,,
sw10utt/sw_1034_2924.utt,2/sw2924,2924,106,sd,A,59,1,"I wonder about those things, {D you know, } or even if it's, {D you know, } - /","I/PRP wonder/VBP about/IN those/DT things/NNS ,/, you/PRP know/VBP ,/, or/CC even/RB if/IN it/PRP 's/BES ,/, you/PRP know/VBP ,/,",,
sw10utt/sw_1034_2924.utt,2/sw2924,2924,107,sv,A,59,2,"[ I, + I  ] guess if they were to say, {D well } it doesn't have to be unanimous,  /","I/PRP ,/, I/PRP guess/VBP if/IN they/PRP were/VBD to/TO say/VB ,/, well/UH it/PRP does/VBZ n't/RB have/VB to/TO be/VB unanimous/JJ ,/,",,
sw10utt/sw_1034_2924.utt,2/sw2924,2924,108,sv,A,59,3,"what's the cut off number, seven, five, {D you know, } six, six, /","what/WP 's/BES the/DT cut/GW off/^NN number/NN ,/, seven/CD ,/, five/CD ,/, you/PRP know/VBP ,/, six/CD ,/, six/CD ,/,",,
sw10utt/sw_1034_2924.utt,2/sw2924,2924,109,b,B,60,1,Uh-huh. /,Uh-huh/UH ./.,,
sw10utt/sw_1034_2924.utt,2/sw2924,2924,110,qh,A,61,1,"{D you know, } how do you decide.  /","you/PRP know/VBP ,/, how/WRB do/VBP you/PRP decide/VB ./.",,
sw10utt/sw_1034_2924.utt,2/sw2924,2924,111,%,A,61,2,"Is it, {D you know, } - /","Is/VBZ it/PRP ,/, you/PRP know/VBP ,/,",,
sw10utt/sw_1034_2924.utt,2/sw2924,2924,112,qh,A,61,3,how do you decide what number of people have to say that. -/,how/WRB do/VBP you/PRP decide/VB what/WP number/NN of/IN people/NNS have/VBP to/TO say/VB that/DT ./.,,
sw10utt/sw_1034_2924.utt,2/sw2924,2924,113,aa,B,62,1,"Yeah,  /","Yeah/UH ,/,",,
sw10utt/sw_1034_2924.utt,2/sw2924,2924,114,sd,B,62,2,"I know,  /","I/PRP know/VBP ,/,",,
sw10utt/sw_1034_2924.utt,2/sw2924,2924,115,sv,B,62,3,"it's too bad one of us don't have some knowledge on this,  /","it/PRP 's/BES too/RB bad/JJ one/CD of/IN us/PRP do/VBP n't/RB have/VB some/DT knowledge/NN on/IN this/DT ,/,",,
sw10utt/sw_1034_2924.utt,2/sw2924,2924,116,h,B,62,4,huh.,huh/UH ./.,,
sw10utt/sw_1034_2924.utt,2/sw2924,2924,117,x,A,63,1,<Laughter>.,,,
sw10utt/sw_1034_2924.utt,2/sw2924,2924,118,+,B,64,1,"[ {C But, } + {C but, }  ] {F um, } <throat_clearing> I don't know,  /","But/CC ,/, but/CC ,/, um/UH ,/, I/PRP do/VBP n't/RB know/VB ,/,",,
sw10utt/sw_1034_2924.utt,2/sw2924,2924,119,sd,B,64,2,"I just hope if I ever go to court that they all, unanimous on not guilty <laughter>. /","I/PRP just/RB hope/VBP if/IN I/PRP ever/RB go/VBP to/IN court/NN that/IN they/PRP all/DT ,/, unanimous/JJ on/IN not/RB guilty/JJ ./.",,
sw10utt/sw_1034_2924.utt,2/sw2924,2924,120,x,A,65,1,<Laughter>.,,,
sw10utt/sw_1034_2924.utt,2/sw2924,2924,121,qy^d,B,66,1,"{D Well } you've seen like these T V movies, /","Well/UH you/PRP 've/VBP seen/VBN like/IN these/DT T/NN V/NN movies/NNS ,/,",,
sw10utt/sw_1034_2924.utt,2/sw2924,2924,122,ny,A,67,1,Yeah. /,Yeah/UH ./.,,
sw10utt/sw_1034_2924.utt,2/sw2924,2924,123,t3,B,68,1,"<<Talking to child in room>> Kyle, I'm talking,  /","Kyle/NNP ,/, I/PRP 'm/VBP talking/VBG ,/,",,
sw10utt/sw_1034_2924.utt,2/sw2924,2924,124,t3,B,68,2,hush.  /,hush/UH ./.,,
sw10utt/sw_1034_2924.utt,2/sw2924,2924,125,%,B,68,3,"<<Resumes talking to Speaker B>> {C But, } {F uh, } {D well } how they'll, {D you know,  } - /","But/CC ,/, uh/UH ,/, well/UH how/WRB they/PRP 'll/MD ,/, you/PRP know/VB ,/,",,
sw10utt/sw_1034_2924.utt,2/sw2924,2924,126,%,B,68,4,"the, - /","the/DT ,/,",,
sw10utt/sw_1034_2924.utt,2/sw2924,2924,127,sv,B,68,5,"through the whole movie, you think this person's, - /","through/IN the/DT whole/JJ movie/NN ,/, you/PRP think/VBP this/DT person/NN 's/BES ,/,",,
sw10utt/sw_1034_2924.utt,2/sw2924,2924,128,sd,B,68,6,"I don't know,  /","I/PRP do/VBP n't/RB know/VB ,/,",,
sw10utt/sw_1034_2924.utt,2/sw2924,2924,129,sd,B,68,7,"{C but } one thing that I thought was pretty weird is how somebody can't be [ trialed, + tried,  ] [ tri-, + {F uh, } {E excuse me, } twice  ] for the same crime. /","but/CC one/CD thing/NN that/WDT I/PRP thought/VBD was/VBD pretty/RB weird/JJ is/VBZ how/WRB somebody/NN ca/MD n't/RB be/VB trialed/VBN ,/, tried/VBN ,/, tri-/XX ,/, uh/UH ,/, excuse/VB me/PRP ,/, twice/RB for/IN the/DT same/JJ crime/NN ./.",,
sw10utt/sw_1034_2924.utt,2/sw2924,2924,130,b,A,69,1,"Yeah,  /","Yeah/UH ,/,",,
sw10utt/sw_1034_2924.utt,2/sw2924,2924,131,sd,A,69,2,I've never quite understood that.  {F Um. } /,I/PRP 've/VBP never/RB quite/RB understood/VBN that/DT ./. Um/UH ./.,,
sw10utt/sw_1034_2924.utt,2/sw2924,2924,132,sd,B,70,1,"{D Well } I just think [ it's, + it's  ] weird because I've saw,  {D well, } of course, soap operas,  /","Well/UH I/PRP just/RB think/VBP it/PRP 's/BES ,/, it/PRP 's/BES weird/JJ because/IN I/PRP 've/VBP saw/VBD ,/, well/UH ,/, of/IN course/NN ,/, soap/NN operas/NNS ,/,",,
sw10utt/sw_1034_2924.utt,2/sw2924,2924,133,sd,B,70,2,I'm an soap opera fanatic. /,I/PRP 'm/VBP an/DT soap/NN opera/NN fanatic/NN ./.,,
sw10utt/sw_1034_2924.utt,2/sw2924,2924,134,b,A,71,1,Okay. /,Okay/UH ./.,,
sw10utt/sw_1034_2924.utt,2/sw2924,2924,135,sd,B,72,1,"This one guy had, {F uh, } framed himself to make it, - /","This/DT one/CD guy/NN had/VBD ,/, uh/UH ,/, framed/VBN himself/PRP to/TO make/VB it/PRP ,/,",,
sw10utt/sw_1034_2924.utt,2/sw2924,2924,136,%,B,72,2,"we-, - /","we-/XX ,/,",,
sw10utt/sw_1034_2924.utt,2/sw2924,2924,137,%,B,72,3,which - /,which/WDT,,
sw10utt/sw_1034_2924.utt,2/sw2924,2924,138,sd,B,72,4,"he really did kill the person,  /","he/PRP really/RB did/VBD kill/VB the/DT person/NN ,/,",,
sw10utt/sw_1034_2924.utt,2/sw2924,2924,139,sd,B,72,5,{C but } then he set it up where it looked like somebody was trying to frame him  /,but/CC then/RB he/PRP set/VBD it/PRP up/RP where/WRB it/PRP looked/VBD like/IN somebody/NN was/VBD trying/VBG to/TO frame/VB him/PRP,,
sw10utt/sw_1034_2924.utt,2/sw2924,2924,140,sd,B,72,6,"{C and } he was on trial for   it,  /","and/CC he/PRP was/VBD on/IN trial/NN for/IN it/PRP ,/,",,
sw10utt/sw_1034_2924.utt,2/sw2924,2924,141,sd,B,72,7,"{C and then, } {D you know, } it came out that he was being framed,  /","and/CC then/RB ,/, you/PRP know/VBP ,/, it/PRP came/VBD out/RP that/IN he/PRP was/VBD being/VBG framed/VBN ,/,",,
sw10utt/sw_1034_2924.utt,2/sw2924,2924,142,sd,B,72,8,"{C so } then he was found not guilty,  /","so/RB then/RB he/PRP was/VBD found/VBN not/RB guilty/JJ ,/,",,
sw10utt/sw_1034_2924.utt,2/sw2924,2924,143,%,B,72,9,"{C and then, } th-, - /","and/CC then/RB ,/, th-/XX ,/,",,
sw10utt/sw_1034_2924.utt,2/sw2924,2924,144,sd,B,72,10,directly after the trial they found out he really was guilty  /,directly/RB after/IN the/DT trial/NN they/PRP found/VBD out/RP he/PRP really/RB was/VBD guilty/JJ,,
sw10utt/sw_1034_2924.utt,2/sw2924,2924,145,sd,B,72,11,{C and } he couldn't be tried again. /,and/CC he/PRP could/MD n't/RB be/VB tried/VBN again/RB ./.,,
sw10utt/sw_1034_2924.utt,2/sw2924,2924,146,b,A,73,1,"Right,  /","Right/UH ,/,",,
sw10utt/sw_1034_2924.utt,2/sw2924,2924,147,sd,A,73,2,{C and } they can't do anything about it. /,and/CC they/PRP ca/MD n't/RB do/VB anything/NN about/IN it/PRP ./.,,
sw10utt/sw_1034_2924.utt,2/sw2924,2924,148,b,B,74,1,"Yeah,  /","Yeah/UH ,/,",,
sw10utt/sw_1034_2924.utt,2/sw2924,2924,149,%,B,74,2,"{C beca-, } -/","beca-/IN ,/,",,
sw10utt/sw_1034_2924.utt,2/sw2924,2924,150,b,A,75,1,"Yeah,  /","Yeah/UH ,/,",,
sw10utt/sw_1034_2924.utt,2/sw2924,2924,151,sd,A,75,2,"I often wonder about that,  /","I/PRP often/RB wonder/VBP about/IN that/DT ,/,",,
sw10utt/sw_1034_2924.utt,2/sw2924,2924,152,sd,A,75,3,"I wonder [ if, + if  ] maybe, {D you know, } - /","I/PRP wonder/VBP if/IN ,/, if/IN maybe/RB ,/, you/PRP know/VBP ,/,",,
sw10utt/sw_1034_2924.utt,2/sw2924,2924,153,sd,A,75,4,"[ [ [ [ I, + I,  ] + I ] don't, + I don't,  ] + I don't  ] know the law on that  /","I/PRP ,/, I/PRP ,/, I/PRP do/VBP n't/RB ,/, I/PRP do/VBP n't/RB ,/, I/PRP do/VBP n't/RB know/VB the/DT law/NN on/IN that/DT",,
sw10utt/sw_1034_2924.utt,2/sw2924,2924,154,qy,A,75,5,"{C but } if they have new evidence, [ can they, + can they  ] retry,  /","but/CC if/IN they/PRP have/VBP new/JJ evidence/NN ,/, can/MD they/PRP ,/, can/MD they/PRP retry/VB ,/,",,
sw10utt/sw_1034_2924.utt,2/sw2924,2924,155,qy,A,75,6,"{C or } can they, {D you know, } bring you back. /","or/CC can/MD they/PRP ,/, you/PRP know/VBP ,/, bring/VB you/PRP back/RB ./.",,
sw10utt/sw_1034_2924.utt,2/sw2924,2924,156,nn,B,76,1,"No,  /","No/UH ,/,",,
sw10utt/sw_1034_2924.utt,2/sw2924,2924,157,sd^e,B,76,2,I don't think they can.  /,I/PRP do/VBP n't/RB think/VB they/PRP can/MD ./.,,
sw10utt/sw_1034_2924.utt,2/sw2924,2924,158,sd@,B,76,3,"{D You know, } I saw it on L A LAW, too.","You/PRP know/VBP ,/, I/PRP saw/VBD it/PRP on/IN L/NNP A/NNP LAW/NNP ,/, too/RB ./.",,
sw10utt/sw_1034_2924.utt,2/sw2924,2924,159,ba,A,77,1,"{F Oh, } {D actually, } that's true,  /","Oh/UH ,/, actually/UH ,/, that/DT 's/BES true/JJ ,/,",,
sw10utt/sw_1034_2924.utt,2/sw2924,2924,160,sd,A,77,2,I've seen the same thing on L A LAW as well. /,I/PRP 've/VBP seen/VBN the/DT same/JJ thing/NN on/IN L/NNP A/NNP LAW/NNP as/IN well/RB ./.,,
sw10utt/sw_1034_2924.utt,2/sw2924,2924,161,+@,B,78,1,"Yeah,  /","Yeah/UH ,/,",,
sw10utt/sw_1034_2924.utt,2/sw2924,2924,162,qy^d,B,78,2,about that woman. /,about/IN that/DT woman/NN ./.,,
sw10utt/sw_1034_2924.utt,2/sw2924,2924,163,ny,A,79,1,Yeah.  /,Yeah/UH ./.,,
sw10utt/sw_1034_2924.utt,2/sw2924,2924,164,%,A,79,2,"W-, - /","W-/XX ,/,",,
sw10utt/sw_1034_2924.utt,2/sw2924,2924,165,%,A,79,3,"{C so } [ I wond-,  + {C and then } I wonder  ] why that, {D you know, } - /","so/RB I/PRP wond/VBP ,/, and/CC then/RB I/PRP wonder/VBP why/WRB that/IN ,/, you/PRP know/VBP ,/,",,
sw10utt/sw_1034_2924.utt,2/sw2924,2924,166,sv,A,79,4,"[ there, + there  ] must be some sort of deep seeded reason for that,  /","there/EX ,/, there/EX must/MD be/VB some/DT sort/NN of/IN deep/JJ seeded/VBN reason/NN for/IN that/DT ,/,",,
sw10utt/sw_1034_2924.utt,2/sw2924,2924,167,sv,A,79,5,"{D [ yo-, + you  ] know, }  [ something like, + something like,  ] {D well } you can't be tried for the same trial because that would bias [ [ [ the, + the,  ] + the,  ] + the  ] jury or something,  /","yo-/XX ,/, you/PRP know/VBP ,/, something/NN like/IN ,/, something/NN like/IN ,/, well/UH you/PRP ca/MD n't/RB be/VB tried/VBN for/IN the/DT same/JJ trial/NN because/IN that/DT would/MD bias/VB the/DT ,/, the/DT ,/, the/DT ,/, the/DT jury/NN or/CC something/NN ,/,",,
sw10utt/sw_1034_2924.utt,2/sw2924,2924,168,%,A,79,6,"{C or, } {D you know. } -/","or/CC ,/, you/PRP know/VBP ./.",,
sw10utt/sw_1034_2924.utt,2/sw2924,2924,169,b,B,80,1,"Right,  /","Right/UH ,/,",,
sw10utt/sw_1034_2924.utt,2/sw2924,2924,170,sv,B,80,2,"{C and } I'm sure that, {D you know, } it's the lawyers,","and/CC I/PRP 'm/VBP sure/JJ that/IN ,/, you/PRP know/VBP ,/, it/PRP 's/BES the/DT lawyers/NNS ,/,",,
sw10utt/sw_1034_2924.utt,2/sw2924,2924,171,b,A,81,1,"Yeah,  /","Yeah/UH ,/,",,
sw10utt/sw_1034_2924.utt,2/sw2924,2924,172,b,A,81,2,uh-huh. /,uh-huh/UH ./.,,
sw10utt/sw_1034_2924.utt,2/sw2924,2924,173,+,B,82,1,"{F uh, } after the, {F uh, } defendant, defending, {F oh, } the defendant's lawyer and  the prosecuting attorney. - /","uh/UH ,/, after/IN the/DT ,/, uh/UH ,/, defendant/NN ,/, defending/VBG ,/, oh/UH ,/, the/DT defendant/NN 's/POS lawyer/NN and/CC the/DT prosecuting/VBG attorney/NN ./.",,
sw10utt/sw_1034_2924.utt,2/sw2924,2924,174,sv,B,82,2,"I'm sure the prosecuting attorney could make a real good case if he, {D you know, } knew all the details of the defendant's, {D you know, } case. /","I/PRP 'm/VBP sure/JJ the/DT prosecuting/VBG attorney/NN could/MD make/VB a/DT real/RB good/JJ case/NN if/IN he/PRP ,/, you/PRP know/VBP ,/, knew/VBD all/PDT the/DT details/NNS of/IN the/DT defendant/NN 's/POS ,/, you/PRP know/VBP ,/, case/NN ./.",,
sw10utt/sw_1034_2924.utt,2/sw2924,2924,175,%,A,83,1,"[ [ In, + in,  ] + of  ] the defense  ((   )) . /","In/IN ,/, in/IN ,/, of/IN the/DT defense/NN MUMBLEx/XX ./.",,
sw10utt/sw_1034_2924.utt,2/sw2924,2924,176,b,B,84,1,Right <clicking>. /,Right/UH ./.,,
sw10utt/sw_1034_2924.utt,2/sw2924,2924,177,b,A,85,1,"Yeah,  /","Yeah/UH ,/,",,
sw10utt/sw_1034_2924.utt,2/sw2924,2924,178,sd,A,85,2,"{D well, } {D well } there's also the issue of, for instance,  [ [ you can't, + {F um, } you can't,  ] + very often you can't,  ] {F um, } - /","well/UH ,/, well/UH there/EX 's/BES also/RB the/DT issue/NN of/IN ,/, for/IN instance/NN ,/, you/PRP ca/MD n't/RB ,/, um/UH ,/, you/PRP ca/MD n't/RB ,/, very/RB often/RB you/PRP ca/MD n't/RB ,/, um/UH ,/,",,
sw10utt/sw_1034_2924.utt,2/sw2924,2924,179,sv,A,85,3,"when someone [ is, + is  ] on trial for something, you can't bring up prior convictions. /","when/WRB someone/NN is/VBZ ,/, is/VBZ on/IN trial/NN for/IN something/NN ,/, you/PRP ca/MD n't/RB bring/VB up/RP prior/JJ convictions/NNS ./.",,
sw10utt/sw_1034_2924.utt,2/sw2924,2924,180,b,B,86,1,Right. /,Right/UH ./.,,
sw10utt/sw_1034_2924.utt,2/sw2924,2924,181,%,A,87,1,"Which, -/","Which/WDT ,/,",,
sw10utt/sw_1034_2924.utt,2/sw2924,2924,182,sv,B,88,1,"{D like } if they're on [ tr-, + {F uh, } trial  ] for rape, [ you can't have any, + you can't ] bring up the sexual assaults and stuff, or whatever. /","like/IN if/IN they/PRP 're/VBP on/IN tr-/NN ,/, uh/UH ,/, trial/NN for/IN rape/NN ,/, you/PRP ca/MD n't/RB have/VB any/DT ,/, you/PRP ca/MD n't/RB bring/VB up/RP the/DT sexual/JJ assaults/NNS and/CC stuff/NN ,/, or/CC whatever/WDT ./.",,
sw10utt/sw_1034_2924.utt,2/sw2924,2924,183,b,A,89,1,"Right,  /","Right/UH ,/,",,
sw10utt/sw_1034_2924.utt,2/sw2924,2924,184,sd,A,89,2,"that's completely beyond me,  /","that/DT 's/BES completely/RB beyond/IN me/PRP ,/,",,
sw10utt/sw_1034_2924.utt,2/sw2924,2924,185,%,A,89,3,"I mean that's jus-, -/","I/PRP mean/VBP that/DT 's/BES jus-/RB ,/,",,
sw10utt/sw_1034_2924.utt,2/sw2924,2924,186,b,B,90,1,"Yeah,  /","Yeah/UH ,/,",,
sw10utt/sw_1034_2924.utt,2/sw2924,2924,187,ba,B,90,2,"I know, if it's related, /","I/PRP know/VBP ,/, if/IN it/PRP 's/BES related/JJ ,/,",,
sw10utt/sw_1034_2924.utt,2/sw2924,2924,188,%,A,91,1,"I wonder, -/","I/PRP wonder/VBP ,/,",,
sw10utt/sw_1034_2924.utt,2/sw2924,2924,189,sv,B,92,1,"if it's related to the crime, they should be able to. /","if/IN it/PRP 's/BES related/JJ to/IN the/DT crime/NN ,/, they/PRP should/MD be/VB able/JJ to/TO ./.",,
sw10utt/sw_1034_2924.utt,2/sw2924,2924,190,b,A,93,1,"Yeah,  /","Yeah/UH ,/,",,
sw10utt/sw_1034_2924.utt,2/sw2924,2924,191,sv,A,93,2,"{E I mean } if this man [ is, + is ] accused of raping someone, then I think that something like [ sex, {D you know, } +","I/PRP mean/VBP if/IN this/DT man/NN is/VBZ ,/, is/VBZ accused/VBN of/IN raping/VBG someone/NN ,/, then/RB I/PRP think/VBP that/DT something/NN like/IN sex/NN ,/, you/PRP know/VBP ,/,",,
sw10utt/sw_1034_2924.utt,2/sw2924,2924,192,b,B,94,1,Yeah. /,Yeah/UH ./.,,
sw10utt/sw_1034_2924.utt,2/sw2924,2924,193,+,A,95,1,"the fact that he [ se-, + sexually  ]  ] assaulted someone is a crucial bit of evidence,","the/DT fact/NN that/IN he/PRP se-/XX ,/, sexually/RB assaulted/VBD someone/NN is/VBZ a/DT crucial/JJ bit/NN of/IN evidence/NN ,/,",,
sw10utt/sw_1034_2924.utt,2/sw2924,2924,194,b,B,96,1,"Right,  /","Right/UH ,/,",,
sw10utt/sw_1034_2924.utt,2/sw2924,2924,195,b,B,96,2,yeah. /,yeah/UH ./.,,
sw10utt/sw_1034_2924.utt,2/sw2924,2924,196,+,A,97,1,"that adds to the fact,  /","that/WDT adds/VBZ to/IN the/DT fact/NN ,/,",,
sw10utt/sw_1034_2924.utt,2/sw2924,2924,197,%,A,97,2,"{C and } [ [ I, + I, ] + I, ]","and/CC I/PRP ,/, I/PRP ,/, I/PRP ,/,",,
sw10utt/sw_1034_2924.utt,2/sw2924,2924,198,sv,B,98,1,{C But } they're not allowed to do that. /,But/CC they/PRP 're/VBP not/RB allowed/VBN to/TO do/VB that/DT ./.,,
sw10utt/sw_1034_2924.utt,2/sw2924,2924,199,+,A,99,1,"[ I, + I  ] often, - /","I/PRP ,/, I/PRP often/RB ,/,",,
sw10utt/sw_1034_2924.utt,2/sw2924,2924,200,sd,A,99,2,"I never understand, {D you know, } - /","I/PRP never/RB understand/VBP ,/, you/PRP know/VBP ,/,",,
sw10utt/sw_1034_2924.utt,2/sw2924,2924,201,%,A,99,3,"[ havin-, + again, having,  ] - /","havin/VBG ,/, again/RB ,/, having/VBG ,/,",,
sw10utt/sw_1034_2924.utt,2/sw2924,2924,202,sv,A,99,4,"I'm sure there are some deep seated reasons, {D you know, } to, - /","I/PRP 'm/VBP sure/JJ there/EX are/VBP some/DT deep/JJ seated/VBN reasons/NNS ,/, you/PRP know/VBP ,/, to/TO ,/,",,
sw10utt/sw_1034_2924.utt,2/sw2924,2924,203,sd,A,99,5,"{E I mean, } often times I wonder about rules like this  /","I/PRP mean/VBP ,/, often/RB times/NNS I/PRP wonder/VBP about/IN rules/NNS like/IN this/DT",,
sw10utt/sw_1034_2924.utt,2/sw2924,2924,204,sv,A,99,6,"{C and } I'm  sure [ [ that, + that,  ] + that ] there are some reasons for good. /","and/CC I/PRP 'm/VBP sure/JJ that/IN ,/, that/IN ,/, that/IN there/EX are/VBP some/DT reasons/NNS for/IN good/JJ ./.",,
sw10utt/sw_1034_2924.utt,2/sw2924,2924,205,sv,B,100,1,"{D Well } [ that one does seem, + that one does seem  ] out of it, though, because [ [ it's, + it,  ] we-, + ] you're allowed to show their character,  /","Well/UH that/DT one/CD does/VBZ seem/VB ,/, that/DT one/CD does/VBZ seem/VB out/IN of/IN it/PRP ,/, though/RB ,/, because/IN it/PRP 's/BES ,/, it/PRP ,/, we-/XX ,/, you/PRP 're/VBP allowed/VBN to/TO show/VB their/PRP$ character/NN ,/,",,
sw10utt/sw_1034_2924.utt,2/sw2924,2924,206,qh,B,100,2,do you know what I mean. /,do/VBP you/PRP know/VB what/WP I/PRP mean/VBP ./.,,
sw10utt/sw_1034_2924.utt,2/sw2924,2924,207,b,A,101,1,Right. /,Right/UH ./.,,
sw10utt/sw_1034_2924.utt,2/sw2924,2924,208,sv,B,102,1,"{C And } if it shows that their character's, {D you know, } <<voice changes, gets louder>> capable of lesser thoughts like that and stuff. /","And/CC if/IN it/PRP shows/VBZ that/IN their/PRP$ character/NN 's/BES ,/, you/PRP know/VBP ,/, capable/JJ of/IN lesser/JJR thoughts/NNS like/IN that/DT and/CC stuff/NN ./.",,
sw10utt/sw_1034_2924.utt,2/sw2924,2924,209,b,A,103,1,"Then right,  /","Then/RB right/UH ,/,",,
sw10utt/sw_1034_2924.utt,2/sw2924,2924,210,%,A,103,2,"[ then, + then,  ] -/","then/RB ,/, then/RB ,/,",,
sw10utt/sw_1034_2924.utt,2/sw2924,2924,211,b,B,104,1,"Right,  /","Right/UH ,/,",,
sw10utt/sw_1034_2924.utt,2/sw2924,2924,212,sv,B,104,2,"[ th-, + that ] [ lea-, + led ] to that. /","th-/XX ,/, that/WDT lea-/XX ,/, led/VBD to/IN that/DT ./.",,
sw10utt/sw_1034_2924.utt,2/sw2924,2924,213,sd,A,105,1,Then they should be  ((   )) - /,Then/RB they/PRP should/MD be/VB MUMBLEx/XX,,
sw10utt/sw_1034_2924.utt,2/sw2924,2924,214,%,A,105,2,"yeah,  /","yeah/UH ,/,",,
sw10utt/sw_1034_2924.utt,2/sw2924,2924,215,sd,A,105,3,"{E I mean } that's what I think,  /","I/PRP mean/VBP that/DT 's/BES what/WP I/PRP think/VBP ,/,",,
sw10utt/sw_1034_2924.utt,2/sw2924,2924,216,sd,A,105,4,"[ {C but } I don't, + {F um, } {C but } I don't ] quite understand. /","but/CC I/PRP do/VBP n't/RB ,/, um/UH ,/, but/CC I/PRP do/VBP n't/RB quite/RB understand/VB ./.",,
sw10utt/sw_1034_2924.utt,2/sw2924,2924,217,sv,B,106,1,"Tell you what we need to do is go into law and then we'll be able to, - /","Tell/VB you/PRP what/WP we/PRP need/VBP to/TO do/VB is/VBZ go/VB into/IN law/NN and/CC then/RB we/PRP 'll/MD be/VB able/JJ to/TO ,/,",,
sw10utt/sw_1034_2924.utt,2/sw2924,2924,218,sd,B,106,2,or  vote. - /,or/CC vote/VB ./.,,
sw10utt/sw_1034_2924.utt,2/sw2924,2924,219,qy,B,106,3,Do you vote?  <laughter>. /,Do/VBP you/PRP vote/VB ?/. ./.,,
sw10utt/sw_1034_2924.utt,2/sw2924,2924,220,br,A,107,1,Do I vote? /,Do/VBP I/PRP vote/VB ?/.,,
sw10utt/sw_1034_2924.utt,2/sw2924,2924,221,ny,B,108,1,"Yeah,  /","Yeah/UH ,/,",,
sw10utt/sw_1034_2924.utt,2/sw2924,2924,222,qy^r,B,108,2,do you vote? /,do/VBP you/PRP vote/VB ?/.,,
sw10utt/sw_1034_2924.utt,2/sw2924,2924,223,ny,A,109,1,"Oh yeah,  /","Oh/UH yeah/UH ,/,",,
sw10utt/sw_1034_2924.utt,2/sw2924,2924,224,sd^e,A,109,2,"I vote,  /","I/PRP vote/VBP ,/,",,
sw10utt/sw_1034_2924.utt,2/sw2924,2924,225,ny,A,109,3,yes. /,yes/UH ./.,,
sw10utt/sw_1034_2924.utt,2/sw2924,2924,226,bk,B,110,1,"Okay,  /","Okay/UH ,/,",,
sw10utt/sw_1034_2924.utt,2/sw2924,2924,227,sv,B,110,2,"{D we-, } you'll help out a little bit <laughter>. /","we-/XX ,/, you/PRP 'll/MD help/VB out/RP a/DT little/JJ bit/NN ./.",,
sw10utt/sw_1034_2924.utt,2/sw2924,2924,228,b,A,111,1,Yeah. /,Yeah/UH ./.,,
sw10utt/sw_1034_2924.utt,2/sw2924,2924,229,sv,B,112,1,"Putting the right people in the office, that's a lot to do with it too. /","Putting/VBG the/DT right/JJ people/NNS in/IN the/DT office/NN ,/, that/DT 's/HVS a/DT lot/NN to/TO do/VB with/IN it/PRP too/RB ./.",,
sw10utt/sw_1034_2924.utt,2/sw2924,2924,230,b,A,113,1,"{F Oh, } yeah. /","Oh/UH ,/, yeah/UH ./.",,
sw10utt/sw_1034_2924.utt,2/sw2924,2924,231,sv,B,114,1,"[ A lot, + {F uh, } a lot  ] of the politics will pass laws and stuff that the, {F um, } general public wants,  /","A/DT lot/NN ,/, uh/UH ,/, a/DT lot/NN of/IN the/DT politics/NNS will/MD pass/VB laws/NNS and/CC stuff/NN that/WDT the/DT ,/, um/UH ,/, general/JJ public/JJ wants/VBZ ,/,",,
sw10utt/sw_1034_2924.utt,2/sw2924,2924,232,sv,B,114,2,{C so } they'll be revoted and all that. /,so/RB they/PRP 'll/MD be/VB revoted/VBN and/CC all/PDT that/DT ./.,,
sw10utt/sw_1034_2924.utt,2/sw2924,2924,233,ba,A,115,1,"{D Well } [ [ [ that's, + that's,  ] + that,  ] + that's  ] very true,  /","Well/UH that/DT 's/BES ,/, that/DT 's/BES ,/, that/IN ,/, that/DT 's/BES very/RB true/JJ ,/,",,
sw10utt/sw_1034_2924.utt,2/sw2924,2924,234,sv,A,115,2,"{C but } then again [ oft-, + often  ] times they don't, as well. /","but/CC then/RB again/RB oft-/RB ,/, often/RB times/NNS they/PRP do/VBP n't/RB ,/, as/IN well/RB ./.",,
sw10utt/sw_1034_2924.utt,2/sw2924,2924,235,b,B,116,1,Right. /,Right/UH ./.,,
sw10utt/sw_1034_2924.utt,2/sw2924,2924,236,sv^r,A,117,1,"Often times they don't, {F uh, } /","Often/RB times/NNS they/PRP do/VBP n't/RB ,/, uh/UH ,/,",,
sw10utt/sw_1034_2924.utt,2/sw2924,2924,237,b,B,118,1,Right. /,Right/UH ./.,,
sw10utt/sw_1034_2924.utt,2/sw2924,2924,238,sv,A,119,1,"they just go, {D you know, } - /","they/PRP just/RB go/VBP ,/, you/PRP know/VBP ,/,",,
sw10utt/sw_1034_2924.utt,2/sw2924,2924,239,%,A,119,2,they're - /,they/PRP 're/VBP,,
sw10utt/sw_1034_2924.utt,2/sw2924,2924,240,sv,A,119,3,"you've got people like [ who are, + who are,  ] {D you know, } [ lame, + lame  ] ducks  /","you/PRP 've/VBP got/VBN people/NNS like/IN who/WP are/VBP ,/, who/WP are/VBP ,/, you/PRP know/VBP ,/, lame/JJ ,/, lame/JJ ducks/NNS",,
sw10utt/sw_1034_2924.utt,2/sw2924,2924,241,sv,A,119,4,"{C and } they sort of don't care about anything and just want to go ahead  an, -/","and/CC they/PRP sort/RB of/RB do/VBP n't/RB care/VB about/IN anything/NN and/CC just/RB want/VBP to/TO go/VB ahead/RB an/DT ,/,",,
sw10utt/sw_1034_2924.utt,2/sw2924,2924,242,b,B,120,1,Right  /,Right/UH,,
sw10utt/sw_1034_2924.utt,2/sw2924,2924,243,sv,B,120,2,"they, sit on the fence,  /","they/PRP ,/, sit/VBP on/IN the/DT fence/NN ,/,",,
sw10utt/sw_1034_2924.utt,2/sw2924,2924,244,sd,B,120,3,"{D so. }  {D Well, } {F oh, } I talked about this the other day,  /","so/RB ./. Well/UH ,/, oh/UH ,/, I/PRP talked/VBD about/IN this/DT the/DT other/JJ day/NN ,/,",,
sw10utt/sw_1034_2924.utt,2/sw2924,2924,245,sv,B,120,4,"they won't say yes and they won't say no to [ just + ] certain issues just because they don't know what the public wants,  or the public's split on it. /","they/PRP wo/MD n't/RB say/VB yes/UH and/CC they/PRP wo/MD n't/RB say/VB no/UH to/IN just/RB certain/JJ issues/NNS just/RB because/IN they/PRP do/VBP n't/RB know/VB what/WP the/DT public/JJ wants/VBZ ,/, or/CC the/DT public/NN 's/BES split/JJ on/IN it/PRP ./.",,
sw10utt/sw_1034_2924.utt,2/sw2924,2924,246,ba,A,121,1,"That's true,  /","That/DT 's/BES true/JJ ,/,",,
sw10utt/sw_1034_2924.utt,2/sw2924,2924,247,ba^r,A,121,2,that's true. /,that/DT 's/BES true/JJ ./.,,
sw10utt/sw_1034_2924.utt,2/sw2924,2924,248,b,B,122,1,Yeah. /,Yeah/UH ./.,,
sw10utt/sw_1034_2924.utt,2/sw2924,2924,249,sd,A,123,1,"I often, - /","I/PRP often/RB ,/,",,
sw10utt/sw_1034_2924.utt,2/sw2924,2924,250,%,A,123,2,"{E I mean, } [ that, + that,  ] - /","I/PRP mean/VBP ,/, that/IN ,/, that/IN ,/,",,
sw10utt/sw_1034_2924.utt,2/sw2924,2924,251,sd,A,123,3,"like you say, that's another discussion,  /","like/IN you/PRP say/VBP ,/, that/DT 's/BES another/DT discussion/NN ,/,",,
sw10utt/sw_1034_2924.utt,2/sw2924,2924,252,sd,A,123,4,{C but } I have had that discussion before as well.  /,but/CC I/PRP have/VBP had/VBN that/DT discussion/NN before/IN as/IN well/RB ./.,,
sw10utt/sw_1034_2924.utt,2/sw2924,2924,253,%,A,123,5,"Where you weren't, - /","Where/WRB you/PRP were/VBD n't/RB ,/,",,
sw10utt/sw_1034_2924.utt,2/sw2924,2924,254,sd,A,123,6,"[ I, + I  ] wonder about the [ po-, + politics  ] of it all,  /","I/PRP ,/, I/PRP wonder/VBP about/IN the/DT po-/XX ,/, politics/NNS of/IN it/PRP all/DT ,/,",,
sw10utt/sw_1034_2924.utt,2/sw2924,2924,255,%,A,123,7,{C so. } -/,so/RB ./.,,
sw10utt/sw_1034_2924.utt,2/sw2924,2924,256,b,B,124,1,"Right,  /","Right/UH ,/,",,
sw10utt/sw_1034_2924.utt,2/sw2924,2924,257,sv,B,124,2,"{C because } most of it is politics,","because/IN most/JJS of/IN it/PRP is/VBZ politics/NNS ,/,",,
sw10utt/sw_1034_2924.utt,2/sw2924,2924,258,b,A,125,1,Yeah. /,Yeah/UH ./.,,
sw10utt/sw_1034_2924.utt,2/sw2924,2924,259,+,B,126,1,even in the courts. -/,even/RB in/IN the/DT courts/NNS ./.,,
sw10utt/sw_1034_2924.utt,2/sw2924,2924,260,sv,A,127,1,"{D Well } even in the courts [ yo-, + ] {D well, } {D well, } they're all appointed.  /","Well/UH even/RB in/IN the/DT courts/NNS yo-/XX ,/, well/UH ,/, well/UH ,/, they/PRP 're/VBP all/DT appointed/VBN ./.",,
sw10utt/sw_1034_2924.utt,2/sw2924,2924,261,sv,A,127,2,"{E I mean, }","I/PRP mean/VBP ,/,",,
sw10utt/sw_1034_2924.utt,2/sw2924,2924,262,b,B,128,1,Right. /,Right/UH ./.,,
sw10utt/sw_1034_2924.utt,2/sw2924,2924,263,+,A,129,1,"that's even another issue, {D you know, }  /","that/DT 's/BES even/RB another/DT issue/NN ,/, you/PRP know/VBP ,/,",,
sw10utt/sw_1034_2924.utt,2/sw2924,2924,264,sv,A,129,2,"[ [ should, + should,  ] + should ] judges be appointed, {D you know, }  /","should/MD ,/, should/MD ,/, should/MD judges/NNS be/VB appointed/VBN ,/, you/PRP know/VBP ,/,",,
sw10utt/sw_1034_2924.utt,2/sw2924,2924,265,sd,A,129,3,"[ {C and, } + [ {C or, } + {C or, } ] ] {F um, } often times I look at friends,  /","and/CC ,/, or/CC ,/, or/CC ,/, um/UH ,/, often/RB times/NNS I/PRP look/VBP at/IN friends/NNS ,/,",,
sw10utt/sw_1034_2924.utt,2/sw2924,2924,266,sd,A,129,4,"we had, {F uh, } a serial killer around here, who killed eleven women. /","we/PRP had/VBD ,/, uh/UH ,/, a/DT serial/JJ killer/NN around/IN here/RB ,/, who/WP killed/VBD eleven/CD women/NNS ./.",,
sw10utt/sw_1034_2924.utt,2/sw2924,2924,267,b,B,130,1,"Uh-huh,  /","Uh-huh/UH ,/,",,
sw10utt/sw_1034_2924.utt,2/sw2924,2924,268,qy,B,130,2,"{D now } was that [ the, {F um, } {F uh, } green, + ] {F oh, }  {A I don't know, } some guy that was attacking women jogging?  /","now/UH was/VBD that/DT the/DT ,/, um/UH ,/, uh/UH ,/, green/JJ ,/, oh/UH ,/, I/PRP do/VBP n't/RB know/VB ,/, some/DT guy/NN that/WDT was/VBD attacking/VBG women/NNS jogging/VBG ?/.",,
sw10utt/sw_1034_2924.utt,2/sw2924,2924,269,ar,B,130,3,No. /,No/UH ./.,,
sw10utt/sw_1034_2924.utt,2/sw2924,2924,270,^2,A,131,1,"[ Ch-, + {F oh, } [ and, + and  ] choking  ] them,  /","Ch-/XX ,/, oh/UH ,/, and/CC ,/, and/CC choking/VBG them/PRP ,/,",,
sw10utt/sw_1034_2924.utt,2/sw2924,2924,271,ny,A,131,2,"yeah,  /","yeah/UH ,/,",,
sw10utt/sw_1034_2924.utt,2/sw2924,2924,272,sd^e,A,131,3,"{F uh, } his name is Arthur  ((   )) . /","uh/UH ,/, his/PRP$ name/NN is/VBZ Arthur/NNP MUMBLEx/XX ./.",,
sw10utt/sw_1034_2924.utt,2/sw2924,2924,273,qy,B,132,1,{D Well } did they have a T V movie about him? /,Well/UH did/VBD they/PRP have/VB a/DT T/NN V/NN movie/NN about/IN him/PRP ?/.,,
sw10utt/sw_1034_2924.utt,2/sw2924,2924,274,no,A,133,1,"I'm not sure if they had one yet,  /","I/PRP 'm/VBP not/RB sure/JJ if/IN they/PRP had/VBD one/CD yet/RB ,/,",,
sw10utt/sw_1034_2924.utt,2/sw2924,2924,275,sv,A,133,2,"{C but, } I'm sure they will.  /","but/CC ,/, I/PRP 'm/VBP sure/JJ they/PRP will/MD ./.",,
sw10utt/sw_1034_2924.utt,2/sw2924,2924,276,sd,A,133,3,"{F Um, }  {C because } [ he was, + he was  ] on some sort of news special though,  /","Um/UH ,/, because/IN he/PRP was/VBD ,/, he/PRP was/VBD on/IN some/DT sort/NN of/IN news/NN special/JJ though/RB ,/,",,
sw10utt/sw_1034_2924.utt,2/sw2924,2924,277,sd,A,133,4,"[ [ he was, + he was, ] + {F uh, } he killed,  ] - /","he/PRP was/VBD ,/, he/PRP was/VBD ,/, uh/UH ,/, he/PRP killed/VBD ,/,",,
sw10utt/sw_1034_2924.utt,2/sw2924,2924,278,sd,A,133,5,{C 'cause } he was just on trial {D like } maybe a year ago. /,'cause/IN he/PRP was/VBD just/RB on/IN trial/NN like/UH maybe/RB a/DT year/NN ago/RB ./.,,
sw10utt/sw_1034_2924.utt,2/sw2924,2924,279,qw,B,134,1,"{D Well, } {D well, } how was he killing the women. /","Well/UH ,/, well/UH ,/, how/WRB was/VBD he/PRP killing/VBG the/DT women/NNS ./.",,
sw10utt/sw_1034_2924.utt,2/sw2924,2924,280,sd,A,135,1,"{F Um, } he was strangling some of them. /","Um/UH ,/, he/PRP was/VBD strangling/VBG some/DT of/IN them/PRP ./.",,
sw10utt/sw_1034_2924.utt,2/sw2924,2924,281,qy,B,136,1,"Were they jogging on a, -/","Were/VBD they/PRP jogging/VBG on/IN a/DT ,/,",,
sw10utt/sw_1034_2924.utt,2/sw2924,2924,282,nn,A,137,1,"{F Oh, } no,  /","Oh/UH ,/, no/UH ,/,",,
sw10utt/sw_1034_2924.utt,2/sw2924,2924,283,sd^e,A,137,2,"usually they were prostitutes, actually. /","usually/RB they/PRP were/VBD prostitutes/NNS ,/, actually/UH ./.",,
sw10utt/sw_1034_2924.utt,2/sw2924,2924,284,bk,B,138,1,"{F Oh, } okay. /","Oh/UH ,/, okay/UH ./.",,
sw10utt/sw_1034_2924.utt,2/sw2924,2924,285,%,A,139,1,"Because [ he was, + he was  ] - /","Because/IN he/PRP was/VBD ,/, he/PRP was/VBD",,
sw10utt/sw_1034_2924.utt,2/sw2924,2924,286,sv,A,139,2,{D actually } this is a very sad case.  /,actually/RB this/DT is/VBZ a/DT very/RB sad/JJ case/NN ./.,,
sw10utt/sw_1034_2924.utt,2/sw2924,2924,287,sd,A,139,3,"The man was let out,  /","The/DT man/NN was/VBD let/VBN out/RB ,/,",,
sw10utt/sw_1034_2924.utt,2/sw2924,2924,288,sd,A,139,4,"he was in prison for, {F um, } sexually assaulting two children. /","he/PRP was/VBD in/IN prison/NN for/IN ,/, um/UH ,/, sexually/RB assaulting/VBG two/CD children/NNS ./.",,
sw10utt/sw_1034_2924.utt,2/sw2924,2924,289,b,B,140,1,"{F Oh, }  /","Oh/UH ,/,",,
sw10utt/sw_1034_2924.utt,2/sw2924,2924,290,sd,B,140,2,"{D see, } that's what I mean,  /","see/UH ,/, that/DT 's/BES what/WP I/PRP mean/VBP ,/,",,
sw10utt/sw_1034_2924.utt,2/sw2924,2924,291,sv,B,140,3,then they let them out  /,then/RB they/PRP let/VBP them/PRP out/RB,,
sw10utt/sw_1034_2924.utt,2/sw2924,2924,292,sv,B,140,4,{C and then } they're able to do it again. /,and/CC then/RB they/PRP 're/VBP able/JJ to/TO do/VB it/PRP again/RB ./.,,
sw10utt/sw_1034_2924.utt,2/sw2924,2924,293,b,A,141,1,"Right,  /","Right/UH ,/,",,
sw10utt/sw_1034_2924.utt,2/sw2924,2924,294,%,A,141,2,"[ he, + he,  ] - /","he/PRP ,/, he/PRP ,/,",,
sw10utt/sw_1034_2924.utt,2/sw2924,2924,295,sd,A,141,3,they let him out  /,they/PRP let/VBP him/PRP out/RB,,
sw10utt/sw_1034_2924.utt,2/sw2924,2924,296,sd,A,141,4,"[ {C and then } + {C and then, }  ] [ he wa-, + he wasn't  ] allowed back in the town where he had done this  /","and/CC then/RB and/CC then/RB ,/, he/PRP wa/VBD ,/, he/PRP was/VBD n't/RB allowed/VBN back/RB in/IN the/DT town/NN where/WRB he/PRP had/VBD done/VBN this/DT",,
sw10utt/sw_1034_2924.utt,2/sw2924,2924,297,sd,A,141,5,"{C so } [ he came to our, + he came to  ] Rochester instead  /","so/RB he/PRP came/VBD to/IN our/PRP$ ,/, he/PRP came/VBD to/IN Rochester/NNP instead/RB",,
sw10utt/sw_1034_2924.utt,2/sw2924,2924,298,sd,A,141,6,"{C and } [ [ they, + they,  ] + they  ] realized later [ he, + he ] had killed about between eleven and twelve women, at least  /","and/CC they/PRP ,/, they/PRP ,/, they/PRP realized/VBD later/RB he/PRP ,/, he/PRP had/VBD killed/VBN about/RB between/IN eleven/CD and/CC twelve/CD women/NNS ,/, at/IN least/JJS",,
sw10utt/sw_1034_2924.utt,2/sw2924,2924,299,%,A,141,7,"{C and, } -/","and/CC ,/,",,
sw10utt/sw_1034_2924.utt,2/sw2924,2924,300,sd,B,142,1,I think my sister is married to a guy from Rochester. /,I/PRP think/VBP my/PRP$ sister/NN is/VBZ married/VBN to/IN a/DT guy/NN from/IN Rochester/NNP ./.,,
sw10utt/sw_1034_2924.utt,2/sw2924,2924,301,b,A,143,1,"{F Oh, } really, /","Oh/UH ,/, really/UH ,/,",,
sw10utt/sw_1034_2924.utt,2/sw2924,2924,302,b,B,144,1,Yeah. /,Yeah/UH ./.,,
sw10utt/sw_1034_2924.utt,2/sw2924,2924,303,bf,A,145,1,"way up north here, {F huh. } -/","way/RB up/IN north/RB here/RB ,/, huh/UH ./.",,
sw10utt/sw_1034_2924.utt,2/sw2924,2924,304,aa,B,146,1,Yeah  /,Yeah/UH,,
sw10utt/sw_1034_2924.utt,2/sw2924,2924,305,sd^m,B,146,2,"way up nor-, - /","way/RB up/IN nor-/RB ,/,",,
sw10utt/sw_1034_2924.utt,2/sw2924,2924,306,sd,B,146,3,"{D well, } {F uh, } I'm originally from Kentucky. /","well/UH ,/, uh/UH ,/, I/PRP 'm/VBP originally/RB from/IN Kentucky/NNP ./.",,
sw10utt/sw_1034_2924.utt,2/sw2924,2924,307,b,A,147,1,"{F Oh, } okay.   /","Oh/UH ,/, okay/UH ./.",,
sw10utt/sw_1034_2924.utt,2/sw2924,2924,308,sd,A,147,2,"Still way up north, sort of, {F um. } /","Still/JJ way/RB up/IN north/RB ,/, sort/RB of/RB ,/, um/UH ./.",,
sw10utt/sw_1034_2924.utt,2/sw2924,2924,309,b,B,148,1,"Yeah,  /","Yeah/UH ,/,",,
sw10utt/sw_1034_2924.utt,2/sw2924,2924,310,sd,B,148,2,"[ [ I, + I'm,  ] + I  ] was up north too.  /","I/PRP ,/, I/PRP 'm/VBP ,/, I/PRP was/VBD up/IN north/RB too/RB ./.",,
sw10utt/sw_1034_2924.utt,2/sw2924,2924,311,sv,B,148,3,"{C But, } {F uh, } that's one of the reasons I think judges should be the ones to sentence people  /","But/CC ,/, uh/UH ,/, that/DT 's/BES one/CD of/IN the/DT reasons/NNS I/PRP think/VBP judges/NNS should/MD be/VB the/DT ones/NNS to/TO sentence/VB people/NNS",,
sw10utt/sw_1034_2924.utt,2/sw2924,2924,312,sv,B,148,4,"{C because } they do know, {D you know, }","because/IN they/PRP do/VBP know/VB ,/, you/PRP know/VBP ,/,",,
sw10utt/sw_1034_2924.utt,2/sw2924,2924,313,b,A,149,1,Yeah. /,Yeah/UH ./.,,
sw10utt/sw_1034_2924.utt,2/sw2924,2924,314,+,B,150,1,"if you sentence them to three life times, then they probably won't get out on parole. /","if/IN you/PRP sentence/VBP them/PRP to/IN three/CD life/NN times/NNS ,/, then/RB they/PRP probably/RB wo/MD n't/RB get/VB out/IN on/IN parole/NN ./.",,
sw10utt/sw_1034_2924.utt,2/sw2924,2924,315,^2,A,151,1,"Won't get out, exactly,  /","Wo/MD n't/RB get/VB out/RB ,/, exactly/UH ,/,",,
sw10utt/sw_1034_2924.utt,2/sw2924,2924,316,b,A,151,2,"yeah,  /","yeah/UH ,/,",,
sw10utt/sw_1034_2924.utt,2/sw2924,2924,317,sd,A,151,3,"[ [ this, + this, ] + this  ] man was sentenced to, I think, {D like } three life times.  /","this/DT ,/, this/DT ,/, this/DT man/NN was/VBD sentenced/VBN to/IN ,/, I/PRP think/VBP ,/, like/IN three/CD life/NN times/NNS ./.",,
sw10utt/sw_1034_2924.utt,2/sw2924,2924,318,sd,A,151,4,"{C But } [ he was, + {D you know, } it was  ] just horrible,  /","But/CC he/PRP was/VBD ,/, you/PRP know/VBP ,/, it/PRP was/VBD just/RB horrible/JJ ,/,",,
sw10utt/sw_1034_2924.utt,2/sw2924,2924,319,sd,A,151,5,"{C because, } {F um, } [ [ [ his, + his,  ] + his  ] trial [ was, + {D you know, } was,  ] + [ it wa-, + it was  ]  ] televised and this and that,  /","because/IN ,/, um/UH ,/, his/PRP$ ,/, his/PRP$ ,/, his/PRP$ trial/NN was/VBD ,/, you/PRP know/VBP ,/, was/VBD ,/, it/PRP wa-/XX ,/, it/PRP was/VBD televised/VBN and/CC this/DT and/CC that/DT ,/,",,
sw10utt/sw_1034_2924.utt,2/sw2924,2924,320,sd,A,151,6,"{C and } what they were pleading was, {F um, } they were pleading insanity. /","and/CC what/WP they/PRP were/VBD pleading/VBG was/VBD ,/, um/UH ,/, they/PRP were/VBD pleading/VBG insanity/NN ./.",,
sw10utt/sw_1034_2924.utt,2/sw2924,2924,321,b,B,152,1,Uh-huh. /,Uh-huh/UH ./.,,
sw10utt/sw_1034_2924.utt,2/sw2924,2924,322,sd,A,153,1,{E I mean } it's clear to me the man is insane. /,I/PRP mean/VBP it/PRP 's/BES clear/JJ to/IN me/PRP the/DT man/NN is/VBZ insane/JJ ./.,,
sw10utt/sw_1034_2924.utt,2/sw2924,2924,323,ba,B,154,1,{D Well } of course. /,Well/UH of/IN course/NN ./.,,
sw10utt/sw_1034_2924.utt,2/sw2924,2924,324,sv,A,155,1,"# [ {C And, } + {C and } ] he should be just locked up for life. # /","And/CC ,/, and/CC he/PRP should/MD be/VB just/RB locked/VBN up/RP for/IN life/NN ./.",,
sw10utt/sw_1034_2924.utt,2/sw2924,2924,325,sv,B,156,1,# {C But } they just need to do something with him. #  /,But/CC they/PRP just/RB need/VBP to/TO do/VB something/NN with/IN him/PRP ./.,,
sw10utt/sw_1034_2924.utt,2/sw2924,2924,326,sv,B,156,2,He needs to be annihilated. /,He/PRP needs/VBZ to/TO be/VB annihilated/VBN ./.,,
sw10utt/sw_1034_2924.utt,2/sw2924,2924,327,b,A,157,1,"Right,  /","Right/UH ,/,",,
sw10utt/sw_1034_2924.utt,2/sw2924,2924,328,sd,A,157,2,"{E I mean, } I don't know what you do with them at that point, if you're that crazy,  /","I/PRP mean/VBP ,/, I/PRP do/VBP n't/RB know/VB what/WP you/PRP do/VBP with/IN them/PRP at/IN that/DT point/NN ,/, if/IN you/PRP 're/VBP that/RB crazy/JJ ,/,",,
sw10utt/sw_1034_2924.utt,2/sw2924,2924,329,sd,A,157,3,"{C but } [ what, + what  ] struck me is, {D you know, } they had a psychiatrist testifying for hours and hours  /","but/CC what/WP ,/, what/WP struck/VBD me/PRP is/VBZ ,/, you/PRP know/VBP ,/, they/PRP had/VBD a/DT psychiatrist/NN testifying/VBG for/IN hours/NNS and/CC hours/NNS",,
sw10utt/sw_1034_2924.utt,2/sw2924,2924,330,sv,A,157,4,"{C and } by the end, I realized that maybe it would have been better if [ they had, + ] it wouldn't have been a jury of his peers,  but  if they had a jury of psychiatrists instead, <breathing> to sort look at it, {D you know. } /","and/CC by/IN the/DT end/NN ,/, I/PRP realized/VBD that/IN maybe/RB it/PRP would/MD have/VB been/VBN better/JJR if/IN they/PRP had/VBD ,/, it/PRP would/MD n't/RB have/VB been/VBN a/DT jury/NN of/IN his/PRP$ peers/NNS ,/, but/CC if/IN they/PRP had/VBD a/DT jury/NN of/IN psychiatrists/NNS instead/RB ,/, to/TO sort/RB look/VB at/IN it/PRP ,/, you/PRP know/VBP ./.",,
sw10utt/sw_1034_2924.utt,2/sw2924,2924,331,b,B,158,1,Yeah. /,Yeah/UH ./.,,
sw10utt/sw_1034_2924.utt,2/sw2924,2924,332,sv,A,159,1,"{E I mean, } I don't think it's feasible,  /","I/PRP mean/VBP ,/, I/PRP do/VBP n't/RB think/VB it/PRP 's/BES feasible/JJ ,/,",,
sw10utt/sw_1034_2924.utt,2/sw2924,2924,333,sv,A,159,2,"{C but, } it would be an interesting thought if you're, -/","but/CC ,/, it/PRP would/MD be/VB an/DT interesting/JJ thought/NN if/IN you/PRP 're/VBP ,/,",,
sw10utt/sw_1034_2924.utt,2/sw2924,2924,334,sv,B,160,1,"{D Well, } it's supposed to be a jury of your peers,  /","Well/UH ,/, it/PRP 's/BES supposed/VBN to/TO be/VB a/DT jury/NN of/IN your/PRP$ peers/NNS ,/,",,
sw10utt/sw_1034_2924.utt,2/sw2924,2924,335,sv,B,160,2,"they couldn't have [ a, + a ] bunch of psychotics up there <laughter>. /","they/PRP could/MD n't/RB have/VB a/DT ,/, a/DT bunch/NN of/IN psychotics/NNS up/IN there/RB ./.",,
sw10utt/sw_1034_2924.utt,2/sw2924,2924,336,b,A,161,1,"No,  /","No/UH ,/,",,
sw10utt/sw_1034_2924.utt,2/sw2924,2924,337,b,A,161,2,"{C or, } right,  /","or/CC ,/, right/UH ,/,",,
sw10utt/sw_1034_2924.utt,2/sw2924,2924,338,b,A,161,3,"right,  /","right/UH ,/,",,
sw10utt/sw_1034_2924.utt,2/sw2924,2924,339,aa,A,161,4,"exactly,  /","exactly/UH ,/,",,
sw10utt/sw_1034_2924.utt,2/sw2924,2924,340,sv,A,161,5,"{C but } give them a bunch of psychotics but at least [ [ have a, + have a,  ] + have a  ] bunch of psychiatrists,","but/CC give/VB them/PRP a/DT bunch/NN of/IN psychotics/NNS but/CC at/IN least/JJS have/VB a/DT ,/, have/VB a/DT ,/, have/VB a/DT bunch/NN of/IN psychiatrists/NNS ,/,",,
sw10utt/sw_1034_2924.utt,2/sw2924,2924,341,b,B,162,1,Uh-huh. /,Uh-huh/UH ./.,,
sw10utt/sw_1034_2924.utt,2/sw2924,2924,342,+,A,163,1,"{D you know, } just to look at him and decide from then.  /","you/PRP know/VBP ,/, just/RB to/TO look/VB at/IN him/PRP and/CC decide/VB from/IN then/RB ./.",,
sw10utt/sw_1034_2924.utt,2/sw2924,2924,343,%,A,163,2,"{E I mean, } they would ((   )) , -/","I/PRP mean/VBP ,/, they/PRP would/MD MUMBLEx/XX ,/,",,
sw10utt/sw_1034_2924.utt,2/sw2924,2924,344,qy,B,164,1,Did they have a trial by jury for him. /,Did/VBD they/PRP have/VB a/DT trial/NN by/IN jury/NN for/IN him/PRP ./.,,
sw10utt/sw_1034_2924.utt,2/sw2924,2924,345,%,A,165,1,"What's th-, - /","What/WP 's/BES th-/XX ,/,",,
sw10utt/sw_1034_2924.utt,2/sw2924,2924,346,ny,A,165,2,yeah  /,yeah/UH,,
sw10utt/sw_1034_2924.utt,2/sw2924,2924,347,sd^e,A,165,3,they did. /,they/PRP did/VBD ./.,,
sw10utt/sw_1034_2924.utt,2/sw2924,2924,348,%,B,166,1,"{F Huh, } {D well. } -/","Huh/UH ,/, well/UH ./.",,
sw10utt/sw_1034_2924.utt,2/sw2924,2924,349,sd,A,167,1,"They had a regular trial by jury for him,  /","They/PRP had/VBD a/DT regular/JJ trial/NN by/IN jury/NN for/IN him/PRP ,/,",,
sw10utt/sw_1034_2924.utt,2/sw2924,2924,350,%,A,167,2,"[ {C and, } + {C and, }  ] -/","and/CC ,/, and/CC ,/,",,
