swda_filename,ptb_basename,conversation_no,transcript_index,act_tag,caller,utterance_index,subutterance_index,text,pos,trees,ptb_treenumbers
sw10utt/sw_1090_2353.utt,2/sw2353,2353,0,qo,A,1,1,"{D So, } what do you think about a  year or two of public service? /","So/UH ,/, what/WP do/VBP you/PRP think/VB about/IN a/DT year/NN or/CC two/CD of/IN public/JJ service/NN ?/.",,
sw10utt/sw_1090_2353.utt,2/sw2353,2353,1,sd,B,2,1,"{D Well, } I know it's hard for young  people to think about giving up [ their years, + {D you know, } [ fr-, + ] their carefree years ] -- /","Well/UH ,/, I/PRP know/VBP it/PRP 's/BES hard/JJ for/IN young/JJ people/NNS to/TO think/VB about/IN giving/VBG up/RP their/PRP$ years/NNS ,/, you/PRP know/VBP ,/, fr/JJ ,/, their/PRP$ carefree/JJ years/NNS --/:",,
sw10utt/sw_1090_2353.utt,2/sw2353,2353,2,b,A,3,1,Uh-huh. /,Uh-huh/UH ./.,,
sw10utt/sw_1090_2353.utt,2/sw2353,2353,3,sd,B,4,1,"-- {C but } people that I have known that  have done that, like from other countries, especially,","--/: but/CC people/NNS that/WDT I/PRP have/VBP known/VBN that/WDT have/VBP done/VBN that/DT ,/, like/IN from/IN other/JJ countries/NNS ,/, especially/RB ,/,",,
sw10utt/sw_1090_2353.utt,2/sw2353,2353,4,b,A,5,1,Yeah.  /,Yeah/UH ./.,,
sw10utt/sw_1090_2353.utt,2/sw2353,2353,5,b^r,A,5,2,Yeah. /,Yeah/UH ./.,,
sw10utt/sw_1090_2353.utt,2/sw2353,2353,6,+,B,6,1,"from Germany and Finland, {F um, }  [ they are just, + they have ] such a better, more mature, outlook on life  /","from/IN Germany/NNP and/CC Finland/NNP ,/, um/UH ,/, they/PRP are/VBP just/RB ,/, they/PRP have/VBP such/PDT a/DT better/JJR ,/, more/RBR mature/JJ ,/, outlook/NN on/IN life/NN",,
sw10utt/sw_1090_2353.utt,2/sw2353,2353,7,sv,B,6,2,{C and }  I think they're better people --,and/CC I/PRP think/VBP they/PRP 're/VBP better/JJR people/NNS --/:,,
sw10utt/sw_1090_2353.utt,2/sw2353,2353,8,b,A,7,1,Uh-huh. /,Uh-huh/UH ./.,,
sw10utt/sw_1090_2353.utt,2/sw2353,2353,9,+,B,8,1,"-- because of it,  /","--/: because/IN of/IN it/PRP ,/,",,
sw10utt/sw_1090_2353.utt,2/sw2353,2353,10,sv,B,8,2,they're much more responsible.  /,they/PRP 're/VBP much/RB more/RBR responsible/JJ ./.,,
sw10utt/sw_1090_2353.utt,2/sw2353,2353,11,sd,B,8,3,"I know, {F um, } the church that I go to, {F um, } the young men give two  years of their life when they turn nineteen, {D you know, } /","I/PRP know/VBP ,/, um/UH ,/, the/DT church/NN that/WDT I/PRP go/VBP to/IN ,/, um/UH ,/, the/DT young/JJ men/NNS give/VBP two/CD years/NNS of/IN their/PRP$ life/NN when/WRB they/PRP turn/VBP nineteen/CD ,/, you/PRP know/VBP ,/,",,
sw10utt/sw_1090_2353.utt,2/sw2353,2353,12,b,A,9,1,Uh-huh. /,Uh-huh/UH ./.,,
sw10utt/sw_1090_2353.utt,2/sw2353,2353,13,sd,B,10,1,"they're encouraged to do that, missionary work,  /","they/PRP 're/VBP encouraged/VBN to/TO do/VB that/DT ,/, missionary/NN work/VB ,/,",,
sw10utt/sw_1090_2353.utt,2/sw2353,2353,14,sd,B,10,2,"{C and } [ I be-, + I really believe ] that the people that do that are  better people that make our,","and/CC I/PRP be/VBP ,/, I/PRP really/RB believe/VBP that/IN the/DT people/NNS that/WDT do/VBP that/DT are/VBP better/JJR people/NNS that/WDT make/VBP our/PRP$ ,/,",,
sw10utt/sw_1090_2353.utt,2/sw2353,2353,15,aa,A,11,1,"{D You know, } [ I, +","You/PRP know/VBP ,/, I/PRP ,/,",,
sw10utt/sw_1090_2353.utt,2/sw2353,2353,16,+,B,12,1,society better. /,society/NN better/JJR ./.,,
sw10utt/sw_1090_2353.utt,2/sw2353,2353,17,+,A,13,1,I ] really agree with you.  /,I/PRP really/RB agree/VBP with/IN you/PRP ./.,,
sw10utt/sw_1090_2353.utt,2/sw2353,2353,18,sd,A,13,2,"{F Um, } [ I, + {F uh, } though I've ]  never done that myself, I, [ I'm, + ] was a basically an  education major when I graduated from college  /","Um/UH ,/, I/PRP ,/, uh/UH ,/, though/IN I/PRP 've/VBP never/RB done/VBN that/DT myself/PRP ,/, I/PRP ,/, I/PRP 'm/VBP ,/, was/VBD a/DT basically/RB an/DT education/NN major/NN when/WRB I/PRP graduated/VBD from/IN college/NN",,
sw10utt/sw_1090_2353.utt,2/sw2353,2353,19,sd,A,13,3,"{C and } I accepted a job that at the time was just slightly above the poverty level to teach to, {F um, } very rural children in a very low  income district  /","and/CC I/PRP accepted/VBD a/DT job/NN that/WDT at/IN the/DT time/NN was/VBD just/RB slightly/RB above/IN the/DT poverty/NN level/NN to/TO teach/VB to/IN ,/, um/UH ,/, very/RB rural/JJ children/NNS in/IN a/DT very/RB low/JJ income/NN district/NN",,
sw10utt/sw_1090_2353.utt,2/sw2353,2353,20,sd,A,13,4,{C and } I spent a year teaching there -- /,and/CC I/PRP spent/VBD a/DT year/NN teaching/VBG there/RB --/:,,
sw10utt/sw_1090_2353.utt,2/sw2353,2353,21,b,B,14,1,Uh-huh. /,Uh-huh/UH ./.,,
sw10utt/sw_1090_2353.utt,2/sw2353,2353,22,sd,A,15,1,-- {C and } I think it was probably one of  my largest eye-opening experiences because I come from nice middle class white suburban home -- /,--/: and/CC I/PRP think/VBP it/PRP was/VBD probably/RB one/CD of/IN my/PRP$ largest/JJS eye-opening/JJ experiences/NNS because/IN I/PRP come/VBP from/IN nice/JJ middle/JJ class/NN white/JJ suburban/JJ home/NN --/:,,
sw10utt/sw_1090_2353.utt,2/sw2353,2353,23,b,B,16,1,Uh-huh. /,Uh-huh/UH ./.,,
sw10utt/sw_1090_2353.utt,2/sw2353,2353,24,sd,A,17,1,"-- {C and } I did it, {F um, } for one reason  I  wanted, - /","--/: and/CC I/PRP did/VBD it/PRP ,/, um/UH ,/, for/IN one/CD reason/NN I/PRP wanted/VBD ,/,",,
sw10utt/sw_1090_2353.utt,2/sw2353,2353,25,sd,A,17,2,I was working on a masters degree  /,I/PRP was/VBD working/VBG on/IN a/DT masters/NNS degree/NN,,
sw10utt/sw_1090_2353.utt,2/sw2353,2353,26,sd,A,17,3,"{C so } I wanted to stay close to where  I was working on a masters degree, but also because I just thought that it would  be interesting to live some place else so totally different than my own up bringing -- /","so/RB I/PRP wanted/VBD to/TO stay/VB close/RB to/IN where/WRB I/PRP was/VBD working/VBG on/IN a/DT masters/NNS degree/NN ,/, but/CC also/RB because/IN I/PRP just/RB thought/VBD that/IN it/PRP would/MD be/VB interesting/JJ to/TO live/VB some/DT place/NN else/RB so/RB totally/RB different/JJ than/IN my/PRP$ own/JJ up/GW bringing/^NN --/:",,
sw10utt/sw_1090_2353.utt,2/sw2353,2353,27,b,B,18,1,Uh-huh. /,Uh-huh/UH ./.,,
sw10utt/sw_1090_2353.utt,2/sw2353,2353,28,%,A,19,1,"-- {C and } I, - /","--/: and/CC I/PRP ,/,",,
sw10utt/sw_1090_2353.utt,2/sw2353,2353,29,sd,A,19,2,"[ it changed, + it probably changed ]  my political views  /","it/PRP changed/VBD ,/, it/PRP probably/RB changed/VBD my/PRP$ political/JJ views/NNS",,
sw10utt/sw_1090_2353.utt,2/sw2353,2353,30,sd,A,19,3,it changed my understanding of the world around me -- /,it/PRP changed/VBD my/PRP$ understanding/NN of/IN the/DT world/NN around/IN me/PRP --/:,,
sw10utt/sw_1090_2353.utt,2/sw2353,2353,31,b,B,20,1,Uh-huh. /,Uh-huh/UH ./.,,
sw10utt/sw_1090_2353.utt,2/sw2353,2353,32,sd,A,21,1,"-- {C and } I think, {F um, } in fact, [ i-, + if ]  I had to do it all again I, {D you know, } - /","--/: and/CC I/PRP think/VBP ,/, um/UH ,/, in/IN fact/NN ,/, i-/IN ,/, if/IN I/PRP had/VBD to/TO do/VB it/PRP all/DT again/RB I/PRP ,/, you/PRP know/VBP ,/,",,
sw10utt/sw_1090_2353.utt,2/sw2353,2353,33,sd,A,21,2,"after that, {D you know, } you never think of it  [ because, + I guess because ] I paid for all of my college education myself,  I never thought about doing that because I had all these college loans I'd started paying back. /","after/IN that/DT ,/, you/PRP know/VBP ,/, you/PRP never/RB think/VBP of/IN it/PRP because/IN ,/, I/PRP guess/VBP because/IN I/PRP paid/VBD for/IN all/DT of/IN my/PRP$ college/NN education/NN myself/PRP ,/, I/PRP never/RB thought/VBD about/IN doing/VBG that/DT because/IN I/PRP had/VBD all/PDT these/DT college/NN loans/NNS I/PRP 'd/VBD started/VBN paying/VBG back/RB ./.",,
sw10utt/sw_1090_2353.utt,2/sw2353,2353,34,b,B,22,1,Huh. /,Huh/UH ./.,,
sw10utt/sw_1090_2353.utt,2/sw2353,2353,35,sd,A,23,1,"{F Um, } {C beca-, } so [ that was, + that was ]  one reason why I never considered it  /","Um/UH ,/, beca-/IN ,/, so/RB that/DT was/VBD ,/, that/DT was/VBD one/CD reason/NN why/WRB I/PRP never/RB considered/VBD it/PRP",,
sw10utt/sw_1090_2353.utt,2/sw2353,2353,36,sd,A,23,2,"{C but } now that I'm further along, and I'm still paying  these college loans,","but/CC now/RB that/IN I/PRP 'm/VBP further/RB along/IN ,/, and/CC I/PRP 'm/VBP still/RB paying/VBG these/DT college/NN loans/NNS ,/,",,
sw10utt/sw_1090_2353.utt,2/sw2353,2353,37,x,B,24,1,<Laughter>,,,
sw10utt/sw_1090_2353.utt,2/sw2353,2353,38,+,A,25,1,"[ I, + I ] think realistically, {D you know, }  you can have your college loans delayed now, because I had them delayed because  I'm back in graduate school at thirty years old, /","I/PRP ,/, I/PRP think/VBP realistically/RB ,/, you/PRP know/VBP ,/, you/PRP can/MD have/VB your/PRP$ college/NN loans/NNS delayed/VBN now/RB ,/, because/IN I/PRP had/VBD them/PRP delayed/VBN because/IN I/PRP 'm/VBP back/RB in/IN graduate/NN school/NN at/IN thirty/CD years/NNS old/JJ ,/,",,
sw10utt/sw_1090_2353.utt,2/sw2353,2353,39,b,B,26,1,Yeah. /,Yeah/UH ./.,,
sw10utt/sw_1090_2353.utt,2/sw2353,2353,40,sd,A,27,1,"{F um, } I had them delayed because I'm back  in graduate school and on that form it says if your joining the Peace Corps  you can have them delayed -- /","um/UH ,/, I/PRP had/VBD them/PRP delayed/VBN because/IN I/PRP 'm/VBP back/RB in/IN graduate/NN school/NN and/CC on/IN that/DT form/NN it/PRP says/VBZ if/IN you/PRP 're/VBP joining/VBG the/DT Peace/NNP Corps/NNP  you/PRP can/MD have/VB them/PRP delayed/VBN --/:",,
sw10utt/sw_1090_2353.utt,2/sw2353,2353,41,%,B,28,1,{F Huh. }  <<Clinking and rattling in background.>> /,Huh/UH ./.,,
sw10utt/sw_1090_2353.utt,2/sw2353,2353,42,sd,A,29,1,"-- {C and } I thought that was, {D you know, }  very interesting  /","--/: and/CC I/PRP thought/VBD that/DT was/VBD ,/, you/PRP know/VBP ,/, very/RB interesting/JJ",,
sw10utt/sw_1090_2353.utt,2/sw2353,2353,43,sd,A,29,2,"{C and } [ I, + I ] would have thought of that earlier  /","and/CC I/PRP ,/, I/PRP would/MD have/VB thought/VBN of/IN that/DT earlier/JJR",,
sw10utt/sw_1090_2353.utt,2/sw2353,2353,44,qy,A,29,3,"I probably would have done, {D you know, } just like,  [ [ is that, + is this, ] + is that ] the Mormon church,","I/PRP probably/RB would/MD have/VB done/VBN ,/, you/PRP know/VBP ,/, just/RB like/IN ,/, is/VBZ that/DT ,/, is/VBZ this/DT ,/, is/VBZ that/DT the/DT Mormon/NNP church/NN ,/,",,
sw10utt/sw_1090_2353.utt,2/sw2353,2353,45,ny,B,30,1,Yes.  <<Background voices>> /,Yes/UH ./.,,
sw10utt/sw_1090_2353.utt,2/sw2353,2353,46,+,A,31,1,that does that? /,that/WDT does/VBZ that/DT ?/.,,
sw10utt/sw_1090_2353.utt,2/sw2353,2353,47,ny^r,B,32,1,Yes. /,Yes/UH ./.,,
sw10utt/sw_1090_2353.utt,2/sw2353,2353,48,sd,A,33,1,"{C Because } one of my neighbors, {F uh, }  did that in Pittsburgh, from Pittsburgh. /","Because/IN one/CD of/IN my/PRP$ neighbors/NNS ,/, uh/UH ,/, did/VBD that/DT in/IN Pittsburgh/NNP ,/, from/IN Pittsburgh/NNP ./.",,
sw10utt/sw_1090_2353.utt,2/sw2353,2353,49,b,B,34,1,Uh-huh. /,Uh-huh/UH ./.,,
sw10utt/sw_1090_2353.utt,2/sw2353,2353,50,sd,A,35,1,"{C And } I thought, {D you know, }  that really, - /","And/CC I/PRP thought/VBD ,/, you/PRP know/VBP ,/, that/IN really/RB ,/,",,
sw10utt/sw_1090_2353.utt,2/sw2353,2353,51,sd,A,35,2,"now that I'm thirty years old, I think that one or two years out of my life would  have, - /","now/RB that/IN I/PRP 'm/VBP thirty/CD years/NNS old/JJ ,/, I/PRP think/VBP that/IN one/CD or/CC two/CD years/NNS out/IN of/IN my/PRP$ life/NN would/MD have/VB ,/,",,
sw10utt/sw_1090_2353.utt,2/sw2353,2353,52,sd,A,35,3,"probably like you said, to be able to travel some place else whether  it be the United States or  outside the country,","probably/RB like/IN you/PRP said/VBD ,/, to/TO be/VB able/JJ to/TO travel/VB some/DT place/NN else/RB whether/IN it/PRP be/VB the/DT United/NNP States/NNPS or/CC outside/IN the/DT country/NN ,/,",,
sw10utt/sw_1090_2353.utt,2/sw2353,2353,53,b,B,36,1,Uh-huh. /,Uh-huh/UH ./.,,
sw10utt/sw_1090_2353.utt,2/sw2353,2353,54,+,A,37,1,"I think it would have been a very good, {F um, } experience for me. /","I/PRP think/VBP it/PRP would/MD have/VB been/VBN a/DT very/RB good/JJ ,/, um/UH ,/, experience/NN for/IN me/PRP ./.",,
sw10utt/sw_1090_2353.utt,2/sw2353,2353,55,sv,B,38,1,"{D Well, } I think so,  /","Well/UH ,/, I/PRP think/VBP so/RB ,/,",,
sw10utt/sw_1090_2353.utt,2/sw2353,2353,56,sv,B,38,2,it puts you out on your own  /,it/PRP puts/VBZ you/PRP out/IN on/IN your/PRP$ own/JJ,,
sw10utt/sw_1090_2353.utt,2/sw2353,2353,57,sv,B,38,3,[ {C and } + --,and/CC --/:,,
sw10utt/sw_1090_2353.utt,2/sw2353,2353,58,b,A,39,1,Uh-huh. /,Uh-huh/UH ./.,,
sw10utt/sw_1090_2353.utt,2/sw2353,2353,59,+,B,40,1,"-- {C and } ] in a time after high school, {F um, }  there's kind of a selfishness,  /","--/: and/CC in/IN a/DT time/NN after/IN high/JJ school/NN ,/, um/UH ,/, there/EX 's/BES kind/RB of/RB a/DT selfishness/NN ,/,",,
sw10utt/sw_1090_2353.utt,2/sw2353,2353,60,sv,B,40,2,"{E I mean, } teenagers in  our country are [ kind of, + kind of ] a year that parents don't look forward to  [ and, +","I/PRP mean/VBP ,/, teenagers/NNS in/IN our/PRP$ country/NN are/VBP kind/RB of/RB ,/, kind/NN of/IN a/DT year/NN that/IN parents/NNS do/VBP n't/RB look/VB forward/RB to/IN and/CC ,/,",,
sw10utt/sw_1090_2353.utt,2/sw2353,2353,61,b,A,41,1,Uh-huh. /,Uh-huh/UH ./.,,
sw10utt/sw_1090_2353.utt,2/sw2353,2353,62,+,B,42,1,and ] things like that  /,and/CC things/NNS like/IN that/DT,,
sw10utt/sw_1090_2353.utt,2/sw2353,2353,63,sd,B,42,2,"{C and } I think that it  would help people to become,","and/CC I/PRP think/VBP that/IN it/PRP would/MD help/VB people/NNS to/TO become/VB ,/,",,
sw10utt/sw_1090_2353.utt,2/sw2353,2353,64,b@,A,43,1,Yes.,Yes/UH ./.,,
sw10utt/sw_1090_2353.utt,2/sw2353,2353,65,+,B,44,1,"less self-centered,","less/RBR self-centered/JJ ,/,",,
sw10utt/sw_1090_2353.utt,2/sw2353,2353,66,+@,A,45,1,Uh-huh. /,Uh-huh/UH ./.,,
sw10utt/sw_1090_2353.utt,2/sw2353,2353,67,+,B,46,1,"and to be more responsible when you're  out on your own [ trying to, + ] {F um, }","and/CC to/TO be/VB more/RBR responsible/JJ when/WRB you/PRP 're/VBP out/IN on/IN your/PRP$ own/JJ trying/VBG to/TO ,/, um/UH ,/,",,
sw10utt/sw_1090_2353.utt,2/sw2353,2353,68,b,A,47,1,Uh-huh. /,Uh-huh/UH ./.,,
sw10utt/sw_1090_2353.utt,2/sw2353,2353,69,+,B,48,1,"thinking less of your own needs but,","thinking/VBG less/RBR of/IN your/PRP$ own/JJ needs/NNS but/CC ,/,",,
sw10utt/sw_1090_2353.utt,2/sw2353,2353,70,b,A,49,1,Yeah. /,Yeah/UH ./.,,
sw10utt/sw_1090_2353.utt,2/sw2353,2353,71,+,B,50,1,of other people. /,of/IN other/JJ people/NNS ./.,,
sw10utt/sw_1090_2353.utt,2/sw2353,2353,72,sd,A,51,1,"{C And } I think, {D you know, } we have such  a need now, {D you know, } - /","And/CC I/PRP think/VBP ,/, you/PRP know/VBP ,/, we/PRP have/VBP such/PDT a/DT need/NN now/RB ,/, you/PRP know/VBP ,/,",,
sw10utt/sw_1090_2353.utt,2/sw2353,2353,73,%,A,51,2,"I taught, {D you know, } - /","I/PRP taught/VBD ,/, you/PRP know/VBP ,/,",,
sw10utt/sw_1090_2353.utt,2/sw2353,2353,74,sd,A,51,3,"[ I, + I ]  think I was paid, {F uh, } about nine thousand  dollars to teach for the year -- /","I/PRP ,/, I/PRP think/VBP I/PRP was/VBD paid/VBN ,/, uh/UH ,/, about/RB nine/CD thousand/CD dollars/NNS to/TO teach/VB for/IN the/DT year/NN --/:",,
sw10utt/sw_1090_2353.utt,2/sw2353,2353,75,b,B,52,1,Uh-huh. /,Uh-huh/UH ./.,,
sw10utt/sw_1090_2353.utt,2/sw2353,2353,76,sd,A,53,1,-- {C and } I worked in a very rural  school district  /,--/: and/CC I/PRP worked/VBD in/IN a/DT very/RB rural/JJ school/NN district/NN,,
sw10utt/sw_1090_2353.utt,2/sw2353,2353,77,sd,A,53,2,"{C and }  [ [ I, + I, ] + ] one of the things I taught was a computer class -- /","and/CC I/PRP ,/, I/PRP ,/, one/CD of/IN the/DT things/NNS I/PRP taught/VBD was/VBD a/DT computer/NN class/NN --/:",,
sw10utt/sw_1090_2353.utt,2/sw2353,2353,78,b,B,54,1,Uh-huh. /,Uh-huh/UH ./.,,
sw10utt/sw_1090_2353.utt,2/sw2353,2353,79,sd,A,55,1,"-- {C and } these kids, {F um, } {D you know, }  every girl I taught, except for one, was pregnant. /","--/: and/CC these/DT kids/NNS ,/, um/UH ,/, you/PRP know/VBP ,/, every/DT girl/NN I/PRP taught/VBD ,/, except/IN for/IN one/CD ,/, was/VBD pregnant/JJ ./.",,
sw10utt/sw_1090_2353.utt,2/sw2353,2353,80,ba,B,56,1,"{F Oh, } no. /","Oh/UH ,/, no/UH ./.",,
sw10utt/sw_1090_2353.utt,2/sw2353,2353,81,sd,A,57,1,Many of the boys in the room had children  /,Many/JJ of/IN the/DT boys/NNS in/IN the/DT room/NN had/VBD children/NNS,,
sw10utt/sw_1090_2353.utt,2/sw2353,2353,82,sd,A,57,2,"{C and } [ they were, + they were ] high school juniors. /","and/CC they/PRP were/VBD ,/, they/PRP were/VBD high/JJ school/NN juniors/NNS ./.",,
sw10utt/sw_1090_2353.utt,2/sw2353,2353,83,b,B,58,1,Uh-huh. /,Uh-huh/UH ./.,,
sw10utt/sw_1090_2353.utt,2/sw2353,2353,84,%,A,59,1,"{C And } I just, - /","And/CC I/PRP just/RB ,/,",,
sw10utt/sw_1090_2353.utt,2/sw2353,2353,85,sd,A,59,2,"there, {D you know, }  they came from poverty,  /","there/RB ,/, you/PRP know/VBP ,/, they/PRP came/VBD from/IN poverty/NN ,/,",,
sw10utt/sw_1090_2353.utt,2/sw2353,2353,86,sd,A,59,3,they were going to condition in poverty  /,they/PRP were/VBD going/VBG to/TO condition/VB in/IN poverty/NN,,
sw10utt/sw_1090_2353.utt,2/sw2353,2353,87,sd,A,59,4,"{C and } [ it was, + it was, ]  the school district couldn't hire many people,  /","and/CC it/PRP was/VBD ,/, it/PRP was/VBD ,/, the/DT school/NN district/NN could/MD n't/RB hire/VB many/JJ people/NNS ,/,",,
sw10utt/sw_1090_2353.utt,2/sw2353,2353,88,sd,A,59,5,"it was very difficult for them to hire,  /","it/PRP was/VBD very/RB difficult/JJ for/IN them/PRP to/TO hire/VB ,/,",,
sw10utt/sw_1090_2353.utt,2/sw2353,2353,89,sd,A,59,6,"{C and } I think, {D you know, } in the sense, that aspect of public service for  education in some of the inner cities --","and/CC I/PRP think/VBP ,/, you/PRP know/VBP ,/, in/IN the/DT sense/NN ,/, that/DT aspect/NN of/IN public/JJ service/NN for/IN education/NN in/IN some/DT of/IN the/DT inner/JJ cities/NNS --/:",,
sw10utt/sw_1090_2353.utt,2/sw2353,2353,90,b,B,60,1,Right. /,Right/UH ./.,,
sw10utt/sw_1090_2353.utt,2/sw2353,2353,91,+,A,61,1,"-- for, {F um, } just social workers in  some of the inner cities and some of the rural areas where they just need advice on medical, {F um, } things,","--/: for/IN ,/, um/UH ,/, just/RB social/JJ workers/NNS in/IN some/DT of/IN the/DT inner/JJ cities/NNS and/CC some/DT of/IN the/DT rural/JJ areas/NNS where/WRB they/PRP just/RB need/VBP advice/NN on/IN medical/JJ ,/, um/UH ,/, things/NNS ,/,",,
sw10utt/sw_1090_2353.utt,2/sw2353,2353,92,b,B,62,1,Uh-huh. /,Uh-huh/UH ./.,,
sw10utt/sw_1090_2353.utt,2/sw2353,2353,93,+,A,63,1,I think it's a really good idea.  And  even if it is overseas.  /,I/PRP think/VBP it/PRP 's/BES a/DT really/RB good/JJ idea/NN ./. And/CC even/RB if/IN it/PRP is/VBZ overseas/RB ./.,,
sw10utt/sw_1090_2353.utt,2/sw2353,2353,94,%,A,63,2,"{D See, } I never, - /","See/VB ,/, I/PRP never/RB ,/,",,
sw10utt/sw_1090_2353.utt,2/sw2353,2353,95,sd,A,63,3,"[ I, + I ] tell you sometimes I worry  about things over seas because we have such problems right here in our own country. /","I/PRP ,/, I/PRP tell/VBP you/PRP sometimes/RB I/PRP worry/VBP about/IN things/NNS over/GW seas/^RB because/IN we/PRP have/VBP such/JJ problems/NNS right/RB here/RB in/IN our/PRP$ own/JJ country/NN ./.",,
sw10utt/sw_1090_2353.utt,2/sw2353,2353,96,b,B,64,1,Yes. /,Yes/UH ./.,,
sw10utt/sw_1090_2353.utt,2/sw2353,2353,97,b,A,65,1,Uh-huh. /,Uh-huh/UH ./.,,
sw10utt/sw_1090_2353.utt,2/sw2353,2353,98,%,B,66,1,"It would really, {F um, }  /","It/PRP would/MD really/RB ,/, um/UH ,/,",,
sw10utt/sw_1090_2353.utt,2/sw2353,2353,99,%,B,66,2,{C and } I don't <laughter> - /,and/CC I/PRP do/VBP n't/RB,,
sw10utt/sw_1090_2353.utt,2/sw2353,2353,100,sd,B,66,3,the people that I've known like  from Germany and Finland that have done that --,the/DT people/NNS that/WDT I/PRP 've/VBP known/VBN like/IN from/IN Germany/NNP and/CC Finland/NNP that/WDT have/VBP done/VBN that/DT --/:,,
sw10utt/sw_1090_2353.utt,2/sw2353,2353,101,b,A,67,1,Yeah. /,Yeah/UH ./.,,
sw10utt/sw_1090_2353.utt,2/sw2353,2353,102,+,B,68,1,"-- [ are, + they do ]  military service which, {D you know, }","--/: are/VBP ,/, they/PRP do/VBP military/JJ service/NN which/WDT ,/, you/PRP know/VBP ,/,",,
sw10utt/sw_1090_2353.utt,2/sw2353,2353,103,b,A,69,1,Uh-huh. /,Uh-huh/UH ./.,,
sw10utt/sw_1090_2353.utt,2/sw2353,2353,104,+,B,70,1,"I don't exactly recommend <noise>, /","I/PRP do/VBP n't/RB exactly/RB recommend/VB ,/,",,
sw10utt/sw_1090_2353.utt,2/sw2353,2353,105,b,A,71,1,Yeah. /,Yeah/UH ./.,,
sw10utt/sw_1090_2353.utt,2/sw2353,2353,106,sd,B,72,1,{C but } still they have benefited from it. /,but/CC still/RB they/PRP have/VBP benefited/VBN from/IN it/PRP ./.,,
sw10utt/sw_1090_2353.utt,2/sw2353,2353,107,b,A,73,1,Right.  /,Right/UH ./.,,
sw10utt/sw_1090_2353.utt,2/sw2353,2353,108,b,A,73,2,Uh-huh. /,Uh-huh/UH ./.,,
sw10utt/sw_1090_2353.utt,2/sw2353,2353,109,sd,B,74,1,"{C And, } {F um, } {D you know, }  although I wouldn't want it  ((   ))  to make people to go off to the military voluntarily  /","And/CC ,/, um/UH ,/, you/PRP know/VBP ,/, although/IN I/PRP would/MD n't/RB want/VB it/PRP MUMBLEx/XX to/TO make/VB people/NNS to/TO go/VB off/IN to/IN the/DT military/NN voluntarily/RB",,
sw10utt/sw_1090_2353.utt,2/sw2353,2353,110,sd,B,74,2,{C but } --,but/CC --/:,,
sw10utt/sw_1090_2353.utt,2/sw2353,2353,111,b,A,75,1,Uh-huh. /,Uh-huh/UH ./.,,
sw10utt/sw_1090_2353.utt,2/sw2353,2353,112,+,B,76,1,"-- [ it's, + it ]  has helped them  /","--/: it/PRP 's/BES ,/, it/PRP has/VBZ helped/VBN them/PRP",,
sw10utt/sw_1090_2353.utt,2/sw2353,2353,113,sd,B,76,2,"{C and } they are just a lot more mature,","and/CC they/PRP are/VBP just/RB a/DT lot/NN more/RBR mature/JJ ,/,",,
sw10utt/sw_1090_2353.utt,2/sw2353,2353,114,b,A,77,1,Uh-huh. /,Uh-huh/UH ./.,,
sw10utt/sw_1090_2353.utt,2/sw2353,2353,115,+,B,78,1,than the average student  /,than/IN the/DT average/JJ student/NN,,
sw10utt/sw_1090_2353.utt,2/sw2353,2353,116,%,B,78,2,"{C and } <<sounds like  she's washing dishes>>, -/","and/CC ,/,",,
sw10utt/sw_1090_2353.utt,2/sw2353,2353,117,aa,A,79,1,Yeah.  /,Yeah/UH ./.,,
sw10utt/sw_1090_2353.utt,2/sw2353,2353,118,sd,A,79,2,I think it would also help them  if they then went on to college.  /,I/PRP think/VBP it/PRP would/MD also/RB help/VB them/PRP if/IN they/PRP then/RB went/VBD on/IN to/IN college/NN ./.,,
sw10utt/sw_1090_2353.utt,2/sw2353,2353,119,sd,A,79,3,"I know that my first couple of years of college  were, {F um, } {F uh, } probably too carefree at the,","I/PRP know/VBP that/IN my/PRP$ first/JJ couple/NN of/IN years/NNS of/IN college/NN were/VBD ,/, um/UH ,/, uh/UH ,/, probably/RB too/RB carefree/JJ at/IN the/DT ,/,",,
sw10utt/sw_1090_2353.utt,2/sw2353,2353,120,b,B,80,1,Uh-huh. /,Uh-huh/UH ./.,,
sw10utt/sw_1090_2353.utt,2/sw2353,2353,121,+,A,81,1,beginning  /,beginning/NN,,
sw10utt/sw_1090_2353.utt,2/sw2353,2353,122,sd,A,81,2,{C and then } at the end I had  to be too serious.   /,and/CC then/RB at/IN the/DT end/NN I/PRP had/VBD to/TO be/VB too/RB serious/JJ ./.,,
sw10utt/sw_1090_2353.utt,2/sw2353,2353,123,o@,A,81,3,((   )) .,MUMBLEx/XX ./.,,
sw10utt/sw_1090_2353.utt,2/sw2353,2353,124,aa,B,82,1,"{D Well, } that's right.  /","Well/UH ,/, that/DT 's/BES right/JJ ./.",,
sw10utt/sw_1090_2353.utt,2/sw2353,2353,125,sv,B,82,2,A lot of people they flunk out  /,A/DT lot/NN of/IN people/NNS they/PRP flunk/VBP out/RP,,
sw10utt/sw_1090_2353.utt,2/sw2353,2353,126,sv,B,82,3,"{C or } [ they get, +","or/CC they/PRP get/VBP ,/,",,
sw10utt/sw_1090_2353.utt,2/sw2353,2353,127,b,A,83,1,Uh-huh. /,Uh-huh/UH ./.,,
sw10utt/sw_1090_2353.utt,2/sw2353,2353,128,+,B,84,1,"they just get ] so excited to be away from home,","they/PRP just/RB get/VBP so/RB excited/JJ to/TO be/VB away/RB from/IN home/NN ,/,",,
sw10utt/sw_1090_2353.utt,2/sw2353,2353,129,b,A,85,1,Uh-huh. /,Uh-huh/UH ./.,,
sw10utt/sw_1090_2353.utt,2/sw2353,2353,130,+,B,86,1,they just spend all there time partying  /,they/PRP just/RB spend/VBP all/DT there/EX time/NN  partying/VBG,,
sw10utt/sw_1090_2353.utt,2/sw2353,2353,131,sv,B,86,2,{C and } --,and/CC --/:,,
sw10utt/sw_1090_2353.utt,2/sw2353,2353,132,aa,A,87,1,"Yeah,  /","Yeah/UH ,/,",,
sw10utt/sw_1090_2353.utt,2/sw2353,2353,133,sv,A,87,2,that's true. /,that/DT 's/BES true/JJ ./.,,
sw10utt/sw_1090_2353.utt,2/sw2353,2353,134,+,B,88,1,"-- they do a lot of things to themselves [ that, + that ]  we really don't want our young people to be doing  /","--/: they/PRP do/VBP a/DT lot/NN of/IN things/NNS to/IN themselves/PRP that/WDT ,/, that/WDT we/PRP really/RB do/VBP n't/RB want/VB our/PRP$ young/JJ people/NNS to/TO be/VB doing/VBG",,
sw10utt/sw_1090_2353.utt,2/sw2353,2353,135,%,B,88,2,"{C and, } -/","and/CC ,/,",,
sw10utt/sw_1090_2353.utt,2/sw2353,2353,136,aa,A,89,1,"Uh-huh,  /","Uh-huh/UH ,/,",,
sw10utt/sw_1090_2353.utt,2/sw2353,2353,137,ba,A,89,2,that's right. /,that/DT 's/BES right/JJ ./.,,
sw10utt/sw_1090_2353.utt,2/sw2353,2353,138,%,B,90,1,{F Um. } /,Um/UH ./.,,
sw10utt/sw_1090_2353.utt,2/sw2353,2353,139,%,A,91,1,"I, - /","I/PRP ,/,",,
sw10utt/sw_1090_2353.utt,2/sw2353,2353,140,%,A,91,2,"yeah,  /","yeah/UH ,/,",,
sw10utt/sw_1090_2353.utt,2/sw2353,2353,141,sv^t,A,91,3,"[ I think, + I think ] [ this was, + this was ] a very interesting topic --","I/PRP think/VBP ,/, I/PRP think/VBP this/DT was/VBD ,/, this/DT was/VBD a/DT very/RB interesting/JJ topic/NN --/:",,
sw10utt/sw_1090_2353.utt,2/sw2353,2353,142,b,B,92,1,Yeah. /,Yeah/UH ./.,,
sw10utt/sw_1090_2353.utt,2/sw2353,2353,143,+,A,93,1,"-- {F uh, } because it's something that, {D you know, }  we don't talk about in this country probably enough. /","--/: uh/UH ,/, because/IN it/PRP 's/BES something/NN that/WDT ,/, you/PRP know/VBP ,/, we/PRP do/VBP n't/RB talk/VB about/IN in/IN this/DT country/NN probably/RB enough/RB ./.",,
sw10utt/sw_1090_2353.utt,2/sw2353,2353,144,b,B,94,1,Uh-huh. /,Uh-huh/UH ./.,,
sw10utt/sw_1090_2353.utt,2/sw2353,2353,145,%,A,95,1,"{F Uh, } {D you know, } -/","Uh/UH ,/, you/PRP know/VBP ,/,",,
sw10utt/sw_1090_2353.utt,2/sw2353,2353,146,%,B,96,1,"Be-, - /","Be-/IN ,/,",,
sw10utt/sw_1090_2353.utt,2/sw2353,2353,147,sv,B,96,2,"{C because } [ we're so, + we love ]  our freedom --","because/IN we/PRP 're/VBP so/RB ,/, we/PRP love/VBP our/PRP$ freedom/NN --/:",,
sw10utt/sw_1090_2353.utt,2/sw2353,2353,148,b,A,97,1,Uh-huh. /,Uh-huh/UH ./.,,
sw10utt/sw_1090_2353.utt,2/sw2353,2353,149,+,B,98,1,-- and our freedom of choice --,--/: and/CC our/PRP$ freedom/NN of/IN choice/NN --/:,,
sw10utt/sw_1090_2353.utt,2/sw2353,2353,150,aa,A,99,1,"Yeah,  /","Yeah/UH ,/,",,
sw10utt/sw_1090_2353.utt,2/sw2353,2353,151,ba,A,99,2,that's true. /,that/DT 's/BES true/JJ ./.,,
sw10utt/sw_1090_2353.utt,2/sw2353,2353,152,+,B,100,1,"-- and, {F um, } having people <<rattling like  ice>>.  /","--/: and/CC ,/, um/UH ,/, having/VBG people/NNS ./.",,
sw10utt/sw_1090_2353.utt,2/sw2353,2353,153,%,B,100,2,"{C But, } {D you know, } our, - /","But/CC ,/, you/PRP know/VBP ,/, our/PRP$ ,/,",,
sw10utt/sw_1090_2353.utt,2/sw2353,2353,154,sd,B,100,3,"like in our church, [ it, + it ] is, your free to do  that or not -- /","like/IN in/IN our/PRP$ church/NN ,/, it/PRP ,/, it/PRP is/VBZ ,/, your/PRP$ free/JJ to/TO do/VB that/DT or/CC not/RB --/:",,
sw10utt/sw_1090_2353.utt,2/sw2353,2353,155,b,A,101,1,Uh-huh. /,Uh-huh/UH ./.,,
sw10utt/sw_1090_2353.utt,2/sw2353,2353,156,sd,B,102,1,"-- you're encouraged to do it because, {F um, }  {D you know, } [ it, + it ] helps you,  /","--/: you/PRP 're/VBP encouraged/VBN to/TO do/VB it/PRP because/IN ,/, um/UH ,/, you/PRP know/VBP ,/, it/PRP ,/, it/PRP helps/VBZ you/PRP ,/,",,
sw10utt/sw_1090_2353.utt,2/sw2353,2353,157,sd,B,102,2,"{C and, } of course, we think it's helping other people. /","and/CC ,/, of/IN course/NN ,/, we/PRP think/VBP it/PRP 's/BES helping/VBG other/JJ people/NNS ./.",,
sw10utt/sw_1090_2353.utt,2/sw2353,2353,158,sd,A,103,1,"{F Oh, } # I think it is. # /","Oh/UH ,/, I/PRP think/VBP it/PRP is/VBZ ./.",,
sw10utt/sw_1090_2353.utt,2/sw2353,2353,159,%,B,104,1,"# {C And so, } # -/","And/CC so/RB ,/,",,
sw10utt/sw_1090_2353.utt,2/sw2353,2353,160,sd,A,105,1,"I really think, - /","I/PRP really/RB think/VBP ,/,",,
sw10utt/sw_1090_2353.utt,2/sw2353,2353,161,sd,A,105,2,"I think, {F um, }  people, - /","I/PRP think/VBP ,/, um/UH ,/, people/NNS ,/,",,
sw10utt/sw_1090_2353.utt,2/sw2353,2353,162,%,A,105,3,"you should, - /","you/PRP should/MD ,/,",,
sw10utt/sw_1090_2353.utt,2/sw2353,2353,163,%,A,105,4,"I, {D you know, } - /","I/PRP ,/, you/PRP know/VBP ,/,",,
sw10utt/sw_1090_2353.utt,2/sw2353,2353,164,sd,A,105,5,"the kids today I teach, - /","the/DT kids/NNS today/RB I/PRP teach/VBP ,/,",,
sw10utt/sw_1090_2353.utt,2/sw2353,2353,165,sd,A,105,6,I spend a lot of my time teaching college students -- /,I/PRP spend/VBP a/DT lot/NN of/IN my/PRP$ time/NN teaching/VBG college/NN students/NNS --/:,,
sw10utt/sw_1090_2353.utt,2/sw2353,2353,166,b,B,106,1,Uh-huh. /,Uh-huh/UH ./.,,
sw10utt/sw_1090_2353.utt,2/sw2353,2353,167,sd,A,107,1,"-- {C and, } {F um, } I find great disgust  in them, [ in their, + in  [ their, +  {F um, } <laughter> their ] ] self-centeredness --","--/: and/CC ,/, um/UH ,/, I/PRP find/VBP great/JJ disgust/NN in/IN them/PRP ,/, in/IN their/PRP$ ,/, in/IN their/PRP$ ,/, um/UH ,/, their/PRP$ self-centeredness/NN --/:",,
sw10utt/sw_1090_2353.utt,2/sw2353,2353,168,b,B,108,1,Uh-huh. /,Uh-huh/UH ./.,,
sw10utt/sw_1090_2353.utt,2/sw2353,2353,169,+,A,109,1,"-- and their inability to understand, {F um, }  multicultural or multiracial situation -- /","--/: and/CC their/PRP$ inability/NN to/TO understand/VB ,/, um/UH ,/, multicultural/JJ or/CC multiracial/JJ situation/NN --/:",,
sw10utt/sw_1090_2353.utt,2/sw2353,2353,170,b,B,110,1,Uh-huh. /,Uh-huh/UH ./.,,
sw10utt/sw_1090_2353.utt,2/sw2353,2353,171,%,A,111,1,"-- {C and } I really, {D you know, } - /","--/: and/CC I/PRP really/RB ,/, you/PRP know/VBP ,/,",,
sw10utt/sw_1090_2353.utt,2/sw2353,2353,172,sd,A,111,2,"they  don't understand, {F uh, } how other people live, {F um, }  /","they/PRP do/VBP n't/RB understand/VB ,/, uh/UH ,/, how/WRB other/JJ people/NNS live/VBP ,/, um/UH ,/,",,
sw10utt/sw_1090_2353.utt,2/sw2353,2353,173,sd^r,A,111,3,"they don't understand, /","they/PRP do/VBP n't/RB understand/VB ,/,",,
sw10utt/sw_1090_2353.utt,2/sw2353,2353,174,sv,B,112,1,"{C And } they're preoccupied with,","And/CC they/PRP 're/VBP preoccupied/JJ with/IN ,/,",,
sw10utt/sw_1090_2353.utt,2/sw2353,2353,175,b,A,113,1,Uh-huh. /,Uh-huh/UH ./.,,
sw10utt/sw_1090_2353.utt,2/sw2353,2353,176,+,B,114,1,drinking. /,drinking/NN ./.,,
sw10utt/sw_1090_2353.utt,2/sw2353,2353,177,b,A,115,1,"Yeah,  /","Yeah/UH ,/,",,
sw10utt/sw_1090_2353.utt,2/sw2353,2353,178,sd,A,115,2,"I think that's, {F uh, }  just having a good time. /","I/PRP think/VBP that/DT 's/BES ,/, uh/UH ,/, just/RB having/VBG a/DT good/JJ time/NN ./.",,
sw10utt/sw_1090_2353.utt,2/sw2353,2353,179,b,B,116,1,Uh-huh.  /,Uh-huh/UH ./.,,
sw10utt/sw_1090_2353.utt,2/sw2353,2353,180,%,B,116,2,"{C And } <clicking>, -/","And/CC ,/,",,
sw10utt/sw_1090_2353.utt,2/sw2353,2353,181,%,A,117,1,"I, {F uh, } - /","I/PRP ,/, uh/UH ,/,",,
sw10utt/sw_1090_2353.utt,2/sw2353,2353,182,sd,A,117,2,a friend of mine is a psychologist  /,a/DT friend/NN of/IN mine/PRP is/VBZ a/DT psychologist/NN,,
sw10utt/sw_1090_2353.utt,2/sw2353,2353,183,sd,A,117,3,{C and } he always refers to it as short-term pleasure oriented. /,and/CC he/PRP always/RB refers/VBZ to/IN it/PRP as/IN short-term/JJ pleasure/NN oriented/VBN ./.,,
sw10utt/sw_1090_2353.utt,2/sw2353,2353,184,x,B,118,1,<Laughter>.,,,
sw10utt/sw_1090_2353.utt,2/sw2353,2353,185,sd,A,119,1,"I guess he's a technical aspect he likes to apply to it,","I/PRP guess/VBP he/PRP 's/BES a/DT technical/JJ aspect/NN he/PRP likes/VBZ to/TO apply/VB to/IN it/PRP ,/,",,
sw10utt/sw_1090_2353.utt,2/sw2353,2353,186,b,B,120,1,Uh-huh. /,Uh-huh/UH ./.,,
sw10utt/sw_1090_2353.utt,2/sw2353,2353,187,+,A,121,1,"{D you know, }  /","you/PRP know/VBP ,/,",,
sw10utt/sw_1090_2353.utt,2/sw2353,2353,188,sv,A,121,2,"today's young people are short-term pleasure oriented, /","today/NN 's/POS young/JJ people/NNS are/VBP short-term/JJ pleasure/NN oriented/VBN ,/,",,
sw10utt/sw_1090_2353.utt,2/sw2353,2353,189,ba,B,122,1,# That's true. #  <<Rattling paper noise.>> /,That/DT 's/BES true/JJ ./.,,
sw10utt/sw_1090_2353.utt,2/sw2353,2353,190,sv,A,123,1,# {C and } everything # has to be an immediate  reward  /,and/CC everything/NN has/VBZ to/TO be/VB an/DT immediate/JJ reward/NN,,
sw10utt/sw_1090_2353.utt,2/sw2353,2353,191,sv,A,123,2,{C and } it has to be fun. /,and/CC it/PRP has/VBZ to/TO be/VB fun/JJ ./.,,
sw10utt/sw_1090_2353.utt,2/sw2353,2353,192,ba,B,124,1,That's really true. /,That/DT 's/BES really/RB true/JJ ./.,,
sw10utt/sw_1090_2353.utt,2/sw2353,2353,193,b,A,125,1,Uh-huh.  /,Uh-huh/UH ./.,,
sw10utt/sw_1090_2353.utt,2/sw2353,2353,194,b,A,125,2,Yeah. /,Yeah/UH ./.,,
sw10utt/sw_1090_2353.utt,2/sw2353,2353,195,b,B,126,1,Yeah.  /,Yeah/UH ./.,,
sw10utt/sw_1090_2353.utt,2/sw2353,2353,196,sd,B,126,2,"{D Well, } [ I, + I ] don't know how that  would ever happen here  /","Well/UH ,/, I/PRP ,/, I/PRP do/VBP n't/RB know/VB how/WRB that/DT would/MD ever/RB happen/VB here/RB",,
sw10utt/sw_1090_2353.utt,2/sw2353,2353,197,%,B,126,3,"{C but } at least, {F um, } -/","but/CC at/IN least/JJS ,/, um/UH ,/,",,
sw10utt/sw_1090_2353.utt,2/sw2353,2353,198,%,A,127,1,"{D Well, } they say, - /","Well/UH ,/, they/PRP say/VBP ,/,",,
sw10utt/sw_1090_2353.utt,2/sw2353,2353,199,sd,A,127,2,"I think I, {F um, } have read  recently that, {F uh, } the Bush Administration has increased the funding for the Peace Corps. /","I/PRP think/VBP I/PRP ,/, um/UH ,/, have/VBP read/VBN recently/RB that/IN ,/, uh/UH ,/, the/DT Bush/NNP Administration/NNP has/VBZ increased/VBN the/DT funding/NN for/IN the/DT Peace/NNP Corps/NNP ./.",,
sw10utt/sw_1090_2353.utt,2/sw2353,2353,200,b,B,128,1,"{F Oh, } really. /","Oh/UH ,/, really/UH ./.",,
sw10utt/sw_1090_2353.utt,2/sw2353,2353,201,ny,A,129,1,Uh-huh.  /,Uh-huh/UH ./.,,
sw10utt/sw_1090_2353.utt,2/sw2353,2353,202,sd,A,129,2,"{C Because } I guess because of  the changes in Eastern Europe, {F uh, } they've increased funding for the Peace Corps.  /","Because/IN I/PRP guess/VBP because/IN of/IN the/DT changes/NNS in/IN Eastern/NNP Europe/NNP ,/, uh/UH ,/, they/PRP 've/VBP increased/VBN funding/NN for/IN the/DT Peace/NNP Corps/NNP ./.",,
sw10utt/sw_1090_2353.utt,2/sw2353,2353,203,sd,A,129,3,"[ Some of the, + I guess it's some ] of the peace dividend in the sense, {D you known, } /","Some/DT of/IN the/DT ,/, I/PRP guess/VBP it/PRP 's/BES some/DT of/IN the/DT peace/NN dividend/NN in/IN the/DT sense/NN ,/, you/PRP known/VBN ,/,",,
sw10utt/sw_1090_2353.utt,2/sw2353,2353,204,b,B,130,1,Uh-huh. /,Uh-huh/UH ./.,,
sw10utt/sw_1090_2353.utt,2/sw2353,2353,205,sd,A,131,1,"when they're decreasing some of the military spending,","when/WRB they/PRP 're/VBP decreasing/VBG some/DT of/IN the/DT military/NN spending/NN ,/,",,
sw10utt/sw_1090_2353.utt,2/sw2353,2353,206,b,B,132,1,{F Huh. } /,Huh/UH ./.,,
sw10utt/sw_1090_2353.utt,2/sw2353,2353,207,+,A,133,1,some of that money has gone into the  Peace Corps  /,some/DT of/IN that/DT money/NN has/VBZ gone/VBN into/IN the/DT Peace/NNP Corps/NNP,,
sw10utt/sw_1090_2353.utt,2/sw2353,2353,208,sd,A,133,2,"{C and } some of the are the overseas programs. {F Uh, } /","and/CC some/DT of/IN the/DT are/VBP the/DT overseas/JJ programs/NNS ./. Uh/UH ,/,",,
sw10utt/sw_1090_2353.utt,2/sw2353,2353,209,sd,B,134,1,"{D Well, } I have seen a big change,  I think, in high school kids that my relatives <<rattling paper>>,","Well/UH ,/, I/PRP have/VBP seen/VBN a/DT big/JJ change/NN ,/, I/PRP think/VBP ,/, in/IN high/JJ school/NN kids/NNS that/IN my/PRP$ relatives/NNS ,/,",,
sw10utt/sw_1090_2353.utt,2/sw2353,2353,210,b,A,135,1,Uh-huh. /,Uh-huh/UH ./.,,
sw10utt/sw_1090_2353.utt,2/sw2353,2353,211,+,B,136,1,"and friends, that, {F um, } I know when I was in  high school I had an idea of what I really wanted to do with --","and/CC friends/NNS ,/, that/IN ,/, um/UH ,/, I/PRP know/VBP when/WRB I/PRP was/VBD in/IN high/JJ school/NN I/PRP had/VBD an/DT idea/NN of/IN what/WP I/PRP really/RB wanted/VBD to/TO do/VB with/IN --/:",,
sw10utt/sw_1090_2353.utt,2/sw2353,2353,212,b,A,137,1,Uh-huh. /,Uh-huh/UH ./.,,
sw10utt/sw_1090_2353.utt,2/sw2353,2353,213,+,B,138,1,"-- [ what my, + what I ]  was going to study  /","--/: what/WP my/PRP$ ,/, what/WP I/PRP was/VBD going/VBG to/TO study/VB",,
sw10utt/sw_1090_2353.utt,2/sw2353,2353,214,sd,B,138,2,"{C and } at least I had some interest in, - /","and/CC at/IN least/JJS I/PRP had/VBD some/DT interest/NN in/IN ,/,",,
sw10utt/sw_1090_2353.utt,2/sw2353,2353,215,sd,B,138,3,"a lot of the youth that I come in contact with  [ are, + ] they say {F oh, } I want to be a doctor, I want to be a lawyer.  /","a/DT lot/NN of/IN the/DT youth/NN that/WDT I/PRP come/VBP in/IN contact/NN with/IN are/VBP ,/, they/PRP say/VBP oh/UH ,/, I/PRP want/VBP to/TO be/VB a/DT doctor/NN ,/, I/PRP want/VBP to/TO be/VB a/DT lawyer/NN ./.",,
sw10utt/sw_1090_2353.utt,2/sw2353,2353,216,qh,B,138,4,Why?  /,Why/WRB ?/.,,
sw10utt/sw_1090_2353.utt,2/sw2353,2353,217,sd,B,138,5,{C Because } they make a lot of money. /,Because/IN they/PRP make/VBP a/DT lot/NN of/IN money/NN ./.,,
sw10utt/sw_1090_2353.utt,2/sw2353,2353,218,aa,A,139,1,Yeah.  /,Yeah/UH ./.,,
sw10utt/sw_1090_2353.utt,2/sw2353,2353,219,aa^r,A,139,2,"Yeah,  /","Yeah/UH ,/,",,
sw10utt/sw_1090_2353.utt,2/sw2353,2353,220,ba,A,139,3,that's true. /,that/DT 's/BES true/JJ ./.,,
sw10utt/sw_1090_2353.utt,2/sw2353,2353,221,sv,B,140,1,"{C And } they don't have a goal,  /","And/CC they/PRP do/VBP n't/RB have/VB a/DT goal/NN ,/,",,
sw10utt/sw_1090_2353.utt,2/sw2353,2353,222,sv^r,B,140,2,"they don't have a goal,  /","they/PRP do/VBP n't/RB have/VB a/DT goal/NN ,/,",,
sw10utt/sw_1090_2353.utt,2/sw2353,2353,223,sv,B,140,3,they don't have an interest in their own field of study. /,they/PRP do/VBP n't/RB have/VB an/DT interest/NN in/IN their/PRP$ own/JJ field/NN of/IN study/NN ./.,,
sw10utt/sw_1090_2353.utt,2/sw2353,2353,224,b,A,141,1,Uh-huh. /,Uh-huh/UH ./.,,
sw10utt/sw_1090_2353.utt,2/sw2353,2353,225,sv,B,142,1,They're just looking what's going to pay the biggest cash. /,They/PRP 're/VBP just/RB looking/VBG what/WP 's/BES going/VBG to/TO pay/VB the/DT biggest/JJS cash/NN ./.,,
sw10utt/sw_1090_2353.utt,2/sw2353,2353,226,aa,A,143,1,"Yeah,  /","Yeah/UH ,/,",,
sw10utt/sw_1090_2353.utt,2/sw2353,2353,227,sd,A,143,2,that's very true.  /,that/DT 's/BES very/RB true/JJ ./.,,
sw10utt/sw_1090_2353.utt,2/sw2353,2353,228,%,A,143,3,"{D You know, } how many, - /","You/PRP know/VBP ,/, how/WRB many/JJ ,/,",,
sw10utt/sw_1090_2353.utt,2/sw2353,2353,229,sd,A,143,4,"is it they say we have so many lawyers in this country,  /","is/VBZ it/PRP they/PRP say/VBP we/PRP have/VBP so/RB many/JJ lawyers/NNS in/IN this/DT country/NN ,/,",,
sw10utt/sw_1090_2353.utt,2/sw2353,2353,230,sd,A,143,5,"{C and } I guess, [ I, + I ]  live near Washington, being [ in, + in ] Baltimore, it's something like one in four people,","and/CC I/PRP guess/VBP ,/, I/PRP ,/, I/PRP live/VBP near/RB Washington/NNP ,/, being/VBG in/IN ,/, in/IN Baltimore/NNP ,/, it/PRP 's/BES something/NN like/IN one/CD in/IN four/CD people/NNS ,/,",,
sw10utt/sw_1090_2353.utt,2/sw2353,2353,231,b,B,144,1,Uh-huh. /,Uh-huh/UH ./.,,
sw10utt/sw_1090_2353.utt,2/sw2353,2353,232,+,A,145,1,"in the Washington,","in/IN the/DT Washington/NNP ,/,",,
sw10utt/sw_1090_2353.utt,2/sw2353,2353,233,^2@,B,146,1,# Area. #,Area/NNP ./.,,
sw10utt/sw_1090_2353.utt,2/sw2353,2353,234,+,A,147,1,"# area, # are lawyers, /","area/NN ,/, are/VBP lawyers/NNS ,/,",,
sw10utt/sw_1090_2353.utt,2/sw2353,2353,235,+@,B,148,1,Yes. /,Yes/UH ./.,,
sw10utt/sw_1090_2353.utt,2/sw2353,2353,236,sv,A,149,1,"[ {C And, } + {C and } ]  I just sort of think that's ridiculous. /","And/CC ,/, and/CC I/PRP just/RB sort/RB of/RB think/VBP that/DT 's/BES ridiculous/JJ ./.",,
sw10utt/sw_1090_2353.utt,2/sw2353,2353,237,b,B,150,1,Yes. /,Yes/UH ./.,,
sw10utt/sw_1090_2353.utt,2/sw2353,2353,238,b,A,151,1,"Yeah,  /","Yeah/UH ,/,",,
sw10utt/sw_1090_2353.utt,2/sw2353,2353,239,sv,A,151,2,[ with + --,with/IN --/:,,
sw10utt/sw_1090_2353.utt,2/sw2353,2353,240,sv,B,152,1,There's just too many people. /,There/EX 's/BES just/RB too/RB many/JJ people/NNS ./.,,
sw10utt/sw_1090_2353.utt,2/sw2353,2353,241,+,A,153,1,"-- with ] the great needs that we  need today in science and biology and, {F uh, } {D you know, } [ the, + the ]  problems we have with AIDS and cancer --","--/: with/IN the/DT great/JJ needs/NNS that/WDT we/PRP need/VBP today/RB in/IN science/NN and/CC biology/NN and/CC ,/, uh/UH ,/, you/PRP know/VBP ,/, the/DT ,/, the/DT problems/NNS we/PRP have/VBP with/IN AIDS/NNP and/CC cancer/NN --/:",,
sw10utt/sw_1090_2353.utt,2/sw2353,2353,242,b,B,154,1,Uh-huh. /,Uh-huh/UH ./.,,
sw10utt/sw_1090_2353.utt,2/sw2353,2353,243,+,A,155,1,"-- [ and, + and ] [ tha-, + ]  how come  everybody is a lawyer, {D you know, } {D you know } <laughter>, /","--/: and/CC ,/, and/CC tha-/DT ,/, how/WRB come/VB everybody/NN is/VBZ a/DT lawyer/NN ,/, you/PRP know/VBP ,/, you/PRP know/VBP ,/,",,
sw10utt/sw_1090_2353.utt,2/sw2353,2353,244,ba,B,156,1,That's right.   /,That/DT 's/BES right/JJ ./.,,
sw10utt/sw_1090_2353.utt,2/sw2353,2353,245,sv,B,156,2,"Not enough people want to do that [ to, +","Not/RB enough/JJ people/NNS want/VBP to/TO do/VB that/DT to/TO ,/,",,
sw10utt/sw_1090_2353.utt,2/sw2353,2353,246,b,A,157,1,Uh-huh. /,Uh-huh/UH ./.,,
sw10utt/sw_1090_2353.utt,2/sw2353,2353,247,+,B,158,1,"for, ] {F uh, } because of a service that they could provide. /","for/IN ,/, uh/UH ,/, because/IN of/IN a/DT service/NN that/WDT they/PRP could/MD provide/VB ./.",,
sw10utt/sw_1090_2353.utt,2/sw2353,2353,248,ba,A,159,1,Right. /,Right/UH ./.,,
sw10utt/sw_1090_2353.utt,2/sw2353,2353,249,sv,B,160,1,"{D You know, } if you want to be a lawyer  because you know that you can provide a service that people need --","You/PRP know/VBP ,/, if/IN you/PRP want/VBP to/TO be/VB a/DT lawyer/NN because/IN you/PRP know/VBP that/IN you/PRP can/MD provide/VB a/DT service/NN that/WDT people/NNS need/VBP --/:",,
sw10utt/sw_1090_2353.utt,2/sw2353,2353,250,b,A,161,1,Uh-huh. /,Uh-huh/UH ./.,,
sw10utt/sw_1090_2353.utt,2/sw2353,2353,251,+,B,162,1,"-- because you have to have lawyers in this country,  {F um, }  but if you're just doing it because you think that's the best way to,","--/: because/IN you/PRP have/VBP to/TO have/VB lawyers/NNS in/IN this/DT country/NN ,/, um/UH ,/, but/CC if/IN you/PRP 're/VBP just/RB doing/VBG it/PRP because/IN you/PRP think/VBP that/DT 's/BES the/DT best/JJS way/NN to/TO ,/,",,
sw10utt/sw_1090_2353.utt,2/sw2353,2353,252,aa,A,163,1,"Yeah,  /","Yeah/UH ,/,",,
sw10utt/sw_1090_2353.utt,2/sw2353,2353,253,sv,A,163,2,"you saw,","you/PRP saw/VBD ,/,",,
sw10utt/sw_1090_2353.utt,2/sw2353,2353,254,+,B,164,1,be rich. /,be/VB rich/JJ ./.,,
sw10utt/sw_1090_2353.utt,2/sw2353,2353,255,+,A,165,1,statistics that lawyers and doctors make the most  money in the long run. /,statistics/NNS that/IN lawyers/NNS and/CC doctors/NNS make/VBP the/DT most/RBS money/NN in/IN the/DT long/JJ run/NN ./.,,
sw10utt/sw_1090_2353.utt,2/sw2353,2353,256,b,B,166,1,Uh-huh. /,Uh-huh/UH ./.,,
sw10utt/sw_1090_2353.utt,2/sw2353,2353,257,aa,A,167,1,"Yeah,  /","Yeah/UH ,/,",,
sw10utt/sw_1090_2353.utt,2/sw2353,2353,258,ba,A,167,2,that's true. /,that/DT 's/BES true/JJ ./.,,
sw10utt/sw_1090_2353.utt,2/sw2353,2353,259,sv,B,168,1,That's kind of sad.  /,That/DT 's/BES kind/RB of/RB sad/JJ ./.,,
sw10utt/sw_1090_2353.utt,2/sw2353,2353,260,%,B,168,2,"{D Well, } {D anyway. } -/","Well/UH ,/, anyway/UH ./.",,
sw10utt/sw_1090_2353.utt,2/sw2353,2353,261,ba,A,169,1,That's interesting. Uh-huh. /,That/DT 's/BES interesting/JJ ./. Uh-huh/UH ./.,,
sw10utt/sw_1090_2353.utt,2/sw2353,2353,262,fc,B,170,1,"{D Well, } I guess I better go. /","Well/UH ,/, I/PRP guess/VBP I/PRP better/RBR go/VBP ./.",,
sw10utt/sw_1090_2353.utt,2/sw2353,2353,263,fc,A,171,1,Okay.  /,Okay/UH ./.,,
sw10utt/sw_1090_2353.utt,2/sw2353,2353,264,fc,A,171,2,"Hey,  /","Hey/UH ,/,",,
sw10utt/sw_1090_2353.utt,2/sw2353,2353,265,fc,A,171,3,thanks so much for the conversation. /,thanks/NNS so/RB much/JJ for/IN the/DT conversation/NN ./.,,
sw10utt/sw_1090_2353.utt,2/sw2353,2353,266,fc,B,172,1,"{D Well, } good luck to you.  /","Well/UH ,/, good/JJ luck/NN to/IN you/PRP ./.",,
sw10utt/sw_1090_2353.utt,2/sw2353,2353,267,fc,B,172,2,I enjoyed it. /,I/PRP enjoyed/VBD it/PRP ./.,,
sw10utt/sw_1090_2353.utt,2/sw2353,2353,268,fc,A,173,1,"{D Well, } thank you very much.  /","Well/UH ,/, thank/VB you/PRP very/RB much/RB ./.",,
sw10utt/sw_1090_2353.utt,2/sw2353,2353,269,fc,A,173,2,Bye-bye. /,Bye-bye/UH ./.,,
sw10utt/sw_1090_2353.utt,2/sw2353,2353,270,fc,B,174,1,Thanks.  /,Thanks/UH ./.,,
sw10utt/sw_1090_2353.utt,2/sw2353,2353,271,fc^m,B,174,2,Bye-bye.  /,Bye-bye/UH ./.,,
