swda_filename,ptb_basename,conversation_no,transcript_index,act_tag,caller,utterance_index,subutterance_index,text,pos,trees,ptb_treenumbers
sw10utt/sw_1091_2373.utt,2/sw2373,2373,0,o,A,1,1,Okay <laughter>. /,Okay/UH ./.,,
sw10utt/sw_1091_2373.utt,2/sw2373,2373,1,qy^t,B,2,1,Was I supposed to do something? /,Was/VBD I/PRP supposed/VBN to/TO do/VB something/NN ?/.,,
sw10utt/sw_1091_2373.utt,2/sw2373,2373,2,nn,A,3,1,No.  /,No/UH ./.,,
sw10utt/sw_1091_2373.utt,2/sw2373,2373,3,sd^t,A,3,2,I had to press one. /,I/PRP had/VBD to/TO press/VB one/CD ./.,,
sw10utt/sw_1091_2373.utt,2/sw2373,2373,4,ba,B,4,1,Good <laughter>. /,Good/JJ ./.,,
sw10utt/sw_1091_2373.utt,2/sw2373,2373,5,x,A,5,1,<Laughter>.,,,
sw10utt/sw_1091_2373.utt,2/sw2373,2373,6,^h,B,6,1,"{F Uh, } let's see,  /","Uh/UH ,/, let/VB 's/PRP see/VB ,/,",,
sw10utt/sw_1091_2373.utt,2/sw2373,2373,7,qy,B,6,2,"{C so, } {F uh, }  were we right in the Middle East? /","so/RB ,/, uh/UH ,/, were/VBD we/PRP right/JJ in/IN the/DT Middle/NNP East/NNP ?/.",,
sw10utt/sw_1091_2373.utt,2/sw2373,2373,8,na,A,7,1,Sure. /,Sure/UH ./.,,
sw10utt/sw_1091_2373.utt,2/sw2373,2373,9,qy,B,8,1,Should we have been there? /,Should/MD we/PRP have/VB been/VBN there/RB ?/.,,
sw10utt/sw_1091_2373.utt,2/sw2373,2373,10,ny,A,9,1,Uh-huh. /,Uh-huh/UH ./.,,
sw10utt/sw_1091_2373.utt,2/sw2373,2373,11,qy,B,10,1,Did we do what was correct there? /,Did/VBD we/PRP do/VB what/WP was/VBD correct/JJ there/RB ?/.,,
sw10utt/sw_1091_2373.utt,2/sw2373,2373,12,sv,A,11,1,I think we should have stayed longer. /,I/PRP think/VBP we/PRP should/MD have/VB stayed/VBN longer/RBR ./.,,
sw10utt/sw_1091_2373.utt,2/sw2373,2373,13,qy,B,12,1,Should we have fought them harder?  /,Should/MD we/PRP have/VB fought/VBN them/PRP harder/RBR ?/.,,
sw10utt/sw_1091_2373.utt,2/sw2373,2373,14,qy^d,B,12,2,Used more weapons equal to their chemical weapons that weren't used? /,Used/VBN more/JJR weapons/NNS equal/JJ to/IN their/PRP$ chemical/NN weapons/NNS that/WDT were/VBD n't/RB used/VBN ?/.,,
sw10utt/sw_1091_2373.utt,2/sw2373,2373,15,na,A,13,1,"{F Uh, } I think what we did was good,  /","Uh/UH ,/, I/PRP think/VBP what/WP we/PRP did/VBD was/VBD good/JJ ,/,",,
sw10utt/sw_1091_2373.utt,2/sw2373,2373,16,sv,A,13,2,{C but } I think  we just should have stayed there longer and continued doing what we did do. /,but/CC I/PRP think/VBP we/PRP just/RB should/MD have/VB stayed/VBN there/RB longer/RBR and/CC continued/VBD doing/VBG what/WP we/PRP did/VBD do/VB ./.,,
sw10utt/sw_1091_2373.utt,2/sw2373,2373,17,qy^d,B,14,1,"{F Oh, } you agree with Schwartzkopf who says, {F uh, }  Drive on into Baghdad. /","Oh/UH ,/, you/PRP agree/VBP with/IN Schwartzkopf/NNP who/WP says/VBZ ,/, uh/UH ,/, Drive/VB on/IN into/IN Baghdad/NNP ./.",,
sw10utt/sw_1091_2373.utt,2/sw2373,2373,18,ny,A,15,1,Yeah.  /,Yeah/UH ./.,,
sw10utt/sw_1091_2373.utt,2/sw2373,2373,19,sv,A,15,2,I think we should have stayed and kind of helped  the people in Iraq out now because it's kind of like  a civil war going on now.  /,I/PRP think/VBP we/PRP should/MD have/VB stayed/VBN and/CC kind/RB of/RB helped/VBD the/DT people/NNS in/IN Iraq/NNP out/RP now/RB because/IN it/PRP 's/BES kind/RB of/RB like/IN a/DT civil/JJ war/NN going/VBG on/RP now/RB ./.,,
sw10utt/sw_1091_2373.utt,2/sw2373,2373,20,sv,A,15,3,{C And } it's almost like they're killing each other off  /,And/CC it/PRP 's/BES almost/RB like/IN they/PRP 're/VBP killing/VBG each/DT other/NN off/RP,,
sw10utt/sw_1091_2373.utt,2/sw2373,2373,21,sv,A,15,4,{C and } there is  not going to be anything left of Iraq at all <noise> <<sounds like zipping>>. /,and/CC there/EX is/VBZ not/RB going/VBG to/TO be/VB anything/NN left/VBN of/IN Iraq/NNP at/IN all/DT ./.,,
sw10utt/sw_1091_2373.utt,2/sw2373,2373,22,qy,B,16,1,Would that be so bad?  /,Would/MD that/DT be/VB so/RB bad/JJ ?/.,,
sw10utt/sw_1091_2373.utt,2/sw2373,2373,23,qy,B,16,2,Was there anything there to begin with? /,Was/VBD there/EX anything/NN there/RB to/TO begin/VB with/IN ?/.,,
sw10utt/sw_1091_2373.utt,2/sw2373,2373,24,sv,A,17,1,"{D Well, } [ I think, + I don't think ]  it would be good if we were to completely lose it, {F um. } /","Well/UH ,/, I/PRP think/VBP ,/, I/PRP do/VBP n't/RB think/VB it/PRP would/MD be/VB good/JJ if/IN we/PRP were/VBD to/TO completely/RB lose/VB it/PRP ,/, um/UH ./.",,
sw10utt/sw_1091_2373.utt,2/sw2373,2373,25,sv,B,18,1,It wasn't ours. /,It/PRP was/VBD n't/RB ours/PRP$ ./.,,
sw10utt/sw_1091_2373.utt,2/sw2373,2373,26,aa,A,19,1,"{D Well, } no,  /","Well/UH ,/, no/UH ,/,",,
sw10utt/sw_1091_2373.utt,2/sw2373,2373,27,sv,A,19,2,"I just mean [ that, + that, ]  the world in general <laughter>. /","I/PRP just/RB mean/VBP that/IN ,/, that/IN ,/, the/DT world/NN in/IN general/JJ ./.",,
sw10utt/sw_1091_2373.utt,2/sw2373,2373,28,sv,B,20,1,"We've got to talk so it's [ just, + just ] as well we argue. /","We/PRP 've/VBP got/VBN to/TO talk/VB so/IN it/PRP 's/BES just/RB ,/, just/RB as/IN well/RB we/PRP argue/VBP ./.",,
sw10utt/sw_1091_2373.utt,2/sw2373,2373,29,aa,A,21,1,Yeah.  /,Yeah/UH ./.,,
sw10utt/sw_1091_2373.utt,2/sw2373,2373,30,h,A,21,2,"{F Um, } I don't know,  /","Um/UH ,/, I/PRP do/VBP n't/RB know/VB ,/,",,
sw10utt/sw_1091_2373.utt,2/sw2373,2373,31,sv,A,21,3,"I think we should  have helped [ the, + the ] innocent people in Iraq out a little bit more,","I/PRP think/VBP we/PRP should/MD have/VB helped/VBN the/DT ,/, the/DT innocent/JJ people/NNS in/IN Iraq/NNP out/RP a/DT little/JJ bit/NN more/RBR ,/,",,
sw10utt/sw_1091_2373.utt,2/sw2373,2373,32,aa,B,22,1,I agree. /,I/PRP agree/VBP ./.,,
sw10utt/sw_1091_2373.utt,2/sw2373,2373,33,+,A,23,1,"[ than, + rather than ]  just quitting where we did. /","than/IN ,/, rather/IN than/IN just/RB quitting/VBG where/WRB we/PRP did/VBD ./.",,
sw10utt/sw_1091_2373.utt,2/sw2373,2373,34,qy,B,24,1,Wouldn't it have been wonderful if we could have freed the country. /,Would/MD n't/RB it/PRP have/VB been/VBN wonderful/JJ if/IN we/PRP could/MD have/VB freed/VBN the/DT country/NN ./.,,
sw10utt/sw_1091_2373.utt,2/sw2373,2373,35,ny,A,25,1,Yes <laughter>.  /,Yes/UH ./.,,
sw10utt/sw_1091_2373.utt,2/sw2373,2373,36,sv,A,25,2,"{C But } I think that's  almost impossible, next to impossible. /","But/CC I/PRP think/VBP that/DT 's/BES almost/RB impossible/JJ ,/, next/RB to/IN impossible/JJ ./.",,
sw10utt/sw_1091_2373.utt,2/sw2373,2373,37,b,B,26,1,Yeah.  /,Yeah/UH ./.,,
sw10utt/sw_1091_2373.utt,2/sw2373,2373,38,o,B,26,2,{C So } other political things  that's going on.  /,So/RB other/JJ political/JJ things/NNS that/WDT 's/BES going/VBG on/RP ./.,,
sw10utt/sw_1091_2373.utt,2/sw2373,2373,39,sd,B,26,3,"I heard [ Mister  Bush say, +  {E excuse me, } President Bush say ]  that he, {F uh, } wanted to improve the highways. /","I/PRP heard/VBD Mister/NNP   Bush/NNP say/VBP ,/, excuse/NN me/PRP ,/, President/NNP Bush/NNP say/VBP that/IN he/PRP ,/, uh/UH ,/, wanted/VBD to/TO improve/VB the/DT highways/NNS ./.",,
sw10utt/sw_1091_2373.utt,2/sw2373,2373,40,sd,A,27,1,"{F Oh, } {D see, } I haven't really been keeping  up with them  /","Oh/UH ,/, see/VB ,/, I/PRP have/VBP n't/RB really/RB been/VBN keeping/VBG up/RP with/IN them/PRP",,
sw10utt/sw_1091_2373.utt,2/sw2373,2373,41,sd,A,27,2,{C so } I really don't know what he said. /,so/RB I/PRP really/RB do/VBP n't/RB know/VB what/WP he/PRP said/VBD ./.,,
sw10utt/sw_1091_2373.utt,2/sw2373,2373,42,x,B,28,1,<Cough>.,,,
sw10utt/sw_1091_2373.utt,2/sw2373,2373,43,qw,A,29,1,What did he say about it? /,What/WP did/VBD he/PRP say/VB about/IN it/PRP ?/.,,
sw10utt/sw_1091_2373.utt,2/sw2373,2373,44,sv,B,30,1,"{F Oh, } he wanted to take the  current secondary highway system --","Oh/UH ,/, he/PRP wanted/VBD to/TO take/VB the/DT current/JJ secondary/JJ highway/NN system/NN --/:",,
sw10utt/sw_1091_2373.utt,2/sw2373,2373,45,b,A,31,1,Uh-huh. /,Uh-huh/UH ./.,,
sw10utt/sw_1091_2373.utt,2/sw2373,2373,46,+,B,32,1,-- and turn it into interstates like the rest of the country. /,--/: and/CC turn/VB it/PRP into/IN interstates/NNS like/IN the/DT rest/NN of/IN the/DT country/NN ./.,,
sw10utt/sw_1091_2373.utt,2/sw2373,2373,47,sv,A,33,1,We don't have the money for that. /,We/PRP do/VBP n't/RB have/VB the/DT money/NN for/IN that/DT ./.,,
sw10utt/sw_1091_2373.utt,2/sw2373,2373,48,qy^d,B,34,1,{C But } wouldn't it be wonderful. /,But/CC would/MD n't/RB it/PRP be/VB wonderful/JJ ./.,,
sw10utt/sw_1091_2373.utt,2/sw2373,2373,49,na,A,35,1,<Laughter> It would be really nice because  I'm kind of tired of driving in pot holes <laughter>. /,It/PRP would/MD be/VB really/RB nice/JJ because/IN I/PRP 'm/VBP kind/RB of/RB tired/JJ of/IN driving/VBG in/IN pot/NN holes/NNS ./.,,
sw10utt/sw_1091_2373.utt,2/sw2373,2373,50,qy^g,B,36,1,"And back east,","And/CC back/RB east/RB ,/,",,
sw10utt/sw_1091_2373.utt,2/sw2373,2373,51,x,A,37,1,<Beep>.,,,
sw10utt/sw_1091_2373.utt,2/sw2373,2373,52,+,B,38,1,"you all drive at fifty-five, don't you?  /","you/PRP all/DT drive/VBP at/IN fifty-five/CD ,/, do/VBP n't/RB you/PRP ?/.",,
sw10utt/sw_1091_2373.utt,2/sw2373,2373,53,qw^c,B,38,2,What's that? /,What/WP 's/BES that/DT ?/.,,
sw10utt/sw_1091_2373.utt,2/sw2373,2373,54,fa^c,A,39,1,"{E I'm sorry, } I dropped the phone <laughter> <noise>. /","I/PRP 'm/VBP sorry/JJ ,/, I/PRP dropped/VBD the/DT phone/NN ./.",,
sw10utt/sw_1091_2373.utt,2/sw2373,2373,55,bk,B,40,1,"{F Oh, } okay, {F um, }  /","Oh/UH ,/, okay/UH ,/, um/UH ,/,",,
sw10utt/sw_1091_2373.utt,2/sw2373,2373,56,qy^g^r,B,40,2,I say back east you all drive at fifty-five don't you? /,I/PRP say/VBP back/RB east/RB you/PRP all/DT drive/VBP at/IN fifty-five/CD do/VBP n't/RB you/PRP ?/.,,
sw10utt/sw_1091_2373.utt,2/sw2373,2373,57,ny,A,41,1,Yeah. /,Yeah/UH ./.,,
sw10utt/sw_1091_2373.utt,2/sw2373,2373,58,sd,B,42,1,"{D See, } out here in the west a lot of our  secondary roads are fifty-five -- /","See/VB ,/, out/IN here/RB in/IN the/DT west/NN a/DT lot/NN of/IN our/PRP$ secondary/JJ roads/NNS are/VBP fifty-five/CD --/:",,
sw10utt/sw_1091_2373.utt,2/sw2373,2373,59,b,A,43,1,Uh-huh. /,Uh-huh/UH ./.,,
sw10utt/sw_1091_2373.utt,2/sw2373,2373,60,sd,B,44,1,-- we drive sixty-five. /,--/: we/PRP drive/VBP sixty-five/CD ./.,,
sw10utt/sw_1091_2373.utt,2/sw2373,2373,61,b,A,45,1,"{F Oh, } really. /","Oh/UH ,/, really/UH ./.",,
sw10utt/sw_1091_2373.utt,2/sw2373,2373,62,ny,B,46,1,"{F Oh, } yes. /","Oh/UH ,/, yes/UH ./.",,
sw10utt/sw_1091_2373.utt,2/sw2373,2373,63,o@,A,47,1,((   )) .  <<Voice is distorted.>>,MUMBLEx/XX ./.,,
sw10utt/sw_1091_2373.utt,2/sw2373,2373,64,sd,B,48,1,"{D Well, } I, {F uh, } last weekend, went home to  visit my parents.  /","Well/UH ,/, I/PRP ,/, uh/UH ,/, last/JJ weekend/NN ,/, went/VBD home/NN to/TO visit/VB my/PRP$ parents/NNS ./.",,
sw10utt/sw_1091_2373.utt,2/sw2373,2373,65,sd,B,48,2,My dad's in the hospital. /,My/PRP$ dad/NN 's/BES in/IN the/DT hospital/NN ./.,,
sw10utt/sw_1091_2373.utt,2/sw2373,2373,66,b,A,49,1,Uh-huh. /,Uh-huh/UH ./.,,
sw10utt/sw_1091_2373.utt,2/sw2373,2373,67,sd,B,50,1,"{C And, } {F uh, } between here and west Texas,  there was probably three and four hours at sixty-five miles an hour. /","And/CC ,/, uh/UH ,/, between/IN here/RB and/CC west/JJ Texas/NNP ,/, there/EX was/VBD probably/RB three/CD and/CC four/CD hours/NNS at/IN sixty-five/CD miles/NNS an/DT hour/NN ./.",,
sw10utt/sw_1091_2373.utt,2/sw2373,2373,68,sd,A,51,1,"{F Oh, } I didn't realize that. /","Oh/UH ,/, I/PRP did/VBD n't/RB realize/VB that/DT ./.",,
sw10utt/sw_1091_2373.utt,2/sw2373,2373,69,sd,B,52,1,Nonstop.  /,Nonstop/JJ ./.,,
sw10utt/sw_1091_2373.utt,2/sw2373,2373,70,qy,B,52,2,Have you ever been out here? /,Have/VBP you/PRP ever/RB been/VBN out/IN here/RB ?/.,,
sw10utt/sw_1091_2373.utt,2/sw2373,2373,71,nn,A,53,1,"No,  /","No/UH ,/,",,
sw10utt/sw_1091_2373.utt,2/sw2373,2373,72,nn,A,53,2,huh-uh. /,huh-uh/UH ./.,,
sw10utt/sw_1091_2373.utt,2/sw2373,2373,73,qw,B,54,1,How far west have you been? /,How/WRB far/RB west/RB have/VBP you/PRP been/VBN ?/.,,
sw10utt/sw_1091_2373.utt,2/sw2373,2373,74,sd,A,55,1,Only in Ohio. /,Only/RB in/IN Ohio/NNP ./.,,
sw10utt/sw_1091_2373.utt,2/sw2373,2373,75,qy^d,B,56,1,"{F Oh, } you've never,","Oh/UH ,/, you/PRP 've/VBP never/RB ,/,",,
sw10utt/sw_1091_2373.utt,2/sw2373,2373,76,sd,A,57,1,I've never been past Ohio. /,I/PRP 've/VBP never/RB been/VBN past/IN Ohio/NNP ./.,,
sw10utt/sw_1091_2373.utt,2/sw2373,2373,77,+,B,58,1,You've never seen the great American desert. /,You/PRP 've/VBP never/RB seen/VBN the/DT great/JJ American/JJ desert/NN ./.,,
sw10utt/sw_1091_2373.utt,2/sw2373,2373,78,nn,A,59,1,"No,  /","No/UH ,/,",,
sw10utt/sw_1091_2373.utt,2/sw2373,2373,79,nn,A,59,2,huh-uh.  /,huh-uh/UH ./.,,
sw10utt/sw_1091_2373.utt,2/sw2373,2373,80,sd,A,59,3,"[ I've never seen anything out, + I never seen the ]  great, - /","I/PRP 've/VBP never/RB seen/VBN anything/NN out/IN ,/, I/PRP never/RB seen/VBD the/DT great/JJ ,/,",,
sw10utt/sw_1091_2373.utt,2/sw2373,2373,81,sd,A,59,4,"I've seen, -/","I/PRP 've/VBP seen/VBN ,/,",,
sw10utt/sw_1091_2373.utt,2/sw2373,2373,82,qy^d,B,60,1,The Rocky Mountains? /,The/DT Rocky/NNP Mountains/NNPS ?/.,,
sw10utt/sw_1091_2373.utt,2/sw2373,2373,83,ng,A,61,1,"I've never seen, - /","I/PRP 've/VBP never/RB seen/VBN ,/,",,
sw10utt/sw_1091_2373.utt,2/sw2373,2373,84,sd,A,61,2,I've seen pictures of it  /,I/PRP 've/VBP seen/VBN pictures/NNS of/IN it/PRP,,
sw10utt/sw_1091_2373.utt,2/sw2373,2373,85,%,A,61,3,"{C but, } -/","but/CC ,/,",,
sw10utt/sw_1091_2373.utt,2/sw2373,2373,86,qy^d,B,62,1,Yellowstone? /,Yellowstone/NNP ?/.,,
sw10utt/sw_1091_2373.utt,2/sw2373,2373,87,ng,A,63,1,I've never been there.  /,I/PRP 've/VBP never/RB been/VBN there/RB ./.,,
sw10utt/sw_1091_2373.utt,2/sw2373,2373,88,sd,A,63,2,"I've seen pictures,  /","I/PRP 've/VBP seen/VBN pictures/NNS ,/,",,
sw10utt/sw_1091_2373.utt,2/sw2373,2373,89,sd,A,63,3,"[ I just, + I'm a ] [ college + ] student  /","I/PRP just/RB ,/, I/PRP 'm/VBP a/DT college/NN student/NN",,
sw10utt/sw_1091_2373.utt,2/sw2373,2373,90,sd,A,63,4,"{C and, } {F um, } I'm paying for my own education  /","and/CC ,/, um/UH ,/, I/PRP 'm/VBP paying/VBG for/IN my/PRP$ own/JJ education/NN",,
sw10utt/sw_1091_2373.utt,2/sw2373,2373,91,sd,A,63,5,"{C and } [ I'm, + I ] come from a large family  /","and/CC I/PRP 'm/VBP ,/, I/PRP come/VBP from/IN a/DT large/JJ family/NN",,
sw10utt/sw_1091_2373.utt,2/sw2373,2373,92,sd,A,63,6,"{C and } [ [ we, + we ] + we're ]  never able to take vacations because [ there's, + there's ] twelve kids in the family. /","and/CC we/PRP ,/, we/PRP we/PRP 're/VBP never/RB able/JJ to/TO take/VB vacations/NNS because/IN there/EX 's/BES ,/, there/EX 's/BES twelve/CD kids/NNS in/IN the/DT family/NN ./.",,
sw10utt/sw_1091_2373.utt,2/sw2373,2373,93,%,B,64,1,"{F Uh, } /","Uh/UH ,/,",,
sw10utt/sw_1091_2373.utt,2/sw2373,2373,94,%,A,65,1,"{C So, } -/","So/RB ,/,",,
sw10utt/sw_1091_2373.utt,2/sw2373,2373,95,sd,B,66,1,"{D Well, } my college educa-, {F uh, }  thirty-six, - /","Well/UH ,/, my/PRP$ college/NN educa-/NN ,/, uh/UH ,/, thirty-six/CD ,/,",,
sw10utt/sw_1091_2373.utt,2/sw2373,2373,96,sd,B,66,2,worked for Texas Instruments for <breathing> seventeen or eighteen now. /,worked/VBD for/IN Texas/NNP Instruments/NNPS for/IN seventeen/CD or/CC eighteen/CD now/RB ./.,,
sw10utt/sw_1091_2373.utt,2/sw2373,2373,97,ba,A,67,1,"{F Oh, } my. /","Oh/UH ,/, my/UH ./.",,
sw10utt/sw_1091_2373.utt,2/sw2373,2373,98,sd,B,68,1,"{F Uh, } {D know, } virtually nothing else. /","Uh/UH ,/, know/VBP ,/, virtually/JJ nothing/NN else/RB ./.",,
sw10utt/sw_1091_2373.utt,2/sw2373,2373,99,b,A,69,1,<Laughter> Uh-huh. /,Uh-huh/UH ./.,,
sw10utt/sw_1091_2373.utt,2/sw2373,2373,100,b,B,70,1,"{F Uh, } yeah.  /","Uh/UH ,/, yeah/UH ./.",,
sw10utt/sw_1091_2373.utt,2/sw2373,2373,101,sd,B,70,2,"I [ got my four year, +","I/PRP got/VBD my/PRP$ four/CD year/NN ,/,",,
sw10utt/sw_1091_2373.utt,2/sw2373,2373,102,b,A,71,1,Uh-huh. /,Uh-huh/UH ./.,,
sw10utt/sw_1091_2373.utt,2/sw2373,2373,103,+,B,72,1,got my  B S ] in General Science. /,got/VBD my/PRP$ B/NNP S/NNP in/IN General/NNP Science/NNP ./.,,
sw10utt/sw_1091_2373.utt,2/sw2373,2373,104,b,A,73,1,Really. /,Really/UH ./.,,
sw10utt/sw_1091_2373.utt,2/sw2373,2373,105,ny,B,74,1,"Yeah,  /","Yeah/UH ,/,",,
sw10utt/sw_1091_2373.utt,2/sw2373,2373,106,sd^e,B,74,2,"I know,  /","I/PRP know/VBP ,/,",,
sw10utt/sw_1091_2373.utt,2/sw2373,2373,107,sd,B,74,3,it's a funny degree <laughter>. /,it/PRP 's/BES a/DT funny/JJ degree/NN ./.,,
sw10utt/sw_1091_2373.utt,2/sw2373,2373,108,x,A,75,1,<Laughter>.,,,
sw10utt/sw_1091_2373.utt,2/sw2373,2373,109,sd,B,76,1,"Anyway, {F uh, } I know nothing other than the west. /","Anyway/UH ,/, uh/UH ,/, I/PRP know/VBP nothing/NN other/JJ than/IN the/DT west/NN ./.",,
sw10utt/sw_1091_2373.utt,2/sw2373,2373,110,b,A,77,1,Yeah. /,Yeah/UH ./.,,
sw10utt/sw_1091_2373.utt,2/sw2373,2373,111,sd,B,78,1,"In fact, {F uh, } down in east Texas --","In/IN fact/NN ,/, uh/UH ,/, down/IN in/IN east/JJ Texas/NNP --/:",,
sw10utt/sw_1091_2373.utt,2/sw2373,2373,112,b,A,79,1,Uh-huh. /,Uh-huh/UH ./.,,
sw10utt/sw_1091_2373.utt,2/sw2373,2373,113,+,B,80,1,-- where the company's located --,--/: where/WRB the/DT company/NN 's/BES located/VBN --/:,,
sw10utt/sw_1091_2373.utt,2/sw2373,2373,114,b,A,81,1,Uh-huh. /,Uh-huh/UH ./.,,
sw10utt/sw_1091_2373.utt,2/sw2373,2373,115,+,B,82,1,-- there's streams and water and  things I don't understand.   Trees and the gulf  /,--/: there/EX 's/BES streams/NNS and/CC water/NN and/CC things/NNS I/PRP do/VBP n't/RB understand/VB ./. Trees/NNS and/CC the/DT gulf/NN,,
sw10utt/sw_1091_2373.utt,2/sw2373,2373,116,sv,B,82,2,{C and } it's really interesting. /,and/CC it/PRP 's/BES really/RB interesting/JJ ./.,,
sw10utt/sw_1091_2373.utt,2/sw2373,2373,117,b,A,83,1,Uh-huh. /,Uh-huh/UH ./.,,
sw10utt/sw_1091_2373.utt,2/sw2373,2373,118,ad,B,84,1,{D So } tell me about where you live. /,So/RB tell/VB me/PRP about/IN where/WRB you/PRP live/VBP ./.,,
sw10utt/sw_1091_2373.utt,2/sw2373,2373,119,sd,A,85,1,"{D Well, } {F um, } [ I'm, + I'm ]  originally from Butler  /","Well/UH ,/, um/UH ,/, I/PRP 'm/VBP ,/, I/PRP 'm/VBP originally/RB from/IN Butler/NNP",,
sw10utt/sw_1091_2373.utt,2/sw2373,2373,120,sd,A,85,2,{C and } that's about an hour away from where I am now.  /,and/CC that/DT 's/BES about/RB an/DT hour/NN away/RB from/IN where/WRB I/PRP am/VBP now/RB ./.,,
sw10utt/sw_1091_2373.utt,2/sw2373,2373,121,sd,A,85,3,I'm at Clairon.  /,I/PRP 'm/VBP at/IN Clairon/NNP ./.,,
sw10utt/sw_1091_2373.utt,2/sw2373,2373,122,sd,A,85,4,"{C And, } {F um, } [ it's, + it's ] pretty, {D like, } windy and hilly. /","And/CC ,/, um/UH ,/, it/PRP 's/BES ,/, it/PRP 's/BES pretty/RB ,/, like/UH ,/, windy/JJ and/CC hilly/JJ ./.",,
sw10utt/sw_1091_2373.utt,2/sw2373,2373,123,qw,B,86,1,"{F Uh, } how high is the highest elevation? /","Uh/UH ,/, how/WRB high/JJ is/VBZ the/DT highest/JJS elevation/NN ?/.",,
sw10utt/sw_1091_2373.utt,2/sw2373,2373,124,sd,A,87,1,"{F Oh, } I couldn't even tell you. /","Oh/UH ,/, I/PRP could/MD n't/RB even/RB tell/VB you/PRP ./.",,
sw10utt/sw_1091_2373.utt,2/sw2373,2373,125,%,B,88,1,"{D Like, } {F uh, } probably -- -/","Like/IN ,/, uh/UH ,/, probably/RB --/:",,
sw10utt/sw_1091_2373.utt,2/sw2373,2373,126,sd,A,89,1,It's not like a mountain.  /,It/PRP 's/BES not/RB like/IN a/DT mountain/NN ./.,,
sw10utt/sw_1091_2373.utt,2/sw2373,2373,127,sd,A,89,2,It wouldn't be like  a mountain.  /,It/PRP would/MD n't/RB be/VB like/IN a/DT mountain/NN ./.,,
sw10utt/sw_1091_2373.utt,2/sw2373,2373,128,%,A,89,3,"It's, {F uh, } -/","It/PRP 's/BES ,/, uh/UH ,/,",,
sw10utt/sw_1091_2373.utt,2/sw2373,2373,129,qy^d,B,90,1,-- three thousand feet? /,--/: three/CD thousand/CD feet/NNS ?/.,,
sw10utt/sw_1091_2373.utt,2/sw2373,2373,130,no,A,91,1,"{F Oh, } I don't even know.  /","Oh/UH ,/, I/PRP do/VBP n't/RB even/RB know/VB ./.",,
sw10utt/sw_1091_2373.utt,2/sw2373,2373,131,sd,A,91,2,I have no clue. /,I/PRP have/VBP no/DT clue/NN ./.,,
sw10utt/sw_1091_2373.utt,2/sw2373,2373,132,qy^d,B,92,1,Close to sea level? /,Close/RB to/IN sea/NN level/NN ?/.,,
sw10utt/sw_1091_2373.utt,2/sw2373,2373,133,na,A,93,1,<Laughter> I would say it's closer to sea level. /,I/PRP would/MD say/VB it/PRP 's/BES closer/RBR to/IN sea/NN level/NN ./.,,
sw10utt/sw_1091_2373.utt,2/sw2373,2373,134,b,B,94,1,"Okay,  /","Okay/UH ,/,",,
sw10utt/sw_1091_2373.utt,2/sw2373,2373,135,sd,B,94,2,"{F uh, } right here in Colorado Springs  where I live --","uh/UH ,/, right/RB here/RB in/IN Colorado/NNP Springs/NNPS where/WRB I/PRP live/VBP --/:",,
sw10utt/sw_1091_2373.utt,2/sw2373,2373,136,b,A,95,1,Uh-huh. /,Uh-huh/UH ./.,,
sw10utt/sw_1091_2373.utt,2/sw2373,2373,137,+,B,96,1,-- it's over six thousand foot. /,--/: it/PRP 's/BES over/IN six/CD thousand/CD foot/NN ./.,,
sw10utt/sw_1091_2373.utt,2/sw2373,2373,138,%@,A,97,1,"{F Oh, } {D well, } {D see, } {F um, } <laughter>.","Oh/UH ,/, well/UH ,/, see/UH ,/, um/UH ,/, ./.",,
sw10utt/sw_1091_2373.utt,2/sw2373,2373,139,b,B,98,1,"<Laughter>  {F Um, } yes  /","Um/UH ,/, yes/UH",,
sw10utt/sw_1091_2373.utt,2/sw2373,2373,140,sd,B,98,2,"when I lived in Texas, every year I had to drive, {D you know. }  /","when/WRB I/PRP lived/VBD in/IN Texas/NNP ,/, every/DT year/NN I/PRP had/VBD to/TO drive/VB ,/, you/PRP know/VBP ./.",,
sw10utt/sw_1091_2373.utt,2/sw2373,2373,141,sd,B,98,3,I drove every year to the gulf  /,I/PRP drove/VBD every/DT year/NN to/IN the/DT gulf/NN,,
sw10utt/sw_1091_2373.utt,2/sw2373,2373,142,sd,B,98,4,"{C and, } {D you know, } {C  so }  I could have a feast of fresh seafood --","and/CC ,/, you/PRP know/VBP ,/, so/IN I/PRP could/MD have/VB a/DT feast/NN of/IN fresh/JJ seafood/NN --/:",,
sw10utt/sw_1091_2373.utt,2/sw2373,2373,143,+@,A,99,1,Uh-huh. /,Uh-huh/UH ./.,,
sw10utt/sw_1091_2373.utt,2/sw2373,2373,144,+,B,100,1,"-- six, eight, twelve hours away.","--/: six/CD ,/, eight/CD ,/, twelve/CD hours/NNS away/RB ./.",,
sw10utt/sw_1091_2373.utt,2/sw2373,2373,145,%,A,101,1,{F Um. } /,Um/UH ./.,,
sw10utt/sw_1091_2373.utt,2/sw2373,2373,146,+,B,102,1,"{D You know, } [ just, + just ] for fresh.  /","You/PRP know/VBP ,/, just/RB ,/, just/RB for/IN fresh/JJ ./.",,
sw10utt/sw_1091_2373.utt,2/sw2373,2373,147,sd,B,102,2,"[ I, + I'm ] really interested in the basic concept differences between west and east coast and the central parts of America. /","I/PRP ,/, I/PRP 'm/VBP really/RB interested/JJ in/IN the/DT basic/JJ concept/NN differences/NNS between/IN west/JJ and/CC east/JJ coast/NN and/CC the/DT central/JJ parts/NNS of/IN America/NNP ./.",,
sw10utt/sw_1091_2373.utt,2/sw2373,2373,148,b,A,103,1,Uh-huh. /,Uh-huh/UH ./.,,
sw10utt/sw_1091_2373.utt,2/sw2373,2373,149,qw,B,104,1,How many hours have you been from home? /,How/WRB many/JJ hours/NNS have/VBP you/PRP been/VBN from/IN home/NN ?/.,,
sw10utt/sw_1091_2373.utt,2/sw2373,2373,150,qy^d,A,105,1,"{F Uh, } the farthest away from home? /","Uh/UH ,/, the/DT farthest/RBR away/RB from/IN home/NN ?/.",,
sw10utt/sw_1091_2373.utt,2/sw2373,2373,151,ny,B,106,1,Yes. /,Yes/UH ./.,,
sw10utt/sw_1091_2373.utt,2/sw2373,2373,152,sd,A,107,1,"{D Probab-, } <sigh> I'd say five or six. /","Probab-/RB ,/, I/PRP 'd/MD say/VB five/CD or/CC six/CD ./.",,
sw10utt/sw_1091_2373.utt,2/sw2373,2373,153,b,B,108,1,"{F Oh, } yeah. /","Oh/UH ,/, yeah/UH ./.",,
sw10utt/sw_1091_2373.utt,2/sw2373,2373,154,ny,A,109,1,Uh-huh. /,Uh-huh/UH ./.,,
sw10utt/sw_1091_2373.utt,2/sw2373,2373,155,sd,B,110,1,"{F Uh, } now when I was growing up in the  Panhandle of Texas, - /","Uh/UH ,/, now/RB when/WRB I/PRP was/VBD growing/VBG up/RP in/IN the/DT Panhandle/NNP of/IN Texas/NNP ,/,",,
sw10utt/sw_1091_2373.utt,2/sw2373,2373,156,sd,B,110,2,"look at your map later and see [ the, + the ] town of Amarillo --","look/VB at/IN your/PRP$ map/NN later/RB and/CC see/VB the/DT ,/, the/DT town/NN of/IN Amarillo/NNP --/:",,
sw10utt/sw_1091_2373.utt,2/sw2373,2373,157,b,A,111,1,Uh-huh. /,Uh-huh/UH ./.,,
sw10utt/sw_1091_2373.utt,2/sw2373,2373,158,+,B,112,1,-- fifty miles north of that up in the Panhandle.  /,--/: fifty/CD miles/NNS north/RB of/IN that/DT up/IN in/IN the/DT Panhandle/NNP ./.,,
sw10utt/sw_1091_2373.utt,2/sw2373,2373,159,sd,B,112,2,"To just go buy a pair of jeans, we'd drive an hour. /","To/TO just/RB go/VB buy/VB a/DT pair/NN of/IN jeans/NNS ,/, we/PRP 'd/MD drive/VB an/DT hour/NN ./.",,
sw10utt/sw_1091_2373.utt,2/sw2373,2373,160,ba,A,113,1,"{F Oh, } my <laughter>.  /","Oh/UH ,/, my/UH ./.",,
sw10utt/sw_1091_2373.utt,2/sw2373,2373,161,ba,A,113,2,"{F Oh, } my Gosh. /","Oh/UH ,/, my/UH Gosh/UH ./.",,
sw10utt/sw_1091_2373.utt,2/sw2373,2373,162,sd,B,114,1,"When I was growing up,","When/WRB I/PRP was/VBD growing/VBG up/RP ,/,",,
sw10utt/sw_1091_2373.utt,2/sw2373,2373,163,b,A,115,1,Uh-huh. /,Uh-huh/UH ./.,,
sw10utt/sw_1091_2373.utt,2/sw2373,2373,164,+,B,116,1,Now things are different  /,Now/RB things/NNS are/VBP different/JJ,,
sw10utt/sw_1091_2373.utt,2/sw2373,2373,165,sd,B,116,2,"{C and } people  buy jeans in town,  /","and/CC people/NNS buy/VBP jeans/NNS in/IN town/NN ,/,",,
sw10utt/sw_1091_2373.utt,2/sw2373,2373,166,sd,B,116,3,"{C but } {F uh, } we thought nothing at all of [ wake up, + waking up ]  in the morning hopping into your car, grabbing the fishing poles and driving four hours. /","but/CC uh/UH ,/, we/PRP thought/VBD nothing/NN at/IN all/DT of/IN wake/VBG up/RP ,/, waking/VBG up/RP in/IN the/DT morning/NN hopping/VBG into/IN your/PRP$ car/NN ,/, grabbing/VBG the/DT fishing/NN poles/NNS and/CC driving/VBG four/CD hours/NNS ./.",,
sw10utt/sw_1091_2373.utt,2/sw2373,2373,167,ba,A,117,1,"{F Oh, } yes.  /","Oh/UH ,/, yes/UH ./.",,
sw10utt/sw_1091_2373.utt,2/sw2373,2373,168,sd,A,117,2,"{D Now } {D see } for me,  that's a long ways. /","Now/RB see/UH for/IN me/PRP ,/, that/DT 's/BES a/DT long/JJ ways/NNS ./.",,
sw10utt/sw_1091_2373.utt,2/sw2373,2373,169,aa,B,118,1,Yeah.  /,Yeah/UH ./.,,
sw10utt/sw_1091_2373.utt,2/sw2373,2373,170,ba,B,118,2,It is I imagine. /,It/PRP is/VBZ I/PRP imagine/VBP ./.,,
sw10utt/sw_1091_2373.utt,2/sw2373,2373,171,b,A,119,1,Uh-huh.  /,Uh-huh/UH ./.,,
sw10utt/sw_1091_2373.utt,2/sw2373,2373,172,sd,A,119,2,"Even, {D well, } {D like, } [ I, + I'm ]  in {D like } a little town right now.  /","Even/RB ,/, well/UH ,/, like/IN ,/, I/PRP ,/, I/PRP 'm/VBP in/IN like/UH a/DT little/JJ town/NN right/RB now/RB ./.",,
sw10utt/sw_1091_2373.utt,2/sw2373,2373,173,sd,A,119,3,It's smaller than Butler  /,It/PRP 's/BES smaller/JJR than/IN Butler/NNP,,
sw10utt/sw_1091_2373.utt,2/sw2373,2373,174,sd,A,119,4,"{C and, } {F um, } [ Butler, + Butler ]  is about an hour north east of Pittsburgh.  /","and/CC ,/, um/UH ,/, Butler/NNP ,/, Butler/NNP is/VBZ about/RB an/DT hour/NN north/JJ east/JJ of/IN Pittsburgh/NNP ./.",,
sw10utt/sw_1091_2373.utt,2/sw2373,2373,175,sv,A,119,5,{C So } that will give you  some idea of where I'm at. /,So/RB that/DT will/MD give/VB you/PRP some/DT idea/NN of/IN where/WRB I/PRP 'm/VBP at/IN ./.,,
sw10utt/sw_1091_2373.utt,2/sw2373,2373,176,b,B,120,1,Okay. /,Okay/UH ./.,,
sw10utt/sw_1091_2373.utt,2/sw2373,2373,177,sd,A,121,1,"{C And } [ I'm about, +","And/CC I/PRP 'm/VBP about/RB ,/,",,
sw10utt/sw_1091_2373.utt,2/sw2373,2373,178,b,B,122,1,"Okay,  /","Okay/UH ,/,",,
sw10utt/sw_1091_2373.utt,2/sw2373,2373,179,cc,B,122,2,I'll look at my map later. /,I/PRP 'll/MD look/VB at/IN my/PRP$ map/NN later/RB ./.,,
sw10utt/sw_1091_2373.utt,2/sw2373,2373,180,+,A,123,1,I'm about ] two hours north east of Pittsburgh. /,I/PRP 'm/VBP about/RB two/CD hours/NNS north/JJ east/JJ of/IN Pittsburgh/NNP ./.,,
sw10utt/sw_1091_2373.utt,2/sw2373,2373,181,ba,B,124,1,Wow.  /,Wow/UH ./.,,
sw10utt/sw_1091_2373.utt,2/sw2373,2373,182,ba,B,124,2,How neat. /,How/WRB neat/JJ ./.,,
sw10utt/sw_1091_2373.utt,2/sw2373,2373,183,sd,A,125,1,"{C And, } {F uh, } {E I mean } just [ this, + this ]  little town here is basically a college town.  /","And/CC ,/, uh/UH ,/, I/PRP mean/VBP just/RB this/DT ,/, this/DT little/JJ town/NN here/RB is/VBZ basically/RB a/DT college/NN town/NN ./.",,
sw10utt/sw_1091_2373.utt,2/sw2373,2373,184,sd,A,125,2,"[ The college, + without the college ]  here, this town would be nothing.  /","The/DT college/NN ,/, without/IN the/DT college/NN here/RB ,/, this/DT town/NN would/MD be/VB nothing/NN ./.",,
sw10utt/sw_1091_2373.utt,2/sw2373,2373,185,sd,A,125,3,It would be absolutely dead.  /,It/PRP would/MD be/VB absolutely/RB dead/JJ ./.,,
sw10utt/sw_1091_2373.utt,2/sw2373,2373,186,sd,A,125,4,{C Because } it's completely  made up of fast food restaurants  /,Because/IN it/PRP 's/BES completely/RB made/VBN up/RP of/IN fast/JJ food/NN restaurants/NNS,,
sw10utt/sw_1091_2373.utt,2/sw2373,2373,187,sd,A,125,5,"[ {C and, } + {C and } ]  in the summer when we co-, {F uh, } - /","and/CC ,/, and/CC in/IN the/DT summer/NN when/WRB we/PRP co-/XX ,/, uh/UH ,/,",,
sw10utt/sw_1091_2373.utt,2/sw2373,2373,188,sd@,A,125,6,"my fianc3ee's family lives up there, *[[typo]] /","my/PRP$ fianc3ee/CD 's/POS family/NN lives/VBZ up/IN there/RB ,/,",,
sw10utt/sw_1091_2373.utt,2/sw2373,2373,189,sd,A,125,7,"we come up here in the summer,  /","we/PRP come/VBP up/IN here/RB in/IN the/DT summer/NN ,/,",,
sw10utt/sw_1091_2373.utt,2/sw2373,2373,190,%,A,125,8,"{C and } it's, - /","and/CC it/PRP 's/BES ,/,",,
sw10utt/sw_1091_2373.utt,2/sw2373,2373,191,sd,A,125,9,"{E I mean, } there's just no one around. /","I/PRP mean/VBP ,/, there/EX 's/BES just/RB no/DT one/NN around/IN ./.",,
sw10utt/sw_1091_2373.utt,2/sw2373,2373,192,qy,B,126,1,{C So } are you working your way through college? /,So/RB are/VBP you/PRP working/VBG your/PRP$ way/NN through/IN college/NN ?/.,,
sw10utt/sw_1091_2373.utt,2/sw2373,2373,193,sd,A,127,1,"{F Um, } {D well, } I go home in the summer  /","Um/UH ,/, well/UH ,/, I/PRP go/VBP home/NN in/IN the/DT summer/NN",,
sw10utt/sw_1091_2373.utt,2/sw2373,2373,194,sd,A,127,2,{C and } I work in the summer  /,and/CC I/PRP work/VBP in/IN the/DT summer/NN,,
sw10utt/sw_1091_2373.utt,2/sw2373,2373,195,sd,A,127,3,"{C and } between what I make in the summer and student loans,  that's how I go to college. /","and/CC between/IN what/WP I/PRP make/VBP in/IN the/DT summer/NN and/CC student/NN loans/NNS ,/, that/DT 's/BES how/WRB I/PRP go/VBP to/IN college/NN ./.",,
sw10utt/sw_1091_2373.utt,2/sw2373,2373,196,ba,B,128,1,"{D Well, } how neat.  /","Well/UH ,/, how/WRB neat/JJ ./.",,
sw10utt/sw_1091_2373.utt,2/sw2373,2373,197,qw,B,128,2,What's your major? /,What/WP 's/BES your/PRP$ major/NN ?/.,,
sw10utt/sw_1091_2373.utt,2/sw2373,2373,198,sd,A,129,1,Finance. /,Finance/NNP ./.,,
sw10utt/sw_1091_2373.utt,2/sw2373,2373,199,b^m,B,130,1,Finance. /,Finance/NNP ./.,,
sw10utt/sw_1091_2373.utt,2/sw2373,2373,200,b,A,131,1,Uh-huh. /,Uh-huh/UH ./.,,
sw10utt/sw_1091_2373.utt,2/sw2373,2373,201,ba,B,132,1,"{D Well, } that's interesting. /","Well/UH ,/, that/DT 's/BES interesting/JJ ./.",,
sw10utt/sw_1091_2373.utt,2/sw2373,2373,202,b,A,133,1,Uh-huh. /,Uh-huh/UH ./.,,
sw10utt/sw_1091_2373.utt,2/sw2373,2373,203,qw,B,134,1,"{D So, } {F uh, } what do you plan to do with it? /","So/UH ,/, uh/UH ,/, what/WP do/VBP you/PRP plan/VB to/TO do/VB with/IN it/PRP ?/.",,
sw10utt/sw_1091_2373.utt,2/sw2373,2373,204,sd,A,135,1,"{F Um, } {D well, } like I said my fianc3ee, - *[[typo]]/","Um/UH ,/, well/UH ,/, like/IN I/PRP said/VBD my/PRP$ fianc3ee/NN ,/,",,
sw10utt/sw_1091_2373.utt,2/sw2373,2373,205,qy^d,B,136,1,"Savings and loans, {F uh, } /","Savings/NNS and/CC loans/NNS ,/, uh/UH ,/,",,
sw10utt/sw_1091_2373.utt,2/sw2373,2373,206,nn,A,137,1,No <laughter>.  /,No/UH ./.,,
sw10utt/sw_1091_2373.utt,2/sw2373,2373,207,nn^r,A,137,2,"No,  /","No/UH ,/,",,
sw10utt/sw_1091_2373.utt,2/sw2373,2373,208,nn^r,A,137,3,"no,  /","no/UH ,/,",,
sw10utt/sw_1091_2373.utt,2/sw2373,2373,209,nn^r,A,137,4,"no,  /","no/UH ,/,",,
sw10utt/sw_1091_2373.utt,2/sw2373,2373,210,sd@,A,137,5,"{F um, } my fianc3ee  works down in D C  *[[typo]]/","um/UH ,/, my/PRP$ fianc3ee/NN works/VBZ down/IN in/IN D/NNP C/NNP",,
sw10utt/sw_1091_2373.utt,2/sw2373,2373,211,sd,A,137,6,"{C and } I'd actually like to work for a company rather than a  bank or [ a, + ] something.   /","and/CC I/PRP 'd/MD actually/RB like/VB to/TO work/VB for/IN a/DT company/NN rather/IN than/IN a/DT bank/NN or/CC a/DT ,/, something/NN ./.",,
sw10utt/sw_1091_2373.utt,2/sw2373,2373,212,sd,A,137,7,"I'd rather work for a company and, {F um, } {D like } be  their financial advisor or  something. /","I/PRP 'd/MD rather/RB work/VB for/IN a/DT company/NN and/CC ,/, um/UH ,/, like/UH be/VB their/PRP$ financial/JJ advisor/NN or/CC something/NN ./.",,
sw10utt/sw_1091_2373.utt,2/sw2373,2373,213,ba,B,138,1,"{F Oh, } that would be great.  /","Oh/UH ,/, that/DT would/MD be/VB great/JJ ./.",,
sw10utt/sw_1091_2373.utt,2/sw2373,2373,214,ba,B,138,2,That would be neat <breathing>.  /,That/DT would/MD be/VB neat/JJ ./.,,
sw10utt/sw_1091_2373.utt,2/sw2373,2373,215,sd,B,138,3,"Let's see, {F uh, }  {D so } we're all excited in Colorado Springs. /","Let/VB 's/PRP see/VB ,/, uh/UH ,/, so/RB we/PRP 're/VBP all/DT excited/JJ in/IN Colorado/NNP Springs/NNPS ./.",,
sw10utt/sw_1091_2373.utt,2/sw2373,2373,216,b,A,139,1,Uh-huh. /,Uh-huh/UH ./.,,
sw10utt/sw_1091_2373.utt,2/sw2373,2373,217,sd,B,140,1,Apple Computer is coming to town. /,Apple/NNP Computer/NNP is/VBZ coming/VBG to/IN town/NN ./.,,
sw10utt/sw_1091_2373.utt,2/sw2373,2373,218,b,A,141,1,"{F Oh, } really. /","Oh/UH ,/, really/UH ./.",,
sw10utt/sw_1091_2373.utt,2/sw2373,2373,219,ny,B,142,1,Yes.  /,Yes/UH ./.,,
sw10utt/sw_1091_2373.utt,2/sw2373,2373,220,sd,B,142,2,"The, {F uh, } new employer is in the city. /","The/DT ,/, uh/UH ,/, new/JJ employer/NN is/VBZ in/IN the/DT city/NN ./.",,
sw10utt/sw_1091_2373.utt,2/sw2373,2373,221,b,A,143,1,Uh-huh. /,Uh-huh/UH ./.,,
sw10utt/sw_1091_2373.utt,2/sw2373,2373,222,sd,B,144,1,"{C So } we're expecting our local economy to <breathing>,","So/RB we/PRP 're/VBP expecting/VBG our/PRP$ local/JJ economy/NN to/TO ,/,",,
sw10utt/sw_1091_2373.utt,2/sw2373,2373,223,^2,A,145,1,Take a boom a little bit. /,Take/VB a/DT boom/NN a/DT little/JJ bit/NN ./.,,
sw10utt/sw_1091_2373.utt,2/sw2373,2373,224,+,B,146,1,"{D Well, } maybe not a boom,  but, {F uh, }  at least, recover to where we can all hold regular forty hour jobs still. /","Well/UH ,/, maybe/RB not/RB a/DT boom/NN ,/, but/CC ,/, uh/UH ,/, at/IN least/JJS ,/, recover/VB to/IN where/WRB we/PRP can/MD all/DT hold/VB regular/JJ forty/CD hour/NN jobs/NNS still/RB ./.",,
sw10utt/sw_1091_2373.utt,2/sw2373,2373,225,qw,A,147,1,"{D Well, } {D well } what would be the unemployment rate  out there? /","Well/UH ,/, well/UH what/WP would/MD be/VB the/DT unemployment/NN rate/NN out/IN there/RB ?/.",,
sw10utt/sw_1091_2373.utt,2/sw2373,2373,226,sd,B,148,1,"{F Uh, } unemployment runs approximately six percent. /","Uh/UH ,/, unemployment/NN runs/VBZ approximately/RB six/CD percent/NN ./.",,
sw10utt/sw_1091_2373.utt,2/sw2373,2373,227,sd,A,149,1,{D See } that's what it is here too. /,See/UH that/DT 's/BES what/WP it/PRP is/VBZ here/RB too/RB ./.,,
sw10utt/sw_1091_2373.utt,2/sw2373,2373,228,sd,B,150,1,"{C But, } now under employment I would  suspect to run closer to eighteen or  twenty percent. /","But/CC ,/, now/RB under/GW employment/^NN I/PRP would/MD suspect/VB to/TO run/VB closer/RBR to/IN eighteen/CD or/CC twenty/CD percent/NN ./.",,
sw10utt/sw_1091_2373.utt,2/sw2373,2373,229,b,A,151,1,Uh-huh. /,Uh-huh/UH ./.,,
sw10utt/sw_1091_2373.utt,2/sw2373,2373,230,sd,B,152,1,{C And } the problem is that there are no  good permanent full time jobs for people without a technical four year degree. /,And/CC the/DT problem/NN is/VBZ that/IN there/EX are/VBP no/DT good/JJ permanent/JJ full/JJ time/NN jobs/NNS for/IN people/NNS without/IN a/DT technical/JJ four/CD year/NN degree/NN ./.,,
sw10utt/sw_1091_2373.utt,2/sw2373,2373,231,b,A,153,1,Yeah.  /,Yeah/UH ./.,,
sw10utt/sw_1091_2373.utt,2/sw2373,2373,232,sv,A,153,2,It's even getting hard for the  four year people to find jobs. /,It/PRP 's/BES even/RB getting/VBG hard/JJ for/IN the/DT four/CD year/NN people/NNS to/TO find/VB jobs/NNS ./.,,
sw10utt/sw_1091_2373.utt,2/sw2373,2373,233,aa,B,154,1,Yes.  /,Yes/UH ./.,,
sw10utt/sw_1091_2373.utt,2/sw2373,2373,234,sv,B,154,2,It is. /,It/PRP is/VBZ ./.,,
sw10utt/sw_1091_2373.utt,2/sw2373,2373,235,sd,A,155,1,I know people they are out of school   for two or three years  /,I/PRP know/VBP people/NNS they/PRP are/VBP out/IN of/IN school/NN for/IN two/CD or/CC three/CD years/NNS,,
sw10utt/sw_1091_2373.utt,2/sw2373,2373,236,sd,A,155,2,{C and } they have a  job that has nothing to do ... -/,and/CC they/PRP have/VBP a/DT job/NN that/WDT has/VBZ nothing/NN to/TO do/VB .../:,,
