swda_filename,ptb_basename,conversation_no,transcript_index,act_tag,caller,utterance_index,subutterance_index,text,pos,trees,ptb_treenumbers
sw10utt/sw_1040_3244.utt,3/sw3244,3244,0,sd,B,1,1,"My name's Mary Dell,  /","My/PRP$ name/NN 's/BES Mary/NNP Dell/NNP ,/,",,
sw10utt/sw_1040_3244.utt,3/sw3244,3244,1,sd,B,1,2,"{C and } I live in the Dallas, Texas area where there's a lot of pollution <laughter>. /","and/CC I/PRP live/VBP in/IN the/DT Dallas/NNP ,/, Texas/NNP area/NN where/WRB there/EX 's/BES a/DT lot/NN of/IN pollution/NN ./.",,
sw10utt/sw_1040_3244.utt,3/sw3244,3244,2,b,A,2,1,"<Laughter>  Okay,  /","Okay/UH ,/,",,
sw10utt/sw_1040_3244.utt,3/sw3244,3244,3,sd,A,2,2,{C and } I'm up in Wisconsin -- /,and/CC I/PRP 'm/VBP up/IN in/IN Wisconsin/NNP --/:,,
sw10utt/sw_1040_3244.utt,3/sw3244,3244,4,b,B,3,1,Oh. /,Oh/UH ./.,,
sw10utt/sw_1040_3244.utt,3/sw3244,3244,5,sd,A,4,1,"-- {F uh, } my name is Terry -- /","--/: uh/UH ,/, my/PRP$ name/NN is/VBZ Terry/NNP --/:",,
sw10utt/sw_1040_3244.utt,3/sw3244,3244,6,b,B,5,1,Uh-huh. /,Uh-huh/UH ./.,,
sw10utt/sw_1040_3244.utt,3/sw3244,3244,7,sd,A,6,1,"-- {C and, } {F uh, } in the small town we don't, - /","--/: and/CC ,/, uh/UH ,/, in/IN the/DT small/JJ town/NN we/PRP do/VBP n't/RB ,/,",,
sw10utt/sw_1040_3244.utt,3/sw3244,3244,8,sd,A,6,2,"{C but, } {F uh, } we're not that far from the city where there's tons of pollution. /","but/CC ,/, uh/UH ,/, we/PRP 're/VBP not/RB that/RB far/RB from/IN the/DT city/NN where/WRB there/EX 's/BES tons/NNS of/IN pollution/NN ./.",,
sw10utt/sw_1040_3244.utt,3/sw3244,3244,9,b,B,7,1,Yes. /,Yes/UH ./.,,
sw10utt/sw_1040_3244.utt,3/sw3244,3244,10,b,A,8,1,"Okay,  /","Okay/UH ,/,",,
sw10utt/sw_1040_3244.utt,3/sw3244,3244,11,ad,A,8,2,"I'll go ahead and start recording that, /","I/PRP 'll/MD go/VB ahead/RB and/CC start/VB recording/VBG that/DT ,/,",,
sw10utt/sw_1040_3244.utt,3/sw3244,3244,12,aa,B,9,1,Okay. /,Okay/UH ./.,,
sw10utt/sw_1040_3244.utt,3/sw3244,3244,13,b,A,10,1,"<Beep>  Okay, {F um, }  /","Okay/UH ,/, um/UH ,/,",,
sw10utt/sw_1040_3244.utt,3/sw3244,3244,14,sd,A,10,2,just in particular here in the Twin Cities we have a lot of big corporations  /,just/RB in/IN particular/JJ here/RB in/IN the/DT Twin/NNP Cities/NNPS we/PRP have/VBP a/DT lot/NN of/IN big/JJ corporations/NNS,,
sw10utt/sw_1040_3244.utt,3/sw3244,3244,15,sv,A,10,3,"{C and, } {F um } --","and/CC ,/, um/UH --/:",,
sw10utt/sw_1040_3244.utt,3/sw3244,3244,16,b,B,11,1,Oh. /,Oh/UH ./.,,
sw10utt/sw_1040_3244.utt,3/sw3244,3244,17,+,A,12,1,-- I'm sure there's a lot of pollution.  /,--/: I/PRP 'm/VBP sure/JJ there/EX 's/BES a/DT lot/NN of/IN pollution/NN ./.,,
sw10utt/sw_1040_3244.utt,3/sw3244,3244,18,%,A,12,2,"We, {F uh, } - /","We/PRP ,/, uh/UH ,/,",,
sw10utt/sw_1040_3244.utt,3/sw3244,3244,19,sd,A,12,3,"before moving to Wisconsin lived across from where they were, {F um, } gravel pits --","before/IN moving/VBG to/IN Wisconsin/NNP lived/VBD across/IN from/IN where/WRB they/PRP were/VBD ,/, um/UH ,/, gravel/NN pits/NNS --/:",,
sw10utt/sw_1040_3244.utt,3/sw3244,3244,20,b,B,13,1,Uh-huh. /,Uh-huh/UH ./.,,
sw10utt/sw_1040_3244.utt,3/sw3244,3244,21,+,A,14,1,"-- and also where they were making tar,  /","--/: and/CC also/RB where/WRB they/PRP were/VBD making/VBG tar/NN ,/,",,
sw10utt/sw_1040_3244.utt,3/sw3244,3244,22,sd,A,14,2,{C and so } we [ would + occasionally if the wind was blowing the right direction would ] get the smell of tar  /,and/CC so/RB we/PRP would/MD occasionally/RB if/IN the/DT wind/NN was/VBD blowing/VBG the/DT right/JJ direction/NN would/MD get/VB the/DT smell/NN of/IN tar/NN,,
sw10utt/sw_1040_3244.utt,3/sw3244,3244,23,%,A,14,3,{C and } --,and/CC --/:,,
sw10utt/sw_1040_3244.utt,3/sw3244,3244,24,ba,B,15,1,Ooh. /,Ooh/UH ./.,,
sw10utt/sw_1040_3244.utt,3/sw3244,3244,25,+,A,16,1,"-- it would, {F uh, } - /","--/: it/PRP would/MD ,/, uh/UH ,/,",,
sw10utt/sw_1040_3244.utt,3/sw3244,3244,26,%,A,16,2,"smell the continuous, - /","smell/VB the/DT continuous/JJ ,/,",,
sw10utt/sw_1040_3244.utt,3/sw3244,3244,27,sd,A,16,3,"you knew that you were also breathing that into your lungs,  /","you/PRP knew/VBD that/IN you/PRP were/VBD also/RB breathing/VBG that/DT into/IN your/PRP$ lungs/NNS ,/,",,
sw10utt/sw_1040_3244.utt,3/sw3244,3244,28,sd,A,16,4,[ {C so } + --,so/RB --/:,,
sw10utt/sw_1040_3244.utt,3/sw3244,3244,29,b,B,17,1,Right. /,Right/UH ./.,,
sw10utt/sw_1040_3244.utt,3/sw3244,3244,30,+,A,18,1,"-- {C and } ] it was like miles away,  /","--/: and/CC it/PRP was/VBD like/IN miles/NNS away/RB ,/,",,
sw10utt/sw_1040_3244.utt,3/sw3244,3244,31,sv,A,18,2,{C but } just the idea of having that come across the way it did in the wind --,but/CC just/RB the/DT idea/NN of/IN having/VBG that/DT come/VB across/RB the/DT way/NN it/PRP did/VBD in/IN the/DT wind/NN --/:,,
sw10utt/sw_1040_3244.utt,3/sw3244,3244,32,b,B,19,1,Uh-huh. /,Uh-huh/UH ./.,,
sw10utt/sw_1040_3244.utt,3/sw3244,3244,33,+,A,20,1,"-- kind of made you know that there was a lot of pollution,  /","--/: kind/RB of/RB made/VBD you/PRP know/VBP that/IN there/EX was/VBD a/DT lot/NN of/IN pollution/NN ,/,",,
sw10utt/sw_1040_3244.utt,3/sw3244,3244,34,sd,A,20,2,"{C and } that was just one small corporation that was doing the pollution of that,  /","and/CC that/DT was/VBD just/RB one/CD small/JJ corporation/NN that/WDT was/VBD doing/VBG the/DT pollution/NN of/IN that/DT ,/,",,
sw10utt/sw_1040_3244.utt,3/sw3244,3244,35,sd,A,20,3,{C but } --,but/CC --/:,,
sw10utt/sw_1040_3244.utt,3/sw3244,3244,36,b,B,21,1,Uh-huh. /,Uh-huh/UH ./.,,
sw10utt/sw_1040_3244.utt,3/sw3244,3244,37,+,A,22,1,"-- [ also, + {F um, } where we also ] lived, too, it was very close to a highway,  /","--/: also/RB ,/, um/UH ,/, where/WRB we/PRP also/RB lived/VBD ,/, too/RB ,/, it/PRP was/VBD very/RB close/RB to/IN a/DT highway/NN ,/,",,
sw10utt/sw_1040_3244.utt,3/sw3244,3244,38,sd,A,22,2,"{C so } got a lot of fumes from, {F uh, } trucks --","so/RB got/VBD a/DT lot/NN of/IN fumes/NNS from/IN ,/, uh/UH ,/, trucks/NNS --/:",,
sw10utt/sw_1040_3244.utt,3/sw3244,3244,39,b,B,23,1,Uh-huh. /,Uh-huh/UH ./.,,
sw10utt/sw_1040_3244.utt,3/sw3244,3244,40,+,A,24,1,-- and cars  /,--/: and/CC cars/NNS,,
sw10utt/sw_1040_3244.utt,3/sw3244,3244,41,sd,A,24,2,"{C and } you would literally see the pollution on your furniture,  /","and/CC you/PRP would/MD literally/RB see/VB the/DT pollution/NN on/IN your/PRP$ furniture/NN ,/,",,
sw10utt/sw_1040_3244.utt,3/sw3244,3244,42,sd,A,24,3,"{E I mean, } it was --","I/PRP mean/VBP ,/, it/PRP was/VBD --/:",,
sw10utt/sw_1040_3244.utt,3/sw3244,3244,43,ba,B,25,1,"{F Oh, } gosh, /","Oh/UH ,/, gosh/UH ,/,",,
sw10utt/sw_1040_3244.utt,3/sw3244,3244,44,+,A,26,1,"-- on your tables,  /","--/: on/IN your/PRP$ tables/NNS ,/,",,
sw10utt/sw_1040_3244.utt,3/sw3244,3244,45,sd,A,26,2,"you would dust every day,  /","you/PRP would/MD dust/VB every/DT day/NN ,/,",,
sw10utt/sw_1040_3244.utt,3/sw3244,3244,46,sd,A,26,3,"{C and } it was dirty, {F um, } type of dust,  /","and/CC it/PRP was/VBD dirty/JJ ,/, um/UH ,/, type/NN of/IN dust/NN ,/,",,
sw10utt/sw_1040_3244.utt,3/sw3244,3244,47,sd,A,26,4,"{E I mean, } it wasn't the typical dust that you get way out in the country --","I/PRP mean/VBP ,/, it/PRP was/VBD n't/RB the/DT typical/JJ dust/NN that/WDT you/PRP get/VBP way/RB out/IN in/IN the/DT country/NN --/:",,
sw10utt/sw_1040_3244.utt,3/sw3244,3244,48,b,B,27,1,Uh-huh. /,Uh-huh/UH ./.,,
sw10utt/sw_1040_3244.utt,3/sw3244,3244,49,+,A,28,1,-- {F um } -- /,--/: um/UH --/:,,
sw10utt/sw_1040_3244.utt,3/sw3244,3244,50,b,B,29,1,Uh-huh. /,Uh-huh/UH ./.,,
sw10utt/sw_1040_3244.utt,3/sw3244,3244,51,%,A,30,1,"-- for, - /","--/: for/IN ,/,",,
sw10utt/sw_1040_3244.utt,3/sw3244,3244,52,sd,A,30,2,"I live in a small, {F um, } town now quite a ways from the Twin Cities, about an hour away,  /","I/PRP live/VBP in/IN a/DT small/JJ ,/, um/UH ,/, town/NN now/RB quite/RB a/DT ways/NNS from/IN the/DT Twin/NNP Cities/NNPS ,/, about/RB an/DT hour/NN away/RB ,/,",,
sw10utt/sw_1040_3244.utt,3/sw3244,3244,53,sd,A,30,3,"{C and } I may dust once a week,  /","and/CC I/PRP may/MD dust/VB once/RB a/DT week/NN ,/,",,
sw10utt/sw_1040_3244.utt,3/sw3244,3244,54,sd,A,30,4,{C and } that's all it needs versus every day when I lived in the city -- /,and/CC that/DT 's/BES all/DT it/PRP needs/VBZ versus/IN every/DT day/NN when/WRB I/PRP lived/VBD in/IN the/DT city/NN --/:,,
sw10utt/sw_1040_3244.utt,3/sw3244,3244,55,sd,B,31,1,{F Huh } --,Huh/UH --/:,,
sw10utt/sw_1040_3244.utt,3/sw3244,3244,56,%,A,32,1,-- {C so. } -/,--/: so/RB ./.,,
sw10utt/sw_1040_3244.utt,3/sw3244,3244,57,+,B,33,1,"-- I'd never thought about that being a cause,  /","--/: I/PRP 'd/VBD never/RB thought/VBN about/IN that/DT being/VBG a/DT cause/NN ,/,",,
sw10utt/sw_1040_3244.utt,3/sw3244,3244,58,sd,B,33,2,I have to dust a lot as well. /,I/PRP have/VBP to/TO dust/VB a/DT lot/NN as/IN well/RB ./.,,
sw10utt/sw_1040_3244.utt,3/sw3244,3244,59,b,A,34,1,"{F Oh, } yeah,  /","Oh/UH ,/, yeah/UH ,/,",,
sw10utt/sw_1040_3244.utt,3/sw3244,3244,60,sd,A,34,2,"[ it, + it ] comes right on [ through + --","it/PRP ,/, it/PRP comes/VBZ right/RB on/IN through/IN --/:",,
sw10utt/sw_1040_3244.utt,3/sw3244,3244,61,b,B,35,1,Yeah. /,Yeah/UH ./.,,
sw10utt/sw_1040_3244.utt,3/sw3244,3244,62,+,A,36,1,"-- through ] the screens,  /","--/: through/IN the/DT screens/NNS ,/,",,
sw10utt/sw_1040_3244.utt,3/sw3244,3244,63,sv,A,36,2,"the only way that you could actually live [ in the, + in the ] city is to close your windows and have an air cleaner system right in your home --","the/DT only/JJ way/NN that/WDT you/PRP could/MD actually/RB live/VB in/IN the/DT ,/, in/IN the/DT city/NN is/VBZ to/TO close/VB your/PRP$ windows/NNS and/CC have/VB an/DT air/NN cleaner/NN system/NN right/RB in/IN your/PRP$ home/NN --/:",,
sw10utt/sw_1040_3244.utt,3/sw3244,3244,64,b,B,37,1,Uh-huh. /,Uh-huh/UH ./.,,
sw10utt/sw_1040_3244.utt,3/sw3244,3244,65,+,A,38,1,-- that would take the air from the outside and clean the air before it would get into the house -- /,--/: that/WDT would/MD take/VB the/DT air/NN from/IN the/DT outside/NN and/CC clean/VB the/DT air/NN before/IN it/PRP would/MD get/VB into/IN the/DT house/NN --/:,,
sw10utt/sw_1040_3244.utt,3/sw3244,3244,66,ba,B,39,1,My goodness. /,My/PRP$ goodness/NN ./.,,
sw10utt/sw_1040_3244.utt,3/sw3244,3244,67,sv,A,40,1,-- {C and so } it was quite a dirty city.  /,--/: and/CC so/RB it/PRP was/VBD quite/RB a/DT dirty/JJ city/NN ./.,,
sw10utt/sw_1040_3244.utt,3/sw3244,3244,68,sv,A,40,2,"{F Um, } if you were well protected by trees, which catch a lot of the pollution --","Um/UH ,/, if/IN you/PRP were/VBD well/RB protected/JJ by/IN trees/NNS ,/, which/WDT catch/VBP a/DT lot/NN of/IN the/DT pollution/NN --/:",,
sw10utt/sw_1040_3244.utt,3/sw3244,3244,69,b,B,41,1,Uh-huh. /,Uh-huh/UH ./.,,
sw10utt/sw_1040_3244.utt,3/sw3244,3244,70,+,A,42,1,"-- then you're fine,  /","--/: then/RB you/PRP 're/VBP fine/JJ ,/,",,
sw10utt/sw_1040_3244.utt,3/sw3244,3244,71,sv,A,42,2,"{C but } most of the time in the city you have lots of high rises, you have lots of other things that are not catching the pollution  /","but/CC most/JJS of/IN the/DT time/NN in/IN the/DT city/NN you/PRP have/VBP lots/NNS of/IN high/JJ rises/NNS ,/, you/PRP have/VBP lots/NNS of/IN other/JJ things/NNS that/WDT are/VBP not/RB catching/VBG the/DT pollution/NN",,
sw10utt/sw_1040_3244.utt,3/sw3244,3244,72,sv,A,42,3,{C and } it's just going --,and/CC it/PRP 's/BES just/RB going/VBG --/:,,
sw10utt/sw_1040_3244.utt,3/sw3244,3244,73,b,B,43,1,Uh-huh. /,Uh-huh/UH ./.,,
sw10utt/sw_1040_3244.utt,3/sw3244,3244,74,+,A,44,1,"-- for miles and miles and miles,  /","--/: for/IN miles/NNS and/CC miles/NNS and/CC miles/NNS ,/,",,
sw10utt/sw_1040_3244.utt,3/sw3244,3244,75,sv,A,44,2,"{C and } it's landing somewhere with the wind,  /","and/CC it/PRP 's/BES landing/VBG somewhere/RB with/IN the/DT wind/NN ,/,",,
sw10utt/sw_1040_3244.utt,3/sw3244,3244,76,%,A,44,3,"{C but, } -/","but/CC ,/,",,
sw10utt/sw_1040_3244.utt,3/sw3244,3244,77,sv,B,45,1,That's kind of the way Dallas is.  /,That/DT 's/BES kind/RB of/RB the/DT way/NN Dallas/NNP is/VBZ ./.,,
sw10utt/sw_1040_3244.utt,3/sw3244,3244,78,sv,B,45,2,"We're so flat and open,  /","We/PRP 're/VBP so/RB flat/JJ and/CC open/JJ ,/,",,
sw10utt/sw_1040_3244.utt,3/sw3244,3244,79,sd,B,45,3,"{C and } I live in a suburb that doesn't have much vegetation, trees -- /","and/CC I/PRP live/VBP in/IN a/DT suburb/NN that/WDT does/VBZ n't/RB have/VB much/JJ vegetation/NN ,/, trees/NNS --/:",,
sw10utt/sw_1040_3244.utt,3/sw3244,3244,80,b,A,46,1,Sure. /,Sure/UH ./.,,
sw10utt/sw_1040_3244.utt,3/sw3244,3244,81,sd,B,47,1,"-- it was all cotton fields,  /","--/: it/PRP was/VBD all/DT cotton/NN fields/NNS ,/,",,
sw10utt/sw_1040_3244.utt,3/sw3244,3244,82,sv,B,47,2,{C so } --,so/RB --/:,,
sw10utt/sw_1040_3244.utt,3/sw3244,3244,83,b,A,48,1,Sure. /,Sure/UH ./.,,
sw10utt/sw_1040_3244.utt,3/sw3244,3244,84,+,B,49,1,"-- we don't have that advantage,  /","--/: we/PRP do/VBP n't/RB have/VB that/DT advantage/NN ,/,",,
sw10utt/sw_1040_3244.utt,3/sw3244,3244,85,sv,B,49,2,"{C and } ours I think is primarily cars, where we don't carpool like we should --","and/CC ours/PRP I/PRP think/VBP is/VBZ primarily/RB cars/NNS ,/, where/WRB we/PRP do/VBP n't/RB carpool/VB like/IN we/PRP should/MD --/:",,
sw10utt/sw_1040_3244.utt,3/sw3244,3244,86,b,A,50,1,"Yeah,  /","Yeah/UH ,/,",,
sw10utt/sw_1040_3244.utt,3/sw3244,3244,87,b^r,A,50,2,yeah. /,yeah/UH ./.,,
sw10utt/sw_1040_3244.utt,3/sw3244,3244,88,+,B,51,1,-- an airport.  /,--/: an/DT airport/NN ./.,,
sw10utt/sw_1040_3244.utt,3/sw3244,3244,89,sd,B,51,2,"I work in a building,  /","I/PRP work/VBP in/IN a/DT building/NN ,/,",,
sw10utt/sw_1040_3244.utt,3/sw3244,3244,90,sd,B,51,3,I'm nineteen floors up -- /,I/PRP 'm/VBP nineteen/CD floors/NNS up/IN --/:,,
sw10utt/sw_1040_3244.utt,3/sw3244,3244,91,b,A,52,1,Uh-huh. /,Uh-huh/UH ./.,,
sw10utt/sw_1040_3244.utt,3/sw3244,3244,92,sd,B,53,1,"-- {C and } I look out toward D F W International,  /","--/: and/CC I/PRP look/VBP out/IN toward/IN D/NNP F/NNP W/NNP International/NNP ,/,",,
sw10utt/sw_1040_3244.utt,3/sw3244,3244,93,sv,B,53,2,{C and } there's just an awful brown haze all the time -- /,and/CC there/EX 's/BES just/RB an/DT awful/JJ brown/JJ haze/NN all/PDT the/DT time/NN --/:,,
sw10utt/sw_1040_3244.utt,3/sw3244,3244,94,b,A,54,1,Uh-huh. /,Uh-huh/UH ./.,,
sw10utt/sw_1040_3244.utt,3/sw3244,3244,95,sv,B,55,1,-- {C and } I can imagine it's even worse for people living over near the airport. /,--/: and/CC I/PRP can/MD imagine/VB it/PRP 's/BES even/RB worse/JJR for/IN people/NNS living/VBG over/IN near/RB the/DT airport/NN ./.,,
sw10utt/sw_1040_3244.utt,3/sw3244,3244,96,b,A,56,1,"{F Oh, } sure,  /","Oh/UH ,/, sure/UH ,/,",,
sw10utt/sw_1040_3244.utt,3/sw3244,3244,97,b^r,A,56,2,"sure,  /","sure/UH ,/,",,
sw10utt/sw_1040_3244.utt,3/sw3244,3244,98,b,A,56,3,yeah.  /,yeah/UH ./.,,
sw10utt/sw_1040_3244.utt,3/sw3244,3244,99,%,A,56,4,"It's, - /","It/PRP 's/BES ,/,",,
sw10utt/sw_1040_3244.utt,3/sw3244,3244,100,sd,A,56,5,"{E I mean, } our air quality, {F um, } in the Twin Cities is a lot better than what we've heard about California  and --","I/PRP mean/VBP ,/, our/PRP$ air/NN quality/NN ,/, um/UH ,/, in/IN the/DT Twin/NNP Cities/NNPS is/VBZ a/DT lot/NN better/JJR than/IN what/WP we/PRP 've/VBP heard/VBN about/IN California/NNP and/CC --/:",,
sw10utt/sw_1040_3244.utt,3/sw3244,3244,101,b,B,57,1,Uh-huh. /,Uh-huh/UH ./.,,
sw10utt/sw_1040_3244.utt,3/sw3244,3244,102,+,A,58,1,"-- maybe in the other areas,  /","--/: maybe/RB in/IN the/DT other/JJ areas/NNS ,/,",,
sw10utt/sw_1040_3244.utt,3/sw3244,3244,103,sv,A,58,2,"{C but, } {F um, } they were always talking about the air quality of today is this, {D you know, } the ozone or whatever,  /","but/CC ,/, um/UH ,/, they/PRP were/VBD always/RB talking/VBG about/IN the/DT air/NN quality/NN of/IN today/NN is/VBZ this/DT ,/, you/PRP know/VBP ,/, the/DT ozone/NN or/CC whatever/WDT ,/,",,
sw10utt/sw_1040_3244.utt,3/sw3244,3244,104,sv,A,58,3,{C and } it's kind of scary because the air is something we take for granted -- /,and/CC it/PRP 's/BES kind/RB of/RB scary/JJ because/IN the/DT air/NN is/VBZ something/NN we/PRP take/VBP for/IN granted/VBN --/:,,
sw10utt/sw_1040_3244.utt,3/sw3244,3244,105,b,B,59,1,Yes. /,Yes/UH ./.,,
sw10utt/sw_1040_3244.utt,3/sw3244,3244,106,sv,A,60,1,"-- {C and } many people are too busy getting to work, not thinking about, Okay, I could have carpooled with a friend,  /","--/: and/CC many/JJ people/NNS are/VBP too/RB busy/JJ getting/VBG to/IN work/NN ,/, not/RB thinking/VBG about/IN ,/, Okay/UH ,/, I/PRP could/MD have/VB carpooled/VBN with/IN a/DT friend/NN ,/,",,
sw10utt/sw_1040_3244.utt,3/sw3244,3244,107,sd,A,60,2,even --,even/RB --/:,,
sw10utt/sw_1040_3244.utt,3/sw3244,3244,108,b,B,61,1,Uh-huh. /,Uh-huh/UH ./.,,
sw10utt/sw_1040_3244.utt,3/sw3244,3244,109,+,A,62,1,"-- my husband was, {F uh, } talking to some of the guys at work,  /","--/: my/PRP$ husband/NN was/VBD ,/, uh/UH ,/, talking/VBG to/IN some/DT of/IN the/DT guys/NNS at/IN work/NN ,/,",,
sw10utt/sw_1040_3244.utt,3/sw3244,3244,110,sd,A,62,2,"{D now } he's, {F uh, } fifteen miles away from work,  /","now/UH he/PRP 's/BES ,/, uh/UH ,/, fifteen/CD miles/NNS away/RB from/IN work/NN ,/,",,
sw10utt/sw_1040_3244.utt,3/sw3244,3244,111,sd,A,62,3,"{C but } he was talking, wouldn't it be nice to carpool,  /","but/CC he/PRP was/VBD talking/VBG ,/, would/MD n't/RB it/PRP be/VB nice/JJ to/TO carpool/VB ,/,",,
sw10utt/sw_1040_3244.utt,3/sw3244,3244,112,sd(^q),A,62,4,"{C and } the guy says, {D Well, } it's too close,  /","and/CC the/DT guy/NN says/VBZ ,/, Well/UH ,/, it/PRP 's/BES too/RB close/RB ,/,",,
sw10utt/sw_1040_3244.utt,3/sw3244,3244,113,^q,A,62,5,it wouldn't pay -- /,it/PRP would/MD n't/RB pay/VB --/:,,
sw10utt/sw_1040_3244.utt,3/sw3244,3244,114,b,B,63,1,Uh-huh. /,Uh-huh/UH ./.,,
sw10utt/sw_1040_3244.utt,3/sw3244,3244,115,%,A,64,1,"-- {C and, so. } -/","--/: and/CC ,/, so/RB ./.",,
sw10utt/sw_1040_3244.utt,3/sw3244,3244,116,sd(^q),B,65,1,Want to meet my own schedule --,Want/VB to/TO meet/VB my/PRP$ own/JJ schedule/NN --/:,,
sw10utt/sw_1040_3244.utt,3/sw3244,3244,117,b,A,66,1,"Yeah,  /","Yeah/UH ,/,",,
sw10utt/sw_1040_3244.utt,3/sw3244,3244,118,%,A,66,2,"{C and, } -/","and/CC ,/,",,
sw10utt/sw_1040_3244.utt,3/sw3244,3244,119,+,B,67,1,"-- those are the arguments we hear, /","--/: those/DT are/VBP the/DT arguments/NNS we/PRP hear/VBP ,/,",,
sw10utt/sw_1040_3244.utt,3/sw3244,3244,120,sd(^q),A,68,1,"[ ex-, + exactly, ] {C and so, } my husband says, {D Well, } that's fine, {D you know, }  /","ex-/XX ,/, exactly/UH ,/, and/CC so/RB ,/, my/PRP$ husband/NN says/VBZ ,/, Well/UH ,/, that/DT 's/BES fine/JJ ,/, you/PRP know/VBP ,/,",,
sw10utt/sw_1040_3244.utt,3/sw3244,3244,121,sv,A,68,2,it would save quite a bit on the wear and tear on cars --,it/PRP would/MD save/VB quite/RB a/DT bit/NN on/IN the/DT wear/NN and/CC tear/NN on/IN cars/NNS --/:,,
sw10utt/sw_1040_3244.utt,3/sw3244,3244,122,b,B,69,1,Uh-huh. /,Uh-huh/UH ./.,,
sw10utt/sw_1040_3244.utt,3/sw3244,3244,123,+,A,70,1,"-- and, {D you know, } the gas,  /","--/: and/CC ,/, you/PRP know/VBP ,/, the/DT gas/NN ,/,",,
sw10utt/sw_1040_3244.utt,3/sw3244,3244,124,%,A,70,2,"{C and, } no,  /","and/CC ,/, no/DT ,/,",,
sw10utt/sw_1040_3244.utt,3/sw3244,3244,125,sv,A,70,3,everybody has their preference to drive by themselves  /,everybody/NN has/VBZ their/PRP$ preference/NN to/TO drive/VB by/IN themselves/PRP,,
sw10utt/sw_1040_3244.utt,3/sw3244,3244,126,sv,A,70,4,"{C or, } if they do, [ they, + they ] drive with one little buddy, {F uh, }  /","or/CC ,/, if/IN they/PRP do/VBP ,/, they/PRP ,/, they/PRP drive/VBP with/IN one/CD little/JJ buddy/NN ,/, uh/UH ,/,",,
sw10utt/sw_1040_3244.utt,3/sw3244,3244,127,sv,A,70,5,at least it's with one person -- /,at/IN least/JJS it/PRP 's/BES with/IN one/CD person/NN --/:,,
sw10utt/sw_1040_3244.utt,3/sw3244,3244,128,b,B,71,1,Uh-huh. /,Uh-huh/UH ./.,,
sw10utt/sw_1040_3244.utt,3/sw3244,3244,129,sv(^q),A,72,1,-- {C but } most of the time people are saying forget it.  /,--/: but/CC most/JJS of/IN the/DT time/NN people/NNS are/VBP saying/VBG forget/VB it/PRP ./.,,
sw10utt/sw_1040_3244.utt,3/sw3244,3244,130,^q,A,72,2,"I don't want to carpool,  /","I/PRP do/VBP n't/RB want/VB to/TO carpool/VB ,/,",,
sw10utt/sw_1040_3244.utt,3/sw3244,3244,131,^q,A,72,3,"it's too much of a hassle,  /","it/PRP 's/BES too/RB much/NN of/IN a/DT hassle/NN ,/,",,
sw10utt/sw_1040_3244.utt,3/sw3244,3244,132,^q,A,72,4,it's too much involvement -- /,it/PRP 's/BES too/RB much/JJ involvement/NN --/:,,
sw10utt/sw_1040_3244.utt,3/sw3244,3244,133,sv,B,73,1,{C But } we're --,But/CC we/PRP 're/VBP --/:,,
sw10utt/sw_1040_3244.utt,3/sw3244,3244,134,%,A,74,1,"-- {C but } yet, -/","--/: but/CC yet/RB ,/,",,
sw10utt/sw_1040_3244.utt,3/sw3244,3244,135,+,B,75,1,-- paying for it. /,--/: paying/VBG for/IN it/PRP ./.,,
sw10utt/sw_1040_3244.utt,3/sw3244,3244,136,aa,A,76,1,"Yes,  /","Yes/UH ,/,",,
sw10utt/sw_1040_3244.utt,3/sw3244,3244,137,sv,A,76,2,"we are,  /","we/PRP are/VBP ,/,",,
sw10utt/sw_1040_3244.utt,3/sw3244,3244,138,sd,A,76,3,{C and } I think of my daughter  /,and/CC I/PRP think/VBP of/IN my/PRP$ daughter/NN,,
sw10utt/sw_1040_3244.utt,3/sw3244,3244,139,sv,A,76,4,"{C and } I'm sure you think of your children,  /","and/CC I/PRP 'm/VBP sure/JJ you/PRP think/VBP of/IN your/PRP$ children/NNS ,/,",,
sw10utt/sw_1040_3244.utt,3/sw3244,3244,140,sv,A,76,5,"{C and } you kind of say to yourself, what kind of future will they have when they think back and say, {D well, } my parents did have the choice to kind of make a difference -- /","and/CC you/PRP kind/RB of/RB say/VBP to/IN yourself/PRP ,/, what/WP kind/NN of/IN future/NN will/MD they/PRP have/VB when/WRB they/PRP think/VBP back/RB and/CC say/VBP ,/, well/UH ,/, my/PRP$ parents/NNS did/VBD have/VBP the/DT choice/NN to/TO kind/RB of/RB make/NN a/DT difference/NN --/:",,
sw10utt/sw_1040_3244.utt,3/sw3244,3244,141,b,B,77,1,Uh-huh. /,Uh-huh/UH ./.,,
sw10utt/sw_1040_3244.utt,3/sw3244,3244,142,sv,A,78,1,"-- {C and } maybe people are trying,  /","--/: and/CC maybe/RB people/NNS are/VBP trying/VBG ,/,",,
sw10utt/sw_1040_3244.utt,3/sw3244,3244,143,sv,A,78,2,"{C but } they have to change attitudes, /","but/CC they/PRP have/VBP to/TO change/VB attitudes/NNS ,/,",,
sw10utt/sw_1040_3244.utt,3/sw3244,3244,144,sv,B,79,1,{C And } it seems to me that it's already so evident with our children having a lot more respiratory infections --,And/CC it/PRP seems/VBZ to/IN me/PRP that/IN it/PRP 's/BES already/RB so/RB evident/JJ with/IN our/PRP$ children/NNS having/VBG a/DT lot/NN more/JJR respiratory/JJ infections/NNS --/:,,
sw10utt/sw_1040_3244.utt,3/sw3244,3244,145,b,A,80,1,Uh-huh. /,Uh-huh/UH ./.,,
sw10utt/sw_1040_3244.utt,3/sw3244,3244,146,+,B,81,1,-- than we had growing up --,--/: than/IN we/PRP had/VBD growing/VBG up/RP --/:,,
sw10utt/sw_1040_3244.utt,3/sw3244,3244,147,b,A,82,1,Sure. /,Sure/UH ./.,,
sw10utt/sw_1040_3244.utt,3/sw3244,3244,148,+,B,83,1,-- you can really see it.  /,--/: you/PRP can/MD really/RB see/VB it/PRP ./.,,
sw10utt/sw_1040_3244.utt,3/sw3244,3244,149,sd,B,83,2,"[ I, + I ] had a chance to go to Bolivia a couple years ago,  /","I/PRP ,/, I/PRP had/VBD a/DT chance/NN to/TO go/VB to/IN Bolivia/NNP a/DT couple/NN years/NNS ago/RB ,/,",,
sw10utt/sw_1040_3244.utt,3/sw3244,3244,150,sd,B,83,3,"{C and } of course there's no industry, very little trash,  /","and/CC of/IN course/NN there/EX 's/BES no/DT industry/NN ,/, very/RB little/JJ trash/NN ,/,",,
sw10utt/sw_1040_3244.utt,3/sw3244,3244,151,sv,B,83,4,[ they -- +,they/PRP --/:,,
sw10utt/sw_1040_3244.utt,3/sw3244,3244,152,b,A,84,1,Sure. /,Sure/UH ./.,,
sw10utt/sw_1040_3244.utt,3/sw3244,3244,153,+,B,85,1,"-- they ] don't even have that much that they burn, because --","--/: they/PRP do/VBP n't/RB even/RB have/VB that/RB much/JJ that/WDT they/PRP burn/VBP ,/, because/IN --/:",,
sw10utt/sw_1040_3244.utt,3/sw3244,3244,154,b,A,86,1,Sure. /,Sure/UH ./.,,
sw10utt/sw_1040_3244.utt,3/sw3244,3244,155,+,B,87,1,-- they consume everything down --,--/: they/PRP consume/VBP everything/NN down/RP --/:,,
sw10utt/sw_1040_3244.utt,3/sw3244,3244,156,%,A,88,1,"{D Well, } they, -/","Well/UH ,/, they/PRP ,/,",,
sw10utt/sw_1040_3244.utt,3/sw3244,3244,157,+,B,89,1,"-- to the thread,  /","--/: to/IN the/DT thread/NN ,/,",,
sw10utt/sw_1040_3244.utt,3/sw3244,3244,158,sd,B,89,2,"{C and } it amazed me,  /","and/CC it/PRP amazed/VBD me/PRP ,/,",,
sw10utt/sw_1040_3244.utt,3/sw3244,3244,159,sd,B,89,3,"[ I, + I ] just had totally forgotten how ... -/","I/PRP ,/, I/PRP just/RB had/VBD totally/RB forgotten/VBN how/WRB .../:",,
